<?xml version="1.0" encoding="utf-8"?>
<COLLADA xmlns="http://www.collada.org/2005/11/COLLADASchema" version="1.4.1" xmlns:xsi="http://www.w3.org/2001/XMLSchema-instance">
  <asset>
    <contributor>
      <author>Blockbench user</author>
      <authoring_tool>Blockbench</authoring_tool>
    </contributor>
    <created>2026-02-19T04:42:45.362Z</created>
    <modified>2026-02-19T04:42:45.369Z</modified>
    <unit name="meter" meter="1.0"/>
    <up_axis>Y_UP</up_axis>
  </asset>
  <library_effects>
  </library_effects>
  <library_images>
  </library_images>
  <library_materials>
  </library_materials>
  <library_geometries>
    <geometry id="ArchersArm-mesh" name="ArchersArm">
      <mesh>
        <source id="ArchersArm-mesh-positions">
          <float_array id="ArchersArm-mesh-positions-array" count="1128">-0.016138 -0.384155 -0.445374 -0.012908 -0.41037 -0.472931 -0.02421 -0.415985 -0.433502 0.02664 -0.391388 -0.477905 0.051292 -0.422333 -0.447083 0.095383 -0.421326 -0.432617 0.024855 -0.433746 -0.420654 0.095558 -0.403168 -0.47818 0.056282 -0.438354 -0.382507 0.072166 -0.369171 -0.469604 0.108971 -0.375427 -0.444702 0.056812 -0.304321 -0.358856 -0.030704 -0.419525 -0.38446 -0.007738 -0.324615 -0.352692 0.016285 -0.339111 -0.339111 0.095268 -0.341461 -0.326019 0.053383 -0.312042 -0.338654 -0.025421 -0.387268 -0.311035 -0.016314 -0.440491 -0.344879 0.002931 -0.431671 -0.276062 0.053295 -0.441559 -0.341888 0.029295 -0.46051 -0.298706 0.10611 -0.438354 -0.326691 0.087502 -0.455536 -0.281799 0.121719 -0.43985 -0.374451 0.158325 -0.445862 -0.338837 0.125 -0.419556 -0.269287 0.1492 -0.379944 -0.288513 0.171417 -0.465393 -0.396912 0.164551 -0.411804 -0.361298 0.114075 -0.325409 -0.339142 0.153305 -0.431396 -0.429871 0.136887 -0.409637 -0.424194 0.138062 -0.385529 -0.439056 -0.008316 -0.378815 -0.312805 0.019674 -0.293701 -0.296204 -0.017897 -0.339264 -0.283386 -0.018963 -0.362183 -0.249039 0.032433 -0.419434 -0.279449 0.025524 -0.427429 -0.269409 -0.001671 -0.389069 -0.226883 0.052437 -0.403687 -0.208908 0.058067 -0.368317 -0.201523 0.073784 -0.432098 -0.255615 0.095337 -0.390839 -0.199783 0.098946 -0.408417 -0.260315 0.111626 -0.407898 -0.277618 0.063576 -0.449066 -0.258057 -0.02846 -0.322388 -0.301453 0.021736 -0.271881 -0.303925 -0.016521 -0.273193 -0.282623 -0.014717 -0.415894 -0.24437 -0.024857 -0.204575 -0.200134 -0.046658 -0.285522 -0.264587 -0.047146 -0.336243 -0.272766 -0.062424 -0.314484 -0.247391 -0.056854 -0.344604 -0.247513 -0.04565 -0.374512 -0.273407 -0.059258 -0.355164 -0.192688 -0.041519 -0.379974 -0.179581 0.001035 -0.426819 -0.209564 -0.054935 -0.382477 -0.156815 0.026524 -0.426208 -0.1931 0.020115 -0.383667 -0.122955 0.088455 -0.384827 -0.164871 0.080597 -0.41095 -0.184052 0.010466 -0.410553 -0.216705 0.080971 -0.374329 -0.183533 0.116592 -0.332153 -0.321228 0.080757 -0.29303 -0.285126 0.107597 -0.319824 -0.23732 0.128082 -0.351135 -0.300049 0.125778 -0.325806 -0.258698 0.119781 -0.326569 -0.235809 0.108124 -0.376038 -0.215286 0.154251 -0.363251 -0.240448 0.114655 -0.396027 -0.230316 0.14502 -0.374908 -0.273682 0.091705 -0.282928 -0.252228 0.026432 -0.280182 -0.277618 0.074684 -0.305573 -0.22641 0.078506 -0.273224 -0.243423 0.106888 -0.31781 -0.197037 0.134415 -0.293701 -0.21405 0.080498 -0.255432 -0.277008 0.094826 -0.254669 -0.227859 0.11618 -0.276672 -0.186157 0.092941 -0.240723 -0.220093 0.0522 -0.228897 -0.255066 0.104691 -0.335968 -0.206726 -0.09626 -0.222977 -0.15062 -0.042828 -0.174454 -0.158234 -0.095596 -0.278381 -0.168365 -0.100197 -0.301788 -0.135986 -0.112358 -0.268585 -0.133301 -0.08123 -0.217697 -0.136902 -0.066238 -0.253876 -0.13092 -0.076645 -0.279419 -0.112831 -0.09446 -0.22525 -0.081291 -0.069351 -0.323395 -0.153488 -0.085144 -0.306702 -0.087593 -0.062721 -0.295227 -0.059811 -0.073082 -0.363983 -0.160461 -0.054523 -0.365631 -0.113808 -0.050385 -0.321045 -0.054241 -0.00895 -0.304779 -0.047409 -0.008955 -0.385651 -0.110565 0.005558 -0.33963 -0.086655 0.031065 -0.316589 -0.063812 0.033909 -0.382904 -0.09861 0.033432 -0.344788 -0.068649 0.070557 -0.359436 -0.124748 0.089729 -0.3078 -0.129105 0.060867 -0.299255 -0.077644 0.030022 -0.294647 -0.084526 -0.002131 -0.250671 -0.025238 0.051804 -0.275024 -0.106697 0.015439 -0.236237 -0.03273 0.046516 -0.24939 -0.110847 0.044426 -0.215164 -0.080872 0.064796 -0.25354 -0.077065 0.078964 -0.249496 -0.10614 0.070183 -0.219528 -0.085739 0.134506 -0.329437 -0.18576 0.051743 -0.19519 -0.123383 0.032757 -0.17749 -0.122162 -0.045048 -0.194595 -0.138733 -0.091194 -0.1772 -0.066223 -0.121376 -0.135162 0.01493 -0.098152 -0.1063 0.006385 -0.113091 -0.179703 0.046974 -0.063057 -0.098534 0.008542 0.003304 -0.179428 -0.122375 0.011395 -0.156067 -0.025049 -0.096397 -0.225677 -0.006109 -0.07061 -0.24057 0.007383 -0.084297 -0.188416 0.064514 -0.050091 -0.178238 0.076996 -0.019203 -0.237015 0.01726 -0.042038 -0.157852 0.072037 0.007218 -0.195374 -0.017126 -0.026255 -0.10981 0.044693 -0.009262 -0.160904 -0.001378 0.035477 -0.18457 -0.055706 0.023521 -0.210327 -0.071114 -0.136581 -0.16774 0.028843 -0.135437 -0.119278 0.004971 -0.10643 -0.198349 0.074799 -0.04311 -0.184494 0.084763 -0.144073 -0.148972 0.047535 -0.102455 -0.179199 0.106613 -0.140121 -0.097076 0.0578 -0.013812 -0.149185 0.07711 -0.020042 -0.120766 0.086792 -0.058174 -0.160309 0.115601 -0.036266 -0.102814 0.110176 -0.050659 -0.118103 0.130737 -0.122223 -0.137115 0.143906 -0.149246 -0.117554 0.128662 -0.144257 -0.141861 0.071724 -0.157196 -0.083939 0.105232 -0.084892 -0.061668 0.052902 -0.12397 -0.06234 0.074898 -0.128403 -0.08947 0.027891 -0.098793 -0.08815 -0.002645 -0.046257 -0.076385 0.017673 -0.042431 -0.077446 0.068527 -0.076691 -0.191605 0.194122 -0.073387 -0.305969 0.281738 -0.077499 -0.381561 0.316833 -0.078522 -0.206345 0.220825 -0.071289 -0.476227 0.385895 -0.086357 -0.194382 0.203461 -0.086052 -0.318176 0.286072 -0.087631 -0.474152 0.428833 -0.084969 -0.473572 0.392578 -0.086159 -0.502563 0.408417 -0.071457 -0.476562 0.387939 -0.071312 -0.483459 0.427765 -0.084991 -0.476044 0.391663 -0.066383 -0.456451 0.402252 -0.080589 -0.359497 0.387878 -0.064209 -0.405579 0.405396 -0.093781 -0.442078 0.398499 -0.082565 -0.271423 0.43338 -0.103043 -0.298065 0.411713 -0.074608 -0.219543 0.357483 -0.056786 -0.275452 0.409088 -0.050503 -0.196274 0.375977 -0.068169 -0.18158 0.410706 -0.047192 -0.165146 0.38208 -0.047367 -0.177444 0.335754 -0.079781 -0.195511 0.319672 -0.058823 -0.164078 0.260406 -0.112549 -0.207703 0.356476 -0.103592 -0.181015 0.40509 -0.112411 -0.15976 0.373566 -0.101074 -0.171219 0.302429 -0.079643 -0.175995 0.258118 -0.099701 -0.146057 0.252991 -0.10099 -0.100166 0.233551 -0.081802 -0.012842 0.195343 -0.15889 -0.103874 0.145294 -0.137497 -0.053997 0.112907 -0.122902 -0.105888 0.150513 -0.08873 -0.120712 0.168625 -0.097031 -0.104088 0.17067 -0.079948 -0.12941 0.150558 -0.060181 -0.055771 0.134964 -0.082314 -0.077309 0.1633 -0.044331 -0.030243 0.149597 -0.065445 -0.05595 0.114685 -0.080276 -0.031502 0.109566 -0.040215 0.006885 0.148193 -0.07959 -0.008169 0.116394 -0.072189 0.048679 0.049866 -0.07933 -0.044361 0.093056 -0.149887 -0.075615 0.146072 -0.118492 -0.106781 0.208435 -0.154144 -0.005162 0.170975 -0.119026 -0.014843 0.119194 -0.088112 0.030951 0.143158 -0.084885 0.014198 0.067947 -0.12706 0.024351 0.162628 -0.097458 0.034161 0.179504 -0.096893 0.038944 0.198654 -0.099907 0.06179 0.173019 -0.133408 0.066757 0.242279 -0.158752 0.05904 0.240952 -0.169052 0.023062 0.264984 -0.166092 -0.032482 0.24942 -0.169327 -0.052055 0.289917 -0.162674 -0.023293 0.286499 -0.144348 -0.074638 0.273743 -0.082451 0.139084 -0.011288 -0.080544 0.106186 0.025829 -0.071724 0.182816 -0.029463 -0.041199 0.009462 0.176453 -0.037579 0.050701 0.161896 -0.015338 0.042908 0.194427 -0.010107 0.020121 0.20816 -0.058926 0.011316 0.186783 -0.039642 0.033459 0.219345 -0.015414 0.009376 0.221588 -0.059353 -0.042793 0.229675 -0.05658 0.00477 0.209763 -0.0541 -0.007504 0.230164 -0.035309 -0.037636 0.239197 -0.061596 -0.080215 0.246567 -0.040466 -0.06189 0.298798 -0.030174 -0.02704 0.271973 -0.099976 0.102455 0.143845 -0.070343 0.101059 0.100388 -0.077255 0.058933 0.119728 -0.058121 0.102287 0.159348 -0.07621 0.071373 0.165344 -0.086044 0.224869 -0.055298 -0.078117 0.273651 -0.07811 -0.058697 0.160934 0.118729 -0.095978 0.167145 0.113022 -0.096069 0.150314 0.154175 -0.097206 0.110779 0.174698 -0.064606 0.149338 0.151672 -0.054691 0.215012 0.125458 -0.060162 0.121933 0.185318 -0.057625 0.190353 0.167725 -0.068909 0.158569 0.184601 -0.06472 0.125168 0.202942 -0.099075 0.191376 0.16893 -0.102386 0.16246 0.17868 -0.093102 0.166245 0.18985 -0.081673 0.182922 0.218704 -0.065399 0.148315 0.236099 -0.05526 0.144165 0.207016 -0.057819 0.050362 0.174927 -0.071831 0.294678 -0.100571 -0.084709 0.327942 -0.12645 -0.081284 0.412109 -0.165665 -0.076454 0.388855 -0.16745 -0.11422 0.248062 0.128357 -0.081207 0.242676 0.098251 -0.116074 0.264862 0.109009 -0.108879 0.229675 0.168274 -0.103409 0.29895 0.164108 -0.114319 0.257935 0.160217 -0.083221 0.296539 0.15448 -0.102341 0.338898 0.076035 -0.080826 0.367645 0.07827 -0.058044 0.338226 0.079414 -0.052353 0.283081 0.14032 -0.064026 0.300781 0.164825 -0.098885 0.230469 0.201553 -0.052925 0.22226 0.190155 -0.050861 0.242615 0.162979 -0.065727 0.229523 0.169479 -0.047169 0.263153 0.109352 -0.047436 0.263092 0.132614 -0.080032 0.274872 0.100914 -0.078735 0.350281 0.010233 -0.095039 0.123489 0.201569 -0.104729 0.145096 0.233688 -0.072357 0.488464 -0.219101 -0.088005 0.480164 -0.219833 -0.087479 0.497894 -0.197952 -0.096062 0.412964 -0.102669 -0.094971 0.434937 -0.155685 -0.077797 0.396545 -0.105438 -0.07618 0.450806 -0.192535 -0.058315 0.382538 0.000043 -0.060303 0.411652 -0.091919 -0.078285 0.422302 -0.095764 -0.067368 0.456818 -0.182236 -0.072678 0.491516 -0.177719 -0.084503 0.462555 -0.176971 -0.100388 0.383362 -0.00976 -0.080719 -0.132217 0.152161 -0.08667 -0.122009 0.169861 -0.080925 -0.094292 0.202011 -0.096802 -0.084602 0.257019 -0.09761 -0.0709 0.277924 -0.152252 -0.051193 0.305939 -0.100983 -0.125793 0.299103 -0.109879 -0.128448 0.353607 -0.058819 -0.126053 0.303009 -0.051369 -0.12281 0.347473 -0.06007 -0.092316 0.282959 -0.060909 0.017292 0.2547 -0.108803 0.02569 0.272705 -0.102875 0.031887 0.249634 -0.10054 0.042599 0.237747 -0.075012 0.061588 0.237503 -0.055649 0.03344 0.2444 -0.073486 0.049969 0.250305 -0.062958 0.061295 0.264771 -0.095253 0.061634 0.283997 -0.02289 0.054806 0.273407 -0.021383 0.043865 0.296509 -0.107307 0.03904 0.288177 -0.03838 0.024942 0.294891 -0.110725 0.02577 0.27417 -0.049698 -0.006496 0.316925 -0.067726 -0.022823 0.296143 -0.057037 0.006063 0.208939 -0.055542 0.05484 0.220505 -0.055534 0.033825 0.243362 -0.040009 0.034725 0.220917 -0.094917 -0.100197 0.365417 -0.060638 -0.105598 0.366486 -0.171555 0.007272 0.285126 -0.14946 0.057995 0.27478 -0.059059 0.075363 0.202347 -0.100243 0.085411 0.213364 -0.062405 0.067345 0.228729 -0.061081 0.137344 0.352386 -0.08419 0.083626 0.177719 -0.100403 0.062061 0.171844 -0.101196 0.087425 0.214447 -0.003463 0.055813 0.260834 -0.063499 0.095749 0.213943 -0.064941 0.096306 0.212677 -0.097282 0.111435 0.174515 -0.09565 0.149368 0.15387 -0.069672 0.157928 0.18248 -0.065086 0.148712 0.151703 -0.061855 0.116005 0.359406 -0.042622 0.129303 0.365814 -0.055912 0.121445 0.404907 -0.044994 0.13063 0.421661 -0.05106 0.148895 0.461975 -0.038826 0.161942 0.426941 -0.042671 0.155472 0.386902 -0.048771 0.205154 0.491821 -0.051445 0.188721 0.421387 -0.063057 0.151764 0.389313 -0.058327 0.170731 0.439117 -0.061012 0.130554 0.385162</float_array>
          <technique_common>
            <accessor source="#ArchersArm-mesh-positions-array" count="376" stride="3">
              <param name="X" type="float"/>
              <param name="Y" type="float"/>
              <param name="Z" type="float"/>
            </accessor>
          </technique_common>
        </source>
        <source id="ArchersArm-mesh-normals">
          <float_array id="ArchersArm-mesh-normals-array" count="2229">-0.956073 0.148109 -0.252959 0.432246 -0.901745 -0.004516 -0.391528 0.643334 -0.657896 -0.176214 -0.761568 -0.623669 0.269122 -0.563532 -0.781029 -0.164672 -0.834864 -0.525247 0.117563 -0.949088 -0.292252 -0.158208 -0.91704 -0.366071 0.131802 -0.965358 -0.225195 0.042631 0.271852 -0.961394 -0.28392 0.786642 -0.548256 0.534389 0.533144 -0.655885 0.418203 0.807947 -0.415125 -0.312844 -0.943468 -0.109528 -0.212441 -0.9755 0.057181 -0.972299 0.204045 -0.11402 -0.276705 0.819708 -0.501511 -0.301687 0.803905 -0.512563 -0.105612 0.581037 0.806996 -0.115156 0.588379 0.800343 0.154697 -0.195662 -0.968393 -0.113904 0.572162 0.812192 -0.970539 0.23292 -0.061668 -0.954825 0.291206 -0.059232 -0.93979 -0.282812 0.191863 -0.184528 -0.894676 -0.406822 -0.893664 -0.339505 0.29343 -0.011876 -0.996762 -0.079522 -0.599346 -0.755548 0.264445 0.003145 -0.916336 -0.400398 0.081175 -0.994062 -0.072466 0.150438 -0.933326 -0.325991 0.16532 -0.942015 -0.292021 -0.025669 -0.999408 0.022915 -0.225464 -0.875026 -0.428364 -0.146128 -0.989123 -0.016775 0.503244 -0.700459 0.506066 0.826962 -0.264363 0.496231 0.016454 -0.95054 -0.310166 -0.364489 -0.904364 0.221976 0.974918 -0.03307 0.220094 0.973158 -0.027188 0.228525 0.857747 0.512244 -0.043317 -0.558475 -0.711299 -0.426801 0.93373 0.273292 -0.231214 0.323816 -0.849233 -0.417069 -0.750899 -0.437512 -0.494706 0.31906 -0.880817 -0.349802 0.774839 0.298102 -0.557458 0.435177 0.805305 -0.402623 -0.022957 0.648754 0.760652 -0.016741 -0.524106 -0.851488 0.369241 0.83279 -0.412458 -0.689388 -0.355497 -0.631163 0.845347 0.522467 -0.11143 0.936486 0.265289 -0.22938 -0.237429 0.634472 0.735577 -0.452058 0.630202 -0.63126 -0.745383 0.486387 -0.455886 -0.838837 0.179163 -0.514055 -0.981509 -0.143755 -0.126387 -0.169428 0.518361 0.83821 -0.137177 0.557364 0.818857 -0.82476 -0.565398 0.009762 -0.158116 -0.716535 -0.679394 -0.829974 -0.557086 -0.028249 -0.373581 -0.794886 0.478114 -0.345768 -0.138724 0.928009 -0.209421 -0.874981 0.436521 0.12721 -0.820537 0.557258 0.088352 -0.807953 -0.582586 0.314946 -0.495326 -0.809606 0.142061 -0.987051 0.074499 -0.094758 0.515308 0.85175 -0.110225 0.503005 0.857226 -0.375499 -0.759903 0.530611 0.004695 -0.963595 0.267324 0.43021 -0.661845 0.613905 0.301573 -0.343252 -0.889512 0.402337 -0.539785 -0.739431 -0.453927 0.412475 -0.789819 0.656217 -0.320564 -0.683094 0.992367 0.086122 0.088267 0.794106 0.00995 -0.607698 -0.577337 0.598085 -0.555857 -0.549607 0.138149 -0.823922 -0.852595 0.354036 -0.38437 -0.811911 0.100542 -0.575057 -0.901079 -0.165009 -0.401034 -0.832512 -0.023273 -0.553518 -0.92959 -0.030186 -0.367356 0.129808 -0.502677 -0.854673 -0.956451 -0.27597 -0.095094 -0.813964 -0.580912 0.00202 -0.742194 -0.670155 -0.006335 -0.850597 -0.469003 0.237739 -0.775947 -0.385099 -0.499605 -0.264172 -0.857842 0.440818 0.279565 -0.87264 -0.400428 -0.233722 -0.840682 0.488496 0.301869 -0.802675 0.514381 0.034868 -0.598281 0.800527 0.310903 -0.851886 -0.421461 0.154922 0.934192 -0.321378 0.422116 0.008536 -0.906502 0.727927 0.08916 -0.679833 0.532515 -0.318229 -0.78432 0.435142 -0.17279 -0.883626 0.245822 -0.065372 -0.967108 0.726549 0.686729 -0.023018 0.406543 -0.559655 -0.722156 0.174623 0.976696 -0.124791 0.915838 0.363128 -0.1714 0.464418 0.872688 0.15077 0.086662 0.364265 0.927254 0.403026 0.268059 0.875051 0.72542 0.654879 0.211893 0.521897 -0.397122 0.754929 0.816192 0.43566 -0.379514 0.889473 0.410097 -0.20164 0.648192 -0.756677 0.085368 0.47442 -0.43905 -0.762995 0.520943 -0.440058 -0.731415 0.688288 -0.712801 0.134811 0.325064 -0.921953 0.21056 0.050302 0.596149 0.801296 -0.211433 0.588376 0.780455 -0.112806 0.488789 0.865078 -0.088535 0.509904 0.855663 0.054871 0.931727 -0.35899 0.383161 0.791041 -0.476908 0.045228 0.950645 -0.306966 0.8978 0.236624 -0.371436 0.275238 0.727095 -0.628949 -0.189672 0.796744 0.57378 0.532824 -0.442353 -0.721403 -0.319611 -0.707219 0.630627 0.503554 -0.448008 -0.73873 0.137162 -0.67088 -0.728771 0.575556 -0.736254 -0.355901 -0.074987 -0.879326 -0.47028 0.468202 -0.333753 -0.818166 0.722723 0.6549 -0.220856 0.698426 0.715408 0.01983 0.904771 0.293926 -0.308216 0.656213 0.432874 -0.618065 0.592171 0.784334 -0.184807 0.121681 0.706372 -0.697304 -0.311774 0.80132 -0.510572 -0.220802 0.738723 -0.636816 0.688735 -0.684223 0.239756 0.83497 -0.513134 0.198792 -0.576917 -0.602874 0.551098 0.797402 -0.059957 0.600462 0.990474 0.0582 0.124792 0.810237 0.483086 0.331878 0.203353 0.665715 0.717963 -0.179823 0.403472 0.897148 0.026788 0.120991 0.992292 -0.153263 -0.178535 0.971924 -0.859714 0.185419 -0.475932 -0.553096 0.60501 -0.572754 -0.571092 0.530582 -0.626367 -0.892257 0.127992 -0.433007 -0.931337 -0.219195 -0.290799 -0.878472 0.136156 -0.457983 -0.890833 -0.298587 -0.342436 -0.681771 0.457437 0.570911 -0.938675 -0.172377 -0.298623 -0.091061 0.125608 0.987892 -0.23744 0.623977 0.744497 -0.538512 -0.261998 0.80085 -0.868552 0.00291 -0.495589 -0.522578 -0.843973 0.120916 -0.065998 -0.683255 0.727191 -0.974712 -0.207591 -0.082724 -0.965875 0.070275 -0.249293 -0.739805 0.566396 0.363158 -0.923017 0.146004 -0.35598 -0.955661 0.132985 -0.262731 -0.603594 -0.664402 -0.440731 -0.601264 -0.674455 -0.428477 -0.788133 -0.540514 0.294433 -0.714236 -0.649342 0.261192 -0.720126 -0.200796 0.664153 -0.681438 -0.562426 0.468315 -0.204368 0.112149 0.972449 0.110981 -0.611693 0.783272 -0.363191 -0.733629 0.574353 -0.398638 -0.852631 0.337798 0.027257 -0.995067 -0.095387 0.365187 -0.517285 0.773986 0.546981 -0.515276 0.659774 0.059694 -0.735343 0.675061 -0.703394 -0.57592 0.416597 -0.557187 -0.185603 0.809379 -0.527343 -0.529141 0.66477 0.417421 -0.884401 -0.208795 0.69096 -0.441371 0.572508 0.36113 -0.706753 0.608346 0.811558 -0.257052 0.524688 0.743702 -0.333665 0.579288 0.470638 -0.110647 0.875361 0.822286 -0.262713 0.504804 -0.060125 0.683711 0.727272 0.913925 0.30075 0.272562 -0.03009 0.762974 0.645728 0.718947 0.627449 0.299036 0.796599 -0.2774 0.537102 0.91502 0.241118 0.323421 -0.974367 -0.178925 0.136362 -0.746068 -0.339169 0.573016 -0.251895 -0.727659 0.638014 0.899273 -0.006224 0.437343 0.900231 -0.031838 0.434247 0.758071 -0.113026 0.642303 0.900662 0.391805 -0.187878 0.897181 0.31394 0.310657 0.840972 0.49261 0.223833 0.807377 0.586105 0.067989 0.678941 0.732095 -0.05546 0.467391 0.845378 -0.258614 -0.053861 0.0147 -0.99844 0.777985 -0.506741 0.37142 0.681186 -0.317563 0.659651 0.236043 -0.326885 -0.915112 0.520976 -0.416863 -0.744856 0.484978 -0.430399 -0.761284 0.058807 -0.619523 -0.782772 0.871623 0.30561 0.383244 -0.875043 -0.406145 -0.263337 -0.593102 0.712067 0.375755 -0.390469 0.662233 0.639516 -0.968183 0.132399 -0.212351 -0.488003 0.725886 -0.484708 -0.882212 0.194441 -0.42883 -0.739162 0.445117 -0.50548 -0.674395 0.494942 -0.547927 -0.972423 -0.225013 -0.061346 -0.147485 0.820071 -0.552931 -0.074232 0.83109 -0.551161 -0.418338 0.655187 0.629066 0.523584 0.817542 -0.23976 -0.948963 -0.314295 -0.026234 -0.954057 -0.29847 -0.026276 -0.870035 -0.485844 0.083631 -0.606604 -0.68539 0.402831 -0.611751 -0.647304 0.454707 -0.517171 -0.690177 0.506152 -0.271008 -0.762063 0.58806 -0.024244 -0.741212 0.670833 0.182547 -0.530881 0.827552 -0.079705 -0.730833 0.677887 -0.078475 -0.735361 0.673116 0.795226 -0.17276 0.581179 0.914146 0.302313 0.270081 0.929241 0.012534 0.369261 0.625484 -0.420115 0.657475 0.873456 -0.010163 0.486797 0.626798 -0.423495 0.654046 0.749944 -0.287689 0.595667 0.816273 0.512249 -0.267021 0.758032 -0.058246 0.649611 0.604696 0.76159 -0.233073 0.916959 0.357074 0.178 0.466316 -0.603417 0.646867 0.916307 0.359122 0.177236 0.930862 0.049015 0.362068 0.199122 -0.638741 0.74321 0.232294 -0.576466 0.783407 0.788733 0.511363 -0.341185 -0.052972 0.730177 0.681202 -0.065637 0.97341 0.219463 0.265065 0.833208 -0.485288 0.243308 0.749768 0.615345 0.680425 0.720711 0.132654 0.215659 0.209093 0.953819 0.041598 0.933887 -0.35514 -0.279821 0.593845 0.754353 0.353516 -0.502068 -0.789274 0.13132 -0.440556 -0.888069 0.175562 -0.406699 -0.896534 0.085645 -0.80239 -0.590623 0.251452 -0.907814 -0.335627 0.423281 -0.480929 -0.767815 -0.828883 -0.524541 0.194446 -0.955985 -0.111187 -0.271532 0.508116 -0.387794 -0.769048 -0.826803 -0.430272 0.362301 0.108557 -0.857632 0.502676 -0.986401 0.100795 -0.129818 0.284406 -0.422514 -0.860579 0.307532 -0.544988 -0.780008 0.873498 -0.009937 0.486725 0.967552 0.239518 -0.080459 0.65499 -0.405251 0.637777 0.666644 -0.105255 0.737908 0.177681 -0.730339 0.659571 0.719357 -0.211679 0.661602 0.871854 -0.295349 0.390691 0.261715 -0.366758 0.892745 -0.440232 -0.844925 -0.303805 -0.344736 0.405236 0.846724 -0.359365 -0.869218 0.339584 -0.736241 -0.650741 0.185702 -0.974648 -0.223521 0.010021 -0.996117 0.082131 -0.031722 -0.942244 -0.016979 -0.334495 -0.41681 0.550026 -0.723699 -0.539545 0.841953 0.002725 -0.884249 0.397349 -0.245391 -0.601404 0.571336 -0.558469 -0.371181 0.870838 -0.322281 0.184052 -0.432609 -0.882595 0.406995 -0.395313 -0.823458 -0.039674 0.905774 -0.421899 -0.032728 0.40205 -0.915033 0.655699 -0.196853 -0.728908 0.511499 0.817129 -0.265837 0.350518 0.936531 -0.006832 0.876019 0.479024 -0.055913 0.133345 0.855069 0.501076 0.890531 0.454735 -0.013083 0.837938 0.512351 0.188034 0.949397 -0.173266 -0.261964 0.979944 0.138257 0.143511 0.885771 -0.234212 -0.400692 -0.549365 -0.451756 -0.702933 -0.752082 -0.367118 -0.547355 -0.707471 0.391092 0.58867 -0.197938 0.50388 0.840789 -0.997316 0.000938 -0.073212 -0.376901 -0.432132 -0.819273 -0.274681 -0.570452 0.774038 0.831351 -0.54708 -0.097769 -0.32493 -0.571204 -0.753755 0.343091 0.49325 0.79937 0.975344 -0.216828 -0.041101 -0.139031 0.597256 -0.789909 0.500271 -0.054811 -0.864132 0.385691 0.595398 0.704801 0.742898 0.009619 -0.669335 0.801649 -0.070942 0.59357 -0.675182 0.434383 0.596188 -0.963875 -0.255617 -0.074861 0.020297 -0.201494 0.979279 -0.764148 -0.362157 -0.533779 -0.242561 0.53823 0.807139 -0.584445 -0.010989 -0.811359 -0.701065 0.020316 -0.712808 -0.650704 -0.110777 0.751208 -0.825953 -0.085711 -0.557186 0.703533 -0.019977 -0.710382 0.881814 -0.135769 -0.451631 0.747578 -0.305865 -0.589554 0.685907 0.233752 0.689124 0.886616 -0.02552 0.461803 0.840648 -0.18893 0.507559 0.993523 -0.110704 0.025635 0.760668 -0.608665 -0.225635 0.59697 -0.637601 -0.486921 0.557521 -0.798682 -0.226445 -0.142254 -0.527106 -0.837809 -0.246733 -0.832796 -0.495554 -0.830727 0.224106 0.509577 -0.80487 0.263204 0.531891 -0.091833 -0.865656 0.492145 -0.972353 -0.07592 0.220832 -0.98401 0.062311 -0.166858 -0.370804 -0.731335 -0.57241 -0.643525 -0.729213 -0.232643 0.679647 -0.059514 0.731121 0.501014 -0.825291 -0.260539 0.148255 -0.069613 -0.986496 -0.764816 -0.565327 -0.30897 -0.004993 -0.390172 -0.920728 -0.018105 -0.397445 -0.917448 -0.650508 -0.726763 0.220576 -0.903213 -0.367796 -0.221208 -0.840458 0.498471 0.212503 -0.086829 0.568471 0.818109 -0.061519 0.712362 0.699111 -0.37717 -0.449847 0.809556 -0.555149 -0.36891 0.745463 0.087104 -0.880389 0.466185 0.209634 -0.94984 -0.232071 0.555101 0.177211 0.812686 0.865696 -0.130016 0.483391 0.848142 -0.358862 0.389708 0.790474 -0.588367 0.170219 0.442454 0.321476 0.837191 0.924458 -0.298412 -0.237336 0.639331 0.331305 0.693897 0.74291 -0.080332 -0.664554 0.853168 0.470321 -0.225616 0.741443 -0.107245 -0.66239 0.561724 0.217103 -0.798331 0.532393 0.470333 0.703807 0.694119 -0.346246 -0.63112 0.8139 0.529723 -0.238663 0.375104 0.004854 -0.92697 0.228489 0.872163 0.432579 -0.558249 -0.584061 -0.589264 -0.749066 -0.660837 0.046843 -0.946585 0.055106 -0.317712 -0.710195 0.425139 -0.561141 -0.103833 0.205249 -0.973186 -0.149685 0.535871 -0.830925 -0.352514 0.505357 -0.787622 -0.354407 0.4441 -0.822904 -0.994914 -0.059541 0.08125 0.99419 0.002262 -0.107615 -0.425943 0.889271 0.166643 -0.730668 0.54327 -0.413499 -0.685717 0.472754 -0.553441 -0.43022 0.629179 -0.647337 -0.235536 0.960923 -0.145432 -0.183583 0.954967 -0.233101 -0.995857 -0.076869 0.048581 0.122195 0.880088 -0.458818 -0.234221 0.850275 -0.471351 -0.702019 0.501131 -0.506002 -0.969432 0.14564 -0.197458 -0.988053 -0.009553 -0.153818 -0.98828 -0.005795 -0.152544 -0.989192 -0.084477 -0.119848 -0.97288 0.228954 0.032942 -0.657928 -0.752299 0.034301 -0.740325 -0.671216 0.037255 -0.185116 -0.402052 -0.896709 0.256896 -0.521315 -0.813778 -0.981161 0.116771 0.153908 0.530035 -0.433018 -0.72908 0.708952 0.357184 0.608117 0.993111 -0.108415 0.044466 0.723197 -0.425174 0.544255 0.562205 0.215848 -0.798333 0.832695 0.11903 -0.540788 0.765678 -0.637609 0.084803 0.732455 -0.220125 -0.644248 0.552262 -0.374576 0.744782 0.485303 -0.154622 0.860565 0.055879 -0.961661 0.268488 0.063538 -0.386229 -0.920212 -0.124389 -0.784692 0.607277 -0.503053 -0.566844 -0.652401 0.99969 0.010127 0.022728 0.254807 0.167643 -0.952349 0.870737 -0.442312 -0.214888 0.984697 -0.112966 -0.132706 0.241404 -0.818289 -0.521659 0.968939 -0.141422 -0.202871 0.37584 -0.043119 -0.925681 0.410259 -0.395516 -0.821738 0.830068 -0.537917 -0.147078 0.947743 -0.315637 -0.046441 0.749538 0.34503 0.564931 -0.934277 0.183939 0.30544 -0.821961 -0.120674 -0.556613 0.012699 0.999644 -0.023453 0.950562 -0.244096 -0.191961 0.866977 -0.485476 0.112533 -0.834858 -0.525918 0.162549 -0.999254 -0.028451 0.026123 -0.657472 0.404199 0.635888 0.650963 0.39348 0.649169 0.065599 -0.432516 -0.899237 -0.996759 0.075208 0.028555 -0.995261 0.065794 0.071604 0.289747 -0.543024 -0.788144 0.95788 0.169805 0.231587 0.985283 -0.090993 0.144701 0.990874 0.132877 -0.022646 0.98705 -0.158603 -0.024014 0.975801 -0.087688 -0.200308 0.643285 0.168205 0.746922 0.951376 0.23113 0.203624 0.035356 0.315672 0.948209 -0.09563 0.493078 0.864713 0.180904 0.875958 -0.447181 0.146684 0.830145 -0.537907 0.899652 0.435864 0.025468 0.751479 -0.242645 -0.613517 0.630281 0.768525 0.110066 0.806742 -0.476637 0.349263 -0.306642 0.937991 -0.161691 0.07766 0.574414 -0.814873 -0.369022 0.746444 -0.553754 0.602311 -0.427827 -0.673933 -0.938272 -0.188191 -0.290224 0.358224 -0.482946 -0.799024 -0.771945 0.367874 0.51843 -0.91529 0.200116 0.349567 0.772458 0.341215 0.535613 0.633537 0.468411 0.61581 0.952092 0.178706 0.248164 -0.674871 -0.012313 -0.737833 -0.975301 -0.203677 -0.085458 -0.568542 -0.64736 -0.507627 -0.984221 -0.168476 0.054086 -0.98132 0.088456 0.170841 -0.983292 -0.174717 0.051087 -0.960899 0.263633 -0.084682 -0.635127 0.096238 0.766389 -0.135515 0.8562 -0.498555 -0.859101 0.332606 0.388997 -0.729962 0.511035 0.45387 0.66522 0.535382 0.520431 0.532079 0.651793 0.540424 -0.03827 0.947483 -0.317509 0.111143 0.830005 -0.546571 -0.03818 0.477465 0.877821 -0.954249 0.092449 0.284364 0.932757 0.223196 0.283105 0.282368 0.330443 0.900598 -0.158287 -0.984835 0.071032 0.975658 0.133425 0.174037 0.42352 -0.740196 -0.522246 0.006028 -0.942292 -0.334738 0.373727 0.035799 0.926848 0.028077 -0.03892 0.998848 -0.027877 0.009985 0.999561 0.643347 0.177444 0.744727 0.1682 0.10944 -0.979659 0.544116 -0.262265 -0.796966 0.991634 -0.128921 -0.006379 0.472174 -0.345146 -0.811126 0.988476 -0.151033 0.01021 0.988757 -0.149131 0.010958 0.964598 0.155029 0.213347 0.972029 0.234567 0.011772 0.400113 0.799707 -0.447636 0.271274 0.069503 -0.959989 0.779609 -0.426276 -0.458801 -0.241675 0.088744 -0.966291 0.853317 -0.406825 -0.326105 -0.09742 -0.38978 -0.915741 -0.8233 -0.430578 -0.369838 -0.974011 -0.123486 -0.189878 -0.959801 -0.2527 -0.122169 -0.996958 0.056528 0.053661 -0.785753 0.196363 0.586544 -0.962406 -0.03038 -0.269912 -0.848126 0.528931 0.03023 -0.089385 0.413431 0.906137 0.031952 -0.819236 0.572565 0.020319 -0.826705 0.562269 0.045608 -0.980383 0.191751 0.162217 -0.566024 -0.808271 -0.830764 -0.228921 -0.507371 0.300226 -0.494056 -0.815949 -0.359548 0.729204 -0.582225 -0.662701 -0.686897 -0.298329 -0.664675 -0.69183 -0.282096 -0.314391 -0.803094 -0.50616 0.790696 -0.570613 -0.221812 0.749437 -0.576994 -0.324688 0.741531 0.586882 0.325118 0.729559 -0.647327 -0.220707 0.395906 0.874432 0.280404 0.450104 0.854085 0.260662 0.751398 -0.564778 -0.341214 0.764262 -0.553644 -0.330729 0.408972 0.828576 0.382365 0.798693 -0.398902 -0.450518 0.944762 0.119414 0.305229 0.988417 0.151721 -0.003523 0.464754 0.883299 -0.06154 0.266821 -0.084149 0.960065 -0.718381 0.309413 0.623051 0.396959 0.834085 0.383048 -0.996958 -0.047079 0.062114 -0.806069 0.521367 0.280053 -0.868746 0.463587 0.174261 -0.543575 0.734736 0.405818 -0.522288 0.819259 0.236708 -0.480058 0.838912 0.256459 -0.742335 -0.627638 -0.234538 -0.780103 0.562562 0.273795 -0.670444 -0.652404 -0.353375 -0.97366 -0.192905 -0.121551 -0.474672 -0.69425 -0.541021 0.766227 -0.244075 -0.59441 0.968304 0.184576 0.168281 -0.512453 -0.518435 -0.684556 -0.959895 -0.121462 -0.252681 0.956648 0.212672 0.198986 -0.809692 0.244236 0.533618 0.086388 -0.99602 -0.021933 0.815389 -0.518808 -0.256865 0.999445 0.008117 -0.0323 0.837985 0.053482 0.543066 0.331821 -0.935438 0.121861 0.319486 -0.947211 0.026841 -0.190236 -0.908584 0.371867 0.018624 -0.834764 0.550293 0.017781 -0.835911 0.548578 0.011715 -0.806955 0.590497 -0.403241 -0.784018 0.471924 -0.049866 -0.860063 0.507746 -0.987706 0.036632 0.151967 -0.998871 0.047358 -0.003638 -0.994526 -0.005647 -0.104332 -0.997337 0.037043 -0.062828 -0.987729 -0.009435 -0.155893 -0.986482 -0.023594 -0.16216 0.001627 0.998801 0.048919 -0.101524 0.993287 -0.055435 0.979097 0.108608 -0.17197 0.99663 0.078269 -0.024543 0.982349 0.139509 -0.12461 0.947886 0.082142 0.30784 0.999253 0.028786 -0.025786 0.999206 0.015143 -0.036864 -0.07639 0.507303 0.858376 0.86735 -0.460247 -0.18941 0.077402 0.354737 0.931757 -0.287748 -0.289786 0.912812 -0.277593 -0.907554 -0.3151 0.3216 0.820371 0.472826 -0.210427 0.294865 0.932081 0.326143 0.430561 0.841575 -0.077366 -0.51812 -0.851801 -0.114616 0.222217 -0.968237 0.097949 -0.122548 -0.987617 0.329269 0.612159 -0.718918 0.284811 0.94769 -0.144109 -0.26815 0.843558 -0.465301 0.118777 0.976041 0.182306 0.145547 0.897784 0.415692 -0.106902 0.235733 0.96592 0.988144 0.153314 0.00815 -0.09661 0.001672 0.995321 0.681817 -0.642349 0.350019 -0.208032 -0.684216 0.698979 0.437399 -0.84198 0.315834 0.826898 0.395966 -0.399313 -0.21153 0.610878 0.762943 0.941255 0.24911 -0.227999 0.91003 -0.038323 0.412768 0.214505 -0.849774 0.48153 0.524649 0.416544 0.742451 0.999411 -0.025081 -0.023409 -0.676365 0.587492 -0.444278 -0.298602 -0.211522 0.930642 0.788573 0.606916 -0.099025 0.022386 0.949143 0.314048 -0.135568 0.442395 -0.886514 -0.875517 0.308072 0.37224 -0.841919 0.307903 0.443134 -0.132998 0.448214 0.883977 0.140385 0.767091 -0.62599 0.051559 0.498507 0.865351 0.939056 0.268316 0.214898 0.663438 0.326152 0.673406 -0.670876 0.238621 0.702129 -0.087251 0.547359 0.832337 0.074669 0.119385 0.990036 -0.062208 -0.757902 0.649396 -0.255642 -0.030874 0.966278 -0.950612 -0.269277 0.154362 -0.096746 0.723177 0.683853 -0.990748 -0.015003 -0.13488 -0.131311 0.788042 0.601455 -0.144014 -0.191485 0.970873 -0.872411 0.418463 0.252564 -0.471813 -0.579702 0.664333 -0.29479 0.949175 0.110295 -0.178999 0.270499 0.945933 -0.101301 0.972003 0.212012 -0.209468 -0.240997 -0.947652 0.048284 -0.379194 -0.924057 0.169482 -0.282311 -0.944233 0.999393 0.015211 0.031326 0.590288 0.806935 -0.020376 0.515531 0.583724 0.627291 -0.958249 -0.091671 -0.270842 -0.995097 -0.043644 -0.088752 -0.115358 0.492199 0.862805 -0.567866 0.759333 -0.317713 -0.5936 0.703046 -0.39162 0.699064 0.619041 -0.357908 -0.810908 -0.582675 0.054018 -0.583533 -0.733028 0.349511 -0.230611 0.826968 0.512779 0.728584 -0.395389 -0.559314 -0.297334 -0.03638 0.95408 -0.832606 -0.436979 -0.340318 -0.985743 0.168258 -0.000091 -0.995531 -0.084879 0.041404 -0.456371 0.766202 -0.452393 -0.995469 0.061054 0.072902 0.093632 0.980821 0.170947 -0.410688 0.905982 -0.102621 0.975023 0.106299 -0.195012 0.184581 0.964367 -0.189541 -0.118816 0.47125 -0.87396 -0.141276 0.452826 0.880335 0.979402 0.121627 0.161181 0.908964 0.352571 0.222436 0.99138 0.115989 -0.060923 0.835428 -0.466321 -0.290869 0.242279 -0.947173 0.210153 0.34298 0.654927 0.673376 -0.037878 0.341778 0.939017 0.048678 -0.79472 0.605022 0.274563 0.018493 -0.961391 0.403797 0.290066 0.867646 0.000225 0.957982 -0.286829 -0.761883 -0.556864 0.330812 -0.80908 -0.470168 0.352607 0.977889 0.154117 0.141355 0.800147 -0.55969 0.215666 -0.807915 0.2106 -0.550383 0.2316 0.880991 -0.412573 0.647818 0.616711 -0.447212 -0.509374 -0.475232 0.717421 0.937733 -0.330824 0.105887 0.398592 -0.795998 0.455534 0.562823 -0.826191 0.025266 0.60224 -0.797073 0.044519 0.106714 -0.899537 0.423609 0.942673 -0.22695 0.244667 0.978582 -0.200578 0.046329 0.989871 0.090201 -0.109634 0.88554 0.437672 -0.155764 0.921629 0.368721 -0.121016 -0.994882 0.062267 0.079582 0.395297 0.709454 -0.583451 -0.854782 0.466305 -0.227832 -0.998071 0.016511 -0.059855 -0.944398 0.326955 -0.034824 -0.982619 -0.122106 0.139823 -0.988707 -0.114297 0.096925 -0.974579 -0.153735 0.162976 -0.941406 -0.279536 0.188716 -0.981933 -0.123856 0.143061 0.146794 0.841348 -0.520177 0.980994 0.122861 -0.150184 0.947706 -0.178802 0.264355 -0.969786 -0.082365 0.229632 -0.945618 0.322881 -0.039431 -0.899849 0.213773 0.380228</float_array>
          <technique_common>
            <accessor source="#ArchersArm-mesh-normals-array" count="743" stride="3">
              <param name="X" type="float"/>
              <param name="Y" type="float"/>
              <param name="Z" type="float"/>
            </accessor>
          </technique_common>
        </source>
        <source id="ArchersArm-mesh-map-0">
          <float_array id="ArchersArm-mesh-map-0-array" count="4458">0.595947 0.128174 0.578613 0.112793 0.592285 0.093018 0.592285 0.093018 0.578613 0.112793 0.544434 0.119385 0.544434 0.119385 0.578613 0.112793 0.595947 0.128174 0.592285 0.093018 0.544434 0.119385 0.549316 0.07666 0.549316 0.07666 0.544434 0.119385 0.526367 0.056885 0.592285 0.093018 0.549316 0.07666 0.584961 0.062744 0.584961 0.062744 0.549316 0.07666 0.526367 0.056885 0.526367 0.056885 0.544434 0.119385 0.503662 0.129395 0.584961 0.062744 0.526367 0.056885 0.593018 0.031982 0.503662 0.129395 0.544434 0.119385 0.533936 0.160889 0.533936 0.160889 0.544434 0.119385 0.595947 0.128174 0.503662 0.129395 0.533936 0.160889 0.512451 0.181885 0.512451 0.181885 0.533936 0.160889 0.631348 0.234863 0.592285 0.093018 0.584961 0.062744 0.639893 0.096924 0.639893 0.096924 0.584961 0.062744 0.593018 0.031982 0.592285 0.093018 0.639893 0.096924 0.595947 0.128174 0.533936 0.160889 0.595947 0.128174 0.660645 0.187744 0.533936 0.160889 0.660645 0.187744 0.631348 0.234863 0.631348 0.234863 0.660645 0.187744 0.683105 0.196533 0.631348 0.234863 0.683105 0.196533 0.671875 0.262207 0.671875 0.262207 0.683105 0.196533 0.700439 0.229492 0.683105 0.196533 0.660645 0.187744 0.706299 0.123291 0.706299 0.123291 0.660645 0.187744 0.595947 0.128174 0.706299 0.123291 0.595947 0.128174 0.639893 0.096924 0.706299 0.123291 0.639893 0.096924 0.665771 0.077637 0.665771 0.077637 0.639893 0.096924 0.593018 0.031982 0.706299 0.123291 0.665771 0.077637 0.731445 0.073975 0.665771 0.077637 0.593018 0.031982 0.629883 0.02832 0.731445 0.073975 0.665771 0.077637 0.685547 0.044678 0.685547 0.044678 0.665771 0.077637 0.629883 0.02832 0.305664 0.081055 0.339355 0.101074 0.275146 0.115967 0.305664 0.081055 0.275146 0.115967 0.262695 0.061768 0.262695 0.061768 0.275146 0.115967 0.22876 0.104004 0.275146 0.115967 0.339355 0.101074 0.312988 0.138672 0.22876 0.104004 0.275146 0.115967 0.255371 0.152588 0.255371 0.152588 0.275146 0.115967 0.312988 0.138672 0.22876 0.104004 0.255371 0.152588 0.186035 0.140137 0.186035 0.140137 0.255371 0.152588 0.192871 0.185547 0.312988 0.138672 0.339355 0.101074 0.351318 0.166504 0.255371 0.152588 0.312988 0.138672 0.292236 0.169189 0.192871 0.185547 0.255371 0.152588 0.258545 0.193359 0.258545 0.193359 0.255371 0.152588 0.292236 0.169189 0.192871 0.185547 0.258545 0.193359 0.229004 0.264404 0.292236 0.169189 0.312988 0.138672 0.321045 0.188477 0.292236 0.169189 0.321045 0.188477 0.258545 0.193359 0.312988 0.138672 0.351318 0.166504 0.337646 0.192139 0.312988 0.138672 0.337646 0.192139 0.321045 0.188477 0.337646 0.192139 0.351318 0.166504 0.38501 0.210693 0.337646 0.192139 0.38501 0.210693 0.340576 0.236084 0.251465 0.310547 0.229004 0.264404 0.340576 0.236084 0.229004 0.264404 0.251465 0.310547 0.217773 0.28418 0.337646 0.192139 0.340576 0.236084 0.326904 0.218506 0.326904 0.218506 0.340576 0.236084 0.229004 0.264404 0.337646 0.192139 0.326904 0.218506 0.321045 0.188477 0.326904 0.218506 0.229004 0.264404 0.258545 0.193359 0.326904 0.218506 0.258545 0.193359 0.321045 0.188477 0.364014 0.068604 0.404297 0.061768 0.400391 0.073242 0.321777 0.082764 0.326172 0.041748 0.364014 0.068604 0.321777 0.082764 0.364014 0.068604 0.369385 0.09668 0.369385 0.09668 0.364014 0.068604 0.400391 0.073242 0.369385 0.09668 0.400391 0.073242 0.393555 0.11792 0.400391 0.073242 0.404297 0.061768 0.45752 0.092041 0.45752 0.092041 0.404297 0.061768 0.454102 0.073242 0.393555 0.11792 0.400391 0.073242 0.449219 0.101318 0.449219 0.101318 0.400391 0.073242 0.45752 0.092041 0.393555 0.11792 0.449219 0.101318 0.419922 0.13501 0.419922 0.13501 0.449219 0.101318 0.456787 0.162354 0.419922 0.13501 0.456787 0.162354 0.444092 0.186035 0.456787 0.162354 0.449219 0.101318 0.474854 0.125 0.456787 0.162354 0.474854 0.125 0.475342 0.189453 0.474854 0.125 0.449219 0.101318 0.45752 0.092041 0.474854 0.125 0.45752 0.092041 0.493896 0.11499 0.493896 0.11499 0.45752 0.092041 0.505371 0.102783 0.505371 0.102783 0.45752 0.092041 0.490967 0.067627 0.490967 0.067627 0.45752 0.092041 0.454102 0.073242 0.490967 0.067627 0.454102 0.073242 0.469482 0.046387 0.490967 0.067627 0.469482 0.046387 0.509766 0.045898 0.490967 0.067627 0.509766 0.045898 0.536133 0.036377 0.527344 0.294922 0.501709 0.272461 0.537109 0.280273 0.501709 0.272461 0.527344 0.294922 0.490479 0.285889 0.537109 0.280273 0.501709 0.272461 0.530762 0.254639 0.501709 0.272461 0.490479 0.285889 0.441895 0.279053 0.441895 0.279053 0.490479 0.285889 0.465088 0.299805 0.441895 0.279053 0.465088 0.299805 0.441895 0.303467 0.580078 0.218018 0.530762 0.254639 0.518066 0.232178 0.518066 0.232178 0.530762 0.254639 0.489746 0.248535 0.489746 0.248535 0.530762 0.254639 0.501709 0.272461 0.518066 0.232178 0.489746 0.248535 0.495361 0.224365 0.495361 0.224365 0.489746 0.248535 0.477051 0.229492 0.489746 0.248535 0.501709 0.272461 0.470947 0.260498 0.489746 0.248535 0.470947 0.260498 0.477051 0.229492 0.470947 0.260498 0.501709 0.272461 0.441895 0.279053 0.477051 0.229492 0.470947 0.260498 0.445068 0.212158 0.445068 0.212158 0.470947 0.260498 0.420898 0.215576 0.420898 0.215576 0.470947 0.260498 0.415039 0.268555 0.415039 0.268555 0.470947 0.260498 0.441895 0.279053 0.420898 0.215576 0.415039 0.268555 0.405273 0.207031 0.405273 0.207031 0.415039 0.268555 0.395508 0.273438 0.395508 0.273438 0.415039 0.268555 0.441895 0.279053 0.405273 0.207031 0.395508 0.273438 0.354248 0.237549 0.354248 0.237549 0.395508 0.273438 0.351074 0.29541 0.351074 0.29541 0.395508 0.273438 0.387451 0.305176 0.387451 0.305176 0.395508 0.273438 0.441895 0.279053 0.387451 0.305176 0.441895 0.279053 0.426025 0.298584 0.387451 0.305176 0.426025 0.298584 0.385498 0.328369 0.426025 0.298584 0.441895 0.279053 0.441895 0.303467 0.385498 0.328369 0.426025 0.298584 0.408203 0.330078 0.408203 0.330078 0.426025 0.298584 0.441895 0.303467 0.10083 0.657715 0.136963 0.695312 0.115479 0.696045 0.197021 0.678223 0.213135 0.723877 0.136963 0.695312 0.115479 0.696045 0.136963 0.695312 0.140869 0.720947 0.136963 0.695312 0.213135 0.723877 0.183838 0.725098 0.136963 0.695312 0.183838 0.725098 0.140869 0.720947 0.183838 0.725098 0.213135 0.723877 0.204346 0.732178 0.204346 0.732178 0.213135 0.723877 0.214355 0.780029 0.204346 0.732178 0.214355 0.780029 0.178711 0.757568 0.204346 0.732178 0.178711 0.757568 0.183838 0.725098 0.178711 0.757568 0.214355 0.780029 0.176758 0.790283 0.183838 0.725098 0.178711 0.757568 0.148438 0.753906 0.183838 0.725098 0.148438 0.753906 0.140869 0.720947 0.148438 0.753906 0.178711 0.757568 0.176758 0.790283 0.116699 0.775146 0.115479 0.696045 0.140869 0.720947 0.116699 0.775146 0.140869 0.720947 0.148438 0.753906 0.116699 0.775146 0.148438 0.753906 0.176758 0.790283 0.116699 0.775146 0.176758 0.790283 0.125488 0.786865 0.115479 0.696045 0.116699 0.775146 0.098633 0.688232 0.098633 0.688232 0.116699 0.775146 0.083496 0.765381 0.083496 0.765381 0.116699 0.775146 0.101807 0.782959 0.101807 0.782959 0.116699 0.775146 0.09082 0.821533 0.572998 0.65625 0.550049 0.593506 0.615723 0.611816 0.615723 0.611816 0.550049 0.593506 0.594971 0.541016 0.550049 0.593506 0.572998 0.65625 0.51123 0.588379 0.550049 0.593506 0.51123 0.588379 0.508789 0.54248 0.51123 0.588379 0.572998 0.65625 0.547119 0.654785 0.51123 0.588379 0.547119 0.654785 0.478027 0.613037 0.478027 0.613037 0.547119 0.654785 0.495605 0.69873 0.495605 0.69873 0.547119 0.654785 0.572998 0.65625 0.478027 0.613037 0.495605 0.69873 0.430908 0.599609 0.430908 0.599609 0.495605 0.69873 0.430176 0.728027 0.495605 0.69873 0.572998 0.65625 0.528809 0.723145 0.495605 0.69873 0.528809 0.723145 0.430176 0.728027 0.528809 0.723145 0.572998 0.65625 0.584961 0.678223 0.430176 0.728027 0.528809 0.723145 0.484863 0.756836 0.430176 0.728027 0.484863 0.756836 0.430176 0.768311 0.430176 0.768311 0.484863 0.756836 0.48999 0.773438 0.48999 0.773438 0.484863 0.756836 0.566406 0.753174 0.566406 0.753174 0.484863 0.756836 0.528809 0.723145 0.566406 0.753174 0.528809 0.723145 0.584961 0.678223 0.566406 0.753174 0.584961 0.678223 0.631592 0.687012 0.566406 0.753174 0.631592 0.687012 0.661621 0.798828 0.994629 0.141113 0.952393 0.165039 0.989014 0.118164 0.952393 0.165039 0.994629 0.141113 0.970947 0.180176 0.970947 0.180176 0.994629 0.141113 0.988037 0.16626 0.952393 0.165039 0.970947 0.180176 0.960938 0.210938 0.960938 0.210938 0.970947 0.180176 0.980957 0.230469 0.960938 0.210938 0.980957 0.230469 0.964355 0.263184 0.960938 0.210938 0.964355 0.263184 0.939453 0.241455 0.960938 0.210938 0.939453 0.241455 0.924316 0.186768 0.960938 0.210938 0.924316 0.186768 0.952393 0.165039 0.952393 0.165039 0.924316 0.186768 0.911377 0.163086 0.300293 0.486084 0.419189 0.50708 0.292969 0.518066 0.292969 0.518066 0.419189 0.50708 0.381836 0.568848 0.381836 0.568848 0.419189 0.50708 0.425293 0.563232 0.419189 0.50708 0.300293 0.486084 0.376709 0.477539 0.376709 0.477539 0.300293 0.486084 0.389648 0.447266 0.419189 0.50708 0.376709 0.477539 0.404785 0.467041 0.404785 0.467041 0.376709 0.477539 0.389648 0.447266 0.419189 0.50708 0.404785 0.467041 0.432617 0.496094 0.389648 0.447266 0.300293 0.486084 0.290771 0.456299 0.432617 0.496094 0.404785 0.467041 0.433105 0.470459 0.433105 0.470459 0.404785 0.467041 0.426758 0.434814 0.426758 0.434814 0.404785 0.467041 0.389648 0.447266 0.433105 0.470459 0.426758 0.434814 0.457275 0.447021 0.389648 0.447266 0.290771 0.456299 0.363281 0.425049 0.389648 0.447266 0.363281 0.425049 0.426758 0.434814 0.363281 0.425049 0.290771 0.456299 0.321777 0.416992 0.426758 0.434814 0.363281 0.425049 0.415771 0.406006 0.426758 0.434814 0.415771 0.406006 0.440918 0.395264 0.363281 0.425049 0.321777 0.416992 0.343018 0.398438 0.363281 0.425049 0.343018 0.398438 0.415771 0.406006 0.343018 0.398438 0.321777 0.416992 0.31543 0.389404 0.343018 0.398438 0.31543 0.389404 0.334229 0.377441 0.415771 0.406006 0.343018 0.398438 0.368896 0.370361 0.368896 0.370361 0.343018 0.398438 0.334229 0.377441 0.440918 0.395264 0.415771 0.406006 0.429932 0.374268 0.429932 0.374268 0.415771 0.406006 0.368896 0.370361 0.440918 0.395264 0.429932 0.374268 0.454346 0.35083 0.454346 0.35083 0.429932 0.374268 0.356934 0.330078 0.356934 0.330078 0.429932 0.374268 0.368896 0.370361 0.356934 0.330078 0.368896 0.370361 0.334229 0.377441 0.356934 0.330078 0.334229 0.377441 0.342041 0.312256 0.570068 0.313232 0.553223 0.281738 0.578125 0.268799 0.553223 0.281738 0.570068 0.313232 0.56958 0.347656 0.56958 0.347656 0.570068 0.313232 0.588623 0.343262 0.570068 0.313232 0.578125 0.268799 0.590332 0.288574 0.588623 0.343262 0.570068 0.313232 0.593018 0.322998 0.593018 0.322998 0.570068 0.313232 0.590332 0.288574 0.590332 0.288574 0.578125 0.268799 0.623047 0.284424 0.590332 0.288574 0.623047 0.284424 0.593018 0.322998 0.623047 0.284424 0.578125 0.268799 0.624023 0.251465 0.623047 0.284424 0.624023 0.251465 0.661865 0.292236 0.593018 0.322998 0.623047 0.284424 0.627686 0.337402 0.593018 0.322998 0.627686 0.337402 0.588623 0.343262 0.627686 0.337402 0.623047 0.284424 0.661865 0.292236 0.588623 0.343262 0.627686 0.337402 0.620605 0.357666 0.588623 0.343262 0.620605 0.357666 0.57959 0.37915 0.620605 0.357666 0.627686 0.337402 0.646973 0.354492 0.646973 0.354492 0.627686 0.337402 0.661865 0.292236 0.620605 0.357666 0.646973 0.354492 0.610352 0.408936 0.610352 0.408936 0.646973 0.354492 0.647949 0.377686 0.647949 0.377686 0.646973 0.354492 0.669678 0.398926 0.669678 0.398926 0.646973 0.354492 0.677002 0.367432 0.677002 0.367432 0.646973 0.354492 0.661865 0.292236 0.677002 0.367432 0.661865 0.292236 0.690186 0.343994 0.677002 0.367432 0.690186 0.343994 0.700684 0.369629 0.690186 0.343994 0.661865 0.292236 0.699707 0.272705 0.700684 0.369629 0.690186 0.343994 0.736572 0.357178 0.690186 0.343994 0.699707 0.272705 0.734863 0.293701 0.690186 0.343994 0.734863 0.293701 0.736572 0.357178 0.736572 0.357178 0.734863 0.293701 0.776367 0.290039 0.736572 0.357178 0.776367 0.290039 0.752441 0.364258 0.752441 0.364258 0.776367 0.290039 0.814941 0.288086 0.094482 0.236084 0.058594 0.233398 0.041992 0.177002 0.094482 0.236084 0.041992 0.177002 0.098145 0.200928 0.098145 0.200928 0.041992 0.177002 0.097168 0.14917 0.041992 0.177002 0.058594 0.233398 0.022461 0.195801 0.022461 0.195801 0.058594 0.233398 0.005371 0.229248 0.005371 0.229248 0.058594 0.233398 0.046631 0.258057 0.041992 0.177002 0.022461 0.195801 0.006836 0.166992 0.041992 0.177002 0.006836 0.166992 0.00708 0.147705 0.762451 0.54541 0.775879 0.538818 0.79126 0.571289 0.727539 0.533691 0.762939 0.536133 0.762451 0.54541 0.727539 0.533691 0.762451 0.54541 0.733887 0.550293 0.762451 0.54541 0.79126 0.571289 0.761719 0.596436 0.762451 0.54541 0.761719 0.596436 0.733887 0.550293 0.761719 0.596436 0.79126 0.571289 0.76416 0.656982 0.761719 0.596436 0.76416 0.656982 0.737793 0.657471 0.761719 0.596436 0.737793 0.657471 0.733887 0.550293 0.76416 0.656982 0.79126 0.571289 0.802002 0.663818 0.733887 0.550293 0.737793 0.657471 0.711182 0.657715 0.733887 0.550293 0.711182 0.657715 0.699219 0.553223 0.733887 0.550293 0.699219 0.553223 0.727539 0.533691 0.699219 0.553223 0.711182 0.657715 0.665039 0.617188 0.802002 0.663818 0.79126 0.571289 0.813965 0.617676 0.813965 0.617676 0.79126 0.571289 0.825684 0.553711 0.813965 0.617676 0.825684 0.553711 0.854248 0.575439 0.802002 0.663818 0.813965 0.617676 0.84082 0.620117 0.84082 0.620117 0.813965 0.617676 0.854248 0.575439 0.802002 0.663818 0.84082 0.620117 0.821289 0.674316 0.84082 0.620117 0.854248 0.575439 0.88501 0.581787 0.821289 0.674316 0.84082 0.620117 0.839844 0.682861 0.84082 0.620117 0.88501 0.581787 0.912842 0.585205 0.839844 0.682861 0.84082 0.620117 0.875488 0.641113 0.875488 0.641113 0.84082 0.620117 0.912842 0.585205 0.839844 0.682861 0.875488 0.641113 0.849365 0.693115 0.875488 0.641113 0.912842 0.585205 0.903564 0.630615 0.875488 0.641113 0.903564 0.630615 0.849365 0.693115 0.849365 0.693115 0.903564 0.630615 0.910645 0.645264 0.849365 0.693115 0.910645 0.645264 0.916504 0.662109 0.910645 0.645264 0.903564 0.630615 0.947998 0.645264 0.631348 0.638672 0.64502 0.613281 0.665039 0.617188 0.64502 0.613281 0.631348 0.638672 0.633301 0.599854 0.665039 0.617188 0.64502 0.613281 0.661621 0.57959 0.665039 0.617188 0.661621 0.57959 0.699219 0.553223 0.64502 0.613281 0.633301 0.599854 0.644287 0.566162 0.64502 0.613281 0.644287 0.566162 0.661621 0.57959 0.644287 0.566162 0.633301 0.599854 0.631104 0.535156 0.631104 0.535156 0.633301 0.599854 0.612305 0.578857 0.644287 0.566162 0.631104 0.535156 0.653809 0.548096 0.644287 0.566162 0.653809 0.548096 0.661621 0.57959 0.661621 0.57959 0.653809 0.548096 0.699219 0.553223 0.699219 0.553223 0.653809 0.548096 0.684082 0.534668 0.699219 0.553223 0.684082 0.534668 0.727539 0.533691 0.727539 0.533691 0.684082 0.534668 0.715576 0.505127 0.684082 0.534668 0.653809 0.548096 0.645996 0.534912 0.684082 0.534668 0.645996 0.534912 0.671631 0.525879 0.645996 0.534912 0.653809 0.548096 0.632568 0.535889 0.508789 0.924072 0.476807 0.986328 0.449707 0.890381 0.834473 0.703369 0.857666 0.696777 0.814209 0.71582 0.834473 0.703369 0.814209 0.71582 0.791504 0.704346 0.791504 0.704346 0.814209 0.71582 0.783691 0.720703 0.791504 0.704346 0.783691 0.720703 0.763916 0.702148 0.814209 0.71582 0.857666 0.696777 0.852051 0.716797 0.852051 0.716797 0.857666 0.696777 0.888428 0.710449 0.888428 0.710449 0.857666 0.696777 0.88623 0.698486 0.814209 0.71582 0.852051 0.716797 0.8125 0.739746 0.814209 0.71582 0.8125 0.739746 0.783691 0.720703 0.888428 0.710449 0.88623 0.698486 0.89624 0.685791 0.8125 0.739746 0.852051 0.716797 0.862305 0.741699 0.862305 0.741699 0.852051 0.716797 0.888428 0.710449 0.783691 0.720703 0.8125 0.739746 0.781982 0.762695 0.888428 0.710449 0.89624 0.685791 0.912109 0.715576 0.912109 0.715576 0.89624 0.685791 0.943359 0.7146 0.943359 0.7146 0.89624 0.685791 0.966553 0.656738 0.912109 0.715576 0.943359 0.7146 0.931641 0.741455 0.888428 0.710449 0.912109 0.715576 0.89502 0.759766 0.89502 0.759766 0.912109 0.715576 0.931641 0.741455 0.888428 0.710449 0.89502 0.759766 0.862305 0.741699 0.89502 0.759766 0.931641 0.741455 0.93457 0.772705 0.89502 0.759766 0.93457 0.772705 0.917725 0.781006 0.89502 0.759766 0.917725 0.781006 0.869385 0.796631 0.89502 0.759766 0.869385 0.796631 0.838379 0.796143 0.862305 0.741699 0.89502 0.759766 0.819336 0.760254 0.819336 0.760254 0.89502 0.759766 0.838379 0.796143 0.862305 0.741699 0.819336 0.760254 0.8125 0.739746 0.819336 0.760254 0.838379 0.796143 0.805176 0.800781 0.8125 0.739746 0.819336 0.760254 0.781982 0.762695 0.781982 0.762695 0.819336 0.760254 0.805176 0.800781 0.73584 0.771729 0.781982 0.762695 0.759766 0.779785 0.781982 0.762695 0.73584 0.771729 0.768799 0.74585 0.781982 0.762695 0.768799 0.74585 0.783691 0.720703 0.783691 0.720703 0.768799 0.74585 0.757324 0.720703 0.757324 0.720703 0.768799 0.74585 0.73584 0.771729 0.783691 0.720703 0.757324 0.720703 0.763916 0.702148 0.763916 0.702148 0.757324 0.720703 0.724365 0.716553 0.724365 0.716553 0.757324 0.720703 0.73584 0.771729 0.763916 0.702148 0.724365 0.716553 0.738281 0.694824 0.738281 0.694824 0.724365 0.716553 0.695801 0.708008 0.738281 0.694824 0.695801 0.708008 0.681396 0.654297 0.724365 0.716553 0.73584 0.771729 0.707275 0.750977 0.724365 0.716553 0.707275 0.750977 0.695801 0.708008 0.707275 0.750977 0.73584 0.771729 0.673096 0.77002 0.695801 0.708008 0.707275 0.750977 0.681152 0.729248 0.681152 0.729248 0.707275 0.750977 0.673096 0.77002 0.955322 0.806152 0.939453 0.751221 0.957764 0.728027 0.939453 0.751221 0.955322 0.806152 0.94165 0.798584 0.957764 0.728027 0.939453 0.751221 0.963623 0.681396 0.955322 0.806152 0.957764 0.728027 0.974121 0.803955 0.974121 0.803955 0.957764 0.728027 0.974609 0.750488 0.974121 0.803955 0.974609 0.750488 0.980469 0.798828 0.980469 0.798828 0.974609 0.750488 0.98291 0.754639 0.020264 0.926514 0.01123 0.897705 0.025635 0.911133 0.025635 0.911133 0.01123 0.897705 0.027832 0.892334 0.020264 0.926514 0.025635 0.911133 0.040527 0.921875 0.040527 0.921875 0.025635 0.911133 0.027832 0.892334 0.168457 0.390869 0.176514 0.391602 0.151611 0.452148 0.176514 0.391602 0.168457 0.390869 0.158936 0.282959 0.961426 0.627197 0.974609 0.650391 0.958496 0.640381 0.961426 0.627197 0.958496 0.640381 0.950684 0.638672 0.961426 0.627197 0.950684 0.638672 0.929443 0.592529 0.974609 0.650391 0.961426 0.627197 0.978516 0.636719 0.961426 0.627197 0.929443 0.592529 0.962891 0.603027 0.961426 0.627197 0.962891 0.603027 0.978516 0.636719 0.978516 0.636719 0.962891 0.603027 0.980469 0.618652 0.978516 0.636719 0.980469 0.618652 0.995605 0.633789 0.980469 0.618652 0.962891 0.603027 0.998779 0.526611 0.02124 0.5979 0.026611 0.507568 0.032227 0.541504 0.026611 0.507568 0.02124 0.5979 0.018311 0.501465 0.030273 0.293945 0.00708 0.349365 0.007568 0.331787 0.030273 0.293945 0.007568 0.331787 0.023438 0.257324 0.023438 0.257324 0.007568 0.331787 0.009521 0.240479 0.383057 0.9375 0.301758 0.931152 0.336426 0.905762 0.345703 0.963623 0.272461 0.936768 0.301758 0.931152 0.345703 0.963623 0.301758 0.931152 0.383057 0.9375 0.345703 0.963623 0.383057 0.9375 0.388184 0.959473 0.345703 0.963623 0.388184 0.959473 0.343018 0.984131 0.343018 0.984131 0.388184 0.959473 0.389893 0.980957 0.389893 0.980957 0.388184 0.959473 0.400635 0.973633 0.400635 0.973633 0.388184 0.959473 0.409912 0.957275 0.409912 0.957275 0.388184 0.959473 0.383057 0.9375 0.409912 0.957275 0.383057 0.9375 0.410156 0.936279 0.409912 0.957275 0.410156 0.936279 0.440918 0.952881 0.391846 0.915771 0.383057 0.9375 0.336426 0.905762 0.383057 0.9375 0.391846 0.915771 0.410156 0.936279 0.391846 0.915771 0.336426 0.905762 0.343994 0.880615 0.391846 0.915771 0.343994 0.880615 0.392822 0.872314 0.391846 0.915771 0.392822 0.872314 0.406006 0.886963 0.391846 0.915771 0.406006 0.886963 0.415283 0.896484 0.391846 0.915771 0.415283 0.896484 0.42627 0.924805 0.391846 0.915771 0.42627 0.924805 0.410156 0.936279 0.410156 0.936279 0.42627 0.924805 0.439697 0.93457 0.908691 0.338379 0.9021 0.320068 0.977539 0.320312 0.217773 0.325684 0.199219 0.268555 0.232666 0.317383 0.217773 0.325684 0.232666 0.317383 0.240723 0.345215 0.240723 0.345215 0.232666 0.317383 0.28125 0.313721 0.217773 0.325684 0.240723 0.345215 0.233887 0.387207 0.217773 0.325684 0.233887 0.387207 0.206543 0.462646 0.199463 0.491455 0.177246 0.479248 0.186035 0.469971 0.186035 0.469971 0.177246 0.479248 0.168213 0.447998 0.168213 0.447998 0.177246 0.479248 0.151611 0.460938 0.151611 0.460938 0.177246 0.479248 0.170166 0.500488 0.170166 0.500488 0.177246 0.479248 0.187744 0.518311 0.187744 0.518311 0.177246 0.479248 0.199463 0.491455 0.170166 0.500488 0.187744 0.518311 0.176758 0.521729 0.187744 0.518311 0.199463 0.491455 0.202148 0.521484 0.202148 0.521484 0.199463 0.491455 0.221191 0.536377 0.176758 0.521729 0.187744 0.518311 0.189209 0.568359 0.189209 0.568359 0.187744 0.518311 0.202148 0.521484 0.176758 0.521729 0.189209 0.568359 0.17334 0.543945 0.17334 0.543945 0.189209 0.568359 0.170654 0.580322 0.202148 0.521484 0.221191 0.536377 0.203125 0.576172 0.202148 0.521484 0.203125 0.576172 0.189209 0.568359 0.203125 0.576172 0.221191 0.536377 0.231445 0.553223 0.170654 0.580322 0.189209 0.568359 0.187988 0.593018 0.187988 0.593018 0.189209 0.568359 0.203125 0.576172 0.170654 0.580322 0.187988 0.593018 0.154785 0.600586 0.154785 0.600586 0.187988 0.593018 0.177979 0.60498 0.187988 0.593018 0.203125 0.576172 0.195557 0.650146 0.195557 0.650146 0.203125 0.576172 0.216064 0.589844 0.216064 0.589844 0.203125 0.576172 0.231445 0.553223 0.216064 0.589844 0.231445 0.553223 0.253174 0.604492 0.253174 0.604492 0.231445 0.553223 0.280273 0.584473 0.141602 0.049805 0.107178 0.052979 0.151367 0.031006 0.141602 0.049805 0.151367 0.031006 0.1875 0.019043 0.107178 0.052979 0.141602 0.049805 0.138184 0.084717 0.107178 0.052979 0.138184 0.084717 0.106689 0.09375 0.107178 0.052979 0.106689 0.09375 0.085938 0.108643 0.085938 0.108643 0.106689 0.09375 0.09375 0.132812 0.107178 0.052979 0.085938 0.108643 0.072266 0.079346 0.107178 0.052979 0.072266 0.079346 0.085938 0.033936 0.072266 0.079346 0.085938 0.108643 0.048584 0.113037 0.048584 0.113037 0.085938 0.108643 0.080566 0.123047 0.085938 0.033936 0.072266 0.079346 0.055664 0.045654 0.085938 0.033936 0.055664 0.045654 0.045166 0.019287 0.894775 0.868408 0.923828 0.866455 0.916504 0.907471 0.916504 0.907471 0.923828 0.866455 0.950928 0.88208 0.950928 0.88208 0.923828 0.866455 0.946777 0.855713 0.946777 0.855713 0.923828 0.866455 0.949707 0.843018 0.946777 0.855713 0.949707 0.843018 0.966553 0.860107 0.949707 0.843018 0.923828 0.866455 0.929932 0.802734 0.929932 0.802734 0.923828 0.866455 0.911133 0.802979 0.911133 0.802979 0.923828 0.866455 0.894775 0.868408 0.911133 0.802979 0.894775 0.868408 0.879639 0.799561 0.879639 0.799561 0.894775 0.868408 0.850342 0.828613 0.850342 0.828613 0.894775 0.868408 0.859619 0.908203 0.850342 0.828613 0.859619 0.908203 0.824219 0.810059 0.850342 0.828613 0.824219 0.810059 0.84375 0.802246 0.824219 0.810059 0.859619 0.908203 0.809814 0.832275 0.809814 0.832275 0.859619 0.908203 0.809326 0.886963 0.631592 0.805908 0.674805 0.818848 0.697754 0.838379 0.697754 0.838379 0.674805 0.818848 0.764404 0.795166 0.764404 0.795166 0.674805 0.818848 0.730469 0.776367 0.697754 0.838379 0.764404 0.795166 0.799805 0.815186 0.697754 0.838379 0.799805 0.815186 0.737793 0.841309 0.250977 0.652344 0.25293 0.674561 0.231689 0.646973 0.231689 0.646973 0.25293 0.674561 0.186279 0.658203 0.239014 0.618896 0.280762 0.63208 0.250977 0.652344 0.250977 0.652344 0.280762 0.63208 0.284668 0.653809 0.250977 0.652344 0.284668 0.653809 0.25293 0.674561 0.25293 0.674561 0.284668 0.653809 0.28125 0.670654 0.186279 0.658203 0.25293 0.674561 0.234375 0.704834 0.234375 0.704834 0.25293 0.674561 0.251465 0.697021 0.251465 0.697021 0.25293 0.674561 0.28125 0.670654 0.234375 0.704834 0.251465 0.697021 0.210938 0.823975 0.251465 0.697021 0.28125 0.670654 0.274902 0.691406 0.274902 0.691406 0.28125 0.670654 0.289307 0.695801 0.210938 0.823975 0.251465 0.697021 0.258545 0.751221 0.274902 0.691406 0.289307 0.695801 0.263916 0.709961 0.274902 0.691406 0.263916 0.709961 0.251465 0.697021 0.251465 0.697021 0.263916 0.709961 0.258545 0.751221 0.263916 0.709961 0.289307 0.695801 0.270508 0.724365 0.263916 0.709961 0.270508 0.724365 0.258545 0.751221 0.258545 0.751221 0.270508 0.724365 0.280029 0.745361 0.258545 0.751221 0.280029 0.745361 0.290771 0.781494 0.290771 0.781494 0.280029 0.745361 0.337158 0.782471 0.337158 0.782471 0.280029 0.745361 0.318848 0.747559 0.048584 0.45459 0.067871 0.400391 0.046875 0.546143 0.046875 0.546143 0.067871 0.400391 0.066162 0.49292 0.952637 0.891602 0.996094 0.908691 0.966064 0.940674 0.996094 0.908691 0.952637 0.891602 0.977295 0.857178 0.008301 0.078369 0.02002 0.036621 0.061768 0.072266 0.008301 0.078369 0.061768 0.072266 0.045654 0.103516 0.008301 0.078369 0.045654 0.103516 0.013916 0.125488 0.02124 0.335693 0.030762 0.310303 0.022461 0.388428 0.022461 0.388428 0.030762 0.310303 0.026855 0.417969 0.026855 0.417969 0.030762 0.310303 0.034424 0.362061 0.554199 0.393799 0.463623 0.349365 0.561768 0.339355 0.561768 0.339355 0.463623 0.349365 0.507812 0.29834 0.507812 0.29834 0.463623 0.349365 0.448486 0.308838 0.463623 0.349365 0.554199 0.393799 0.458008 0.41333 0.458008 0.41333 0.554199 0.393799 0.519775 0.431885 0.519775 0.431885 0.554199 0.393799 0.606934 0.446777 0.458008 0.41333 0.519775 0.431885 0.463135 0.456299 0.519775 0.431885 0.606934 0.446777 0.554932 0.48999 0.519775 0.431885 0.554932 0.48999 0.463135 0.456299 0.463135 0.456299 0.554932 0.48999 0.496094 0.503662 0.463135 0.456299 0.496094 0.503662 0.451172 0.476562 0.562988 0.538818 0.517822 0.539307 0.554932 0.48999 0.554932 0.48999 0.517822 0.539307 0.496094 0.503662 0.496094 0.503662 0.517822 0.539307 0.503418 0.53125 0.496094 0.503662 0.503418 0.53125 0.47998 0.552246 0.496094 0.503662 0.47998 0.552246 0.437012 0.524658 0.451172 0.476562 0.496094 0.503662 0.459961 0.500244 0.459961 0.500244 0.496094 0.503662 0.437012 0.524658 0.459961 0.500244 0.437012 0.524658 0.451172 0.476562 0.010742 0.809082 0.006592 0.750244 0.040039 0.790771 0.040039 0.790771 0.006592 0.750244 0.081055 0.774658 0.006592 0.750244 0.010742 0.809082 0 0.77124 0.016846 0.342773 0.016846 0.441162 0.011475 0.368652 0.47583 0.828125 0.594238 0.831299 0.542725 0.833984 0.594238 0.831299 0.47583 0.828125 0.498535 0.821533 0.47583 0.828125 0.542725 0.833984 0.513672 0.837646 0.47583 0.828125 0.513672 0.837646 0.42627 0.831543 0.107666 0.963135 0.095703 0.972168 0.052002 0.972656 0.095703 0.972168 0.107666 0.963135 0.157227 0.966553 0.095703 0.972168 0.157227 0.966553 0.165283 0.976074 0.158447 0.355225 0.118164 0.339844 0.135498 0.325439 0.118164 0.339844 0.158447 0.355225 0.141113 0.380615 0.135498 0.325439 0.118164 0.339844 0.115967 0.316406 0.118164 0.339844 0.141113 0.380615 0.104004 0.365723 0.115967 0.316406 0.118164 0.339844 0.092529 0.323242 0.118164 0.339844 0.104004 0.365723 0.103516 0.345459 0.118164 0.339844 0.103516 0.345459 0.092529 0.323242 0.092529 0.323242 0.103516 0.345459 0.104004 0.365723 0.115967 0.316406 0.092529 0.323242 0.077881 0.305664 0.115967 0.316406 0.077881 0.305664 0.106689 0.265869 0.106689 0.265869 0.077881 0.305664 0.081299 0.254883 0.081299 0.254883 0.077881 0.305664 0.052734 0.27002 0.052734 0.27002 0.077881 0.305664 0.047852 0.317383 0.077881 0.305664 0.092529 0.323242 0.069092 0.317871 0.077881 0.305664 0.069092 0.317871 0.047852 0.317383 0.069092 0.317871 0.092529 0.323242 0.086426 0.356689 0.086426 0.356689 0.092529 0.323242 0.104004 0.365723 0.047852 0.317383 0.069092 0.317871 0.064697 0.36377 0.064697 0.36377 0.069092 0.317871 0.086426 0.356689 0.064697 0.36377 0.086426 0.356689 0.104004 0.365723 0.047852 0.317383 0.064697 0.36377 0.050537 0.355225 0.050537 0.355225 0.064697 0.36377 0.064453 0.373047 0.064453 0.373047 0.064697 0.36377 0.104004 0.365723 0.050537 0.355225 0.064453 0.373047 0.063232 0.394531 0.063232 0.394531 0.064453 0.373047 0.086426 0.381836 0.086426 0.381836 0.064453 0.373047 0.104004 0.365723 0.086426 0.381836 0.104004 0.365723 0.084473 0.394531 0.492432 0.878174 0.515137 0.901367 0.499756 0.911377 0.492432 0.878174 0.499756 0.911377 0.463867 0.882812 0.496094 0.845459 0.518066 0.857178 0.492432 0.878174 0.492432 0.878174 0.463867 0.882812 0.468994 0.861084 0.492432 0.878174 0.468994 0.861084 0.496094 0.845459 0.496094 0.845459 0.468994 0.861084 0.475342 0.851318 0.496094 0.845459 0.475342 0.851318 0.466064 0.840576 0.466064 0.840576 0.475342 0.851318 0.468994 0.861084 0.466064 0.840576 0.468994 0.861084 0.44873 0.86377 0.44873 0.86377 0.468994 0.861084 0.463867 0.882812 0.466064 0.840576 0.44873 0.86377 0.422119 0.838867 0.44873 0.86377 0.463867 0.882812 0.446289 0.885742 0.422119 0.838867 0.44873 0.86377 0.380371 0.854004 0.44873 0.86377 0.446289 0.885742 0.407471 0.875 0.44873 0.86377 0.407471 0.875 0.380371 0.854004 0.745605 0.120605 0.82373 0.067383 0.839844 0.103271 0.839844 0.103271 0.82373 0.067383 0.893555 0.05957 0.893555 0.05957 0.82373 0.067383 0.876465 0.028076 0.839844 0.103271 0.893555 0.05957 0.858398 0.117432 0.858398 0.117432 0.893555 0.05957 0.913818 0.109375 0.858398 0.117432 0.913818 0.109375 0.898926 0.163574 0.898926 0.163574 0.913818 0.109375 0.967285 0.118652 0.967285 0.118652 0.913818 0.109375 0.937012 0.055908 0.937012 0.055908 0.913818 0.109375 0.893555 0.05957 0.937012 0.055908 0.893555 0.05957 0.939453 0.036133 0.03833 0.401367 0.037598 0.418701 0.02417 0.44458 0.02417 0.44458 0.037598 0.418701 0.022461 0.490234 0.022461 0.490234 0.037598 0.418701 0.03833 0.48999 0.022461 0.490234 0.03833 0.48999 0.026611 0.499756 0.104736 0.177246 0.106934 0.149414 0.118896 0.179443 0.104736 0.177246 0.118896 0.179443 0.10083 0.241211 0.118896 0.179443 0.106934 0.149414 0.130127 0.127197 0.10083 0.241211 0.118896 0.179443 0.124023 0.233154 0.10083 0.241211 0.124023 0.233154 0.12085 0.278076 0.12085 0.278076 0.124023 0.233154 0.139648 0.273193 0.124023 0.233154 0.118896 0.179443 0.131592 0.188232 0.139648 0.273193 0.124023 0.233154 0.142578 0.188721 0.142578 0.188721 0.124023 0.233154 0.131592 0.188232 0.131592 0.188232 0.118896 0.179443 0.13916 0.140381 0.13916 0.140381 0.118896 0.179443 0.130127 0.127197 0.131592 0.188232 0.13916 0.140381 0.142578 0.188721 0.13916 0.140381 0.130127 0.127197 0.141357 0.12207 0.141357 0.12207 0.130127 0.127197 0.111084 0.115479 0.13916 0.140381 0.141357 0.12207 0.149414 0.131836 0.149414 0.131836 0.141357 0.12207 0.151367 0.119629 0.13916 0.140381 0.149414 0.131836 0.158447 0.140381 0.158447 0.140381 0.149414 0.131836 0.151367 0.119629 0.13916 0.140381 0.158447 0.140381 0.142578 0.188721 0.158447 0.140381 0.151367 0.119629 0.163574 0.120117 0.158447 0.140381 0.163574 0.120117 0.166992 0.1521 0.158447 0.140381 0.166992 0.1521 0.155762 0.18335 0.158447 0.140381 0.155762 0.18335 0.142578 0.188721 0.142578 0.188721 0.155762 0.18335 0.159912 0.231445 0.142578 0.188721 0.159912 0.231445 0.139648 0.273193 0.159912 0.231445 0.155762 0.18335 0.181641 0.243408 0.139648 0.273193 0.159912 0.231445 0.1604 0.27832 0.1604 0.27832 0.159912 0.231445 0.181641 0.243408 0.306152 0.000244 0.362793 0.000244 0.352051 0.007324 0.360107 0.010498 0.380371 0.000977 0.402344 0.01001 0.355713 0.014404 0.298828 0.014404 0.320312 0.008301 0.040283 0.902344 0.032227 0.88208 0.036865 0.830811 0.036865 0.830811 0.032227 0.88208 0.023438 0.886475 0.107666 0.944336 0.158203 0.953369 0.107666 0.957764 0.107666 0.944336 0.107666 0.957764 0.044922 0.95752 0.649902 0.99585 0.710693 0.990479 0.725342 0.999268 0.967041 0.700195 0.997803 0.699463 0.964111 0.723145 0.000244 0.97168 0.025635 0.987549 0.000488 0.993896 0.025635 0.987549 0.000244 0.97168 0.029541 0.929932 0.025635 0.987549 0.029541 0.929932 0.051514 0.995117 0.699463 0.905029 0.693848 0.883789 0.723633 0.900879 0.693848 0.883789 0.699463 0.905029 0.671631 0.890869 0.693848 0.883789 0.671631 0.890869 0.645996 0.849365 0.645996 0.849365 0.671631 0.890869 0.649658 0.888184 0.645996 0.849365 0.649658 0.888184 0.630127 0.882324 0.645996 0.849365 0.630127 0.882324 0.622559 0.829834 0.645996 0.849365 0.622559 0.829834 0.635498 0.819824 0.622559 0.829834 0.630127 0.882324 0.58374 0.906006 0.18335 0.896973 0.161133 0.897461 0.170654 0.870117 0.18335 0.896973 0.170654 0.870117 0.210449 0.838867 0.18335 0.896973 0.210449 0.838867 0.227539 0.865479 0.18335 0.896973 0.227539 0.865479 0.194336 0.901855 0.227539 0.865479 0.210449 0.838867 0.244629 0.789551 0.227539 0.865479 0.244629 0.789551 0.260742 0.826172 0.227539 0.865479 0.260742 0.826172 0.273438 0.868652 0.273438 0.868652 0.260742 0.826172 0.303467 0.852051 0.273438 0.868652 0.303467 0.852051 0.327393 0.891113 0.327393 0.891113 0.303467 0.852051 0.351074 0.857666 0.273438 0.868652 0.327393 0.891113 0.285645 0.918213 0.566162 0.916504 0.557129 0.98291 0.559082 0.888672 0.557129 0.98291 0.566162 0.916504 0.597656 0.961426 0.597656 0.961426 0.566162 0.916504 0.597412 0.932129 0.597656 0.961426 0.597412 0.932129 0.624023 0.960205 0.597412 0.932129 0.566162 0.916504 0.611084 0.905029 0.624023 0.960205 0.597412 0.932129 0.63501 0.919922 0.63501 0.919922 0.597412 0.932129 0.611084 0.905029 0.322021 0.574707 0.344482 0.55542 0.353516 0.571533 0.344482 0.55542 0.322021 0.574707 0.310059 0.538818 0.310059 0.538818 0.322021 0.574707 0.294678 0.583984 0.294678 0.583984 0.322021 0.574707 0.318848 0.595703 0.318848 0.595703 0.322021 0.574707 0.353516 0.571533 0.318848 0.595703 0.353516 0.571533 0.341309 0.602783 0.341309 0.602783 0.353516 0.571533 0.382324 0.573975 0.318848 0.595703 0.341309 0.602783 0.3396 0.621338 0.341309 0.602783 0.382324 0.573975 0.376465 0.619629 0.341309 0.602783 0.376465 0.619629 0.3396 0.621338 0.3396 0.621338 0.376465 0.619629 0.322754 0.659424 0.322754 0.659424 0.376465 0.619629 0.343506 0.672363 0.343506 0.672363 0.376465 0.619629 0.394775 0.634521 0.322754 0.659424 0.343506 0.672363 0.293945 0.713867 0.343506 0.672363 0.394775 0.634521 0.362549 0.690918 0.343506 0.672363 0.362549 0.690918 0.293945 0.713867 0.362549 0.690918 0.394775 0.634521 0.4104 0.642822 0.293945 0.713867 0.362549 0.690918 0.32373 0.742676 0.32373 0.742676 0.362549 0.690918 0.348145 0.763428 0.362549 0.690918 0.4104 0.642822 0.393311 0.70874 0.348145 0.763428 0.362549 0.690918 0.369873 0.739014 0.369873 0.739014 0.362549 0.690918 0.393311 0.70874 0.369873 0.739014 0.393311 0.70874 0.403564 0.735352 0.369873 0.739014 0.403564 0.735352 0.393555 0.769775 0.074219 0.714355 0.047607 0.710449 0.093262 0.686279 0.074219 0.714355 0.093262 0.686279 0.081055 0.736084 0.074219 0.714355 0.081055 0.736084 0.047607 0.710449 0.047607 0.710449 0.081055 0.736084 0.021484 0.748047 0.021484 0.748047 0.081055 0.736084 0.063232 0.756836 0.796631 0.463867 0.852051 0.559082 0.73877 0.506348 0.796631 0.463867 0.73877 0.506348 0.665039 0.478516 0.796631 0.463867 0.665039 0.478516 0.611328 0.416016 0.796631 0.463867 0.611328 0.416016 0.967285 0.350586 0.852051 0.559082 0.796631 0.463867 0.859375 0.501953 0.859375 0.501953 0.796631 0.463867 0.967285 0.350586 0.852051 0.559082 0.859375 0.501953 0.96582 0.582031 0.96582 0.582031 0.859375 0.501953 0.967285 0.350586 0.883057 0.156738 0.9021 0.180908 0.855469 0.184082 0.855469 0.184082 0.9021 0.180908 0.906738 0.298096 0.906738 0.298096 0.9021 0.180908 0.967529 0.312744 0.855469 0.184082 0.906738 0.298096 0.887695 0.335205 0.855469 0.184082 0.887695 0.335205 0.813721 0.187012 0.855469 0.184082 0.813721 0.187012 0.860352 0.134277 0.813721 0.187012 0.887695 0.335205 0.802979 0.270508 0.860352 0.134277 0.813721 0.187012 0.790039 0.162842 0.790039 0.162842 0.813721 0.187012 0.802979 0.270508 0.790039 0.162842 0.802979 0.270508 0.748535 0.197266 0.790039 0.162842 0.748535 0.197266 0.732178 0.154541 0.748535 0.197266 0.802979 0.270508 0.763428 0.258545 0.732178 0.154541 0.748535 0.197266 0.70459 0.175537 0.748535 0.197266 0.763428 0.258545 0.730469 0.26709 0.748535 0.197266 0.730469 0.26709 0.70459 0.175537 0.83667 0.980957 0.842529 0.92749 0.889648 0.92749 0.83667 0.980957 0.889648 0.92749 0.908936 0.981445 0.908936 0.981445 0.889648 0.92749 0.947266 0.900391 0.908936 0.981445 0.947266 0.900391 0.972656 0.984375 0.623291 0.893555 0.704346 0.912109 0.655029 0.934326 0.655029 0.934326 0.704346 0.912109 0.659912 0.954834 0.655029 0.934326 0.659912 0.954834 0.6521 0.986084 0.627197 0.817139 0.592529 0.809082 0.603271 0.785156 0.603271 0.785156 0.592529 0.809082 0.558594 0.778809 0.558594 0.778809 0.592529 0.809082 0.565186 0.797119 0.558594 0.778809 0.565186 0.797119 0.448242 0.819092 0.558594 0.778809 0.448242 0.819092 0.56665 0.760254 0.786133 0.046387 0.861816 0.020264 0.806152 0.070312 0.786133 0.046387 0.806152 0.070312 0.75 0.105469 0.786133 0.046387 0.75 0.105469 0.719971 0.020508 0.321289 0.800049 0.286377 0.83374 0.251465 0.772949 0.286377 0.83374 0.321289 0.800049 0.362061 0.842773 0.362061 0.842773 0.321289 0.800049 0.394043 0.774902 0.362061 0.842773 0.394043 0.774902 0.421387 0.83374 0.229248 0.082275 0.201416 0 0.274414 0.040527 0.274414 0.040527 0.201416 0 0.300537 0.000977 0.96875 0.104736 0.94165 0.021973 0.999023 0.022705 0.037109 0.708252 0.015625 0.671143 0.100098 0.674072 0.976807 0.302002 0.958008 0.276367 0.998047 0.247314 0.976807 0.302002 0.998047 0.247314 1 0.301758 0.114502 0.572266 0.175781 0.62915 0.053711 0.665771 0.114502 0.572266 0.053711 0.665771 0.077148 0.589355 0.077148 0.589355 0.053711 0.665771 0.044678 0.555664 0.077148 0.589355 0.044678 0.555664 0.114502 0.572266 0.114502 0.572266 0.044678 0.555664 0.076904 0.532959 0.114502 0.572266 0.076904 0.532959 0.127197 0.486084 0.730957 0.999023 0.779053 0.953125 0.834473 1 0.834473 1 0.779053 0.953125 0.821533 0.904785 0.779053 0.953125 0.730957 0.999023 0.726074 0.905518 0.779053 0.953125 0.726074 0.905518 0.821533 0.904785 0.153076 0.878418 0.044922 0.933594 0.077393 0.86377 0.077393 0.86377 0.044922 0.933594 0.045898 0.794434 0.077393 0.86377 0.045898 0.794434 0.153076 0.878418 0.945801 0.819824 0.998779 0.819824 0.970459 0.852539 0.171143 0.974121 0.189941 0.956787 0.283203 0.94873 0.189941 0.956787 0.171143 0.974121 0.161865 0.946045 0.219971 0.446289 0.256592 0.434082 0.236084 0.458496 0.256592 0.434082 0.219971 0.446289 0.278809 0.33374 0.236084 0.458496 0.256592 0.434082 0.243408 0.479736 0.243408 0.479736 0.256592 0.434082 0.287109 0.464844 0.243408 0.479736 0.287109 0.464844 0.257324 0.508789 0.243408 0.479736 0.257324 0.508789 0.221436 0.52124 0.221436 0.52124 0.257324 0.508789 0.258301 0.523926 0.181396 0.13501 0.172852 0.205811 0.173584 0.123047 0.181396 0.13501 0.173584 0.123047 0.199219 0.106934 0.199219 0.106934 0.173584 0.123047 0.199707 0.09375 0.199219 0.106934 0.199707 0.09375 0.219238 0.071045 0.219238 0.071045 0.199707 0.09375 0.189453 0.077881 0.189453 0.077881 0.199707 0.09375 0.173584 0.123047 0.189453 0.077881 0.173584 0.123047 0.168457 0.104492 0.189453 0.077881 0.168457 0.104492 0.172363 0.037109 0.172363 0.037109 0.168457 0.104492 0.145508 0.068848 0.703613 0.869385 0.641357 0.81958 0.709229 0.850586 0.746338 0.898438 0.717773 0.889893 0.703613 0.869385 0.746338 0.898438 0.703613 0.869385 0.727783 0.876221 0.727783 0.876221 0.703613 0.869385 0.709229 0.850586 0.746338 0.898438 0.727783 0.876221 0.758545 0.884521 0.758545 0.884521 0.727783 0.876221 0.727051 0.862305 0.727051 0.862305 0.727783 0.876221 0.709229 0.850586 0.758545 0.884521 0.727051 0.862305 0.775635 0.865967 0.775635 0.865967 0.727051 0.862305 0.709229 0.850586 0.775635 0.865967 0.709229 0.850586 0.73999 0.846191 0.339111 0.968262 0.206787 0.972412 0.311523 0.958252 0.206787 0.972412 0.339111 0.968262 0.317871 0.976807 0.048584 0.665771 0.000977 0.641357 0.044434 0.639404 0.044434 0.639404 0.000977 0.641357 0.037842 0.618652 0.037842 0.618652 0.000977 0.641357 0.030762 0.602295 0.008789 0.411133 0.013184 0.460449 0.004883 0.506104</float_array>
          <technique_common>
            <accessor source="#ArchersArm-mesh-map-0-array" count="2229" stride="2">
              <param name="S" type="float"/>
              <param name="T" type="float"/>
            </accessor>
          </technique_common>
        </source>
        <vertices id="ArchersArm-mesh-vertices">
          <input semantic="POSITION" source="#ArchersArm-mesh-positions"/>
        </vertices>
        <polylist material="Material_-1-material" count="6">
          <input semantic="VERTEX" source="#ArchersArm-mesh-vertices" offset="0"/>
          <input semantic="NORMAL" source="#ArchersArm-mesh-normals" offset="1"/>
          <input semantic="TEXCOORD" source="#ArchersArm-mesh-map-0" offset="2" set="0"/>
          <vcount>3 3 3 3 3 3 3 3 3 3 3 3 3 3 3 3 3 3 3 3 3 3 3 3 3 3 3 3 3 3 3 3 3 3 3 3 3 3 3 3 3 3 3 3 3 3 3 3 3 3 3 3 3 3 3 3 3 3 3 3 3 3 3 3 3 3 3 3 3 3 3 3 3 3 3 3 3 3 3 3 3 3 3 3 3 3 3 3 3 3 3 3 3 3 3 3 3 3 3 3 3 3 3 3 3 3 3 3 3 3 3 3 3 3 3 3 3 3 3 3 3 3 3 3 3 3 3 3 3 3 3 3 3 3 3 3 3 3 3 3 3 3 3 3 3 3 3 3 3 3 3 3 3 3 3 3 3 3 3 3 3 3 3 3 3 3 3 3 3 3 3 3 3 3 3 3 3 3 3 3 3 3 3 3 3 3 3 3 3 3 3 3 3 3 3 3 3 3 3 3 3 3 3 3 3 3 3 3 3 3 3 3 3 3 3 3 3 3 3 3 3 3 3 3 3 3 3 3 3 3 3 3 3 3 3 3 3 3 3 3 3 3 3 3 3 3 3 3 3 3 3 3 3 3 3 3 3 3 3 3 3 3 3 3 3 3 3 3 3 3 3 3 3 3 3 3 3 3 3 3 3 3 3 3 3 3 3 3 3 3 3 3 3 3 3 3 3 3 3 3 3 3 3 3 3 3 3 3 3 3 3 3 3 3 3 3 3 3 3 3 3 3 3 3 3 3 3 3 3 3 3 3 3 3 3 3 3 3 3 3 3 3 3 3 3 3 3 3 3 3 3 3 3 3 3 3 3 3 3 3 3 3 3 3 3 3 3 3 3 3 3 3 3 3 3 3 3 3 3 3 3 3 3 3 3 3 3 3 3 3 3 3 3 3 3 3 3 3 3 3 3 3 3 3 3 3 3 3 3 3 3 3 3 3 3 3 3 3 3 3 3 3 3 3 3 3 3 3 3 3 3 3 3 3 3 3 3 3 3 3 3 3 3 3 3 3 3 3 3 3 3 3 3 3 3 3 3 3 3 3 3 3 3 3 3 3 3 3 3 3 3 3 3 3 3 3 3 3 3 3 3 3 3 3 3 3 3 3 3 3 3 3 3 3 3 3 3 3 3 3 3 3 3 3 3 3 3 3 3 3 3 3 3 3 3 3 3 3 3 3 3 3 3 3 3 3 3 3 3 3 3 3 3 3 3 3 3 3 3 3 3 3 3 3 3 3 3 3 3 3 3 3 3 3 3 3 3 3 3 3 3 3 3 3 3 3 3 3 3 3 3 3 3 3 3 3 3 3 3 3 3 3 3 3 3 3 3 3 3 3 3 3 3 3 3 3 3 3 3 3 3 3 3 3 3 3 3 3 3 3 3 3 3 3 3 3 3 3 3 3 3 3 3 3 3 3 3 3 3 3 3 3 3 3 3 3 3 3 3 3 3 3 3 3 3 3 3 3 3 3 3 3 3 3 3 3 3 3 3 3 3 3 3 3 3 3 3 3 3 3 3 3 3 3 3 3 3 3 3 3 3 3 3 3 3 3 3 3 3 3 3 3 3 3 3 3 3 3 3 3 3 3 3 3 3 3 3 3 3 3 3 3 3 3 3 3 3 3 3 3 3 3 3 3 3 3 3 3 3 3 3 3 3 3 3 3 3 3 3 3 3 3 3</vcount>
          <p>0 0 0 1 0 1 2 0 2 2 1 3 1 1 4 3 1 5 3 2 6 1 2 7 0 2 8 2 3 9 3 3 10 4 3 11 4 4 12 3 4 13 5 4 14 2 5 15 4 5 16 6 5 17 6 6 18 4 6 19 5 6 20 5 7 21 3 7 22 7 7 23 6 8 24 5 8 25 8 8 26 7 9 27 3 9 28 9 9 29 9 10 30 3 10 31 0 10 32 7 11 33 9 11 34 10 11 35 10 12 36 9 12 37 11 12 38 2 13 39 6 13 40 12 13 41 12 14 42 6 14 43 8 14 44 2 15 45 12 15 46 0 15 47 9 16 48 0 16 49 13 16 50 9 17 51 13 17 52 11 17 53 11 18 54 13 18 55 14 18 56 11 19 57 14 19 58 15 19 59 15 20 60 14 20 61 16 20 62 14 21 63 13 21 64 17 21 65 17 22 66 13 22 67 0 22 68 17 23 69 0 23 70 12 23 71 17 24 72 12 24 73 18 24 74 18 25 75 12 25 76 8 25 77 17 26 78 18 26 79 19 26 80 18 27 81 8 27 82 20 27 83 19 28 84 18 28 85 21 28 86 21 29 87 18 29 88 20 29 89 20 30 90 8 30 91 22 30 92 20 31 93 22 31 94 21 31 95 21 32 96 22 32 97 23 32 98 22 33 99 8 33 100 24 33 101 23 34 102 22 34 103 25 34 104 25 35 105 22 35 106 24 35 107 23 36 108 25 36 109 26 36 110 26 37 111 25 37 112 27 37 113 24 38 114 8 38 115 5 38 116 25 39 117 24 39 118 28 39 119 27 40 120 25 40 121 29 40 122 29 41 123 25 41 124 28 41 125 27 42 126 29 42 127 30 42 128 28 43 129 24 43 130 31 43 131 28 44 132 31 44 133 29 44 134 24 45 135 5 45 136 32 45 137 24 46 138 32 46 139 31 46 140 32 47 141 5 47 142 7 47 143 32 48 144 7 48 145 10 48 146 11 49 147 30 49 148 10 49 149 30 50 150 11 50 151 15 50 152 32 51 153 10 51 154 33 51 155 33 52 156 10 52 157 30 52 158 32 53 159 33 53 160 31 53 161 33 54 162 30 54 163 29 54 164 33 55 165 29 55 166 31 55 167 14 56 168 17 56 169 34 56 170 35 57 171 16 57 172 14 57 173 35 58 174 14 58 175 36 58 176 36 59 177 14 59 178 34 59 179 36 60 180 34 60 181 37 60 182 34 61 183 17 61 184 38 61 185 38 62 186 17 62 187 19 62 188 37 63 189 34 63 190 39 63 191 39 64 192 34 64 193 38 64 194 37 65 195 39 65 196 40 65 197 40 66 198 39 66 199 41 66 200 40 67 201 41 67 202 42 67 203 41 68 204 39 68 205 43 68 206 41 69 207 43 69 208 44 69 209 43 70 210 39 70 211 38 70 212 43 71 213 38 71 214 45 71 215 45 72 216 38 72 217 46 72 218 46 73 219 38 73 220 47 73 221 47 74 222 38 74 223 19 74 224 47 75 225 19 75 226 21 75 227 47 76 228 21 76 229 23 76 230 47 77 231 23 77 232 26 77 233 35 78 234 48 78 235 49 78 236 48 79 237 35 79 238 36 79 239 49 80 240 48 80 241 50 80 242 48 81 243 36 81 244 51 81 245 51 82 246 36 82 247 37 82 248 51 83 249 37 83 250 40 83 251 52 84 252 50 84 253 53 84 254 53 85 255 50 85 256 54 85 257 54 86 258 50 86 259 48 86 260 53 87 261 54 87 262 55 87 263 55 88 264 54 88 265 56 88 266 54 89 267 48 89 268 57 89 269 54 90 270 57 90 271 56 90 272 57 91 273 48 91 274 51 91 275 56 92 276 57 92 277 58 92 278 58 93 279 57 93 280 59 93 281 59 94 282 57 94 283 60 94 284 60 95 285 57 95 286 51 95 287 59 96 288 60 96 289 61 96 290 61 97 291 60 97 292 62 97 293 62 98 294 60 98 295 51 98 296 61 99 297 62 99 298 63 99 299 63 100 300 62 100 301 64 100 302 64 101 303 62 101 304 65 101 305 65 102 306 62 102 307 51 102 308 65 103 309 51 103 310 66 103 311 65 104 312 66 104 313 67 104 314 66 105 315 51 105 316 40 105 317 67 106 318 66 106 319 42 106 320 42 107 321 66 107 322 40 107 323 16 108 324 68 108 325 15 108 326 69 109 327 70 109 328 68 109 329 15 110 330 68 110 331 71 110 332 68 111 333 70 111 334 72 111 335 68 112 336 72 112 337 71 112 338 72 113 339 70 113 340 73 113 341 73 114 342 70 114 343 74 114 344 73 115 345 74 115 346 75 115 347 73 116 348 75 116 349 72 116 350 75 117 351 74 117 352 76 117 353 72 118 354 75 118 355 77 118 356 72 119 357 77 119 358 71 119 359 77 120 360 75 120 361 76 120 362 46 121 363 15 121 364 71 121 365 46 122 366 71 122 367 77 122 368 46 123 369 77 123 370 76 123 371 46 124 372 76 124 373 45 124 374 15 125 375 46 125 376 30 125 377 30 126 378 46 126 379 27 126 380 27 127 381 46 127 382 26 127 383 26 128 384 46 128 385 47 128 386 35 129 387 69 129 388 16 129 389 16 130 390 69 130 391 68 130 392 69 131 393 35 131 394 78 131 395 69 132 396 78 132 397 70 132 398 78 133 399 35 133 400 79 133 401 78 134 402 79 134 403 80 134 404 80 135 405 79 135 406 81 135 407 81 136 408 79 136 409 35 136 410 80 137 411 81 137 412 82 137 413 82 138 414 81 138 415 83 138 416 81 139 417 35 139 418 84 139 419 81 140 420 84 140 421 83 140 422 84 141 423 35 141 424 49 141 425 83 142 426 84 142 427 85 142 428 83 143 429 85 143 430 86 143 431 86 144 432 85 144 433 87 144 434 87 145 435 85 145 436 88 145 437 88 146 438 85 146 439 84 146 440 88 147 441 84 147 442 49 147 443 88 148 444 49 148 445 50 148 446 88 149 447 50 149 448 52 149 449 45 150 450 44 150 451 43 150 452 44 151 453 45 151 454 74 151 455 74 152 456 45 152 457 76 152 458 44 153 459 74 153 460 89 153 461 89 154 462 74 154 463 70 154 464 89 155 465 70 155 466 78 155 467 89 156 468 78 156 469 80 156 470 89 157 471 80 157 472 42 157 473 89 158 474 42 158 475 44 158 476 44 159 477 42 159 478 41 159 479 55 160 480 90 160 481 53 160 482 53 161 483 90 161 484 52 161 485 52 162 486 90 162 487 91 162 488 90 163 489 55 163 490 92 163 491 92 164 492 55 164 493 93 164 494 90 165 495 92 165 496 94 165 497 94 166 498 92 166 499 93 166 500 90 167 501 94 167 502 95 167 503 93 168 504 55 168 505 56 168 506 95 169 507 94 169 508 96 169 509 96 170 510 94 170 511 97 170 512 97 171 513 94 171 514 93 171 515 96 172 516 97 172 517 98 172 518 93 173 519 56 173 520 99 173 521 93 174 522 99 174 523 97 174 524 99 175 525 56 175 526 58 175 527 97 176 528 99 176 529 100 176 530 97 177 531 100 177 532 101 177 533 99 178 534 58 178 535 102 178 536 99 179 537 102 179 538 100 179 539 102 180 540 58 180 541 59 180 542 102 181 543 59 181 544 61 181 545 100 182 546 102 182 547 103 182 548 103 183 549 102 183 550 61 183 551 101 184 552 100 184 553 104 184 554 104 185 555 100 185 556 103 185 557 101 186 558 104 186 559 105 186 560 105 187 561 104 187 562 106 187 563 106 188 564 104 188 565 103 188 566 106 189 567 103 189 568 61 189 569 106 190 570 61 190 571 63 190 572 107 191 573 106 191 574 63 191 575 106 192 576 107 192 577 105 192 578 105 193 579 107 193 580 108 193 581 107 194 582 63 194 583 109 194 584 108 195 585 107 195 586 110 195 587 110 196 588 107 196 589 109 196 590 109 197 591 63 197 592 111 197 593 109 198 594 111 198 595 110 198 596 111 199 597 63 199 598 64 199 599 111 200 600 64 200 601 112 200 602 110 201 603 111 201 604 113 201 605 110 202 606 113 202 607 108 202 608 113 203 609 111 203 610 112 203 611 108 204 612 113 204 613 114 204 614 108 205 615 114 205 616 115 205 617 114 206 618 113 206 619 116 206 620 116 207 621 113 207 622 112 207 623 114 208 624 116 208 625 117 208 626 117 209 627 116 209 628 118 209 629 118 210 630 116 210 631 119 210 632 119 211 633 116 211 634 120 211 635 120 212 636 116 212 637 112 212 638 120 213 639 112 213 640 121 213 641 120 214 642 121 214 643 122 214 644 121 215 645 112 215 646 123 215 647 122 216 648 121 216 649 124 216 650 121 217 651 123 217 652 86 217 653 121 218 654 86 218 655 124 218 656 124 219 657 86 219 658 87 219 659 124 220 660 87 220 661 125 220 662 125 221 663 87 221 664 88 221 665 65 222 666 67 222 667 123 222 668 65 223 669 123 223 670 64 223 671 64 224 672 123 224 673 112 224 674 123 225 675 67 225 676 82 225 677 82 226 678 67 226 679 80 226 680 80 227 681 67 227 682 42 227 683 123 228 684 82 228 685 83 228 686 123 229 687 83 229 688 86 229 689 95 230 690 96 230 691 98 230 692 91 231 693 90 231 694 95 231 695 91 232 696 95 232 697 126 232 698 95 233 699 98 233 700 127 233 701 95 234 702 127 234 703 126 234 704 127 235 705 98 235 706 128 235 707 127 236 708 128 236 709 129 236 710 127 237 711 129 237 712 126 237 713 128 238 714 98 238 715 130 238 716 126 239 717 129 239 718 131 239 719 126 240 720 131 240 721 132 240 722 126 241 723 132 241 724 91 241 725 132 242 726 131 242 727 133 242 728 130 243 729 98 243 730 134 243 731 134 244 732 98 244 733 97 244 734 134 245 735 97 245 736 101 245 737 130 246 738 134 246 739 135 246 740 135 247 741 134 247 742 101 247 743 130 248 744 135 248 745 136 248 746 135 249 747 101 249 748 105 249 749 136 250 750 135 250 751 137 250 752 135 251 753 105 251 754 108 251 755 137 252 756 135 252 757 138 252 758 138 253 759 135 253 760 108 253 761 137 254 762 138 254 763 139 254 764 138 255 765 108 255 766 115 255 767 138 256 768 115 256 769 139 256 770 139 257 771 115 257 772 117 257 773 139 258 774 117 258 775 140 258 776 117 259 777 115 259 778 114 259 779 141 260 780 142 260 781 133 260 782 142 261 783 141 261 784 140 261 785 133 262 786 142 262 787 143 262 788 133 263 789 143 263 790 132 263 791 142 264 792 140 264 793 144 264 794 142 265 795 144 265 796 143 265 797 144 266 798 140 266 799 118 266 800 118 267 801 140 267 802 117 267 803 144 268 804 118 268 805 119 268 806 144 269 807 119 269 808 143 269 809 143 270 810 119 270 811 132 270 812 132 271 813 119 271 814 125 271 815 132 272 816 125 272 817 91 272 818 91 273 819 125 273 820 52 273 821 125 274 822 119 274 823 122 274 824 125 275 825 122 275 826 124 275 827 122 276 828 119 276 829 120 276 830 52 277 831 125 277 832 88 277 833 130 278 834 136 278 835 145 278 836 130 279 837 145 279 838 128 279 839 128 280 840 145 280 841 146 280 842 128 281 843 146 281 844 129 281 845 145 282 846 136 282 847 147 282 848 147 283 849 136 283 850 148 283 851 148 284 852 136 284 853 137 284 854 145 285 855 147 285 856 149 285 857 145 286 858 149 286 859 146 286 860 148 287 861 137 287 862 139 287 863 149 288 864 147 288 865 150 288 866 150 289 867 147 289 868 148 289 869 146 290 870 149 290 871 151 290 872 148 291 873 139 291 874 152 291 875 152 292 876 139 292 877 141 292 878 141 293 879 139 293 880 140 293 881 152 294 882 141 294 883 153 294 884 148 295 885 152 295 886 154 295 887 154 296 888 152 296 889 153 296 890 148 297 891 154 297 892 150 297 893 154 298 894 153 298 895 155 298 896 154 299 897 155 299 898 156 299 899 154 300 900 156 300 901 157 300 902 154 301 903 157 301 904 158 301 905 150 302 906 154 302 907 159 302 908 159 303 909 154 303 910 158 303 911 150 304 912 159 304 913 149 304 914 159 305 915 158 305 916 160 305 917 149 306 918 159 306 919 151 306 920 151 307 921 159 307 922 160 307 923 161 308 924 151 308 925 162 308 926 151 309 927 161 309 928 163 309 929 151 310 930 163 310 931 146 310 932 146 311 933 163 311 934 164 311 935 164 312 936 163 312 937 161 312 938 146 313 939 164 313 940 129 313 941 129 314 942 164 314 943 165 314 944 165 315 945 164 315 946 161 315 947 129 316 948 165 316 949 131 316 950 131 317 951 165 317 952 141 317 953 131 318 954 141 318 955 133 318 956 165 319 957 161 319 958 166 319 959 165 320 960 166 320 961 141 320 962 166 321 963 161 321 964 155 321 965 141 322 966 166 322 967 153 322 968 153 323 969 166 323 970 155 323 971 167 324 972 168 324 973 169 324 974 168 325 975 167 325 976 170 325 977 169 326 978 168 326 979 171 326 980 167 327 981 169 327 982 172 327 983 172 328 984 169 328 985 173 328 986 172 329 987 173 329 988 170 329 989 170 330 990 173 330 991 168 330 992 174 331 993 175 331 994 176 331 995 176 332 996 175 332 997 177 332 998 174 333 999 176 333 1000 178 333 1001 178 334 1002 176 334 1003 177 334 1004 171 335 1005 179 335 1006 169 335 1007 179 336 1008 171 336 1009 168 336 1010 180 337 1011 178 337 1012 177 337 1013 180 338 1014 177 338 1015 175 338 1016 180 339 1017 175 339 1018 181 339 1019 178 340 1020 180 340 1021 174 340 1022 180 341 1023 181 341 1024 182 341 1025 180 342 1026 182 342 1027 174 342 1028 174 343 1029 182 343 1030 183 343 1031 174 344 1032 183 344 1033 175 344 1034 183 345 1035 182 345 1036 184 345 1037 179 346 1038 173 346 1039 169 346 1040 173 347 1041 179 347 1042 168 347 1043 181 348 1044 175 348 1045 183 348 1046 181 349 1047 183 349 1048 185 349 1049 185 350 1050 183 350 1051 184 350 1052 186 351 1053 181 351 1054 185 351 1055 187 352 1056 182 352 1057 181 352 1058 187 353 1059 181 353 1060 186 353 1061 187 354 1062 186 354 1063 188 354 1064 187 355 1065 188 355 1066 184 355 1067 184 356 1068 188 356 1069 189 356 1070 189 357 1071 188 357 1072 190 357 1073 190 358 1074 188 358 1075 191 358 1076 191 359 1077 188 359 1078 186 359 1079 191 360 1080 186 360 1081 192 360 1082 191 361 1083 192 361 1084 193 361 1085 194 362 1086 186 362 1087 185 362 1088 186 363 1089 194 363 1090 192 363 1091 194 364 1092 185 364 1093 184 364 1094 194 365 1095 184 365 1096 189 365 1097 194 366 1098 189 366 1099 195 366 1100 194 367 1101 195 367 1102 196 367 1103 194 368 1104 196 368 1105 197 368 1106 194 369 1107 197 369 1108 192 369 1109 192 370 1110 197 370 1111 198 370 1112 187 371 1113 184 371 1114 182 371 1115 193 372 1116 192 372 1117 198 372 1118 193 373 1119 198 373 1120 199 373 1121 199 374 1122 198 374 1123 197 374 1124 193 375 1125 199 375 1126 200 375 1127 193 376 1128 200 376 1129 201 376 1130 157 377 1131 202 377 1132 158 377 1133 158 378 1134 202 378 1135 160 378 1136 160 379 1137 202 379 1138 203 379 1139 203 380 1140 202 380 1141 204 380 1142 204 381 1143 202 381 1144 205 381 1145 205 382 1146 202 382 1147 157 382 1148 204 383 1149 205 383 1150 206 383 1151 205 384 1152 157 384 1153 207 384 1154 207 385 1155 157 385 1156 156 385 1157 206 386 1158 205 386 1159 208 386 1160 208 387 1161 205 387 1162 207 387 1163 206 388 1164 208 388 1165 209 388 1166 209 389 1167 208 389 1168 210 389 1169 207 390 1170 156 390 1171 211 390 1172 207 391 1173 211 391 1174 208 391 1175 211 392 1176 156 392 1177 155 392 1178 210 393 1179 208 393 1180 212 393 1181 212 394 1182 208 394 1183 211 394 1184 210 395 1185 212 395 1186 213 395 1187 213 396 1188 212 396 1189 214 396 1190 212 397 1191 211 397 1192 215 397 1193 215 398 1194 211 398 1195 216 398 1196 216 399 1197 211 399 1198 155 399 1199 216 400 1200 155 400 1201 162 400 1202 162 401 1203 155 401 1204 161 401 1205 217 402 1206 203 402 1207 204 402 1208 217 403 1209 204 403 1210 218 403 1211 203 404 1212 217 404 1213 219 404 1214 203 405 1215 219 405 1216 220 405 1217 203 406 1218 220 406 1219 214 406 1220 214 407 1221 220 407 1222 221 407 1223 203 408 1224 214 408 1225 216 408 1226 203 409 1227 216 409 1228 160 409 1229 216 410 1230 214 410 1231 222 410 1232 222 411 1233 214 411 1234 212 411 1235 160 412 1236 216 412 1237 162 412 1238 160 413 1239 162 413 1240 151 413 1241 219 414 1242 223 414 1243 220 414 1244 220 415 1245 223 415 1246 221 415 1247 221 416 1248 223 416 1249 224 416 1250 224 417 1251 223 417 1252 225 417 1253 224 418 1254 225 418 1255 226 418 1256 225 419 1257 223 419 1258 227 419 1259 227 420 1260 223 420 1261 228 420 1262 228 421 1263 223 421 1264 219 421 1265 228 422 1266 219 422 1267 229 422 1268 229 423 1269 219 423 1270 230 423 1271 230 424 1272 219 424 1273 217 424 1274 230 425 1275 217 425 1276 231 425 1277 230 426 1278 231 426 1279 232 426 1280 231 427 1281 217 427 1282 233 427 1283 233 428 1284 217 428 1285 218 428 1286 216 429 1287 222 429 1288 215 429 1289 215 430 1290 222 430 1291 234 430 1292 234 431 1293 222 431 1294 235 431 1295 215 432 1296 234 432 1297 236 432 1298 215 433 1299 236 433 1300 235 433 1301 213 434 1302 237 434 1303 210 434 1304 210 435 1305 237 435 1306 209 435 1307 214 436 1308 238 436 1309 213 436 1310 213 437 1311 238 437 1312 239 437 1313 213 438 1314 239 438 1315 237 438 1316 237 439 1317 239 439 1318 240 439 1319 209 440 1320 237 440 1321 201 440 1322 201 441 1323 237 441 1324 241 441 1325 241 442 1326 237 442 1327 240 442 1328 201 443 1329 241 443 1330 193 443 1331 241 444 1332 240 444 1333 242 444 1334 242 445 1335 240 445 1336 243 445 1337 193 446 1338 241 446 1339 244 446 1340 242 447 1341 243 447 1342 245 447 1343 242 448 1344 245 448 1345 241 448 1346 241 449 1347 245 449 1348 244 449 1349 245 450 1350 243 450 1351 246 450 1352 245 451 1353 246 451 1354 244 451 1355 244 452 1356 246 452 1357 247 452 1358 244 453 1359 247 453 1360 248 453 1361 248 454 1362 247 454 1363 249 454 1364 249 455 1365 247 455 1366 250 455 1367 215 456 1368 235 456 1369 212 456 1370 212 457 1371 235 457 1372 222 457 1373 251 458 1374 252 458 1375 253 458 1376 252 459 1377 251 459 1378 254 459 1379 253 460 1380 252 460 1381 254 460 1382 253 461 1383 254 461 1384 255 461 1385 253 462 1386 255 462 1387 251 462 1388 234 463 1389 235 463 1390 256 463 1391 256 464 1392 235 464 1393 257 464 1394 257 465 1395 235 465 1396 236 465 1397 258 466 1398 251 466 1399 259 466 1400 259 467 1401 251 467 1402 260 467 1403 260 468 1404 251 468 1405 261 468 1406 251 469 1407 258 469 1408 254 469 1409 254 470 1410 258 470 1411 262 470 1412 262 471 1413 258 471 1414 263 471 1415 254 472 1416 262 472 1417 264 472 1418 262 473 1419 263 473 1420 265 473 1421 262 474 1422 265 474 1423 264 474 1424 264 475 1425 265 475 1426 266 475 1427 264 476 1428 266 476 1429 267 476 1430 268 477 1431 269 477 1432 265 477 1433 265 478 1434 269 478 1435 266 478 1436 266 479 1437 269 479 1438 270 479 1439 266 480 1440 270 480 1441 271 480 1442 266 481 1443 271 481 1444 272 481 1445 267 482 1446 266 482 1447 273 482 1448 273 483 1449 266 483 1450 272 483 1451 273 484 1452 272 484 1453 267 484 1454 224 485 1455 238 485 1456 221 485 1457 221 486 1458 238 486 1459 214 486 1460 238 487 1461 224 487 1462 274 487 1463 234 488 1464 275 488 1465 236 488 1466 276 489 1467 234 489 1468 256 489 1469 234 490 1470 276 490 1471 275 490 1472 276 491 1473 256 491 1474 257 491 1475 276 492 1476 257 492 1477 277 492 1478 275 493 1479 257 493 1480 236 493 1481 257 494 1482 275 494 1483 278 494 1484 257 495 1485 278 495 1486 277 495 1487 259 496 1488 279 496 1489 280 496 1490 279 497 1491 259 497 1492 260 497 1493 280 498 1494 279 498 1495 281 498 1496 279 499 1497 260 499 1498 282 499 1499 281 500 1500 279 500 1501 283 500 1502 279 501 1503 282 501 1504 284 501 1505 279 502 1506 284 502 1507 283 502 1508 283 503 1509 284 503 1510 282 503 1511 281 504 1512 283 504 1513 285 504 1514 281 505 1515 285 505 1516 286 505 1517 286 506 1518 285 506 1519 287 506 1520 287 507 1521 285 507 1522 288 507 1523 288 508 1524 285 508 1525 289 508 1526 285 509 1527 283 509 1528 290 509 1529 285 510 1530 290 510 1531 289 510 1532 290 511 1533 283 511 1534 291 511 1535 291 512 1536 283 512 1537 282 512 1538 289 513 1539 290 513 1540 292 513 1541 292 514 1542 290 514 1543 291 514 1544 292 515 1545 291 515 1546 282 515 1547 289 516 1548 292 516 1549 293 516 1550 293 517 1551 292 517 1552 294 517 1553 294 518 1554 292 518 1555 282 518 1556 293 519 1557 294 519 1558 265 519 1559 265 520 1560 294 520 1561 268 520 1562 268 521 1563 294 521 1564 282 521 1565 268 522 1566 282 522 1567 269 522 1568 263 523 1569 258 523 1570 259 523 1571 263 524 1572 259 524 1573 280 524 1574 293 525 1575 265 525 1576 263 525 1577 263 526 1578 280 526 1579 295 526 1580 263 527 1581 295 527 1582 293 527 1583 293 528 1584 295 528 1585 296 528 1586 293 529 1587 296 529 1588 289 529 1589 289 530 1590 296 530 1591 295 530 1592 289 531 1593 295 531 1594 297 531 1595 297 532 1596 295 532 1597 280 532 1598 289 533 1599 297 533 1600 288 533 1601 297 534 1602 280 534 1603 281 534 1604 288 535 1605 297 535 1606 298 535 1607 297 536 1608 281 536 1609 286 536 1610 297 537 1611 286 537 1612 298 537 1613 282 538 1614 260 538 1615 269 538 1616 269 539 1617 260 539 1618 299 539 1619 299 540 1620 260 540 1621 261 540 1622 269 541 1623 299 541 1624 270 541 1625 270 542 1626 299 542 1627 300 542 1628 270 543 1629 300 543 1630 271 543 1631 271 544 1632 300 544 1633 272 544 1634 272 545 1635 300 545 1636 267 545 1637 267 546 1638 300 546 1639 299 546 1640 267 547 1641 299 547 1642 264 547 1643 275 548 1644 276 548 1645 278 548 1646 278 549 1647 276 549 1648 301 549 1649 301 550 1650 276 550 1651 302 550 1652 301 551 1653 302 551 1654 303 551 1655 304 552 1656 305 552 1657 306 552 1658 304 553 1659 306 553 1660 298 553 1661 306 554 1662 305 554 1663 307 554 1664 298 555 1665 306 555 1666 308 555 1667 298 556 1668 308 556 1669 288 556 1670 288 557 1671 308 557 1672 287 557 1673 308 558 1674 306 558 1675 309 558 1676 287 559 1677 308 559 1678 310 559 1679 310 560 1680 308 560 1681 309 560 1682 309 561 1683 306 561 1684 311 561 1685 311 562 1686 306 562 1687 307 562 1688 309 563 1689 311 563 1690 310 563 1691 311 564 1692 307 564 1693 301 564 1694 301 565 1695 307 565 1696 278 565 1697 311 566 1698 301 566 1699 312 566 1700 312 567 1701 301 567 1702 303 567 1703 311 568 1704 312 568 1705 313 568 1706 313 569 1707 312 569 1708 303 569 1709 311 570 1710 313 570 1711 310 570 1712 313 571 1713 303 571 1714 302 571 1715 313 572 1716 302 572 1717 305 572 1718 313 573 1719 305 573 1720 304 573 1721 313 574 1722 304 574 1723 310 574 1724 310 575 1725 304 575 1726 314 575 1727 310 576 1728 314 576 1729 287 576 1730 314 577 1731 304 577 1732 298 577 1733 287 578 1734 314 578 1735 286 578 1736 286 579 1737 314 579 1738 298 579 1739 302 580 1740 278 580 1741 277 580 1742 302 581 1743 307 581 1744 305 581 1745 278 582 1746 302 582 1747 307 582 1748 170 583 1749 167 583 1750 315 583 1751 315 584 1752 167 584 1753 172 584 1754 315 585 1755 172 585 1756 316 585 1757 315 586 1758 316 586 1759 170 586 1760 316 587 1761 172 587 1762 170 587 1763 206 588 1764 218 588 1765 204 588 1766 209 589 1767 317 589 1768 206 589 1769 317 590 1770 209 590 1771 201 590 1772 317 591 1773 201 591 1774 200 591 1775 317 592 1776 218 592 1777 206 592 1778 218 593 1779 317 593 1780 200 593 1781 218 594 1782 200 594 1783 233 594 1784 233 595 1785 200 595 1786 318 595 1787 233 596 1788 318 596 1789 319 596 1790 233 597 1791 319 597 1792 320 597 1793 233 598 1794 320 598 1795 231 598 1796 320 599 1797 319 599 1798 249 599 1799 318 600 1800 200 600 1801 199 600 1802 318 601 1803 199 601 1804 197 601 1805 318 602 1806 197 602 1807 321 602 1808 318 603 1809 321 603 1810 319 603 1811 321 604 1812 197 604 1813 196 604 1814 321 605 1815 196 605 1816 322 605 1817 321 606 1818 322 606 1819 323 606 1820 323 607 1821 322 607 1822 324 607 1823 323 608 1824 324 608 1825 191 608 1826 191 609 1827 324 609 1828 190 609 1829 323 610 1830 191 610 1831 193 610 1832 248 611 1833 193 611 1834 244 611 1835 193 612 1836 248 612 1837 323 612 1838 323 613 1839 248 613 1840 325 613 1841 323 614 1842 325 614 1843 321 614 1844 325 615 1845 248 615 1846 249 615 1847 321 616 1848 325 616 1849 319 616 1850 319 617 1851 325 617 1852 249 617 1853 326 618 1854 327 618 1855 328 618 1856 327 619 1857 326 619 1858 329 619 1859 329 620 1860 326 620 1861 330 620 1862 330 621 1863 326 621 1864 331 621 1865 331 622 1866 326 622 1867 328 622 1868 331 623 1869 328 623 1870 332 623 1871 332 624 1872 328 624 1873 227 624 1874 331 625 1875 332 625 1876 333 625 1877 332 626 1878 227 626 1879 334 626 1880 332 627 1881 334 627 1882 333 627 1883 333 628 1884 334 628 1885 335 628 1886 335 629 1887 334 629 1888 336 629 1889 336 630 1890 334 630 1891 337 630 1892 335 631 1893 336 631 1894 243 631 1895 336 632 1896 337 632 1897 338 632 1898 336 633 1899 338 633 1900 243 633 1901 338 634 1902 337 634 1903 339 634 1904 243 635 1905 338 635 1906 246 635 1907 246 636 1908 338 636 1909 247 636 1910 338 637 1911 339 637 1912 340 637 1913 247 638 1914 338 638 1915 250 638 1916 250 639 1917 338 639 1918 340 639 1919 250 640 1920 340 640 1921 341 640 1922 250 641 1923 341 641 1924 249 641 1925 342 642 1926 343 642 1927 344 642 1928 342 643 1929 344 643 1930 345 643 1931 342 644 1932 345 644 1933 343 644 1934 343 645 1935 345 645 1936 274 645 1937 274 646 1938 345 646 1939 239 646 1940 346 647 1941 324 647 1942 322 647 1943 346 648 1944 322 648 1945 196 648 1946 346 649 1947 196 649 1948 195 649 1949 346 650 1950 195 650 1951 189 650 1952 324 651 1953 346 651 1954 347 651 1955 347 652 1956 346 652 1957 189 652 1958 324 653 1959 347 653 1960 190 653 1961 190 654 1962 347 654 1963 189 654 1964 231 655 1965 320 655 1966 232 655 1967 232 656 1968 320 656 1969 341 656 1970 341 657 1971 320 657 1972 249 657 1973 232 658 1974 341 658 1975 340 658 1976 232 659 1977 340 659 1978 348 659 1979 232 660 1980 348 660 1981 230 660 1982 348 661 1983 340 661 1984 339 661 1985 230 662 1986 348 662 1987 229 662 1988 229 663 1989 348 663 1990 339 663 1991 229 664 1992 339 664 1993 349 664 1994 229 665 1995 349 665 1996 228 665 1997 349 666 1998 339 666 1999 337 666 2000 228 667 2001 349 667 2002 227 667 2003 349 668 2004 337 668 2005 334 668 2006 349 669 2007 334 669 2008 227 669 2009 224 670 2010 226 670 2011 255 670 2012 224 671 2013 255 671 2014 274 671 2015 274 672 2016 255 672 2017 254 672 2018 274 673 2019 254 673 2020 350 673 2021 225 674 2022 227 674 2023 329 674 2024 329 675 2025 227 675 2026 328 675 2027 329 676 2028 328 676 2029 327 676 2030 225 677 2031 329 677 2032 351 677 2033 351 678 2034 329 678 2035 352 678 2036 352 679 2037 329 679 2038 330 679 2039 352 680 2040 330 680 2041 353 680 2042 352 681 2043 353 681 2044 343 681 2045 354 682 2046 251 682 2047 255 682 2048 354 683 2049 255 683 2050 350 683 2051 354 684 2052 350 684 2053 254 684 2054 354 685 2055 355 685 2056 251 685 2057 355 686 2058 354 686 2059 261 686 2060 261 687 2061 354 687 2062 356 687 2063 261 688 2064 356 688 2065 299 688 2066 225 689 2067 351 689 2068 226 689 2069 226 690 2070 351 690 2071 255 690 2072 355 691 2073 261 691 2074 251 691 2075 238 692 2076 274 692 2077 239 692 2078 239 693 2079 345 693 2080 357 693 2081 239 694 2082 357 694 2083 240 694 2084 350 695 2085 255 695 2086 351 695 2087 350 696 2088 351 696 2089 358 696 2090 358 697 2091 351 697 2092 352 697 2093 358 698 2094 352 698 2095 350 698 2096 350 699 2097 352 699 2098 343 699 2099 350 700 2100 343 700 2101 274 700 2102 264 701 2103 359 701 2104 354 701 2105 354 702 2106 359 702 2107 356 702 2108 359 703 2109 264 703 2110 299 703 2111 359 704 2112 299 704 2113 356 704 2114 254 705 2115 264 705 2116 360 705 2117 360 706 2118 264 706 2119 354 706 2120 360 707 2121 354 707 2122 254 707 2123 361 708 2124 362 708 2125 363 708 2126 330 709 2127 333 709 2128 364 709 2129 333 710 2130 330 710 2131 331 710 2132 343 711 2133 333 711 2134 344 711 2135 333 712 2136 343 712 2137 365 712 2138 344 713 2139 333 713 2140 345 713 2141 345 714 2142 333 714 2143 335 714 2144 345 715 2145 335 715 2146 243 715 2147 345 716 2148 243 716 2149 357 716 2150 357 717 2151 243 717 2152 240 717 2153 364 718 2154 333 718 2155 365 718 2156 364 719 2157 365 719 2158 366 719 2159 366 720 2160 365 720 2161 367 720 2162 366 721 2163 367 721 2164 368 721 2165 368 722 2166 367 722 2167 369 722 2168 369 723 2169 367 723 2170 365 723 2171 369 724 2172 365 724 2173 370 724 2174 369 725 2175 370 725 2176 371 725 2177 371 726 2178 370 726 2179 372 726 2180 353 727 2181 330 727 2182 364 727 2183 372 728 2184 370 728 2185 353 728 2186 372 729 2187 353 729 2188 373 729 2189 373 730 2190 353 730 2191 364 730 2192 372 731 2193 373 731 2194 374 731 2195 374 732 2196 373 732 2197 375 732 2198 375 733 2199 373 733 2200 364 733 2201 374 734 2202 375 734 2203 368 734 2204 368 735 2205 375 735 2206 364 735 2207 368 736 2208 364 736 2209 366 736 2210 370 737 2211 343 737 2212 353 737 2213 343 738 2214 370 738 2215 365 738 2216 369 739 2217 371 739 2218 368 739 2219 368 740 2220 371 740 2221 374 740 2222 374 741 2223 371 741 2224 372 741 2225 276 742 2226 277 742 2227 302 742 2228</p>
        </polylist>
      </mesh>
    </geometry>
  </library_geometries>
  <library_visual_scenes>
    <visual_scene id="Scene" name="Scene">
      <node id="ArchersArm" name="ArchersArm" type="NODE">
        <scale sid="scale">1 1 1</scale>
        <translate sid="location">0 0 0</translate>
        <rotate sid="rotationX">1 0 0 0</rotate>
        <rotate sid="rotationY">0 1 0 -180</rotate>
        <rotate sid="rotationZ">0 0 1 0</rotate>
        <instance_geometry url="#ArchersArm-mesh" name="ArchersArm">
          <bind_material>
            <technique_common>
            </technique_common>
          </bind_material>
        </instance_geometry>
      </node>
    </visual_scene>
  </library_visual_scenes>
  <scene>
    <instance_visual_scene url="#Scene"/>
  </scene>
</COLLADA>
