<?xml version="1.0" encoding="utf-8"?>
<COLLADA xmlns="http://www.collada.org/2005/11/COLLADASchema" version="1.4.1" xmlns:xsi="http://www.w3.org/2001/XMLSchema-instance">
  <asset>
    <contributor>
      <author>Blockbench user</author>
      <authoring_tool>Blockbench</authoring_tool>
    </contributor>
    <created>2026-07-10T10:44:40.369Z</created>
    <modified>2026-07-10T10:44:40.378Z</modified>
    <unit name="meter" meter="1.0"/>
    <up_axis>Y_UP</up_axis>
  </asset>
  <library_effects>
  </library_effects>
  <library_images>
  </library_images>
  <library_materials>
  </library_materials>
  <library_geometries>
    <geometry id="Barrier1-mesh" name="Barrier1">
      <mesh>
        <source id="Barrier1-mesh-positions">
          <float_array id="Barrier1-mesh-positions-array" count="1431">0.48724 -0.368819 -0.015254 0.485395 0.345942 -0.018435 0.485793 0.345975 0.030048 0.440702 0.345018 -0.017771 0.439849 0.345947 0.030032 0.486538 -0.375343 0.030369 0.441549 -0.376723 -0.019223 0.445371 -0.358387 0.008221 0.439043 -0.376733 0.028964 -0.079041 0.230366 0.006004 -0.07944 0.245998 0.006234 -0.075931 0.255141 0.006069 0.40855 -0.350373 0.001635 0.409933 -0.139487 -0.009584 0.405888 0.229644 0.013203 0.425908 0.24915 0.005819 0.431843 -0.352203 -0.003068 -0.418146 -0.366081 0.02569 -0.419808 -0.375671 -0.019324 -0.41829 -0.276451 0.025266 -0.418281 -0.246986 0.02289 -0.467815 -0.366708 -0.017056 -0.426665 -0.229169 0.034093 -0.40519 0.156305 0.031889 -0.429776 0.159815 0.039754 -0.467374 -0.375468 0.028028 -0.436675 -0.259069 0.034001 -0.466934 0.345978 0.029771 -0.465981 0.343599 -0.016695 -0.417034 -0.250572 0.023263 -0.418207 -0.226867 0.022386 -0.418604 -0.250287 0.030522 -0.419833 0.345719 -0.017137 -0.423636 0.205759 0.034086 -0.413826 -0.236309 0.031301 -0.399791 -0.222438 0.030684 -0.407806 -0.264338 0.036818 -0.418372 0.202336 0.022657 -0.420007 0.346321 0.029806 -0.418391 0.183169 0.026704 0.326734 0.258073 -0.003959 0.278566 0.260554 0.005297 0.349337 0.257964 0.005027 0.301919 0.2581 -0.010795 0.280216 0.341947 0.00323 0.31312 0.34322 0.003003 0.429192 0.25735 -0.016685 0.396122 0.25798 -0.002298 0.409169 0.342951 0.001431 0.360708 0.258059 -0.010793 0.377496 0.343326 0.002229 0.345097 0.343494 0.003912 0.372923 0.257975 0.005402 -0.096942 0.258333 -0.000783 -0.050116 0.258324 0.004029 -0.07973 0.343799 0.001956 0.429085 0.25421 -0.010272 0.14153 0.25814 -0.011293 0.143456 0.25805 0.004809 0.157243 0.34377 0.001935 0.126322 0.343356 0.00135 0.110386 0.258072 0.001366 0.208716 0.25804 0.00189 0.192662 0.258115 -0.008606 0.186885 0.344019 0.002691 0.17289 0.255335 -0.001087 0.244732 0.258019 -0.007568 0.250944 0.343797 0.002454 0.21935 0.341178 0.000877 0.269765 0.258052 -0.00872 0.059229 0.261218 0.01958 -0.399073 0.261488 0.019135 -0.26376 0.241273 0.03518 -0.136455 0.258437 0.006708 -0.120492 0.342071 0.004001 -0.173006 0.244928 0.035451 -0.041964 0.228288 0.006299 -0.086154 0.255494 0.004263 -0.056114 0.258324 -0.005453 -0.08237 0.232857 0.005943 -0.09987 0.255263 0.005971 -0.117824 0.227667 0.005698 0.071979 0.117744 -0.008702 0.034515 0.073279 -0.001511 0.084602 0.132249 0.003962 -0.161933 0.227414 0.006684 -0.157957 0.227969 0.00595 -0.120835 0.227851 0.00606 -0.039608 0.238057 0.006234 -0.038644 0.228254 0.005932 -0.033626 0.255472 0.002887 -0.041357 0.254927 0.006181 -0.004096 0.255232 0.005447 -0.042941 0.227175 0.005591 -0.034957 -0.326268 0.004392 0.074314 0.124147 -0.011294 0.063985 0.116736 -0.0098 0.089037 0.154209 -0.0025 0.05678 0.229917 -0.006 0.057345 0.227337 0.007067 0.074121 0.251805 -0.010721 0.074086 0.142691 0.006681 0.045721 0.255462 0.000881 0.038888 0.244782 0.006204 0.025503 0.254839 0.006235 -0.376033 0.224277 0.017387 0.082088 0.224236 0.02557 -0.042712 0.24934 0.006354 -0.036107 0.250976 0.004754 0.039924 0.234855 -0.001841 -0.008717 0.254638 0.00627 -0.007144 0.22926 0.005665 -0.020603 0.255513 -0.001105 -0.008169 0.244431 0.006253 -0.010413 0.244172 0.00627 -0.008685 0.228586 0.006286 0.007293 0.258246 -0.003423 0.022066 0.08235 -0.001636 -0.005585 0.253527 0.005021 -0.010701 0.226882 0.005715 -0.010272 0.23569 0.006218 -0.009377 0.243238 0.006229 0.026166 0.251385 0.006051 0.025274 0.244717 0.006232 -0.016805 -0.326372 0.002532 -0.005675 -0.326134 0.005445 0.04326 0.25139 -0.010708 0.049085 0.117768 -0.010577 0.068676 0.136064 -0.001659 0.034115 0.098992 -0.002561 -0.001555 0.052171 -0.005376 0.035876 0.098612 0.000577 0.044989 0.113766 0.000015 0.03524 0.099202 -0.003669 0.037793 0.232215 -0.01102 0.052904 0.09848 0.002727 0.065442 0.061739 0.001089 0.066925 0.107712 0.004988 0.027277 0.087328 -0.014131 0.034622 0.099408 -0.00421 0.034684 0.098411 -0.003164 0.034353 0.098541 -0.003064 0.391929 -0.329157 -0.007007 -0.258703 -0.35312 -0.006277 0.430503 -0.350743 -0.018348 -0.372242 -0.353789 -0.00985 -0.399164 -0.351592 -0.017712 -0.345931 -0.350907 -0.010337 0.431034 -0.350707 0.015 0.431109 0.256642 0.013642 0.397371 -0.327131 -0.018508 -0.373452 -0.326789 -0.019048 0.004942 -0.329189 -0.008615 0.151075 -0.339341 -0.006112 -0.372859 -0.042968 -0.014686 0.06831 -0.326736 -0.017259 0.080888 0.245585 0.017234 0.246157 0.245927 0.017337 0.432138 0.208143 0.022931 0.428456 0.166855 0.017569 0.420724 0.204496 0.031276 0.131482 -0.326118 0.003559 0.139325 -0.132895 -0.005958 0.132602 0.2554 -0.006512 0.202263 -0.326501 -0.016251 0.180215 -0.326382 -0.007136 0.192128 -0.326262 -0.00803 0.215454 -0.326358 -0.007926 0.215265 -0.326377 0.004353 0.188075 -0.321952 0.005617 0.2573 -0.326477 0.012458 0.061733 -0.326658 0.014588 0.125265 -0.326316 -0.011285 0.110145 -0.142812 -0.012285 0.101828 -0.326339 -0.008372 0.078783 -0.329178 -0.002664 0.111798 -0.32638 0.003442 0.14897 -0.326383 0.000674 0.164213 -0.326328 -0.00734 0.158289 -0.142786 -0.009379 -0.041277 -0.326233 -0.012289 0.039977 -0.326314 -0.011669 0.113651 0.233423 0.0026 -0.37352 -0.326454 0.016139 -0.399241 -0.351952 0.014653 -0.167637 -0.327508 0.016774 -0.231109 -0.352089 0.016413 -0.345615 -0.325923 0.00467 -0.310101 -0.325957 0.00348 -0.336403 -0.326 -0.004968 -0.358955 -0.325998 0.001353 -0.356455 0.255748 -0.008431 -0.320109 0.254225 -0.010669 -0.339098 0.255651 -0.005565 -0.358985 -0.132627 -0.011179 -0.393517 0.25535 -0.010345 -0.362063 0.255641 0.004341 -0.352356 -0.142057 -0.010908 -0.144378 -0.176071 0.000714 -0.155135 -0.171827 -0.008056 -0.153522 -0.181801 0.000298 -0.154655 -0.326078 0.004691 -0.159529 0.018161 0.00424 -0.148496 -0.32609 -0.00772 -0.177378 -0.326046 -0.001301 -0.199062 -0.325911 0.006853 -0.114813 -0.326162 0.004975 0.405573 -0.328089 0.01695 -0.099401 -0.326205 -0.00379 -0.07369 -0.326191 0.004359 -0.23863 -0.32589 -0.014295 -0.08599 -0.325967 0.003918 -0.117867 -0.219721 -0.002645 -0.245032 -0.325785 0.005948 -0.20465 -0.326043 -0.006497 -0.156333 -0.20762 -0.013372 -0.183223 -0.221061 -0.004738 -0.200756 -0.279104 -0.009053 -0.235665 -0.14064 -0.005055 -0.194666 -0.143166 -0.008878 -0.205764 -0.132643 -0.010598 -0.153189 -0.133123 -0.005161 -0.163482 -0.143961 -0.009099 -0.150558 -0.153194 -0.015786 -0.124519 -0.10328 -0.008485 -0.153112 -0.156229 -0.004174 -0.153012 -0.162064 -0.00191 -0.154157 0.027714 -0.004211 -0.282417 -0.142037 -0.010042 -0.14567 -0.136734 -0.013581 -0.161118 -0.132314 -0.009879 -0.125429 -0.14208 -0.008313 -0.152788 -0.180126 -0.005535 -0.175908 -0.223942 -0.003878 -0.152964 -0.180674 -0.009377 -0.153026 -0.179733 -0.009281 -0.153734 -0.180528 -0.007356 -0.153921 -0.180315 -0.008829 -0.252122 -0.143313 -0.00145 -0.193864 -0.235275 -0.008923 -0.15129 -0.178042 -0.01213 -0.102299 -0.132777 -0.006322 -0.114702 -0.142797 -0.008522 -0.073572 -0.137622 -0.004579 -0.119317 -0.223865 0.001581 -0.164319 0.011321 -0.006414 -0.126428 0.25561 0.003862 -0.125653 0.255583 -0.00838 -0.222162 -0.276202 -0.000577 -0.253682 -0.319955 -0.013543 -0.191801 -0.132595 -0.005836 -0.080694 -0.353676 -0.004654 -0.078512 -0.345362 -0.009154 -0.033166 -0.344464 -0.010466 -0.118793 -0.353518 -0.005815 -0.199009 -0.335088 -0.009157 -0.159684 -0.353639 -0.007925 0.018579 -0.353699 -0.00335 0.129269 -0.353741 -0.004041 -0.161205 -0.353736 -0.005599 -0.305273 0.25562 0.000201 -0.290466 0.255556 0.005712 -0.288267 0.227993 0.005364 -0.299879 -0.326001 -0.008951 -0.322359 -0.142041 -0.009556 -0.314944 -0.132647 -0.007919 -0.344256 -0.137211 -0.004237 -0.372713 -0.141644 -0.013361 -0.278261 -0.13708 -0.000414 0.221882 -0.143091 -0.009414 0.24945 -0.142004 -0.011101 0.237672 -0.141343 -0.005348 0.227039 -0.132639 -0.011579 0.225632 0.133542 -0.00772 0.232746 -0.326348 -0.005748 0.22177 0.128872 0.004296 0.200941 -0.139189 -0.005 0.405295 -0.133023 -0.013631 0.259582 -0.132632 -0.008019 0.272186 -0.132691 -0.007144 0.244366 -0.326317 0.001986 0.23899 0.25803 -0.004527 0.070345 0.25782 -0.016717 -0.3729 0.230312 -0.014591 0.405567 0.230469 -0.013367 0.407464 0.191649 -0.017772 -0.39652 0.256931 -0.018663 0.392861 -0.137546 -0.005094 0.406683 0.207326 -0.005212 -0.220838 0.255592 0.001363 -0.196919 0.254585 -0.010705 -0.245817 -0.131773 -0.009539 -0.237867 0.255698 -0.008818 -0.237788 -0.185672 0.001918 -0.279581 -0.132651 -0.008728 -0.046469 -0.030932 -0.00768 -0.071737 -0.045991 -0.004265 -0.098305 0.255528 -0.009497 -0.154528 0.255562 -0.00869 -0.114978 0.255543 -0.008744 -0.040659 0.002412 -0.010117 -0.034261 0.00106 0.001663 -0.002878 0.026162 -0.000092 -0.091661 -0.077758 -0.000186 -0.046271 -0.326181 0.0037 -0.051539 -0.136122 -0.013618 -0.265193 0.258448 -0.003898 -0.285943 0.231025 0.006167 -0.283597 0.228377 0.005936 0.326246 -0.326382 0.007557 0.361542 -0.326365 -0.004021 0.34958 0.231585 0.004004 0.287034 -0.326371 -0.008459 0.287134 -0.326369 0.004567 0.313344 -0.326325 -0.011247 0.264517 -0.326427 0.000169 0.332114 -0.326374 -0.007173 0.384016 -0.326287 0.003229 0.338655 0.231687 0.004047 -0.092372 -0.099224 -0.010591 -0.157883 0.02131 -0.002871 -0.373054 -0.027726 0.011867 -0.045985 0.245566 0.035433 -0.072692 0.258365 -0.007123 0.002167 0.25841 0.007312 -0.038618 0.342758 0.001323 -0.035104 0.25821 -0.014892 0.024316 0.262573 -0.009689 0.060537 0.343234 0.001196 -0.13874 0.258334 -0.011752 0.024909 0.344378 0.00262 -0.01557 0.258232 -0.008039 -0.007799 0.343392 0.003907 0.201937 0.255272 -0.001142 0.153683 0.255483 -0.010112 0.314539 0.255304 -0.009773 0.171604 0.258083 -0.000296 0.28774 0.255349 -0.00846 0.264872 0.257996 0.001637 0.316658 0.231724 0.005096 0.346346 0.254382 -0.009412 0.378555 0.231437 0.005599 0.390119 0.255259 -0.003521 0.371939 0.255367 -0.008511 0.368327 -0.132636 -0.009376 0.305092 0.245657 0.002514 0.333647 -0.136002 -0.005087 0.319388 -0.132606 -0.008923 0.294464 -0.137337 -0.004927 0.377388 -0.132316 -0.009956 0.060925 -0.344329 -0.00924 -0.306406 -0.350117 0.002424 -0.265668 -0.328915 -0.007342 -0.315188 -0.347297 -0.005824 -0.354405 -0.35384 -0.002589 -0.36378 -0.325787 -0.004827 0.21521 0.116982 -0.005929 0.24507 0.231766 0.006237 0.1851 0.230268 0.005528 0.281053 0.230954 0.005602 0.159075 0.231651 0.005699 0.095495 0.223353 0.005665 0.092568 -0.131925 -0.009053 0.090068 0.255485 -0.008081 0.09664 0.102949 -0.009544 0.071656 -0.135611 -0.005036 0.020043 -0.136945 -0.013554 0.060948 0.024994 -0.000302 -0.005356 -0.326351 -0.010348 0.017304 -0.32634 0.004674 0.030592 -0.326283 0.003382 0.047819 -0.138462 -0.005041 0.053378 -0.326401 0.004573 0.055651 -0.142049 -0.009328 0.030497 -0.142519 -0.007516 -0.006091 -0.142835 -0.008832 -0.003009 -0.133194 -0.005113 -0.024513 -0.134969 -0.005075 0.036898 -0.007724 0.006506 -0.191678 0.255635 0.00492 0.168786 -0.132595 -0.007151 0.119055 0.255384 -0.007316 -0.363942 0.258513 0.000381 -0.323713 0.265764 0.005362 -0.320558 0.343747 0.002571 -0.345517 0.258545 -0.008721 -0.350545 0.341381 0.000096 -0.23861 0.258522 0.004613 -0.262799 0.258431 -0.003454 -0.399505 0.201788 0.018529 -0.378907 0.344072 0.002052 -0.288135 0.258423 -0.011212 -0.315982 0.258573 -0.008707 -0.242222 0.258414 -0.011283 -0.206275 0.258404 -0.003153 -0.175777 0.25557 0.002879 0.405055 0.231182 -0.008076 0.408463 0.20684 -0.00903 0.280298 -0.142103 -0.010241 0.308706 -0.142232 -0.009479 -0.327651 -0.135958 -0.004324 0.231736 -0.329129 -0.004335 0.299656 -0.343086 -0.010527 0.273728 -0.329139 -0.00133 0.243225 -0.33037 0.00243 0.337497 -0.325471 -0.00408 0.185977 -0.339739 -0.009157 0.345247 -0.353602 -0.006546 0.389283 -0.329156 -0.003664 0.349284 -0.142037 -0.00791 0.350087 -0.132421 -0.006591 0.405656 -0.143479 -0.011885 -0.372848 -0.135634 -0.003926 -0.402645 0.192028 0.03204 -0.418351 0.176542 0.024773 0.18739 -0.131799 -0.009428 0.180573 -0.137768 -0.004135 -0.398008 -0.352347 -0.004365 -0.389793 0.242455 0.006297 -0.374643 -0.02535 0.006172 -0.375725 -0.031131 0.005146 -0.375978 0.232568 -0.010125 -0.373836 -0.353848 -0.001166 0.09515 0.342815 0.002395 -0.111036 -0.104852 -0.000206 -0.038402 -0.13177 -0.009335 0.024298 -0.007698 -0.000697 0.038956 -0.019965 -0.009113 0.056205 0.026171 0.001553 0.040366 -0.017496 -0.000541 0.035786 0.014123 -0.00011 0.061365 0.078145 0.006712 0.066056 0.070814 -0.008626 -0.283829 0.344035 0.003888 -0.243443 0.311456 -0.003286 0.110068 -0.140521 -0.005062 -0.278764 -0.325876 0.003172 0.062553 0.204101 -0.009075 -0.246571 -0.169869 -0.003595 -0.166454 0.255559 0.003745 -0.153873 0.255395 0.003513 -0.157536 0.230735 0.005934 -0.165406 0.255622 -0.008014 -0.164909 0.014827 0.003928 -0.349294 -0.352805 -0.009824 0.095266 -0.318043 -0.009416 0.070197 0.113514 -0.003575 0.019166 0.051775 -0.004798 -0.010683 0.037329 -0.01074 -0.124214 -0.120082 -0.008377 -0.081112 -0.063041 -0.009226 -0.030436 0.00022 -0.00411 0.034347 0.098138 -0.003491 -0.118692 0.25416 0.006247 -0.016882 0.00818 -0.00521 0.226879 0.258091 -0.007994 -0.192057 0.258507 0.004444 -0.158828 0.343245 0.00115 -0.197301 0.342717 0.000753 0.419406 -0.224853 0.017478 0.424868 0.163266 0.018437 0.428302 -0.229971 0.017333 0.426679 0.156738 0.030361 0.425546 0.197672 0.020386 0.4385 0.171355 0.019693 0.423234 0.167672 0.017704 0.427804 -0.266607 0.019252 0.423902 -0.263187 0.017373 0.418922 -0.272272 0.024416 0.426351 -0.233658 0.019592 0.429742 -0.226597 0.031192 0.430562 -0.272788 0.031073 0.052913 0.09804 -0.01059 0.035651 0.012416 -0.009572 0.05991 0.038985 -0.006194 0.024466 -0.128074 -0.001316 -0.249076 -0.326474 -0.008424</float_array>
          <technique_common>
            <accessor source="#Barrier1-mesh-positions-array" count="477" stride="3">
              <param name="X" type="float"/>
              <param name="Y" type="float"/>
              <param name="Z" type="float"/>
            </accessor>
          </technique_common>
        </source>
        <source id="Barrier1-mesh-normals">
          <float_array id="Barrier1-mesh-normals-array" count="3750">0.999963 0.002545 -0.00821 -0.020678 0.999786 -0.000511 -0.000603 0.999811 -0.019441 -0.000349 0.000445 1 -0.014896 0.001994 -0.999887 0.087262 -0.004208 -0.996177 0.999879 0.00104 0.015534 -0.312191 -0.939768 -0.139189 0.041457 -0.754659 -0.654806 0.097015 -0.833757 0.543542 -0.99865 -0.001067 -0.051936 -0.960206 0.274803 -0.049879 -0.029527 -0.001444 0.999563 -0.99984 0.001142 -0.017863 -0.079775 0.012629 -0.996733 0.988583 0.001532 0.150667 -0.19695 0.012544 -0.980333 0.201485 0.050717 0.978178 0.999307 0.00143 -0.037201 0.999597 -0.002585 -0.028277 -0.169728 -0.962564 0.211336 0.303185 -0.011442 0.952863 0.175229 -0.966131 -0.189437 0.320285 -0.132605 0.937994 0.046526 0.0048 0.998906 -0.026156 0.005681 0.999642 -0.182707 -0.002264 0.983165 -0.999944 0.002577 0.010282 -0.999789 0.000659 -0.020539 -0.066801 0.080218 0.994536 0.99915 -0.002644 0.041142 0.921869 0.339923 0.186039 0.93068 -0.022561 -0.365139 0.989167 -0.007311 -0.146614 0.813771 -0.042021 0.579665 0.99933 0.000146 -0.036592 -0.335198 -0.01639 0.942005 0.203961 0.092971 0.974554 0.123439 -0.160943 0.979214 -0.373463 0.178391 -0.910331 0.152225 -0.110336 0.982168 0.642905 0.158264 -0.749417 -0.121538 0.166501 0.978522 0.82914 -0.232999 -0.508171 0.909154 0.029619 -0.415405 0.758621 -0.225243 -0.611359 0.8624 0.087067 -0.498684 0.754487 0.641644 0.137991 0.999931 0.011178 0.003563 -0.000968 0.03046 0.999536 -0.007299 0.999891 -0.01285 0.775789 -0.025899 0.630461 -0.046326 0.997571 -0.052024 -0.009717 0.003031 -0.999948 0.335372 -0.115154 0.935022 0.380556 0.052988 0.923238 0.420853 -0.053302 -0.905562 -0.240926 0.970399 0.016751 -0.047073 0.000629 -0.998891 0.036158 0.996229 -0.078866 0.568053 0.009383 0.822938 0.185958 -0.0505 0.981259 -0.395285 0.100763 -0.913015 0.232258 0.101996 -0.967291 -0.369452 -0.006201 0.929229 0.314956 0.018402 0.948928 0.102221 0.011292 -0.994698 -0.980631 -0.006785 -0.195749 -0.979774 0.161544 0.118096 -0.10352 0.01953 0.994436 -0.541886 -0.145303 0.827796 -0.080544 -0.029733 0.996307 0.34867 0.083815 -0.933491 -0.545207 0.079904 0.834485 0.263774 0.120426 -0.957037 -0.540953 0.20347 -0.81607 -0.063906 0.148527 -0.986841 0.196523 0.001266 0.980498 -0.000396 0.62006 0.784554 0.186255 -0.003749 0.982494 -0.800234 -0.246871 0.546517 -0.038273 0.921704 0.386 -0.008047 -0.001613 0.999966 0.010601 -0.968372 -0.249284 -0.239666 0.03195 0.970329 0.020804 0.017498 -0.99963 0.003993 -0.019576 -0.9998 -0.004335 -0.985755 -0.168134 0.006037 0.005965 -0.999964 0.008777 -0.012756 -0.99988 -0.762954 0.64613 0.020424 -0.0098 -0.771354 -0.63633 -0.004137 -0.904926 0.425548 0.45051 0.016803 0.892613 0.005105 -0.988435 -0.151557 -0.078288 -0.003289 0.996925 0.514642 0.001041 0.857405 0.585931 -0.809612 0.034834 -0.743647 0.495505 -0.448846 0.345045 0.103889 -0.932819 0.918681 0.393176 0.037908 0.757127 -0.633898 -0.157897 0.41014 0.180249 0.894033 -0.234521 -0.309287 -0.921597 -0.366589 0.090717 -0.92595 0.002932 -0.985594 -0.169101 0.000149 -0.960432 -0.278514 -0.033469 0.001422 -0.999439 0.083119 -0.585793 0.806187 0.035343 -0.027301 0.999002 0.110185 0.039186 0.993138 0.053988 -0.149285 0.987319 -0.008477 0.070116 0.997503 -0.010184 -0.004197 -0.999939 -0.599481 0.017204 0.800204 -0.019474 -0.026225 -0.999466 -0.024092 0.004005 -0.999702 0.01575 0.538178 0.842684 0.176884 -0.012498 0.984152 0.00086 -0.763382 -0.645947 0.080642 -0.966263 -0.244609 0.935467 0.049641 0.349911 -0.00772 0.001251 -0.999969 0.001081 -0.074821 -0.997196 0.520858 -0.084404 -0.84946 -0.026119 0.035954 0.999012 -0.003868 -0.945301 -0.326176 -0.533788 -0.053405 -0.84393 -0.628863 0.074679 0.773921 -0.087464 -0.052549 0.994781 0.060779 0.00713 -0.998126 -0.660374 -0.723694 -0.200433 0.163795 0.133731 -0.977388 -0.017243 0.03756 -0.999146 -0.599132 -0.016532 0.80048 -0.34023 -0.08497 -0.936496 -0.138368 0.01785 -0.99022 0.206029 -0.004671 0.978535 0.044952 0.006009 0.998971 0.502931 -0.742997 0.441606 0.075722 0.007372 -0.997102 -0.022647 0.00282 0.99974 0.500698 -0.058111 -0.863669 0.131946 0.227613 0.964771 0.041308 -0.055732 -0.997591 0.142898 -0.015403 0.989618 0.161061 0.030016 0.986488 0.289902 -0.205036 0.934835 -0.462623 0.037843 -0.885747 0.078738 -0.118626 -0.989812 -0.04386 0.056608 0.997433 -0.005639 -0.999573 -0.028662 0.564328 -0.001477 -0.82555 -0.039045 0.000587 0.999237 -0.039731 -0.845214 -0.532949 0.484167 0.138956 -0.863871 -0.030306 0.031173 0.999054 -0.256057 0.002345 -0.966659 0.476885 -0.01105 0.878896 -0.443156 -0.591878 0.673271 0.073051 -0.000202 0.997328 0.014295 -0.000358 0.999898 -0.25314 -0.002773 0.967426 -0.007927 0.000528 0.999968 0.670493 0.02576 -0.741468 0.379379 0.486625 0.786936 0.972181 -0.077635 0.220989 -0.167178 0.570837 -0.803863 -0.631037 0.442437 0.637214 0.851065 -0.50669 0.137669 -0.632456 0.558996 -0.536212 -0.203436 -0.020942 0.978864 0.264913 0.09196 -0.959877 -0.952314 0.269177 0.143671 0.242567 0.676755 -0.6951 -0.684666 0.717836 -0.126266 -0.901982 -0.306184 0.304435 -0.486936 -0.100261 0.867664 0.470492 0.089049 0.877899 -0.904096 -0.30629 0.297988 -0.121779 -0.030382 0.992092 0.725286 -0.676048 -0.130073 0.113115 -0.142142 0.983362 0.01507 0.155117 -0.987781 0.930558 -0.060642 0.361088 0.599938 0.247607 -0.760766 -0.844553 0.226211 -0.485344 -0.78247 0.60498 -0.147446 -0.775191 0.609062 -0.167694 0.352441 -0.666889 -0.656539 -0.603608 0.209459 0.769276 -0.88972 0.43945 0.12362 -0.146321 0.968923 0.199446 0.042917 -0.988674 -0.143809 -0.804682 0.586934 -0.089413 0.017239 -0.440719 0.89748 0.083289 -0.848648 -0.522359 -0.041256 -0.922625 0.383485 0.999871 0.002199 -0.015923 -0.486373 -0.873708 0.008688 0.998008 -0.000264 -0.063091 -0.000759 -0.00784 -0.999969 0.000903 -0.989674 -0.143335 0.000675 -0.054485 -0.998514 -0.0041 0.183355 0.983038 -0.066763 0.015472 -0.997649 0.000554 0.986132 -0.165965 0.0006 0.993533 -0.113539 0.000169 0.999668 0.025749 0.035249 0.982325 -0.183833 -0.016911 0.75032 0.660858 -0.050439 0.938494 0.341593 0.022097 -0.036888 0.999075 0.944924 -0.042116 -0.324567 0.546031 0.168753 0.820593 -0.001301 0.345996 0.938235 0.000697 0.993766 -0.111483 0.810942 0.047803 0.583171 0.000697 0.999999 0.001418 0.008206 0.999656 -0.024912 -0.796519 0.065023 0.601107 -0.413734 0.023587 0.910092 0.969525 0.238573 -0.055715 -0.195437 0.131563 -0.971851 -0.000555 0.999984 0.005606 -0.003365 0.983143 0.182807 0.015972 0.998682 0.048771 -0.636779 -0.012125 -0.770951 -0.013489 0.998866 -0.045668 -0.011703 0.999931 0.001367 -0.273038 0.891086 -0.362512 0.155062 0.98244 -0.103763 0.00484 0.855883 0.517147 0.208052 0.011813 -0.978046 -0.067678 0.974989 0.211697 -0.004447 0.999601 -0.027883 -0.050923 0.977573 -0.20435 -0.000498 0.999992 0.003891 -0.000325 0.99998 0.006246 0.007418 0.943179 -0.332203 0.003814 0.999394 -0.034613 0.0223 0.959719 -0.280074 -0.000688 0.450403 -0.892825 -0.052614 0.913747 -0.402862 0.012113 0.999757 -0.018409 0.921171 -0.056356 -0.385055 -0.46514 -0.024843 -0.884888 0.000265 0.995486 -0.094909 0.041539 0.989863 0.135814 0.419182 0.014914 0.90778 -0.005964 0.001524 0.999981 -0.001626 0.999854 -0.016987 0.000203 0.967586 -0.252543 -0.00336 -0.054802 0.998492 -0.010457 0.012316 0.999869 0.002728 0.998598 0.05287 0.000712 0.999973 -0.007308 -0.010673 0.999737 0.020318 -0.041017 0.999112 -0.009591 -0.03162 -0.986918 0.158094 0.162944 0.005919 -0.986618 0.004912 0.997951 0.063789 -0.012035 -0.90671 0.421582 -0.396044 -0.01172 -0.918157 0.241265 0.006275 -0.970439 -0.915615 0.008809 -0.40196 0.010923 -0.999934 -0.003581 -0.051148 -0.064596 -0.9966 -0.997248 -0.004949 -0.073974 -0.38215 0.556266 0.737922 -0.064727 0.030878 0.997425 0.79786 0.012086 0.602722 0.894648 -0.049521 0.44402 0.03039 0.997468 0.064302 0.001246 0.992912 0.118848 0.002108 0.999998 0.000079 -0.002721 0.994851 0.101307 0.000781 0.901616 0.432537 -0.023114 0.995401 0.09297 0.000158 0.999998 -0.002216 0.00166 0.999969 0.00766 0.001684 0.999965 0.008223 0.004877 0.948184 -0.317684 -0.007423 0.999811 -0.017957 0.493082 0.076189 0.86664 0.079827 0.024558 -0.996506 0.352003 -0.056784 -0.934275 0.005308 0.99998 -0.003508 -0.02123 0.993481 0.112004 0.002047 0.999995 0.002356 -0.683308 0.047162 -0.728605 -0.254984 -0.002343 0.966943 -0.286715 0.015397 0.957892 0.351805 0.050188 0.934727 0.382214 -0.182795 0.905814 0.742947 0.017224 -0.669128 0.105807 0.268104 0.957562 0.135617 -0.449593 0.882878 0.471532 -0.363508 0.803442 0.391694 -0.037964 -0.919312 0.9992 0.001623 -0.039951 -0.014331 0.111532 0.993658 0.962769 0.023614 0.269291 0.842956 0.001896 0.53798 0.017217 0.909163 -0.416083 0.0028 -0.604044 -0.796946 0.51195 0.008155 -0.858977 -0.018737 -0.493196 -0.869717 -0.32063 0.218676 -0.921617 -0.556682 0.457574 -0.693348 0.536469 -0.530056 0.65669 0.226812 -0.001002 0.973938 0.971056 -0.168159 0.169628 0.427745 -0.434005 -0.792889 0.966829 -0.052937 -0.249879 0.30571 -0.196543 -0.931618 0.534847 0.167127 -0.828255 0.549906 0.133862 -0.824429 -0.88009 0.469488 -0.070862 0.457592 -0.314809 -0.831568 0.36046 -0.925595 0.115509 0.99152 -0.106697 -0.074189 0.233865 0.113916 -0.965573 -0.39127 -0.916538 -0.082862 0.670723 0.285022 -0.684758 -0.573045 0.229664 -0.786685 -0.085974 0.078193 0.993224 -0.497169 0.859074 0.121714 -0.669045 0.718821 0.18888 0.965277 0.248774 -0.079702 -0.917045 0.168259 -0.361549 -0.829214 0.450077 0.331414 -0.061011 -0.055577 -0.996589 0.067726 -0.924125 -0.37604 0.455639 -0.129689 0.880667 -0.253938 0.081592 -0.963773 -0.060072 0.142396 0.987985 0.470648 -0.394329 -0.7893 0.168104 -0.06995 0.983284 -0.595203 0.355686 -0.72057 -0.538292 0.826886 0.16279 0.805973 -0.572249 0.151455 0.884181 -0.455929 0.101749 0.672464 -0.694713 -0.255278 -0.016255 0.233578 -0.972202 -0.016717 0.041109 -0.999015 -0.050469 -0.58932 -0.806322 -0.02749 -0.122079 -0.99214 -0.909064 -0.012101 0.416481 0.512304 -0.082822 0.854801 0.335882 -0.068524 0.939408 -0.997998 -0.003135 -0.063173 -0.764601 0.020788 0.644169 0.026104 0.056879 0.99804 -0.815347 0.578131 0.031219 -0.631258 -0.051604 0.773854 0.000238 0.276486 -0.961018 -0.807055 0.583219 -0.092287 -0.016133 -0.472664 -0.881095 0.002967 -0.110821 -0.993836 0.004128 -0.13503 -0.990833 0.189987 -0.977184 -0.094952 -0.032283 0.199224 -0.979422 -0.002782 0.16669 0.986005 0.051359 0.04261 -0.997771 -0.005096 -0.628117 -0.778102 -0.399686 -0.867026 -0.297517 -0.245227 -0.636633 -0.731137 -0.003687 0.967551 0.25265 -0.00041 -0.997309 0.073318 -0.000654 -0.992921 0.118775 0.002286 -0.542 -0.840376 0.024714 -0.480867 -0.876445 0.00494 -0.999249 -0.038441 -0.591571 0.009456 0.806197 0.077158 -0.006432 0.996998 0.191149 0.020131 -0.981355 -0.027015 -0.792883 0.608775 0.012506 -0.963873 -0.266069 -0.001003 -0.995884 -0.090633 0.20175 0.011417 -0.979371 -0.005635 0.890057 -0.455815 0.930452 -0.090425 -0.355081 -0.771252 -0.056708 -0.633999 0.348796 0.025459 -0.936853 -0.178481 0.009803 -0.983895 -0.766955 0.116279 -0.631078 -0.051765 0.974585 -0.217954 0.879086 0.011555 -0.476522 0.950081 0.016033 0.311592 0.072599 -0.550889 0.831415 -0.001589 0.903139 -0.429345 0.269342 -0.32097 -0.907983 -0.320475 -0.037933 -0.946497 -0.011645 -0.078745 -0.996827 0.09423 -0.500829 -0.860402 0.013086 0.992496 -0.121573 -0.726131 0.000983 0.687556 0.121969 -0.002443 0.992531 0.001313 0.997103 -0.076055 0.000659 0.849055 -0.528304 0.048539 0.000473 -0.998821 -0.246242 0.097389 -0.964303 0.00244 -0.124615 -0.992202 0.001084 0.785478 -0.618889 0.001585 -0.14984 -0.988709 0.006788 0.002749 -0.999973 0.742735 -0.0135 -0.66945 -0.992983 0.039759 -0.111372 -0.733472 0.029629 0.679073 -0.386055 -0.309302 -0.869076 0.079616 -0.078461 -0.993733 -0.549309 0.004416 -0.835608 0.450091 -0.010034 0.892926 0.311438 0.002691 -0.950263 -0.007563 0.999898 0.012098 0.0073 0.656948 -0.7539 -0.033614 -0.481402 -0.875855 -0.322803 0.007635 0.946436 0.003046 0.617991 -0.78618 0.00229 0.813444 -0.581639 -0.025659 -0.999142 0.032515 -0.130174 -0.039925 -0.990687 0.918435 -0.097074 -0.383476 0.362539 -0.044716 0.930895 -0.189845 -0.141492 -0.971565 0.203328 -0.009042 -0.979069 -0.274495 -0.051486 0.960209 -0.448666 0.001697 -0.893698 0.254985 0.366046 0.894982 0.680702 0.028333 -0.732012 0.095988 -0.008814 -0.995344 -0.015793 -0.737778 0.674859 0.004559 -0.934096 0.356993 -0.000467 -0.999954 0.009572 -0.389033 -0.043224 -0.920209 0.123485 0.025537 -0.992018 0.87876 0.000103 -0.477264 -0.29276 0.057184 -0.954475 0.001961 -0.21849 0.975837 0.019964 -0.757361 -0.652691 -0.021065 -0.777874 0.628067 0.999602 -0.00236 -0.028102 0.616384 -0.018445 -0.78723 0.970793 -0.000639 0.239918 0.619689 -0.034038 0.784109 0.586478 -0.16678 -0.792608 -0.362664 -0.004918 -0.931907 0.675145 -0.493813 -0.548022 0.683984 -0.503038 -0.528316 -0.101524 -0.054908 -0.993317 -0.987519 0.005405 0.157407 -0.889101 0.017033 0.457393 -0.709164 0.546289 -0.445708 0.020585 0.94115 0.337363 -0.013535 0.158147 0.987323 -0.000178 -0.999938 -0.011133 -0.117644 0.002223 0.993053 0.148939 0.045783 0.987786 0.344334 0.094722 0.934057 -0.397559 0.805625 0.439221 0.097578 -0.683536 0.723365 0.121393 -0.410575 0.90371 0.032207 -0.381404 0.923847 -0.176665 0.005456 -0.984256 0.311681 -0.006984 0.950161 0.000344 1 -0.000156 -0.00133 0.999991 0.003944 0.000554 -0.999933 -0.011592 -0.003012 0.999993 0.0023 0.002109 0.961339 0.275361 0.008932 0.997955 0.063286 0.001626 -0.999993 0.003488 0.006151 0.999952 0.007681 0.004232 0.999093 -0.042361 0.002237 0.996403 -0.084712 0.007602 0.999707 -0.023 -0.089206 0.959781 0.266201 -0.001068 0.999934 -0.011467 -0.003994 -0.006201 -0.999973 0.25505 -0.013978 -0.966827 -0.04769 0.146523 -0.988057 0.222103 0.95214 -0.209998 -0.861809 0.506624 0.024866 0.165283 -0.012997 -0.986161 0.036911 0.181601 -0.982679 -0.015621 -0.244257 -0.969585 0.985645 0.149448 -0.078548 -0.374868 0.014008 -0.926972 0.169159 0.027537 -0.985204 -0.846273 0.531291 0.039386 0.992407 -0.000183 -0.122995 0.095203 0.304701 0.947678 0.739079 0.635235 0.224139 -0.020023 -0.777601 -0.62844 -0.004417 0.20263 0.979245 -0.000534 -0.999997 -0.002246 0.068043 0.357177 0.931555 -0.01315 -0.680305 0.732811 -0.285444 -0.034865 0.957761 -0.011258 -0.247927 0.968713 -0.12169 0.001421 0.992567 -0.010022 -0.790435 0.612464 0.002183 -0.408874 0.912588 0.010266 -0.325017 0.945653 -0.015484 0.844921 -0.534666 0.00105 0.999965 -0.008345 0.000761 0.982144 -0.188127 -0.252197 0.081691 -0.964222 0.017158 0.954336 -0.298241 0.439283 0.13064 -0.888799 -0.441013 0.088679 0.893109 -0.058333 0.68618 0.72509 -0.00079 0.967612 -0.25244 0.17499 0.748021 0.640191 0.007641 0.130361 -0.991437 0.251825 0.125643 -0.959582 -0.974502 0.189871 0.119566 0.000694 0.999862 -0.016593 -0.000649 0.999997 0.002565 0.641068 0.10965 -0.759611 -0.007274 0.805576 -0.592448 -0.056517 0.143751 -0.987999 -0.653448 -0.046358 0.755551 0.001679 0.999929 -0.011825 -0.189283 -0.021822 0.98168 0.004946 0.999838 -0.017308 -0.093581 0.960064 0.263665 -0.062684 0.040496 0.997212 -0.093544 0.035558 -0.99498 0.046569 -0.960852 -0.273119 0.001925 0.898423 -0.439126 0.002252 0.151301 -0.988485 -0.074796 -0.921676 0.380682 0.041226 -0.510419 0.858937 -0.040803 -0.985299 0.165892 0.864107 0.000739 -0.503308 -0.953035 0.049736 -0.298748 0.707079 -0.008701 0.707081 0.231653 0.020904 -0.972574 0.041125 0.535577 0.843484 -0.004979 -0.508831 -0.860852 0.928851 0.017589 0.370036 -0.009875 -0.984991 -0.172321 0.030089 -0.318016 0.947608 0.009472 -0.965124 -0.26162 -0.047802 -0.995439 0.082559 0.615834 0.002682 0.787872 0.045123 -0.498113 -0.865937 -0.757846 0.008509 -0.652378 -0.892172 0.019428 0.451278 0.21722 -0.000573 -0.976122 -0.879906 0.016579 -0.474858 -0.993011 0.031041 -0.113869 -0.928938 0.011535 -0.370055 0.992433 0.012138 -0.122184 -0.157539 -0.004133 -0.987504 0.632109 0.034523 -0.77411 -0.032286 -0.773921 -0.632459 -0.021207 -0.218904 0.975516 0.020359 0.333257 -0.942616 -0.820513 -0.100786 0.562673 -0.30159 -0.005923 0.953419 0.264721 0.007315 -0.964297 0.063979 -0.00282 0.997947 -0.399919 -0.006709 0.916526 0.804976 -0.033846 0.592341 -0.000321 -0.013856 0.999904 0.00555 0.514085 0.857721 -0.184461 -0.096116 -0.978129 0.273476 -0.782879 -0.558849 0.050449 -0.970098 0.237414 0.265131 -0.922505 -0.280517 0.625494 -0.316912 0.712969 -0.07806 -0.996885 -0.011274 0.000693 -0.989687 -0.143244 -0.044474 -0.994068 0.099256 0.783017 0.096424 -0.614481 0.159346 -0.017463 -0.987068 -0.018106 0.269066 0.962951 0.005036 -0.585356 0.81076 0.009841 0.190096 0.981716 -0.000331 -0.625091 0.780552 0.021983 -0.420403 0.907071 0.020974 0.157315 0.987326 -0.035367 -0.747535 0.66328 0.816544 0.573003 -0.070165 -0.000093 -0.246934 0.969032 0.229521 -0.002584 0.9733 -0.191814 -0.018378 -0.981259 -0.054249 0.18114 0.98196 -0.230965 0.349449 0.908042 -0.03646 -0.210013 0.977018 0.008496 -0.606934 0.794707 -0.978701 0.01654 -0.204622 0.767129 -0.03286 0.640651 0.433508 0.027317 -0.900736 0.960101 0.044015 -0.276167 -0.023643 0.794883 0.606303 -0.038893 0.996062 0.079671 0.812748 0.03705 0.581436 -0.181088 -0.009347 0.983422 -0.001217 0.999905 -0.013764 0.009457 0.999847 0.01471 0.008728 0.999937 -0.00704 -0.000815 0.999362 0.035708 -0.77128 0.009743 0.636422 -0.461631 0.050519 -0.885632 0.005119 0.999986 0.001133 0.004011 0.999743 0.022309 -0.186908 -0.010141 -0.982325 0.262788 -0.010096 -0.964801 0.05428 0.476996 0.877228 0.034304 -0.612015 0.790102 -0.037917 -0.966761 -0.252856 0.021802 0.674028 0.738384 0.00062 0.998786 0.049248 0.154597 -0.058409 -0.98625 -0.848152 -0.031798 -0.528797 0.001511 0.997707 -0.067661 0.517902 0.046014 -0.854201 -0.064071 0.704657 -0.70665 0.251823 -0.417326 0.873169 0.75911 0.008417 -0.650908 -0.024556 -0.556721 -0.830336 0.041054 0.768579 0.638436 -0.177345 -0.730385 0.659611 0.74617 0.056413 0.663361 -0.196824 0.007311 -0.980411 0.604892 -0.019781 0.796062 0.12109 -0.004837 -0.99263 -0.120731 -0.065336 0.990533 0.767985 0.028884 0.639816 0.940081 0.008459 0.340846 -0.399276 0.006486 0.916808 0.51294 -0.020783 -0.858173 0.61253 -0.00515 0.79043 -0.089818 -0.833497 -0.545174 -0.26206 0.020008 0.964844 -0.199284 -0.043489 -0.978976 0.040366 0.009194 0.999143 -0.021165 0.042907 -0.998855 -0.059245 0.000398 0.998243 0.022542 -0.41602 -0.909076 -0.007149 -0.990104 0.140156 -0.069598 -0.838247 0.540831 -0.161759 -0.255695 -0.953129 0.035734 -0.546855 -0.836464 0.939776 -0.013942 -0.341506 0.124658 0.006677 -0.992177 -0.120048 0.920858 -0.370958 -0.553947 0.05215 0.830917 0.127094 -0.023957 -0.991601 0.071333 0.773061 0.630308 0.079899 0.964824 -0.250462 -0.997631 0.007913 -0.068337 0.47424 0.065802 0.877933 -0.971559 0.218226 -0.091932 0.498164 0.103946 -0.86083 -0.023155 0.998791 -0.04336 -0.003985 0.990102 -0.140291 -0.441966 0.068375 -0.894422 0.509814 0.121594 -0.851648 -0.037633 0.881268 -0.471116 0.000119 0.998768 -0.049624 0.000699 0.999865 -0.016431 0.000763 0.999997 -0.002145 -0.001683 0.984965 -0.172746 0.000193 0.999999 -0.001663 0.035605 0.961692 0.271808 -0.000913 0.997555 -0.069879 0.000345 0.131284 -0.991345 -0.214128 0.43817 0.873016 -0.999055 0.000272 -0.043461 -0.98978 -0.139697 0.02865 -0.00688 -0.918832 -0.39459 -0.850167 -0.526492 -0.004773 0.292 0.349562 -0.890249 -0.234631 -0.481589 0.844405 -0.31027 -0.002838 0.950644 -0.992721 -0.120153 0.008263 -0.691679 0.72155 0.030761 -0.079759 -0.946292 -0.31332 -0.995102 -0.038286 -0.091135 -0.924003 -0.14326 0.354534 0.579107 -0.798655 0.163664 -0.268664 0.141939 0.952719 0.156657 -0.278708 0.947513 -0.847526 0.305499 -0.434015 0.906491 0.003172 0.422214 0.032578 0.012021 0.999397 -0.999438 -0.008959 -0.03229 0.999205 -0.039131 -0.007665 0.350119 0.00374 -0.936698 -0.30398 0.001491 -0.952677 0.220183 -0.531748 -0.81778 0.889495 0.019338 0.456536 -0.030569 -0.546072 -0.83718 0.001434 0.99806 -0.062244 0.723523 0.006613 0.690268 0.097519 -0.007284 -0.995207 -0.000982 0.999764 0.021717 -0.402617 0.013034 -0.915276 -0.045202 0.78685 0.615486 -0.059774 0.830578 0.553685 0.269694 0.010445 0.962889 0.975408 0.011458 -0.220107 0.010825 0.88324 0.468797 0.000194 0.999994 0.003519 0.424121 -0.00863 -0.905565 0.013067 -0.901699 -0.432166 0.004818 0.572213 0.820091 -0.990319 -0.068309 0.120842 -0.056135 -0.620274 0.782374 0.014363 -0.978874 -0.203961 -0.023324 0.38741 -0.921612 -0.018664 0.359417 -0.93299 -0.061205 0.619605 -0.782524 0.01999 -0.322564 0.946337 0.056835 0.057286 0.996739 0.026636 0.139356 -0.989884 0.035346 -0.855294 0.516936 0.242798 -0.793582 -0.557922 0.000799 -0.876043 -0.482233 -0.128366 0.368509 -0.920719 -0.124324 -0.922942 0.364311 0.07962 0.123936 -0.989091 0.0023 -0.083325 0.99652 0.014494 0.091279 -0.99572 0.437797 -0.82951 0.346766 0.231095 -0.45751 -0.85865 -0.192074 -0.516913 0.834212 0.113294 0.117696 -0.986566 -0.070426 -0.995975 -0.055445 -0.147621 0.146495 -0.978135 -0.725375 -0.033733 0.687527 -0.106494 0.013894 0.994216 0.119759 -0.006082 -0.992784 -0.98035 -0.023834 0.195818 0.030077 -0.723973 0.689172 0.095439 -0.33926 -0.935839 0.930569 -0.028818 -0.364981 -0.564332 -0.006759 -0.825521 0.000293 0.996556 -0.082918 0.0632 -0.618952 -0.782882 -0.061103 0.881488 -0.468236 -0.118635 0.27564 -0.953912 -0.006507 -0.16492 -0.986285 0.095903 0.814996 0.571476 0.511875 0.132348 0.848804 0.049705 -0.501315 -0.863836 -0.089345 -0.008128 -0.995968 -0.375055 -0.012486 -0.926919 -0.081488 -0.841145 0.534635 0.390484 0.299515 0.870525 -0.008983 0.999436 -0.032367 0.990883 -0.013463 -0.134048 0.722741 0.02739 0.690577 0.62506 0.029021 -0.780037 0.481207 -0.126045 0.867498 0.999766 -0.001251 0.021587 0.999878 -0.00189 0.015511 0.99999 -0.004052 0.001971 0.269489 0.05442 0.961464 0.282655 0.13037 0.950321 -0.135921 -0.130294 0.982115 0.241702 0.228993 0.942944 -0.540357 0.01245 -0.841344 0.038634 -0.952213 0.302983 0.981655 -0.070684 0.177079 -0.38227 0.075241 0.920982 0.476061 -0.071516 -0.8765 -0.128005 -0.33479 0.933558 0.408853 -0.188921 -0.892831 0.301285 -0.025493 0.953193 -0.731372 0.658485 0.177462 -0.189733 0.01323 -0.981747 0.008671 -0.030266 -0.999504 -0.017959 0.971586 -0.236003 -0.021645 0.955484 -0.294247 -0.052505 -0.728055 -0.683505 -0.05625 -0.587047 -0.807596 -0.069661 -0.616141 -0.78455 -0.206377 -0.000706 -0.978472 -0.246843 0.010235 -0.969001 -0.108395 -0.016515 -0.993971 -0.036744 0.033362 -0.998768 -0.004723 0.99904 -0.043557 0.071503 -0.889347 -0.451607 0.03308 0.207765 -0.977619 0.974243 -0.009417 -0.225304 0.996371 0.00012 0.085119 0.995213 0.001151 0.097722 0.964897 0.017147 -0.262069 0.941985 -0.120721 -0.313195 0.004616 0.013209 0.999902 -0.297837 0.753619 -0.585962 0.429897 -0.651303 0.625294 0.915519 -0.402036 0.013823 -0.319206 -0.0204 0.947466 0.132155 0.015941 -0.991101 -0.007967 -0.97093 0.23923 0.019699 0.793625 -0.608088 -0.022004 -0.714403 0.699389 -0.023837 -0.620869 0.783552 0.038562 0.014919 -0.999145 -0.29633 -0.907322 0.298255 0.042392 0.010663 -0.999044 0.21212 0.005105 -0.97723 -0.973439 0.035759 0.226138 -0.003535 0.723229 0.690599 0.112168 0.22606 0.967634 -0.214077 0.109609 0.970648 0.90419 0.079643 0.41964 0.627875 -0.179757 -0.757271 0.593647 0.101603 0.798286 -0.618634 0.121287 -0.776261 -0.357674 -0.022103 -0.933585 -0.376809 -0.020041 -0.926074 -0.978416 0.031018 -0.204306 0.002358 0.999247 0.038737 0.00086 0.999961 0.008734 -0.87341 -0.002608 0.486979 0.089761 -0.007699 0.995934 0.108668 0.8258 -0.553395 -0.071567 0.992046 0.10355 0.001369 0.999985 0.00524 0.554049 -0.012953 -0.832383 -0.996907 -0.077058 -0.015464 0.449438 0.069991 0.890566 -0.305153 -0.066399 0.949986 -0.056725 0.833128 0.550164 0.974749 0.191097 -0.115524 -0.093076 0.970186 -0.223775 -0.375756 0.07004 -0.924068 0.027341 0.333629 -0.942308 0.068296 0.244265 -0.967301 -0.3178 0.031945 0.947619 0.408564 -0.359735 -0.838848 0.51273 -0.367228 0.776049 0.000344 0.214047 -0.976823 -0.001744 0.213423 -0.976958 -0.544614 0.380357 -0.747478 -0.897112 0.216414 -0.38517 -0.252948 0.210275 -0.944353 -0.045024 -0.112967 -0.992578 0.29953 -0.002729 -0.954083 -0.880108 0.002199 -0.474769 0.305737 -0.273673 0.911936 0.001913 0.996732 0.080762 0.000328 0.990817 -0.13521 -0.000519 0.998136 0.06103 0.001899 0.995559 0.094117 -0.409059 -0.000657 0.912508 -0.301846 0.045326 0.952279 0.05851 -0.01219 -0.998212 0.934113 -0.017485 -0.35655 0.035892 0.003389 -0.99935 0.02068 0.003154 -0.999781 0.005544 0.945487 0.325612 -0.517849 0.029923 0.854949 0.445413 0.001636 0.895324 -0.514676 -0.012328 0.857296 -0.260306 -0.010668 -0.965467 -0.168031 0.006953 0.985757 -0.305803 0.010857 0.952033 0.051259 -0.625221 0.778762 0.682676 -0.033913 0.729934 -0.004811 0.598672 -0.80098 -0.007828 0.158469 -0.987333 -0.995308 0.023429 0.093874 0.583275 0.069454 0.8093 0.069297 -0.827605 0.557017 0.994526 0.07682 0.070836 0.81299 -0.401459 0.421755 -0.950031 -0.133767 -0.28204 0.568104 -0.13695 0.811482 0.45847 -0.132742 0.87874 -0.660782 0.186535 0.727029 0.962441 0.165377 0.21531 0.428766 -0.103393 0.897479 -0.292467 0.010984 0.956212 -0.103506 0.864546 0.491778 0.003288 -0.029244 0.999567 -0.049654 0.325536 -0.944225 -0.12842 0.043491 0.990766 -0.034527 -0.016932 0.99926 0.303276 0.007135 0.952876 0.989969 0.003032 0.141255 0.13701 -0.051186 0.989246 0.872389 -0.017812 0.488487 -0.384854 0.179056 -0.905442 0.289334 0.152135 -0.945061 -0.352418 0.13158 -0.926547 -0.190869 -0.003906 0.981608 0.279955 0.02681 -0.959639 0.170293 0.000368 -0.985393 0.139167 -0.002152 -0.990267 0.143011 0.858811 -0.491926 -0.352661 0.640436 -0.682255 -0.996995 -0.010014 -0.076815 -0.777303 -0.04368 -0.627608 0.587294 0.033601 -0.808676 0.298673 -0.720877 -0.625404 0.18577 0.073746 -0.979822 0.666225 0.001664 0.745749 0.077621 0.996943 0.00898 0.851625 -0.016808 0.523882 -0.306985 -0.00705 0.951688 0.029302 0.005026 0.999558 -0.055756 0.324835 0.944126 -0.239268 -0.009858 -0.970904 0.99869 -0.044729 0.024834 0.781086 -0.021284 -0.624061 0.737364 0.037723 0.674441 -0.219614 0.005847 0.975569 0.093681 0.99421 -0.05264 0.274709 0.007421 0.961499 -0.589061 0.023896 0.807735 0.102848 -0.016066 0.994567 0.874152 -0.02617 -0.484946 0.009841 -0.004901 0.99994 0.471641 -0.000285 0.88179 -0.035183 0.916947 0.397456 -0.00129 0.991577 0.129512 -0.091272 0.942216 0.322334 -0.002159 0.999976 -0.006551 -0.000451 0.987065 0.160317 0.00296 0.999934 -0.011126 0.497462 -0.052355 -0.865905 -0.548985 0.049066 0.834391 0.500306 -0.00704 0.86582 0.050744 0.007015 -0.998687 -0.050539 0.002033 -0.99872 0.93798 0.003494 0.346673 -0.582846 -0.033631 -0.811886 -0.731683 -0.54921 -0.403743 -0.58194 -0.03335 -0.812547 -0.084596 0.0488 -0.99522 -0.875025 -0.476054 -0.087775 -0.106598 -0.930784 0.349684 0.00863 0.013809 -0.999867 0.012836 -0.944227 0.329045 0.111252 -0.000753 -0.993792 -0.912123 0.016067 0.409601 -0.741742 0.627099 -0.237834 0.14749 0.061874 0.987126 -0.323095 -0.04734 0.945182 -0.019726 -0.106972 -0.994066 0.107613 0.081293 0.990864 -0.018464 -0.94188 -0.335441 -0.06791 -0.133379 -0.988736 0.010323 -0.96767 0.252008 0.947358 0.023273 -0.31933 -0.001958 -0.0126 -0.999919 0.000115 -0.997752 0.06701 0.033094 -0.999449 -0.002405 -0.557874 -0.00295 0.82992 -0.996037 -0.005013 -0.088797 -0.998478 -0.00645 -0.054776 0.183585 -0.015312 0.982885 0.77414 -0.584763 0.242402 0.799087 -0.364957 0.477772 0.907028 -0.0106 0.420936 0.213859 0.250607 0.944172 0.985475 -0.036018 -0.165959 0.856362 -0.139685 0.497124 0.999959 0.007508 -0.005053 -0.155341 0.236259 0.959193 0.028058 -0.633915 -0.772894 -0.05119 -0.161323 0.985573 0.106697 -0.363849 -0.925327 0.035962 -0.31964 -0.946856 -0.03164 0.034846 0.998892 -0.609915 -0.006134 -0.792443 -0.025802 0.022364 -0.999417 -0.314772 -0.008488 0.949129 -0.705106 -0.009943 0.709032 -0.427981 -0.01846 0.903599 0.002707 -0.146368 -0.989226 -0.037714 0.055952 0.997721 0.063307 -0.089362 -0.993985 -0.641517 0.541025 -0.543827 -0.356784 0.63533 0.68488 -0.945753 0.318045 -0.066316 0.401243 -0.465633 -0.78879 -0.288746 0.212654 0.93349 -0.393 0.30985 0.865762 0.456225 -0.428535 0.779883 -0.743953 0.567408 0.352962 -0.294328 0.22622 0.928545 0.589413 -0.435324 -0.680504 0.365581 0.00212 0.930777 0.017746 0.213148 0.976859 -0.850593 -0.004498 0.525805 0.044378 -0.107099 -0.993257 0.074007 0.371801 -0.925358 -0.749382 0.614525 0.246546 0.027109 -0.039412 -0.998855 0.730853 0.106578 -0.674163 -0.109398 0.076825 -0.991025 -0.156352 0.182615 0.970673 -0.023368 -0.645888 0.763074 0.023496 -0.200186 -0.979476 -0.770182 0.625674 -0.123905 -0.077463 0.724647 -0.684753 -0.823207 0.567472 -0.017489 0.758362 -0.580121 -0.297232 -0.077639 -0.724509 0.684878 -0.936984 -0.135139 -0.322176 -0.070288 0.725943 -0.684153 0.928778 -0.239239 -0.283084 0.049782 0.685498 -0.726371 0.773717 -0.596113 -0.214502 0.800594 -0.594711 -0.073269 0.723161 -0.580184 0.374734 0.760337 -0.594289 0.262122 -0.797721 0.569382 0.198607 0.864942 -0.484073 -0.132471 0.990919 -0.070666 -0.114391 0.000261 -0.040332 -0.999186 -0.002943 0.006232 0.999976 -0.291669 0.01696 0.956369 -0.018292 -0.005617 0.999817 -0.611058 -0.003617 -0.791577 -0.952076 -0.015573 0.305464 0.118792 -0.009446 0.992874 -0.410118 -0.010421 0.911973 0.622394 -0.009194 0.78265 -0.06206 -0.006813 -0.998049 0.240528 -0.018686 -0.970462 0.004061 -0.961945 0.273213 0.008012 -0.999868 -0.014113 0.667442 -0.026079 0.744205 0.998563 0.000572 -0.05359 -0.011483 -0.076365 0.997014 -0.19819 0.922964 -0.329935 -0.098397 -0.200782 -0.974682 0.475556 -0.40893 0.77886 0.001697 0.000853 0.999998 0.107599 0.931142 0.348421 0.297879 0.039484 -0.953787 -0.01582 0.950643 0.309882 0.195892 -0.005816 0.980608 -0.083693 0.990734 0.106968 0.017854 0.107747 -0.994018 0.000811 0.999981 -0.006129 0.00936 0.97369 -0.227686 0.000078 0.99954 0.030319 0.003745 0.99992 0.012042 -0.030042 0.992724 -0.116604 -0.0458 0.119197 -0.991814 0.477493 -0.050387 0.877189 -0.078653 -0.251007 -0.964785 0.108203 -0.150873 -0.982614 -0.045116 0.000479 -0.998982 -0.015842 0.020197 -0.999671 -0.111062 -0.967337 -0.227867 -0.011609 -0.999765 -0.018303 0.014892 -0.999767 -0.015621 -0.519414 0.040355 0.853569 -0.299651 0.035165 0.9534 0.000703 -0.999997 0.00225 -0.002512 -0.991316 -0.131476 0.009008 -0.384673 -0.923009 -0.000342 -0.995057 0.099304 -0.034078 0.000185 -0.999419 0.136902 -0.023711 0.990301 -0.047861 0.980515 -0.190525 -0.764029 -0.025265 0.644687 -0.515019 -0.012627 0.857086 0.178198 -0.021864 0.983752 0.006008 0.993131 -0.116854 0.97354 0.05582 -0.221594 0.033103 0.606708 -0.794235 -0.099651 0.038872 0.994263 0.001913 0.999972 -0.007229 -0.000428 0.978837 -0.204643 -0.471299 0.009306 0.881924 0.000271 0.999901 -0.014064 0.31476 -0.111912 -0.942551 0.19616 0.024534 -0.980265 -0.370324 0.053301 -0.927372 -0.710834 0.017465 -0.703143 -0.479026 -0.011946 0.877719 -0.459704 0.016516 -0.887919 -0.473503 -0.024934 0.880439 -0.173092 0.012185 -0.98483 0.95046 -0.219383 0.22022 0.787407 -0.068779 -0.612584 0.184111 -0.546952 -0.816668 0.144194 -0.967339 -0.20848 0.078192 0.221692 -0.971977 -0.758502 -0.29965 -0.578693 -0.359256 -0.192903 -0.913085 0.042698 -0.992806 -0.111863 0.100665 -0.96194 -0.254044 0.114248 -0.896459 -0.428145 0.124964 -0.012438 -0.992083 0.00198 0.999792 -0.020311 -0.182796 0.045083 0.982117 -0.438237 0.013612 -0.898757 -0.330661 0.02184 0.943497 -0.193104 0.015426 -0.981057 -0.847989 0.012183 0.529873 -0.997265 0.004218 -0.073786 -0.999997 -0.00046 -0.002384 0.005722 0.999984 -0.00007 -0.001894 0.997239 -0.074241 0.301018 0.009583 -0.95357 0.61712 0.005248 0.786852 0.511902 0.055022 -0.85728 -0.307031 -0.069019 0.949193 0.00305 0.999986 0.004342 0.932893 -0.06843 -0.353593 -0.382921 0.021284 0.923536 0.465161 -0.332032 -0.820597 -0.604589 -0.000643 0.796538 -0.749563 0.00355 0.661923 0.513326 -0.003543 -0.858186 0.498347 -0.002949 -0.866973 -0.153341 -0.03065 -0.987698 0.211372 -0.004036 -0.977397 0.053562 0.450063 -0.891389 -0.054506 -0.418124 0.906753 -0.091166 -0.122166 0.988314 0.076658 0.626766 0.775427 0.996511 0.082025 -0.015393 -0.022039 -0.00216 0.999755 0.014757 -0.002678 0.999888 -0.988795 -0.124862 0.081819 -0.903568 0.041959 -0.426385 0.059021 0.055298 -0.996724 -0.188352 -0.118385 0.97494 -0.880324 -0.215718 0.422487 -0.228769 0.006669 0.973458 0.881851 -0.108975 0.458763 -0.267371 -0.065342 0.961376 0.005412 -0.129259 0.991596 0.639503 0.043033 0.767583 -0.381713 0.012193 0.924201 -0.153672 0.106441 0.982372 -0.033093 -0.365248 0.930322 0.570117 -0.681078 -0.459456 0.438466 -0.733566 -0.519257 -0.404501 0.364236 0.838875 0.108775 0.571124 0.813625 0.032736 -0.049213 0.998252 0.115343 -0.144958 -0.982692 0.479164 0.840078 -0.254305 0.88855 -0.458376 0.019269 -0.394858 0.05341 0.917188 0.833858 -0.109807 0.540947 0.892521 0.011484 0.450859 -0.338386 0.685363 0.644804 0.339777 0.042424 -0.939549 -0.009453 -0.003848 0.999948 -0.805577 0.223928 0.548546 0.879978 -0.304538 -0.364548 0.235767 -0.000669 0.971809 0.815767 0.001192 0.57838 0.63116 -0.000706 0.775652 -0.016713 0.042049 -0.998976 -0.780287 0.620593 -0.077563 -0.084072 0.013052 -0.996374 0.124981 -0.098893 -0.987218 0.19367 -0.142633 -0.970643 0.126448 0.025189 -0.991653 -0.027239 -0.004627 -0.999618 -0.953204 -0.053533 -0.297549 -0.000446 0.999994 -0.003392 -0.726717 0.677761 -0.111904 0.363166 -0.216369 -0.906253 -0.936425 0.334598 0.105601 0.496296 0.005157 -0.868138 -0.81386 0.121008 -0.568321 -0.977226 -0.097067 0.188701 -0.4964 -0.80905 0.314684 -0.012854 -0.00516 0.999904 0.048717 -0.009185 -0.99877 -0.22579 0.003624 0.974169 -0.075016 0.019682 -0.996988 0.041312 -0.015974 0.999019 0.763151 -0.632298 0.133415 0.309252 0.029695 -0.950516 -0.362299 0.02965 -0.93159 0.999765 -0.007618 0.020299 0.511544 -0.376756 0.772255 0.786856 -0.603407 0.129453 0.809776 -0.584966 0.045591 0.674757 -0.55333 -0.488395 0.980269 -0.197539 0.007189 -0.667822 0.159964 -0.726929 0.80603 -0.591533 0.020089 -0.024383 -0.00697 -0.999678 0.177615 -0.076582 -0.981116 0.848955 -0.030608 -0.527579 -0.365673 0.09714 -0.92566 -0.315383 -0.088089 0.944867 -0.055952 0.015727 -0.99831 0.721726 -0.524102 -0.452138 -0.413399 0.140638 -0.899623 0.936974 0.008299 0.3493 -0.527892 -0.08351 -0.845196 -0.212312 0.091595 -0.9729 0.138593 -0.07308 0.987649 0.293689 -0.162015 -0.942071 0.179263 -0.108819 0.977764 0.350054 0.087141 -0.932667 0.455186 0.165515 0.874877 0.060531 0.078762 -0.995054 -0.061072 -0.003043 0.998129 -0.496292 0.001311 0.868155 0.640106 -0.685684 -0.346558 0.612943 -0.421294 -0.66844 -0.05796 0.051746 -0.996977 0.104511 0.050044 0.993264 -0.313274 0.042194 -0.948725 0.624266 -0.027768 0.780718 0.948984 -0.002579 0.315315 0.946183 -0.179852 -0.269057 0.496404 0.012934 0.867995 0.951127 0.045096 -0.305491 -0.216642 -0.060816 -0.974355 -0.186707 0.068854 0.98 0.096702 0.014653 0.995206 0.961801 0.245838 -0.120425 -0.792973 -0.355749 0.494608 0.925228 -0.375472 0.054537 -0.799448 -0.015739 0.600529 -0.487766 0.131254 0.863051 0.966464 -0.174734 -0.188189 0.972653 -0.197191 -0.122728 -0.224741 -0.020329 -0.974207 0.975718 0.017884 -0.218297 0.93944 -0.329211 -0.095248 0.603305 -0.17593 -0.777863 0.577456 0.056399 0.814472 -0.680182 0.508784 -0.527723 0.201075 -0.116409 0.972634 0.404861 -0.249916 -0.879562 -0.020106 0.03768 -0.999088 0.106735 0.080606 -0.991015 0.104609 -0.04013 -0.993703 -0.067449 -0.023366 0.997449 -0.221097 0.098153 0.9703 -0.481472 -0.028665 0.875993 0.922279 -0.152729 0.35507 0.945946 -0.131641 0.296406 0.360486 -0.016946 0.93261</float_array>
          <technique_common>
            <accessor source="#Barrier1-mesh-normals-array" count="1250" stride="3">
              <param name="X" type="float"/>
              <param name="Y" type="float"/>
              <param name="Z" type="float"/>
            </accessor>
          </technique_common>
        </source>
        <source id="Barrier1-mesh-map-0">
          <float_array id="Barrier1-mesh-map-0-array" count="7500">0.038409 0.490803 0.426744 0.490276 0.426315 0.463588 0.959063 0.941913 0.934744 0.94155 0.95917 0.968737 0.934744 0.94155 0.933404 0.967966 0.95917 0.968737 0.095633 0.424216 0.4991 0.402316 0.11727 0.399994 0.420451 0.519617 0.395432 0.92433 0.396308 0.519447 0.419183 0.923796 0.395432 0.92433 0.420451 0.519617 0.038409 0.490803 0.426315 0.463588 0.021749 0.463232 0.365424 0.058972 0.37768 0.039325 0.377571 0.058628 0.365424 0.058972 0.364965 0.039245 0.37768 0.039325 0.841089 0.956997 0.841293 0.969623 0.821502 0.966544 0.121594 0.458297 0.52281 0.459211 0.526249 0.431953 0.051777 0.51937 0.051784 0.500203 0.039185 0.50821 0.095633 0.424216 0.501177 0.425555 0.4991 0.402316 0.121594 0.458297 0.526249 0.431953 0.203314 0.431303 0.574597 0.472984 0.572984 0.477225 0.574597 0.483468 0.816936 0.109227 0.699651 0.102322 0.688306 0.110757 0.628004 0.613825 0.639254 0.322352 0.639406 0.613136 0.878888 0.630432 0.877922 0.747895 0.889018 0.746356 0.53932 0.892833 0.512222 0.892408 0.538642 0.83736 0.512222 0.892408 0.53474 0.822803 0.538642 0.83736 0.189533 0.00487 0.169139 0.0013 0.1691 0.013647 0.538894 0.806329 0.537651 0.619317 0.539388 0.596954 0.658972 0.061133 0.639297 0.056079 0.639192 0.068682 0.55767 0.609847 0.543932 0.548249 0.57058 0.60355 0.543932 0.548249 0.56958 0.54809 0.57058 0.60355 0.55767 0.609847 0.570125 0.634235 0.544758 0.953001 0.544758 0.953001 0.543932 0.548249 0.55767 0.609847 0.160282 0.532041 0.159885 0.936325 0.135333 0.936323 0.160282 0.532041 0.135333 0.936323 0.135216 0.531814 0.98219 0.240781 0.985466 0.254407 0.986379 0.256513 0.346475 0.995104 0.347113 0.997509 0.349597 0.993145 0.51841 0.425466 0.518171 0.424455 0.522976 0.425131 0.535333 0.806809 0.523544 0.488409 0.537651 0.619317 0.53474 0.822803 0.523544 0.488409 0.535333 0.806809 0.538894 0.806329 0.535333 0.806809 0.537651 0.619317 0.512222 0.892408 0.523544 0.488409 0.53474 0.822803 0.544758 0.953001 0.570125 0.634235 0.565543 0.844587 0.544758 0.953001 0.565543 0.844587 0.564382 0.889856 0.705558 0.053834 0.704789 0.037767 0.709904 0.029697 0.704775 0.042477 0.704789 0.037767 0.705558 0.053834 0.984185 0.778953 0.977563 0.772741 0.98727 0.770877 0.982846 0.800418 0.987161 0.786971 0.980809 0.793862 0.984185 0.778953 0.980809 0.793862 0.977563 0.772741 0.980809 0.793862 0.982846 0.800418 0.977563 0.772741 0.172612 0.579089 0.177242 0.584238 0.177342 0.579566 0.995565 0.158468 0.990061 0.159409 0.993144 0.162323 0.172346 0.583866 0.177242 0.584238 0.172612 0.579089 0.51841 0.425466 0.522976 0.425131 0.522803 0.42618 0.53418 0.531543 0.523544 0.488409 0.533909 0.487623 0.570082 0.953319 0.544758 0.953001 0.564382 0.889856 0.941371 0.65742 0.939723 0.631645 0.964576 0.63126 0.987334 0.178909 0.985887 0.162853 0.986788 0.15206 0.965551 0.656394 0.941371 0.65742 0.964576 0.63126 0.575656 0.601407 0.60117 0.991829 0.575879 0.972291 0.709904 0.029697 0.713984 0.046481 0.705558 0.053834 0.98219 0.240781 0.985466 0.254407 0.986058 0.267956 0.975903 0.27023 0.98219 0.240781 0.986058 0.267956 0.056852 0.031826 0.058633 0.042135 0.054918 0.041466 0.575656 0.601407 0.601741 0.663664 0.60117 0.991829 0.589343 0.585903 0.586694 0.584274 0.591532 0.584274 0.239785 0.887114 0.238982 0.882896 0.195216 0.886408 0.94771 0.525641 0.951479 0.525725 0.948849 0.571303 0.961507 0.378606 0.96765 0.378695 0.965985 0.41783 0.95752 0.917782 0.951995 0.92281 0.953997 0.87846 0.927518 0.332317 0.93079 0.374346 0.926106 0.374477 0.316903 0.027424 0.318281 0.070315 0.316273 0.070345 0.888335 0.054183 0.888478 0.049313 0.935202 0.053465 0.115447 0.935685 0.120227 0.735688 0.123742 0.945043 0.30773 0.04982 0.308191 0.046887 0.265327 0.049998 0.277016 0.544758 0.277016 0.57379 0.274597 0.572255 0.008826 0.337638 0.011281 0.333192 0.050868 0.33728 0.824063 0.435492 0.828659 0.478732 0.824602 0.480755 0.408 0.19187 0.404222 0.19194 0.405195 0.236943 0.008068 0.352522 0.050254 0.358469 0.050004 0.350546 0.946785 0.293002 0.942476 0.292921 0.947208 0.251214 0.53428 0.447146 0.533307 0.413999 0.537689 0.402076 0.897316 0.991661 0.941489 0.9908 0.89795 0.98682 0.116363 0.040263 0.116183 0.035891 0.072013 0.039469 0.48359 0.60342 0.485213 0.737098 0.483594 0.679119 0.944235 0.398001 0.948627 0.398068 0.945748 0.441644 0.646558 0.048197 0.646506 0.043145 0.69181 0.047378 0.19376 0.898777 0.245744 0.899979 0.239714 0.894187 0.373152 0.148258 0.352009 0.15049 0.371421 0.134694 0.521371 0.060081 0.538483 0.065101 0.524874 0.060237 0.659922 0.644221 0.658837 0.656709 0.65719 0.649456 0.374956 0.146273 0.38495 0.134891 0.373551 0.140145 0.373551 0.140145 0.38495 0.134891 0.371421 0.134694 0.38495 0.134891 0.374875 0.134759 0.371421 0.134694 0.374956 0.146273 0.394798 0.150415 0.38495 0.134891 0.373152 0.148258 0.394798 0.150415 0.374956 0.146273 0.778068 0.295296 0.780512 0.286861 0.78125 0.299433 0.625244 0.475852 0.625369 0.4936 0.625165 0.52635 0.417434 0.150534 0.394798 0.150415 0.396964 0.150402 0.731072 0.610258 0.731187 0.604802 0.733404 0.61939 0.544336 0.060161 0.54765 0.061838 0.5646 0.061442 0.728691 0.603821 0.732998 0.343994 0.731187 0.604802 0.731187 0.604802 0.732998 0.343994 0.733404 0.61939 0.475402 0.125146 0.463755 0.124559 0.463172 0.122816 0.461225 0.082073 0.46783 0.078744 0.461946 0.079571 0.927161 0.50874 0.920492 0.519753 0.922358 0.46432 0.018571 0.426407 0.065117 0.422023 0.032738 0.418407 0.018571 0.426407 0.032738 0.418407 0.018599 0.418631 0.851015 0.06324 0.844175 0.06744 0.860569 0.071541 0.307114 0.135724 0.30432 0.141946 0.314328 0.135036 0.925292 0.46516 0.922358 0.46432 0.923586 0.454146 0.619501 0.371354 0.623527 0.616925 0.614315 0.628435 0.623527 0.616925 0.619501 0.371354 0.625244 0.475852 0.351524 0.143038 0.352009 0.15049 0.352829 0.138122 0.728691 0.603821 0.731187 0.604802 0.729644 0.6045 0.351524 0.143038 0.350477 0.147693 0.333887 0.134786 0.335331 0.150041 0.352009 0.15049 0.350477 0.147693 0.394798 0.150415 0.305337 0.150787 0.335331 0.150041 0.394798 0.150415 0.352009 0.15049 0.335331 0.150041 0.729644 0.6045 0.729545 0.619343 0.731072 0.610258 0.728691 0.603821 0.729644 0.6045 0.729545 0.619343 0.352829 0.138122 0.352033 0.134825 0.333887 0.134786 0.351524 0.143038 0.352829 0.138122 0.333887 0.134786 0.625165 0.52635 0.625054 0.608021 0.625244 0.475852 0.427558 0.243968 0.441787 0.24261 0.427285 0.241819 0.625244 0.475852 0.625054 0.608021 0.623527 0.616925 0.427558 0.243968 0.427253 0.24662 0.427285 0.241819 0.441787 0.24261 0.427558 0.243968 0.433332 0.243724 0.433332 0.243724 0.433473 0.245021 0.427558 0.243968 0.333413 0.141039 0.334674 0.141191 0.333887 0.134786 0.433473 0.245021 0.427253 0.24662 0.427558 0.243968 0.333887 0.134786 0.333371 0.148856 0.314328 0.135036 0.314328 0.135036 0.333887 0.134786 0.316445 0.134901 0.792457 0.092847 0.871859 0.09297 0.886549 0.092204 0.871358 0.095628 0.792457 0.092847 0.886381 0.096885 0.440771 0.244961 0.443083 0.245114 0.438248 0.24489 0.3346 0.146193 0.335331 0.150041 0.334674 0.141191 0.427253 0.24662 0.434009 0.24441 0.433473 0.245021 0.443083 0.245114 0.440771 0.244961 0.44075 0.243749 0.441787 0.24261 0.434009 0.24441 0.433332 0.243724 0.443083 0.245114 0.438248 0.24489 0.427253 0.24662 0.44075 0.243749 0.438248 0.24489 0.441787 0.24261 0.438248 0.24489 0.434009 0.24441 0.441787 0.24261 0.333413 0.141039 0.333371 0.148856 0.333887 0.134786 0.334674 0.141191 0.333371 0.148856 0.334092 0.141742 0.443083 0.245114 0.441787 0.24261 0.44075 0.243749 0.3346 0.146193 0.334674 0.141191 0.333371 0.148856 0.334092 0.141742 0.333371 0.148856 0.333413 0.141039 0.438248 0.24489 0.427253 0.24662 0.434009 0.24441 0.305337 0.150787 0.335331 0.150041 0.333371 0.148856 0.316756 0.146987 0.314328 0.135036 0.333371 0.148856 0.871358 0.095628 0.871859 0.09297 0.792457 0.092847 0.333371 0.148856 0.305337 0.150787 0.316756 0.146987 0.884305 0.09561 0.871358 0.095628 0.886381 0.096885 0.871358 0.095628 0.880539 0.09508 0.884305 0.09561 0.334674 0.141191 0.350477 0.147693 0.333887 0.134786 0.335331 0.150041 0.350477 0.147693 0.334674 0.141191 0.5646 0.061442 0.54765 0.061838 0.555708 0.065909 0.75438 0.246949 0.427253 0.24662 0.443083 0.245114 0.316756 0.146987 0.314616 0.140899 0.314328 0.135036 0.871859 0.09297 0.886549 0.092204 0.884305 0.09561 0.884305 0.09561 0.886549 0.092204 0.88628 0.095309 0.871859 0.09297 0.880539 0.09508 0.884305 0.09561 0.884305 0.09561 0.88628 0.095309 0.886381 0.096885 0.314616 0.140899 0.305337 0.150787 0.314328 0.135036 0.314328 0.135036 0.305337 0.150787 0.30432 0.141946 0.441787 0.24261 0.754319 0.242619 0.427285 0.241819 0.443083 0.245114 0.754319 0.242619 0.441787 0.24261 0.75438 0.246949 0.754319 0.242619 0.443083 0.245114 0.394798 0.150415 0.352009 0.15049 0.373152 0.148258 0.352829 0.138122 0.352009 0.15049 0.353219 0.134671 0.371421 0.134694 0.352009 0.15049 0.353219 0.134671 0.924254 0.258034 0.932637 0.247587 0.9259 0.2461 0.525198 0.91283 0.523933 0.928764 0.521571 0.920423 0.520482 0.941199 0.521562 0.973623 0.51557 0.918596 0.403218 0.120689 0.41441 0.122151 0.412536 0.119129 0.519936 0.929993 0.520875 0.940595 0.520482 0.941199 0.519936 0.929993 0.520482 0.941199 0.51557 0.918596 0.922358 0.46432 0.920492 0.519753 0.915187 0.461727 0.932637 0.247587 0.933985 0.255114 0.924254 0.258034 0.525198 0.91283 0.521571 0.920423 0.51557 0.918596 0.521571 0.920423 0.519936 0.929993 0.51557 0.918596 0.924254 0.258034 0.932907 0.303288 0.925178 0.306637 0.898866 0.061577 0.851015 0.06324 0.89741 0.07035 0.851015 0.06324 0.860569 0.071541 0.89741 0.07035 0.933985 0.255114 0.932907 0.303288 0.924254 0.258034 0.551257 0.054771 0.584452 0.05464 0.563173 0.049408 0.618436 0.079391 0.612033 0.078474 0.604436 0.080113 0.551257 0.054771 0.563173 0.049408 0.543421 0.048275 0.591382 0.046632 0.584452 0.05464 0.563173 0.049408 0.841532 0.430145 0.844801 0.454143 0.845811 0.429197 0.197108 0.876333 0.196646 0.863598 0.182415 0.864591 0.993155 0.133242 0.987516 0.136201 0.993915 0.147549 0.520482 0.941199 0.524035 0.948815 0.521562 0.973623 0.524035 0.948815 0.521454 0.940859 0.519936 0.929993 0.2875 0.145564 0.2875 0.146371 0.286694 0.14559 0.519936 0.929993 0.521454 0.940859 0.520875 0.940595 0.521454 0.940859 0.524035 0.948815 0.520844 0.941349 0.052823 0.277274 0.053629 0.277823 0.053629 0.277016 0.97621 0.609274 0.977016 0.609274 0.976416 0.610081 0.523933 0.928764 0.524035 0.948815 0.519936 0.929993 0.070444 0.940985 0.077892 0.744819 0.079617 0.963066 0.074101 0.511924 0.078257 0.497671 0.072939 0.525744 0.07418 0.571323 0.072939 0.525744 0.078257 0.497671 0.319593 0.906518 0.326855 0.56478 0.337221 0.906334 0.070444 0.940985 0.079617 0.963066 0.061511 0.964096 0.337221 0.906334 0.326855 0.56478 0.337963 0.565141 0.437362 0.963128 0.425973 0.500085 0.424473 0.951018 0.078257 0.497671 0.079617 0.963066 0.07418 0.571323 0.424473 0.951018 0.425973 0.500085 0.424937 0.513553 0.269216 0.905737 0.255839 0.690081 0.255453 0.73983 0.424937 0.513553 0.425973 0.500085 0.263255 0.513564 0.055234 0.681573 0.051636 0.719019 0.052788 0.538387 0.196331 0.184408 0.356351 0.180493 0.264879 0.178824 0.356351 0.180493 0.285506 0.18065 0.264879 0.178824 0.240396 0.173598 0.278706 0.173747 0.194953 0.168655 0.278706 0.173747 0.392662 0.169543 0.194953 0.168655 0.392662 0.169543 0.278706 0.173747 0.318689 0.173317 0.286778 0.92662 0.375416 0.919482 0.390809 0.931147 0.02724 0.815096 0.026904 0.795408 0.029168 0.844924 0.387868 0.90054 0.390348 0.900371 0.390809 0.931147 0.194953 0.168655 0.362738 0.166964 0.219353 0.166532 0.196331 0.184408 0.264879 0.178824 0.234084 0.180153 0.278839 0.013306 0.279162 0.006556 0.251482 0.005162 0.234084 0.180153 0.264879 0.178824 0.251987 0.173739 0.097984 0.428997 0.110089 0.430375 0.111307 0.428708 0.768564 0.67044 0.772877 0.640994 0.76739 0.640842 0.506577 0.53056 0.50245 0.530035 0.507484 0.504984 0.121619 0.517684 0.121452 0.52426 0.154679 0.519421 0.943952 0.767748 0.938227 0.742312 0.941802 0.741887 0.234084 0.180153 0.240396 0.173598 0.225879 0.173463 0.225879 0.173463 0.240396 0.173598 0.194953 0.168655 0.225879 0.173463 0.194953 0.168655 0.211478 0.173488 0.428786 0.367426 0.530437 0.372803 0.208858 0.368457 0.053029 0.64429 0.047251 0.655151 0.047856 0.649579 0.048444 0.636288 0.053029 0.64429 0.041962 0.635963 0.701442 0.623763 0.69879 0.622295 0.702016 0.615726 0.041962 0.635963 0.053029 0.64429 0.041791 0.653131 0.037458 0.612501 0.041651 0.651043 0.03486 0.697117 0.535432 0.365769 0.432218 0.365763 0.428786 0.367426 0.048708 0.70161 0.051636 0.719019 0.044679 0.712941 0.048262 0.687322 0.051636 0.719019 0.048708 0.70161 0.041703 0.694202 0.038427 0.724436 0.041791 0.653131 0.048262 0.687322 0.048708 0.70161 0.041703 0.694202 0.048262 0.687322 0.043985 0.672578 0.047342 0.666803 0.047251 0.655151 0.047342 0.666803 0.041791 0.653131 0.047251 0.655151 0.048262 0.687322 0.047342 0.666803 0.047251 0.655151 0.051636 0.719019 0.048262 0.687322 0.041692 0.684327 0.041703 0.694202 0.041791 0.653131 0.948727 0.003308 0.961694 0.000403 0.944187 0.003622 0.048262 0.687322 0.041692 0.684327 0.043985 0.672578 0.530437 0.372803 0.535432 0.365769 0.428786 0.367426 0.889795 0.595842 0.884543 0.592506 0.888376 0.492615 0.051636 0.719019 0.055329 0.926032 0.048301 0.780786 0.051636 0.719019 0.048445 0.735365 0.044679 0.712941 0.221689 0.372795 0.530437 0.372803 0.208858 0.368457 0.420373 0.225321 0.420882 0.230142 0.731423 0.225577 0.053029 0.64429 0.051636 0.719019 0.047251 0.655151 0.052788 0.538387 0.051636 0.719019 0.053029 0.64429 0.458961 0.954082 0.444485 0.966399 0.454552 0.839046 0.454552 0.839046 0.444485 0.966399 0.450997 0.858761 0.234929 0.390083 0.242339 0.388306 0.222218 0.391365 0.048057 0.94638 0.041759 0.952518 0.0417 0.940962 0.043243 0.957981 0.034893 0.967691 0.041759 0.952518 0.552823 0.543145 0.549671 0.540452 0.552823 0.538306 0.904668 0.148394 0.903901 0.167894 0.899295 0.157347 0.058163 0.335146 0.275956 0.336369 0.276047 0.331931 0.273517 0.758663 0.27379 0.780868 0.272557 0.7875 0.477537 0.998794 0.43862 0.996743 0.456123 0.997742 0.763067 0.278957 0.758456 0.604225 0.763182 0.605939 0.758676 0.278846 0.758456 0.604225 0.763067 0.278957 0.614911 0.649927 0.613741 0.848274 0.609221 0.642211 0.905443 0.13794 0.904668 0.148394 0.897827 0.14362 0.613882 0.865554 0.60882 0.95448 0.613741 0.848274 0.613741 0.848274 0.60882 0.95448 0.609221 0.642211 0.908798 0.741192 0.908599 0.728887 0.906048 0.728629 0.870614 0.546611 0.868119 0.477745 0.868842 0.467241 0.870614 0.546611 0.868842 0.467241 0.87058 0.351009 0.870614 0.546611 0.863817 0.547578 0.868119 0.477745 0.042282 0.857202 0.041285 0.869518 0.034633 0.884349 0.041534 0.822695 0.041585 0.844773 0.034633 0.884349 0.048471 0.834308 0.041585 0.844773 0.041534 0.822695 0.041534 0.822695 0.034633 0.884349 0.036557 0.746164 0.036557 0.746164 0.034633 0.884349 0.034558 0.802233 0.041585 0.844773 0.042282 0.857202 0.034633 0.884349 0.047997 0.814031 0.041907 0.800752 0.048301 0.780786 0.053129 0.845536 0.048471 0.834308 0.048301 0.780786 0.048301 0.780786 0.048471 0.834308 0.047997 0.814031 0.055329 0.926032 0.053129 0.845536 0.048301 0.780786 0.94879 0.122136 0.948451 0.128638 0.948465 0.111036 0.016609 0.12824 0.011923 0.128268 0.013011 0.0672 0.880726 0.974677 0.878921 0.980145 0.937375 0.976023 0.480818 0.068246 0.480982 0.073381 0.421854 0.069404 0.049741 0.891628 0.042212 0.896293 0.047584 0.871721 0.049741 0.891628 0.047584 0.871721 0.049056 0.866903 0.790897 0.060602 0.815007 0.064906 0.830299 0.064606 0.55218 0.347168 0.576416 0.342417 0.422742 0.34233 0.282303 0.129575 0.282465 0.133647 0.089095 0.132482 0.701311 0.968721 0.703103 0.91722 0.701399 0.932032 0.708158 0.968799 0.701311 0.968721 0.703103 0.91722 0.332781 0.535989 0.343984 0.531311 0.297762 0.532185 0.868119 0.477745 0.863817 0.547578 0.863636 0.485221 0.001941 0.885584 0.002641 0.90995 0.001675 0.904489 0.931267 0.479259 0.92621 0.478671 0.926429 0.476027 0.931267 0.479259 0.926429 0.476027 0.931803 0.473861 0.86582 0.453353 0.864544 0.444394 0.865131 0.439387 0.86582 0.453353 0.865131 0.439387 0.86729 0.455627 0.868842 0.467241 0.86729 0.455627 0.865131 0.439387 0.865131 0.439387 0.87058 0.351009 0.868842 0.467241 0.865131 0.439387 0.864223 0.351187 0.87058 0.351009 0.001941 0.885584 0.002641 0.90995 0.003696 0.859966 0.002641 0.90995 0.003696 0.859966 0.005665 0.935838 0.865131 0.439387 0.863254 0.438804 0.864223 0.351187 0.002641 0.90995 0.005665 0.935838 0.001912 0.92843 0.001912 0.92843 0.005665 0.935838 0.001405 0.935659 0.503038 0.944438 0.498329 0.94987 0.498204 0.924875 0.651319 0.017204 0.65149 0.018042 0.673111 0.019029 0.651319 0.017204 0.673111 0.019029 0.679941 0.012239 0.895682 0.091251 0.897603 0.092461 0.891743 0.082847 0.897541 0.076357 0.897603 0.092461 0.891743 0.082847 0.868842 0.467241 0.865708 0.461407 0.86729 0.455627 0.372984 0.005207 0.374401 0.006083 0.373535 0.004435 0.542977 0.363013 0.567904 0.364016 0.554837 0.359035 0.865708 0.461407 0.864544 0.444394 0.86582 0.453353 0.925027 0.447018 0.925117 0.442728 0.915261 0.443166 0.651319 0.017204 0.653337 0.015466 0.679941 0.012239 0.191345 0.939919 0.189919 0.93778 0.191826 0.93922 0.567904 0.364016 0.554906 0.356407 0.554837 0.359035 0.555753 0.356974 0.567904 0.364016 0.554906 0.356407 0.993952 0.454963 0.993145 0.454385 0.993312 0.455242 0.911694 0.728629 0.908599 0.728887 0.908798 0.741192 0.374401 0.006083 0.374065 0.005999 0.373176 0.006043 0.864544 0.444394 0.8625 0.466725 0.863824 0.465913 0.397266 0.106894 0.396678 0.107191 0.397359 0.109136 0.396678 0.107191 0.396738 0.108081 0.397359 0.109136 0.228209 0.011694 0.228209 0.014919 0.227823 0.014081 0.993145 0.454385 0.993952 0.454963 0.993312 0.453629 0.374065 0.005999 0.374401 0.006083 0.372984 0.005207 0.865708 0.461407 0.863824 0.465913 0.864544 0.444394 0.00215 0.878295 0.003696 0.859966 0.001941 0.885584 0.374757 0.006855 0.375222 0.006508 0.374401 0.006083 0.228209 0.014919 0.228629 0.012008 0.228209 0.011694 0.375222 0.006508 0.37621 0.005207 0.374401 0.006083 0.255574 0.202954 0.272252 0.205094 0.271931 0.203627 0.874564 0.413523 0.881554 0.456241 0.876371 0.45624 0.397266 0.106894 0.369062 0.109957 0.396678 0.107191 0.398322 0.105688 0.397266 0.106894 0.397555 0.107476 0.397266 0.106894 0.369062 0.109957 0.398322 0.105688 0.278174 0.204909 0.271931 0.203627 0.272252 0.205094 0.191344 0.936694 0.191826 0.93922 0.189919 0.93778 0.737784 0.217912 0.720048 0.217751 0.608966 0.216214 0.737784 0.217912 0.746741 0.217384 0.608966 0.216214 0.720048 0.217751 0.608966 0.216214 0.714132 0.218197 0.683746 0.322983 0.678539 0.359299 0.67655 0.312879 0.422742 0.34233 0.422263 0.348642 0.505385 0.347854 0.505385 0.347854 0.422742 0.34233 0.536514 0.346949 0.536514 0.346949 0.55218 0.347168 0.422742 0.34233 0.706747 0.168862 0.501482 0.165761 0.501363 0.172228 0.706747 0.168862 0.723566 0.167923 0.771929 0.165354 0.724452 0.060849 0.717207 0.066512 0.667117 0.06462 0.299517 0.10523 0.329836 0.110098 0.369062 0.109957 0.701616 0.865378 0.703103 0.91722 0.701841 0.859971 0.293545 0.890421 0.288046 0.890142 0.292406 0.904469 0.398322 0.105688 0.299517 0.10523 0.369062 0.109957 0.995451 0.762015 0.995274 0.748067 0.980464 0.753468 0.264762 0.539975 0.269216 0.905737 0.255642 0.614833 0.269216 0.905737 0.255642 0.614833 0.255839 0.690081 0.255839 0.690081 0.255642 0.614833 0.255575 0.633939 0.255575 0.633939 0.255839 0.690081 0.255739 0.66182 0.255729 0.56868 0.264762 0.539975 0.255642 0.614833 0.255694 0.587893 0.255729 0.56868 0.255642 0.614833 0.068275 0.734158 0.069584 0.709458 0.070658 0.793991 0.204809 0.00121 0.216569 0.014786 0.203312 0.014611 0.064733 0.636926 0.070504 0.608289 0.070654 0.631468 0.994584 0.330242 0.994606 0.345509 0.981401 0.33068 0.064733 0.636926 0.070654 0.631468 0.070658 0.793991 0.070654 0.631468 0.070658 0.793991 0.067666 0.677554 0.067666 0.677554 0.069584 0.709458 0.070658 0.793991 0.994606 0.345509 0.981401 0.33068 0.981138 0.345 0.693134 0.000483 0.700955 0.01648 0.687217 0.01575 0.720219 0.612212 0.713179 0.298815 0.714423 0.612231 0.335505 0.315059 0.009171 0.313922 0.315147 0.316453 0.718759 0.285232 0.720564 0.367527 0.719237 0.393004 0.001088 0.826043 0.002836 0.821403 0.003326 0.838454 0.002836 0.821403 0.005925 0.810552 0.003326 0.838454 0.005925 0.810552 0.003696 0.859966 0.003326 0.838454 0.003326 0.838454 0.000716 0.842778 0.001994 0.855959 0.003326 0.838454 0.001994 0.855959 0.003696 0.859966 0.156453 0.370823 0.059419 0.372266 0.059516 0.367054 0.719237 0.393004 0.718759 0.285232 0.713179 0.298815 0.113863 0.309486 0.335799 0.309855 0.335505 0.315059 0.113863 0.309486 0.009171 0.313922 0.335505 0.315059 0.113863 0.309486 0.008863 0.308051 0.009171 0.313922 0.531452 0.215553 0.545784 0.216657 0.532742 0.21757 0.18839 0.326053 0.304968 0.325791 0.083003 0.323415 0.083003 0.323415 0.304968 0.325791 0.340476 0.319774 0.999597 0.981855 0.996391 0.968387 0.997541 0.977024 0.999597 0.981855 0.999597 0.963269 0.996391 0.968387 0.545784 0.216657 0.543275 0.218777 0.532742 0.21757 0.083003 0.323415 0.184014 0.32694 0.18839 0.326053 0.816328 0.271643 0.812758 0.278341 0.811837 0.172326 0.689409 0.181835 0.678093 0.181471 0.695342 0.181832 0.678093 0.181471 0.695342 0.181832 0.707301 0.181655 0.700043 0.391745 0.705486 0.28633 0.701471 0.611392 0.689766 0.32092 0.689489 0.53858 0.694579 0.538896 0.666512 0.09273 0.580242 0.092339 0.619627 0.093145 0.089962 0.511282 0.089035 0.946745 0.091276 0.715005 0.424473 0.951018 0.132364 0.952356 0.097044 0.964462 0.132364 0.952356 0.109513 0.952218 0.097044 0.964462 0.109513 0.952218 0.130141 0.49993 0.097044 0.964462 0.381023 0.186694 0.396594 0.18447 0.196331 0.184408 0.109513 0.952218 0.108525 0.513591 0.130141 0.49993 0.437362 0.963128 0.424473 0.951018 0.097044 0.964462 0.293638 0.550646 0.292363 0.843789 0.295892 0.659736 0.292363 0.843789 0.300394 0.659655 0.300238 0.851867 0.300238 0.851867 0.300394 0.659655 0.312631 0.550537 0.278533 0.603372 0.283217 0.576674 0.280759 0.619257 0.274597 0.679637 0.276899 0.621108 0.277789 0.682159 0.277789 0.682159 0.280759 0.619257 0.28242 0.904077 0.277789 0.682159 0.276399 0.904256 0.28242 0.904077 0.280759 0.619257 0.28242 0.904077 0.283217 0.576674 0.501619 0.975403 0.500683 0.972428 0.500408 0.956108 0.503038 0.944438 0.501619 0.975403 0.500408 0.956108 0.500384 0.109603 0.504849 0.111582 0.481088 0.110299 0.650059 0.991541 0.647112 0.775593 0.645009 0.993891 0.448595 0.116271 0.567652 0.110983 0.481088 0.110299 0.567652 0.110983 0.504849 0.111582 0.481088 0.110299 0.904336 0.213304 0.906136 0.235127 0.89827 0.224618 0.292406 0.904469 0.288046 0.890142 0.286971 0.905035 0.277397 0.576394 0.278533 0.603372 0.283217 0.576674 0.792675 0.956594 0.78633 0.979737 0.78525 0.948219 0.360246 0.55395 0.379837 0.558428 0.379652 0.552888 0.828564 0.140731 0.592498 0.136827 0.834649 0.136627 0.000978 0.863116 0.003696 0.859966 0.00215 0.878295 0.657268 0.657301 0.65719 0.649456 0.65434 0.644236 0.659922 0.644221 0.65719 0.649456 0.65434 0.644236 0.726638 0.46062 0.727341 0.594538 0.728691 0.603821 0.209034 0.358663 0.372636 0.361312 0.380043 0.354831 0.306005 0.987319 0.234367 0.974675 0.300188 0.986949 0.331326 0.989085 0.378761 0.992353 0.306005 0.987319 0.336153 0.203678 0.358778 0.20427 0.326421 0.206431 0.731072 0.610258 0.729545 0.619343 0.733404 0.61939 0.89055 0.428663 0.887003 0.286969 0.891923 0.286973 0.496257 0.276564 0.49084 0.272767 0.354085 0.276726 0.361079 0.271733 0.49084 0.272767 0.354085 0.276726 0.306005 0.987319 0.317995 0.975453 0.234367 0.974675 0.538483 0.065101 0.573426 0.066644 0.555708 0.065909 0.300188 0.986949 0.234367 0.974675 0.250745 0.983597 0.496257 0.276564 0.354085 0.276726 0.68075 0.277475 0.728691 0.603821 0.727341 0.594538 0.729545 0.619343 0.658606 0.507328 0.660569 0.520553 0.656275 0.63643 0.656275 0.63643 0.660569 0.520553 0.662623 0.636563 0.352829 0.138122 0.353219 0.134671 0.352033 0.134825 0.084588 0.345023 0.228135 0.348661 0.245993 0.346176 0.495262 0.894951 0.503038 0.944438 0.498161 0.880138 0.498161 0.880138 0.503038 0.944438 0.499176 0.847253 0.939386 0.421041 0.938165 0.398897 0.940725 0.397922 0.726638 0.46062 0.727506 0.292643 0.728691 0.603821 0.245993 0.346176 0.306636 0.347764 0.411402 0.342455 0.557442 0.319289 0.428855 0.317157 0.530536 0.319604 0.900184 0.200024 0.897373 0.185242 0.89827 0.224618 0.508656 0.134502 0.420364 0.150509 0.466455 0.134486 0.508656 0.134502 0.466455 0.134486 0.48867 0.134356 0.592385 0.14198 0.828564 0.140731 0.592498 0.136827 0.723978 0.977561 0.726015 0.96725 0.727406 0.962862 0.723978 0.977561 0.727406 0.962862 0.729439 0.977748 0.43862 0.996743 0.468445 0.985298 0.42001 0.994698 0.42001 0.994698 0.405613 0.980716 0.397386 0.993598 0.900184 0.200024 0.899348 0.176274 0.904336 0.213304 0.990366 0.480163 0.996371 0.465726 0.996371 0.481855 0.682433 0.718958 0.684316 0.937384 0.678792 0.937449 0.784673 0.323719 0.78933 0.315568 0.788154 0.629286 0.048399 0.596855 0.04167 0.596559 0.041703 0.584707 0.048331 0.581804 0.048399 0.596855 0.041703 0.584707 0.02379 0.700403 0.022559 0.676391 0.019758 0.689747 0.04167 0.596559 0.043309 0.608503 0.037458 0.612501 0.939383 0.6699 0.941532 0.663323 0.941532 0.727319 0.940787 0.731855 0.939383 0.6699 0.941532 0.727319 0.041817 0.567115 0.037458 0.612501 0.041664 0.554934 0.043309 0.608503 0.041773 0.619543 0.037458 0.612501 0.052788 0.538387 0.045783 0.570175 0.041664 0.554934 0.053029 0.64429 0.048331 0.581804 0.052788 0.538387 0.052788 0.538387 0.048331 0.581804 0.045783 0.570175 0.041484 0.542635 0.041664 0.554934 0.035024 0.529518 0.053029 0.64429 0.046386 0.628171 0.048331 0.581804 0.784673 0.323719 0.784627 0.62924 0.788154 0.629286 0.503038 0.944438 0.498204 0.924875 0.495262 0.894951 0.416926 0.310888 0.428855 0.317157 0.480127 0.310041 0.500767 0.952383 0.498329 0.94987 0.503038 0.944438 0.990276 0.841939 0.992227 0.835524 0.991345 0.838597 0.198456 0.632859 0.200725 0.689688 0.198537 0.637371 0.51857 0.118925 0.576456 0.118561 0.567652 0.110983 0.448595 0.116271 0.51857 0.118925 0.567652 0.110983 0.198537 0.637371 0.200725 0.689688 0.185563 0.697781 0.500733 0.349256 0.505385 0.347854 0.422263 0.348642 0.911835 0.88213 0.909067 0.969006 0.907004 0.887937 0.990276 0.841939 0.991345 0.838597 0.98659 0.836597 0.201391 0.528948 0.200725 0.689688 0.198456 0.632859 0.508656 0.134502 0.538335 0.149402 0.49062 0.150246 0.49062 0.150246 0.488534 0.148393 0.508656 0.134502 0.420364 0.150509 0.538335 0.149402 0.49062 0.150246 0.488534 0.148393 0.420364 0.150509 0.508656 0.134502 0.897827 0.14362 0.899295 0.157347 0.899348 0.176274 0.532183 0.134423 0.538335 0.149402 0.508656 0.134502 0.314629 0.226213 0.378601 0.223986 0.29751 0.213163 0.725132 0.96226 0.726015 0.96725 0.723978 0.977561 0.49062 0.150246 0.489639 0.148254 0.420364 0.150509 0.725132 0.96226 0.724594 0.650678 0.727406 0.962862 0.489639 0.148254 0.420364 0.150509 0.488534 0.148393 0.262633 0.220307 0.129787 0.190381 0.193065 0.212451 0.314629 0.226213 0.129787 0.190381 0.262633 0.220307 0.816743 0.721116 0.820885 0.770467 0.817548 0.917221 0.816743 0.721116 0.818719 0.760524 0.820885 0.770467 0.816743 0.721116 0.817548 0.917221 0.814679 0.689919 0.015167 0.032679 0.046133 0.038648 0.0462 0.031622 0.434674 0.174805 0.464777 0.174078 0.402209 0.17068 0.053518 0.365979 0.024907 0.370248 0.053187 0.372767 0.749263 0.033313 0.778087 0.036569 0.778094 0.030899 0.356351 0.180493 0.396594 0.18447 0.395938 0.177535 0.831739 0.666205 0.83181 0.916356 0.830356 0.713914 0.396594 0.18447 0.422948 0.180867 0.395938 0.177535 0.830861 0.046394 0.830812 0.042434 0.787094 0.047871 0.078187 0.208866 0.077911 0.213995 0.111121 0.211911 0.969133 0.50372 0.975278 0.503729 0.976217 0.540727 0.830356 0.713914 0.825811 0.773272 0.827356 0.734208 0.49572 0.001919 0.481855 0.00121 0.490786 0.006983 0.838099 0.032149 0.80963 0.036491 0.83806 0.034797 0.454549 0.1841 0.422948 0.180867 0.396594 0.18447 0.512149 0.043268 0.470977 0.045776 0.51202 0.048187 0.960402 0.812668 0.965975 0.812927 0.962795 0.844228 0.454549 0.1841 0.473361 0.178714 0.434674 0.174805 0.973068 0.079255 0.976603 0.078985 0.974207 0.045204 0.444724 0.180275 0.454549 0.1841 0.434674 0.174805 0.454549 0.1841 0.444724 0.180275 0.422948 0.180867 0.97049 0.763974 0.975578 0.721506 0.976694 0.763764 0.922299 0.936619 0.916656 0.867634 0.922852 0.867823 0.097288 0.438058 0.103512 0.434819 0.076309 0.437514 0.035132 0.437089 0.103512 0.434819 0.076309 0.437514 0.031572 0.972057 0.156197 0.982818 0.087073 0.983266 0.104936 0.434809 0.103512 0.434819 0.097288 0.438058 0.035132 0.437089 0.076309 0.437514 0.049917 0.437016 0.076309 0.437514 0.049917 0.437016 0.062096 0.438422 0.173322 0.698552 0.172476 0.918044 0.167757 0.590938 0.649502 0.533601 0.649778 0.428862 0.643896 0.42874 0.643896 0.42874 0.649502 0.533601 0.648621 0.755555 0.694579 0.538896 0.689766 0.32092 0.694948 0.321111 0.979431 0.360268 0.979301 0.37357 0.967708 0.373332 0.967708 0.373332 0.979431 0.360268 0.967827 0.360165 0.799803 0.535596 0.79568 0.535614 0.796927 0.221658 0.107919 0.117523 0.095565 0.117476 0.089881 0.117375 0.107919 0.117523 0.089881 0.117375 0.235866 0.124297 0.089881 0.117375 0.073569 0.117401 0.059312 0.118986 0.235866 0.124297 0.089881 0.117375 0.059312 0.118986 0.633065 0.337372 0.306198 0.3342 0.31936 0.337689 0.613667 0.345426 0.625278 0.34527 0.613661 0.358383 0.569346 0.304542 0.674263 0.299861 0.347312 0.303638 0.347312 0.303638 0.674263 0.299861 0.360214 0.298383 0.799803 0.535596 0.801201 0.223654 0.796927 0.221658 0.68986 0.875019 0.693591 0.548211 0.695663 0.86123 0.688584 0.654991 0.693591 0.548211 0.68986 0.875019 0.688584 0.654991 0.688874 0.548217 0.693591 0.548211 0.120223 0.383427 0.339836 0.380321 0.326721 0.377535 0.351602 0.378516 0.351597 0.382556 0.569672 0.38041 0.012896 0.376647 0.120223 0.383427 0.326721 0.377535 0.049917 0.437016 0.035132 0.437089 0.038973 0.441413 0.087073 0.983266 0.031572 0.972057 0.048279 0.983511 0.863014 0.079801 0.88291 0.07679 0.847341 0.079806 0.236752 0.2999 0.343724 0.30027 0.343748 0.293417 0.523896 0.331025 0.528214 0.332401 0.306198 0.3342 0.837869 0.160103 0.834696 0.378295 0.833618 0.160191 0.565295 0.305848 0.347312 0.303638 0.569346 0.304542 0.236752 0.2999 0.343748 0.293417 0.022109 0.294805 0.236752 0.2999 0.016539 0.300282 0.022109 0.294805 0.454552 0.839046 0.450997 0.858761 0.462834 0.515511 0.071249 0.757161 0.068275 0.734158 0.070658 0.793991 0.992088 0.983301 0.991727 0.967679 0.978028 0.97569 0.008468 0.378815 0.002875 0.379363 0.004553 0.365505 0.061499 0.498442 0.069344 0.522178 0.067625 0.548771 0.51061 0.399903 0.518906 0.418567 0.505876 0.418507 0.454191 0.973034 0.467844 0.971719 0.454209 0.968381 0.078257 0.497671 0.071689 0.511407 0.061499 0.498442 0.067625 0.548771 0.064733 0.636926 0.061499 0.498442 0.064733 0.636926 0.067625 0.548771 0.070197 0.581293 0.686324 0.079647 0.76121 0.080039 0.688433 0.084249 0.688433 0.084249 0.76121 0.080039 0.74966 0.084557 0.180835 0.117347 0.150246 0.118691 0.164731 0.116814 0.180835 0.117347 0.150246 0.118691 0.235866 0.124297 0.114369 0.116893 0.127718 0.117643 0.107919 0.117523 0.235866 0.124297 0.150246 0.118691 0.127718 0.117643 0.127718 0.117643 0.107919 0.117523 0.235866 0.124297 0.764011 0.25465 0.753013 0.254877 0.759955 0.267714 0.195614 0.11755 0.180835 0.117347 0.235866 0.124297 0.983784 0.431833 0.980019 0.447271 0.991232 0.44004 0.286778 0.92662 0.193455 0.924387 0.375416 0.919482 0.168435 0.905085 0.167757 0.590938 0.172476 0.918044 0.226151 0.272343 0.329296 0.270817 0.222483 0.271292 0.234367 0.974675 0.227678 0.969507 0.202653 0.982316 0.772586 0.192809 0.763597 0.203226 0.763566 0.190264 0.109274 0.072022 0.079463 0.074385 0.098199 0.072089 0.961392 0.168153 0.964602 0.180848 0.963906 0.165718 0.083419 0.272489 0.222483 0.271292 0.018531 0.266037 0.222483 0.271292 0.018531 0.266037 0.329296 0.270817 0.585107 0.486197 0.587207 0.571916 0.580727 0.570162 0.083419 0.272489 0.002388 0.271216 0.018531 0.266037 0.587798 0.181989 0.628873 0.181961 0.604072 0.181832 0.628873 0.181961 0.561542 0.180849 0.587798 0.181989 0.868823 0.97837 0.863141 0.872015 0.864916 0.783511 0.329296 0.270817 0.32934 0.265345 0.018531 0.266037 0.047998 0.761518 0.041253 0.761311 0.048445 0.735365 0.048445 0.735365 0.041253 0.761311 0.041505 0.747287 0.041505 0.747287 0.041253 0.761311 0.036557 0.746164 0.788938 0.178629 0.792199 0.177526 0.790081 0.17516 0.873914 0.249276 0.873766 0.142491 0.88008 0.143448 0.87168 0.245845 0.873766 0.142491 0.873914 0.249276 0.048445 0.735365 0.041731 0.741535 0.041653 0.726935 0.041731 0.741535 0.038427 0.724436 0.041653 0.726935 0.635202 0.217807 0.621666 0.218745 0.608966 0.216214 0.904118 0.876817 0.90109 0.773424 0.906743 0.773719 0.640181 0.216857 0.655546 0.21736 0.608966 0.216214 0.635202 0.217807 0.640181 0.216857 0.608966 0.216214 0.608966 0.216214 0.714132 0.218197 0.694775 0.217061 0.608966 0.216214 0.694775 0.217061 0.676128 0.217679 0.048301 0.780786 0.047998 0.761518 0.048445 0.735365 0.121439 0.175258 0.126704 0.17401 0.017754 0.1685 0.121439 0.175258 0.017749 0.174263 0.017754 0.1685 0.048301 0.780786 0.048445 0.735365 0.051636 0.719019 0.655002 0.101139 0.551843 0.098016 0.551415 0.103366 0.640181 0.216857 0.655546 0.21736 0.642402 0.218937 0.392249 0.97585 0.392274 0.970785 0.381237 0.974109 0.662782 0.309726 0.661609 0.413285 0.661289 0.417966 0.608966 0.216214 0.676128 0.217679 0.661948 0.217817 0.608966 0.216214 0.661948 0.217817 0.655546 0.21736 0.694775 0.217061 0.676128 0.217679 0.686311 0.218933 0.25002 0.394368 0.250024 0.388181 0.354881 0.389722 0.352994 0.386972 0.250024 0.388181 0.354881 0.389722 0.017754 0.1685 0.126704 0.17401 0.173561 0.168784 0.283217 0.576674 0.28242 0.904077 0.283433 0.884762 0.466455 0.134486 0.420364 0.150509 0.439595 0.134409 0.682433 0.718958 0.684316 0.937384 0.684973 0.819888 0.253941 0.145229 0.23161 0.140502 0.009399 0.140189 0.682433 0.718958 0.677171 0.720391 0.678792 0.937449 0.253941 0.145229 0.009399 0.140189 0.009419 0.145855 0.703103 0.91722 0.70753 0.589456 0.708158 0.968799 0.031572 0.972057 0.202653 0.982316 0.156197 0.982818 0.712726 0.772325 0.716458 0.670536 0.713482 0.992996 0.884543 0.592506 0.884315 0.536698 0.888376 0.492615 0.850203 0.698128 0.854347 0.698209 0.852878 0.480726 0.031572 0.972057 0.227678 0.969507 0.202653 0.982316 0.855125 0.92355 0.85143 0.706609 0.850057 0.865296 0.095649 0.076343 0.098199 0.072089 0.085385 0.074375 0.079463 0.074385 0.098199 0.072089 0.085385 0.074375 0.857273 0.996933 0.843952 0.996371 0.854526 0.999597 0.911692 0.134258 0.901382 0.134031 0.91169 0.121382 0.91169 0.121382 0.901382 0.134031 0.901348 0.121447 0.716458 0.670536 0.713482 0.992996 0.719246 0.976737 0.325768 0.993443 0.325816 0.997831 0.011973 0.994716 0.819903 0.899034 0.817548 0.917221 0.821462 0.878056 0.961047 0.541974 0.964736 0.501328 0.95765 0.501368 0.829345 0.580693 0.835343 0.580893 0.835064 0.540057 0.819894 0.828809 0.821462 0.878056 0.817548 0.917221 0.819894 0.828809 0.818752 0.834188 0.821462 0.878056 0.210478 0.875793 0.230812 0.85007 0.225176 0.87592 0.310749 0.03937 0.31058 0.034835 0.2659 0.037744 0.956529 0.55311 0.962511 0.552953 0.958734 0.593852 0.965154 0.207056 0.959987 0.24878 0.95917 0.209186 0.8267 0.888048 0.83181 0.916356 0.819903 0.899034 0.83181 0.916356 0.8267 0.888048 0.827251 0.855832 0.96748 0.085317 0.972733 0.08574 0.969709 0.126473 0.750171 0.258935 0.710044 0.261994 0.75006 0.264739 0.827251 0.855832 0.826433 0.871687 0.821462 0.878056 0.830356 0.713914 0.827251 0.855832 0.826715 0.830239 0.830356 0.713914 0.826715 0.830239 0.825811 0.773272 0.826715 0.830239 0.823708 0.808753 0.825811 0.773272 0.830356 0.713914 0.83181 0.916356 0.827251 0.855832 0.447925 0.011106 0.465122 0.011479 0.455465 0.004541 0.825864 0.792432 0.825811 0.773272 0.823708 0.808753 0.82746 0.873212 0.827251 0.855832 0.8267 0.888048 0.948192 0.743365 0.952953 0.743336 0.950144 0.78898 0.193767 0.069587 0.182833 0.069352 0.19072 0.05612 0.300238 0.851867 0.312631 0.550537 0.309431 0.864168 0.29909 0.865607 0.301215 0.855158 0.309431 0.864168 0.091196 0.707991 0.091276 0.715005 0.089962 0.511282 0.29909 0.865607 0.309431 0.864168 0.300682 0.876845 0.006339 0.062033 0.014917 0.056898 0.003255 0.057221 0.036865 0.983586 0.031572 0.972057 0.027691 0.984031 0.030076 0.955536 0.017548 0.762439 0.001118 0.665223 0.928747 0.958394 0.927291 0.94406 0.919839 0.956891 0.573524 0.043038 0.573639 0.034225 0.577238 0.041101 0.823928 0.078609 0.838593 0.081623 0.816057 0.076899 0.295929 0.865822 0.292363 0.843789 0.29909 0.865607 0.292363 0.843789 0.301215 0.855158 0.29909 0.865607 0.017086 0.059421 0.006339 0.062033 0.014917 0.056898 0.030076 0.955536 0.01995 0.981437 0.031572 0.972057 0.027691 0.984031 0.031572 0.972057 0.01995 0.981437 0.823551 0.514833 0.822668 0.516395 0.822621 0.510535 0.836383 0.87008 0.835918 0.678359 0.83907 0.673578 0.030076 0.955536 0.001118 0.665223 0.01995 0.981437 0.836383 0.87008 0.845968 0.664894 0.83907 0.673578 0.672598 0.970849 0.667728 0.97105 0.66804 0.864571 0.899604 0.412063 0.903447 0.513616 0.898876 0.50856 0.240327 0.300938 0.343724 0.30027 0.236752 0.2999 0.680243 0.106428 0.687887 0.096404 0.674731 0.096685 0.66804 0.864571 0.66807 0.644009 0.672645 0.656988 0.707301 0.181655 0.729614 0.181732 0.717379 0.182165 0.779256 0.178011 0.678093 0.181471 0.729614 0.181732 0.672598 0.970849 0.66804 0.864571 0.672645 0.656988 0.171726 0.520461 0.377395 0.518296 0.171939 0.516634 0.729614 0.181732 0.678093 0.181471 0.707301 0.181655 0.377395 0.518296 0.171726 0.520461 0.389554 0.52316 0.549685 0.111377 0.567652 0.110983 0.560924 0.109823 0.560924 0.109823 0.55124 0.109609 0.549685 0.111377 0.750717 0.767405 0.748007 0.769641 0.748224 0.987324 0.719237 0.393004 0.720219 0.612212 0.713179 0.298815 0.525388 0.110644 0.544961 0.110881 0.530859 0.109609 0.567652 0.110983 0.544961 0.110881 0.525388 0.110644 0.058163 0.335146 0.276047 0.331931 0.058118 0.330596 0.525388 0.110644 0.567652 0.110983 0.504849 0.111582 0.525388 0.110644 0.508489 0.109437 0.504849 0.111582 0.335799 0.309855 0.117546 0.308052 0.113863 0.309486 0.170605 0.569656 0.168979 0.528414 0.171506 0.54689 0.671333 0.336338 0.668145 0.322984 0.673132 0.323344 0.269216 0.905737 0.255801 0.848225 0.255369 0.882082 0.255453 0.73983 0.269216 0.905737 0.255801 0.848225 0.734531 0.095884 0.693923 0.09444 0.711225 0.095682 0.255533 0.797415 0.255453 0.73983 0.255801 0.848225 0.070658 0.793991 0.067182 0.815391 0.064733 0.636926 0.255659 0.714121 0.255839 0.690081 0.255453 0.73983 0.067182 0.815391 0.066949 0.830166 0.06867 0.853441 0.353629 0.04879 0.346004 0.060737 0.339947 0.049075 0.064733 0.636926 0.067182 0.815391 0.061511 0.964096 0.735513 0.003679 0.735438 0.014905 0.748537 0.008413 0.061511 0.964096 0.06867 0.853441 0.068757 0.89088 0.06867 0.853441 0.061511 0.964096 0.067182 0.815391 0.462834 0.515511 0.450997 0.858761 0.449343 0.502389 0.976497 0.918795 0.976622 0.905486 0.988072 0.905431 0.988072 0.905431 0.976497 0.918795 0.988212 0.918662 0.070769 0.915698 0.070444 0.940985 0.061511 0.964096 0.061511 0.964096 0.068757 0.89088 0.070769 0.915698 0.497159 0.083116 0.486012 0.083177 0.490584 0.069921 0.269216 0.905737 0.255587 0.907273 0.255369 0.882082 0.503018 0.002422 0.514352 0.000648 0.514393 0.005496 0.638617 0.742743 0.632079 0.638682 0.638063 0.747695 0.638694 0.638755 0.632079 0.638682 0.638617 0.742743 0.638063 0.747695 0.635567 0.96556 0.632079 0.638682 0.635567 0.96556 0.632079 0.638682 0.63241 0.951678 0.474859 0.217596 0.442612 0.215231 0.455209 0.217886 0.474859 0.217596 0.460849 0.21769 0.455209 0.217886 0.296724 0.654781 0.293638 0.550646 0.295892 0.659736 0.292363 0.843789 0.295892 0.659736 0.300394 0.659655 0.779256 0.178011 0.729614 0.181732 0.747991 0.181955 0.729614 0.181732 0.747991 0.181955 0.741852 0.181973 0.747991 0.181955 0.763486 0.180674 0.760073 0.182769 0.779256 0.178011 0.747991 0.181955 0.763486 0.180674 0.816328 0.271643 0.811837 0.172326 0.816998 0.172203 0.771694 0.182801 0.779256 0.178011 0.763486 0.180674 0.296724 0.654781 0.300394 0.659655 0.312631 0.550537 0.625278 0.34527 0.625057 0.358231 0.613661 0.358383 0.222578 0.158838 0.222716 0.15422 0.004838 0.156849 0.674351 0.304845 0.674263 0.299861 0.569346 0.304542 0.001209 0.810096 0.005925 0.810552 0.002836 0.821403 0.001209 0.810096 0.002836 0.821403 0.000715 0.818645 0.048057 0.94638 0.054248 0.967666 0.043243 0.957981 0.596447 0.25777 0.375713 0.261687 0.702682 0.262821 0.702682 0.262821 0.702745 0.257942 0.596447 0.25777 0.273506 0.104441 0.17014 0.101521 0.16985 0.106578 0.194022 0.635841 0.198537 0.637371 0.185563 0.697781 0.194022 0.635841 0.185563 0.697781 0.18218 0.528879 0.18218 0.528879 0.198456 0.632859 0.194022 0.635841 0.18218 0.528879 0.201391 0.528948 0.198456 0.632859 0.17014 0.101521 0.273529 0.098948 0.273506 0.104441 0.389547 0.245373 0.395305 0.219198 0.383682 0.225428 0.383682 0.225428 0.314629 0.226213 0.389547 0.245373 0.383682 0.225428 0.395305 0.219198 0.389952 0.207481 0.411495 0.01391 0.412059 0.006069 0.385445 0.009945 0.023491 0.599784 0.023213 0.589546 0.018888 0.596136 0.956363 0.868194 0.935457 0.866392 0.935321 0.871007 0.983095 0.163852 0.977031 0.150998 0.982902 0.179203 0.876679 0.103344 0.871396 0.105184 0.871807 0.101304 0.556278 0.018106 0.54242 0.018223 0.547926 0.026215 0.479861 0.721403 0.48086 0.719015 0.480258 0.723178 0.547926 0.026215 0.527794 0.017997 0.527721 0.027757 0.537125 0.018665 0.527794 0.017997 0.547926 0.026215 0.891638 0.268435 0.887279 0.127002 0.890184 0.121558 0.816328 0.271643 0.816975 0.33801 0.812758 0.278341 0.678093 0.181471 0.561542 0.180849 0.628873 0.181961 0.678093 0.181471 0.628873 0.181961 0.64234 0.181651 0.678093 0.181471 0.64234 0.181651 0.656326 0.18094 0.656326 0.18094 0.678093 0.181471 0.665228 0.182218 0.64234 0.181651 0.656326 0.18094 0.652753 0.182761 0.729419 0.156508 0.832338 0.155925 0.7251 0.15536 0.891638 0.268435 0.887255 0.268622 0.887279 0.127002 0.745269 0.371432 0.740961 0.381538 0.740693 0.27957 0.433397 0.353325 0.427994 0.360861 0.533421 0.355497 0.054248 0.967666 0.048057 0.94638 0.048128 0.926473 0.048128 0.926473 0.054248 0.967666 0.051845 0.902241 0.053129 0.845536 0.054248 0.967666 0.051845 0.902241 0.348475 0.549853 0.352686 0.843454 0.342864 0.890596 0.18708 0.698572 0.200725 0.689688 0.199314 0.842535 0.18708 0.698572 0.199314 0.842535 0.185138 0.83961 0.185138 0.83961 0.185563 0.697781 0.18708 0.698572 0.35874 0.747602 0.358262 0.751599 0.35692 0.747919 0.477537 0.998794 0.469758 0.991021 0.43862 0.996743 0.468445 0.985298 0.469758 0.991021 0.43862 0.996743 0.197059 0.848347 0.199314 0.842535 0.189748 0.853415 0.185138 0.83961 0.199314 0.842535 0.189748 0.853415 0.363727 0.901003 0.358698 0.567782 0.35874 0.747602 0.358698 0.567782 0.370378 0.56767 0.363727 0.901003 0.474859 0.217596 0.531452 0.215553 0.442612 0.215231 0.531452 0.215553 0.474859 0.217596 0.497521 0.216757 0.513168 0.216758 0.497521 0.216757 0.505224 0.218605 0.513168 0.216758 0.531452 0.215553 0.497521 0.216757 0.474859 0.217596 0.497521 0.216757 0.492064 0.218327 0.480333 0.217745 0.492064 0.218327 0.474859 0.217596 0.90199 0.376746 0.899316 0.273347 0.90386 0.292672 0.012896 0.376647 0.012848 0.383491 0.120223 0.383427 0.296724 0.654781 0.293638 0.550646 0.312631 0.550537 0.148555 0.213439 0.262633 0.220307 0.193065 0.212451 0.193065 0.212451 0.129787 0.190381 0.148555 0.213439 0.837774 0.039171 0.83806 0.034797 0.80963 0.036491 0.5344 0.550503 0.539382 0.550753 0.537162 0.592925 0.947779 0.45825 0.943506 0.458119 0.945741 0.494239 0.925568 0.830122 0.930413 0.82986 0.929513 0.868554 0.504094 0.765699 0.506545 0.806658 0.501243 0.806508 0.899604 0.412063 0.904989 0.410354 0.903447 0.513616 0.224782 0.288286 0.328467 0.283486 0.220663 0.287758 0.220663 0.287758 0.328467 0.283486 0.014284 0.281568 0.048331 0.581804 0.046386 0.628171 0.048399 0.596855 0.046386 0.628171 0.043309 0.608503 0.048399 0.596855 0.706768 0.599941 0.701471 0.611392 0.705486 0.28633 0.799128 0.872843 0.794112 0.872756 0.796102 0.559472 0.041962 0.635963 0.041791 0.653131 0.037458 0.612501 0.046386 0.628171 0.037458 0.612501 0.041773 0.619543 0.046386 0.628171 0.041962 0.635963 0.037458 0.612501 0.705486 0.28633 0.699946 0.286108 0.700043 0.391745 0.832338 0.155925 0.784623 0.149836 0.7251 0.15536 0.971475 0.313676 0.976559 0.313603 0.973284 0.342296 0.950943 0.580421 0.945077 0.580508 0.947369 0.614029 0.355806 0.17357 0.373427 0.174825 0.392662 0.169543 0.672748 0.579547 0.667793 0.611356 0.66735 0.579529 0.356351 0.180493 0.395938 0.177535 0.373427 0.174825 0.840416 0.626756 0.845707 0.657743 0.840078 0.658 0.531452 0.215553 0.516163 0.218609 0.513168 0.216758 0.531452 0.215553 0.526237 0.218851 0.516163 0.218609 0.174135 0.694062 0.167757 0.590938 0.173322 0.698552 0.866307 0.322739 0.864208 0.331931 0.864862 0.282743 0.982232 0.287178 0.986679 0.285057 0.982028 0.310491 0.73886 0.942934 0.73902 0.948022 0.741739 0.92741 0.73886 0.942934 0.737248 0.936966 0.741739 0.92741 0.98589 0.311349 0.986679 0.285057 0.982028 0.310491 0.01379 0.609288 0.011242 0.576084 0.014147 0.580938 0.915939 0.651198 0.920215 0.6485 0.919474 0.624863 0.499505 0.182029 0.507901 0.180467 0.52553 0.180765 0.158315 0.359258 0.183088 0.361342 0.209034 0.358663 0.474767 0.46564 0.470776 0.791192 0.469281 0.586296 0.227382 0.117486 0.214412 0.118253 0.235866 0.124297 0.041674 0.778297 0.041907 0.800752 0.041534 0.822695 0.041674 0.778297 0.041534 0.822695 0.041253 0.761311 0.041253 0.761311 0.041534 0.822695 0.036557 0.746164 0.041674 0.778297 0.042136 0.783386 0.041907 0.800752 0.659922 0.644221 0.661843 0.970747 0.658837 0.656709 0.053151 0.360986 0.053028 0.354444 0.158315 0.359258 0.414539 0.100894 0.517805 0.102798 0.517977 0.097305 0.053028 0.354444 0.158315 0.359258 0.209034 0.358663 0.661843 0.970747 0.658837 0.656709 0.656418 0.970725 0.656418 0.970725 0.658837 0.656709 0.657268 0.657301 0.041907 0.800752 0.041915 0.80559 0.041534 0.822695 0.209034 0.358663 0.053028 0.354444 0.380043 0.354831 0.657268 0.657301 0.656418 0.970725 0.65434 0.644236 0.750717 0.767405 0.755044 0.661145 0.754922 0.987179 0.748224 0.987324 0.750717 0.767405 0.754922 0.987179 0.75899 0.189825 0.432759 0.191157 0.759068 0.194044 0.750717 0.767405 0.749514 0.661192 0.755044 0.661145 0.001088 0.826043 0.003326 0.838454 0.000914 0.835209 0.749598 0.763789 0.750717 0.767405 0.749514 0.661192 0.52553 0.180765 0.678093 0.181471 0.561542 0.180849 0.816975 0.33801 0.8124 0.418708 0.812758 0.278341 0.741252 0.124462 0.849422 0.117448 0.66482 0.124192 0.849355 0.123529 0.741252 0.124462 0.849422 0.117448 0.549303 0.183022 0.543819 0.181622 0.561542 0.180849 0.126704 0.17401 0.172371 0.174853 0.173561 0.168784 0.396544 0.081463 0.396096 0.07417 0.368365 0.078882 0.930936 0.073147 0.932225 0.071847 0.93048 0.084019 0.691944 0.997478 0.67966 0.995436 0.679299 0.99887 0.396544 0.081463 0.368365 0.078882 0.355642 0.081483 0.184069 0.07392 0.181111 0.081652 0.148102 0.082749 0.67966 0.995436 0.673701 0.993036 0.679299 0.99887 0.909712 0.111759 0.835391 0.110021 0.899509 0.105282 0.145177 0.176997 0.126704 0.17401 0.172371 0.174853 0.561542 0.180849 0.579428 0.181877 0.587798 0.181989 0.536401 0.899068 0.532105 0.900063 0.533261 0.981015 0.52553 0.180765 0.481516 0.179016 0.499505 0.182029 0.507455 0.65896 0.496454 0.658059 0.482854 0.832204 0.477537 0.998794 0.482854 0.832204 0.469758 0.991021 0.477537 0.998794 0.507455 0.65896 0.482854 0.832204 0.215071 0.199131 0.209842 0.189626 0.389417 0.193752 0.173187 0.026091 0.173288 0.031928 0.210774 0.028228 0.203565 0.059158 0.202124 0.064962 0.247368 0.062825 0.184941 0.0456 0.184376 0.038717 0.143062 0.043118 0.942485 0.856844 0.945044 0.812227 0.946918 0.856532 0.125109 0.086214 0.124688 0.091263 0.153056 0.093422 0.679663 0.206342 0.418267 0.202937 0.418472 0.208198 0.220663 0.287758 0.001391 0.285328 0.014284 0.281568 0.108525 0.513591 0.263255 0.513564 0.130141 0.49993 0.425973 0.500085 0.130141 0.49993 0.263255 0.513564 0.998149 0.529798 0.99905 0.519846 0.9973 0.520122 0.182617 0.224056 0.177119 0.228687 0.183373 0.227724 0.885427 0.92847 0.884484 0.793434 0.894608 0.786748 0.885427 0.92847 0.894608 0.786748 0.89466 0.929972 0.35874 0.747602 0.363727 0.901003 0.358262 0.751599 0.177119 0.228687 0.182617 0.224056 0.169294 0.225078 0.280506 0.544782 0.383545 0.545746 0.383992 0.541525 0.633065 0.337372 0.528214 0.332401 0.306198 0.3342 0.981106 0.130646 0.978276 0.143396 0.97379 0.135658 0.633065 0.337372 0.632965 0.331076 0.528214 0.332401 0.774478 0.670198 0.780243 0.670022 0.778095 0.98404 0.475885 0.685832 0.476963 0.682576 0.474767 0.46564 0.628873 0.181961 0.604072 0.181832 0.618074 0.182577 0.849942 0.246189 0.845585 0.246269 0.849126 0.142576 0.678201 0.692906 0.676656 0.589714 0.679227 0.589108 0.475885 0.685832 0.474767 0.46564 0.470776 0.791192 0.477609 0.791313 0.475885 0.685832 0.470776 0.791192 0.678926 0.584084 0.679227 0.589108 0.677974 0.45813 0.044679 0.712941 0.041653 0.726935 0.038427 0.724436 0.8096 0.980126 0.80536 0.980076 0.808249 0.786946 0.873914 0.249276 0.88008 0.143448 0.876709 0.333634 0.595773 0.358381 0.597782 0.576643 0.601163 0.359639 0.683928 0.291889 0.576083 0.286504 0.357224 0.291406 0.724594 0.650678 0.729608 0.650593 0.727406 0.962862 0.727406 0.962862 0.729608 0.650593 0.729439 0.977748 0.042212 0.896293 0.041841 0.914606 0.034633 0.884349 0.034633 0.884349 0.041841 0.914606 0.03995 0.925472 0.939928 0.016534 0.950403 0.0125 0.938319 0.013738 0.048128 0.926473 0.041841 0.914606 0.042212 0.896293 0.041285 0.869518 0.042212 0.896293 0.034633 0.884349 0.047584 0.871721 0.042212 0.896293 0.041285 0.869518 0.684063 0.286616 0.581055 0.286646 0.683928 0.291889 0.683928 0.291889 0.576083 0.286504 0.581055 0.286646 0.010115 0.234602 0.264565 0.236999 0.264608 0.231944 0.239005 0.528927 0.23845 0.781129 0.252501 0.540238 0.252501 0.540238 0.23845 0.781129 0.250223 0.850192 0.252501 0.540238 0.252283 0.714283 0.250223 0.850192 0.653126 0.032605 0.638262 0.032853 0.646073 0.029212 0.920844 0.654732 0.915864 0.663099 0.921774 0.678142 0.913913 0.680142 0.921774 0.678142 0.915864 0.663099 0.909713 0.719758 0.91784 0.715152 0.921774 0.678142 0.909713 0.719758 0.921774 0.678142 0.913913 0.680142 0.908549 0.263287 0.90917 0.265425 0.908468 0.268164 0.236179 0.969662 0.317995 0.975453 0.24649 0.975692 0.927894 0.453245 0.925292 0.46516 0.923586 0.454146 0.111671 0.449327 0.017557 0.44736 0.017465 0.452094 0.469775 0.088948 0.548479 0.093066 0.553507 0.08753 0.903558 0.249244 0.90108 0.240969 0.90301 0.263242 0.919169 0.428057 0.916468 0.412743 0.916058 0.349946 0.919212 0.235916 0.913147 0.243263 0.917342 0.313802 0.546098 0.518726 0.54522 0.533146 0.549815 0.533205 0.546098 0.518726 0.548678 0.520153 0.549815 0.533205 0.547039 0.533326 0.54522 0.533146 0.549815 0.533205 0.417198 0.149196 0.420364 0.150509 0.439595 0.134409 0.364441 0.203853 0.379592 0.203774 0.358778 0.20427 0.703103 0.91722 0.701794 0.641665 0.70753 0.589456 0.701841 0.859971 0.701794 0.641665 0.703103 0.91722 0.380083 0.211238 0.379592 0.203774 0.364327 0.210304 0.364327 0.210304 0.379592 0.203774 0.364441 0.203853 0.54522 0.533146 0.545097 0.403563 0.546098 0.518726 0.563677 0.538014 0.564681 0.401332 0.569786 0.538053 0.569786 0.538053 0.564681 0.401332 0.569799 0.401311 0.546098 0.518726 0.545097 0.403563 0.54815 0.518465 0.996423 0.66594 0.991633 0.665115 0.994423 0.658534 0.99863 0.662671 0.994423 0.658534 0.994485 0.654868 0.87218 0.58982 0.880881 0.515833 0.876219 0.589992 0.982902 0.179203 0.977031 0.150998 0.972247 0.179211 0.866287 0.617876 0.87218 0.58982 0.872994 0.605523 0.624597 0.199597 0.614882 0.19879 0.609274 0.199597 0.866287 0.617876 0.872994 0.605523 0.871319 0.60947 0.870166 0.621657 0.866287 0.617876 0.871319 0.60947 0.940673 0.874656 0.941896 0.887719 0.94011 0.931952 0.928109 0.884463 0.940673 0.874656 0.928026 0.91142 0.928223 0.938112 0.928026 0.91142 0.940673 0.874656 0.94011 0.931952 0.941896 0.887719 0.94227 0.886233 0.940673 0.874656 0.94011 0.931952 0.928223 0.938112 0.737513 0.495525 0.739233 0.492028 0.739762 0.712605 0.852815 0.46713 0.851551 0.249487 0.855175 0.249506 0.650349 0.537765 0.649502 0.533601 0.648621 0.755555 0.744418 0.696788 0.739233 0.492028 0.738743 0.386283 0.739233 0.492028 0.744418 0.696788 0.739762 0.712605 0.020087 0.500939 0.033711 0.498928 0.0207 0.495619 0.759142 0.096479 0.780008 0.095062 0.734531 0.095884 0.748846 0.230773 0.762007 0.238007 0.762442 0.224597 0.777701 0.291478 0.781617 0.260008 0.780512 0.286861 0.475035 0.082141 0.475353 0.080112 0.461225 0.082073 0.472279 0.078883 0.475353 0.080112 0.461225 0.082073 0.472279 0.078883 0.46783 0.078744 0.461225 0.082073 0.483315 0.131667 0.545506 0.130958 0.503813 0.124288 0.504918 0.63262 0.505851 0.581258 0.501956 0.594026 0.501956 0.594026 0.505851 0.581258 0.503693 0.553616 0.293783 0.12014 0.259808 0.118026 0.333426 0.122735 0.650679 0.126044 0.503813 0.124288 0.545506 0.130958 0.333426 0.122735 0.259808 0.118026 0.359706 0.125826 0.643896 0.42874 0.648621 0.755555 0.644228 0.742688 0.986106 0.418464 0.996131 0.41855 0.990844 0.405334 0.738743 0.386283 0.744711 0.38608 0.744418 0.696788 0.503813 0.124288 0.483315 0.131667 0.475402 0.125146 0.475402 0.125146 0.483315 0.131667 0.473192 0.129186 0.778068 0.295296 0.781617 0.260008 0.777701 0.291478 0.156329 0.025794 0.129657 0.020248 0.139328 0.028614 0.921866 0.72819 0.91784 0.715152 0.920222 0.730241 0.920222 0.730241 0.91784 0.715152 0.909713 0.719758 0.469925 0.122505 0.475402 0.125146 0.503813 0.124288 0.463172 0.122816 0.475402 0.125146 0.469925 0.122505 0.756005 0.027413 0.767912 0.01959 0.782447 0.025861 0.521519 0.941206 0.524035 0.948815 0.521112 0.941458 0.524035 0.948815 0.520482 0.941199 0.521112 0.941458 0.402199 0.121659 0.398877 0.123922 0.401735 0.121153 0.150361 0.007458 0.149948 0.002059 0.150194 0.001822 0.521112 0.941458 0.520953 0.941217 0.520844 0.941349 0.521454 0.940859 0.520844 0.941349 0.520482 0.941199 0.521112 0.941458 0.520482 0.941199 0.520844 0.941349 0.150194 0.001822 0.149433 0.001378 0.150249 0.00121 0.398877 0.123922 0.401581 0.121031 0.401735 0.121153 0.150361 0.007458 0.150194 0.001822 0.150249 0.00121 0.403218 0.120689 0.394706 0.124731 0.41441 0.122151 0.150361 0.007458 0.147154 0.00426 0.149948 0.002059 0.149948 0.002059 0.147154 0.00426 0.149496 0.001893 0.402199 0.121659 0.394706 0.124731 0.403218 0.120689 0.129657 0.020248 0.156329 0.025794 0.137053 0.020232 0.73902 0.948022 0.741739 0.92741 0.739679 0.987033 0.439595 0.134409 0.396964 0.150402 0.417198 0.149196 0.417198 0.149196 0.417434 0.150534 0.396964 0.150402 0.501482 0.165761 0.517815 0.162713 0.502449 0.162437 0.439595 0.134409 0.396964 0.150402 0.396666 0.135633 0.398192 0.944283 0.411509 0.942313 0.412356 0.946451 0.706747 0.168862 0.771929 0.165354 0.501482 0.165761 0.788591 0.660442 0.787162 0.912975 0.786152 0.660305 0.788591 0.660442 0.789213 0.809995 0.787162 0.912975 0.398192 0.944283 0.14926 0.944299 0.412356 0.946451 0.029819 0.227201 0.165488 0.227628 0.165414 0.222073 0.036357 0.221802 0.029819 0.227201 0.165414 0.222073 0.380083 0.211238 0.358184 0.210244 0.341741 0.210264 0.341741 0.210264 0.358184 0.210244 0.358778 0.20427 0.55121 0.514412 0.548678 0.520153 0.550797 0.41086 0.154932 0.106574 0.027987 0.110416 0.15088 0.112091 0.378761 0.992353 0.317995 0.975453 0.306005 0.987319 0.509563 0.182986 0.52553 0.180765 0.524484 0.18319 0.507901 0.180467 0.52553 0.180765 0.509563 0.182986 0.868442 0.236535 0.864038 0.246802 0.864954 0.220008 0.663445 0.418472 0.661289 0.417966 0.66207 0.505113 0.561542 0.180849 0.52553 0.180765 0.543819 0.181622 0.30273 0.34926 0.306636 0.347764 0.245993 0.346176 0.356351 0.180493 0.339168 0.174486 0.327866 0.180493 0.339168 0.174486 0.355806 0.17357 0.392662 0.169543 0.318689 0.173317 0.339168 0.174486 0.392662 0.169543 0.282647 0.110459 0.277209 0.110504 0.279844 0.08838 0.356351 0.180493 0.327866 0.180493 0.308956 0.180323 0.356351 0.180493 0.308956 0.180323 0.298141 0.180422 0.285506 0.18065 0.356351 0.180493 0.298141 0.180422 0.858468 0.339919 0.866735 0.344758 0.868952 0.339919 0.298141 0.180422 0.318689 0.173317 0.278706 0.173747 0.125149 0.684365 0.130242 0.684565 0.127473 0.713004 0.238738 0.012355 0.243622 0.012148 0.243952 0.039919 0.993928 0.050635 0.993235 0.037854 0.980494 0.044908 0.951958 0.723809 0.947931 0.724276 0.950713 0.737461 0.7384 0.919515 0.737878 0.725009 0.743403 0.724841 0.38495 0.134891 0.394798 0.150415 0.396666 0.135633 0.411509 0.942313 0.412327 0.944101 0.412356 0.946451 0.341741 0.210264 0.326421 0.206431 0.336938 0.212153 0.38495 0.134891 0.392966 0.134318 0.374875 0.134759 0.7384 0.919515 0.741739 0.92741 0.743403 0.724841 0.739679 0.987033 0.741739 0.92741 0.743403 0.724841 0.358778 0.20427 0.341954 0.203985 0.341741 0.210264 0.336938 0.212153 0.380083 0.211238 0.341741 0.210264 0.396666 0.135633 0.439595 0.134409 0.38495 0.134891 0.881253 0.95734 0.881687 0.957661 0.875683 0.957239 0.877909 0.757418 0.881253 0.95734 0.875683 0.957239 0.684099 0.383352 0.678201 0.692906 0.679227 0.589108 0.041703 0.694202 0.044679 0.712941 0.038427 0.724436 0.678201 0.692906 0.683596 0.69299 0.684099 0.383352 0.679227 0.589108 0.680975 0.366172 0.677974 0.45813 0.684099 0.383352 0.679227 0.589108 0.680975 0.366172 0.819971 0.802516 0.817548 0.917221 0.820885 0.770467 0.296948 0.026106 0.296794 0.020589 0.264198 0.024727 0.825864 0.792432 0.819971 0.802516 0.820885 0.770467 0.196031 0.050267 0.241412 0.051659 0.240988 0.045458 0.482661 0.468952 0.488138 0.469134 0.486591 0.472177 0.819971 0.802516 0.819894 0.828809 0.817548 0.917221 0.851876 0.955801 0.850686 0.927135 0.856867 0.927284 0.823708 0.808753 0.819894 0.828809 0.819971 0.802516 0.964565 0.021181 0.964456 0.027359 0.936248 0.023135 0.975503 0.860533 0.96985 0.86062 0.972004 0.819149 0.196031 0.050267 0.241394 0.054331 0.241412 0.051659 0.62559 0.754464 0.624545 0.64684 0.621298 0.973584 0.627006 0.973604 0.62559 0.754464 0.621298 0.973584 0.621298 0.973584 0.624545 0.64684 0.620256 0.960717 0.618971 0.646703 0.620256 0.960717 0.624545 0.64684 0.787715 0.990926 0.891055 0.992796 0.8914 0.988397 0.340476 0.319774 0.304968 0.325791 0.39679 0.319695 0.304968 0.325791 0.409902 0.324247 0.39679 0.319695 0.8201 0.926674 0.814113 0.940362 0.817082 0.94033 0.820957 0.940662 0.817082 0.94033 0.8201 0.926674 0.526986 0.89972 0.513423 0.90277 0.51346 0.897177 0.526986 0.89972 0.526862 0.903491 0.513423 0.90277 0.854434 0.043824 0.84569 0.04373 0.850776 0.031273 0.874513 0.082804 0.887088 0.080372 0.884411 0.080659 0.86372 0.749971 0.863583 0.739112 0.863877 0.739792 0.786447 0.654301 0.777108 0.654374 0.780996 0.6409 0.466816 0.801726 0.472321 0.802019 0.46918 0.904555 0.046386 0.628171 0.053029 0.64429 0.048444 0.636288 0.84123 0.575956 0.846231 0.575784 0.843682 0.472603 0.84123 0.575956 0.83935 0.4726 0.843682 0.472603 0.7251 0.15536 0.784623 0.149836 0.588645 0.15588 0.916163 0.944234 0.916656 0.867634 0.922299 0.936619 0.588645 0.15588 0.784623 0.149836 0.580501 0.150475 0.210478 0.875793 0.221518 0.533984 0.230812 0.85007 0.221518 0.533984 0.230661 0.534371 0.230812 0.85007 0.048301 0.780786 0.041674 0.778297 0.043178 0.76686 0.804722 0.446438 0.808468 0.428629 0.805186 0.448781 0.680688 0.273057 0.577255 0.272016 0.576764 0.273828 0.576764 0.273828 0.496257 0.276564 0.68075 0.277475 0.572199 0.273811 0.50727 0.273101 0.496257 0.276564 0.572199 0.273811 0.576764 0.273828 0.496257 0.276564 0.047998 0.761518 0.048301 0.780786 0.043178 0.76686 0.68075 0.277475 0.680688 0.273057 0.576764 0.273828 0.354881 0.389722 0.25002 0.394368 0.438726 0.390865 0.494648 0.916768 0.498204 0.924875 0.495262 0.894951 0.011242 0.576084 0.010162 0.714873 0.00616 0.389644 0.012368 0.416748 0.011242 0.576084 0.00616 0.389644 0.011242 0.576084 0.01511 0.715392 0.01379 0.609288 0.010162 0.714873 0.01511 0.715392 0.011242 0.576084 0.187499 0.394153 0.193979 0.388049 0.019159 0.391145 0.624545 0.64684 0.627014 0.74997 0.62559 0.754464 0.582567 0.216951 0.608966 0.216214 0.565654 0.216786 0.592636 0.217946 0.608966 0.216214 0.582567 0.216951 0.57955 0.218746 0.582567 0.216951 0.565654 0.216786 0.565654 0.216786 0.57955 0.218746 0.569986 0.218812 0.90096 0.53522 0.903844 0.638634 0.905384 0.535339 0.378812 0.739178 0.388447 0.65703 0.388903 0.878746 0.388903 0.878746 0.388447 0.65703 0.390787 0.656471 0.776936 0.009878 0.780598 0.010917 0.754272 0.009967 0.758334 0.010599 0.776936 0.009878 0.754272 0.009967 0.775236 0.011579 0.776936 0.009878 0.758334 0.010599 0.775236 0.011579 0.753602 0.013535 0.758334 0.010599 0.375416 0.919482 0.387941 0.880967 0.387868 0.90054 0.387941 0.880967 0.375416 0.919482 0.378812 0.739178 0.387941 0.880967 0.388295 0.898292 0.387868 0.90054 0.388295 0.898292 0.387941 0.880967 0.390023 0.898722 0.390023 0.898722 0.387941 0.880967 0.3897 0.88143 0.780598 0.010917 0.775236 0.011579 0.753602 0.013535 0.378812 0.739178 0.388903 0.878746 0.387941 0.880967 0.006493 0.203308 0.004723 0.204914 0.006067 0.206048 0.98306 0.698512 0.981733 0.697177 0.980706 0.699443 0.025137 0.793835 0.027365 0.793204 0.026904 0.795408 0.026904 0.795408 0.024597 0.795665 0.025137 0.793835 0.375416 0.919482 0.387868 0.90054 0.390809 0.931147 0.087706 0.015018 0.086775 0.017339 0.085081 0.015712 0.378812 0.739178 0.386126 0.590716 0.390741 0.63494 0.047585 0.0172 0.074107 0.016959 0.070238 0.012689 0.555726 0.436882 0.554435 0.435466 0.557478 0.435117 0.912843 0.871498 0.91217 0.874316 0.911052 0.871991 0.388844 0.63755 0.390659 0.637471 0.390787 0.656471 0.389054 0.654753 0.388844 0.63755 0.390787 0.656471 0.026946 0.571111 0.026334 0.552525 0.028286 0.527702 0.917189 0.097177 0.919721 0.095031 0.917049 0.09513 0.388447 0.65703 0.389054 0.654753 0.388844 0.63755 0.388447 0.65703 0.378812 0.739178 0.388844 0.63755 0.696371 0.942129 0.691384 0.954545 0.689401 0.947692 0.691384 0.954545 0.696371 0.942129 0.6875 0.964574 0.026929 0.730217 0.026946 0.571111 0.026904 0.795408 0.026904 0.795408 0.028286 0.527702 0.029168 0.844924 0.026946 0.571111 0.028286 0.527702 0.026904 0.795408 0.816975 0.33801 0.814325 0.471827 0.8124 0.418708 0.502524 0.825689 0.499176 0.847253 0.49884 0.824673 0.123506 0.550057 0.127984 0.668457 0.123238 0.668877 0.480127 0.310041 0.428855 0.317157 0.557442 0.319289 0.60959 0.314003 0.480127 0.310041 0.557442 0.319289 0.60959 0.314003 0.557442 0.319289 0.611029 0.320275 0.60959 0.314003 0.611029 0.320275 0.627636 0.313665 0.306636 0.347764 0.411587 0.348827 0.411402 0.342455 0.048301 0.780786 0.041907 0.800752 0.042136 0.783386 0.028199 0.403267 0.05154 0.405804 0.046089 0.413433 0.016264 0.409821 0.028199 0.403267 0.046089 0.413433 0.770597 0.279493 0.770683 0.303555 0.767666 0.303635 0.919732 0.231254 0.91061 0.190692 0.915867 0.156585 0.919732 0.231254 0.915867 0.156585 0.92259 0.166902 0.923832 0.088357 0.92057 0.071315 0.921827 0.071968 0.955026 0.42755 0.956562 0.42621 0.96833 0.42794 0.916245 0.822385 0.92058 0.747813 0.92329 0.811601 0.223112 0.083518 0.267619 0.077969 0.255813 0.073098 0.862477 0.978357 0.868823 0.97837 0.863141 0.872015 0.645513 0.321105 0.650315 0.320992 0.645964 0.424247 0.738743 0.386283 0.737792 0.489276 0.739233 0.492028 0.67309 0.076318 0.643267 0.078805 0.67097 0.079535 0.658606 0.507328 0.661289 0.417966 0.66207 0.505113 0.661289 0.417966 0.662782 0.309726 0.658606 0.507328 0.656332 0.309819 0.662782 0.309726 0.658606 0.507328 0.864038 0.246802 0.864862 0.282743 0.85795 0.15576 0.864038 0.246802 0.85795 0.15576 0.864954 0.220008 0.642619 0.081858 0.643267 0.078805 0.630011 0.074449 0.67309 0.076318 0.630011 0.074449 0.643267 0.078805 0.923832 0.088357 0.923258 0.135389 0.930107 0.136351 0.8577 0.14127 0.861912 0.16576 0.86422 0.156279 0.642619 0.081858 0.630011 0.074449 0.618436 0.079391 0.199345 0.080416 0.255813 0.073098 0.206295 0.073265 0.255813 0.073098 0.199345 0.080416 0.223112 0.083518 0.494282 0.954686 0.489309 0.955109 0.495091 0.984654 0.978281 0.922444 0.981238 0.922465 0.981711 0.948505 0.508213 0.030566 0.50825 0.037115 0.480795 0.030471 0.452567 0.388908 0.438726 0.390865 0.576761 0.390562 0.844029 0.585597 0.827382 0.585057 0.844132 0.589102 0.844132 0.589102 0.827382 0.585057 0.829103 0.588522 0.25002 0.394368 0.438726 0.390865 0.576761 0.390562 0.004956 0.18885 0.063449 0.203547 0.004272 0.183174 0.101656 0.188189 0.090451 0.186477 0.075725 0.196033 0.063449 0.203547 0.075725 0.196033 0.101656 0.188189 0.074084 0.206733 0.101656 0.188189 0.063449 0.203547 0.920222 0.730241 0.909713 0.719758 0.916351 0.728445 0.074084 0.206733 0.063449 0.203547 0.004956 0.18885 0.074084 0.206733 0.059403 0.21113 0.004956 0.18885 0.101656 0.188189 0.097627 0.182681 0.090451 0.186477 0.727506 0.292643 0.732998 0.343994 0.728691 0.603821 0.49009 0.626659 0.500031 0.476343 0.497744 0.645295 0.615712 0.994173 0.608535 0.994295 0.614736 0.975601 0.380688 0.527626 0.297762 0.532185 0.343984 0.531311 0.533421 0.355497 0.427994 0.360861 0.515843 0.361018 0.964411 0.484644 0.959143 0.485015 0.962005 0.442883 0.54815 0.518465 0.548678 0.520153 0.550797 0.41086 0.545097 0.403563 0.550797 0.41086 0.54815 0.518465 0.656275 0.63643 0.656332 0.309819 0.658606 0.507328 0.965293 0.763176 0.958952 0.762659 0.960291 0.79987 0.047585 0.0172 0.050792 0.013102 0.070238 0.012689 0.073825 0.011971 0.050792 0.013102 0.070238 0.012689 0.609811 0.348462 0.576416 0.342417 0.55218 0.347168 0.982609 0.853457 0.982382 0.883144 0.987045 0.882844 0.49491 0.466674 0.500031 0.476343 0.49009 0.626659 0.058524 0.00447 0.087461 0.004592 0.087474 0.006721 0.335887 0.242761 0.344368 0.243015 0.340741 0.245404 0.923832 0.088357 0.931853 0.115759 0.93048 0.084019 0.828636 0.014941 0.802929 0.019243 0.825693 0.018473 0.828636 0.014941 0.800187 0.014747 0.802929 0.019243 0.844801 0.454143 0.846364 0.451912 0.845811 0.429197 0.57621 0.528629 0.577823 0.527332 0.57621 0.524597 0.046089 0.413433 0.05154 0.405804 0.07922 0.403046 0.046885 0.011862 0.050792 0.013102 0.073825 0.011971 0.396096 0.07417 0.367969 0.07486 0.368365 0.078882 0.267619 0.077969 0.223112 0.083518 0.230819 0.084972 0.5884 0.005624 0.604611 0.004042 0.582049 0.003988 0.881554 0.456241 0.877585 0.358499 0.883336 0.400312 0.877585 0.358499 0.881554 0.456241 0.874564 0.413523 0.750309 0.072665 0.786034 0.070432 0.748178 0.069558 0.530981 0.083682 0.555029 0.072813 0.508859 0.072274 0.530981 0.083682 0.508859 0.072274 0.502323 0.077426 0.550555 0.082402 0.555029 0.072813 0.530981 0.083682 0.555029 0.072813 0.571078 0.079013 0.550555 0.082402 0.148102 0.082749 0.123614 0.078591 0.130114 0.073354 0.923832 0.088357 0.931853 0.115759 0.930107 0.136351 0.679299 0.99887 0.673701 0.993036 0.654764 0.998837 0.673701 0.993036 0.65463 0.992945 0.654764 0.998837 0.809484 0.516564 0.808613 0.774606 0.816636 0.647774</float_array>
          <technique_common>
            <accessor source="#Barrier1-mesh-map-0-array" count="3750" stride="2">
              <param name="S" type="float"/>
              <param name="T" type="float"/>
            </accessor>
          </technique_common>
        </source>
        <vertices id="Barrier1-mesh-vertices">
          <input semantic="POSITION" source="#Barrier1-mesh-positions"/>
        </vertices>
        <polylist material="Material_-1-material" count="6">
          <input semantic="VERTEX" source="#Barrier1-mesh-vertices" offset="0"/>
          <input semantic="NORMAL" source="#Barrier1-mesh-normals" offset="1"/>
          <input semantic="TEXCOORD" source="#Barrier1-mesh-map-0" offset="2" set="0"/>
          <vcount>3 3 3 3 3 3 3 3 3 3 3 3 3 3 3 3 3 3 3 3 3 3 3 3 3 3 3 3 3 3 3 3 3 3 3 3 3 3 3 3 3 3 3 3 3 3 3 3 3 3 3 3 3 3 3 3 3 3 3 3 3 3 3 3 3 3 3 3 3 3 3 3 3 3 3 3 3 3 3 3 3 3 3 3 3 3 3 3 3 3 3 3 3 3 3 3 3 3 3 3 3 3 3 3 3 3 3 3 3 3 3 3 3 3 3 3 3 3 3 3 3 3 3 3 3 3 3 3 3 3 3 3 3 3 3 3 3 3 3 3 3 3 3 3 3 3 3 3 3 3 3 3 3 3 3 3 3 3 3 3 3 3 3 3 3 3 3 3 3 3 3 3 3 3 3 3 3 3 3 3 3 3 3 3 3 3 3 3 3 3 3 3 3 3 3 3 3 3 3 3 3 3 3 3 3 3 3 3 3 3 3 3 3 3 3 3 3 3 3 3 3 3 3 3 3 3 3 3 3 3 3 3 3 3 3 3 3 3 3 3 3 3 3 3 3 3 3 3 3 3 3 3 3 3 3 3 3 3 3 3 3 3 3 3 3 3 3 3 3 3 3 3 3 3 3 3 3 3 3 3 3 3 3 3 3 3 3 3 3 3 3 3 3 3 3 3 3 3 3 3 3 3 3 3 3 3 3 3 3 3 3 3 3 3 3 3 3 3 3 3 3 3 3 3 3 3 3 3 3 3 3 3 3 3 3 3 3 3 3 3 3 3 3 3 3 3 3 3 3 3 3 3 3 3 3 3 3 3 3 3 3 3 3 3 3 3 3 3 3 3 3 3 3 3 3 3 3 3 3 3 3 3 3 3 3 3 3 3 3 3 3 3 3 3 3 3 3 3 3 3 3 3 3 3 3 3 3 3 3 3 3 3 3 3 3 3 3 3 3 3 3 3 3 3 3 3 3 3 3 3 3 3 3 3 3 3 3 3 3 3 3 3 3 3 3 3 3 3 3 3 3 3 3 3 3 3 3 3 3 3 3 3 3 3 3 3 3 3 3 3 3 3 3 3 3 3 3 3 3 3 3 3 3 3 3 3 3 3 3 3 3 3 3 3 3 3 3 3 3 3 3 3 3 3 3 3 3 3 3 3 3 3 3 3 3 3 3 3 3 3 3 3 3 3 3 3 3 3 3 3 3 3 3 3 3 3 3 3 3 3 3 3 3 3 3 3 3 3 3 3 3 3 3 3 3 3 3 3 3 3 3 3 3 3 3 3 3 3 3 3 3 3 3 3 3 3 3 3 3 3 3 3 3 3 3 3 3 3 3 3 3 3 3 3 3 3 3 3 3 3 3 3 3 3 3 3 3 3 3 3 3 3 3 3 3 3 3 3 3 3 3 3 3 3 3 3 3 3 3 3 3 3 3 3 3 3 3 3 3 3 3 3 3 3 3 3 3 3 3 3 3 3 3 3 3 3 3 3 3 3 3 3 3 3 3 3 3 3 3 3 3 3 3 3 3 3 3 3 3 3 3 3 3 3 3 3 3 3 3 3 3 3 3 3 3 3 3 3 3 3 3 3 3 3 3 3 3 3 3 3 3 3 3 3 3 3 3 3 3 3 3 3 3 3 3 3 3 3 3 3 3 3 3 3 3 3 3 3 3 3 3 3 3 3 3 3 3 3 3 3 3 3 3 3 3 3 3 3 3 3 3 3 3 3 3 3 3 3 3 3 3 3 3 3 3 3 3 3 3 3 3 3 3 3 3 3 3 3 3 3 3 3 3 3 3 3 3 3 3 3 3 3 3 3 3 3 3 3 3 3 3 3 3 3 3 3 3 3 3 3 3 3 3 3 3 3 3 3 3 3 3 3 3 3 3 3 3 3 3 3 3 3 3 3 3 3 3 3 3 3 3 3 3 3 3 3 3 3 3 3 3 3 3 3 3 3 3 3 3 3 3 3 3 3 3 3 3 3 3 3 3 3 3 3 3 3 3 3 3 3 3 3 3 3 3 3 3 3 3 3 3 3 3 3 3 3 3 3 3 3 3 3 3 3 3 3 3 3 3 3 3 3 3 3 3 3 3 3 3 3 3 3 3 3 3 3 3 3 3 3 3 3 3 3 3 3 3 3 3 3 3 3 3 3 3 3 3 3 3 3 3 3 3 3 3 3 3 3 3 3 3 3 3 3 3 3 3 3 3 3 3 3 3 3 3 3 3 3 3 3 3 3 3 3 3 3 3 3 3 3 3 3 3 3 3 3 3 3 3 3 3 3 3 3 3 3 3 3 3 3 3 3 3 3 3 3 3 3 3 3 3 3 3 3 3 3 3 3 3 3 3 3 3 3 3 3 3 3 3 3 3 3 3 3 3 3 3 3 3 3 3 3 3 3 3 3 3 3 3 3 3 3 3 3 3 3 3 3 3 3 3 3 3 3 3 3 3 3 3 3 3 3 3 3 3 3 3 3 3 3 3 3 3 3 3 3 3 3 3 3 3 3 3 3 3 3 3 3 3 3 3 3 3 3 3 3 3 3 3 3 3 3 3 3 3 3 3 3 3 3 3 3 3 3 3 3 3 3 3 3 3 3 3 3 3 3 3 3 3 3 3 3 3 3 3 3 3 3 3 3 3 3 3 3 3 3 3 3 3 3 3 3 3 3 3 3 3 3 3 3 3 3 3 3 3 3 3 3 3 3 3 3 3 3 3 3 3 3 3 3 3 3 3 3 3 3 3 3 3 3 3 3 3 3 3 3 3 3 3 3 3 3 3 3 3 3 3 3 3 3 3 3 3 3 3 3 3 3 3 3</vcount>
          <p>0 0 0 1 0 1 2 0 2 1 1 3 3 1 4 2 1 5 3 2 6 4 2 7 2 2 8 4 3 9 5 3 10 2 3 11 1 4 12 6 4 13 3 4 14 0 5 15 6 5 16 1 5 17 0 6 18 2 6 19 5 6 20 5 7 21 7 7 22 0 7 23 5 8 24 8 8 25 7 8 26 7 9 27 6 9 28 0 9 29 3 10 30 6 10 31 8 10 32 6 11 33 8 11 34 7 11 35 4 12 36 8 12 37 5 12 38 3 13 39 8 13 40 4 13 41 9 14 42 10 14 43 11 14 44 12 15 45 13 15 46 14 15 47 12 16 48 15 16 49 16 16 50 13 17 51 12 17 52 16 17 53 17 18 54 18 18 55 19 18 56 18 19 57 20 19 58 19 19 59 21 20 60 18 20 61 17 20 62 22 21 63 23 21 64 24 21 65 17 22 66 25 22 67 21 22 68 26 23 69 25 23 70 19 23 71 25 24 72 17 24 73 19 24 74 26 25 75 22 25 76 27 25 77 27 26 78 25 26 79 26 26 80 28 27 81 21 27 82 25 27 83 28 28 84 25 28 85 27 28 86 19 29 87 29 29 88 20 29 89 20 30 90 30 30 91 31 30 92 29 31 93 20 31 94 31 31 95 30 32 96 32 32 97 23 32 98 20 33 99 32 33 100 30 33 101 22 34 102 30 34 103 23 34 104 18 35 105 32 35 106 20 35 107 27 36 108 22 36 109 24 36 110 27 37 111 24 37 112 33 37 113 19 38 114 34 38 115 22 38 116 31 39 117 34 39 118 19 39 119 34 40 120 35 40 121 22 40 122 19 41 123 31 41 124 36 41 125 34 42 126 36 42 127 35 42 128 36 43 129 19 43 130 35 43 131 34 44 132 29 44 133 30 44 134 31 45 135 30 45 136 34 45 137 36 46 138 29 46 139 34 46 140 29 47 141 31 47 142 36 47 143 37 48 144 32 48 145 38 48 146 38 49 147 27 49 148 33 49 149 27 50 150 38 50 151 32 50 152 24 51 153 39 51 154 33 51 155 28 52 156 27 52 157 32 52 158 18 53 159 28 53 160 32 53 161 22 54 162 26 54 163 19 54 164 19 55 165 29 55 166 30 55 167 35 56 168 19 56 169 30 56 170 35 57 171 30 57 172 22 57 173 18 58 174 21 58 175 28 58 176 40 59 177 41 59 178 42 59 179 41 60 180 43 60 181 44 60 182 41 61 183 40 61 184 45 61 185 46 62 186 47 62 187 48 62 188 47 63 189 49 63 190 50 63 191 51 64 192 40 64 193 42 64 194 50 65 195 52 65 196 47 65 197 54 66 198 53 66 199 55 66 200 56 67 201 16 67 202 15 67 203 57 68 204 58 68 205 59 68 206 60 69 207 61 69 208 58 69 209 63 70 210 62 70 211 64 70 212 64 71 213 65 71 214 62 71 215 41 72 216 66 72 217 67 72 218 68 73 219 63 73 220 62 73 221 40 74 222 43 74 223 45 74 224 45 75 225 43 75 226 41 75 227 69 76 228 44 76 229 43 76 230 58 77 231 65 77 232 59 77 233 70 78 234 71 78 235 72 78 236 73 79 237 53 79 238 74 79 239 69 80 240 41 80 241 67 80 242 72 81 243 75 81 244 70 81 245 9 82 246 76 82 247 11 82 248 77 83 249 78 83 250 11 83 251 77 84 252 79 84 253 10 84 254 79 85 255 80 85 256 10 85 257 10 86 258 80 86 259 11 86 260 80 87 261 77 87 262 11 87 263 79 88 264 81 88 265 80 88 266 9 89 267 81 89 268 79 89 269 82 90 270 83 90 271 84 90 272 85 91 273 86 91 274 81 91 275 86 92 276 81 92 277 87 92 278 88 93 279 89 93 280 90 93 281 91 94 282 90 94 283 92 94 284 93 95 285 94 95 286 89 95 287 89 96 288 94 96 289 90 96 290 96 97 291 95 97 292 84 97 293 95 98 294 83 98 295 97 98 296 97 99 297 95 99 298 98 99 299 99 100 300 97 100 301 98 100 302 99 101 303 98 101 304 100 101 305 101 102 306 84 102 307 97 102 308 102 103 309 103 103 310 104 103 311 100 104 312 98 104 313 102 104 314 105 105 315 99 105 316 106 105 317 99 106 318 105 106 319 85 106 320 88 107 321 76 107 322 107 107 323 93 108 324 89 108 325 76 108 326 88 109 327 89 109 328 92 109 329 108 110 330 76 110 331 89 110 332 81 111 333 109 111 334 108 111 335 81 112 336 76 112 337 108 112 338 76 113 339 91 113 340 88 113 341 93 114 342 76 114 343 91 114 344 107 115 345 91 115 346 92 115 347 88 116 348 107 116 349 92 116 350 81 117 351 109 117 352 85 117 353 110 118 354 111 118 355 92 118 356 85 119 357 109 119 358 99 119 359 110 120 360 112 120 361 92 120 362 111 121 363 110 121 364 113 121 365 113 122 366 114 122 367 110 122 368 113 123 369 114 123 370 92 123 371 114 124 372 112 124 373 110 124 374 92 125 375 115 125 376 104 125 377 104 126 378 92 126 379 116 126 380 117 127 381 118 127 382 116 127 383 109 128 384 117 128 385 102 128 386 108 129 387 119 129 388 120 129 389 120 130 390 108 130 391 114 130 392 112 131 393 121 131 394 114 131 395 119 132 396 108 132 397 115 132 398 111 133 399 121 133 400 113 133 401 119 134 402 120 134 403 112 134 404 115 135 405 120 135 406 111 135 407 120 136 408 121 136 409 111 136 410 113 137 411 115 137 412 92 137 413 114 138 414 115 138 415 121 138 416 119 139 417 111 139 418 115 139 419 120 140 420 114 140 421 115 140 422 121 141 423 115 141 424 113 141 425 120 142 426 112 142 427 121 142 428 109 143 429 108 143 430 115 143 431 118 144 432 104 144 433 115 144 434 109 145 435 118 145 436 117 145 437 115 146 438 109 146 439 118 146 440 122 147 441 109 147 442 102 147 443 109 148 444 123 148 445 122 148 446 114 149 447 89 149 448 92 149 449 108 150 450 89 150 451 114 150 452 92 151 453 90 151 454 112 151 455 124 152 456 112 152 457 119 152 458 118 153 459 123 153 460 104 153 461 118 154 462 116 154 463 122 154 464 122 155 465 116 155 466 104 155 467 118 156 468 123 156 469 122 156 470 122 157 471 104 157 472 102 157 473 123 158 474 109 158 475 104 158 476 104 159 477 109 159 478 103 159 479 111 160 480 125 160 481 92 160 482 119 161 483 125 161 484 111 161 485 124 162 486 125 162 487 119 162 488 81 163 489 76 163 490 9 163 491 107 164 492 76 164 493 78 164 494 11 165 495 76 165 496 78 165 497 109 166 498 126 166 499 103 166 500 95 167 501 127 167 502 128 167 503 129 168 504 130 168 505 101 168 506 131 169 507 127 169 508 132 169 509 132 170 510 133 170 511 129 170 512 132 171 513 129 171 514 101 171 515 98 172 516 95 172 517 134 172 518 126 173 519 134 173 520 109 173 521 95 174 522 128 174 523 101 174 524 128 175 525 132 175 526 101 175 527 109 176 528 95 176 529 101 176 530 109 177 531 101 177 532 99 177 533 101 178 534 97 178 535 99 178 536 134 179 537 95 179 538 109 179 539 101 180 540 130 180 541 135 180 542 135 181 543 95 181 544 84 181 545 101 182 546 135 182 547 84 182 548 83 183 549 130 183 550 135 183 551 137 184 552 136 184 553 95 184 554 106 185 555 99 185 556 70 185 557 70 186 558 100 186 559 99 186 560 129 187 561 138 187 562 130 187 563 138 188 564 139 188 565 132 188 566 133 189 567 140 189 568 139 189 569 132 190 570 139 190 571 133 190 572 139 191 573 138 191 574 141 191 575 139 192 576 129 192 577 131 192 578 131 193 579 129 193 580 133 193 581 127 194 582 138 194 583 132 194 584 142 195 585 143 195 586 144 195 587 145 196 588 146 196 589 147 196 590 143 197 591 147 197 592 146 197 593 144 198 594 46 198 595 148 198 596 142 199 597 144 199 598 148 199 599 148 200 600 46 200 601 149 200 602 144 201 603 146 201 604 150 201 605 146 202 606 144 202 607 143 202 608 150 203 609 146 203 610 151 203 611 142 204 612 152 204 613 153 204 614 151 205 615 146 205 616 154 205 617 151 206 618 155 206 619 150 206 620 46 207 621 57 207 622 43 207 623 57 208 624 69 208 625 43 208 626 42 209 627 41 209 628 149 209 629 41 210 630 156 210 631 149 210 632 156 211 633 41 211 634 62 211 635 157 212 636 14 212 637 149 212 638 158 213 639 159 213 640 149 213 641 160 214 642 158 214 643 149 214 644 149 215 645 156 215 646 157 215 647 46 216 648 43 216 649 49 216 650 42 217 651 49 217 652 51 217 653 49 218 654 43 218 655 40 218 656 49 219 657 47 219 658 46 219 659 50 220 660 49 220 661 52 220 662 47 221 663 149 221 664 48 221 665 149 222 666 46 222 667 48 222 668 51 223 669 49 223 670 40 223 671 49 224 672 42 224 673 52 224 674 52 225 675 42 225 676 149 225 677 52 226 678 149 226 679 47 226 680 162 227 681 161 227 682 163 227 683 164 228 684 165 228 685 166 228 686 167 229 687 164 229 688 168 229 689 166 230 690 169 230 691 164 230 692 168 231 693 164 231 694 169 231 695 170 232 696 169 232 697 171 232 698 172 233 699 173 233 700 162 233 701 174 234 702 155 234 703 175 234 704 172 235 705 155 235 706 174 235 707 176 236 708 171 236 709 169 236 710 172 237 711 174 237 712 176 237 713 172 238 714 177 238 715 178 238 716 165 239 717 178 239 718 169 239 719 165 240 720 172 240 721 178 240 722 165 241 723 155 241 724 172 241 725 161 242 726 176 242 727 169 242 728 177 243 729 161 243 730 169 243 731 172 244 732 161 244 733 177 244 734 161 245 735 172 245 736 162 245 737 178 246 738 177 246 739 179 246 740 155 247 741 151 247 742 180 247 743 155 248 744 181 248 745 175 248 746 182 249 747 161 249 748 163 249 749 176 250 750 161 250 751 182 250 752 164 251 753 155 251 754 165 251 755 150 252 756 155 252 757 164 252 758 183 253 759 184 253 760 185 253 761 185 254 762 184 254 763 186 254 764 187 255 765 183 255 766 188 255 767 189 256 768 187 256 769 188 256 770 190 257 771 183 257 772 187 257 773 151 258 774 183 258 775 190 258 776 191 259 777 192 259 778 193 259 779 194 260 780 191 260 781 193 260 782 185 261 783 188 261 784 183 261 785 195 262 786 192 262 787 191 262 788 187 263 789 196 263 790 193 263 791 190 264 792 196 264 793 187 264 794 191 265 795 194 265 796 196 265 797 195 266 798 191 266 799 196 266 800 197 267 801 190 267 802 194 267 803 194 268 804 190 268 805 196 268 806 198 269 807 199 269 808 200 269 809 201 270 810 198 270 811 200 270 812 201 271 813 200 271 814 202 271 815 201 272 816 203 272 817 198 272 818 204 273 819 205 273 820 185 273 821 206 274 822 201 274 823 185 274 824 203 275 825 201 275 826 206 275 827 206 276 828 185 276 829 171 276 830 171 277 831 185 277 832 207 277 833 201 278 834 204 278 835 185 278 836 208 279 837 209 279 838 180 279 839 210 280 840 203 280 841 180 280 842 180 281 843 203 281 844 208 281 845 151 282 846 210 282 847 180 282 848 208 283 849 206 283 850 211 283 851 206 284 852 208 284 853 212 284 854 208 285 855 203 285 856 212 285 857 206 286 858 203 286 859 212 286 860 210 287 861 213 287 862 214 287 863 210 288 864 214 288 865 204 288 866 210 289 867 204 289 868 203 289 869 215 290 870 204 290 871 202 290 872 204 291 873 201 291 874 202 291 875 204 292 876 216 292 877 217 292 878 205 293 879 204 293 880 216 293 881 216 294 882 217 294 883 215 294 884 198 295 885 203 295 886 215 295 887 218 296 888 219 296 889 220 296 890 221 297 891 222 297 892 223 297 893 221 298 894 223 298 895 224 298 896 225 299 897 222 299 898 221 299 899 225 300 900 221 300 901 226 300 902 200 301 903 226 301 904 221 301 905 221 302 906 202 302 907 200 302 908 221 303 909 227 303 910 202 303 911 218 304 912 219 304 913 228 304 914 219 305 915 228 305 916 229 305 917 221 306 918 230 306 919 227 306 920 219 307 921 229 307 922 222 307 923 222 308 924 229 308 925 223 308 926 229 309 927 221 309 928 224 309 929 226 310 930 199 310 931 231 310 932 226 311 933 231 311 934 224 311 935 225 312 936 199 312 937 223 312 938 231 313 939 199 313 940 223 313 941 200 314 942 199 314 943 226 314 944 232 315 945 233 315 946 199 315 947 198 316 948 215 316 949 232 316 950 199 317 951 222 317 952 225 317 953 223 318 954 225 318 955 224 318 956 226 319 957 225 319 958 224 319 959 232 320 960 234 320 961 198 320 962 215 321 963 235 321 964 232 321 965 234 322 966 215 322 967 235 322 968 234 323 969 236 323 970 237 323 971 235 324 972 199 324 973 198 324 974 233 325 975 236 325 976 215 325 977 222 326 978 216 326 979 233 326 980 235 327 981 237 327 982 232 327 983 237 328 984 236 328 985 232 328 986 234 329 987 199 329 988 232 329 989 236 330 990 234 330 991 215 330 992 236 331 993 233 331 994 232 331 995 199 332 996 233 332 997 222 332 998 238 333 999 228 333 1000 218 333 1001 234 334 1002 237 334 1003 233 334 1004 199 335 1005 235 335 1006 234 335 1007 237 336 1008 216 336 1009 233 336 1010 239 337 1011 240 337 1012 233 337 1013 239 338 1014 215 338 1015 240 338 1016 235 339 1017 216 339 1018 237 339 1019 240 340 1020 235 340 1021 198 340 1022 235 341 1023 216 341 1024 240 341 1025 234 342 1026 233 342 1027 240 342 1028 240 343 1029 198 343 1030 234 343 1031 242 344 1032 241 344 1033 173 344 1034 242 345 1035 231 345 1036 173 345 1037 241 346 1038 173 346 1039 243 346 1040 242 347 1041 244 347 1042 231 347 1043 202 348 1044 245 348 1045 222 348 1046 222 349 1047 202 349 1048 216 349 1049 216 350 1050 215 350 1051 202 350 1052 224 351 1053 246 351 1054 247 351 1055 224 352 1056 231 352 1057 244 352 1058 248 353 1059 216 353 1060 219 353 1061 249 354 1062 248 354 1063 216 354 1064 219 355 1065 216 355 1066 250 355 1067 219 356 1068 250 356 1069 222 356 1070 240 357 1071 249 357 1072 216 357 1073 251 358 1074 252 358 1075 253 358 1076 143 359 1077 142 359 1078 254 359 1079 142 360 1080 254 360 1081 152 360 1082 152 361 1083 254 361 1084 252 361 1085 252 362 1086 152 362 1087 253 362 1088 255 363 1089 143 363 1090 254 363 1091 256 364 1092 255 364 1093 254 364 1094 257 365 1095 253 365 1096 258 365 1097 259 366 1098 255 366 1099 256 366 1100 186 367 1101 255 367 1102 259 367 1103 259 368 1104 251 368 1105 254 368 1106 186 369 1107 259 369 1108 258 369 1109 259 370 1110 258 370 1111 251 370 1112 251 371 1113 253 371 1114 258 371 1115 251 372 1116 254 372 1117 252 372 1118 254 373 1119 259 373 1120 256 373 1121 192 374 1122 188 374 1123 260 374 1124 261 375 1125 188 375 1126 262 375 1127 263 376 1128 264 376 1129 265 376 1130 266 377 1131 197 377 1132 264 377 1133 197 378 1134 267 378 1135 264 378 1136 267 379 1137 228 379 1138 264 379 1139 264 380 1140 265 380 1141 268 380 1142 264 381 1143 268 381 1144 228 381 1145 263 382 1146 228 382 1147 268 382 1148 265 383 1149 263 383 1150 188 383 1151 268 384 1152 260 384 1153 261 384 1154 268 385 1155 188 385 1156 261 385 1157 268 386 1158 263 386 1159 188 386 1160 270 387 1161 269 387 1162 271 387 1163 272 388 1164 273 388 1165 274 388 1166 274 389 1167 273 389 1168 275 389 1169 270 390 1170 276 390 1171 269 390 1172 270 391 1173 173 391 1174 276 391 1175 269 392 1176 272 392 1177 271 392 1178 274 393 1179 269 393 1180 272 393 1181 270 394 1182 272 394 1183 277 394 1184 271 395 1185 272 395 1186 278 395 1187 272 396 1188 278 396 1189 279 396 1190 271 397 1191 280 397 1192 281 397 1193 281 398 1194 271 398 1195 278 398 1196 46 399 1197 282 399 1198 57 399 1199 284 400 1200 283 400 1201 134 400 1202 150 401 1203 285 401 1204 46 401 1205 285 402 1206 284 402 1207 46 402 1208 284 403 1209 286 403 1210 46 403 1211 286 404 1212 282 404 1213 46 404 1214 284 405 1215 283 405 1216 286 405 1217 144 406 1218 150 406 1219 46 406 1220 150 407 1221 285 407 1222 277 407 1223 285 408 1224 287 408 1225 288 408 1226 288 409 1227 287 409 1228 207 409 1229 217 410 1230 205 410 1231 248 410 1232 219 411 1233 248 411 1234 220 411 1235 220 412 1236 248 412 1237 289 412 1238 220 413 1239 290 413 1240 289 413 1241 248 414 1242 289 414 1243 205 414 1244 220 415 1245 250 415 1246 230 415 1247 229 416 1248 220 416 1249 230 416 1250 218 417 1251 291 417 1252 220 417 1253 250 418 1254 290 418 1255 220 418 1256 229 419 1257 194 419 1258 220 419 1259 194 420 1260 291 420 1261 220 420 1262 292 421 1263 290 421 1264 289 421 1265 222 422 1266 250 422 1267 230 422 1268 214 423 1269 217 423 1270 205 423 1271 248 424 1272 213 424 1273 217 424 1274 293 425 1275 238 425 1276 218 425 1277 238 426 1278 289 426 1279 293 426 1280 294 427 1281 228 427 1282 238 427 1283 9 428 1284 10 428 1285 78 428 1286 77 429 1287 10 429 1288 78 429 1289 295 430 1290 78 430 1291 93 430 1292 296 431 1293 297 431 1294 78 431 1295 297 432 1296 126 432 1297 78 432 1298 298 433 1299 290 433 1300 297 433 1301 299 434 1302 298 434 1303 297 434 1304 88 435 1305 91 435 1306 90 435 1307 300 436 1308 78 436 1309 112 436 1310 301 437 1311 300 437 1312 90 437 1313 112 438 1314 300 438 1315 90 438 1316 297 439 1317 283 439 1318 126 439 1319 78 440 1320 116 440 1321 112 440 1322 78 441 1323 126 441 1324 116 441 1325 301 442 1326 90 442 1327 94 442 1328 93 443 1329 78 443 1330 91 443 1331 302 444 1332 130 444 1333 92 444 1334 92 445 1335 130 445 1336 116 445 1337 107 446 1338 78 446 1339 91 446 1340 78 447 1341 300 447 1342 295 447 1343 303 448 1344 229 448 1345 296 448 1346 296 449 1347 229 449 1348 300 449 1349 296 450 1350 300 450 1351 295 450 1352 295 451 1353 304 451 1354 93 451 1355 295 452 1356 305 452 1357 304 452 1358 138 453 1359 229 453 1360 300 453 1361 306 454 1362 261 454 1363 289 454 1364 260 455 1365 85 455 1366 289 455 1367 260 456 1368 289 456 1369 261 456 1370 306 457 1371 238 457 1372 289 457 1373 261 458 1374 307 458 1375 308 458 1376 261 459 1377 308 459 1378 306 459 1379 192 460 1380 283 460 1381 260 460 1382 260 461 1383 283 461 1384 292 461 1385 306 462 1386 260 462 1387 292 462 1388 290 463 1389 292 463 1390 283 463 1391 291 464 1392 306 464 1393 292 464 1394 309 465 1395 310 465 1396 311 465 1397 312 466 1398 313 466 1399 309 466 1400 314 467 1401 312 467 1402 309 467 1403 313 468 1404 309 468 1405 170 468 1406 313 469 1407 315 469 1408 170 469 1409 170 470 1410 171 470 1411 207 470 1412 310 471 1413 170 471 1414 207 471 1415 309 472 1416 170 472 1417 310 472 1418 315 473 1419 280 473 1420 170 473 1421 150 474 1422 316 474 1423 310 474 1424 164 475 1425 314 475 1426 150 475 1427 150 476 1428 314 476 1429 316 476 1430 317 477 1431 310 477 1432 207 477 1433 164 478 1434 274 478 1435 314 478 1436 309 479 1437 318 479 1438 311 479 1439 229 480 1440 224 480 1441 303 480 1442 223 481 1443 229 481 1444 319 481 1445 230 482 1446 221 482 1447 229 482 1448 202 483 1449 227 483 1450 320 483 1451 267 484 1452 154 484 1453 194 484 1454 228 485 1455 267 485 1456 194 485 1457 229 486 1458 228 486 1459 194 486 1460 194 487 1461 154 487 1462 321 487 1463 230 488 1464 222 488 1465 245 488 1466 227 489 1467 230 489 1468 245 489 1469 202 490 1470 320 490 1471 245 490 1472 151 491 1473 154 491 1474 267 491 1475 260 492 1476 105 492 1477 307 492 1478 307 493 1479 308 493 1480 260 493 1481 85 494 1482 105 494 1483 307 494 1484 308 495 1485 85 495 1486 260 495 1487 196 496 1488 193 496 1489 260 496 1490 196 497 1491 105 497 1492 260 497 1493 72 498 1494 105 498 1495 106 498 1496 262 499 1497 307 499 1498 261 499 1499 307 500 1500 262 500 1501 85 500 1502 262 501 1503 188 501 1504 308 501 1505 262 502 1506 85 502 1507 308 502 1508 75 503 1509 106 503 1510 322 503 1511 72 504 1512 106 504 1513 75 504 1514 54 505 1515 73 505 1516 71 505 1517 54 506 1518 53 506 1519 73 506 1520 54 507 1521 71 507 1522 70 507 1523 55 508 1524 323 508 1525 53 508 1526 324 509 1527 54 509 1528 70 509 1529 323 510 1530 55 510 1531 54 510 1532 325 511 1533 323 511 1534 54 511 1535 57 512 1536 282 512 1537 100 512 1538 282 513 1539 286 513 1540 326 513 1541 282 514 1542 327 514 1543 100 514 1544 100 515 1545 327 515 1546 328 515 1547 53 516 1548 329 516 1549 74 516 1550 329 517 1551 73 517 1552 74 517 1553 326 518 1554 329 518 1555 323 518 1556 323 519 1557 329 519 1558 53 519 1559 327 520 1560 330 520 1561 70 520 1562 326 521 1563 327 521 1564 282 521 1565 331 522 1566 332 522 1567 327 522 1568 331 523 1569 324 523 1570 332 523 1571 326 524 1572 323 524 1573 324 524 1574 323 525 1575 324 525 1576 325 525 1577 331 526 1578 326 526 1579 324 526 1580 326 527 1581 331 527 1582 327 527 1583 324 528 1584 325 528 1585 54 528 1586 273 529 1587 333 529 1588 281 529 1589 333 530 1590 334 530 1591 281 530 1592 335 531 1593 334 531 1594 281 531 1595 284 532 1596 334 532 1597 335 532 1598 336 533 1599 334 533 1600 333 533 1601 335 534 1602 281 534 1603 337 534 1604 281 535 1605 337 535 1606 338 535 1607 278 536 1608 338 536 1609 315 536 1610 276 537 1611 166 537 1612 169 537 1613 169 538 1614 276 538 1615 333 538 1616 278 539 1617 281 539 1618 338 539 1619 335 540 1620 339 540 1621 318 540 1622 318 541 1623 335 541 1624 340 541 1625 309 542 1626 316 542 1627 339 542 1628 339 543 1629 318 543 1630 311 543 1631 339 544 1632 311 544 1633 156 544 1634 311 545 1635 341 545 1636 14 545 1637 156 546 1638 311 546 1639 14 546 1640 317 547 1641 342 547 1642 341 547 1643 341 548 1644 311 548 1645 343 548 1646 344 549 1647 310 549 1648 343 549 1649 343 550 1650 310 550 1651 341 550 1652 309 551 1653 345 551 1654 339 551 1655 340 552 1656 309 552 1657 318 552 1658 346 553 1659 309 553 1660 340 553 1661 346 554 1662 316 554 1663 309 554 1664 347 555 1665 335 555 1666 339 555 1667 347 556 1668 348 556 1669 335 556 1670 316 557 1671 347 557 1672 339 557 1673 337 558 1674 335 558 1675 345 558 1676 335 559 1677 284 559 1678 343 559 1679 340 560 1680 335 560 1681 343 560 1682 348 561 1683 314 561 1684 309 561 1685 349 562 1686 287 562 1687 342 562 1688 342 563 1689 349 563 1690 343 563 1691 349 564 1692 343 564 1693 344 564 1694 348 565 1695 309 565 1696 345 565 1697 348 566 1698 335 566 1699 345 566 1700 185 567 1701 186 567 1702 207 567 1703 350 568 1704 257 568 1705 258 568 1706 143 569 1707 351 569 1708 352 569 1709 352 570 1710 351 570 1711 353 570 1712 184 571 1713 354 571 1714 351 571 1715 255 572 1716 186 572 1717 143 572 1718 145 573 1719 355 573 1720 184 573 1721 146 574 1722 145 574 1723 184 574 1724 351 575 1725 186 575 1726 184 575 1727 186 576 1728 351 576 1729 143 576 1730 356 577 1731 333 577 1732 275 577 1733 275 578 1734 333 578 1735 357 578 1736 358 579 1737 357 579 1738 333 579 1739 358 580 1740 357 580 1741 156 580 1742 345 581 1743 359 581 1744 339 581 1745 156 582 1746 357 582 1747 359 582 1748 359 583 1749 339 583 1750 156 583 1751 357 584 1752 359 584 1753 338 584 1754 360 585 1755 358 585 1756 156 585 1757 361 586 1758 100 586 1759 156 586 1760 157 587 1761 156 587 1762 14 587 1763 357 588 1764 315 588 1765 338 588 1766 173 589 1767 175 589 1768 362 589 1769 126 590 1770 98 590 1771 163 590 1772 100 591 1773 361 591 1774 363 591 1775 126 592 1776 163 592 1777 363 592 1778 100 593 1779 363 593 1780 126 593 1781 364 594 1782 362 594 1783 361 594 1784 362 595 1785 361 595 1786 175 595 1787 364 596 1788 363 596 1789 182 596 1790 364 597 1791 363 597 1792 361 597 1793 365 598 1794 162 598 1795 362 598 1796 162 599 1797 366 599 1798 365 599 1799 175 600 1800 365 600 1801 367 600 1802 175 601 1803 176 601 1804 361 601 1805 368 602 1806 125 602 1807 181 602 1808 181 603 1809 125 603 1810 369 603 1811 369 604 1812 125 604 1813 171 604 1814 370 605 1815 369 605 1816 171 605 1817 371 606 1818 181 606 1819 372 606 1820 373 607 1821 181 607 1822 371 607 1823 181 608 1824 370 608 1825 372 608 1826 370 609 1827 171 609 1828 372 609 1829 365 610 1830 362 610 1831 173 610 1832 181 611 1833 373 611 1834 365 611 1835 373 612 1836 374 612 1837 173 612 1838 365 613 1839 373 613 1840 173 613 1841 173 614 1842 243 614 1843 305 614 1844 173 615 1845 305 615 1846 375 615 1847 180 616 1848 368 616 1849 181 616 1850 374 617 1851 371 617 1852 370 617 1853 374 618 1854 181 618 1855 370 618 1856 180 619 1857 181 619 1858 155 619 1859 181 620 1860 366 620 1861 374 620 1862 373 621 1863 374 621 1864 371 621 1865 376 622 1866 375 622 1867 366 622 1868 368 623 1869 375 623 1870 376 623 1871 173 624 1872 375 624 1873 366 624 1874 173 625 1875 366 625 1876 374 625 1877 305 626 1878 375 626 1879 377 626 1880 124 627 1881 368 627 1882 377 627 1883 375 628 1884 368 628 1885 377 628 1886 370 629 1887 371 629 1888 378 629 1889 205 630 1890 289 630 1891 379 630 1892 289 631 1893 85 631 1894 379 631 1895 291 632 1896 306 632 1897 238 632 1898 293 633 1899 218 633 1900 292 633 1901 291 634 1902 218 634 1903 292 634 1904 293 635 1905 292 635 1906 289 635 1907 216 636 1908 379 636 1909 205 636 1910 284 637 1911 163 637 1912 334 637 1913 162 638 1914 177 638 1915 334 638 1916 177 639 1917 162 639 1918 179 639 1919 162 640 1920 380 640 1921 334 640 1922 284 641 1923 98 641 1924 163 641 1925 381 642 1926 162 642 1927 163 642 1928 182 643 1929 363 643 1930 381 643 1931 163 644 1932 363 644 1933 381 644 1934 182 645 1935 360 645 1936 156 645 1937 163 646 1938 334 646 1939 182 646 1940 182 647 1941 334 647 1942 360 647 1943 177 648 1944 334 648 1945 360 648 1946 169 649 1947 177 649 1948 360 649 1949 382 650 1950 71 650 1951 383 650 1952 384 651 1953 385 651 1954 383 651 1955 383 652 1956 382 652 1957 386 652 1958 387 653 1959 383 653 1960 71 653 1961 387 654 1962 388 654 1963 383 654 1964 286 655 1965 389 655 1966 71 655 1967 71 656 1968 382 656 1969 390 656 1970 286 657 1971 71 657 1972 390 657 1973 286 658 1974 390 658 1975 382 658 1976 385 659 1977 286 659 1978 382 659 1979 286 660 1980 385 660 1981 391 660 1982 385 661 1983 382 661 1984 386 661 1985 385 662 1986 386 662 1987 383 662 1988 391 663 1989 392 663 1990 383 663 1991 326 664 1992 391 664 1993 393 664 1994 326 665 1995 393 665 1996 329 665 1997 393 666 1998 394 666 1999 329 666 2000 326 667 2001 286 667 2002 391 667 2003 393 668 2004 391 668 2005 388 668 2006 395 669 2007 329 669 2008 394 669 2009 392 670 2010 391 670 2011 385 670 2012 392 671 2013 385 671 2014 384 671 2015 341 672 2016 14 672 2017 342 672 2018 288 673 2019 207 673 2020 14 673 2021 396 674 2022 397 674 2023 14 674 2024 98 675 2025 134 675 2026 284 675 2027 396 676 2028 14 676 2029 342 676 2030 15 677 2031 396 677 2032 342 677 2033 343 678 2034 284 678 2035 342 678 2036 397 679 2037 13 679 2038 16 679 2039 284 680 2040 397 680 2041 14 680 2042 284 681 2043 14 681 2044 15 681 2045 15 682 2046 342 682 2047 56 682 2048 284 683 2049 285 683 2050 396 683 2051 285 684 2052 397 684 2053 396 684 2054 284 685 2055 15 685 2056 396 685 2057 397 686 2058 56 686 2059 284 686 2060 342 687 2061 284 687 2062 56 687 2063 397 688 2064 285 688 2065 288 688 2066 13 689 2067 397 689 2068 288 689 2069 397 690 2070 16 690 2071 56 690 2072 13 691 2073 14 691 2074 288 691 2075 313 692 2076 312 692 2077 348 692 2078 312 693 2079 398 693 2080 348 693 2081 399 694 2082 314 694 2083 348 694 2084 345 695 2085 359 695 2086 337 695 2087 348 696 2088 337 696 2089 359 696 2090 279 697 2091 347 697 2092 348 697 2093 277 698 2094 272 698 2095 347 698 2096 313 699 2097 348 699 2098 359 699 2099 279 700 2100 337 700 2101 348 700 2102 347 701 2103 272 701 2104 279 701 2105 337 702 2106 279 702 2107 338 702 2108 265 703 2109 194 703 2110 266 703 2111 266 704 2112 400 704 2113 265 704 2114 400 705 2115 265 705 2116 192 705 2117 265 706 2118 192 706 2119 188 706 2120 294 707 2121 265 707 2122 268 707 2123 194 708 2124 265 708 2125 294 708 2126 194 709 2127 193 709 2128 266 709 2129 294 710 2130 194 710 2131 291 710 2132 294 711 2133 238 711 2134 291 711 2135 260 712 2136 294 712 2137 268 712 2138 401 713 2139 402 713 2140 403 713 2141 404 714 2142 401 714 2143 403 714 2144 142 715 2145 402 715 2146 405 715 2147 153 716 2148 142 716 2149 402 716 2150 153 717 2151 401 717 2152 406 717 2153 401 718 2154 153 718 2155 402 718 2156 258 719 2157 153 719 2158 186 719 2159 350 720 2160 152 720 2161 153 720 2162 153 721 2163 406 721 2164 404 721 2165 404 722 2166 406 722 2167 401 722 2168 186 723 2169 153 723 2170 148 723 2171 402 724 2172 404 724 2173 403 724 2174 148 725 2175 404 725 2176 402 725 2177 404 726 2178 148 726 2179 153 726 2180 207 727 2181 186 727 2182 148 727 2183 407 728 2184 405 728 2185 408 728 2186 408 729 2187 407 729 2188 142 729 2189 407 730 2190 142 730 2191 148 730 2192 148 731 2193 402 731 2194 407 731 2195 407 732 2196 402 732 2197 405 732 2198 142 733 2199 408 733 2200 405 733 2201 344 734 2202 409 734 2203 410 734 2204 409 735 2205 310 735 2206 410 735 2207 316 736 2208 310 736 2209 409 736 2210 410 737 2211 340 737 2212 310 737 2213 340 738 2214 310 738 2215 311 738 2216 409 739 2217 411 739 2218 287 739 2219 409 740 2220 344 740 2221 287 740 2222 411 741 2223 150 741 2224 277 741 2225 285 742 2226 277 742 2227 287 742 2228 277 743 2229 347 743 2230 410 743 2231 347 744 2232 410 744 2233 346 744 2234 410 745 2235 349 745 2236 344 745 2237 277 746 2238 410 746 2239 349 746 2240 270 747 2241 277 747 2242 411 747 2243 287 748 2244 277 748 2245 349 748 2246 411 749 2247 287 749 2248 207 749 2249 311 750 2250 340 750 2251 343 750 2252 410 751 2253 346 751 2254 340 751 2255 150 752 2256 310 752 2257 344 752 2258 412 753 2259 267 753 2260 197 753 2261 412 754 2262 197 754 2263 194 754 2264 189 755 2265 151 755 2266 190 755 2267 266 756 2268 193 756 2269 187 756 2270 187 757 2271 189 757 2272 266 757 2273 189 758 2274 197 758 2275 266 758 2276 412 759 2277 194 759 2278 321 759 2279 412 760 2280 321 760 2281 183 760 2282 183 761 2283 267 761 2284 412 761 2285 183 762 2286 151 762 2287 267 762 2288 197 763 2289 190 763 2290 189 763 2291 71 764 2292 33 764 2293 105 764 2294 105 765 2295 72 765 2296 71 765 2297 105 766 2298 33 766 2299 413 766 2300 389 767 2301 33 767 2302 71 767 2303 37 768 2304 389 768 2305 33 768 2306 23 769 2307 389 769 2308 413 769 2309 414 770 2310 23 770 2311 37 770 2312 414 771 2313 37 771 2314 413 771 2315 33 772 2316 39 772 2317 413 772 2318 39 773 2319 37 773 2320 413 773 2321 413 774 2322 24 774 2323 23 774 2324 414 775 2325 24 775 2326 413 775 2327 272 776 2328 356 776 2329 273 776 2330 270 777 2331 173 777 2332 272 777 2333 272 778 2334 366 778 2335 162 778 2336 272 779 2337 162 779 2338 380 779 2339 272 780 2340 380 780 2341 415 780 2342 415 781 2343 272 781 2344 276 781 2345 380 782 2346 415 782 2347 416 782 2348 269 783 2349 167 783 2350 276 783 2351 272 784 2352 276 784 2353 356 784 2354 263 785 2355 189 785 2356 264 785 2357 210 786 2358 249 786 2359 215 786 2360 151 787 2361 189 787 2362 263 787 2363 263 788 2364 151 788 2365 249 788 2366 210 789 2367 151 789 2368 249 789 2369 417 790 2370 195 790 2371 418 790 2372 419 791 2373 154 791 2374 283 791 2375 419 792 2376 283 792 2377 105 792 2378 105 793 2379 321 793 2380 419 793 2381 420 794 2382 419 794 2383 321 794 2384 195 795 2385 421 795 2386 192 795 2387 283 796 2388 421 796 2389 192 796 2390 421 797 2391 283 797 2392 196 797 2393 105 798 2394 283 798 2395 196 798 2396 418 799 2397 422 799 2398 420 799 2399 422 800 2400 417 800 2401 418 800 2402 409 801 2403 270 801 2404 411 801 2405 270 802 2406 409 802 2407 399 802 2408 398 803 2409 399 803 2410 348 803 2411 398 804 2412 270 804 2413 399 804 2414 409 805 2415 399 805 2416 347 805 2417 346 806 2418 347 806 2419 409 806 2420 314 807 2421 399 807 2422 347 807 2423 316 808 2424 314 808 2425 347 808 2426 411 809 2427 150 809 2428 207 809 2429 70 810 2430 75 810 2431 322 810 2432 322 811 2433 106 811 2434 70 811 2435 324 812 2436 70 812 2437 330 812 2438 70 813 2439 100 813 2440 328 813 2441 70 814 2442 327 814 2443 328 814 2444 324 815 2445 327 815 2446 332 815 2447 330 816 2448 327 816 2449 324 816 2450 312 817 2451 315 817 2452 398 817 2453 398 818 2454 315 818 2455 279 818 2456 279 819 2457 315 819 2458 359 819 2459 314 820 2460 274 820 2461 312 820 2462 274 821 2463 315 821 2464 312 821 2465 357 822 2466 281 822 2467 280 822 2468 280 823 2469 315 823 2470 357 823 2471 168 824 2472 169 824 2473 170 824 2474 274 825 2475 170 825 2476 280 825 2477 274 826 2478 168 826 2479 170 826 2480 280 827 2481 274 827 2482 271 827 2483 167 828 2484 168 828 2485 276 828 2486 156 829 2487 61 829 2488 423 829 2489 100 830 2490 61 830 2491 423 830 2492 58 831 2493 61 831 2494 156 831 2495 57 832 2496 60 832 2497 58 832 2498 57 833 2499 100 833 2500 61 833 2501 60 834 2502 57 834 2503 61 834 2504 270 835 2505 279 835 2506 398 835 2507 270 836 2508 278 836 2509 279 836 2510 270 837 2511 315 837 2512 278 837 2513 231 838 2514 223 838 2515 319 838 2516 424 839 2517 231 839 2518 303 839 2519 241 840 2520 242 840 2521 424 840 2522 241 841 2523 231 841 2524 424 841 2525 319 842 2526 231 842 2527 303 842 2528 241 843 2529 303 843 2530 319 843 2531 319 844 2532 296 844 2533 295 844 2534 241 845 2535 319 845 2536 425 845 2537 243 846 2538 319 846 2539 296 846 2540 381 847 2541 176 847 2542 182 847 2543 361 848 2544 182 848 2545 156 848 2546 94 849 2547 209 849 2548 206 849 2549 94 850 2550 206 850 2551 125 850 2552 125 851 2553 206 851 2554 171 851 2555 94 852 2556 304 852 2557 209 852 2558 77 853 2559 211 853 2560 79 853 2561 208 854 2562 209 854 2563 243 854 2564 208 855 2565 241 855 2566 243 855 2567 209 856 2568 243 856 2569 296 856 2570 211 857 2571 79 857 2572 209 857 2573 209 858 2574 79 858 2575 9 858 2576 209 859 2577 211 859 2578 206 859 2579 296 860 2580 209 860 2581 78 860 2582 9 861 2583 209 861 2584 78 861 2585 400 862 2586 188 862 2587 193 862 2588 192 863 2589 400 863 2590 193 863 2591 193 864 2592 188 864 2593 260 864 2594 400 865 2595 189 865 2596 188 865 2597 266 866 2598 264 866 2599 400 866 2600 264 867 2601 400 867 2602 189 867 2603 425 868 2604 272 868 2605 366 868 2606 173 869 2607 425 869 2608 272 869 2609 366 870 2610 369 870 2611 426 870 2612 181 871 2613 366 871 2614 369 871 2615 376 872 2616 377 872 2617 366 872 2618 371 873 2619 427 873 2620 378 873 2621 378 874 2622 427 874 2623 428 874 2624 429 875 2625 378 875 2626 430 875 2627 428 876 2628 136 876 2629 431 876 2630 378 877 2631 428 877 2632 431 877 2633 430 878 2634 378 878 2635 431 878 2636 136 879 2637 432 879 2638 431 879 2639 426 880 2640 366 880 2641 427 880 2642 366 881 2643 371 881 2644 427 881 2645 366 882 2646 371 882 2647 365 882 2648 371 883 2649 365 883 2650 367 883 2651 425 884 2652 231 884 2653 241 884 2654 417 885 2655 422 885 2656 154 885 2657 195 886 2658 154 886 2659 421 886 2660 195 887 2661 417 887 2662 154 887 2663 154 888 2664 420 888 2665 422 888 2666 383 889 2667 388 889 2668 433 889 2669 383 890 2670 392 890 2671 384 890 2672 391 891 2673 383 891 2674 433 891 2675 391 892 2676 433 892 2677 388 892 2678 393 893 2679 388 893 2680 434 893 2681 359 894 2682 315 894 2683 313 894 2684 279 895 2685 338 895 2686 359 895 2687 283 896 2688 154 896 2689 286 896 2690 146 897 2691 286 897 2692 154 897 2693 154 898 2694 420 898 2695 321 898 2696 418 899 2697 196 899 2698 421 899 2699 421 900 2700 154 900 2701 419 900 2702 421 901 2703 419 901 2704 418 901 2705 420 902 2706 418 902 2707 419 902 2708 196 903 2709 418 903 2710 195 903 2711 150 904 2712 344 904 2713 287 904 2714 317 905 2715 287 905 2716 342 905 2717 150 906 2718 317 906 2719 207 906 2720 317 907 2721 150 907 2722 287 907 2723 310 908 2724 317 908 2725 341 908 2726 435 909 2727 162 909 2728 381 909 2729 162 910 2730 362 910 2731 435 910 2732 174 911 2733 175 911 2734 173 911 2735 174 912 2736 173 912 2737 435 912 2738 435 913 2739 381 913 2740 176 913 2741 172 914 2742 435 914 2743 176 914 2744 362 915 2745 435 915 2746 364 915 2747 175 916 2748 372 916 2749 171 916 2750 372 917 2751 175 917 2752 367 917 2753 371 918 2754 372 918 2755 367 918 2756 260 919 2757 294 919 2758 306 919 2759 436 920 2760 294 920 2761 306 920 2762 188 921 2763 436 921 2764 308 921 2765 308 922 2766 436 922 2767 306 922 2768 213 923 2769 436 923 2770 185 923 2771 185 924 2772 436 924 2773 188 924 2774 249 925 2775 263 925 2776 213 925 2777 263 926 2778 436 926 2779 213 926 2780 205 927 2781 213 927 2782 185 927 2783 214 928 2784 213 928 2785 205 928 2786 263 929 2787 228 929 2788 436 929 2789 436 930 2790 294 930 2791 228 930 2792 275 931 2793 168 931 2794 274 931 2795 184 932 2796 389 932 2797 183 932 2798 183 933 2799 389 933 2800 105 933 2801 183 934 2802 321 934 2803 105 934 2804 98 935 2805 437 935 2806 102 935 2807 126 936 2808 98 936 2809 103 936 2810 437 937 2811 103 937 2812 98 937 2813 97 938 2814 128 938 2815 103 938 2816 97 939 2817 103 939 2818 437 939 2819 116 940 2820 126 940 2821 102 940 2822 134 941 2823 283 941 2824 126 941 2825 126 942 2826 100 942 2827 102 942 2828 117 943 2829 116 943 2830 102 943 2831 438 944 2832 249 944 2833 213 944 2834 210 945 2835 213 945 2836 217 945 2837 213 946 2838 248 946 2839 438 946 2840 249 947 2841 248 947 2842 438 947 2843 85 948 2844 439 948 2845 440 948 2846 85 949 2847 441 949 2848 440 949 2849 379 950 2850 439 950 2851 440 950 2852 441 951 2853 85 951 2854 379 951 2855 442 952 2856 290 952 2857 298 952 2858 216 953 2859 290 953 2860 379 953 2861 250 954 2862 290 954 2863 216 954 2864 379 955 2865 290 955 2866 439 955 2867 439 956 2868 290 956 2869 442 956 2870 439 957 2871 443 957 2872 85 957 2873 442 958 2874 245 958 2875 439 958 2876 439 959 2877 245 959 2878 443 959 2879 85 960 2880 443 960 2881 86 960 2882 443 961 2883 245 961 2884 320 961 2885 443 962 2886 320 962 2887 227 962 2888 37 963 2889 38 963 2890 33 963 2891 37 964 2892 23 964 2893 389 964 2894 32 965 2895 37 965 2896 39 965 2897 24 966 2898 414 966 2899 39 966 2900 32 967 2901 39 967 2902 414 967 2903 23 968 2904 32 968 2905 414 968 2906 145 969 2907 444 969 2908 143 969 2909 355 970 2910 145 970 2911 353 970 2912 352 971 2913 353 971 2914 145 971 2915 143 972 2916 444 972 2917 147 972 2918 145 973 2919 143 973 2920 352 973 2921 415 974 2922 416 974 2923 336 974 2924 415 975 2925 336 975 2926 333 975 2927 415 976 2928 276 976 2929 333 976 2930 358 977 2931 416 977 2932 165 977 2933 416 978 2934 358 978 2935 336 978 2936 153 979 2937 258 979 2938 445 979 2939 445 980 2940 350 980 2941 153 980 2942 350 981 2943 445 981 2944 258 981 2945 446 982 2946 447 982 2947 83 982 2948 96 983 2949 446 983 2950 95 983 2951 82 984 2952 446 984 2953 95 984 2954 82 985 2955 83 985 2956 95 985 2957 127 986 2958 448 986 2959 447 986 2960 449 987 2961 447 987 2962 450 987 2963 450 988 2964 447 988 2965 451 988 2966 450 989 2967 449 989 2968 451 989 2969 449 990 2970 447 990 2971 448 990 2972 451 991 2973 449 991 2974 448 991 2975 169 992 2976 333 992 2977 358 992 2978 360 993 2979 358 993 2980 336 993 2981 165 994 2982 169 994 2983 358 994 2984 447 995 2985 127 995 2986 96 995 2987 96 996 2988 127 996 2989 128 996 2990 82 997 2991 447 997 2992 446 997 2993 451 998 2994 130 998 2995 447 998 2996 96 999 2997 128 999 2998 446 999 2999 446 1000 3000 128 1000 3001 97 1000 3002 82 1001 3003 96 1001 3004 447 1001 3005 84 1002 3006 96 1002 3007 82 1002 3008 302 1003 3009 130 1003 3010 447 1003 3011 133 1004 3012 138 1004 3013 452 1004 3014 138 1005 3015 129 1005 3016 452 1005 3017 133 1006 3018 138 1006 3019 140 1006 3020 130 1007 3021 452 1007 3022 140 1007 3023 452 1008 3024 140 1008 3025 141 1008 3026 139 1009 3027 141 1009 3028 129 1009 3029 452 1010 3030 129 1010 3031 141 1010 3032 140 1011 3033 139 1011 3034 131 1011 3035 138 1012 3036 141 1012 3037 140 1012 3038 130 1013 3039 140 1013 3040 131 1013 3041 131 1014 3042 448 1014 3043 127 1014 3044 130 1015 3045 448 1015 3046 452 1015 3047 452 1016 3048 448 1016 3049 133 1016 3050 133 1017 3051 448 1017 3052 131 1017 3053 130 1018 3054 451 1018 3055 448 1018 3056 242 1019 3057 424 1019 3058 244 1019 3059 379 1020 3060 87 1020 3061 441 1020 3062 441 1021 3063 86 1021 3064 87 1021 3065 246 1022 3066 87 1022 3067 453 1022 3068 379 1023 3069 87 1023 3070 453 1023 3071 81 1024 3072 453 1024 3073 297 1024 3074 224 1025 3075 244 1025 3076 246 1025 3077 87 1026 3078 244 1026 3079 81 1026 3080 87 1027 3081 246 1027 3082 244 1027 3083 81 1028 3084 244 1028 3085 297 1028 3086 245 1029 3087 442 1029 3088 298 1029 3089 227 1030 3090 245 1030 3091 298 1030 3092 379 1031 3093 440 1031 3094 246 1031 3095 246 1032 3096 440 1032 3097 298 1032 3098 440 1033 3099 441 1033 3100 227 1033 3101 440 1034 3102 227 1034 3103 298 1034 3104 290 1035 3105 283 1035 3106 297 1035 3107 243 1036 3108 425 1036 3109 305 1036 3110 319 1037 3111 425 1037 3112 243 1037 3113 301 1038 3114 295 1038 3115 454 1038 3116 377 1039 3117 376 1039 3118 454 1039 3119 366 1040 3120 425 1040 3121 377 1040 3122 425 1041 3123 305 1041 3124 295 1041 3125 57 1042 3126 65 1042 3127 63 1042 3128 65 1043 3129 58 1043 3130 156 1043 3131 62 1044 3132 65 1044 3133 156 1044 3134 455 1045 3135 63 1045 3136 68 1045 3137 57 1046 3138 63 1046 3139 455 1046 3140 57 1047 3141 455 1047 3142 66 1047 3143 69 1048 3144 57 1048 3145 66 1048 3146 66 1049 3147 455 1049 3148 62 1049 3149 66 1050 3150 62 1050 3151 41 1050 3152 69 1051 3153 66 1051 3154 67 1051 3155 62 1052 3156 455 1052 3157 68 1052 3158 257 1053 3159 152 1053 3160 350 1053 3161 257 1054 3162 253 1054 3163 152 1054 3164 224 1055 3165 299 1055 3166 297 1055 3167 80 1056 3168 81 1056 3169 453 1056 3170 453 1057 3171 246 1057 3172 297 1057 3173 246 1058 3174 297 1058 3175 80 1058 3176 80 1059 3177 297 1059 3178 77 1059 3179 224 1060 3180 424 1060 3181 297 1060 3182 244 1061 3183 424 1061 3184 297 1061 3185 298 1062 3186 247 1062 3187 246 1062 3188 80 1063 3189 379 1063 3190 246 1063 3191 453 1064 3192 379 1064 3193 80 1064 3194 247 1065 3195 298 1065 3196 299 1065 3197 224 1066 3198 247 1066 3199 299 1066 3200 361 1067 3201 174 1067 3202 435 1067 3203 176 1068 3204 175 1068 3205 171 1068 3206 174 1069 3207 176 1069 3208 361 1069 3209 435 1070 3210 182 1070 3211 364 1070 3212 361 1071 3213 435 1071 3214 182 1071 3215 456 1072 3216 71 1072 3217 73 1072 3218 387 1073 3219 393 1073 3220 434 1073 3221 395 1074 3222 456 1074 3223 73 1074 3224 457 1075 3225 395 1075 3226 73 1075 3227 394 1076 3228 393 1076 3229 387 1076 3230 456 1077 3231 387 1077 3232 71 1077 3233 458 1078 3234 394 1078 3235 456 1078 3236 394 1079 3237 387 1079 3238 456 1079 3239 387 1080 3240 388 1080 3241 434 1080 3242 395 1081 3243 394 1081 3244 458 1081 3245 457 1082 3246 329 1082 3247 395 1082 3248 380 1083 3249 178 1083 3250 336 1083 3251 334 1084 3252 380 1084 3253 336 1084 3254 336 1085 3255 178 1085 3256 360 1085 3257 169 1086 3258 360 1086 3259 178 1086 3260 316 1087 3261 346 1087 3262 409 1087 3263 275 1088 3264 273 1088 3265 357 1088 3266 273 1089 3267 281 1089 3268 357 1089 3269 353 1090 3270 444 1090 3271 147 1090 3272 354 1091 3273 147 1091 3274 353 1091 3275 444 1092 3276 355 1092 3277 353 1092 3278 444 1093 3279 354 1093 3280 355 1093 3281 354 1094 3282 184 1094 3283 355 1094 3284 145 1095 3285 444 1095 3286 354 1095 3287 145 1096 3288 147 1096 3289 354 1096 3290 351 1097 3291 354 1097 3292 353 1097 3293 274 1098 3294 167 1098 3295 269 1098 3296 274 1099 3297 164 1099 3298 167 1099 3299 274 1100 3300 315 1100 3301 270 1100 3302 274 1101 3303 271 1101 3304 270 1101 3305 276 1102 3306 168 1102 3307 356 1102 3308 356 1103 3309 333 1103 3310 273 1103 3311 356 1104 3312 168 1104 3313 275 1104 3314 286 1105 3315 146 1105 3316 389 1105 3317 146 1106 3318 184 1106 3319 389 1106 3320 180 1107 3321 94 1107 3322 124 1107 3323 124 1108 3324 94 1108 3325 125 1108 3326 180 1109 3327 305 1109 3328 377 1109 3329 377 1110 3330 301 1110 3331 94 1110 3332 425 1111 3333 295 1111 3334 301 1111 3335 425 1112 3336 377 1112 3337 301 1112 3338 368 1113 3339 180 1113 3340 124 1113 3341 94 1114 3342 180 1114 3343 377 1114 3344 377 1115 3345 124 1115 3346 454 1115 3347 424 1116 3348 224 1116 3349 303 1116 3350 303 1117 3351 211 1117 3352 77 1117 3353 297 1118 3354 303 1118 3355 77 1118 3356 303 1119 3357 208 1119 3358 241 1119 3359 211 1120 3360 208 1120 3361 303 1120 3362 296 1121 3363 303 1121 3364 297 1121 3365 178 1122 3366 179 1122 3367 380 1122 3368 179 1123 3369 173 1123 3370 276 1123 3371 162 1124 3372 173 1124 3373 179 1124 3374 380 1125 3375 179 1125 3376 276 1125 3377 276 1126 3378 380 1126 3379 416 1126 3380 435 1127 3381 172 1127 3382 173 1127 3383 207 1128 3384 459 1128 3385 460 1128 3386 460 1129 3387 459 1129 3388 461 1129 3389 460 1130 3390 462 1130 3391 160 1130 3392 463 1131 3393 460 1131 3394 160 1131 3395 464 1132 3396 460 1132 3397 463 1132 3398 464 1133 3399 158 1133 3400 463 1133 3401 14 1134 3402 465 1134 3403 160 1134 3404 465 1135 3405 14 1135 3406 207 1135 3407 465 1136 3408 463 1136 3409 160 1136 3410 463 1137 3411 465 1137 3412 158 1137 3413 158 1138 3414 465 1138 3415 159 1138 3416 462 1139 3417 464 1139 3418 158 1139 3419 207 1140 3420 460 1140 3421 465 1140 3422 465 1141 3423 460 1141 3424 464 1141 3425 465 1142 3426 159 1142 3427 464 1142 3428 462 1143 3429 460 1143 3430 159 1143 3431 159 1144 3432 464 1144 3433 462 1144 3434 14 1145 3435 160 1145 3436 149 1145 3437 466 1146 3438 467 1146 3439 468 1146 3440 207 1147 3441 148 1147 3442 466 1147 3443 468 1148 3444 459 1148 3445 469 1148 3446 461 1149 3447 459 1149 3448 470 1149 3449 469 1150 3450 461 1150 3451 470 1150 3452 467 1151 3453 466 1151 3454 461 1151 3455 469 1152 3456 467 1152 3457 461 1152 3458 461 1153 3459 466 1153 3460 148 1153 3461 471 1154 3462 467 1154 3463 468 1154 3464 459 1155 3465 469 1155 3466 467 1155 3467 459 1156 3468 207 1156 3469 467 1156 3470 207 1157 3471 471 1157 3472 467 1157 3473 471 1158 3474 207 1158 3475 466 1158 3476 460 1159 3477 461 1159 3478 159 1159 3479 159 1160 3480 148 1160 3481 149 1160 3482 461 1161 3483 148 1161 3484 159 1161 3485 173 1162 3486 231 1162 3487 425 1162 3488 138 1163 3489 300 1163 3490 130 1163 3491 130 1164 3492 112 1164 3493 116 1164 3494 319 1165 3495 229 1165 3496 138 1165 3497 472 1166 3498 319 1166 3499 138 1166 3500 472 1167 3501 138 1167 3502 127 1167 3503 472 1168 3504 127 1168 3505 95 1168 3506 305 1169 3507 180 1169 3508 304 1169 3509 180 1170 3510 209 1170 3511 304 1170 3512 473 1171 3513 430 1171 3514 474 1171 3515 429 1172 3516 473 1172 3517 474 1172 3518 429 1173 3519 428 1173 3520 474 1173 3521 475 1174 3522 426 1174 3523 378 1174 3524 475 1175 3525 378 1175 3526 429 1175 3527 473 1176 3528 427 1176 3529 429 1176 3530 427 1177 3531 429 1177 3532 426 1177 3533 426 1178 3534 475 1178 3535 429 1178 3536 432 1179 3537 427 1179 3538 473 1179 3539 181 1180 3540 175 1180 3541 365 1180 3542 166 1181 3543 165 1181 3544 276 1181 3545 165 1182 3546 276 1182 3547 416 1182 3548 454 1183 3549 447 1183 3550 302 1183 3551 302 1184 3552 376 1184 3553 454 1184 3554 376 1185 3555 368 1185 3556 302 1185 3557 125 1186 3558 368 1186 3559 302 1186 3560 295 1187 3561 319 1187 3562 472 1187 3563 295 1188 3564 472 1188 3565 454 1188 3566 83 1189 3567 447 1189 3568 472 1189 3569 454 1190 3570 472 1190 3571 447 1190 3572 473 1191 3573 472 1191 3574 135 1191 3575 95 1192 3576 430 1192 3577 135 1192 3578 83 1193 3579 472 1193 3580 135 1193 3581 95 1194 3582 473 1194 3583 472 1194 3584 473 1195 3585 95 1195 3586 432 1195 3587 41 1196 3588 69 1196 3589 44 1196 3590 63 1197 3591 65 1197 3592 64 1197 3593 57 1198 3594 65 1198 3595 59 1198 3596 130 1199 3597 454 1199 3598 112 1199 3599 300 1200 3600 130 1200 3601 301 1200 3602 301 1201 3603 130 1201 3604 454 1201 3605 124 1202 3606 454 1202 3607 112 1202 3608 102 1203 3609 128 1203 3610 103 1203 3611 83 1204 3612 131 1204 3613 132 1204 3614 128 1205 3615 132 1205 3616 83 1205 3617 84 1206 3618 83 1206 3619 128 1206 3620 446 1207 3621 97 1207 3622 83 1207 3623 84 1208 3624 128 1208 3625 102 1208 3626 84 1209 3627 97 1209 3628 102 1209 3629 83 1210 3630 130 1210 3631 131 1210 3632 304 1211 3633 94 1211 3634 93 1211 3635 426 1212 3636 370 1212 3637 378 1212 3638 413 1213 3639 389 1213 3640 105 1213 3641 210 1214 3642 215 1214 3643 217 1214 3644 215 1215 3645 249 1215 3646 240 1215 3647 456 1216 3648 395 1216 3649 458 1216 3650 86 1217 3651 441 1217 3652 227 1217 3653 443 1218 3654 227 1218 3655 86 1218 3656 92 1219 3657 125 1219 3658 302 1219 3659 156 1220 3660 100 1220 3661 423 1220 3662 468 1221 3663 466 1221 3664 469 1221 3665 470 1222 3666 466 1222 3667 469 1222 3668 203 1223 3669 204 1223 3670 215 1223 3671 217 1224 3672 214 1224 3673 204 1224 3674 369 1225 3675 370 1225 3676 426 1225 3677 457 1226 3678 73 1226 3679 329 1226 3680 437 1227 3681 97 1227 3682 102 1227 3683 473 1228 3684 431 1228 3685 430 1228 3686 459 1229 3687 471 1229 3688 470 1229 3689 459 1230 3690 468 1230 3691 471 1230 3692 136 1231 3693 474 1231 3694 95 1231 3695 136 1232 3696 474 1232 3697 432 1232 3698 474 1233 3699 430 1233 3700 95 1233 3701 471 1234 3702 466 1234 3703 470 1234 3704 427 1235 3705 474 1235 3706 428 1235 3707 427 1236 3708 432 1236 3709 474 1236 3710 160 1237 3711 462 1237 3712 158 1237 3713 215 1238 3714 476 1238 3715 233 1238 3716 476 1239 3717 215 1239 3718 239 1239 3719 233 1240 3720 476 1240 3721 239 1240 3722 136 1241 3723 430 1241 3724 135 1241 3725 136 1242 3726 135 1242 3727 137 1242 3728 428 1243 3729 430 1243 3730 136 1243 3731 430 1244 3732 429 1244 3733 428 1244 3734 431 1245 3735 137 1245 3736 135 1245 3737 473 1246 3738 431 1246 3739 135 1246 3740 431 1247 3741 432 1247 3742 137 1247 3743 432 1248 3744 95 1248 3745 137 1248 3746 14 1249 3747 12 1249 3748 15 1249 3749</p>
        </polylist>
      </mesh>
    </geometry>
  </library_geometries>
  <library_visual_scenes>
    <visual_scene id="Scene" name="Scene">
      <node id="Barrier1" name="Barrier1" type="NODE">
        <scale sid="scale">1 1 1</scale>
        <translate sid="location">0.0016026918238993733 0.37687054507337536 -0.0005262012578616339</translate>
        <rotate sid="rotationX">1 0 0 0</rotate>
        <rotate sid="rotationY">0 1 0 0</rotate>
        <rotate sid="rotationZ">0 0 1 0</rotate>
        <instance_geometry url="#Barrier1-mesh" name="Barrier1">
          <bind_material>
            <technique_common>
            </technique_common>
          </bind_material>
        </instance_geometry>
      </node>
    </visual_scene>
  </library_visual_scenes>
  <scene>
    <instance_visual_scene url="#Scene"/>
  </scene>
</COLLADA>
