<?xml version="1.0" encoding="utf-8"?>
<COLLADA xmlns="http://www.collada.org/2005/11/COLLADASchema" version="1.4.1" xmlns:xsi="http://www.w3.org/2001/XMLSchema-instance">
  <asset>
    <contributor>
      <author>Blockbench user</author>
      <authoring_tool>Blockbench</authoring_tool>
    </contributor>
    <created>2025-12-13T03:56:00.394Z</created>
    <modified>2025-12-13T03:56:00.394Z</modified>
    <unit name="meter" meter="1.0"/>
    <up_axis>Y_UP</up_axis>
  </asset>
  <library_effects>
  </library_effects>
  <library_images>
  </library_images>
  <library_materials>
  </library_materials>
  <library_geometries>
    <geometry id="Bed_Level_3-mesh" name="Bed_Level_3">
      <mesh>
        <source id="Bed_Level_3-mesh-positions">
          <float_array id="Bed_Level_3-mesh-positions-array" count="2256">-0.331787 -0.310242 -0.240402 -0.495605 -0.310211 -0.219299 -0.495697 -0.310211 -0.415314 -0.495728 0.022827 -0.415344 -0.333801 -0.310272 -0.415253 -0.329529 0.024933 -0.415985 -0.329987 0.019865 -0.407013 -0.499268 0.022837 -0.417755 -0.495789 0.024097 -0.218719 -0.430206 -0.116196 -0.219284 -0.427887 -0.199158 -0.219376 -0.333038 -0.200104 -0.219788 -0.333313 -0.310181 -0.219818 -0.42923 -0.200272 -0.206284 -0.49942 0.033417 -0.427551 -0.499634 0.05035 -0.427307 -0.319458 0.050373 -0.426117 -0.318085 0.033421 -0.427368 -0.331116 0.025101 -0.219284 -0.318909 0.050694 -0.207382 -0.331818 -0.310333 -0.390289 -0.327393 -0.310852 -0.405212 -0.329956 0.015134 -0.394135 -0.332001 -0.036385 -0.389801 -0.329895 -0.296265 -0.379333 -0.333771 -0.046597 -0.381226 -0.328308 -0.050274 -0.377075 -0.328247 -0.050369 -0.255493 -0.33197 -0.03891 -0.247421 -0.327606 -0.008578 -0.317322 -0.328339 -0.294556 -0.257477 -0.222107 -0.191925 -0.239319 -0.05106 -0.199661 -0.236877 -0.330078 -0.189438 -0.240738 -0.333588 -0.141098 -0.245682 -0.255707 -0.16214 -0.246262 -0.153778 -0.157242 -0.247528 -0.205093 -0.13588 -0.242249 -0.256836 -0.13179 -0.233078 -0.157074 -0.130341 -0.234024 -0.327209 -0.120911 -0.230423 -0.174103 -0.116302 -0.228546 -0.333405 -0.115433 -0.222397 -0.379486 -0.117653 -0.195953 -0.203613 -0.1185 -0.195435 -0.331085 0.014853 -0.242569 -0.340424 -0.065147 -0.21933 -0.079178 -0.135117 -0.245102 -0.169815 -0.104866 -0.256287 -0.031738 -0.174744 -0.247833 0.046673 -0.195419 -0.238541 -0.056759 -0.134094 -0.239563 -0.061092 -0.120476 -0.257477 -0.037556 -0.133835 -0.24411 0.046257 -0.152222 -0.244202 -0.022924 -0.094185 -0.231201 -0.015251 -0.128448 -0.223755 0.047756 -0.12793 -0.225204 -0.006979 -0.085617 -0.222443 0.058998 -0.096642 -0.229492 -0.099304 -0.069969 -0.259003 -0.020639 -0.064781 -0.206024 0.038445 -0.057835 -0.202225 0.027128 -0.045303 -0.211823 0.032436 -0.018961 -0.205505 -0.027617 -0.053909 -0.226852 -0.020859 -0.015175 -0.190048 -0.030205 -0.010415 -0.20256 0.041508 -0.00513 -0.191513 -0.019268 -0.005237 -0.109039 0.040485 0.009417 -0.13797 0.039791 0.010385 -0.109634 -0.022631 0.004382 -0.13588 -0.016281 0.001405 -0.082428 0.037857 0.014052 -0.07209 -0.024488 -0.012978 -0.000632 0.005436 -0.000652 -0.017826 0.045769 -0.004964 -0.008785 -0.025795 0.004638 -0.032391 -0.043839 0.031219 -0.088654 -0.079742 0.016794 -0.017174 -0.053829 0.017784 -0.000129 -0.112778 0.026451 -0.03199 -0.148621 0.009778 0.000108 -0.101257 0.027018 -0.112854 -0.083481 0.014968 -0.149323 -0.054771 0.00902 -0.175491 -0.104317 0.000777 -0.192474 -0.150833 0.006882 -0.126221 -0.167587 0.002914 -0.130569 -0.17131 -0.012738 -0.20195 -0.156235 -0.022142 -0.216705 -0.09549 -0.008515 -0.217834 -0.162827 -0.07576 -0.252808 -0.175507 -0.065956 -0.223816 -0.159561 -0.114586 -0.195053 -0.428741 -0.310669 -0.159805 -0.429626 -0.310638 -0.206604 -0.463898 -0.310974 -0.20668 -0.464447 -0.310242 -0.160172 -0.429169 -0.200394 -0.160614 -0.459595 -0.200226 -0.158417 -0.459656 0.145279 -0.160141 -0.463623 0.026903 -0.203003 -0.429871 -0.11705 -0.203674 -0.428528 -0.03223 -0.193878 -0.430084 0.047707 -0.20195 -0.175507 -0.031738 -0.193619 -0.380219 -0.026691 -0.167664 -0.220108 -0.028069 -0.156235 -0.459625 -0.200012 0.337677 -0.459625 0.244293 -0.000238 -0.131531 -0.199997 0.060017 -0.093178 -0.200058 -0.098793 -0.173126 -0.028034 -0.000207 -0.195358 -0.023539 -0.033955 -0.1996 -0.028475 -0.000153 -0.259674 -0.029215 -0.039825 -0.227371 0.00277 -0.046146 -0.19989 0.006857 -0.039345 -0.198807 0.011874 -0.000294 -0.499481 0.048843 -0.204254 -0.46463 0.032925 -0.20369 -0.438599 0.050793 -0.203094 -0.466339 0.150772 -0.160858 -0.465698 0.14563 -0.205444 -0.464294 0.172409 -0.205811 -0.445831 0.134216 -0.202118 -0.428741 0.170166 -0.207748 -0.441315 0.198212 -0.218155 -0.420746 0.187057 -0.204285 -0.423553 0.226547 -0.186966 -0.4263 0.177887 -0.185394 -0.426086 0.140915 -0.207077 -0.422607 0.146454 -0.1642 -0.424133 0.106628 -0.168732 -0.428528 0.114929 -0.194244 -0.428375 -0.02496 -0.162766 -0.435516 -0.025557 -0.161346 -0.43158 -0.027136 -0.14064 -0.430817 -0.024286 -0.058929 -0.401703 -0.023422 -0.024923 -0.367249 -0.024939 -0.038681 -0.396515 -0.022795 -0.000153 -0.402924 -0.005168 -0.039993 -0.308624 -0.028578 -0.041866 -0.335663 0.010375 -0.045132 -0.400146 0.025452 -0.044518 -0.405487 0.000475 -0.000107 -0.367981 0.041306 -0.039948 -0.295349 0.035034 -0.037457 -0.313599 0.045898 -0.000343 -0.250641 0.037094 -0.000438 -0.465302 0.21666 -0.180389 -0.448608 0.222733 -0.196976 -0.422546 0.210724 -0.156876 -0.461761 0.17804 -0.157211 -0.428009 0.194839 -0.15683 -0.457123 0.203308 -0.131607 -0.459412 0.176193 -0.114716 -0.451416 0.23616 -0.025801 -0.423218 0.2005 -0.134674 -0.427521 0.233246 -0.027575 -0.422791 0.172729 -0.134491 -0.42572 0.184875 -0.090446 -0.425262 0.151276 -0.089569 -0.318115 0.03334 -0.206131 -0.432251 -0.021585 -0.124596 -0.435181 0.137115 -0.132767 -0.435211 0.135941 -0.161621 -0.431366 0.121307 -0.115036 -0.429779 0.136719 -0.052216 -0.430786 -0.019417 0.04562 -0.435944 0.169128 -0.049191 -0.423798 0.159348 -0.044441 -0.436401 0.207306 -0.000044 -0.426849 0.179153 -0.000522 -0.433807 0.187897 -0.000231 -0.432983 0.229507 0.081429 -0.429779 0.212036 0.052212 -0.429565 0.135818 0.055439 -0.430328 0.077522 0.055325 -0.420532 0.129333 0.072289 -0.428986 0.132111 0.119125 -0.426819 0.163284 0.087471 -0.423065 0.207199 0.085342 -0.421631 0.155472 0.026287 -0.431458 0.165298 0.072762 -0.424072 0.169739 0.040684 -0.434662 0.172577 0.024397 -0.425812 0.213028 -0.000179 -0.424469 0.237595 0.068321 -0.423737 0.254456 0.053432 -0.436157 0.261047 -0.000187 -0.449982 0.251801 -0.022749 -0.454651 0.263458 -0.000278 -0.422363 0.273712 0.008325 -0.454193 0.266876 0.035877 -0.45401 0.262268 0.132141 -0.42981 0.267517 0.038433 -0.426788 0.270203 0.078247 -0.433228 0.285614 0.032604 -0.435974 0.296326 0.062313 -0.454132 0.293884 0.063179 -0.394348 -0.025713 0.148376 -0.428558 -0.026176 0.178528 -0.398132 -0.023422 0.250336 -0.224945 0.033417 0.106537 -0.285797 0.050762 0.10434 -0.287415 0.040253 0.266266 -0.358612 0.049805 0.104294 -0.36322 0.0462 0.231033 -0.397156 0.035698 0.106689 -0.403412 0.003505 0.281769 -0.347504 -0.200089 0.239746 -0.429688 -0.199326 0.33606 -0.032104 -0.200516 0.296509 -0.459595 0.193802 0.259674 -0.460052 0.172104 0.337311 -0.432648 -0.021938 0.302582 -0.42865 -0.027164 0.358704 -0.429871 -0.015995 0.137131 -0.42981 -0.014944 0.24585 -0.429871 0.133148 0.236679 -0.429932 0.153183 0.176346 -0.431793 0.121841 0.296234 -0.427521 0.180191 0.176788 -0.423737 0.159454 0.223572 -0.436768 0.216888 0.154541 -0.434814 0.153091 0.249527 -0.425476 0.209274 0.190979 -0.434174 0.140808 0.309631 -0.435303 0.139282 0.339691 -0.425781 0.150146 0.269196 -0.435608 -0.02566 0.339783 -0.4263 0.188507 0.264191 -0.428558 0.233521 0.206055 -0.438141 0.265442 0.176926 -0.459595 0.239258 0.193222 -0.427856 0.073982 0.343567 -0.42868 0.064987 0.380127 -0.424591 0.106911 0.347748 -0.422699 0.143951 0.354126 -0.432007 0.123665 0.377838 -0.465393 0.144577 0.382202 -0.463806 -0.062775 0.38266 -0.422974 0.146042 0.386322 -0.429504 0.172195 0.384521 -0.425201 0.174438 0.358307 -0.425354 0.206177 0.386169 -0.432587 0.177704 0.344116 -0.423309 0.223648 0.36792 -0.45047 0.221863 0.37619 -0.462921 0.219131 0.36145 -0.422668 0.19635 0.33551 -0.422821 0.175903 0.311188 -0.442871 0.215347 0.338928 -0.461639 0.197098 0.334076 -0.422455 0.199112 0.31012 -0.458893 0.184143 0.30011 -0.383881 -0.027142 0.27829 -0.194641 -0.026932 0.272919 -0.169876 -0.030397 0.088623 -0.173782 -0.027237 0.252838 -0.170181 0.006009 0.16095 -0.176971 -0.030367 0.360016 -0.163513 -0.001504 0.341705 -0.194717 -0.013076 0.239639 -0.150406 0.009652 0.168121 -0.150314 0.000085 0.323975 -0.148575 0.010118 0.055511 -0.137299 0.018387 0.204987 -0.205734 0.003173 0.274872 -0.238403 -0.015055 0.285187 -0.232391 0.025053 0.259369 -0.252899 0.023493 0.272156 0.00112 -0.199905 0.204056 -0.429413 -0.31076 0.387085 -0.463531 -0.310425 0.387573 -0.464325 -0.310486 0.337769 -0.429016 -0.310699 0.337982 -0.466309 0.151566 0.338684 -0.428558 -0.18605 0.385071 -0.427765 -0.124069 0.38031 -0.422943 -0.190094 0.393341 -0.420258 -0.145233 0.393799 -0.243561 -0.196014 0.362183 0.029408 -0.198425 0.393799 -0.052544 -0.198395 0.393921 -0.184097 -0.197021 0.394836 -0.346344 -0.167816 0.402039 -0.349976 -0.134384 0.387817 -0.276062 -0.125702 0.377228 -0.326843 -0.139343 0.40033 -0.252014 -0.17012 0.404175 -0.255646 -0.142014 0.397614 -0.157944 -0.166428 0.402496 -0.083199 -0.151978 0.406586 -0.055183 -0.164993 0.398743 -0.128265 -0.149948 0.407501 -0.089684 -0.133301 0.397583 -0.033924 -0.13765 0.399963 -0.160492 -0.136765 0.39328 -0.169037 -0.124207 0.383331 -0.138062 -0.124329 0.417175 -0.052094 -0.12706 0.422516 -0.097694 -0.100578 0.428741 -0.099861 -0.053345 0.412933 -0.170776 -0.114632 0.411621 -0.158737 -0.076462 0.414001 -0.104668 -0.011927 0.38562 -0.167892 -0.040035 0.393311 -0.16301 -0.119553 0.36441 -0.181152 -0.062988 0.362671 -0.25589 -0.124001 0.362274 -0.271057 -0.028442 0.359406 -0.428772 -0.122337 0.361115 -0.314362 -0.113785 0.363312 -0.364716 -0.033867 0.360291 -0.249725 -0.029234 0.283386 -0.326599 -0.02709 0.347443 -0.328064 -0.02915 0.283691 -0.344879 0.002513 0.281921 -0.390381 0.033024 0.2789 -0.464203 0.171005 0.386505 -0.464264 0.198273 0.392365 -0.419434 0.129562 0.105545 -0.421692 0.151245 0.107552 -0.459686 0.261169 0.081047 -0.454651 0.265961 0.165237 -0.425842 0.274536 0.162354 -0.429626 0.267426 0.135269 -0.422607 0.157654 0.153305 -0.424011 0.205215 0.156662 -0.435333 0.224197 0.108604 -0.422638 0.205002 0.107506 -0.437073 0.192444 0.1166 -0.435577 0.185486 0.151138 -0.43045 0.153442 0.127441 -0.42038 0.169449 0.137466 -0.424225 0.236572 0.099411 -0.427307 0.247726 0.116241 -0.427246 0.269135 0.106026 -0.424713 0.253418 0.152954 -0.434052 0.294617 0.108429 -0.433868 0.309967 0.086205 -0.453888 0.30014 0.108566 -0.44577 0.284302 0.140503 0.099747 -0.159393 -0.248947 0.13681 -0.196335 -0.236862 0.098312 -0.131546 -0.242966 0.149841 -0.159851 -0.24646 0.144608 -0.124428 -0.223099 0.089783 -0.127121 -0.215042 0.088745 -0.076668 -0.2155 0.17395 -0.151581 -0.249588 0.252563 -0.138397 -0.238678 0.241684 -0.161331 -0.248123 0.242767 -0.198593 -0.236359 0.257843 -0.200119 -0.1315 0.422546 -0.200241 -0.046963 0.054062 -0.064041 -0.190002 0.095825 -0.018488 -0.209259 0.172379 -0.046547 -0.220215 0.167557 -0.063782 -0.199051 0.084763 -0.002827 -0.159866 0.160309 -0.084908 -0.220734 0.200485 -0.102898 -0.230469 0.250763 -0.125229 -0.221039 0.230682 -0.087311 -0.223038 0.2771 -0.102615 -0.226929 0.27301 -0.058189 -0.196793 0.226196 -0.061184 -0.196045 0.227417 -0.034595 -0.217651 0.334778 -0.060246 -0.202545 0.330963 -0.046146 -0.214722 0.213577 0.002966 -0.184616 0.246231 -0.008829 -0.211853 0.322021 -0.00915 -0.201157 0.257935 0.021812 -0.15889 0.308289 0.007338 -0.153473 0.202667 0.005336 -0.156128 0.148941 0.006153 -0.146591 0.023243 0.000061 -0.001385 -0.020895 -0.001337 0.023893 0.046654 0.018745 0.059238 -0.025776 0.007581 0.032742 -0.015903 0.01265 0.100388 -0.037632 0.011843 0.117981 -0.020641 -0.009504 0.146637 -0.009449 -0.003163 0.074905 0.023746 0.010683 0.127243 -0.023155 -0.001134 0.20607 -0.01208 -0.009129 0.176224 0.000364 -0.003415 0.216736 -0.025026 -0.00232 0.258118 -0.019894 0.01377 0.220596 -0.080292 0.021011 0.252045 -0.087173 0.016653 0.171799 -0.044743 0.022272 0.271545 -0.106873 0.02375 0.235687 -0.117126 0.010702 0.325104 -0.02648 0.009506 0.301727 -0.021366 -0.009276 0.333893 0.020124 0.002609 0.310425 -0.02466 0.012432 0.336151 -0.015718 -0.028162 0.363708 -0.073341 0.011446 0.350403 -0.020262 -0.04097 0.371643 -0.031042 -0.022121 0.376282 -0.022697 -0.07547 0.398712 -0.017948 -0.09951 0.399323 0.066765 0.010377 -0.058846 0.08136 0.011888 -0.090195 0.091225 -0.024519 -0.013823 0.109108 0.006049 -0.107536 0.112144 0.009996 -0.0634 0.144058 0.016584 -0.08078 0.147156 0.000164 -0.015409 0.090004 -0.018995 -0.000597 0.089806 -0.000044 0.02618 0.088181 0.008459 0.099091 0.140198 0.001935 -0.000933 0.12912 0.021177 0.08754 0.181107 0.015092 0.076942 0.180084 -0.013776 -0.017181 0.180481 -0.000542 -0.002833 0.193329 0.003158 -0.033508 0.245193 0.010521 0.00006 0.24794 0.020569 0.037575 0.279053 0.020302 0.088806 0.287781 0.013885 0.033173 0.282013 -0.005757 -0.004907 0.256805 0.008794 -0.011694 0.281555 0.008275 -0.041924 0.295471 0.020929 -0.098351 0.220169 0.018045 -0.048622 0.258087 0.030622 -0.099319 0.19426 0.015718 -0.098244 -0.106224 0.024509 -0.000434 -0.112099 0.030512 0.105309 0.293488 -0.134201 -0.244904 0.279236 -0.163834 -0.248199 0.456573 -0.199905 0.071419 0.45993 -0.191956 -0.044949 0.485748 -0.196945 -0.000154 0.484833 -0.199921 0.071114 0.441986 -0.200027 0.150528 0.479889 -0.201096 0.114922 0.495056 -0.164337 0.107788 0.5 -0.165878 0.037827 0.492493 -0.143829 0.086937 0.465424 -0.127533 0.11322 0.490387 -0.143692 0.043755 0.499847 -0.148514 -0.000793 0.498444 -0.164474 -0.02496 0.498169 -0.157028 -0.116806 0.470886 -0.129456 -0.000196 0.464355 -0.130783 -0.029278 0.494385 -0.141434 -0.060898 0.473633 -0.131775 -0.078644 0.484039 -0.123077 0.106422 0.486847 -0.123894 -0.053951 0.496277 -0.102753 -0.069321 0.484955 -0.119415 -0.000001 0.487793 -0.105194 0.03014 0.484894 -0.115608 -0.105385 0.468903 -0.073593 -0.11116 0.483978 -0.091873 -0.026676 0.468872 -0.063728 -0.052689 0.453613 -0.063896 -0.035469 0.464142 -0.061882 -0.000324 0.467499 -0.042759 -0.000101 0.487244 -0.081917 -0.000204 0.466187 -0.063095 0.042988 0.490387 -0.084381 0.075058 0.484772 -0.095749 0.103355 0.491821 -0.085907 0.126053 0.459076 -0.066093 0.083565 0.459747 -0.049706 0.162949 0.450348 -0.034512 0.074318 0.444183 -0.031208 0.0406 0.460632 -0.029417 -0.000393 0.461182 -0.02669 0.071381 0.461151 -0.022791 0.133667 0.452637 0.005747 0.056023 0.435822 0.021988 0.106659 0.088524 0.001088 0.155365 0.051136 0.011081 0.150467 0.044685 0.000213 0.200287 0.040413 0.014866 0.251678 0.09037 -0.022099 0.188339 0.090843 0.002633 0.235474 0.097488 0.004316 0.303131 0.119499 -0.003959 0.190704 0.149979 0.003211 0.194183 0.141907 0.015118 0.291962 0.123306 -0.001301 0.350494 0.190674 0.009191 0.325226 0.156189 0.012309 0.219025 0.182693 0.012299 0.120293 0.181046 -0.010511 0.199844 0.184738 0.004745 0.179138 0.194046 -0.000007 0.199783 0.251678 0.014962 0.160126 0.248367 0.00585 0.190353 0.286407 -0.012532 0.184998 0.20636 0.012197 0.260559 0.227432 0.017532 0.2341 0.297119 0.010295 0.217529 0.21283 0.007221 0.311707 0.216019 -0.002103 0.348175 0.231934 0.016779 0.304504 0.278473 0.022137 0.287048 0.233047 0.001958 0.355957 0.320801 0.00667 0.336914 0.359802 -0.195663 -0.236206 0.355591 -0.156754 -0.246964 0.408875 -0.199722 -0.225174 0.487213 -0.198822 -0.143082 0.45105 -0.194611 -0.194321 0.432526 -0.194916 -0.241089 0.449951 -0.206192 -0.235901 0.395752 -0.166702 -0.250793 0.390686 -0.135483 -0.24176 0.448608 -0.176102 -0.249527 0.488831 -0.205383 -0.226791 0.416138 -0.133759 -0.242325 0.400299 -0.122688 -0.221832 0.492371 -0.178955 -0.243011 0.499725 -0.18309 -0.205322 0.47937 -0.195053 -0.191483 0.490356 -0.157486 -0.21283 0.482361 -0.129868 -0.170975 0.5 -0.15773 -0.153229 0.473816 -0.12883 -0.228455 0.457092 -0.123199 -0.20993 0.353912 -0.126282 -0.225815 0.323517 -0.129074 -0.213242 0.326019 -0.077888 -0.215347 0.343323 -0.102921 -0.227951 0.399658 -0.096283 -0.225708 0.373535 -0.064903 -0.19838 0.432678 -0.068481 -0.205383 0.441772 -0.106903 -0.224686 0.465912 -0.072731 -0.181702 0.399475 -0.041286 -0.218353 0.472626 -0.050896 -0.187897 0.391479 -0.015624 -0.213577 0.441925 -0.027758 -0.203354 0.396118 0.014313 -0.18425 0.338165 0.015179 -0.160812 0.453735 -0.010984 -0.18544 0.459106 0.007452 -0.140182 0.471405 -0.033161 -0.158157 0.469696 -0.060673 -0.168839 0.456665 -0.041485 -0.155396 0.470764 -0.014279 -0.143311 0.460815 -0.037971 -0.066467 0.491119 -0.093109 -0.125397 0.483368 -0.088829 -0.182678 0.432556 -0.281952 -0.225952 0.435913 -0.297058 -0.227448 0.448242 -0.283051 -0.189438 0.445984 -0.264191 -0.208923 0.47052 -0.280945 -0.249908 0.472656 -0.265839 -0.197693 0.491211 -0.295898 -0.240051 0.487091 -0.266541 -0.219467 0.470703 -0.296661 -0.186188 0.497955 -0.282806 -0.20787 0.458099 -0.259521 -0.239227 0.459808 -0.226028 -0.252106 0.42804 -0.227249 -0.216476 0.455414 -0.224731 -0.184982 0.488983 -0.226837 -0.190063 0.498169 -0.230682 -0.233063 0.472504 -0.132431 -0.125671 0.342163 0.025961 -0.13324 0.411774 0.017525 -0.132217 0.309814 0.022236 -0.075325 0.324554 0.021345 -0.016567 0.394989 0.024776 -0.000183 0.315918 0.013611 0.000028 0.340271 0.027754 0.015846 0.310303 0.03043 0.093391 0.359222 0.036751 0.055286 0.377747 0.036182 0.107231 0.423096 0.024168 0.034042 0.433899 0.013229 0.021408 0.449768 -0.013083 0.0327 0.461945 0.000601 -0.000106 0.427063 0.031784 -0.058216 0.468231 -0.004367 -0.032291 0.455322 -0.027075 -0.049778 0.454803 0.001017 -0.059452 0.428436 0.026466 -0.074066 0.395264 0.030077 -0.086517 0.090935 -0.200043 0.285645 0.23024 -0.200607 0.29776 0.433228 -0.200592 0.305939 0.126038 -0.196472 0.393555 0.32428 -0.197021 0.361542 0.041832 -0.01333 0.362305 0.098465 -0.007429 0.349518 0.101578 -0.029606 0.374695 0.05751 -0.037167 0.375031 0.134003 -0.050262 0.373108 0.00458 -0.055779 0.3685 0.093346 -0.053272 0.366577 -0.032207 -0.06601 0.36618 0.01725 -0.061615 0.351807 -0.027363 -0.095818 0.387299 -0.025515 -0.125183 0.4021 -0.013824 -0.134521 0.381287 0.008442 -0.09304 0.383209 0.041588 -0.079514 0.374939 0.066116 -0.101562 0.387024 0.05954 -0.064842 0.347839 0.078735 -0.049721 0.347107 0.160614 -0.063698 0.35199 0.079247 -0.070305 0.36972 0.086708 -0.131119 0.371918 0.121422 -0.101524 0.379852 0.156723 -0.082588 0.37677 0.149643 -0.129547 0.379272 0.098709 -0.133591 0.401245 0.045956 -0.148193 0.398315 0.018244 -0.16806 0.406464 0.071777 -0.168091 0.405518 0.148499 -0.164047 0.404114 0.253723 -0.168793 0.403168 0.247314 -0.196823 0.395264 0.223389 -0.141129 0.401855 0.16687 -0.136322 0.398407 0.250793 -0.128647 0.376801 0.197128 -0.109032 0.388855 0.231613 -0.086342 0.379761 0.21759 -0.061962 0.335175 0.25592 -0.059498 0.35907 0.27951 -0.05743 0.352264 0.21933 -0.048885 0.36145 0.236191 -0.030157 0.371765 0.3125 -0.013655 0.369843 0.138657 -0.015985 0.367462 0.360596 -0.197845 0.391846 0.437347 -0.193344 0.34964 0.333099 -0.171112 0.404785 0.35907 -0.150879 0.401062 0.302338 -0.137405 0.402405 0.395203 -0.152084 0.405792 0.410645 -0.193466 0.401062 0.366394 -0.131851 0.379669 0.326752 -0.135483 0.368591 0.276306 -0.102394 0.384918 0.327515 -0.075378 0.371552 0.333191 -0.053703 0.354492 0.35968 -0.109688 0.389221 0.399841 -0.129684 0.376587 0.397003 -0.07885 0.376709 0.374146 -0.060612 0.34729 0.424103 -0.127686 0.382782 0.452423 -0.162628 0.40213 0.43042 -0.106483 0.384766 0.463531 -0.104759 0.373413 0.43512 -0.065987 0.364624 0.455383 -0.05658 0.345306 0.474701 -0.067467 0.351074 0.425995 -0.033539 0.368713 0.455627 -0.028582 0.361176 0.472595 -0.041595 0.34259 0.438049 -0.200089 0.232864 0.5 -0.166824 0.157501 0.485626 -0.195053 0.175781 0.471161 -0.12973 0.152435 0.496033 -0.146408 0.187546 0.466278 -0.131332 0.243576 0.480103 -0.12442 0.216354 0.486053 -0.119225 0.16925 0.48938 -0.08252 0.177231 0.481415 -0.085678 0.221176 0.495483 -0.104546 0.249496 0.465912 -0.060677 0.267181 0.477722 -0.068901 0.29306 0.460663 -0.068253 0.209106 0.463104 -0.041111 0.289276 0.458649 -0.064217 0.151169 0.44809 -0.03299 0.179276 0.450287 -0.036366 0.286835 0.451447 -0.024717 0.295685 0.467194 -0.018364 0.247772 0.461395 -0.022633 0.195282 0.460754 -0.007574 0.149506 0.445007 0.010996 0.168045 0.448486 0.008919 0.265076 0.39209 0.027201 0.189606 0.350311 0.027351 0.174606 0.347565 0.027838 0.148727 0.295166 0.002216 0.171371 0.483826 -0.197739 0.251038 0.495605 -0.184067 0.197296 0.497162 -0.1548 0.240631 0.457489 -0.192017 0.294281 0.484436 -0.187317 0.336792 0.49939 -0.17749 0.276947 0.5 -0.142075 0.261475 0.480469 -0.126663 0.315918 0.491364 -0.169144 0.314209 0.489136 -0.133987 0.337128 0.483795 -0.152008 0.36264 0.468689 -0.136688 0.378235 0.473358 -0.132629 0.34494 0.488098 -0.109962 0.290314 0.487915 -0.106079 0.323792 0.447266 -0.184326 0.4021 0.48587 -0.162674 0.39151 0.491577 -0.186676 0.395782 0.482666 -0.208527 0.38797 0.440399 -0.205948 0.374878 0.448242 -0.207001 0.35144 0.431976 -0.232208 0.36496 0.452087 -0.228485 0.403931 0.490204 -0.222244 0.395355 0.445648 -0.263947 0.358734 0.465576 -0.26474 0.39151 0.486328 -0.264771 0.371887 0.477448 -0.294586 0.403931 0.443756 -0.281372 0.391602 0.432007 -0.293274 0.361877 0.453308 -0.289093 0.339081 0.479248 -0.296936 0.344666 0.497864 -0.292694 0.383209 0.492432 -0.281921 0.348755 0.477203 -0.263702 0.353027 0.499115 -0.229996 0.355469 0.456451 -0.233185 0.337982 0.477936 -0.205856 0.347137 0.49881 -0.183014 0.357208 0.324738 0.013075 0.203964 0.389404 0.030928 0.23349 0.364563 0.030785 0.268127 0.31604 0.017935 0.280762 0.365448 0.005716 0.349854 0.338501 -0.022072 0.369263 0.341583 -0.03875 0.368591 0.412994 -0.001835 0.361115 0.388458 -0.043217 0.36615 0.438873 0.01073 0.290649 0.445007 -0.004205 0.348541 0.466278 -0.012467 0.289642 0.469757 -0.002421 0.329865 0.465424 -0.02063 0.323212</float_array>
          <technique_common>
            <accessor source="#Bed_Level_3-mesh-positions-array" count="752" stride="3">
              <param name="X" type="float"/>
              <param name="Y" type="float"/>
              <param name="Z" type="float"/>
            </accessor>
          </technique_common>
        </source>
        <source id="Bed_Level_3-mesh-normals">
          <float_array id="Bed_Level_3-mesh-normals-array" count="4500">-0.000189 -1 0 -1 -0.000093 0.000469 0.000377 -0.00009 -1 -0.00383 -0.002135 -0.99999 0.998958 -0.012635 0.043857 0.01258 -0.999665 -0.022617 -0.007222 -0.999953 0.006456 -1 -0.00055 -0.000307 0.004909 -0.001732 0.999986 0.002826 -0.00103 0.999995 0.004324 -0.001944 0.999989 0.003198 -0.000281 0.999995 -0.010309 -0.996257 -0.085829 0.016039 -0.679186 -0.733791 -0.999918 -0.012663 0.001838 0.006602 0.014491 -0.999873 0.000621 -0.801961 -0.597377 0.001005 0.073677 -0.997282 0.59925 -0.800543 0.005519 0.996717 0.080921 -0.00262 -0.000376 -0.999997 -0.002414 -0.098523 -0.99512 0.005395 0.958717 -0.002125 0.284355 0.843057 0.003684 -0.537812 0.984731 0.000968 -0.174083 0.975063 0.016815 0.221292 0.606442 0.003386 -0.79512 0.999979 -0.006447 -0.000507 0.558182 0.829719 0.000368 0.943833 0.328908 -0.031599 0.984835 -0.17346 -0.003291 0.988856 -0.148851 -0.002855 0.998096 -0.043312 -0.043906 0.905079 -0.000153 0.425244 -0.000837 -0.999999 0.000607 0.990799 -0.13534 -0.000123 0.974471 -0.224323 -0.009297 0.999918 -0.000273 -0.012764 0.000194 -0.999996 0.002978 0.99726 -0.002512 0.07394 -0.030772 -0.847607 -0.529731 0.991013 -0.01365 0.13307 -0.014522 -0.890229 -0.455282 0.753643 -0.01249 -0.657166 0.976918 0.017049 0.212934 0.007787 -0.218671 -0.975768 -0.035565 -0.104236 -0.993917 -0.001126 -0.228222 -0.973608 -0.021374 0.191162 -0.981326 0.101166 0.399549 -0.911112 -0.130586 0.390928 -0.911111 -0.017301 0.873208 -0.48704 0.06076 0.589596 -0.80541 0.003969 0.261247 -0.965264 -0.017644 0.81943 -0.572908 0.009276 0.994975 0.099693 0.004597 0.997514 0.070315 0.893308 -0.003988 0.449426 0.904202 -0.007049 0.427047 0.999856 -0.015931 -0.00585 0.998363 -0.021228 0.053118 0.992373 0.123035 0.00762 0.926012 -0.007329 -0.377423 0.999561 0.027571 -0.010803 0.78245 -0.026526 0.622149 0.241711 -0.025424 0.970015 0.032535 -0.056321 0.997882 0.000852 -0.000598 0.999999 0.003446 -0.002416 0.999991 0.999969 0.007846 0.000475 0.960638 -0.260007 -0.097831 0.999606 -0.027067 0.007396 0.09888 0.456087 -0.884425 -0.100388 0.436517 -0.894078 0.003187 -0.236263 -0.971684 0.061839 -0.099614 -0.993103 -0.143141 -0.690889 -0.708649 0.001949 -0.403774 -0.914857 0.240623 -0.01884 -0.970436 -0.418545 -0.073462 -0.90522 0.188526 -0.759311 -0.622819 -0.091395 -0.574561 -0.813343 -0.230768 0.055586 -0.97142 -0.126657 -0.8042 -0.580707 0.019386 0.093349 -0.995445 0.526651 0.081151 -0.8462 -0.01354 0.9702 -0.241928 0.675247 -0.009063 -0.737536 -0.097947 0.049364 -0.993967 0.509682 -0.072174 -0.85733 0.405605 0.280584 -0.869918 -0.017127 -0.043139 -0.998922 0.070754 0.64559 -0.7604 -0.020837 0.610339 -0.791866 0.11672 -0.5353 -0.836559 -0.223686 0.269712 -0.9366 0.958585 0.138564 -0.248826 0.378208 0.142831 -0.914636 -0.246597 0.296094 -0.922778 0.957013 0.182743 -0.225238 0.266359 0.482032 -0.834684 0.819661 0.178898 -0.544197 -0.135626 0.747175 -0.650642 -0.1606 0.980051 -0.117076 -0.343968 0.90445 -0.2523 -0.255893 0.965907 -0.039264 0.97571 0.214298 -0.045452 0.670244 0.704772 -0.232528 -0.252103 0.945167 -0.207612 -0.207032 0.972612 -0.105662 -0.25098 0.957348 0.143158 -0.363242 0.931028 0.035257 -0.03243 0.838178 0.544432 0.925669 0.34572 0.153668 0.737323 0.63134 -0.240342 0.721435 0.686231 0.092834 0.847098 0.525067 0.082032 0.139432 0.953458 -0.267352 0.294979 0.89701 0.329183 0.15647 0.949976 0.270301 0.034435 0.870647 0.490702 -0.071624 0.997427 -0.003211 -0.464688 0.883439 -0.060011 0.241493 0.886284 -0.395198 0.052394 0.955535 -0.290187 0.177505 0.983697 -0.028846 0.424002 0.872775 -0.241839 -0.061492 0.956583 -0.284898 0.001516 0.949729 -0.313068 0.050627 0.83247 -0.551752 -0.372854 0.927773 -0.01474 -0.292268 0.911561 -0.289198 -0.225907 0.973976 -0.018372 -0.175739 0.963469 -0.202098 0.267233 0.912829 -0.308757 -0.276059 0.919882 -0.278584 0.100339 0.944992 -0.311324 -0.20773 0.892902 -0.399467 0.207125 0.535593 -0.818682 -0.141815 0.564817 -0.812939 -0.130772 0.557377 -0.819896 -0.109028 0.143743 -0.983591 -0.849763 0.258906 -0.459206 -0.98738 -0.012704 -0.157859 -0.914259 -0.063093 0.400186 -0.088385 0.996006 -0.012655 -0.658819 -0.654169 -0.371511 -0.013952 0.348739 -0.937116 0.999815 -0.003533 -0.01891 0.002189 0.002892 -0.999993 0.009805 -0.999952 -0.000848 -0.012117 -0.999805 0.015593 0.999992 0.003871 -0.001325 0.001371 -0.999995 -0.002673 0.07206 0.007597 0.997371 -0.010462 -0.015488 0.999825 -0.427543 0.004435 0.903984 -0.023381 0.010898 -0.999667 -0.99993 0.000942 -0.011818 0.116879 0.032031 -0.992629 -0.994731 -0.00445 -0.10242 -0.999411 -0.027958 0.019918 0.003591 0.998505 0.05455 -0.005475 0.99723 0.074178 0.151834 0.111026 -0.982151 0.98696 0.00296 -0.160939 0.000975 0.024843 -0.999691 -0.001695 0.979023 -0.203743 0.014339 0.996635 -0.080707 -1 -0.000177 -0.00006 -1 0.0001 0.000132 -0.004913 -0.999952 0.008427 0.001464 -0.999996 -0.002522 0.001423 -0.999996 -0.002441 0.00089 -0.999999 0.000599 0.007012 0.018655 -0.999801 0.003041 0.019942 -0.999797 -0.958691 -0.188214 0.213276 -0.976021 0.144033 -0.163213 -0.851073 0.255568 -0.45865 -0.385438 0.547507 -0.742747 -0.975703 0.218956 0.007818 -0.97917 0.202934 0.006572 0.065381 0.997662 -0.019911 0.347583 0.931766 -0.104871 -0.016195 0.989664 0.142485 -0.08613 0.996094 -0.019468 0.113 -0.30124 -0.946829 0.256536 -0.131548 -0.957541 0.989191 0.139446 -0.045348 0.024877 0.010492 -0.999635 -0.999914 -0.013094 0.000597 -0.987275 -0.157969 0.018257 -0.249021 -0.516173 0.819484 0.006996 -0.868495 0.495648 -0.018861 -0.005871 0.999805 -0.032141 0.99946 0.006775 0.000749 0.999997 -0.00218 -0.000118 0.999999 -0.001467 -0.998634 -0.004176 -0.052083 -0.105825 0.001045 0.994384 -0.999767 -0.017726 -0.012329 -0.998436 0.052068 -0.020359 0.155249 -0.017594 -0.987719 0.029281 0.003389 -0.999565 -0.055077 -0.010796 -0.998424 -0.074042 -0.375944 -0.923679 0.528466 -0.076799 -0.845473 0.646109 0.344601 -0.681024 0.964202 -0.045995 0.261151 0.898412 -0.436006 0.052491 -0.044376 -0.026936 -0.998652 -0.086721 -0.414874 -0.905737 0.991885 0.087923 -0.091839 0.996592 -0.029417 -0.077062 -0.077445 -0.435601 -0.896802 0.951768 -0.203038 -0.230027 0.4921 0.087894 -0.86609 0.985302 -0.003228 -0.17079 0.993004 -0.037094 -0.112101 0.999786 0.018527 -0.009246 0.011852 0.973687 -0.227582 0.191811 0.038279 0.980685 -0.065545 0.993939 0.088255 -0.653656 0.75652 -0.020283 -0.021499 0.999744 -0.006995 0.034114 0.99926 -0.01775 0.037084 0.999162 -0.017301 -0.97425 0.10118 0.201493 -0.315211 -0.61664 -0.721386 0.060876 0.997951 -0.019677 0.012688 0.999889 0.007778 0.030544 0.890093 -0.454754 0.007716 0.999893 0.012466 -0.017042 -0.164905 -0.986162 -0.042619 -0.142523 -0.988873 -0.02137 -0.173015 -0.984687 -0.04268 -0.142268 -0.988908 -0.994037 0.079091 -0.075065 0.038399 0.204067 -0.978204 0.00256 0.167894 -0.985802 0.064784 0.384489 -0.920854 0.09166 0.966938 -0.23797 0.134086 0.511145 -0.848971 0.257457 0.896398 -0.360814 -0.710912 0.338089 -0.616685 -0.724179 0.314634 -0.613654 0.183668 0.67325 -0.716241 -0.20597 0.967466 0.14692 -0.134061 0.875241 0.464737 0.996245 -0.058309 -0.064003 -0.996701 -0.056295 0.05847 -0.38167 0.44966 0.807548 -0.986375 0.161224 0.032729 -0.186565 -0.099402 0.977401 -0.015356 0.008176 0.999849 0.91779 -0.314936 0.241819 -0.340943 0.699261 -0.628325 -0.996279 -0.068673 0.052087 -0.990831 0.12104 0.060031 -0.995117 0.084 -0.051821 -0.597104 0.688915 -0.410929 0.056473 0.964331 -0.258604 0.119509 0.517663 0.847197 0.058919 0.825163 -0.561814 0.976596 0.013601 -0.214654 0.982064 0.182002 -0.049256 0.476062 0.013114 0.879314 0.225252 0.77531 -0.590047 -0.054183 0.961672 -0.268797 0.999742 0.014092 0.017796 0.99795 0.015226 0.062165 0.992966 -0.089494 -0.077519 0.998643 -0.035791 0.037839 0.991224 0.102007 -0.084077 0.035767 0.073482 0.996655 0.016794 -0.057761 0.998189 0.998954 0.045716 0.000152 0.011126 -0.852324 0.522896 0.535456 -0.844563 -0.000237 0.99985 -0.015334 0.00808 0.986638 0.162249 -0.014872 0.99919 0.020239 0.034786 0.982377 0.030377 -0.184423 0.999998 -0.00189 -0.000963 0.6439 -0.764504 0.030436 0.540958 0.000411 0.841049 0.293489 -0.119181 0.948504 0.999746 -0.004718 -0.022026 0.999699 -0.005448 -0.023919 0.999979 -0.006447 0.000004 0.978967 0.007577 -0.203879 0.984237 0.1644 -0.065198 0.979198 0.192309 -0.064723 0.475196 0.170956 -0.863112 -0.211279 -0.9134 0.34794 0.717271 -0.547026 0.431606 0.702678 -0.707983 0.070741 0.665625 0.696556 -0.267867 0.926034 -0.315788 0.206733 0.750204 0.60579 -0.264977 0.986682 0.132775 -0.093966 0.988096 0.132806 -0.077642 0.548451 0.742785 -0.384022 0.997829 -0.065811 -0.002534 0.999912 -0.013083 -0.002097 0.879594 -0.010582 -0.475608 0.952477 -0.241059 0.186222 0.880902 0.319338 -0.349335 0.97305 -0.093401 -0.210831 -0.330774 -0.738308 -0.587784 0.96776 -0.226128 0.110932 0.734993 0.57279 0.362902 0.932232 -0.173188 -0.317726 0.550566 0.832659 -0.05963 0.970198 0.067475 0.232731 0.711704 0.585142 0.388699 0.792773 0.608266 0.039027 0.994309 -0.102452 -0.029212 -0.040197 -0.988453 -0.146101 0.831388 0.247745 -0.497409 0.41125 -0.748785 0.519803 0.466473 -0.858188 0.214282 0.810684 -0.555983 0.183505 0.998489 0.047894 -0.026942 0.998678 0.038955 -0.033551 0.997235 -0.068574 -0.028628 0.890596 0.428045 -0.153676 0.45215 0.693288 -0.56117 -0.048863 0.195601 -0.979465 -0.925859 0.152359 -0.345793 0.118346 0.891268 -0.437762 -0.919025 0.237864 -0.314347 0.733742 -0.632656 -0.247728 0.069808 0.502962 -0.861485 -0.967874 0.251174 -0.011485 -0.280452 0.955934 -0.086819 -0.976448 0.215411 0.012168 0.679845 0.666764 0.305348 -0.045745 0.980629 0.190459 0.939532 0.329439 -0.093538 0.983695 0.158302 -0.085345 0.107333 -0.286391 -0.952082 0.948023 0.31708 -0.026702 -0.660281 0.684956 -0.308 -0.128098 0.70521 -0.69733 0.024695 0.998612 -0.046514 0.050506 0.99808 -0.035843 0.121495 0.992434 0.017725 0.030779 0.998262 0.05025 -0.933025 -0.359751 0.006545 -0.933017 -0.359717 -0.009062 -0.870846 -0.491094 -0.021285 0.13488 0.966876 -0.216699 0.434277 0.891835 -0.126621 0.43648 0.896664 -0.074024 0.275071 0.960856 -0.033047 0.137898 0.987006 -0.082484 0.271365 0.960277 0.065034 -0.013103 0.998992 -0.042937 -0.013154 0.999523 0.027952 -0.043481 0.997486 -0.055949 -0.342885 0.939269 0.01425 -0.345314 0.937913 -0.032834 -0.435518 0.898661 -0.052282 -0.976177 0.216928 0.004604 -0.976341 0.21618 0.004863 -0.00031 -1 0.000431 0.000577 -1 0.000182 0.024453 -0.999287 0.028782 -0.002409 -0.99998 0.005866 -1 0.000103 0.000135 -0.99998 -0.001154 -0.006209 -0.034436 0.999125 -0.023728 -0.009168 0.999365 -0.034443 0.163275 0.983337 0.079936 0.939279 -0.343137 0.00344 0.863107 0.504896 0.011208 0.934627 -0.355617 0.002913 1 0.000377 -0.000565 1 0.000552 -0.000828 0.998767 -0.003754 0.0495 0.999462 0.002438 0.032718 0.995624 -0.088382 -0.030356 0.920921 -0.32324 -0.217762 0.962788 0.267196 0.040562 0.921425 -0.021556 0.387958 0.624032 0.65455 0.426789 0.977797 0.197827 0.069115 0.794274 -0.496669 -0.349926 0.984996 0.001762 0.172566 0.993224 0.115484 0.013024 0.999251 0.007727 0.037922 0.118452 -0.972604 -0.200025 0.723053 -0.55241 -0.414774 0.727303 -0.686275 -0.007523 0.996862 -0.001799 0.079138 0.999756 0.01557 0.015669 0.994033 0.101494 0.039977 -0.195146 0.628495 0.752936 -0.080615 0.822686 0.562752 0.042918 0.790765 0.610613 0.452457 -0.001334 -0.891785 0.935344 -0.059526 -0.348695 0.99976 -0.004647 0.02139 0.657763 0.03034 -0.752614 0.995141 -0.098443 -0.001792 0.738417 0.077627 -0.669861 0.426657 -0.900762 -0.081187 0.976622 0.063387 0.205406 0.952102 -0.098481 0.289489 0.15864 0.047466 0.986195 0.062221 0.002681 0.998059 -0.080307 -0.324862 0.942346 0.922408 -0.384814 0.032871 -0.098082 0.043975 0.994206 0.951842 0.249892 0.177626 0.99668 0.081352 0.00323 0.980481 -0.127018 0.150077 0.891383 0.132594 -0.433423 0.996715 -0.050665 0.063188 0.164388 0.703243 0.691683 -0.096201 0.990096 -0.102249 0.996784 -0.050481 0.062233 0.017948 0.7649 -0.643898 0.664628 -0.57421 -0.478071 0.906577 0.339812 0.250292 0.894641 -0.344748 0.284194 0.997968 -0.049731 -0.039842 0.997342 0.004001 -0.072756 0.119082 0.961166 0.248957 0.644691 0.600508 0.473037 -0.500505 0.662814 -0.556931 0.040066 0.218055 -0.975114 0.015095 0.994008 0.108258 0.999858 -0.015459 0.006706 -0.26733 0.892946 -0.362192 0.28308 -0.048542 -0.957867 0.150013 0.962215 0.227241 -0.996083 -0.070204 -0.053752 -0.860196 0.492432 0.132562 -0.979143 -0.202957 0.00939 -0.779857 -0.534059 0.326502 0.726014 -0.687617 -0.009299 0.995176 0.098103 -0.001241 0.085893 0.996278 -0.007189 -0.016594 0.999492 0.027195 -0.604759 -0.796408 0.000941 -0.003994 0.999805 -0.019334 -0.995006 0.099775 -0.002894 0.043934 0.99857 0.030469 -0.99918 0.028343 -0.028902 -0.892187 0.448714 0.051563 0.998645 -0.047198 -0.021931 -0.19777 0.979073 0.04799 -0.180759 0.983527 -0.001183 -0.037803 0.997406 0.061247 -0.515266 0.857017 -0.004832 -0.642691 0.764663 0.047318 -0.54405 0.839036 -0.005374 0.863132 0.503572 0.037652 0.932308 0.334634 0.137194 0.27999 0.040949 0.959129 0.727713 0.684716 0.039971 0.607095 0.79128 0.072882 0.297176 0.765973 0.570063 0.273351 0.959659 0.065837 0.000542 -1 0.00014 -0.000154 -0.999978 -0.006664 -0.009799 -0.999951 0.001381 -0.006025 -0.999981 -0.001291 -0.999873 -0.000794 0.015941 -0.999356 -0.004362 0.035622 -0.053968 0.001464 -0.998542 0.005928 -0.017219 -0.999834 -0.059952 0.001719 -0.9982 0.999948 0.006173 0.008092 0.999751 -0.007195 -0.021101 0.014458 0.016047 0.999767 0.000985 0.019836 0.999803 0.000478 0.019691 0.999806 -0.813401 0.05489 0.579108 -0.743078 -0.641406 0.190875 -0.841355 0.044857 0.538618 -0.004844 -0.987158 0.159671 0.005608 -0.996249 0.086351 -0.01221 -0.999499 0.029202 -0.000472 -0.997406 -0.071983 -0.029122 -0.999329 0.022214 -0.010524 -0.999877 -0.01167 -0.111835 -0.003452 0.993721 -0.015156 -0.318003 0.947969 -0.010631 0.534756 0.844939 0.017585 0.39301 0.919366 0.022109 0.69192 0.721636 -0.395861 0.322726 0.859734 -0.043129 0.898921 0.435982 -0.020768 0.074068 0.997037 -0.030447 -0.395544 0.917942 0.045789 0.232695 0.971471 0.052745 0.804825 0.591164 0.027602 -0.264934 0.963871 0.008414 0.228349 0.973543 0.003991 -0.260774 0.965392 0.21415 -0.122972 0.969029 -0.055156 -0.197892 0.978671 0.007485 -0.268072 0.96337 0.443156 0.509434 0.737624 0.038198 0.444636 0.894896 -0.04348 -0.010768 0.998996 -0.299007 0.259609 0.918258 0.026973 0.298704 0.953964 -0.077769 0.637108 0.766841 -0.013854 0.77392 0.633132 -0.077684 0.586094 0.806511 -0.053975 0.597254 0.800234 -0.134156 -0.98376 0.119237 -0.049533 -0.948738 0.312157 -0.069065 -0.339436 0.93809 0.305486 0.31478 0.898661 -0.316676 -0.904209 0.286571 -0.202787 -0.128091 0.970809 -0.105088 0.311282 0.944489 -0.230244 0.011947 0.97306 -0.191024 0.524836 0.829492 -0.103094 0.471532 0.875802 -0.730176 0.189367 0.656493 -0.898854 0.395366 -0.189068 0.608119 0.610501 0.507425 -0.732392 0.573917 0.366362 -0.940172 0.11506 0.320682 -0.943847 -0.306509 -0.12331 -0.943035 0.145229 0.299321 -0.051746 0.973454 0.222958 -0.024086 0.023001 0.999445 -0.079552 0.090989 0.992669 -0.018917 0.995961 0.087771 -0.005886 0.029065 0.99956 0.020214 0.999172 0.035305 0.008714 0.992167 0.124613 0.012533 0.995934 0.089207 -0.008042 -0.146533 0.989173 0.023632 0.033738 0.999151 -0.021027 0.024533 0.999478 0.006998 0.042176 0.999086 -0.022151 0.025347 0.999433 -0.046174 0.99866 -0.023361 0.190599 -0.272003 0.943232 -0.051082 0.937886 0.343162 0.067197 0.786337 0.614132 0.025063 0.99968 -0.003382 -0.00074 1 -0.000139 0.12327 0.989979 0.068899 0.000946 0.999477 -0.032318 0.039137 0.998683 -0.03317 0.003723 -0.12893 0.991647 -0.101072 -0.175577 0.979264 -0.001662 0.054934 0.998489 -0.023482 0.043363 0.998783 0.025267 0.328655 0.944112 0.097834 0.351529 0.931051 0.061132 0.188223 0.980222 0.075525 0.465448 0.881847 0.285515 0.78247 0.553374 0.974009 0.004933 0.226456 0.998638 0.004783 -0.051959 0.99998 -0.001124 0.006235 -0.210565 -0.001203 -0.977579 -0.999775 -0.007608 0.019822 -0.998801 0.040492 0.027527 -0.955326 0.286083 -0.074219 0.061894 -0.16311 0.984665 0.062979 -0.209555 0.975767 -0.996365 0.015763 -0.083721 0.170442 -0.068486 0.982985 0.018788 0.557909 0.82969 -0.63331 0.654014 0.413744 -0.997621 -0.028683 -0.062691 -0.998014 -0.062869 0.003863 -0.04571 0.994346 0.095848 0.999985 -0.004962 0.002373 0.999944 -0.003737 -0.009858 0.999866 -0.007728 -0.01442 -0.9909 0.134206 -0.010242 -0.262515 0.964846 -0.012579 0.979715 0.105132 0.170605 -0.777244 -0.420888 -0.467702 0.976808 0.118244 -0.178505 0.820362 0.032585 0.570916 0.949743 -0.28833 0.121881 0.999832 -0.003795 0.017927 -1 0.000236 0.000161 -0.999992 -0.003876 0.000054 0.852333 0.512207 -0.105702 -0.887819 0.451521 0.088915 -0.988662 0.145917 -0.03543 -0.399331 0.697502 0.595001 -0.231461 0.900993 0.366929 -0.293743 0.949345 -0.111621 -0.17354 0.958237 -0.227299 0.742067 -0.661646 0.107523 0.954048 -0.089846 0.285869 0.981565 0.01553 0.190496 0.377056 0.547773 0.746842 0.65592 0.742006 0.13855 0.834451 0.550684 0.020921 0.455244 0.347966 -0.819556 0.97116 0.016887 -0.237829 0.663973 -0.747439 0.021785 0.526768 0.009997 0.84995 0.32104 0.076108 -0.944003 0.870818 -0.473255 -0.133061 -0.069591 0.987738 -0.139752 0.866781 0.378663 -0.324509 0.895259 0.25381 0.366185 0.11585 -0.578538 0.807386 0.76208 0.640328 0.095991 0.748203 -0.05669 -0.661044 0.867805 -0.050216 0.49436 0.891269 0.424316 0.159985 0.914314 0.383827 -0.129253 0.714063 -0.69613 -0.074274 0.663935 -0.747196 -0.029797 0.707228 -0.701299 -0.08949 0.255567 -0.927447 -0.272996 0.982713 0.173317 0.065095 0.988268 0.063466 0.138915 0.993764 0.10717 0.030792 0.995851 0.036862 0.083204 0.96504 -0.260625 -0.027779 0.97185 0.212558 -0.101622 0.84857 0.472317 0.238422 0.977086 0.127949 -0.170094 0.807117 -0.203534 0.554199 0.994522 0.041529 0.095923 0.997347 0.072585 -0.005439 0.982076 0.148164 0.116511 0.517104 0.216211 -0.828164 0.981849 0.152159 0.113225 0.955754 0.211161 -0.204807 -0.13933 0.865192 -0.481695 0.22672 0.800508 0.554784 -0.536209 0.836565 -0.112427 0.897019 0.202538 0.392856 0.250731 0.891127 0.378189 0.734214 0.67166 0.099008 -0.048987 -0.338322 0.939755 -0.91614 0.213963 0.338979 -0.999971 0.006049 0.004542 -0.999998 0.000321 0.001916 -0.912489 0.406916 0.042217 -0.000938 0.097146 0.99527 -0.393351 0.918907 0.029743 -0.037935 0.968747 0.245134 0.047906 0.996724 0.065166 0.083169 -0.128702 -0.98819 -0.104916 -0.130216 -0.985919 0.014759 -0.29748 -0.954614 0.009875 -0.554053 -0.832423 -0.058921 0.206724 -0.976624 0.045298 -0.269257 -0.962002 0.050392 0.212207 -0.975925 -0.223803 0.60895 -0.760981 0.131993 0.605588 -0.784756 0.253161 0.558395 -0.790003 0.017549 0.988339 -0.151258 -0.074384 0.981178 -0.178203 0.233473 -0.213886 -0.948548 0.425339 0.000535 -0.905034 -0.02175 -0.128073 -0.991526 -0.277908 0.499909 -0.82028 -0.043663 -0.23956 -0.969899 -0.015214 0.689748 -0.72389 0.070718 0.350986 -0.933706 0.812534 -0.153887 -0.562234 -0.022796 -0.301587 -0.953166 -0.001241 -0.272559 -0.962138 0.002182 -0.118785 -0.992918 0.003661 -0.99988 -0.015077 -0.000455 -0.999995 -0.003014 -0.000261 -1 -0.000935 -0.000384 -1 0.000291 0.009462 0.578231 -0.815818 0.613184 0.645095 -0.455914 -0.198813 0.743426 -0.638586 0.67267 0.041645 -0.73877 -0.058172 -0.092859 -0.993978 -0.046096 0.725212 -0.686981 0.012151 -0.885235 -0.464986 -0.134699 0.019328 -0.990698 -0.040858 0.872172 -0.487489 -0.049065 -0.768973 -0.637396 -0.144811 -0.011961 -0.989387 0.146195 0.951954 -0.269094 0.137291 0.95654 -0.257258 0.254092 0.966809 -0.026804 -0.062996 0.084537 -0.994427 0.030448 0.710808 -0.702727 -0.178465 0.129275 -0.975417 0.015395 -0.359358 -0.933073 -0.013771 0.451913 -0.891956 0.209475 0.059482 -0.976003 0.001592 0.71598 -0.698119 -0.120883 -0.115992 -0.985867 0.117774 0.564867 -0.816734 0.003787 0.718848 -0.695157 -0.056765 0.712649 -0.69922 0.066435 -0.781055 -0.620919 0.027994 -0.631162 -0.775145 0.171388 -0.626033 -0.760729 -0.086181 -0.748151 -0.657907 -0.022811 0.30901 -0.950785 -0.052538 -0.660813 -0.748709 0.034196 0.667106 -0.744177 0.048453 0.185472 -0.981454 -0.445194 0.493245 -0.747336 0.131407 0.369108 -0.92005 -0.104136 0.941093 -0.321714 0.075858 0.855729 -0.511833 -0.0892 0.870548 -0.483932 0.291834 0.926789 -0.23642 -0.289202 0.938459 -0.188828 -0.065275 0.992057 -0.10753 -0.052265 0.926051 -0.373762 -0.157019 0.526539 -0.835524 -0.248824 0.8886 -0.385328 -0.163452 0.958793 -0.232379 0.990116 -0.101336 -0.096956 0.867314 0.497243 -0.022721 0.790591 0.591156 -0.159685 0.384378 0.92223 -0.041783 -0.086974 0.994291 -0.061812 0.341308 0.939951 0.000475 -0.136679 0.988411 0.066049 -0.407736 0.91294 0.017085 -0.335108 0.935889 0.108692 0.977798 0.209213 0.011897 0.35804 0.926555 -0.115342 0.180412 0.964771 -0.191492 0.919486 -0.392945 0.011845 0.084925 0.996055 0.02575 0.968773 -0.245546 0.034452 0.970106 -0.240898 0.029384 0.116265 0.993204 -0.005394 0.00161 0.99852 -0.054366 0.043729 0.988662 -0.143653 0.142286 0.987634 -0.065837 -0.048507 0.990965 -0.125039 -0.284135 0.951823 0.115325 0.012236 0.989245 0.145757 -0.30625 0.946365 0.10298 -0.087673 0.991541 0.09571 0.473274 0.876853 0.084504 0.09906 0.936568 0.336197 0.986661 -0.145789 0.072432 0.975271 0.219361 -0.02697 -0.221458 0.970055 0.099746 0.985535 0.156348 -0.065395 0.983642 0.158217 -0.086115 -0.044256 0.995626 -0.082287 0.217917 0.580564 0.784511 0.003876 0.999341 -0.036097 0.135263 0.486693 0.863037 0.706544 0.521748 -0.478094 -0.23626 0.893183 0.382629 0.184518 0.735298 0.652143 -0.292849 0.874252 0.387199 -0.328645 0.851198 0.409212 0.179902 0.556005 0.811476 0.277468 0.408918 0.869366 0.198614 0.064092 0.97798 0.333048 0.33061 0.883049 0.03902 0.958328 0.282993 -0.010655 0.957302 0.288893 0.085922 0.992422 0.087837 0.00925 0.995267 -0.096733 0.397768 0.817127 0.417233 0.558158 0.774682 0.297198 0.067527 0.973238 -0.219652 0.067148 0.978074 -0.197136 -0.114476 0.986848 -0.114129 0.145865 0.984432 -0.09807 -0.332159 0.834045 0.440499 -0.165649 0.972052 -0.16636 -0.238214 0.968669 -0.07024 -0.012937 0.987439 -0.157468 -0.354522 0.830894 0.42887 -0.065649 0.96704 0.246014 0.340679 0.878323 -0.335391 -0.381591 0.839872 -0.38601 0.268409 0.947528 0.17363 0.258602 0.890511 -0.374321 -0.08728 0.812836 -0.575917 0.330367 0.938318 -0.102065 -0.389889 0.750296 -0.533893 -0.137922 0.97295 -0.185324 -0.160886 0.960052 -0.228947 0.072856 0.976415 -0.203238 0.392195 0.916707 0.076361 0.051181 0.979971 -0.192453 0.013199 0.734821 -0.678133 0.274355 0.547576 0.7905 -0.871009 0.37289 -0.319838 0.032004 0.969733 0.242062 -0.15728 0.969351 -0.188736 -0.17038 0.98424 0.047356 -0.217552 0.94668 -0.237628 -0.057952 0.997502 0.040394 0.15521 0.983852 -0.089133 0.130924 0.9552 -0.265427 0.302181 0.827769 -0.472742 0.419446 0.860922 0.287885 -0.02815 0.984611 -0.172477 0.40784 0.855432 0.319222 0.372138 0.881862 0.289538 -0.22971 0.865691 0.444762 0.237987 0.941644 0.238052 0.001357 0.97034 0.241738 0.251881 0.957252 -0.142211 0.288845 0.942991 -0.165338 -0.225641 0.971527 0.072254 -0.403768 0.899182 0.168651 -0.227354 0.963418 -0.141901 0.083302 0.978057 0.190959 -0.288947 0.934138 -0.209512 -0.046691 0.982019 -0.182915 -0.243485 0.675148 -0.69634 0.124815 0.961306 -0.245587 -0.328265 0.94457 -0.005524 0.127435 0.990628 -0.049157 -0.40745 0.910199 -0.074309 -0.474499 0.880161 -0.012896 0.240612 0.970492 0.01582 0.135354 0.978867 0.153291 0.22248 0.967732 0.118308 -0.360774 0.839115 -0.407098 0.017637 0.802071 -0.596968 -0.171436 0.781004 -0.600535 -0.166511 0.18772 -0.968006 -0.322541 0.016029 -0.94642 0.000102 -0.999996 0.002809 0.219067 -0.973851 -0.060203 -0.070804 -0.99503 -0.070012 -0.001016 -0.999128 -0.041735 -0.000584 -0.999998 -0.00165 -0.059593 -0.997661 -0.033484 0.926593 -0.363918 0.094811 0.911429 -0.411421 -0.005478 0.935769 -0.344821 0.073724 0.979886 0.188642 0.065091 0.733614 0.527403 0.428552 0.912449 0.406902 -0.04321 0.500135 0.865677 -0.021645 0.951649 -0.278743 -0.129096 0.920812 0.357059 0.15689 0.952844 -0.275715 0.126767 0.921694 -0.386418 -0.034087 0.549899 0.834813 0.026411 0.569547 0.821848 0.013494 0.658549 0.609813 -0.440955 0.540422 0.826222 -0.159064 0.62976 0.684311 0.367587 0.383387 0.922035 0.053527 0.242408 -0.969767 0.028117 0.380648 -0.920327 0.090034 0.800364 -0.542507 -0.255154 0.579251 -0.809812 -0.093132 0.380387 -0.920462 0.089758 0.860107 -0.504431 -0.075927 0.548666 -0.774863 0.313932 0.880987 0.283209 -0.379019 0.997502 0.06411 0.029659 0.930539 -0.185542 0.315709 0.793476 0.600189 -0.100841 0.834049 0.542136 0.102228 0.521243 0.713088 0.468841 0.056422 -0.997595 0.040264 0.694325 0.676037 -0.246752 0.980328 -0.173198 0.094656 0.993153 -0.061164 -0.099527 0.616528 0.708855 -0.342662 0.996014 -0.061151 -0.06493 0.983745 -0.172096 -0.051268 0.655176 0.755413 -0.009778 0.998567 -0.032183 -0.042755 0.662811 0.74878 -0.003165 0.98837 -0.151504 0.013122 0.981222 -0.004678 0.192825 0.960157 -0.05647 -0.273697 0.804594 0.411378 -0.428248 0.540726 0.737963 0.403765 0.529244 0.834305 0.15439 0.83173 -0.545067 0.105486 0.870863 0.49146 -0.008101 0.77817 0.5585 0.28728 0.822624 0.560511 -0.095485 0.829182 0.434469 0.351703 0.543348 -0.820049 -0.179702 0.593592 -0.803176 0.050573 0.87528 0.001601 -0.483614 0.968631 0.248047 -0.015045 0.836881 0.537094 0.105641 -0.324526 0.93865 -0.1167 -0.261437 0.956839 0.126924 0.240934 0.962509 0.124605 0.17223 0.982269 0.074057 -0.366944 0.930147 -0.013339 -0.08879 0.992181 0.087714 -0.277285 0.908907 0.311449 -0.278403 0.958025 0.068414 -0.232947 0.955989 0.178381 -0.118972 0.987567 -0.102747 -0.117312 0.988235 -0.098127 -0.269613 0.919919 -0.284707 0.476535 0.844084 0.245838 0.143508 0.813299 0.56387 0.148006 0.954258 -0.259782 0.295831 0.844646 -0.446159 0.221509 0.974074 -0.045986 -0.480979 0.704274 0.522166 -0.458111 0.789004 -0.409398 -0.252169 0.902216 0.349881 -0.192477 0.945561 -0.262425 -0.155782 0.968623 0.193653 -0.23652 0.971626 -0.00094 -0.180228 0.960474 0.212151 -0.055404 0.965797 0.253312 -0.163308 0.984097 -0.069878 -0.211055 0.933713 -0.289198 0.07023 0.985829 0.152344 0.127929 0.990021 0.059104 0.430211 0.80762 -0.403322 0.01117 0.991848 0.126936 0.22753 0.764144 0.603584 0.998853 -0.028629 -0.038388 -0.315419 0.385334 -0.867196 -0.569334 0.707057 0.419438 -0.121061 0.987156 0.104247 -0.059311 0.996891 0.051876 -0.074561 0.963932 0.255491 -0.054171 0.957661 0.282755 0.448891 0.840782 0.302626 0.193048 0.953702 -0.23062 0.029328 0.999034 -0.032733 -0.156864 0.932898 -0.324184 -0.371392 0.921951 -0.109882 0.044179 0.970271 -0.237955 0.086687 0.992552 0.085596 0.103722 0.99429 0.0251 0.220748 0.949393 0.223434 -0.400757 0.90561 0.138797 -0.216595 0.975959 0.024289 -0.351584 0.899143 0.260634 -0.107865 0.994011 0.017529 -0.337419 0.902608 0.267295 0.008429 0.960943 0.276617 0.009529 -0.331368 -0.943454 0.025047 -0.999522 -0.018147 0.039913 -0.262265 -0.96417 -0.0596 -0.99317 -0.100303 0.005923 -0.999968 0.005311 0.333835 -0.890614 -0.308805 0.161481 -0.985197 -0.057535 -0.010589 -0.952786 -0.303457 -0.576307 -0.783204 0.233373 -0.159411 -0.279075 -0.946945 -0.057658 -0.39108 -0.918549 -0.023708 0.274312 -0.961348 0.004402 -0.412349 -0.911015 -0.044824 -0.376662 -0.925266 0.217397 -0.394582 -0.892773 -0.530416 0.50354 -0.681987 0.061201 0.212796 -0.975178 0.091021 -0.529739 -0.843263 0.942974 -0.256509 -0.212139 0.644397 -0.669948 0.368676 0.941814 0.300405 -0.150811 0.356423 0.380633 0.853277 0.137476 0.811442 -0.568034 0.955254 -0.127762 0.266773 0.805547 0.143876 -0.574798 0.66568 -0.022485 -0.745898 0.887161 0.444527 -0.123858 0.197247 0.309475 -0.930225 0.292743 0.95583 -0.026259 -0.009692 0.954262 -0.298814 0.006102 0.107611 -0.994174 0.179463 0.567573 -0.803526 -0.213002 0.549143 -0.808129 0.776988 0.288044 -0.55975 -0.019715 0.845616 -0.533427 -0.113187 0.992143 -0.053308 0.075837 0.970451 -0.22907 0.082428 -0.339998 -0.936807 -0.380646 -0.019414 -0.924517 0.254971 -0.05217 -0.96554 0.089321 -0.050465 -0.994724 -0.845169 -0.414006 -0.338066 0.056267 -0.143667 -0.988025 -0.016193 0.440698 -0.897509 -0.133572 0.624639 -0.769405 -0.058626 0.556704 -0.82864 0.153281 0.529394 -0.834414 0.00289 -0.653161 -0.757214 0.026566 0.569209 -0.821764 -0.018511 0.818337 -0.574441 -0.01269 -0.145524 -0.989273 0.139849 0.470744 -0.871116 0.16307 -0.573586 -0.80275 0.095157 0.904731 -0.415219 0.550092 0.475203 -0.686717 0.780337 0.195815 -0.593912 -0.130896 -0.552428 -0.823219 0.005767 -0.649417 -0.760411 0.387987 0.034443 -0.921021 0.505418 -0.375788 -0.776747 -0.063765 0.163359 -0.984504 -0.139114 0.31109 -0.940144 0.25005 0.251907 -0.934889 0.36666 -0.128999 -0.921369 -0.061094 0.703299 -0.708264 0.297723 0.644117 -0.704609 -0.171928 0.87251 -0.457348 -0.322302 0.862147 -0.390926 0.255138 0.61616 -0.745152 0.612444 0.333988 -0.716494 0.363768 0.846784 -0.388111 0.885572 0.383912 -0.261483 0.876535 0.428389 -0.219477 0.989834 -0.100545 0.100597 0.955467 -0.295065 -0.004477 0.36274 -0.356786 0.860885 0.441421 -0.545297 0.7126 0.805389 0.589612 -0.060883 0.965665 -0.256026 -0.044073 0.653168 0.756988 -0.018444 0.704528 0.352784 0.615779 0.967527 -0.252165 0.017459 0.676375 0.735649 -0.036557 0.988309 -0.063746 -0.138496 0.335088 0.414649 -0.846039 0.811203 -0.178685 -0.556795 -0.895333 -0.236356 0.377511 -0.875313 0.292794 0.384837 -0.532677 -0.034633 -0.84561 -0.24776 0.681628 0.688475 -0.149358 -0.67992 -0.717915 0.639434 0.499536 -0.584455 -0.51134 -0.739224 0.438269 0.073438 0.344672 0.935846 0.019431 -0.999788 -0.006764 0.615886 0.686706 0.38616 0.87681 0.352416 -0.32712 0.510591 0.272101 0.815634 0.568294 -0.796857 0.205086 -0.532513 0.109692 -0.839284 0.543212 0.605112 -0.582031 -0.699059 0.693937 -0.172532 0.473125 -0.337125 -0.813941 -0.794679 -0.465629 -0.389454 -0.725364 -0.214504 -0.654091 -0.738824 0.166361 -0.653041 -0.753406 0.638323 -0.157874 -0.755184 0.091828 0.64905 -0.727386 -0.22045 0.649855 -0.09127 0.282827 0.954819 -0.37487 -0.41376 0.829623 0.154599 0.090711 0.983804 0.130287 -0.242608 0.961336 0.941676 0.292261 0.166822 0.752097 -0.415002 0.51198 0.952143 -0.20991 0.222174 0.937141 0.302988 0.173107 0.360298 -0.425966 -0.829902 0.448909 0.367611 -0.814459 0.156052 0.670266 -0.725528 -0.007909 -0.997049 -0.076359 0.926764 -0.331854 -0.176016 0.005081 -0.999923 -0.011343 0.20819 -0.969972 0.125746 -0.207611 -0.978153 0.010718 0.965143 -0.261383 0.013325 0.957144 -0.284608 0.053601 0.688059 0.725362 0.020609 0.764739 0.61218 0.201021 0.725197 -0.678106 0.119422 0.811618 -0.584079 -0.011337 0.438001 0.898679 -0.023051 0.710199 0.689088 -0.144134 0.981189 0.192635 0.012679 -0.31138 0.899471 -0.306586 -0.318277 0.900582 -0.296061 0.116911 0.91907 -0.376354 -0.008919 0.998222 -0.058937 -0.101947 0.994765 0.007038 0.117436 0.984676 0.128928 -0.304654 0.942665 0.136263 0.187899 0.975226 -0.116737 -0.342985 0.933981 0.100204 -0.444193 0.835925 0.322369 -0.055368 0.998044 0.029024 -0.506164 0.852015 0.13367 -0.129341 0.922854 0.362782 -0.421319 0.830429 -0.364525 -0.332799 0.89732 -0.289933 -0.117759 0.823483 -0.554985 -0.284158 0.946371 -0.15374 -0.297937 0.943092 -0.147686 -0.216452 0.969245 -0.117098 -0.093934 0.994588 0.044394 0.176308 0.982955 -0.052109 0.100108 0.958548 -0.266765 0.237286 0.97136 -0.012423 0.56711 0.820242 -0.074761 0.159164 0.809646 -0.564925 0.131679 0.953122 0.272432 0.694711 0.515491 -0.501643 0.800865 0.566424 0.194368 0.962135 -0.257458 0.089507 0.922635 -0.125321 0.364745 0.64048 0.594775 0.485827 0.942476 -0.044392 0.331313 0.169316 0.962958 0.209864 0.502092 0.850783 0.155154 0.979153 -0.044723 0.19814 0.655684 0.754947 0.011529 0.899338 -0.421398 -0.116683 0.887371 0.455106 -0.07383 0.719103 0.657401 -0.2252 0.875738 -0.142654 -0.46123 0.859118 0.509351 -0.049778 0.962876 0.103627 0.249263 0.962632 0.259264 -0.078246 0.960134 0.275726 -0.04601 0.985633 0.161421 0.049709 0.978931 0.121413 0.164175 0.891883 -0.451641 -0.023775 0.883079 0.461668 0.083869 0.701249 0.455201 -0.548673 0.663743 0.741964 0.09452 0.72996 0.664561 -0.159741 0.172108 0.965037 -0.197693 0.211917 0.931916 -0.29432 0.17978 0.963241 -0.199615 -0.107199 0.992389 0.060592 -0.12656 0.943913 -0.304978 -0.083307 0.994667 0.060808 0.793174 -0.608067 -0.033607 0.000147 -1 0.000504 0.003368 -0.99998 -0.005398 -0.004315 -0.999986 0.003058 0.000417 -0.999964 -0.008511 -0.007124 -0.999348 0.035388 0.00509 -0.998803 0.04865 -0.241407 0.963271 0.117605 -0.002422 0.979084 0.20344 0.006352 0.956627 0.291245 -0.085804 0.941734 0.32523 -0.195653 0.811275 0.550957 -0.045317 0.968186 0.246095 -0.24132 0.939537 0.24297 0.069346 0.75283 0.654551 -0.204075 0.721955 0.661162 -0.06776 0.434832 0.897959 -0.087269 0.42389 0.901499 0.329902 0.454289 0.827518 -0.144678 0.064984 0.987343 0.066211 -0.344282 0.936529 0.03131 -0.409054 0.911973 -0.131988 -0.28024 0.950813 0.346836 0.401961 0.847427 -0.002692 -0.21193 0.977281 0.034052 -0.935094 0.352761 0.210629 -0.861931 0.461205 0.794831 -0.259485 -0.548553 0.17712 0.58797 0.789253 0.71375 -0.276138 -0.643668 0.766924 0.298844 0.567908 0.975476 0.195282 0.10155 0.712398 -0.279601 -0.643672 0.610616 -0.094933 0.786216 0.641569 -0.312674 -0.700445 0.665916 0.118536 0.73655 0.026668 0.702847 0.710841 0.121275 -0.110802 0.986415 -0.122364 0.718488 0.684692 0.015445 0.493755 0.869464 -0.067473 -0.010009 0.997671 0.113864 0.840141 0.530281 0.340267 0.713962 0.611945 0.088379 -0.06407 0.994024 0.160072 -0.942899 -0.292093 0.112695 -0.959145 -0.259502 -0.041969 0.101393 0.993961 -0.177816 -0.916281 0.358902 -0.534685 0.569997 0.623871 -0.021622 0.965241 0.260464 0.098472 -0.397628 0.912248 0.685824 0.110141 0.719385 -0.228584 0.007141 0.973498 0.069286 0.788091 0.611647 -0.048684 0.248223 0.967479 -0.111755 -0.132927 0.984805 0.063703 0.043517 0.99702 -0.024911 0.995252 0.094085 -0.036374 0.994451 0.098708 -0.162728 0.407591 0.898548 0.13092 0.945149 0.299254 0.059994 0.306036 0.950128 -0.103031 0.035754 0.994035 -0.1096 -0.150498 0.982516 0.001233 -0.384563 0.923098 0.414847 -0.216124 0.883851 -0.267603 0.001533 0.963528 -0.111366 0.207313 0.971915 0.009868 -0.37232 0.928052 0.012196 0.113524 0.99346 0.034709 -0.33111 0.942954 0.292862 0.552301 0.78051 -0.005259 -0.30634 0.951908 -0.01435 -0.268331 0.96322 0.011688 0.060189 0.998119 -0.040071 0.226858 0.973103 -0.547592 0.500822 0.670313 0.04477 0.873765 0.484283 -0.000229 0.942593 0.333944 0.02573 -0.471355 0.881568 -0.232947 0.08673 0.968614 0.231904 0.037128 0.97203 -0.016948 0.394058 0.918929 0.025223 0.880435 0.473496 0.157707 0.773229 0.614203 -0.380814 0.755612 0.532947 0.205495 0.473917 0.856256 0.154563 -0.888537 0.431987 -0.222416 -0.866871 0.446168 0.097084 -0.779791 0.618466 -0.067465 -0.434056 0.898356 0.120998 -0.560261 0.819431 -0.071431 0.434863 0.897659 -0.457344 0.356294 0.814795 -0.019518 0.165075 0.986088 0.064545 0.669024 0.740433 -0.628508 0.208753 0.749266 -0.039102 0.878763 0.475654 0.100281 0.795455 0.597658 0.12066 -0.990496 0.06602 -0.052695 -0.134081 0.989568 0.005437 -0.999822 0.018051 0.020267 -0.999444 0.026481 -0.002884 -0.999996 -0.000711 -0.009497 -0.99983 -0.015805 0.026282 -0.997934 -0.058631 0.023682 -0.415699 0.909194 -0.027389 -0.265492 0.963724 0.273194 -0.176675 0.945596 -0.01878 0.053357 0.998399 0.051212 0.116769 0.991838 -0.313552 0.505187 0.804034 0.438306 0.515554 0.736269 -0.133697 -0.195007 0.971647 -0.163803 -0.172151 0.971356 0.183145 0.702592 0.687621 -0.060116 0.755982 0.651827 0.102831 0.986128 0.130296 -0.089097 0.995993 -0.007716 0.068807 -0.355115 0.932287 -0.163842 -0.14258 0.976129 0.114541 0.578393 0.807677 0.277221 -0.050786 0.959463 -0.136152 0.634497 0.760839 -0.204289 -0.438985 0.874962 -0.510262 -0.035853 0.859271 0.108861 -0.365447 0.924445 0.004738 0.793109 0.609061 -0.046034 0.422904 0.905004 0.306769 0.014843 0.951668 0.003574 0.851162 0.524892 -0.211597 0.791454 0.573435 0.157033 0.572761 0.80454 -0.246018 -0.017385 0.969109 -0.246929 -0.016111 0.9689 0.327359 -0.184249 0.926762 0.278244 0.401669 0.872492 0.138675 0.428085 0.893035 -0.091893 0.812784 0.575272 -0.035347 0.912601 0.40732 0.23899 0.750502 0.616142 0.051574 -0.678576 0.732718 0.290695 -0.473739 0.831305 0.494889 -0.431758 0.754102 -0.000475 -0.999999 -0.00163 -0.00037 -1 -0.000771 0.000033 -0.999976 -0.006881 0.911003 -0.397327 -0.110477 0.880877 -0.471961 -0.036174 0.791738 0.60895 -0.048275 0.77583 0.564754 -0.281321 0.51424 0.856587 0.042607 0.770971 0.632152 -0.077374 0.461498 -0.887094 0.009133 0.670793 -0.728512 -0.138949 0.587615 -0.809002 -0.014998 0.25016 -0.966847 0.051259 0.980607 -0.195015 -0.019478 0.987148 -0.113859 0.112136 0.993331 -0.101804 0.054116 0.983166 -0.054983 0.174247 0.901438 0.023277 -0.432283 0.822987 0.567218 -0.030915 0.784563 0.596743 -0.168402 0.686537 0.710441 -0.15473 0.577513 0.800112 0.162172 0.953757 0.274689 -0.122037 0.530587 0.847073 -0.030753 0.483333 0.874325 0.044106 0.536486 0.843671 -0.020023 0.996565 -0.082372 0.00858 0.998278 -0.04483 -0.037825 0.962281 0.247448 -0.113074 0.877091 0.45146 0.164001 0.343331 0.938946 0.022458 0.824558 0.565697 0.009536 0.996385 -0.081807 -0.02292 0.668364 -0.743409 0.025159 0.494444 -0.867915 0.047423 0.614568 -0.788863 -0.000411 0.617424 -0.786619 -0.004236 0.999533 0.030278 -0.004036 0.928817 0.346682 -0.13081 0.827379 0.536853 0.165024 0.819515 0.572802 -0.017122 0.296451 0.954998 0.009813 0.133977 0.921734 -0.363945 0.896974 0.329815 -0.294381 0.763404 0.645919 0.001435 0.178246 0.972863 0.147534 0.071443 0.997382 0.011188 0.225868 0.910148 0.347297 -0.108669 0.986881 0.119402 -0.329163 0.906584 0.264117 -0.332169 0.905745 0.26323 0.059415 -0.993884 0.093087 0.131569 -0.990783 -0.032215 0.050608 -0.998717 0.001668 0.914102 -0.268952 0.30345 0.921698 -0.107009 -0.372857 0.745955 -0.665971 -0.005927 0.999556 -0.017584 -0.024038 0.954506 -0.261894 0.14258 0.607968 0.786116 0.111344 -0.000956 -0.991434 0.130606 0.340011 -0.940286 0.015959 0.380213 -0.917552 0.116343 0.048799 -0.98608 0.158946 0.133586 -0.990725 0.024856 -0.017378 -0.992531 0.12075 0.898868 -0.34474 -0.270537 0.741383 -0.666791 0.075764 0.49269 0.711293 -0.501317 0.993315 -0.060151 -0.098522 0.363296 0.922446 -0.130801 0.978332 0.068507 0.195382 0.969799 -0.086153 0.228185 0.935065 0.228926 0.270642 0.969869 -0.086909 0.227598 0.923669 0.248622 -0.291586 0.985627 -0.087773 0.144343 0.82204 0.369606 0.433176 0.288614 0.935239 0.205011 0.41203 -0.910904 -0.022036 -0.623885 0.781477 0.007782 0.210161 0.966507 0.147298 0.478318 -0.53937 0.693031 0.964039 0.081487 0.252961 0.901806 -0.431945 -0.013046 0.749582 -0.660167 0.048023 0.952572 0.227171 0.202487 0.933556 -0.355424 0.046327 0.96889 0.246393 -0.023282 0.799451 -0.443988 0.404665 0.954068 0.296582 0.042351 0.897434 -0.00456 0.441125 0.490063 0.871678 0.003973 0.308031 0.419302 0.853992 -0.002326 -0.998223 0.059552 0.079939 -0.996031 0.039147 0.237154 -0.963925 0.12086 0.045843 -0.09654 0.994273 -0.029751 0.005689 0.999541 0.199335 0.593376 0.779852 0.764408 0.106427 0.635889 0.108492 0.935003 0.337638 0.301729 -0.073027 0.950593 0.14886 0.207479 0.966847 0.111386 -0.374516 0.920506 -0.980693 0.099556 0.168313 -0.242762 -0.728869 0.640168 -0.747719 -0.625772 -0.222093 -0.866146 0.393971 -0.307536 -0.153561 0.749896 0.643487 -0.887134 0.115825 0.446741 0.10669 0.51616 0.849821 -0.786554 -0.426433 0.44664 0.249269 -0.229586 0.940827 -0.770546 -0.44352 0.457766 0.622972 -0.420705 0.659479 0.595838 0.498918 0.629331 -0.564347 0.74238 0.361088 -0.222955 0.297636 0.92828 -0.884935 0.430621 0.177354 -0.467067 -0.741593 0.481548 -0.199907 -0.913499 -0.354341 -0.063602 -0.997266 0.037612 -0.727624 0.270902 -0.630219 0.135747 -0.989794 0.043371 0.593334 0.500692 0.630288 0.755734 -0.581604 -0.301003 0.228486 0.063929 -0.971446 0.92808 0.371149 -0.03027 0.163227 0.352505 -0.921465 0.69618 0.652239 -0.299862 -0.149306 0.580256 -0.800631 0.7799 -0.477707 -0.404415 0.940454 -0.225888 0.254011 -0.148489 -0.516678 -0.843205 0.384521 -0.184443 -0.904502 -0.731032 -0.186128 -0.656467 0.851618 0.516396 0.089898 -0.73372 0.114223 -0.669782 0.378423 0.01255 -0.925548 -0.146117 0.415605 -0.897732 0.758641 0.649928 -0.045366 -0.130777 -0.231388 -0.964032 -0.186488 -0.428065 -0.884298 0.759768 -0.63713 -0.129686 0.753677 -0.50138 -0.424957 0.901074 -0.413825 0.129674 0.690287 0.435503 -0.57779 0.944181 0.260411 0.201765 0.902452 0.421129 0.090723 0.238398 0.957359 0.163186 0.007679 0.676158 0.736717 -0.370026 0.739434 0.562421 -0.416943 0.906863 0.061307 -0.535191 0.84285 -0.056336 -0.121154 0.930101 0.346748 -0.223895 0.969867 -0.096073 0.374544 0.925536 -0.05568 -0.315275 0.822522 -0.473348 0.272962 0.742924 -0.611192 -0.202889 0.968923 -0.141508 -0.175871 0.97149 -0.158986 0.254056 0.949112 0.186123 -0.264855 0.963572 -0.03717 0.069268 0.987716 -0.140066 0.082351 0.982872 -0.164867 0.195127 0.662195 0.72348 0.041059 0.980303 0.193183 -0.173548 0.940998 0.290522 -0.036919 0.979188 0.199571 -0.190754 0.679683 0.708269 0.267555 0.788328 0.554033 0.071363 0.840644 0.536866 0.537823 0.06552 0.840508 0.009845 -0.038442 0.999212 0.08233 0.953038 0.291444 -0.138398 0.446734 0.883898 0.096997 -0.339571 0.935566 0.277564 -0.530756 0.800785 -0.175089 -0.250418 0.952174 0.01801 -0.691245 0.722396 -0.07431 0.589454 0.804377 -0.026346 -0.67792 0.734664 0.059935 0.08547 0.994536 -0.00421 -0.733479 0.679699 0.23433 0.562635 0.7928 0.16098 -0.783365 0.600354 -0.11477 0.186761 0.975678 0.18748 0.300964 0.935025 0.185179 0.953444 0.238019 0.252947 0.967115 0.026596 0.341095 0.545429 0.765612 0.161551 0.959583 0.230436 0.63865 0.746376 0.187215 0.643586 0.754841 0.126542 0.802969 0.59237 -0.065863 0.473366 0.559055 0.680722 -0.231929 0.94827 -0.216777 0.794595 0.238878 0.558172 0.999688 -0.009273 0.023176 0.974763 -0.221348 -0.029027 0.909963 -0.067011 -0.409239 0.318464 -0.947702 -0.020994 0.893091 -0.099951 -0.438632 0.782221 0.608479 -0.133728 0.347152 0.545158 -0.763078 0.933759 0.318457 -0.163337 0.66264 -0.737918 0.128002 0.530603 0.847188 0.027082</float_array>
          <technique_common>
            <accessor source="#Bed_Level_3-mesh-normals-array" count="1500" stride="3">
              <param name="X" type="float"/>
              <param name="Y" type="float"/>
              <param name="Z" type="float"/>
            </accessor>
          </technique_common>
        </source>
        <source id="Bed_Level_3-mesh-map-0">
          <float_array id="Bed_Level_3-mesh-map-0-array" count="9000">0.674072 0.674316 0.615723 0.659912 0.649414 0.590576 0.649414 0.590576 0.615723 0.659912 0.523926 0.544434 0.649414 0.590576 0.523926 0.544434 0.664307 0.522949 0.664307 0.522949 0.523926 0.544434 0.529541 0.476074 0.664307 0.522949 0.529541 0.476074 0.532471 0.473633 0.529541 0.476074 0.523926 0.544434 0.522217 0.544189 0.522217 0.544189 0.523926 0.544434 0.485596 0.622803 0.485596 0.622803 0.523926 0.544434 0.615723 0.659912 0.485596 0.622803 0.615723 0.659912 0.528076 0.678467 0.528076 0.678467 0.615723 0.659912 0.572266 0.687256 0.572266 0.687256 0.615723 0.659912 0.574463 0.720215 0.574463 0.720215 0.615723 0.659912 0.613037 0.721436 0.572266 0.687256 0.574463 0.720215 0.567871 0.690918 0.529541 0.476074 0.522217 0.544189 0.518555 0.540283 0.518555 0.540283 0.522217 0.544189 0.513184 0.540039 0.518555 0.540283 0.513184 0.540039 0.518066 0.473877 0.529541 0.476074 0.518555 0.540283 0.522217 0.473633 0.522217 0.473633 0.518555 0.540283 0.518066 0.473877 0.529541 0.476074 0.522217 0.473633 0.503418 0.417725 0.522217 0.473633 0.518066 0.473877 0.490234 0.404785 0.668457 0.479492 0.665039 0.474854 0.739258 0.425537 0.665039 0.474854 0.668457 0.479492 0.664307 0.479492 0.665039 0.474854 0.664307 0.479492 0.541992 0.405762 0.664307 0.479492 0.668457 0.479492 0.697998 0.619873 0.042969 0.204346 0.042969 0.296631 0.038818 0.301514 0.903809 0.471436 0.898682 0.468018 0.869629 0.37085 0.869629 0.37085 0.898682 0.468018 0.895508 0.466309 0.869629 0.37085 0.895508 0.466309 0.85083 0.481689 0.85083 0.481689 0.895508 0.466309 0.898682 0.468018 0.85083 0.481689 0.898682 0.468018 0.850342 0.488037 0.850342 0.488037 0.898682 0.468018 0.903809 0.471436 0.850342 0.488037 0.903809 0.471436 0.880371 0.494141 0.880371 0.494141 0.903809 0.471436 0.912109 0.489746 0.412354 0.139893 0.433105 0.138184 0.543213 0.138916 0.761719 0.575195 0.781494 0.630859 0.734131 0.654297 0.734131 0.654297 0.781494 0.630859 0.779541 0.637451 0.734131 0.654297 0.779541 0.637451 0.742188 0.658936 0.742188 0.658936 0.779541 0.637451 0.783691 0.733398 0.751709 0.798584 0.748779 0.792969 0.771973 0.736084 0.748779 0.792969 0.751709 0.798584 0.737549 0.833984 0.709473 0.863281 0.647217 0.890137 0.737549 0.833984 0.737549 0.833984 0.751709 0.798584 0.743896 0.842041 0.737549 0.833984 0.743896 0.842041 0.709473 0.863281 0.743896 0.842041 0.751709 0.798584 0.746338 0.859619 0.746338 0.859619 0.751709 0.798584 0.760254 0.797119 0.709473 0.863281 0.743896 0.842041 0.725586 0.865723 0.725586 0.865723 0.743896 0.842041 0.746338 0.859619 0.709473 0.863281 0.725586 0.865723 0.713135 0.891846 0.713135 0.891846 0.725586 0.865723 0.730225 0.886963 0.725586 0.865723 0.746338 0.859619 0.74585 0.879883 0.725586 0.865723 0.74585 0.879883 0.730225 0.886963 0.730225 0.886963 0.74585 0.879883 0.730225 0.89917 0.74585 0.879883 0.746338 0.859619 0.759033 0.867432 0.74585 0.879883 0.759033 0.867432 0.750488 0.902588 0.750488 0.902588 0.759033 0.867432 0.765625 0.869629 0.750488 0.902588 0.765625 0.869629 0.783936 0.873779 0.750488 0.902588 0.783936 0.873779 0.768311 0.915771 0.115234 0.526123 0.147705 0.518066 0.213623 0.514893 0.147705 0.518066 0.115234 0.526123 0.109375 0.519531 0.147705 0.518066 0.109375 0.519531 0.089355 0.515869 0.089355 0.515869 0.109375 0.519531 0.081055 0.541016 0.089355 0.515869 0.081055 0.541016 0.056641 0.565674 0.147705 0.518066 0.089355 0.515869 0.144287 0.498779 0.144287 0.498779 0.089355 0.515869 0.093262 0.48999 0.144287 0.498779 0.093262 0.48999 0.143066 0.489746 0.143066 0.489746 0.093262 0.48999 0.122803 0.483643 0.143066 0.489746 0.122803 0.483643 0.129395 0.444824 0.129395 0.444824 0.122803 0.483643 0.093262 0.48999 0.129395 0.444824 0.093262 0.48999 0.067627 0.43042 0.27417 0.98291 0.174072 0.974121 0.174072 0.967529 0.174072 0.967529 0.174072 0.974121 0.172363 0.979004 0.174072 0.967529 0.172363 0.979004 0.13916 0.938232 0.585205 0.90918 0.597412 0.915771 0.588379 0.921631 0.588379 0.921631 0.597412 0.915771 0.604492 0.947266 0.589844 0.957764 0.567139 0.914551 0.588379 0.921631 0.589844 0.957764 0.588379 0.921631 0.604492 0.947266 0.604492 0.947266 0.597412 0.915771 0.609619 0.914795 0.599121 0.965088 0.578857 0.98291 0.589844 0.957764 0.589844 0.957764 0.604492 0.947266 0.607666 0.957275 0.589844 0.957764 0.607666 0.957275 0.599121 0.965088 0.607666 0.957275 0.604492 0.947266 0.612061 0.952881 0.612061 0.952881 0.604492 0.947266 0.609619 0.914795 0.599121 0.965088 0.607666 0.957275 0.61084 0.9646 0.61084 0.9646 0.607666 0.957275 0.612061 0.952881 0.599121 0.965088 0.61084 0.9646 0.590576 0.983887 0.61084 0.9646 0.612061 0.952881 0.626221 0.963379 0.616455 0.969482 0.604248 0.981445 0.61084 0.9646 0.616455 0.969482 0.61084 0.9646 0.626221 0.963379 0.631348 0.96875 0.621094 0.983398 0.616455 0.969482 0.631348 0.96875 0.616455 0.969482 0.626221 0.963379 0.626221 0.963379 0.612061 0.952881 0.625488 0.933838 0.625488 0.933838 0.612061 0.952881 0.609619 0.914795 0.631348 0.96875 0.626221 0.963379 0.641113 0.966064 0.631348 0.96875 0.641113 0.966064 0.642822 0.981689 0.642822 0.981689 0.641113 0.966064 0.648682 0.97876 0.648682 0.97876 0.641113 0.966064 0.658203 0.977783 0.641113 0.966064 0.626221 0.963379 0.638184 0.957764 0.638184 0.957764 0.626221 0.963379 0.625488 0.933838 0.658203 0.977783 0.641113 0.966064 0.658691 0.959717 0.641113 0.966064 0.638184 0.957764 0.655518 0.955078 0.655518 0.955078 0.638184 0.957764 0.625488 0.933838 0.641113 0.966064 0.655518 0.955078 0.658691 0.959717 0.658203 0.977783 0.658691 0.959717 0.665283 0.979004 0.665283 0.979004 0.658691 0.959717 0.687012 0.961426 0.665283 0.979004 0.687012 0.961426 0.68457 0.97998 0.68457 0.97998 0.687012 0.961426 0.694336 0.978027 0.687012 0.961426 0.658691 0.959717 0.678467 0.956299 0.678467 0.956299 0.658691 0.959717 0.655518 0.955078 0.694336 0.978027 0.687012 0.961426 0.697754 0.961426 0.694336 0.978027 0.697754 0.961426 0.708984 0.979492 0.708984 0.979492 0.697754 0.961426 0.725586 0.959717 0.708984 0.979492 0.725586 0.959717 0.726807 0.966064 0.726807 0.966064 0.725586 0.959717 0.739502 0.968506 0.725586 0.959717 0.697754 0.961426 0.713135 0.957031 0.697754 0.961426 0.687012 0.961426 0.695068 0.946533 0.697754 0.961426 0.695068 0.946533 0.713135 0.957031 0.695068 0.946533 0.687012 0.961426 0.678467 0.956299 0.719971 0.936279 0.725098 0.947266 0.713135 0.957031 0.719971 0.936279 0.713135 0.957031 0.695068 0.946533 0.719971 0.936279 0.695068 0.946533 0.712891 0.920654 0.719971 0.936279 0.712891 0.920654 0.720947 0.900635 0.712891 0.920654 0.695068 0.946533 0.687012 0.925293 0.712891 0.920654 0.687012 0.925293 0.720947 0.900635 0.695068 0.946533 0.678467 0.956299 0.674805 0.933594 0.695068 0.946533 0.674805 0.933594 0.687012 0.925293 0.674805 0.933594 0.678467 0.956299 0.666016 0.94458 0.666016 0.94458 0.678467 0.956299 0.655518 0.955078 0.674805 0.933594 0.666016 0.94458 0.65918 0.926758 0.674805 0.933594 0.65918 0.926758 0.687012 0.925293 0.65918 0.926758 0.666016 0.94458 0.655518 0.955078 0.679199 0.90625 0.720947 0.900635 0.687012 0.925293 0.679199 0.90625 0.687012 0.925293 0.65918 0.926758 0.720947 0.900635 0.679199 0.90625 0.676758 0.900391 0.676758 0.900391 0.679199 0.90625 0.649658 0.902832 0.649658 0.902832 0.679199 0.90625 0.645508 0.90918 0.645508 0.90918 0.679199 0.90625 0.65918 0.926758 0.65918 0.926758 0.655518 0.955078 0.650391 0.930908 0.65918 0.926758 0.650391 0.930908 0.645508 0.90918 0.650391 0.930908 0.655518 0.955078 0.625488 0.933838 0.645508 0.90918 0.650391 0.930908 0.621338 0.911377 0.621338 0.911377 0.650391 0.930908 0.625488 0.933838 0.621338 0.911377 0.625488 0.933838 0.609619 0.914795 0.621338 0.911377 0.609619 0.914795 0.615234 0.903076 0.615234 0.903076 0.609619 0.914795 0.601318 0.908447 0.615234 0.903076 0.601318 0.908447 0.601318 0.898438 0.601318 0.898438 0.601318 0.908447 0.592529 0.89917 0.601318 0.908447 0.609619 0.914795 0.597412 0.915771 0.601318 0.908447 0.597412 0.915771 0.582275 0.892822 0.674561 0.374023 0.69165 0.37793 0.668701 0.414795 0.668701 0.414795 0.69165 0.37793 0.719727 0.365967 0.719727 0.365967 0.69165 0.37793 0.674561 0.374023 0.719727 0.365967 0.674561 0.374023 0.683838 0.364258 0.674561 0.374023 0.668701 0.414795 0.647461 0.397705 0.647461 0.397705 0.668701 0.414795 0.664551 0.461182 0.674561 0.374023 0.647461 0.397705 0.637451 0.370117 0.674561 0.374023 0.637451 0.370117 0.683838 0.364258 0.683838 0.364258 0.637451 0.370117 0.495361 0.365723 0.981201 0.514648 0.974121 0.556885 0.952148 0.447021 0.952148 0.447021 0.974121 0.556885 0.947754 0.561768 0.981201 0.514648 0.952148 0.447021 0.979492 0.487793 0.981201 0.514648 0.979492 0.487793 0.986084 0.514404 0.986084 0.514404 0.979492 0.487793 0.98584 0.488281 0.043457 0.112305 0.059326 0.11792 0.03833 0.120605 0.03833 0.120605 0.059326 0.11792 0.05127 0.136963 0.059326 0.11792 0.043457 0.112305 0.034424 0.079834 0.034424 0.079834 0.043457 0.112305 0.019775 0.058105 0.059326 0.11792 0.034424 0.079834 0.134033 0.092285 0.134033 0.092285 0.034424 0.079834 0.064941 0.068115 0.134033 0.092285 0.064941 0.068115 0.125 0.064209 0.189941 0.668701 0.051758 0.769043 0.120361 0.572266 0.120361 0.572266 0.051758 0.769043 0.055908 0.576904 0.629639 0.196777 0.498291 0.196777 0.637939 0.189697 0.963623 0.706543 0.988281 0.614502 0.990967 0.735596 0.827148 0.040771 0.842041 0.086426 0.753662 0.099121 0.935303 0.300293 0.989746 0.300293 0.94165 0.413818 0.660645 0.820068 0.686035 0.796387 0.674805 0.822266 0.686035 0.796387 0.660645 0.820068 0.581787 0.821533 0.674805 0.822266 0.686035 0.796387 0.695068 0.814941 0.695068 0.814941 0.686035 0.796387 0.693848 0.799316 0.695068 0.814941 0.693848 0.799316 0.710205 0.836914 0.710205 0.836914 0.693848 0.799316 0.704834 0.80835 0.693848 0.799316 0.686035 0.796387 0.747559 0.719971 0.693848 0.799316 0.747559 0.719971 0.721191 0.781494 0.747559 0.719971 0.686035 0.796387 0.699463 0.755859 0.747559 0.719971 0.699463 0.755859 0.737549 0.720215 0.747559 0.719971 0.737549 0.720215 0.74585 0.713623 0.737549 0.720215 0.699463 0.755859 0.725586 0.715088 0.737549 0.720215 0.725586 0.715088 0.739746 0.704346 0.737549 0.720215 0.739746 0.704346 0.744385 0.707275 0.737549 0.720215 0.744385 0.707275 0.751465 0.703613 0.979248 0.08667 0.991943 0.079346 0.990234 0.140625 0.076904 0.299561 0.073242 0.384521 0.059326 0.380371 0.076904 0.299561 0.059326 0.380371 0.067383 0.296875 0.076904 0.299561 0.067383 0.296875 0.077637 0.291992 0.077637 0.291992 0.067383 0.296875 0.062744 0.239014 0.076904 0.299561 0.077637 0.291992 0.09668 0.293457 0.076904 0.299561 0.09668 0.293457 0.073242 0.384521 0.073242 0.384521 0.09668 0.293457 0.150635 0.304688 0.073242 0.384521 0.150635 0.304688 0.148193 0.4021 0.53125 0.976807 0.405518 0.96582 0.57666 0.959473 0.57666 0.959473 0.405518 0.96582 0.574707 0.957031 0.584961 0.115723 0.637695 0.116455 0.629639 0.134766 0.629639 0.134766 0.637695 0.116455 0.641113 0.137451 0.584961 0.115723 0.629639 0.134766 0.621582 0.141357 0.584961 0.115723 0.621582 0.141357 0.584961 0.139404 0.629639 0.134766 0.641113 0.137451 0.637695 0.156006 0.637695 0.156006 0.641113 0.137451 0.64624 0.149414 0.637695 0.156006 0.64624 0.149414 0.644775 0.156982 0.644775 0.156982 0.64624 0.149414 0.660645 0.165283 0.644775 0.156982 0.660645 0.165283 0.642578 0.162109 0.644775 0.156982 0.642578 0.162109 0.637695 0.156006 0.629639 0.134766 0.637695 0.156006 0.624023 0.150146 0.629639 0.134766 0.624023 0.150146 0.621582 0.141357 0.624023 0.150146 0.637695 0.156006 0.619141 0.165039 0.624023 0.150146 0.619141 0.165039 0.604492 0.154541 0.621582 0.141357 0.624023 0.150146 0.612061 0.146973 0.612061 0.146973 0.624023 0.150146 0.604492 0.154541 0.621582 0.141357 0.612061 0.146973 0.584961 0.139404 0.584961 0.139404 0.612061 0.146973 0.604492 0.154541 0.584961 0.139404 0.604492 0.154541 0.551514 0.149658 0.777344 0.808594 0.792236 0.790039 0.795654 0.799316 0.795654 0.799316 0.792236 0.790039 0.813721 0.786133 0.765625 0.822266 0.789795 0.789551 0.792236 0.790039 0.792236 0.790039 0.789795 0.789551 0.785156 0.780762 0.792236 0.790039 0.785156 0.780762 0.780273 0.750488 0.792236 0.790039 0.780273 0.750488 0.799072 0.737061 0.792236 0.790039 0.799072 0.737061 0.813721 0.786133 0.813721 0.786133 0.799072 0.737061 0.814941 0.740967 0.793213 0.731201 0.801758 0.729004 0.799072 0.737061 0.799072 0.737061 0.801758 0.729004 0.814941 0.740967 0.813721 0.786133 0.814941 0.740967 0.835205 0.743896 0.813721 0.786133 0.835205 0.743896 0.854248 0.743652 0.854248 0.743652 0.835205 0.743896 0.814941 0.740967 0.813721 0.786133 0.854248 0.743652 0.871094 0.786133 0.854248 0.743652 0.814941 0.740967 0.829834 0.723145 0.829834 0.723145 0.814941 0.740967 0.801758 0.729004 0.854248 0.743652 0.829834 0.723145 0.865967 0.720947 0.829834 0.723145 0.801758 0.729004 0.804443 0.718018 0.804443 0.718018 0.801758 0.729004 0.792725 0.716064 0.829834 0.723145 0.804443 0.718018 0.823486 0.706787 0.829834 0.723145 0.823486 0.706787 0.865967 0.720947 0.865967 0.720947 0.823486 0.706787 0.850098 0.704834 0.850098 0.704834 0.823486 0.706787 0.835693 0.696777 0.865967 0.720947 0.850098 0.704834 0.874512 0.723877 0.874512 0.723877 0.850098 0.704834 0.865723 0.696289 0.971924 0.879639 0.983887 0.869629 0.989014 0.890137 0.983887 0.869629 0.971924 0.879639 0.973389 0.871582 0.983887 0.869629 0.973389 0.871582 0.966553 0.863037 0.966553 0.863037 0.973389 0.871582 0.971924 0.879639 0.966553 0.863037 0.971924 0.879639 0.955322 0.87793 0.966553 0.863037 0.955322 0.87793 0.939941 0.874512 0.971924 0.879639 0.989014 0.890137 0.964111 0.894287 0.971924 0.879639 0.964111 0.894287 0.955322 0.87793 0.964111 0.894287 0.989014 0.890137 0.973389 0.899658 0.964111 0.894287 0.973389 0.899658 0.970459 0.901367 0.955322 0.87793 0.964111 0.894287 0.950928 0.883301 0.955322 0.87793 0.950928 0.883301 0.939941 0.874512 0.950928 0.883301 0.964111 0.894287 0.954346 0.898682 0.964111 0.894287 0.970459 0.901367 0.952881 0.919434 0.964111 0.894287 0.952881 0.919434 0.954346 0.898682 0.952881 0.919434 0.970459 0.901367 0.92749 0.969482 0.952881 0.919434 0.92749 0.969482 0.929932 0.957031 0.950928 0.883301 0.954346 0.898682 0.945312 0.894287 0.945312 0.894287 0.954346 0.898682 0.952881 0.919434 0.952881 0.919434 0.929932 0.957031 0.924072 0.951416 0.950928 0.883301 0.945312 0.894287 0.935059 0.894043 0.950928 0.883301 0.935059 0.894043 0.939941 0.874512 0.935059 0.894043 0.945312 0.894287 0.952881 0.919434 0.952881 0.919434 0.924072 0.951416 0.933594 0.919189 0.952881 0.919434 0.933594 0.919189 0.935059 0.894043 0.933594 0.919189 0.924072 0.951416 0.921387 0.908203 0.933594 0.919189 0.921387 0.908203 0.935059 0.894043 0.939941 0.874512 0.935059 0.894043 0.934814 0.866455 0.935059 0.894043 0.921387 0.908203 0.922852 0.88208 0.935059 0.894043 0.922852 0.88208 0.934814 0.866455 0.546875 0.172852 0.591553 0.172852 0.546631 0.179443 0.546631 0.179443 0.591553 0.172852 0.601074 0.179443 0.546875 0.172852 0.546631 0.179443 0.464844 0.169922 0.546631 0.179443 0.601074 0.179443 0.551514 0.185303 0.546631 0.179443 0.551514 0.185303 0.464844 0.169922 0.038818 0.447266 0.042969 0.455811 0.040527 0.520264 0.759766 0.981201 0.765381 0.978271 0.789551 0.975098 0.765381 0.978271 0.759766 0.981201 0.752441 0.92041 0.752441 0.92041 0.759766 0.981201 0.751953 0.981934 0.113525 0.03125 0.11792 0.04248 0.054688 0.043945 0.11792 0.04248 0.113525 0.03125 0.118896 0.028076 0.113525 0.03125 0.054688 0.043945 0.102051 0.025146 0.113525 0.03125 0.102051 0.025146 0.118896 0.028076 0.035889 0.859863 0.052002 0.804199 0.070801 0.819824 0.052002 0.804199 0.035889 0.859863 0.013916 0.850342 0.052002 0.804199 0.013916 0.850342 0.02002 0.782227 0.946045 0.121582 0.939941 0.128662 0.88501 0.124023 0.939941 0.128662 0.946045 0.121582 0.958496 0.148438 0.958496 0.148438 0.946045 0.121582 0.970703 0.146484 0.958496 0.148438 0.970703 0.146484 0.967285 0.150635 0.970703 0.146484 0.946045 0.121582 0.962402 0.130127 0.970703 0.146484 0.962402 0.130127 0.990723 0.159668 0.962402 0.130127 0.946045 0.121582 0.954346 0.103516 0.416748 0.17041 0.385986 0.195068 0.408691 0.161621 0.408691 0.161621 0.385986 0.195068 0.401123 0.138184 0.385986 0.195068 0.416748 0.17041 0.390137 0.206055 0.390137 0.206055 0.416748 0.17041 0.400879 0.213379 0.390137 0.206055 0.400879 0.213379 0.387939 0.271973 0.390137 0.206055 0.387939 0.271973 0.381592 0.251465 0.401123 0.138184 0.385986 0.195068 0.336914 0.192871 0.401123 0.138184 0.336914 0.192871 0.30542 0.158936 0.30542 0.158936 0.336914 0.192871 0.316895 0.199951 0.30542 0.158936 0.316895 0.199951 0.280518 0.195801 0.316895 0.199951 0.336914 0.192871 0.327637 0.231934 0.351074 0.25415 0.327637 0.231934 0.381592 0.251465 0.336914 0.192871 0.385986 0.195068 0.361328 0.200195 0.336914 0.192871 0.361328 0.200195 0.327637 0.231934 0.361328 0.200195 0.385986 0.195068 0.390137 0.206055 0.381592 0.251465 0.327637 0.231934 0.343262 0.230957 0.343262 0.230957 0.327637 0.231934 0.361328 0.200195 0.381592 0.251465 0.343262 0.230957 0.365234 0.224365 0.361328 0.200195 0.390137 0.206055 0.373291 0.212891 0.361328 0.200195 0.373291 0.212891 0.343262 0.230957 0.373291 0.212891 0.390137 0.206055 0.381592 0.251465 0.343262 0.230957 0.373291 0.212891 0.365234 0.224365 0.365234 0.224365 0.373291 0.212891 0.381592 0.251465 0.324463 0.363037 0.279785 0.433594 0.275879 0.422607 0.275879 0.422607 0.279785 0.433594 0.22583 0.47168 0.22583 0.47168 0.279785 0.433594 0.239502 0.476807 0.279785 0.433594 0.324463 0.363037 0.304443 0.441895 0.279785 0.433594 0.304443 0.441895 0.239502 0.476807 0.239502 0.476807 0.304443 0.441895 0.258301 0.491211 0.258301 0.491211 0.304443 0.441895 0.294922 0.472656 0.294922 0.472656 0.304443 0.441895 0.312256 0.465576 0.312256 0.465576 0.304443 0.441895 0.321533 0.460693 0.312256 0.465576 0.321533 0.460693 0.319336 0.486328 0.294922 0.472656 0.312256 0.465576 0.307373 0.483887 0.307373 0.483887 0.312256 0.465576 0.319336 0.486328 0.258301 0.491211 0.294922 0.472656 0.288086 0.487793 0.288086 0.487793 0.294922 0.472656 0.307373 0.483887 0.307373 0.483887 0.319336 0.486328 0.293701 0.512451 0.307373 0.483887 0.293701 0.512451 0.288086 0.487793 0.293701 0.512451 0.319336 0.486328 0.317383 0.57666 0.258301 0.491211 0.288086 0.487793 0.270996 0.497559 0.270996 0.497559 0.288086 0.487793 0.293701 0.512451 0.258301 0.491211 0.270996 0.497559 0.238037 0.503662 0.238037 0.503662 0.270996 0.497559 0.269531 0.509033 0.269531 0.509033 0.270996 0.497559 0.293701 0.512451 0.238037 0.503662 0.269531 0.509033 0.256104 0.523682 0.256104 0.523682 0.269531 0.509033 0.293701 0.512451 0.256104 0.523682 0.293701 0.512451 0.266846 0.532227 0.680176 0.153809 0.669189 0.164307 0.674561 0.130859 0.680176 0.153809 0.674561 0.130859 0.68457 0.14624 0.68457 0.14624 0.674561 0.130859 0.685547 0.099121 0.685547 0.099121 0.674561 0.130859 0.661133 0.09082 0.68457 0.14624 0.685547 0.099121 0.691406 0.14624 0.68457 0.14624 0.691406 0.14624 0.694824 0.157471 0.691406 0.14624 0.685547 0.099121 0.695801 0.065674 0.857422 0.875244 0.845459 0.883301 0.8479 0.862549 0.852783 0.844727 0.863525 0.843262 0.8479 0.862549 0.852783 0.844727 0.8479 0.862549 0.806152 0.855957 0.806152 0.855957 0.8479 0.862549 0.80249 0.875977 0.80249 0.875977 0.8479 0.862549 0.845459 0.883301 0.806152 0.855957 0.80249 0.875977 0.766602 0.831543 0.80249 0.875977 0.845459 0.883301 0.818115 0.905762 0.80249 0.875977 0.818115 0.905762 0.783447 0.907471 0.818115 0.905762 0.845459 0.883301 0.860107 0.90332 0.783447 0.907471 0.818115 0.905762 0.810059 0.926758 0.810059 0.926758 0.818115 0.905762 0.860107 0.90332 0.810059 0.926758 0.860107 0.90332 0.865479 0.914795 0.810059 0.926758 0.865479 0.914795 0.851318 0.930908 0.810059 0.926758 0.851318 0.930908 0.773193 0.967285 0.647461 0.786865 0.50708 0.80249 0.615479 0.737793 0.615479 0.737793 0.50708 0.80249 0.53125 0.723145 0.647461 0.786865 0.615479 0.737793 0.645752 0.774902 0.645752 0.774902 0.615479 0.737793 0.696289 0.671875 0.208984 0.358398 0.304688 0.334717 0.1875 0.506592 0.208984 0.358398 0.1875 0.506592 0.18042 0.368164 0.04248 0.321533 0.030762 0.346924 0.029785 0.309814 0.030762 0.346924 0.04248 0.321533 0.043213 0.366455 0.030762 0.346924 0.043213 0.366455 0.039062 0.386475 0.835938 0.48999 0.823975 0.459473 0.847168 0.405029 0.835938 0.48999 0.847168 0.405029 0.845703 0.451416 0.847168 0.405029 0.823975 0.459473 0.827393 0.418701 0.827393 0.418701 0.823975 0.459473 0.774902 0.404053 0.774902 0.404053 0.823975 0.459473 0.760986 0.421875 0.847168 0.405029 0.827393 0.418701 0.791748 0.38501 0.791748 0.38501 0.827393 0.418701 0.774902 0.404053 0.774902 0.404053 0.760986 0.421875 0.755127 0.416748 0.774902 0.404053 0.755127 0.416748 0.764404 0.404053 0.764404 0.404053 0.755127 0.416748 0.736816 0.415527 0.774902 0.404053 0.764404 0.404053 0.769043 0.394043 0.769043 0.394043 0.764404 0.404053 0.736816 0.415527 0.774902 0.404053 0.769043 0.394043 0.791748 0.38501 0.769043 0.394043 0.736816 0.415527 0.740479 0.401367 0.787354 0.377441 0.847168 0.405029 0.791748 0.38501 0.787354 0.377441 0.791748 0.38501 0.769043 0.394043 0.847168 0.405029 0.787354 0.377441 0.79834 0.367188 0.787354 0.377441 0.769043 0.394043 0.771973 0.385986 0.771973 0.385986 0.769043 0.394043 0.740479 0.401367 0.787354 0.377441 0.771973 0.385986 0.79834 0.367188 0.847168 0.405029 0.79834 0.367188 0.847168 0.376709 0.771973 0.385986 0.740479 0.401367 0.757812 0.382324 0.757812 0.382324 0.740479 0.401367 0.733398 0.393311 0.718262 0.394287 0.724121 0.385742 0.733398 0.393311 0.733398 0.393311 0.724121 0.385742 0.749512 0.374023 0.733398 0.393311 0.749512 0.374023 0.757812 0.382324 0.847168 0.376709 0.79834 0.367188 0.816895 0.363037 0.847168 0.376709 0.816895 0.363037 0.855713 0.37207 0.855713 0.37207 0.816895 0.363037 0.820801 0.349609 0.816895 0.363037 0.79834 0.367188 0.805176 0.359131 0.816895 0.363037 0.805176 0.359131 0.820801 0.349609 0.805176 0.359131 0.79834 0.367188 0.791748 0.360596 0.791748 0.360596 0.79834 0.367188 0.771973 0.385986 0.820801 0.349609 0.805176 0.359131 0.799072 0.347168 0.799072 0.347168 0.805176 0.359131 0.791748 0.360596 0.820801 0.349609 0.799072 0.347168 0.797852 0.335205 0.820801 0.349609 0.797852 0.335205 0.84375 0.311768 0.797852 0.335205 0.799072 0.347168 0.791016 0.3479 0.791016 0.3479 0.799072 0.347168 0.791748 0.360596 0.797852 0.335205 0.791016 0.3479 0.783203 0.343506 0.783203 0.343506 0.791016 0.3479 0.780273 0.352539 0.780273 0.352539 0.791016 0.3479 0.791748 0.360596 0.783203 0.343506 0.780273 0.352539 0.774902 0.339111 0.780273 0.352539 0.791748 0.360596 0.776855 0.356934 0.774902 0.339111 0.780273 0.352539 0.768555 0.342529 0.774902 0.339111 0.768555 0.342529 0.762695 0.336914 0.762695 0.336914 0.768555 0.342529 0.754883 0.341309 0.768555 0.342529 0.780273 0.352539 0.769531 0.354004 0.768555 0.342529 0.769531 0.354004 0.754883 0.341309 0.769531 0.354004 0.780273 0.352539 0.776855 0.356934 0.776855 0.356934 0.791748 0.360596 0.768311 0.36792 0.776855 0.356934 0.768311 0.36792 0.769531 0.354004 0.768311 0.36792 0.791748 0.360596 0.771973 0.385986 0.768311 0.36792 0.771973 0.385986 0.757812 0.382324 0.768311 0.36792 0.757812 0.382324 0.749512 0.374023 0.754883 0.341309 0.769531 0.354004 0.761475 0.349609 0.754883 0.341309 0.761475 0.349609 0.758057 0.352295 0.758057 0.352295 0.761475 0.349609 0.769531 0.354004 0.758057 0.352295 0.769531 0.354004 0.765381 0.36084 0.765381 0.36084 0.769531 0.354004 0.768311 0.36792 0.758057 0.352295 0.765381 0.36084 0.755127 0.363281 0.755127 0.363281 0.765381 0.36084 0.768311 0.36792 0.755127 0.363281 0.768311 0.36792 0.749512 0.374023 0.758057 0.352295 0.755127 0.363281 0.754395 0.351562 0.754395 0.351562 0.755127 0.363281 0.749512 0.374023 0.429688 0.069336 0.418701 0.05835 0.523438 0.066406 0.418701 0.05835 0.429688 0.069336 0.418213 0.071777 0.821533 0.540527 0.895996 0.616699 0.825928 0.552734 0.895996 0.616699 0.821533 0.540527 0.851074 0.540527 0.825928 0.552734 0.895996 0.616699 0.837158 0.586182 0.825928 0.552734 0.837158 0.586182 0.810791 0.569092 0.810791 0.569092 0.837158 0.586182 0.880859 0.624512 0.880859 0.624512 0.837158 0.586182 0.895996 0.616699 0.810791 0.569092 0.880859 0.624512 0.843262 0.627686 0.880859 0.624512 0.895996 0.616699 0.915527 0.639404 0.880859 0.624512 0.915527 0.639404 0.843262 0.627686 0.843262 0.627686 0.915527 0.639404 0.899658 0.648193 0.893555 0.605713 0.895996 0.616699 0.851074 0.540527 0.843262 0.627686 0.899658 0.648193 0.84668 0.642334 0.843262 0.627686 0.84668 0.642334 0.807617 0.67041 0.84668 0.642334 0.899658 0.648193 0.892822 0.651123 0.807617 0.67041 0.84668 0.642334 0.820801 0.661865 0.84668 0.642334 0.892822 0.651123 0.849609 0.648926 0.84668 0.642334 0.849609 0.648926 0.820801 0.661865 0.893555 0.605713 0.851074 0.540527 0.908203 0.611572 0.893555 0.605713 0.908203 0.611572 0.895996 0.616699 0.895996 0.616699 0.908203 0.611572 0.909668 0.623535 0.908203 0.611572 0.851074 0.540527 0.892334 0.547363 0.908203 0.611572 0.892334 0.547363 0.914062 0.604004 0.908203 0.611572 0.914062 0.604004 0.920166 0.606689 0.914062 0.604004 0.892334 0.547363 0.929932 0.593018 0.968018 0.247559 0.887695 0.133545 0.991943 0.17334 0.887695 0.133545 0.968018 0.247559 0.929443 0.253906 0.755127 0.185059 0.745117 0.187256 0.744629 0.171875 0.755127 0.185059 0.744629 0.171875 0.754639 0.169678 0.744629 0.171875 0.745117 0.187256 0.674316 0.186768 0.744629 0.171875 0.674316 0.186768 0.612793 0.175049 0.97876 0.430664 0.991943 0.439941 0.973389 0.457275 0.973389 0.457275 0.991943 0.439941 0.980469 0.463379 0.97876 0.430664 0.973389 0.457275 0.981201 0.349121 0.978271 0.566162 0.988037 0.599365 0.963867 0.571533 0.963867 0.571533 0.988037 0.599365 0.972168 0.609863 0.963867 0.571533 0.972168 0.609863 0.952637 0.571289 0.952637 0.571289 0.972168 0.609863 0.959717 0.645996 0.959717 0.645996 0.972168 0.609863 0.958252 0.684326 0.72876 0.24292 0.726318 0.2229 0.729492 0.220947 0.729492 0.220947 0.726318 0.2229 0.717041 0.210938 0.72876 0.24292 0.729492 0.220947 0.732178 0.234375 0.729492 0.220947 0.717041 0.210938 0.781738 0.206299 0.781738 0.206299 0.717041 0.210938 0.830566 0.169678 0.781738 0.206299 0.830566 0.169678 0.853027 0.205078 0.781738 0.206299 0.853027 0.205078 0.83374 0.209229 0.729492 0.220947 0.781738 0.206299 0.798584 0.216064 0.798584 0.216064 0.781738 0.206299 0.83374 0.209229 0.732178 0.234375 0.729492 0.220947 0.754883 0.226807 0.754883 0.226807 0.729492 0.220947 0.798584 0.216064 0.751953 0.239746 0.72876 0.24292 0.732178 0.234375 0.751953 0.239746 0.732178 0.234375 0.754883 0.226807 0.72876 0.24292 0.751953 0.239746 0.773438 0.24585 0.751953 0.239746 0.754883 0.226807 0.759766 0.23584 0.751953 0.239746 0.759766 0.23584 0.773438 0.24585 0.759766 0.23584 0.754883 0.226807 0.782471 0.226562 0.782471 0.226562 0.754883 0.226807 0.798584 0.216064 0.759766 0.23584 0.782471 0.226562 0.780273 0.236816 0.759766 0.23584 0.780273 0.236816 0.773438 0.24585 0.782471 0.226562 0.798584 0.216064 0.807129 0.228027 0.782471 0.226562 0.807129 0.228027 0.780273 0.236816 0.82666 0.226562 0.798584 0.216064 0.83374 0.209229 0.82666 0.226562 0.83374 0.209229 0.835693 0.220703 0.807129 0.228027 0.798584 0.216064 0.814697 0.230225 0.814697 0.230225 0.798584 0.216064 0.82666 0.226562 0.82666 0.226562 0.835693 0.220703 0.825928 0.232666 0.82666 0.226562 0.825928 0.232666 0.814697 0.230225 0.825928 0.232666 0.835693 0.220703 0.838867 0.22583 0.807129 0.228027 0.814697 0.230225 0.806396 0.23999 0.807129 0.228027 0.806396 0.23999 0.780273 0.236816 0.806396 0.23999 0.814697 0.230225 0.825928 0.232666 0.780273 0.236816 0.806396 0.23999 0.773438 0.24585 0.806396 0.23999 0.825928 0.232666 0.804688 0.245361 0.806396 0.23999 0.804688 0.245361 0.773438 0.24585 0.804688 0.245361 0.825928 0.232666 0.818359 0.24585 0.818359 0.24585 0.825928 0.232666 0.837402 0.239258 0.818359 0.24585 0.837402 0.239258 0.829346 0.25 0.829346 0.25 0.837402 0.239258 0.833252 0.26416 0.804688 0.245361 0.818359 0.24585 0.813477 0.252197 0.813477 0.252197 0.818359 0.24585 0.829346 0.25 0.829346 0.25 0.833252 0.26416 0.816162 0.26123 0.829346 0.25 0.816162 0.26123 0.813477 0.252197 0.816162 0.26123 0.833252 0.26416 0.828613 0.274658 0.816162 0.26123 0.828613 0.274658 0.809326 0.271729 0.816162 0.26123 0.809326 0.271729 0.813477 0.252197 0.804688 0.245361 0.813477 0.252197 0.803223 0.252686 0.80957 0.286133 0.806641 0.282471 0.809326 0.271729 0.809326 0.271729 0.806641 0.282471 0.802002 0.275879 0.813477 0.252197 0.809326 0.271729 0.800781 0.267578 0.813477 0.252197 0.800781 0.267578 0.803223 0.252686 0.800781 0.267578 0.809326 0.271729 0.802002 0.275879 0.804688 0.245361 0.803223 0.252686 0.779297 0.251465 0.779297 0.251465 0.803223 0.252686 0.800781 0.267578 0.779297 0.251465 0.800781 0.267578 0.802002 0.275879 0.804688 0.245361 0.779297 0.251465 0.773438 0.24585 0.779297 0.251465 0.802002 0.275879 0.773438 0.281006 0.773438 0.281006 0.802002 0.275879 0.795654 0.30542 0.773438 0.24585 0.779297 0.251465 0.730957 0.252686 0.773438 0.24585 0.730957 0.252686 0.72876 0.24292 0.730957 0.252686 0.779297 0.251465 0.762207 0.255127 0.762207 0.255127 0.779297 0.251465 0.773438 0.281006 0.730957 0.252686 0.762207 0.255127 0.745117 0.277832 0.745117 0.277832 0.762207 0.255127 0.773438 0.281006 0.730957 0.252686 0.745117 0.277832 0.726318 0.279297 0.773438 0.281006 0.795654 0.30542 0.776367 0.303223 0.776367 0.303223 0.795654 0.30542 0.776611 0.30835 0.745117 0.277832 0.773438 0.281006 0.756104 0.282959 0.745117 0.277832 0.756104 0.282959 0.726318 0.279297 0.756104 0.282959 0.773438 0.281006 0.776367 0.303223 0.726318 0.279297 0.756104 0.282959 0.737549 0.301025 0.726318 0.279297 0.737549 0.301025 0.731201 0.304932 0.756104 0.282959 0.776367 0.303223 0.753662 0.301514 0.756104 0.282959 0.753662 0.301514 0.737549 0.301025 0.753662 0.301514 0.776367 0.303223 0.776611 0.30835 0.737549 0.301025 0.753662 0.301514 0.733154 0.310303 0.733154 0.310303 0.753662 0.301514 0.747803 0.311523 0.747803 0.311523 0.753662 0.301514 0.776611 0.30835 0.747803 0.311523 0.776611 0.30835 0.773926 0.321289 0.773926 0.321289 0.776611 0.30835 0.783203 0.315674 0.747803 0.311523 0.773926 0.321289 0.741455 0.324707 0.741455 0.324707 0.773926 0.321289 0.766357 0.328369 0.766357 0.328369 0.773926 0.321289 0.779297 0.325195 0.690674 0.000244 0.744141 0.000977 0.730469 0.002441 0.690674 0.000244 0.730469 0.002441 0.729492 0.010986 0.690674 0.000244 0.729492 0.010986 0.708008 0.011475 0.306885 0.762939 0.305664 0.756104 0.435303 0.797607 0.227295 0.808594 0.288086 0.756592 0.306885 0.762939 0.306885 0.762939 0.288086 0.756592 0.291992 0.748047 0.306885 0.762939 0.291992 0.748047 0.305664 0.756104 0.291992 0.748047 0.288086 0.756592 0.284424 0.73877 0.291992 0.748047 0.284424 0.73877 0.293457 0.733398 0.291992 0.748047 0.293457 0.733398 0.305664 0.756104 0.293457 0.733398 0.284424 0.73877 0.285889 0.717041 0.293457 0.733398 0.285889 0.717041 0.293457 0.71875 0.293457 0.733398 0.293457 0.71875 0.300049 0.724121 0.293457 0.733398 0.300049 0.724121 0.305664 0.756104 0.305664 0.756104 0.300049 0.724121 0.311279 0.742188 0.130371 1 0.141113 0.998047 0.146973 0.999512 0.923828 0.034912 0.884277 0.049805 0.861084 0.025635 0.861084 0.025635 0.884277 0.049805 0.841553 0.050537 0.841553 0.050537 0.884277 0.049805 0.884521 0.078857 0.021973 0.109863 0.03833 0.153076 0.033203 0.209717 0.021973 0.109863 0.033203 0.209717 0.02002 0.155273 0.964111 0.959473 0.977539 0.940918 0.983887 0.970215 0.977539 0.940918 0.964111 0.959473 0.968262 0.945312 0.968262 0.945312 0.964111 0.959473 0.959961 0.941406 0.968262 0.945312 0.959961 0.941406 0.977539 0.940918 0.977539 0.940918 0.959961 0.941406 0.983154 0.907471 0.841309 0.099854 0.868652 0.083984 0.863525 0.17334 0.810059 0.977295 0.912842 0.900635 0.89624 0.940918 0.810059 0.977295 0.89624 0.940918 0.852783 0.967773 0.810059 0.977295 0.852783 0.967773 0.875488 0.967529 0.875488 0.967529 0.852783 0.967773 0.89624 0.940918 0.875488 0.967529 0.89624 0.940918 0.89209 0.956543 0.89209 0.956543 0.89624 0.940918 0.903076 0.953613 0.89209 0.956543 0.903076 0.953613 0.900146 0.964355 0.89209 0.956543 0.900146 0.964355 0.875488 0.967529 0.875488 0.967529 0.900146 0.964355 0.887939 0.974609 0.000488 0.541016 0.005371 0.562988 0.001221 0.574219 0.001221 0.574219 0.005371 0.562988 0.019043 0.575928 0.019043 0.575928 0.005371 0.562988 0.033936 0.566162 0.019043 0.575928 0.033936 0.566162 0.042725 0.56958 0.042725 0.56958 0.033936 0.566162 0.054932 0.536133 0.054932 0.536133 0.033936 0.566162 0.037109 0.535156 0.054932 0.536133 0.037109 0.535156 0.012451 0.522705 0.012451 0.522705 0.037109 0.535156 0.000488 0.541016 0.037109 0.535156 0.033936 0.566162 0.027832 0.541992 0.037109 0.535156 0.027832 0.541992 0.000488 0.541016 0.022217 0.560303 0.033936 0.566162 0.005371 0.562988 0.033936 0.566162 0.022217 0.560303 0.027832 0.541992 0.006592 0.547852 0.005371 0.562988 0.000488 0.541016 0.005371 0.562988 0.006592 0.547852 0.022217 0.560303 0.006592 0.547852 0.000488 0.541016 0.027832 0.541992 0.022217 0.560303 0.006592 0.547852 0.016846 0.550781 0.022217 0.560303 0.016846 0.550781 0.027832 0.541992 0.027832 0.541992 0.016846 0.550781 0.006592 0.547852 0.547119 0.074707 0.536133 0.046631 0.548096 0.060059 0.547119 0.074707 0.548096 0.060059 0.55835 0.06665 0.55835 0.06665 0.548096 0.060059 0.560059 0.051514 0.547119 0.074707 0.55835 0.06665 0.559326 0.07666 0.559326 0.07666 0.55835 0.06665 0.562988 0.063965 0.547119 0.074707 0.559326 0.07666 0.532959 0.101074 0.532959 0.101074 0.559326 0.07666 0.531982 0.115723 0.531982 0.115723 0.559326 0.07666 0.563477 0.088135 0.563477 0.088135 0.559326 0.07666 0.573975 0.084961 0.531982 0.115723 0.563477 0.088135 0.546875 0.129883 0.563477 0.088135 0.573975 0.084961 0.574463 0.09668 0.546875 0.129883 0.563477 0.088135 0.563965 0.105469 0.563965 0.105469 0.563477 0.088135 0.574463 0.09668 0.546875 0.129883 0.563965 0.105469 0.567627 0.119385 0.563965 0.105469 0.574463 0.09668 0.575439 0.111328 0.563965 0.105469 0.575439 0.111328 0.567627 0.119385 0.793945 0.026855 0.807129 0.016357 0.810303 0.023682 0.807129 0.016357 0.793945 0.026855 0.789795 0.000244 0.789795 0.000244 0.793945 0.026855 0.773193 0.021973 0.789795 0.000244 0.773193 0.021973 0.777832 0.009766 0.773193 0.021973 0.793945 0.026855 0.779541 0.034912 0.779541 0.034912 0.793945 0.026855 0.789307 0.04541 0.779541 0.034912 0.789307 0.04541 0.779053 0.051025 0.773193 0.021973 0.779541 0.034912 0.764648 0.027832 0.764648 0.027832 0.779541 0.034912 0.779053 0.051025 0.777832 0.009766 0.773193 0.021973 0.756592 0.015625 0.756592 0.015625 0.773193 0.021973 0.764648 0.027832 0.777832 0.009766 0.756592 0.015625 0.758789 0.006104 0.758789 0.006104 0.756592 0.015625 0.739014 0.019531 0.739014 0.019531 0.756592 0.015625 0.764648 0.027832 0.739014 0.019531 0.764648 0.027832 0.779053 0.051025 0.739014 0.019531 0.779053 0.051025 0.771729 0.068848 0.963135 0.087891 0.9021 0.114258 0.900391 0.102295 0.900391 0.102295 0.9021 0.114258 0.881104 0.108643 0.963135 0.087891 0.900391 0.102295 0.914795 0.086914 0.914795 0.086914 0.900391 0.102295 0.893555 0.064209 0.914795 0.086914 0.893555 0.064209 0.950684 0.044678 0.641113 0.231689 0.641357 0.253174 0.625732 0.225098 0.641357 0.253174 0.641113 0.231689 0.657227 0.241699 0.641357 0.253174 0.657227 0.241699 0.668945 0.252441 0.641357 0.253174 0.668945 0.252441 0.615479 0.256836 0.657227 0.241699 0.641113 0.231689 0.6604 0.234863 0.668945 0.252441 0.657227 0.241699 0.674805 0.243652 0.674805 0.243652 0.657227 0.241699 0.6604 0.234863 0.6604 0.234863 0.641113 0.231689 0.645264 0.226074 0.645264 0.226074 0.641113 0.231689 0.631592 0.208252 0.674805 0.243652 0.6604 0.234863 0.678955 0.233398 0.6604 0.234863 0.645264 0.226074 0.660156 0.227539 0.6604 0.234863 0.660156 0.227539 0.678955 0.233398 0.660156 0.227539 0.645264 0.226074 0.6521 0.220703 0.660156 0.227539 0.6521 0.220703 0.657227 0.212891 0.6521 0.220703 0.645264 0.226074 0.641357 0.206543 0.674805 0.243652 0.678955 0.233398 0.684082 0.242432 0.674805 0.243652 0.684082 0.242432 0.668945 0.252441 0.684082 0.242432 0.678955 0.233398 0.7146 0.240967 0.684082 0.242432 0.7146 0.240967 0.704102 0.245605 0.704102 0.245605 0.7146 0.240967 0.703857 0.252686 0.704102 0.245605 0.703857 0.252686 0.684082 0.242432 0.684082 0.242432 0.703857 0.252686 0.668945 0.252441 0.668945 0.252441 0.703857 0.252686 0.615479 0.256836 0.615479 0.256836 0.703857 0.252686 0.710449 0.30249 0.615479 0.256836 0.710449 0.30249 0.592285 0.310303 0.592285 0.310303 0.710449 0.30249 0.744385 0.35083 0.592285 0.310303 0.744385 0.35083 0.562256 0.354492 0.319824 0.123779 0.308105 0.111816 0.321777 0.102295 0.319824 0.123779 0.321777 0.102295 0.327393 0.108887 0.319824 0.123779 0.327393 0.108887 0.337646 0.120605 0.31958 0.089111 0.321777 0.102295 0.316895 0.098877 0.321777 0.102295 0.31958 0.089111 0.340576 0.088623 0.340576 0.088623 0.31958 0.089111 0.322021 0.082764 0.327393 0.108887 0.321777 0.102295 0.362793 0.100342 0.362793 0.100342 0.321777 0.102295 0.340576 0.088623 0.337646 0.120605 0.327393 0.108887 0.361328 0.110107 0.361328 0.110107 0.327393 0.108887 0.362793 0.100342 0.355957 0.131348 0.338623 0.135742 0.337646 0.120605 0.340576 0.088623 0.322021 0.082764 0.334717 0.069092 0.334717 0.069092 0.322021 0.082764 0.319336 0.064697 0.334717 0.069092 0.319336 0.064697 0.31665 0.058594 0.355957 0.131348 0.337646 0.120605 0.359863 0.119385 0.359863 0.119385 0.337646 0.120605 0.361328 0.110107 0.355957 0.131348 0.359863 0.119385 0.372803 0.124023 0.355957 0.131348 0.372803 0.124023 0.388672 0.130371 0.372803 0.124023 0.359863 0.119385 0.381104 0.118408 0.372803 0.124023 0.381104 0.118408 0.388672 0.130371 0.381104 0.118408 0.359863 0.119385 0.361328 0.110107 0.388672 0.130371 0.381104 0.118408 0.395752 0.123779 0.395752 0.123779 0.381104 0.118408 0.394287 0.106445 0.381104 0.118408 0.361328 0.110107 0.379639 0.106445 0.381104 0.118408 0.379639 0.106445 0.394287 0.106445 0.379639 0.106445 0.361328 0.110107 0.362793 0.100342 0.394287 0.106445 0.379639 0.106445 0.380615 0.094971 0.380615 0.094971 0.379639 0.106445 0.362793 0.100342 0.394287 0.106445 0.380615 0.094971 0.413818 0.101562 0.380615 0.094971 0.362793 0.100342 0.340576 0.088623 0.413818 0.101562 0.380615 0.094971 0.412354 0.093506 0.380615 0.094971 0.340576 0.088623 0.376709 0.072998 0.412354 0.093506 0.380615 0.094971 0.386475 0.085205 0.386475 0.085205 0.380615 0.094971 0.376709 0.072998 0.412354 0.093506 0.386475 0.085205 0.4104 0.080811 0.376709 0.072998 0.340576 0.088623 0.334717 0.069092 0.4104 0.080811 0.386475 0.085205 0.389893 0.06543 0.389893 0.06543 0.386475 0.085205 0.376709 0.072998 0.4104 0.080811 0.389893 0.06543 0.406494 0.063965 0.389893 0.06543 0.376709 0.072998 0.370117 0.059814 0.370117 0.059814 0.376709 0.072998 0.334717 0.069092 0.370117 0.059814 0.334717 0.069092 0.353516 0.061279 0.744873 0.064453 0.734131 0.047852 0.731934 0.038086 0.734131 0.047852 0.744873 0.064453 0.730225 0.069824 0.734131 0.047852 0.730225 0.069824 0.717529 0.036621 0.730225 0.069824 0.744873 0.064453 0.75708 0.067871 0.730225 0.069824 0.75708 0.067871 0.734131 0.078613 0.730225 0.069824 0.734131 0.078613 0.716309 0.102783 0.734131 0.078613 0.75708 0.067871 0.75708 0.080566 0.716309 0.102783 0.734131 0.078613 0.718994 0.110107 0.718994 0.110107 0.734131 0.078613 0.75708 0.080566 0.619629 0.873047 0.589111 0.847656 0.607666 0.85791 0.607666 0.85791 0.589111 0.847656 0.607422 0.834473 0.619629 0.873047 0.607666 0.85791 0.638916 0.851562 0.589111 0.847656 0.619629 0.873047 0.572998 0.844971 0.589111 0.847656 0.572998 0.844971 0.580078 0.839355 0.580078 0.839355 0.572998 0.844971 0.562988 0.833984 0.572998 0.844971 0.619629 0.873047 0.595703 0.871826 0.562988 0.833984 0.572998 0.844971 0.542969 0.833984 0.572998 0.844971 0.595703 0.871826 0.559814 0.846924 0.572998 0.844971 0.559814 0.846924 0.542969 0.833984 0.559814 0.846924 0.595703 0.871826 0.532959 0.86499 0.532959 0.86499 0.595703 0.871826 0.548096 0.894287 0.559814 0.846924 0.532959 0.86499 0.53418 0.847168 0.532959 0.86499 0.548096 0.894287 0.528564 0.876953 0.528564 0.876953 0.548096 0.894287 0.530518 0.895508 0.528564 0.876953 0.530518 0.895508 0.490479 0.869141 0.532959 0.86499 0.528564 0.876953 0.5 0.856934 0.5 0.856934 0.528564 0.876953 0.490479 0.869141 0.532959 0.86499 0.5 0.856934 0.53418 0.847168 0.559814 0.846924 0.53418 0.847168 0.526367 0.834961 0.526367 0.834961 0.53418 0.847168 0.5 0.856934 0.559814 0.846924 0.526367 0.834961 0.542969 0.833984 0.542969 0.833984 0.526367 0.834961 0.519531 0.82251 0.542969 0.833984 0.519531 0.82251 0.532227 0.815186 0.519531 0.82251 0.526367 0.834961 0.515869 0.828125 0.519531 0.82251 0.515869 0.828125 0.50708 0.814453 0.515869 0.828125 0.526367 0.834961 0.500488 0.837402 0.515869 0.828125 0.500488 0.837402 0.50708 0.814453 0.500488 0.837402 0.526367 0.834961 0.5 0.856934 0.50708 0.814453 0.500488 0.837402 0.501709 0.811279 0.501709 0.811279 0.500488 0.837402 0.496338 0.813232 0.500488 0.837402 0.5 0.856934 0.480469 0.839844 0.500488 0.837402 0.480469 0.839844 0.496338 0.813232 0.480469 0.839844 0.5 0.856934 0.490479 0.869141 0.480469 0.839844 0.490479 0.869141 0.461426 0.862305 0.496338 0.813232 0.480469 0.839844 0.465576 0.827148 0.496338 0.813232 0.465576 0.827148 0.479492 0.797363 0.479492 0.797363 0.465576 0.827148 0.472412 0.791016 0.472412 0.791016 0.465576 0.827148 0.452881 0.796631 0.121094 0.753662 0.156006 0.73584 0.164795 0.757324 0.121094 0.753662 0.164795 0.757324 0.132324 0.769775 0.121094 0.753662 0.132324 0.769775 0.116699 0.781494 0.121094 0.753662 0.116699 0.781494 0.10376 0.759766 0.132324 0.769775 0.164795 0.757324 0.164307 0.785889 0.132324 0.769775 0.164307 0.785889 0.116699 0.781494 0.10376 0.759766 0.116699 0.781494 0.105957 0.79834 0.10376 0.759766 0.105957 0.79834 0.074219 0.785645 0.074219 0.785645 0.105957 0.79834 0.081299 0.817627 0.105957 0.79834 0.116699 0.781494 0.130859 0.801025 0.130859 0.801025 0.116699 0.781494 0.164307 0.785889 0.081299 0.817627 0.105957 0.79834 0.121094 0.821289 0.121094 0.821289 0.105957 0.79834 0.130859 0.801025 0.081299 0.817627 0.121094 0.821289 0.074951 0.849854 0.130859 0.801025 0.164307 0.785889 0.160645 0.819092 0.130859 0.801025 0.160645 0.819092 0.121094 0.821289 0.17334 0.787842 0.164307 0.785889 0.164795 0.757324 0.164307 0.785889 0.17334 0.787842 0.160645 0.819092 0.17334 0.787842 0.164795 0.757324 0.171875 0.745605 0.17334 0.787842 0.171875 0.745605 0.209473 0.767578 0.17334 0.787842 0.209473 0.767578 0.195801 0.796631 0.195801 0.796631 0.209473 0.767578 0.231445 0.769287 0.17334 0.787842 0.195801 0.796631 0.160645 0.819092 0.160645 0.819092 0.195801 0.796631 0.172363 0.818848 0.172363 0.818848 0.195801 0.796631 0.222412 0.81958 0.172363 0.818848 0.222412 0.81958 0.209473 0.851807 0.160645 0.819092 0.172363 0.818848 0.161621 0.838623 0.172363 0.818848 0.209473 0.851807 0.169434 0.84375 0.172363 0.818848 0.169434 0.84375 0.161621 0.838623 0.160645 0.819092 0.161621 0.838623 0.150146 0.847656 0.150146 0.847656 0.161621 0.838623 0.169434 0.84375 0.160645 0.819092 0.150146 0.847656 0.121094 0.821289 0.169434 0.84375 0.209473 0.851807 0.166992 0.881592 0.169434 0.84375 0.166992 0.881592 0.150146 0.847656 0.166992 0.881592 0.209473 0.851807 0.187988 0.886963 0.187988 0.886963 0.209473 0.851807 0.214111 0.910645 0.187988 0.886963 0.214111 0.910645 0.182617 0.907715 0.187988 0.886963 0.182617 0.907715 0.166992 0.881592 0.166992 0.881592 0.182617 0.907715 0.164062 0.902832 0.166992 0.881592 0.164062 0.902832 0.159424 0.886963 0.166992 0.881592 0.159424 0.886963 0.150146 0.847656 0.159424 0.886963 0.164062 0.902832 0.147217 0.904785 0.159424 0.886963 0.147217 0.904785 0.119873 0.913086 0.150146 0.847656 0.159424 0.886963 0.138916 0.865723 0.159424 0.886963 0.119873 0.913086 0.111328 0.887939 0.159424 0.886963 0.111328 0.887939 0.138916 0.865723 0.111328 0.887939 0.119873 0.913086 0.071289 0.883789 0.071289 0.883789 0.119873 0.913086 0.072266 0.916016 0.138916 0.865723 0.111328 0.887939 0.110596 0.849121 0.138916 0.865723 0.110596 0.849121 0.150146 0.847656 0.110596 0.849121 0.111328 0.887939 0.071289 0.883789 0.150146 0.847656 0.110596 0.849121 0.121094 0.821289 0.110596 0.849121 0.071289 0.883789 0.074951 0.849854 0.110596 0.849121 0.074951 0.849854 0.121094 0.821289 0.590576 0.049316 0.592041 0.069092 0.58374 0.079834 0.58374 0.079834 0.592041 0.069092 0.592041 0.091797 0.592041 0.069092 0.590576 0.049316 0.614014 0.05127 0.592041 0.091797 0.592041 0.069092 0.630859 0.070312 0.630859 0.070312 0.592041 0.069092 0.614014 0.05127 0.630859 0.070312 0.614014 0.05127 0.671631 0.054199 0.592041 0.091797 0.630859 0.070312 0.64624 0.101074 0.630859 0.070312 0.671631 0.054199 0.654785 0.07373 0.630859 0.070312 0.654785 0.07373 0.64624 0.101074 0.64624 0.101074 0.654785 0.07373 0.64624 0.110352 0.032471 0.890381 0.041992 0.930908 0.02832 0.89502 0.032471 0.890381 0.02832 0.89502 0.015137 0.881836 0.032471 0.890381 0.015137 0.881836 0.027588 0.878174 0.032471 0.890381 0.027588 0.878174 0.042969 0.86792 0.704834 0.555908 0.728516 0.545898 0.7229 0.702148 0.728516 0.545898 0.704834 0.555908 0.705322 0.544922 0.728516 0.545898 0.705322 0.544922 0.709473 0.535156 0.728516 0.545898 0.709473 0.535156 0.728516 0.537354 0.728516 0.545898 0.728516 0.537354 0.749268 0.53833 0.749268 0.53833 0.728516 0.537354 0.74292 0.532715 0.74292 0.532715 0.728516 0.537354 0.741455 0.525879 0.728516 0.537354 0.709473 0.535156 0.720459 0.526855 0.728516 0.537354 0.720459 0.526855 0.741455 0.525879 0.741455 0.525879 0.720459 0.526855 0.735107 0.520508 0.741455 0.525879 0.735107 0.520508 0.743408 0.512207 0.735107 0.520508 0.720459 0.526855 0.7229 0.519531 0.735107 0.520508 0.7229 0.519531 0.743408 0.512207 0.720459 0.526855 0.709473 0.535156 0.710449 0.521484 0.720459 0.526855 0.710449 0.521484 0.7229 0.519531 0.710449 0.521484 0.709473 0.535156 0.703369 0.524414 0.703369 0.524414 0.709473 0.535156 0.687988 0.52002 0.7229 0.519531 0.710449 0.521484 0.711914 0.51123 0.7229 0.519531 0.711914 0.51123 0.743408 0.512207 0.710449 0.521484 0.703369 0.524414 0.703613 0.51123 0.710449 0.521484 0.703613 0.51123 0.711914 0.51123 0.703613 0.51123 0.703369 0.524414 0.693848 0.515625 0.703613 0.51123 0.693848 0.515625 0.690918 0.507324 0.743408 0.512207 0.711914 0.51123 0.741943 0.506348 0.703613 0.51123 0.690918 0.507324 0.69751 0.503906 0.69751 0.503906 0.690918 0.507324 0.693115 0.497314 0.711914 0.51123 0.703613 0.51123 0.712402 0.506348 0.712402 0.506348 0.703613 0.51123 0.69751 0.503906 0.741943 0.506348 0.711914 0.51123 0.721191 0.503174 0.721191 0.503174 0.711914 0.51123 0.712402 0.506348 0.682617 0.490479 0.686523 0.481934 0.693115 0.497314 0.712402 0.506348 0.69751 0.503906 0.705811 0.498535 0.705811 0.498535 0.69751 0.503906 0.693115 0.497314 0.693115 0.497314 0.686523 0.481934 0.699219 0.484131 0.693115 0.497314 0.699219 0.484131 0.705811 0.498535 0.705811 0.498535 0.699219 0.484131 0.705322 0.488525 0.705322 0.488525 0.699219 0.484131 0.713867 0.488281 0.705322 0.488525 0.713867 0.488281 0.705811 0.498535 0.713867 0.488281 0.699219 0.484131 0.713867 0.483643 0.712402 0.506348 0.705811 0.498535 0.713867 0.496338 0.713867 0.496338 0.705811 0.498535 0.713867 0.488281 0.712402 0.506348 0.713867 0.496338 0.721191 0.503174 0.713867 0.488281 0.713867 0.483643 0.727295 0.487549 0.713867 0.488281 0.727295 0.487549 0.713867 0.496338 0.721191 0.503174 0.713867 0.496338 0.734131 0.496094 0.734131 0.496094 0.713867 0.496338 0.727295 0.487549 0.721191 0.503174 0.734131 0.496094 0.741943 0.506348 0.741943 0.506348 0.734131 0.496094 0.741211 0.497803 0.741943 0.506348 0.741211 0.497803 0.74707 0.496338 0.74707 0.496338 0.741211 0.497803 0.737549 0.484375 0.737549 0.484375 0.741211 0.497803 0.734131 0.496094 0.737549 0.484375 0.734131 0.496094 0.727295 0.487549 0.737549 0.484375 0.727295 0.487549 0.751465 0.466797 0.751465 0.466797 0.727295 0.487549 0.732178 0.474365 0.725098 0.476318 0.727295 0.487549 0.713867 0.483643 0.727295 0.487549 0.725098 0.476318 0.732178 0.474365 0.725098 0.476318 0.713867 0.483643 0.712891 0.478516 0.732178 0.474365 0.725098 0.476318 0.72998 0.470947 0.732178 0.474365 0.72998 0.470947 0.737061 0.458496 0.72998 0.470947 0.725098 0.476318 0.7229 0.465088 0.72998 0.470947 0.7229 0.465088 0.737061 0.458496 0.737061 0.458496 0.7229 0.465088 0.731689 0.452637 0.217285 0.122314 0.221191 0.104004 0.233643 0.111816 0.233643 0.111816 0.221191 0.104004 0.22876 0.088623 0.22876 0.088623 0.221191 0.104004 0.217285 0.084961 0.217285 0.084961 0.221191 0.104004 0.20459 0.10791 0.192627 0.098389 0.206787 0.087402 0.20459 0.10791 0.20459 0.10791 0.206787 0.087402 0.217285 0.084961 0.217285 0.084961 0.206787 0.087402 0.197998 0.074707 0.217285 0.084961 0.197998 0.074707 0.203857 0.067871 0.217285 0.084961 0.203857 0.067871 0.221191 0.069092 0.221191 0.069092 0.203857 0.067871 0.209717 0.060547 0.221191 0.069092 0.209717 0.060547 0.209717 0.047119 0.221191 0.069092 0.209717 0.047119 0.228027 0.055176 0.217285 0.084961 0.221191 0.069092 0.23291 0.078125 0.217285 0.084961 0.23291 0.078125 0.22876 0.088623 0.221191 0.069092 0.228027 0.055176 0.240234 0.065186 0.221191 0.069092 0.240234 0.065186 0.23291 0.078125 0.240234 0.065186 0.228027 0.055176 0.249756 0.046387 0.22876 0.088623 0.23291 0.078125 0.241699 0.081543 0.241699 0.081543 0.23291 0.078125 0.240234 0.065186 0.22876 0.088623 0.241699 0.081543 0.250977 0.084473 0.250977 0.084473 0.241699 0.081543 0.240234 0.065186 0.22876 0.088623 0.250977 0.084473 0.233643 0.111816 0.240234 0.065186 0.249756 0.046387 0.26123 0.05542 0.26123 0.05542 0.249756 0.046387 0.262451 0.036621 0.26123 0.05542 0.262451 0.036621 0.27832 0.050293 0.240234 0.065186 0.26123 0.05542 0.256592 0.077148 0.240234 0.065186 0.256592 0.077148 0.250977 0.084473 0.233643 0.111816 0.250977 0.084473 0.253174 0.108643 0.233643 0.111816 0.253174 0.108643 0.249023 0.120605 0.250977 0.084473 0.256592 0.077148 0.260742 0.08667 0.253174 0.108643 0.250977 0.084473 0.260498 0.092773 0.260498 0.092773 0.250977 0.084473 0.260742 0.08667 0.253174 0.108643 0.260498 0.092773 0.249023 0.120605 0.260742 0.08667 0.256592 0.077148 0.265625 0.086914 0.260742 0.08667 0.265625 0.086914 0.260498 0.092773 0.249023 0.120605 0.260498 0.092773 0.277344 0.103516 0.249023 0.120605 0.277344 0.103516 0.276611 0.128174 0.277344 0.103516 0.260498 0.092773 0.265625 0.086914 0.277344 0.103516 0.265625 0.086914 0.280029 0.094727 0.277344 0.103516 0.280029 0.094727 0.28833 0.101807 0.265625 0.086914 0.256592 0.077148 0.275391 0.071777 0.275391 0.071777 0.256592 0.077148 0.26123 0.05542 0.280029 0.094727 0.265625 0.086914 0.279785 0.081543 0.279785 0.081543 0.265625 0.086914 0.275391 0.071777 0.280029 0.094727 0.279785 0.081543 0.294189 0.093506 0.275391 0.071777 0.26123 0.05542 0.282715 0.057373 0.282715 0.057373 0.26123 0.05542 0.27832 0.050293 0.282715 0.057373 0.27832 0.050293 0.287598 0.048096 0.275391 0.071777 0.282715 0.057373 0.287354 0.062744 0.275391 0.071777 0.287354 0.062744 0.279785 0.081543 0.287354 0.062744 0.282715 0.057373 0.287598 0.048096 0.279785 0.081543 0.287354 0.062744 0.297363 0.070068 0.287354 0.062744 0.287598 0.048096 0.292969 0.047852 0.287354 0.062744 0.292969 0.047852 0.309326 0.049316 0.360107 0.866943 0.438965 0.884521 0.411621 0.898682 0.438965 0.884521 0.360107 0.866943 0.441406 0.825684 0.360107 0.866943 0.411621 0.898682 0.36084 0.894531 0.441406 0.825684 0.360107 0.866943 0.330322 0.849121 0.441406 0.825684 0.330322 0.849121 0.308594 0.775391 0.308594 0.775391 0.330322 0.849121 0.30835 0.824951 0.30835 0.824951 0.330322 0.849121 0.314453 0.856445 0.314453 0.856445 0.330322 0.849121 0.360107 0.866943 0.30835 0.824951 0.314453 0.856445 0.30127 0.849609 0.360107 0.866943 0.36084 0.894531 0.337646 0.878418 0.360107 0.866943 0.337646 0.878418 0.314453 0.856445 0.337646 0.878418 0.36084 0.894531 0.344482 0.895752 0.30127 0.849609 0.314453 0.856445 0.305176 0.873291 0.305176 0.873291 0.314453 0.856445 0.337646 0.878418 0.30127 0.849609 0.305176 0.873291 0.274414 0.855225 0.313477 0.902588 0.337646 0.878418 0.317627 0.911377 0.337646 0.878418 0.313477 0.902588 0.305176 0.873291 0.274414 0.855225 0.305176 0.873291 0.276611 0.869873 0.274414 0.855225 0.276611 0.869873 0.259277 0.870605 0.274414 0.855225 0.259277 0.870605 0.247314 0.865479 0.259277 0.870605 0.276611 0.869873 0.260498 0.885742 0.259277 0.870605 0.260498 0.885742 0.247314 0.865479 0.260498 0.885742 0.276611 0.869873 0.305176 0.873291 0.247314 0.865479 0.260498 0.885742 0.237061 0.905029 0.247314 0.865479 0.237061 0.905029 0.223389 0.901123 0.260498 0.885742 0.305176 0.873291 0.2771 0.900635 0.260498 0.885742 0.2771 0.900635 0.237061 0.905029 0.2771 0.900635 0.305176 0.873291 0.313477 0.902588 0.237061 0.905029 0.2771 0.900635 0.277832 0.915771 0.277832 0.915771 0.2771 0.900635 0.313477 0.902588 0.189209 0.5271 0.204834 0.541504 0.193604 0.577881 0.193604 0.577881 0.204834 0.541504 0.217041 0.582764 0.193604 0.577881 0.217041 0.582764 0.195801 0.607666 0.205811 0.621338 0.180664 0.605713 0.195801 0.607666 0.205811 0.621338 0.195801 0.607666 0.217041 0.582764 0.217041 0.582764 0.204834 0.541504 0.224854 0.563477 0.224854 0.563477 0.204834 0.541504 0.233643 0.517822 0.224854 0.563477 0.233643 0.517822 0.248779 0.541016 0.217041 0.582764 0.224854 0.563477 0.257568 0.577881 0.257568 0.577881 0.224854 0.563477 0.248779 0.541016 0.205811 0.621338 0.217041 0.582764 0.234619 0.585693 0.234619 0.585693 0.217041 0.582764 0.257568 0.577881 0.205811 0.621338 0.234619 0.585693 0.227783 0.625977 0.227783 0.625977 0.234619 0.585693 0.257568 0.577881 0.257568 0.577881 0.248779 0.541016 0.27417 0.586426 0.27417 0.586426 0.248779 0.541016 0.276367 0.549561 0.257568 0.577881 0.27417 0.586426 0.264893 0.614746 0.264893 0.614746 0.27417 0.586426 0.289062 0.588135 0.227783 0.625977 0.257568 0.577881 0.249512 0.655273 0.249512 0.655273 0.257568 0.577881 0.264893 0.614746 0.205811 0.621338 0.227783 0.625977 0.216309 0.6521 0.216309 0.6521 0.227783 0.625977 0.249512 0.655273 0.205811 0.621338 0.216309 0.6521 0.201172 0.665283 0.205811 0.621338 0.201172 0.665283 0.191162 0.631592 0.216309 0.6521 0.249512 0.655273 0.241943 0.684814 0.216309 0.6521 0.241943 0.684814 0.201172 0.665283 0.249512 0.655273 0.264893 0.614746 0.281006 0.640381 0.281006 0.640381 0.264893 0.614746 0.289062 0.588135 0.249512 0.655273 0.281006 0.640381 0.258789 0.685547 0.249512 0.655273 0.258789 0.685547 0.241943 0.684814 0.281006 0.640381 0.289062 0.588135 0.299316 0.637939 0.299316 0.637939 0.289062 0.588135 0.320068 0.590332 0.281006 0.640381 0.299316 0.637939 0.282471 0.671631 0.281006 0.640381 0.282471 0.671631 0.258789 0.685547 0.299316 0.637939 0.320068 0.590332 0.325928 0.653076 0.299316 0.637939 0.325928 0.653076 0.282471 0.671631 0.325928 0.653076 0.320068 0.590332 0.351074 0.612061 0.351074 0.612061 0.320068 0.590332 0.356934 0.592041 0.282471 0.671631 0.325928 0.653076 0.294189 0.687744 0.282471 0.671631 0.294189 0.687744 0.258789 0.685547 0.294189 0.687744 0.325928 0.653076 0.313477 0.710693 0.294189 0.687744 0.313477 0.710693 0.272705 0.705811 0.294189 0.687744 0.272705 0.705811 0.258789 0.685547 0.258789 0.685547 0.272705 0.705811 0.249512 0.695801 0.258789 0.685547 0.249512 0.695801 0.241943 0.684814 0.249512 0.695801 0.272705 0.705811 0.263428 0.709473 0.263428 0.709473 0.272705 0.705811 0.276367 0.718994 0.249512 0.695801 0.263428 0.709473 0.262207 0.753418 0.241943 0.684814 0.249512 0.695801 0.238281 0.742432 0.241943 0.684814 0.238281 0.742432 0.222168 0.725342 0.222168 0.725342 0.238281 0.742432 0.202881 0.736816 0.222168 0.725342 0.202881 0.736816 0.194336 0.695557 0.241943 0.684814 0.222168 0.725342 0.224121 0.689941 0.224121 0.689941 0.222168 0.725342 0.194336 0.695557 0.241943 0.684814 0.224121 0.689941 0.201172 0.665283 0.201172 0.665283 0.224121 0.689941 0.194336 0.695557 0.142334 0.079834 0.145996 0.069336 0.174072 0.073242 0.142334 0.079834 0.174072 0.073242 0.179443 0.087402 0.145996 0.069336 0.142334 0.079834 0.127197 0.032959 0.179443 0.087402 0.174072 0.073242 0.195312 0.05249 0.145996 0.069336 0.127197 0.032959 0.150635 0.038574 0.150635 0.038574 0.127197 0.032959 0.17627 0.025146 0.174072 0.073242 0.145996 0.069336 0.17334 0.058105 0.174072 0.073242 0.17334 0.058105 0.195312 0.05249 0.17334 0.058105 0.145996 0.069336 0.150635 0.038574 0.173584 0.038818 0.17627 0.025146 0.195312 0.05249 0.17627 0.025146 0.173584 0.038818 0.150635 0.038574 0.173584 0.038818 0.195312 0.05249 0.17334 0.058105 0.173584 0.038818 0.17334 0.058105 0.150635 0.038574 0.043213 0.622314 0.023193 0.638672 0.016602 0.623047 0.016602 0.623047 0.023193 0.638672 0.001953 0.630127 0.023193 0.638672 0.043213 0.622314 0.046387 0.636475 0.001953 0.630127 0.023193 0.638672 0.015869 0.659912 0.023193 0.638672 0.046387 0.636475 0.04248 0.663574 0.023193 0.638672 0.04248 0.663574 0.015869 0.659912 0.154785 0.976318 0.130127 0.986816 0.141846 0.965088 0.141846 0.965088 0.130127 0.986816 0.118408 0.955322 0.118408 0.955322 0.130127 0.986816 0.107666 0.972656 0.107666 0.972656 0.130127 0.986816 0.10498 0.999512 0.118408 0.955322 0.107666 0.972656 0.102295 0.949219 0.107666 0.972656 0.10498 0.999512 0.087158 0.990479 0.102295 0.949219 0.107666 0.972656 0.089844 0.966797 0.089844 0.966797 0.107666 0.972656 0.087158 0.990479 0.102295 0.949219 0.089844 0.966797 0.079834 0.943115 0.089844 0.966797 0.087158 0.990479 0.058838 0.989502 0.089844 0.966797 0.058838 0.989502 0.069336 0.961426 0.089844 0.966797 0.069336 0.961426 0.079834 0.943115 0.069336 0.961426 0.058838 0.989502 0.051514 0.95166 0.069336 0.961426 0.051514 0.95166 0.079834 0.943115 0.079834 0.943115 0.051514 0.95166 0.059814 0.93335 0.342285 0.411377 0.364258 0.437988 0.330566 0.415039 0.364258 0.437988 0.342285 0.411377 0.368164 0.406738 0.331299 0.581543 0.364258 0.437988 0.401123 0.509033 0.401123 0.509033 0.364258 0.437988 0.415527 0.488281 0.415527 0.488281 0.364258 0.437988 0.453369 0.473633 0.453369 0.473633 0.364258 0.437988 0.399902 0.409424 0.399902 0.409424 0.364258 0.437988 0.368164 0.406738 0.399902 0.409424 0.368164 0.406738 0.387451 0.388916 0.387451 0.388916 0.368164 0.406738 0.363281 0.38501 0.387451 0.388916 0.363281 0.38501 0.390381 0.370117 0.387451 0.388916 0.390381 0.370117 0.405029 0.364502 0.387451 0.388916 0.405029 0.364502 0.415283 0.369385 0.387451 0.388916 0.415283 0.369385 0.399902 0.409424 0.399902 0.409424 0.415283 0.369385 0.429443 0.354248 0.41626 0.226074 0.424316 0.205322 0.434326 0.232666 0.434326 0.232666 0.424316 0.205322 0.462158 0.210693 0.41626 0.226074 0.434326 0.232666 0.429199 0.276123 0.41626 0.226074 0.429199 0.276123 0.400879 0.263428 0.434326 0.232666 0.462158 0.210693 0.473633 0.2229 0.434326 0.232666 0.473633 0.2229 0.429199 0.276123 0.473633 0.2229 0.462158 0.210693 0.49707 0.207031 0.400879 0.263428 0.429199 0.276123 0.419678 0.303955 0.473633 0.2229 0.49707 0.207031 0.510742 0.235596 0.510742 0.235596 0.49707 0.207031 0.523193 0.206543 0.473633 0.2229 0.510742 0.235596 0.512939 0.278076 0.510742 0.235596 0.523193 0.206543 0.522705 0.231689 0.510742 0.235596 0.522705 0.231689 0.512939 0.278076 0.522705 0.231689 0.523193 0.206543 0.545166 0.218506 0.522705 0.231689 0.545166 0.218506 0.532227 0.25 0.522705 0.231689 0.532227 0.25 0.512939 0.278076 0.581299 0.237305 0.545166 0.218506 0.581299 0.21582 0.545166 0.218506 0.581299 0.237305 0.532227 0.25 0.532227 0.25 0.581299 0.237305 0.554199 0.263672 0.554199 0.263672 0.581299 0.237305 0.580811 0.280029 0.554199 0.263672 0.580811 0.280029 0.53418 0.298828 0.554199 0.263672 0.53418 0.298828 0.532227 0.25 0.53418 0.298828 0.580811 0.280029 0.572998 0.316895 0.53418 0.298828 0.572998 0.316895 0.542236 0.32251 0.532227 0.25 0.53418 0.298828 0.522217 0.304443 0.532227 0.25 0.522217 0.304443 0.512939 0.278076 0.53418 0.298828 0.542236 0.32251 0.524902 0.324463 0.53418 0.298828 0.524902 0.324463 0.522217 0.304443 0.524902 0.324463 0.542236 0.32251 0.528809 0.334717 0.524902 0.324463 0.528809 0.334717 0.505371 0.341797 0.522217 0.304443 0.524902 0.324463 0.504639 0.323486 0.504639 0.323486 0.524902 0.324463 0.505371 0.341797 0.512939 0.278076 0.522217 0.304443 0.474609 0.296631 0.474609 0.296631 0.522217 0.304443 0.504639 0.323486 0.504639 0.323486 0.505371 0.341797 0.484619 0.327393 0.504639 0.323486 0.484619 0.327393 0.474609 0.296631 0.484619 0.327393 0.505371 0.341797 0.472168 0.3396 0.472168 0.3396 0.505371 0.341797 0.503174 0.349854 0.474609 0.296631 0.484619 0.327393 0.467773 0.322021 0.467773 0.322021 0.484619 0.327393 0.472168 0.3396 0.472168 0.3396 0.503174 0.349854 0.455566 0.345459 0.472168 0.3396 0.455566 0.345459 0.467773 0.322021 0.455566 0.345459 0.503174 0.349854 0.475342 0.360596 0.455566 0.345459 0.475342 0.360596 0.456299 0.375488 0.455566 0.345459 0.456299 0.375488 0.436768 0.398193 0.467773 0.322021 0.455566 0.345459 0.415527 0.319336 0.415527 0.319336 0.455566 0.345459 0.407715 0.334717 0.467773 0.322021 0.415527 0.319336 0.419678 0.303955 0.419678 0.303955 0.415527 0.319336 0.404785 0.322754 0.467773 0.322021 0.419678 0.303955 0.463135 0.295898 0.467773 0.322021 0.463135 0.295898 0.474609 0.296631 0.463135 0.295898 0.419678 0.303955 0.429199 0.276123 0.474609 0.296631 0.463135 0.295898 0.459717 0.274414 0.459717 0.274414 0.463135 0.295898 0.429199 0.276123 0.474609 0.296631 0.459717 0.274414 0.512939 0.278076 0.459717 0.274414 0.429199 0.276123 0.473633 0.2229 0.459717 0.274414 0.473633 0.2229 0.512939 0.278076 0.940674 0.264648 0.933594 0.286621 0.914551 0.266602 0.494873 0.931396 0.361328 0.967041 0.32373 0.924316 0.176025 0.133545 0.200439 0.165527 0.162842 0.147705 0.200439 0.165527 0.176025 0.133545 0.258057 0.163086 0.258057 0.163086 0.176025 0.133545 0.329102 0.138916 0.200439 0.165527 0.258057 0.163086 0.223633 0.190674 0.223633 0.190674 0.258057 0.163086 0.265381 0.227295 0.872559 0.73291 0.890137 0.748291 0.869873 0.750244 0.869873 0.750244 0.890137 0.748291 0.880371 0.777588 0.880371 0.777588 0.890137 0.748291 0.901367 0.763916 0.901367 0.763916 0.890137 0.748291 0.906982 0.73877 0.901367 0.763916 0.906982 0.73877 0.918457 0.742676 0.880371 0.777588 0.901367 0.763916 0.893555 0.783691 0.880371 0.777588 0.893555 0.783691 0.891357 0.793701 0.893555 0.783691 0.901367 0.763916 0.903076 0.787598 0.893555 0.783691 0.903076 0.787598 0.891357 0.793701 0.903076 0.787598 0.901367 0.763916 0.909668 0.770996 0.909668 0.770996 0.901367 0.763916 0.918457 0.742676 0.891357 0.793701 0.903076 0.787598 0.908936 0.802002 0.909668 0.770996 0.918457 0.742676 0.923828 0.755371 0.903076 0.787598 0.909668 0.770996 0.911621 0.785645 0.911621 0.785645 0.909668 0.770996 0.923828 0.755371 0.903076 0.787598 0.911621 0.785645 0.908936 0.802002 0.923828 0.755371 0.918457 0.742676 0.923584 0.743164 0.923828 0.755371 0.923584 0.743164 0.932373 0.747559 0.911621 0.785645 0.923828 0.755371 0.927734 0.763184 0.927734 0.763184 0.923828 0.755371 0.932373 0.747559 0.932373 0.747559 0.923584 0.743164 0.947266 0.744873 0.932373 0.747559 0.947266 0.744873 0.927734 0.763184 0.947266 0.744873 0.923584 0.743164 0.949463 0.740479 0.949463 0.740479 0.923584 0.743164 0.92334 0.73877 0.949463 0.740479 0.92334 0.73877 0.944824 0.737793 0.947266 0.744873 0.949463 0.740479 0.962891 0.744873 0.962891 0.744873 0.949463 0.740479 0.9646 0.735107 0.947266 0.744873 0.962891 0.744873 0.967773 0.751953 0.947266 0.744873 0.967773 0.751953 0.9646 0.764404 0.945557 0.759033 0.927734 0.763184 0.947266 0.744873 0.945557 0.759033 0.947266 0.744873 0.9646 0.764404 0.927734 0.763184 0.945557 0.759033 0.938721 0.771973 0.938721 0.771973 0.945557 0.759033 0.946533 0.782227 0.946533 0.782227 0.945557 0.759033 0.9646 0.764404 0.927734 0.763184 0.938721 0.771973 0.927979 0.779541 0.927979 0.779541 0.938721 0.771973 0.946533 0.782227 0.927734 0.763184 0.927979 0.779541 0.920654 0.783936 0.927734 0.763184 0.920654 0.783936 0.911621 0.785645 0.911621 0.785645 0.920654 0.783936 0.908936 0.802002 0.920654 0.783936 0.927979 0.779541 0.917725 0.812988 0.920654 0.783936 0.917725 0.812988 0.908936 0.802002 0.927979 0.779541 0.946533 0.782227 0.933838 0.788818 0.927979 0.779541 0.933838 0.788818 0.917725 0.812988 0.955322 0.794434 0.946533 0.782227 0.9646 0.764404 0.946533 0.782227 0.955322 0.794434 0.933838 0.788818 0.933838 0.788818 0.955322 0.794434 0.941895 0.805176 0.917725 0.812988 0.933838 0.788818 0.930908 0.814697 0.930908 0.814697 0.933838 0.788818 0.941895 0.805176 0.941895 0.805176 0.955322 0.794434 0.951172 0.816162 0.941895 0.805176 0.951172 0.816162 0.930908 0.814697 0.955322 0.794434 0.9646 0.764404 0.964844 0.799316 0.955322 0.794434 0.964844 0.799316 0.951172 0.816162 0.964844 0.799316 0.9646 0.764404 0.974365 0.780762 0.974365 0.780762 0.9646 0.764404 0.967773 0.751953 0.974365 0.780762 0.967773 0.751953 0.981689 0.769775 0.981689 0.769775 0.967773 0.751953 0.976562 0.742676 0.981689 0.769775 0.976562 0.742676 0.98999 0.745361 0.981689 0.769775 0.98999 0.745361 0.991943 0.778076 0.981689 0.769775 0.991943 0.778076 0.974365 0.780762 0.974365 0.780762 0.991943 0.778076 0.97876 0.793213 0.974365 0.780762 0.97876 0.793213 0.964844 0.799316 0.97876 0.793213 0.991943 0.778076 0.982422 0.814697 0.964844 0.799316 0.97876 0.793213 0.968262 0.81958 0.968262 0.81958 0.97876 0.793213 0.982422 0.814697 0.964844 0.799316 0.968262 0.81958 0.951172 0.816162 0.968262 0.81958 0.982422 0.814697 0.967285 0.854248 0.967285 0.854248 0.982422 0.814697 0.978516 0.85498 0.968262 0.81958 0.967285 0.854248 0.957031 0.844482 0.968262 0.81958 0.957031 0.844482 0.957031 0.824951 0.968262 0.81958 0.957031 0.824951 0.951172 0.816162 0.957031 0.824951 0.957031 0.844482 0.941895 0.850586 0.957031 0.824951 0.941895 0.850586 0.951172 0.816162 0.951172 0.816162 0.941895 0.850586 0.938965 0.830566 0.951172 0.816162 0.938965 0.830566 0.930908 0.814697 0.938965 0.830566 0.941895 0.850586 0.928711 0.841553 0.938965 0.830566 0.928711 0.841553 0.930908 0.814697 0.930908 0.814697 0.928711 0.841553 0.914551 0.832031 0.930908 0.814697 0.914551 0.832031 0.917725 0.812988 0.914551 0.832031 0.928711 0.841553 0.910156 0.845703 0.910156 0.845703 0.928711 0.841553 0.908447 0.852783 0.917725 0.812988 0.914551 0.832031 0.905518 0.831055 0.905518 0.831055 0.914551 0.832031 0.910156 0.845703 0.917725 0.812988 0.905518 0.831055 0.908936 0.802002 0.905518 0.831055 0.910156 0.845703 0.896484 0.836426 0.905518 0.831055 0.896484 0.836426 0.908936 0.802002 0.883545 0.835938 0.896484 0.836426 0.880859 0.855713 0.896484 0.836426 0.883545 0.835938 0.883301 0.828857 0.908936 0.802002 0.896484 0.836426 0.895264 0.803223 0.895264 0.803223 0.896484 0.836426 0.883301 0.828857 0.908936 0.802002 0.895264 0.803223 0.891357 0.793701 0.895264 0.803223 0.883301 0.828857 0.876465 0.817627 0.895264 0.803223 0.876465 0.817627 0.891357 0.793701 0.690186 0.015869 0.664795 0.01123 0.67627 0.004395 0.664795 0.01123 0.690186 0.015869 0.667969 0.016357 0.940918 0 0.984863 0 0.959717 0.036377 0.959717 0.036377 0.984863 0 0.993896 0.039551 0.083496 0.165527 0.091797 0.19165 0.068604 0.224365 0.091797 0.19165 0.083496 0.165527 0.0896 0.146973 0.0896 0.146973 0.083496 0.165527 0.062256 0.138428 0.091797 0.19165 0.0896 0.146973 0.099854 0.158691 0.091797 0.19165 0.099854 0.158691 0.103271 0.189209 0.099854 0.158691 0.0896 0.146973 0.107666 0.148438 0.103271 0.189209 0.099854 0.158691 0.112061 0.169678 0.112061 0.169678 0.099854 0.158691 0.107666 0.148438 0.103271 0.189209 0.112061 0.169678 0.124268 0.187988 0.103271 0.189209 0.124268 0.187988 0.116943 0.198242 0.107666 0.148438 0.0896 0.146973 0.107422 0.134766 0.107422 0.134766 0.0896 0.146973 0.092529 0.131104 0.112061 0.169678 0.107666 0.148438 0.119141 0.145508 0.119141 0.145508 0.107666 0.148438 0.107422 0.134766 0.124268 0.187988 0.112061 0.169678 0.123535 0.160645 0.123535 0.160645 0.112061 0.169678 0.119141 0.145508 0.124268 0.187988 0.123535 0.160645 0.138184 0.180176 0.124268 0.187988 0.138184 0.180176 0.134766 0.199707 0.134766 0.199707 0.138184 0.180176 0.149414 0.193848 0.138184 0.180176 0.123535 0.160645 0.144287 0.157471 0.138184 0.180176 0.144287 0.157471 0.150146 0.160156 0.123535 0.160645 0.119141 0.145508 0.128906 0.145508 0.123535 0.160645 0.128906 0.145508 0.144287 0.157471 0.128906 0.145508 0.119141 0.145508 0.120605 0.132812 0.120605 0.132812 0.119141 0.145508 0.107422 0.134766 0.144287 0.157471 0.128906 0.145508 0.140381 0.130371 0.140381 0.130371 0.128906 0.145508 0.120605 0.132812 0.144287 0.157471 0.140381 0.130371 0.154297 0.138672 0.120605 0.132812 0.107422 0.134766 0.119629 0.123779 0.119629 0.123779 0.107422 0.134766 0.108643 0.116455 0.120605 0.132812 0.119629 0.123779 0.128174 0.121094 0.120605 0.132812 0.128174 0.121094 0.140381 0.130371 0.128174 0.121094 0.119629 0.123779 0.128418 0.109375 0.128174 0.121094 0.128418 0.109375 0.144775 0.114746 0.128174 0.121094 0.144775 0.114746 0.140381 0.130371 0.140381 0.130371 0.144775 0.114746 0.154297 0.138672 0.154297 0.138672 0.144775 0.114746 0.153076 0.109375 0.153076 0.109375 0.144775 0.114746 0.152344 0.10376 0.154297 0.138672 0.153076 0.109375 0.167725 0.120605 0.167725 0.120605 0.153076 0.109375 0.165771 0.10791 0.165771 0.10791 0.153076 0.109375 0.158203 0.103027 0.751953 0.511963 0.7771 0.515137 0.801514 0.653809 0.801514 0.653809 0.7771 0.515137 0.803223 0.515137 0.169922 0.948242 0.329102 0.948242 0.329102 0.974854 0.342041 0.390381 0.337646 0.376221 0.346191 0.373779 0.342041 0.390381 0.346191 0.373779 0.351318 0.384277 0.346191 0.373779 0.337646 0.376221 0.34375 0.355469 0.346191 0.373779 0.34375 0.355469 0.357422 0.362305 0.357422 0.362305 0.34375 0.355469 0.365723 0.344971 0.34375 0.355469 0.337646 0.376221 0.333252 0.364014 0.365723 0.344971 0.34375 0.355469 0.359619 0.341064 0.34375 0.355469 0.333252 0.364014 0.34668 0.347656 0.34375 0.355469 0.34668 0.347656 0.359619 0.341064 0.34668 0.347656 0.333252 0.364014 0.332031 0.353027 0.34668 0.347656 0.332031 0.353027 0.3396 0.337402 0.359619 0.341064 0.34668 0.347656 0.350586 0.330566 0.350586 0.330566 0.34668 0.347656 0.3396 0.337402 0.359619 0.341064 0.350586 0.330566 0.363037 0.321533 0.359619 0.341064 0.363037 0.321533 0.374268 0.326172 0.374268 0.326172 0.363037 0.321533 0.381348 0.310791 0.374268 0.326172 0.381348 0.310791 0.392334 0.313721 0.381348 0.310791 0.363037 0.321533 0.355225 0.313232 0.355225 0.313232 0.363037 0.321533 0.350586 0.330566 0.381348 0.310791 0.355225 0.313232 0.385986 0.300293 0.350586 0.330566 0.3396 0.337402 0.341064 0.320068 0.350586 0.330566 0.341064 0.320068 0.355225 0.313232 0.341064 0.320068 0.3396 0.337402 0.330322 0.334229 0.341064 0.320068 0.330322 0.334229 0.340088 0.313721 0.341064 0.320068 0.340088 0.313721 0.355225 0.313232 0.385986 0.300293 0.355225 0.313232 0.341797 0.302246 0.341797 0.302246 0.355225 0.313232 0.340088 0.313721 0.385986 0.300293 0.341797 0.302246 0.384766 0.294922 0.341797 0.302246 0.340088 0.313721 0.316895 0.29834 0.384766 0.294922 0.341797 0.302246 0.38623 0.289307 0.341797 0.302246 0.316895 0.29834 0.327148 0.290039 0.38623 0.289307 0.341797 0.302246 0.364502 0.283447 0.341797 0.302246 0.327148 0.290039 0.344971 0.29248 0.341797 0.302246 0.344971 0.29248 0.364502 0.283447 0.344971 0.29248 0.327148 0.290039 0.330322 0.285645 0.364502 0.283447 0.344971 0.29248 0.334961 0.279053 0.334961 0.279053 0.344971 0.29248 0.330322 0.285645 0.364502 0.283447 0.334961 0.279053 0.364258 0.269775 0.364258 0.269775 0.334961 0.279053 0.332031 0.259033 0.332031 0.259033 0.334961 0.279053 0.322266 0.246582 0.330322 0.285645 0.327148 0.290039 0.313965 0.271484 0.330322 0.285645 0.313965 0.271484 0.334961 0.279053 0.334961 0.279053 0.313965 0.271484 0.322266 0.246582 0.322266 0.246582 0.313965 0.271484 0.313965 0.242188 0.313965 0.242188 0.313965 0.271484 0.302979 0.251221 0.313965 0.242188 0.302979 0.251221 0.295166 0.22998 0.313965 0.242188 0.295166 0.22998 0.310303 0.219238 0.310303 0.219238 0.295166 0.22998 0.28833 0.219727 0.114746 0.232666 0.115723 0.207031 0.145752 0.226318 0.114746 0.232666 0.145752 0.226318 0.171875 0.265137 0.114746 0.232666 0.171875 0.265137 0.146973 0.275146 0.171631 0.215088 0.145752 0.226318 0.152832 0.206543 0.145752 0.226318 0.171631 0.215088 0.160156 0.23291 0.145752 0.226318 0.160156 0.23291 0.171875 0.265137 0.160156 0.23291 0.171631 0.215088 0.189209 0.241455 0.160156 0.23291 0.189209 0.241455 0.171875 0.265137 0.189209 0.241455 0.171631 0.215088 0.208252 0.228516 0.146973 0.275146 0.171875 0.265137 0.17749 0.295898 0.146973 0.275146 0.17749 0.295898 0.168701 0.3125 0.168701 0.3125 0.17749 0.295898 0.191406 0.325928 0.168701 0.3125 0.191406 0.325928 0.157959 0.384277 0.191406 0.325928 0.17749 0.295898 0.208008 0.300781 0.208008 0.300781 0.17749 0.295898 0.171875 0.265137 0.193115 0.267822 0.171875 0.265137 0.189209 0.241455 0.171875 0.265137 0.193115 0.267822 0.208008 0.300781 0.202393 0.249023 0.189209 0.241455 0.208252 0.228516 0.189209 0.241455 0.202393 0.249023 0.193115 0.267822 0.202393 0.249023 0.208252 0.228516 0.235352 0.265625 0.193115 0.267822 0.202393 0.249023 0.210449 0.282471 0.193115 0.267822 0.210449 0.282471 0.208008 0.300781 0.210449 0.282471 0.202393 0.249023 0.235352 0.265625 0.208008 0.300781 0.210449 0.282471 0.234619 0.282471 0.234619 0.282471 0.210449 0.282471 0.235352 0.265625 0.208008 0.300781 0.234619 0.282471 0.234375 0.299316 0.234375 0.299316 0.234619 0.282471 0.255371 0.297607 0.255371 0.297607 0.234619 0.282471 0.235352 0.265625 0.219482 0.215088 0.235352 0.265625 0.208252 0.228516 0.255371 0.297607 0.235352 0.265625 0.246582 0.279541 0.255371 0.297607 0.246582 0.279541 0.275146 0.294189 0.275146 0.294189 0.246582 0.279541 0.268555 0.274902 0.268555 0.274902 0.246582 0.279541 0.235352 0.265625 0.235352 0.265625 0.219482 0.215088 0.242432 0.249268 0.242432 0.249268 0.219482 0.215088 0.244141 0.22876 0.242432 0.249268 0.244141 0.22876 0.265625 0.244141 0.235352 0.265625 0.242432 0.249268 0.25708 0.260498 0.25708 0.260498 0.242432 0.249268 0.265625 0.244141 0.235352 0.265625 0.25708 0.260498 0.268555 0.274902 0.25708 0.260498 0.265625 0.244141 0.278076 0.260742 0.25708 0.260498 0.278076 0.260742 0.268555 0.274902 0.278076 0.260742 0.265625 0.244141 0.291016 0.254883 0.268555 0.274902 0.278076 0.260742 0.296387 0.268311 0.020996 0.378662 0.043213 0.417236 0.021729 0.452637 0.85083 0.258789 0.857666 0.288086 0.82959 0.300537 0.857666 0.288086 0.85083 0.258789 0.876953 0.275391 0.865479 0.307861 0.857666 0.288086 0.883301 0.288086 0.883301 0.288086 0.857666 0.288086 0.876953 0.275391 0.898193 0.311279 0.883301 0.288086 0.905518 0.299072 0.905518 0.299072 0.883301 0.288086 0.919922 0.29248 0.919922 0.29248 0.883301 0.288086 0.906738 0.277588 0.906738 0.277588 0.883301 0.288086 0.876953 0.275391 0.906738 0.277588 0.876953 0.275391 0.902344 0.262939 0.902344 0.262939 0.876953 0.275391 0.893311 0.250488 0.867432 0.255127 0.876953 0.275391 0.85083 0.258789 0.876953 0.275391 0.867432 0.255127 0.893311 0.250488 0.867432 0.255127 0.85083 0.258789 0.853027 0.250244 0.867432 0.255127 0.853027 0.250244 0.86084 0.235596 0.893311 0.250488 0.867432 0.255127 0.880371 0.233643 0.880371 0.233643 0.867432 0.255127 0.86084 0.235596 0.893311 0.250488 0.880371 0.233643 0.896973 0.239502 0.880371 0.233643 0.86084 0.235596 0.861572 0.211182 0.896973 0.239502 0.880371 0.233643 0.886475 0.209961 0.886475 0.209961 0.880371 0.233643 0.861572 0.211182 0.896973 0.239502 0.886475 0.209961 0.901855 0.208496 0.901855 0.208496 0.886475 0.209961 0.891357 0.187744 0.886475 0.209961 0.861572 0.211182 0.877197 0.197266 0.886475 0.209961 0.877197 0.197266 0.891357 0.187744 0.877197 0.197266 0.861572 0.211182 0.868408 0.181885 0.877197 0.197266 0.868408 0.181885 0.891357 0.187744 0.822998 0.14209 0.821045 0.127197 0.845947 0.154785 0.845947 0.154785 0.821045 0.127197 0.825684 0.098877 0.822998 0.14209 0.845947 0.154785 0.810791 0.154053 0.825684 0.098877 0.821045 0.127197 0.817139 0.109131 0.825684 0.098877 0.817139 0.109131 0.804199 0.105713 0.817139 0.109131 0.821045 0.127197 0.811279 0.121094 0.811279 0.121094 0.821045 0.127197 0.822998 0.14209 0.817139 0.109131 0.811279 0.121094 0.804199 0.105713 0.811279 0.121094 0.822998 0.14209 0.801514 0.129883 0.811279 0.121094 0.801514 0.129883 0.804199 0.105713 0.801514 0.129883 0.822998 0.14209 0.810791 0.154053 0.804199 0.105713 0.801514 0.129883 0.780762 0.125977 0.804199 0.105713 0.780762 0.125977 0.767578 0.106934 0.801514 0.129883 0.810791 0.154053 0.789307 0.149658 0.801514 0.129883 0.789307 0.149658 0.780762 0.125977 0.789307 0.149658 0.810791 0.154053 0.79541 0.17041 0.767578 0.106934 0.780762 0.125977 0.760498 0.11792 0.789307 0.149658 0.79541 0.17041 0.774902 0.161865 0.780762 0.125977 0.789307 0.149658 0.767822 0.142334 0.767822 0.142334 0.789307 0.149658 0.774902 0.161865 0.780762 0.125977 0.767822 0.142334 0.760498 0.11792 0.767822 0.142334 0.774902 0.161865 0.769287 0.169434 0.767822 0.142334 0.769287 0.169434 0.755127 0.147461 0.760498 0.11792 0.767822 0.142334 0.747559 0.135498 0.747559 0.135498 0.767822 0.142334 0.755127 0.147461 0.760498 0.11792 0.747559 0.135498 0.745605 0.114014 0.747559 0.135498 0.755127 0.147461 0.728027 0.141846 0.745605 0.114014 0.747559 0.135498 0.730957 0.118408 0.730957 0.118408 0.747559 0.135498 0.728027 0.141846 0.427979 0.495361 0.440674 0.524902 0.427246 0.544189 0.427246 0.544189 0.440674 0.524902 0.431885 0.553711 0.427246 0.544189 0.431885 0.553711 0.394043 0.565674 0.427246 0.544189 0.394043 0.565674 0.390381 0.551758 0.394043 0.565674 0.431885 0.553711 0.418945 0.575684 0.394043 0.565674 0.418945 0.575684 0.376953 0.58667 0.376953 0.58667 0.418945 0.575684 0.390869 0.608887 0.376953 0.58667 0.390869 0.608887 0.365234 0.642578 0.418945 0.575684 0.431885 0.553711 0.440674 0.576172 0.440674 0.576172 0.431885 0.553711 0.445068 0.547119 0.390869 0.608887 0.418945 0.575684 0.413086 0.621094 0.413086 0.621094 0.418945 0.575684 0.440674 0.576172 0.390869 0.608887 0.413086 0.621094 0.365234 0.642578 0.413086 0.621094 0.440674 0.576172 0.443359 0.61792 0.443359 0.61792 0.440674 0.576172 0.463867 0.565918 0.443359 0.61792 0.463867 0.565918 0.460449 0.606445 0.443359 0.61792 0.460449 0.606445 0.474121 0.613525 0.443359 0.61792 0.474121 0.613525 0.462891 0.648682 0.413086 0.621094 0.443359 0.61792 0.438721 0.664795 0.438721 0.664795 0.443359 0.61792 0.462891 0.648682 0.438721 0.664795 0.462891 0.648682 0.459717 0.675781 0.459717 0.675781 0.462891 0.648682 0.473389 0.670166 0.473389 0.670166 0.462891 0.648682 0.50415 0.666748 0.438721 0.664795 0.459717 0.675781 0.460205 0.685791 0.460205 0.685791 0.459717 0.675781 0.473389 0.670166 0.413086 0.621094 0.438721 0.664795 0.414062 0.684326 0.414062 0.684326 0.438721 0.664795 0.460205 0.685791 0.517578 0.68457 0.506836 0.697266 0.473389 0.670166 0.473389 0.670166 0.506836 0.697266 0.494629 0.69458 0.473389 0.670166 0.494629 0.69458 0.460205 0.685791 0.460205 0.685791 0.494629 0.69458 0.466064 0.696289 0.466064 0.696289 0.494629 0.69458 0.50415 0.720703 0.460205 0.685791 0.466064 0.696289 0.433838 0.702148 0.460205 0.685791 0.433838 0.702148 0.414062 0.684326 0.433838 0.702148 0.466064 0.696289 0.44458 0.714355 0.44458 0.714355 0.466064 0.696289 0.471924 0.708008 0.433838 0.702148 0.44458 0.714355 0.410156 0.704834 0.433838 0.702148 0.410156 0.704834 0.414062 0.684326 0.414062 0.684326 0.410156 0.704834 0.391602 0.708008 0.378662 0.653809 0.413086 0.621094 0.414062 0.684326 0.413086 0.621094 0.378662 0.653809 0.365234 0.642578 0.414062 0.684326 0.391602 0.708008 0.393066 0.688965 0.414062 0.684326 0.393066 0.688965 0.378662 0.653809 0.365234 0.642578 0.378662 0.653809 0.359863 0.666504 0.359863 0.666504 0.378662 0.653809 0.393066 0.688965 0.365234 0.642578 0.359863 0.666504 0.344971 0.645752 0.393066 0.688965 0.391602 0.708008 0.374756 0.6875 0.393066 0.688965 0.374756 0.6875 0.359863 0.666504 0.374756 0.6875 0.391602 0.708008 0.372559 0.709717 0.344971 0.645752 0.359863 0.666504 0.364014 0.688232 0.364014 0.688232 0.359863 0.666504 0.374756 0.6875 0.364014 0.688232 0.374756 0.6875 0.372559 0.709717 0.344971 0.645752 0.364014 0.688232 0.346924 0.681152 0.346924 0.681152 0.364014 0.688232 0.372559 0.709717 0.346924 0.681152 0.372559 0.709717 0.342285 0.692627 0.346924 0.681152 0.342285 0.692627 0.3396 0.686279 0.342285 0.692627 0.372559 0.709717 0.328613 0.704346 0.328613 0.704346 0.372559 0.709717 0.363037 0.719238 0.328613 0.704346 0.363037 0.719238 0.331055 0.716797</float_array>
          <technique_common>
            <accessor source="#Bed_Level_3-mesh-map-0-array" count="4500" stride="2">
              <param name="S" type="float"/>
              <param name="T" type="float"/>
            </accessor>
          </technique_common>
        </source>
        <vertices id="Bed_Level_3-mesh-vertices">
          <input semantic="POSITION" source="#Bed_Level_3-mesh-positions"/>
        </vertices>
        <polylist material="Material_-1-material" count="6">
          <input semantic="VERTEX" source="#Bed_Level_3-mesh-vertices" offset="0"/>
          <input semantic="NORMAL" source="#Bed_Level_3-mesh-normals" offset="1"/>
          <input semantic="TEXCOORD" source="#Bed_Level_3-mesh-map-0" offset="2" set="0"/>
          <vcount>3 3 3 3 3 3 3 3 3 3 3 3 3 3 3 3 3 3 3 3 3 3 3 3 3 3 3 3 3 3 3 3 3 3 3 3 3 3 3 3 3 3 3 3 3 3 3 3 3 3 3 3 3 3 3 3 3 3 3 3 3 3 3 3 3 3 3 3 3 3 3 3 3 3 3 3 3 3 3 3 3 3 3 3 3 3 3 3 3 3 3 3 3 3 3 3 3 3 3 3 3 3 3 3 3 3 3 3 3 3 3 3 3 3 3 3 3 3 3 3 3 3 3 3 3 3 3 3 3 3 3 3 3 3 3 3 3 3 3 3 3 3 3 3 3 3 3 3 3 3 3 3 3 3 3 3 3 3 3 3 3 3 3 3 3 3 3 3 3 3 3 3 3 3 3 3 3 3 3 3 3 3 3 3 3 3 3 3 3 3 3 3 3 3 3 3 3 3 3 3 3 3 3 3 3 3 3 3 3 3 3 3 3 3 3 3 3 3 3 3 3 3 3 3 3 3 3 3 3 3 3 3 3 3 3 3 3 3 3 3 3 3 3 3 3 3 3 3 3 3 3 3 3 3 3 3 3 3 3 3 3 3 3 3 3 3 3 3 3 3 3 3 3 3 3 3 3 3 3 3 3 3 3 3 3 3 3 3 3 3 3 3 3 3 3 3 3 3 3 3 3 3 3 3 3 3 3 3 3 3 3 3 3 3 3 3 3 3 3 3 3 3 3 3 3 3 3 3 3 3 3 3 3 3 3 3 3 3 3 3 3 3 3 3 3 3 3 3 3 3 3 3 3 3 3 3 3 3 3 3 3 3 3 3 3 3 3 3 3 3 3 3 3 3 3 3 3 3 3 3 3 3 3 3 3 3 3 3 3 3 3 3 3 3 3 3 3 3 3 3 3 3 3 3 3 3 3 3 3 3 3 3 3 3 3 3 3 3 3 3 3 3 3 3 3 3 3 3 3 3 3 3 3 3 3 3 3 3 3 3 3 3 3 3 3 3 3 3 3 3 3 3 3 3 3 3 3 3 3 3 3 3 3 3 3 3 3 3 3 3 3 3 3 3 3 3 3 3 3 3 3 3 3 3 3 3 3 3 3 3 3 3 3 3 3 3 3 3 3 3 3 3 3 3 3 3 3 3 3 3 3 3 3 3 3 3 3 3 3 3 3 3 3 3 3 3 3 3 3 3 3 3 3 3 3 3 3 3 3 3 3 3 3 3 3 3 3 3 3 3 3 3 3 3 3 3 3 3 3 3 3 3 3 3 3 3 3 3 3 3 3 3 3 3 3 3 3 3 3 3 3 3 3 3 3 3 3 3 3 3 3 3 3 3 3 3 3 3 3 3 3 3 3 3 3 3 3 3 3 3 3 3 3 3 3 3 3 3 3 3 3 3 3 3 3 3 3 3 3 3 3 3 3 3 3 3 3 3 3 3 3 3 3 3 3 3 3 3 3 3 3 3 3 3 3 3 3 3 3 3 3 3 3 3 3 3 3 3 3 3 3 3 3 3 3 3 3 3 3 3 3 3 3 3 3 3 3 3 3 3 3 3 3 3 3 3 3 3 3 3 3 3 3 3 3 3 3 3 3 3 3 3 3 3 3 3 3 3 3 3 3 3 3 3 3 3 3 3 3 3 3 3 3 3 3 3 3 3 3 3 3 3 3 3 3 3 3 3 3 3 3 3 3 3 3 3 3 3 3 3 3 3 3 3 3 3 3 3 3 3 3 3 3 3 3 3 3 3 3 3 3 3 3 3 3 3 3 3 3 3 3 3 3 3 3 3 3 3 3 3 3 3 3 3 3 3 3 3 3 3 3 3 3 3 3 3 3 3 3 3 3 3 3 3 3 3 3 3 3 3 3 3 3 3 3 3 3 3 3 3 3 3 3 3 3 3 3 3 3 3 3 3 3 3 3 3 3 3 3 3 3 3 3 3 3 3 3 3 3 3 3 3 3 3 3 3 3 3 3 3 3 3 3 3 3 3 3 3 3 3 3 3 3 3 3 3 3 3 3 3 3 3 3 3 3 3 3 3 3 3 3 3 3 3 3 3 3 3 3 3 3 3 3 3 3 3 3 3 3 3 3 3 3 3 3 3 3 3 3 3 3 3 3 3 3 3 3 3 3 3 3 3 3 3 3 3 3 3 3 3 3 3 3 3 3 3 3 3 3 3 3 3 3 3 3 3 3 3 3 3 3 3 3 3 3 3 3 3 3 3 3 3 3 3 3 3 3 3 3 3 3 3 3 3 3 3 3 3 3 3 3 3 3 3 3 3 3 3 3 3 3 3 3 3 3 3 3 3 3 3 3 3 3 3 3 3 3 3 3 3 3 3 3 3 3 3 3 3 3 3 3 3 3 3 3 3 3 3 3 3 3 3 3 3 3 3 3 3 3 3 3 3 3 3 3 3 3 3 3 3 3 3 3 3 3 3 3 3 3 3 3 3 3 3 3 3 3 3 3 3 3 3 3 3 3 3 3 3 3 3 3 3 3 3 3 3 3 3 3 3 3 3 3 3 3 3 3 3 3 3 3 3 3 3 3 3 3 3 3 3 3 3 3 3 3 3 3 3 3 3 3 3 3 3 3 3 3 3 3 3 3 3 3 3 3 3 3 3 3 3 3 3 3 3 3 3 3 3 3 3 3 3 3 3 3 3 3 3 3 3 3 3 3 3 3 3 3 3 3 3 3 3 3 3 3 3 3 3 3 3 3 3 3 3 3 3 3 3 3 3 3 3 3 3 3 3 3 3 3 3 3 3 3 3 3 3 3 3 3 3 3 3 3 3 3 3 3 3 3 3 3 3 3 3 3 3 3 3 3 3 3 3 3 3 3 3 3 3 3 3 3 3 3 3 3 3 3 3 3 3 3 3 3 3 3 3 3 3 3 3 3 3 3 3 3 3 3 3 3 3 3 3 3 3 3 3 3 3 3 3 3 3 3 3 3 3 3 3 3 3 3 3 3 3 3 3 3 3 3 3 3 3 3 3 3 3 3 3 3 3 3 3 3 3 3 3 3 3 3 3 3 3 3 3 3 3 3 3 3 3 3 3 3 3 3 3 3 3 3 3 3 3 3 3 3 3 3 3 3 3 3 3 3 3 3 3 3 3 3 3 3 3 3 3 3 3 3 3 3 3 3 3 3 3 3 3 3 3 3 3 3 3 3 3 3 3 3 3 3 3 3 3 3 3 3 3 3 3 3 3 3 3 3 3 3 3 3 3 3 3 3 3 3 3 3 3 3 3 3 3 3 3 3 3 3 3 3 3 3 3 3 3 3 3 3 3 3 3 3 3 3 3 3 3 3 3 3 3 3 3 3 3 3 3 3 3 3 3 3 3 3 3 3 3 3 3 3 3 3 3</vcount>
          <p>0 0 0 1 0 1 2 0 2 2 1 3 1 1 4 3 1 5 2 2 6 3 2 7 4 2 8 4 3 9 3 3 10 5 3 11 4 4 12 5 4 13 6 4 14 5 5 15 3 5 16 7 5 17 7 6 18 3 6 19 8 6 20 8 7 21 3 7 22 1 7 23 8 8 24 1 8 25 9 8 26 9 9 27 1 9 28 10 9 29 10 10 30 1 10 31 11 10 32 11 11 33 1 11 34 12 11 35 10 12 36 11 12 37 13 12 38 5 13 39 7 13 40 14 13 41 14 14 42 7 14 43 15 14 44 14 15 45 15 15 46 16 15 47 5 16 48 14 16 49 17 16 50 17 17 51 14 17 52 16 17 53 5 18 54 17 18 55 18 18 56 17 19 57 16 19 58 19 19 59 4 20 60 20 20 61 2 20 62 20 21 63 4 21 64 21 21 65 20 22 66 21 22 67 22 22 68 21 23 69 4 23 70 6 23 71 23 24 72 24 24 73 20 24 74 23 25 75 25 25 76 24 25 77 24 26 78 25 26 79 26 26 80 24 27 81 26 27 82 27 27 83 27 28 84 26 28 85 25 28 86 27 29 87 25 29 88 28 29 89 28 30 90 25 30 91 23 30 92 28 31 93 23 31 94 29 31 95 29 32 96 23 32 97 22 32 98 22 33 99 23 33 100 20 33 101 2 34 102 20 34 103 0 34 104 0 35 105 20 35 106 24 35 107 0 36 108 24 36 109 30 36 110 30 37 111 24 37 112 27 37 113 0 38 114 12 38 115 1 38 116 12 39 117 0 39 118 11 39 119 31 40 120 32 40 121 11 40 122 11 41 123 0 41 124 33 41 125 11 42 126 33 42 127 31 42 128 33 43 129 0 43 130 34 43 131 34 44 132 0 44 133 30 44 134 31 45 135 33 45 136 35 45 137 35 46 138 33 46 139 34 46 140 31 47 141 35 47 142 36 47 143 36 48 144 35 48 145 37 48 146 35 49 147 34 49 148 38 49 149 35 50 150 38 50 151 37 50 152 37 51 153 38 51 154 39 51 155 38 52 156 34 52 157 40 52 158 38 53 159 40 53 160 41 53 161 41 54 162 40 54 163 42 54 164 41 55 165 42 55 166 43 55 167 41 56 168 43 56 169 44 56 170 27 57 171 34 57 172 30 57 173 34 58 174 27 58 175 28 58 176 34 59 177 28 59 178 45 59 179 45 60 180 28 60 181 29 60 182 45 61 183 29 61 184 22 61 185 34 62 186 45 62 187 40 62 188 40 63 189 45 63 190 18 63 191 40 64 192 18 64 193 42 64 194 42 65 195 18 65 196 46 65 197 42 66 198 46 66 199 9 66 200 9 67 201 46 67 202 18 67 203 9 68 204 18 68 205 8 68 206 21 69 207 6 69 208 22 69 209 22 70 210 6 70 211 5 70 212 22 71 213 5 71 214 45 71 215 37 72 216 39 72 217 36 72 218 36 73 219 39 73 220 47 73 221 32 74 222 31 74 223 36 74 224 32 75 225 36 75 226 47 75 227 47 76 228 39 76 229 48 76 230 49 77 231 50 77 232 32 77 233 32 78 234 47 78 235 51 78 236 32 79 237 51 79 238 49 79 239 51 80 240 47 80 241 52 80 242 52 81 243 47 81 244 48 81 245 49 82 246 51 82 247 53 82 248 53 83 249 51 83 250 52 83 251 49 84 252 53 84 253 54 84 254 53 85 255 52 85 256 55 85 257 56 86 258 57 86 259 53 86 260 56 87 261 53 87 262 55 87 263 58 88 264 59 88 265 56 88 266 58 89 267 56 89 268 55 89 269 55 90 270 52 90 271 60 90 272 60 91 273 52 91 274 48 91 275 58 92 276 55 92 277 61 92 278 58 93 279 61 93 280 62 93 281 62 94 282 61 94 283 63 94 284 63 95 285 61 95 286 64 95 287 61 96 288 55 96 289 65 96 290 65 97 291 55 97 292 60 97 293 64 98 294 61 98 295 66 98 296 61 99 297 65 99 298 67 99 299 67 100 300 65 100 301 60 100 302 61 101 303 67 101 304 66 101 305 64 102 306 66 102 307 68 102 308 68 103 309 66 103 310 69 103 311 68 104 312 69 104 313 70 104 314 70 105 315 69 105 316 71 105 317 69 106 318 66 106 319 72 106 320 72 107 321 66 107 322 67 107 323 71 108 324 69 108 325 73 108 326 71 109 327 73 109 328 74 109 329 74 110 330 73 110 331 75 110 332 74 111 333 75 111 334 76 111 335 76 112 336 75 112 337 77 112 338 75 113 339 73 113 340 78 113 341 73 114 342 69 114 343 79 114 344 73 115 345 79 115 346 78 115 347 79 116 348 69 116 349 72 116 350 80 117 351 81 117 352 78 117 353 80 118 354 78 118 355 79 118 356 80 119 357 79 119 358 82 119 359 80 120 360 82 120 361 83 120 362 82 121 363 79 121 364 84 121 365 82 122 366 84 122 367 83 122 368 79 123 369 72 123 370 85 123 371 79 124 372 85 124 373 84 124 374 85 125 375 72 125 376 86 125 377 86 126 378 72 126 379 67 126 380 85 127 381 86 127 382 87 127 383 85 128 384 87 128 385 84 128 386 87 129 387 86 129 388 67 129 389 88 130 390 83 130 391 84 130 392 88 131 393 84 131 394 87 131 395 83 132 396 88 132 397 89 132 398 89 133 399 88 133 400 90 133 401 90 134 402 88 134 403 91 134 404 91 135 405 88 135 406 87 135 407 87 136 408 67 136 409 92 136 410 87 137 411 92 137 412 91 137 413 92 138 414 67 138 415 60 138 416 91 139 417 92 139 418 93 139 419 93 140 420 92 140 421 60 140 422 93 141 423 60 141 424 48 141 425 93 142 426 48 142 427 94 142 428 94 143 429 48 143 430 41 143 431 94 144 432 41 144 433 95 144 434 95 145 435 41 145 436 44 145 437 41 146 438 48 146 439 39 146 440 41 147 441 39 147 442 38 147 443 96 148 444 97 148 445 13 148 446 13 149 447 97 149 448 98 149 449 98 150 450 97 150 451 96 150 452 98 151 453 96 151 454 99 151 455 96 152 456 13 152 457 100 152 458 100 153 459 13 153 460 11 153 461 96 154 462 100 154 463 101 154 464 96 155 465 101 155 466 99 155 467 99 156 468 101 156 469 102 156 470 13 157 471 98 157 472 103 157 473 103 158 474 98 158 475 99 158 476 13 159 477 103 159 478 104 159 479 13 160 480 104 160 481 10 160 482 10 161 483 104 161 484 9 161 485 104 162 486 43 162 487 9 162 488 9 163 489 43 163 490 42 163 491 43 164 492 104 164 493 105 164 494 105 165 495 104 165 496 106 165 497 43 166 498 105 166 499 107 166 500 107 167 501 105 167 502 108 167 503 107 168 504 108 168 505 109 168 506 101 169 507 110 169 508 102 169 509 102 170 510 110 170 511 111 170 512 100 171 513 112 171 514 101 171 515 11 172 516 113 172 517 100 172 518 32 173 519 113 173 520 11 173 521 113 174 522 112 174 523 100 174 524 44 175 525 107 175 526 95 175 527 107 176 528 44 176 529 43 176 530 95 177 531 107 177 532 94 177 533 94 178 534 107 178 535 90 178 536 94 179 537 90 179 538 93 179 539 93 180 540 90 180 541 91 180 542 90 181 543 107 181 544 114 181 545 90 182 546 114 182 547 89 182 548 114 183 549 107 183 550 109 183 551 114 184 552 109 184 553 115 184 554 114 185 555 115 185 556 116 185 557 115 186 558 109 186 559 117 186 560 115 187 561 117 187 562 118 187 563 115 188 564 118 188 565 119 188 566 115 189 567 119 189 568 120 189 569 103 190 570 106 190 571 104 190 572 121 191 573 15 191 574 7 191 575 121 192 576 7 192 577 8 192 578 121 193 579 8 193 580 122 193 581 122 194 582 8 194 583 18 194 584 121 195 585 122 195 586 123 195 587 121 196 588 123 196 589 15 196 590 15 197 591 123 197 592 19 197 593 15 198 594 19 198 595 16 198 596 103 199 597 99 199 598 124 199 599 124 200 600 99 200 601 102 200 602 103 201 603 124 201 604 125 201 605 125 202 606 124 202 607 126 202 608 103 203 609 125 203 610 127 203 611 103 204 612 127 204 613 106 204 614 125 205 615 126 205 616 128 205 617 128 206 618 126 206 619 129 206 620 128 207 621 129 207 622 130 207 623 130 208 624 129 208 625 131 208 626 130 209 627 131 209 628 132 209 629 130 210 630 132 210 631 128 210 632 125 211 633 128 211 634 133 211 635 125 212 636 133 212 637 127 212 638 133 213 639 128 213 640 134 213 641 133 214 642 134 214 643 135 214 644 127 215 645 133 215 646 136 215 647 136 216 648 133 216 649 135 216 650 127 217 651 136 217 652 106 217 653 106 218 654 136 218 655 135 218 656 106 219 657 135 219 658 137 219 659 106 220 660 137 220 661 105 220 662 105 221 663 137 221 664 108 221 665 135 222 666 138 222 667 137 222 668 137 223 669 138 223 670 139 223 671 137 224 672 139 224 673 140 224 674 137 225 675 140 225 676 141 225 677 137 226 678 141 226 679 108 226 680 108 227 681 141 227 682 142 227 683 143 228 684 144 228 685 141 228 686 141 229 687 144 229 688 142 229 689 108 230 690 142 230 691 145 230 692 108 231 693 145 231 694 117 231 695 117 232 696 145 232 697 142 232 698 108 233 699 117 233 700 109 233 701 117 234 702 142 234 703 146 234 704 146 235 705 142 235 706 144 235 707 117 236 708 146 236 709 118 236 710 146 237 711 144 237 712 147 237 713 147 238 714 144 238 715 148 238 716 146 239 717 147 239 718 149 239 719 146 240 720 149 240 721 118 240 722 118 241 723 149 241 724 150 241 725 150 242 726 149 242 727 151 242 728 118 243 729 150 243 730 119 243 731 119 244 732 150 244 733 152 244 734 153 245 735 129 245 736 126 245 737 129 246 738 153 246 739 154 246 740 129 247 741 154 247 742 131 247 743 131 248 744 154 248 745 153 248 746 131 249 747 153 249 748 155 249 749 131 250 750 155 250 751 132 250 752 153 251 753 126 251 754 156 251 755 153 252 756 156 252 757 155 252 758 156 253 759 126 253 760 124 253 761 156 254 762 124 254 763 102 254 764 155 255 765 156 255 766 157 255 767 155 256 768 157 256 769 132 256 770 157 257 771 156 257 772 158 257 773 156 258 774 102 258 775 159 258 776 156 259 777 159 259 778 158 259 779 159 260 780 102 260 781 111 260 782 159 261 783 111 261 784 160 261 785 157 262 786 158 262 787 161 262 788 161 263 789 158 263 790 159 263 791 159 264 792 160 264 793 162 264 794 157 265 795 161 265 796 163 265 797 157 266 798 163 266 799 132 266 800 163 267 801 161 267 802 159 267 803 159 268 804 162 268 805 164 268 806 159 269 807 164 269 808 163 269 809 164 270 810 162 270 811 165 270 812 164 271 813 165 271 814 163 271 815 132 272 816 163 272 817 128 272 818 163 273 819 165 273 820 134 273 821 163 274 822 134 274 823 128 274 824 19 275 825 123 275 826 166 275 827 166 276 828 123 276 829 122 276 830 19 277 831 166 277 832 17 277 833 166 278 834 122 278 835 18 278 836 166 279 837 18 279 838 17 279 839 18 280 840 45 280 841 5 280 842 139 281 843 167 281 844 140 281 845 167 282 846 139 282 847 168 282 848 168 283 849 139 283 850 138 283 851 169 284 852 168 284 853 138 284 854 168 285 855 169 285 856 134 285 857 169 286 858 138 286 859 135 286 860 169 287 861 135 287 862 134 287 863 170 288 864 140 288 865 167 288 866 140 289 867 170 289 868 171 289 869 140 290 870 171 290 871 172 290 872 168 291 873 170 291 874 167 291 875 170 292 876 168 292 877 171 292 878 171 293 879 168 293 880 173 293 881 171 294 882 173 294 883 174 294 884 173 295 885 168 295 886 165 295 887 173 296 888 165 296 889 175 296 890 165 297 891 168 297 892 134 297 893 173 298 894 176 298 895 174 298 896 174 299 897 176 299 898 171 299 899 176 300 900 173 300 901 177 300 902 177 301 903 173 301 904 175 301 905 177 302 906 175 302 907 178 302 908 177 303 909 178 303 910 179 303 911 171 304 912 176 304 913 180 304 914 171 305 915 180 305 916 181 305 917 181 306 918 180 306 919 182 306 920 181 307 921 182 307 922 183 307 923 182 308 924 180 308 925 184 308 926 185 309 927 184 309 928 179 309 929 180 310 930 176 310 931 186 310 932 180 311 933 186 311 934 184 311 935 186 312 936 176 312 937 177 312 938 179 313 939 184 313 940 187 313 941 187 314 942 184 314 943 186 314 944 179 315 945 187 315 946 188 315 947 186 316 948 177 316 949 189 316 950 186 317 951 189 317 952 187 317 953 189 318 954 177 318 955 179 318 956 187 319 957 189 319 958 188 319 959 188 320 960 189 320 961 179 320 962 165 321 963 190 321 964 175 321 965 175 322 966 190 322 967 178 322 968 178 323 969 190 323 970 191 323 971 190 324 972 165 324 973 162 324 974 190 325 975 162 325 976 191 325 977 191 326 978 162 326 979 192 326 980 192 327 981 162 327 982 193 327 983 193 328 984 162 328 985 194 328 986 194 329 987 162 329 988 160 329 989 194 330 990 160 330 991 111 330 992 193 331 993 194 331 994 195 331 995 195 332 996 194 332 997 111 332 998 192 333 999 193 333 1000 196 333 1001 196 334 1002 193 334 1003 195 334 1004 195 335 1005 111 335 1006 197 335 1007 195 336 1008 197 336 1009 196 336 1010 197 337 1011 111 337 1012 198 337 1013 192 338 1014 196 338 1015 199 338 1016 199 339 1017 196 339 1018 197 339 1019 192 340 1020 199 340 1021 200 340 1022 200 341 1023 199 341 1024 201 341 1025 201 342 1026 199 342 1027 197 342 1028 200 343 1029 201 343 1030 202 343 1031 202 344 1032 201 344 1033 197 344 1034 202 345 1035 197 345 1036 203 345 1037 141 346 1038 140 346 1039 172 346 1040 141 347 1041 172 347 1042 143 347 1043 143 348 1044 172 348 1045 204 348 1046 204 349 1047 172 349 1048 205 349 1049 143 350 1050 204 350 1051 148 350 1052 143 351 1053 148 351 1054 144 351 1055 148 352 1056 204 352 1057 206 352 1058 150 353 1059 151 353 1060 152 353 1061 120 354 1062 119 354 1063 152 354 1064 120 355 1065 152 355 1066 207 355 1067 207 356 1068 152 356 1069 208 356 1070 208 357 1071 152 357 1072 151 357 1073 207 358 1074 208 358 1075 209 358 1076 208 359 1077 151 359 1078 210 359 1079 208 360 1080 210 360 1081 211 360 1082 210 361 1083 151 361 1084 149 361 1085 211 362 1086 210 362 1087 212 362 1088 212 363 1089 210 363 1090 149 363 1091 212 364 1092 149 364 1093 147 364 1094 212 365 1095 147 365 1096 148 365 1097 212 366 1098 148 366 1099 213 366 1100 110 367 1101 101 367 1102 214 367 1103 214 368 1104 101 368 1105 112 368 1106 110 369 1107 214 369 1108 215 369 1109 215 370 1110 214 370 1111 216 370 1112 217 371 1113 111 371 1114 110 371 1115 217 372 1116 110 372 1117 218 372 1118 205 373 1119 206 373 1120 204 373 1121 206 374 1122 205 374 1123 219 374 1124 206 375 1125 219 375 1126 220 375 1127 172 376 1128 221 376 1129 219 376 1130 172 377 1131 219 377 1132 205 377 1133 219 378 1134 221 378 1135 222 378 1136 222 379 1137 221 379 1138 223 379 1139 223 380 1140 221 380 1141 224 380 1142 219 381 1143 222 381 1144 225 381 1145 225 382 1146 222 382 1147 223 382 1148 223 383 1149 224 383 1150 226 383 1151 223 384 1152 226 384 1153 227 384 1154 227 385 1155 226 385 1156 228 385 1157 223 386 1158 227 386 1159 229 386 1160 229 387 1161 227 387 1162 228 387 1163 223 388 1164 229 388 1165 225 388 1166 229 389 1167 228 389 1168 230 389 1169 231 390 1170 219 390 1171 225 390 1172 231 391 1173 225 391 1174 229 391 1175 219 392 1176 231 392 1177 232 392 1178 231 393 1179 229 393 1180 233 393 1181 233 394 1182 229 394 1183 230 394 1184 231 395 1185 233 395 1186 232 395 1187 219 396 1188 232 396 1189 234 396 1190 233 397 1191 230 397 1192 235 397 1193 235 398 1194 230 398 1195 236 398 1196 237 399 1197 238 399 1198 236 399 1199 236 400 1200 238 400 1201 217 400 1202 236 401 1203 217 401 1204 235 401 1205 234 402 1206 232 402 1207 239 402 1208 234 403 1209 239 403 1210 220 403 1211 220 404 1212 239 404 1213 240 404 1214 239 405 1215 232 405 1216 241 405 1217 239 406 1218 241 406 1219 240 406 1220 241 407 1221 232 407 1222 242 407 1223 242 408 1224 232 408 1225 233 408 1226 240 409 1227 241 409 1228 243 409 1229 243 410 1230 241 410 1231 242 410 1232 240 411 1233 243 411 1234 244 411 1235 240 412 1236 244 412 1237 245 412 1238 244 413 1239 243 413 1240 246 413 1241 246 414 1242 243 414 1243 242 414 1244 244 415 1245 246 415 1246 247 415 1247 247 416 1248 246 416 1249 248 416 1250 248 417 1251 246 417 1252 242 417 1253 247 418 1254 248 418 1255 249 418 1256 248 419 1257 242 419 1258 250 419 1259 249 420 1260 248 420 1261 251 420 1262 249 421 1263 251 421 1264 252 421 1265 252 422 1266 251 422 1267 253 422 1268 251 423 1269 248 423 1270 254 423 1271 251 424 1272 254 424 1273 253 424 1274 254 425 1275 248 425 1276 250 425 1277 250 426 1278 242 426 1279 255 426 1280 250 427 1281 255 427 1282 254 427 1283 255 428 1284 242 428 1285 233 428 1286 255 429 1287 233 429 1288 235 429 1289 255 430 1290 235 430 1291 217 430 1292 253 431 1293 254 431 1294 256 431 1295 253 432 1296 256 432 1297 257 432 1298 257 433 1299 256 433 1300 254 433 1301 257 434 1302 254 434 1303 258 434 1304 258 435 1305 254 435 1306 255 435 1307 257 436 1308 258 436 1309 259 436 1310 259 437 1311 258 437 1312 255 437 1313 259 438 1314 255 438 1315 217 438 1316 257 439 1317 259 439 1318 218 439 1319 218 440 1320 259 440 1321 217 440 1322 206 441 1323 213 441 1324 148 441 1325 213 442 1326 206 442 1327 260 442 1328 115 443 1329 261 443 1330 116 443 1331 261 444 1332 115 444 1333 120 444 1334 116 445 1335 261 445 1336 262 445 1337 116 446 1338 262 446 1339 114 446 1340 114 447 1341 262 447 1342 263 447 1343 263 448 1344 262 448 1345 261 448 1346 114 449 1347 263 449 1348 264 449 1349 263 450 1350 261 450 1351 265 450 1352 263 451 1353 265 451 1354 264 451 1355 264 452 1356 265 452 1357 266 452 1358 267 453 1359 261 453 1360 120 453 1361 264 454 1362 266 454 1363 268 454 1364 264 455 1365 268 455 1366 83 455 1367 268 456 1368 266 456 1369 269 456 1370 83 457 1371 268 457 1372 270 457 1373 268 458 1374 269 458 1375 271 458 1376 268 459 1377 271 459 1378 270 459 1379 267 460 1380 120 460 1381 272 460 1382 267 461 1383 272 461 1384 261 461 1385 261 462 1386 272 462 1387 273 462 1388 272 463 1389 120 463 1390 207 463 1391 272 464 1392 207 464 1393 274 464 1394 272 465 1395 274 465 1396 275 465 1397 274 466 1398 207 466 1399 209 466 1400 276 467 1401 214 467 1402 112 467 1403 214 468 1404 276 468 1405 216 468 1406 277 469 1407 278 469 1408 279 469 1409 277 470 1410 279 470 1411 280 470 1412 279 471 1413 278 471 1414 245 471 1415 279 472 1416 245 472 1417 281 472 1418 110 473 1419 215 473 1420 279 473 1421 279 474 1422 215 474 1423 280 474 1424 110 475 1425 279 475 1426 281 475 1427 280 476 1428 215 476 1429 277 476 1430 277 477 1431 215 477 1432 282 477 1433 277 478 1434 282 478 1435 278 478 1436 278 479 1437 282 479 1438 245 479 1439 245 480 1440 282 480 1441 240 480 1442 283 481 1443 282 481 1444 284 481 1445 284 482 1446 282 482 1447 215 482 1448 283 483 1449 284 483 1450 285 483 1451 284 484 1452 215 484 1453 286 484 1454 286 485 1455 215 485 1456 216 485 1457 286 486 1458 216 486 1459 287 486 1460 286 487 1461 287 487 1462 288 487 1463 284 488 1464 286 488 1465 289 488 1466 289 489 1467 286 489 1468 288 489 1469 285 490 1470 284 490 1471 290 490 1472 290 491 1473 284 491 1474 289 491 1475 291 492 1476 283 492 1477 285 492 1478 291 493 1479 285 493 1480 290 493 1481 283 494 1482 291 494 1483 292 494 1484 291 495 1485 290 495 1486 293 495 1487 291 496 1488 293 496 1489 292 496 1490 293 497 1491 290 497 1492 294 497 1493 294 498 1494 290 498 1495 289 498 1496 293 499 1497 294 499 1498 295 499 1499 293 500 1500 295 500 1501 292 500 1502 294 501 1503 289 501 1504 296 501 1505 294 502 1506 296 502 1507 295 502 1508 297 503 1509 289 503 1510 288 503 1511 297 504 1512 288 504 1513 298 504 1514 296 505 1515 289 505 1516 299 505 1517 299 506 1518 289 506 1519 297 506 1520 297 507 1521 298 507 1522 300 507 1523 297 508 1524 300 508 1525 299 508 1526 300 509 1527 298 509 1528 301 509 1529 296 510 1530 299 510 1531 302 510 1532 296 511 1533 302 511 1534 295 511 1535 302 512 1536 299 512 1537 300 512 1538 295 513 1539 302 513 1540 292 513 1541 302 514 1542 300 514 1543 303 514 1544 302 515 1545 303 515 1546 292 515 1547 303 516 1548 300 516 1549 304 516 1550 304 517 1551 300 517 1552 305 517 1553 304 518 1554 305 518 1555 306 518 1556 306 519 1557 305 519 1558 307 519 1559 303 520 1560 304 520 1561 308 520 1562 308 521 1563 304 521 1564 306 521 1565 306 522 1566 307 522 1567 309 522 1568 306 523 1569 309 523 1570 308 523 1571 309 524 1572 307 524 1573 310 524 1574 309 525 1575 310 525 1576 311 525 1577 309 526 1578 311 526 1579 308 526 1580 303 527 1581 308 527 1582 312 527 1583 269 528 1584 266 528 1585 311 528 1586 311 529 1587 266 529 1588 265 529 1589 308 530 1590 311 530 1591 313 530 1592 308 531 1593 313 531 1594 312 531 1595 313 532 1596 311 532 1597 265 532 1598 303 533 1599 312 533 1600 314 533 1601 314 534 1602 312 534 1603 313 534 1604 314 535 1605 313 535 1606 265 535 1607 303 536 1608 314 536 1609 292 536 1610 314 537 1611 265 537 1612 315 537 1613 315 538 1614 265 538 1615 261 538 1616 292 539 1617 314 539 1618 316 539 1619 292 540 1620 316 540 1621 283 540 1622 316 541 1623 314 541 1624 317 541 1625 317 542 1626 314 542 1627 315 542 1628 316 543 1629 317 543 1630 318 543 1631 318 544 1632 317 544 1633 315 544 1634 316 545 1635 318 545 1636 220 545 1637 315 546 1638 261 546 1639 319 546 1640 319 547 1641 261 547 1642 273 547 1643 318 548 1644 315 548 1645 320 548 1646 318 549 1647 320 549 1648 220 549 1649 320 550 1650 315 550 1651 319 550 1652 220 551 1653 320 551 1654 260 551 1655 220 552 1656 260 552 1657 206 552 1658 320 553 1659 319 553 1660 321 553 1661 320 554 1662 321 554 1663 260 554 1664 321 555 1665 319 555 1666 273 555 1667 260 556 1668 321 556 1669 213 556 1670 213 557 1671 321 557 1672 322 557 1673 322 558 1674 321 558 1675 273 558 1676 322 559 1677 273 559 1678 275 559 1679 275 560 1680 273 560 1681 272 560 1682 322 561 1683 275 561 1684 323 561 1685 323 562 1686 275 562 1687 209 562 1688 209 563 1689 275 563 1690 274 563 1691 240 564 1692 282 564 1693 283 564 1694 240 565 1695 283 565 1696 316 565 1697 240 566 1698 316 566 1699 220 566 1700 281 567 1701 218 567 1702 110 567 1703 245 568 1704 244 568 1705 281 568 1706 281 569 1707 244 569 1708 324 569 1709 281 570 1710 324 570 1711 218 570 1712 324 571 1713 244 571 1714 247 571 1715 324 572 1716 247 572 1717 325 572 1718 324 573 1719 325 573 1720 218 573 1721 325 574 1722 247 574 1723 249 574 1724 325 575 1725 249 575 1726 252 575 1727 325 576 1728 252 576 1729 253 576 1730 325 577 1731 253 577 1732 218 577 1733 218 578 1734 253 578 1735 257 578 1736 219 579 1737 234 579 1738 220 579 1739 171 580 1740 181 580 1741 172 580 1742 172 581 1743 181 581 1744 221 581 1745 221 582 1746 181 582 1747 183 582 1748 89 583 1749 114 583 1750 264 583 1751 89 584 1752 264 584 1753 83 584 1754 184 585 1755 183 585 1756 182 585 1757 183 586 1758 184 586 1759 326 586 1760 326 587 1761 184 587 1762 327 587 1763 326 588 1764 327 588 1765 183 588 1766 183 589 1767 327 589 1768 224 589 1769 183 590 1770 224 590 1771 221 590 1772 111 591 1773 217 591 1774 238 591 1775 111 592 1776 238 592 1777 328 592 1778 111 593 1779 328 593 1780 198 593 1781 198 594 1782 328 594 1783 238 594 1784 198 595 1785 238 595 1786 329 595 1787 329 596 1788 238 596 1789 237 596 1790 329 597 1791 237 597 1792 330 597 1793 329 598 1794 330 598 1795 198 598 1796 198 599 1797 330 599 1798 331 599 1799 327 600 1800 332 600 1801 224 600 1802 224 601 1803 332 601 1804 226 601 1805 226 602 1806 332 602 1807 333 602 1808 226 603 1809 333 603 1810 228 603 1811 228 604 1812 333 604 1813 334 604 1814 334 605 1815 333 605 1816 335 605 1817 334 606 1818 335 606 1819 184 606 1820 184 607 1821 335 607 1822 327 607 1823 335 608 1824 333 608 1825 336 608 1826 335 609 1827 336 609 1828 327 609 1829 337 610 1830 333 610 1831 332 610 1832 333 611 1833 337 611 1834 336 611 1835 338 612 1836 332 612 1837 327 612 1838 332 613 1839 338 613 1840 337 613 1841 338 614 1842 327 614 1843 336 614 1844 337 615 1845 338 615 1846 339 615 1847 337 616 1848 339 616 1849 336 616 1850 336 617 1851 339 617 1852 338 617 1853 334 618 1854 184 618 1855 185 618 1856 334 619 1857 185 619 1858 178 619 1859 178 620 1860 185 620 1861 179 620 1862 334 621 1863 178 621 1864 340 621 1865 340 622 1866 178 622 1867 191 622 1868 334 623 1869 340 623 1870 228 623 1871 228 624 1872 340 624 1873 230 624 1874 230 625 1875 340 625 1876 341 625 1877 341 626 1878 340 626 1879 342 626 1880 230 627 1881 341 627 1882 236 627 1883 341 628 1884 342 628 1885 331 628 1886 236 629 1887 341 629 1888 343 629 1889 343 630 1890 341 630 1891 331 630 1892 236 631 1893 343 631 1894 237 631 1895 343 632 1896 331 632 1897 330 632 1898 343 633 1899 330 633 1900 237 633 1901 200 634 1902 191 634 1903 192 634 1904 191 635 1905 200 635 1906 340 635 1907 340 636 1908 200 636 1909 344 636 1910 340 637 1911 344 637 1912 342 637 1913 344 638 1914 200 638 1915 345 638 1916 345 639 1917 200 639 1918 202 639 1919 345 640 1920 202 640 1921 203 640 1922 344 641 1923 345 641 1924 346 641 1925 346 642 1926 345 642 1927 203 642 1928 342 643 1929 344 643 1930 347 643 1931 347 644 1932 344 644 1933 346 644 1934 342 645 1935 347 645 1936 331 645 1937 331 646 1938 347 646 1939 198 646 1940 198 647 1941 347 647 1942 346 647 1943 198 648 1944 346 648 1945 203 648 1946 198 649 1947 203 649 1948 197 649 1949 212 650 1950 213 650 1951 323 650 1952 323 651 1953 213 651 1954 322 651 1955 212 652 1956 323 652 1957 211 652 1958 211 653 1959 323 653 1960 209 653 1961 211 654 1962 209 654 1963 208 654 1964 54 655 1965 50 655 1966 49 655 1967 50 656 1968 54 656 1969 348 656 1970 50 657 1971 348 657 1972 349 657 1973 50 658 1974 349 658 1975 32 658 1976 348 659 1977 54 659 1978 350 659 1979 349 660 1980 348 660 1981 351 660 1982 351 661 1983 348 661 1984 350 661 1985 350 662 1986 54 662 1987 57 662 1988 57 663 1989 54 663 1990 53 663 1991 351 664 1992 350 664 1993 352 664 1994 350 665 1995 57 665 1996 353 665 1997 350 666 1998 353 666 1999 352 666 2000 353 667 2001 57 667 2002 59 667 2003 353 668 2004 59 668 2005 354 668 2006 59 669 2007 57 669 2008 56 669 2009 351 670 2010 352 670 2011 355 670 2012 351 671 2013 355 671 2014 349 671 2015 355 672 2016 352 672 2017 356 672 2018 355 673 2019 356 673 2020 357 673 2021 357 674 2022 356 674 2023 358 674 2024 357 675 2025 358 675 2026 355 675 2027 355 676 2028 358 676 2029 349 676 2030 349 677 2031 358 677 2032 32 677 2033 32 678 2034 358 678 2035 359 678 2036 32 679 2037 359 679 2038 113 679 2039 113 680 2040 359 680 2041 360 680 2042 113 681 2043 360 681 2044 112 681 2045 59 682 2046 58 682 2047 62 682 2048 59 683 2049 62 683 2050 361 683 2051 59 684 2052 361 684 2053 354 684 2054 64 685 2055 62 685 2056 63 685 2057 62 686 2058 64 686 2059 362 686 2060 362 687 2061 64 687 2062 68 687 2063 361 688 2064 62 688 2065 363 688 2066 363 689 2067 62 689 2068 362 689 2069 354 690 2070 361 690 2071 364 690 2072 364 691 2073 361 691 2074 363 691 2075 352 692 2076 353 692 2077 354 692 2078 362 693 2079 68 693 2080 365 693 2081 365 694 2082 68 694 2083 70 694 2084 365 695 2085 70 695 2086 71 695 2087 352 696 2088 354 696 2089 366 696 2090 366 697 2091 354 697 2092 364 697 2093 352 698 2094 366 698 2095 367 698 2096 352 699 2097 367 699 2098 368 699 2099 367 700 2100 366 700 2101 369 700 2102 367 701 2103 369 701 2104 368 701 2105 369 702 2106 366 702 2107 364 702 2108 368 703 2109 369 703 2110 370 703 2111 370 704 2112 369 704 2113 371 704 2114 369 705 2115 364 705 2116 372 705 2117 369 706 2118 372 706 2119 371 706 2120 372 707 2121 364 707 2122 363 707 2123 371 708 2124 372 708 2125 373 708 2126 373 709 2127 372 709 2128 363 709 2129 371 710 2130 373 710 2131 374 710 2132 373 711 2133 363 711 2134 362 711 2135 374 712 2136 373 712 2137 375 712 2138 373 713 2139 362 713 2140 376 713 2141 375 714 2142 373 714 2143 377 714 2144 377 715 2145 373 715 2146 376 715 2147 375 716 2148 377 716 2149 378 716 2150 376 717 2151 362 717 2152 365 717 2153 378 718 2154 377 718 2155 379 718 2156 379 719 2157 377 719 2158 376 719 2159 378 720 2160 379 720 2161 380 720 2162 379 721 2163 376 721 2164 381 721 2165 381 722 2166 376 722 2167 365 722 2168 381 723 2169 365 723 2170 382 723 2171 75 724 2172 383 724 2173 77 724 2174 383 725 2175 75 725 2176 384 725 2177 383 726 2178 384 726 2179 385 726 2180 384 727 2181 75 727 2182 78 727 2183 384 728 2184 78 728 2185 386 728 2186 384 729 2187 386 729 2188 387 729 2189 386 730 2190 78 730 2191 81 730 2192 387 731 2193 386 731 2194 388 731 2195 388 732 2196 386 732 2197 81 732 2198 384 733 2199 389 733 2200 390 733 2201 390 734 2202 389 734 2203 391 734 2204 384 735 2205 390 735 2206 385 735 2207 389 736 2208 384 736 2209 392 736 2210 389 737 2211 392 737 2212 393 737 2213 393 738 2214 392 738 2215 394 738 2216 392 739 2217 384 739 2218 387 739 2219 394 740 2220 392 740 2221 395 740 2222 392 741 2223 387 741 2224 396 741 2225 392 742 2226 396 742 2227 395 742 2228 396 743 2229 387 743 2230 397 743 2231 397 744 2232 387 744 2233 398 744 2234 396 745 2235 397 745 2236 399 745 2237 397 746 2238 398 746 2239 400 746 2240 400 747 2241 398 747 2242 271 747 2243 400 748 2244 271 748 2245 269 748 2246 397 749 2247 400 749 2248 401 749 2249 401 750 2250 400 750 2251 269 750 2252 397 751 2253 401 751 2254 399 751 2255 396 752 2256 399 752 2257 402 752 2258 402 753 2259 399 753 2260 401 753 2261 396 754 2262 402 754 2263 395 754 2264 395 755 2265 402 755 2266 403 755 2267 395 756 2268 403 756 2269 404 756 2270 403 757 2271 402 757 2272 405 757 2273 403 758 2274 405 758 2275 406 758 2276 405 759 2277 402 759 2278 407 759 2279 405 760 2280 407 760 2281 406 760 2282 407 761 2283 402 761 2284 401 761 2285 406 762 2286 407 762 2287 408 762 2288 408 763 2289 407 763 2290 409 763 2291 407 764 2292 401 764 2293 310 764 2294 407 765 2295 310 765 2296 409 765 2297 310 766 2298 401 766 2299 269 766 2300 310 767 2301 269 767 2302 311 767 2303 409 768 2304 310 768 2305 307 768 2306 409 769 2307 307 769 2308 410 769 2309 410 770 2310 307 770 2311 411 770 2312 411 771 2313 307 771 2314 305 771 2315 74 772 2316 76 772 2317 77 772 2318 74 773 2319 77 773 2320 412 773 2321 74 774 2322 412 774 2323 413 774 2324 74 775 2325 413 775 2326 71 775 2327 412 776 2328 77 776 2329 414 776 2330 412 777 2331 414 777 2332 413 777 2333 71 778 2334 413 778 2335 415 778 2336 71 779 2337 415 779 2338 365 779 2339 365 780 2340 415 780 2341 382 780 2342 415 781 2343 413 781 2344 416 781 2345 416 782 2346 413 782 2347 414 782 2348 382 783 2349 415 783 2350 417 783 2351 417 784 2352 415 784 2353 416 784 2354 382 785 2355 417 785 2356 381 785 2357 416 786 2358 414 786 2359 418 786 2360 416 787 2361 418 787 2362 417 787 2363 419 788 2364 414 788 2365 77 788 2366 414 789 2367 419 789 2368 418 789 2369 419 790 2370 77 790 2371 383 790 2372 419 791 2373 383 791 2374 385 791 2375 419 792 2376 385 792 2377 420 792 2378 420 793 2379 385 793 2380 421 793 2381 419 794 2382 420 794 2383 418 794 2384 418 795 2385 420 795 2386 422 795 2387 422 796 2388 420 796 2389 423 796 2390 422 797 2391 423 797 2392 424 797 2393 418 798 2394 422 798 2395 425 798 2396 422 799 2397 424 799 2398 426 799 2399 422 800 2400 426 800 2401 425 800 2402 418 801 2403 425 801 2404 427 801 2405 427 802 2406 425 802 2407 426 802 2408 418 803 2409 427 803 2410 417 803 2411 426 804 2412 424 804 2413 428 804 2414 426 805 2415 428 805 2416 427 805 2417 428 806 2418 424 806 2419 429 806 2420 429 807 2421 424 807 2422 430 807 2423 429 808 2424 430 808 2425 431 808 2426 429 809 2427 431 809 2428 428 809 2429 428 810 2430 431 810 2431 432 810 2432 428 811 2433 432 811 2434 433 811 2435 428 812 2436 433 812 2437 427 812 2438 433 813 2439 432 813 2440 434 813 2441 433 814 2442 434 814 2443 435 814 2444 427 815 2445 433 815 2446 436 815 2447 433 816 2448 435 816 2449 437 816 2450 433 817 2451 437 817 2452 436 817 2453 437 818 2454 435 818 2455 379 818 2456 379 819 2457 435 819 2458 380 819 2459 436 820 2460 437 820 2461 438 820 2462 436 821 2463 438 821 2464 427 821 2465 438 822 2466 437 822 2467 379 822 2468 427 823 2469 438 823 2470 417 823 2471 438 824 2472 379 824 2473 381 824 2474 438 825 2475 381 825 2476 417 825 2477 83 826 2478 439 826 2479 80 826 2480 80 827 2481 439 827 2482 81 827 2483 439 828 2484 83 828 2485 270 828 2486 81 829 2487 439 829 2488 440 829 2489 440 830 2490 439 830 2491 270 830 2492 440 831 2493 270 831 2494 271 831 2495 81 832 2496 440 832 2497 388 832 2498 440 833 2499 271 833 2500 398 833 2501 440 834 2502 398 834 2503 388 834 2504 388 835 2505 398 835 2506 387 835 2507 356 836 2508 352 836 2509 368 836 2510 356 837 2511 368 837 2512 441 837 2513 356 838 2514 441 838 2515 442 838 2516 356 839 2517 442 839 2518 358 839 2519 360 840 2520 443 840 2521 112 840 2522 443 841 2523 360 841 2524 444 841 2525 443 842 2526 444 842 2527 445 842 2528 443 843 2529 445 843 2530 446 843 2531 443 844 2532 446 844 2533 447 844 2534 447 845 2535 446 845 2536 448 845 2537 448 846 2538 446 846 2539 449 846 2540 446 847 2541 445 847 2542 450 847 2543 446 848 2544 450 848 2545 449 848 2546 449 849 2547 450 849 2548 451 849 2549 449 850 2550 451 850 2551 452 850 2552 451 851 2553 450 851 2554 453 851 2555 451 852 2556 453 852 2557 452 852 2558 450 853 2559 445 853 2560 454 853 2561 450 854 2562 454 854 2563 453 854 2564 454 855 2565 445 855 2566 455 855 2567 455 856 2568 445 856 2569 456 856 2570 453 857 2571 454 857 2572 457 857 2573 453 858 2574 457 858 2575 452 858 2576 454 859 2577 455 859 2578 458 859 2579 454 860 2580 458 860 2581 457 860 2582 458 861 2583 455 861 2584 459 861 2585 458 862 2586 459 862 2587 460 862 2588 452 863 2589 457 863 2590 461 863 2591 458 864 2592 460 864 2593 462 864 2594 462 865 2595 460 865 2596 463 865 2597 457 866 2598 458 866 2599 464 866 2600 464 867 2601 458 867 2602 462 867 2603 461 868 2604 457 868 2605 465 868 2606 465 869 2607 457 869 2608 464 869 2609 466 870 2610 467 870 2611 463 870 2612 464 871 2613 462 871 2614 468 871 2615 468 872 2616 462 872 2617 463 872 2618 463 873 2619 467 873 2620 469 873 2621 463 874 2622 469 874 2623 468 874 2624 468 875 2625 469 875 2626 470 875 2627 470 876 2628 469 876 2629 471 876 2630 470 877 2631 471 877 2632 468 877 2633 471 878 2634 469 878 2635 472 878 2636 464 879 2637 468 879 2638 473 879 2639 473 880 2640 468 880 2641 471 880 2642 464 881 2643 473 881 2644 465 881 2645 471 882 2646 472 882 2647 474 882 2648 471 883 2649 474 883 2650 473 883 2651 465 884 2652 473 884 2653 475 884 2654 475 885 2655 473 885 2656 474 885 2657 465 886 2658 475 886 2659 461 886 2660 461 887 2661 475 887 2662 476 887 2663 461 888 2664 476 888 2665 477 888 2666 477 889 2667 476 889 2668 478 889 2669 478 890 2670 476 890 2671 475 890 2672 478 891 2673 475 891 2674 474 891 2675 478 892 2676 474 892 2677 479 892 2678 479 893 2679 474 893 2680 480 893 2681 481 894 2682 474 894 2683 472 894 2684 474 895 2685 481 895 2686 480 895 2687 481 896 2688 472 896 2689 482 896 2690 480 897 2691 481 897 2692 483 897 2693 480 898 2694 483 898 2695 484 898 2696 483 899 2697 481 899 2698 485 899 2699 483 900 2700 485 900 2701 484 900 2702 484 901 2703 485 901 2704 486 901 2705 420 902 2706 421 902 2707 423 902 2708 423 903 2709 421 903 2710 487 903 2711 487 904 2712 421 904 2713 488 904 2714 488 905 2715 421 905 2716 385 905 2717 390 906 2718 391 906 2719 385 906 2720 385 907 2721 391 907 2722 488 907 2723 488 908 2724 391 908 2725 389 908 2726 488 909 2727 389 909 2728 393 909 2729 488 910 2730 393 910 2731 489 910 2732 489 911 2733 393 911 2734 394 911 2735 489 912 2736 394 912 2737 395 912 2738 489 913 2739 395 913 2740 490 913 2741 488 914 2742 489 914 2743 491 914 2744 488 915 2745 491 915 2746 487 915 2747 489 916 2748 490 916 2749 492 916 2750 489 917 2751 492 917 2752 491 917 2753 492 918 2754 490 918 2755 493 918 2756 487 919 2757 491 919 2758 494 919 2759 494 920 2760 491 920 2761 492 920 2762 487 921 2763 494 921 2764 495 921 2765 495 922 2766 494 922 2767 492 922 2768 487 923 2769 495 923 2770 423 923 2771 492 924 2772 493 924 2773 496 924 2774 496 925 2775 493 925 2776 497 925 2777 496 926 2778 497 926 2779 498 926 2780 492 927 2781 496 927 2782 499 927 2783 492 928 2784 499 928 2785 495 928 2786 423 929 2787 495 929 2788 500 929 2789 423 930 2790 500 930 2791 424 930 2792 495 931 2793 499 931 2794 501 931 2795 500 932 2796 495 932 2797 502 932 2798 502 933 2799 495 933 2800 501 933 2801 500 934 2802 502 934 2803 424 934 2804 501 935 2805 499 935 2806 503 935 2807 501 936 2808 503 936 2809 502 936 2810 424 937 2811 502 937 2812 504 937 2813 424 938 2814 504 938 2815 430 938 2816 504 939 2817 502 939 2818 503 939 2819 504 940 2820 503 940 2821 505 940 2822 504 941 2823 505 941 2824 506 941 2825 503 942 2826 499 942 2827 507 942 2828 507 943 2829 499 943 2830 496 943 2831 505 944 2832 503 944 2833 508 944 2834 508 945 2835 503 945 2836 507 945 2837 505 946 2838 508 946 2839 509 946 2840 507 947 2841 496 947 2842 510 947 2843 510 948 2844 496 948 2845 498 948 2846 510 949 2847 498 949 2848 511 949 2849 507 950 2850 510 950 2851 512 950 2852 507 951 2853 512 951 2854 508 951 2855 512 952 2856 510 952 2857 511 952 2858 508 953 2859 512 953 2860 513 953 2861 512 954 2862 511 954 2863 514 954 2864 512 955 2865 514 955 2866 515 955 2867 516 956 2868 358 956 2869 442 956 2870 358 957 2871 516 957 2872 359 957 2873 516 958 2874 442 958 2875 517 958 2876 359 959 2877 516 959 2878 518 959 2879 359 960 2880 518 960 2881 519 960 2882 519 961 2883 518 961 2884 520 961 2885 520 962 2886 518 962 2887 521 962 2888 521 963 2889 518 963 2890 516 963 2891 520 964 2892 521 964 2893 522 964 2894 516 965 2895 517 965 2896 523 965 2897 516 966 2898 523 966 2899 521 966 2900 523 967 2901 517 967 2902 524 967 2903 522 968 2904 521 968 2905 525 968 2906 525 969 2907 521 969 2908 523 969 2909 522 970 2910 525 970 2911 526 970 2912 527 971 2913 523 971 2914 528 971 2915 523 972 2916 527 972 2917 525 972 2918 526 973 2919 525 973 2920 529 973 2921 526 974 2922 529 974 2923 530 974 2924 526 975 2925 530 975 2926 531 975 2927 530 976 2928 529 976 2929 532 976 2930 530 977 2931 532 977 2932 531 977 2933 532 978 2934 529 978 2935 525 978 2936 531 979 2937 532 979 2938 533 979 2939 531 980 2940 533 980 2941 534 980 2942 532 981 2943 525 981 2944 535 981 2945 532 982 2946 535 982 2947 533 982 2948 535 983 2949 525 983 2950 527 983 2951 533 984 2952 535 984 2953 536 984 2954 536 985 2955 535 985 2956 527 985 2957 442 986 2958 441 986 2959 517 986 2960 517 987 2961 441 987 2962 537 987 2963 517 988 2964 537 988 2965 524 988 2966 528 989 2967 523 989 2968 524 989 2969 528 990 2970 524 990 2971 537 990 2972 537 991 2973 441 991 2974 538 991 2975 538 992 2976 441 992 2977 368 992 2978 538 993 2979 368 993 2980 370 993 2981 537 994 2982 538 994 2983 539 994 2984 539 995 2985 538 995 2986 370 995 2987 528 996 2988 537 996 2989 540 996 2990 540 997 2991 537 997 2992 539 997 2993 528 998 2994 540 998 2995 541 998 2996 541 999 2997 540 999 2998 539 999 2999 539 1000 3000 370 1000 3001 374 1000 3002 374 1001 3003 370 1001 3004 371 1001 3005 539 1002 3006 374 1002 3007 542 1002 3008 542 1003 3009 374 1003 3010 375 1003 3011 541 1004 3012 539 1004 3013 543 1004 3014 543 1005 3015 539 1005 3016 542 1005 3017 528 1006 3018 541 1006 3019 544 1006 3020 544 1007 3021 541 1007 3022 543 1007 3023 528 1008 3024 544 1008 3025 536 1008 3026 528 1009 3027 536 1009 3028 527 1009 3029 544 1010 3030 543 1010 3031 545 1010 3032 544 1011 3033 545 1011 3034 536 1011 3035 543 1012 3036 542 1012 3037 546 1012 3038 546 1013 3039 542 1013 3040 375 1013 3041 543 1014 3042 546 1014 3043 547 1014 3044 543 1015 3045 547 1015 3046 545 1015 3047 546 1016 3048 375 1016 3049 548 1016 3050 548 1017 3051 375 1017 3052 378 1017 3053 546 1018 3054 548 1018 3055 549 1018 3056 546 1019 3057 549 1019 3058 547 1019 3059 548 1020 3060 378 1020 3061 550 1020 3062 548 1021 3063 550 1021 3064 549 1021 3065 550 1022 3066 378 1022 3067 551 1022 3068 551 1023 3069 378 1023 3070 380 1023 3071 549 1024 3072 550 1024 3073 552 1024 3074 549 1025 3075 552 1025 3076 547 1025 3077 552 1026 3078 550 1026 3079 553 1026 3080 552 1027 3081 553 1027 3082 554 1027 3083 552 1028 3084 554 1028 3085 547 1028 3086 547 1029 3087 554 1029 3088 555 1029 3089 547 1030 3090 555 1030 3091 545 1030 3092 555 1031 3093 554 1031 3094 556 1031 3095 556 1032 3096 554 1032 3097 557 1032 3098 555 1033 3099 556 1033 3100 558 1033 3101 545 1034 3102 555 1034 3103 467 1034 3104 545 1035 3105 467 1035 3106 559 1035 3107 559 1036 3108 467 1036 3109 466 1036 3110 559 1037 3111 466 1037 3112 533 1037 3113 545 1038 3114 559 1038 3115 560 1038 3116 560 1039 3117 559 1039 3118 533 1039 3119 545 1040 3120 560 1040 3121 536 1040 3122 536 1041 3123 560 1041 3124 533 1041 3125 561 1042 3126 562 1042 3127 563 1042 3128 561 1043 3129 563 1043 3130 564 1043 3131 562 1044 3132 561 1044 3133 565 1044 3134 564 1045 3135 563 1045 3136 566 1045 3137 562 1046 3138 565 1046 3139 567 1046 3140 567 1047 3141 565 1047 3142 568 1047 3143 563 1048 3144 562 1048 3145 569 1048 3146 563 1049 3147 569 1049 3148 566 1049 3149 569 1050 3150 562 1050 3151 567 1050 3152 570 1051 3153 568 1051 3154 566 1051 3155 568 1052 3156 570 1052 3157 567 1052 3158 570 1053 3159 566 1053 3160 569 1053 3161 570 1054 3162 569 1054 3163 567 1054 3164 561 1055 3165 571 1055 3166 565 1055 3167 565 1056 3168 571 1056 3169 568 1056 3170 571 1057 3171 561 1057 3172 564 1057 3173 568 1058 3174 571 1058 3175 572 1058 3176 571 1059 3177 564 1059 3178 573 1059 3179 571 1060 3180 573 1060 3181 572 1060 3182 572 1061 3183 573 1061 3184 522 1061 3185 522 1062 3186 573 1062 3187 520 1062 3188 520 1063 3189 573 1063 3190 574 1063 3191 574 1064 3192 573 1064 3193 564 1064 3194 520 1065 3195 574 1065 3196 531 1065 3197 574 1066 3198 564 1066 3199 566 1066 3200 531 1067 3201 574 1067 3202 575 1067 3203 575 1068 3204 574 1068 3205 566 1068 3206 531 1069 3207 575 1069 3208 526 1069 3209 575 1070 3210 566 1070 3211 568 1070 3212 575 1071 3213 568 1071 3214 576 1071 3215 575 1072 3216 576 1072 3217 526 1072 3218 576 1073 3219 568 1073 3220 572 1073 3221 576 1074 3222 572 1074 3223 526 1074 3224 526 1075 3225 572 1075 3226 522 1075 3227 531 1076 3228 519 1076 3229 520 1076 3230 519 1077 3231 531 1077 3232 534 1077 3233 359 1078 3234 519 1078 3235 360 1078 3236 360 1079 3237 519 1079 3238 444 1079 3239 444 1080 3240 519 1080 3241 445 1080 3242 445 1081 3243 519 1081 3244 456 1081 3245 456 1082 3246 519 1082 3247 534 1082 3248 456 1083 3249 534 1083 3250 577 1083 3251 577 1084 3252 534 1084 3253 533 1084 3254 577 1085 3255 533 1085 3256 466 1085 3257 577 1086 3258 466 1086 3259 460 1086 3260 577 1087 3261 460 1087 3262 459 1087 3263 577 1088 3264 459 1088 3265 456 1088 3266 456 1089 3267 459 1089 3268 455 1089 3269 551 1090 3270 380 1090 3271 578 1090 3272 578 1091 3273 380 1091 3274 435 1091 3275 551 1092 3276 578 1092 3277 579 1092 3278 551 1093 3279 579 1093 3280 550 1093 3281 578 1094 3282 435 1094 3283 580 1094 3284 578 1095 3285 580 1095 3286 579 1095 3287 580 1096 3288 435 1096 3289 434 1096 3290 550 1097 3291 579 1097 3292 553 1097 3293 580 1098 3294 434 1098 3295 581 1098 3296 581 1099 3297 434 1099 3298 432 1099 3299 580 1100 3300 581 1100 3301 582 1100 3302 581 1101 3303 432 1101 3304 583 1101 3305 581 1102 3306 583 1102 3307 582 1102 3308 583 1103 3309 432 1103 3310 431 1103 3311 583 1104 3312 431 1104 3313 584 1104 3314 583 1105 3315 584 1105 3316 582 1105 3317 585 1106 3318 431 1106 3319 430 1106 3320 431 1107 3321 585 1107 3322 584 1107 3323 584 1108 3324 585 1108 3325 586 1108 3326 586 1109 3327 585 1109 3328 587 1109 3329 586 1110 3330 587 1110 3331 588 1110 3332 586 1111 3333 588 1111 3334 584 1111 3335 588 1112 3336 587 1112 3337 486 1112 3338 588 1113 3339 486 1113 3340 485 1113 3341 584 1114 3342 588 1114 3343 589 1114 3344 584 1115 3345 589 1115 3346 582 1115 3347 588 1116 3348 485 1116 3349 590 1116 3350 588 1117 3351 590 1117 3352 589 1117 3353 590 1118 3354 485 1118 3355 481 1118 3356 590 1119 3357 481 1119 3358 482 1119 3359 589 1120 3360 590 1120 3361 591 1120 3362 591 1121 3363 590 1121 3364 482 1121 3365 582 1122 3366 589 1122 3367 592 1122 3368 592 1123 3369 589 1123 3370 591 1123 3371 591 1124 3372 482 1124 3373 593 1124 3374 591 1125 3375 593 1125 3376 592 1125 3377 593 1126 3378 482 1126 3379 594 1126 3380 594 1127 3381 482 1127 3382 472 1127 3383 592 1128 3384 593 1128 3385 595 1128 3386 595 1129 3387 593 1129 3388 594 1129 3389 594 1130 3390 472 1130 3391 558 1130 3392 594 1131 3393 558 1131 3394 595 1131 3395 558 1132 3396 472 1132 3397 469 1132 3398 558 1133 3399 469 1133 3400 467 1133 3401 558 1134 3402 467 1134 3403 555 1134 3404 595 1135 3405 558 1135 3406 557 1135 3407 557 1136 3408 558 1136 3409 556 1136 3410 595 1137 3411 557 1137 3412 553 1137 3413 553 1138 3414 557 1138 3415 554 1138 3416 595 1139 3417 553 1139 3418 596 1139 3419 595 1140 3420 596 1140 3421 592 1140 3422 596 1141 3423 553 1141 3424 579 1141 3425 592 1142 3426 596 1142 3427 597 1142 3428 597 1143 3429 596 1143 3430 579 1143 3431 592 1144 3432 597 1144 3433 582 1144 3434 597 1145 3435 579 1145 3436 580 1145 3437 597 1146 3438 580 1146 3439 582 1146 3440 460 1147 3441 466 1147 3442 463 1147 3443 443 1148 3444 276 1148 3445 112 1148 3446 276 1149 3447 598 1149 3448 216 1149 3449 598 1150 3450 276 1150 3451 599 1150 3452 599 1151 3453 276 1151 3454 600 1151 3455 598 1152 3456 599 1152 3457 601 1152 3458 601 1153 3459 599 1153 3460 602 1153 3461 395 1154 3462 404 1154 3463 490 1154 3464 490 1155 3465 404 1155 3466 493 1155 3467 493 1156 3468 404 1156 3469 603 1156 3470 603 1157 3471 404 1157 3472 403 1157 3473 603 1158 3474 403 1158 3475 406 1158 3476 493 1159 3477 603 1159 3478 604 1159 3479 493 1160 3480 604 1160 3481 497 1160 3482 604 1161 3483 603 1161 3484 605 1161 3485 604 1162 3486 605 1162 3487 497 1162 3488 605 1163 3489 603 1163 3490 606 1163 3491 606 1164 3492 603 1164 3493 406 1164 3494 497 1165 3495 605 1165 3496 607 1165 3497 606 1166 3498 406 1166 3499 608 1166 3500 605 1167 3501 606 1167 3502 609 1167 3503 609 1168 3504 606 1168 3505 608 1168 3506 605 1169 3507 609 1169 3508 607 1169 3509 608 1170 3510 406 1170 3511 408 1170 3512 608 1171 3513 408 1171 3514 610 1171 3515 609 1172 3516 608 1172 3517 611 1172 3518 611 1173 3519 608 1173 3520 610 1173 3521 610 1174 3522 408 1174 3523 612 1174 3524 610 1175 3525 612 1175 3526 611 1175 3527 612 1176 3528 408 1176 3529 411 1176 3530 411 1177 3531 408 1177 3532 409 1177 3533 411 1178 3534 409 1178 3535 410 1178 3536 612 1179 3537 411 1179 3538 613 1179 3539 613 1180 3540 411 1180 3541 305 1180 3542 612 1181 3543 613 1181 3544 301 1181 3545 612 1182 3546 301 1182 3547 614 1182 3548 615 1183 3549 611 1183 3550 612 1183 3551 615 1184 3552 612 1184 3553 614 1184 3554 611 1185 3555 615 1185 3556 616 1185 3557 616 1186 3558 615 1186 3559 617 1186 3560 617 1187 3561 615 1187 3562 614 1187 3563 611 1188 3564 616 1188 3565 618 1188 3566 618 1189 3567 616 1189 3568 617 1189 3569 611 1190 3570 618 1190 3571 619 1190 3572 611 1191 3573 619 1191 3574 609 1191 3575 609 1192 3576 619 1192 3577 607 1192 3578 619 1193 3579 618 1193 3580 620 1193 3581 619 1194 3582 620 1194 3583 607 1194 3584 618 1195 3585 617 1195 3586 621 1195 3587 618 1196 3588 621 1196 3589 620 1196 3590 622 1197 3591 617 1197 3592 614 1197 3593 617 1198 3594 622 1198 3595 621 1198 3596 621 1199 3597 622 1199 3598 623 1199 3599 620 1200 3600 621 1200 3601 624 1200 3602 624 1201 3603 621 1201 3604 623 1201 3605 623 1202 3606 622 1202 3607 625 1202 3608 623 1203 3609 625 1203 3610 624 1203 3611 622 1204 3612 614 1204 3613 626 1204 3614 622 1205 3615 626 1205 3616 625 1205 3617 626 1206 3618 614 1206 3619 627 1206 3620 627 1207 3621 614 1207 3622 301 1207 3623 627 1208 3624 301 1208 3625 628 1208 3626 628 1209 3627 301 1209 3628 298 1209 3629 628 1210 3630 298 1210 3631 288 1210 3632 628 1211 3633 288 1211 3634 287 1211 3635 628 1212 3636 287 1212 3637 627 1212 3638 627 1213 3639 287 1213 3640 629 1213 3641 627 1214 3642 629 1214 3643 626 1214 3644 629 1215 3645 287 1215 3646 601 1215 3647 626 1216 3648 629 1216 3649 630 1216 3650 630 1217 3651 629 1217 3652 601 1217 3653 626 1218 3654 630 1218 3655 625 1218 3656 630 1219 3657 601 1219 3658 631 1219 3659 631 1220 3660 601 1220 3661 632 1220 3662 630 1221 3663 631 1221 3664 633 1221 3665 630 1222 3666 633 1222 3667 634 1222 3668 630 1223 3669 634 1223 3670 625 1223 3671 634 1224 3672 633 1224 3673 635 1224 3674 634 1225 3675 635 1225 3676 625 1225 3677 625 1226 3678 635 1226 3679 636 1226 3680 625 1227 3681 636 1227 3682 624 1227 3683 636 1228 3684 635 1228 3685 637 1228 3686 636 1229 3687 637 1229 3688 624 1229 3689 624 1230 3690 637 1230 3691 638 1230 3692 624 1231 3693 638 1231 3694 620 1231 3695 638 1232 3696 637 1232 3697 639 1232 3698 639 1233 3699 637 1233 3700 640 1233 3701 620 1234 3702 638 1234 3703 641 1234 3704 641 1235 3705 638 1235 3706 639 1235 3707 620 1236 3708 641 1236 3709 607 1236 3710 641 1237 3711 639 1237 3712 642 1237 3713 641 1238 3714 642 1238 3715 607 1238 3716 514 1239 3717 642 1239 3718 643 1239 3719 642 1240 3720 514 1240 3721 511 1240 3722 607 1241 3723 642 1241 3724 644 1241 3725 644 1242 3726 642 1242 3727 511 1242 3728 607 1243 3729 644 1243 3730 497 1243 3731 644 1244 3732 511 1244 3733 498 1244 3734 644 1245 3735 498 1245 3736 497 1245 3737 300 1246 3738 613 1246 3739 305 1246 3740 613 1247 3741 300 1247 3742 301 1247 3743 216 1248 3744 598 1248 3745 287 1248 3746 287 1249 3747 598 1249 3748 601 1249 3749 602 1250 3750 632 1250 3751 601 1250 3752 632 1251 3753 602 1251 3754 645 1251 3755 645 1252 3756 602 1252 3757 646 1252 3758 632 1253 3759 645 1253 3760 647 1253 3761 632 1254 3762 647 1254 3763 631 1254 3764 647 1255 3765 645 1255 3766 648 1255 3767 631 1256 3768 647 1256 3769 649 1256 3770 649 1257 3771 647 1257 3772 648 1257 3773 631 1258 3774 649 1258 3775 635 1258 3776 631 1259 3777 635 1259 3778 633 1259 3779 648 1260 3780 645 1260 3781 650 1260 3782 650 1261 3783 645 1261 3784 651 1261 3785 649 1262 3786 648 1262 3787 652 1262 3788 652 1263 3789 648 1263 3790 650 1263 3791 635 1264 3792 649 1264 3793 653 1264 3794 653 1265 3795 649 1265 3796 652 1265 3797 635 1266 3798 653 1266 3799 654 1266 3800 635 1267 3801 654 1267 3802 637 1267 3803 637 1268 3804 654 1268 3805 640 1268 3806 654 1269 3807 653 1269 3808 655 1269 3809 654 1270 3810 655 1270 3811 656 1270 3812 653 1271 3813 652 1271 3814 657 1271 3815 653 1272 3816 657 1272 3817 655 1272 3818 657 1273 3819 652 1273 3820 658 1273 3821 658 1274 3822 652 1274 3823 650 1274 3824 655 1275 3825 657 1275 3826 659 1275 3827 659 1276 3828 657 1276 3829 658 1276 3830 655 1277 3831 659 1277 3832 660 1277 3833 658 1278 3834 650 1278 3835 661 1278 3836 661 1279 3837 650 1279 3838 662 1279 3839 658 1280 3840 661 1280 3841 663 1280 3842 658 1281 3843 663 1281 3844 659 1281 3845 663 1282 3846 661 1282 3847 664 1282 3848 663 1283 3849 664 1283 3850 665 1283 3851 663 1284 3852 665 1284 3853 659 1284 3854 659 1285 3855 665 1285 3856 660 1285 3857 660 1286 3858 665 1286 3859 666 1286 3860 666 1287 3861 665 1287 3862 667 1287 3863 660 1288 3864 666 1288 3865 668 1288 3866 668 1289 3867 666 1289 3868 669 1289 3869 669 1290 3870 666 1290 3871 670 1290 3872 443 1291 3873 447 1291 3874 276 1291 3875 276 1292 3876 447 1292 3877 671 1292 3878 276 1293 3879 671 1293 3880 600 1293 3881 448 1294 3882 449 1294 3883 672 1294 3884 448 1295 3885 672 1295 3886 673 1295 3887 672 1296 3888 449 1296 3889 674 1296 3890 672 1297 3891 674 1297 3892 675 1297 3893 675 1298 3894 674 1298 3895 676 1298 3896 674 1299 3897 449 1299 3898 452 1299 3899 676 1300 3900 674 1300 3901 677 1300 3902 674 1301 3903 452 1301 3904 678 1301 3905 674 1302 3906 678 1302 3907 677 1302 3908 678 1303 3909 452 1303 3910 461 1303 3911 678 1304 3912 461 1304 3913 477 1304 3914 677 1305 3915 678 1305 3916 679 1305 3917 679 1306 3918 678 1306 3919 477 1306 3920 677 1307 3921 679 1307 3922 680 1307 3923 677 1308 3924 680 1308 3925 681 1308 3926 681 1309 3927 680 1309 3928 682 1309 3929 681 1310 3930 682 1310 3931 683 1310 3932 682 1311 3933 680 1311 3934 684 1311 3935 684 1312 3936 680 1312 3937 679 1312 3938 682 1313 3939 684 1313 3940 685 1313 3941 679 1314 3942 477 1314 3943 686 1314 3944 679 1315 3945 686 1315 3946 684 1315 3947 686 1316 3948 477 1316 3949 478 1316 3950 686 1317 3951 478 1317 3952 479 1317 3953 686 1318 3954 479 1318 3955 684 1318 3956 685 1319 3957 684 1319 3958 687 1319 3959 687 1320 3960 684 1320 3961 479 1320 3962 685 1321 3963 687 1321 3964 688 1321 3965 687 1322 3966 479 1322 3967 480 1322 3968 688 1323 3969 687 1323 3970 689 1323 3971 687 1324 3972 480 1324 3973 484 1324 3974 689 1325 3975 687 1325 3976 690 1325 3977 687 1326 3978 484 1326 3979 691 1326 3980 687 1327 3981 691 1327 3982 690 1327 3983 691 1328 3984 484 1328 3985 692 1328 3986 690 1329 3987 691 1329 3988 693 1329 3989 693 1330 3990 691 1330 3991 692 1330 3992 690 1331 3993 693 1331 3994 694 1331 3995 694 1332 3996 693 1332 3997 695 1332 3998 695 1333 3999 693 1333 4000 696 1333 4001 692 1334 4002 484 1334 4003 486 1334 4004 692 1335 4005 486 1335 4006 693 1335 4007 693 1336 4008 486 1336 4009 696 1336 4010 696 1337 4011 486 1337 4012 697 1337 4013 697 1338 4014 486 1338 4015 587 1338 4016 697 1339 4017 587 1339 4018 585 1339 4019 697 1340 4020 585 1340 4021 698 1340 4022 698 1341 4023 585 1341 4024 430 1341 4025 447 1342 4026 448 1342 4027 673 1342 4028 447 1343 4029 673 1343 4030 699 1343 4031 447 1344 4032 699 1344 4033 671 1344 4034 675 1345 4035 673 1345 4036 672 1345 4037 673 1346 4038 675 1346 4039 700 1346 4040 673 1347 4041 700 1347 4042 699 1347 4043 700 1348 4044 675 1348 4045 701 1348 4046 700 1349 4047 701 1349 4048 699 1349 4049 701 1350 4050 675 1350 4051 676 1350 4052 671 1351 4053 699 1351 4054 702 1351 4055 671 1352 4056 702 1352 4057 600 1352 4058 600 1353 4059 702 1353 4060 646 1353 4061 600 1354 4062 646 1354 4063 602 1354 4064 646 1355 4065 702 1355 4066 703 1355 4067 703 1356 4068 702 1356 4069 699 1356 4070 704 1357 4071 699 1357 4072 701 1357 4073 699 1358 4074 704 1358 4075 703 1358 4076 705 1359 4077 701 1359 4078 676 1359 4079 701 1360 4080 705 1360 4081 704 1360 4082 705 1361 4083 676 1361 4084 706 1361 4085 704 1362 4086 705 1362 4087 707 1362 4088 704 1363 4089 707 1363 4090 703 1363 4091 707 1364 4092 705 1364 4093 706 1364 4094 703 1365 4095 707 1365 4096 708 1365 4097 708 1366 4098 707 1366 4099 706 1366 4100 703 1367 4101 708 1367 4102 709 1367 4103 709 1368 4104 708 1368 4105 710 1368 4106 710 1369 4107 708 1369 4108 706 1369 4109 677 1370 4110 706 1370 4111 676 1370 4112 710 1371 4113 706 1371 4114 711 1371 4115 710 1372 4116 711 1372 4117 661 1372 4118 661 1373 4119 711 1373 4120 664 1373 4121 664 1374 4122 711 1374 4123 706 1374 4124 706 1375 4125 677 1375 4126 712 1375 4127 712 1376 4128 677 1376 4129 681 1376 4130 712 1377 4131 681 1377 4132 683 1377 4133 706 1378 4134 712 1378 4135 713 1378 4136 713 1379 4137 712 1379 4138 683 1379 4139 706 1380 4140 713 1380 4141 664 1380 4142 713 1381 4143 683 1381 4144 667 1381 4145 713 1382 4146 667 1382 4147 664 1382 4148 667 1383 4149 683 1383 4150 666 1383 4151 664 1384 4152 667 1384 4153 665 1384 4154 600 1385 4155 602 1385 4156 599 1385 4157 646 1386 4158 651 1386 4159 645 1386 4160 651 1387 4161 646 1387 4162 714 1387 4163 650 1388 4164 651 1388 4165 662 1388 4166 662 1389 4167 651 1389 4168 714 1389 4169 661 1390 4170 662 1390 4171 710 1390 4172 710 1391 4173 662 1391 4174 709 1391 4175 709 1392 4176 662 1392 4177 715 1392 4178 715 1393 4179 662 1393 4180 714 1393 4181 715 1394 4182 714 1394 4183 716 1394 4184 716 1395 4185 714 1395 4186 717 1395 4187 718 1396 4188 714 1396 4189 646 1396 4190 714 1397 4191 718 1397 4192 717 1397 4193 718 1398 4194 646 1398 4195 719 1398 4196 718 1399 4197 719 1399 4198 720 1399 4199 717 1400 4200 718 1400 4201 721 1400 4202 721 1401 4203 718 1401 4204 720 1401 4205 717 1402 4206 721 1402 4207 722 1402 4208 721 1403 4209 720 1403 4210 723 1403 4211 722 1404 4212 721 1404 4213 724 1404 4214 724 1405 4215 721 1405 4216 723 1405 4217 722 1406 4218 724 1406 4219 725 1406 4220 725 1407 4221 724 1407 4222 726 1407 4223 724 1408 4224 723 1408 4225 727 1408 4226 724 1409 4227 727 1409 4228 726 1409 4229 727 1410 4230 723 1410 4231 728 1410 4232 727 1411 4233 728 1411 4234 726 1411 4235 729 1412 4236 730 1412 4237 728 1412 4238 728 1413 4239 730 1413 4240 726 1413 4241 729 1414 4242 728 1414 4243 723 1414 4244 726 1415 4245 730 1415 4246 731 1415 4247 726 1416 4248 731 1416 4249 725 1416 4250 731 1417 4251 730 1417 4252 732 1417 4253 732 1418 4254 730 1418 4255 729 1418 4256 731 1419 4257 732 1419 4258 725 1419 4259 732 1420 4260 729 1420 4261 733 1420 4262 732 1421 4263 733 1421 4264 725 1421 4265 733 1422 4266 729 1422 4267 723 1422 4268 725 1423 4269 733 1423 4270 734 1423 4271 725 1424 4272 734 1424 4273 722 1424 4274 733 1425 4275 723 1425 4276 735 1425 4277 733 1426 4278 735 1426 4279 734 1426 4280 735 1427 4281 723 1427 4282 720 1427 4283 722 1428 4284 734 1428 4285 717 1428 4286 735 1429 4287 720 1429 4288 719 1429 4289 734 1430 4290 735 1430 4291 736 1430 4292 736 1431 4293 735 1431 4294 719 1431 4295 734 1432 4296 736 1432 4297 717 1432 4298 736 1433 4299 719 1433 4300 646 1433 4301 736 1434 4302 646 1434 4303 703 1434 4304 717 1435 4305 736 1435 4306 737 1435 4307 737 1436 4308 736 1436 4309 703 1436 4310 717 1437 4311 737 1437 4312 716 1437 4313 737 1438 4314 703 1438 4315 709 1438 4316 716 1439 4317 737 1439 4318 715 1439 4319 715 1440 4320 737 1440 4321 709 1440 4322 430 1441 4323 504 1441 4324 698 1441 4325 698 1442 4326 504 1442 4327 506 1442 4328 698 1443 4329 506 1443 4330 696 1443 4331 698 1444 4332 696 1444 4333 697 1444 4334 696 1445 4335 506 1445 4336 738 1445 4337 696 1446 4338 738 1446 4339 695 1446 4340 695 1447 4341 738 1447 4342 739 1447 4343 695 1448 4344 739 1448 4345 694 1448 4346 738 1449 4347 506 1449 4348 509 1449 4349 509 1450 4350 506 1450 4351 505 1450 4352 739 1451 4353 738 1451 4354 740 1451 4355 740 1452 4356 738 1452 4357 509 1452 4358 739 1453 4359 740 1453 4360 694 1453 4361 740 1454 4362 509 1454 4363 741 1454 4364 741 1455 4365 509 1455 4366 508 1455 4367 741 1456 4368 508 1456 4369 513 1456 4370 741 1457 4371 513 1457 4372 512 1457 4373 741 1458 4374 512 1458 4375 515 1458 4376 740 1459 4377 741 1459 4378 742 1459 4379 742 1460 4380 741 1460 4381 515 1460 4382 742 1461 4383 515 1461 4384 743 1461 4385 743 1462 4386 515 1462 4387 643 1462 4388 643 1463 4389 515 1463 4390 514 1463 4391 742 1464 4392 743 1464 4393 744 1464 4394 744 1465 4395 743 1465 4396 643 1465 4397 740 1466 4398 742 1466 4399 745 1466 4400 745 1467 4401 742 1467 4402 744 1467 4403 642 1468 4404 639 1468 4405 643 1468 4406 643 1469 4407 639 1469 4408 640 1469 4409 643 1470 4410 640 1470 4411 744 1470 4412 744 1471 4413 640 1471 4414 656 1471 4415 656 1472 4416 640 1472 4417 654 1472 4418 744 1473 4419 656 1473 4420 746 1473 4421 744 1474 4422 746 1474 4423 745 1474 4424 746 1475 4425 656 1475 4426 660 1475 4427 660 1476 4428 656 1476 4429 655 1476 4430 746 1477 4431 660 1477 4432 668 1477 4433 746 1478 4434 668 1478 4435 745 1478 4436 745 1479 4437 668 1479 4438 669 1479 4439 747 1480 4440 740 1480 4441 745 1480 4442 740 1481 4443 747 1481 4444 694 1481 4445 745 1482 4446 669 1482 4447 748 1482 4448 745 1483 4449 748 1483 4450 747 1483 4451 694 1484 4452 747 1484 4453 749 1484 4454 749 1485 4455 747 1485 4456 748 1485 4457 694 1486 4458 749 1486 4459 690 1486 4460 748 1487 4461 669 1487 4462 750 1487 4463 748 1488 4464 750 1488 4465 749 1488 4466 750 1489 4467 669 1489 4468 670 1489 4469 690 1490 4470 749 1490 4471 751 1490 4472 751 1491 4473 749 1491 4474 750 1491 4475 751 1492 4476 750 1492 4477 670 1492 4478 690 1493 4479 751 1493 4480 689 1493 4481 689 1494 4482 751 1494 4483 670 1494 4484 689 1495 4485 670 1495 4486 685 1495 4487 689 1496 4488 685 1496 4489 688 1496 4490 685 1497 4491 670 1497 4492 682 1497 4493 682 1498 4494 670 1498 4495 666 1498 4496 682 1499 4497 666 1499 4498 683 1499 4499</p>
        </polylist>
      </mesh>
    </geometry>
  </library_geometries>
  <library_visual_scenes>
    <visual_scene id="Scene" name="Scene">
      <node id="Bed_Level_3" name="Bed_Level_3" type="NODE">
        <scale sid="scale">1 1 1</scale>
        <translate sid="location">0 -0.2 0</translate>
        <rotate sid="rotationX">1 0 0 0</rotate>
        <rotate sid="rotationY">0 1 0 90</rotate>
        <rotate sid="rotationZ">0 0 1 0</rotate>
        <instance_geometry url="#Bed_Level_3-mesh" name="Bed_Level_3">
          <bind_material>
            <technique_common>
            </technique_common>
          </bind_material>
        </instance_geometry>
      </node>
    </visual_scene>
  </library_visual_scenes>
  <scene>
    <instance_visual_scene url="#Scene"/>
  </scene>
</COLLADA>
