<?xml version="1.0" encoding="utf-8"?>
<COLLADA xmlns="http://www.collada.org/2005/11/COLLADASchema" version="1.4.1" xmlns:xsi="http://www.w3.org/2001/XMLSchema-instance">
  <asset>
    <contributor>
      <author>Blockbench user</author>
      <authoring_tool>Blockbench</authoring_tool>
    </contributor>
    <created>2025-12-13T03:48:09.807Z</created>
    <modified>2025-12-13T03:48:09.807Z</modified>
    <unit name="meter" meter="1.0"/>
    <up_axis>Y_UP</up_axis>
  </asset>
  <library_effects>
  </library_effects>
  <library_images>
  </library_images>
  <library_materials>
  </library_materials>
  <library_geometries>
    <geometry id="Bed_Level_2-mesh" name="Bed_Level_2">
      <mesh>
        <source id="Bed_Level_2-mesh-positions">
          <float_array id="Bed_Level_2-mesh-positions-array" count="2244">-0.222076 -0.005828 0.295563 0.054783 -0.108101 -0.295532 -0.456116 -0.168182 -0.31076 -0.455963 -0.282745 -0.310699 -0.499756 -0.282776 -0.310516 -0.457123 -0.278168 -0.269287 -0.499756 -0.281982 -0.267548 -0.499359 -0.160431 -0.266907 -0.45578 -0.107155 -0.310699 -0.456177 -0.168243 -0.2677 -0.475159 -0.160736 -0.267548 -0.171066 -0.168289 -0.314148 -0.474731 -0.168274 0.001324 -0.157867 -0.168289 0.31842 -0.203369 -0.107979 -0.31424 -0.454987 -0.106636 -0.289185 -0.216202 -0.105721 -0.290771 -0.218094 -0.091728 -0.327759 -0.4552 -0.017218 -0.289978 -0.22226 -0.005819 -0.290802 -0.415253 -0.005984 -0.284119 -0.400879 -0.005481 -0.188828 -0.456146 0.247894 -0.31073 -0.456085 -0.005751 -0.267426 -0.456055 0.248047 -0.267609 -0.499725 0.248047 -0.310699 -0.49881 0.191467 -0.267181 -0.49939 -0.160767 0.271545 -0.499146 -0.009953 0.002173 -0.475128 -0.160568 0.271545 -0.32843 -0.280426 -0.327911 -0.455963 -0.281128 -0.267548 -0.436554 -0.280457 -0.236603 -0.246399 -0.280914 -0.264008 0.031269 -0.280548 -0.326569 -0.397461 -0.280701 -0.179413 -0.420959 -0.280182 -0.132294 -0.293701 -0.281006 -0.129028 0.287781 -0.28064 -0.310944 0.435669 -0.28009 -0.283142 -0.379028 -0.280151 0.002089 -0.441284 -0.280701 -0.013761 -0.168549 -0.281067 0.001919 -0.184372 -0.056156 -0.332764 -0.145645 -0.101707 -0.340576 -0.220688 0.024315 -0.037849 -0.219955 0.023968 -0.247726 -0.214447 -0.009591 -0.315125 -0.194412 0.029871 -0.266357 -0.205154 -0.060165 -0.334137 -0.191589 -0.008867 -0.312378 -0.174835 0.021315 -0.302948 -0.17038 0.041473 -0.243561 -0.183395 0.034981 -0.186447 -0.167603 0.048466 -0.172424 -0.090157 0.05225 -0.192062 -0.081215 0.041042 -0.207809 -0.148514 0.019638 -0.303162 -0.083038 0.043835 -0.232468 -0.168533 -0.065994 -0.336151 -0.067543 0.017023 -0.239349 -0.074913 0.027315 -0.179321 -0.052464 0.031187 -0.198273 -0.071846 0.030224 -0.268372 -0.034119 0.034744 -0.22113 -0.062729 0.006509 -0.281403 -0.031097 0.023804 -0.258118 0.031088 0.037994 -0.21698 0.048809 0.031235 -0.248413 -0.011579 0.016928 -0.268799 -0.035278 0.003527 -0.292969 -0.001238 -0.03186 -0.283142 -0.037361 -0.032928 -0.28067 0.005043 -0.05278 -0.308441 -0.053806 -0.059517 -0.309601 -0.032742 -0.092712 -0.316528 -0.049103 -0.109398 -0.309113 -0.068237 -0.028681 -0.286224 -0.07515 -0.077919 -0.310089 -0.06382 -0.0103 -0.292938 -0.089066 -0.108879 -0.315369 -0.080353 -0.117104 -0.315369 -0.065956 -0.075226 -0.328094 -0.076942 0.007229 -0.307648 -0.080177 -0.099434 -0.340149 -0.098785 -0.051373 -0.333893 -0.132111 -0.045204 -0.334747 0.086754 -0.280121 0.000381 0.075134 -0.280945 0.001985 -0.468964 -0.006015 -0.233078 -0.442749 -0.003271 -0.102089 -0.419586 0.003242 -0.155075 -0.264618 -0.005136 -0.16069 -0.438629 0.011404 -0.133118 -0.448761 0.012551 -0.044735 -0.449738 0.035934 -0.15712 -0.468781 0.036762 -0.088127 -0.269196 0.031639 -0.163101 -0.439941 0.069893 -0.151855 -0.350281 0.06324 -0.150833 -0.404755 0.077805 -0.111626 -0.255096 0.032936 -0.143784 -0.269012 0.048443 -0.104492 -0.468048 -0.009149 -0.267181 -0.468323 0.192261 -0.267334 -0.473541 0.158417 -0.254486 -0.476746 -0.007461 -0.237503 -0.478088 0.138489 -0.236877 -0.469238 0.126907 -0.23288 -0.469208 0.139252 -0.170486 -0.469025 0.024801 -0.046684 -0.468842 -0.00694 0.236572 -0.469238 0.026514 0.074242 -0.469269 0.049198 -0.05962 -0.444763 0.068794 0.002186 -0.469208 0.051003 0.002226 -0.46936 0.048008 0.079468 -0.469116 0.123047 0.001931 -0.469299 0.180099 0.095009 -0.468994 0.160843 -0.075119 -0.474243 0.156616 0.035881 -0.47406 0.164413 0.07531 -0.475891 0.154236 -0.030064 -0.477234 0.147629 0.029581 -0.482025 0.132767 0.002192 -0.471313 0.139069 0.002239 -0.472076 0.194687 0.002499 -0.46936 0.17131 0.037598 -0.479584 0.181259 0.049583 -0.479065 0.198792 0.019648 -0.469391 0.200775 0.048748 -0.475586 0.22554 0.035992 -0.474365 0.242416 0.051666 -0.480682 0.248428 0.031376 -0.469604 0.255737 0.021044 -0.468964 0.272064 0.086349 -0.469055 0.287689 0.002085 -0.499115 0.288483 0.001986 -0.49942 0.269867 0.093369 -0.468781 0.25824 -0.116295 -0.469421 0.256256 -0.019449 -0.468597 0.235596 -0.10006 -0.472626 0.25708 0.002409 -0.476776 0.239456 -0.071762 -0.47348 0.215378 0.00237 -0.480988 0.248581 -0.028574 -0.468903 0.236832 -0.046619 -0.477509 0.222412 -0.119835 -0.478821 0.200912 -0.10434 -0.46814 0.208954 -0.080017 -0.475769 0.223877 -0.038166 -0.478241 0.198761 -0.004113 -0.469543 0.181458 -0.087669 -0.468292 0.178345 -0.145493 -0.477753 0.189987 -0.074677 -0.469666 0.19841 -0.046951 -0.479095 0.178299 -0.042919 -0.469147 0.17009 -0.03294 -0.474945 0.165909 -0.066978 -0.469818 0.168671 -0.138046 -0.49884 0.192322 -0.204315 -0.422333 0.080109 0.084068 -0.387848 0.081802 0.002243 -0.33197 0.070602 -0.052422 -0.294373 0.064598 0.051037 -0.253632 0.047977 0.069237 -0.24231 0.032475 -0.017014 -0.469055 0.190536 -0.206223 -0.499664 0.248123 -0.267242 -0.499542 0.254944 -0.121368 -0.468964 0.167191 -0.189728 -0.479004 0.163788 -0.190262 -0.479156 0.148422 -0.168427 -0.246124 -0.003331 -0.107895 -0.238327 -0.00541 -0.04958 -0.222397 -0.003017 0.002119 -0.241776 0.007735 0.002089 -0.209595 0.040676 0.002193 -0.180191 0.040993 0.002004 -0.163208 0.056572 0.002069 -0.137512 0.053432 -0.098434 -0.116989 0.057304 0.002148 -0.098022 0.047592 0.002205 -0.077446 0.052345 -0.017771 -0.124222 0.055187 -0.108566 -0.096268 0.050034 -0.115601 -0.074471 0.036755 -0.116508 -0.065781 0.04628 0.029661 -0.079865 0.047421 -0.168472 -0.053875 0.034611 -0.12735 -0.071098 0.022255 -0.098877 -0.02038 0.045944 -0.127853 0.037022 0.040722 -0.182892 -0.045544 0.023655 -0.101212 -0.029684 0.035564 -0.092384 -0.0368 0.045265 -0.021572 -0.053223 0.033669 0.001906 -0.071487 0.027622 -0.040905 -0.067062 0.030855 0.00797 -0.439484 -0.281281 0.079605 -0.436371 -0.280334 0.111092 -0.324799 -0.281219 0.204788 -0.442291 -0.280212 0.174393 -0.41394 -0.281433 0.313812 -0.474854 -0.16832 0.271698 -0.456055 -0.168289 0.271942 -0.456207 -0.168274 0.314728 0.218826 -0.280884 0.174347 -0.034069 -0.280823 0.250946 -0.219116 -0.280212 0.313019 0.470978 -0.28009 0.134018 -0.499725 -0.28241 0.27179 -0.499695 -0.282745 0.314819 -0.45578 -0.281158 0.270447 -0.456085 -0.282623 0.314911 -0.499695 0.248062 0.314728 -0.455841 -0.107094 0.314728 -0.203232 -0.1092 0.318329 -0.219131 -0.106071 0.295074 -0.453796 -0.10614 0.294037 -0.456085 0.247894 0.314819 -0.092232 -0.109818 0.320343 -0.075737 -0.116005 0.319794 -0.059086 -0.109932 0.313934 -0.028345 -0.110474 0.304749 -0.037151 -0.095078 0.318817 -0.072037 -0.084099 0.314911 -0.031898 -0.068321 0.317932 0.038517 -0.097588 0.310303 -0.005229 -0.046711 0.307037 0.016695 -0.070686 0.317322 -0.072044 -0.054672 0.310638 0.002104 -0.03315 0.285522 -0.037373 -0.032898 0.28476 -0.005108 -0.011067 0.289856 -0.072105 -0.05843 0.32547 -0.068329 -0.029091 0.289703 -0.045994 -0.011572 0.295319 -0.039726 0.012375 0.292511 -0.024366 0.025896 0.25943 0.024706 0.003502 0.297516 -0.060635 0.007315 0.279816 -0.064407 -0.004323 0.299377 -0.068359 0.023497 0.280579 -0.068108 0.016733 0.241074 -0.136307 0.038685 0.268524 -0.076538 0.03627 0.24823 -0.08075 -0.055752 0.337738 -0.07914 0.008055 0.31189 -0.150711 0.017746 0.307495 -0.17363 0.020639 0.307281 -0.191223 0.029545 0.27829 -0.188812 -0.020792 0.324249 -0.180191 -0.069664 0.339996 -0.152451 -0.042786 0.338043 -0.117699 -0.042561 0.338562 -0.139374 -0.101746 0.344971 -0.106125 -0.063843 0.337708 -0.065086 -0.090797 0.341339 -0.202164 -0.091393 0.338379 -0.213058 -0.034554 0.331512 -0.222534 0.008559 0.291046 -0.214539 0.033539 0.188736 -0.219055 -0.085258 0.328705 0.236435 -0.168289 0.323486 -0.447571 -0.005578 0.159882 -0.443634 0.004121 0.095245 -0.430786 0.002118 0.176697 -0.45285 0.040726 0.171249 -0.455231 0.025988 0.096817 -0.454102 0.052544 0.092545 -0.434814 0.067764 0.187881 -0.44223 0.030657 0.206741 -0.403809 0.004731 0.205185 -0.406738 0.071571 0.202057 -0.252838 -0.005372 0.201965 -0.250031 0.032887 0.199982 -0.365601 0.078323 0.108093 -0.291687 0.054028 0.196732 -0.469147 0.137085 0.172516 -0.498688 0.191971 0.210526 -0.498688 0.132019 0.253998 -0.499695 0.192184 0.271912 -0.476685 -0.007595 0.245483 -0.46701 -0.006001 0.269592 -0.475311 0.037128 0.262451 -0.400818 -0.005307 0.216064 -0.456024 -0.0058 0.271973 -0.455963 -0.014938 0.293274 -0.455963 0.247925 0.272003 -0.499725 0.247971 0.27179 -0.467682 0.191711 0.270782 -0.47699 0.157669 0.260223 -0.477356 0.13797 0.240067 -0.469116 0.126144 0.236908 -0.479004 0.141769 0.175018 -0.470032 0.168701 0.146484 -0.478546 0.173752 0.173615 -0.469757 0.187164 0.130035 -0.469025 0.162231 0.197174 -0.478943 0.197571 0.104828 -0.47757 0.224518 0.12085 -0.469055 0.239502 0.097618 -0.468414 0.216202 0.07972 -0.468964 0.190598 0.216049 -0.477203 0.189911 0.080414 -0.240814 -0.004272 0.158844 -0.181915 0.035881 0.175293 -0.167755 0.049122 0.171814 -0.133026 0.054268 0.120087 -0.092316 0.049908 0.114594 -0.101479 0.05571 0.144501 -0.09362 0.051918 0.197617 -0.07309 0.032715 0.127441 -0.075905 0.024805 0.095413 -0.045456 0.02368 0.106934 -0.078568 0.046627 0.172363 -0.088158 0.045937 0.210175 -0.074615 0.027769 0.176437 -0.089722 0.047493 0.231461 -0.052986 0.035168 0.131912 -0.058605 0.028505 0.205002 -0.035946 0.033775 0.226898 -0.022203 0.044949 0.128006 0.016012 0.032803 0.24025 0.020449 0.046162 0.161667 0.017149 0.041225 0.134796 -0.028355 0.03582 0.098412 0.006885 0.031822 0.108688 0.029345 0.042686 0.07412 -0.02545 0.047276 0.001941 -0.007704 0.044949 0.070114 0.026768 0.048603 -0.043144 0.434998 -0.280792 -0.324371 0.42804 -0.261505 -0.307373 0.439697 -0.253387 -0.325928 0.44693 -0.28186 -0.273804 0.459198 -0.264343 -0.340302 0.482239 -0.25174 -0.326172 0.439514 -0.286072 -0.285339 0.489655 -0.286224 -0.312469 0.491608 -0.265808 -0.323639 0.481995 -0.254059 -0.281525 0.480408 -0.094093 -0.279999 0.486267 -0.280426 -0.284454 0.498688 -0.281281 -0.282837 0.498566 -0.280945 -0.246979 0.262726 -0.281006 -0.139709 0.498627 -0.281189 -0.144806 0.499878 -0.280151 -0.094734 0.355011 -0.280792 0.004158 0.274719 -0.280365 0.001069 0.145462 -0.280396 0.002301 0.405304 -0.280396 0.002443 0.46991 -0.280457 0.006579 0.014102 -0.096283 -0.311768 0.028305 -0.048321 -0.295715 0.032093 -0.0951 -0.303925 0.167587 -0.10981 -0.296265 0.252228 -0.11026 -0.313446 0.282257 -0.118164 -0.314545 0.438873 -0.120583 -0.322052 0.439392 -0.168289 -0.324463 0.439392 -0.168274 -0.28125 0.454773 -0.168274 -0.215469 0.308197 -0.110359 -0.29776 0.260071 -0.100967 -0.303497 0.206985 -0.097107 -0.311768 0.113731 -0.099281 -0.299011 0.058235 -0.088028 -0.309723 0.085022 -0.085403 -0.311646 0.044712 -0.052635 -0.307739 0.110077 -0.05896 -0.308594 0.154022 -0.089561 -0.31662 0.065758 -0.03838 -0.296906 0.030727 -0.034832 -0.268433 0.156082 -0.045513 -0.308624 0.073906 -0.028336 -0.275299 0.046398 -0.006672 -0.283356 0.025095 0.003456 -0.293274 0.113243 -0.030905 -0.269226 0.091728 -0.008665 -0.292603 0.074844 0.005215 -0.29126 0.0653 0.02636 -0.266144 0.114136 -0.004292 -0.289001 0.144775 -0.030064 -0.274597 0.142303 0.043758 -0.226685 0.046879 0.031445 -0.221985 0.154892 0.023739 -0.27832 0.156937 -0.000517 -0.291534 0.180832 -0.02887 -0.269684 0.179733 0.01523 -0.276276 0.180115 0.033451 -0.251831 0.208267 0.039143 -0.270264 0.203934 0.011308 -0.290192 0.186447 -0.045998 -0.295044 0.22821 -0.024015 -0.279938 0.23143 0.007871 -0.299011 0.261841 0.038471 -0.279449 0.287445 0.004067 -0.29483 0.299225 0.016144 -0.287842 0.261597 -0.028156 -0.268036 0.294891 -0.026937 -0.274261 0.258087 -0.062004 -0.313324 0.212997 -0.035206 -0.298218 0.211166 -0.05542 -0.314087 0.274109 -0.090721 -0.309296 0.291595 -0.059746 -0.297119 0.172043 0.036606 -0.214127 0.208862 0.053486 -0.208588 0.162308 0.044518 -0.169678 0.13266 0.047558 -0.128021 0.240524 0.052776 -0.234329 0.288696 0.043961 -0.244919 0.283508 0.04887 -0.203903 0.298309 0.056477 -0.203247 0.277771 0.054348 -0.139511 0.314697 0.065552 -0.161087 0.290741 0.047909 -0.09211 0.243469 0.057152 -0.134827 0.265686 0.02964 -0.098793 0.261658 0.036175 -0.061916 0.309052 0.068207 -0.06295 0.238358 0.044556 -0.106285 0.26767 0.05069 -0.053032 0.211823 0.043526 -0.093727 0.178024 0.048916 -0.12793 0.159836 0.029249 -0.113403 0.239594 0.06163 -0.049343 0.185272 0.047489 -0.068474 0.252258 0.052464 -0.001145 0.270416 0.055565 -0.002452 0.295746 0.071938 0.002165 0.230591 0.066788 -0.000825 0.166245 0.057476 0.002114 0.151794 0.052662 0.002223 0.159409 0.035332 -0.080444 0.153854 0.023428 -0.105232 0.119362 0.032921 -0.104424 0.111641 0.048042 -0.068291 0.103302 0.055553 0.002258 0.129791 0.057056 0.017311 0.06871 0.043724 -0.081421 0.10228 0.04715 -0.130707 0.051994 0.039116 -0.062675 0.067398 0.026007 -0.103577 0.087646 0.057022 0.002128 0.050907 0.040882 0.054554 0.037231 0.017 -0.097298 0.025553 0.04163 -0.076447 -0.011946 0.039368 -0.100395 0.01692 0.041348 -0.129593 0.066521 0.039627 -0.128082 0.045677 0.016237 -0.110046 0.06778 0.047367 -0.185287 0.454895 -0.168274 0.169373 0.439423 -0.253387 -0.281403 0.461853 -0.268036 -0.271942 0.455048 -0.162201 -0.281128 0.455139 -0.161652 0.00212 0.472839 -0.160782 -0.28125 0.439087 -0.09095 -0.326294 0.482239 -0.090752 -0.326202 0.439453 -0.109413 -0.317047 0.440125 -0.091499 -0.311371 0.41333 -0.107529 -0.317078 0.426453 -0.077324 -0.315948 0.461487 -0.091995 -0.279602 0.472473 -0.099831 -0.253143 0.459045 -0.052551 -0.282562 0.473267 -0.070198 -0.241058 0.432251 -0.032356 -0.28302 0.390381 -0.034897 -0.27951 0.457031 -0.03931 -0.223099 0.45694 -0.095787 -0.224579 0.46463 -0.101288 -0.181564 0.473846 -0.075653 -0.198029 0.461548 -0.028 -0.275055 0.421936 -0.014503 -0.29538 0.396545 -0.004813 -0.297638 0.424286 0.023945 -0.293152 0.456329 0.019855 -0.288452 0.451294 -0.008718 -0.297485 0.466309 -0.002762 -0.276978 0.472809 -0.161087 0.285187 0.31424 -0.089813 -0.310394 0.315857 -0.055252 -0.311554 0.350372 -0.090675 -0.319946 0.372864 -0.108101 -0.311249 0.380951 -0.059124 -0.306976 0.395782 -0.09613 -0.315979 0.404175 -0.060051 -0.309479 0.342712 -0.03511 -0.282074 0.327393 -0.016254 -0.286743 0.358826 -0.005894 -0.296509 0.406738 0.044186 -0.285736 0.336914 0.025808 -0.290955 0.313995 -0.000609 -0.29422 0.322083 0.042542 -0.278717 0.371429 0.04829 -0.261841 0.337006 0.060604 -0.205933 0.325165 0.053902 -0.098701 0.362854 0.062317 -0.157288 0.370575 0.055294 -0.202072 0.410095 0.066345 -0.18251 0.416504 0.067734 -0.072998 0.462189 0.055828 -0.120049 0.459198 0.037174 -0.162186 0.417725 0.064476 -0.235184 0.453613 0.048069 -0.214203 0.464996 0.008986 -0.196487 0.465302 0.01227 -0.139389 0.435181 0.051159 -0.263275 0.465729 0.032452 -0.244446 0.456848 0.002868 -0.239944 0.4375 -0.003054 -0.227859 0.43924 -0.004001 -0.118843 0.459473 -0.011826 -0.170761 0.469086 -0.027546 -0.202057 0.467041 -0.028883 -0.123657 0.461151 -0.043503 -0.185547 0.473083 -0.084473 -0.167343 0.467621 0.014188 -0.088753 0.459076 0.044056 -0.063927 0.466034 0.007579 -0.043842 0.424103 0.072296 -0.028608 0.451447 0.05304 -0.035179 0.375519 0.056744 -0.069832 0.34967 0.058201 -0.06916 0.365875 0.071877 0.001992 0.42926 0.07782 0.001992 0.460388 0.06002 0.00215 0.461609 0.026079 -0.020596 0.467194 0.030079 0.001735 0.449738 0.005896 0.002264 0.439148 -0.005904 -0.021908 0.458862 -0.007439 0.002254 0.462494 -0.012625 -0.044498 0.442108 -0.008624 -0.077888 0.473206 -0.023352 -0.031902 0.472473 -0.02433 0.00225 0.467682 -0.027847 -0.066132 0.459015 -0.011806 -0.115028 0.463776 -0.009151 -0.14299 0.461548 -0.036743 -0.012866 0.461975 -0.044415 0.002143 0.469147 -0.06913 0.002174 0.45993 -0.040455 -0.051205 0.477905 -0.066345 -0.042084 0.46521 -0.088814 0.002622 0.454559 -0.044014 -0.103722 0.472656 -0.07029 -0.078384 0.463501 -0.100494 -0.025352 0.453735 -0.097092 0.001993 0.454895 -0.100327 -0.10215 0.472748 -0.100601 0.002211 0.462921 -0.038086 -0.1306 0.463806 -0.068008 -0.104828 0.470612 -0.082947 -0.122543 0.453888 -0.098747 -0.138779 0.281525 -0.280731 0.075287 0.305908 -0.28067 0.322723 0.431335 -0.280121 0.2901 0.429749 -0.281158 0.316132 0.498322 -0.280182 0.206802 0.499573 -0.280426 0.254456 0.475464 -0.282318 0.280579 0.43927 -0.253967 0.330139 0.467529 -0.266998 0.275299 0.439148 -0.250397 0.28653 0.482269 -0.252686 0.285522 0.439362 -0.168182 0.325684 0.439423 -0.121628 0.325958 0.439178 -0.168274 0.28537 0.454529 -0.165283 0.2854 0.482391 -0.090775 0.284851 0.037769 0.017231 0.099655 0.065529 0.042168 0.084198 0.051071 0.01688 0.110283 0.087593 0.03923 0.108353 0.153 0.030504 0.095741 0.043678 0.036366 0.173279 0.069199 0.042671 0.137253 0.093849 0.04734 0.143005 0.067696 0.04459 0.203705 0.047245 0.03244 0.224228 0.140915 0.042446 0.231384 0.145233 0.047962 0.196945 0.129517 0.042576 0.123611 0.171829 0.037186 0.216537 0.179352 0.034725 0.255493 0.161392 0.044495 0.165436 0.157242 0.027302 0.116989 0.210281 0.052204 0.234177 0.21019 0.032425 0.285461 0.261169 0.038494 0.284332 0.294495 0.006602 0.295868 0.292694 0.040016 0.256805 0.284393 0.048946 0.210403 0.210327 0.053963 0.209427 0.180984 0.050987 0.135941 0.251831 0.056347 0.138138 0.274292 0.054489 0.149323 0.306488 0.066895 0.1754 0.293427 0.048378 0.096764 0.27002 0.027761 0.095238 0.276459 0.054638 0.062279 0.224731 0.050125 0.112801 0.204712 0.042351 0.097061 0.245773 0.046619 0.061947 0.237091 0.061489 0.056072 0.266724 0.048401 0.054726 0.047554 0.030537 0.253448 0.118439 0.023447 0.273468 0.031258 -0.033138 0.274323 0.051907 -0.007266 0.289001 0.064857 0.026686 0.273254 0.087059 -0.001357 0.301178 0.075783 -0.027788 0.278442 0.028082 -0.047928 0.300293 0.048218 -0.04652 0.31015 0.073273 -0.086861 0.314972 0.109177 -0.057915 0.31311 0.070267 -0.108627 0.301392 0.275696 -0.110321 0.319885 0.200638 -0.116463 0.317139 0.136978 -0.107841 0.302155 0.307465 -0.110313 0.302399 0.273895 -0.101959 0.305969 0.239746 -0.094872 0.314667 0.267517 -0.071991 0.317108 0.179413 -0.08934 0.323181 0.211731 -0.049911 0.316864 0.255707 -0.041676 0.301788 0.194092 -0.072212 0.312775 0.131653 -0.047565 0.310303 0.164322 -0.042797 0.307739 0.188766 -0.038914 0.290131 0.225922 -0.026047 0.284943 0.313904 -0.031008 0.280334 0.266083 -0.027487 0.272064 0.182831 -0.029779 0.273682 0.113129 -0.031277 0.273163 0.148438 -0.028702 0.279541 0.111656 -0.003223 0.292786 0.155777 -0.004203 0.294647 0.154953 0.020178 0.287323 0.177979 0.008998 0.281982 0.200012 0.007657 0.296143 0.232635 0.01778 0.299225 0.240143 -0.006115 0.295135 0.304504 0.007388 0.296783 0.499603 -0.281128 0.243011 0.448486 -0.282898 0.281738 0.446808 -0.285858 0.334625 0.48587 -0.285706 0.322662 0.46344 -0.268555 0.346466 0.494385 -0.263306 0.3078 0.481659 -0.247574 0.330505 0.482239 -0.090683 0.330292 0.43811 -0.008014 0.055668 0.459259 -0.010454 0.041061 0.46521 0.006598 0.045395 0.472809 -0.023722 0.035332 0.467896 -0.024311 0.075935 0.464874 -0.035412 0.041424 0.447021 0.001014 0.110008 0.477203 -0.071701 0.049873 0.455841 -0.044434 0.10865 0.472107 -0.068779 0.074608 0.468506 -0.090279 0.088364 0.453369 -0.100563 0.107361 0.464752 -0.099945 0.034771 0.46286 -0.100998 0.194672 0.472809 -0.100365 0.285217 0.472565 -0.076477 0.121506 0.472504 -0.083199 0.176453 0.461853 -0.041607 0.190643 0.463165 -0.035049 0.127716 0.469574 -0.024925 0.149796 0.461334 -0.008702 0.141693 0.43985 -0.006216 0.130447 0.456329 -0.0121 0.17186 0.463684 0.008591 0.149719 0.468597 0.018471 0.106781 0.468719 0.048065 0.116508 0.450806 0.058697 0.146393 0.458069 0.058319 0.105888 0.456543 0.045803 0.067101 0.411163 0.067627 0.081657 0.410828 0.065849 0.18605 0.448547 0.058052 0.028769 0.418854 0.069862 0.043571 0.462189 0.022884 0.021034 0.378571 0.058853 0.063766 0.328217 0.054466 0.103889 0.336975 0.059731 0.07386 0.322906 0.069115 0.060295 0.438751 -0.00268 0.233932 0.465698 0.008674 0.199524 0.460052 0.008245 0.243668 0.463501 0.03196 0.253479 0.456757 0.022121 0.287933 0.467712 -0.007781 0.279358 0.462494 -0.026131 0.285522 0.463074 -0.009742 0.197052 0.469025 -0.027729 0.198364 0.454132 0.043751 0.168579 0.454193 0.047852 0.225388 0.415924 0.06366 0.247131 0.452576 0.048584 0.250275 0.431335 0.026438 0.290375 0.447723 0.000564 0.303192 0.413208 0.046246 0.28949 0.422577 -0.005309 0.303162 0.405457 -0.01568 0.297943 0.392426 -0.00218 0.303101 0.36142 -0.002486 0.299408 0.373047 0.039452 0.276672 0.371857 0.054543 0.239212 0.323761 0.043739 0.280182 0.336823 0.020668 0.29657 0.340179 -0.013302 0.298706 0.3367 0.0606 0.210815 0.366638 0.061153 0.172394 0.473999 -0.075111 0.202454 0.460358 -0.060726 0.218246 0.454193 -0.037262 0.248093 0.375061 -0.02379 0.285858 0.290314 -0.062714 0.302155 0.32016 -0.047234 0.308746 0.362213 -0.036175 0.28595 0.315765 -0.069786 0.319031 0.37915 -0.058968 0.311371 0.347015 -0.088966 0.324615 0.366943 -0.10878 0.315613 0.405365 -0.038296 0.28714 0.434662 -0.031586 0.285126 0.406342 -0.062576 0.314667 0.394318 -0.106567 0.318939 0.435974 -0.107216 0.316376 0.424835 -0.076881 0.321014 0.443878 -0.090874 0.313019 0.457214 -0.054344 0.292328 0.468842 -0.055405 0.259399 0.461151 -0.094238 0.282623 0.458282 -0.09864 0.234955 0.439087 -0.090919 0.330322</float_array>
          <technique_common>
            <accessor source="#Bed_Level_2-mesh-positions-array" count="748" stride="3">
              <param name="X" type="float"/>
              <param name="Y" type="float"/>
              <param name="Z" type="float"/>
            </accessor>
          </technique_common>
        </source>
        <source id="Bed_Level_2-mesh-normals">
          <float_array id="Bed_Level_2-mesh-normals-array" count="4506">-0.004178 -0.000538 -0.999991 0.001163 -0.993943 0.109887 0.999611 0.00135 0.027851 0.089835 -0.995787 0.018401 -0.999995 0.003266 -0.00006 -0.008336 0.001045 -0.999965 0.042072 -0.014785 0.999005 0.999962 -0.008626 0.001404 0.007413 -0.001504 0.999971 -0.000392 -0.999999 -0.001417 -0.011884 0.001065 -0.999929 -0.000182 -1 -0.000128 -0.000048 -1 0.000001 -0.014056 -0.009054 -0.99986 0.002924 0.999702 -0.024224 -0.004466 0.995158 -0.098188 -0.600949 -0.757269 -0.255744 -0.006608 -0.008884 -0.999939 -0.003512 -0.000523 -0.999994 -0.02953 0.542768 -0.839364 -0.001032 0.999986 -0.005123 -0.003797 -0.000091 -0.999993 0.99932 0.001027 -0.036859 0.999851 0.00223 -0.017088 0.999332 0.006382 0.035972 0.999998 -0.00012 -0.00211 -0.000713 -0.000345 -1 -0.99996 0.000061 0.008931 -0.999733 0.001578 0.023071 0.02641 -0.005358 0.999637 -0.012619 -0.99992 -0.000625 -0.999999 0.001517 -0.000057 -0.999999 0.00156 -0.000081 -0.367821 -0.929547 -0.025475 -0.998538 -0.054047 0.000074 -0.012156 0.999827 -0.014055 0.001176 -0.999957 -0.009145 0.000662 -0.999774 0.021264 -0.000312 -0.999974 -0.007236 0.003155 -0.999962 0.008151 -0.002747 -0.999993 -0.002388 -0.012924 -0.999906 0.004568 -0.006672 -0.999948 0.007687 -0.000769 -0.99999 -0.00447 -0.000557 0.999997 -0.002553 -0.00043 1 -0.000169 -0.00014 1 -0.000187 -0.006335 -0.999965 -0.005465 -0.001392 -0.999999 0.000864 -0.009533 0.999951 0.002744 -0.171014 0.023531 -0.984988 -0.997771 -0.060496 0.028152 -0.996597 0.08235 -0.003617 -0.77324 0.540165 -0.332148 -0.943979 0.090719 -0.317292 -0.484486 0.766655 -0.421323 -0.690702 0.1398 -0.709497 0.110022 -0.240008 -0.964516 0.099594 0.366115 -0.925225 0.052806 0.765573 -0.641179 -0.015261 0.393864 -0.919042 -0.215163 -0.732371 -0.646016 -0.686555 0.534953 -0.492409 -0.15353 0.37133 -0.91572 -0.162383 0.938012 -0.306212 -0.436836 0.899537 0.002703 -0.621036 0.782013 -0.052631 -0.072541 0.992853 -0.094769 0.200552 0.84837 -0.489947 0.015186 0.357513 -0.933785 0.057508 0.944048 -0.324756 -0.041505 0.992443 0.115477 0.020764 0.35518 -0.934567 -0.22169 -0.021285 -0.974885 0.865 0.501722 -0.007121 0.88447 0.46571 0.028744 -0.326987 0.923934 -0.198558 0.019019 0.936846 -0.349224 0.872119 0.48104 0.089497 0.022731 0.941394 -0.336543 -0.387618 0.905988 -0.170112 0.936835 0.349202 0.019937 0.28358 0.543241 -0.790235 -0.318481 0.901611 -0.292691 -0.029556 0.957857 -0.285722 -0.306015 0.914767 -0.263733 -0.010087 0.8323 -0.554233 0.027437 0.862588 -0.505162 -0.112357 0.864675 -0.489606 0.569974 0.340633 -0.74773 -0.055455 -0.316334 -0.947026 -0.066673 0.760743 -0.645619 -0.073556 0.754767 -0.651856 -0.003814 0.201954 -0.979388 -0.374498 -0.04437 -0.926166 0.220179 0.652644 -0.724967 0.124225 -0.323561 -0.938017 0.028933 -0.007051 -0.999556 -0.366697 0.44696 -0.815941 0.180922 -0.375502 -0.908991 0.974615 -0.192359 0.114555 -0.270497 0.556604 -0.785509 0.155159 0.097906 -0.983026 0.154648 0.163823 -0.974292 0.876794 -0.250953 0.410188 0.827404 -0.432916 0.357751 -0.009959 -0.01055 -0.999895 -0.009675 -0.006707 -0.999931 -0.010113 -0.967522 -0.252584 0.852791 0.256741 -0.454786 0.846596 0.231621 -0.479194 0.166637 0.983988 -0.063248 0.837001 -0.538921 0.094834 0.034815 -0.937951 -0.345015 0.341843 0.250262 -0.905822 0.353853 0.269251 -0.895708 0.00196 0.129825 -0.991535 0.020424 0.441997 -0.896784 0.093522 0.377699 -0.921193 0.042601 0.092423 -0.994808 -0.188524 0.391109 -0.900829 -0.023414 0.108138 -0.99386 0.000392 0.999899 -0.014197 -0.000064 1 0.00003 0.000501 -0.999999 -0.000945 -0.179581 0.874031 -0.451465 0.003342 0.999978 -0.005783 -0.010322 0.999939 0.003815 0.006633 0.99973 -0.02227 -0.870463 -0.267239 -0.413374 0.04438 0.97292 -0.226841 -0.698065 -0.607022 -0.379776 -0.992756 0.037064 -0.114288 -0.041447 -0.10041 -0.994082 -0.678299 -0.647345 -0.347644 -0.795026 -0.56809 -0.21262 -0.034685 -0.06968 -0.996966 -0.917254 0.304442 -0.256828 -0.028844 0.161267 -0.986489 0.044095 0.457853 -0.887934 0.074445 0.964141 -0.254735 0.309836 0.906434 -0.287018 0.310473 0.916627 -0.251797 -0.273796 0.957054 -0.095306 0.020252 0.000787 0.999795 0.019144 0.000719 0.999816 0.925072 0.001552 0.379789 0.959741 0.010195 0.2807 -0.129846 0.98705 -0.094196 0.966046 0.007775 0.258252 0.420005 0.007754 -0.907489 0.493971 0.002313 -0.869475 0.808042 0.577848 -0.114719 0.999997 0.002063 -0.000889 0.999995 0.002548 -0.002014 0.999922 -0.012248 0.002352 -0.113916 0.993488 0.001986 0.999994 0.003509 -0.000253 -0.702179 -0.708421 -0.071302 -0.484152 -0.839908 -0.245259 -0.518094 -0.85525 0.011203 0.999848 0.013268 0.011328 0.255793 0.887684 -0.382868 -0.588318 0.808302 -0.02301 0.999998 -0.001826 -0.000933 -0.588149 0.80819 0.03018 0.999999 -0.00128 -0.000654 0.999995 -0.001266 0.002742 0.999985 -0.005338 -0.001035 0.980289 0.1929 -0.042695 0.897502 0.395376 0.195368 -0.426726 0.610047 -0.667643 0.523053 0.707423 -0.475361 0.512792 0.666502 0.541127 0.472905 -0.80648 0.354895 0.459188 -0.77731 -0.430041 0.978069 0.012446 0.207908 0.964587 -0.202794 -0.168663 0.990912 0.014219 -0.133756 0.925781 -0.277668 -0.256573 0.816442 0.507741 0.274993 0.873603 0.413159 0.257134 0.853181 -0.456412 -0.252529 0.944991 0.072048 -0.319062 0.827267 -0.367338 0.42508 0.513716 -0.603529 0.609794 0.940054 0.265527 -0.213996 0.739486 -0.222896 0.635199 0.999788 -0.020022 -0.004792 0.025216 0.979547 0.199632 0.026419 0.970099 -0.241267 0.999853 -0.015945 0.006281 0.999891 0.013054 0.006875 0.979087 -0.115994 -0.167136 0.982457 -0.113048 0.148318 0.987165 0.008472 -0.159476 0.384163 -0.893407 0.232901 0.989104 -0.020392 0.145799 0.080901 -0.000725 -0.996722 0.408016 -0.884394 0.226652 0.715273 -0.383023 -0.584533 0.60589 0.788258 -0.107457 0.849485 0.449525 0.276229 0.998346 -0.057262 0.005079 0.911331 0.326046 -0.251337 0.806545 0.356073 -0.471909 0.825093 -0.541813 -0.160191 0.912143 -0.304166 0.274732 0.744704 0.046381 -0.665781 0.966115 -0.2362 -0.104078 0.904461 0.070906 -0.420621 0.903758 0.428029 -0.003491 0.88382 -0.365856 0.291566 0.758112 -0.210456 0.617232 0.967289 0.16548 0.192269 -0.605155 0.126132 -0.786052 0.903626 -0.386763 0.18405 0.997126 -0.074306 0.014788 0.770646 0.556547 -0.310421 0.377805 0.863619 0.333805 0.743858 0.576278 -0.338495 0.896039 -0.326603 0.30074 0.982876 0.058782 -0.174642 0.908131 -0.405332 -0.104902 0.883859 0.232802 0.405705 0.782253 0.587929 0.205963 0.849575 0.290606 0.440193 0.99974 0.020183 -0.01058 -0.999999 0.001012 -0.000491 -0.772533 0.634671 -0.019655 -0.429854 0.902871 -0.007014 -0.127865 0.99123 -0.033379 -0.217189 0.976127 -0.002016 0.143304 0.988095 -0.055961 0.183992 0.977051 -0.107327 0.186414 0.982413 -0.010731 0.24214 0.963148 -0.117106 0.293559 0.954564 -0.051283 0.389785 0.920349 -0.032038 0.637687 0.768373 -0.054393 0.988725 -0.149546 0.007622 -0.025885 0.999276 0.027897 0.004918 0.003848 0.999981 0.008417 0.001204 0.999964 0.001713 0.999992 -0.003552 0.00351 0.999992 -0.001754 -0.999885 -0.01507 0.00143 0.058985 0.998167 -0.013547 0.009264 0.798098 -0.602457 -0.999644 -0.024677 0.01017 -0.060055 0.963279 -0.2617 0.013596 0.798805 -0.601437 0.999975 0.003858 -0.005952 0.999989 0.000654 -0.004592 0.997019 -0.041894 -0.064792 -0.168689 -0.783335 0.598273 0.561175 -0.782775 0.268972 0.314167 -0.943474 0.105625 0.221767 -0.751743 0.621049 0.98547 -0.140409 0.095568 0.999814 -0.018347 -0.005951 0.999848 0.010179 0.014123 0.998776 -0.040692 0.028107 0.663595 0.741739 -0.097282 -0.626689 0.604469 -0.49181 0.481705 0.653638 -0.58371 0.959681 -0.25012 -0.128265 0.999479 0.030915 -0.009242 0.990541 -0.134192 0.028654 -0.999999 0.000103 -0.001381 -0.001357 0.999983 -0.005691 -0.042772 0.998901 -0.019168 0.183275 0.983005 0.010541 -0.118156 0.992949 -0.009554 -0.998145 0.060877 -0.001049 0.819369 0.566257 -0.089366 0.999218 -0.00829 -0.038668 0.984373 0.145797 -0.098754 0.65731 0.750935 -0.063565 0.940872 -0.090335 -0.326497 0.804227 0.061359 -0.591147 -0.261773 0.963642 -0.053572 -0.823324 0.56756 -0.003814 -0.120945 0.991559 -0.046733 -0.010979 0.999437 -0.031698 -0.675916 0.736881 -0.012016 -0.639117 0.768859 -0.019619 -0.054027 0.997526 -0.044979 -0.015766 0.999254 -0.03525 0.452423 0.882815 -0.126298 -0.124769 0.986485 0.106203 -0.138504 0.99031 -0.010139 -0.077252 0.994485 0.070928 0.131125 0.972703 -0.191454 0.167486 0.984312 -0.055475 -0.042318 0.998777 0.025564 0.512977 0.850145 -0.118777 0.716437 0.692118 -0.087695 0.321796 0.945318 0.053116 0.52016 0.845656 0.119583 0.667343 0.73119 -0.141474 0.963871 0.262329 -0.046207 0.957456 0.27786 -0.077917 0.024608 0.98857 -0.148743 -0.211673 0.975992 -0.05133 0.366765 0.751733 0.54807 -0.320767 0.945727 -0.052039 -0.277968 0.957732 -0.074055 -0.02102 0.993011 -0.116137 -0.280879 0.849932 0.445783 -0.014745 0.920474 0.390525 -0.62211 0.780215 0.065142 -0.530815 0.830838 -0.167164 -0.682024 0.721278 -0.120834 -0.062888 0.993732 -0.092421 -0.087278 0.990873 -0.102725 0.977291 0.211503 -0.013023 -0.217861 0.974952 -0.044767 0.962309 -0.262866 -0.069736 0.998235 0.00061 -0.059387 -0.010467 0.999925 0.006413 -0.000986 -0.99998 -0.006193 -0.050732 0.998399 -0.025012 -0.03615 -0.998781 0.033613 -0.008855 -0.99996 0.001099 -0.006655 -0.99995 -0.007404 0.008202 -0.999966 0.000311 -0.999375 -0.035333 -0.000461 0.001651 -0.999999 -0.000169 0.000009 -1 -0.000056 -0.000055 -1 0.00035 0.000738 -1 -0.000181 0.0006 -1 -0.000287 0.000811 -0.999994 0.003473 0.001481 -0.999999 -0.000752 0.006382 -0.999563 0.028864 -0.006226 0.99993 0.010023 -0.000125 1 0.000201 -0.000058 0.999999 0.001648 -0.000832 0.999998 -0.002005 0.005611 -0.00203 -0.999982 0.000162 -0.019727 -0.999805 -0.999996 0.002755 0.000719 0.012984 -0.003637 -0.999909 -0.030919 0.013163 -0.999435 0.002814 -0.999966 -0.007787 0.027464 -0.999087 -0.03273 0.999973 0.002345 0.006937 -0.002114 0.001598 0.999996 0.999993 0.001073 0.003552 -0.999975 -0.000001 -0.007051 0.001388 0.000171 0.999999 0.002126 -0.000013 0.999998 -0.014253 0.000085 0.999898 -0.000497 0.998941 0.046009 0.995148 0.000659 0.098386 -0.012374 -0.00796 0.999892 -0.018209 -0.01244 0.999757 0.014721 -0.049369 0.998672 0.176147 0.389399 0.904069 0.222665 -0.585144 0.77976 0.189713 0.058042 0.980123 -0.144628 -0.109699 0.983386 0.112161 0.010845 0.993631 -0.095085 0.051549 0.994134 0.031759 0.418432 0.907693 -0.006442 0.456505 0.889698 -0.129848 0.142453 0.981247 -0.074179 0.854855 0.513537 -0.007399 0.770014 0.637984 -0.020182 -0.198889 0.979814 0.99999 0.000867 0.004332 0.19757 0.603504 0.772496 0.98355 -0.176025 -0.040555 0.126294 -0.39869 0.908348 0.094268 -0.410873 0.906806 0.131007 0.081564 0.98802 0.506729 0.689736 0.517194 -0.418266 0.437377 0.796087 -0.349102 0.913004 0.211073 -0.545465 0.237039 0.803916 0.058116 -0.371174 0.926743 0.40952 0.747157 0.523497 0.988604 -0.149433 -0.018208 0.8991 0.43238 -0.068319 0.838428 0.381863 0.388869 -0.022609 0.557522 0.829854 0.14975 0.931981 0.33013 0.823372 0.14717 0.548087 0.555201 0.817205 -0.154687 0.73704 0.237696 0.632671 0.08651 0.863914 0.496153 0.103838 0.859629 0.500255 -0.09427 0.934159 0.34418 0.037632 0.366887 0.929504 -0.678511 0.477318 0.558382 0.091088 0.319928 0.943053 0.006159 0.450388 0.892812 -0.357231 0.428974 0.829679 -0.016214 0.475763 0.879424 0.151773 0.367818 0.917429 -0.035528 0.108851 0.993423 -0.01557 0.113279 0.993441 0.00989 -0.034723 0.999348 0.160771 0.047875 0.98583 -0.083241 0.257491 0.962689 0.787955 0.400267 0.467881 0.031431 0.116057 0.992745 0.968313 0.097196 -0.230049 0.702312 -0.623876 -0.342837 0.14793 -0.820548 0.552102 -0.010639 -0.956056 0.29299 -0.099958 0.027064 0.994624 -0.189269 -0.72915 0.657661 -0.159581 0.088204 0.983237 0.099876 0.321067 0.941775 -0.156081 0.661911 0.733152 -0.142436 0.660567 0.737131 -0.50062 0.849167 0.168212 -0.49414 0.010318 0.869321 -0.942569 0.093734 0.320589 -0.548836 -0.610289 0.57125 -0.99812 -0.012965 0.059908 -0.684571 -0.619155 0.38472 -0.999356 -0.02946 0.02049 0.006428 0.99162 0.12903 -0.004417 -0.005008 0.999978 -0.000128 1 0.000135 0 -1 0 -0.034553 0.999369 0.008165 -0.957477 0.288115 -0.015087 -0.495235 0.86306 0.099341 -0.868893 -0.478883 0.12528 -0.873279 -0.471862 0.121367 -0.883317 -0.468757 0.004123 -0.174106 -0.981037 0.085168 -0.998675 0.046127 0.022813 -0.853321 0.513442 0.090672 -0.868952 -0.479085 0.124095 -0.8632 0.354977 0.358995 -0.467279 -0.723021 0.508812 -0.447148 0.474683 0.758113 0.04018 0.079177 0.996051 -0.180568 0.978992 0.094709 0.025533 0.049876 0.998429 0.000884 0.9974 0.072058 0.019267 0.9994 0.028798 0.184246 0.982859 -0.00642 0.155544 0.978089 0.138379 0.239415 0.968681 0.065863 0.093657 0.328997 0.939675 0.353472 0.933441 0.061203 0.445078 0.8909 0.090565 0.880207 0.473615 0.03042 0.999817 0.01907 0.001491 0.999997 0.001137 -0.002205 -0.380025 0.916419 0.12553 -0.742444 0.668495 0.043486 -0.546019 0.837087 0.033897 -0.668429 0.145747 0.729356 -0.843734 -0.131329 0.520447 0.999916 0.008123 -0.010065 0.999989 -0.004274 0.001802 -0.999998 0.00203 0.000231 -0.99999 0.002614 0.003604 -0.999796 -0.011863 -0.01636 -0.998572 -0.000807 -0.053421 -0.999999 -0.000865 0.001129 -0.108288 0.99387 -0.022255 0.919303 0.1146 -0.376495 -0.032016 0.999132 -0.026636 -0.020348 0.99972 0.012111 -0.740435 0.271486 0.614859 -0.016642 0.999832 -0.007617 -0.67052 0.444203 0.594212 -0.0007 0.999967 0.008127 -0.039622 0.918242 0.394034 -0.010102 0.008125 0.999916 0.000876 0.999989 0.004584 0.063894 0.742135 0.667198 0.019205 -0.031515 0.999319 -0.002088 -0.000258 0.999998 0.003851 0.999992 0.000735 0.001061 0.999997 -0.00212 0.968109 0.020914 -0.249653 0.999996 0.000675 -0.002574 0.999996 -0.000241 0.002849 0.103188 0.000093 -0.994662 0.211693 0.006602 -0.977314 0.672035 0.006741 -0.740489 0.752826 -0.00168 -0.658217 0.993693 0.01178 -0.111514 0.999754 0.003795 -0.021863 0.402235 0.035892 0.914833 0.750663 -0.000123 0.660685 0.999998 0.002059 -0.000132 0.455004 0.877943 0.148954 0.821966 0.569401 0.01243 0.999665 0.006927 -0.024922 0.447355 0.575917 0.684246 0.999668 -0.015227 -0.020788 0.954095 -0.000524 0.299503 0.998511 0.0485 0.024958 0.999998 0.001511 -0.001122 0.942692 0.214019 0.255983 0.999903 -0.00275 0.01363 -0.612161 -0.779343 -0.133725 0.172862 0.931034 0.321393 0.848316 0.521078 -0.094013 0.999036 -0.039369 -0.019398 0.631779 -0.564398 -0.531329 0.951586 -0.290947 0.099162 0.997284 -0.067847 0.028648 -0.271884 -0.760254 -0.589994 0.763514 -0.632905 -0.128363 0.84757 0.189192 0.495814 0.224022 0.735345 0.639595 0.986824 0.065864 -0.147788 0.76459 0.642758 -0.047593 0.409367 -0.89193 -0.192039 0.999949 -0.005693 -0.008376 0.999998 -0.001286 -0.001299 0.999991 -0.003571 -0.002243 0.999627 0.013614 -0.023691 0.061397 0.845215 0.530889 -0.028884 0.982823 0.182275 -0.064339 0.830823 0.552805 0.050114 0.998513 -0.021479 -0.999755 -0.02078 -0.00757 0.01466 0.999887 -0.003229 -0.035309 -0.002205 -0.999374 0.004888 0.020697 -0.999774 -1 -0.000536 0.0007 0.759284 -0.269462 -0.59235 0.923705 -0.314564 -0.218675 0.910923 0.186002 -0.368269 -0.53971 0.717276 -0.440714 0.993417 -0.10426 -0.047461 -0.498405 0.295188 0.815142 0.489625 0.828935 -0.270434 0.985735 0.093492 0.139949 0.945228 -0.321016 0.059093 -0.999998 0.000105 0.002096 -0.921646 -0.387892 0.010397 0.999828 0.017902 -0.004765 0.976549 0.21504 0.010478 0.978252 0.204543 0.034419 0.962074 -0.056756 0.26682 -0.126532 0.991938 -0.006926 0.01325 0.999866 0.009564 -0.999501 -0.03157 0.000791 -0.998294 0.058312 -0.00281 -0.937929 0.346642 0.011342 -0.827205 0.5619 -0.000426 -0.056512 0.997728 0.036675 -0.010587 0.999512 0.02938 -0.048101 0.997215 0.056998 -0.675945 0.736799 0.015011 -0.685148 0.728203 -0.017122 -0.681119 0.732041 0.013883 -0.136305 0.979244 0.150004 -0.085853 0.995448 0.04139 -0.015872 0.999596 0.023574 0.453938 0.887012 0.084559 0.103023 0.994346 -0.025721 0.129145 0.974471 0.183651 -0.232641 0.972528 -0.00823 0.291809 0.95515 0.050368 -0.194999 0.949959 -0.244038 -0.065602 0.994576 0.08071 0.59959 0.785394 0.153777 0.646774 0.761006 0.050525 0.921326 -0.388502 0.014972 0.976041 -0.200365 0.084843 0.010345 0.997489 0.07006 0.129477 0.95995 -0.24846 -0.153852 0.982518 0.104823 -0.455097 0.882642 0.117601 0.353189 0.935439 0.014524 0.548767 0.81513 -0.18552 -0.203048 0.846805 0.491622 0.547254 0.822712 0.153809 -0.014136 0.993627 0.11183 0.975078 0.215655 0.052119 0.937708 0.248922 0.242367 -0.252964 0.963373 -0.089009 0.185439 0.877795 0.441688 0.653558 0.756841 -0.007304 0.884175 0.439506 -0.158334 0.816072 0.577715 0.016484 0.907278 0.415422 -0.065363 -0.141375 0.98538 0.095071 -0.016762 0.906461 -0.421957 -0.385601 0.902282 0.192872 -0.17993 0.980772 0.075576 -0.392945 0.899699 0.190095 -0.348047 0.893329 0.284299 -0.294782 0.953402 0.064251 -0.320712 0.820114 -0.473874 -0.287826 0.95527 0.067939 -0.2834 0.904093 0.319843 -0.04633 0.96696 0.250682 -0.024271 0.985791 0.166213 -0.104899 0.989716 0.097252 0.125572 0.972897 -0.194171 -0.61226 0.782385 -0.114069 0.143675 0.936848 -0.318861 -0.54084 0.8347 0.103773 0.218974 0.887393 -0.405688 0.017427 0.950556 0.310063 -0.368253 0.924472 0.098693 0.022982 0.946429 0.322092 -0.278182 0.954772 0.105003 0.003312 0.999441 0.033253 -0.033947 0.999295 0.016026 -0.000251 -0.999998 -0.00177 0.002312 0.999483 -0.032071 -0.00052 0.999855 -0.017016 -0.934318 -0.355806 0.021264 -0.863468 0.120223 -0.489867 -0.002896 -0.999787 -0.020433 -0.573479 0.051882 -0.817576 -0.033541 0.772407 -0.634241 -0.677813 0.714099 0.175022 -0.070983 -0.989533 -0.125645 0.07027 -0.745405 -0.662898 0.13793 -0.955633 0.260272 0.457526 0.146797 -0.876995 0.386452 -0.470866 -0.793058 0.829051 0.558167 0.033522 0.999933 0.009863 0.005977 0.973317 0.137272 0.183875 0.991761 -0.026276 0.125377 0.093008 -0.972711 0.212561 -0.033491 -0.96666 -0.253863 0.012828 -0.999873 0.009413 -0.028248 -0.99569 0.088338 -0.000764 -0.999997 -0.002249 -0.000827 -0.999997 -0.002388 0.687975 -0.725731 -0.002144 0.018258 -0.999628 0.020266 -0.000733 -0.999998 0.001958 -0.005511 -0.999972 0.005023 0.000283 -0.99999 0.004529 -0.002181 -0.999995 -0.002456 0.000412 -1 -0.000695 0.007758 -0.999913 0.010701 0.004499 0.999974 0.005646 -0.000232 1 0.000836 -0.00071 1 0.000566 0.016672 0.999847 -0.005358 0.000209 0.999996 0.002724 0.000737 0.999994 0.003238 0.002961 -0.999993 -0.002145 0.118522 -0.497966 -0.859059 -0.002469 -0.81143 -0.584444 0.108008 0.09815 -0.989293 0.449788 0.160851 -0.878532 0.178927 0.779571 -0.600212 0.392594 0.094588 -0.914835 0.381857 0.189675 -0.904549 0.013568 0.980229 -0.197399 0.002673 0.999912 -0.01302 -0.009036 0.652086 -0.758091 0.002679 0.147697 -0.989029 0.003386 0.970269 -0.242006 -0.012877 -0.001031 -0.999917 -0.016873 0.050284 -0.998592 0.000006 -1 0.000347 0.000025 -1 -0.000006 0.003826 0.999966 -0.007341 -0.010989 -0.561655 -0.827298 0.03194 -0.81137 -0.583659 -0.010791 -0.30367 -0.952716 -0.088283 -0.648708 -0.755899 0.039009 -0.5813 -0.812753 -0.026211 -0.574068 -0.818388 0.010876 -0.660781 -0.7505 -0.209901 -0.02541 -0.977392 -0.074259 0.027507 -0.99686 -0.571677 0.096703 -0.81476 0.315999 -0.192178 -0.929092 -0.00174 0.116283 -0.993215 -0.061375 -0.80776 -0.586307 -0.337568 -0.246501 -0.908452 -0.225172 0.778085 -0.586415 0.043663 0.562815 -0.825429 -0.245978 0.877373 -0.411961 0.283792 0.849313 -0.445118 0.114178 0.17227 -0.97841 -0.05348 0.180775 -0.982069 -0.193787 0.915526 -0.352504 0.298655 -0.571317 -0.764462 -0.07772 -0.432722 -0.898171 0.214955 -0.414042 -0.884513 -0.513531 0.140032 -0.846568 -0.029069 0.856644 -0.515088 0.552684 0.545577 -0.629989 0.128081 0.880005 -0.457369 0.213153 0.787471 -0.578321 0.065793 -0.691999 -0.718894 -0.072116 -0.426826 -0.901454 -0.385269 -0.387622 -0.837447 -0.436855 0.599454 -0.67068 -0.491907 0.606813 -0.624344 0.110889 0.228473 -0.967214 0.238711 -0.584333 -0.77561 -0.118758 0.813095 -0.569889 -0.120335 -0.589489 -0.798763 -0.248266 0.848328 -0.467657 -0.054639 0.948629 -0.311636 -0.128792 0.991521 -0.017284 0.388695 0.921125 0.021067 -0.060609 0.968287 -0.242379 -0.022549 0.930276 -0.366167 -0.067394 0.750487 -0.65744 0.107519 0.213654 -0.970975 -0.007775 -0.494886 -0.868923 -0.093409 0.470214 -0.877595 0.131527 -0.533187 -0.835711 0.025121 0.913375 -0.406344 0.234059 0.480245 -0.845329 0.601593 -0.103407 -0.792081 0.307578 0.760595 -0.571744 -0.482333 0.705937 -0.518659 -0.510504 -0.139551 -0.848476 -0.332072 0.582722 -0.74173 0.239695 0.828329 -0.506377 0.375883 0.421149 -0.825437 -0.159295 -0.374627 -0.913389 -0.206094 0.789136 -0.57861 -0.178447 0.590996 -0.78669 -0.322723 -0.461654 -0.826272 -0.125072 0.619647 -0.774851 0.097277 0.465642 -0.87961 0.068155 0.449024 -0.890917 0.01316 -0.645525 -0.763626 0.229953 -0.516577 -0.824785 -0.130843 -0.569708 -0.811365 -0.138786 0.798377 -0.585946 0.322891 0.663502 -0.674912 -0.389832 0.893573 -0.222618 0.256318 0.76461 -0.591331 -0.331255 0.601017 -0.727357 0.098253 0.608989 -0.78707 -0.606227 0.01657 -0.795119 0.148616 -0.069779 -0.98643 -0.018675 -0.245407 -0.96924 -0.20881 -0.249148 -0.945687 0.426502 0.112066 -0.897517 0.016439 0.933596 -0.357949 0.245127 0.969069 -0.028611 -0.283534 0.948675 -0.140085 -0.382071 0.90092 -0.205827 0.275903 0.954922 -0.109551 -0.374196 0.895396 -0.241337 0.056011 0.997886 -0.032959 -0.159052 0.961947 -0.22217 -0.043055 0.946315 -0.320364 0.121527 0.961275 -0.24735 0.389007 0.813709 -0.431915 0.158348 0.982551 -0.097568 0.058852 0.997257 0.044882 -0.445415 0.880595 -0.161733 -0.450006 0.885534 -0.115428 -0.329221 0.941298 -0.074644 -0.186483 0.965421 0.18217 0.070596 0.994426 -0.078309 0.066562 0.994517 -0.080658 -0.613266 0.742768 0.268702 -0.540761 0.816141 -0.203695 -0.549954 0.806724 -0.216209 0.274969 0.783599 0.557104 0.130742 0.898159 0.419782 0.497421 0.86191 -0.098407 -0.416377 0.59384 -0.688466 0.165527 0.890961 0.422835 0.039922 0.985455 0.165181 -0.12394 0.99225 0.008834 -0.095422 0.964488 0.246287 -0.208739 0.977667 -0.024414 -0.657593 0.733887 0.170238 -0.403111 0.754909 0.517314 0.443378 0.859945 0.252804 0.462639 0.681237 -0.567346 0.079727 0.496144 -0.864572 -0.141325 0.944424 -0.296799 -0.145136 0.942665 -0.30053 0.370887 0.925352 0.078527 -0.173681 0.981115 -0.085133 -0.535388 0.842992 -0.052183 0.551569 0.834017 0.013684 -0.202738 0.96908 -0.140644 -0.148893 0.972745 -0.177761 -0.310142 0.926145 -0.214633 -0.351661 0.919756 -0.174309 -0.328407 0.917912 -0.222679 -0.774121 0.620658 -0.124579 0.212537 0.7156 0.66539 0.225209 0.857631 -0.462332 0.202731 0.776869 0.596133 0.209296 0.960742 -0.182127 0.155727 0.922637 -0.352831 0.05915 0.993351 -0.098765 0.058166 0.978065 -0.200013 0.023772 0.92402 -0.381606 -0.065083 0.991433 -0.113246 -0.056077 0.862304 0.503277 -0.284365 0.958548 -0.017948 -0.113723 0.77921 -0.616359 -0.66318 0.603213 -0.443087 -0.103852 0.844826 0.524865 -0.009931 0.999172 -0.039453 0.091333 0.945817 -0.311591 -0.423062 0.905931 -0.01757 0.344553 0.938703 -0.010946 -0.076131 0.854708 -0.513497 -0.337667 0.851944 -0.400214 0.843946 0.518037 -0.139257 0.355982 0.696357 -0.623189 0.3563 0.839998 0.409211 -0.145878 0.862488 0.484596 -0.326704 0.905545 -0.270652 -0.474101 0.762274 0.440643 0.510267 0.809789 0.289602 -0.195244 0.972461 0.12728 -0.71343 0.696314 0.078512 0.037444 0.999105 -0.019696 -0.136766 0.934831 -0.327697 -0.174381 0.926922 0.332276 0.562308 0.801709 0.202661 -0.223478 0.934211 -0.278042 0.123828 0.991684 0.035055 0.34306 0.929689 -0.134121 -0.045086 0.996393 -0.071891 0.130498 0.941789 0.309846 -0.305975 0.921287 -0.24002 -0.254804 0.960956 -0.107881 0.087204 0.988113 -0.126605 -0.010087 0.996874 -0.078364 -0.192278 0.961895 -0.194387 0.000024 -1 0 -0.575266 0.817959 -0.00354 -0.922477 0.105501 0.371356 -0.0064 0.01719 -0.999832 -0.999975 -0.003478 -0.006154 -1 -0.000364 0 -0.391359 -0.00491 0.920225 0.01397 -0.696731 0.717197 0.00694 0.999909 0.01157 0.06985 0.997516 -0.009109 0.444883 -0.02736 0.895171 0.011137 0.554477 0.832124 -0.007094 -0.0018 0.999973 0.00281 -0.003497 0.99999 0.360929 -0.928767 -0.084393 0.998862 -0.047701 -0.000228 0.007037 -0.002257 0.999973 -0.074488 -0.010252 0.997169 -0.086314 -0.02392 -0.995981 -0.995643 -0.006129 -0.093045 0.002133 -0.000186 -0.999998 0.999216 0.000007 0.039599 -0.996992 0.017991 0.075383 -0.037341 0.410232 -0.911216 -0.004664 0.999301 0.037088 -0.997435 0.015256 0.06994 -0.008391 -0.132651 -0.991127 -0.023359 0.050084 -0.998472 0.022853 0.30119 -0.95329 0.248762 -0.071943 -0.965889 0.111464 0.990853 0.076067 -0.009893 0.999703 0.02226 0.111964 0.964504 0.239156 0.959134 -0.113719 0.259093 0.829873 0.009513 -0.557872 0.564576 0.295727 -0.770584 0.926188 0.02913 -0.375934 0.953328 0.091768 -0.287654 0.396391 0.508583 -0.764341 -0.102929 0.596264 -0.796162 0.861647 0.500785 -0.082329 0.596295 0.787623 -0.155189 0.842954 -0.22237 0.489878 0.724999 -0.01921 0.688482 0.348842 0.93543 0.057264 0.868083 -0.448609 -0.212562 0.838977 0.012904 -0.544014 0.195288 -0.961695 -0.192368 -0.032835 -0.581665 -0.812765 0.295743 -0.422333 -0.856837 -0.112637 -0.495803 -0.8611 0.10774 0.05095 -0.992873 0.150952 0.04799 -0.987376 0.096064 -0.732676 -0.673763 -0.130283 0.319663 -0.938532 0.817477 -0.195492 -0.541769 0.799107 0.048621 -0.599219 0.079503 -0.996834 -0.000533 0.999982 0.005979 0.000056 0.00093 -0.999998 0.001938 0.005987 -0.49875 -0.866725 0.388325 0.138915 -0.910992 -0.692999 -0.218616 -0.686993 0.919771 -0.029899 0.391315 -0.510623 -0.004967 -0.85979 -0.394996 -0.171033 -0.902622 -0.145804 -0.586001 -0.797085 -0.019206 0.997012 0.074821 -0.017467 0.999579 -0.023172 0.373514 0.019239 -0.927425 0.084938 0.307306 -0.947813 -0.139866 -0.12056 -0.982804 -0.26367 0.126962 -0.956221 -0.029839 0.050311 -0.998288 -0.123979 0.2038 -0.971131 -0.097199 0.198322 -0.975305 0.472488 0.769989 -0.428803 -0.040214 0.756145 -0.653168 0.089883 0.782301 -0.616381 0.032575 0.74397 -0.667419 -0.34206 0.891368 -0.297419 -0.035646 0.573688 -0.818298 0.345514 0.512823 -0.785896 0.053523 -0.198824 -0.978573 -0.213466 -0.394708 -0.893666 -0.071338 -0.561002 -0.824735 -0.010922 -0.514446 -0.857453 -0.035978 0.242948 -0.969372 -0.287277 -0.03084 -0.957351 -0.148217 -0.5269 -0.836904 -0.567004 -0.19523 -0.800244 0.685963 -0.280643 -0.671338 0.617521 0.160869 -0.769928 -0.018843 0.34118 -0.939809 -0.528437 0.647412 -0.549192 -0.597698 0.055201 -0.799819 -0.201414 0.949939 -0.238847 0.167411 0.674338 -0.719195 0.407108 0.423194 -0.809425 -0.118367 0.96914 -0.216232 -0.033033 0.971594 -0.234337 -0.115948 0.979331 -0.165732 -0.420385 0.55637 -0.716749 -0.130078 0.970489 0.203056 0.072623 0.994639 -0.073615 0.052256 0.98321 0.174837 0.168951 0.977767 -0.124205 0.167846 0.979388 -0.112371 -0.012949 0.990897 0.133995 -0.179904 0.966588 -0.182596 -0.148671 0.988879 -0.003842 0.227286 0.97349 -0.025649 0.582389 0.727221 -0.36328 -0.267673 0.956512 -0.115913 -0.236974 0.969083 -0.068712 -0.125958 0.929808 -0.34582 0.464777 0.875316 0.133433 0.403066 0.914804 0.025926 0.964726 0.258575 -0.049423 0.974783 0.222428 -0.018017 0.470693 0.873854 -0.121772 0.079652 0.918985 -0.386164 0.39978 0.600361 -0.692634 -0.11031 0.256208 -0.960307 0.589259 0.789506 -0.171618 0.649599 0.42902 -0.627664 0.917498 0.351551 0.186034 0.164341 0.938472 -0.303748 0.946344 -0.301708 -0.11578 0.943315 -0.30359 -0.134127 0.873212 0.462793 0.152723 0.35028 -0.935205 0.051911 0.331802 -0.940731 0.070227 0.520569 -0.853675 -0.015724 0.365719 0.930722 0.002248 -0.163264 0.963778 0.210895 0.847039 0.513204 0.138373 0.898991 0.434099 0.058089 0.976368 -0.191777 -0.09963 0.879036 0.475743 0.031042 0.760018 -0.645622 -0.074466 0.901851 -0.431746 0.016161 0.813306 -0.561646 -0.151944 0.920669 0.386025 -0.057908 0.938405 0.325198 0.116804 0.53386 -0.845539 0.007578 0.99447 0.092856 -0.049061 0.984019 0.126131 -0.125687 0.975235 0.199297 0.095899 0.441321 0.873006 0.207599 0.972625 0.22248 0.067109 0.606421 -0.789479 -0.094749 0.506671 0.844496 -0.173525 0.947696 0.272382 0.166373 0.554315 0.824914 -0.110691 -0.262513 0.963412 -0.054072 -0.225148 0.926502 0.3015 0.05052 0.981488 -0.18474 0.041457 0.917714 -0.395072 -0.171689 0.985151 -0.000945 0.100337 0.785948 -0.610097 0.199761 0.952798 -0.228631 -0.094839 0.98138 -0.167029 0.000728 0.998371 -0.057057 -0.413674 0.900193 -0.136112 -0.09212 0.982508 -0.16184 0.483543 0.843528 -0.233767 0.663635 0.432778 -0.610157 0.539827 0.548739 0.638335 0.937194 0.216824 -0.273231 0.945582 0.317214 -0.072454 0.806 -0.583916 -0.096988 0.929152 -0.182061 0.32176 0.54513 -0.822422 0.162653 0.695796 0.476477 -0.537436 0.436936 -0.899327 -0.017241 0.19077 0.977165 -0.093572 0.795652 0.605621 0.012645 0.245912 0.968693 -0.034065 0.719705 0.693961 -0.021067 0.778192 0.627069 0.034659 0.658894 0.680425 -0.32075 0.801761 0.562043 -0.203193 0.35245 0.932357 0.080563 0.539006 0.82397 0.174774 0.338714 0.929504 0.145928 0.098767 0.988949 -0.110563 0.987952 0.012327 -0.154266 0.92203 0.337809 0.189066 0.901384 0.432653 -0.017836 0.752304 -0.65881 -0.00272 0.857975 -0.447098 -0.252947 0.954032 0.276992 0.114446 0.773712 -0.632891 0.028624 0.818864 -0.571135 -0.057147 0.92803 0.312147 0.203286 0.832509 0.546963 -0.088091 0.965489 -0.18903 0.179161 0.825551 -0.562423 -0.046316 0.773208 -0.634146 0.002805 0.83658 0.51836 -0.177304 0.868298 0.480958 -0.121396 0.932605 -0.349739 0.089052 0.548681 -0.782875 0.293354 0.883898 -0.461181 -0.077692 0.897837 -0.42846 -0.101544 0.18183 0.981665 -0.057191 0.007642 0.99997 0.001318 0.85267 -0.498849 0.155251 0.909325 -0.415923 0.011712 0.894602 0.357149 -0.268576 0.903963 -0.276284 -0.326371 0.880902 0.323567 0.34542 0.965028 0.256025 -0.056327 0.959187 0.200293 0.199608 0.982998 0.17718 0.048183 0.849953 -0.193752 0.489938 0.711011 -0.701415 -0.049803 0.653112 -0.754741 0.061732 -0.271218 0.961274 0.048921 0.777491 -0.58534 0.229967 0.18522 0.982626 -0.011855 0.917945 -0.386747 -0.088337 -0.15482 0.987938 0.003146 0.999991 -0.004087 -0.001089 0.000905 -0.999999 -0.000972 0.0005 -0.999999 0.001511 0.007891 -0.999783 -0.0193 0.005178 0.999872 -0.01512 0.000047 -1 -0.00003 -0.000999 -0.999976 0.006864 0.000803 0.999993 0.003776 0.000166 -0.999999 0.001345 -0.004631 0.999989 -0.000978 0.006075 0.999174 0.040173 0.001692 0.999998 0.000628 0.007047 0.999963 0.004935 0.080535 0.986039 0.145742 -0.935809 0.349866 -0.043077 -0.211595 -0.414626 -0.88505 -0.374458 -0.012929 -0.927154 -0.966171 0.256809 0.023726 0.011294 0.573479 -0.819143 -0.999995 0.001223 0.002898 -0.999991 0.001286 0.004114 -0.999989 0.00043 0.004563 -0.024116 -0.014111 -0.99961 0.002097 -0.00073 -0.999998 -0.010561 -0.004748 -0.999933 -0.004681 -0.004141 -0.99998 0.483852 0.694413 0.532614 0.28357 0.861266 -0.421673 0.055604 0.997245 0.049098 0.125772 0.990934 0.047237 0.520533 0.6844 0.510532 -0.568228 0.785171 0.246218 -0.280875 0.954818 0.097121 0.089864 0.975507 0.200776 -0.117017 0.987313 0.107336 0.33413 0.858119 -0.389857 -0.39378 0.759395 0.517934 0.462209 0.860354 -0.214836 -0.053021 0.984333 0.168157 -0.43601 0.7548 0.490073 0.177978 0.946868 0.267889 0.330088 0.919466 0.2136 -0.306562 0.925313 0.223195 0.467405 0.858563 -0.210719 0.306349 0.935447 0.176322 -0.604777 0.738029 -0.299263 -0.523147 0.84593 -0.103535 0.028518 0.712789 -0.700798 -0.284814 0.957976 -0.034106 -0.178692 0.98337 -0.032439 -0.432665 0.896065 0.09934 -0.127734 0.904038 0.407921 -0.041032 0.998777 0.02757 -0.02948 0.987556 0.154478 0.005592 0.973449 -0.228837 0.083221 0.992393 -0.090721 0.055541 0.93242 -0.357083 0.249941 0.950693 0.183608 0.180394 0.983216 0.027277 0.050076 0.995221 -0.083825 0.332049 0.940897 0.066758 0.48845 0.871934 0.033882 0.391142 0.856262 -0.337378 -0.365293 0.906987 0.209608 -0.414218 0.899833 0.136838 -0.269335 0.898696 0.346127 -0.102572 0.928154 0.357784 0.46009 0.685075 0.564792 0.101524 0.98012 0.170461 0.097409 0.980746 0.169257 -0.388617 0.919132 0.064601 0.066483 0.995268 0.070858 -0.35928 0.91074 0.203644 -0.237623 0.969764 0.05561 -0.593052 0.773468 -0.223689 0.066463 0.99519 0.071975 -0.075116 0.997121 -0.010387 0.040721 0.995665 0.083622 -0.462442 0.872874 0.155689 -0.215388 0.957908 -0.189791 -0.617236 0.723624 -0.308851 0.290437 0.848548 -0.442281 -0.614256 0.66606 0.423147 -0.06921 0.983443 -0.167478 0.239951 0.851732 -0.465807 -0.292737 0.7589 -0.5817 -0.32296 0.944763 -0.055861 0.481411 0.865316 0.139538 -0.241079 0.956259 -0.165679 -0.169746 0.93754 0.303653 0.506077 0.555988 0.659366 -0.229093 0.94573 0.230459 -0.137589 0.984647 0.107422 0.551571 0.833999 0.014661 0.078459 0.890844 0.447483 0.249513 0.47834 0.841982 0.4023 0.914734 -0.037642 -0.688145 0.622327 0.373049 -0.159391 0.980774 0.112592 -0.573711 0.816455 0.065251 -0.549874 0.832849 0.063261 -0.040416 0.964185 0.262133 0.049185 0.996095 0.073313 0.04465 0.996921 0.064454 -0.110953 0.991648 0.065756 -0.012067 0.855095 0.518331 -0.021864 0.915534 0.401645 -0.133764 -0.232741 0.963296 -0.056772 0.920977 0.385458 0.317437 -0.466011 0.825874 0.44858 0.639166 0.624694 0.057008 -0.526681 0.848149 -0.594156 0.513693 0.618949 0.059182 0.988316 0.140461 -0.357248 0.501667 0.787848 0.040825 0.721058 0.691671 -0.023625 -0.478982 0.877507 -0.169957 -0.599967 0.781763 0.192983 0.842293 0.503289 0.143586 0.8144 0.562259 0.187111 0.526796 0.829142 -0.279228 0.848686 0.449181 -0.14596 0.902118 0.406052 0.586028 0.276657 0.761599 -0.442899 0.086808 0.892359 -0.000146 -0.25257 0.967579 -0.142161 0.029969 0.98939 0.122136 0.804404 0.581392 -0.029493 0.100555 0.994494 0.051336 -0.533729 0.844096 0.453671 -0.515984 0.726597 0.063225 -0.653253 0.754495 0.038671 -0.557948 0.828974 -0.023182 0.990433 -0.136031 -0.000578 0.995227 0.097589 -0.01759 -0.221 0.975115 -0.01424 0.968925 0.246945 -0.008581 -0.218874 0.975715 0.014455 0.999538 0.026719 -0.007358 -0.41781 0.908505 0.013667 -0.748227 0.663302 0.173625 -0.310437 0.934603 -0.28634 -0.354743 0.890038 0.019459 -0.769755 0.638043 -0.031388 -0.068284 0.997172 0.194933 0.501819 0.842721 0.164084 0.405664 0.899174 -0.094139 -0.107023 0.98979 -0.010722 0.283359 0.958954 0.211309 0.368828 0.90516 0.027156 0.322705 0.94611 -0.625011 0.36814 0.688356 0.426741 0.554241 0.714639 0.06397 0.785436 0.615628 -0.212939 0.825593 0.522545 -0.007603 0.903454 0.428617 0.183139 0.860805 0.474842 0.169663 0.88627 0.430976 -0.11471 0.947117 0.299686 -0.209968 0.820625 0.531496 -0.307611 0.805412 0.506643 0.155087 0.814769 0.558658 0.043875 -0.662191 0.748049 -0.146631 0.876924 0.457715 0.122007 0.815072 0.566367 0.232202 -0.54929 0.802722 -0.104894 -0.573703 0.812319 0.312937 0.503665 0.805228 0.12385 -0.547422 0.827641 -0.047543 -0.513895 0.856535 -0.233271 0.608646 0.758376 -0.034023 0.286476 0.957483 -0.060078 0.924484 0.376457 0.344147 0.280773 0.895952 0.451902 0.628104 0.633459 0.541287 -0.110682 0.833521 -0.368713 0.676286 0.63772 -0.535139 -0.240306 0.809863 -0.578839 0.511692 0.634915 -0.191416 -0.438887 0.877917 0.538225 0.137444 0.831518 -0.592061 -0.166281 0.788552 -0.058484 0.634618 0.77061 0.129956 0.454545 0.881193 -0.304039 -0.25275 0.918519 0.024412 -0.161205 0.986619 0.232505 -0.569163 0.788667 -0.116126 0.445142 0.887898 0.119032 -0.658095 0.743466 0.00815 0.682689 0.730663 0.005311 0.918934 0.394377 -0.011974 -0.000884 0.999928 -0.012847 -0.006097 0.999899 -0.005146 -0.999977 -0.004459 0.002836 -0.999989 0.003787 0.002497 -0.999993 0.002859 0.003229 -0.999995 0.000499 0.00278 -0.999993 -0.002308 0.005566 -0.999638 -0.026314 0.916955 0.398381 -0.022032 -0.001426 -0.999996 0.002279 0.080839 -0.994845 0.061233 -0.04604 -0.993282 -0.106167 0.019114 -0.998322 -0.054664 -0.001284 -0.998757 0.049828 -0.202977 -0.977273 -0.061136 0.017784 -0.996256 -0.084604 -0.013357 -0.998325 -0.056298 -0.695583 0.195507 0.691333 0.215978 -0.684257 0.696525 -0.621635 -0.175574 0.763377 0.840161 -0.483012 -0.246635 0.765946 0.126989 0.630238 0.750394 0.168373 -0.639187 0.740258 -0.354213 -0.571447 0.775468 -0.224434 0.590152 -0.105762 0.658603 0.745021 0.725412 0.684947 -0.068002 -0.008844 0.00139 0.99996 0.999896 -0.003677 0.013977 0.000263 0.999997 -0.002457 0.001129 0.999995 -0.002889 0.998996 -0.044809 -0.000317 0.191132 -0.981223 0.025897 0.999661 0.025929 0.002485 0.223573 -0.974613 -0.012011 0.000076 -1 0.00001 0.000503 -0.999997 0.00228 -0.010828 -0.005871 0.999924 0.784595 0.536598 0.310601 0.165067 0.983448 0.074718 0.778014 0.626924 0.040748 0.428573 -0.892719 -0.139208 0.695101 0.718626 -0.020267 0.302611 0.909103 0.286282 0.716936 0.690391 0.096765 0.827852 -0.560943 0.001901 0.845921 -0.524825 0.094744 0.885417 -0.463006 0.040773 0.951827 0.276042 -0.133514 0.581123 0.78203 -0.225222 0.492187 -0.868168 0.063525 0.946681 0.288019 -0.144363 0.964925 -0.196946 -0.173584 0.897384 -0.436879 0.061948 0.925115 0.349077 0.149358 0.913213 0.369278 0.172265 0.97815 -0.03244 0.205354 0.92171 0.087411 0.377901 0.093017 -0.904748 -0.415667 0.793879 -0.048883 0.606108 0.929751 -0.351819 -0.108565 0.878404 -0.458796 0.133838 0.574195 -0.776154 -0.260549 0.181164 0.983143 0.024682 0.30678 0.95012 0.056196 0.018234 0.999829 0.002999 -0.056057 0.998427 -0.000821 0.804002 -0.587726 -0.090326 0.599711 -0.008036 -0.800176 0.848926 -0.524713 -0.063249 0.970727 0.238274 0.030227 0.850975 0.261372 -0.45555 0.975684 0.214975 0.042746 0.826359 -0.561652 -0.040971 0.874703 -0.48359 -0.032161 0.887916 0.262211 -0.377956 0.455664 0.441663 -0.772854 0.051767 0.991392 0.120259 0.86298 0.473226 0.176981 0.717472 0.538285 0.442135 0.575029 -0.813595 -0.086049 0.615308 -0.780682 -0.10923 0.993742 -0.038554 0.104834 0.867002 0.251392 0.430243 0.635122 -0.764138 0.112753 0.632627 0.76713 0.106278 0.779647 0.192633 -0.595855 0.960629 0.251139 -0.118833 0.957196 0.269731 -0.104984 0.333 0.893457 -0.301407 0.185995 0.982398 0.017329 0.955411 0.273216 -0.111991 0.466281 0.872611 0.145367 0.442446 0.876886 0.187916 0.934566 0.338277 0.110253 0.897237 -0.307522 -0.316853 0.810722 -0.585377 -0.007986 0.9258 0.206054 0.316917 0.877542 0.250477 0.408878 0.476402 0.835544 0.273693 0.47151 0.836838 0.278172 -0.092073 0.982002 0.164907 -0.261871 0.965096 0.003753 -0.146091 0.961503 0.232742 -0.189668 0.972983 -0.131647 0.067081 0.979245 0.191256 0.067389 0.978971 0.192549 -0.193907 0.974341 0.114278 0.327346 0.901232 0.283946 0.056563 0.847567 0.527665 0.000987 0.998845 0.048046 -0.272174 0.914322 0.299895 -0.285764 0.941389 0.179234 0.506928 -0.861285 0.034813 0.3735 -0.927531 -0.013558 0.395979 0.917858 -0.027157 0.438621 -0.897422 0.047378 0.973632 -0.192345 0.122658 0.971275 -0.196675 0.133953 0.934259 0.354174 -0.04148 0.560465 -0.703894 -0.436362 0.690635 0.046051 0.721736 0.104217 0.987251 -0.120311 0.227887 0.973021 -0.036025 0.965517 -0.248719 0.076909 0.948944 0.30952 -0.060848 0.919161 0.284213 -0.272702 0.868538 -0.490058 0.074067 0.891874 -0.452001 -0.016014 0.734464 0.676992 0.047387 0.831091 0.52027 0.196489 0.958754 0.281515 -0.039239 0.967877 0.250321 0.023535 0.955162 0.29524 -0.022339 0.931027 0.347341 -0.111995 0.540609 0.733043 0.412783 0.202012 0.979008 0.027087 0.347716 0.935139 -0.06788 0.452669 0.89166 -0.005811 0.83174 0.553881 0.03775 0.380585 0.924743 -0.002471 0.606342 0.51522 0.60572 0.187785 0.934138 0.303518 0.168879 0.521325 0.836481 0.572332 0.550899 0.607409 0.324405 0.867377 0.377384 0.275312 0.292859 0.915662 -0.380967 0.171697 0.908507 0.428444 0.069348 0.900903 -0.115333 0.31434 0.942279 -0.264287 0.897849 0.352165 -0.338323 0.519262 0.784796 -0.251389 0.894979 0.368534 -0.211376 0.975988 0.052612 0.102423 0.451999 0.886119 0.106576 0.923446 0.368631 0.570576 0.665172 0.481652 -0.810057 -0.043259 0.584753 0.149587 0.344081 0.926948 -0.116685 0.463063 0.878611 -0.508327 0.642695 0.57319 -0.284605 0.930641 0.230015 -0.214839 0.957459 0.192655 -0.020321 0.972369 0.232563 -0.207082 0.917441 0.339733 0.097723 0.991098 0.090412 0.099162 0.990853 0.09153 -0.13805 0.9845 0.108175 -0.110721 0.993713 0.016569 -0.15864 0.987309 -0.007402 0.086847 0.985625 -0.144918 -0.12729 0.969969 -0.207264 0.907339 -0.413396 0.076423 0.945471 0.291614 -0.145073 0.839761 0.423996 0.339159 0.987065 0.10172 0.123916 0.524932 -0.840599 0.133566 0.013718 -0.345808 0.938205 0.21518 0.505952 0.835291 -0.184547 -0.424854 0.886251 -0.298996 -0.436688 0.848472 -0.061734 0.056559 0.996489 0.192817 -0.435727 0.879184 0.02626 -0.738291 0.673971 -0.091134 -0.575335 0.812825 -0.196862 -0.50996 0.837369 0.460044 0.245058 0.853409 0.487262 0.179952 0.854513 -0.481865 0.710993 0.512147 0.413316 -0.240292 -0.878311 0.03627 0.871214 0.489561 -0.102697 0.113876 0.988173 -0.406438 0.443513 0.798814 -0.579812 -0.204877 0.78857 0.127696 0.779228 0.613594 0.04058 0.408043 0.91206 -0.341217 -0.296225 0.892088 0.051944 0.356248 0.932947 -0.168707 -0.543316 0.822403 0.39597 -0.018854 0.91807 -0.018422 0.999285 -0.033012 -0.025868 0.034256 0.999078 0.018676 0.750567 0.660531 0.032393 0.154933 0.987394 -0.066634 -0.585294 0.808078 0.019416 0.750154 0.660979 -0.105211 0.109952 0.988353 -0.032399 0.934308 -0.354992 -0.129999 0.130975 0.982825 0.028998 -0.749701 0.661141 0.339092 0.711459 0.615502 -0.213561 0.152086 0.965019 0.058879 -0.129713 0.989802 -0.091426 0.630526 0.770765 0.388109 0.001606 0.921612 0.306244 0.549476 0.777362 0.531089 0.262443 0.805648 0.652646 0.720707 0.23374 0.183263 -0.952644 0.242662 0.09273 -0.534122 0.840306 0.116371 -0.502632 0.856632 -0.093108 0.393982 0.91439 0.813541 0.06787 0.577534 0.687228 0.692209 0.220373 0.822721 0.516935 -0.236449 0.867204 -0.035252 0.496704 0.94299 0.012149 0.3326 -0.138991 0.972551 -0.186618 0.129743 -0.166936 -0.977394 0.975542 -0.216374 -0.038734 0.973838 -0.134157 -0.183418 0.481383 0.869671 -0.109285 0.822239 0.191223 0.536057 0.224591 0.973944 -0.031487 0.896766 -0.423969 0.126731 -0.036835 0.003359 0.999316 0.007463 0.554882 0.831895 -0.961047 -0.049165 0.271977 -0.997583 -0.001042 -0.069477 -0.89144 0.380655 -0.245839 0.000701 -0.001122 0.999999 -0.005468 0.999984 0.001087 -0.004061 0.99999 -0.002038 0.999994 -0.00074 0.003346 1 0 -0.000216 -0.038662 0.000494 -0.999252</float_array>
          <technique_common>
            <accessor source="#Bed_Level_2-mesh-normals-array" count="1502" stride="3">
              <param name="X" type="float"/>
              <param name="Y" type="float"/>
              <param name="Z" type="float"/>
            </accessor>
          </technique_common>
        </source>
        <source id="Bed_Level_2-mesh-map-0">
          <float_array id="Bed_Level_2-mesh-map-0-array" count="9012">0.729492 0.746582 0.752686 0.748291 0.759277 0.753174 0.759277 0.753174 0.752686 0.748291 0.753418 0.744141 0.753418 0.744141 0.752686 0.748291 0.729492 0.746582 0.759277 0.753174 0.753418 0.744141 0.760498 0.741455 0.759277 0.753174 0.760498 0.741455 0.781006 0.748047 0.729492 0.746582 0.759277 0.753174 0.722656 0.754395 0.760498 0.741455 0.753418 0.744141 0.734619 0.736572 0.734619 0.736572 0.753418 0.744141 0.729492 0.746582 0.760498 0.741455 0.734619 0.736572 0.736572 0.734375 0.734619 0.736572 0.729492 0.746582 0.682861 0.727295 0.682861 0.727295 0.729492 0.746582 0.722656 0.754395 0.734619 0.736572 0.682861 0.727295 0.73291 0.683105 0.73291 0.683105 0.682861 0.727295 0.678955 0.608398 0.682861 0.727295 0.722656 0.754395 0.678467 0.744873 0.678467 0.744873 0.722656 0.754395 0.721924 0.759277 0.678467 0.744873 0.721924 0.759277 0.677979 0.75 0.678467 0.744873 0.677979 0.75 0.674561 0.748047 0.677979 0.75 0.721924 0.759277 0.712158 0.780029 0.677979 0.75 0.712158 0.780029 0.670654 0.77002 0.670654 0.77002 0.712158 0.780029 0.704834 0.780762 0.670654 0.77002 0.704834 0.780762 0.696045 0.800537 0.416992 0.203369 0.463867 0.233643 0.33667 0.207764 0.416992 0.203369 0.33667 0.207764 0.419922 0.187744 0.419922 0.187744 0.33667 0.207764 0.396729 0.190186 0.396729 0.190186 0.33667 0.207764 0.393066 0.179443 0.393066 0.179443 0.33667 0.207764 0.326172 0.190674 0.33667 0.207764 0.463867 0.233643 0.327637 0.229004 0.327637 0.229004 0.463867 0.233643 0.429199 0.260254 0.327637 0.229004 0.429199 0.260254 0.334961 0.256104 0.144531 0.881104 0.112061 0.920654 0.136475 0.881836 0.144531 0.881104 0.136475 0.881836 0.134277 0.689209 0.144531 0.881104 0.134277 0.689209 0.189209 0.78418 0.144531 0.881104 0.189209 0.78418 0.270996 0.871582 0.317139 0.44043 0.410889 0.438965 0.317871 0.44751 0.317871 0.44751 0.410889 0.438965 0.504639 0.435791 0.483154 0.767334 0.483643 0.741211 0.490723 0.72876 0.483643 0.741211 0.483154 0.767334 0.459961 0.746338 0.483643 0.741211 0.459961 0.746338 0.490723 0.72876 0.459961 0.746338 0.483154 0.767334 0.416992 0.782715 0.459961 0.746338 0.416992 0.782715 0.480225 0.712891 0.459961 0.746338 0.480225 0.712891 0.490723 0.72876 0.490723 0.72876 0.480225 0.712891 0.488281 0.710693 0.488281 0.710693 0.480225 0.712891 0.494629 0.683838 0.494629 0.683838 0.480225 0.712891 0.513672 0.545898 0.077637 0.915283 0.099121 0.757812 0.09668 0.917236 0.09668 0.917236 0.099121 0.757812 0.112549 0.896973 0.099121 0.757812 0.077637 0.915283 0.052734 0.908447 0.782715 0.04126 0.758057 0.041504 0.783203 0.019287 0.783203 0.019287 0.758057 0.041504 0.734863 0.018066 0.782715 0.04126 0.783203 0.019287 0.794678 0.018066 0.216553 0.506104 0.235352 0.523926 0.20459 0.52417 0.191895 0.528809 0.191895 0.480225 0.20459 0.52417 0.118164 0.427734 0.19165 0.455811 0.191895 0.480225 0.191895 0.480225 0.19165 0.455811 0.199951 0.484619 0.191895 0.480225 0.199951 0.484619 0.20459 0.52417 0.199951 0.484619 0.19165 0.455811 0.205078 0.455566 0.20459 0.52417 0.199951 0.484619 0.20874 0.508789 0.20459 0.52417 0.20874 0.508789 0.216553 0.506104 0.20874 0.508789 0.199951 0.484619 0.209473 0.483887 0.209473 0.483887 0.199951 0.484619 0.205078 0.455566 0.20874 0.508789 0.209473 0.483887 0.216553 0.506104 0.207031 0.541504 0.20459 0.52417 0.235352 0.523926 0.209473 0.483887 0.205078 0.455566 0.216064 0.470703 0.209473 0.483887 0.216064 0.470703 0.216553 0.506104 0.216064 0.470703 0.205078 0.455566 0.218994 0.446777 0.218994 0.446777 0.205078 0.455566 0.212402 0.429443 0.218994 0.446777 0.212402 0.429443 0.222412 0.422852 0.218994 0.446777 0.222412 0.422852 0.256592 0.426758 0.218994 0.446777 0.256592 0.426758 0.260742 0.432861 0.216553 0.506104 0.216064 0.470703 0.228271 0.470459 0.228271 0.470459 0.216064 0.470703 0.218994 0.446777 0.218994 0.446777 0.260742 0.432861 0.256836 0.442139 0.216553 0.506104 0.228271 0.470459 0.224365 0.509766 0.216553 0.506104 0.224365 0.509766 0.235352 0.523926 0.256836 0.442139 0.260742 0.432861 0.268555 0.447266 0.268555 0.447266 0.260742 0.432861 0.270752 0.426025 0.268555 0.447266 0.270752 0.426025 0.278809 0.433594 0.218994 0.446777 0.256836 0.442139 0.260498 0.456299 0.260498 0.456299 0.256836 0.442139 0.268555 0.447266 0.218994 0.446777 0.260498 0.456299 0.228271 0.470459 0.268555 0.447266 0.278809 0.433594 0.283936 0.44043 0.260498 0.456299 0.268555 0.447266 0.266846 0.46582 0.260498 0.456299 0.266846 0.46582 0.228271 0.470459 0.268555 0.447266 0.283936 0.44043 0.280762 0.45459 0.280762 0.45459 0.283936 0.44043 0.302734 0.437256 0.268555 0.447266 0.280762 0.45459 0.266846 0.46582 0.308594 0.44751 0.289062 0.45752 0.280762 0.45459 0.280762 0.45459 0.289062 0.45752 0.279541 0.468018 0.280762 0.45459 0.279541 0.468018 0.266846 0.46582 0.279541 0.468018 0.289062 0.45752 0.295898 0.477783 0.279541 0.468018 0.295898 0.477783 0.286133 0.483154 0.286133 0.483154 0.295898 0.477783 0.30542 0.496094 0.286133 0.483154 0.30542 0.496094 0.283936 0.500488 0.283936 0.500488 0.30542 0.496094 0.291016 0.515869 0.283936 0.500488 0.291016 0.515869 0.283691 0.523438 0.286133 0.483154 0.283936 0.500488 0.275391 0.483887 0.286133 0.483154 0.275391 0.483887 0.279541 0.468018 0.283936 0.500488 0.283691 0.523438 0.275879 0.507568 0.283936 0.500488 0.275879 0.507568 0.275391 0.483887 0.279541 0.468018 0.275391 0.483887 0.270264 0.47583 0.270264 0.47583 0.275391 0.483887 0.275879 0.507568 0.279541 0.468018 0.270264 0.47583 0.266846 0.46582 0.275879 0.507568 0.283691 0.523438 0.266846 0.524902 0.266846 0.524902 0.283691 0.523438 0.272217 0.527588 0.270264 0.47583 0.275879 0.507568 0.268555 0.506348 0.268555 0.506348 0.275879 0.507568 0.266846 0.524902 0.266846 0.524902 0.272217 0.527588 0.207031 0.541504 0.207031 0.541504 0.272217 0.527588 0.232666 0.554443 0.266846 0.524902 0.207031 0.541504 0.235352 0.523926 0.259521 0.475098 0.266846 0.46582 0.270264 0.47583 0.259521 0.475098 0.270264 0.47583 0.268555 0.506348 0.266846 0.46582 0.259521 0.475098 0.228271 0.470459 0.268555 0.506348 0.266846 0.524902 0.261719 0.515625 0.261719 0.515625 0.266846 0.524902 0.235352 0.523926 0.268555 0.506348 0.261719 0.515625 0.253174 0.499756 0.268555 0.506348 0.253174 0.499756 0.259521 0.475098 0.253174 0.499756 0.261719 0.515625 0.235352 0.523926 0.228271 0.470459 0.259521 0.475098 0.239014 0.500244 0.239014 0.500244 0.259521 0.475098 0.253174 0.499756 0.239014 0.500244 0.253174 0.499756 0.235352 0.523926 0.228271 0.470459 0.239014 0.500244 0.224365 0.509766 0.224365 0.509766 0.239014 0.500244 0.235352 0.523926 0.375244 0.290039 0.462402 0.282227 0.539551 0.283447 0.532715 0.437988 0.623535 0.470947 0.437988 0.470215 0.177734 0.526123 0.177734 0.740234 0.133057 0.614502 0.346191 0.160645 0.34082 0.169189 0.338135 0.161621 0.346191 0.160645 0.338135 0.161621 0.343994 0.122559 0.343994 0.122559 0.338135 0.161621 0.331299 0.150146 0.343994 0.122559 0.331299 0.150146 0.306396 0.113281 0.343994 0.122559 0.306396 0.113281 0.328369 0.113037 0.343994 0.122559 0.328369 0.113037 0.378174 0.091553 0.328369 0.113037 0.306396 0.113281 0.314453 0.108887 0.314453 0.108887 0.306396 0.113281 0.2854 0.112305 0.378174 0.091553 0.328369 0.113037 0.320312 0.095947 0.320312 0.095947 0.328369 0.113037 0.314453 0.108887 0.320312 0.095947 0.314453 0.108887 0.298096 0.097412 0.378174 0.091553 0.320312 0.095947 0.381104 0.071045 0.320312 0.095947 0.298096 0.097412 0.320068 0.079834 0.320312 0.095947 0.320068 0.079834 0.381104 0.071045 0.381104 0.071045 0.320068 0.079834 0.351074 0.071533 0.351074 0.071533 0.320068 0.079834 0.325439 0.063232 0.381104 0.071045 0.351074 0.071533 0.380859 0.065674 0.380859 0.065674 0.351074 0.071533 0.37793 0.056641 0.961426 0.2146 0.949707 0.210938 0.966064 0.21167 0.961426 0.2146 0.966064 0.21167 0.959961 0.281494 0.959961 0.281494 0.966064 0.21167 0.964111 0.300049 0.961426 0.2146 0.959961 0.281494 0.95166 0.269531 0.961426 0.2146 0.95166 0.269531 0.953125 0.21582 0.961426 0.2146 0.953125 0.21582 0.949707 0.210938 0.953125 0.21582 0.95166 0.269531 0.942139 0.262939 0.953125 0.21582 0.942139 0.262939 0.939453 0.25415 0.953125 0.21582 0.939453 0.25415 0.949707 0.210938 0.939453 0.25415 0.942139 0.262939 0.916504 0.257568 0.939453 0.25415 0.916504 0.257568 0.949707 0.210938 0.949707 0.210938 0.916504 0.257568 0.900879 0.213867 0.949707 0.210938 0.900879 0.213867 0.889404 0.206055 0.367188 0.285156 0.236816 0.287109 0.187256 0.273926 0.367188 0.285156 0.187256 0.273926 0.259521 0.266357 0.57959 0.016357 0.613525 0.015869 0.598145 0.029541 0.598145 0.029541 0.613525 0.015869 0.614258 0.025146 0.614258 0.025146 0.613525 0.015869 0.660156 0.018799 0.597656 0.239746 0.569336 0.291016 0.558594 0.283203 0.558594 0.283203 0.569336 0.291016 0.566406 0.312744 0.566406 0.312744 0.569336 0.291016 0.576172 0.317139 0.576172 0.317139 0.569336 0.291016 0.597656 0.239746 0.566406 0.312744 0.576172 0.317139 0.55957 0.329834 0.576172 0.317139 0.597656 0.239746 0.604248 0.308105 0.576172 0.317139 0.604248 0.308105 0.597412 0.343506 0.604248 0.308105 0.597656 0.239746 0.619385 0.269043 0.625244 0.313965 0.632324 0.324707 0.604248 0.308105 0.604248 0.308105 0.619385 0.269043 0.618896 0.287354 0.625244 0.313965 0.604248 0.308105 0.62207 0.310303 0.62207 0.310303 0.604248 0.308105 0.613281 0.302979 0.613281 0.302979 0.604248 0.308105 0.618896 0.287354 0.62207 0.310303 0.613281 0.302979 0.61792 0.301025 0.61792 0.301025 0.613281 0.302979 0.618896 0.287354 0.62207 0.310303 0.61792 0.301025 0.641357 0.300293 0.62207 0.310303 0.641357 0.300293 0.625244 0.313965 0.641357 0.300293 0.61792 0.301025 0.618896 0.287354 0.625244 0.313965 0.641357 0.300293 0.631836 0.313721 0.631836 0.313721 0.641357 0.300293 0.637939 0.317627 0.637939 0.317627 0.641357 0.300293 0.643311 0.306641 0.637939 0.317627 0.643311 0.306641 0.645996 0.316162 0.645996 0.316162 0.643311 0.306641 0.653809 0.311035 0.653809 0.311035 0.643311 0.306641 0.641357 0.300293 0.653809 0.311035 0.641357 0.300293 0.6604 0.313965 0.6604 0.313965 0.641357 0.300293 0.666016 0.306152 0.666016 0.306152 0.641357 0.300293 0.665771 0.299072 0.69165 0.314209 0.665771 0.299072 0.682617 0.294678 0.690918 0.289551 0.719727 0.299805 0.682617 0.294678 0.690918 0.289551 0.682617 0.294678 0.672119 0.249268 0.672119 0.249268 0.682617 0.294678 0.665283 0.28125 0.672119 0.249268 0.665283 0.28125 0.661865 0.25415 0.682617 0.294678 0.665771 0.299072 0.665039 0.290771 0.682617 0.294678 0.665039 0.290771 0.665283 0.28125 0.665039 0.290771 0.665771 0.299072 0.641357 0.300293 0.661865 0.25415 0.665283 0.28125 0.658203 0.262207 0.665283 0.28125 0.665039 0.290771 0.648926 0.295654 0.648926 0.295654 0.665039 0.290771 0.641357 0.300293 0.658203 0.262207 0.665283 0.28125 0.660156 0.279053 0.660156 0.279053 0.665283 0.28125 0.648926 0.295654 0.658203 0.262207 0.660156 0.279053 0.654297 0.273193 0.654297 0.273193 0.660156 0.279053 0.648926 0.295654 0.644531 0.246338 0.658203 0.262207 0.63623 0.252197 0.658203 0.262207 0.654297 0.273193 0.641602 0.26123 0.658203 0.262207 0.641602 0.26123 0.63623 0.252197 0.654297 0.273193 0.648926 0.295654 0.64917 0.275146 0.654297 0.273193 0.64917 0.275146 0.641602 0.26123 0.642578 0.29541 0.648926 0.295654 0.641357 0.300293 0.648926 0.295654 0.642578 0.29541 0.64917 0.275146 0.63623 0.252197 0.641602 0.26123 0.627686 0.259766 0.63623 0.252197 0.627686 0.259766 0.63208 0.239746 0.641602 0.26123 0.64917 0.275146 0.631348 0.265625 0.641602 0.26123 0.631348 0.265625 0.627686 0.259766 0.64917 0.275146 0.642578 0.29541 0.639648 0.28125 0.64917 0.275146 0.639648 0.28125 0.631104 0.280518 0.631104 0.280518 0.639648 0.28125 0.642578 0.29541 0.64917 0.275146 0.631104 0.280518 0.631348 0.265625 0.631104 0.280518 0.642578 0.29541 0.626709 0.285889 0.631104 0.280518 0.626709 0.285889 0.631348 0.265625 0.626709 0.285889 0.642578 0.29541 0.641357 0.300293 0.626709 0.285889 0.641357 0.300293 0.618896 0.287354 0.631348 0.265625 0.626709 0.285889 0.622803 0.271484 0.622803 0.271484 0.626709 0.285889 0.618896 0.287354 0.631348 0.265625 0.622803 0.271484 0.627686 0.259766 0.622803 0.271484 0.618896 0.287354 0.619385 0.269043 0.622803 0.271484 0.619385 0.269043 0.627686 0.259766 0.627686 0.259766 0.619385 0.269043 0.623047 0.245605 0.665039 0.685059 0.641846 0.712646 0.650146 0.52002 0.854004 0.716797 0.888916 0.727539 0.832031 0.729736 0.832031 0.729736 0.888916 0.727539 0.91748 0.734375 0.832031 0.729736 0.91748 0.734375 0.890625 0.763428 0.832031 0.729736 0.890625 0.763428 0.852783 0.752441 0.852783 0.752441 0.890625 0.763428 0.872314 0.78418 0.852783 0.752441 0.872314 0.78418 0.835205 0.79126 0.872314 0.78418 0.890625 0.763428 0.908936 0.809326 0.835205 0.79126 0.872314 0.78418 0.862305 0.811768 0.862305 0.811768 0.872314 0.78418 0.908936 0.809326 0.862305 0.811768 0.908936 0.809326 0.916748 0.827881 0.862305 0.811768 0.916748 0.827881 0.891357 0.837646 0.205078 0.339111 0.176025 0.337646 0.17749 0.316895 0.205078 0.339111 0.17749 0.316895 0.196045 0.29541 0.196045 0.29541 0.17749 0.316895 0.146973 0.297119 0.196045 0.29541 0.146973 0.297119 0.160645 0.284424 0.160645 0.284424 0.146973 0.297119 0.134766 0.27124 0.160645 0.284424 0.134766 0.27124 0.157471 0.266357 0.160645 0.284424 0.157471 0.266357 0.196045 0.29541 0.205078 0.339111 0.196045 0.29541 0.21167 0.318604 0.205078 0.339111 0.21167 0.318604 0.268555 0.340576 0.268555 0.340576 0.21167 0.318604 0.348389 0.345947 0.268555 0.340576 0.348389 0.345947 0.271973 0.357178 0.268555 0.340576 0.271973 0.357178 0.205078 0.339111 0.205078 0.339111 0.271973 0.357178 0.260498 0.37915 0.205078 0.339111 0.260498 0.37915 0.201416 0.360596 0.205078 0.339111 0.201416 0.360596 0.176025 0.337646 0.201416 0.360596 0.260498 0.37915 0.250488 0.383301 0.250488 0.383301 0.260498 0.37915 0.271729 0.380859 0.176025 0.337646 0.201416 0.360596 0.198242 0.366211 0.198242 0.366211 0.201416 0.360596 0.250488 0.383301 0.176025 0.337646 0.198242 0.366211 0.172119 0.355225 0.198242 0.366211 0.250488 0.383301 0.199219 0.383545 0.198242 0.366211 0.199219 0.383545 0.172119 0.355225 0.199219 0.383545 0.250488 0.383301 0.244385 0.401611 0.172119 0.355225 0.199219 0.383545 0.192383 0.386963 0.199219 0.383545 0.244385 0.401611 0.210693 0.4021 0.192383 0.386963 0.199219 0.383545 0.20459 0.403809 0.20459 0.403809 0.199219 0.383545 0.210693 0.4021 0.192383 0.386963 0.20459 0.403809 0.189697 0.441406 0.20459 0.403809 0.210693 0.4021 0.19751 0.43335 0.965332 0.738525 0.882324 0.711426 0.951416 0.624756 0.684326 0.032227 0.739502 0.040039 0.67041 0.086914 0.739502 0.040039 0.684326 0.032227 0.668457 0.016113 0.054199 0.124268 0.034668 0.121582 0.118652 0.074951 0.118652 0.074951 0.034668 0.121582 0.001221 0.112305 0.118652 0.074951 0.001221 0.112305 0.005127 0.074219 0.034668 0.121582 0.054199 0.124268 0.018066 0.128418 0.018066 0.128418 0.054199 0.124268 0.022949 0.148438 0.022949 0.148438 0.054199 0.124268 0.063965 0.155518 0.022949 0.148438 0.063965 0.155518 0.046875 0.17334 0.063965 0.155518 0.054199 0.124268 0.083984 0.146973 0.063965 0.155518 0.083984 0.146973 0.073975 0.166016 0.884521 0.196777 0.83667 0.107178 0.91748 0.186523 0.83667 0.107178 0.884521 0.196777 0.834961 0.127197 0.91748 0.186523 0.83667 0.107178 0.908936 0.151367 0.908936 0.151367 0.83667 0.107178 0.845947 0.09668 0.908936 0.151367 0.845947 0.09668 0.85498 0.087402 0.908936 0.151367 0.85498 0.087402 0.915771 0.139893 0.891846 0.29834 0.86792 0.250244 0.880127 0.209717 0.86792 0.250244 0.891846 0.29834 0.866455 0.301758 0.86792 0.250244 0.866455 0.301758 0.853271 0.30127 0.86792 0.250244 0.853271 0.30127 0.837402 0.291016 0.880127 0.209717 0.86792 0.250244 0.860352 0.244141 0.860352 0.244141 0.86792 0.250244 0.837402 0.291016 0.880127 0.209717 0.860352 0.244141 0.844482 0.239502 0.844482 0.239502 0.860352 0.244141 0.837402 0.291016 0.880127 0.209717 0.844482 0.239502 0.838379 0.198975 0.844482 0.239502 0.837402 0.291016 0.830078 0.239014 0.830078 0.239014 0.837402 0.291016 0.822021 0.311768 0.838379 0.198975 0.844482 0.239502 0.83374 0.212158 0.83374 0.212158 0.844482 0.239502 0.830078 0.239014 0.838379 0.198975 0.83374 0.212158 0.831299 0.191162 0.83374 0.212158 0.830078 0.239014 0.822754 0.207275 0.83374 0.212158 0.822754 0.207275 0.831299 0.191162 0.302734 0.228027 0.273682 0.24292 0.273438 0.225586 0.302734 0.228027 0.273438 0.225586 0.308594 0.21582 0.273438 0.225586 0.273682 0.24292 0.261719 0.237305 0.308594 0.21582 0.273438 0.225586 0.268066 0.20459 0.308594 0.21582 0.268066 0.20459 0.317871 0.200195 0.317871 0.200195 0.268066 0.20459 0.290771 0.169434 0.268066 0.20459 0.273438 0.225586 0.256836 0.223877 0.256836 0.223877 0.273438 0.225586 0.261719 0.237305 0.268066 0.20459 0.256836 0.223877 0.250732 0.212646 0.250732 0.212646 0.256836 0.223877 0.213623 0.225342 0.213623 0.225342 0.256836 0.223877 0.206299 0.24292 0.256836 0.223877 0.261719 0.237305 0.233643 0.246094 0.256836 0.223877 0.233643 0.246094 0.206299 0.24292 0.233643 0.246094 0.261719 0.237305 0.273682 0.24292 0.206299 0.24292 0.233643 0.246094 0.207764 0.252686 0.207764 0.252686 0.233643 0.246094 0.273682 0.24292 0.207764 0.252686 0.273682 0.24292 0.197998 0.263184 0.576416 0.118408 0.57251 0.150391 0.554199 0.139648 0.576416 0.118408 0.554199 0.139648 0.497314 0.070801 0.57251 0.150391 0.576416 0.118408 0.584229 0.111816 0.584229 0.111816 0.576416 0.118408 0.5896 0.064453 0.584229 0.111816 0.5896 0.064453 0.602539 0.102051 0.602539 0.102051 0.5896 0.064453 0.635498 0.068848 0.392822 0.304443 0.216064 0.304443 0.216064 0.296631 0.821777 0.72583 0.758789 0.78833 0.757324 0.786377 0.758789 0.78833 0.821777 0.72583 0.762695 0.792969 0.762695 0.792969 0.821777 0.72583 0.821289 0.873047 0.762695 0.792969 0.821289 0.873047 0.753418 0.802979 0.581055 0.411865 0.529053 0.429199 0.557617 0.388428 0.557617 0.388428 0.529053 0.429199 0.452148 0.398926 0.557617 0.388428 0.452148 0.398926 0.500732 0.381836 0.557617 0.388428 0.500732 0.381836 0.573975 0.366455 0.573975 0.366455 0.500732 0.381836 0.536133 0.368408 0.573975 0.366455 0.536133 0.368408 0.578125 0.339111 0.578125 0.339111 0.536133 0.368408 0.400146 0.340576 0.7229 0.125977 0.712158 0.104736 0.813721 0.127441 0.813721 0.127441 0.712158 0.104736 0.711182 0.092285 0.937012 0.154785 0.967041 0.186035 0.924805 0.171875 0.937012 0.154785 0.924805 0.171875 0.932617 0.154297 0.924805 0.171875 0.967041 0.186035 0.986328 0.210449 0.967041 0.186035 0.937012 0.154785 0.945557 0.144287 0.967041 0.186035 0.945557 0.144287 0.968262 0.17334 0.986328 0.210449 0.967041 0.186035 0.977051 0.171143 0.977051 0.171143 0.967041 0.186035 0.968262 0.17334 0.977051 0.171143 0.968262 0.17334 0.945557 0.144287 0.986328 0.210449 0.977051 0.171143 0.988037 0.134033 0.988037 0.134033 0.977051 0.171143 0.945557 0.144287 0.850098 0.169922 0.727051 0.134766 0.828369 0.139648 0.727051 0.134766 0.850098 0.169922 0.796387 0.185303 0.796387 0.185303 0.850098 0.169922 0.814209 0.186523 0.796387 0.185303 0.814209 0.186523 0.812744 0.249512 0.112305 0.663818 0.126465 0.587158 0.119141 0.663818 0.112305 0.663818 0.119141 0.663818 0.117432 0.780029 0.94165 0.475098 0.968506 0.446533 0.963623 0.484131 0.94165 0.475098 0.963623 0.484131 0.95874 0.499023 0.95874 0.499023 0.963623 0.484131 0.960938 0.503174 0.95874 0.499023 0.960938 0.503174 0.960938 0.507324 0.964844 0.512207 0.961914 0.512695 0.960938 0.507324 0.95874 0.499023 0.960938 0.507324 0.957031 0.509033 0.957031 0.509033 0.960938 0.507324 0.961914 0.512695 0.958252 0.51709 0.961914 0.512695 0.968994 0.524414 0.961914 0.512695 0.958252 0.51709 0.957031 0.509033 0.956055 0.524902 0.958252 0.51709 0.960938 0.526123 0.958252 0.51709 0.956055 0.524902 0.951172 0.51416 0.958252 0.51709 0.951172 0.51416 0.957031 0.509033 0.951172 0.51416 0.956055 0.524902 0.950439 0.530029 0.951172 0.51416 0.950439 0.530029 0.947266 0.52417 0.947266 0.52417 0.950439 0.530029 0.945068 0.531738 0.957031 0.509033 0.951172 0.51416 0.950928 0.510986 0.951172 0.51416 0.947266 0.52417 0.945312 0.519287 0.951172 0.51416 0.945312 0.519287 0.950928 0.510986 0.947266 0.52417 0.945068 0.531738 0.941895 0.523193 0.947266 0.52417 0.941895 0.523193 0.945312 0.519287 0.941895 0.523193 0.945068 0.531738 0.939209 0.526855 0.939209 0.526855 0.945068 0.531738 0.937012 0.532471 0.937012 0.532471 0.945068 0.531738 0.946045 0.53833 0.939209 0.526855 0.937012 0.532471 0.935547 0.52417 0.939209 0.526855 0.935547 0.52417 0.941895 0.523193 0.945312 0.519287 0.941895 0.523193 0.939453 0.519043 0.939453 0.519043 0.941895 0.523193 0.935547 0.52417 0.945312 0.519287 0.939453 0.519043 0.950928 0.510986 0.932861 0.521729 0.935547 0.52417 0.932129 0.529053 0.935547 0.52417 0.932861 0.521729 0.939453 0.519043 0.939453 0.519043 0.932861 0.521729 0.921143 0.510254 0.921143 0.510254 0.932861 0.521729 0.925537 0.523438 0.950928 0.510986 0.939453 0.519043 0.949951 0.508057 0.939453 0.519043 0.921143 0.510254 0.9375 0.513916 0.939453 0.519043 0.9375 0.513916 0.949951 0.508057 0.9375 0.513916 0.921143 0.510254 0.927002 0.50293 0.927002 0.50293 0.921143 0.510254 0.923584 0.499268 0.923584 0.499268 0.921143 0.510254 0.91626 0.497314 0.927002 0.50293 0.923584 0.499268 0.928223 0.491943 0.928223 0.491943 0.923584 0.499268 0.91626 0.497314 0.927002 0.50293 0.928223 0.491943 0.938721 0.489258 0.9375 0.513916 0.927002 0.50293 0.939453 0.497559 0.939453 0.497559 0.927002 0.50293 0.938721 0.489258 0.9375 0.513916 0.939453 0.497559 0.943604 0.50293 0.9375 0.513916 0.943604 0.50293 0.949951 0.508057 0.939453 0.497559 0.938721 0.489258 0.949707 0.49292 0.939453 0.497559 0.949707 0.49292 0.943604 0.50293 0.949951 0.508057 0.943604 0.50293 0.947998 0.502686 0.947998 0.502686 0.943604 0.50293 0.949707 0.49292 0.947998 0.502686 0.949707 0.49292 0.949951 0.508057 0.95459 0.504639 0.950928 0.510986 0.949951 0.508057 0.95459 0.504639 0.949951 0.508057 0.949707 0.49292 0.950928 0.510986 0.95459 0.504639 0.957031 0.509033 0.957031 0.509033 0.95459 0.504639 0.95874 0.499023 0.95874 0.499023 0.95459 0.504639 0.949707 0.49292 0.95874 0.499023 0.949707 0.49292 0.94165 0.475098 0.938721 0.481689 0.949707 0.49292 0.938721 0.489258 0.949707 0.49292 0.938721 0.481689 0.94165 0.475098 0.938721 0.481689 0.938721 0.489258 0.927979 0.485596 0.927979 0.485596 0.938721 0.489258 0.928223 0.491943 0.927979 0.485596 0.928223 0.491943 0.91626 0.497314 0.927979 0.485596 0.91626 0.497314 0.915771 0.48584 0.915771 0.48584 0.91626 0.497314 0.900146 0.49585 0.938721 0.481689 0.927979 0.485596 0.93457 0.47876 0.93457 0.47876 0.927979 0.485596 0.915771 0.48584 0.938721 0.481689 0.93457 0.47876 0.94165 0.475098 0.93457 0.47876 0.915771 0.48584 0.917969 0.484375 0.94165 0.475098 0.93457 0.47876 0.940674 0.466553 0.940674 0.466553 0.93457 0.47876 0.917969 0.484375 0.94165 0.475098 0.940674 0.466553 0.958984 0.443848 0.940674 0.466553 0.917969 0.484375 0.910889 0.45166 0.347168 0.999512 0.153809 0.999512 0.233643 0.967773 0.633545 0.606934 0.542236 0.765137 0.536865 0.546875 0.334229 0.848877 0.326172 0.86499 0.253906 0.895752 0.253906 0.895752 0.326172 0.86499 0.312012 0.878662 0.312012 0.878662 0.326172 0.86499 0.342773 0.864258 0.312012 0.878662 0.342773 0.864258 0.349854 0.877686 0.312012 0.878662 0.349854 0.877686 0.323242 0.885498 0.312012 0.878662 0.323242 0.885498 0.272461 0.895752 0.272461 0.895752 0.323242 0.885498 0.314697 0.891846 0.323242 0.885498 0.349854 0.877686 0.328369 0.895996 0.328369 0.895996 0.349854 0.877686 0.367432 0.883057 0.349854 0.877686 0.342773 0.864258 0.360352 0.865723 0.349854 0.877686 0.360352 0.865723 0.367432 0.883057 0.360352 0.865723 0.342773 0.864258 0.35083 0.852539 0.367432 0.883057 0.360352 0.865723 0.381592 0.874023 0.381592 0.874023 0.360352 0.865723 0.433838 0.820312 0.367432 0.883057 0.381592 0.874023 0.400635 0.917725 0.381592 0.874023 0.433838 0.820312 0.439941 0.838867 0.400635 0.917725 0.381592 0.874023 0.415527 0.89917 0.400635 0.917725 0.415527 0.89917 0.433838 0.938232 0.433838 0.938232 0.415527 0.89917 0.455322 0.906006 0.415527 0.89917 0.381592 0.874023 0.425781 0.856201 0.415527 0.89917 0.425781 0.856201 0.455322 0.906006 0.425781 0.856201 0.381592 0.874023 0.439941 0.838867 0.455322 0.906006 0.425781 0.856201 0.473389 0.879395 0.473389 0.879395 0.425781 0.856201 0.439941 0.838867 0.473389 0.879395 0.439941 0.838867 0.508545 0.891113 0.770752 0.08252 0.826416 0.121338 0.725098 0.063477 0.826416 0.121338 0.770752 0.08252 0.825684 0.056885 0.907471 0.088867 0.901367 0.076172 0.925049 0.049561 0.925049 0.049561 0.901367 0.076172 0.845947 0.078125 0.925049 0.049561 0.845947 0.078125 0.884766 0.050781 0.901367 0.076172 0.907471 0.088867 0.895996 0.089111 0.895996 0.089111 0.907471 0.088867 0.90332 0.094238 0.90332 0.094238 0.907471 0.088867 0.930908 0.141602 0.930908 0.141602 0.907471 0.088867 0.931396 0.091309 0.066895 0.310547 0.025879 0.189453 0.160645 0.234619 0.160645 0.234619 0.025879 0.189453 0.140137 0.213379 0.160645 0.234619 0.140137 0.213379 0.165283 0.209229 0.165283 0.209229 0.140137 0.213379 0.025879 0.189453 0.165283 0.209229 0.025879 0.189453 0.189941 0.194336 0.934082 0.760498 0.942383 0.760498 0.932129 0.76416 0.942383 0.760498 0.934082 0.760498 0.936035 0.748779 0.932129 0.76416 0.942383 0.760498 0.930908 0.787842 0.932129 0.76416 0.930908 0.787842 0.911133 0.777588 0.911133 0.777588 0.930908 0.787842 0.914307 0.781982 0.930908 0.787842 0.942383 0.760498 0.944824 0.762695 0.914307 0.781982 0.930908 0.787842 0.924805 0.791016 0.930908 0.787842 0.944824 0.762695 0.977051 0.828125 0.977051 0.828125 0.944824 0.762695 0.95166 0.759766 0.977051 0.828125 0.95166 0.759766 0.979004 0.75 0.930908 0.787842 0.977051 0.828125 0.943115 0.833252 0.930908 0.787842 0.943115 0.833252 0.924805 0.791016 0.924805 0.791016 0.943115 0.833252 0.912842 0.789307 0.01001 0.928467 0.017334 0.788574 0.028809 0.927002 0.01001 0.928467 0.028809 0.927002 0.025879 0.944092 0.01001 0.928467 0.025879 0.944092 0.006836 0.945068 0.053955 0.181885 0.085938 0.176758 0.179688 0.178711 0.179688 0.178711 0.085938 0.176758 0.091553 0.163086 0.179688 0.178711 0.091553 0.163086 0.177002 0.163818 0.177002 0.163818 0.091553 0.163086 0.155518 0.156738 0.155518 0.156738 0.091553 0.163086 0.091797 0.157471 0.155518 0.156738 0.091797 0.157471 0.10376 0.147461 0.155518 0.156738 0.10376 0.147461 0.145508 0.151611 0.145508 0.151611 0.10376 0.147461 0.093994 0.130859 0.145508 0.151611 0.093994 0.130859 0.146484 0.137695 0.146484 0.137695 0.093994 0.130859 0.144287 0.132812 0.144287 0.132812 0.093994 0.130859 0.099121 0.121094 0.597412 0.207764 0.622559 0.23584 0.568848 0.218018 0.597412 0.207764 0.568848 0.218018 0.570068 0.212158 0.597412 0.207764 0.570068 0.212158 0.597168 0.201416 0.597168 0.201416 0.570068 0.212158 0.59668 0.188232 0.570068 0.212158 0.568848 0.218018 0.554443 0.213379 0.59668 0.188232 0.570068 0.212158 0.560059 0.200928 0.560059 0.200928 0.570068 0.212158 0.554443 0.213379 0.554443 0.213379 0.568848 0.218018 0.532227 0.220703 0.532227 0.220703 0.568848 0.218018 0.535645 0.275146 0.560059 0.200928 0.554443 0.213379 0.543457 0.211182 0.543457 0.211182 0.554443 0.213379 0.532227 0.220703 0.59668 0.188232 0.560059 0.200928 0.569092 0.192627 0.560059 0.200928 0.543457 0.211182 0.530273 0.212402 0.530273 0.212402 0.543457 0.211182 0.532227 0.220703 0.560059 0.200928 0.530273 0.212402 0.531006 0.195312 0.560059 0.200928 0.531006 0.195312 0.569092 0.192627 0.59668 0.188232 0.569092 0.192627 0.593262 0.164795 0.531006 0.195312 0.530273 0.212402 0.504395 0.199219 0.569092 0.192627 0.531006 0.195312 0.518311 0.189453 0.518311 0.189453 0.531006 0.195312 0.504395 0.199219 0.530273 0.212402 0.532227 0.220703 0.516602 0.210205 0.530273 0.212402 0.516602 0.210205 0.504395 0.199219 0.504395 0.199219 0.516602 0.210205 0.500732 0.214111 0.518311 0.189453 0.504395 0.199219 0.494141 0.200684 0.518311 0.189453 0.494141 0.200684 0.488281 0.195557 0.518311 0.189453 0.488281 0.195557 0.504639 0.175781 0.569092 0.192627 0.518311 0.189453 0.569824 0.175049 0.569824 0.175049 0.518311 0.189453 0.504639 0.175781 0.569092 0.192627 0.569824 0.175049 0.593262 0.164795 0.569824 0.175049 0.504639 0.175781 0.506592 0.159668 0.506592 0.159668 0.504639 0.175781 0.477295 0.159912 0.569824 0.175049 0.506592 0.159668 0.56958 0.1604 0.569824 0.175049 0.56958 0.1604 0.593262 0.164795 0.56958 0.1604 0.506592 0.159668 0.479736 0.134766 0.593262 0.164795 0.56958 0.1604 0.595459 0.156006 0.593262 0.164795 0.595459 0.156006 0.613525 0.1521 0.593262 0.164795 0.613525 0.1521 0.614746 0.161865 0.613525 0.1521 0.595459 0.156006 0.618652 0.137695 0.520752 0.220703 0.516602 0.210205 0.532227 0.220703 0.516602 0.210205 0.520752 0.220703 0.500732 0.214111 0.520752 0.220703 0.532227 0.220703 0.524902 0.228516 0.524902 0.228516 0.532227 0.220703 0.511475 0.253174 0.500732 0.214111 0.520752 0.220703 0.513428 0.228271 0.500732 0.214111 0.513428 0.228271 0.503662 0.224609 0.513428 0.228271 0.520752 0.220703 0.512939 0.233154 0.512939 0.233154 0.520752 0.220703 0.524902 0.228516 0.512939 0.233154 0.524902 0.228516 0.515381 0.236816 0.456787 0.19873 0.357666 0.126709 0.474854 0.106201 0.985352 0.907715 0.980713 0.854004 0.986816 0.832031 0.064697 0.422363 0.103516 0.438477 0.071289 0.434326 0.071289 0.434326 0.103516 0.438477 0.060303 0.441895 0.103516 0.438477 0.064697 0.422363 0.098877 0.41626 0.103516 0.438477 0.098877 0.41626 0.109375 0.423584 0.060303 0.441895 0.103516 0.438477 0.06543 0.449219 0.06543 0.449219 0.103516 0.438477 0.140137 0.463379 0.06543 0.449219 0.140137 0.463379 0.13623 0.467285 0.06543 0.449219 0.13623 0.467285 0.062012 0.474365 0.062012 0.474365 0.13623 0.467285 0.118408 0.485352 0.062012 0.474365 0.118408 0.485352 0.068359 0.484863 0.068359 0.484863 0.118408 0.485352 0.112061 0.498779 0.068359 0.484863 0.112061 0.498779 0.06665 0.494385 0.112061 0.498779 0.118408 0.485352 0.144287 0.51123 0.06665 0.494385 0.112061 0.498779 0.065674 0.501709 0.112061 0.498779 0.144287 0.51123 0.114014 0.505615 0.112061 0.498779 0.114014 0.505615 0.065674 0.501709 0.114014 0.505615 0.144287 0.51123 0.136963 0.528809 0.065674 0.501709 0.114014 0.505615 0.098145 0.512939 0.065674 0.501709 0.098145 0.512939 0.062256 0.515137 0.062256 0.515137 0.098145 0.512939 0.062012 0.521729 0.062012 0.521729 0.098145 0.512939 0.095459 0.524658 0.095459 0.524658 0.098145 0.512939 0.114014 0.505615 0.062012 0.521729 0.095459 0.524658 0.054688 0.529297 0.054688 0.529297 0.095459 0.524658 0.065918 0.535889 0.095459 0.524658 0.114014 0.505615 0.104736 0.524902 0.104736 0.524902 0.114014 0.505615 0.116699 0.534912 0.065918 0.535889 0.095459 0.524658 0.097168 0.531494 0.097168 0.531494 0.095459 0.524658 0.104736 0.524902 0.065918 0.535889 0.097168 0.531494 0.086426 0.535645 0.065918 0.535889 0.086426 0.535645 0.064209 0.547363 0.064209 0.547363 0.086426 0.535645 0.092041 0.539551 0.092041 0.539551 0.086426 0.535645 0.097168 0.531494 0.064209 0.547363 0.092041 0.539551 0.062012 0.551025 0.062012 0.551025 0.092041 0.539551 0.056396 0.556641 0.109863 0.535889 0.104736 0.524902 0.116699 0.534912 0.104736 0.524902 0.109863 0.535889 0.097168 0.531494 0.120361 0.539062 0.116699 0.534912 0.114014 0.505615 0.116699 0.534912 0.120361 0.539062 0.109863 0.535889 0.120361 0.539062 0.114014 0.505615 0.136963 0.528809 0.097168 0.531494 0.109863 0.535889 0.11084 0.542236 0.11084 0.542236 0.109863 0.535889 0.120361 0.539062 0.120361 0.539062 0.136963 0.528809 0.125488 0.539307 0.125488 0.539307 0.136963 0.528809 0.12915 0.544189 0.125488 0.539307 0.12915 0.544189 0.120361 0.539062 0.120361 0.539062 0.12915 0.544189 0.125977 0.548096 0.120361 0.539062 0.125977 0.548096 0.11084 0.542236 0.125977 0.548096 0.12915 0.544189 0.134277 0.551758 0.097168 0.531494 0.11084 0.542236 0.099854 0.540283 0.097168 0.531494 0.099854 0.540283 0.092041 0.539551 0.11084 0.542236 0.125977 0.548096 0.115723 0.549316 0.11084 0.542236 0.115723 0.549316 0.099854 0.540283 0.115723 0.549316 0.125977 0.548096 0.120361 0.560059 0.120361 0.560059 0.125977 0.548096 0.133301 0.556641 0.099854 0.540283 0.115723 0.549316 0.099121 0.547119 0.099854 0.540283 0.099121 0.547119 0.092041 0.539551 0.099121 0.547119 0.115723 0.549316 0.120361 0.560059 0.120361 0.560059 0.133301 0.556641 0.128418 0.566895 0.120361 0.560059 0.128418 0.566895 0.119873 0.578857 0.120361 0.560059 0.119873 0.578857 0.104248 0.559326 0.120361 0.560059 0.104248 0.559326 0.099121 0.547119 0.099121 0.547119 0.104248 0.559326 0.099609 0.555176 0.092041 0.539551 0.099121 0.547119 0.090332 0.544434 0.090332 0.544434 0.099121 0.547119 0.099609 0.555176 0.092041 0.539551 0.090332 0.544434 0.056396 0.556641 0.090332 0.544434 0.099609 0.555176 0.094238 0.554932 0.090332 0.544434 0.094238 0.554932 0.085938 0.559814 0.056396 0.556641 0.090332 0.544434 0.061035 0.559082 0.090332 0.544434 0.085938 0.559814 0.083496 0.551514 0.090332 0.544434 0.083496 0.551514 0.061035 0.559082 0.061035 0.559082 0.083496 0.551514 0.056885 0.578125 0.179688 0.000244 0.171875 0.003906 0.152832 0.000977 0.046387 0.607178 0.046387 0.75708 0.032715 0.660645 0.038574 0.455078 0.051514 0.354492 0.05249 0.386719 0.05249 0.386719 0.051514 0.354492 0.057373 0.352051 0.057373 0.352051 0.051514 0.354492 0.050781 0.350342 0.057373 0.352051 0.050781 0.350342 0.050537 0.345703 0.05249 0.386719 0.057373 0.352051 0.066406 0.349121 0.057373 0.352051 0.050537 0.345703 0.054443 0.343262 0.054443 0.343262 0.050537 0.345703 0.055176 0.331055 0.066406 0.349121 0.057373 0.352051 0.063477 0.349121 0.063477 0.349121 0.057373 0.352051 0.061768 0.341553 0.061768 0.341553 0.057373 0.352051 0.054443 0.343262 0.063477 0.349121 0.061768 0.341553 0.066406 0.349121 0.054443 0.343262 0.055176 0.331055 0.058594 0.335938 0.054443 0.343262 0.058594 0.335938 0.061768 0.341553 0.058594 0.335938 0.055176 0.331055 0.064453 0.328857 0.064453 0.328857 0.055176 0.331055 0.038086 0.294434 0.058594 0.335938 0.064453 0.328857 0.068848 0.338867 0.058594 0.335938 0.068848 0.338867 0.061768 0.341553 0.061768 0.341553 0.068848 0.338867 0.066406 0.349121 0.066406 0.349121 0.068848 0.338867 0.071533 0.337158 0.066406 0.349121 0.071533 0.337158 0.080566 0.34082 0.066406 0.349121 0.080566 0.34082 0.05249 0.386719 0.05249 0.386719 0.080566 0.34082 0.129883 0.407227 0.129883 0.407227 0.080566 0.34082 0.111816 0.331543 0.111816 0.331543 0.080566 0.34082 0.126709 0.325684 0.111816 0.331543 0.126709 0.325684 0.163086 0.364014 0.111816 0.331543 0.163086 0.364014 0.129883 0.407227 0.129883 0.407227 0.163086 0.364014 0.166992 0.387451 0.129883 0.407227 0.166992 0.387451 0.177979 0.405762 0.204102 0.217529 0.197266 0.180908 0.225586 0.138916 0.204102 0.217529 0.225586 0.138916 0.30957 0.139893 0.863525 0.572998 0.863525 0.449707 0.885986 0.543701 0.710449 0.127441 0.658691 0.232422 0.654541 0.217529 0.710449 0.127441 0.654541 0.217529 0.646729 0.184814 0.710449 0.127441 0.646729 0.184814 0.656738 0.120361 0.710449 0.127441 0.656738 0.120361 0.696045 0.110107 0.656738 0.120361 0.646729 0.184814 0.630615 0.153564 0.656738 0.120361 0.630615 0.153564 0.632324 0.135986 0.656738 0.120361 0.632324 0.135986 0.613281 0.111816 0.838867 0.956055 0.834961 0.953857 0.831055 0.937012 0.831055 0.937012 0.834961 0.953857 0.831299 0.945557 0.831299 0.945557 0.834961 0.953857 0.825684 0.95166 0.831299 0.945557 0.825684 0.95166 0.821777 0.946777 0.821777 0.946777 0.825684 0.95166 0.820801 0.953613 0.831055 0.937012 0.831299 0.945557 0.829346 0.941895 0.829346 0.941895 0.831299 0.945557 0.821777 0.946777 0.838867 0.956055 0.831055 0.937012 0.825928 0.912598 0.838867 0.956055 0.825928 0.912598 0.82666 0.895752 0.838867 0.956055 0.82666 0.895752 0.841553 0.962891 0.841553 0.962891 0.82666 0.895752 0.831055 0.888184 0.841553 0.962891 0.831055 0.888184 0.832764 0.854736 0.841553 0.962891 0.832764 0.854736 0.862793 0.970459 0.862793 0.970459 0.832764 0.854736 0.849609 0.849365 0.862793 0.970459 0.849609 0.849365 0.857666 0.843506 0.862793 0.970459 0.857666 0.843506 0.868164 0.833252 0.80957 0.888428 0.82666 0.895752 0.825928 0.912598 0.80957 0.888428 0.825928 0.912598 0.810303 0.898682 0.810303 0.898682 0.825928 0.912598 0.813965 0.909912 0.825439 0.924072 0.825928 0.912598 0.831055 0.937012 0.825928 0.912598 0.825439 0.924072 0.813965 0.909912 0.825439 0.924072 0.831055 0.937012 0.826416 0.936768 0.826416 0.936768 0.831055 0.937012 0.829346 0.941895 0.825439 0.924072 0.826416 0.936768 0.82373 0.931641 0.826416 0.936768 0.829346 0.941895 0.821777 0.94165 0.826416 0.936768 0.821777 0.94165 0.82373 0.931641 0.821777 0.94165 0.829346 0.941895 0.821777 0.946777 0.825439 0.924072 0.82373 0.931641 0.815918 0.930176 0.815918 0.930176 0.82373 0.931641 0.821777 0.94165 0.817139 0.919922 0.813965 0.909912 0.825439 0.924072 0.817139 0.919922 0.825439 0.924072 0.815918 0.930176 0.821777 0.94165 0.821777 0.946777 0.816406 0.940674 0.821777 0.94165 0.816406 0.940674 0.815918 0.930176 0.816406 0.940674 0.821777 0.946777 0.81543 0.948486 0.81543 0.948486 0.821777 0.946777 0.820801 0.953613 0.813965 0.909912 0.817139 0.919922 0.807373 0.922852 0.807373 0.922852 0.817139 0.919922 0.815918 0.930176 0.816406 0.940674 0.81543 0.948486 0.810303 0.942139 0.81543 0.948486 0.820801 0.953613 0.807373 0.950684 0.81543 0.948486 0.807373 0.950684 0.810303 0.942139 0.807373 0.950684 0.820801 0.953613 0.810303 0.955078 0.810303 0.955078 0.820801 0.953613 0.812744 0.962158 0.810303 0.955078 0.812744 0.962158 0.799561 0.958008 0.810303 0.955078 0.799561 0.958008 0.807373 0.950684 0.816406 0.940674 0.810303 0.942139 0.807373 0.934814 0.816406 0.940674 0.807373 0.934814 0.815918 0.930176 0.807373 0.934814 0.810303 0.942139 0.803223 0.940674 0.802246 0.94458 0.810303 0.942139 0.807373 0.950684 0.810303 0.942139 0.802246 0.94458 0.803223 0.940674 0.802246 0.94458 0.807373 0.950684 0.798828 0.951416 0.798828 0.951416 0.807373 0.950684 0.799561 0.958008 0.803223 0.940674 0.802246 0.94458 0.800293 0.937256 0.803223 0.940674 0.800293 0.937256 0.807373 0.934814 0.803223 0.929199 0.815918 0.930176 0.807373 0.934814 0.803223 0.929199 0.807373 0.934814 0.800293 0.937256 0.815918 0.930176 0.803223 0.929199 0.807373 0.922852 0.798828 0.951416 0.799561 0.958008 0.783447 0.943115 0.783447 0.943115 0.799561 0.958008 0.792236 0.958984 0.792236 0.958984 0.799561 0.958008 0.791992 0.961914 0.791992 0.961914 0.799561 0.958008 0.791992 0.9729 0.798828 0.951416 0.783447 0.943115 0.790527 0.933838 0.798828 0.951416 0.790527 0.933838 0.802246 0.94458 0.802246 0.94458 0.790527 0.933838 0.800293 0.937256 0.79541 0.930908 0.803223 0.929199 0.800293 0.937256 0.79541 0.930908 0.800293 0.937256 0.790527 0.933838 0.803223 0.929199 0.79541 0.930908 0.797607 0.923828 0.803223 0.929199 0.797607 0.923828 0.807373 0.922852 0.79541 0.930908 0.790527 0.933838 0.789551 0.928223 0.79541 0.930908 0.789551 0.928223 0.797607 0.923828 0.789551 0.928223 0.790527 0.933838 0.783447 0.931396 0.789551 0.928223 0.783447 0.931396 0.783447 0.923584 0.797607 0.923828 0.789551 0.928223 0.789062 0.922852 0.789062 0.922852 0.789551 0.928223 0.783447 0.923584 0.807373 0.922852 0.797607 0.923828 0.80249 0.918457 0.807373 0.922852 0.80249 0.918457 0.813965 0.909912 0.797607 0.923828 0.789062 0.922852 0.793457 0.915283 0.797607 0.923828 0.793457 0.915283 0.80249 0.918457 0.789062 0.922852 0.783447 0.923584 0.7854 0.916748 0.789062 0.922852 0.7854 0.916748 0.793457 0.915283 0.7854 0.916748 0.783447 0.923584 0.778809 0.916992 0.7854 0.916748 0.778809 0.916992 0.779785 0.906738 0.779785 0.906738 0.778809 0.916992 0.775391 0.909668 0.7854 0.916748 0.779785 0.906738 0.789551 0.908936 0.7854 0.916748 0.789551 0.908936 0.793457 0.915283 0.789551 0.908936 0.779785 0.906738 0.784424 0.902832 0.789551 0.908936 0.784424 0.902832 0.799072 0.904785 0.793457 0.915283 0.789551 0.908936 0.79834 0.914307 0.793457 0.915283 0.79834 0.914307 0.80249 0.918457 0.79834 0.914307 0.789551 0.908936 0.799072 0.904785 0.80249 0.918457 0.79834 0.914307 0.803711 0.911865 0.803711 0.911865 0.79834 0.914307 0.799072 0.904785 0.80249 0.918457 0.803711 0.911865 0.813965 0.909912 0.813965 0.909912 0.803711 0.911865 0.810303 0.898682 0.810303 0.898682 0.803711 0.911865 0.799072 0.904785 0.810303 0.898682 0.799072 0.904785 0.804688 0.897705 0.804688 0.897705 0.799072 0.904785 0.792969 0.899902 0.693115 0.469238 0.712158 0.482666 0.703613 0.494873 0.712158 0.482666 0.693115 0.469238 0.708252 0.462402 0.712158 0.482666 0.708252 0.462402 0.730469 0.489014 0.730469 0.489014 0.708252 0.462402 0.72876 0.455322 0.708252 0.462402 0.693115 0.469238 0.700439 0.438232 0.708252 0.462402 0.700439 0.438232 0.72876 0.455322 0.700439 0.438232 0.693115 0.469238 0.68042 0.420654 0.730469 0.489014 0.72876 0.455322 0.746826 0.467041 0.730469 0.489014 0.746826 0.467041 0.758545 0.492432 0.758545 0.492432 0.746826 0.467041 0.773682 0.467529 0.758545 0.492432 0.773682 0.467529 0.781982 0.494141 0.773682 0.467529 0.746826 0.467041 0.767822 0.447266 0.767822 0.447266 0.746826 0.467041 0.72876 0.455322 0.773682 0.467529 0.767822 0.447266 0.7771 0.446289 0.7771 0.446289 0.767822 0.447266 0.760986 0.414062 0.7771 0.446289 0.760986 0.414062 0.78125 0.42041 0.78125 0.42041 0.760986 0.414062 0.768066 0.387939 0.760986 0.414062 0.767822 0.447266 0.742432 0.413086 0.742432 0.413086 0.767822 0.447266 0.72876 0.455322 0.768066 0.387939 0.760986 0.414062 0.752441 0.39209 0.768066 0.387939 0.752441 0.39209 0.747314 0.374756 0.768066 0.387939 0.747314 0.374756 0.772705 0.368408 0.752441 0.39209 0.760986 0.414062 0.737061 0.397461 0.737061 0.397461 0.760986 0.414062 0.742432 0.413086 0.752441 0.39209 0.737061 0.397461 0.747314 0.374756 0.772705 0.368408 0.747314 0.374756 0.747314 0.366455 0.737061 0.397461 0.742432 0.413086 0.720947 0.393555 0.737061 0.397461 0.720947 0.393555 0.747314 0.374756 0.707764 0.415039 0.742432 0.413086 0.72876 0.455322 0.742432 0.413086 0.707764 0.415039 0.720947 0.393555 0.707764 0.415039 0.72876 0.455322 0.700439 0.438232 0.707764 0.415039 0.700439 0.438232 0.693848 0.408936 0.707764 0.415039 0.693848 0.408936 0.720947 0.393555 0.693848 0.408936 0.700439 0.438232 0.68042 0.420654 0.747314 0.374756 0.720947 0.393555 0.731201 0.365967 0.747314 0.374756 0.731201 0.365967 0.747314 0.366455 0.731201 0.365967 0.720947 0.393555 0.704834 0.382568 0.704834 0.382568 0.720947 0.393555 0.693848 0.408936 0.747314 0.366455 0.731201 0.365967 0.737061 0.340332 0.747314 0.366455 0.737061 0.340332 0.746582 0.338623 0.747314 0.366455 0.746582 0.338623 0.759766 0.331787 0.737061 0.340332 0.731201 0.365967 0.722412 0.341309 0.722412 0.341309 0.731201 0.365967 0.704834 0.382568 0.722412 0.341309 0.704834 0.382568 0.690918 0.34668 0.690918 0.34668 0.704834 0.382568 0.68335 0.349854 0.704834 0.382568 0.693848 0.408936 0.690918 0.390869 0.704834 0.382568 0.690918 0.390869 0.68335 0.349854 0.690918 0.390869 0.693848 0.408936 0.689209 0.404541 0.689209 0.404541 0.693848 0.408936 0.671631 0.406982 0.689209 0.404541 0.671631 0.406982 0.690918 0.390869 0.671631 0.406982 0.693848 0.408936 0.68042 0.420654 0.68335 0.349854 0.690918 0.390869 0.664551 0.386963 0.664551 0.386963 0.690918 0.390869 0.671631 0.406982 0.68335 0.349854 0.664551 0.386963 0.654785 0.351318 0.68335 0.349854 0.654785 0.351318 0.670166 0.342285 0.664551 0.386963 0.671631 0.406982 0.644043 0.395996 0.664551 0.386963 0.644043 0.395996 0.654785 0.351318 0.671631 0.406982 0.68042 0.420654 0.664551 0.424072 0.654785 0.351318 0.644043 0.395996 0.632568 0.389404 0.644043 0.395996 0.671631 0.406982 0.643311 0.410156 0.644043 0.395996 0.643311 0.410156 0.632568 0.389404 0.643311 0.410156 0.671631 0.406982 0.664551 0.424072 0.664551 0.424072 0.68042 0.420654 0.693115 0.469238 0.654785 0.351318 0.632568 0.389404 0.646729 0.351074 0.646729 0.351074 0.632568 0.389404 0.618652 0.332031 0.618652 0.332031 0.632568 0.389404 0.616455 0.384521 0.616455 0.384521 0.632568 0.389404 0.626221 0.408447 0.626221 0.408447 0.632568 0.389404 0.643311 0.410156 0.616455 0.384521 0.626221 0.408447 0.611572 0.397949 0.611572 0.397949 0.626221 0.408447 0.600342 0.415283 0.600342 0.415283 0.626221 0.408447 0.61499 0.429443 0.645996 0.423828 0.643311 0.410156 0.664551 0.424072 0.626221 0.408447 0.643311 0.410156 0.631348 0.415283 0.631348 0.415283 0.643311 0.410156 0.645996 0.423828 0.626221 0.408447 0.631348 0.415283 0.61499 0.429443 0.645996 0.423828 0.664551 0.424072 0.648682 0.454834 0.645996 0.423828 0.648682 0.454834 0.631348 0.415283 0.648682 0.454834 0.664551 0.424072 0.693115 0.469238 0.648682 0.454834 0.693115 0.469238 0.641357 0.476807 0.631348 0.415283 0.648682 0.454834 0.63208 0.45752 0.631348 0.415283 0.63208 0.45752 0.61499 0.429443 0.63208 0.45752 0.648682 0.454834 0.641357 0.476807 0.61499 0.429443 0.63208 0.45752 0.599121 0.438232 0.63208 0.45752 0.641357 0.476807 0.63208 0.475586 0.188477 0.007568 0.190674 0.000488 0.20459 0.001221 0.017334 0.032471 0.036377 0.032715 0.021484 0.050293 0.021484 0.050293 0.036377 0.032715 0.034912 0.041992 0.034912 0.041992 0.036377 0.032715 0.08374 0.008057 0.08374 0.008057 0.036377 0.032715 0.065186 0.008789 0.034912 0.041992 0.08374 0.008057 0.053223 0.054443 0.053223 0.054443 0.08374 0.008057 0.072021 0.054199 0.355469 0.99707 0.504639 0.910889 0.570312 0.992188 0.796143 0.721436 0.788818 0.710938 0.799561 0.718018 0.788818 0.710938 0.796143 0.721436 0.789307 0.723145 0.794678 0.69043 0.808105 0.720703 0.799561 0.718018 0.794678 0.69043 0.799561 0.718018 0.788818 0.710938 0.794678 0.69043 0.788818 0.710938 0.783447 0.682861 0.788818 0.710938 0.789307 0.723145 0.782959 0.716797 0.782959 0.716797 0.789307 0.723145 0.775879 0.721436 0.775879 0.721436 0.789307 0.723145 0.776611 0.735596 0.775879 0.721436 0.776611 0.735596 0.773682 0.724854 0.782959 0.716797 0.775879 0.721436 0.780762 0.708984 0.782959 0.716797 0.780762 0.708984 0.788818 0.710938 0.783447 0.682861 0.788818 0.710938 0.779785 0.679688 0.779785 0.679688 0.788818 0.710938 0.780762 0.708984 0.783447 0.682861 0.779785 0.679688 0.788574 0.660156 0.788574 0.660156 0.779785 0.679688 0.809814 0.588135 0.779785 0.679688 0.780762 0.708984 0.766602 0.688965 0.766602 0.688965 0.780762 0.708984 0.749512 0.67749 0.718262 0.914795 0.787109 0.991699 0.730225 0.94751 0.718262 0.914795 0.730225 0.94751 0.718994 0.925537 0.787109 0.991699 0.718262 0.914795 0.738037 0.911865 0.787109 0.991699 0.738037 0.911865 0.752441 0.898193 0.718262 0.914795 0.718994 0.925537 0.710938 0.918701 0.710938 0.918701 0.718994 0.925537 0.628662 0.983154 0.738037 0.911865 0.718262 0.914795 0.712891 0.904541 0.712891 0.904541 0.718262 0.914795 0.710938 0.918701 0.710938 0.918701 0.628662 0.983154 0.695801 0.92334 0.695801 0.92334 0.628662 0.983154 0.611328 0.994629 0.710938 0.918701 0.695801 0.92334 0.712891 0.904541 0.712891 0.904541 0.695801 0.92334 0.700928 0.900391 0.737061 0.890381 0.752441 0.898193 0.738037 0.911865 0.737061 0.890381 0.738037 0.911865 0.712891 0.904541 0.752441 0.898193 0.737061 0.890381 0.755127 0.886475 0.752441 0.898193 0.755127 0.886475 0.78833 0.889893 0.737061 0.890381 0.712891 0.904541 0.723389 0.874023 0.723389 0.874023 0.712891 0.904541 0.700928 0.900391 0.737061 0.890381 0.723389 0.874023 0.755127 0.886475 0.755127 0.886475 0.723389 0.874023 0.748535 0.867676 0.723389 0.874023 0.700928 0.900391 0.707764 0.859619 0.707764 0.859619 0.700928 0.900391 0.688232 0.854736 0.748535 0.867676 0.723389 0.874023 0.741699 0.845215 0.741699 0.845215 0.723389 0.874023 0.707764 0.859619 0.755127 0.886475 0.748535 0.867676 0.767822 0.864502 0.767822 0.864502 0.748535 0.867676 0.741699 0.845215 0.755127 0.886475 0.767822 0.864502 0.788818 0.858154 0.788818 0.858154 0.767822 0.864502 0.770996 0.840088 0.770996 0.840088 0.767822 0.864502 0.741699 0.845215 0.741699 0.845215 0.707764 0.859619 0.714844 0.844482 0.695312 0.836182 0.707764 0.859619 0.688232 0.854736 0.707764 0.859619 0.695312 0.836182 0.714844 0.844482 0.695312 0.836182 0.688232 0.854736 0.682861 0.833984 0.695312 0.836182 0.682861 0.833984 0.68335 0.819092 0.695312 0.836182 0.68335 0.819092 0.692139 0.811279 0.714844 0.844482 0.695312 0.836182 0.701904 0.825928 0.701904 0.825928 0.695312 0.836182 0.692139 0.811279 0.714844 0.844482 0.701904 0.825928 0.707275 0.815918 0.707275 0.815918 0.701904 0.825928 0.692139 0.811279 0.262451 0.409912 0.443359 0.409912 0.262451 0.415527 0.443359 0.409912 0.262451 0.409912 0.271484 0.390381 0.343506 0.317627 0.255859 0.317627 0.431396 0.312012 0.149902 0.093262 0.156494 0.070801 0.164795 0.072266 0.149902 0.093262 0.164795 0.072266 0.183838 0.074219 0.149902 0.093262 0.183838 0.074219 0.167725 0.090332 0.149902 0.093262 0.167725 0.090332 0.186523 0.093018 0.186523 0.093018 0.167725 0.090332 0.183838 0.074219 0.149902 0.093262 0.186523 0.093018 0.175293 0.115967 0.149902 0.093262 0.175293 0.115967 0.171387 0.131836 0.149902 0.093262 0.171387 0.131836 0.127197 0.079102 0.127197 0.079102 0.171387 0.131836 0.181396 0.150635 0.171387 0.131836 0.175293 0.115967 0.200928 0.124023 0.200928 0.124023 0.175293 0.115967 0.186523 0.093018 0.181396 0.150635 0.171387 0.131836 0.183838 0.139893 0.183838 0.139893 0.171387 0.131836 0.200928 0.124023 0.181396 0.150635 0.183838 0.139893 0.200684 0.151367 0.200684 0.151367 0.183838 0.139893 0.204346 0.135986 0.204346 0.135986 0.183838 0.139893 0.200928 0.124023 0.200684 0.151367 0.204346 0.135986 0.222412 0.121582 0.222412 0.121582 0.204346 0.135986 0.200928 0.124023 0.200928 0.124023 0.186523 0.093018 0.210693 0.095703 0.200928 0.124023 0.210693 0.095703 0.222412 0.121582 0.210693 0.095703 0.186523 0.093018 0.183838 0.074219 0.210693 0.095703 0.183838 0.074219 0.206299 0.068115 0.206299 0.068115 0.183838 0.074219 0.182861 0.059326 0.222412 0.121582 0.210693 0.095703 0.219971 0.085693 0.219971 0.085693 0.210693 0.095703 0.206299 0.068115 0.222412 0.121582 0.219971 0.085693 0.234375 0.099854 0.222412 0.121582 0.234375 0.099854 0.240967 0.120117 0.240967 0.120117 0.234375 0.099854 0.264893 0.118896 0.234375 0.099854 0.219971 0.085693 0.240967 0.084961 0.219971 0.085693 0.206299 0.068115 0.224609 0.075928 0.224609 0.075928 0.206299 0.068115 0.226318 0.063965 0.226318 0.063965 0.206299 0.068115 0.219971 0.056641 0.468262 0.557861 0.437988 0.582031 0.462402 0.547119 0.437988 0.582031 0.468262 0.557861 0.46582 0.572021 0.437988 0.582031 0.46582 0.572021 0.46582 0.614014 0.462402 0.547119 0.437988 0.582031 0.431641 0.564697 0.437988 0.582031 0.46582 0.614014 0.446045 0.648682 0.431641 0.564697 0.437988 0.582031 0.395264 0.588379 0.431641 0.564697 0.395264 0.588379 0.415283 0.540527 0.437988 0.582031 0.446045 0.648682 0.415039 0.641602 0.437988 0.582031 0.415039 0.641602 0.395264 0.588379 0.415039 0.641602 0.446045 0.648682 0.427734 0.680176 0.415283 0.540527 0.395264 0.588379 0.364014 0.564941 0.439209 0.73999 0.413086 0.729248 0.427734 0.680176 0.415039 0.641602 0.427734 0.680176 0.388184 0.679199 0.388184 0.679199 0.427734 0.680176 0.413086 0.729248 0.415039 0.641602 0.388184 0.679199 0.387695 0.640869 0.415039 0.641602 0.387695 0.640869 0.395264 0.588379 0.388184 0.679199 0.413086 0.729248 0.352051 0.656006 0.388184 0.679199 0.352051 0.656006 0.387695 0.640869 0.352051 0.656006 0.413086 0.729248 0.336426 0.742188 0.352051 0.656006 0.336426 0.742188 0.309082 0.695557 0.352051 0.656006 0.309082 0.695557 0.300781 0.65918 0.395264 0.588379 0.387695 0.640869 0.354492 0.608643 0.354492 0.608643 0.387695 0.640869 0.352051 0.656006 0.395264 0.588379 0.354492 0.608643 0.364014 0.564941 0.352051 0.656006 0.300781 0.65918 0.321045 0.619141 0.352051 0.656006 0.321045 0.619141 0.354492 0.608643 0.321045 0.619141 0.300781 0.65918 0.288818 0.623535 0.288818 0.623535 0.300781 0.65918 0.275391 0.663818 0.354492 0.608643 0.321045 0.619141 0.339355 0.583252 0.354492 0.608643 0.339355 0.583252 0.364014 0.564941 0.364014 0.564941 0.339355 0.583252 0.343994 0.55127 0.364014 0.564941 0.343994 0.55127 0.35498 0.535889 0.339355 0.583252 0.321045 0.619141 0.305664 0.588135 0.339355 0.583252 0.305664 0.588135 0.343994 0.55127 0.305664 0.588135 0.321045 0.619141 0.288818 0.623535 0.343994 0.55127 0.305664 0.588135 0.314941 0.553467 0.314941 0.553467 0.305664 0.588135 0.275146 0.578613 0.275146 0.578613 0.305664 0.588135 0.288818 0.623535 0.314941 0.553467 0.275146 0.578613 0.29248 0.553711 0.268799 0.599609 0.288818 0.623535 0.275391 0.663818 0.288818 0.623535 0.268799 0.599609 0.275146 0.578613 0.268799 0.599609 0.275391 0.663818 0.240234 0.665527 0.268799 0.599609 0.240234 0.665527 0.230957 0.613281 0.268799 0.599609 0.230957 0.613281 0.275146 0.578613 0.29248 0.553711 0.275146 0.578613 0.240723 0.583252 0.240723 0.583252 0.275146 0.578613 0.230957 0.613281 0.29248 0.553711 0.240723 0.583252 0.27417 0.54248 0.240723 0.583252 0.230957 0.613281 0.19165 0.608887 0.27417 0.54248 0.240723 0.583252 0.238037 0.565186 0.240723 0.583252 0.19165 0.608887 0.221924 0.576904 0.240723 0.583252 0.221924 0.576904 0.238037 0.565186 0.238037 0.565186 0.221924 0.576904 0.201904 0.558838 0.201904 0.558838 0.221924 0.576904 0.186279 0.567871 0.830566 0.395752 0.840088 0.402588 0.825439 0.40918 0.825439 0.40918 0.840088 0.402588 0.839844 0.417725 0.839844 0.417725 0.840088 0.402588 0.850098 0.407227 0.825439 0.40918 0.839844 0.417725 0.821777 0.421387 0.821777 0.421387 0.839844 0.417725 0.828613 0.435791 0.825439 0.40918 0.821777 0.421387 0.811523 0.413086 0.825439 0.40918 0.811523 0.413086 0.830566 0.395752 0.821777 0.421387 0.828613 0.435791 0.814209 0.437988 0.811523 0.413086 0.821777 0.421387 0.814453 0.428223 0.814453 0.428223 0.821777 0.421387 0.814209 0.437988 0.814209 0.437988 0.828613 0.435791 0.832275 0.448975 0.832275 0.448975 0.828613 0.435791 0.84668 0.460449 0.832275 0.448975 0.84668 0.460449 0.834229 0.457031 0.832275 0.448975 0.834229 0.457031 0.814209 0.437988 0.834229 0.457031 0.84668 0.460449 0.848633 0.471436 0.834229 0.457031 0.848633 0.471436 0.835449 0.470459 0.834229 0.457031 0.835449 0.470459 0.810547 0.45874 0.834229 0.457031 0.810547 0.45874 0.814209 0.437988 0.810547 0.45874 0.835449 0.470459 0.81665 0.480225 0.81665 0.480225 0.835449 0.470459 0.836914 0.485107 0.814209 0.437988 0.810547 0.45874 0.805908 0.442627 0.814209 0.437988 0.805908 0.442627 0.800293 0.432617 0.814209 0.437988 0.800293 0.432617 0.806885 0.421387 0.814209 0.437988 0.806885 0.421387 0.814453 0.428223 0.806885 0.421387 0.800293 0.432617 0.797852 0.423096 0.814453 0.428223 0.806885 0.421387 0.811523 0.413086 0.806885 0.421387 0.797852 0.423096 0.795898 0.413818 0.806885 0.421387 0.795898 0.413818 0.811523 0.413086 0.811523 0.413086 0.795898 0.413818 0.801514 0.406494 0.801514 0.406494 0.795898 0.413818 0.792236 0.410156 0.811523 0.413086 0.801514 0.406494 0.830566 0.395752 0.801514 0.406494 0.792236 0.410156 0.80542 0.396729 0.830566 0.395752 0.801514 0.406494 0.817627 0.398926 0.817627 0.398926 0.801514 0.406494 0.80542 0.396729 0.80542 0.396729 0.792236 0.410156 0.799072 0.395264 0.799072 0.395264 0.792236 0.410156 0.790039 0.401123 0.817627 0.398926 0.80542 0.396729 0.811035 0.390137 0.811035 0.390137 0.80542 0.396729 0.799072 0.395264 0.830566 0.395752 0.817627 0.398926 0.827148 0.389893 0.827148 0.389893 0.817627 0.398926 0.811035 0.390137 0.830566 0.395752 0.827148 0.389893 0.835205 0.385742 0.830566 0.395752 0.835205 0.385742 0.843994 0.384033 0.843994 0.384033 0.835205 0.385742 0.82666 0.383301 0.82666 0.383301 0.835205 0.385742 0.827148 0.389893 0.82666 0.383301 0.827148 0.389893 0.811035 0.390137 0.791016 0.394043 0.799072 0.395264 0.790039 0.401123 0.791016 0.394043 0.790039 0.401123 0.785645 0.395264 0.791016 0.394043 0.785645 0.395264 0.780518 0.388916 0.799072 0.395264 0.791016 0.394043 0.80542 0.386719 0.799072 0.395264 0.80542 0.386719 0.811035 0.390137 0.791016 0.394043 0.780518 0.388916 0.798584 0.378662 0.791016 0.394043 0.798584 0.378662 0.80542 0.386719 0.798584 0.378662 0.780518 0.388916 0.782227 0.380615 0.811035 0.390137 0.80542 0.386719 0.818359 0.379883 0.811035 0.390137 0.818359 0.379883 0.82666 0.383301 0.80542 0.386719 0.798584 0.378662 0.806641 0.374512 0.80542 0.386719 0.806641 0.374512 0.818359 0.379883 0.798584 0.378662 0.782227 0.380615 0.790527 0.368652 0.790527 0.368652 0.782227 0.380615 0.782227 0.373047 0.806641 0.374512 0.798584 0.378662 0.814209 0.361572 0.814209 0.361572 0.798584 0.378662 0.790527 0.368652 0.790527 0.368652 0.782227 0.373047 0.78125 0.369385 0.790527 0.368652 0.78125 0.369385 0.814209 0.361572 0.827637 0.379395 0.82666 0.383301 0.818359 0.379883 0.82666 0.383301 0.827637 0.379395 0.843262 0.371094 0.817627 0.371826 0.818359 0.379883 0.806641 0.374512 0.817627 0.371826 0.806641 0.374512 0.814209 0.361572 0.818359 0.379883 0.817627 0.371826 0.827637 0.379395 0.843262 0.371094 0.827637 0.379395 0.83252 0.36084 0.827637 0.379395 0.817627 0.371826 0.822266 0.365723 0.827637 0.379395 0.822266 0.365723 0.83252 0.36084 0.822266 0.365723 0.817627 0.371826 0.814209 0.361572 0.822266 0.365723 0.814209 0.361572 0.821045 0.35791 0.822266 0.365723 0.821045 0.35791 0.83252 0.36084 0.821045 0.35791 0.814209 0.361572 0.78125 0.369385 0.83252 0.36084 0.821045 0.35791 0.834473 0.353516 0.834473 0.353516 0.821045 0.35791 0.78125 0.369385 0.83252 0.36084 0.834473 0.353516 0.842529 0.359375 0.834473 0.353516 0.78125 0.369385 0.855225 0.34375 0.486816 0.270264 0.407959 0.2771 0.319092 0.266357 0.59375 0.039062 0.497314 0.039062 0.50708 0.016357 0 0.28125 0.011475 0.350098 0.000732 0.411865 0.000732 0.411865 0.011475 0.350098 0.014893 0.369873 0.293457 0.423096 0.483887 0.423096 0.31958 0.431396 0.190674 0.88623 0.396973 0.953369 0.17041 0.960205 0.02417 0.453857 0.030518 0.5271 0.000244 0.420166 0.000244 0.420166 0.030518 0.5271 0.000977 0.571045 0.030518 0.5271 0.02417 0.453857 0.055176 0.500244 0.67627 0.2229 0.781738 0.189209 0.749023 0.245117 0.749023 0.245117 0.781738 0.189209 0.763672 0.250244 0.67627 0.2229 0.749023 0.245117 0.694336 0.250977 0.694336 0.250977 0.749023 0.245117 0.71582 0.260498 0.71582 0.260498 0.749023 0.245117 0.736816 0.262939 0.749023 0.245117 0.763672 0.250244 0.768311 0.260986 0.736816 0.262939 0.749023 0.245117 0.745117 0.26709 0.745117 0.26709 0.749023 0.245117 0.758545 0.270508 0.758545 0.270508 0.749023 0.245117 0.768311 0.260986 0.745117 0.26709 0.758545 0.270508 0.747314 0.278076 0.758545 0.270508 0.768311 0.260986 0.791992 0.291992 0.791992 0.291992 0.768311 0.260986 0.804932 0.306396 0.758545 0.270508 0.791992 0.291992 0.779053 0.303955 0.758545 0.270508 0.779053 0.303955 0.747314 0.278076 0.747314 0.278076 0.779053 0.303955 0.776611 0.309814 0.747314 0.278076 0.776611 0.309814 0.772949 0.316895 0.747314 0.278076 0.772949 0.316895 0.780273 0.349609 0.483887 0.048584 0.474365 0.046143 0.477295 0.034668 0.474365 0.046143 0.483887 0.048584 0.482178 0.057861 0.486816 0.038574 0.477295 0.034668 0.490967 0.018066 0.490967 0.018066 0.477295 0.034668 0.469727 0.030518 0.469727 0.030518 0.477295 0.034668 0.474365 0.046143 0.469727 0.030518 0.474365 0.046143 0.464844 0.040283 0.469727 0.030518 0.464844 0.040283 0.458984 0.016357 0.458984 0.016357 0.464844 0.040283 0.454102 0.016846 0.454102 0.016846 0.464844 0.040283 0.446533 0.021729 0.470947 0.049805 0.474365 0.046143 0.482178 0.057861 0.474365 0.046143 0.470947 0.049805 0.464844 0.040283 0.470947 0.049805 0.482178 0.057861 0.47998 0.062988 0.446533 0.021729 0.464844 0.040283 0.45874 0.049316 0.45874 0.049316 0.464844 0.040283 0.470947 0.049805 0.446533 0.021729 0.45874 0.049316 0.439209 0.045166 0.446533 0.021729 0.439209 0.045166 0.438721 0.017822 0.438721 0.017822 0.439209 0.045166 0.43457 0.017334 0.470947 0.049805 0.47998 0.062988 0.472656 0.069092 0.472656 0.069092 0.47998 0.062988 0.489014 0.075439 0.470947 0.049805 0.472656 0.069092 0.464355 0.059082 0.45874 0.049316 0.470947 0.049805 0.457275 0.05957 0.457275 0.05957 0.470947 0.049805 0.464355 0.059082 0.464355 0.059082 0.472656 0.069092 0.464111 0.07666 0.464355 0.059082 0.464111 0.07666 0.457275 0.05957 0.464111 0.07666 0.472656 0.069092 0.470459 0.083008 0.464111 0.07666 0.470459 0.083008 0.443848 0.085693 0.457275 0.05957 0.464111 0.07666 0.443115 0.075195 0.443115 0.075195 0.464111 0.07666 0.443848 0.085693 0.45874 0.049316 0.457275 0.05957 0.446533 0.054199 0.446533 0.054199 0.457275 0.05957 0.443115 0.075195 0.45874 0.049316 0.446533 0.054199 0.439209 0.045166 0.443115 0.075195 0.443848 0.085693 0.435547 0.081543 0.435547 0.081543 0.443848 0.085693 0.434082 0.092529 0.446533 0.054199 0.443115 0.075195 0.4375 0.066406 0.4375 0.066406 0.443115 0.075195 0.435547 0.081543 0.439209 0.045166 0.446533 0.054199 0.437744 0.051514 0.437744 0.051514 0.446533 0.054199 0.4375 0.066406 0.439209 0.045166 0.437744 0.051514 0.43457 0.017334 0.435547 0.081543 0.434082 0.092529 0.424072 0.086914 0.424072 0.086914 0.434082 0.092529 0.425781 0.102295 0.424072 0.086914 0.425781 0.102295 0.410889 0.103027 0.398926 0.109375 0.398438 0.095947 0.410889 0.103027 0.410889 0.103027 0.398438 0.095947 0.401367 0.082764 0.410889 0.103027 0.401367 0.082764 0.424072 0.086914 0.435547 0.081543 0.424072 0.086914 0.424316 0.080078 0.424316 0.080078 0.424072 0.086914 0.401367 0.082764 0.435547 0.081543 0.424316 0.080078 0.4375 0.066406 0.4375 0.066406 0.424316 0.080078 0.429688 0.059082 0.4375 0.066406 0.429688 0.059082 0.437744 0.051514 0.424316 0.080078 0.401367 0.082764 0.408691 0.061523 0.424316 0.080078 0.408691 0.061523 0.429688 0.059082 0.408691 0.061523 0.401367 0.082764 0.4021 0.064697 0.4021 0.064697 0.401367 0.082764 0.392578 0.072021 0.4021 0.064697 0.392578 0.072021 0.393555 0.049072 0.4021 0.064697 0.393555 0.049072 0.402588 0.048096 0.4021 0.064697 0.402588 0.048096 0.408691 0.061523 0.402588 0.048096 0.393555 0.049072 0.399414 0.037109 0.429688 0.059082 0.408691 0.061523 0.416504 0.053223 0.416504 0.053223 0.408691 0.061523 0.402588 0.048096 0.429688 0.059082 0.416504 0.053223 0.437744 0.051514 0.437744 0.051514 0.416504 0.053223 0.423096 0.047119 0.416504 0.053223 0.402588 0.048096 0.409912 0.03833 0.416504 0.053223 0.409912 0.03833 0.423096 0.047119 0.437744 0.051514 0.423096 0.047119 0.413086 0.03418 0.413086 0.03418 0.423096 0.047119 0.409912 0.03833 0.437744 0.051514 0.413086 0.03418 0.43457 0.017334 0.43457 0.017334 0.413086 0.03418 0.413574 0.016846 0.413574 0.016846 0.413086 0.03418 0.405273 0.018311 0.409912 0.03833 0.402588 0.048096 0.40332 0.0354 0.409912 0.03833 0.40332 0.0354 0.413086 0.03418 0.413086 0.03418 0.40332 0.0354 0.405273 0.018311 0.40332 0.0354 0.402588 0.048096 0.399414 0.037109 0.405273 0.018311 0.40332 0.0354 0.399902 0.018555 0.399902 0.018555 0.40332 0.0354 0.399414 0.037109 0.399902 0.018555 0.399414 0.037109 0.391113 0.019531 0.08374 0.050781 0.095947 0.053955 0.088623 0.054932 0.084229 0.06543 0.088623 0.054932 0.092041 0.059082 0.092041 0.059082 0.088623 0.054932 0.095947 0.053955 0.092041 0.059082 0.095947 0.053955 0.112793 0.064941 0.095947 0.053955 0.08374 0.050781 0.094727 0.042725 0.112793 0.064941 0.095947 0.053955 0.111328 0.05542 0.094727 0.033203 0.094727 0.042725 0.091309 0.036621 0.112793 0.064941 0.111328 0.05542 0.122314 0.062988 0.094727 0.042725 0.094727 0.033203 0.099609 0.036133 0.095947 0.053955 0.094727 0.042725 0.101074 0.043457 0.101074 0.043457 0.094727 0.042725 0.099609 0.036133 0.095947 0.053955 0.101074 0.043457 0.101074 0.051758 0.095947 0.053955 0.101074 0.051758 0.111328 0.05542 0.101074 0.051758 0.101074 0.043457 0.108154 0.046631 0.101074 0.051758 0.108154 0.046631 0.111328 0.05542 0.101074 0.043457 0.099609 0.036133 0.107666 0.039795 0.101074 0.043457 0.107666 0.039795 0.108154 0.046631 0.101074 0.029785 0.099609 0.036133 0.094727 0.033203 0.101074 0.029785 0.094727 0.033203 0.095215 0.027588 0.101074 0.029785 0.095215 0.027588 0.100342 0.023438 0.099609 0.036133 0.101074 0.029785 0.10498 0.030762 0.099609 0.036133 0.10498 0.030762 0.107666 0.039795 0.101074 0.029785 0.100342 0.023438 0.107666 0.017822 0.101074 0.029785 0.107666 0.017822 0.10498 0.030762 0.107666 0.017822 0.100342 0.023438 0.094971 0.017822 0.10498 0.030762 0.107666 0.017822 0.115234 0.022949 0.107666 0.039795 0.10498 0.030762 0.118408 0.032227 0.118408 0.032227 0.10498 0.030762 0.115234 0.022949 0.115234 0.022949 0.107666 0.017822 0.121582 0.018799 0.115234 0.022949 0.121582 0.018799 0.118408 0.032227 0.105225 0.006836 0.107666 0.017822 0.100098 0.006836 0.107666 0.017822 0.105225 0.006836 0.121582 0.018799 0.121582 0.018799 0.105225 0.006836 0.106445 0.000244 0.121582 0.018799 0.106445 0.000244 0.165771 0.021973 0.165771 0.021973 0.106445 0.000244 0.156006 0.012451 0.121582 0.018799 0.165771 0.021973 0.13501 0.027344 0.121582 0.018799 0.13501 0.027344 0.118408 0.032227 0.13501 0.027344 0.165771 0.021973 0.159668 0.030762 0.13501 0.027344 0.159668 0.030762 0.152832 0.033691 0.13501 0.027344 0.152832 0.033691 0.14502 0.037842 0.14502 0.037842 0.152832 0.033691 0.149414 0.044189 0.118408 0.032227 0.13501 0.027344 0.134521 0.034668 0.134521 0.034668 0.13501 0.027344 0.14502 0.037842 0.14502 0.037842 0.149414 0.044189 0.138428 0.043701 0.138428 0.043701 0.149414 0.044189 0.144287 0.050781 0.134521 0.034668 0.14502 0.037842 0.135742 0.039062 0.135742 0.039062 0.14502 0.037842 0.138428 0.043701 0.118408 0.032227 0.134521 0.034668 0.12207 0.036377 0.134521 0.034668 0.135742 0.039062 0.127686 0.040527 0.134521 0.034668 0.127686 0.040527 0.12207 0.036377 0.135742 0.039062 0.138428 0.043701 0.131104 0.04541 0.135742 0.039062 0.131104 0.04541 0.127686 0.040527 0.138428 0.043701 0.144287 0.050781 0.136719 0.05127 0.138428 0.043701 0.136719 0.05127 0.131104 0.04541 0.151611 0.058105 0.144043 0.055176 0.144287 0.050781 0.144287 0.050781 0.144043 0.055176 0.136719 0.05127 0.127686 0.040527 0.131104 0.04541 0.128174 0.048096 0.127686 0.040527 0.128174 0.048096 0.12207 0.036377 0.128174 0.048096 0.131104 0.04541 0.136719 0.05127 0.115479 0.041504 0.118408 0.032227 0.12207 0.036377 0.118408 0.032227 0.115479 0.041504 0.107666 0.039795 0.107666 0.039795 0.115479 0.041504 0.108154 0.046631 0.115479 0.041504 0.12207 0.036377 0.12207 0.044678 0.12207 0.044678 0.12207 0.036377 0.128174 0.048096 0.108154 0.046631 0.115479 0.041504 0.112793 0.04834 0.112793 0.04834 0.115479 0.041504 0.12207 0.044678 0.108154 0.046631 0.112793 0.04834 0.111328 0.05542 0.12207 0.044678 0.128174 0.048096 0.12085 0.050781 0.12207 0.044678 0.12085 0.050781 0.112793 0.04834 0.111328 0.05542 0.112793 0.04834 0.119141 0.05542 0.119141 0.05542 0.112793 0.04834 0.12085 0.050781 0.111328 0.05542 0.119141 0.05542 0.122314 0.062988 0.119141 0.05542 0.12085 0.050781 0.124756 0.055664 0.119141 0.05542 0.124756 0.055664 0.122314 0.062988 0.124756 0.055664 0.12085 0.050781 0.128174 0.048096 0.122314 0.062988 0.124756 0.055664 0.129883 0.056885 0.129883 0.056885 0.124756 0.055664 0.128174 0.048096 0.122314 0.062988 0.129883 0.056885 0.131104 0.062744 0.129883 0.056885 0.128174 0.048096 0.136719 0.05127 0.129883 0.056885 0.136719 0.05127 0.131104 0.062744 0.131104 0.062744 0.136719 0.05127 0.136475 0.061768 0.131104 0.062744 0.136475 0.061768 0.138184 0.069092 0.138184 0.069092 0.136475 0.061768 0.145508 0.063965 0.136475 0.061768 0.136719 0.05127 0.138428 0.056885 0.136475 0.061768 0.138428 0.056885 0.145508 0.063965 0.138428 0.056885 0.136719 0.05127 0.144043 0.055176 0.145508 0.063965 0.138428 0.056885 0.147461 0.065186 0.147461 0.065186 0.138428 0.056885 0.144043 0.055176 0.308838 0.041992 0.307861 0.038574 0.3479 0.045166 0.3479 0.045166 0.307861 0.038574 0.384766 0.044189 0.384766 0.044189 0.307861 0.038574 0.349365 0.016113 0.349365 0.016113 0.307861 0.038574 0.291504 0.031982 0.192383 0.720703 0.222412 0.69751 0.21582 0.74292 0.21582 0.74292 0.222412 0.69751 0.275635 0.67334 0.21582 0.74292 0.275635 0.67334 0.305908 0.720459 0.21582 0.74292 0.305908 0.720459 0.219238 0.798584 0.219238 0.798584 0.305908 0.720459 0.32666 0.750488 0.219238 0.798584 0.32666 0.750488 0.340576 0.763428 0.340576 0.763428 0.32666 0.750488 0.345947 0.762451 0.219238 0.798584 0.340576 0.763428 0.297119 0.847412 0.340576 0.763428 0.345947 0.762451 0.338379 0.790771 0.340576 0.763428 0.338379 0.790771 0.297119 0.847412 0.338379 0.790771 0.345947 0.762451 0.352783 0.777832 0.297119 0.847412 0.338379 0.790771 0.349854 0.813477 0.349854 0.813477 0.338379 0.790771 0.356201 0.805664 0.338379 0.790771 0.352783 0.777832 0.364502 0.791992 0.338379 0.790771 0.364502 0.791992 0.356201 0.805664 0.349854 0.813477 0.356201 0.805664 0.36792 0.804688 0.36792 0.804688 0.356201 0.805664 0.364502 0.791992 0.349854 0.813477 0.36792 0.804688 0.364746 0.818848 0.364502 0.791992 0.352783 0.777832 0.373535 0.787354 0.364502 0.791992 0.373535 0.787354 0.36792 0.804688 0.373535 0.787354 0.352783 0.777832 0.362305 0.775879 0.373535 0.787354 0.362305 0.775879 0.376221 0.77417 0.36792 0.804688 0.373535 0.787354 0.384277 0.799805 0.36792 0.804688 0.384277 0.799805 0.364746 0.818848 0.384277 0.799805 0.373535 0.787354 0.376221 0.77417 0.364746 0.818848 0.384277 0.799805 0.444336 0.80957 0.444336 0.80957 0.384277 0.799805 0.376221 0.77417 0.924561 0.950439 0.887207 0.892578 0.917725 0.8396 0.887207 0.892578 0.924561 0.950439 0.873535 0.919678 0.893066 0.392578 0.893066 0.462158 0.88916 0.515381 0.801758 0.979248 0.845947 0.981689 0.803223 0.984375 0.803223 0.984375 0.845947 0.981689 0.905762 0.98999 0.803223 0.984375 0.905762 0.98999 0.800293 0.998779 0.949219 0.423584 0.899414 0.382568 0.940186 0.276611 0.940186 0.276611 0.899414 0.382568 0.880371 0.371094 0.940186 0.276611 0.880371 0.371094 0.858643 0.357422 0.092285 0.942627 0.081787 0.958008 0.087158 0.940186 0.087158 0.940186 0.081787 0.958008 0.078369 0.950439 0.087158 0.940186 0.078369 0.950439 0.080566 0.936768 0.081787 0.958008 0.092285 0.942627 0.092529 0.958984 0.080566 0.936768 0.078369 0.950439 0.074463 0.946533 0.078369 0.950439 0.081787 0.958008 0.069092 0.960938 0.078369 0.950439 0.069092 0.960938 0.074463 0.946533 0.080566 0.936768 0.074463 0.946533 0.069824 0.946533 0.069824 0.946533 0.074463 0.946533 0.069092 0.960938 0.080566 0.936768 0.069824 0.946533 0.073975 0.933838 0.073975 0.933838 0.069824 0.946533 0.066406 0.930908 0.069092 0.960938 0.081787 0.958008 0.077881 0.975586 0.077881 0.975586 0.081787 0.958008 0.092529 0.958984 0.066406 0.930908 0.069824 0.946533 0.05835 0.943359 0.066406 0.930908 0.05835 0.943359 0.060303 0.92749 0.069824 0.946533 0.069092 0.960938 0.058105 0.965576 0.05835 0.943359 0.069824 0.946533 0.057617 0.951416 0.057617 0.951416 0.069824 0.946533 0.058105 0.965576 0.05835 0.943359 0.057617 0.951416 0.051514 0.953857 0.051514 0.953857 0.057617 0.951416 0.058105 0.965576 0.05835 0.943359 0.051514 0.953857 0.04541 0.956055 0.04541 0.956055 0.051514 0.953857 0.058105 0.965576 0.050781 0.935791 0.060303 0.92749 0.05835 0.943359 0.050781 0.935791 0.05835 0.943359 0.04541 0.956055 0.060303 0.92749 0.050781 0.935791 0.056152 0.924316 0.056152 0.924316 0.050781 0.935791 0.051514 0.925293 0.051514 0.925293 0.050781 0.935791 0.04541 0.956055 0.051514 0.925293 0.04541 0.956055 0.024414 0.978516 0.051514 0.925293 0.024414 0.978516 0.00708 0.999512 0.024414 0.978516 0.04541 0.956055 0.047607 0.968262 0.047607 0.968262 0.04541 0.956055 0.058105 0.965576 0.024414 0.978516 0.047607 0.968262 0.032227 0.980713 0.032227 0.980713 0.047607 0.968262 0.046387 0.993408 0.047607 0.968262 0.058105 0.965576 0.061035 0.973389 0.047607 0.968262 0.061035 0.973389 0.046387 0.993408 0.061035 0.973389 0.058105 0.965576 0.069092 0.960938 0.046387 0.993408 0.061035 0.973389 0.060059 0.981689 0.060059 0.981689 0.061035 0.973389 0.066406 0.982422 0.066406 0.982422 0.061035 0.973389 0.07373 0.983154 0.066406 0.982422 0.07373 0.983154 0.063965 0.989258 0.061035 0.973389 0.069092 0.960938 0.077881 0.975586 0.061035 0.973389 0.077881 0.975586 0.07373 0.983154 0.07373 0.983154 0.077881 0.975586 0.080322 0.986572 0.080322 0.986572 0.077881 0.975586 0.088379 0.977539 0.080322 0.986572 0.088379 0.977539 0.094238 0.984619 0.080322 0.986572 0.094238 0.984619 0.095215 0.99292 0.088379 0.977539 0.077881 0.975586 0.092529 0.958984 0.095215 0.99292 0.094238 0.984619 0.100586 0.985596 0.100586 0.985596 0.094238 0.984619 0.088379 0.977539 0.100586 0.985596 0.088379 0.977539 0.102051 0.970947 0.102051 0.970947 0.088379 0.977539 0.092529 0.958984 0.100586 0.985596 0.102051 0.970947 0.117432 0.979492 0.100586 0.985596 0.117432 0.979492 0.114746 0.998779 0.102051 0.970947 0.092529 0.958984 0.109131 0.957275 0.117432 0.979492 0.102051 0.970947 0.117188 0.965576 0.117188 0.965576 0.102051 0.970947 0.109131 0.957275 0.109131 0.957275 0.092529 0.958984 0.098145 0.950684 0.098145 0.950684 0.092529 0.958984 0.092285 0.942627 0.098145 0.950684 0.092285 0.942627 0.101074 0.943848 0.098145 0.950684 0.101074 0.943848 0.110596 0.946289 0.098145 0.950684 0.110596 0.946289 0.109131 0.957275 0.109131 0.957275 0.110596 0.946289 0.119873 0.95166 0.109131 0.957275 0.119873 0.95166 0.117188 0.965576 0.117188 0.965576 0.119873 0.95166 0.137939 0.959961 0.128906 0.974609 0.117432 0.979492 0.117188 0.965576 0.128906 0.974609 0.117188 0.965576 0.137939 0.959961 0.117432 0.979492 0.128906 0.974609 0.144287 0.984131 0.144287 0.984131 0.128906 0.974609 0.142578 0.977051 0.142578 0.977051 0.128906 0.974609 0.137939 0.959961 0.144287 0.984131 0.142578 0.977051 0.155762 0.983154 0.142578 0.977051 0.137939 0.959961 0.148682 0.973877 0.142578 0.977051 0.148682 0.973877 0.155762 0.983154 0.148682 0.973877 0.137939 0.959961 0.160889 0.960938 0.155762 0.983154 0.148682 0.973877 0.164307 0.977783 0.164307 0.977783 0.148682 0.973877 0.160889 0.960938 0.816406 0.702881 0.797119 0.669434 0.849365 0.634521 0.849365 0.634521 0.797119 0.669434 0.811523 0.631104 0.816406 0.702881 0.849365 0.634521 0.85376 0.679932 0.849365 0.634521 0.811523 0.631104 0.845703 0.615479 0.845703 0.615479 0.811523 0.631104 0.837402 0.597412 0.845703 0.615479 0.837402 0.597412 0.862549 0.581543 0.845703 0.615479 0.862549 0.581543 0.877441 0.603516 0.845703 0.615479 0.877441 0.603516 0.849365 0.634521 0.877441 0.603516 0.862549 0.581543 0.893066 0.601807 0.85376 0.679932 0.849365 0.634521 0.865234 0.664551 0.865234 0.664551 0.849365 0.634521 0.877441 0.603516 0.877441 0.603516 0.893066 0.601807 0.879883 0.671387 0.877441 0.603516 0.879883 0.671387 0.865234 0.664551 0.865234 0.664551 0.879883 0.671387 0.85376 0.679932 0.879883 0.671387 0.893066 0.601807 0.891357 0.679932 0.879883 0.671387 0.891357 0.679932 0.868408 0.703613 0.879883 0.671387 0.868408 0.703613 0.85376 0.679932 0.85376 0.679932 0.868408 0.703613 0.856934 0.708496 0.515381 0.796143 0.484375 0.82373 0.481201 0.786377 0.515381 0.796143 0.481201 0.786377 0.515625 0.775879 0.484375 0.82373 0.515381 0.796143 0.522949 0.838623 0.484375 0.82373 0.522949 0.838623 0.512207 0.864014 0.515381 0.796143 0.515625 0.775879 0.559814 0.787109 0.559814 0.787109 0.515625 0.775879 0.49585 0.756104 0.522949 0.838623 0.515381 0.796143 0.560791 0.844482 0.560791 0.844482 0.515381 0.796143 0.559814 0.787109 0.512207 0.864014 0.522949 0.838623 0.528564 0.857178 0.528564 0.857178 0.522949 0.838623 0.560791 0.844482 0.512207 0.864014 0.528564 0.857178 0.543945 0.896484 0.512207 0.864014 0.543945 0.896484 0.521484 0.897217 0.521484 0.897217 0.543945 0.896484 0.523926 0.913086 0.543945 0.896484 0.528564 0.857178 0.564697 0.884033 0.564697 0.884033 0.528564 0.857178 0.560791 0.844482 0.543945 0.896484 0.564697 0.884033 0.55249 0.926758 0.55249 0.926758 0.564697 0.884033 0.572266 0.935303 0.572266 0.935303 0.564697 0.884033 0.588379 0.924561 0.588379 0.924561 0.564697 0.884033 0.615479 0.915283 0.564697 0.884033 0.560791 0.844482 0.60083 0.874023 0.564697 0.884033 0.60083 0.874023 0.615479 0.915283 0.60083 0.874023 0.560791 0.844482 0.598877 0.835693 0.598877 0.835693 0.560791 0.844482 0.559814 0.787109 0.615479 0.915283 0.60083 0.874023 0.643799 0.873779 0.643799 0.873779 0.60083 0.874023 0.598877 0.835693 0.615479 0.915283 0.643799 0.873779 0.641357 0.9021 0.641357 0.9021 0.643799 0.873779 0.659668 0.921631 0.659668 0.921631 0.643799 0.873779 0.669678 0.896973 0.669678 0.896973 0.643799 0.873779 0.67627 0.895264 0.67627 0.895264 0.643799 0.873779 0.671875 0.857178 0.671875 0.857178 0.643799 0.873779 0.674316 0.814697 0.674316 0.814697 0.643799 0.873779 0.628174 0.811523 0.628174 0.811523 0.643799 0.873779 0.598877 0.835693 0.674316 0.814697 0.628174 0.811523 0.650391 0.778076 0.628174 0.811523 0.598877 0.835693 0.602295 0.776611 0.628174 0.811523 0.602295 0.776611 0.650391 0.778076 0.602295 0.776611 0.598877 0.835693 0.559814 0.787109 0.602295 0.776611 0.559814 0.787109 0.586426 0.713135 0.602295 0.776611 0.586426 0.713135 0.643799 0.722656 0.602295 0.776611 0.643799 0.722656 0.650391 0.778076 0.650391 0.778076 0.643799 0.722656 0.674072 0.714355 0.920166 0.585449 0.936523 0.604248 0.914062 0.607666 0.920166 0.585449 0.914062 0.607666 0.890381 0.580322 0.920166 0.585449 0.890381 0.580322 0.914062 0.566162 0.914062 0.566162 0.890381 0.580322 0.90625 0.536621 0.90625 0.536621 0.890381 0.580322 0.901367 0.505371 0.777344 0.520752 0.744385 0.503418 0.770264 0.503174 0.720215 0.537109 0.723389 0.503418 0.744385 0.503418 0.697998 0.543701 0.705566 0.520752 0.720215 0.537109 0.697998 0.543701 0.720215 0.537109 0.710938 0.554932 0.708984 0.565674 0.697266 0.555176 0.710938 0.554932 0.708984 0.565674 0.710938 0.554932 0.723633 0.57251 0.723633 0.57251 0.710938 0.554932 0.720215 0.537109 0.708984 0.565674 0.723633 0.57251 0.708252 0.580078 0.708252 0.580078 0.723633 0.57251 0.713623 0.587646 0.741211 0.518555 0.720215 0.537109 0.744385 0.503418 0.741211 0.518555 0.744385 0.503418 0.777344 0.520752 0.720215 0.537109 0.741211 0.518555 0.739014 0.53833 0.713623 0.587646 0.723633 0.57251 0.712158 0.599609 0.720215 0.537109 0.739014 0.53833 0.729248 0.564209 0.720215 0.537109 0.729248 0.564209 0.723633 0.57251 0.739014 0.53833 0.741211 0.518555 0.752197 0.533203 0.752197 0.533203 0.741211 0.518555 0.777344 0.520752 0.729248 0.564209 0.739014 0.53833 0.751709 0.568115 0.751709 0.568115 0.739014 0.53833 0.752197 0.533203 0.752197 0.533203 0.777344 0.520752 0.766846 0.547363 0.752197 0.533203 0.766846 0.547363 0.751709 0.568115 0.766846 0.547363 0.777344 0.520752 0.781494 0.556641 0.766846 0.547363 0.781494 0.556641 0.751709 0.568115 0.781494 0.556641 0.777344 0.520752 0.788818 0.505615 0.737061 0.58667 0.723633 0.57251 0.729248 0.564209 0.737061 0.58667 0.729248 0.564209 0.751709 0.568115 0.723633 0.57251 0.737061 0.58667 0.737305 0.604492 0.723633 0.57251 0.737305 0.604492 0.712158 0.599609 0.737061 0.58667 0.751709 0.568115 0.758057 0.582275 0.758057 0.582275 0.751709 0.568115 0.781494 0.556641 0.781494 0.556641 0.788818 0.505615 0.783203 0.572266 0.781494 0.556641 0.783203 0.572266 0.758057 0.582275 0.783203 0.572266 0.788818 0.505615 0.783447 0.595947 0.737061 0.58667 0.758057 0.582275 0.767578 0.591309 0.767578 0.591309 0.758057 0.582275 0.783203 0.572266 0.767578 0.591309 0.783203 0.572266 0.783447 0.595947 0.737061 0.58667 0.767578 0.591309 0.737305 0.604492 0.767578 0.591309 0.783447 0.595947 0.776367 0.603271 0.737305 0.604492 0.767578 0.591309 0.755127 0.613281 0.755127 0.613281 0.767578 0.591309 0.776367 0.603271 0.737305 0.604492 0.755127 0.613281 0.737305 0.627686 0.737305 0.604492 0.737305 0.627686 0.728516 0.617188 0.737305 0.604492 0.728516 0.617188 0.712158 0.599609 0.712158 0.599609 0.728516 0.617188 0.711426 0.612061 0.712158 0.599609 0.711426 0.612061 0.697998 0.607666 0.711426 0.612061 0.728516 0.617188 0.70459 0.622803 0.737305 0.627686 0.755127 0.613281 0.751221 0.630615 0.737305 0.627686 0.751221 0.630615 0.742676 0.648438 0.774658 0.623779 0.755127 0.613281 0.776367 0.603271 0.755127 0.613281 0.774658 0.623779 0.751221 0.630615 0.774658 0.623779 0.776367 0.603271 0.7854 0.627197 0.774658 0.623779 0.7854 0.627197 0.781006 0.628906 0.751221 0.630615 0.774658 0.623779 0.769287 0.649414 0.751221 0.630615 0.769287 0.649414 0.742676 0.648438 0.769287 0.649414 0.774658 0.623779 0.781006 0.628906 0.742676 0.648438 0.769287 0.649414 0.749512 0.660645 0.769287 0.649414 0.781006 0.628906 0.771729 0.667969 0.769287 0.649414 0.771729 0.667969 0.749512 0.660645 0.50293 0.535645 0.595215 0.498291 0.638672 0.485596 0.595215 0.498291 0.50293 0.535645 0.508789 0.520752 0.508789 0.520752 0.50293 0.535645 0.499023 0.521973 0.499023 0.521973 0.50293 0.535645 0.490723 0.607666 0.508789 0.520752 0.499023 0.521973 0.499756 0.512695 0.499023 0.521973 0.490723 0.607666 0.47168 0.523682 0.499023 0.521973 0.47168 0.523682 0.499756 0.512695 0.499756 0.512695 0.47168 0.523682 0.46875 0.498535 0.46875 0.498535 0.47168 0.523682 0.383301 0.456543 0.054688 0.749512 0.059326 0.594727 0.092773 0.595703 0.092773 0.595703 0.059326 0.594727 0.054932 0.587158</float_array>
          <technique_common>
            <accessor source="#Bed_Level_2-mesh-map-0-array" count="4506" stride="2">
              <param name="S" type="float"/>
              <param name="T" type="float"/>
            </accessor>
          </technique_common>
        </source>
        <vertices id="Bed_Level_2-mesh-vertices">
          <input semantic="POSITION" source="#Bed_Level_2-mesh-positions"/>
        </vertices>
        <polylist material="Material_-1-material" count="6">
          <input semantic="VERTEX" source="#Bed_Level_2-mesh-vertices" offset="0"/>
          <input semantic="NORMAL" source="#Bed_Level_2-mesh-normals" offset="1"/>
          <input semantic="TEXCOORD" source="#Bed_Level_2-mesh-map-0" offset="2" set="0"/>
          <vcount>3 3 3 3 3 3 3 3 3 3 3 3 3 3 3 3 3 3 3 3 3 3 3 3 3 3 3 3 3 3 3 3 3 3 3 3 3 3 3 3 3 3 3 3 3 3 3 3 3 3 3 3 3 3 3 3 3 3 3 3 3 3 3 3 3 3 3 3 3 3 3 3 3 3 3 3 3 3 3 3 3 3 3 3 3 3 3 3 3 3 3 3 3 3 3 3 3 3 3 3 3 3 3 3 3 3 3 3 3 3 3 3 3 3 3 3 3 3 3 3 3 3 3 3 3 3 3 3 3 3 3 3 3 3 3 3 3 3 3 3 3 3 3 3 3 3 3 3 3 3 3 3 3 3 3 3 3 3 3 3 3 3 3 3 3 3 3 3 3 3 3 3 3 3 3 3 3 3 3 3 3 3 3 3 3 3 3 3 3 3 3 3 3 3 3 3 3 3 3 3 3 3 3 3 3 3 3 3 3 3 3 3 3 3 3 3 3 3 3 3 3 3 3 3 3 3 3 3 3 3 3 3 3 3 3 3 3 3 3 3 3 3 3 3 3 3 3 3 3 3 3 3 3 3 3 3 3 3 3 3 3 3 3 3 3 3 3 3 3 3 3 3 3 3 3 3 3 3 3 3 3 3 3 3 3 3 3 3 3 3 3 3 3 3 3 3 3 3 3 3 3 3 3 3 3 3 3 3 3 3 3 3 3 3 3 3 3 3 3 3 3 3 3 3 3 3 3 3 3 3 3 3 3 3 3 3 3 3 3 3 3 3 3 3 3 3 3 3 3 3 3 3 3 3 3 3 3 3 3 3 3 3 3 3 3 3 3 3 3 3 3 3 3 3 3 3 3 3 3 3 3 3 3 3 3 3 3 3 3 3 3 3 3 3 3 3 3 3 3 3 3 3 3 3 3 3 3 3 3 3 3 3 3 3 3 3 3 3 3 3 3 3 3 3 3 3 3 3 3 3 3 3 3 3 3 3 3 3 3 3 3 3 3 3 3 3 3 3 3 3 3 3 3 3 3 3 3 3 3 3 3 3 3 3 3 3 3 3 3 3 3 3 3 3 3 3 3 3 3 3 3 3 3 3 3 3 3 3 3 3 3 3 3 3 3 3 3 3 3 3 3 3 3 3 3 3 3 3 3 3 3 3 3 3 3 3 3 3 3 3 3 3 3 3 3 3 3 3 3 3 3 3 3 3 3 3 3 3 3 3 3 3 3 3 3 3 3 3 3 3 3 3 3 3 3 3 3 3 3 3 3 3 3 3 3 3 3 3 3 3 3 3 3 3 3 3 3 3 3 3 3 3 3 3 3 3 3 3 3 3 3 3 3 3 3 3 3 3 3 3 3 3 3 3 3 3 3 3 3 3 3 3 3 3 3 3 3 3 3 3 3 3 3 3 3 3 3 3 3 3 3 3 3 3 3 3 3 3 3 3 3 3 3 3 3 3 3 3 3 3 3 3 3 3 3 3 3 3 3 3 3 3 3 3 3 3 3 3 3 3 3 3 3 3 3 3 3 3 3 3 3 3 3 3 3 3 3 3 3 3 3 3 3 3 3 3 3 3 3 3 3 3 3 3 3 3 3 3 3 3 3 3 3 3 3 3 3 3 3 3 3 3 3 3 3 3 3 3 3 3 3 3 3 3 3 3 3 3 3 3 3 3 3 3 3 3 3 3 3 3 3 3 3 3 3 3 3 3 3 3 3 3 3 3 3 3 3 3 3 3 3 3 3 3 3 3 3 3 3 3 3 3 3 3 3 3 3 3 3 3 3 3 3 3 3 3 3 3 3 3 3 3 3 3 3 3 3 3 3 3 3 3 3 3 3 3 3 3 3 3 3 3 3 3 3 3 3 3 3 3 3 3 3 3 3 3 3 3 3 3 3 3 3 3 3 3 3 3 3 3 3 3 3 3 3 3 3 3 3 3 3 3 3 3 3 3 3 3 3 3 3 3 3 3 3 3 3 3 3 3 3 3 3 3 3 3 3 3 3 3 3 3 3 3 3 3 3 3 3 3 3 3 3 3 3 3 3 3 3 3 3 3 3 3 3 3 3 3 3 3 3 3 3 3 3 3 3 3 3 3 3 3 3 3 3 3 3 3 3 3 3 3 3 3 3 3 3 3 3 3 3 3 3 3 3 3 3 3 3 3 3 3 3 3 3 3 3 3 3 3 3 3 3 3 3 3 3 3 3 3 3 3 3 3 3 3 3 3 3 3 3 3 3 3 3 3 3 3 3 3 3 3 3 3 3 3 3 3 3 3 3 3 3 3 3 3 3 3 3 3 3 3 3 3 3 3 3 3 3 3 3 3 3 3 3 3 3 3 3 3 3 3 3 3 3 3 3 3 3 3 3 3 3 3 3 3 3 3 3 3 3 3 3 3 3 3 3 3 3 3 3 3 3 3 3 3 3 3 3 3 3 3 3 3 3 3 3 3 3 3 3 3 3 3 3 3 3 3 3 3 3 3 3 3 3 3 3 3 3 3 3 3 3 3 3 3 3 3 3 3 3 3 3 3 3 3 3 3 3 3 3 3 3 3 3 3 3 3 3 3 3 3 3 3 3 3 3 3 3 3 3 3 3 3 3 3 3 3 3 3 3 3 3 3 3 3 3 3 3 3 3 3 3 3 3 3 3 3 3 3 3 3 3 3 3 3 3 3 3 3 3 3 3 3 3 3 3 3 3 3 3 3 3 3 3 3 3 3 3 3 3 3 3 3 3 3 3 3 3 3 3 3 3 3 3 3 3 3 3 3 3 3 3 3 3 3 3 3 3 3 3 3 3 3 3 3 3 3 3 3 3 3 3 3 3 3 3 3 3 3 3 3 3 3 3 3 3 3 3 3 3 3 3 3 3 3 3 3 3 3 3 3 3 3 3 3 3 3 3 3 3 3 3 3 3 3 3 3 3 3 3 3 3 3 3 3 3 3 3 3 3 3 3 3 3 3 3 3 3 3 3 3 3 3 3 3 3 3 3 3 3 3 3 3 3 3 3 3 3 3 3 3 3 3 3 3 3 3 3 3 3 3 3 3 3 3 3 3 3 3 3 3 3 3 3 3 3 3 3 3 3 3 3 3 3 3 3 3 3 3 3 3 3 3 3 3 3 3 3 3 3 3 3 3 3 3 3 3 3 3 3 3 3 3 3 3 3 3 3 3 3 3 3 3 3 3 3 3 3 3 3 3 3 3 3 3 3 3 3 3 3 3 3 3 3 3 3 3 3 3 3 3 3 3 3 3 3 3 3 3 3 3 3 3 3 3 3 3 3 3 3 3 3 3 3 3 3 3 3 3 3 3 3 3 3 3 3 3 3 3 3 3 3 3 3 3 3 3 3 3 3 3 3 3 3 3 3 3 3 3 3 3</vcount>
          <p>2 0 0 3 0 1 4 0 2 4 1 3 3 1 4 5 1 5 5 2 6 3 2 7 2 2 8 4 3 9 5 3 10 6 3 11 4 4 12 6 4 13 7 4 14 2 5 15 4 5 16 8 5 17 6 6 18 5 6 19 9 6 20 9 7 21 5 7 22 2 7 23 6 8 24 9 8 25 10 8 26 9 9 27 2 9 28 11 9 29 11 10 30 2 10 31 8 10 32 9 11 33 11 11 34 12 11 35 12 12 36 11 12 37 13 12 38 11 13 39 8 13 40 14 13 41 14 14 42 8 14 43 15 14 44 14 15 45 15 15 46 16 15 47 14 16 48 16 16 49 17 16 50 16 17 51 15 17 52 18 17 53 16 18 54 18 18 55 19 18 56 19 19 57 18 19 58 20 19 59 19 20 60 20 20 61 21 20 62 8 21 63 4 21 64 22 21 65 8 22 66 22 22 67 15 22 68 15 23 69 22 23 70 18 23 71 18 24 72 22 24 73 23 24 74 23 25 75 22 25 76 24 25 77 22 26 78 4 26 79 25 26 80 25 27 81 4 27 82 7 27 83 25 28 84 7 28 85 26 28 86 7 29 87 6 29 88 10 29 89 7 30 90 10 30 91 27 30 92 7 31 93 27 31 94 28 31 95 7 32 96 28 32 97 26 32 98 9 33 99 12 33 100 10 33 101 10 34 102 12 34 103 29 34 104 30 35 105 31 35 106 32 35 107 31 36 108 30 36 109 33 36 110 31 37 111 33 37 112 32 37 113 33 38 114 30 38 115 34 38 116 33 39 117 34 39 118 35 39 119 33 40 120 35 40 121 32 40 122 32 41 123 35 41 124 36 41 125 36 42 126 35 42 127 37 42 128 37 43 129 35 43 130 38 43 131 36 44 132 39 44 133 32 44 134 32 45 135 39 45 136 30 45 137 39 46 138 36 46 139 40 46 140 36 47 141 37 47 142 41 47 143 41 48 144 37 48 145 42 48 146 36 49 147 41 49 148 40 49 149 43 50 150 44 50 151 17 50 152 16 51 153 19 51 154 17 51 155 45 52 156 46 52 157 19 52 158 19 53 159 46 53 160 47 53 161 19 54 162 47 54 163 17 54 164 47 55 165 46 55 166 48 55 167 17 56 168 47 56 169 49 56 170 17 57 171 49 57 172 43 57 173 49 58 174 47 58 175 50 58 176 50 59 177 47 59 178 48 59 179 49 60 180 50 60 181 43 60 182 14 61 183 17 61 184 44 61 185 50 62 186 48 62 187 51 62 188 50 63 189 51 63 190 43 63 191 51 64 192 48 64 193 52 64 194 52 65 195 48 65 196 53 65 197 52 66 198 53 66 199 54 66 200 52 67 201 54 67 202 55 67 203 52 68 204 55 68 205 56 68 206 43 69 207 51 69 208 57 69 209 57 70 210 51 70 211 52 70 212 52 71 213 56 71 214 58 71 215 43 72 216 57 72 217 59 72 218 43 73 219 59 73 220 44 73 221 58 74 222 56 74 223 60 74 224 60 75 225 56 75 226 61 75 227 60 76 228 61 76 229 62 76 230 52 77 231 58 77 232 63 77 233 63 78 234 58 78 235 60 78 236 52 79 237 63 79 238 57 79 239 60 80 240 62 80 241 64 80 242 63 81 243 60 81 244 65 81 245 63 82 246 65 82 247 57 82 248 60 83 249 64 83 250 66 83 251 66 84 252 64 84 253 67 84 254 60 85 255 66 85 256 65 85 257 68 86 258 69 86 259 66 86 260 66 87 261 69 87 262 70 87 263 66 88 264 70 88 265 65 88 266 70 89 267 69 89 268 71 89 269 70 90 270 71 90 271 72 90 272 72 91 273 71 91 274 73 91 275 72 92 276 73 92 277 74 92 278 74 93 279 73 93 280 75 93 281 74 94 282 75 94 283 76 94 284 72 95 285 74 95 286 77 95 287 72 96 288 77 96 289 70 96 290 74 97 291 76 97 292 78 97 293 74 98 294 78 98 295 77 98 296 70 99 297 77 99 298 79 99 299 79 100 300 77 100 301 78 100 302 70 101 303 79 101 304 65 101 305 78 102 306 76 102 307 80 102 308 80 103 309 76 103 310 81 103 311 79 104 312 78 104 313 82 104 314 82 105 315 78 105 316 80 105 317 80 106 318 81 106 319 14 106 320 14 107 321 81 107 322 11 107 323 80 108 324 14 108 325 44 108 326 83 109 327 65 109 328 79 109 329 83 110 330 79 110 331 82 110 332 65 111 333 83 111 334 57 111 335 82 112 336 80 112 337 84 112 338 84 113 339 80 113 340 44 113 341 82 114 342 84 114 343 85 114 344 82 115 345 85 115 346 83 115 347 85 116 348 84 116 349 44 116 350 57 117 351 83 117 352 86 117 353 86 118 354 83 118 355 85 118 356 86 119 357 85 119 358 44 119 359 57 120 360 86 120 361 59 120 362 59 121 363 86 121 364 44 121 365 39 122 366 34 122 367 30 122 368 87 123 369 39 123 370 40 123 371 37 124 372 88 124 373 42 124 374 20 125 375 18 125 376 23 125 377 20 126 378 23 126 379 21 126 380 21 127 381 23 127 382 89 127 383 21 128 384 89 128 385 90 128 386 21 129 387 90 129 388 91 129 389 21 130 390 91 130 391 92 130 392 91 131 393 90 131 394 93 131 395 93 132 396 90 132 397 94 132 398 92 133 399 91 133 400 95 133 401 95 134 402 91 134 403 93 134 404 95 135 405 93 135 406 96 135 407 92 136 408 95 136 409 97 136 410 95 137 411 96 137 412 98 137 413 95 138 414 98 138 415 97 138 416 97 139 417 98 139 418 99 139 419 99 140 420 98 140 421 100 140 422 97 141 423 99 141 424 101 141 425 101 142 426 99 142 427 102 142 428 103 143 429 89 143 430 23 143 431 103 144 432 23 144 433 104 144 434 104 145 435 23 145 436 24 145 437 103 146 438 104 146 439 105 146 440 103 147 441 105 147 442 106 147 443 103 148 444 106 148 445 89 148 446 106 149 447 105 149 448 107 149 449 106 150 450 107 150 451 108 150 452 106 151 453 108 151 454 89 151 455 108 152 456 107 152 457 109 152 458 108 153 459 109 153 460 89 153 461 89 154 462 109 154 463 96 154 464 89 155 465 96 155 466 110 155 467 111 156 468 90 156 469 89 156 470 111 157 471 89 157 472 110 157 473 93 158 474 94 158 475 96 158 476 96 159 477 94 159 478 110 159 479 110 160 480 94 160 481 112 160 482 109 161 483 113 161 484 96 161 485 96 162 486 113 162 487 114 162 488 114 163 489 113 163 490 115 163 491 115 164 492 113 164 493 109 164 494 114 165 495 115 165 496 116 165 497 115 166 498 109 166 499 117 166 500 115 167 501 117 167 502 118 167 503 117 168 504 109 168 505 119 168 506 120 169 507 121 169 508 117 169 509 117 170 510 119 170 511 122 170 512 120 171 513 117 171 514 123 171 515 123 172 516 117 172 517 124 172 518 124 173 519 117 173 520 122 173 521 123 174 522 124 174 523 125 174 524 125 175 525 124 175 526 122 175 527 123 176 528 125 176 529 126 176 530 123 177 531 126 177 532 120 177 533 126 178 534 125 178 535 122 178 536 120 179 537 126 179 538 127 179 539 127 180 540 126 180 541 128 180 542 128 181 543 126 181 544 129 181 545 128 182 546 129 182 547 130 182 548 130 183 549 129 183 550 131 183 551 131 184 552 129 184 553 126 184 554 131 185 555 126 185 556 132 185 557 132 186 558 126 186 559 133 186 560 133 187 561 126 187 562 134 187 563 135 188 564 134 188 565 136 188 566 137 189 567 138 189 568 136 189 569 137 190 570 136 190 571 139 190 572 139 191 573 136 191 574 140 191 575 139 192 576 140 192 577 141 192 578 136 193 579 134 193 580 142 193 581 136 194 582 142 194 583 140 194 584 142 195 585 134 195 586 126 195 587 141 196 588 140 196 589 143 196 590 140 197 591 142 197 592 144 197 593 144 198 594 142 198 595 126 198 596 143 199 597 140 199 598 145 199 599 145 200 600 140 200 601 144 200 602 143 201 603 145 201 604 146 201 605 146 202 606 145 202 607 144 202 608 147 203 609 143 203 610 148 203 611 143 204 612 146 204 613 149 204 614 143 205 615 149 205 616 148 205 617 146 206 618 144 206 619 150 206 620 146 207 621 150 207 622 149 207 623 151 208 624 144 208 625 126 208 626 144 209 627 151 209 628 150 209 629 148 210 630 149 210 631 152 210 632 148 211 633 152 211 634 153 211 635 149 212 636 150 212 637 154 212 638 149 213 639 154 213 640 152 213 641 150 214 642 151 214 643 155 214 644 150 215 645 155 215 646 156 215 647 156 216 648 155 216 649 151 216 650 150 217 651 156 217 652 154 217 653 156 218 654 151 218 655 157 218 656 156 219 657 157 219 658 154 219 659 157 220 660 151 220 661 126 220 662 157 221 663 126 221 664 122 221 665 154 222 666 157 222 667 158 222 668 158 223 669 157 223 670 122 223 671 154 224 672 158 224 673 152 224 674 158 225 675 122 225 676 119 225 677 158 226 678 119 226 679 152 226 680 152 227 681 119 227 682 159 227 683 160 228 684 26 228 685 28 228 686 96 229 687 114 229 688 98 229 689 98 230 690 114 230 691 161 230 692 98 231 693 161 231 694 162 231 695 98 232 696 162 232 697 100 232 698 100 233 699 162 233 700 163 233 701 100 234 702 163 234 703 99 234 704 163 235 705 162 235 706 164 235 707 99 236 708 163 236 709 102 236 710 102 237 711 163 237 712 164 237 713 102 238 714 164 238 715 165 238 716 102 239 717 165 239 718 166 239 719 167 240 720 105 240 721 104 240 722 167 241 723 104 241 724 26 241 725 26 242 726 104 242 727 24 242 728 26 243 729 24 243 730 168 243 731 168 244 732 24 244 733 22 244 734 168 245 735 22 245 736 25 245 737 168 246 738 25 246 739 26 246 740 167 247 741 26 247 742 160 247 743 167 248 744 160 248 745 169 248 746 169 249 747 160 249 748 137 249 749 169 250 750 137 250 751 139 250 752 169 251 753 139 251 754 167 251 755 167 252 756 139 252 757 141 252 758 167 253 759 141 253 760 170 253 761 167 254 762 170 254 763 105 254 764 170 255 765 141 255 766 147 255 767 147 256 768 141 256 769 143 256 770 105 257 771 170 257 772 171 257 773 171 258 774 170 258 775 147 258 776 105 259 777 171 259 778 107 259 779 171 260 780 147 260 781 172 260 782 171 261 783 172 261 784 107 261 785 172 262 786 147 262 787 148 262 788 107 263 789 172 263 790 109 263 791 172 264 792 148 264 793 153 264 794 109 265 795 172 265 796 159 265 797 159 266 798 172 266 799 153 266 800 109 267 801 159 267 802 119 267 803 159 268 804 153 268 805 152 268 806 137 269 807 160 269 808 28 269 809 92 270 810 19 270 811 21 270 812 19 271 813 92 271 814 173 271 815 173 272 816 174 272 817 19 272 818 19 273 819 174 273 820 175 273 821 19 274 822 175 274 823 45 274 824 174 275 825 173 275 826 176 275 827 176 276 828 173 276 829 166 276 830 166 277 831 173 277 832 101 277 833 166 278 834 101 278 835 102 278 836 101 279 837 173 279 838 92 279 839 101 280 840 92 280 841 97 280 842 46 281 843 177 281 844 48 281 845 177 282 846 46 282 847 45 282 848 48 283 849 177 283 850 53 283 851 53 284 852 177 284 853 178 284 854 53 285 855 178 285 856 179 285 857 53 286 858 179 286 859 54 286 860 179 287 861 180 287 862 54 287 863 180 288 864 179 288 865 181 288 866 180 289 867 181 289 868 182 289 869 180 290 870 182 290 871 183 290 872 54 291 873 180 291 874 184 291 875 184 292 876 180 292 877 183 292 878 54 293 879 184 293 880 185 293 881 185 294 882 184 294 883 183 294 884 54 295 885 185 295 886 55 295 887 185 296 888 183 296 889 186 296 890 186 297 891 183 297 892 187 297 893 55 298 894 185 298 895 188 298 896 188 299 897 185 299 898 186 299 899 55 300 900 188 300 901 56 300 902 188 301 903 186 301 904 61 301 905 188 302 906 61 302 907 56 302 908 61 303 909 186 303 910 189 303 911 61 304 912 189 304 913 62 304 914 189 305 915 186 305 916 190 305 917 62 306 918 189 306 919 191 306 920 62 307 921 191 307 922 64 307 923 64 308 924 191 308 925 192 308 926 191 309 927 189 309 928 193 309 929 193 310 930 189 310 931 190 310 932 191 311 933 193 311 934 194 311 935 194 312 936 193 312 937 195 312 938 195 313 939 193 313 940 196 313 941 193 314 942 190 314 943 197 314 944 193 315 945 197 315 946 196 315 947 197 316 948 190 316 949 186 316 950 196 317 951 197 317 952 198 317 953 198 318 954 197 318 955 186 318 956 198 319 957 186 319 958 187 319 959 199 320 960 40 320 961 41 320 962 199 321 963 41 321 964 42 321 965 40 322 966 199 322 967 200 322 968 200 323 969 199 323 970 201 323 971 200 324 972 201 324 973 202 324 974 202 325 975 201 325 976 203 325 977 10 326 978 29 326 979 27 326 980 12 327 981 204 327 982 29 327 983 204 328 984 12 328 985 205 328 986 205 329 987 12 329 988 13 329 989 205 330 990 13 330 991 206 330 992 199 331 993 42 331 994 201 331 995 201 332 996 42 332 997 207 332 998 201 333 999 207 333 1000 208 333 1001 201 334 1002 208 334 1003 203 334 1004 203 335 1005 208 335 1006 209 335 1007 203 336 1008 209 336 1009 202 336 1010 202 337 1011 209 337 1012 210 337 1013 40 338 1014 200 338 1015 87 338 1016 87 339 1017 200 339 1018 202 339 1019 204 340 1020 211 340 1021 27 340 1022 204 341 1023 27 341 1024 29 341 1025 27 342 1026 211 342 1027 212 342 1028 211 343 1029 204 343 1030 205 343 1031 211 344 1032 205 344 1033 213 344 1034 212 345 1035 211 345 1036 214 345 1037 214 346 1038 211 346 1039 213 346 1040 214 347 1041 213 347 1042 205 347 1043 212 348 1044 214 348 1045 206 348 1046 206 349 1047 214 349 1048 205 349 1049 212 350 1050 215 350 1051 27 350 1052 215 351 1053 212 351 1054 216 351 1055 216 352 1056 212 352 1057 206 352 1058 216 353 1059 206 353 1060 217 353 1061 216 354 1062 218 354 1063 219 354 1064 216 355 1065 219 355 1066 220 355 1067 217 356 1068 206 356 1069 13 356 1070 217 357 1071 13 357 1072 221 357 1073 221 358 1074 13 358 1075 222 358 1076 221 359 1077 222 359 1078 223 359 1079 224 360 1080 225 360 1081 223 360 1082 221 361 1083 223 361 1084 226 361 1085 226 362 1086 223 362 1087 225 362 1088 227 363 1089 225 363 1090 228 363 1091 225 364 1092 227 364 1093 226 364 1094 229 365 1095 227 365 1096 230 365 1097 227 366 1098 229 366 1099 231 366 1100 227 367 1101 231 367 1102 226 367 1103 231 368 1104 229 368 1105 232 368 1106 231 369 1107 232 369 1108 233 369 1109 233 370 1110 232 370 1111 234 370 1112 226 371 1113 231 371 1114 235 371 1115 231 372 1116 233 372 1117 236 372 1118 231 373 1119 236 373 1120 235 373 1121 233 374 1122 234 374 1123 237 374 1124 233 375 1125 237 375 1126 236 375 1127 237 376 1128 234 376 1129 238 376 1130 238 377 1131 234 377 1132 239 377 1133 239 378 1134 234 378 1135 240 378 1136 238 379 1137 239 379 1138 241 379 1139 238 380 1140 241 380 1141 237 380 1142 236 381 1143 237 381 1144 242 381 1145 242 382 1146 237 382 1147 241 382 1148 236 383 1149 242 383 1150 235 383 1151 243 384 1152 241 384 1153 244 384 1154 241 385 1155 243 385 1156 242 385 1157 242 386 1158 243 386 1159 245 386 1160 245 387 1161 243 387 1162 246 387 1163 235 388 1164 242 388 1165 247 388 1166 242 389 1167 245 389 1168 248 389 1169 242 390 1170 248 390 1171 247 390 1172 248 391 1173 245 391 1174 249 391 1175 249 392 1176 245 392 1177 250 392 1178 250 393 1179 245 393 1180 251 393 1181 249 394 1182 250 394 1183 252 394 1184 252 395 1185 250 395 1186 251 395 1187 249 396 1188 252 396 1189 253 396 1190 248 397 1191 249 397 1192 254 397 1193 254 398 1194 249 398 1195 253 398 1196 248 399 1197 254 399 1198 255 399 1199 248 400 1200 255 400 1201 247 400 1202 254 401 1203 253 401 1204 256 401 1205 254 402 1206 256 402 1207 255 402 1208 247 403 1209 255 403 1210 257 403 1211 257 404 1212 255 404 1213 256 404 1214 257 405 1215 256 405 1216 247 405 1217 258 406 1218 235 406 1219 247 406 1220 258 407 1221 247 407 1222 256 407 1223 235 408 1224 258 408 1225 226 408 1226 226 409 1227 258 409 1228 221 409 1229 221 410 1230 258 410 1231 256 410 1232 221 411 1233 256 411 1234 217 411 1235 259 412 1236 256 412 1237 253 412 1238 256 413 1239 259 413 1240 217 413 1241 259 414 1242 253 414 1243 260 414 1244 260 415 1245 253 415 1246 252 415 1247 260 416 1248 252 416 1249 251 416 1250 260 417 1251 251 417 1252 261 417 1253 261 418 1254 251 418 1255 262 418 1256 259 419 1257 260 419 1258 263 419 1259 263 420 1260 260 420 1261 261 420 1262 259 421 1263 263 421 1264 217 421 1265 263 422 1266 261 422 1267 0 422 1268 217 423 1269 263 423 1270 218 423 1271 218 424 1272 263 424 1273 0 424 1274 217 425 1275 218 425 1276 216 425 1277 218 426 1278 0 426 1279 219 426 1280 202 427 1281 210 427 1282 87 427 1283 13 428 1284 11 428 1285 264 428 1286 111 429 1287 265 429 1288 90 429 1289 90 430 1290 265 430 1291 266 430 1292 266 431 1293 265 431 1294 267 431 1295 266 432 1296 267 432 1297 268 432 1298 266 433 1299 268 433 1300 269 433 1301 266 434 1302 269 434 1303 94 434 1304 94 435 1305 269 435 1306 112 435 1307 269 436 1308 268 436 1309 270 436 1310 270 437 1311 268 437 1312 271 437 1313 268 438 1314 267 438 1315 272 438 1316 268 439 1317 272 439 1318 271 439 1319 272 440 1320 267 440 1321 273 440 1322 271 441 1323 272 441 1324 274 441 1325 274 442 1326 272 442 1327 275 442 1328 271 443 1329 274 443 1330 161 443 1331 274 444 1332 275 444 1333 276 444 1334 161 445 1335 274 445 1336 277 445 1337 161 446 1338 277 446 1339 162 446 1340 162 447 1341 277 447 1342 164 447 1343 277 448 1344 274 448 1345 278 448 1346 277 449 1347 278 449 1348 164 449 1349 278 450 1350 274 450 1351 276 450 1352 164 451 1353 278 451 1354 165 451 1355 165 452 1356 278 452 1357 276 452 1358 165 453 1359 276 453 1360 166 453 1361 112 454 1362 111 454 1363 110 454 1364 111 455 1365 112 455 1366 279 455 1367 116 456 1368 270 456 1369 114 456 1370 114 457 1371 270 457 1372 271 457 1373 114 458 1374 271 458 1375 161 458 1376 270 459 1377 116 459 1378 269 459 1379 269 460 1380 116 460 1381 112 460 1382 112 461 1383 116 461 1384 279 461 1385 279 462 1386 116 462 1387 115 462 1388 28 463 1389 27 463 1390 280 463 1391 280 464 1392 27 464 1393 281 464 1394 280 465 1395 281 465 1396 282 465 1397 282 466 1398 281 466 1399 27 466 1400 282 467 1401 27 467 1402 215 467 1403 283 468 1404 284 468 1405 111 468 1406 284 469 1407 283 469 1408 285 469 1409 111 470 1410 284 470 1411 286 470 1412 111 471 1413 286 471 1414 265 471 1415 265 472 1416 286 472 1417 267 472 1418 286 473 1419 284 473 1420 287 473 1421 267 474 1422 286 474 1423 273 474 1424 286 475 1425 287 475 1426 0 475 1427 0 476 1428 287 476 1429 288 476 1430 0 477 1431 288 477 1432 219 477 1433 286 478 1434 0 478 1435 275 478 1436 286 479 1437 275 479 1438 273 479 1439 273 480 1440 275 480 1441 272 480 1442 215 481 1443 216 481 1444 220 481 1445 215 482 1446 220 482 1447 289 482 1448 215 483 1449 289 483 1450 290 483 1451 219 484 1452 288 484 1453 220 484 1454 220 485 1455 288 485 1456 287 485 1457 220 486 1458 287 486 1459 289 486 1460 289 487 1461 287 487 1462 291 487 1463 291 488 1464 287 488 1465 284 488 1466 291 489 1467 284 489 1468 285 489 1469 291 490 1470 285 490 1471 292 490 1472 292 491 1473 285 491 1474 283 491 1475 292 492 1476 283 492 1477 293 492 1478 293 493 1479 283 493 1480 294 493 1481 294 494 1482 283 494 1483 111 494 1484 294 495 1485 111 495 1486 279 495 1487 294 496 1488 279 496 1489 295 496 1490 294 497 1491 295 497 1492 293 497 1493 293 498 1494 295 498 1495 292 498 1496 295 499 1497 279 499 1498 296 499 1499 292 500 1500 295 500 1501 297 500 1502 297 501 1503 295 501 1504 296 501 1505 296 502 1506 279 502 1507 118 502 1508 118 503 1509 279 503 1510 115 503 1511 297 504 1512 296 504 1513 298 504 1514 298 505 1515 296 505 1516 118 505 1517 292 506 1518 297 506 1519 299 506 1520 297 507 1521 298 507 1522 300 507 1523 300 508 1524 298 508 1525 118 508 1526 297 509 1527 300 509 1528 301 509 1529 297 510 1530 301 510 1531 299 510 1532 292 511 1533 299 511 1534 291 511 1535 301 512 1536 300 512 1537 132 512 1538 299 513 1539 301 513 1540 302 513 1541 302 514 1542 301 514 1543 132 514 1544 300 515 1545 118 515 1546 303 515 1547 300 516 1548 303 516 1549 132 516 1550 132 517 1551 303 517 1552 131 517 1553 302 518 1554 132 518 1555 133 518 1556 302 519 1557 133 519 1558 134 519 1559 302 520 1560 134 520 1561 135 520 1562 299 521 1563 302 521 1564 304 521 1565 304 522 1566 302 522 1567 135 522 1568 299 523 1569 304 523 1570 291 523 1571 304 524 1572 135 524 1573 138 524 1574 138 525 1575 135 525 1576 136 525 1577 304 526 1578 138 526 1579 280 526 1580 304 527 1581 280 527 1582 291 527 1583 280 528 1584 138 528 1585 137 528 1586 291 529 1587 280 529 1588 282 529 1589 291 530 1590 282 530 1591 290 530 1592 291 531 1593 290 531 1594 289 531 1595 290 532 1596 282 532 1597 215 532 1598 305 533 1599 303 533 1600 118 533 1601 303 534 1602 305 534 1603 131 534 1604 305 535 1605 118 535 1606 121 535 1607 121 536 1608 118 536 1609 117 536 1610 131 537 1611 305 537 1612 128 537 1613 131 538 1614 128 538 1615 130 538 1616 128 539 1617 305 539 1618 127 539 1619 127 540 1620 305 540 1621 121 540 1622 127 541 1623 121 541 1624 120 541 1625 137 542 1626 28 542 1627 280 542 1628 266 543 1629 94 543 1630 90 543 1631 166 544 1632 306 544 1633 176 544 1634 176 545 1635 306 545 1636 174 545 1637 306 546 1638 166 546 1639 276 546 1640 306 547 1641 276 547 1642 275 547 1643 174 548 1644 306 548 1645 175 548 1646 175 549 1647 306 549 1648 0 549 1649 175 550 1650 0 550 1651 261 550 1652 175 551 1653 261 551 1654 45 551 1655 45 552 1656 261 552 1657 262 552 1658 45 553 1659 262 553 1660 177 553 1661 177 554 1662 262 554 1663 307 554 1664 177 555 1665 307 555 1666 178 555 1667 307 556 1668 262 556 1669 251 556 1670 178 557 1671 307 557 1672 179 557 1673 307 558 1674 251 558 1675 308 558 1676 307 559 1677 308 559 1678 179 559 1679 308 560 1680 251 560 1681 245 560 1682 179 561 1683 308 561 1684 309 561 1685 179 562 1686 309 562 1687 181 562 1688 181 563 1689 309 563 1690 182 563 1691 182 564 1692 309 564 1693 310 564 1694 310 565 1695 309 565 1696 308 565 1697 182 566 1698 310 566 1699 183 566 1700 183 567 1701 310 567 1702 187 567 1703 310 568 1704 308 568 1705 311 568 1706 311 569 1707 308 569 1708 312 569 1709 187 570 1710 310 570 1711 313 570 1712 313 571 1713 310 571 1714 311 571 1715 187 572 1716 313 572 1717 314 572 1718 187 573 1719 314 573 1720 198 573 1721 198 574 1722 314 574 1723 315 574 1724 315 575 1725 314 575 1726 313 575 1727 198 576 1728 315 576 1729 196 576 1730 196 577 1731 315 577 1732 195 577 1733 316 578 1734 311 578 1735 312 578 1736 311 579 1737 316 579 1738 313 579 1739 317 580 1740 312 580 1741 308 580 1742 312 581 1743 317 581 1744 316 581 1745 317 582 1746 308 582 1747 245 582 1748 313 583 1749 316 583 1750 318 583 1751 318 584 1752 316 584 1753 317 584 1754 317 585 1755 245 585 1756 319 585 1757 319 586 1758 245 586 1759 246 586 1760 319 587 1761 246 587 1762 317 587 1763 317 588 1764 246 588 1765 244 588 1766 317 589 1767 244 589 1768 318 589 1769 244 590 1770 246 590 1771 243 590 1772 313 591 1773 318 591 1774 320 591 1775 313 592 1776 320 592 1777 315 592 1778 318 593 1779 244 593 1780 321 593 1781 318 594 1782 321 594 1783 320 594 1784 321 595 1785 244 595 1786 322 595 1787 322 596 1788 244 596 1789 241 596 1790 320 597 1791 321 597 1792 323 597 1793 320 598 1794 323 598 1795 315 598 1796 323 599 1797 321 599 1798 322 599 1799 322 600 1800 241 600 1801 239 600 1802 322 601 1803 239 601 1804 324 601 1805 322 602 1806 324 602 1807 325 602 1808 322 603 1809 325 603 1810 323 603 1811 323 604 1812 325 604 1813 326 604 1814 315 605 1815 323 605 1816 327 605 1817 327 606 1818 323 606 1819 326 606 1820 315 607 1821 327 607 1822 195 607 1823 327 608 1824 326 608 1825 328 608 1826 327 609 1827 328 609 1828 329 609 1829 195 610 1830 327 610 1831 330 610 1832 327 611 1833 329 611 1834 331 611 1835 327 612 1836 331 612 1837 330 612 1838 330 613 1839 331 613 1840 332 613 1841 306 614 1842 275 614 1843 0 614 1844 38 615 1845 35 615 1846 34 615 1847 34 616 1848 39 616 1849 38 616 1850 38 617 1851 39 617 1852 333 617 1853 333 618 1854 39 618 1855 334 618 1856 333 619 1857 334 619 1858 335 619 1859 38 620 1860 333 620 1861 336 620 1862 333 621 1863 335 621 1864 337 621 1865 337 622 1866 335 622 1867 338 622 1868 336 623 1869 333 623 1870 339 623 1871 339 624 1872 333 624 1873 340 624 1874 340 625 1875 333 625 1876 337 625 1877 339 626 1878 340 626 1879 336 626 1880 337 627 1881 338 627 1882 341 627 1883 337 628 1884 341 628 1885 340 628 1886 341 629 1887 338 629 1888 342 629 1889 342 630 1890 338 630 1891 343 630 1892 341 631 1893 342 631 1894 344 631 1895 341 632 1896 344 632 1897 340 632 1898 340 633 1899 344 633 1900 336 633 1901 336 634 1902 344 634 1903 345 634 1904 336 635 1905 345 635 1906 346 635 1907 336 636 1908 346 636 1909 38 636 1910 38 637 1911 346 637 1912 347 637 1913 347 638 1914 346 638 1915 348 638 1916 348 639 1917 346 639 1918 349 639 1919 348 640 1920 349 640 1921 350 640 1922 348 641 1923 350 641 1924 347 641 1925 347 642 1926 350 642 1927 351 642 1928 347 643 1929 351 643 1930 352 643 1931 38 644 1932 347 644 1933 88 644 1934 38 645 1935 88 645 1936 37 645 1937 88 646 1938 347 646 1939 352 646 1940 39 647 1941 87 647 1942 352 647 1943 39 648 1944 352 648 1945 351 648 1946 39 649 1947 351 649 1948 349 649 1949 39 650 1950 349 650 1951 346 650 1952 349 651 1953 351 651 1954 353 651 1955 349 652 1956 353 652 1957 354 652 1958 349 653 1959 354 653 1960 350 653 1961 76 654 1962 75 654 1963 1 654 1964 1 655 1965 75 655 1966 355 655 1967 355 656 1968 75 656 1969 73 656 1970 355 657 1971 73 657 1972 356 657 1973 356 658 1974 73 658 1975 71 658 1976 1 659 1977 355 659 1978 357 659 1979 357 660 1980 355 660 1981 356 660 1982 76 661 1983 1 661 1984 358 661 1985 76 662 1986 358 662 1987 359 662 1988 76 663 1989 359 663 1990 81 663 1991 81 664 1992 359 664 1993 360 664 1994 81 665 1995 360 665 1996 361 665 1997 81 666 1998 361 666 1999 11 666 2000 11 667 2001 361 667 2002 362 667 2003 11 668 2004 362 668 2005 363 668 2006 11 669 2007 363 669 2008 364 669 2009 365 670 2010 359 670 2011 358 670 2012 365 671 2013 358 671 2014 366 671 2015 366 672 2016 358 672 2017 367 672 2018 368 673 2019 358 673 2020 1 673 2021 358 674 2022 368 674 2023 367 674 2024 368 675 2025 1 675 2026 369 675 2027 369 676 2028 1 676 2029 357 676 2030 368 677 2031 369 677 2032 370 677 2033 369 678 2034 357 678 2035 371 678 2036 369 679 2037 371 679 2038 370 679 2039 371 680 2040 357 680 2041 356 680 2042 368 681 2043 370 681 2044 372 681 2045 372 682 2046 370 682 2047 371 682 2048 373 683 2049 367 683 2050 368 683 2051 373 684 2052 368 684 2053 372 684 2054 371 685 2055 356 685 2056 374 685 2057 371 686 2058 374 686 2059 372 686 2060 374 687 2061 356 687 2062 375 687 2063 375 688 2064 356 688 2065 71 688 2066 367 689 2067 373 689 2068 376 689 2069 376 690 2070 373 690 2071 372 690 2072 374 691 2073 375 691 2074 377 691 2075 375 692 2076 71 692 2077 378 692 2078 375 693 2079 378 693 2080 377 693 2081 378 694 2082 71 694 2083 379 694 2084 379 695 2085 71 695 2086 69 695 2087 379 696 2088 69 696 2089 68 696 2090 379 697 2091 68 697 2092 378 697 2093 374 698 2094 377 698 2095 380 698 2096 374 699 2097 380 699 2098 372 699 2099 380 700 2100 377 700 2101 381 700 2102 382 701 2103 377 701 2104 378 701 2105 377 702 2106 382 702 2107 381 702 2108 382 703 2109 378 703 2110 383 703 2111 383 704 2112 378 704 2113 68 704 2114 381 705 2115 382 705 2116 384 705 2117 381 706 2118 384 706 2119 380 706 2120 385 707 2121 372 707 2122 380 707 2123 385 708 2124 380 708 2125 384 708 2126 372 709 2127 385 709 2128 376 709 2129 383 710 2130 68 710 2131 386 710 2132 386 711 2133 68 711 2134 387 711 2135 387 712 2136 68 712 2137 67 712 2138 67 713 2139 68 713 2140 66 713 2141 383 714 2142 386 714 2143 388 714 2144 383 715 2145 388 715 2146 382 715 2147 382 716 2148 388 716 2149 384 716 2150 389 717 2151 385 717 2152 384 717 2153 389 718 2154 384 718 2155 388 718 2156 385 719 2157 389 719 2158 390 719 2159 385 720 2160 390 720 2161 376 720 2162 389 721 2163 388 721 2164 391 721 2165 389 722 2166 391 722 2167 390 722 2168 391 723 2169 388 723 2170 392 723 2171 391 724 2172 392 724 2173 393 724 2174 390 725 2175 391 725 2176 394 725 2177 394 726 2178 391 726 2179 393 726 2180 376 727 2181 390 727 2182 395 727 2183 376 728 2184 395 728 2185 367 728 2186 390 729 2187 394 729 2188 396 729 2189 390 730 2190 396 730 2191 395 730 2192 394 731 2193 393 731 2194 397 731 2195 394 732 2196 397 732 2197 396 732 2198 397 733 2199 393 733 2200 398 733 2201 397 734 2202 398 734 2203 399 734 2204 399 735 2205 398 735 2206 400 735 2207 397 736 2208 399 736 2209 401 736 2210 397 737 2211 401 737 2212 396 737 2213 401 738 2214 399 738 2215 402 738 2216 401 739 2217 402 739 2218 403 739 2219 396 740 2220 401 740 2221 404 740 2222 396 741 2223 404 741 2224 395 741 2225 404 742 2226 401 742 2227 403 742 2228 395 743 2229 404 743 2230 405 743 2231 405 744 2232 404 744 2233 403 744 2234 395 745 2235 405 745 2236 367 745 2237 367 746 2238 405 746 2239 366 746 2240 366 747 2241 405 747 2242 403 747 2243 366 748 2244 403 748 2245 406 748 2246 406 749 2247 403 749 2248 407 749 2249 386 750 2250 392 750 2251 388 750 2252 392 751 2253 386 751 2254 408 751 2255 392 752 2256 408 752 2257 393 752 2258 393 753 2259 408 753 2260 409 753 2261 408 754 2262 386 754 2263 410 754 2264 408 755 2265 410 755 2266 409 755 2267 410 756 2268 386 756 2269 411 756 2270 393 757 2271 409 757 2272 412 757 2273 393 758 2274 412 758 2275 398 758 2276 398 759 2277 412 759 2278 413 759 2279 398 760 2280 413 760 2281 400 760 2282 413 761 2283 412 761 2284 414 761 2285 414 762 2286 412 762 2287 409 762 2288 413 763 2289 414 763 2290 415 763 2291 415 764 2292 414 764 2293 416 764 2294 415 765 2295 416 765 2296 417 765 2297 417 766 2298 416 766 2299 418 766 2300 416 767 2301 414 767 2302 419 767 2303 419 768 2304 414 768 2305 409 768 2306 418 769 2307 416 769 2308 420 769 2309 418 770 2310 420 770 2311 421 770 2312 418 771 2313 421 771 2314 422 771 2315 420 772 2316 416 772 2317 423 772 2318 423 773 2319 416 773 2320 419 773 2321 420 774 2322 423 774 2323 421 774 2324 422 775 2325 421 775 2326 424 775 2327 423 776 2328 419 776 2329 425 776 2330 423 777 2331 425 777 2332 421 777 2333 426 778 2334 419 778 2335 409 778 2336 419 779 2337 426 779 2338 425 779 2339 426 780 2340 409 780 2341 410 780 2342 426 781 2343 410 781 2344 427 781 2345 426 782 2346 427 782 2347 425 782 2348 427 783 2349 410 783 2350 411 783 2351 421 784 2352 425 784 2353 428 784 2354 421 785 2355 428 785 2356 424 785 2357 428 786 2358 425 786 2359 429 786 2360 429 787 2361 425 787 2362 427 787 2363 424 788 2364 428 788 2365 430 788 2366 424 789 2367 430 789 2368 431 789 2369 424 790 2370 431 790 2371 432 790 2372 430 791 2373 428 791 2374 433 791 2375 433 792 2376 428 792 2377 429 792 2378 433 793 2379 429 793 2380 434 793 2381 434 794 2382 429 794 2383 435 794 2384 429 795 2385 427 795 2386 436 795 2387 429 796 2388 436 796 2389 435 796 2390 436 797 2391 427 797 2392 437 797 2393 437 798 2394 427 798 2395 438 798 2396 437 799 2397 438 799 2398 436 799 2399 438 800 2400 427 800 2401 411 800 2402 435 801 2403 436 801 2404 439 801 2405 439 802 2406 436 802 2407 438 802 2408 435 803 2409 439 803 2410 440 803 2411 435 804 2412 440 804 2413 441 804 2414 439 805 2415 438 805 2416 442 805 2417 439 806 2418 442 806 2419 440 806 2420 438 807 2421 411 807 2422 443 807 2423 440 808 2424 442 808 2425 444 808 2426 442 809 2427 438 809 2428 445 809 2429 442 810 2430 445 810 2431 444 810 2432 445 811 2433 438 811 2434 443 811 2435 443 812 2436 411 812 2437 386 812 2438 440 813 2439 444 813 2440 446 813 2441 446 814 2442 444 814 2443 447 814 2444 447 815 2445 444 815 2446 332 815 2447 332 816 2448 444 816 2449 448 816 2450 448 817 2451 444 817 2452 445 817 2453 332 818 2454 448 818 2455 449 818 2456 449 819 2457 448 819 2458 450 819 2459 450 820 2460 448 820 2461 451 820 2462 452 821 2463 445 821 2464 443 821 2465 448 822 2466 445 822 2467 453 822 2468 453 823 2469 445 823 2470 452 823 2471 448 824 2472 453 824 2473 451 824 2474 452 825 2475 443 825 2476 454 825 2477 452 826 2478 454 826 2479 453 826 2480 454 827 2481 443 827 2482 386 827 2483 454 828 2484 386 828 2485 387 828 2486 453 829 2487 454 829 2488 192 829 2489 453 830 2490 192 830 2491 451 830 2492 192 831 2493 454 831 2494 387 831 2495 451 832 2496 192 832 2497 191 832 2498 192 833 2499 387 833 2500 67 833 2501 192 834 2502 67 834 2503 64 834 2504 191 835 2505 194 835 2506 451 835 2507 451 836 2508 194 836 2509 450 836 2510 450 837 2511 194 837 2512 330 837 2513 330 838 2514 194 838 2515 195 838 2516 450 839 2517 330 839 2518 449 839 2519 449 840 2520 330 840 2521 332 840 2522 11 841 2523 364 841 2524 455 841 2525 334 842 2526 456 842 2527 335 842 2528 456 843 2529 334 843 2530 39 843 2531 362 844 2532 338 844 2533 335 844 2534 362 845 2535 335 845 2536 456 845 2537 362 846 2538 456 846 2539 363 846 2540 456 847 2541 39 847 2542 457 847 2543 457 848 2544 39 848 2545 344 848 2546 344 849 2547 39 849 2548 346 849 2549 344 850 2550 346 850 2551 345 850 2552 457 851 2553 344 851 2554 342 851 2555 457 852 2556 342 852 2557 456 852 2558 363 853 2559 456 853 2560 458 853 2561 458 854 2562 456 854 2563 342 854 2564 363 855 2565 458 855 2566 364 855 2567 364 856 2568 458 856 2569 459 856 2570 458 857 2571 342 857 2572 460 857 2573 460 858 2574 342 858 2575 343 858 2576 461 859 2577 338 859 2578 362 859 2579 461 860 2580 362 860 2581 361 860 2582 338 861 2583 461 861 2584 462 861 2585 338 862 2586 462 862 2587 343 862 2588 461 863 2589 361 863 2590 463 863 2591 463 864 2592 361 864 2593 360 864 2594 462 865 2595 461 865 2596 464 865 2597 464 866 2598 461 866 2599 463 866 2600 463 867 2601 360 867 2602 465 867 2603 465 868 2604 360 868 2605 359 868 2606 463 869 2607 465 869 2608 464 869 2609 464 870 2610 465 870 2611 466 870 2612 467 871 2613 343 871 2614 462 871 2615 467 872 2616 462 872 2617 464 872 2618 343 873 2619 467 873 2620 468 873 2621 343 874 2622 468 874 2623 460 874 2624 467 875 2625 464 875 2626 469 875 2627 469 876 2628 464 876 2629 466 876 2630 467 877 2631 469 877 2632 468 877 2633 468 878 2634 469 878 2635 470 878 2636 469 879 2637 466 879 2638 471 879 2639 471 880 2640 466 880 2641 472 880 2642 470 881 2643 469 881 2644 473 881 2645 473 882 2646 469 882 2647 471 882 2648 468 883 2649 470 883 2650 474 883 2651 474 884 2652 470 884 2653 473 884 2654 468 885 2655 474 885 2656 475 885 2657 475 886 2658 474 886 2659 476 886 2660 476 887 2661 474 887 2662 473 887 2663 473 888 2664 471 888 2665 477 888 2666 478 889 2667 471 889 2668 472 889 2669 471 890 2670 478 890 2671 477 890 2672 478 891 2673 472 891 2674 479 891 2675 478 892 2676 479 892 2677 480 892 2678 478 893 2679 480 893 2680 481 893 2681 477 894 2682 478 894 2683 482 894 2684 482 895 2685 478 895 2686 481 895 2687 477 896 2688 482 896 2689 483 896 2690 483 897 2691 482 897 2692 481 897 2693 460 898 2694 484 898 2695 458 898 2696 484 899 2697 460 899 2698 468 899 2699 459 900 2700 458 900 2701 484 900 2702 365 901 2703 366 901 2704 406 901 2705 365 902 2706 406 902 2707 407 902 2708 365 903 2709 407 903 2710 485 903 2711 365 904 2712 485 904 2713 486 904 2714 486 905 2715 485 905 2716 407 905 2717 365 906 2718 486 906 2719 487 906 2720 365 907 2721 487 907 2722 488 907 2723 365 908 2724 488 908 2725 359 908 2726 359 909 2727 488 909 2728 465 909 2729 488 910 2730 487 910 2731 489 910 2732 489 911 2733 487 911 2734 486 911 2735 465 912 2736 488 912 2737 490 912 2738 490 913 2739 488 913 2740 489 913 2741 465 914 2742 490 914 2743 466 914 2744 466 915 2745 490 915 2746 491 915 2747 491 916 2748 490 916 2749 489 916 2750 466 917 2751 491 917 2752 472 917 2753 472 918 2754 491 918 2755 489 918 2756 489 919 2757 486 919 2758 492 919 2759 489 920 2760 492 920 2761 472 920 2762 492 921 2763 486 921 2764 407 921 2765 492 922 2766 407 922 2767 402 922 2768 402 923 2769 407 923 2770 403 923 2771 472 924 2772 492 924 2773 493 924 2774 493 925 2775 492 925 2776 402 925 2777 472 926 2778 493 926 2779 494 926 2780 472 927 2781 494 927 2782 479 927 2783 479 928 2784 494 928 2785 495 928 2786 494 929 2787 493 929 2788 496 929 2789 493 930 2790 402 930 2791 497 930 2792 497 931 2793 402 931 2794 400 931 2795 400 932 2796 402 932 2797 399 932 2798 497 933 2799 498 933 2800 493 933 2801 498 934 2802 497 934 2803 400 934 2804 498 935 2805 400 935 2806 413 935 2807 493 936 2808 498 936 2809 496 936 2810 498 937 2811 413 937 2812 415 937 2813 496 938 2814 498 938 2815 499 938 2816 496 939 2817 499 939 2818 494 939 2819 498 940 2820 415 940 2821 500 940 2822 498 941 2823 500 941 2824 499 941 2825 500 942 2826 415 942 2827 417 942 2828 494 943 2829 499 943 2830 495 943 2831 418 944 2832 501 944 2833 417 944 2834 500 945 2835 417 945 2836 502 945 2837 502 946 2838 417 946 2839 501 946 2840 500 947 2841 502 947 2842 503 947 2843 500 948 2844 503 948 2845 499 948 2846 502 949 2847 501 949 2848 504 949 2849 502 950 2850 504 950 2851 503 950 2852 504 951 2853 501 951 2854 505 951 2855 504 952 2856 505 952 2857 506 952 2858 504 953 2859 506 953 2860 507 953 2861 499 954 2862 503 954 2863 508 954 2864 508 955 2865 503 955 2866 504 955 2867 499 956 2868 508 956 2869 495 956 2870 504 957 2871 507 957 2872 509 957 2873 504 958 2874 509 958 2875 508 958 2876 509 959 2877 507 959 2878 510 959 2879 510 960 2880 507 960 2881 511 960 2882 508 961 2883 509 961 2884 512 961 2885 508 962 2886 512 962 2887 495 962 2888 495 963 2889 512 963 2890 480 963 2891 495 964 2892 480 964 2893 479 964 2894 512 965 2895 509 965 2896 513 965 2897 512 966 2898 513 966 2899 480 966 2900 513 967 2901 509 967 2902 510 967 2903 480 968 2904 513 968 2905 481 968 2906 481 969 2907 513 969 2908 514 969 2909 514 970 2910 513 970 2911 510 970 2912 481 971 2913 514 971 2914 483 971 2915 515 972 2916 510 972 2917 511 972 2918 510 973 2919 515 973 2920 514 973 2921 515 974 2922 511 974 2923 516 974 2924 515 975 2925 516 975 2926 517 975 2927 515 976 2928 517 976 2929 514 976 2930 483 977 2931 514 977 2932 518 977 2933 518 978 2934 514 978 2935 517 978 2936 483 979 2937 518 979 2938 477 979 2939 518 980 2940 517 980 2941 519 980 2942 477 981 2943 518 981 2944 473 981 2945 518 982 2946 519 982 2947 520 982 2948 518 983 2949 520 983 2950 473 983 2951 473 984 2952 520 984 2953 476 984 2954 476 985 2955 520 985 2956 521 985 2957 516 986 2958 511 986 2959 522 986 2960 522 987 2961 511 987 2962 506 987 2963 506 988 2964 511 988 2965 507 988 2966 522 989 2967 506 989 2968 523 989 2969 523 990 2970 506 990 2971 505 990 2972 522 991 2973 523 991 2974 524 991 2975 522 992 2976 524 992 2977 516 992 2978 523 993 2979 505 993 2980 525 993 2981 524 994 2982 523 994 2983 526 994 2984 526 995 2985 523 995 2986 525 995 2987 525 996 2988 505 996 2989 527 996 2990 527 997 2991 505 997 2992 501 997 2993 527 998 2994 501 998 2995 528 998 2996 527 999 2997 528 999 2998 525 999 2999 528 1000 3000 501 1000 3001 418 1000 3002 528 1001 3003 418 1001 3004 422 1001 3005 528 1002 3006 422 1002 3007 529 1002 3008 528 1003 3009 529 1003 3010 525 1003 3011 529 1004 3012 422 1004 3013 432 1004 3014 432 1005 3015 422 1005 3016 424 1005 3017 525 1006 3018 529 1006 3019 530 1006 3020 525 1007 3021 530 1007 3022 531 1007 3023 525 1008 3024 531 1008 3025 532 1008 3026 525 1009 3027 532 1009 3028 526 1009 3029 532 1010 3030 531 1010 3031 533 1010 3032 526 1011 3033 532 1011 3034 524 1011 3035 532 1012 3036 533 1012 3037 534 1012 3038 532 1013 3039 534 1013 3040 524 1013 3041 524 1014 3042 534 1014 3043 535 1014 3044 535 1015 3045 534 1015 3046 536 1015 3047 524 1016 3048 535 1016 3049 516 1016 3050 535 1017 3051 536 1017 3052 537 1017 3053 516 1018 3054 535 1018 3055 538 1018 3056 538 1019 3057 535 1019 3058 537 1019 3059 537 1020 3060 536 1020 3061 539 1020 3062 539 1021 3063 536 1021 3064 540 1021 3065 538 1022 3066 537 1022 3067 541 1022 3068 541 1023 3069 537 1023 3070 539 1023 3071 516 1024 3072 538 1024 3073 542 1024 3074 542 1025 3075 538 1025 3076 541 1025 3077 516 1026 3078 542 1026 3079 543 1026 3080 516 1027 3081 543 1027 3082 517 1027 3083 517 1028 3084 543 1028 3085 519 1028 3086 519 1029 3087 543 1029 3088 542 1029 3089 519 1030 3090 542 1030 3091 541 1030 3092 544 1031 3093 539 1031 3094 540 1031 3095 544 1032 3096 540 1032 3097 545 1032 3098 544 1033 3099 545 1033 3100 546 1033 3101 539 1034 3102 544 1034 3103 547 1034 3104 539 1035 3105 547 1035 3106 541 1035 3107 544 1036 3108 546 1036 3109 548 1036 3110 544 1037 3111 548 1037 3112 547 1037 3113 548 1038 3114 546 1038 3115 549 1038 3116 541 1039 3117 547 1039 3118 550 1039 3119 541 1040 3120 550 1040 3121 519 1040 3122 547 1041 3123 548 1041 3124 551 1041 3125 547 1042 3126 551 1042 3127 550 1042 3128 548 1043 3129 549 1043 3130 552 1043 3131 552 1044 3132 549 1044 3133 553 1044 3134 551 1045 3135 548 1045 3136 554 1045 3137 554 1046 3138 548 1046 3139 552 1046 3140 552 1047 3141 553 1047 3142 555 1047 3143 552 1048 3144 555 1048 3145 554 1048 3146 556 1049 3147 519 1049 3148 550 1049 3149 519 1050 3150 556 1050 3151 520 1050 3152 557 1051 3153 550 1051 3154 551 1051 3155 557 1052 3156 551 1052 3157 554 1052 3158 550 1053 3159 557 1053 3160 556 1053 3161 520 1054 3162 556 1054 3163 521 1054 3164 556 1055 3165 557 1055 3166 558 1055 3167 556 1056 3168 558 1056 3169 521 1056 3170 558 1057 3171 557 1057 3172 554 1057 3173 558 1058 3174 554 1058 3175 559 1058 3176 558 1059 3177 559 1059 3178 521 1059 3179 559 1060 3180 554 1060 3181 555 1060 3182 521 1061 3183 559 1061 3184 475 1061 3185 475 1062 3186 559 1062 3187 555 1062 3188 521 1063 3189 475 1063 3190 476 1063 3191 475 1064 3192 555 1064 3193 468 1064 3194 468 1065 3195 555 1065 3196 484 1065 3197 42 1066 3198 560 1066 3199 207 1066 3200 42 1067 3201 88 1067 3202 560 1067 3203 560 1068 3204 88 1068 3205 352 1068 3206 87 1069 3207 210 1069 3208 352 1069 3209 264 1070 3210 11 1070 3211 455 1070 3212 208 1071 3213 561 1071 3214 209 1071 3215 209 1072 3216 561 1072 3217 210 1072 3218 561 1073 3219 208 1073 3220 207 1073 3221 210 1074 3222 561 1074 3223 562 1074 3224 562 1075 3225 561 1075 3226 563 1075 3227 210 1076 3228 562 1076 3229 564 1076 3230 564 1077 3231 562 1077 3232 565 1077 3233 565 1078 3234 562 1078 3235 566 1078 3236 562 1079 3237 563 1079 3238 567 1079 3239 566 1080 3240 562 1080 3241 568 1080 3242 568 1081 3243 562 1081 3244 569 1081 3245 569 1082 3246 562 1082 3247 567 1082 3248 568 1083 3249 569 1083 3250 570 1083 3251 569 1084 3252 567 1084 3253 571 1084 3254 571 1085 3255 567 1085 3256 572 1085 3257 569 1086 3258 571 1086 3259 573 1086 3260 569 1087 3261 573 1087 3262 570 1087 3263 570 1088 3264 573 1088 3265 574 1088 3266 570 1089 3267 574 1089 3268 484 1089 3269 570 1090 3270 484 1090 3271 575 1090 3272 328 1091 3273 576 1091 3274 329 1091 3275 576 1092 3276 328 1092 3277 326 1092 3278 331 1093 3279 329 1093 3280 332 1093 3281 332 1094 3282 329 1094 3283 447 1094 3284 447 1095 3285 329 1095 3286 576 1095 3287 447 1096 3288 576 1096 3289 577 1096 3290 447 1097 3291 577 1097 3292 446 1097 3293 446 1098 3294 577 1098 3295 440 1098 3296 440 1099 3297 577 1099 3298 441 1099 3299 578 1100 3300 576 1100 3301 326 1100 3302 576 1101 3303 578 1101 3304 577 1101 3305 578 1102 3306 326 1102 3307 325 1102 3308 441 1103 3309 577 1103 3310 579 1103 3311 579 1104 3312 577 1104 3313 578 1104 3314 441 1105 3315 579 1105 3316 580 1105 3317 441 1106 3318 580 1106 3319 435 1106 3320 435 1107 3321 580 1107 3322 434 1107 3323 578 1108 3324 325 1108 3325 581 1108 3326 581 1109 3327 325 1109 3328 324 1109 3329 578 1110 3330 581 1110 3331 582 1110 3332 579 1111 3333 578 1111 3334 583 1111 3335 583 1112 3336 578 1112 3337 582 1112 3338 582 1113 3339 581 1113 3340 584 1113 3341 582 1114 3342 584 1114 3343 583 1114 3344 584 1115 3345 581 1115 3346 585 1115 3347 584 1116 3348 585 1116 3349 586 1116 3350 583 1117 3351 584 1117 3352 587 1117 3353 587 1118 3354 584 1118 3355 586 1118 3356 579 1119 3357 583 1119 3358 588 1119 3359 588 1120 3360 583 1120 3361 587 1120 3362 579 1121 3363 588 1121 3364 580 1121 3365 587 1122 3366 586 1122 3367 589 1122 3368 589 1123 3369 586 1123 3370 590 1123 3371 588 1124 3372 587 1124 3373 591 1124 3374 591 1125 3375 587 1125 3376 589 1125 3377 580 1126 3378 588 1126 3379 592 1126 3380 592 1127 3381 588 1127 3382 591 1127 3383 580 1128 3384 592 1128 3385 434 1128 3386 589 1129 3387 590 1129 3388 593 1129 3389 593 1130 3390 590 1130 3391 594 1130 3392 593 1131 3393 594 1131 3394 595 1131 3395 596 1132 3396 597 1132 3397 595 1132 3398 595 1133 3399 597 1133 3400 598 1133 3401 595 1134 3402 598 1134 3403 593 1134 3404 589 1135 3405 593 1135 3406 599 1135 3407 599 1136 3408 593 1136 3409 598 1136 3410 589 1137 3411 599 1137 3412 591 1137 3413 591 1138 3414 599 1138 3415 600 1138 3416 591 1139 3417 600 1139 3418 592 1139 3419 599 1140 3420 598 1140 3421 601 1140 3422 599 1141 3423 601 1141 3424 600 1141 3425 601 1142 3426 598 1142 3427 602 1142 3428 602 1143 3429 598 1143 3430 603 1143 3431 602 1144 3432 603 1144 3433 604 1144 3434 602 1145 3435 604 1145 3436 605 1145 3437 602 1146 3438 605 1146 3439 601 1146 3440 605 1147 3441 604 1147 3442 606 1147 3443 600 1148 3444 601 1148 3445 607 1148 3446 607 1149 3447 601 1149 3448 605 1149 3449 600 1150 3450 607 1150 3451 592 1150 3452 592 1151 3453 607 1151 3454 608 1151 3455 607 1152 3456 605 1152 3457 609 1152 3458 607 1153 3459 609 1153 3460 608 1153 3461 592 1154 3462 608 1154 3463 610 1154 3464 610 1155 3465 608 1155 3466 609 1155 3467 592 1156 3468 610 1156 3469 434 1156 3470 434 1157 3471 610 1157 3472 433 1157 3473 433 1158 3474 610 1158 3475 430 1158 3476 609 1159 3477 605 1159 3478 611 1159 3479 609 1160 3480 611 1160 3481 610 1160 3482 610 1161 3483 611 1161 3484 430 1161 3485 611 1162 3486 605 1162 3487 606 1162 3488 430 1163 3489 611 1163 3490 431 1163 3491 431 1164 3492 611 1164 3493 606 1164 3494 431 1165 3495 606 1165 3496 432 1165 3497 239 1166 3498 612 1166 3499 324 1166 3500 581 1167 3501 324 1167 3502 585 1167 3503 585 1168 3504 324 1168 3505 612 1168 3506 585 1169 3507 612 1169 3508 586 1169 3509 612 1170 3510 239 1170 3511 240 1170 3512 586 1171 3513 612 1171 3514 613 1171 3515 232 1172 3516 240 1172 3517 234 1172 3518 586 1173 3519 613 1173 3520 590 1173 3521 240 1174 3522 232 1174 3523 614 1174 3524 612 1175 3525 240 1175 3526 615 1175 3527 615 1176 3528 240 1176 3529 614 1176 3530 612 1177 3531 615 1177 3532 616 1177 3533 612 1178 3534 616 1178 3535 613 1178 3536 616 1179 3537 615 1179 3538 617 1179 3539 616 1180 3540 617 1180 3541 613 1180 3542 615 1181 3543 614 1181 3544 618 1181 3545 615 1182 3546 618 1182 3547 617 1182 3548 619 1183 3549 614 1183 3550 232 1183 3551 619 1184 3552 232 1184 3553 229 1184 3554 619 1185 3555 229 1185 3556 230 1185 3557 614 1186 3558 619 1186 3559 620 1186 3560 614 1187 3561 620 1187 3562 618 1187 3563 619 1188 3564 230 1188 3565 228 1188 3566 619 1189 3567 228 1189 3568 620 1189 3569 228 1190 3570 230 1190 3571 227 1190 3572 620 1191 3573 228 1191 3574 621 1191 3575 618 1192 3576 620 1192 3577 622 1192 3578 622 1193 3579 620 1193 3580 621 1193 3581 621 1194 3582 228 1194 3583 623 1194 3584 621 1195 3585 623 1195 3586 622 1195 3587 224 1196 3588 228 1196 3589 225 1196 3590 228 1197 3591 224 1197 3592 623 1197 3593 623 1198 3594 224 1198 3595 223 1198 3596 623 1199 3597 223 1199 3598 624 1199 3599 624 1200 3600 223 1200 3601 625 1200 3602 623 1201 3603 624 1201 3604 626 1201 3605 623 1202 3606 626 1202 3607 622 1202 3608 626 1203 3609 624 1203 3610 627 1203 3611 626 1204 3612 627 1204 3613 628 1204 3614 626 1205 3615 628 1205 3616 629 1205 3617 629 1206 3618 628 1206 3619 630 1206 3620 622 1207 3621 626 1207 3622 631 1207 3623 631 1208 3624 626 1208 3625 629 1208 3626 629 1209 3627 630 1209 3628 632 1209 3629 632 1210 3630 630 1210 3631 633 1210 3632 631 1211 3633 629 1211 3634 634 1211 3635 634 1212 3636 629 1212 3637 632 1212 3638 622 1213 3639 631 1213 3640 635 1213 3641 631 1214 3642 634 1214 3643 636 1214 3644 631 1215 3645 636 1215 3646 635 1215 3647 634 1216 3648 632 1216 3649 637 1216 3650 634 1217 3651 637 1217 3652 636 1217 3653 632 1218 3654 633 1218 3655 638 1218 3656 632 1219 3657 638 1219 3658 637 1219 3659 639 1220 3660 640 1220 3661 633 1220 3662 633 1221 3663 640 1221 3664 638 1221 3665 636 1222 3666 637 1222 3667 641 1222 3668 636 1223 3669 641 1223 3670 635 1223 3671 641 1224 3672 637 1224 3673 638 1224 3674 642 1225 3675 622 1225 3676 635 1225 3677 622 1226 3678 642 1226 3679 618 1226 3680 618 1227 3681 642 1227 3682 617 1227 3683 642 1228 3684 635 1228 3685 643 1228 3686 643 1229 3687 635 1229 3688 641 1229 3689 617 1230 3690 642 1230 3691 644 1230 3692 644 1231 3693 642 1231 3694 643 1231 3695 617 1232 3696 644 1232 3697 613 1232 3698 643 1233 3699 641 1233 3700 645 1233 3701 643 1234 3702 645 1234 3703 644 1234 3704 613 1235 3705 644 1235 3706 646 1235 3707 646 1236 3708 644 1236 3709 645 1236 3710 613 1237 3711 646 1237 3712 590 1237 3713 646 1238 3714 645 1238 3715 647 1238 3716 646 1239 3717 647 1239 3718 590 1239 3719 647 1240 3720 645 1240 3721 641 1240 3722 590 1241 3723 647 1241 3724 648 1241 3725 648 1242 3726 647 1242 3727 641 1242 3728 590 1243 3729 648 1243 3730 594 1243 3731 648 1244 3732 641 1244 3733 638 1244 3734 648 1245 3735 638 1245 3736 594 1245 3737 594 1246 3738 638 1246 3739 649 1246 3740 594 1247 3741 649 1247 3742 595 1247 3743 595 1248 3744 649 1248 3745 596 1248 3746 649 1249 3747 638 1249 3748 650 1249 3749 649 1250 3750 650 1250 3751 596 1250 3752 650 1251 3753 638 1251 3754 640 1251 3755 596 1252 3756 650 1252 3757 651 1252 3758 651 1253 3759 650 1253 3760 640 1253 3761 223 1254 3762 222 1254 3763 625 1254 3764 625 1255 3765 222 1255 3766 572 1255 3767 572 1256 3768 222 1256 3769 264 1256 3770 264 1257 3771 222 1257 3772 13 1257 3773 351 1258 3774 350 1258 3775 560 1258 3776 560 1259 3777 350 1259 3778 354 1259 3779 560 1260 3780 354 1260 3781 210 1260 3782 560 1261 3783 210 1261 3784 207 1261 3785 207 1262 3786 210 1262 3787 564 1262 3788 207 1263 3789 564 1263 3790 652 1263 3791 652 1264 3792 564 1264 3793 565 1264 3794 207 1265 3795 652 1265 3796 561 1265 3797 652 1266 3798 565 1266 3799 653 1266 3800 652 1267 3801 653 1267 3802 561 1267 3803 653 1268 3804 565 1268 3805 566 1268 3806 561 1269 3807 653 1269 3808 563 1269 3809 563 1270 3810 653 1270 3811 654 1270 3812 653 1271 3813 566 1271 3814 655 1271 3815 653 1272 3816 655 1272 3817 654 1272 3818 563 1273 3819 654 1273 3820 656 1273 3821 656 1274 3822 654 1274 3823 655 1274 3824 563 1275 3825 656 1275 3826 567 1275 3827 655 1276 3828 566 1276 3829 657 1276 3830 655 1277 3831 657 1277 3832 656 1277 3833 657 1278 3834 566 1278 3835 568 1278 3836 657 1279 3837 568 1279 3838 570 1279 3839 656 1280 3840 657 1280 3841 658 1280 3842 656 1281 3843 658 1281 3844 567 1281 3845 658 1282 3846 657 1282 3847 570 1282 3848 567 1283 3849 658 1283 3850 659 1283 3851 659 1284 3852 658 1284 3853 570 1284 3854 210 1285 3855 353 1285 3856 351 1285 3857 353 1286 3858 210 1286 3859 354 1286 3860 364 1287 3861 459 1287 3862 455 1287 3863 573 1288 3864 455 1288 3865 574 1288 3866 574 1289 3867 455 1289 3868 459 1289 3869 574 1290 3870 459 1290 3871 484 1290 3872 455 1291 3873 573 1291 3874 264 1291 3875 264 1292 3876 573 1292 3877 571 1292 3878 264 1293 3879 571 1293 3880 572 1293 3881 534 1294 3882 660 1294 3883 536 1294 3884 536 1295 3885 660 1295 3886 661 1295 3887 536 1296 3888 661 1296 3889 540 1296 3890 660 1297 3891 534 1297 3892 662 1297 3893 540 1298 3894 661 1298 3895 663 1298 3896 661 1299 3897 660 1299 3898 664 1299 3899 661 1300 3900 664 1300 3901 663 1300 3902 540 1301 3903 663 1301 3904 665 1301 3905 665 1302 3906 663 1302 3907 664 1302 3908 540 1303 3909 665 1303 3910 545 1303 3911 545 1304 3912 665 1304 3913 546 1304 3914 664 1305 3915 660 1305 3916 666 1305 3917 666 1306 3918 660 1306 3919 662 1306 3920 546 1307 3921 665 1307 3922 667 1307 3923 546 1308 3924 667 1308 3925 549 1308 3926 665 1309 3927 664 1309 3928 668 1309 3929 667 1310 3930 665 1310 3931 669 1310 3932 669 1311 3933 665 1311 3934 668 1311 3935 667 1312 3936 669 1312 3937 670 1312 3938 670 1313 3939 669 1313 3940 668 1313 3941 667 1314 3942 670 1314 3943 671 1314 3944 671 1315 3945 670 1315 3946 668 1315 3947 672 1316 3948 549 1316 3949 667 1316 3950 672 1317 3951 667 1317 3952 671 1317 3953 549 1318 3954 672 1318 3955 553 1318 3956 553 1319 3957 672 1319 3958 555 1319 3959 555 1320 3960 672 1320 3961 671 1320 3962 555 1321 3963 671 1321 3964 673 1321 3965 555 1322 3966 673 1322 3967 674 1322 3968 673 1323 3969 671 1323 3970 675 1323 3971 675 1324 3972 671 1324 3973 668 1324 3974 673 1325 3975 675 1325 3976 676 1325 3977 676 1326 3978 675 1326 3979 677 1326 3980 675 1327 3981 668 1327 3982 678 1327 3983 675 1328 3984 678 1328 3985 677 1328 3986 678 1329 3987 668 1329 3988 664 1329 3989 677 1330 3990 678 1330 3991 679 1330 3992 679 1331 3993 678 1331 3994 680 1331 3995 680 1332 3996 678 1332 3997 681 1332 3998 680 1333 3999 681 1333 4000 682 1333 4001 678 1334 4002 664 1334 4003 666 1334 4004 678 1335 4005 666 1335 4006 681 1335 4007 681 1336 4008 666 1336 4009 683 1336 4010 683 1337 4011 666 1337 4012 684 1337 4013 683 1338 4014 684 1338 4015 685 1338 4016 683 1339 4017 685 1339 4018 686 1339 4019 684 1340 4020 666 1340 4021 662 1340 4022 686 1341 4023 685 1341 4024 687 1341 4025 687 1342 4026 685 1342 4027 684 1342 4028 687 1343 4029 684 1343 4030 688 1343 4031 688 1344 4032 684 1344 4033 662 1344 4034 687 1345 4035 688 1345 4036 689 1345 4037 687 1346 4038 689 1346 4039 690 1346 4040 688 1347 4041 662 1347 4042 691 1347 4043 689 1348 4044 688 1348 4045 692 1348 4046 692 1349 4047 688 1349 4048 691 1349 4049 691 1350 4050 662 1350 4051 693 1350 4052 693 1351 4053 662 1351 4054 534 1351 4055 693 1352 4056 534 1352 4057 533 1352 4058 693 1353 4059 533 1353 4060 531 1353 4061 693 1354 4062 531 1354 4063 691 1354 4064 691 1355 4065 531 1355 4066 530 1355 4067 691 1356 4068 530 1356 4069 692 1356 4070 692 1357 4071 530 1357 4072 529 1357 4073 694 1358 4074 689 1358 4075 692 1358 4076 694 1359 4077 692 1359 4078 529 1359 4079 689 1360 4080 694 1360 4081 695 1360 4082 695 1361 4083 694 1361 4084 696 1361 4085 696 1362 4086 694 1362 4087 529 1362 4088 695 1363 4089 696 1363 4090 604 1363 4091 696 1364 4092 529 1364 4093 697 1364 4094 696 1365 4095 697 1365 4096 604 1365 4097 697 1366 4098 529 1366 4099 432 1366 4100 604 1367 4101 697 1367 4102 606 1367 4103 606 1368 4104 697 1368 4105 432 1368 4106 681 1369 4107 683 1369 4108 698 1369 4109 698 1370 4110 683 1370 4111 699 1370 4112 681 1371 4113 698 1371 4114 682 1371 4115 698 1372 4116 699 1372 4117 700 1372 4118 700 1373 4119 699 1373 4120 701 1373 4121 700 1374 4122 701 1374 4123 702 1374 4124 700 1375 4125 702 1375 4126 703 1375 4127 700 1376 4128 703 1376 4129 698 1376 4130 703 1377 4131 702 1377 4132 704 1377 4133 682 1378 4134 698 1378 4135 705 1378 4136 705 1379 4137 698 1379 4138 703 1379 4139 703 1380 4140 704 1380 4141 706 1380 4142 703 1381 4143 706 1381 4144 705 1381 4145 705 1382 4146 706 1382 4147 682 1382 4148 706 1383 4149 704 1383 4150 677 1383 4151 706 1384 4152 677 1384 4153 679 1384 4154 706 1385 4155 679 1385 4156 682 1385 4157 682 1386 4158 679 1386 4159 680 1386 4160 707 1387 4161 699 1387 4162 683 1387 4163 707 1388 4164 683 1388 4165 686 1388 4166 699 1389 4167 707 1389 4168 708 1389 4169 699 1390 4170 708 1390 4171 701 1390 4172 707 1391 4173 686 1391 4174 690 1391 4175 690 1392 4176 686 1392 4177 687 1392 4178 708 1393 4179 707 1393 4180 709 1393 4181 709 1394 4182 707 1394 4183 690 1394 4184 701 1395 4185 708 1395 4186 710 1395 4187 710 1396 4188 708 1396 4189 709 1396 4190 701 1397 4191 710 1397 4192 711 1397 4193 701 1398 4194 711 1398 4195 702 1398 4196 702 1399 4197 711 1399 4198 712 1399 4199 711 1400 4200 710 1400 4201 713 1400 4202 713 1401 4203 710 1401 4204 709 1401 4205 711 1402 4206 713 1402 4207 714 1402 4208 714 1403 4209 713 1403 4210 715 1403 4211 715 1404 4212 713 1404 4213 716 1404 4214 716 1405 4215 713 1405 4216 717 1405 4217 713 1406 4218 709 1406 4219 718 1406 4220 713 1407 4221 718 1407 4222 717 1407 4223 718 1408 4224 709 1408 4225 719 1408 4226 719 1409 4227 709 1409 4228 690 1409 4229 717 1410 4230 718 1410 4231 720 1410 4232 720 1411 4233 718 1411 4234 719 1411 4235 717 1412 4236 720 1412 4237 721 1412 4238 721 1413 4239 720 1413 4240 722 1413 4241 722 1414 4242 720 1414 4243 651 1414 4244 651 1415 4245 720 1415 4246 596 1415 4247 596 1416 4248 720 1416 4249 597 1416 4250 597 1417 4251 720 1417 4252 598 1417 4253 598 1418 4254 720 1418 4255 723 1418 4256 723 1419 4257 720 1419 4258 719 1419 4259 598 1420 4260 723 1420 4261 603 1420 4262 723 1421 4263 719 1421 4264 724 1421 4265 723 1422 4266 724 1422 4267 603 1422 4268 724 1423 4269 719 1423 4270 690 1423 4271 724 1424 4272 690 1424 4273 689 1424 4274 724 1425 4275 689 1425 4276 695 1425 4277 724 1426 4278 695 1426 4279 603 1426 4280 603 1427 4281 695 1427 4282 604 1427 4283 725 1428 4284 673 1428 4285 676 1428 4286 725 1429 4287 676 1429 4288 677 1429 4289 725 1430 4290 677 1430 4291 726 1430 4292 726 1431 4293 677 1431 4294 727 1431 4295 727 1432 4296 677 1432 4297 704 1432 4298 627 1433 4299 630 1433 4300 628 1433 4301 639 1434 4302 633 1434 4303 630 1434 4304 651 1435 4305 640 1435 4306 639 1435 4307 651 1436 4308 639 1436 4309 722 1436 4310 717 1437 4311 721 1437 4312 722 1437 4313 717 1438 4314 722 1438 4315 728 1438 4316 728 1439 4317 722 1439 4318 639 1439 4319 717 1440 4320 728 1440 4321 716 1440 4322 716 1441 4323 728 1441 4324 715 1441 4325 729 1442 4326 639 1442 4327 630 1442 4328 729 1443 4329 630 1443 4330 627 1443 4331 639 1444 4332 729 1444 4333 730 1444 4334 715 1445 4335 728 1445 4336 714 1445 4337 639 1446 4338 730 1446 4339 731 1446 4340 639 1447 4341 731 1447 4342 728 1447 4343 730 1448 4344 729 1448 4345 732 1448 4346 732 1449 4347 729 1449 4348 627 1449 4349 731 1450 4350 730 1450 4351 733 1450 4352 733 1451 4353 730 1451 4354 732 1451 4355 732 1452 4356 627 1452 4357 734 1452 4358 732 1453 4359 734 1453 4360 733 1453 4361 734 1454 4362 627 1454 4363 735 1454 4364 734 1455 4365 735 1455 4366 733 1455 4367 735 1456 4368 627 1456 4369 624 1456 4370 736 1457 4371 728 1457 4372 731 1457 4373 736 1458 4374 731 1458 4375 733 1458 4376 728 1459 4377 736 1459 4378 737 1459 4379 728 1460 4380 737 1460 4381 714 1460 4382 736 1461 4383 733 1461 4384 738 1461 4385 738 1462 4386 733 1462 4387 735 1462 4388 735 1463 4389 624 1463 4390 739 1463 4391 735 1464 4392 739 1464 4393 738 1464 4394 739 1465 4395 624 1465 4396 740 1465 4397 736 1466 4398 738 1466 4399 741 1466 4400 741 1467 4401 738 1467 4402 739 1467 4403 741 1468 4404 739 1468 4405 740 1468 4406 736 1469 4407 741 1469 4408 737 1469 4409 741 1470 4410 740 1470 4411 742 1470 4412 737 1471 4413 741 1471 4414 743 1471 4415 743 1472 4416 741 1472 4417 742 1472 4418 737 1473 4419 743 1473 4420 727 1473 4421 737 1474 4422 727 1474 4423 704 1474 4424 737 1475 4425 704 1475 4426 714 1475 4427 714 1476 4428 704 1476 4429 712 1476 4430 714 1477 4431 712 1477 4432 711 1477 4433 712 1478 4434 704 1478 4435 702 1478 4436 727 1479 4437 743 1479 4438 744 1479 4439 727 1480 4440 744 1480 4441 726 1480 4442 745 1481 4443 743 1481 4444 742 1481 4445 743 1482 4446 745 1482 4447 744 1482 4448 745 1483 4449 742 1483 4450 575 1483 4451 745 1484 4452 575 1484 4453 674 1484 4454 744 1485 4455 745 1485 4456 746 1485 4457 744 1486 4458 746 1486 4459 726 1486 4460 746 1487 4461 745 1487 4462 674 1487 4463 726 1488 4464 746 1488 4465 725 1488 4466 746 1489 4467 674 1489 4468 673 1489 4469 746 1490 4470 673 1490 4471 725 1490 4472 572 1491 4473 624 1491 4474 625 1491 4475 624 1492 4476 572 1492 4477 740 1492 4478 740 1493 4479 572 1493 4480 747 1493 4481 747 1494 4482 572 1494 4483 567 1494 4484 740 1495 4485 747 1495 4486 742 1495 4487 747 1496 4488 567 1496 4489 659 1496 4490 747 1497 4491 659 1497 4492 742 1497 4493 742 1498 4494 659 1498 4495 575 1498 4496 575 1499 4497 659 1499 4498 570 1499 4499 555 1500 4500 674 1500 4501 484 1500 4502 484 1501 4503 674 1501 4504 575 1501 4505</p>
        </polylist>
      </mesh>
    </geometry>
  </library_geometries>
  <library_visual_scenes>
    <visual_scene id="Scene" name="Scene">
      <node id="Bed_Level_2" name="Bed_Level_2" type="NODE">
        <scale sid="scale">1 1 1</scale>
        <translate sid="location">0 -0.22 0</translate>
        <rotate sid="rotationX">1 0 0 0</rotate>
        <rotate sid="rotationY">0 1 0 90</rotate>
        <rotate sid="rotationZ">0 0 1 0</rotate>
        <instance_geometry url="#Bed_Level_2-mesh" name="Bed_Level_2">
          <bind_material>
            <technique_common>
            </technique_common>
          </bind_material>
        </instance_geometry>
      </node>
    </visual_scene>
  </library_visual_scenes>
  <scene>
    <instance_visual_scene url="#Scene"/>
  </scene>
</COLLADA>
