<?xml version="1.0" encoding="utf-8"?>
<COLLADA xmlns="http://www.collada.org/2005/11/COLLADASchema" version="1.4.1" xmlns:xsi="http://www.w3.org/2001/XMLSchema-instance">
  <asset>
    <contributor>
      <author>Blockbench user</author>
      <authoring_tool>Blockbench</authoring_tool>
    </contributor>
    <created>2026-05-17T02:39:16.289Z</created>
    <modified>2026-05-17T02:39:16.300Z</modified>
    <unit name="meter" meter="1.0"/>
    <up_axis>Y_UP</up_axis>
  </asset>
  <library_effects>
  </library_effects>
  <library_images>
  </library_images>
  <library_materials>
  </library_materials>
  <library_geometries>
    <geometry id="Chairs1-mesh" name="Chairs1">
      <mesh>
        <source id="Chairs1-mesh-positions">
          <float_array id="Chairs1-mesh-positions-array" count="1461">-0.215264 -0.489255 -0.317096 -0.247055 -0.475372 -0.30011 -0.252572 -0.47462 -0.326107 -0.226427 -0.460575 -0.324575 -0.243607 -0.400024 -0.326233 -0.220154 -0.315979 -0.31778 -0.269329 -0.41726 -0.323643 -0.258698 -0.3815 -0.294403 -0.165634 -0.239624 -0.323029 -0.267731 -0.431885 -0.287628 -0.217972 -0.477539 -0.285706 -0.19654 -0.292603 -0.285259 -0.246872 -0.426331 -0.287415 -0.204346 -0.46228 -0.286072 -0.056991 -0.482275 -0.284465 -0.126711 -0.455504 -0.28832 -0.225826 -0.448441 -0.308981 -0.23175 -0.406616 -0.306824 0.176603 -0.455093 -0.315182 0.046372 -0.45412 -0.295869 -0.195816 -0.489655 -0.296906 0.111183 -0.494141 -0.296875 -0.094578 -0.490913 -0.318514 0.056019 -0.48114 -0.325043 -0.038525 -0.462372 -0.286499 -0.169774 -0.299073 -0.28965 -0.131027 -0.246597 -0.312134 -0.187668 -0.266602 -0.297852 -0.140628 -0.236576 -0.281984 -0.14035 -0.198196 -0.287201 -0.106598 -0.189499 -0.276306 -0.093094 -0.174927 -0.287842 -0.092363 -0.176093 -0.083471 -0.105962 -0.188794 0.072028 -0.123199 -0.212753 -0.32373 -0.100578 -0.172501 -0.304413 -0.09285 -0.157028 -0.262787 -0.14473 -0.186203 -0.318115 -0.12822 -0.156754 -0.275696 -0.108452 -0.149362 -0.27956 -0.119679 -0.132668 -0.279556 0.05484 -0.152313 -0.261017 0.065943 -0.14735 -0.27927 -0.13574 -0.125055 -0.268211 -0.177018 -0.097013 -0.280421 -0.125189 -0.187798 -0.266398 -0.128677 -0.183365 0.08934 -0.197576 -0.107696 -0.280298 -0.170975 -0.14534 -0.262054 -0.137794 -0.166236 -0.215362 -0.124222 -0.150711 -0.239609 -0.137916 -0.159435 -0.033556 -0.124337 -0.150596 0.016239 -0.150574 -0.14473 -0.177399 -0.161785 -0.139188 0.026637 -0.126666 -0.151377 0.243571 -0.175217 -0.130417 -0.184814 -0.203754 -0.092194 -0.239981 0.058567 -0.48996 -0.323517 0.127609 -0.500549 -0.31546 0.192474 -0.464692 -0.324639 0.253804 -0.466678 -0.28577 0.246506 -0.488251 -0.285706 -0.092944 -0.160325 -0.148034 -0.092528 -0.159311 0.25792 -0.098602 -0.151184 -0.032558 -0.099457 -0.14983 0.241472 -0.036102 -0.151995 0.026556 -0.039665 -0.163964 -0.165839 0.013188 -0.155869 -0.071609 0.002655 -0.164963 -0.151283 -0.05032 -0.147659 -0.237045 0.03344 -0.147812 -0.243393 -0.09919 -0.150375 -0.238525 -0.092216 -0.165665 -0.092262 -0.058395 -0.180115 -0.102112 -0.075233 -0.188278 -0.100449 0.067223 -0.158966 -0.213013 0.091248 -0.1577 -0.157196 0.098017 -0.151155 -0.264213 0.109172 -0.16599 -0.228642 0.128337 -0.16574 -0.229235 0.126188 -0.148657 -0.245687 0.127975 -0.159668 -0.17363 0.105646 -0.169409 -0.13664 0.27263 -0.143902 -0.263044 0.284734 -0.135435 -0.279954 0.149619 -0.124129 -0.280757 0.281953 -0.110659 -0.264793 -0.003503 -0.128738 -0.269379 0.071968 -0.153137 0.011415 0.088719 -0.153964 -0.048976 0.106491 -0.151657 -0.006528 0.095257 -0.180639 0.010039 0.112309 -0.169602 -0.03177 0.11063 -0.172736 0.075598 -0.210175 -0.096092 -0.258667 -0.276093 0.152713 -0.265977 -0.25521 0.110159 -0.281951 -0.225204 0.087051 -0.280792 -0.215729 0.05508 -0.271973 -0.234711 0.153305 -0.274292 -0.178426 -0.085483 -0.256694 -0.170868 -0.07225 -0.272034 -0.098759 -0.048083 -0.272527 -0.273272 0.166117 -0.272334 -0.157227 0.185254 -0.272678 -0.12932 0.087072 -0.272399 -0.256234 0.095686 -0.249676 -0.184067 -0.121707 -0.059999 -0.205063 -0.087906 -0.023977 -0.227295 -0.004093 -0.099884 -0.254547 0.065475 0.103477 -0.252686 0.060902 0.00819 -0.26593 0.129684 -0.1633 -0.269165 0.156647 -0.243256 -0.28952 0.211029 -0.224396 -0.296183 0.241518 -0.247397 -0.067276 -0.124596 -0.275879 -0.04909 -0.05139 -0.276997 0.159934 -0.112529 -0.278116 -0.085078 -0.039387 -0.221879 -0.066772 -0.027084 -0.226526 -0.075855 -0.015175 -0.225123 -0.058761 -0.012545 -0.20135 0.186464 -0.03684 -0.278385 0.077484 -0.036167 -0.271118 0.019028 -0.043854 -0.264832 0.159821 -0.036037 -0.268158 0.032009 -0.038944 -0.139359 -0.088927 -0.044444 -0.21562 -0.090925 -0.038391 -0.129035 -0.090718 -0.038824 -0.066153 0.192772 -0.03071 -0.114245 0.051167 -0.038555 0.042904 -0.186844 -0.119231 0.201123 -0.203738 -0.08933 0.245618 -0.158737 -0.141281 0.232849 -0.222741 -0.018343 0.181807 -0.211246 -0.098346 0.263667 -0.173264 -0.142914 0.264069 -0.200455 -0.105003 0.284607 -0.167511 -0.138794 0.285156 -0.049028 -0.024019 -0.181409 -0.217985 -0.478155 0.291855 -0.246567 -0.47464 0.302399 -0.265717 -0.42807 0.293365 -0.270325 -0.443024 0.313995 -0.250132 -0.462541 0.333365 -0.24089 -0.413757 0.296692 -0.208883 -0.455879 0.298272 -0.227141 -0.449022 0.320095 -0.232651 -0.402771 0.321686 -0.262268 -0.4328 0.33374 -0.222174 -0.482134 0.333006 -0.199684 -0.489581 0.304971 -0.075302 -0.462708 0.331879 -0.26355 -0.401672 0.332062 -0.180054 -0.270081 0.332092 -0.238141 -0.338745 0.306724 -0.23558 -0.360962 0.29303 -0.080658 -0.45343 0.320953 0.21579 -0.454407 0.32135 -0.085068 -0.452667 0.292938 0.061955 -0.49236 0.320262 -0.0532 -0.47821 0.292145 0.129517 -0.493805 0.303894 0.138809 -0.484192 0.292053 0.147705 -0.469112 0.29136 0.063088 -0.46353 0.290779 0.241318 -0.488678 0.293335 0.270782 -0.491852 0.324036 0.24852 -0.486053 0.33252 -0.166084 -0.294704 0.296026 -0.140015 -0.258514 0.32196 -0.15155 -0.228241 0.291199 -0.148163 -0.198044 0.328156 -0.11846 -0.207393 0.330476 -0.134629 -0.164111 0.178338 -0.128623 -0.184453 0.280288 -0.130081 -0.157761 0.283264 -0.106236 -0.190098 0.292614 -0.092453 -0.175949 0.285706 -0.112206 -0.163651 0.313232 -0.101051 -0.151962 0.284424 -0.098957 -0.454863 0.297689 0.148797 -0.455673 0.301574 0.280273 -0.455139 0.296875 0.31403 -0.464605 0.332402 -0.059127 -0.150398 0.242854 0.004943 -0.160385 0.267212 0.084137 -0.147888 0.244431 -0.004458 -0.156652 0.281566 0.062619 -0.13127 0.285892 -0.014216 -0.132359 0.283297 -0.142868 -0.126785 0.284912 0.165018 -0.145812 0.054747 0.134049 -0.153152 0.267326 0.129333 -0.143311 0.24086 0.284516 -0.131522 0.285541 -0.126187 0.069339 0.139005 -0.098865 -0.039101 0.128102 -0.094955 -0.044201 0.270508 0.291841 -0.03887 0.074852 0.058128 -0.041363 0.205307 -0.057325 -0.04294 0.280902 0.284368 -0.030629 0.241023 -0.230019 0.013474 0.224753 -0.257775 0.089474 0.258733 -0.242065 0.050755 0.28479 -0.232689 0.109126 0.284664 -0.176586 -0.091214 0.279317 -0.14119 -0.121605 0.273254 -0.180146 -0.085781 0.259044 -0.170807 -0.073212 0.275848 -0.106048 -0.001802 0.276149 -0.239796 0.138465 0.276024 -0.151868 0.175528 0.276203 -0.149979 0.166016 0.142822 -0.078453 -0.126221 0.280121 0.082207 -0.043903 0.281963 -0.072914 -0.130157 0.274048 0.070213 -0.125995 0.272401 0.379897 -0.103917 0.267447 0.349335 -0.108185 0.280212 0.270233 -0.1036 0.282471 0.105316 -0.116798 0.282074 0.365835 -0.051546 0.282695 0.026987 -0.041672 0.27734 0.33419 -0.028269 0.273066 0.266986 -0.496029 -0.313396 0.286198 -0.493488 -0.3015 0.207153 -0.48526 -0.325348 0.249451 -0.467224 -0.324677 0.280165 -0.450176 -0.308172 0.329895 -0.454193 -0.2854 0.305573 -0.438446 -0.288544 0.31604 -0.415497 -0.315063 0.327576 -0.404663 -0.287354 0.318146 -0.400238 -0.297852 0.311218 -0.353699 -0.314331 0.279022 -0.165436 -0.29895 0.320533 -0.471486 -0.323626 0.35072 -0.419965 -0.323723 0.325531 -0.398071 -0.322968 0.344025 -0.395111 -0.323822 0.246663 0.083588 -0.3221 0.263182 0.091294 -0.32307 0.259698 -0.037595 -0.314582 0.349976 -0.368958 -0.315796 0.271654 0.090273 -0.314022 0.308728 -0.138165 -0.299418 0.349639 -0.397973 -0.289335 0.305695 -0.1586 -0.289398 0.306549 -0.140137 -0.261841 0.277043 -0.132209 -0.291749 0.271729 -0.153122 -0.286957 0.289605 -0.167938 -0.28841 0.27871 -0.169904 -0.061053 0.296738 -0.173768 0.021185 0.306544 -0.163132 -0.138443 0.274943 -0.16651 0.118943 0.272522 -0.160095 -0.026731 0.288612 -0.171996 0.133219 0.305392 -0.161819 0.095295 0.305974 -0.14649 -0.058764 0.110313 -0.154297 -0.146378 0.194024 -0.144411 -0.145514 0.286194 -0.135818 0.011118 0.28084 -0.134796 -0.233681 0.340978 -0.104929 -0.276667 0.37304 -0.123432 -0.273543 0.38274 -0.135718 -0.24096 0.298584 -0.133255 -0.232742 0.294769 -0.134964 -0.114807 0.293725 -0.134849 0.054227 0.358327 -0.128466 -0.232497 0.362691 -0.129474 -0.037271 0.273235 -0.145656 -0.029622 0.272731 -0.143496 0.256295 0.28653 -0.132645 0.18663 0.199875 -0.135681 0.244202 0.283295 -0.130707 0.2444 0.134333 -0.148771 0.249422 0.307252 -0.14138 0.270295 0.355559 -0.126892 0.234238 0.295227 -0.131027 0.239227 0.384631 -0.135312 0.254476 0.365933 -0.093367 -0.278238 0.35324 -0.028828 -0.27815 0.310699 -0.026827 -0.270599 0.290748 -0.026382 -0.112235 0.294448 -0.111972 -0.288369 0.237337 0.095073 -0.302785 0.214141 0.139932 -0.322868 0.19339 0.128342 -0.323608 0.186234 0.118927 -0.316772 0.189499 0.115387 -0.303009 0.191498 0.125458 -0.288452 0.246643 0.093353 -0.290375 0.264546 0.108331 -0.2915 0.215864 0.140492 -0.289344 -0.147324 0.126766 -0.288719 0.242241 0.139352 -0.309623 0.377319 -0.101982 -0.238022 0.405193 -0.09235 -0.259851 0.404883 -0.039819 -0.258447 0.407057 -0.030624 -0.1843 0.408297 -0.033128 -0.049 0.4002 -0.107831 -0.221524 0.395416 -0.104767 -0.115623 0.401765 -0.124345 -0.234663 0.402246 -0.128708 0.171812 0.408264 -0.097198 -0.128754 0.24625 -0.03878 -0.070869 0.280304 -0.02837 -0.069786 0.39679 -0.104309 0.097359 0.382468 -0.044529 -0.071285 0.407191 -0.060975 -0.00674 0.339135 -0.038591 -0.043401 0.408142 -0.098183 0.128754 0.392914 -0.102852 0.23848 0.357025 -0.038742 0.012294 0.342865 -0.03788 0.072884 0.408203 -0.063103 0.027761 0.40869 -0.035208 0.068677 0.405878 -0.025723 0.247468 0.394791 -0.056406 0.069666 0.405914 -0.094612 0.246552 0.391207 -0.029981 0.270157 0.391663 -0.095543 0.273376 0.333134 -0.028625 0.285409 0.327616 -0.46953 0.297598 0.324677 -0.428925 0.293793 0.350739 -0.418427 0.294983 0.297437 -0.446105 0.32552 0.316315 -0.382782 0.304626 0.290279 -0.170181 0.296051 0.27787 -0.164353 0.305869 0.350607 -0.394321 0.33184 0.320984 -0.400085 0.329132 0.284298 -0.153949 0.329613 0.289079 -0.225724 0.322315 0.338368 -0.294862 0.314577 0.317851 -0.221299 0.330347 0.306609 -0.161057 0.296642 0.311157 -0.202225 0.296143 0.313873 -0.122833 0.301056 0.315308 -0.187286 0.291229 0.306548 -0.137457 0.300329 0.299438 -0.077438 0.319244 0.281647 -0.131439 0.296661 0.282562 -0.025047 0.332703 0.262742 0.115973 0.331158 0.273407 -0.063675 0.332764 0.244912 0.103969 0.330551 0.240834 0.08764 0.322704 0.239949 0.085236 0.308672 0.192612 0.135834 0.331085 0.169357 0.11924 0.325684 0.209076 0.112877 0.309204 0.248026 0.087599 0.2988 0.216641 0.125278 0.297026 0.255257 0.117985 0.299293 0.269733 0.104063 0.309822 0.398254 -0.127213 0.244308 0.400635 -0.109169 0.226181 0.34787 -0.128235 0.283569 -0.202996 0.112808 -0.287941 -0.159866 0.104233 -0.302979 -0.210433 0.108352 -0.318292 -0.219213 0.15165 -0.327713 -0.145844 0.120171 -0.3237 -0.156189 0.129059 -0.325867 -0.294531 0.255333 -0.272334 -0.178486 0.234537 -0.272424 -0.21463 0.147537 -0.292358 -0.154024 0.143914 -0.290434 -0.149261 0.150391 -0.314453 -0.311707 0.252472 -0.053947 -0.335083 0.327515 -0.171417 -0.363543 0.405769 0.054943 -0.359584 0.402501 -0.180286 -0.326744 0.33322 -0.227081 -0.348938 0.390198 -0.245666 -0.330791 0.382337 -0.272453 -0.344881 0.40694 -0.2645 -0.246368 0.399261 -0.272308 -0.249597 0.43071 -0.261769 -0.251531 0.443823 -0.166417 -0.187729 0.265106 -0.215103 -0.256958 0.453186 -0.234329 -0.363151 0.43307 -0.226747 -0.374571 0.426688 -0.171739 -0.372015 0.418409 -0.098142 -0.377863 0.449628 -0.103158 -0.367493 0.444366 -0.121117 -0.342022 0.442722 -0.15606 -0.36719 0.453987 -0.070887 -0.365723 0.44455 -0.065224 -0.3446 0.442573 -0.047277 -0.258572 0.46371 -0.145061 -0.264518 0.463911 -0.174053 -0.250565 0.443992 -0.140068 -0.182617 0.254089 -0.069412 -0.314331 0.2547 0.049404 -0.342651 0.343079 0.051254 -0.153967 0.175052 -0.186204 -0.35966 0.460308 -0.05581 -0.374725 0.437378 -0.065308 -0.374006 0.423099 0.056783 -0.353814 0.448407 0.193448 -0.374023 0.438995 0.139175 -0.343511 0.440988 0.204946 -0.270262 0.461433 0.031982 -0.262263 0.462305 0.203322 -0.255371 0.452393 0.01833 -0.190699 0.275401 0.165953 -0.25203 0.430898 0.263504 -0.262701 0.468761 0.00887 -0.264274 0.112344 0.200364 -0.281763 0.197557 0.242523 -0.281487 0.179295 0.262225 -0.265354 0.116065 0.28164 -0.28119 0.207054 0.277939 -0.252655 0.155045 0.276764 -0.216166 0.107066 0.323704 -0.19878 0.103067 0.310873 -0.194576 0.113871 0.295994 -0.214554 0.139297 0.296295 -0.216083 0.150162 0.334883 -0.151886 0.125366 0.332123 -0.160401 0.150904 0.344068 -0.149979 0.127899 0.344971 -0.168976 0.150894 0.316986 -0.154724 0.13652 0.296936 -0.083603 0.129944 0.296661 -0.323669 0.311646 0.229446 -0.338218 0.372719 0.257536 -0.357208 0.402435 0.215073 -0.369733 0.415807 0.222441 -0.336402 0.380399 0.276027 -0.19851 0.291664 0.276037 -0.241864 0.398564 0.275782 -0.343048 0.406921 0.26709 -0.365031 0.429032 0.234288 -0.267273 0.451202 0.236725 -0.24201 0.442462 0.047202 -0.179703 0.340179 0.110672 -0.195766 0.339122 0.099245 -0.18628 0.29838 0.13281 -0.144239 0.130471 -0.280217 -0.093812 0.153352 -0.279869 -0.147229 0.150127 -0.336779 0.002132 0.159332 -0.337006 0.253483 0.17467 -0.336559 0.01305 0.134971 -0.336096 0.253528 0.174787 -0.279564 -0.14978 0.129517 -0.336456 -0.000765 0.132309 -0.323395 -0.015054 -0.015083 -0.178331 0.264858 0.142883 -0.28095 0.26355 0.14595 -0.33609 -0.149185 0.150635 0.287567 -0.140227 0.128681 0.287551 0.087185 0.138351 0.288286 0.088018 0.167521 0.287899 -0.150061 0.152108 0.345433 -0.083539 0.15396 0.334936 -0.053036 0.131454 0.330109 0.133826 0.137095 0.340266 0.048035 0.142563 0.345245 0.015846 0.163972 0.345035 0.265027 0.142827 0.344561 -0.031134 0.123184 0.330475 -0.170985 0.232086 0.205668 -0.15195 0.217133 0.22098 0.050041 0.161873 0.296904 -0.043587 -0.014161 0.129913 -0.040447 -0.013595 0.113129 -0.003848 -0.03904 0.122055 0.118752 0.113045 0.310852 0.199835 0.138921 0.297712 0.253526 0.174551 0.34497 0.265559 0.143132 0.288246 0.253754 0.174713 0.286377 0.226318 0.141037 0.319916</float_array>
          <technique_common>
            <accessor source="#Chairs1-mesh-positions-array" count="487" stride="3">
              <param name="X" type="float"/>
              <param name="Y" type="float"/>
              <param name="Z" type="float"/>
            </accessor>
          </technique_common>
        </source>
        <source id="Chairs1-mesh-normals">
          <float_array id="Chairs1-mesh-normals-array" count="2907">-0.375736 -0.925212 0.052975 0.0635 -0.009313 -0.997938 -0.873288 0.436535 -0.216347 -0.107649 0.011263 -0.994125 -0.466063 0.274972 -0.840938 -0.165976 0.100281 -0.981018 -0.426084 -0.430893 0.795477 -0.869832 -0.46269 0.171203 -0.958333 -0.276961 -0.069936 -0.974157 0.190888 0.120751 -0.407433 0.193068 0.892593 -0.006612 -0.013626 0.999885 -0.016622 0.023978 0.999574 -0.006429 0.02973 0.999537 -0.006818 0.030077 0.999524 0.013145 0.175976 0.984307 -0.056414 0.830294 0.554464 0.641327 0.753183 -0.14634 0.74986 0.072292 0.657635 0.86554 0.147292 -0.478691 0.936148 0.259094 -0.23769 0.00358 0.789143 -0.614199 0.017537 0.997531 0.068003 -0.01461 -0.999877 -0.005693 -0.268527 -0.871126 0.411136 -0.274495 -0.929582 0.246028 0.005455 0.953944 0.299937 -0.017399 -0.556024 -0.830984 -0.007067 -0.477923 -0.878373 -0.026179 -0.703979 0.709738 -0.011709 -0.797216 0.603581 -0.011759 0.112454 0.993587 0.827399 -0.513236 0.228032 0.847796 -0.511144 0.141327 0.685607 -0.450527 -0.571812 0.144857 -0.070426 0.986943 -0.846983 0.525928 0.077583 -0.750201 0.477497 0.457379 -0.388795 0.126856 0.912549 -0.811986 0.576185 -0.09322 -0.813154 0.573974 -0.096611 -0.548505 0.508587 0.663687 0.118039 -0.174944 0.977477 0.810777 -0.427207 0.400168 -0.33462 0.129304 0.93344 0.740023 -0.531411 0.412272 0.787587 -0.590535 0.175997 0.730887 -0.682467 -0.006509 0.683947 -0.729532 0.000228 0.605134 -0.379724 -0.69973 -0.042101 0.040409 -0.998296 0.877795 -0.323945 -0.352895 0.850455 -0.304806 -0.428741 0.843555 0.43307 -0.317593 -0.098099 0.129144 -0.986762 0.180352 0.341349 -0.922472 -0.907702 0.331543 0.257208 -0.951126 0.217567 0.219142 -0.014221 0.729575 -0.683753 -0.38873 0.820801 -0.418539 0.693866 0.623353 -0.360529 -0.153565 -0.103064 -0.982749 0.033916 -0.896678 -0.441382 0.011576 -0.966663 -0.255789 0.001647 0.001323 -0.999998 0.518357 0.837758 0.171661 0.115848 -0.919648 0.375269 -0.825212 0.086599 0.558145 -0.089982 -0.995941 0.002181 -0.225262 -0.974248 0.00993 -0.037164 -0.145289 -0.988691 -0.384015 -0.608086 -0.694812 -0.972866 -0.148204 -0.177671 -0.198569 -0.96281 0.183213 -0.769249 0.638581 -0.021706 -0.925181 -0.379501 -0.004345 -0.842247 -0.538737 0.019585 -0.455829 0.889434 -0.033577 -0.753364 0.657604 -0.000635 -0.220594 -0.975366 0.000338 -0.132543 -0.990406 0.039082 -0.288837 -0.957325 0.010131 -0.293019 -0.956086 -0.006285 -0.501324 -0.86525 -0.004045 -0.527425 -0.839103 0.133153 -0.838609 -0.541575 0.058579 -0.013925 -0.999763 -0.016733 -0.03101 -0.179087 -0.983344 -0.019597 -0.683163 -0.730003 0.00551 0.098326 -0.995139 0.000082 0.023876 -0.999715 0.006845 0.707505 -0.706675 -0.00097 0.102559 0.994726 0.004119 0.001597 0.99999 0.030116 0.598897 0.800259 0.008703 0.71003 0.704117 0.999478 0.032299 -0.001103 0.999736 0.022713 -0.003447 0.837446 0.546515 -0.002222 0.807672 0.589633 -0.000393 -0.017592 -0.999833 0.004885 -0.072752 -0.995341 0.063266 -0.042384 -0.996147 0.076773 0.043571 -0.997172 0.061226 -0.065238 -0.990423 0.121677 0.999899 -0.014212 0.00041 0.056474 -0.971346 -0.230863 -0.133811 -0.970176 -0.202122 -0.016053 -0.981997 -0.188213 0.021761 -0.950491 0.309988 0.027314 -0.960082 0.278383 0.05855 -0.991858 -0.113093 0.758074 0.651881 0.019346 0.045042 -0.960356 0.275113 -0.193042 0.202572 -0.960052 -0.121092 -0.967801 -0.220676 0.080895 -0.996648 -0.012206 -0.257941 -0.963832 -0.067041 0.167229 -0.984668 -0.049637 -0.68399 -0.724218 -0.087557 0.016089 -0.989832 -0.141329 0.000157 -0.922928 -0.384972 0.006774 -0.965981 -0.258524 0.484744 -0.57434 -0.659664 0.99292 0.118604 -0.0065 0.526863 -0.844551 0.095648 0.040911 -0.996552 0.07218 0.041407 -0.944189 -0.326791 0.048054 -0.906497 -0.419468 0.000444 -0.065479 -0.997854 -0.002736 -0.054063 -0.998534 -0.053822 0.937194 -0.34463 -0.005419 -0.999311 0.036712 -0.138533 -0.981739 0.130376 0.083516 -0.995827 0.036802 0.058285 -0.997854 0.029831 0.084066 -0.995797 0.036336 -0.640753 -0.767661 0.011526 -0.895998 -0.433413 -0.096647 -0.583906 -0.810124 -0.052479 0.171171 -0.973293 -0.152976 0.364787 -0.930758 -0.024894 0.485749 -0.873495 -0.032474 0.513559 -0.857885 -0.01701 -0.780376 -0.612493 -0.12596 -0.889104 -0.246883 -0.385413 -0.83881 -0.225668 -0.495451 0.041107 0.003295 -0.999149 0.003609 -0.018433 -0.999824 -0.004332 -0.003153 -0.999986 0.960314 0.251157 -0.121313 0.912539 0.167538 -0.3731 0.595335 0.735995 -0.322315 0.966268 0.249483 -0.063904 0.592034 0.442607 0.673494 -0.754224 -0.265438 -0.600573 0.014221 -0.062782 -0.997926 -0.062477 -0.035625 -0.99741 -0.002238 -0.004416 -0.999988 -0.003512 -0.003843 -0.999986 -0.004522 -0.001114 -0.999989 -0.006647 -0.00056 -0.999978 -0.714508 -0.594139 0.369427 -0.903491 -0.233834 0.359201 -0.924223 -0.236045 0.300157 -0.791767 -0.610673 -0.013528 -0.846845 -0.531812 0.005428 -0.966404 -0.257028 -0.000752 -0.963203 -0.268682 0.007115 -0.931894 -0.362729 -0.000795 -0.953792 -0.297008 -0.045463 -0.960881 -0.276958 0.001153 -0.978437 -0.204449 -0.029357 -0.919417 -0.228717 0.319939 -0.942068 -0.327529 -0.072333 -0.906097 -0.272662 0.323486 -0.942478 -0.306533 -0.133317 -0.111289 -0.002251 -0.993786 -0.089177 0.006944 -0.995992 0.018704 0.842299 -0.538687 -0.031786 0.999231 -0.022937 0.029203 0.947793 0.317546 0.029347 -0.687193 -0.725882 0.214733 0.048887 0.975448 -0.214733 -0.048887 -0.975448 -0.774724 0.364355 0.516767 0.774724 -0.364355 -0.516767 -0.009156 -0.012995 -0.999874 0.06353 -0.887057 -0.457268 -0.005801 -0.001522 -0.999982 -0.045533 0.666095 -0.744476 -0.033401 0.589418 -0.807137 -0.06291 0.873397 0.482929 -0.02529 0.741072 0.670949 -0.056183 0.997867 -0.033232 -0.022236 0.999076 -0.036791 -0.001367 0.997562 -0.069777 0.00508 0.999963 0.006874 -0.047332 0.99858 -0.024433 -0.000276 0.999998 -0.002106 -0.051669 0.998659 0.003299 -0.03202 0.997787 -0.058268 -0.637581 -0.770336 0.008547 -0.619306 -0.785149 0.000858 -0.851398 -0.524505 -0.004082 -0.86958 -0.49379 0.001664 -0.618038 -0.786148 0.001154 -0.966742 -0.255731 0.003399 -0.967192 -0.254033 0.002786 -0.934021 -0.357205 -0.002969 -0.722455 -0.66886 0.175173 -0.70111 -0.477056 -0.529965 -0.708098 -0.606734 -0.361207 -0.748972 -0.63666 0.18359 -0.682124 -0.659908 0.315004 -0.764345 0.322256 0.558505 0.764345 -0.322256 -0.558505 -0.362313 -0.318868 -0.875815 -0.779002 -0.412011 -0.472655 -0.760566 -0.629635 0.158425 0.074655 0.101074 -0.992074 0.264729 0.165521 -0.950011 0.714135 0.5585 0.422005 0.925284 0.122582 -0.358921 0.487278 0.028024 0.872797 0.283135 0.103497 0.953479 -0.55401 -0.795072 0.246846 -0.304081 -0.952603 0.009095 -0.257352 -0.877283 -0.405148 0.008494 -0.006202 0.999945 -0.800232 -0.332827 0.498854 -0.922603 -0.01721 0.385367 -0.079788 0.050395 0.995537 -0.977888 0.194161 -0.077696 -0.760193 0.482248 0.435365 -0.935968 0.313044 -0.161143 -0.703197 0.312589 -0.638594 0.006776 0.694595 0.719369 0.019313 0.766764 0.641639 0.001647 0.762652 0.646807 0.029941 0.999298 0.022501 -0.038641 0.943602 -0.32882 -0.04876 0.294855 -0.954297 -0.024247 -0.970856 0.238432 0.000904 -0.753393 -0.65757 -0.012705 -0.999279 0.035779 -0.019837 -0.624846 -0.780496 -0.011982 -0.771681 -0.635897 -0.001872 -0.044796 -0.998994 0.000481 -0.096433 -0.995339 0.010215 -0.051908 -0.9986 -0.025504 -0.766218 -0.642074 0.032779 -0.990459 -0.133852 0.000776 -0.995839 0.091123 -0.007908 -0.835119 0.550013 -0.00649 -0.845582 0.533807 0.180941 -0.086155 -0.979713 0.119566 -0.080664 -0.989544 0.845746 -0.531676 -0.045113 0.837982 -0.537945 -0.091659 0.683201 -0.439836 0.582908 0.139806 -0.102104 -0.984901 -0.598617 0.369197 -0.71088 -0.755362 0.539673 -0.371727 -0.682181 0.337452 0.648656 -0.053227 0.077969 0.995534 0.03279 -0.006446 0.999441 0.596197 -0.37005 0.712469 -0.612836 0.789751 0.026932 -0.94513 -0.32661 0.007453 -0.83225 0.554361 -0.006624 -0.957171 -0.28952 -0.001376 -0.863324 0.504603 0.006882 -0.997117 -0.0597 0.046833 -0.241697 -0.970336 -0.005459 -0.236788 -0.971543 -0.006041 0.715507 -0.698598 -0.00324 0.685311 -0.72825 0.000452 0.999988 0.004926 0.000243 0.36273 -0.399687 -0.84183 0.111967 -0.096317 -0.989033 0.85315 -0.493609 -0.168775 -0.882461 0.40064 -0.246474 -0.924988 -0.008175 -0.379909 -0.512869 0.73129 0.449645 -0.19832 0.932586 0.301583 0.04097 0.361353 0.931528 0.909153 -0.401657 0.110056 0.82885 0.098575 0.550718 0.831433 0.322223 0.452649 0.685334 -0.720218 -0.107719 0.918647 0.340047 0.201137 0.001771 0.033256 -0.999445 -0.265326 -0.302587 -0.915447 -0.03295 0.169347 -0.985006 -0.068136 -0.814824 -0.57569 -0.068136 -0.814824 -0.57569 0.139595 -0.989 -0.048907 -0.012707 -0.757746 0.652425 0.045197 0.602133 -0.797116 -0.005657 0.99898 -0.044799 -0.030859 0.606383 -0.794574 0.03463 0.06504 -0.997282 0.002748 0.746956 0.664868 -0.001298 0.009445 0.999955 0.001425 0.047185 0.998885 0.00428 0.997888 -0.064812 0.003386 0.997154 -0.075314 -0.014284 -0.999881 0.005861 0.004975 -0.865456 -0.50096 0.033369 -0.890865 -0.453041 0.020531 -0.90494 -0.425044 -0.032776 -0.972307 0.231397 -0.039355 -0.966086 0.255204 0.018442 -0.215144 0.976408 -0.036003 0.215546 0.97583 0.012617 0.001564 0.999919 -0.027022 -0.064227 0.997569 -0.007358 -0.999711 0.022904 0.069752 -0.997387 0.018825 0.053384 -0.957356 0.283937 0.053053 -0.941727 -0.332168 0.06604 -0.931347 -0.358093 0.070253 -0.881665 0.466618 0.969849 0.24023 0.041021 0.969116 0.24596 -0.017799 -0.298661 -0.954345 -0.005274 -0.245788 -0.955294 -0.164324 -0.249813 -0.952411 -0.174663 -0.422043 -0.86115 0.283372 0.029794 -0.040835 0.998722 -0.002899 0.999995 0.001307 0.00037 0.999975 0.007064 -0.003248 0.999351 0.035875 -0.027606 0.999392 -0.021313 0.002661 0.999712 0.02387 -0.039255 0.997914 -0.051257 -0.813983 -0.308042 -0.492485 -0.969518 -0.244445 0.01678 -0.942293 -0.239578 -0.23385 -0.94579 -0.22823 0.23107 -0.892014 -0.238753 0.383806 -0.024621 -0.007753 0.999667 0.000421 0.002098 0.999998 -0.045311 0.11316 0.992543 0.637828 0.665548 0.387584 0.65742 0.748696 0.085166 -0.624767 -0.417726 0.659675 0.032488 -0.033661 0.998905 -0.837092 -0.221066 -0.500407 0.957591 0.265155 0.112752 0.959857 0.262755 -0.098151 -0.75664 -0.247105 0.605339 -0.002735 -0.001723 0.999995 -0.255235 -0.192827 0.947456 0.967059 0.254352 -0.010065 -0.001716 -0.000752 0.999998 0.968193 0.25017 -0.004126 0.970699 0.239606 -0.018249 0.97053 0.237155 0.04276 -0.108234 0.007733 0.994095 -0.086534 0.012612 0.996169 -0.007658 -0.007434 0.999943 -0.022401 -0.912406 -0.408673 0.049922 -0.816675 0.574935 0.042829 0.998498 -0.034156 0.030496 -0.825803 0.563134 -0.022841 0.930205 0.36633 -0.025135 0.935742 0.351788 -0.061741 0.94084 0.333177 0.076507 -0.986245 -0.146516 0.068974 -0.85049 0.52145 0.065136 -0.830492 0.553209 0.033493 -0.782197 0.62213 -0.002416 0.000136 0.999997 -0.00256 0.000707 0.999996 -0.010534 -0.001821 0.999943 0.003253 0.915268 0.402833 0.001361 -0.171501 0.985183 0.001789 0.217887 0.975972 0.017415 -0.999806 0.009235 -0.015133 0.999883 -0.002254 -0.044997 0.998872 -0.015169 -0.043665 0.99903 -0.005679 -0.013907 -0.99976 -0.0169 0.008817 -0.980717 0.195232 0.014352 0.014102 -0.999798 -0.006687 -0.172349 -0.985013 0.013685 -0.707833 -0.706247 0.02857 -0.480568 -0.876492 -0.0011 0.033676 -0.999432 0.000897 0.035099 -0.999383 0.031886 0.727704 -0.68515 0.017434 0.679057 -0.733878 -0.02931 0.968714 -0.246444 0.018542 0.794468 0.607022 -0.005663 0.004906 0.999972 -0.47322 0.876462 0.088753 -0.029646 0.151431 0.988023 -0.608768 0.702863 0.367947 -0.106278 0.03421 0.993748 -0.950653 0.280573 -0.132432 -0.607646 0.371027 0.702214 -0.978742 -0.078611 0.18943 -0.763644 -0.124276 0.633564 -0.985124 -0.164379 -0.050102 0.076162 -0.520654 -0.850364 0.014906 0.002263 -0.999886 0.01416 -0.010178 -0.999848 0.333592 -0.87455 -0.351965 0.615148 -0.763933 0.194937 0.233997 -0.579929 0.780338 -0.41694 0.896461 -0.15006 -0.235759 0.051045 -0.97047 -0.26609 -0.274241 -0.924115 -0.043639 -0.01572 -0.998924 -0.598292 -0.037195 -0.800414 -0.045258 -0.005611 -0.99896 -0.765923 -0.124277 -0.630807 -0.055087 -0.007612 -0.998453 -0.736057 -0.120496 -0.666108 0.862692 -0.505431 0.017366 0.525242 0.138166 -0.839661 0.609577 0.10253 -0.786068 0.731155 0.127288 -0.670232 0.978815 0.166476 0.119192 0.923854 -0.308603 0.226401 0.999641 0.010778 0.024538 0.076467 0.042862 0.99615 0.969134 0.159887 0.187655 0.084682 0.015809 0.996283 0.818464 0.150401 0.554524 0.991201 -0.122112 0.051079 -0.982441 -0.1602 -0.095635 -0.95917 -0.113302 0.259145 -0.815516 0.075777 -0.573752 -0.013495 -0.807713 0.589422 -0.714385 -0.111504 0.690811 0.053718 0.013074 0.998471 -0.957766 0.206949 0.199641 -0.141998 -0.989748 -0.015365 0.492301 -0.869984 -0.027724 -0.858612 -0.512558 -0.008302 -0.862133 -0.506571 -0.010648 -0.212445 -0.976995 -0.018631 0.500431 -0.865298 -0.028793 -0.264369 -0.964339 0.012654 -0.362058 -0.932084 -0.01152 0.608186 -0.791772 0.056634 0.999929 0.010921 0.004863 0.750632 -0.655517 0.082763 0.9598 -0.279442 0.026403 0.364787 -0.930758 -0.024894 0.942064 -0.329939 -0.060466 0.9593 0.281616 0.020904 0.960097 0.278708 0.023154 -0.628985 0.744789 0.222861 0.077629 -0.996762 0.020936 0.117581 -0.992353 -0.037563 0.117173 -0.993061 0.010025 0.084051 -0.996448 0.005203 -0.013168 -0.694478 -0.719393 -0.909452 -0.342056 -0.236421 0.064196 -0.958093 0.27917 -0.743913 0.632475 -0.2158 -0.996471 0.083774 0.005283 -0.864926 -0.501783 -0.010809 -0.749926 0.322868 0.577379 0.161587 0.984969 0.061041 0.077063 -0.034697 -0.996422 -0.152075 0.896622 0.415862 0.159357 -0.907136 -0.389499 -0.006174 -0.973514 0.228543 0.702799 0.710976 0.024232 0.998837 -0.048196 0.001319 0.998566 0.053377 -0.004014 0.635153 0.771735 0.031728 0.707492 0.706711 0.003892 0.051514 -0.680033 0.73137 0.079953 -0.996728 -0.011857 0.07925 -0.996854 0.001166 -0.284314 -0.95873 0.001407 0.088647 -0.996038 -0.007124 0.061624 -0.99744 0.036289 -0.998748 0.049943 0.002964 0.787677 -0.616045 0.00734 -0.590319 0.807138 -0.007141 -0.9988 0.048925 -0.002133 -0.656007 0.754653 -0.012392 0.088556 -0.995911 0.01784 0.062703 -0.997157 0.041785 -0.798118 0.599009 -0.064785 0.059397 -0.997556 0.036789 0.032168 -0.505064 -0.862482 0.061935 -0.706688 -0.70481 0.614554 0.788739 -0.014634 0.093417 -0.995556 0.011921 0.682401 0.730687 -0.020637 0.07002 -0.997344 0.020037 0.037474 -0.943603 -0.328951 -0.004746 -0.925668 -0.378307 -0.000271 -0.003461 -0.999994 0.001332 0.001627 -0.999998 -0.041721 0.882261 -0.468908 -0.032005 0.830039 -0.556786 0.047561 0.998863 0.003185 -0.028063 0.658936 0.751675 -0.061099 0.998076 -0.010503 -0.043599 0.99873 -0.025238 -0.668723 0.480359 0.567508 0.012909 0.083583 -0.996417 -0.09951 0.994929 -0.014612 -0.217178 0.344596 -0.913284 0.075374 -0.813962 -0.576007 -0.984485 -0.16985 0.044058 -0.920262 -0.12205 -0.371781 -0.041193 -0.037394 -0.998451 -0.859219 -0.497572 -0.119019 0.205835 -0.309221 -0.928447 -0.039603 -0.567201 -0.822627 -0.386297 -0.911264 -0.142733 -0.32396 -0.756632 0.567941 -0.802409 -0.111715 0.586224 -0.481486 -0.841677 0.244439 -0.15963 -0.027524 0.986793 0.045695 0.020398 0.998747 0.035685 0.001448 0.999362 -0.000555 0.060112 0.998192 0.052394 0.012375 0.99855 0.842136 0.518093 -0.149623 0.469364 0.672076 0.572723 0.674664 0.456318 -0.580175 0.396905 0.403613 -0.824356 0.090732 -0.995689 -0.019241 -0.75364 0.657252 0.006893 0.631049 0.016861 0.77556 0.724744 0.108044 0.680495 0.970709 0.16849 0.171274 0.386077 -0.873537 -0.296441 0.13962 -0.959403 -0.245056 0.369183 0.07387 -0.926416 0.423413 0.026709 -0.905543 0.252374 0.959343 -0.126365 0.035635 0.999364 -0.001314 0.047607 0.998703 0.018047 0.469506 0.729649 -0.497168 0.527815 0.697446 -0.484748 0.258634 0.965838 -0.016266 0.712138 0.477185 -0.514931 0.515446 -0.856866 -0.009805 0.563747 -0.703326 -0.433039 0.296615 -0.954063 -0.042234 0.999523 0.006706 -0.030134 0.999723 -0.001452 -0.023474 0.999903 0.010653 -0.008969 -0.047745 0.96977 0.239304 -0.291459 0.956204 -0.026924 -0.004746 0.998949 0.045595 0.197229 0.978451 -0.061105 -0.638274 0.769617 0.017173 0.103631 -0.994595 -0.00642 0.439527 -0.894167 -0.085329 0.506484 -0.862248 -0.001413 -0.640689 0.648719 0.410707 -0.102223 0.928645 -0.356608 -0.036389 0.901852 0.43051 0.02838 0.998152 0.05373 0.999999 -0.001096 0.00047 0.995828 -0.085964 -0.030594 0.481579 -0.876397 -0.003121 0.428973 -0.903071 0.021106 -0.001055 0.999999 0.000945 -0.020126 0.999618 -0.018927 0.365705 0.923603 -0.114965 0.418591 0.907124 0.043672 0.40792 0.909292 0.082395 -0.993928 0.104129 0.035569 0.99992 -0.012141 -0.003613 0.999863 0.006004 0.015407 -0.794979 0.505588 -0.335245 0.333295 0.941803 -0.043837 -0.063586 -0.004879 -0.997964 0.999821 0.000279 0.0189 0.519086 -0.853976 0.035702 0.450078 -0.876659 0.17 0.840313 -0.006766 0.54206 0.485424 -0.843858 0.228618 0.882306 0.029192 0.46977 0.099556 -0.664375 0.740739 0.084215 -0.158903 0.983696 0.409713 0.047575 0.910973 0.251493 0.248006 0.935545 -0.003137 0.999988 0.003718 -0.219078 0.640049 0.736439 0.231848 0.960185 0.155854 0.220574 -0.925667 -0.307389 0.466335 -0.83226 0.299791 0.034903 0.064725 -0.997293 -0.013452 -0.09426 -0.995457 0.080479 -0.087224 -0.992933 -0.506501 0.861656 0.031724 -0.762335 0.013769 -0.647036 -0.970012 -0.127147 -0.207146 -0.647941 -0.109752 -0.753742 -0.085072 0.963725 -0.252977 -0.077821 0.285502 0.955213 0.176209 -0.533673 0.82713 -0.24642 0.135915 0.959586 -0.0842 -0.03507 0.995832 -0.817894 0.384933 0.42764 -0.088106 -0.015076 0.995997 -0.982205 -0.177301 0.061952 -0.765604 -0.115345 0.632888 -0.984558 -0.173421 0.023876 0.885438 -0.387502 0.256597 0.821502 -0.424474 0.380732 0.913416 0.176093 0.366963 -0.988206 -0.152825 0.009691 0.518729 -0.854939 0.0001 -0.414025 -0.910107 0.016988 -0.385194 -0.922726 0.01423 0.487595 -0.873057 0.004741 -0.846991 0.061654 -0.528019 0.040252 0.013343 -0.9991 0.029146 0.012598 -0.999496 0.894271 0.156038 -0.419442 0.991555 0.110127 -0.068489 0.773636 0.099756 -0.625728 0.963936 0.176862 -0.198865 0.878353 0.147508 0.454684 0.999722 -0.001111 0.02357 -0.00736 0.007235 0.999947 0.103305 -0.994097 0.033168 0.105891 -0.993808 0.03366 -0.536102 -0.817964 -0.208636 0.114676 -0.805875 -0.580875 0.997786 -0.06645 -0.002843 0.999161 -0.040532 -0.005885 -0.979739 -0.1995 0.017648 0.048738 -0.970364 -0.23668 0.092484 -0.933993 0.345115 -0.914696 0.3298 0.233589 -0.967385 0.041067 -0.249959 0.227436 0.972434 0.05143 0.329443 0.937184 -0.114692 -0.071742 -0.02487 0.997113 0.855108 0.147794 0.496937 0.821583 0.121572 0.556976 0.101461 -0.022476 0.994586 -0.772159 -0.114974 0.624942 -0.037799 0.005631 0.99927 -0.028528 0.008341 0.999558 -0.736503 -0.114219 0.666722 -0.756428 -0.120089 0.642958 -0.984498 -0.151681 0.088073 -0.010804 -0.034472 0.999347 -0.099321 -0.179413 0.978747 -0.192085 -0.977648 -0.085479 -0.540674 -0.250852 0.80296 -0.656005 -0.735956 0.167413 -0.544803 -0.597181 -0.588697 -0.48782 -0.441793 -0.752895 -0.021321 0.998497 -0.050479 -0.005953 -0.125975 0.992016 -0.982683 -0.150517 0.108069 -0.733244 -0.103859 -0.671987 -0.756229 -0.109777 -0.645033 0.016505 0.012294 -0.999788 0.960668 0.168682 0.220598 0.151943 0.0265 -0.988034 -0.045864 0.567897 0.821821 -0.279347 -0.960189 0.001792 -0.280135 -0.959959 0.001856 0.348742 -0.937218 -0.000563 0.5361 -0.842851 0.0469 0.99561 -0.074724 0.056359 0.996551 0.082983 -0.000288 0.46061 0.887589 -0.004878 -0.044219 0.997314 -0.058394 -0.037448 0.997864 -0.053525 -0.039711 0.999141 -0.011834 0.040002 0.977053 0.209204 0.031594 0.999005 0.031486 -0.043225 0.998751 0.025073 0.995486 0.094901 -0.000683 0.768987 0.639263 0.001163 0.642448 0.766268 0.009732 0.870803 0.286501 0.399523 0.869847 0.286747 0.401426 0.659594 -0.19989 0.724555 0.574417 -0.237078 0.783479 0.367078 0.127452 0.921417 0.022215 0.16351 0.986292 0.060042 -0.795029 0.603592 0.980627 0.154227 -0.120767 0.661908 0.129913 -0.738242 0.154987 -0.896973 0.414026 -0.102916 -0.18265 -0.977777 0.117583 -0.679151 0.72452 -0.070066 -0.996865 -0.036767 -0.611016 -0.284615 -0.738684 -0.041266 -0.220406 -0.974535 -0.732146 -0.106779 -0.672727 -0.093383 -0.337072 -0.936836 -0.840147 -0.07776 -0.536755 -0.955164 -0.227596 -0.189374 -0.000805 -0.000191 -1 0.672435 0.023902 0.739771 0.122894 0.165625 0.978502 -0.024468 0.118068 0.992704 -0.01005 0.095583 0.995371 0.330422 0.941474 0.066687 -0.004123 0.993232 0.116071 -0.021787 0.999067 -0.037277 0.175892 0.391377 0.903264 -0.949713 -0.309007 -0.050591 -0.949135 -0.311209 -0.047876 -0.936239 -0.34942 -0.036907 -0.949617 -0.313214 -0.011116 -0.950073 -0.311809 -0.011659 -0.941484 -0.290563 -0.170827 -0.949926 -0.291835 -0.111677 -0.930077 -0.324307 -0.172576 -0.937697 -0.333838 0.09631 -0.92017 -0.383746 -0.077624 -0.915949 -0.322216 -0.239196 -0.835047 -0.238875 -0.495616 -0.824947 -0.322354 -0.464275 0.001797 -0.000423 -0.999998 -0.054262 0.278853 -0.9588 -0.000697 0.000412 -1 0.702478 0.289945 -0.649967 -0.050811 0.31266 -0.948505 0.938963 0.342868 -0.028104 -0.166083 0.74056 -0.651143 0.939369 0.341767 -0.027945 -0.188618 0.762422 -0.61898 -0.927243 -0.157474 -0.33974 -0.950495 -0.216921 -0.222498 -0.855919 -0.51537 -0.042393 -0.854208 -0.519137 -0.028732 -0.931199 0.329893 -0.155044 -0.074074 0.94467 -0.319549 -0.004452 0.991185 -0.132409 0.928498 0.286283 0.236504 -0.00609 0.99103 -0.133499 -0.24336 0.969926 -0.004438 -0.274018 0.960463 -0.049237 -0.195985 0.960909 -0.19556 0.838352 0.545069 0.008156 0.098858 0.408797 0.907255 -0.171934 0.17561 0.96933 -0.012848 0.9999 -0.005937 0.937955 0.344821 -0.036594 0.942431 0.33431 -0.007786 -0.953885 -0.299645 -0.017764 -0.952261 -0.304776 -0.017612 -0.948806 -0.315778 -0.00712 -0.003566 0.003634 -0.999987 0.939145 0.342118 -0.03101 0.916263 0.39556 -0.063201 0.937019 0.349219 -0.006469 -0.973376 0.221565 0.058725 -0.988154 0.151714 -0.023104 -0.977685 -0.027003 0.208333 -0.906543 0.104459 0.408983 -0.553747 0.7004 -0.450338 -0.991955 -0.126274 -0.008925 -0.623084 0.78197 0.017022 -0.409315 0.912375 -0.005812 0.109886 0.993745 -0.01988 -0.9998 -0.01968 0.003588 0.090221 0.995916 0.003504 -0.762821 -0.646536 0.00977 -0.8564 -0.516261 -0.007242 0.168313 0.967948 -0.186406 -0.906543 0.104459 0.408983 -0.253088 0.967417 0.007171 -0.253647 0.967272 0.006917 -0.242383 0.970174 -0.003525 0.936546 0.350407 0.009831 0.934015 0.356753 0.018548 0.925786 0.377963 0.008043 0.91026 0.413895 0.010836 0.941334 0.337472 0.001768 -0.758136 0.650762 -0.041687 -0.652574 0.757258 0.026609 -0.953195 -0.302329 -0.00411 -0.956163 -0.289502 0.044057 -0.947626 -0.314275 0.056897 -0.951149 -0.30229 0.062749 -0.942631 -0.332864 -0.025476 -0.976729 -0.212978 0.025295 -0.947115 -0.241832 -0.210928 -0.966817 -0.254273 -0.024711 -0.940451 -0.331782 0.073981 -0.088691 0.016403 0.995924 -0.9454 -0.152829 0.287857 0.166145 0.068935 0.983689 -0.210988 -0.976759 0.037759 -0.200629 -0.979103 0.033252 0.255972 -0.815163 -0.519603 0.254307 0.210999 -0.943826 0.625833 -0.076952 -0.776152 -0.657977 -0.18789 0.729221 -0.055235 -0.250594 0.966515 -0.138813 -0.457182 0.878473 -0.893488 -0.396529 0.210819 -0.788727 0.32243 0.523401 -0.014001 0.999894 0.004061 0.013174 0.997061 0.075475 0.562842 0.807059 -0.178505 -0.428679 0.079048 0.899992 0.044378 0.826598 -0.56104 -0.547971 -0.456271 0.701103 0.011684 0.021025 -0.999711 -0.000013 0.041584 -0.999135 -0.955768 -0.291037 0.042479 -0.950944 -0.305714 0.047371 -0.918941 -0.309528 0.244418 -0.946962 -0.318215 0.044742 -0.925627 -0.31616 0.207986 -0.928709 -0.278328 -0.245017 -0.939154 -0.34218 0.030032 -0.929358 -0.312093 0.197211 -0.725794 -0.687761 0.014397 -0.755574 -0.645142 -0.113576 -0.862563 -0.242221 0.4442 -0.856114 -0.516787 -0.000666 -0.993816 -0.109064 0.020834 -0.931496 -0.294334 0.213733 -0.86804 -0.42252 0.260736 0.144299 0.056854 0.987899 0.002673 0.004262 0.999987 0.042555 -0.011549 0.999027 -0.002255 0.000527 0.999997 0.00198 0.003184 0.999993 -0.056355 0.306114 0.950325 -0.861447 -0.045415 0.505813 -0.052578 0.340008 0.938952 -0.862227 -0.13159 0.48913 -0.964107 0.238753 0.116166 -0.174948 0.758086 0.628251 -0.700641 0.699736 0.139543 -0.18214 0.730831 0.657808 0.479003 0.808985 0.340733 0.940681 0.338871 0.016889 -0.219037 0.935269 0.27802 0.128702 0.881813 0.453699 -0.244429 0.947369 0.206753 0.582448 0.812864 0.002593 0.932944 0.359786 0.01304 0.904126 0.367198 0.218453 0.9279 0.372673 0.010778 0.936286 0.35104 -0.011772 0.937209 0.348767 0.000603 0.771862 0.635495 0.01936 0.913188 0.205572 -0.35189 -0.622217 -0.78262 0.018754 -0.534694 0.459678 0.709083 0.534694 -0.459678 -0.709083 0.95947 0.21712 -0.179655 0.957962 0.286311 -0.018315 0.958874 0.283822 0.002277 0.95913 0.282963 -0.001212 0.959532 0.281574 -0.003898 0.961893 0.273397 -0.00401 0.048952 0.961882 0.26905 -0.852394 -0.289476 0.435462 -0.224116 0.481003 0.84759 -0.188697 0.956938 0.220597 -0.043524 0.998928 -0.015754 -0.061512 0.998106 0.001177 0.003945 -0.035559 -0.99936 -0.060905 0.998142 -0.001994 -0.061595 0.998101 0.001037 0.000074 -0.015405 0.999881 -0.853308 0.097586 -0.512193 -0.000555 -0.015595 -0.999878 -0.932361 0.350402 -0.088997 0.176361 0.419234 -0.890584 0.020021 -0.214737 -0.976467 0.023434 -0.98328 -0.180584 0.033519 -0.999176 -0.022906 0.035358 -0.985152 -0.168005 0.000197 0.063373 -0.99799 -0.000471 0.030761 -0.999527 0.014541 -0.5947 -0.803816 0.016368 -0.488616 -0.872345 -0.256632 0.77828 0.57308 0.935668 0.352826 0.006348 0.939208 0.343343 -0.001955 0.003412 -0.035797 -0.999353 -0.000564 0.057912 0.998322 0.028616 -0.920108 0.390618 0.003073 -0.042317 0.9991 0.026365 -0.940084 -0.339922 0.030826 -0.966229 -0.255834 0.026661 -0.833557 0.551789 0.027151 -0.823816 0.566207 0.037801 -0.997272 0.063405 0.256632 -0.77828 -0.57308 0.000727 -0.016079 -0.99987 0.04205 -0.959235 -0.279462 0.068777 -0.979594 -0.188852 0.227154 -0.972042 -0.059463 0.943724 0.330709 -0.004002 0.031856 -0.994737 0.097383 0.942312 0.334733 -0.001413 -0.618163 -0.251706 -0.74466 -0.073468 -0.81832 0.570048 0.042548 -0.990974 -0.127123 0.001309 0.001258 -0.999998 0.003797 -0.013364 -0.999903 -0.93576 0.351878 -0.023117 -0.071267 0.95159 -0.298993 -0.031906 0.999155 -0.025914 -0.128653 -0.01938 0.9915 0.064158 -0.980858 0.183851 0.031851 -0.999005 -0.031224 0.02804 -0.39584 0.917891 -0.001904 0.006982 0.999974 0.003195 -0.645384 0.763852 0.003767 -0.019089 0.999811 0.004527 -0.430986 0.902347 0.015118 0.084155 0.996338 0.047952 0.743779 0.666704 -0.620931 0.440942 0.648085 -0.056716 0.998354 0.008524 -0.067977 0.948816 0.308428 -0.544466 -0.828678 -0.129807 0.025487 -0.812315 -0.582661 0.024375 -0.828075 -0.560088 0.001077 0.051529 -0.998671 0.029627 -0.942204 0.333726 0.028559 -0.95328 0.300736 0.011096 -0.492836 0.870051 0.016069 -0.329782 0.94392 -0.004548 0.032213 0.999471 0.003059 0.020396 -0.999787 0.031206 -0.94837 -0.315628 -0.069326 0.96039 -0.269898 0.016365 -0.971091 0.238149 -0.039069 0.874829 -0.482853 -0.000157 0.009608 0.999954 0.003168 -0.011754 0.999926 0.025879 -0.967693 -0.250801 0.000133 -0.013259 -0.999912 -0.006497 -0.061496 -0.998086 0.936431 0.350687 0.010755 0.940135 0.340772 0.004604 0.049331 -0.99877 -0.00494 0.043511 -0.999044 0.00422 0.066238 -0.997674 0.016082 0.005038 -0.928725 0.370734 -0.014389 -0.696116 -0.717785 0.087422 0.157136 -0.9837 0.059009 0.002156 -0.998255 0.324369 0.823538 -0.46537 0.58263 0.808193 -0.085823 0.734956 0.665415 -0.130623 0.16806 0.59632 0.784957 0.124789 0.700327 0.70283 -0.035518 0.907195 0.419209 -0.063733 0.997835 -0.016232 -0.06105 0.998131 0.002531 0.012568 -0.939245 0.343018 0.091531 -0.653187 -0.751644 0.759604 -0.393701 -0.517688</float_array>
          <technique_common>
            <accessor source="#Chairs1-mesh-normals-array" count="969" stride="3">
              <param name="X" type="float"/>
              <param name="Y" type="float"/>
              <param name="Z" type="float"/>
            </accessor>
          </technique_common>
        </source>
        <source id="Chairs1-mesh-map-0">
          <float_array id="Chairs1-mesh-map-0-array" count="5814">0.991943 0.260254 0.998047 0.268555 0.98877 0.270264 0.981201 0.257813 0.984619 0.267578 0.964111 0.265869 0.943359 0.286621 0.977295 0.28125 0.968506 0.29541 0.984619 0.267578 0.96582 0.273682 0.964111 0.265869 0.96582 0.273682 0.943359 0.286621 0.913574 0.290039 0.96582 0.273682 0.913574 0.290039 0.964111 0.265869 0.125488 0.735596 0.117676 0.720947 0.129395 0.714844 0.117676 0.720947 0.125488 0.735596 0.111816 0.728516 0.111816 0.728516 0.125488 0.735596 0.115967 0.745605 0.115967 0.745605 0.125488 0.735596 0.124756 0.750732 0.124756 0.750732 0.125488 0.735596 0.130127 0.747803 0.130127 0.747803 0.125488 0.735596 0.135498 0.73584 0.135498 0.73584 0.125488 0.735596 0.129395 0.714844 0.135498 0.73584 0.129395 0.714844 0.137451 0.714111 0.137451 0.714111 0.129395 0.714844 0.151123 0.677002 0.137451 0.714111 0.151123 0.677002 0.151367 0.695068 0.137451 0.714111 0.151367 0.695068 0.14502 0.723877 0.137451 0.714111 0.14502 0.723877 0.135498 0.73584 0.135498 0.73584 0.144531 0.733398 0.14624 0.740967 0.14624 0.740967 0.144531 0.733398 0.153809 0.745117 0.789795 0.547119 0.780762 0.552979 0.785156 0.537109 0.775391 0.609131 0.787109 0.589111 0.779785 0.61499 0.779785 0.61499 0.787109 0.589111 0.786377 0.614746 0.333008 0.925293 0.32959 0.932617 0.219238 0.930664 0.006348 0.084717 0.010742 0.075195 0.022217 0.078125 0.006348 0.084717 0.022217 0.078125 0.019043 0.088379 0.062012 0.6604 0.054199 0.662598 0.055664 0.62915 0.08252 0.411621 0.07251 0.42749 0.076416 0.396484 0.07251 0.42749 0.08252 0.411621 0.071777 0.46875 0.895996 0.52124 0.896484 0.574219 0.890625 0.565918 0.895996 0.52124 0.890625 0.565918 0.893799 0.452393 0.967529 0.37207 0.973145 0.353516 0.979004 0.363525 0.869873 0.993164 0.827148 0.986572 0.895508 0.989014 0.827148 0.986572 0.869873 0.993164 0.817627 0.99292 0.066162 0.635254 0.066162 0.565186 0.074951 0.564941 0.04126 0.35083 0.033203 0.363281 0.031738 0.315674 0.631104 0.0271 0.609375 0.035156 0.581055 0.0271 0.000244 0.55127 0.006592 0.589844 0.000732 0.596191 0.242432 0.389404 0.247803 0.375488 0.276367 0.378906 0.242432 0.389404 0.276367 0.378906 0.255127 0.39502 0.242432 0.389404 0.255127 0.39502 0.222412 0.411621 0.247803 0.375488 0.242432 0.389404 0.235352 0.380615 0.247803 0.375488 0.235352 0.380615 0.231445 0.364502 0.274658 0.367432 0.231445 0.364502 0.259766 0.354248 0.276367 0.378906 0.274658 0.367432 0.289063 0.368408 0.274658 0.367432 0.259766 0.354248 0.286865 0.361328 0.274658 0.367432 0.286865 0.361328 0.289063 0.368408 0.289063 0.368408 0.286865 0.361328 0.365479 0.350342 0.289063 0.368408 0.365479 0.350342 0.323975 0.363037 0.60376 0.5271 0.59668 0.511719 0.637939 0.442627 0.60376 0.5271 0.637939 0.442627 0.618896 0.519287 0.59668 0.511719 0.60376 0.5271 0.592773 0.550537 0.59668 0.511719 0.592773 0.550537 0.586914 0.553467 0.586914 0.553467 0.592773 0.550537 0.584229 0.566895 0.60376 0.5271 0.618896 0.519287 0.606201 0.541016 0.60376 0.5271 0.606201 0.541016 0.592773 0.550537 0.606201 0.541016 0.618896 0.519287 0.613037 0.547119 0.606201 0.541016 0.613037 0.547119 0.600342 0.562744 0.592773 0.550537 0.606201 0.541016 0.592773 0.568115 0.592773 0.568115 0.606201 0.541016 0.600342 0.562744 0.592773 0.550537 0.592773 0.568115 0.584229 0.566895 0.592773 0.568115 0.600342 0.562744 0.602783 0.573486 0.584229 0.566895 0.565918 0.58374 0.522949 0.604492 0.522949 0.604492 0.565918 0.58374 0.529541 0.60498 0.529541 0.60498 0.565918 0.58374 0.568115 0.588135 0.618896 0.592529 0.602783 0.573486 0.631836 0.602295 0.900391 0.578613 0.90332 0.589111 0.892822 0.593506 0.900391 0.578613 0.892822 0.593506 0.886963 0.584961 0.895508 0.623291 0.90332 0.589111 0.900879 0.617188 0.895508 0.623291 0.896973 0.712158 0.877441 0.71167 0.889648 0.576904 0.886963 0.584961 0.868408 0.562012 0.868408 0.562012 0.886963 0.584961 0.868896 0.578857 0.886963 0.584961 0.892822 0.593506 0.884033 0.613525 0.868896 0.578857 0.886963 0.584961 0.87915 0.600586 0.87915 0.600586 0.886963 0.584961 0.884033 0.613525 0.888184 0.634033 0.877441 0.71167 0.87793 0.657471 0.879639 0.643555 0.888184 0.634033 0.87793 0.657471 0.86792 0.645752 0.87085 0.655762 0.862793 0.680664 0.884033 0.613525 0.860352 0.650635 0.87915 0.600586 0.87915 0.600586 0.860352 0.650635 0.859619 0.611572 0.87915 0.600586 0.859619 0.611572 0.868896 0.578857 0.859619 0.611572 0.860352 0.650635 0.837158 0.63623 0.837158 0.63623 0.860352 0.650635 0.791992 0.651367 0.859619 0.611572 0.837158 0.63623 0.846436 0.601074 0.859619 0.611572 0.846436 0.601074 0.868896 0.578857 0.868896 0.578857 0.846436 0.601074 0.856934 0.579346 0.280273 0.128662 0.351563 0.124756 0.380615 0.128662 0.224365 0.073486 0.227051 0.036865 0.227783 0.073242 0.227051 0.036865 0.224365 0.073486 0.203125 0.078369 0.464844 0.961914 0.548096 0.961914 0.509033 0.968506 0.63501 0.968994 0.596436 0.974365 0.55249 0.966797 0.63501 0.968994 0.55249 0.966797 0.633301 0.963867 0.798096 0.95752 0.806396 0.949219 0.895264 0.950928 0.267334 0.132568 0.178955 0.125 0.275879 0.124512 0.839844 0.756836 0.838135 0.790283 0.834717 0.751953 0.795654 0.121338 0.890381 0.121338 0.793213 0.126953 0.767822 0.241943 0.729004 0.241455 0.769043 0.237793 0.788818 0.243896 0.769043 0.237793 0.84082 0.233887 0.729004 0.241455 0.767822 0.241943 0.747314 0.247314 0.729004 0.241455 0.747314 0.247314 0.716797 0.253906 0.716797 0.253906 0.747314 0.247314 0.736084 0.274902 0.736084 0.274902 0.747314 0.247314 0.76416 0.267578 0.76416 0.267578 0.747314 0.247314 0.788818 0.243896 0.736084 0.274902 0.76416 0.267578 0.766113 0.294922 0.766113 0.294922 0.799072 0.270508 0.797119 0.287109 0.831543 0.239746 0.788818 0.243896 0.84082 0.233887 0.797119 0.287109 0.799072 0.270508 0.823242 0.261719 0.823242 0.261719 0.799072 0.270508 0.788818 0.243896 0.797119 0.287109 0.823242 0.261719 0.83252 0.292969 0.83252 0.292969 0.823242 0.261719 0.831543 0.239746 0.83252 0.292969 0.831543 0.239746 0.841064 0.300293 0.823242 0.261719 0.788818 0.243896 0.822266 0.243896 0.822266 0.243896 0.788818 0.243896 0.831543 0.239746 0.822266 0.243896 0.831543 0.239746 0.823242 0.261719 0.076416 0.000244 0.091309 0.000244 0.086426 0.005615 0.72583 0.896484 0.756348 0.87793 0.736084 0.912842 0.756348 0.87793 0.72583 0.896484 0.728271 0.869385 0.72583 0.896484 0.736084 0.912842 0.726563 0.917969 0.728271 0.869385 0.72583 0.896484 0.718506 0.88623 0.728271 0.869385 0.718506 0.88623 0.710693 0.88623 0.72583 0.896484 0.726563 0.917969 0.708252 0.904785 0.700928 0.889404 0.706543 0.893799 0.701172 0.908447 0.723389 0.925781 0.701172 0.908447 0.726563 0.917969 0.696533 0.9021 0.700928 0.889404 0.701172 0.908447 0.700195 0.889404 0.696533 0.9021 0.692871 0.870117 0.700195 0.889404 0.692871 0.870117 0.697754 0.865479 0.696533 0.9021 0.701172 0.908447 0.662842 0.914795 0.662842 0.914795 0.701172 0.908447 0.717285 0.924805 0.662842 0.914795 0.717285 0.924805 0.626465 0.935303 0.717285 0.924805 0.723633 0.939453 0.626465 0.935303 0.723633 0.939453 0.723389 0.925781 0.757324 0.945801 0.689209 0.95752 0.723633 0.939453 0.739014 0.943115 0.783203 0.204346 0.837402 0.166992 0.833984 0.205322 0.833984 0.205322 0.837402 0.166992 0.849121 0.171875 0.833984 0.205322 0.849121 0.171875 0.85498 0.197998 0.833984 0.205322 0.85498 0.197998 0.848389 0.213135 0.87207 0.177979 0.849121 0.171875 0.887695 0.154297 0.87207 0.177979 0.887695 0.154297 0.884033 0.175537 0.87207 0.177979 0.884033 0.175537 0.871826 0.210693 0.905273 0.139404 0.898193 0.154053 0.887695 0.154297 0.884033 0.175537 0.918945 0.140625 0.909668 0.16333 0.884033 0.175537 0.909668 0.16333 0.887207 0.183838 0.884033 0.175537 0.887207 0.183838 0.871826 0.210693 0.871826 0.210693 0.879883 0.217529 0.887451 0.24585 0.919922 0.681641 0.911865 0.695068 0.910645 0.677002 0.917725 0.650146 0.910645 0.677002 0.908447 0.601074 0.917725 0.650146 0.908447 0.601074 0.916016 0.606201 0.917725 0.650146 0.916016 0.606201 0.929932 0.614014 0.919922 0.681641 0.928955 0.679688 0.923096 0.69751 0.917725 0.650146 0.929932 0.614014 0.924316 0.654297 0.924316 0.654297 0.929932 0.614014 0.935059 0.623535 0.935059 0.623535 0.929932 0.614014 0.926514 0.592529 0.928955 0.679688 0.933838 0.673828 0.938477 0.685303 0.931885 0.657959 0.924316 0.654297 0.935059 0.623535 0.933838 0.673828 0.938477 0.685303 0.938477 0.668701 0.938477 0.668701 0.931885 0.657959 0.935059 0.623535 0.938477 0.685303 0.938477 0.668701 0.965332 0.672363 0.935059 0.623535 0.934326 0.587402 0.926514 0.592529 0.935059 0.623535 0.934326 0.587402 0.966064 0.609863 0.935059 0.623535 0.966064 0.609863 0.963867 0.633057 0.935059 0.623535 0.963867 0.633057 0.938477 0.668701 0.965332 0.672363 0.938477 0.668701 0.965576 0.661133 0.411133 0.911133 0.43042 0.893555 0.430908 0.899658 0.430908 0.899658 0.43042 0.893555 0.476563 0.884277 0.430908 0.899658 0.476563 0.884277 0.508301 0.884277 0.416016 0.872559 0.40332 0.887451 0.393555 0.859863 0.416016 0.872559 0.393555 0.859863 0.406006 0.839355 0.44043 0.86377 0.406006 0.839355 0.444824 0.835205 0.44043 0.86377 0.444824 0.835205 0.476563 0.884277 0.460449 0.762939 0.462646 0.794922 0.444824 0.835205 0.444824 0.835205 0.462646 0.794922 0.500977 0.842285 0.496094 0.876709 0.444824 0.835205 0.500977 0.842285 0.496094 0.876709 0.500977 0.842285 0.514648 0.874268 0.496094 0.876709 0.514648 0.874268 0.508301 0.884277 0.514648 0.874268 0.500977 0.842285 0.531982 0.865234 0.508301 0.884277 0.514648 0.874268 0.544434 0.873291 0.544434 0.873291 0.514648 0.874268 0.531982 0.865234 0.17334 0.039551 0.191895 0.05249 0.169922 0.070801 0.17334 0.039551 0.169922 0.070801 0.149414 0.056885 0.078369 0.549316 0.081543 0.517578 0.083496 0.564697 0.078369 0.549316 0.083496 0.564697 0.080322 0.588867 0.349121 0.064697 0.395996 0.066406 0.371338 0.0625 0.395996 0.066406 0.371338 0.0625 0.415039 0.062988 0.053711 0.817871 0.046631 0.80127 0.070557 0.812012 0.070557 0.812012 0.086914 0.803467 0.079102 0.825928 0.070557 0.812012 0.079102 0.825928 0.06958 0.844482 0.061279 0.822754 0.056641 0.852783 0.053711 0.817871 0.436279 0.702881 0.435059 0.734375 0.391357 0.718262 0.445557 0.678955 0.444336 0.718018 0.436279 0.702881 0.397461 0.683105 0.413574 0.68042 0.391357 0.718262 0.394775 0.679199 0.391357 0.718262 0.380615 0.695557 0.380615 0.695557 0.391357 0.718262 0.39209 0.738525 0.380615 0.695557 0.39209 0.738525 0.372559 0.724365 0.380615 0.695557 0.372559 0.724365 0.381348 0.654053 0.381348 0.654053 0.372559 0.724365 0.306396 0.716309 0.306396 0.716309 0.372559 0.724365 0.344482 0.768799 0.306396 0.716309 0.344482 0.768799 0.299072 0.774902 0.306396 0.716309 0.299072 0.774902 0.270508 0.780029 0.381348 0.654053 0.306396 0.716309 0.282227 0.648193 0.306396 0.716309 0.235107 0.779785 0.224121 0.718262 0.306396 0.716309 0.224121 0.718262 0.282227 0.648193 0.006104 0.45166 0.020264 0.495117 0.003418 0.497314 0.429443 0.972656 0.438965 0.961914 0.481934 0.971924 0.773682 0.453369 0.790283 0.481445 0.774414 0.480957 0.773682 0.453369 0.774414 0.480957 0.757568 0.447754 0.757568 0.447754 0.774414 0.480957 0.735107 0.542725 0.752441 0.546143 0.785889 0.523682 0.760254 0.563965 0.757568 0.447754 0.735107 0.542725 0.702393 0.504395 0.757568 0.447754 0.702393 0.504395 0.728516 0.404541 0.728516 0.404541 0.702393 0.504395 0.666992 0.488037 0.734375 0.561523 0.752441 0.546143 0.760254 0.563965 0.734375 0.561523 0.760254 0.563965 0.735107 0.566162 0.735107 0.566162 0.760254 0.563965 0.755615 0.578125 0.735352 0.575439 0.755615 0.578125 0.742188 0.584961 0.742188 0.584961 0.755615 0.578125 0.75708 0.587891 0.012451 0.136475 0.009521 0.145752 0.005127 0.139404 0.012451 0.136475 0.005127 0.139404 0.006592 0.132324 0.66748 0.014893 0.675293 0.020264 0.66748 0.036133 0.66748 0.036133 0.675293 0.020264 0.676025 0.035889 0.676025 0.035889 0.675293 0.020264 0.685303 0.022461 0.66748 0.014893 0.66748 0.036133 0.656982 0.033203 0.66748 0.014893 0.656982 0.033203 0.658203 0.016846 0.658203 0.016846 0.656982 0.033203 0.650879 0.019287 0.650879 0.019287 0.656982 0.033203 0.647705 0.036377 0.650879 0.019287 0.647705 0.036377 0.640381 0.017822 0.640381 0.017822 0.647705 0.036377 0.635498 0.029297 0.6521 0.220947 0.654785 0.228027 0.642578 0.232178 0.642578 0.232178 0.654785 0.228027 0.649414 0.242432 0.649414 0.242432 0.654785 0.228027 0.657715 0.232178 0.646484 0.219727 0.637207 0.229004 0.609131 0.210205 0.125732 0.390625 0.13623 0.381592 0.135498 0.395508 0.125732 0.390625 0.135498 0.395508 0.131104 0.40625 0.131104 0.40625 0.135498 0.395508 0.137695 0.457031 0.125732 0.390625 0.131104 0.40625 0.11792 0.396729 0.131104 0.40625 0.137695 0.457031 0.124756 0.436279 0.11792 0.396729 0.131104 0.40625 0.123535 0.421143 0.11792 0.396729 0.123535 0.421143 0.116699 0.423096 0.187256 0.512939 0.158691 0.54126 0.189209 0.494629 0.187256 0.512939 0.189209 0.494629 0.192627 0.497314 0.192627 0.497314 0.189209 0.494629 0.206055 0.390381 0.187256 0.512939 0.192627 0.497314 0.200928 0.505615 0.187256 0.512939 0.200928 0.505615 0.191895 0.521973 0.202881 0.520996 0.200928 0.505615 0.205078 0.522705 0.26709 0.893066 0.305664 0.886475 0.266357 0.902344 0.299561 0.869873 0.26709 0.893066 0.280518 0.875732 0.305664 0.886475 0.304443 0.877686 0.349365 0.857178 0.304443 0.877686 0.299561 0.869873 0.347656 0.85083 0.304443 0.877686 0.347656 0.85083 0.349365 0.857178 0.347656 0.85083 0.299561 0.869873 0.336914 0.847412 0.336914 0.847412 0.299561 0.869873 0.303223 0.856934 0.347656 0.85083 0.350586 0.842285 0.373291 0.836914 0.347656 0.85083 0.373291 0.836914 0.349365 0.857178 0.349365 0.857178 0.373291 0.836914 0.385498 0.843018 0.349365 0.857178 0.385498 0.843018 0.356934 0.862305 0.356934 0.862305 0.385498 0.843018 0.383057 0.850098 0.345703 0.877197 0.356934 0.862305 0.383057 0.850098 0.917236 0.969482 0.910156 0.959961 0.934082 0.962158 0.917236 0.969482 0.934082 0.962158 0.943115 0.974609 0.917236 0.969482 0.943115 0.974609 0.920654 0.980957 0.920654 0.980957 0.943115 0.974609 0.979248 0.98291 0.920654 0.980957 0.979248 0.98291 0.902588 0.987305 0.034912 0.052002 0.07959 0.050049 0.030273 0.073975 0.030273 0.073975 0.07959 0.050049 0.072998 0.068848 0.030273 0.073975 0.04541 0.080322 0.025146 0.09082 0.04541 0.080322 0.056396 0.087646 0.025146 0.09082 0.025146 0.09082 0.056396 0.087646 0.048096 0.097412 0.983398 0.608398 0.99707 0.531494 0.990479 0.624268 0.990479 0.624268 0.99707 0.531494 0.996094 0.622803 0.821289 0.141602 0.790039 0.139648 0.795654 0.133789 0.790039 0.139648 0.813965 0.144287 0.788086 0.148438 0.795654 0.133789 0.762695 0.126465 0.741943 0.112793 0.790039 0.139648 0.788086 0.148438 0.751709 0.129639 0.741943 0.112793 0.740234 0.120361 0.723877 0.115479 0.723877 0.115479 0.740234 0.120361 0.72168 0.128662 0.783936 0.152588 0.751709 0.129639 0.788086 0.148438 0.783936 0.152588 0.788086 0.148438 0.787598 0.163574 0.718506 0.136719 0.787598 0.163574 0.710449 0.150879 0.710449 0.150879 0.787598 0.163574 0.783447 0.178955 0.710449 0.150879 0.783447 0.178955 0.735352 0.171387 0.117432 0.309326 0.109863 0.29834 0.131836 0.292725 0.131836 0.292725 0.109863 0.29834 0.129395 0.271484 0.129395 0.271484 0.109863 0.29834 0.114746 0.269043 0.117432 0.309326 0.131836 0.292725 0.140869 0.311768 0.117432 0.309326 0.140869 0.311768 0.112793 0.320801 0.112793 0.320801 0.140869 0.311768 0.124268 0.328613 0.112793 0.320801 0.124268 0.328613 0.112061 0.334473 0.124268 0.328613 0.140869 0.311768 0.140137 0.326416 0.140137 0.326416 0.164307 0.327637 0.137939 0.340576 0.124268 0.328613 0.140137 0.326416 0.123779 0.342773 0.124268 0.328613 0.123779 0.342773 0.112061 0.334473 0.123779 0.342773 0.140137 0.326416 0.137939 0.340576 0.112061 0.334473 0.123779 0.342773 0.110596 0.345459 0.683594 0.036377 0.698242 0.026611 0.708008 0.035889 0.698242 0.026611 0.708008 0.035889 0.708496 0.030762 0.708008 0.035889 0.708496 0.030762 0.718018 0.030029 0.718018 0.030029 0.708496 0.030762 0.698242 0.026611 0.698242 0.026611 0.718018 0.030029 0.700684 0.023682 0.700684 0.023682 0.698242 0.026611 0.697266 0.014893 0.94165 0.763428 0.946777 0.790283 0.94458 0.769043 0.940918 0.735596 0.935547 0.727539 0.943115 0.730713 0.935547 0.727539 0.92334 0.71167 0.933838 0.690186 0.935547 0.727539 0.933838 0.690186 0.944824 0.725342 0.944824 0.725342 0.933838 0.690186 0.951416 0.699951 0.866211 0.793945 0.866211 0.692871 0.872314 0.812012 0.872314 0.812012 0.866211 0.692871 0.879395 0.804932 0.879395 0.804932 0.866211 0.692871 0.876709 0.746094 0.570313 0.116699 0.610107 0.116943 0.610352 0.124756 0.570313 0.116699 0.610352 0.124756 0.508057 0.121094 0.178467 0.720947 0.169189 0.719971 0.193115 0.687256 0.184814 0.805176 0.186279 0.789795 0.199219 0.78833 0.184814 0.805176 0.210938 0.794678 0.227051 0.812012 0.227051 0.812012 0.210938 0.794678 0.258057 0.822754 0.184814 0.805176 0.227051 0.812012 0.217041 0.819092 0.184814 0.805176 0.217041 0.819092 0.185059 0.815918 0.185059 0.815918 0.217041 0.819092 0.223145 0.825195 0.185059 0.815918 0.223145 0.825195 0.2146 0.831299 0.185059 0.815918 0.2146 0.831299 0.175049 0.832275 0.185059 0.815918 0.175049 0.832275 0.172363 0.822266 0.125488 0.140137 0.168213 0.202148 0.14209 0.234375 0.125488 0.140137 0.14209 0.234375 0.116699 0.201904 0.492676 0.248047 0.539307 0.242432 0.487061 0.255371 0.487061 0.255371 0.539307 0.242432 0.508301 0.258057 0.487061 0.255371 0.508301 0.258057 0.49292 0.267822 0.433838 0.243896 0.427246 0.236328 0.492676 0.248047 0.49292 0.201172 0.472168 0.185791 0.513184 0.208496 0.472168 0.185791 0.438721 0.229492 0.41626 0.151123 0.324707 0.970215 0.367188 0.981201 0.328125 0.986084 0.367188 0.981201 0.371826 0.964355 0.380127 0.984375 0.380127 0.984375 0.371826 0.964355 0.388672 0.965576 0.380127 0.984375 0.388672 0.965576 0.388428 0.984863 0.388428 0.984863 0.388672 0.965576 0.396973 0.977295 0.592773 0.887451 0.531982 0.893799 0.573975 0.854736 0.592773 0.887451 0.573975 0.854736 0.667236 0.894287 0.163574 0.587402 0.112305 0.639893 0.109619 0.574219 0.163574 0.587402 0.109619 0.574219 0.127197 0.571045 0.94043 0.157227 0.940918 0.270508 0.903076 0.251709 0.94043 0.157227 0.903076 0.251709 0.886719 0.210693 0.112793 0.979736 0.109131 0.968018 0.10791 0.946533 0.092041 0.953369 0.112793 0.979736 0.091797 0.993896 0.133545 0.990967 0.112793 0.979736 0.10791 0.946533 0.133545 0.990967 0.10791 0.946533 0.14624 0.98999 0.14624 0.98999 0.10791 0.946533 0.109375 0.935547 0.14624 0.98999 0.109375 0.935547 0.111084 0.916504 0.14624 0.98999 0.111084 0.916504 0.162598 0.99707 0.029541 0.481445 0.028076 0.469238 0.049072 0.473389 0.049072 0.473389 0.028076 0.469238 0.030762 0.464111 0.049072 0.473389 0.030762 0.464111 0.053711 0.466064 0.053711 0.466064 0.030762 0.464111 0.054932 0.456299 0.054932 0.456299 0.030762 0.464111 0.040039 0.431152 0.603271 0.772949 0.55542 0.777588 0.646973 0.774658 0.646973 0.774658 0.603271 0.772949 0.643555 0.77002 0.643555 0.77002 0.603271 0.772949 0.607422 0.766602 0.607422 0.766602 0.580078 0.752686 0.643555 0.77002 0.643555 0.77002 0.580078 0.752686 0.627686 0.725586 0.588623 0.718018 0.587891 0.724365 0.590576 0.717773 0.627686 0.725586 0.590576 0.717773 0.647217 0.674072 0.643066 0.727539 0.643555 0.77002 0.627686 0.725586 0.683105 0.734619 0.64917 0.723145 0.689209 0.680908 0.689209 0.680908 0.64917 0.723145 0.647217 0.674072 0.689209 0.680908 0.647217 0.674072 0.665039 0.628174 0.137695 0.873047 0.135986 0.907227 0.111328 0.893311 0.137695 0.873047 0.111328 0.893311 0.11792 0.858643 0.11792 0.858643 0.111328 0.893311 0.090088 0.844971 0.066162 0.487305 0.067627 0.512451 0.073242 0.487061 0.067627 0.512451 0.073242 0.487061 0.070801 0.515869 0.070801 0.515869 0.073242 0.487061 0.074951 0.536865 0.067627 0.512451 0.070801 0.515869 0.066895 0.55835 0.066895 0.55835 0.070801 0.515869 0.074951 0.536865 0.236084 0.313477 0.213867 0.302246 0.234375 0.308838 0.236084 0.313477 0.234375 0.308838 0.283203 0.307129 0.234375 0.308838 0.283203 0.307129 0.311279 0.293213 0.236084 0.313477 0.283203 0.307129 0.282227 0.311768 0.217773 0.323242 0.236084 0.313477 0.282227 0.311768 0.198486 0.306152 0.217773 0.323242 0.153076 0.298828 0.217773 0.323242 0.282227 0.311768 0.28418 0.341309 0.217773 0.323242 0.28418 0.341309 0.215332 0.358887 0.153076 0.298828 0.217773 0.323242 0.184326 0.3396 0.184326 0.3396 0.180664 0.348145 0.155273 0.34668 0.790039 0.9375 0.840576 0.930176 0.808594 0.942871 0.797607 0.925781 0.776611 0.931641 0.733887 0.920654 0.105225 0.198242 0.149658 0.259277 0.094971 0.266846 0.947754 0.439453 0.973877 0.375488 0.976807 0.425781 0.947754 0.439453 0.976807 0.425781 0.960693 0.481689 0.960693 0.481689 0.976807 0.425781 0.977295 0.484863 0.061768 0.554688 0.048584 0.542236 0.050537 0.515625 0.048584 0.542236 0.061768 0.554688 0.061035 0.576172 0.050537 0.515625 0.061768 0.554688 0.061768 0.542969 0.299072 0.049072 0.334717 0.047119 0.335938 0.049072 0.334717 0.047119 0.299072 0.049072 0.294189 0.031006 0.334717 0.047119 0.294189 0.031006 0.328613 0.027588 0.628418 0.072021 0.644287 0.080811 0.592285 0.078857 0.644287 0.080811 0.651855 0.07666 0.659424 0.080078 0.64502 0.398193 0.642578 0.408447 0.63916 0.397705 0.642578 0.408447 0.64502 0.398193 0.65332 0.424805 0.655518 0.406006 0.64502 0.398193 0.649658 0.394531 0.655518 0.406006 0.649658 0.394531 0.658936 0.396729 0.664063 0.406494 0.672119 0.399658 0.682373 0.435303 0.65332 0.424805 0.664063 0.406494 0.666748 0.435059 0.666748 0.435059 0.664063 0.406494 0.682373 0.435303 0.65332 0.424805 0.666748 0.435059 0.652832 0.447998 0.666748 0.435059 0.682373 0.435303 0.66748 0.454346 0.652832 0.447998 0.666748 0.435059 0.6604 0.456055 0.6604 0.456055 0.666748 0.435059 0.66748 0.454346 0.652832 0.447998 0.6604 0.456055 0.651611 0.476563 0.6604 0.456055 0.66748 0.454346 0.648926 0.565186 0.6604 0.456055 0.648926 0.565186 0.651611 0.476563 0.449951 0.035889 0.432373 0.035889 0.41626 0.018311 0.449951 0.035889 0.41626 0.018311 0.44043 0.016846 0.449951 0.035889 0.44043 0.016846 0.468262 0.014893 0.43335 0.043457 0.459961 0.048828 0.446289 0.052979 0.446289 0.052979 0.459961 0.048828 0.458984 0.063965 0.425049 0.05957 0.446289 0.052979 0.458984 0.063965 0.517822 0.918945 0.532471 0.92041 0.545898 0.934082 0.545898 0.934082 0.532471 0.92041 0.551025 0.924072 0.545898 0.934082 0.551025 0.924072 0.55835 0.929199 0.545898 0.934082 0.55835 0.929199 0.559326 0.940186 0.55835 0.929199 0.551025 0.924072 0.573975 0.919189 0.559326 0.940186 0.55835 0.929199 0.614746 0.924561 0.614746 0.924561 0.55835 0.929199 0.573975 0.919189 0.559326 0.940186 0.614746 0.924561 0.612793 0.94165 0.614746 0.924561 0.573975 0.919189 0.647949 0.915771 0.499023 0.791016 0.516357 0.794189 0.496826 0.8125 0.516357 0.794189 0.525635 0.785645 0.540039 0.793213 0.540039 0.793213 0.525635 0.785645 0.578125 0.782959 0.540039 0.793213 0.578125 0.782959 0.609131 0.787842 0.540039 0.793213 0.609131 0.787842 0.622559 0.801025 0.496826 0.8125 0.516357 0.794189 0.526367 0.809082 0.526367 0.809082 0.516357 0.794189 0.540039 0.793213 0.496826 0.8125 0.526367 0.809082 0.519043 0.823486 0.55127 0.809082 0.540039 0.793213 0.622559 0.801025 0.519043 0.823486 0.55127 0.809082 0.62085 0.809326 0.62085 0.809326 0.55127 0.809082 0.622559 0.801025 0.62085 0.809326 0.622559 0.801025 0.63208 0.815918 0.983643 0.712891 0.990723 0.628906 0.991699 0.710693 0.983643 0.712891 0.991699 0.710693 0.989746 0.722168 0.989746 0.722168 0.991699 0.710693 0.996826 0.718506 0.330078 0.119873 0.233154 0.119873 0.280029 0.114502 0.796387 0.433594 0.908936 0.440186 0.798828 0.440186 0.798828 0.440186 0.908936 0.440186 0.795166 0.448242 0.063477 0.011963 0.061035 0.028076 0.058838 0.018066 0.658936 0.863037 0.678467 0.881348 0.651855 0.862793 0.651855 0.862793 0.678467 0.881348 0.679199 0.898438 0.678711 0.864258 0.616455 0.850342 0.657715 0.855469 0.678711 0.864258 0.657715 0.855469 0.751465 0.848633 0.57373 0.975586 0.499512 0.982422 0.489502 0.976563 0.510254 0.989746 0.569824 0.984863 0.570068 0.992432 0.768555 0.088135 0.758789 0.083008 0.788574 0.072998 0.758789 0.083008 0.768555 0.088135 0.750732 0.083496 0.750732 0.083496 0.761475 0.091064 0.747314 0.091309 0.730957 0.101074 0.790771 0.099854 0.756348 0.111328 0.800049 0.793213 0.808105 0.794678 0.793701 0.819336 0.800049 0.793213 0.793701 0.819336 0.791504 0.80957 0.787109 0.804932 0.776123 0.829834 0.791504 0.80957 0.776123 0.829834 0.791504 0.80957 0.793701 0.819336 0.759521 0.858398 0.793701 0.819336 0.760742 0.866699 0.759521 0.858398 0.760742 0.866699 0.751953 0.869629 0.751953 0.869629 0.760742 0.866699 0.757568 0.871826 0.760742 0.866699 0.793701 0.819336 0.785645 0.905029 0.809082 0.827637 0.793701 0.819336 0.808105 0.794678 0.793701 0.819336 0.809082 0.827637 0.785645 0.905029 0.785645 0.905029 0.8396 0.836914 0.841064 0.911133 0.005859 0.625488 0.010498 0.639404 0.011475 0.620605 0.011475 0.620605 0.005859 0.625488 0.008545 0.597412 0.071045 0.692627 0.075684 0.623047 0.082275 0.654785 0.168701 0.930176 0.167725 0.940918 0.159912 0.942627 0.168701 0.930176 0.159912 0.942627 0.157959 0.841553 0.157959 0.841553 0.159912 0.942627 0.153809 0.948242 0.159912 0.942627 0.167725 0.940918 0.160889 0.948242 0.728027 0.306152 0.733887 0.310303 0.735596 0.318115 0.733887 0.310303 0.755615 0.297119 0.75415 0.306885 0.75415 0.306885 0.733887 0.310303 0.735596 0.318115 0.75415 0.306885 0.766846 0.317627 0.735596 0.318115 0.735596 0.318115 0.766846 0.317627 0.739258 0.331543 0.735596 0.318115 0.739258 0.331543 0.731689 0.370605 0.735596 0.318115 0.731689 0.370605 0.726074 0.310791 0.726074 0.310791 0.731689 0.370605 0.726318 0.37207 0.731689 0.370605 0.739258 0.331543 0.74585 0.379883 0.731689 0.370605 0.74585 0.379883 0.76416 0.444092 0.739258 0.331543 0.766846 0.317627 0.765381 0.324951 0.739258 0.331543 0.765381 0.324951 0.74585 0.379883 0.76416 0.444092 0.74585 0.379883 0.787842 0.415283 0.784912 0.330566 0.787842 0.415283 0.776855 0.32373 0.74585 0.379883 0.765381 0.324951 0.775391 0.36499 0.331787 0.01709 0.356689 0.047607 0.342041 0.048096 0.143799 0.500488 0.142334 0.395264 0.14917 0.355713 0.114014 0.084717 0.066162 0.095947 0.075928 0.075928 0.979248 0.586182 0.912598 0.539795 0.943604 0.557129 0.899658 0.495605 0.914063 0.55957 0.909912 0.58374 0.943604 0.557129 0.912598 0.539795 0.914063 0.515625 0.943604 0.557129 0.914063 0.515625 0.978271 0.494141 0.978271 0.494141 0.914063 0.515625 0.916992 0.473145 0.914063 0.515625 0.912598 0.539795 0.905273 0.498779 0.914063 0.515625 0.905273 0.498779 0.916992 0.473145 0.916992 0.473145 0.905273 0.498779 0.904053 0.489258 0.904053 0.489258 0.905273 0.498779 0.899658 0.495605 0.69043 0.590576 0.683838 0.575928 0.688232 0.548096 0.683838 0.575928 0.65918 0.623535 0.659668 0.581787 0.688232 0.548096 0.683838 0.575928 0.681641 0.530518 0.681641 0.530518 0.683838 0.575928 0.659668 0.581787 0.687256 0.518799 0.681641 0.530518 0.672119 0.519775 0.687256 0.518799 0.672119 0.519775 0.666748 0.503662 0.212891 0.241211 0.208496 0.19751 0.262207 0.197998 0.262207 0.197998 0.208496 0.19751 0.243164 0.169678 0.208496 0.19751 0.241455 0.16626 0.243164 0.169678 0.241455 0.16626 0.171387 0.223633 0.148926 0.238525 0.261719 0.155518 0.241455 0.16626 0.217285 0.137207 0.241455 0.16626 0.148926 0.238525 0.180176 0.211426 0.241455 0.16626 0.180176 0.211426 0.217285 0.137207 0.217285 0.137207 0.180176 0.211426 0.14624 0.143799 0.223633 0.988525 0.221191 0.981445 0.224609 0.981934 0.221191 0.981445 0.198242 0.990723 0.221436 0.96167 0.221436 0.96167 0.180176 0.995361 0.206055 0.957764 0.221436 0.96167 0.206055 0.957764 0.239014 0.957764 0.214355 0.953125 0.206055 0.957764 0.203369 0.909668 0.493408 0.683594 0.544922 0.651367 0.471191 0.722412 0.462891 0.71167 0.493408 0.683594 0.471191 0.722412 0.453369 0.708008 0.462891 0.71167 0.449463 0.722412 0.449463 0.722412 0.462891 0.71167 0.45874 0.730225 0.442871 0.732666 0.449463 0.722412 0.45874 0.730225 0.442871 0.732666 0.45874 0.730225 0.443359 0.736328 0.443359 0.736328 0.45874 0.730225 0.446289 0.739502 0.446289 0.739502 0.45874 0.730225 0.447754 0.745117 0.473633 0.730713 0.471191 0.722412 0.550293 0.664551 0.45874 0.730225 0.473633 0.730713 0.447754 0.745117 0.473633 0.730713 0.550293 0.664551 0.540527 0.695557 0.473633 0.730713 0.540527 0.695557 0.480225 0.740723 0.447754 0.745117 0.473633 0.730713 0.454346 0.751953 0.447754 0.745117 0.454346 0.751953 0.384766 0.774414 0.473633 0.730713 0.474854 0.741943 0.454346 0.751953 0.474854 0.741943 0.484375 0.753418 0.474609 0.755615 0.474854 0.741943 0.474609 0.755615 0.460693 0.752441 0.474609 0.755615 0.484375 0.753418 0.483643 0.757324 0.474609 0.755615 0.483643 0.757324 0.477783 0.766113 0.81543 0.062256 0.853516 0.097656 0.810547 0.108154 0.865723 0.053467 0.81543 0.062256 0.804932 0.053467 0.707031 0.049805 0.699951 0.043701 0.702393 0.040527 0.885498 0.372559 0.899658 0.372559 0.91748 0.444092 0.91748 0.444092 0.899658 0.372559 0.912598 0.39502 0.168213 0.286865 0.148926 0.274658 0.167969 0.269775 0.168213 0.286865 0.167969 0.269775 0.17749 0.278809 0.167969 0.269775 0.189453 0.248779 0.192383 0.263184 0.167969 0.269775 0.192383 0.263184 0.17749 0.278809 0.206299 0.271973 0.192383 0.263184 0.189453 0.248779 0.206299 0.271973 0.189453 0.248779 0.27417 0.23877 0.267822 0.263916 0.27417 0.23877 0.28418 0.281006 0.897217 0.831787 0.899414 0.848633 0.889648 0.841553 0.889648 0.841553 0.899414 0.848633 0.89209 0.856445 0.89209 0.856445 0.899414 0.848633 0.902832 0.893066 0.889648 0.841553 0.89209 0.856445 0.879883 0.843994 0.879883 0.843994 0.869385 0.920898 0.864258 0.855713 0.04126 0.75708 0.025879 0.759277 0.032959 0.748047 0.027588 0.161621 0.041504 0.157959 0.037354 0.21167 0.073486 0.939697 0.072754 0.894043 0.103271 0.939941 0.103271 0.939941 0.072754 0.894043 0.102539 0.888916 0.102539 0.888916 0.072754 0.894043 0.069336 0.874268 0.536133 0.105957 0.5354 0.099121 0.54248 0.090576 0.548828 0.0625 0.527588 0.076416 0.528809 0.070313 0.090088 0.253174 0.080322 0.185303 0.100586 0.193359 0.100586 0.193359 0.080322 0.185303 0.106201 0.185547 0.096191 0.681641 0.108154 0.670898 0.1604 0.647705 0.096191 0.681641 0.1604 0.647705 0.118408 0.713135 0.219482 0.578125 0.212646 0.583984 0.20752 0.528564 0.212646 0.583984 0.219482 0.578125 0.210938 0.679443 0.9104 0.061279 0.890625 0.04541 0.913086 0.055664 0.9104 0.061279 0.928467 0.073242 0.913086 0.055664 0.928467 0.073242 0.913086 0.055664 0.955322 0.071533 0.955322 0.071533 0.913086 0.055664 0.950928 0.040771 0.9375 0.888428 0.908691 0.825684 0.950439 0.825195 0.950439 0.825195 0.9375 0.888428 0.950439 0.84668 0.908691 0.825684 0.9375 0.888428 0.92627 0.884277 0.92627 0.884277 0.9375 0.888428 0.950195 0.929932 0.505615 0.780273 0.494385 0.739014 0.534912 0.750244 0.534912 0.750244 0.494385 0.739014 0.518799 0.726074 0.537109 0.760742 0.534912 0.750244 0.553467 0.750977 0.553467 0.750977 0.534912 0.750244 0.55249 0.736328 0.55249 0.736328 0.534912 0.750244 0.518799 0.726074 0.55249 0.736328 0.553467 0.750977 0.575439 0.703857 0.575439 0.703857 0.55249 0.736328 0.541748 0.714111 0.575439 0.703857 0.541748 0.714111 0.577393 0.6521 0.541748 0.714111 0.55249 0.736328 0.543213 0.729736 0.543213 0.729736 0.55249 0.736328 0.518799 0.726074 0.539307 0.715332 0.537598 0.723389 0.518799 0.726074 0.575439 0.703857 0.577393 0.6521 0.59668 0.664063 0.575439 0.703857 0.59668 0.664063 0.601074 0.668457 0.601074 0.668457 0.59668 0.664063 0.607666 0.654053 0.59668 0.664063 0.577393 0.6521 0.58374 0.64502 0.607666 0.654053 0.59668 0.664063 0.602051 0.653076 0.602051 0.653076 0.59668 0.664063 0.58374 0.64502 0.607666 0.654053 0.602051 0.653076 0.62793 0.621338 0.62793 0.621338 0.602051 0.653076 0.597656 0.637695 0.597656 0.637695 0.602051 0.653076 0.58374 0.64502 0.58374 0.64502 0.582764 0.631104 0.589355 0.635254 0.527832 0.03125 0.499268 0.014893 0.55127 0.016357 0.499268 0.014893 0.527832 0.03125 0.499268 0.020752 0.787354 0.035156 0.787354 0.005127 0.808594 0.011963 0.763184 0.594727 0.743896 0.60498 0.746094 0.591553 0.746094 0.591553 0.743896 0.60498 0.727783 0.60376 0.740479 0.622314 0.763184 0.594727 0.753662 0.615967 0.740479 0.622314 0.753662 0.615967 0.738525 0.632568 0.740479 0.622314 0.738525 0.632568 0.724365 0.626953 0.738525 0.632568 0.753662 0.615967 0.747314 0.635986 0.738525 0.632568 0.747314 0.635986 0.744873 0.650879 0.738525 0.632568 0.744873 0.650879 0.746338 0.681885 0.746338 0.681885 0.744873 0.650879 0.757568 0.73877 0.159912 0.570801 0.154785 0.546387 0.174561 0.572998 0.174561 0.572998 0.154785 0.546387 0.17334 0.562256 0.183105 0.570313 0.181396 0.552002 0.19043 0.550537 0.174561 0.572998 0.183105 0.570313 0.18335 0.596436 0.171631 0.587402 0.18335 0.596436 0.175293 0.598877 0.171631 0.587402 0.175293 0.598877 0.166748 0.598145 0.175293 0.598877 0.18335 0.596436 0.177246 0.64502 0.166748 0.598145 0.175293 0.598877 0.171875 0.638916 0.171875 0.638916 0.175293 0.598877 0.177246 0.64502 0.166748 0.598145 0.171875 0.638916 0.164307 0.683105 0.089355 0.288574 0.073486 0.277832 0.082031 0.265625 0.089355 0.288574 0.082031 0.265625 0.099121 0.284912 0.084961 0.262207 0.078369 0.240723 0.080322 0.22583 0.31543 0.971924 0.23877 0.97168 0.226074 0.966064 0.242676 0.984619 0.272705 0.986328 0.244385 0.990967 0.016113 0.94043 0.009521 0.912842 0.014893 0.909912 0.009521 0.912842 0.016113 0.94043 0.01123 0.940918 0.009521 0.912842 0.01123 0.940918 0.003418 0.943848 0.362793 0.025146 0.362793 0.053711 0.360352 0.030518 0.782959 0.026611 0.740967 0.021729 0.740967 0.01001 0.782959 0.026611 0.740967 0.01001 0.776611 0.016113 0.740967 0.021729 0.782959 0.026611 0.771484 0.033691 0.740967 0.021729 0.771484 0.033691 0.740723 0.040039 0.876221 0.106445 0.904053 0.084717 0.898682 0.094971 0.903809 0.074707 0.876221 0.106445 0.852295 0.108154 0.903809 0.074707 0.852295 0.108154 0.890381 0.072021 0.068604 0.323242 0.066162 0.309326 0.077637 0.314209 0.287109 0.14502 0.296387 0.15332 0.25 0.144287 0.066406 0.334717 0.0896 0.385986 0.075928 0.39209 0.0896 0.385986 0.093506 0.317383 0.120117 0.38501 0.390381 0.124756 0.344238 0.11377 0.38623 0.121582 0.390381 0.124756 0.38623 0.121582 0.420654 0.113037 0.651611 0.056885 0.647949 0.051514 0.683105 0.04126 0.647949 0.051514 0.651611 0.056885 0.646484 0.053955 0.970215 0.018555 0.987061 0.013184 0.963135 0.02832 0.96875 0.015381 0.974121 0.015137 0.970215 0.018555 0.96875 0.015381 0.970215 0.018555 0.961182 0.020264 0.961182 0.020264 0.970215 0.018555 0.963135 0.02832 0.961182 0.020264 0.963135 0.02832 0.956299 0.023682 0.955078 0.018311 0.956299 0.023682 0.949219 0.020752 0.955078 0.018311 0.949219 0.020752 0.943359 0.012939 0.595459 0.28418 0.629883 0.24707 0.657471 0.262451 0.595459 0.28418 0.657471 0.262451 0.623291 0.294434 0.595459 0.28418 0.623291 0.294434 0.533447 0.291016 0.629883 0.24707 0.595459 0.28418 0.603027 0.265381 0.629883 0.24707 0.603027 0.265381 0.633789 0.237793 0.595459 0.28418 0.533447 0.291016 0.536133 0.28125 0.595459 0.28418 0.536133 0.28125 0.603027 0.265381 0.633789 0.237793 0.603027 0.265381 0.561523 0.259277 0.561523 0.259277 0.603027 0.265381 0.536133 0.28125 0.633789 0.237793 0.561523 0.259277 0.567139 0.242432 0.515381 0.280518 0.524658 0.29126 0.503662 0.288818 0.515381 0.280518 0.503662 0.288818 0.497559 0.281006 0.515381 0.280518 0.497559 0.281006 0.51123 0.272949 0.515381 0.280518 0.51123 0.272949 0.53418 0.273682 0.530029 0.264648 0.53418 0.273682 0.51123 0.272949 0.526367 0.258057 0.530029 0.264648 0.51123 0.272949 0.526367 0.258057 0.51123 0.272949 0.509033 0.264893 0.095459 0.832275 0.13501 0.789795 0.114258 0.850098 0.973633 0.657715 0.976807 0.650635 0.979248 0.755615 0.725586 0.064941 0.65918 0.073486 0.671631 0.064941 0.65918 0.073486 0.725586 0.064941 0.673584 0.076904 0.30542 0.231934 0.257813 0.2229 0.312744 0.224121 0.257813 0.2229 0.30542 0.231934 0.301025 0.246338 0.28833 0.274658 0.369385 0.242188 0.377441 0.253906 0.020508 0.348145 0.020508 0.385254 0.013916 0.3479 0.148926 0.90625 0.144531 0.956299 0.14209 0.868408 0.175781 0.399658 0.176514 0.449707 0.171387 0.383789 0.171387 0.383789 0.176514 0.449707 0.165039 0.520264 0.171387 0.383789 0.165039 0.520264 0.163086 0.446289 0.173584 0.364258 0.164795 0.379883 0.167236 0.359131 0.167236 0.359131 0.164795 0.379883 0.159912 0.364746 0.159912 0.364746 0.164795 0.379883 0.160889 0.432861 0.96167 0.116211 0.88916 0.116211 0.865967 0.112305 0.590332 0.205566 0.635986 0.161621 0.646484 0.188232 0.635986 0.161621 0.590332 0.205566 0.59375 0.169189 0.59375 0.169189 0.590332 0.205566 0.571533 0.198242 0.574219 0.175049 0.59375 0.169189 0.571533 0.198242 0.574219 0.175049 0.571533 0.198242 0.570068 0.19458 0.570068 0.19458 0.571533 0.198242 0.546875 0.218506 0.369629 0.597168 0.393555 0.440918 0.381104 0.542969 0.393555 0.440918 0.369629 0.597168 0.379639 0.507568 0.393555 0.440918 0.379639 0.507568 0.392822 0.434082 0.393555 0.440918 0.392822 0.434082 0.399414 0.430664 0.399414 0.430664 0.392822 0.434082 0.397461 0.416504 0.399414 0.430664 0.397461 0.416504 0.406494 0.417969 0.406494 0.417969 0.397461 0.416504 0.407471 0.397461 0.407471 0.397461 0.397461 0.416504 0.397705 0.397461 0.407471 0.397461 0.397705 0.397461 0.431641 0.371094 0.407471 0.397461 0.431641 0.371094 0.430176 0.379639 0.55249 0.023193 0.569824 0.015137 0.603516 0.015137 0.826904 0.046631 0.884277 0.041504 0.88623 0.048096 0.947021 0.008301 0.93335 0.000488 0.95752 0.000977 0.895508 0.275879 0.889404 0.257813 0.901367 0.259277 0.889404 0.257813 0.885986 0.270752 0.871826 0.23877 0.871826 0.23877 0.885986 0.270752 0.87207 0.260742 0.87207 0.260742 0.885986 0.270752 0.865723 0.270752 0.87207 0.260742 0.865723 0.270752 0.853516 0.242432 0.865723 0.270752 0.885986 0.270752 0.882568 0.295166 0.853516 0.242432 0.865723 0.270752 0.850342 0.249512 0.894531 0.316406 0.895752 0.286865 0.90332 0.33374 0.894531 0.316406 0.90332 0.33374 0.899658 0.343506 0.880859 0.300049 0.893799 0.333008 0.890137 0.354736 0.252197 0.050781 0.267822 0.04248 0.264648 0.061035 0.264648 0.061035 0.267822 0.04248 0.272217 0.048096 0.264648 0.061035 0.272217 0.048096 0.29126 0.055664 0.29126 0.055664 0.272217 0.048096 0.292969 0.048828 0.252197 0.050781 0.264648 0.061035 0.253174 0.069824 0.253174 0.069824 0.264648 0.061035 0.252441 0.095459 0.252197 0.050781 0.253174 0.069824 0.236816 0.045166 0.236816 0.045166 0.252197 0.050781 0.238525 0.042725 0.499756 0.42334 0.42749 0.40332 0.471436 0.340332 0.42749 0.40332 0.499756 0.42334 0.435059 0.449951 0.435059 0.449951 0.499756 0.42334 0.492188 0.473877 0.492188 0.473877 0.499756 0.42334 0.554199 0.446533 0.492188 0.473877 0.554199 0.446533 0.54248 0.48584 0.435059 0.449951 0.492188 0.473877 0.458496 0.477539 0.435059 0.449951 0.458496 0.477539 0.431641 0.465576 0.482178 0.497559 0.492188 0.473877 0.510742 0.508301 0.460205 0.483398 0.482178 0.497559 0.479492 0.510986 0.479492 0.510986 0.482178 0.497559 0.510742 0.508301 0.460205 0.483398 0.479492 0.510986 0.453857 0.495117 0.460938 0.513672 0.453857 0.495117 0.479492 0.510986 0.468018 0.526123 0.460938 0.513672 0.479492 0.510986 0.409912 0.484619 0.458252 0.51709 0.435791 0.551025 0.435791 0.551025 0.458252 0.51709 0.468018 0.526123 0.409912 0.484619 0.435791 0.551025 0.391602 0.546143 0.391602 0.546143 0.435791 0.551025 0.415771 0.556396 0.455566 0.554688 0.435791 0.551025 0.468018 0.526123 0.415771 0.556396 0.48999 0.586426 0.4021 0.602783 0.455566 0.554688 0.468018 0.526123 0.470947 0.559814 0.455566 0.554688 0.470947 0.559814 0.48999 0.586426 0.470947 0.559814 0.468018 0.526123 0.491699 0.534912 0.47583 0.522705 0.479492 0.510986 0.491943 0.525879 0.491943 0.525879 0.479492 0.510986 0.490234 0.516602 0.490234 0.516602 0.479492 0.510986 0.510742 0.508301 0.490234 0.516602 0.510742 0.508301 0.513428 0.510986 0.491943 0.525879 0.519775 0.523682 0.520508 0.533447 0.519775 0.523682 0.520508 0.533447 0.53125 0.529297 0.519043 0.546631 0.5271 0.544434 0.540283 0.551514 0.519043 0.546631 0.540283 0.551514 0.544922 0.555176 0.520508 0.533447 0.515869 0.55127 0.491699 0.534912 0.515869 0.55127 0.552002 0.578369 0.514893 0.584717 0.491699 0.534912 0.515869 0.55127 0.484863 0.567627 0.491699 0.534912 0.484863 0.567627 0.470947 0.559814 0.470947 0.559814 0.484863 0.567627 0.48999 0.586426 0.494141 0.572266 0.515869 0.55127 0.509521 0.56543 0.514893 0.584717 0.515869 0.55127 0.511475 0.573975 0.515869 0.55127 0.511475 0.573975 0.509521 0.56543 0.48999 0.586426 0.494873 0.592529 0.4021 0.602783 0.4021 0.602783 0.494873 0.592529 0.447021 0.655029 0.392334 0.956543 0.402344 0.915771 0.475342 0.95752 0.402344 0.915771 0.392334 0.956543 0.354736 0.947021 0.402344 0.915771 0.354736 0.947021 0.348389 0.924805 0.955078 0.08252 0.989014 0.062012 0.993896 0.081787 0.06665 0.409912 0.062256 0.458008 0.04541 0.419922 0.06665 0.409912 0.04541 0.419922 0.064941 0.400146 0.054199 0.86084 0.022705 0.871094 0.021729 0.821045 0.993896 0.973389 0.985352 0.984131 0.984375 0.958984 0.993896 0.973389 0.984375 0.958984 0.996094 0.956055 0.184326 0.032959 0.164063 0.0271 0.172119 0.024658 0.184326 0.032959 0.172119 0.024658 0.191406 0.015137 0.653809 0.198486 0.662598 0.201172 0.660645 0.203613 0.662598 0.201172 0.654053 0.195801 0.685791 0.191895 0.660645 0.203613 0.662598 0.201172 0.686035 0.224365 0.686035 0.224365 0.662598 0.201172 0.728516 0.216553 0.660645 0.203613 0.686035 0.224365 0.6875 0.233643 0.728516 0.216553 0.662598 0.201172 0.717285 0.199951 0.660645 0.203613 0.6875 0.233643 0.629639 0.200439 0.689209 0.182861 0.654297 0.183105 0.6604 0.179688 0.681641 0.174805 0.689209 0.182861 0.6604 0.179688 0.024414 0.09668 0.020264 0.109375 0.00415 0.102539 0.846924 0.03833 0.842529 0.031494 0.830811 0.026123 0.196289 0.842773 0.259277 0.841064 0.207275 0.864258 0.207275 0.864258 0.259277 0.841064 0.297607 0.855225 0.196289 0.842773 0.207275 0.864258 0.172119 0.911377 0.974854 0.146729 1 0.122803 0.999268 0.210449 1 0.122803 0.974854 0.146729 0.966797 0.118652 0.974854 0.146729 0.999268 0.210449 0.980957 0.198242 0.974854 0.146729 0.980957 0.198242 0.971191 0.150879 0.425537 0.83252 0.284424 0.80249 0.368896 0.764893 0.772217 0.704834 0.790771 0.666016 0.776123 0.714844 0.772217 0.704834 0.776123 0.714844 0.783936 0.797852 0.332275 0.277344 0.372314 0.281738 0.316162 0.344482 0.316162 0.344482 0.372314 0.281738 0.411133 0.307617 0.411133 0.307617 0.372314 0.281738 0.413574 0.276855 0.413574 0.276855 0.372314 0.281738 0.404053 0.25708 0.411133 0.307617 0.413574 0.276855 0.427734 0.302979 0.411133 0.307617 0.427734 0.302979 0.455322 0.338623 0.455322 0.338623 0.427734 0.302979 0.462891 0.331299 0.462891 0.331299 0.427734 0.302979 0.441895 0.309326 0.448242 0.300049 0.447998 0.27417 0.456543 0.284668 0.448242 0.300049 0.456543 0.284668 0.460449 0.30249 0.462891 0.331299 0.459717 0.31665 0.471191 0.328857 0.471191 0.328857 0.459717 0.31665 0.471436 0.320313 0.966797 0.087158 0.98877 0.086914 0.977783 0.099365 0.966797 0.087158 0.977783 0.099365 0.960938 0.095459 0.962646 0.10376 0.960938 0.095459 0.977783 0.099365 0.962646 0.10376 0.977783 0.099365 0.975098 0.112793 0.975098 0.112793 0.977783 0.099365 0.988037 0.115967 0.150146 0.545654 0.11499 0.54248 0.116211 0.534424 0.116211 0.534424 0.11499 0.54248 0.094238 0.528564 0.116211 0.534424 0.094238 0.528564 0.104004 0.52002 0.104004 0.52002 0.094238 0.528564 0.092773 0.525146 0.150146 0.545654 0.144775 0.53125 0.149658 0.526367 0.120361 0.524414 0.106201 0.507324 0.11792 0.503662 0.120361 0.524414 0.11792 0.503662 0.149658 0.526367 0.11792 0.503662 0.106201 0.507324 0.119385 0.492676 0.11792 0.503662 0.149658 0.526367 0.140625 0.508545 0.140625 0.508545 0.11792 0.503662 0.119385 0.492676 0.140625 0.508545 0.149658 0.526367 0.150635 0.519043 0.140625 0.508545 0.119385 0.492676 0.135742 0.496826 0.135742 0.496826 0.119385 0.492676 0.115967 0.463623 0.213135 0.477539 0.2771 0.468506 0.283447 0.512207 0.213135 0.477539 0.283447 0.512207 0.214844 0.530518 0.2771 0.468506 0.293213 0.467041 0.283447 0.512207 0.214844 0.530518 0.283447 0.512207 0.234619 0.561768 0.283447 0.512207 0.293213 0.467041 0.295654 0.510254 0.295654 0.510254 0.293213 0.467041 0.303467 0.488525 0.234619 0.561768 0.283447 0.512207 0.2854 0.557373 0.2854 0.557373 0.283447 0.512207 0.295654 0.510254 0.259766 0.566895 0.2854 0.557373 0.270508 0.565674 0.2854 0.557373 0.301758 0.544189 0.294922 0.559082 0.301758 0.544189 0.303467 0.488525 0.311768 0.51123 0.249756 0.577148 0.28125 0.570068 0.253174 0.59082 0.253174 0.59082 0.28125 0.570068 0.262451 0.594238 0.301758 0.544189 0.311768 0.51123 0.311768 0.543213 0.301758 0.544189 0.311768 0.543213 0.294922 0.559082 0.318604 0.499756 0.320557 0.451172 0.333984 0.441406 0.318604 0.499756 0.333984 0.441406 0.366211 0.498535 0.366211 0.498535 0.333984 0.441406 0.341553 0.437988 0.366211 0.498535 0.341553 0.437988 0.38208 0.456299 0.311768 0.543213 0.366211 0.498535 0.341064 0.551025 0.311768 0.543213 0.341064 0.551025 0.309814 0.555908 0.311768 0.543213 0.309814 0.555908 0.294922 0.559082 0.341064 0.551025 0.345947 0.567627 0.309814 0.555908 0.294922 0.559082 0.309814 0.555908 0.291748 0.571045 0.28125 0.570068 0.291748 0.571045 0.262451 0.594238 0.306885 0.574463 0.309814 0.555908 0.345947 0.567627 0.262451 0.594238 0.291748 0.571045 0.294434 0.586914 0.345947 0.567627 0.341064 0.582275 0.306885 0.574463 0.341064 0.582275 0.349854 0.572021 0.3396 0.595215 0.344971 0.595703 0.375488 0.621826 0.389404 0.644531 0.341064 0.582275 0.336914 0.59668 0.306885 0.574463 0.300049 0.587891 0.294434 0.586914 0.306885 0.574463 0.300049 0.587891 0.306885 0.574463 0.336914 0.59668 0.294434 0.586914 0.300049 0.587891 0.283447 0.625244 0.560303 0.370361 0.543457 0.412109 0.495117 0.392578 0.612305 0.398438 0.568115 0.341309 0.592041 0.347412 0.612305 0.398438 0.636719 0.422607 0.564453 0.442383 0.564453 0.442383 0.636719 0.422607 0.592773 0.480225 0.564453 0.442383 0.592773 0.480225 0.547363 0.549561 0.144287 0.808105 0.17041 0.795898 0.129395 0.845459 0.163574 0.797119 0.142822 0.789063 0.162109 0.790283 0.161865 0.775146 0.169922 0.781738 0.162109 0.790283 0.123047 0.023438 0.130859 0.02832 0.127197 0.044434 0.134766 0.010986 0.123047 0.023438 0.101807 0.010742 0.778076 0.799316 0.759277 0.761719 0.773438 0.758789 0.756592 0.773438 0.778076 0.799316 0.762207 0.841064 0.756592 0.773438 0.717529 0.834961 0.727783 0.767334 0.727783 0.767334 0.717529 0.834961 0.698242 0.761719 0.67041 0.793945 0.717529 0.834961 0.63623 0.842529 0.001953 0.355225 0.013672 0.390625 0.002197 0.394775 0.708252 0.29834 0.697266 0.29834 0.705322 0.27832 0.705566 0.302979 0.710693 0.300293 0.709961 0.303467 0.705566 0.302979 0.709961 0.303467 0.707275 0.317383 0.697266 0.29834 0.705566 0.302979 0.704102 0.316406 0.697266 0.29834 0.704102 0.316406 0.689941 0.297363 0.696533 0.331299 0.692871 0.354492 0.672119 0.343262 0.642578 0.381348 0.65918 0.353027 0.672119 0.343262 0.642578 0.381348 0.672119 0.343262 0.682861 0.39209 0.682861 0.39209 0.672119 0.343262 0.692871 0.354492 0.693359 0.366455 0.707275 0.317383 0.70874 0.3396 0.660156 0.976318 0.655762 0.975098 0.662109 0.96875 0.660156 0.976318 0.662109 0.96875 0.713867 0.975342 0.662109 0.96875 0.655762 0.975098 0.654785 0.966064 0.654785 0.966064 0.655762 0.975098 0.631592 0.978027 0.956543 0.947998 0.994873 0.940186 0.999023 0.943359 0.956543 0.947998 0.999023 0.943359 0.950439 0.955811 0.950439 0.955811 0.999023 0.943359 0.999756 0.950684 0.956543 0.947998 0.950439 0.955811 0.904785 0.951904 0.956543 0.947998 0.904785 0.951904 0.907959 0.943604 0.956543 0.947998 0.907959 0.943604 0.994873 0.940186 0.994873 0.940186 0.907959 0.943604 0.908447 0.93335 0.994873 0.940186 0.908447 0.93335 0.996338 0.936035 0.016113 0.687012 0.01709 0.706299 0.00415 0.70459 0.032959 0.990967 0.032959 0.939453 0.060791 0.990234 0.914063 0.720703 0.946533 0.820313 0.907715 0.816406 0.987793 0.498535 0.983643 0.424805 0.990967 0.480225 0.168945 0.102295 0.17749 0.107178 0.141113 0.139648 0.19043 0.102539 0.168945 0.102295 0.148438 0.085938 0.19043 0.102539 0.148438 0.085938 0.169678 0.083984 0.348145 0.942383 0.342529 0.947998 0.223145 0.949707 0.348145 0.942383 0.223145 0.949707 0.221924 0.944824 0.348145 0.942383 0.221924 0.944824 0.289063 0.937256 0.987793 0.821289 0.987793 0.726807 0.996582 0.820068 0.056885 0.734375 0.056885 0.796875 0.053711 0.768799 0.892578 0.029053 0.887695 0.036377 0.87793 0.037109 0.610107 0.322998 0.505127 0.294922 0.617188 0.307373 0.505127 0.294922 0.610107 0.322998 0.588135 0.329102 0.588135 0.329102 0.610107 0.322998 0.611328 0.334473 0.611328 0.334473 0.610107 0.322998 0.626953 0.33374 0.626953 0.33374 0.610107 0.322998 0.617188 0.307373 0.611328 0.334473 0.626953 0.33374 0.615967 0.349854 0.626953 0.33374 0.617188 0.307373 0.641113 0.322266 0.072754 0.005859 0.0625 0.005859 0.068115 0 0.884277 0.743896 0.883789 0.716553 0.888916 0.722168 0.884277 0.743896 0.888672 0.746826 0.887939 0.772461 0.892578 0.742432 0.900391 0.719238 0.899414 0.767822 0.888672 0.746826 0.899414 0.767822 0.887939 0.772461 0.016602 0.046143 0.006836 0.042969 0.01123 0.022461 0.01123 0.022461 0.006836 0.042969 0.00708 0.020508 0.016602 0.046143 0.01123 0.022461 0.03125 0.023682 0.01123 0.022461 0.004395 0.011719 0.010254 0.01001 0.547363 0.947266 0.515381 0.949707 0.546387 0.943848 0.546387 0.943848 0.515381 0.949707 0.493408 0.935059 0.546387 0.943848 0.493408 0.935059 0.487549 0.927979 0.546387 0.943848 0.487549 0.927979 0.499268 0.915527 0.487549 0.927979 0.493408 0.935059 0.421143 0.918945 0.782715 0.049072 0.728027 0.058105 0.726074 0.044434 0.064209 0.911133 0.058838 0.867432 0.062256 0.87085 0.064209 0.911133 0.062256 0.87085 0.064941 0.878906 0.76709 0.974609 0.724854 0.974854 0.705322 0.962158 0.76709 0.974609 0.705322 0.962158 0.786865 0.966553 0.026611 0.584961 0.040283 0.549316 0.046143 0.5979 0.046143 0.5979 0.040283 0.549316 0.044922 0.549072 0.978271 0.924561 0.976074 0.931152 0.95874 0.924316 0.811279 0.989014 0.758789 0.982666 0.788086 0.978027 0.811279 0.989014 0.788086 0.978027 0.830566 0.974365 0.830566 0.974365 0.788086 0.978027 0.813477 0.966064 0.429688 0.986816 0.424072 0.97876 0.479004 0.981689 0.429688 0.986816 0.479004 0.981689 0.496094 0.988037 0.429688 0.986816 0.496094 0.988037 0.426758 0.994385 0.426758 0.994385 0.496094 0.988037 0.504883 0.996582 0.426758 0.994385 0.504883 0.996582 0.419434 1 0.420898 0.990479 0.389404 0.996094 0.333496 0.990723 0.851318 0.117188 0.763916 0.115234 0.795166 0.112305 0.415039 0.026367 0.367188 0.026367 0.395752 0.022949 0.973877 0.309326 0.944824 0.397949 0.974365 0.299561 0.073975 0.196533 0.049805 0.243896 0.050781 0.207275 0.717041 0.121826 0.61499 0.121338 0.627197 0.114014 0.717041 0.121826 0.627197 0.114014 0.717529 0.11377 0.040283 0.260498 0.034424 0.302979 0.025146 0.251709 0.050537 0.625732 0.050537 0.564697 0.058838 0.612061 0.842041 0.345459 0.843262 0.42749 0.826416 0.35376 0.842041 0.345459 0.826416 0.35376 0.823486 0.318604 0.823486 0.318604 0.826416 0.35376 0.808838 0.329834 0.846191 0.340088 0.829102 0.317139 0.849609 0.316895 0.849609 0.316895 0.829102 0.317139 0.865967 0.288818 0.846191 0.340088 0.849609 0.316895 0.862793 0.314697 0.968262 0.860352 0.970215 0.834961 0.999023 0.825195 0.968262 0.860352 0.999023 0.825195 0.986572 0.859131 0.966064 0.871582 0.985107 0.872314 0.956787 0.885742 0.966064 0.871582 0.956787 0.885742 0.946045 0.878418 0.956787 0.885742 0.985107 0.872314 0.981689 0.891602 0.956787 0.885742 0.981689 0.891602 0.961426 0.900146 0.956787 0.885742 0.961426 0.900146 0.946045 0.892578 0.961426 0.900146 0.981689 0.891602 0.991699 0.909668 0.991699 0.909668 0.981689 0.891602 1 0.920166 0.061523 0.525879 0.047852 0.484863 0.050781 0.48584 0.061523 0.525879 0.050781 0.48584 0.061768 0.465332 0.06665 0.988037 0.046875 0.934814 0.067139 0.92749 0.032959 0.419678 0.032959 0.367676 0.038086 0.369629 0.819824 0.961182 0.876953 0.965088 0.854736 0.965332 0.819824 0.961182 0.854736 0.965332 0.835693 0.965088</float_array>
          <technique_common>
            <accessor source="#Chairs1-mesh-map-0-array" count="2907" stride="2">
              <param name="S" type="float"/>
              <param name="T" type="float"/>
            </accessor>
          </technique_common>
        </source>
        <vertices id="Chairs1-mesh-vertices">
          <input semantic="POSITION" source="#Chairs1-mesh-positions"/>
        </vertices>
        <polylist material="Material_-1-material" count="6">
          <input semantic="VERTEX" source="#Chairs1-mesh-vertices" offset="0"/>
          <input semantic="NORMAL" source="#Chairs1-mesh-normals" offset="1"/>
          <input semantic="TEXCOORD" source="#Chairs1-mesh-map-0" offset="2" set="0"/>
          <vcount>3 3 3 3 3 3 3 3 3 3 3 3 3 3 3 3 3 3 3 3 3 3 3 3 3 3 3 3 3 3 3 3 3 3 3 3 3 3 3 3 3 3 3 3 3 3 3 3 3 3 3 3 3 3 3 3 3 3 3 3 3 3 3 3 3 3 3 3 3 3 3 3 3 3 3 3 3 3 3 3 3 3 3 3 3 3 3 3 3 3 3 3 3 3 3 3 3 3 3 3 3 3 3 3 3 3 3 3 3 3 3 3 3 3 3 3 3 3 3 3 3 3 3 3 3 3 3 3 3 3 3 3 3 3 3 3 3 3 3 3 3 3 3 3 3 3 3 3 3 3 3 3 3 3 3 3 3 3 3 3 3 3 3 3 3 3 3 3 3 3 3 3 3 3 3 3 3 3 3 3 3 3 3 3 3 3 3 3 3 3 3 3 3 3 3 3 3 3 3 3 3 3 3 3 3 3 3 3 3 3 3 3 3 3 3 3 3 3 3 3 3 3 3 3 3 3 3 3 3 3 3 3 3 3 3 3 3 3 3 3 3 3 3 3 3 3 3 3 3 3 3 3 3 3 3 3 3 3 3 3 3 3 3 3 3 3 3 3 3 3 3 3 3 3 3 3 3 3 3 3 3 3 3 3 3 3 3 3 3 3 3 3 3 3 3 3 3 3 3 3 3 3 3 3 3 3 3 3 3 3 3 3 3 3 3 3 3 3 3 3 3 3 3 3 3 3 3 3 3 3 3 3 3 3 3 3 3 3 3 3 3 3 3 3 3 3 3 3 3 3 3 3 3 3 3 3 3 3 3 3 3 3 3 3 3 3 3 3 3 3 3 3 3 3 3 3 3 3 3 3 3 3 3 3 3 3 3 3 3 3 3 3 3 3 3 3 3 3 3 3 3 3 3 3 3 3 3 3 3 3 3 3 3 3 3 3 3 3 3 3 3 3 3 3 3 3 3 3 3 3 3 3 3 3 3 3 3 3 3 3 3 3 3 3 3 3 3 3 3 3 3 3 3 3 3 3 3 3 3 3 3 3 3 3 3 3 3 3 3 3 3 3 3 3 3 3 3 3 3 3 3 3 3 3 3 3 3 3 3 3 3 3 3 3 3 3 3 3 3 3 3 3 3 3 3 3 3 3 3 3 3 3 3 3 3 3 3 3 3 3 3 3 3 3 3 3 3 3 3 3 3 3 3 3 3 3 3 3 3 3 3 3 3 3 3 3 3 3 3 3 3 3 3 3 3 3 3 3 3 3 3 3 3 3 3 3 3 3 3 3 3 3 3 3 3 3 3 3 3 3 3 3 3 3 3 3 3 3 3 3 3 3 3 3 3 3 3 3 3 3 3 3 3 3 3 3 3 3 3 3 3 3 3 3 3 3 3 3 3 3 3 3 3 3 3 3 3 3 3 3 3 3 3 3 3 3 3 3 3 3 3 3 3 3 3 3 3 3 3 3 3 3 3 3 3 3 3 3 3 3 3 3 3 3 3 3 3 3 3 3 3 3 3 3 3 3 3 3 3 3 3 3 3 3 3 3 3 3 3 3 3 3 3 3 3 3 3 3 3 3 3 3 3 3 3 3 3 3 3 3 3 3 3 3 3 3 3 3 3 3 3 3 3 3 3 3 3 3 3 3 3 3 3 3 3 3 3 3 3 3 3 3 3 3 3 3 3 3 3 3 3 3 3 3 3 3 3 3 3 3 3 3 3 3 3 3 3 3 3 3 3 3 3 3 3 3 3 3 3 3 3 3 3 3 3 3 3 3 3 3 3 3 3 3 3 3 3 3 3 3 3 3 3 3 3 3 3 3 3 3 3 3 3 3 3 3 3 3 3 3 3 3 3 3 3 3 3 3 3 3 3 3 3 3 3 3 3 3 3 3 3 3 3 3 3 3 3 3 3 3 3 3 3 3 3 3 3 3 3 3 3 3 3 3 3 3 3 3 3 3 3 3 3 3 3 3 3 3 3 3 3 3 3 3 3 3 3 3 3 3 3 3 3 3 3 3 3 3 3 3 3 3 3 3 3 3 3 3 3 3 3 3 3 3 3 3 3 3 3 3 3 3 3 3 3 3 3 3 3 3 3 3 3 3 3 3 3 3 3 3 3 3 3 3 3 3 3 3 3 3 3 3 3 3 3 3 3 3 3 3 3 3 3 3 3 3 3 3 3</vcount>
          <p>0 0 0 1 0 1 2 0 2 3 1 3 2 1 4 4 1 5 5 2 6 6 2 7 7 2 8 2 3 9 6 3 10 4 3 11 6 4 12 5 4 13 8 4 14 6 5 15 8 5 16 4 5 17 9 6 18 1 6 19 10 6 20 1 7 21 9 7 22 2 7 23 2 8 24 9 8 25 6 8 26 6 9 27 9 9 28 7 9 29 7 10 30 9 10 31 11 10 32 11 11 33 9 11 34 12 11 35 12 12 36 9 12 37 10 12 38 12 13 39 10 13 40 13 13 41 13 14 42 10 14 43 14 14 44 13 15 45 14 15 46 15 15 47 13 16 48 15 16 49 16 16 50 13 17 51 16 17 52 12 17 53 12 18 54 16 18 55 17 18 56 17 19 57 16 19 58 4 19 59 16 20 60 3 20 61 4 20 62 3 21 63 16 21 64 18 21 65 18 22 66 16 22 67 19 22 68 20 23 69 0 23 70 21 23 71 20 24 72 10 24 73 1 24 74 20 25 75 1 25 76 0 25 77 16 26 78 15 26 79 19 26 80 2 27 81 22 27 82 0 27 83 22 28 84 2 28 85 23 28 86 14 29 87 10 29 88 20 29 89 14 30 90 20 30 91 21 30 92 15 31 93 14 31 94 24 31 95 25 32 96 17 32 97 26 32 98 17 33 99 25 33 100 12 33 101 26 34 102 17 34 103 4 34 104 11 35 105 12 35 106 25 35 107 27 36 108 5 36 109 7 36 110 7 37 111 11 37 112 27 37 113 27 38 114 28 38 115 29 38 116 27 39 117 29 39 118 8 39 119 27 40 120 8 40 121 5 40 122 28 41 123 27 41 124 11 41 125 28 42 126 11 42 127 25 42 128 28 43 129 25 43 130 26 43 131 29 44 132 28 44 133 30 44 134 28 45 135 26 45 136 31 45 137 28 46 138 31 46 139 30 46 140 30 47 141 31 47 142 32 47 143 30 48 144 32 48 145 33 48 146 34 49 147 26 49 148 4 49 149 34 50 150 4 50 151 8 50 152 26 51 153 34 51 154 35 51 155 26 52 156 35 52 157 31 52 158 31 53 159 35 53 160 36 53 161 34 54 162 8 54 163 37 54 164 34 55 165 37 55 166 35 55 167 37 56 168 8 56 169 29 56 170 37 57 171 29 57 172 38 57 173 35 58 174 37 58 175 39 58 176 39 59 177 37 59 178 38 59 179 35 60 180 39 60 181 36 60 182 39 61 183 38 61 184 40 61 185 36 62 186 39 62 187 41 62 188 41 63 189 39 63 190 42 63 191 42 64 192 39 64 193 40 64 194 43 65 195 40 65 196 44 65 197 29 66 198 30 66 199 45 66 200 29 67 201 45 67 202 38 67 203 45 68 204 30 68 205 33 68 206 45 69 207 33 69 208 46 69 209 40 70 210 38 70 211 47 70 212 47 71 213 38 71 214 48 71 215 38 72 216 45 72 217 49 72 218 48 73 219 38 73 220 50 73 221 50 74 222 38 74 223 49 74 224 45 75 225 46 75 226 51 75 227 49 76 228 45 76 229 51 76 230 52 77 231 49 77 232 51 77 233 49 78 234 52 78 235 50 78 236 50 79 237 52 79 238 53 79 239 50 80 240 53 80 241 48 80 242 53 81 243 52 81 244 54 81 245 54 82 246 52 82 247 55 82 248 53 83 249 54 83 250 56 83 251 53 84 252 56 84 253 48 84 254 48 85 255 56 85 256 57 85 257 0 86 258 22 86 259 21 86 260 58 87 261 22 87 262 23 87 263 22 88 264 58 88 265 59 88 266 23 89 267 2 89 268 3 89 269 60 90 270 23 90 271 3 90 272 60 91 273 3 91 274 18 91 275 24 92 276 14 92 277 61 92 278 61 93 279 14 93 280 62 93 281 19 94 282 15 94 283 24 94 284 19 95 285 24 95 286 61 95 287 63 96 288 64 96 289 32 96 290 63 97 291 32 97 292 31 97 293 64 98 294 63 98 295 65 98 296 64 99 297 65 99 298 66 99 299 66 100 300 65 100 301 67 100 302 67 101 303 65 101 304 68 101 305 68 102 306 65 102 307 63 102 308 67 103 309 68 103 310 69 103 311 69 104 312 68 104 313 70 104 314 36 105 315 63 105 316 31 105 317 70 106 318 68 106 319 71 106 320 71 107 321 68 107 322 63 107 323 70 108 324 71 108 325 72 108 326 72 109 327 71 109 328 36 109 329 72 110 330 36 110 331 41 110 332 71 111 333 63 111 334 73 111 335 73 112 336 63 112 337 36 112 338 73 113 339 36 113 340 71 113 341 74 114 342 75 114 343 76 114 344 77 115 345 70 115 346 72 115 347 70 116 348 77 116 349 78 116 350 77 117 351 72 117 352 41 117 353 78 118 354 77 118 355 79 118 356 78 119 357 79 119 358 80 119 359 77 120 360 41 120 361 79 120 362 81 121 363 80 121 364 79 121 365 42 122 366 79 122 367 41 122 368 82 123 369 81 123 370 79 123 371 81 124 372 82 124 373 83 124 374 81 125 375 83 125 376 84 125 377 82 126 378 79 126 379 85 126 380 85 127 381 79 127 382 42 127 383 85 128 384 42 128 385 86 128 386 42 129 387 87 129 388 86 129 389 87 130 390 42 130 391 40 130 392 88 131 393 87 131 394 89 131 395 67 132 396 69 132 397 90 132 398 90 133 399 69 133 400 70 133 401 90 134 402 70 134 403 91 134 404 90 135 405 91 135 406 92 135 407 91 136 408 70 136 409 78 136 410 91 137 411 78 137 412 84 137 413 91 138 414 84 138 415 93 138 416 80 139 417 84 139 418 78 139 419 84 140 420 82 140 421 83 140 422 84 141 423 83 141 424 94 141 425 84 142 426 94 142 427 93 142 428 93 143 429 94 143 430 95 143 431 47 144 432 48 144 433 96 144 434 47 145 435 96 145 436 97 145 437 47 146 438 97 146 439 98 146 440 47 147 441 98 147 442 99 147 443 47 148 444 44 148 445 40 148 446 47 149 447 99 149 448 44 149 449 44 150 450 99 150 451 100 150 452 100 151 453 99 151 454 101 151 455 44 152 456 102 152 457 43 152 458 102 153 459 44 153 460 100 153 461 102 154 462 43 154 463 103 154 464 103 155 465 102 155 466 100 155 467 43 156 468 103 156 469 104 156 470 100 157 471 105 157 472 101 157 473 100 158 474 105 158 475 106 158 476 100 159 477 106 159 478 107 159 479 100 160 480 107 160 481 103 160 482 104 161 483 103 161 484 107 161 485 48 162 486 57 162 487 96 162 488 96 163 489 57 163 490 108 163 491 96 164 492 108 164 493 97 164 494 57 165 495 56 165 496 109 165 497 57 166 498 109 166 499 110 166 500 57 167 501 110 167 502 111 167 503 57 168 504 111 168 505 108 168 506 112 169 507 113 169 508 111 169 509 111 170 510 113 170 511 114 170 512 108 171 513 111 171 514 114 171 515 108 172 516 114 172 517 115 172 518 108 173 519 115 173 520 97 173 521 115 174 522 114 174 523 116 174 524 97 175 525 115 175 526 117 175 527 117 176 528 115 176 529 116 176 530 118 177 531 43 177 532 104 177 533 118 178 534 104 178 535 119 178 536 40 179 537 43 179 538 89 179 539 40 180 540 89 180 541 87 180 542 43 181 543 89 181 544 118 181 545 89 182 546 118 182 547 120 182 548 121 183 549 122 183 550 123 183 551 123 184 552 122 184 553 121 184 554 123 185 555 121 185 556 124 185 557 123 186 558 124 186 559 121 186 560 120 187 561 118 187 562 119 187 563 88 188 564 89 188 565 120 188 566 125 189 567 120 189 568 119 189 569 125 190 570 119 190 571 126 190 572 126 191 573 119 191 574 104 191 575 126 192 576 104 192 577 127 192 578 126 193 579 127 193 580 128 193 581 128 194 582 127 194 583 129 194 584 129 195 585 127 195 586 130 195 587 129 196 588 130 196 589 131 196 590 129 197 591 131 197 592 132 197 593 128 198 594 129 198 595 133 198 596 129 199 597 132 199 598 134 199 599 129 200 600 134 200 601 133 200 602 127 201 603 104 201 604 130 201 605 54 202 606 109 202 607 56 202 608 109 203 609 54 203 610 135 203 611 109 204 612 135 204 613 110 204 614 110 205 615 135 205 616 136 205 617 135 206 618 54 206 619 137 206 620 110 207 621 136 207 622 138 207 623 110 208 624 138 208 625 111 208 626 111 209 627 138 209 628 112 209 629 136 210 630 135 210 631 137 210 632 136 211 633 137 211 634 139 211 635 139 212 636 137 212 637 140 212 638 139 213 639 140 213 640 141 213 641 141 214 642 140 214 643 142 214 644 143 215 645 124 215 646 121 215 647 143 216 648 121 216 649 124 216 650 144 217 651 145 217 652 146 217 653 146 218 654 145 218 655 147 218 656 147 219 657 145 219 658 148 219 659 144 220 660 146 220 661 149 220 662 144 221 663 149 221 664 150 221 665 150 222 666 149 222 667 151 222 668 151 223 669 149 223 670 152 223 671 151 224 672 152 224 673 148 224 674 148 225 675 152 225 676 153 225 677 148 226 678 145 226 679 154 226 680 154 227 681 145 227 682 155 227 683 155 228 684 145 228 685 144 228 686 148 229 687 154 229 688 156 229 689 147 230 690 148 230 691 153 230 692 147 231 693 153 231 694 157 231 695 157 232 696 153 232 697 158 232 698 147 233 699 157 233 700 146 233 701 157 234 702 158 234 703 159 234 704 146 235 705 157 235 706 159 235 707 146 236 708 159 236 709 160 236 710 151 237 711 148 237 712 156 237 713 151 238 714 156 238 715 161 238 716 161 239 717 156 239 718 162 239 719 151 240 720 161 240 721 163 240 722 151 241 723 163 241 724 150 241 725 150 242 726 163 242 727 144 242 728 155 243 729 164 243 730 154 243 731 165 244 732 155 244 733 144 244 734 164 245 735 155 245 736 166 245 737 155 246 738 165 246 739 167 246 740 155 247 741 167 247 742 166 247 743 167 248 744 165 248 745 168 248 746 168 249 747 165 249 748 169 249 749 167 250 750 168 250 751 170 250 752 167 251 753 170 251 754 166 251 755 166 252 756 170 252 757 171 252 758 166 253 759 171 253 760 164 253 761 164 254 762 171 254 763 172 254 764 154 255 765 164 255 766 172 255 767 149 256 768 146 256 769 160 256 770 149 257 771 160 257 772 173 257 773 149 258 774 173 258 775 152 258 776 152 259 777 173 259 778 174 259 779 152 260 780 174 260 781 153 260 782 173 261 783 160 261 784 175 261 785 175 262 786 160 262 787 159 262 788 175 263 789 159 263 790 176 263 791 159 264 792 158 264 793 176 264 794 176 265 795 158 265 796 177 265 797 158 266 798 153 266 799 177 266 800 177 267 801 153 267 802 174 267 803 51 268 804 178 268 805 52 268 806 178 269 807 51 269 808 46 269 809 52 270 810 178 270 811 55 270 812 178 271 813 46 271 814 179 271 815 55 272 816 178 272 817 180 272 818 180 273 819 178 273 820 179 273 821 181 274 822 179 274 823 46 274 824 181 275 825 46 275 826 33 275 827 181 276 828 33 276 829 182 276 830 182 277 831 33 277 832 32 277 833 182 278 834 32 278 835 64 278 836 179 279 837 181 279 838 175 279 839 175 280 840 181 280 841 173 280 842 173 281 843 181 281 844 174 281 845 179 282 846 175 282 847 176 282 848 179 283 849 176 283 850 180 283 851 180 284 852 176 284 853 183 284 854 180 285 855 183 285 856 184 285 857 183 286 858 176 286 859 177 286 860 177 287 861 174 287 862 181 287 863 183 288 864 177 288 865 182 288 866 183 289 867 182 289 868 184 289 869 182 290 870 177 290 871 181 290 872 184 291 873 182 291 874 64 291 875 144 292 876 163 292 877 165 292 878 163 293 879 165 293 880 185 293 881 165 294 882 185 294 883 169 294 884 169 295 885 185 295 886 163 295 887 163 296 888 169 296 889 185 296 890 185 297 891 163 297 892 161 297 893 186 298 894 185 298 895 169 298 896 169 299 897 186 299 898 168 299 899 186 300 900 162 300 901 187 300 902 186 301 903 187 301 904 168 301 905 168 302 906 187 302 907 170 302 908 162 303 909 156 303 910 188 303 911 188 304 912 156 304 913 172 304 914 172 305 915 156 305 916 154 305 917 186 306 918 185 306 919 161 306 920 186 307 921 161 307 922 162 307 923 189 308 924 66 308 925 67 308 926 64 309 927 66 309 928 189 309 929 64 310 930 189 310 931 190 310 932 190 311 933 189 311 934 191 311 935 64 312 936 190 312 937 192 312 938 64 313 939 192 313 940 184 313 941 184 314 942 192 314 943 193 314 944 184 315 945 193 315 946 194 315 947 184 316 948 194 316 949 195 316 950 184 317 951 195 317 952 180 317 953 191 318 954 67 318 955 90 318 956 191 319 957 90 319 958 196 319 959 192 320 960 190 320 961 197 320 962 197 321 963 190 321 964 191 321 965 197 322 966 191 322 967 198 322 968 197 323 969 199 323 970 192 323 971 200 324 972 201 324 973 132 324 974 201 325 975 200 325 976 202 325 977 55 326 978 137 326 979 54 326 980 137 327 981 55 327 982 140 327 983 140 328 984 55 328 985 180 328 986 140 329 987 180 329 988 142 329 989 142 330 990 180 330 991 195 330 992 134 331 993 132 331 994 201 331 995 134 332 996 201 332 997 203 332 998 204 333 999 201 333 1000 202 333 1001 204 334 1002 202 334 1003 205 334 1004 203 335 1005 201 335 1006 204 335 1007 203 336 1008 204 336 1009 206 336 1010 207 337 1011 136 337 1012 139 337 1013 136 338 1014 207 338 1015 138 338 1016 208 339 1017 207 339 1018 139 339 1019 208 340 1020 139 340 1021 209 340 1022 209 341 1023 139 341 1024 141 341 1025 209 342 1026 141 342 1027 142 342 1028 209 343 1029 142 343 1030 210 343 1031 142 344 1032 195 344 1033 211 344 1034 211 345 1035 195 345 1036 212 345 1037 211 346 1038 212 346 1039 213 346 1040 213 347 1041 212 347 1042 214 347 1043 214 348 1044 212 348 1045 215 348 1046 211 349 1047 142 349 1048 210 349 1049 210 350 1050 211 350 1051 216 350 1052 216 351 1053 211 351 1054 213 351 1055 213 352 1056 214 352 1057 216 352 1058 216 353 1059 214 353 1060 215 353 1061 205 354 1062 215 354 1063 202 354 1064 215 355 1065 202 355 1066 200 355 1067 217 356 1068 216 356 1069 215 356 1070 217 357 1071 215 357 1072 218 357 1073 218 358 1074 215 358 1075 200 358 1076 218 359 1077 200 359 1078 132 359 1079 215 360 1080 212 360 1081 219 360 1082 215 361 1083 219 361 1084 205 361 1085 205 362 1086 219 362 1087 220 362 1088 212 363 1089 219 363 1090 195 363 1091 219 364 1092 195 364 1093 221 364 1094 221 365 1095 195 365 1096 194 365 1097 219 366 1098 221 366 1099 222 366 1100 222 367 1101 221 367 1102 194 367 1103 222 368 1104 194 368 1105 193 368 1106 222 369 1107 193 369 1108 223 369 1109 193 370 1110 223 370 1111 224 370 1112 222 371 1113 223 371 1114 225 371 1115 226 372 1116 222 372 1117 225 372 1118 222 373 1119 226 373 1120 219 373 1121 226 374 1122 225 374 1123 227 374 1124 226 375 1125 227 375 1126 220 375 1127 219 376 1128 226 376 1129 220 376 1130 220 377 1131 228 377 1132 205 377 1133 199 378 1134 193 378 1135 192 378 1136 193 379 1137 199 379 1138 224 379 1139 67 380 1140 191 380 1141 189 380 1142 204 381 1143 205 381 1144 228 381 1145 204 382 1146 228 382 1147 206 382 1148 206 383 1149 228 383 1150 229 383 1151 230 384 1152 21 384 1153 22 384 1154 21 385 1155 230 385 1156 231 385 1157 22 386 1158 230 386 1159 59 386 1160 232 387 1161 58 387 1162 23 387 1163 58 388 1164 232 388 1165 230 388 1166 58 389 1167 230 389 1168 59 389 1169 60 390 1170 232 390 1171 23 390 1172 232 391 1173 60 391 1174 233 391 1175 18 392 1176 233 392 1177 60 392 1178 233 393 1179 18 393 1180 234 393 1181 234 394 1182 18 394 1183 19 394 1184 234 395 1185 19 395 1186 61 395 1187 61 396 1188 62 396 1189 235 396 1190 234 397 1191 61 397 1192 236 397 1193 236 398 1194 61 398 1195 235 398 1196 234 399 1197 236 399 1198 237 399 1199 236 400 1200 235 400 1201 238 400 1202 237 401 1203 236 401 1204 239 401 1205 239 402 1206 236 402 1207 238 402 1208 237 403 1209 239 403 1210 240 403 1211 239 404 1212 238 404 1213 241 404 1214 239 405 1215 241 405 1216 240 405 1217 242 406 1218 230 406 1219 232 406 1220 242 407 1221 232 407 1222 233 407 1223 242 408 1224 233 408 1225 243 408 1226 230 409 1227 242 409 1228 231 409 1229 231 410 1230 242 410 1231 235 410 1232 62 411 1233 231 411 1234 235 411 1235 233 412 1236 234 412 1237 243 412 1238 243 413 1239 234 413 1240 237 413 1241 243 414 1242 237 414 1243 244 414 1244 243 415 1245 244 415 1246 245 415 1247 244 416 1248 237 416 1249 240 416 1250 245 417 1251 244 417 1252 246 417 1253 246 418 1254 244 418 1255 240 418 1256 245 419 1257 246 419 1258 247 419 1259 246 420 1260 240 420 1261 248 420 1262 242 421 1263 243 421 1264 235 421 1265 243 422 1266 245 422 1267 249 422 1268 249 423 1269 245 423 1270 247 423 1271 249 424 1272 247 424 1273 250 424 1274 249 425 1275 250 425 1276 251 425 1277 235 426 1278 243 426 1279 252 426 1280 252 427 1281 243 427 1282 249 427 1283 235 428 1284 252 428 1285 238 428 1286 252 429 1287 249 429 1288 251 429 1289 238 430 1290 252 430 1291 253 430 1292 253 431 1293 252 431 1294 251 431 1295 253 432 1296 251 432 1297 254 432 1298 248 433 1299 240 433 1300 241 433 1301 248 434 1302 241 434 1303 255 434 1304 255 435 1305 241 435 1306 256 435 1307 62 436 1308 14 436 1309 21 436 1310 241 437 1311 238 437 1312 257 437 1313 257 438 1314 238 438 1315 253 438 1316 91 439 1317 93 439 1318 95 439 1319 258 440 1320 257 440 1321 259 440 1322 259 441 1323 257 441 1324 260 441 1325 258 442 1326 261 442 1327 262 442 1328 258 443 1329 262 443 1330 241 443 1331 241 444 1332 257 444 1333 258 444 1334 260 445 1335 257 445 1336 253 445 1337 259 446 1338 261 446 1339 258 446 1340 261 447 1341 259 447 1342 263 447 1343 263 448 1344 259 448 1345 264 448 1346 264 449 1347 260 449 1348 265 449 1349 80 450 1350 82 450 1351 266 450 1352 80 451 1353 266 451 1354 84 451 1355 83 452 1356 94 452 1357 84 452 1358 94 453 1359 84 453 1360 266 453 1361 94 454 1362 266 454 1363 92 454 1364 94 455 1365 92 455 1366 95 455 1367 95 456 1368 92 456 1369 91 456 1370 92 457 1371 266 457 1372 196 457 1373 267 458 1374 266 458 1375 82 458 1376 266 459 1377 267 459 1378 196 459 1379 196 460 1380 267 460 1381 268 460 1382 81 461 1383 80 461 1384 82 461 1385 82 462 1386 81 462 1387 84 462 1388 269 463 1389 82 463 1390 85 463 1391 85 464 1392 86 464 1393 256 464 1394 85 465 1395 256 465 1396 262 465 1397 262 466 1398 256 466 1399 241 466 1400 256 467 1401 86 467 1402 255 467 1403 251 468 1404 86 468 1405 254 468 1406 86 469 1407 270 469 1408 271 469 1409 271 470 1410 86 470 1411 254 470 1412 271 471 1413 272 471 1414 254 471 1415 254 472 1416 272 472 1417 273 472 1418 254 473 1419 273 473 1420 265 473 1421 254 474 1422 265 474 1423 253 474 1424 253 475 1425 265 475 1426 260 475 1427 265 476 1428 273 476 1429 274 476 1430 265 477 1431 274 477 1432 275 477 1433 273 478 1434 272 478 1435 276 478 1436 273 479 1437 276 479 1438 274 479 1439 275 480 1440 274 480 1441 277 480 1442 272 481 1443 277 481 1444 276 481 1445 274 482 1446 276 482 1447 277 482 1448 196 483 1449 90 483 1450 92 483 1451 85 484 1452 262 484 1453 278 484 1454 260 485 1455 264 485 1456 259 485 1457 278 486 1458 279 486 1459 268 486 1460 279 487 1461 278 487 1462 262 487 1463 268 488 1464 279 488 1465 280 488 1466 268 489 1467 280 489 1468 196 489 1469 196 490 1470 280 490 1471 281 490 1472 280 491 1473 279 491 1474 282 491 1475 280 492 1476 282 492 1477 281 492 1478 281 493 1479 282 493 1480 283 493 1481 283 494 1482 282 494 1483 279 494 1484 265 495 1485 275 495 1486 284 495 1487 275 496 1488 277 496 1489 285 496 1490 284 497 1491 275 497 1492 286 497 1493 286 498 1494 275 498 1495 285 498 1496 284 499 1497 286 499 1498 285 499 1499 284 500 1500 285 500 1501 287 500 1502 120 501 1503 125 501 1504 288 501 1505 288 502 1506 125 502 1507 289 502 1508 125 503 1509 290 503 1510 289 503 1511 290 504 1512 125 504 1513 126 504 1514 289 505 1515 290 505 1516 291 505 1517 290 506 1518 126 506 1519 128 506 1520 290 507 1521 128 507 1522 291 507 1523 291 508 1524 128 508 1525 133 508 1526 255 509 1527 86 509 1528 292 509 1529 86 510 1530 87 510 1531 270 510 1532 270 511 1533 87 511 1534 88 511 1535 270 512 1536 88 512 1537 288 512 1538 288 513 1539 88 513 1540 120 513 1541 248 514 1542 255 514 1543 293 514 1544 246 515 1545 248 515 1546 293 515 1547 247 516 1548 246 516 1549 294 516 1550 294 517 1551 246 517 1552 293 517 1553 295 518 1554 294 518 1555 293 518 1556 295 519 1557 293 519 1558 296 519 1559 296 520 1560 293 520 1561 297 520 1562 297 521 1563 293 521 1564 298 521 1565 299 522 1566 293 522 1567 255 522 1568 293 523 1569 299 523 1570 298 523 1571 299 524 1572 255 524 1573 292 524 1574 299 525 1575 292 525 1576 300 525 1577 298 526 1578 299 526 1579 301 526 1580 298 527 1581 301 527 1582 302 527 1583 299 528 1584 300 528 1585 301 528 1586 300 529 1587 250 529 1588 303 529 1589 300 530 1590 303 530 1591 301 530 1592 303 531 1593 250 531 1594 247 531 1595 303 532 1596 247 532 1597 294 532 1598 269 533 1599 267 533 1600 82 533 1601 278 534 1602 269 534 1603 85 534 1604 251 535 1605 292 535 1606 86 535 1607 292 536 1608 251 536 1609 300 536 1610 300 537 1611 251 537 1612 250 537 1613 304 538 1614 270 538 1615 288 538 1616 304 539 1617 288 539 1618 305 539 1619 288 540 1620 289 540 1621 306 540 1622 288 541 1623 306 541 1624 305 541 1625 307 542 1626 306 542 1627 289 542 1628 307 543 1629 289 543 1630 291 543 1631 307 544 1632 291 544 1633 308 544 1634 270 545 1635 304 545 1636 271 545 1637 271 546 1638 304 546 1639 309 546 1640 309 547 1641 304 547 1642 310 547 1643 271 548 1644 309 548 1645 311 548 1646 311 549 1647 312 549 1648 272 549 1649 311 550 1650 272 550 1651 271 550 1652 304 551 1653 305 551 1654 313 551 1655 306 552 1656 307 552 1657 305 552 1658 305 553 1659 307 553 1660 313 553 1661 313 554 1662 307 554 1663 308 554 1664 133 555 1665 314 555 1666 291 555 1667 291 556 1668 314 556 1669 315 556 1670 134 557 1671 203 557 1672 133 557 1673 133 558 1674 203 558 1675 314 558 1676 269 559 1677 278 559 1678 268 559 1679 269 560 1680 268 560 1681 267 560 1682 313 561 1683 310 561 1684 304 561 1685 310 562 1686 313 562 1687 316 562 1688 317 563 1689 318 563 1690 308 563 1691 317 564 1692 319 564 1693 308 564 1694 319 565 1695 308 565 1696 315 565 1697 315 566 1698 308 566 1699 291 566 1700 320 567 1701 313 567 1702 308 567 1703 308 568 1704 320 568 1705 318 568 1706 313 569 1707 320 569 1708 316 569 1709 316 570 1710 320 570 1711 321 570 1712 314 571 1713 203 571 1714 322 571 1715 322 572 1716 203 572 1717 323 572 1718 319 573 1719 322 573 1720 318 573 1721 318 574 1722 322 574 1723 324 574 1724 324 575 1725 322 575 1726 323 575 1727 324 576 1728 318 576 1729 320 576 1730 320 577 1731 324 577 1732 325 577 1733 320 578 1734 325 578 1735 326 578 1736 325 579 1737 324 579 1738 327 579 1739 327 580 1740 324 580 1741 323 580 1742 325 581 1743 327 581 1744 323 581 1745 320 582 1746 326 582 1747 328 582 1748 320 583 1749 328 583 1750 321 583 1751 321 584 1752 328 584 1753 223 584 1754 328 585 1755 326 585 1756 329 585 1757 223 586 1758 328 586 1759 330 586 1760 330 587 1761 328 587 1762 329 587 1763 223 588 1764 330 588 1765 225 588 1766 225 589 1767 330 589 1768 227 589 1769 227 590 1770 330 590 1771 329 590 1772 329 591 1773 331 591 1774 227 591 1775 319 592 1776 314 592 1777 322 592 1778 314 593 1779 319 593 1780 315 593 1781 317 594 1782 319 594 1783 318 594 1784 170 595 1785 332 595 1786 171 595 1787 171 596 1788 332 596 1789 188 596 1790 332 597 1791 170 597 1792 187 597 1793 332 598 1794 187 598 1795 333 598 1796 332 599 1797 333 599 1798 334 599 1799 333 600 1800 187 600 1801 335 600 1802 333 601 1803 335 601 1804 336 601 1805 333 602 1806 336 602 1807 337 602 1808 337 603 1809 336 603 1810 338 603 1811 187 604 1812 162 604 1813 335 604 1814 335 605 1815 162 605 1816 188 605 1817 188 606 1818 172 606 1819 171 606 1820 335 607 1821 188 607 1822 339 607 1823 335 608 1824 339 608 1825 340 608 1826 335 609 1827 340 609 1828 336 609 1829 340 610 1830 339 610 1831 341 610 1832 336 611 1833 340 611 1834 342 611 1835 342 612 1836 340 612 1837 341 612 1838 336 613 1839 342 613 1840 338 613 1841 332 614 1842 334 614 1843 339 614 1844 332 615 1845 339 615 1846 188 615 1847 339 616 1848 343 616 1849 344 616 1850 262 617 1851 261 617 1852 279 617 1853 263 618 1854 264 618 1855 345 618 1856 261 619 1857 337 619 1858 338 619 1859 337 620 1860 261 620 1861 263 620 1862 337 621 1863 263 621 1864 345 621 1865 346 622 1866 347 622 1867 348 622 1868 345 623 1869 334 623 1870 333 623 1871 345 624 1872 333 624 1873 337 624 1874 334 625 1875 345 625 1876 343 625 1877 334 626 1878 343 626 1879 339 626 1880 349 627 1881 343 627 1882 345 627 1883 343 628 1884 349 628 1885 350 628 1886 343 629 1887 350 629 1888 344 629 1889 349 630 1890 345 630 1891 284 630 1892 344 631 1893 341 631 1894 339 631 1895 196 632 1896 198 632 1897 191 632 1898 198 633 1899 196 633 1900 281 633 1901 283 634 1902 197 634 1903 198 634 1904 283 635 1905 198 635 1906 281 635 1907 284 636 1908 264 636 1909 265 636 1910 264 637 1911 284 637 1912 345 637 1913 279 638 1914 261 638 1915 338 638 1916 197 639 1917 283 639 1918 279 639 1919 197 640 1920 279 640 1921 199 640 1922 199 641 1923 279 641 1924 338 641 1925 199 642 1926 338 642 1927 351 642 1928 199 643 1929 351 643 1930 349 643 1931 199 644 1932 349 644 1933 284 644 1934 352 645 1935 341 645 1936 344 645 1937 352 646 1938 344 646 1939 350 646 1940 352 647 1941 350 647 1942 353 647 1943 341 648 1944 352 648 1945 354 648 1946 341 649 1947 354 649 1948 342 649 1949 352 650 1950 353 650 1951 355 650 1952 352 651 1953 355 651 1954 354 651 1955 342 652 1956 354 652 1957 356 652 1958 356 653 1959 354 653 1960 355 653 1961 342 654 1962 356 654 1963 357 654 1964 355 655 1965 353 655 1966 358 655 1967 355 656 1968 358 656 1969 359 656 1970 355 657 1971 359 657 1972 360 657 1973 355 658 1974 360 658 1975 356 658 1976 357 659 1977 356 659 1978 360 659 1979 361 660 1980 357 660 1981 360 660 1982 361 661 1983 360 661 1984 362 661 1985 203 662 1986 206 662 1987 323 662 1988 227 663 1989 331 663 1990 220 663 1991 357 664 1992 338 664 1993 342 664 1994 338 665 1995 357 665 1996 351 665 1997 361 666 1998 351 666 1999 357 666 2000 351 667 2001 361 667 2002 363 667 2003 350 668 2004 364 668 2005 353 668 2006 351 669 2007 363 669 2008 349 669 2009 228 670 2010 220 670 2011 331 670 2012 285 671 2013 277 671 2014 287 671 2015 287 672 2016 277 672 2017 272 672 2018 287 673 2019 272 673 2020 312 673 2021 287 674 2022 312 674 2023 365 674 2024 365 675 2025 312 675 2026 366 675 2027 366 676 2028 312 676 2029 311 676 2030 316 677 2031 309 677 2032 310 677 2033 206 678 2034 325 678 2035 323 678 2036 325 679 2037 206 679 2038 326 679 2039 326 680 2040 206 680 2041 229 680 2042 329 681 2043 326 681 2044 229 681 2045 329 682 2046 229 682 2047 331 682 2048 331 683 2049 229 683 2050 228 683 2051 309 684 2052 366 684 2053 311 684 2054 366 685 2055 309 685 2056 316 685 2057 366 686 2058 316 686 2059 321 686 2060 366 687 2061 321 687 2062 365 687 2063 365 688 2064 321 688 2065 223 688 2066 365 689 2067 223 689 2068 287 689 2069 287 690 2070 223 690 2071 367 690 2072 367 691 2073 223 691 2074 224 691 2075 367 692 2076 224 692 2077 199 692 2078 367 693 2079 199 693 2080 284 693 2081 364 694 2082 350 694 2083 349 694 2084 349 695 2085 363 695 2086 364 695 2087 367 696 2088 284 696 2089 287 696 2090 98 697 2091 368 697 2092 99 697 2093 368 698 2094 98 698 2095 369 698 2096 369 699 2097 98 699 2098 370 699 2099 370 700 2100 98 700 2101 371 700 2102 370 701 2103 371 701 2104 372 701 2105 371 702 2106 98 702 2107 97 702 2108 372 703 2109 371 703 2110 373 703 2111 105 704 2112 97 704 2113 117 704 2114 105 705 2115 117 705 2116 374 705 2117 105 706 2118 374 706 2119 375 706 2120 101 707 2121 99 707 2122 376 707 2123 376 708 2124 99 708 2125 368 708 2126 376 709 2127 368 709 2128 377 709 2129 377 710 2130 368 710 2131 302 710 2132 101 711 2133 376 711 2134 371 711 2135 371 712 2136 376 712 2137 378 712 2138 101 713 2139 371 713 2140 97 713 2141 97 714 2142 101 714 2143 105 714 2144 379 715 2145 114 715 2146 113 715 2147 114 716 2148 379 716 2149 116 716 2150 116 717 2151 379 717 2152 380 717 2153 380 718 2154 379 718 2155 381 718 2156 380 719 2157 381 719 2158 382 719 2159 116 720 2160 380 720 2161 383 720 2162 116 721 2163 383 721 2164 117 721 2165 383 722 2166 380 722 2167 382 722 2168 117 723 2169 383 723 2170 384 723 2171 384 724 2172 383 724 2173 382 724 2174 117 725 2175 384 725 2176 374 725 2177 385 726 2178 374 726 2179 384 726 2180 386 727 2181 385 727 2182 384 727 2183 374 728 2184 385 728 2185 387 728 2186 387 729 2187 385 729 2188 386 729 2189 374 730 2190 387 730 2191 375 730 2192 375 731 2193 387 731 2194 388 731 2195 388 732 2196 387 732 2197 386 732 2198 388 733 2199 389 733 2200 390 733 2201 388 734 2202 386 734 2203 391 734 2204 388 735 2205 391 735 2206 389 735 2207 391 736 2208 386 736 2209 392 736 2210 386 737 2211 384 737 2212 392 737 2213 392 738 2214 384 738 2215 393 738 2216 393 739 2217 384 739 2218 382 739 2219 393 740 2220 382 740 2221 394 740 2222 392 741 2223 393 741 2224 395 741 2225 393 742 2226 395 742 2227 396 742 2228 397 743 2229 395 743 2230 398 743 2231 397 744 2232 398 744 2233 399 744 2234 395 745 2235 397 745 2236 392 745 2237 397 746 2238 400 746 2239 401 746 2240 392 747 2241 397 747 2242 402 747 2243 392 748 2244 402 748 2245 391 748 2246 391 749 2247 402 749 2248 389 749 2249 402 750 2250 397 750 2251 389 750 2252 401 751 2253 397 751 2254 403 751 2255 397 752 2256 403 752 2257 389 752 2258 389 753 2259 403 753 2260 390 753 2261 390 754 2262 403 754 2263 404 754 2264 405 755 2265 379 755 2266 113 755 2267 379 756 2268 405 756 2269 406 756 2270 379 757 2271 406 757 2272 381 757 2273 105 758 2274 375 758 2275 106 758 2276 375 759 2277 388 759 2278 390 759 2279 375 760 2280 390 760 2281 106 760 2282 404 761 2283 407 761 2284 390 761 2285 396 762 2286 393 762 2287 394 762 2288 396 763 2289 394 763 2290 398 763 2291 398 764 2292 394 764 2293 399 764 2294 398 765 2295 399 765 2296 408 765 2297 394 766 2298 409 766 2299 399 766 2300 409 767 2301 394 767 2302 410 767 2303 399 768 2304 409 768 2305 411 768 2306 411 769 2307 409 769 2308 412 769 2309 399 770 2310 411 770 2311 400 770 2312 412 771 2313 409 771 2314 410 771 2315 399 772 2316 400 772 2317 397 772 2318 410 773 2319 394 773 2320 382 773 2321 381 774 2322 410 774 2323 382 774 2324 395 775 2325 398 775 2326 396 775 2327 398 776 2328 399 776 2329 408 776 2330 400 777 2331 413 777 2332 414 777 2333 414 778 2334 413 778 2335 415 778 2336 400 779 2337 414 779 2338 401 779 2339 416 780 2340 417 780 2341 403 780 2342 417 781 2343 416 781 2344 418 781 2345 416 782 2346 403 782 2347 401 782 2348 416 783 2349 401 783 2350 419 783 2351 403 784 2352 417 784 2353 404 784 2354 419 785 2355 401 785 2356 414 785 2357 419 786 2358 414 786 2359 415 786 2360 113 787 2361 112 787 2362 405 787 2363 405 788 2364 112 788 2365 420 788 2366 420 789 2367 112 789 2368 207 789 2369 207 790 2370 112 790 2371 138 790 2372 420 791 2373 207 791 2374 208 791 2375 420 792 2376 208 792 2377 421 792 2378 421 793 2379 208 793 2380 422 793 2381 422 794 2382 208 794 2383 423 794 2384 423 795 2385 208 795 2386 209 795 2387 423 796 2388 209 796 2389 210 796 2390 422 797 2391 423 797 2392 424 797 2393 424 798 2394 423 798 2395 425 798 2396 426 799 2397 423 799 2398 210 799 2399 426 800 2400 210 800 2401 427 800 2402 428 801 2403 427 801 2404 210 801 2405 428 802 2406 210 802 2407 429 802 2408 429 803 2409 210 803 2410 216 803 2411 423 804 2412 426 804 2413 430 804 2414 430 805 2415 426 805 2416 431 805 2417 430 806 2418 431 806 2419 432 806 2420 432 807 2421 431 807 2422 433 807 2423 423 808 2424 430 808 2425 425 808 2426 430 809 2427 432 809 2428 434 809 2429 430 810 2430 434 810 2431 425 810 2432 434 811 2433 432 811 2434 435 811 2435 434 812 2436 425 812 2437 429 812 2438 429 813 2439 434 813 2440 435 813 2441 429 814 2442 425 814 2443 216 814 2444 429 815 2445 435 815 2446 428 815 2447 428 816 2448 435 816 2449 436 816 2450 405 817 2451 420 817 2452 437 817 2453 405 818 2454 437 818 2455 406 818 2456 420 819 2457 421 819 2458 437 819 2459 406 820 2460 437 820 2461 381 820 2462 437 821 2463 421 821 2464 438 821 2465 438 822 2466 421 822 2467 422 822 2468 381 823 2469 437 823 2470 439 823 2471 439 824 2472 437 824 2473 438 824 2474 381 825 2475 439 825 2476 440 825 2477 439 826 2478 438 826 2479 440 826 2480 438 827 2481 422 827 2482 424 827 2483 381 828 2484 440 828 2485 410 828 2486 410 829 2487 440 829 2488 412 829 2489 438 830 2490 424 830 2491 441 830 2492 438 831 2493 441 831 2494 440 831 2495 441 832 2496 424 832 2497 425 832 2498 441 833 2499 425 833 2500 442 833 2501 442 834 2502 425 834 2503 216 834 2504 442 835 2505 216 835 2506 217 835 2507 441 836 2508 442 836 2509 443 836 2510 441 837 2511 443 837 2512 444 837 2513 441 838 2514 444 838 2515 440 838 2516 443 839 2517 418 839 2518 444 839 2519 440 840 2520 444 840 2521 445 840 2522 440 841 2523 445 841 2524 412 841 2525 445 842 2526 444 842 2527 418 842 2528 412 843 2529 445 843 2530 411 843 2531 418 844 2532 446 844 2533 445 844 2534 446 845 2535 418 845 2536 415 845 2537 415 846 2538 418 846 2539 416 846 2540 446 847 2541 415 847 2542 445 847 2543 413 848 2544 411 848 2545 445 848 2546 413 849 2547 445 849 2548 415 849 2549 411 850 2550 413 850 2551 400 850 2552 418 851 2553 442 851 2554 417 851 2555 442 852 2556 418 852 2557 443 852 2558 442 853 2559 217 853 2560 417 853 2561 417 854 2562 217 854 2563 218 854 2564 417 855 2565 218 855 2566 404 855 2567 447 856 2568 419 856 2569 415 856 2570 419 857 2571 447 857 2572 416 857 2573 447 858 2574 415 858 2575 416 858 2576 448 859 2577 449 859 2578 450 859 2579 449 860 2580 448 860 2581 450 860 2582 107 861 2583 130 861 2584 104 861 2585 130 862 2586 107 862 2587 407 862 2588 130 863 2589 407 863 2590 131 863 2591 131 864 2592 407 864 2593 132 864 2594 132 865 2595 407 865 2596 218 865 2597 107 866 2598 106 866 2599 407 866 2600 377 867 2601 378 867 2602 376 867 2603 377 868 2604 302 868 2605 451 868 2606 377 869 2607 451 869 2608 452 869 2609 378 870 2610 377 870 2611 452 870 2612 378 871 2613 452 871 2614 453 871 2615 453 872 2616 452 872 2617 454 872 2618 455 873 2619 456 873 2620 454 873 2621 455 874 2622 454 874 2623 457 874 2624 457 875 2625 454 875 2626 452 875 2627 457 876 2628 452 876 2629 451 876 2630 458 877 2631 373 877 2632 453 877 2633 458 878 2634 453 878 2635 454 878 2636 453 879 2637 373 879 2638 378 879 2639 378 880 2640 373 880 2641 371 880 2642 459 881 2643 372 881 2644 373 881 2645 459 882 2646 373 882 2647 456 882 2648 456 883 2649 373 883 2650 458 883 2651 459 884 2652 456 884 2653 294 884 2654 459 885 2655 294 885 2656 295 885 2657 459 886 2658 295 886 2659 372 886 2660 372 887 2661 295 887 2662 296 887 2663 372 888 2664 296 888 2665 370 888 2666 460 889 2667 124 889 2668 143 889 2669 390 890 2670 407 890 2671 106 890 2672 218 891 2673 407 891 2674 404 891 2675 456 892 2676 458 892 2677 454 892 2678 302 893 2679 368 893 2680 298 893 2681 451 894 2682 302 894 2683 461 894 2684 451 895 2685 461 895 2686 457 895 2687 369 896 2688 370 896 2689 296 896 2690 369 897 2691 296 897 2692 297 897 2693 369 898 2694 297 898 2695 368 898 2696 298 899 2697 368 899 2698 297 899 2699 302 900 2700 301 900 2701 461 900 2702 460 901 2703 143 901 2704 124 901 2705 462 902 2706 456 902 2707 455 902 2708 456 903 2709 462 903 2710 294 903 2711 294 904 2712 462 904 2713 303 904 2714 303 905 2715 462 905 2716 461 905 2717 461 906 2718 462 906 2719 455 906 2720 303 907 2721 461 907 2722 301 907 2723 461 908 2724 455 908 2725 457 908 2726 463 909 2727 464 909 2728 435 909 2729 436 910 2730 435 910 2731 464 910 2732 436 911 2733 464 911 2734 465 911 2735 464 912 2736 463 912 2737 466 912 2738 464 913 2739 466 913 2740 465 913 2741 463 914 2742 435 914 2743 467 914 2744 467 915 2745 435 915 2746 432 915 2747 463 916 2748 467 916 2749 468 916 2750 467 917 2751 432 917 2752 433 917 2753 431 918 2754 469 918 2755 433 918 2756 433 919 2757 469 919 2758 470 919 2759 433 920 2760 470 920 2761 471 920 2762 433 921 2763 471 921 2764 472 921 2765 471 922 2766 470 922 2767 473 922 2768 472 923 2769 467 923 2770 433 923 2771 431 924 2772 426 924 2773 474 924 2774 431 925 2775 474 925 2776 469 925 2777 450 926 2778 475 926 2779 476 926 2780 450 927 2781 476 927 2782 448 927 2783 468 928 2784 477 928 2785 463 928 2786 463 929 2787 477 929 2788 466 929 2789 478 930 2790 479 930 2791 480 930 2792 481 931 2793 427 931 2794 428 931 2795 481 932 2796 428 932 2797 362 932 2798 362 933 2799 428 933 2800 482 933 2801 426 934 2802 427 934 2803 481 934 2804 426 935 2805 481 935 2806 359 935 2807 426 936 2808 359 936 2809 474 936 2810 474 937 2811 359 937 2812 358 937 2813 474 938 2814 358 938 2815 469 938 2816 482 939 2817 428 939 2818 436 939 2819 482 940 2820 436 940 2821 465 940 2822 467 941 2823 472 941 2824 468 941 2825 470 942 2826 469 942 2827 358 942 2828 472 943 2829 483 943 2830 468 943 2831 483 944 2832 472 944 2833 471 944 2834 483 945 2835 471 945 2836 473 945 2837 465 946 2838 484 946 2839 482 946 2840 466 947 2841 484 947 2842 465 947 2843 484 948 2844 466 948 2845 485 948 2846 484 949 2847 485 949 2848 473 949 2849 473 950 2850 485 950 2851 483 950 2852 484 951 2853 473 951 2854 486 951 2855 486 952 2856 473 952 2857 470 952 2858 484 953 2859 486 953 2860 482 953 2861 360 954 2862 359 954 2863 481 954 2864 360 955 2865 481 955 2866 362 955 2867 362 956 2868 482 956 2869 363 956 2870 362 957 2871 363 957 2872 361 957 2873 363 958 2874 482 958 2875 486 958 2876 363 959 2877 486 959 2878 353 959 2879 363 960 2880 353 960 2881 364 960 2882 353 961 2883 486 961 2884 358 961 2885 358 962 2886 486 962 2887 470 962 2888 485 963 2889 466 963 2890 477 963 2891 485 964 2892 477 964 2893 468 964 2894 468 965 2895 483 965 2896 485 965 2897 21 966 2898 231 966 2899 62 966 2900 448 967 2901 476 967 2902 475 967 2903 448 968 2904 475 968 2905 450 968 2906</p>
        </polylist>
      </mesh>
    </geometry>
  </library_geometries>
  <library_visual_scenes>
    <visual_scene id="Scene" name="Scene">
      <node id="Chairs1" name="Chairs1" type="NODE">
        <scale sid="scale">1 1 1</scale>
        <translate sid="location">0 0 0</translate>
        <rotate sid="rotationX">1 0 0 0</rotate>
        <rotate sid="rotationY">0 1 0 90</rotate>
        <rotate sid="rotationZ">0 0 1 0</rotate>
        <instance_geometry url="#Chairs1-mesh" name="Chairs1">
          <bind_material>
            <technique_common>
            </technique_common>
          </bind_material>
        </instance_geometry>
      </node>
    </visual_scene>
  </library_visual_scenes>
  <scene>
    <instance_visual_scene url="#Scene"/>
  </scene>
</COLLADA>
