<?xml version="1.0" encoding="utf-8"?>
<COLLADA xmlns="http://www.collada.org/2005/11/COLLADASchema" version="1.4.1" xmlns:xsi="http://www.w3.org/2001/XMLSchema-instance">
  <asset>
    <contributor>
      <author>Blockbench user</author>
      <authoring_tool>Blockbench</authoring_tool>
    </contributor>
    <created>2026-05-16T05:20:42.087Z</created>
    <modified>2026-05-16T05:20:42.093Z</modified>
    <unit name="meter" meter="1.0"/>
    <up_axis>Y_UP</up_axis>
  </asset>
  <library_effects>
  </library_effects>
  <library_images>
  </library_images>
  <library_materials>
  </library_materials>
  <library_geometries>
    <geometry id="ComputerDesk1-mesh" name="ComputerDesk1">
      <mesh>
        <source id="ComputerDesk1-mesh-positions">
          <float_array id="ComputerDesk1-mesh-positions-array" count="6855">-0.08548 0.128204 -0.145493 -0.175934 -0.311981 -0.467804 -0.175385 -0.315063 -0.491943 -0.164948 -0.324249 -0.487732 -0.175507 -0.297058 -0.470673 -0.176956 -0.268646 -0.493195 0.046059 -0.210922 -0.495026 -0.168045 -0.209839 -0.495148 -0.127609 -0.079674 -0.495056 -0.172501 -0.084724 -0.495117 -0.047447 0.000523 -0.495117 -0.170761 0.010566 -0.4953 -0.170822 0.00058 -0.484314 -0.170456 0.005057 -0.44635 -0.172043 -0.00458 -0.467896 -0.171188 -0.005575 -0.309753 -0.170746 -0.008551 -0.466339 -0.170593 -0.212952 -0.463379 -0.171051 -0.285797 -0.465302 -0.170517 -0.03418 -0.316315 -0.170654 -0.284607 -0.315094 -0.172455 -0.220718 -0.309296 -0.171188 -0.005575 -0.309753 -0.17038 -0.011759 -0.305603 -0.170776 -0.209213 -0.299194 -0.170441 -0.046547 -0.280579 -0.169846 -0.18338 -0.238998 -0.169937 -0.259827 -0.279205 -0.170517 -0.300385 -0.279449 -0.171707 -0.29953 -0.460876 -0.167206 -0.299286 -0.315002 -0.143036 -0.332001 -0.48056 -0.164948 -0.324249 -0.487732 -0.157318 -0.331451 -0.468292 -0.118019 -0.323425 -0.487122 -0.119896 -0.322845 -0.487305 -0.171707 -0.29953 -0.460876 -0.175934 -0.311981 -0.467804 -0.141739 -0.332306 -0.480713 -0.140701 -0.292938 -0.469116 -0.171051 -0.285797 -0.465302 -0.175507 -0.297058 -0.470673 -0.170654 -0.284607 -0.315094 -0.175934 -0.311981 -0.467804 -0.164948 -0.324249 -0.487732 -0.173584 -0.301666 -0.478241 -0.171844 -0.226242 -0.491547 -0.168228 -0.296295 -0.467285 -0.17012 -0.151352 -0.470337 -0.168991 -0.069656 -0.491699 -0.167206 -0.299286 -0.315002 -0.171707 -0.29953 -0.460876 -0.167938 -0.287872 -0.315094 -0.167938 -0.137726 -0.465332 -0.167831 -0.285034 -0.396515 -0.167862 -0.006704 -0.466095 -0.167892 -0.146622 -0.314362 -0.167908 -0.294189 -0.309784 -0.167603 0.005395 -0.491455 -0.04575 0.003186 -0.491669 -0.168701 0.002244 -0.31073 -0.167892 -0.006622 -0.310883 -0.167755 -0.103683 -0.306885 -0.167709 -0.101791 -0.283295 -0.167923 -0.002645 -0.283997 -0.166885 -0.301514 -0.283752 -0.129974 -0.292999 -0.284119 -0.149506 -0.035835 -0.283997 0.033169 -0.035538 -0.284149 -0.175934 -0.311981 -0.467804 -0.157318 -0.331451 -0.468292 -0.168228 -0.296295 -0.467285 -0.171707 -0.29953 -0.460876 -0.140701 -0.292938 -0.469116 -0.118423 -0.31842 -0.467438 -0.171844 -0.226242 -0.491547 -0.164948 -0.324249 -0.487732 -0.05426 -0.210083 -0.491516 -0.168991 -0.069656 -0.491699 0.165436 -0.070015 -0.491608 -0.120865 -0.30423 -0.488556 -0.118019 -0.323425 -0.487122 -0.116905 -0.314148 -0.488251 0.107117 -0.315247 -0.491455 -0.175385 -0.315063 -0.491943 -0.176956 -0.268646 -0.493195 0.046059 -0.210922 -0.495026 0.170578 -0.292023 -0.492187 -0.116905 -0.314148 -0.488251 0.106438 -0.312408 -0.488342 -0.05426 -0.210083 -0.491516 0.169083 -0.207413 -0.491547 -0.116905 -0.314148 -0.488251 -0.119896 -0.322845 -0.487305 -0.175385 -0.315063 -0.491943 -0.164948 -0.324249 -0.487732 -0.118019 -0.323425 -0.487122 -0.141739 -0.332306 -0.480713 -0.118423 -0.31842 -0.467438 -0.140701 -0.292938 -0.469116 -0.119896 -0.322845 -0.487305 -0.120865 -0.30423 -0.488556 -0.116966 -0.318115 -0.466766 -0.116905 -0.314148 -0.488251 -0.118019 -0.323425 -0.487122 -0.118019 -0.323425 -0.487122 -0.118423 -0.31842 -0.467438 -0.157318 -0.331451 -0.468292 0.115715 -0.288635 -0.31543 0.073639 -0.312805 -0.315491 -0.069221 -0.285736 -0.31546 -0.059132 -0.287476 -0.312592 0.118073 -0.297699 -0.312439 0.108566 -0.312866 -0.31308 -0.116592 -0.309174 -0.312195 0.108376 -0.304199 -0.283417 0.141052 -0.292175 -0.283203 0.073639 -0.312805 -0.315491 0.111321 -0.326263 -0.280609 -0.009496 -0.315308 -0.280487 0.166702 -0.309906 -0.279755 0.140594 -0.329987 -0.281555 0.155441 -0.320709 -0.291138 0.127411 -0.333954 -0.315155 0.152344 -0.307343 -0.313873 0.115715 -0.288635 -0.31543 -0.069221 -0.285736 -0.31546 -0.116173 -0.313019 -0.315338 -0.167938 -0.287872 -0.315094 -0.167206 -0.299286 -0.315002 -0.163422 -0.293182 -0.311249 -0.167908 -0.294189 -0.309784 -0.166885 -0.301514 -0.283752 -0.170517 -0.300385 -0.279449 -0.167206 -0.299286 -0.315002 -0.059132 -0.287476 -0.312592 -0.163422 -0.321442 -0.283875 -0.161743 -0.323791 -0.311615 -0.139923 -0.332123 -0.28418 -0.119232 -0.308411 -0.283997 -0.117378 -0.320709 -0.311768 -0.130005 -0.294189 -0.311646 -0.116592 -0.309174 -0.312195 -0.129974 -0.292999 -0.284119 0.073639 -0.312805 -0.315491 -0.116173 -0.313019 -0.315338 -0.069221 -0.285736 -0.31546 -0.116592 -0.309174 -0.312195 -0.183105 0.008101 -0.496368 -0.18663 0.007617 -0.499878 -0.170761 0.010566 -0.4953 -0.015991 0.008848 -0.493073 -0.184463 0.010073 -0.44043 -0.18663 0.007617 -0.499878 -0.183105 0.008101 -0.496368 -0.185638 0.038216 -0.494812 -0.187836 0.012683 -0.39502 -0.188858 0.042656 -0.497833 -0.168701 0.002244 -0.31073 -0.167892 -0.006622 -0.310883 -0.167862 -0.006704 -0.466095 -0.170456 0.005057 -0.44635 -0.171188 -0.005575 -0.309753 -0.171432 0.019632 -0.325378 -0.170731 -0.003056 -0.279602 -0.17038 -0.011759 -0.305603 -0.170441 -0.046547 -0.280579 -0.174103 0.014883 -0.281769 -0.168701 0.002244 -0.31073 -0.167923 -0.002645 -0.283997 -0.167892 -0.006622 -0.310883 -0.167755 -0.103683 -0.306885 -0.170761 0.010566 -0.4953 -0.015991 0.008848 -0.493073 -0.047447 0.000523 -0.495117 0.166443 0.011127 -0.493256 0.167343 -0.005842 -0.495178 -0.127609 -0.079674 -0.495056 0.046059 -0.210922 -0.495026 -0.089111 0.010323 -0.495911 -0.170761 0.010566 -0.4953 -0.121063 0.010549 -0.489105 -0.167603 0.005395 -0.491455 -0.171432 0.019632 -0.325378 -0.183105 0.008101 -0.496368 -0.185638 0.038216 -0.494812 -0.121063 0.010549 -0.489105 -0.015991 0.008848 -0.493073 -0.089111 0.010323 -0.495911 0.022779 0.008058 -0.496094 0.039429 0.009104 -0.49884 -0.18663 0.007617 -0.499878 0.041607 0.011379 -0.489624 0.166443 0.011127 -0.493256 0.163788 0.012064 -0.491608 -0.121063 0.010549 -0.489105 -0.167603 0.005395 -0.491455 -0.04575 0.003186 -0.491669 0.072517 0.00055 -0.491547 -0.121063 0.010549 -0.489105 -0.04575 0.003186 -0.491669 0.041607 0.011379 -0.489624 0.163788 0.012064 -0.491608 0.165436 -0.070015 -0.491608 -0.168991 -0.069656 -0.491699 0.169083 -0.207413 -0.491547 0.106438 -0.312408 -0.488342 0.117241 -0.298737 -0.488647 0.166397 -0.309845 -0.488403 0.148758 -0.300323 -0.488373 0.1539 -0.308228 -0.467102 0.150482 -0.323059 -0.488586 0.15184 -0.3237 -0.48938 0.1465 -0.326782 -0.469849 0.166565 -0.310394 -0.467255 0.164169 -0.299927 -0.467865 0.166718 -0.30011 -0.304413 0.164139 -0.278839 -0.469055 0.163971 -0.299286 -0.282867 0.166702 -0.309906 -0.279755 0.155441 -0.320709 -0.291138 0.141052 -0.292175 -0.283203 0.163956 -0.03735 -0.283997 0.033169 -0.035538 -0.284149 0.163956 -0.277557 -0.297363 0.164413 -0.189316 -0.301971 0.164093 -0.103981 -0.298035 0.163544 -0.079201 -0.384979 0.164261 -0.105087 -0.434082 0.166397 -0.109184 -0.358215 0.161591 -0.11232 -0.468475 0.161987 -0.079887 -0.468994 0.160995 -0.112747 -0.30014 0.166504 -0.109184 -0.474243 0.164032 -0.153061 -0.348877 0.16153 -0.148209 -0.468018 0.164795 -0.189758 -0.469238 0.165436 -0.070015 -0.491608 0.16153 -0.193344 -0.469452 0.160797 -0.19281 -0.300385 0.160782 -0.275238 -0.467987 0.159515 -0.274261 -0.302368 0.160828 -0.219116 -0.372589 0.106438 -0.312408 -0.488342 0.107117 -0.315247 -0.491455 0.111229 -0.321625 -0.48761 0.109314 -0.302429 -0.46936 0.117241 -0.298737 -0.488647 0.111343 -0.325531 -0.467224 0.15184 -0.3237 -0.48938 0.1465 -0.326782 -0.469849 0.150482 -0.323059 -0.488586 0.111504 -0.322418 -0.487854 0.111343 -0.325531 -0.467224 0.148758 -0.300323 -0.488373 0.117241 -0.298737 -0.488647 0.109314 -0.302429 -0.46936 0.170578 -0.292023 -0.492187 0.15184 -0.3237 -0.48938 0.107117 -0.315247 -0.491455 0.166565 -0.310394 -0.467255 0.16716 -0.277679 -0.466522 0.166718 -0.30011 -0.304413 0.172562 -0.213913 -0.495087 0.046059 -0.210922 -0.495026 0.166809 -0.276794 -0.300476 0.170868 -0.120987 -0.495026 0.167343 -0.005842 -0.495178 0.169373 -0.195312 -0.472321 0.166702 -0.309906 -0.279755 0.164032 -0.272003 -0.463867 0.162506 -0.272125 -0.304108 0.164536 -0.197525 -0.466827 0.163971 -0.230865 -0.391602 0.164017 -0.197723 -0.303436 0.167557 -0.194809 -0.304321 0.165283 -0.148178 -0.445618 0.167023 -0.148376 -0.300049 0.166901 -0.102264 -0.280792 0.012607 -0.032192 -0.281799 0.163956 -0.117607 -0.301788 0.16716 -0.149338 -0.468018 0.164551 -0.114647 -0.467346 0.167191 -0.112732 -0.299347 0.167633 -0.104317 -0.311249 0.166855 -0.079834 -0.300201 0.16835 -0.11084 -0.470398 0.16687 -0.080193 -0.467499 0.165436 -0.070015 -0.491608 -0.05426 -0.210083 -0.491516 0.169083 -0.207413 -0.491547 0.111343 -0.325531 -0.467224 0.109245 -0.301788 -0.468018 0.1465 -0.326782 -0.469849 0.1539 -0.308228 -0.467102 0.1539 -0.308228 -0.467102 0.109245 -0.301788 -0.468018 0.111343 -0.325531 -0.467224 0.150482 -0.323059 -0.488586 0.022779 0.008058 -0.496094 0.039429 0.009104 -0.49884 0.164093 0.009417 -0.499054 0.160919 0.040428 -0.497925 0.19661 0.011098 -0.499573 0.195374 0.041073 -0.498718 0.194656 0.011537 -0.496368 0.192764 0.038158 -0.495026 -0.089111 0.010323 -0.495911 0.161987 -0.079887 -0.468994 0.160446 -0.078957 -0.438416 0.160126 -0.007747 -0.46936 0.162918 -0.080551 -0.302521 0.15979 -0.079491 -0.300385 0.158768 -0.006822 -0.297943 0.163956 -0.003065 -0.472321 0.164093 -0.103981 -0.298035 0.163986 -0.002207 -0.285309 0.163788 0.012064 -0.491608 0.164001 -0.031555 -0.285126 0.163956 -0.03735 -0.283997 0.166656 0.014909 -0.287018 0.166443 0.011127 -0.493256 0.170258 0.01508 -0.284485 0.166687 -0.004583 -0.470245 0.167236 -0.007115 -0.297455 0.161987 -0.079887 -0.468994 0.164261 -0.105087 -0.434082 0.163773 -0.079208 -0.465973 0.163544 -0.079201 -0.384979 0.170868 -0.120987 -0.495026 0.167343 -0.005842 -0.495178 0.166687 -0.004583 -0.470245 0.166443 0.011127 -0.493256 0.16687 -0.080193 -0.467499 0.163773 -0.079208 -0.465973 0.163162 -0.008478 -0.466522 0.163956 -0.003065 -0.472321 0.166504 -0.109184 -0.474243 0.161987 -0.079887 -0.468994 0.160126 -0.007747 -0.46936 0.165436 -0.070015 -0.491608 0.163788 0.012064 -0.491608 0.161972 -0.008908 -0.304016 0.163544 -0.079201 -0.384979 0.163773 -0.079208 -0.465973 0.163086 -0.032623 -0.38208 0.163162 -0.008478 -0.466522 0.166687 -0.004583 -0.470245 0.167236 -0.007115 -0.297455 0.16687 -0.080193 -0.467499 0.166855 -0.079834 -0.300201 0.167633 -0.104317 -0.311249 0.163559 -0.079971 -0.386475 0.162918 -0.080551 -0.302521 0.161987 -0.079887 -0.468994 0.162918 -0.080551 -0.302521 0.163544 -0.079201 -0.384979 0.164093 -0.103981 -0.298035 0.162918 -0.080551 -0.302521 0.163544 -0.079201 -0.384979 0.163086 -0.032623 -0.38208 0.161972 -0.008908 -0.304016 0.166855 -0.079834 -0.300201 0.167236 -0.007115 -0.297455 0.167862 -0.032169 -0.281342 0.166901 -0.102264 -0.280792 0.012607 -0.032192 -0.281799 -0.1651 -0.325134 -0.315063 -0.163422 -0.321442 -0.283875 -0.165131 -0.324677 -0.280731 -0.138916 -0.334869 -0.315338 -0.141556 -0.334869 -0.280945 -0.116974 -0.322815 -0.283783 -0.009496 -0.315308 -0.280487 -0.116592 -0.309174 -0.312195 -0.129974 -0.292999 -0.284119 -0.163422 -0.321442 -0.283875 -0.165131 -0.324677 -0.280731 -0.166885 -0.301514 -0.283752 -0.119232 -0.308411 -0.283997 -0.129974 -0.292999 -0.284119 -0.170517 -0.300385 -0.279449 -0.106506 -0.282715 -0.281311 -0.009496 -0.315308 -0.280487 -0.1492 -0.260529 -0.279938 -0.169937 -0.259827 -0.279205 -0.149399 -0.260651 -0.086861 -0.149567 -0.230133 -0.27063 -0.009496 -0.315308 -0.280487 -0.116974 -0.322815 -0.283783 -0.026217 -0.315033 -0.283813 -0.129974 -0.292999 -0.284119 0.108376 -0.304199 -0.283417 0.033169 -0.035538 -0.284149 0.141052 -0.292175 -0.283203 -0.152527 -0.227951 -0.269257 -0.152512 -0.048622 -0.269348 -0.152542 -0.152817 -0.139343 -0.149567 -0.230133 -0.27063 -0.149399 -0.045479 -0.27063 -0.148666 -0.032234 -0.281952 -0.1492 -0.260529 -0.279938 -0.106506 -0.282715 -0.281311 0.012607 -0.032192 -0.281799 -0.169937 -0.259827 -0.279205 -0.1698 -0.26178 0.077042 -0.169846 -0.18338 -0.238998 -0.149399 -0.260651 -0.086861 -0.149399 -0.230667 -0.059044 -0.149399 -0.260651 -0.086861 -0.149567 -0.230133 -0.27063 -0.14917 -0.231796 0.065887 -0.152588 -0.229111 0.063881 -0.152527 -0.227951 -0.269257 -0.152542 -0.152817 -0.139343 0.012607 -0.032192 -0.281799 -0.106506 -0.282715 -0.281311 0.166702 -0.309906 -0.279755 -0.009496 -0.315308 -0.280487 0.111237 -0.32077 -0.283447 0.139908 -0.329559 -0.282623 0.112968 -0.325775 -0.312103 0.148026 -0.324249 -0.311798 0.152344 -0.307343 -0.313873 0.148956 -0.323547 -0.284088 0.141052 -0.292175 -0.283203 0.155441 -0.320709 -0.291138 0.111237 -0.32077 -0.283447 0.112968 -0.325775 -0.312103 0.118073 -0.297699 -0.312439 0.141052 -0.292175 -0.283203 0.152344 -0.307343 -0.313873 0.115715 -0.288635 -0.31543 -0.149506 -0.035835 -0.283997 -0.167709 -0.101791 -0.283295 -0.167923 -0.002645 -0.283997 -0.149734 -0.0257 -0.285797 -0.145096 0.004768 -0.283936 -0.096863 0.001413 -0.285278 -0.174103 0.014883 -0.281769 -0.08007 0.015085 -0.278473 -0.174011 0.015059 -0.140228 -0.083809 0.004603 -0.282379 0.074005 0.003756 -0.285034 0.008357 0.014735 -0.28064 -0.152512 -0.048622 -0.269348 -0.152466 -0.049633 -0.036175 -0.152542 -0.152817 -0.139343 -0.152496 -0.048698 0.063408 -0.149399 -0.045479 -0.27063 -0.14975 -0.045567 0.066917 -0.149872 -0.032192 -0.015016 -0.148666 -0.032234 -0.281952 0.012607 -0.032192 -0.281799 -0.028027 -0.032196 0.076881 -0.170731 -0.003056 -0.279602 -0.170441 -0.046547 -0.280579 -0.169601 -0.00462 -0.060703 -0.174103 0.014883 -0.281769 -0.174011 0.015059 -0.140228 -0.169983 -0.000529 0.084549 -0.170319 -0.041264 -0.059761 -0.170334 -0.032204 0.093056 -0.169846 -0.18338 -0.238998 -0.17012 -0.047398 0.078445 -0.170074 -0.170227 0.074768 -0.1698 -0.26178 0.077042 0.164001 -0.031555 -0.285126 -0.149734 -0.0257 -0.285797 -0.096863 0.001413 -0.285278 -0.149506 -0.035835 -0.283997 -0.149506 -0.035835 -0.283997 0.164001 -0.031555 -0.285126 0.033169 -0.035538 -0.284149 0.163956 -0.03735 -0.283997 -0.096863 0.001413 -0.285278 0.074005 0.003756 -0.285034 0.164001 -0.031555 -0.285126 0.163986 -0.002207 -0.285309 0.170258 0.01508 -0.284485 0.008357 0.014735 -0.28064 0.078407 0.015886 -0.258057 0.167862 -0.032169 -0.281342 -0.028027 -0.032196 0.076881 0.012607 -0.032192 -0.281799 0.167404 -0.03212 0.07682 0.166534 -0.006668 0.034344 0.167236 -0.007115 -0.297455 0.166534 -0.006668 0.034344 0.167862 -0.032169 -0.281342 0.170258 0.01508 -0.284485 -0.185638 0.038216 -0.494812 -0.186752 0.041672 -0.410065 -0.184463 0.010073 -0.44043 -0.170395 0.041412 -0.468689 -0.187393 0.01336 -0.355988 -0.187836 0.012683 -0.39502 -0.17012 0.042522 -0.332001 -0.168137 0.037949 -0.481598 -0.167313 0.038078 -0.35022 -0.046562 0.037895 -0.426544 -0.03912 0.037964 -0.266235 -0.18663 0.007617 -0.499878 -0.188858 0.042656 -0.497833 0.039429 0.009104 -0.49884 -0.043476 0.041218 -0.497253 -0.163971 0.040813 -0.477264 -0.168137 0.037949 -0.481598 -0.170395 0.041412 -0.468689 -0.185638 0.038216 -0.494812 -0.167648 0.044247 -0.465973 -0.163971 0.040813 -0.477264 -0.188858 0.042656 -0.497833 -0.167648 0.044247 -0.465973 -0.166718 0.040874 -0.327271 -0.163971 0.040813 -0.477264 -0.173126 0.046227 -0.306915 -0.194763 0.045383 -0.323578 -0.188858 0.042656 -0.497833 -0.187836 0.012683 -0.39502 -0.141953 0.040882 -0.405518 -0.124107 0.04118 -0.412964 -0.010093 0.040844 -0.351135 -0.15564 0.060745 -0.36203 -0.154434 0.046078 -0.402283 -0.143265 0.061199 -0.398102 -0.125748 0.048473 -0.430084 -0.156784 0.050488 -0.362 -0.107559 0.098297 -0.434052 -0.12085 0.086304 -0.420776 -0.122284 0.09655 -0.431183 -0.112869 0.284119 -0.434418 -0.054455 0.099907 -0.412506 -0.093895 0.084778 -0.41156 -0.189392 0.08638 -0.301636 -0.134476 0.083092 -0.314453 -0.091492 0.079666 -0.295166 -0.048023 0.085403 -0.390594 -0.062675 0.080635 -0.317169 -0.045704 0.177078 -0.399628 -0.050369 0.244278 -0.400818 -0.04668 0.11644 -0.378754 -0.056866 0.183273 -0.370422 -0.063026 0.118141 -0.366974 -0.078178 0.117348 -0.37561 -0.058147 0.116035 -0.333099 -0.097626 0.11618 -0.229507 -0.147766 0.116501 -0.191406 -0.171432 0.019632 -0.325378 -0.170761 0.010566 -0.4953 -0.170456 0.005057 -0.44635 -0.171432 0.019632 -0.325378 -0.168701 0.002244 -0.31073 -0.167603 0.005395 -0.491455 -0.154434 0.046078 -0.402283 -0.143265 0.061199 -0.398102 -0.156784 0.050488 -0.362 -0.141953 0.040882 -0.405518 -0.125748 0.048473 -0.430084 -0.01106 0.049229 -0.356903 -0.010093 0.040844 -0.351135 -0.024094 0.060455 -0.351959 -0.15564 0.060745 -0.36203 -0.144852 0.06115 -0.335205 -0.089539 0.060379 -0.299591 -0.026003 0.060493 -0.312134 -0.034821 0.041142 -0.263611 -0.004004 0.041615 -0.311157 0.020205 0.045948 -0.347443 0.020214 0.04084 -0.328552 -0.122284 0.09655 -0.431183 -0.12085 0.086304 -0.420776 -0.19931 0.092537 -0.298401 -0.202042 0.198166 -0.298279 -0.023609 0.040798 -0.434814 -0.124107 0.04118 -0.412964 -0.021519 0.045757 -0.426941 -0.163971 0.040813 -0.477264 -0.002665 0.040962 -0.417114 -0.010093 0.040844 -0.351135 0.020205 0.045948 -0.347443 0.020214 0.04084 -0.328552 0.096184 0.040852 -0.348999 0.11364 0.041203 -0.481934 0.160126 0.040943 -0.402618 0.195374 0.041073 -0.498718 -0.187836 0.012683 -0.39502 -0.192719 0.015126 -0.300079 -0.194763 0.045383 -0.323578 -0.187393 0.01336 -0.355988 -0.191208 0.016008 -0.228378 -0.193268 0.014436 -0.192978 -0.197403 0.047256 -0.232941 -0.173126 0.046227 -0.306915 -0.156067 0.051113 -0.199188 -0.165222 0.040878 -0.20755 -0.199631 0.060879 -0.226624 -0.15239 0.052597 -0.200775 -0.166718 0.040874 -0.327271 -0.15564 0.060745 -0.36203 -0.174194 0.061069 -0.306061 -0.144852 0.06115 -0.335205 -0.162277 0.059967 -0.259247 -0.077866 0.061001 -0.182297 -0.098656 0.061825 -0.238831 -0.104134 0.080368 -0.245468 -0.147903 0.081985 -0.267273 -0.134476 0.083092 -0.314453 -0.101227 0.068489 -0.312073 -0.089539 0.060379 -0.299591 -0.091492 0.079666 -0.295166 -0.186752 0.041672 -0.410065 -0.17012 0.042522 -0.332001 -0.19368 0.043514 -0.226608 -0.187393 0.01336 -0.355988 -0.191208 0.016008 -0.228378 -0.175705 0.042858 -0.26825 -0.170242 0.043579 -0.142441 -0.171005 0.038132 -0.254883 -0.167313 0.038078 -0.35022 -0.03912 0.037964 -0.266235 -0.189392 0.08638 -0.301636 -0.19931 0.092537 -0.298401 -0.12085 0.086304 -0.420776 -0.213562 0.092308 -0.179779 -0.202042 0.198166 -0.298279 -0.201263 0.084694 -0.181747 -0.147903 0.081985 -0.267273 -0.104134 0.080368 -0.245468 -0.134476 0.083092 -0.314453 -0.089539 0.060379 -0.299591 -0.098656 0.061825 -0.238831 -0.026003 0.060493 -0.312134 -0.077866 0.061001 -0.182297 -0.091492 0.079666 -0.295166 -0.104134 0.080368 -0.245468 -0.062675 0.080635 -0.317169 -0.111305 0.082069 -0.192261 -0.097626 0.11618 -0.229507 -0.112869 0.284119 -0.434418 -0.122284 0.09655 -0.431183 -0.130585 0.323212 -0.430359 -0.117592 0.320618 -0.433105 -0.114868 0.332275 -0.42276 -0.176056 0.334045 -0.332001 -0.058918 0.320648 -0.412384 -0.054455 0.099907 -0.412506 -0.050369 0.244278 -0.400818 -0.056301 0.333069 -0.394653 -0.101433 0.334656 -0.262726 -0.056866 0.183273 -0.370422 -0.045704 0.177078 -0.399628 -0.090782 0.307556 -0.288788 -0.06678 0.309326 -0.367645 -0.063026 0.118141 -0.366974 -0.083519 0.307159 -0.378235 -0.078178 0.117348 -0.37561 -0.153351 0.306885 -0.194382 -0.121582 0.149567 -0.263611 -0.147766 0.116501 -0.191406 -0.126572 0.307678 -0.177475 -0.122955 0.166901 -0.175766 -0.137527 0.306824 -0.156692 -0.121582 0.149567 -0.263611 -0.147766 0.116501 -0.191406 -0.078178 0.117348 -0.37561 -0.097626 0.11618 -0.229507 -0.058147 0.116035 -0.333099 -0.147766 0.116501 -0.191406 -0.190216 0.332794 -0.327606 -0.130585 0.323212 -0.430359 -0.122284 0.09655 -0.431183 -0.176056 0.334045 -0.332001 -0.202042 0.198166 -0.298279 -0.207001 0.326355 -0.295288 -0.21109 0.331818 -0.188339 -0.218704 0.325592 -0.185623 -0.213562 0.092308 -0.179779 -0.206558 0.103363 -0.168503 -0.207565 0.321716 -0.172684 -0.178955 0.124207 -0.157166 -0.151749 0.303986 -0.152954 -0.141235 0.323364 -0.150589 -0.137115 0.332306 -0.159714 -0.180832 0.332153 -0.272095 -0.101433 0.334656 -0.262726 -0.114868 0.332275 -0.42276 -0.089111 0.010323 -0.495911 0.192764 0.038158 -0.495026 -0.185638 0.038216 -0.494812 -0.168137 0.037949 -0.481598 -0.046562 0.037895 -0.426544 0.160919 0.040428 -0.497925 0.039429 0.009104 -0.49884 -0.043476 0.041218 -0.497253 0.11364 0.041203 -0.481934 0.195374 0.041073 -0.498718 0.008357 0.014735 -0.28064 -0.08007 0.015085 -0.278473 -0.018703 0.022999 -0.22345 0.078407 0.015886 -0.258057 0.010529 0.024143 -0.147568 -0.023062 0.024696 -0.125488 0.058151 0.015141 -0.054405 0.170258 0.01508 -0.284485 0.169342 0.015119 0.079575 0.166534 -0.006668 0.034344 0.020813 0.023741 -0.073776 0.001331 0.029385 0.015133 -0.012067 0.027065 -0.072693 -0.046562 0.037895 -0.426544 0.17981 0.037964 -0.381409 -0.03912 0.037964 -0.266235 0.192764 0.038158 -0.495026 0.17981 0.037964 -0.381409 0.115929 0.037956 -0.225464 -0.03912 0.037964 -0.266235 0.184204 0.038101 -0.119957 0.191864 0.039989 -0.30188 0.19313 0.039261 -0.392975 0.192764 0.038158 -0.495026 0.194992 0.036892 -0.294678 0.194153 0.038868 -0.15448 0.196075 0.012403 -0.362976 0.196838 0.017422 -0.240845 0.194656 0.011537 -0.496368 0.199402 0.014334 -0.30722 0.19661 0.011098 -0.499573 0.195328 0.042011 -0.418091 0.195374 0.041073 -0.498718 0.160126 0.040943 -0.402618 0.195328 0.042011 -0.418091 0.197556 0.042866 -0.301575 0.199402 0.014334 -0.30722 0.180267 0.041252 -0.319916 0.185913 0.043236 -0.208267 0.160126 0.040943 -0.402618 0.181778 0.040882 -0.207886 0.175385 0.040833 -0.322388 0.096184 0.040852 -0.348999 0.168381 0.041031 -0.302795 0.121582 0.041122 -0.245026 0.079094 0.040894 -0.262115 0.020214 0.04084 -0.328552 -0.163971 0.040813 -0.477264 -0.023609 0.040798 -0.434814 0.11364 0.041203 -0.481934 -0.043476 0.041218 -0.497253 -0.026003 0.060493 -0.312134 -0.043419 0.049519 -0.222229 -0.034821 0.041142 -0.263611 -0.068771 0.041088 -0.162689 -0.034821 0.041142 -0.263611 -0.043419 0.049519 -0.222229 -0.076401 0.041065 -0.182205 -0.077866 0.061001 -0.182297 -0.026003 0.060493 -0.312134 -0.140884 0.049347 -0.193466 -0.15239 0.052597 -0.200775 -0.199631 0.060879 -0.226624 -0.165222 0.040878 -0.20755 -0.079361 0.041428 -0.15712 -0.012717 0.041039 -0.153122 -0.06226 0.040943 -0.054176 -0.077209 0.054668 -0.141647 -0.125046 0.040989 -0.140121 -0.163849 0.040775 -0.09082 -0.090034 0.059864 -0.13739 -0.132233 0.041012 -0.110138 -0.119392 0.060886 -0.133575 -0.11586 0.053623 0.026798 0.079094 0.040894 -0.262115 0.028797 0.041096 -0.219666 0.029655 0.065605 -0.227295 0.079453 0.06443 -0.250763 0.121582 0.041122 -0.245026 0.020214 0.04084 -0.328552 0.107361 0.040894 -0.213333 -0.068771 0.041088 -0.162689 -0.034821 0.041142 -0.263611 -0.012717 0.041039 -0.153122 0.127289 0.040939 -0.165619 0.181778 0.040882 -0.207886 0.182968 0.040787 -0.009469 0.185913 0.043236 -0.208267 0.139847 0.040913 0.01722 0.193848 0.043613 -0.085899 0.197556 0.042866 -0.301575 0.198914 0.037739 -0.112137 0.199692 0.015181 -0.107079 0.19519 0.042988 0.017469 0.127487 0.04578 -0.075188 0.103539 0.048164 -0.166306 -0.014029 0.056599 -0.151855 0.078827 0.049561 -0.132751 0.037411 0.052399 -0.062031 0.105316 0.04855 0.01503 -0.011575 0.055359 0.0109 -0.165222 0.040878 -0.20755 -0.197403 0.047256 -0.232941 -0.167969 0.046638 -0.123466 -0.163849 0.040775 -0.09082 -0.194153 0.04641 -0.137695 -0.164093 0.046646 -0.079079 -0.127731 0.057098 -0.064903 -0.132736 0.064529 -0.063446 -0.169327 0.046833 -0.096039 -0.164093 0.046646 -0.079079 -0.193268 0.014436 -0.192978 -0.192261 0.04607 0.006725 -0.188416 0.014517 -0.018972 -0.167023 0.046173 0.009983 -0.185394 0.013543 -0.012298 -0.164154 0.040897 -0.01615 -0.163849 0.040775 -0.09082 -0.132233 0.041012 -0.110138 -0.114311 0.04097 0.030808 -0.18811 0.014627 -0.122742 -0.191208 0.016008 -0.228378 -0.187515 0.042995 -0.01927 -0.19368 0.043514 -0.226608 -0.170242 0.043579 -0.142441 -0.169907 0.043098 0.025375 -0.213562 0.092308 -0.179779 -0.201263 0.084694 -0.181747 -0.206558 0.103363 -0.168503 -0.139587 0.092957 -0.147644 -0.178955 0.124207 -0.157166 -0.111305 0.082069 -0.192261 -0.104134 0.080368 -0.245468 -0.119759 0.115402 -0.173813 -0.097626 0.11618 -0.229507 -0.147766 0.116501 -0.191406 -0.122955 0.166901 -0.175766 -0.137619 0.108414 -0.146957 -0.132294 0.182388 -0.157028 -0.139572 0.229309 -0.148651 -0.151749 0.303986 -0.152954 -0.070595 0.015532 -0.110268 -0.08007 0.015085 -0.278473 -0.174011 0.015059 -0.140228 -0.138428 0.01511 0.082893 -0.018703 0.022999 -0.22345 -0.023062 0.024696 -0.125488 -0.012067 0.027065 -0.072693 -0.062477 0.018692 0.036121 -0.156067 0.051113 -0.199188 -0.165222 0.040878 -0.20755 -0.140884 0.049347 -0.193466 -0.138687 0.058807 -0.15451 -0.15239 0.052597 -0.200775 -0.15239 0.052597 -0.200775 -0.140884 0.049347 -0.193466 -0.138184 0.044224 -0.10672 -0.149887 0.052547 -0.094124 -0.082321 0.105927 -0.163605 -0.119225 0.100128 -0.154968 -0.111458 0.116264 -0.161163 -0.132294 0.182388 -0.157028 -0.122955 0.166901 -0.175766 -0.137527 0.306824 -0.156692 -0.11187 0.218536 -0.16127 -0.120193 0.31015 -0.156494 -0.095573 0.183762 -0.156082 -0.082832 0.12487 -0.156784 -0.098129 0.100807 -0.142212 -0.067429 0.10672 -0.083817 -0.081306 0.098198 -0.060741 -0.107277 0.097374 -0.061363 -0.058941 0.121857 -0.017033 -0.080643 0.095985 -0.026766 -0.046452 0.107636 0.07695 -0.170242 0.043579 -0.142441 -0.171005 0.038132 -0.254883 -0.169067 0.038078 -0.085594 -0.169907 0.043098 0.025375 -0.03912 0.037964 -0.266235 0.02005 0.03801 0.096497 -0.138687 0.058807 -0.15451 -0.138184 0.044224 -0.10672 -0.140884 0.049347 -0.193466 -0.149887 0.052547 -0.094124 -0.15239 0.052597 -0.200775 -0.100113 0.098747 -0.139282 -0.127731 0.057098 -0.064903 -0.128189 0.082802 -0.131973 -0.164093 0.046646 -0.079079 -0.132736 0.064529 -0.063446 -0.174011 0.015059 -0.140228 -0.172073 0.015002 0.08358 -0.138428 0.01511 0.082893 -0.169983 -0.000529 0.084549 -0.128189 0.082802 -0.131973 -0.132736 0.064529 -0.063446 -0.127731 0.057098 -0.064903 -0.096062 0.060333 -0.06797 -0.119392 0.060886 -0.133575 -0.108536 0.061333 -0.06134 -0.11586 0.053623 0.026798 -0.102928 0.061325 -0.01967 -0.107277 0.097374 -0.061363 -0.090034 0.059864 -0.13739 -0.081306 0.098198 -0.060741 -0.080086 0.060585 -0.060223 -0.077209 0.054668 -0.141647 -0.080643 0.095985 -0.026766 -0.051773 0.053131 0.028244 -0.06226 0.040943 -0.054176 -0.102928 0.061325 -0.01967 -0.104134 0.097031 -0.025867 -0.083191 0.06147 0.04353 -0.107277 0.097374 -0.061363 -0.110207 0.100723 -0.020315 -0.119225 0.100128 -0.154968 -0.104134 0.097031 -0.025867 -0.102928 0.061325 -0.01967 -0.118408 0.150101 -0.018316 -0.119225 0.100128 -0.154968 -0.110207 0.100723 -0.020315 -0.100655 0.096382 0.008429 -0.132294 0.182388 -0.157028 -0.114586 0.199326 0.012191 -0.139694 0.288452 -0.014432 -0.139572 0.229309 -0.148651 -0.134521 0.295715 -0.008355 -0.151749 0.303986 -0.152954 -0.124702 0.305481 -0.002678 -0.10025 0.309753 -0.016993 -0.120193 0.31015 -0.156494 -0.115204 0.288483 -0.142731 -0.095573 0.183762 -0.156082 -0.101753 0.288177 -0.047504 -0.085236 0.29306 0.062492 -0.104507 0.269928 -0.088158 -0.074844 0.216812 0.055813 -0.088325 0.285675 0.057602 -0.137115 0.332306 -0.159714 -0.090782 0.307556 -0.288788 -0.101433 0.334656 -0.262726 -0.126572 0.307678 -0.177475 -0.137527 0.306824 -0.156692 -0.141235 0.323364 -0.150589 -0.151749 0.303986 -0.152954 -0.120193 0.31015 -0.156494 -0.11187 0.218536 -0.16127 0.088104 0.038002 -0.130096 0.02005 0.03801 0.096497 -0.03912 0.037964 -0.266235 0.184204 0.038101 -0.119957 0.115929 0.037956 -0.225464 0.001331 0.029385 0.015133 -0.012067 0.027065 -0.072693 -0.062477 0.018692 0.036121 0.046394 0.019037 0.044228 0.069489 0.015079 0.083511 0.058151 0.015141 -0.054405 -0.012717 0.041039 -0.153122 -0.06226 0.040943 -0.054176 -0.010234 0.040955 0.011949 -0.014029 0.056599 -0.151855 -0.011575 0.055359 0.0109 -0.08548 0.128204 -0.145493 -0.058941 0.121857 -0.017033 -0.082832 0.12487 -0.156784 -0.095573 0.183762 -0.156082 -0.057213 0.126923 0.054504 -0.074844 0.216812 0.055813 0.199692 0.015181 -0.107079 0.196838 0.017422 -0.240845 0.199402 0.014334 -0.30722 0.198914 0.037739 -0.112137 0.197556 0.042866 -0.301575 0.186188 0.038147 0.051117 0.184204 0.038101 -0.119957 0.191864 0.039989 -0.30188 0.194153 0.038868 -0.15448 0.195953 0.014325 -0.028553 0.196838 0.017422 -0.240845 0.199692 0.015181 -0.107079 0.194153 0.038868 -0.15448 0.192795 0.038681 0.066154 0.037411 0.052399 -0.062031 -0.011575 0.055359 0.0109 0.105316 0.04855 0.01503 0.199692 0.015181 -0.107079 0.198151 0.01492 0.04697 0.195953 0.014325 -0.028553 0.19519 0.042988 0.017469 0.195892 0.014429 0.180344 0.193222 0.013131 0.204712 0.192795 0.038681 0.066154 0.192795 0.038681 0.066154 0.186188 0.038147 0.051117 0.194153 0.038868 -0.15448 0.190659 0.038124 0.199341 -0.149399 -0.260651 -0.086861 -0.148926 -0.261932 0.076851 -0.1698 -0.26178 0.077042 -0.167679 -0.306549 0.076096 -0.171066 -0.282806 0.080078 -0.116333 -0.313995 0.076874 -0.170044 -0.302643 0.094383 -0.162598 -0.319733 0.078606 -0.118431 -0.306732 0.08017 -0.167541 -0.295898 0.08033 -0.147934 -0.262726 0.080078 -0.164246 -0.293549 0.09922 -0.165497 -0.324738 0.10157 -0.148926 -0.261932 0.076851 -0.149399 -0.260651 -0.086861 -0.14917 -0.231796 0.065887 -0.149689 -0.03223 0.076805 -0.119064 -0.323151 0.084808 -0.16362 -0.32077 0.078392 -0.154984 -0.328491 0.098549 -0.142151 -0.33429 0.075645 -0.165497 -0.324738 0.10157 -0.164246 -0.293549 0.09922 -0.121101 -0.298218 0.099541 -0.167862 -0.28125 0.102463 -0.119064 -0.323151 0.084808 -0.127106 -0.333099 0.101967 -0.142151 -0.33429 0.075645 -0.165497 -0.324738 0.10157 -0.119987 -0.307098 0.080238 -0.121101 -0.298218 0.099541 -0.154984 -0.328491 0.098549 -0.168335 -0.298218 0.102928 -0.170044 -0.302643 0.094383 -0.16748 -0.262024 0.08239 -0.167541 -0.295898 0.08033 -0.147934 -0.262726 0.080078 -0.167862 -0.28125 0.102463 -0.164246 -0.293549 0.09922 -0.167725 -0.013093 0.084747 -0.149948 -0.260925 0.085442 -0.15062 -0.034126 0.08522 -0.152588 -0.229111 0.063881 -0.14917 -0.231796 0.065887 -0.149399 -0.230667 -0.059044 -0.152496 -0.048698 0.063408 -0.170074 -0.170227 0.074768 -0.1698 -0.26178 0.077042 -0.171066 -0.282806 0.080078 -0.17012 -0.047398 0.078445 0.110901 -0.313629 0.080177 -0.118431 -0.306732 0.08017 -0.116333 -0.313995 0.076874 -0.147934 -0.262726 0.080078 0.164215 -0.112122 0.080406 -0.022881 -0.045547 0.0802 0.119156 -0.335175 0.075508 0.166763 -0.31012 0.076942 -0.148926 -0.261932 0.076851 -0.168335 -0.298218 0.102928 -0.167862 -0.28125 0.102463 -0.169327 -0.294312 0.182785 -0.005428 -0.305267 0.1036 -0.167786 -0.28656 0.304718 -0.167877 -0.137207 0.290131 -0.171478 -0.299133 0.192978 -0.170044 -0.302643 0.094383 -0.168762 -0.297485 0.272461 -0.169098 -0.320435 0.28125 -0.170532 -0.284729 0.131866 -0.1707 -0.284943 0.290588 -0.170532 -0.01232 0.286163 -0.170807 -0.284943 0.103386 -0.170334 -0.032204 0.093056 -0.170044 -0.302643 0.094383 -0.171066 -0.282806 0.080078 -0.170532 -0.284729 0.131866 -0.170975 -0.004577 0.102554 -0.15062 -0.034126 0.08522 -0.167725 -0.013093 0.084747 -0.149948 -0.260925 0.085442 -0.005428 -0.305267 0.1036 -0.168335 -0.298218 0.102928 -0.121101 -0.298218 0.099541 0.01726 -0.299896 0.099922 0.115059 -0.311218 0.101227 0.02 -0.285248 0.102715 0.104469 -0.294678 0.102295 -0.121101 -0.298218 0.099541 -0.167862 -0.28125 0.102463 0.02 -0.285248 0.102715 -0.005428 -0.305267 0.1036 0.104469 -0.294678 0.102295 -0.152542 -0.152817 -0.139343 -0.152496 -0.048698 0.063408 -0.152588 -0.229111 0.063881 -0.14917 -0.231796 0.065887 -0.152496 -0.048698 0.063408 -0.14975 -0.045567 0.066917 -0.149689 -0.03223 0.076805 -0.171066 -0.282806 0.080078 -0.170334 -0.032204 0.093056 -0.17012 -0.047398 0.078445 -0.170319 -0.041264 -0.059761 -0.170807 -0.284943 0.103386 -0.170975 -0.004577 0.102554 -0.170334 -0.032204 0.093056 -0.170532 -0.284729 0.131866 -0.170532 -0.01232 0.286163 -0.170975 -0.004577 0.102554 -0.170944 -0.004755 0.291565 -0.167862 -0.28125 0.102463 -0.167725 -0.013093 0.084747 -0.167801 -0.003942 0.100479 -0.167877 -0.137207 0.290131 -0.168121 -0.004355 0.289764 -0.167465 0.012441 0.307495 -0.169189 0.013994 0.100746 -0.16777 -0.163361 0.306122 -0.115715 -0.001116 0.30777 -0.030254 -0.149963 0.306305 -0.104164 0.011462 0.307983 0.015268 -0.002225 0.307983 -0.147934 -0.262726 0.080078 -0.148331 -0.029068 0.080307 -0.15062 -0.034126 0.08522 -0.022881 -0.045547 0.0802 0.119156 -0.335175 0.075508 0.16362 -0.31781 0.080345 0.110901 -0.313629 0.080177 0.163727 -0.21257 0.080406 0.164215 -0.112122 0.080406 0.164352 -0.280457 0.096268 0.164352 -0.097481 0.098618 0.166763 -0.31012 0.076942 0.16362 -0.31781 0.080345 0.125427 -0.334045 0.08886 0.158173 -0.318115 0.100113 0.119156 -0.335175 0.075508 0.166763 -0.31012 0.076942 0.166672 -0.293915 0.098122 0.164352 -0.280457 0.096268 0.167404 -0.12558 0.102554 0.166931 -0.285248 0.127731 0.168976 -0.294861 0.107285 0.168732 -0.294128 0.289825 0.164429 -0.299805 0.104485 0.164505 -0.300446 0.28241 0.164627 -0.290955 0.274689 0.164307 -0.179687 0.279968 0.164291 -0.096504 0.280914 0.166702 -0.309937 0.305206 0.168839 -0.170761 0.286621 0.165741 -0.315643 0.282104 0.167511 -0.151031 0.306763 0.159637 -0.325745 0.283203 0.146698 -0.297272 0.305054 0.125504 -0.333466 0.283051 0.104469 -0.294678 0.102295 0.115059 -0.311218 0.101227 0.01726 -0.299896 0.099922 -0.005428 -0.305267 0.1036 0.158173 -0.318115 0.100113 0.11161 -0.32309 0.101097 0.109306 -0.29425 0.102325 0.158173 -0.318115 0.100113 0.11161 -0.32309 0.101097 0.125427 -0.334045 0.08886 0.119156 -0.335175 0.075508 0.166763 -0.31012 0.076942 0.16362 -0.31781 0.080345 0.166977 -0.088837 0.076996 0.166763 -0.31012 0.076942 -0.148926 -0.261932 0.076851 0.166763 -0.31012 0.076942 0.166977 -0.088837 0.076996 0.167404 -0.12558 0.102554 0.167084 -0.085869 0.096947 0.166977 -0.102745 0.120544 0.166931 -0.285248 0.127731 0.164215 -0.112122 0.080406 0.163727 -0.21257 0.080406 0.164352 -0.097481 0.098618 0.164169 -0.084747 0.096275 0.164169 -0.084747 0.096275 0.104874 -0.085762 0.097473 0.056213 -0.085655 0.096336 0.105019 -0.085701 0.275818 0.056297 -0.085648 0.281799 0.060947 -0.003632 0.096123 0.164169 -0.084747 0.096275 0.056213 -0.085655 0.096336 0.164124 0.007218 0.096161 0.164215 -0.112122 0.080406 0.16394 -0.007639 0.081596 0.058441 -0.048698 0.081169 0.166107 0.008175 0.082848 0.071182 -0.081238 0.099289 0.084 -0.071579 0.105682 0.078125 -0.082878 0.157227 0.076508 -0.072083 0.173645 0.104408 -0.082832 0.100616 0.056213 -0.085655 0.096336 0.056335 0.000054 0.107674 0.060947 -0.003632 0.096123 0.056221 -0.004445 0.188385 0.05257 0.016319 0.097649 0.100555 0.012015 0.08976 0.164124 0.007218 0.096161 0.049854 0.015579 0.127945 0.066582 -0.00276 0.16037 0.181885 0.01683 0.109619 0.119423 0.01505 0.188919 0.058441 -0.048698 0.081169 -0.022881 -0.045547 0.0802 0.164215 -0.112122 0.080406 -0.003329 -0.039436 0.08355 0.057487 -0.00434 0.084 0.069489 0.015079 0.083511 0.16394 -0.007639 0.081596 -0.028027 -0.032196 0.076881 0.166977 -0.088837 0.076996 -0.148926 -0.261932 0.076851 0.084 -0.071579 0.105682 0.079498 -0.068901 0.099457 0.083214 -0.006161 0.105904 0.071182 -0.081238 0.099289 0.068451 -0.005095 0.099808 0.159943 -0.001503 0.099251 0.080811 -0.00242 0.142471 0.081451 -0.005411 0.13382 0.090927 -0.007772 0.129364 0.100143 -0.007016 0.112572 0.148727 -0.085747 0.098427 0.104874 -0.085762 0.097473 0.164169 -0.084747 0.096275 0.167084 -0.085869 0.096947 0.164352 -0.097481 0.098618 0.105965 -0.085457 0.109337 0.104874 -0.085762 0.097473 0.148727 -0.085747 0.098427 0.104408 -0.082832 0.100616 0.149124 -0.082909 0.106865 0.104408 -0.082832 0.100616 0.15625 -0.082741 0.099388 0.071182 -0.081238 0.099289 0.15625 -0.082741 0.099388 0.104408 -0.082832 0.100616 0.149124 -0.082909 0.106865 0.190948 -0.082855 0.134308 0.20253 -0.081871 0.101089 0.19632 -0.085564 0.097435 0.193787 -0.085716 0.18634 0.149124 -0.082909 0.106865 0.105965 -0.085457 0.109337 0.148727 -0.085747 0.098427 0.168579 -0.077805 0.099236 0.079498 -0.068901 0.099457 0.071182 -0.081238 0.099289 0.159943 -0.001503 0.099251 0.166962 0.000876 0.099075 0.167084 -0.085869 0.096947 0.164124 0.007218 0.096161 0.166977 -0.088837 0.076996 0.166107 0.008175 0.082848 0.167404 -0.03212 0.07682 -0.028027 -0.032196 0.076881 0.166534 -0.006668 0.034344 0.169342 0.015119 0.079575 0.069489 0.015079 0.083511 0.16394 -0.007639 0.081596 0.061172 -0.076874 0.171249 0.078125 -0.082878 0.157227 0.076508 -0.072083 0.173645 0.059883 -0.07299 0.272095 0.059162 -0.082458 0.279144 0.071159 -0.07119 0.278625 0.104996 -0.071724 0.276764 0.082901 -0.053596 0.162033 0.081528 -0.006505 0.195602 0.081787 -0.053059 0.194687 0.083916 -0.004423 0.239914 0.081757 -0.052933 0.202591 0.075584 -0.004591 0.244644 0.08149 -0.005917 0.162231 0.091187 -0.006557 0.160522 0.085907 -0.007115 0.157623 0.07196 -0.00319 0.223679 0.080811 -0.00242 0.142471 0.081467 -0.005975 0.148285 0.087723 -0.010369 0.151657 0.091728 -0.002545 0.278229 0.060341 -0.007868 0.277069 0.107857 -0.001403 0.164459 0.091759 0.00627 0.164337 0.073318 0.011237 0.190689 0.09761 0.006552 0.203827 0.081596 -0.003236 0.240768 0.118896 0.005896 0.264893 0.193069 -0.059441 0.134705 0.091965 -0.043976 0.134552 0.122597 -0.042313 0.138077 0.086784 -0.015582 0.138901 0.175507 -0.004298 0.13739 0.188019 -0.054783 0.137817 0.192368 -0.002744 0.143127 0.193756 -0.071449 0.114967 0.19397 -0.004772 0.151917 0.104996 -0.071724 0.276764 0.076508 -0.072083 0.173645 0.084 -0.071579 0.105682 0.193893 -0.071503 0.275635 0.188583 -0.053734 0.160965 0.082901 -0.053596 0.162033 0.081787 -0.053059 0.194687 0.091187 -0.006557 0.160522 0.188614 -0.053135 0.194824 0.081528 -0.006505 0.195602 0.188736 -0.006666 0.160812 0.187149 -0.00491 0.156082 0.085907 -0.007115 0.157623 0.184067 -0.017563 0.154892 0.0961 -0.040489 0.156204 0.087723 -0.010369 0.151657 0.188843 -0.006609 0.19577 0.188889 -0.005724 0.203598 0.185471 -0.007596 0.202621 0.081757 -0.052933 0.202591 0.188721 -0.052963 0.202713 0.078125 -0.082878 0.157227 0.061172 -0.076874 0.171249 0.059162 -0.082458 0.279144 0.107765 -0.082924 0.279602 0.056213 -0.085655 0.096336 0.056297 -0.085648 0.281799 0.056221 -0.004445 0.188385 0.056145 -0.004964 0.281952 0.106476 -0.006843 0.283539 0.16275 -0.085678 0.283356 0.166931 -0.00491 0.284058 0.164291 -0.096504 0.280914 0.168839 -0.170761 0.286621 0.167511 -0.151031 0.306763 0.165039 0.009711 0.306824 0.104408 -0.082832 0.100616 0.078125 -0.082878 0.157227 0.107765 -0.082924 0.279602 0.104874 -0.085762 0.097473 0.168579 -0.077805 0.099236 0.071182 -0.081238 0.099289 0.15625 -0.082741 0.099388 0.19632 -0.085564 0.097435 0.167084 -0.085869 0.096947 0.193787 -0.085716 0.18634 0.206833 -0.084511 0.097366 0.19696 -0.085693 0.119278 0.19632 -0.085564 0.097435 0.206268 0.002384 0.098862 0.205704 -0.026356 0.210785 0.15625 -0.082741 0.099388 0.201324 -0.005155 0.110703 0.203491 -0.071442 0.106018 0.203522 -0.08271 0.100349 0.083214 -0.006161 0.105904 0.203491 -0.071442 0.106018 0.084 -0.071579 0.105682 0.193756 -0.071449 0.114967 0.201233 -0.001138 0.105782 0.203491 -0.071442 0.106018 0.193542 -0.06229 0.11145 0.193756 -0.071449 0.114967 0.193069 -0.059441 0.134705 0.146454 -0.036049 0.129684 0.201324 -0.005155 0.110703 0.138168 -0.036968 0.111038 0.100143 -0.007016 0.112572 0.090927 -0.007772 0.129364 0.083214 -0.006161 0.105904 0.201233 -0.001138 0.105782 0.166977 -0.102745 0.120544 0.167084 -0.085869 0.096947 0.167801 -0.094879 0.273651 0.164352 -0.097481 0.098618 0.166946 -0.104691 0.270325 0.166931 -0.284149 0.271057 0.171265 -0.187592 0.286774 0.170425 -0.085762 0.2836 0.164291 -0.096504 0.280914 0.164352 -0.280457 0.096268 0.16275 -0.085678 0.283356 0.167084 -0.085869 0.096947 0.149185 -0.08567 0.274536 0.148727 -0.085747 0.098427 0.193787 -0.085716 0.18634 0.170425 -0.085762 0.2836 0.16275 -0.085678 0.283356 0.105019 -0.085701 0.275818 0.107765 -0.082924 0.279602 0.149445 -0.08287 0.279755 0.149124 -0.082909 0.106865 0.190948 -0.082855 0.134308 0.169769 -0.066948 0.279572 0.129913 -0.051704 0.279999 0.170273 -0.008435 0.279968 0.170425 -0.085762 0.2836 0.170364 -0.082848 0.279419 0.190674 -0.08403 0.276245 0.193787 -0.085716 0.18634 0.203522 -0.08271 0.100349 0.19696 -0.085693 0.119278 0.196106 -0.08503 0.281342 0.203583 -0.082237 0.278168 0.205627 -0.00089 0.281616 0.206909 -0.085243 0.280212 0.206833 -0.084511 0.097366 0.192368 -0.002744 0.143127 0.101257 -0.049454 0.143509 0.18428 -0.05687 0.147934 0.080811 -0.00242 0.142471 0.081451 -0.005411 0.13382 0.086784 -0.015582 0.138901 0.189133 -0.006692 0.148239 0.19397 -0.004772 0.151917 0.081467 -0.005975 0.148285 0.203491 -0.071442 0.106018 0.203522 -0.08271 0.100349 0.202591 -0.004234 0.19989 0.201233 -0.001138 0.105782 0.195313 0.000277 0.163437 0.193893 -0.071503 0.275635 0.084 -0.071579 0.105682 0.193756 -0.071449 0.114967 0.19397 -0.004772 0.151917 0.195038 -0.055782 0.267059 0.197235 -0.005122 0.276123 0.193848 -0.005647 0.262878 0.187622 -0.053799 0.262543 0.188889 -0.005724 0.203598 0.188736 -0.006666 0.160812 0.189224 -0.003963 0.244751 0.187317 -0.005926 0.26178 0.085052 -0.005906 0.262695 0.085144 -0.004798 0.259155 0.188538 -0.006537 0.259369 0.089722 -0.051388 0.259125 0.188065 -0.054523 0.25592 0.18782 -0.050049 0.249802 0.18898 -0.054508 0.244675 0.202591 -0.004234 0.19989 0.203522 -0.08271 0.100349 0.203583 -0.082237 0.278168 0.202301 -0.005134 0.2677 0.195313 0.000277 0.163437 0.205627 -0.00089 0.281616 0.195038 -0.055782 0.267059 0.197235 -0.005122 0.276123 0.081757 -0.052933 0.202591 0.081871 -0.052689 0.239838 0.188721 -0.052963 0.202713 0.188644 -0.052719 0.239838 0.083916 -0.004423 0.239914 -0.161469 -0.298737 0.281891 -0.139862 -0.334076 0.28125 -0.169098 -0.320435 0.28125 -0.168762 -0.297485 0.272461 -0.165466 -0.319458 0.305389 -0.167786 -0.28656 0.304718 -0.129822 -0.298096 0.303894 -0.161469 -0.298737 0.281891 -0.157181 -0.328217 0.283875 -0.125015 -0.298645 0.282471 -0.121056 -0.324493 0.284058 -0.119263 -0.324066 0.310272 -0.116127 -0.318054 0.279785 -0.139664 -0.285645 0.279144 -0.015082 -0.315887 0.278412 -0.116104 -0.313263 0.283905 -0.029371 -0.313202 0.281952 0.109154 -0.313568 0.277618 -0.116127 -0.318054 0.279785 -0.116104 -0.313263 0.283905 -0.117973 -0.305908 0.303955 -0.119263 -0.324066 0.310272 -0.125015 -0.298645 0.282471 -0.029371 -0.313202 0.281952 -0.028921 -0.286591 0.281799 0.108398 -0.296753 0.280548 -0.161469 -0.298737 0.281891 -0.139664 -0.285645 0.279144 0.111763 -0.290131 0.277557 -0.015082 -0.315887 0.278412 -0.119263 -0.324066 0.310272 -0.125015 -0.298645 0.282471 -0.121056 -0.324493 0.284058 -0.129822 -0.298096 0.303894 -0.165466 -0.319458 0.305389 -0.141891 -0.30249 0.31366 -0.124146 -0.304565 0.322357 -0.141876 -0.272614 0.356506 -0.145187 -0.286743 0.319489 -0.152466 -0.282196 0.307648 -0.172104 -0.263367 0.310242 -0.169098 -0.320435 0.28125 -0.1707 -0.284943 0.290588 -0.171555 -0.178116 0.293701 -0.171478 -0.299133 0.192978 -0.105515 -0.300232 0.311676 -0.124146 -0.304565 0.322357 -0.119263 -0.324066 0.310272 -0.125854 -0.268127 0.320282 -0.146286 -0.235748 0.33252 -0.145187 -0.286743 0.319489 -0.157074 -0.222183 0.324707 -0.125015 -0.298645 0.282471 -0.117973 -0.305908 0.303955 -0.129822 -0.298096 0.303894 -0.168762 -0.297485 0.272461 -0.169327 -0.294312 0.182785 -0.167786 -0.28656 0.304718 -0.161469 -0.298737 0.281891 -0.170853 -0.026707 0.311066 -0.172104 -0.263367 0.310242 -0.152466 -0.282196 0.307648 -0.033001 -0.213715 0.308716 -0.145187 -0.286743 0.319489 -0.105515 -0.300232 0.311676 -0.152466 -0.282196 0.307648 -0.080734 -0.272736 0.307831 -0.033001 -0.213715 0.308716 -0.101707 -0.317474 0.307587 -0.119263 -0.324066 0.310272 -0.041439 -0.290497 0.311707 0.012168 -0.293427 0.3078 -0.07119 -0.29541 0.309326 -0.053814 -0.298462 0.316528 -0.084145 -0.292206 0.326721 -0.06675 -0.29184 0.330139 -0.117973 -0.305908 0.303955 -0.129822 -0.298096 0.303894 -0.078941 -0.275391 0.304504 -0.167786 -0.28656 0.304718 -0.16777 -0.163361 0.306122 -0.167877 -0.137207 0.290131 -0.030254 -0.149963 0.306305 -0.045113 -0.295471 0.304108 0.021538 -0.318695 0.304474 -0.101707 -0.317474 0.307587 -0.119263 -0.324066 0.310272 -0.033875 -0.30954 0.308899 -0.053814 -0.298462 0.316528 0.028328 -0.314667 0.312225 -0.009495 -0.29245 0.319031 -0.037354 -0.316711 0.320557 0.050385 -0.307129 0.319794 0.012168 -0.293427 0.3078 -0.041439 -0.290497 0.311707 0.092392 -0.302368 0.314545 -0.08049 -0.272003 0.307709 -0.067696 -0.289459 0.329865 -0.08139 -0.240265 0.344391 -0.033875 -0.30954 0.308899 -0.037354 -0.316711 0.320557 -0.053814 -0.298462 0.316528 -0.100517 -0.289581 0.319489 -0.12368 -0.30603 0.322418 -0.104393 -0.30069 0.311523 -0.113838 -0.293335 0.327942 -0.084145 -0.292206 0.326721 -0.124146 -0.304565 0.322357 -0.141876 -0.272614 0.356506 -0.145187 -0.286743 0.319489 -0.157074 -0.222183 0.324707 -0.125854 -0.268127 0.320282 -0.145187 -0.286743 0.319489 -0.105515 -0.300232 0.311676 -0.155319 -0.166626 0.324799 -0.146286 -0.235748 0.33252 -0.125854 -0.268127 0.320282 -0.157074 -0.222183 0.324707 -0.053814 -0.298462 0.316528 -0.100517 -0.289581 0.319489 -0.084145 -0.292206 0.326721 -0.113838 -0.293335 0.327942 -0.041439 -0.290497 0.311707 -0.084145 -0.292206 0.326721 -0.12368 -0.30603 0.322418 -0.037354 -0.316711 0.320557 -0.06675 -0.29184 0.330139 -0.03727 -0.293335 0.331696 -0.053814 -0.298462 0.316528 -0.041439 -0.290497 0.311707 -0.012444 -0.272583 0.332275 -0.000661 -0.304779 0.336853 -0.012478 -0.222595 0.395966 0.00227 -0.311584 0.324799 -0.03727 -0.293335 0.331696 -0.037354 -0.316711 0.320557 -0.000661 -0.304779 0.336853 -0.009495 -0.29245 0.319031 -0.001451 -0.286407 0.338196 0.009366 -0.271759 0.402008 -0.012444 -0.272583 0.332275 -0.041439 -0.290497 0.311707 -0.012478 -0.222595 0.395966 -0.000661 -0.304779 0.336853 0.009366 -0.271759 0.402008 -0.012444 -0.272583 0.332275 -0.1707 -0.284943 0.290588 -0.171555 -0.178116 0.293701 -0.170532 -0.01232 0.286163 -0.170944 -0.004755 0.291565 -0.170853 -0.026707 0.311066 -0.172104 -0.263367 0.310242 -0.170013 0.011753 0.30954 -0.172073 0.015002 0.08358 -0.167465 0.012441 0.307495 -0.104164 0.011462 0.307983 -0.157288 -0.008886 0.311462 -0.033001 -0.213715 0.308716 0.037453 0.012254 0.309631 0.002344 -0.191376 0.478851 -0.006201 -0.226868 0.427032 -0.01328 -0.218277 0.398743 0.004371 -0.212967 0.499939 0.109154 -0.313568 0.277618 -0.015082 -0.315887 0.278412 0.111763 -0.290131 0.277557 0.108398 -0.296753 0.280548 -0.028921 -0.286591 0.281799 0.13916 -0.293854 0.282135 0.109459 -0.303467 0.304932 0.146698 -0.297272 0.305054 0.109154 -0.313568 0.277618 0.109543 -0.322052 0.280212 -0.029371 -0.313202 0.281952 0.108398 -0.296753 0.280548 0.109459 -0.303467 0.304932 0.109497 -0.319366 0.31366 0.112732 -0.323334 0.307251 0.021538 -0.318695 0.304474 0.109459 -0.303467 0.304932 0.109497 -0.319366 0.31366 0.028328 -0.314667 0.312225 0.092392 -0.302368 0.314545 0.167511 -0.151031 0.306763 -0.030254 -0.149963 0.306305 0.146698 -0.297272 0.305054 0.113945 -0.295471 0.284149 0.112732 -0.323334 0.307251 0.124702 -0.331848 0.283905 0.13916 -0.293854 0.282135 0.109543 -0.322052 0.280212 0.109154 -0.313568 0.277618 0.13916 -0.293854 0.282135 0.156403 -0.325531 0.283905 0.112732 -0.323334 0.307251 0.113945 -0.295471 0.284149 0.120903 -0.298218 0.30484 0.112732 -0.323334 0.307251 0.148666 -0.313446 0.312073 0.13916 -0.293854 0.282135 0.146698 -0.297272 0.305054 0.155472 -0.289001 0.308044 -0.033001 -0.213715 0.308716 0.012168 -0.293427 0.3078 0.16153 -0.138168 0.309937 0.158997 -0.324921 0.283905 0.125504 -0.333466 0.283051 0.140701 -0.293182 0.281403 0.165741 -0.315643 0.282104 0.159637 -0.325745 0.283203 0.148666 -0.313446 0.312073 0.146698 -0.297272 0.305054 0.170105 -0.311096 0.310547 0.168732 -0.294128 0.289825 0.164505 -0.300446 0.28241 0.171265 -0.187592 0.286774 0.170273 -0.123001 0.311157 0.16153 -0.138168 0.309937 0.155472 -0.289001 0.308044 0.092392 -0.302368 0.314545 0.012168 -0.293427 0.3078 0.109497 -0.319366 0.31366 0.112732 -0.323334 0.307251 0.166931 -0.284149 0.271057 0.168732 -0.294128 0.289825 0.166931 -0.285248 0.127731 0.166977 -0.102745 0.120544 0.171265 -0.187592 0.286774 0.168732 -0.294128 0.289825 0.166931 -0.284149 0.271057 0.166946 -0.104691 0.270325 0.073563 -0.294861 0.329742 0.003664 -0.3125 0.324493 0.064346 -0.318329 0.323761 0.143539 -0.298187 0.3284 0.119171 -0.296082 0.322327 0.053314 -0.307373 0.320099 0.064346 -0.318329 0.323761 0.003664 -0.3125 0.324493 0.073563 -0.294861 0.329742 0.064346 -0.318329 0.323761 0.074402 -0.294403 0.321747 0.119171 -0.296082 0.322327 0.143539 -0.298187 0.3284 0.053314 -0.307373 0.320099 0.073563 -0.294861 0.329742 0.074402 -0.294403 0.321747 0.118629 -0.268921 0.324249 0.092499 -0.302124 0.314819 0.119171 -0.296082 0.322327 0.072189 -0.294586 0.321716 0.074638 -0.265472 0.359528 0.079079 -0.251556 0.355957 0.072868 -0.219559 0.407349 0.079094 -0.290497 0.343445 0.079079 -0.251556 0.355957 0.079094 -0.290497 0.343445 0.072189 -0.294586 0.321716 0.072868 -0.219559 0.407349 -0.006201 -0.226868 0.427032 0.002344 -0.191376 0.478851 0.004371 -0.212967 0.499939 -0.01328 -0.218277 0.398743 0.104874 -0.085762 0.097473 0.107765 -0.082924 0.279602 0.105019 -0.085701 0.275818 0.105019 -0.085701 0.275818 0.16275 -0.085678 0.283356 0.056297 -0.085648 0.281799 0.107765 -0.082924 0.279602 0.059162 -0.082458 0.279144 0.071159 -0.07119 0.278625 0.104996 -0.071724 0.276764 0.060543 -0.012381 0.277039 0.059883 -0.07299 0.272095 0.089722 -0.051388 0.259125 0.188065 -0.054523 0.25592 0.080399 -0.004622 0.255676 0.18898 -0.054508 0.244675 0.083214 -0.050632 0.244644 0.093765 -0.054264 0.249634 0.082123 -0.006787 0.249756 0.18782 -0.050049 0.249802 0.085762 -0.052887 0.262939 0.080048 -0.004583 0.267365 0.142136 -0.06094 0.266785 0.195038 -0.055782 0.267059 0.187622 -0.053799 0.262543 0.085052 -0.005906 0.262695 0.104996 -0.071724 0.276764 0.079773 -0.067574 0.275085 0.129913 -0.051704 0.279999 0.107765 -0.082924 0.279602 0.163437 -0.065567 0.274139 0.146484 -0.019203 0.273315 0.079964 -0.03648 0.275635 0.091728 -0.002545 0.278229 0.193893 -0.071503 0.275635 0.163437 -0.065567 0.274139 0.104996 -0.071724 0.276764 0.197235 -0.005122 0.276123 0.081871 -0.052689 0.239838 0.188675 -0.005565 0.24028 0.188644 -0.052719 0.239838 0.188721 -0.052963 0.202713 0.188889 -0.005724 0.203598 0.083916 -0.004423 0.239914 0.189224 -0.003963 0.244751 0.075584 -0.004591 0.244644 0.18898 -0.054508 0.244675 0.083214 -0.050632 0.244644 0.164307 -0.179687 0.279968 0.168839 -0.170761 0.286621 0.164291 -0.096504 0.280914 0.170425 -0.085762 0.2836 0.170273 -0.123001 0.311157 0.171265 -0.187592 0.286774 0.168533 -0.003681 0.31134 0.16153 -0.138168 0.309937 0.205704 -0.026356 0.210785 0.206909 -0.085243 0.280212 0.206833 -0.084511 0.097366 0.205627 -0.00089 0.281616 0.206268 0.002384 0.098862 0.195313 0.000277 0.163437 0.197235 -0.005122 0.276123 0.170273 -0.008435 0.279968 0.168533 -0.003681 0.31134 0.170425 -0.085762 0.2836 0.129913 -0.051704 0.279999 0.091728 -0.002545 0.278229 0.168915 0.005726 0.283752 0.168015 0.014194 0.309723 0.037453 0.012254 0.309631 0.165039 0.009711 0.306824 0.165344 0.015642 0.291412 0.166153 -0.001884 0.290436 0.08551 -0.004734 0.303558 0.166931 -0.00491 0.284058 0.106476 -0.006843 0.283539 0.015268 -0.002225 0.307983 0.167511 -0.151031 0.306763 -0.030254 -0.149963 0.306305 0.165039 0.009711 0.306824 0.168533 -0.003681 0.31134 -0.033001 -0.213715 0.308716 0.16153 -0.138168 0.309937 -0.157288 -0.008886 0.311462 0.037453 0.012254 0.309631 -0.185394 0.013543 -0.012298 -0.189056 0.013594 0.067009 -0.188416 0.014517 -0.018972 -0.192245 0.015559 0.062229 -0.192261 0.04607 0.006725 -0.191452 0.044052 0.085876 -0.187515 0.042995 -0.01927 -0.169907 0.043098 0.025375 -0.170364 0.044083 0.167816 -0.187241 0.012382 0.174591 -0.190781 0.013746 0.124481 -0.193985 0.046627 0.148392 -0.169312 0.046791 0.17691 -0.167023 0.046173 0.009983 -0.168213 0.041 0.09539 -0.164154 0.040897 -0.01615 -0.059887 0.041035 0.168884 -0.114311 0.04097 0.030808 -0.168884 0.040939 0.158554 -0.168808 0.038223 0.087151 -0.169067 0.038078 -0.085594 -0.168808 0.038223 0.087151 -0.169907 0.043098 0.025375 -0.170364 0.044083 0.167816 -0.168213 0.041 0.09539 0.02005 0.03801 0.096497 -0.169205 0.038097 0.209412 -0.169601 -0.00462 -0.060703 -0.170334 -0.032204 0.093056 -0.169983 -0.000529 0.084549 -0.170975 -0.004577 0.102554 -0.172073 0.015002 0.08358 -0.138428 0.01511 0.082893 -0.167725 -0.013093 0.084747 -0.15062 -0.034126 0.08522 -0.169189 0.013994 0.100746 -0.167801 -0.003942 0.100479 -0.172073 0.015002 0.08358 -0.070595 0.015532 -0.110268 -0.062477 0.018692 0.036121 0.069489 0.015079 0.083511 -0.134628 -0.024149 0.082817 -0.148331 -0.029068 0.080307 -0.003329 -0.039436 0.08355 -0.022881 -0.045547 0.0802 -0.168121 -0.004355 0.289764 -0.167801 -0.003942 0.100479 -0.169189 0.013994 0.100746 -0.149872 -0.032192 -0.015016 -0.149689 -0.03223 0.076805 -0.14975 -0.045567 0.066917 -0.028027 -0.032196 0.076881 0.02005 0.03801 0.096497 -0.156052 0.037991 0.2948 -0.169205 0.038097 0.209412 0.00502 0.03817 0.249329 -0.06226 0.040943 -0.054176 -0.052265 0.040955 0.024864 -0.010234 0.040955 0.011949 -0.051773 0.053131 0.028244 0.139847 0.040913 0.01722 -0.011575 0.055359 0.0109 -0.028027 -0.032196 0.076881 -0.148926 -0.261932 0.076851 -0.149689 -0.03223 0.076805 -0.114311 0.04097 0.030808 -0.059887 0.041035 0.168884 -0.079536 0.040913 0.046165 -0.044189 0.0411 0.108803 -0.052265 0.040955 0.024864 0.047455 0.041004 0.091759 -0.051773 0.053131 0.028244 -0.083191 0.06147 0.04353 -0.080086 0.060585 -0.060223 -0.11586 0.053623 0.026798 -0.102928 0.061325 -0.01967 -0.172073 0.015002 0.08358 -0.170975 -0.004577 0.102554 -0.170944 -0.004755 0.291565 -0.190781 0.013746 0.124481 -0.189514 0.013175 0.320221 -0.193985 0.046627 0.148392 -0.168884 0.040939 0.158554 -0.168808 0.038223 0.087151 -0.169205 0.038097 0.209412 -0.170364 0.044083 0.167816 -0.156052 0.037991 0.2948 -0.17215 0.041019 0.315918 -0.172424 0.043808 0.293823 -0.187531 0.043575 0.316559 -0.191452 0.044052 0.085876 -0.187256 0.019432 0.317139 -0.187241 0.012382 0.174591 -0.168884 0.040939 0.158554 -0.166275 0.040909 0.239166 -0.059887 0.041035 0.168884 -0.104843 0.041008 0.22995 -0.074234 0.04147 0.213364 -0.169312 0.046791 0.17691 -0.170364 0.044083 0.167816 -0.168213 0.041 0.09539 -0.169937 0.046459 0.319489 -0.190628 0.046474 0.319183 -0.193985 0.046627 0.148392 -0.167847 0.041222 0.301971 -0.166626 0.042709 0.318787 0.033596 0.042213 0.318481 0.034454 0.04097 0.297852 -0.064003 0.041012 0.258942 -0.04203 0.042187 0.200119 0.012131 0.040836 0.227188 -0.190781 0.013746 0.124481 -0.187241 0.012382 0.174591 -0.189514 0.013175 0.320221 -0.187256 0.019432 0.317139 -0.169189 0.013994 0.100746 -0.172073 0.015002 0.08358 -0.167465 0.012441 0.307495 -0.193985 0.046627 0.148392 -0.189514 0.013175 0.320221 -0.190628 0.046474 0.319183 -0.126953 0.009836 0.317108 -0.189514 0.013175 0.320221 -0.187256 0.019432 0.317139 -0.166214 0.039242 0.315918 -0.16803 0.010322 0.319855 -0.17215 0.041019 0.315918 -0.156052 0.037991 0.2948 -0.187531 0.043575 0.316559 -0.172424 0.043808 0.293823 -0.166626 0.042709 0.318787 0.033596 0.042213 0.318481 -0.169937 0.046459 0.319489 -0.190628 0.046474 0.319183 -0.167847 0.041222 0.301971 -0.126953 0.009836 0.317108 0.147415 0.008805 0.317108 -0.16803 0.010322 0.319855 -0.156052 0.037991 0.2948 0.011065 0.038136 0.3013 -0.166214 0.039242 0.315918 0.00502 0.03817 0.249329 0.059383 0.037922 0.202515 0.00502 0.03817 0.249329 0.02005 0.03801 0.096497 0.117661 0.036545 0.295166 0.011065 0.038136 0.3013 0.116402 0.039783 0.315308 -0.166214 0.039242 0.315918 -0.126953 0.009836 0.317108 0.116402 0.039783 0.315308 0.147415 0.008805 0.317108 0.116402 0.039783 0.315308 -0.126953 0.009836 0.317108 -0.166214 0.039242 0.315918 0.147415 0.008805 0.317108 0.19664 0.011674 0.319458 -0.16803 0.010322 0.319855 0.033596 0.042213 0.318481 0.015268 -0.002225 0.307983 -0.104164 0.011462 0.307983 0.037453 0.012254 0.309631 -0.132233 0.041012 -0.110138 -0.114311 0.04097 0.030808 -0.11586 0.053623 0.026798 -0.080643 0.095985 -0.026766 -0.100655 0.096382 0.008429 -0.104134 0.097031 -0.025867 -0.123749 0.069878 -0.008649 -0.110207 0.100723 -0.020315 -0.110207 0.100723 -0.020315 -0.123749 0.069878 -0.008649 -0.104134 0.097031 -0.025867 -0.077629 0.073227 0.110718 -0.083786 0.053497 0.120201 -0.145554 0.185303 0.121704 -0.088211 0.063499 0.159393 -0.12886 0.188095 0.119049 -0.121758 0.193451 0.177399 -0.082245 0.085037 0.129501 -0.06065 0.07225 0.202423 -0.100655 0.096382 0.008429 -0.085716 0.102005 0.079163 -0.114586 0.199326 0.012191 -0.120895 0.304047 0.082207 -0.134521 0.295715 -0.008355 -0.124702 0.305481 -0.002678 -0.10025 0.309753 -0.016993 -0.087914 0.309509 0.080048 -0.069481 0.103256 0.082382 -0.100121 0.296875 0.085014 -0.085236 0.29306 0.062492 -0.046452 0.107636 0.07695 -0.080643 0.095985 -0.026766 -0.06768 0.203445 0.059948 -0.057213 0.126923 0.054504 -0.058941 0.121857 -0.017033 -0.074844 0.216812 0.055813 -0.088325 0.285675 0.057602 -0.101753 0.288177 -0.047504 -0.00841 0.04911 0.107643 -0.044189 0.0411 0.108803 -0.050373 0.049809 0.110748 0.047455 0.041004 0.091759 -0.081642 0.045528 0.159287 -0.101753 0.049648 0.163834 -0.083786 0.053497 0.120201 -0.077629 0.073227 0.110718 -0.037563 0.052273 0.0961 0.048279 0.046219 0.080399 -0.017267 0.069885 0.09034 -0.049335 0.07164 0.106979 -0.001797 0.068634 0.162064 0.053696 0.064034 0.096291 -0.145554 0.185303 0.121704 -0.082863 0.076614 0.19899 -0.120239 0.18425 0.283752 -0.121758 0.193451 0.177399 -0.088211 0.063499 0.159393 -0.105003 0.192764 0.281982 -0.090729 0.120705 0.282013 -0.053234 0.070313 0.270508 -0.06881 0.062164 0.246109 -0.061718 0.054562 0.270111 -0.101753 0.049648 0.163834 -0.083786 0.053497 0.120201 -0.074486 0.04985 0.254944 -0.052437 0.045712 0.255035 -0.021545 0.068977 0.269623 -0.06065 0.07225 0.202423 -0.001797 0.068634 0.162064 -0.077629 0.073227 0.110718 -0.023426 0.049545 0.276215 -0.012737 0.047657 0.244186 -0.04203 0.042187 0.200119 0.012131 0.040836 0.227188 -0.074234 0.04147 0.213364 -0.108337 0.04731 0.204758 -0.081642 0.045528 0.159287 -0.059887 0.041035 0.168884 -0.044189 0.0411 0.108803 -0.06678 0.085342 0.247269 -0.082245 0.085037 0.129501 -0.103065 0.172974 0.261383 -0.12886 0.188095 0.119049 -0.06065 0.07225 0.202423 -0.121758 0.193451 0.177399 -0.053234 0.070313 0.270508 -0.105003 0.192764 0.281982 -0.10994 0.047436 0.206604 -0.104729 0.041 0.229477 -0.076683 0.049473 0.252472 0.012131 0.040836 0.227188 -0.064003 0.041012 0.258942 0.034454 0.04097 0.297852 0.170197 0.041477 0.297729 0.033596 0.042213 0.318481 0.060501 0.046005 0.295013 0.040485 0.045673 0.256622 -0.012737 0.047657 0.244186 -0.023426 0.049545 0.276215 0.127213 0.048077 0.231186 0.141907 0.045799 0.293274 0.083389 0.060375 0.242981 -0.021545 0.068977 0.269623 -0.001797 0.068634 0.162064 0.053696 0.064034 0.096291 0.06012 0.050179 0.13327 0.087631 0.047787 0.236237 0.107193 0.048676 0.154541 0.105316 0.04855 0.01503 -0.011575 0.055359 0.0109 0.139847 0.040913 0.01722 0.127487 0.04578 -0.075188 0.139847 0.040913 0.01722 0.047455 0.041004 0.091759 0.094261 0.040993 0.091362 -0.052265 0.040955 0.024864 0.182968 0.040787 -0.009469 0.048279 0.046219 0.080399 -0.00841 0.04911 0.107643 0.107193 0.048676 0.154541 0.06012 0.050179 0.13327 0.053696 0.064034 0.096291 -0.017267 0.069885 0.09034 0.058151 0.015141 -0.054405 0.046394 0.019037 0.044228 0.069489 0.015079 0.083511 0.169342 0.015119 0.079575 0.101257 -0.049454 0.143509 0.080811 -0.00242 0.142471 0.081429 -0.024233 0.148895 0.086784 -0.015582 0.138901 0.091965 -0.043976 0.134552 0.081451 -0.005411 0.13382 0.085907 -0.007115 0.157623 0.081429 -0.024233 0.148895 0.081467 -0.005975 0.148285 0.0961 -0.040489 0.156204 0.087723 -0.010369 0.151657 0.081451 -0.005411 0.13382 0.193176 -0.005324 0.133423 0.090927 -0.007772 0.129364 0.091965 -0.043976 0.134552 0.193069 -0.059441 0.134705 0.192383 -0.006552 0.129822 0.146454 -0.036049 0.129684 0.066582 -0.00276 0.16037 0.056335 0.000054 0.107674 0.056221 -0.004445 0.188385 0.062149 -0.001116 0.273712 0.056145 -0.004964 0.281952 0.106476 -0.006843 0.283539 0.08551 -0.004734 0.303558 0.091728 -0.002545 0.278229 0.082581 0.006902 0.293457 0.118896 0.005896 0.264893 0.054817 0.013288 0.285675 0.123711 0.016422 0.301483 0.050312 0.015896 0.238327 0.073074 0.011057 0.191162 0.119423 0.01505 0.188919 0.049854 0.015579 0.127945 0.159943 -0.001503 0.099251 0.15863 -0.001783 0.128632 0.080811 -0.00242 0.142471 0.107857 -0.001403 0.164459 0.18428 -0.05687 0.147934 0.101257 -0.049454 0.143509 0.081429 -0.024233 0.148895 0.081467 -0.005975 0.148285 0.087723 -0.010369 0.151657 0.19397 -0.004772 0.151917 0.081467 -0.005975 0.148285 0.02005 0.03801 0.096497 0.186188 0.038147 0.051117 0.059383 0.037922 0.202515 0.184204 0.038101 -0.119957 0.107193 0.048676 0.154541 0.121841 0.041096 0.186249 0.094261 0.040993 0.091362 0.201233 -0.001138 0.105782 0.19632 -0.085564 0.097435 0.20253 -0.081871 0.101089 0.206268 0.002384 0.098862 0.195313 0.000277 0.163437 0.15625 -0.082741 0.099388 0.201324 -0.005155 0.110703 0.182968 0.040787 -0.009469 0.094261 0.040993 0.091362 0.177795 0.041031 0.168457 0.193848 0.043613 -0.085899 0.100555 0.012015 0.08976 0.181885 0.01683 0.109619 0.164124 0.007218 0.096161 0.159943 -0.001503 0.099251 0.176849 0.004932 0.129807 0.162796 0.008441 0.171295 0.15863 -0.001783 0.128632 0.091759 0.00627 0.164337 0.19519 0.042988 0.017469 0.193848 0.043613 -0.085899 0.177795 0.041031 0.168457 0.1931 0.04195 0.199219 0.195892 0.014429 0.180344 0.19397 -0.004772 0.151917 0.087723 -0.010369 0.151657 0.184067 -0.017563 0.154892 0.187149 -0.00491 0.156082 0.188736 -0.006666 0.160812 0.15863 -0.001783 0.128632 0.091759 0.00627 0.164337 0.107857 -0.001403 0.164459 0.162796 0.008441 0.171295 0.091759 0.00627 0.164337 0.176849 0.004932 0.129807 0.09761 0.006552 0.203827 0.119423 0.01505 0.188919 0.181885 0.01683 0.109619 0.165009 0.007808 0.203598 0.118896 0.005896 0.264893 0.175735 0.008049 0.244629 0.171021 0.015865 0.21225 0.050312 0.015896 0.238327 0.123711 0.016422 0.301483 0.164932 0.015371 0.289337 0.166534 0.00605 0.283447 0.082581 0.006902 0.293457 0.177795 0.041031 0.168457 0.094261 0.040993 0.091362 0.121841 0.041096 0.186249 0.170197 0.041477 0.297729 0.1931 0.04195 0.199219 0.195587 0.043121 0.318817 0.195892 0.014429 0.180344 0.19664 0.011674 0.319458 0.193222 0.013131 0.204712 0.153122 0.042488 0.271698 0.127213 0.048077 0.231186 0.107193 0.048676 0.154541 0.141907 0.045799 0.293274 0.060501 0.046005 0.295013 0.193802 0.011116 0.316742 0.147415 0.008805 0.317108 0.116402 0.039783 0.315308 0.192932 0.039589 0.316467 0.117661 0.036545 0.295166 0.190659 0.038124 0.199341 0.192795 0.038681 0.066154 0.083214 -0.050632 0.244644 0.075584 -0.004591 0.244644 0.082123 -0.006787 0.249756 0.080399 -0.004622 0.255676 0.085144 -0.004798 0.259155 0.089722 -0.051388 0.259125 0.060341 -0.007868 0.277069 0.085052 -0.005906 0.262695 0.080048 -0.004583 0.267365 0.085762 -0.052887 0.262939 0.094727 -0.005451 0.27652 0.091728 -0.002545 0.278229 0.079964 -0.03648 0.275635 0.080399 -0.004622 0.255676 0.188065 -0.054523 0.25592 0.184891 -0.004456 0.255371 0.18782 -0.050049 0.249802 0.183823 -0.006228 0.249771 0.093765 -0.054264 0.249634 0.082123 -0.006787 0.249756 0.080399 -0.004622 0.255676 0.184891 -0.004456 0.255371 0.183823 -0.006228 0.249771 0.093765 -0.054264 0.249634 0.094727 -0.005451 0.27652 0.079964 -0.03648 0.275635 0.146484 -0.019203 0.273315 0.197235 -0.005122 0.276123 0.163437 -0.065567 0.274139 0.202301 -0.005134 0.2677 0.195313 0.000277 0.163437 0.080048 -0.004583 0.267365 0.195038 -0.055782 0.267059 0.165039 0.009711 0.306824 0.015268 -0.002225 0.307983 0.037453 0.012254 0.309631 0.033596 0.042213 0.318481 0.19664 0.011674 0.319458 0.195587 0.043121 0.318817 0.170197 0.041477 0.297729 0.175735 0.008049 0.244629 0.166534 0.00605 0.283447 0.118896 0.005896 0.264893 0.082581 0.006902 0.293457 0.190659 0.038124 0.199341 0.059383 0.037922 0.202515 0.186188 0.038147 0.051117 0.117661 0.036545 0.295166 -0.170517 -0.03418 -0.316315 -0.171188 -0.005575 -0.309753 -0.170746 -0.008551 -0.466339 -0.119896 -0.322845 -0.487305 -0.116905 -0.314148 -0.488251 -0.118019 -0.323425 -0.487122 0.161987 -0.079887 -0.468994 0.163773 -0.079208 -0.465973 0.16687 -0.080193 -0.467499 -0.100113 0.098747 -0.139282 -0.128189 0.082802 -0.131973 -0.132736 0.064529 -0.063446 0.109306 -0.29425 0.102325 0.158173 -0.318115 0.100113 0.119156 -0.335175 0.075508 0.11161 -0.32309 0.101097 0.092499 -0.302124 0.314819 0.119171 -0.296082 0.322327 0.073563 -0.294861 0.329742 0.074402 -0.294403 0.321747 0.087723 -0.010369 0.151657 0.081429 -0.024233 0.148895 0.080811 -0.00242 0.142471</float_array>
          <technique_common>
            <accessor source="#ComputerDesk1-mesh-positions-array" count="2285" stride="3">
              <param name="X" type="float"/>
              <param name="Y" type="float"/>
              <param name="Z" type="float"/>
            </accessor>
          </technique_common>
        </source>
        <source id="ComputerDesk1-mesh-normals">
          <float_array id="ComputerDesk1-mesh-normals-array" count="5838">-0.67624 -0.732525 0.078145 -0.999388 0.02366 -0.025763 -0.999197 -0.033229 0.022393 0.000402 -0.033255 -0.999447 0.000573 0.000525 -1 -0.175981 -0.006027 -0.984375 0.001327 0.000291 -0.999999 -0.995092 0.025107 0.09572 0.001628 -0.002389 -0.999996 0.001326 -0.001946 -0.999997 -0.999772 0.018272 0.011054 -0.999599 0.016778 0.02282 -0.999859 0.014801 0.007899 -0.981553 0.190744 -0.013029 -0.98885 0.148783 0.006279 -0.950925 -0.309405 0.003192 -0.910797 -0.369638 -0.183892 -0.999789 0.01631 0.012528 -0.863277 0.006665 0.504686 -0.756557 -0.012502 0.653808 -0.999999 -0.000726 0.001402 -0.999977 0.006216 0.002592 -1 0.000548 -0.000147 -0.957712 -0.000877 -0.287727 -0.99204 0.005572 -0.125802 -0.979749 0.006193 0.200133 -0.987717 0.007051 0.156091 -0.975333 -0.04706 0.215664 -0.999998 0.002021 0.000371 -0.999882 0.000309 0.015328 -0.999774 -0.008955 0.019302 -0.996953 0.013791 0.076776 -0.999993 -0.002224 0.002868 -0.999959 0.006182 0.006589 -0.254092 0.96716 0.006222 0.249653 0.935843 0.248738 0.021025 -0.93479 -0.354579 -0.027142 0.636453 0.770838 -0.649627 -0.118365 -0.750983 -0.311574 0.090703 -0.945883 -0.035388 0.495031 -0.868154 -0.315772 0.069742 -0.946268 -0.187517 0.282101 -0.940881 -0.938992 0.14531 0.311735 0.870787 -0.116739 -0.477601 -0.998823 0.048447 0.002254 -0.904274 -0.183882 -0.385326 0.824447 0.079826 0.560281 -0.878153 0.424066 0.221393 0.999735 -0.023042 0.000085 0.897918 0.002454 -0.440157 0.999691 -0.018233 -0.016889 0.661659 -0.74956 -0.019163 0.997935 0.063995 -0.005443 0.913294 0.003347 -0.407287 0.999365 -0.03564 0.000069 0.999984 -0.001763 -0.005325 0.91946 -0.002825 -0.393172 0.999996 -0.000599 -0.002834 0.999862 -0.01543 -0.006158 0.999999 -0.000331 0.0013 1 0.000208 0.000393 0.999981 -0.000292 -0.006095 0.999828 -0.018503 0.0014 0.001694 -0.003284 0.999993 0.999942 -0.009027 0.005921 1 -0.000005 0.000197 0.99977 0.000532 -0.02142 0.999886 -0.000571 -0.015085 0.999998 -0.000772 -0.001879 0.999995 0.00214 -0.002112 0.999267 0.00421 -0.03806 -0.01044 0.002249 -0.999943 -0.03157 -0.001923 -0.9995 -0.000836 0.000411 -1 0.005522 0.030346 -0.999524 0.80067 0.232657 0.552085 -0.033473 -0.00694 -0.999416 0.034019 -0.036046 -0.998771 -0.005551 0.038503 0.999243 -0.000394 0.000982 0.999999 -0.000273 0.001081 0.999999 0.006499 0.026833 0.999619 -0.014242 0.072407 0.997273 0.000608 0.030997 0.999519 0.00171 -0.026888 -0.999637 0.000563 -0.033876 -0.999426 0.00081 -0.033732 -0.999431 0.00107 0.966523 -0.256578 0.006027 -0.738288 0.674459 0.000166 0.031263 0.999511 -0.00023 0.030642 0.99953 -0.06451 0.129805 0.989439 0.021067 -0.396789 -0.917668 0.395702 -0.888084 0.233936 0.359286 0.254975 -0.89772 -0.060383 -0.473031 -0.878974 0.925604 0.371723 0.071272 0.992392 -0.121541 -0.019624 -0.986326 -0.139689 0.087457 0.303585 -0.921914 0.240646 0.000199 0.002178 -0.999998 -0.013646 -0.875555 -0.482926 -0.017495 -0.317402 -0.94813 -0.003181 -0.040225 0.999186 0.004054 0.007547 0.999963 -0.344337 0.934112 0.094167 -0.833363 0.529078 -0.159945 -0.015303 -0.980307 0.196888 -0.991241 -0.128342 0.031126 -0.012598 -0.127874 -0.99171 -0.002849 -0.042546 0.99909 0.017829 -0.112266 0.993518 0.594983 -0.787834 0.159101 -0.740083 -0.641493 -0.201901 -0.119321 -0.979472 0.162469 0.486311 -0.869326 -0.088169 0.068272 0.157951 -0.985084 0.664456 -0.601163 -0.443962 0.018393 0.030902 -0.999353 0.023153 -0.037783 -0.999018 -0.003753 0.001983 -0.999991 -0.008889 -0.008591 -0.999924 0.009557 -0.581137 -0.81375 0.104777 0.640206 0.761024 -0.124889 0.953797 0.273265 0.589927 0.749136 0.3013 0.831308 -0.552525 0.060349 0.035636 -0.794031 -0.606831 -0.878044 0.332982 0.343748 0.996983 0.054003 0.055749 0.412681 0.909386 -0.052063 -0.006785 0.013642 -0.999884 -0.06412 0.939564 0.336315 0.004254 -0.01173 0.999922 -0.711687 0.623508 -0.323636 0.012227 0.01182 0.999855 0.011903 0.001065 0.999929 -0.895081 -0.426763 0.129241 0.0155 -0.022771 0.999621 -0.820201 -0.571502 0.025619 -0.744233 -0.66726 0.029675 -0.0008 -0.003097 -0.999995 -0.001335 0.632815 -0.774302 0.200976 -0.977297 -0.067073 0.017409 0.81195 -0.583467 0.099232 -0.994359 0.037467 0.996347 0.082703 0.021273 -0.144321 -0.988457 0.0461 -0.997981 -0.062959 -0.008431 0.995866 0.090837 0.000148 -0.999886 -0.013667 -0.006425 -0.999884 -0.000261 0.015202 -0.993244 -0.113417 0.024556 -0.999915 -0.006411 -0.011351 -0.97774 -0.193576 -0.08095 -0.971187 -0.223112 -0.083765 0.943893 0.328635 0.032621 0.995771 0.091043 -0.012337 0.999999 0.001453 0.00092 0.016159 0.180475 -0.983447 -0.004133 0.253203 -0.967404 0.003059 0.112742 -0.99362 -0.000298 -0.000463 -1 -0.000267 -0.000586 -1 0.002829 0.999798 -0.019923 -0.102931 0.552307 0.827262 0.860892 0.508235 -0.023717 -0.005528 0.420731 -0.907169 -0.003636 -0.051917 0.998645 0.018119 0.998488 0.051906 0.020235 0.999793 -0.001952 0.068432 0.721064 0.689481 0.006495 -0.999815 0.0181 -0.00602 0.851461 -0.524384 -0.011555 0.888351 -0.459019 -0.013104 0.859907 -0.510282 -0.005186 -0.375714 0.926721 -0.010329 -0.421391 0.90682 0.003982 -0.163769 0.986491 0.016817 -0.128047 0.991625 0.000667 0.000013 1 -0.001083 -0.002291 0.999997 -0.000274 0.000044 1 -0.042254 0.055655 0.997556 0.001956 0.030621 0.999529 -0.009786 -0.021335 0.999724 0.975271 0.075914 -0.207563 -0.973308 -0.13629 0.184654 -0.023143 -0.046075 0.99867 0.902917 -0.387619 0.18572 -0.690078 0.723328 0.024265 -0.97482 -0.222987 0.001945 -0.974877 -0.222242 0.014949 -0.994515 -0.007328 -0.104336 -0.988523 0.021327 -0.149557 -0.265279 -0.964167 0.003056 -0.999998 -0.001508 -0.001067 -0.954165 -0.277932 -0.111007 -0.719487 0.01845 0.694261 0.112605 0.31851 -0.941207 0.013308 -0.00431 -0.999902 0.001122 -0.003215 -0.999994 -1 -0.000054 0.000972 -0.999998 -0.001407 -0.001056 -0.998842 0.002673 -0.048036 -0.999938 -0.00423 0.010294 -0.999668 -0.025753 -0.001024 -0.903963 -0.427604 0.002362 -0.982227 0.183894 0.037588 -0.997124 0.01339 0.0746 -0.935758 0.346453 -0.065781 -0.549269 0.835646 0.000179 -0.477078 -0.042289 0.877843 -0.760955 -0.00107 -0.648803 -0.997494 -0.070653 -0.003706 -0.998698 -0.043963 -0.025858 -0.759341 -0.007008 -0.650656 -0.999776 0.001969 0.02108 -0.996729 -0.078853 0.017724 -0.675436 -0.031437 -0.736748 -0.999907 -0.013425 -0.002245 -0.980695 0.008666 -0.195351 -0.999647 -0.026532 0.001641 -0.980987 0.006827 -0.193951 -0.739264 0.673407 -0.003467 -0.06807 0.002552 0.997677 -0.696054 0.71797 -0.005283 -0.363205 -0.04671 -0.930538 -0.31685 -0.014071 -0.948371 -0.599879 -0.800073 0.005333 -0.7317 -0.681625 -0.001576 -0.749445 -0.00433 0.662053 -0.999947 0.009043 -0.00484 -0.999873 0.013952 -0.007728 -0.999932 0.010824 -0.004366 -0.999855 0.015885 -0.00621 -0.87443 -0.438009 0.208614 -0.843975 -0.411404 0.34417 0.770772 -0.604561 0.201039 -0.996007 -0.088548 -0.011376 -0.80489 -0.583639 -0.107317 -0.156819 -0.918672 -0.362561 -0.047612 -0.984569 -0.168396 0.01906 0.988606 0.149317 0.018656 -0.00798 0.999794 -0.006938 0.035165 0.999357 0.971285 -0.236253 -0.028104 0.91056 0.116661 0.396573 0.026513 -0.103805 -0.994244 0.825371 -0.509741 -0.242751 0.989406 -0.021213 0.143619 0.999834 -0.018192 0.000212 0.989544 -0.019828 0.142863 -0.001358 -0.037057 -0.999312 0.999989 -0.004287 0.002136 -0.000467 0.000648 -1 0.000934 -0.001297 -0.999999 0.98834 -0.015889 0.151429 0.992086 0.018001 0.124265 0.999992 -0.003778 -0.000882 0.875675 0.482901 -0.000723 0.732415 0.680817 0.007516 0.67273 0.024843 0.739471 0.744831 0.026926 0.66671 0.999838 -0.015272 0.009538 0.999968 -0.006578 0.004589 0.999767 -0.020363 0.007136 0.999947 -0.009796 0.003163 0.64109 -0.006091 -0.767441 0.635751 -0.771893 0.001081 0.208113 0.04393 0.977118 0.422782 -0.906202 0.007286 0.999902 -0.009596 -0.01018 0.996698 0.080507 0.010531 0.998069 0.005789 0.061839 0.999849 0.012598 -0.011931 0.999963 -0.000913 0.008525 -0.004256 0.005001 0.999978 0.995065 0.098521 -0.011757 0.99587 0.040312 0.081354 0.985198 0.031644 0.168474 0.999693 0.024448 0.00403 0.994141 0.073235 0.079505 0.589678 0.013125 -0.807531 0.834808 -0.550498 -0.006842 0.999816 -0.005072 0.018484 0.999539 -0.016948 0.025179 0.999512 0.02158 0.022582 0.706594 -0.707612 -0.003037 0.607295 0.030313 0.793898 0.999028 -0.043637 0.00629 0.993492 -0.023828 0.111383 0.998844 0.047999 0.002534 0.995552 0.040012 0.08529 0.000131 0.000448 1 0.075801 0.039995 0.996321 0.0392 0.131001 -0.990607 -0.015876 0.031995 0.999362 0.324552 -0.801755 0.501851 -0.00176 0.938002 0.346625 -0.001803 0.036202 -0.999343 -0.01773 0.034569 -0.999245 -0.023529 0.027518 -0.999344 -0.053573 0.984428 -0.167427 -0.018509 0.876409 -0.481212 0.002612 -0.05019 0.998736 0.000823 -0.040106 0.999195 -0.998434 -0.026016 -0.049528 -0.523777 -0.851856 -0.000468 -0.324255 -0.945955 -0.005201 -0.999938 -0.007924 -0.007879 -0.999892 -0.013906 -0.004807 -0.77694 0.629503 -0.009551 -0.59561 -0.179768 -0.7829 -0.62502 -0.034992 0.779824 -0.657907 0.753092 -0.003346 -0.91642 -0.050603 0.397006 -0.999941 -0.010823 0.000213 -0.999992 -0.000545 -0.004036 -0.999694 0.003112 -0.024552 -0.987802 0.155277 0.011691 -0.323112 -0.946195 0.017687 0.572395 -0.169407 -0.802287 0.999906 0.013656 -0.001286 0.520852 0.37673 -0.766021 0.999614 0.027632 -0.002773 -0.809572 0.449695 0.377316 0.999746 0.022342 0.002823 0.999225 0.030621 0.024749 0.998453 0.050283 0.023735 0.991062 0.007239 0.133207 0.450201 0.033504 0.892299 0.72005 0.011602 0.693826 -0.777741 -0.007288 -0.628542 -0.596417 -0.019464 -0.802438 -0.999684 -0.024133 0.007055 -0.999774 -0.020073 -0.007044 0.999814 0.019102 0.002824 -0.999892 -0.009111 -0.0115 0.999935 0.008686 0.007346 0.743229 -0.669027 0.003673 0.338983 -0.940675 -0.014862 0.999496 0.031759 0.000023 0.014403 0.999894 -0.002142 0.182298 -0.983229 -0.005399 0.062432 0.998049 -0.000174 -0.215564 0.976476 0.005099 0.998628 0.051691 0.008423 0.999926 0.009345 0.007739 0.999858 0.013416 0.010191 0.50909 -0.011241 -0.86064 0.7772 0.019678 -0.628946 0.99901 -0.003566 -0.044332 0.999735 -0.013855 -0.018369 -0.00295 0.007877 0.999965 -0.994697 -0.081181 0.063142 -0.886943 0.461826 -0.006946 -0.009911 0.001554 -0.99995 -0.34835 -0.937285 0.012188 -0.005138 0.005348 -0.999972 -0.396905 -0.917354 -0.030463 0.678528 -0.706248 -0.202025 0.443198 -0.895778 0.034017 0.058426 0.114349 0.991721 0.056552 -0.947625 0.314339 0.996418 0.070234 0.0471 0.897124 0.393434 0.200944 -0.804705 -0.136329 -0.57781 -0.004346 0.00537 -0.999976 -0.006972 -0.01278 -0.999894 -0.774471 -0.139165 -0.617113 -0.002621 0.017477 0.999844 0.022787 -0.018023 0.999578 0.08557 -0.033567 0.995767 0.035077 -0.006517 0.999363 -0.033852 -0.999427 -0.000667 0.999931 0.01173 0.001035 -0.075927 0.887288 0.454924 0.000606 -0.010994 -0.999939 -0.073262 0.893979 0.442079 0.00257 -0.001747 -0.999995 0.001942 0.012487 -0.99992 0.003927 -0.002035 -0.99999 1 -0.000085 0.000167 0.421095 0.000427 0.907017 0.381049 -0.000346 0.924555 0.997982 -0.000907 0.063498 0.998957 -0.001934 0.04562 0.03668 0.008731 0.999289 -0.000947 0.002399 0.999997 -0.999999 0.000992 0.000391 0.011266 -0.999921 -0.005486 0.999999 0.000734 -0.000791 0.999997 0.001686 -0.001817 0.493862 0.869538 0.001803 0.594212 0.804303 0.002909 1 -0.000113 0.000183 -0.005254 0.004447 0.999976 -0.004519 0.011828 0.99992 0.293757 0.944478 -0.147203 -0.044325 0.98497 0.16694 -0.014092 0.125362 0.992011 0.030841 0.192558 0.980801 -0.553682 0.832724 -0.002495 -0.967789 0.2504 0.026166 -0.015189 0.024372 -0.999588 -0.944478 -0.231376 -0.233296 -0.89944 -0.419123 -0.123869 0.980056 -0.17709 0.090161 0.64219 -0.666371 -0.378869 0.042976 0.004132 0.999068 0.135155 0.342 0.92993 -0.012806 -0.007106 -0.999893 -0.311779 -0.173008 -0.934271 -0.018022 0.06371 -0.997806 -0.023287 0.064502 -0.997646 -0.034389 0.114067 -0.992878 0.032793 0.29837 -0.953887 -0.002106 0.999997 -0.001245 0.02154 0.622674 -0.782185 0.024781 0.341314 -0.939623 -0.008447 0.69122 -0.722595 -0.021485 0.355832 -0.934303 -0.014482 0.295715 -0.955166 1 -0.000541 -0.000199 0.999999 -0.001056 0.000316 0.709892 -0.704303 -0.003193 0.904549 -0.426348 0.004279 0.7515 -0.659732 0.00061 0.999879 0.01552 0.001044 0.99867 -0.051364 0.004518 0.00026 -1 0.000158 -0.000021 -1 -0.000013 -0.999964 -0.006781 0.00511 -0.982861 -0.184307 0.003753 -0.976571 -0.215193 0.0009 0.978509 0.20618 -0.003238 -0.999808 0.01957 0.000084 -0.999808 0.019535 -0.001258 -0.999991 -0.004151 0.000652 -0.999987 -0.004866 0.001219 -1 -0.000351 -0.000715 -0.999995 -0.003015 -0.000603 0.002409 0.014435 -0.999893 -0.001158 -0.174931 -0.98458 -0.000449 -0.224222 -0.974538 -0.001505 -0.191256 -0.981539 0.001346 0.006024 -0.999981 -0.003466 -0.006241 -0.999975 0.000104 0.047572 -0.998868 -0.023534 0.247017 -0.968725 -0.003111 0.999143 -0.041278 0.000147 -1 0.000006 0.00039 -1 0.000139 0.999341 0.036273 0.001272 0.999652 0.026299 0.002079 0.990681 -0.136184 0.002279 0.998013 0.062118 0.010584 0.135361 -0.9899 0.042149 0.99863 0.040557 0.033068 0.424424 0.905231 -0.020515 0.013152 -0.999881 0.008094 -0.826889 -0.56233 0.006228 -0.83454 -0.550917 0.005778 -0.000889 -0.999999 0.000993 -0.00121 -0.999999 0.000485 0.004197 0.05852 -0.998277 0.004586 0.06116 -0.998117 0.009552 0.996928 0.077745 -0.184135 -0.956908 0.224546 0.242825 0.9473 -0.208948 0.702735 0.71134 0.012579 0.666137 0.745704 0.01366 -0.028604 0.999501 -0.013426 -0.048928 0.998653 -0.017289 -0.989487 -0.14119 -0.031322 -0.001692 0.999998 -0.000438 -0.015133 0.999879 0.003687 -0.008141 0.999758 0.02044 -0.953382 0.003674 -0.301743 0.292329 0.901307 -0.319669 -0.745244 0.619007 -0.247875 0.439701 0.734433 0.516983 -0.195649 0.97355 -0.117987 -0.050956 -0.715147 -0.697114 -0.190375 -0.007375 -0.981684 0.375707 0.00891 -0.926696 0.15112 -0.804012 -0.57509 0.270591 -0.743636 -0.611381 -0.047417 -0.99852 -0.02664 -0.070585 -0.996407 -0.046798 -0.060385 -0.997268 -0.04255 0.033978 -0.998429 -0.04455 0.278033 -0.761425 -0.585602 -0.018785 -0.997472 -0.068526 0.947651 -0.054969 -0.314542 0.710024 0.036839 -0.703213 0.998882 -0.028955 -0.037381 0.975699 -0.113679 0.187321 0.936291 0.100745 0.336465 0.583771 -0.012235 0.811826 0.016603 0.992596 -0.120321 0.969803 -0.014491 0.243457 0.030453 0.9994 0.016501 0.933689 0.040667 0.355767 0.030926 0.999389 0.016278 -0.99812 -0.061285 -0.000674 -0.986682 -0.162421 -0.00883 -0.784125 0.610311 -0.112551 0.940564 -0.061183 0.334061 -0.79391 0.477809 -0.376039 0.307617 0.34372 -0.887259 -0.327961 0.509439 0.795558 0.280723 0.640638 -0.714687 0.001209 0.999915 0.012998 0.003464 0.999858 -0.016465 0.007199 0.999919 0.010454 -0.002009 0.999997 -0.001054 0.659011 0.7515 0.030873 0.930906 0.273726 0.241844 0.935705 0.234503 0.263563 -0.036483 0.99924 -0.013704 -0.166882 0.985956 0.00641 0.072878 0.995703 0.05714 0.213252 0.943155 0.254917 -0.719951 -0.541578 -0.434009 -0.864504 -0.021774 -0.502154 -0.107485 0.85387 -0.509268 0.002254 0.999972 -0.007092 0.015774 0.910195 0.413879 0.465243 0.688055 -0.556892 0.001859 0.999996 0.002002 -0.164122 0.986299 -0.016709 -0.709595 0.680092 0.184252 0.000206 0.999999 0.001325 -0.004357 0.999982 -0.004111 -0.000032 0.999999 0.00167 -0.000184 0.999994 0.003378 0.002016 0.999996 0.002089 -0.993325 -0.104708 -0.048392 -0.132432 -0.991016 0.018693 -0.163566 -0.986409 0.015582 -0.582011 0.813178 0.002257 -0.997408 -0.071733 -0.005578 -0.987502 -0.155523 -0.025547 -0.022533 0.999519 -0.021311 -0.626662 -0.073293 0.775837 -0.548788 -0.423882 0.720525 -0.950132 -0.010857 -0.31166 -0.12662 0.8538 0.504968 -0.9535 0.004408 -0.301361 -0.948092 -0.050148 -0.314017 -0.951097 -0.050903 -0.30467 -0.012648 0.99987 -0.009986 0.036766 0.999223 0.014172 0.016485 0.999677 0.019345 0.006471 0.999768 -0.02053 -0.038366 0.998852 0.028667 -0.302942 0.240588 0.922141 -0.36541 0.519977 0.772075 -0.851112 0.471343 -0.231179 -0.813772 0.553231 -0.178074 0.30632 0.573626 -0.759685 -0.47444 0.465813 0.746944 0.34477 0.679429 -0.647695 0.778555 0.214181 -0.589897 0.003405 -0.999942 0.010171 0.998132 0.048467 0.037204 0.995756 0.087689 0.027947 -0.030478 -0.999532 0.002593 -0.021099 -0.999755 0.006645 -0.758554 -0.650577 0.036665 -0.631894 -0.773356 -0.051283 -0.90306 -0.428107 -0.034738 -0.001228 -0.999999 0.000513 -0.573191 -0.75035 -0.329281 -0.541854 -0.83782 -0.066717 -0.992531 -0.025527 -0.119296 -0.532747 -0.843804 -0.06462 -0.086776 -0.995971 -0.0226 -0.040193 -0.99917 0.006565 -0.069764 -0.996627 -0.043224 -0.006695 0.99967 -0.024791 0.024084 0.999694 0.005714 0.986981 0.066332 0.146519 0.909154 0.34959 0.226329 0.055008 -0.998091 0.028089 0.080178 -0.995868 0.042651 0.931725 0.022161 0.362488 -0.233856 -0.00503 -0.972258 -0.205162 0.008641 -0.97869 -0.024352 0.666736 -0.744896 -0.378459 0.884628 -0.272401 0.331988 0.076757 -0.940155 0.264953 0.604666 -0.751119 0.373389 0.008063 -0.92764 0.85607 0.017595 -0.51656 0.267438 0.770207 -0.579014 0.976687 0.079105 -0.199564 -0.006678 0.999875 -0.014312 0.955518 0.043584 0.291696 0.936677 0.071102 0.3429 0.94462 0.061184 0.322413 0.910658 0.062628 0.408386 0.953098 -0.093036 0.288009 0.397164 0.01102 0.917681 -0.533921 -0.007514 0.845501 0.119574 -0.992725 0.014113 -0.495119 -0.001918 0.868823 0.019851 -0.999785 0.006046 0.934368 0.031197 0.354942 0.935124 0.033621 0.352721 0.934654 0.03295 0.35403 0.024046 -0.999672 0.008828 0.529932 0.002291 -0.848037 0.533772 0.003446 -0.845622 0.88377 0.028373 0.46706 0.93497 0.031219 0.353352 0.007499 0.999971 0.001458 -0.865725 -0.029888 -0.499626 -0.139521 0.975182 -0.171913 -0.867586 -0.031898 -0.496263 -0.885291 -0.023412 -0.464448 -0.090022 0.995919 -0.006509 -0.460642 0.885359 -0.062835 -0.993684 -0.035962 -0.106297 -0.645195 0.761369 -0.063559 -0.992619 -0.024854 -0.118703 -0.847104 -0.00536 0.5314 -0.756497 0.009032 0.653935 -0.39608 0.728353 0.559127 -0.390083 0.015829 0.920644 -0.325475 0.027114 0.945162 -0.316789 0.056307 0.946823 -0.227442 0.744877 0.627239 -0.223294 0.795384 0.563475 -0.007152 0.999973 0.001424 0.097406 0.994473 0.039175 -0.032846 0.999395 0.01142 0.085561 0.995598 0.038267 -0.030044 0.999472 -0.012344 0.000558 -0.037427 0.999299 -0.000162 -0.9998 -0.019989 0.000504 -0.999998 -0.002083 -0.003122 0.041312 -0.999141 0.003738 0.999296 -0.03734 -0.02114 0.993638 -0.11062 0.000418 0.989749 -0.142815 0.025925 0.991052 -0.130934 0.059525 0.997504 -0.037975 0.005229 0.99984 -0.017093 0.150492 0.988436 0.018588 0.010116 0.999938 0.004668 0.000323 1 -0.000104 0.991122 -0.132931 0.002506 0.238086 0.970844 -0.027887 0.018366 0.999827 0.002893 0.230037 0.973115 -0.011366 0.098264 0.993034 -0.065021 0.099162 0.99421 -0.041383 0.00022 -1 0.000418 0.00063 -0.999998 -0.00164 -0.000033 -1 -0.000062 0.001346 -0.999999 0.000503 0.182006 -0.983294 -0.002543 0.104996 -0.994428 0.009414 0.10581 -0.994332 0.010362 -0.698963 -0.715147 -0.003998 -0.710182 -0.703995 0.005671 -0.994585 -0.103818 0.004691 -0.995751 -0.09056 0.016675 -0.994293 -0.106589 -0.00445 -0.997542 -0.069472 0.009086 -0.997383 -0.071446 0.011075 -0.120135 -0.99189 0.041506 -0.205769 -0.978563 0.008549 -0.366741 0.930266 -0.010325 0.996413 0.083126 -0.015863 0.999151 0.041196 0.000088 -0.035442 0.999304 -0.011651 0.997465 0.068419 -0.019573 -0.086994 0.996193 -0.005642 -0.078459 0.996823 -0.013743 -0.02888 0.999577 0.003299 -0.493983 0.869419 0.009533 -0.095411 0.995247 0.019518 -0.000238 0.999999 0.001424 -0.013592 0.999902 0.003486 -0.068229 0.997074 -0.034485 0.003252 0.999955 -0.008961 0.003314 0.999994 0.0011 -0.003582 0.999984 -0.004487 -0.001931 0.999998 -0.000863 -0.000296 1 -0.000541 -0.001322 0.999988 0.004731 -0.001181 0.999913 0.013108 0.979883 0.042468 0.195003 -0.812557 0.514957 -0.273078 -0.171814 0.982915 0.066015 0.764219 0.059103 0.642243 0.511559 0.83539 0.201075 -0.173045 -0.008192 0.98488 -0.248023 0.678033 0.691922 -0.245462 0.698342 0.672359 -0.211368 -0.632212 0.745407 -0.001992 0.999998 -0.000394 0.013883 0.999308 -0.034521 0.008514 0.998964 -0.044707 0.005612 0.999977 0.003774 0.98603 0.03102 -0.163656 -0.008359 0.999959 0.00334 -0.23527 0.754365 -0.612847 -0.00432 0.99999 0.000933 -0.141702 0.394236 -0.908019 -0.00931 0.999952 -0.002995 -0.109639 0.338597 -0.934522 -0.916926 0.332912 -0.220036 -0.814605 0.578335 0.044135 0.631043 0.210333 0.746689 -0.381678 0.406261 -0.830226 0.339411 0.40445 -0.849247 0.001912 0.999995 -0.002498 0.210861 0.890651 0.402839 0.451488 0.867489 0.208859 -0.075908 0.298782 0.951298 -0.001385 0.999997 -0.002238 0.010115 0.999941 0.003932 0.000667 0.999999 0.001276 0.002384 0.999994 0.002347 -0.009443 0.999951 0.002985 0.0006 0.999999 -0.00121 0.002689 0.999994 0.002113 0.001416 0.999999 0.000472 -0.494431 0.86921 0.003384 0.002887 0.999996 -0.000052 -0.189873 0.981765 0.009282 0.004638 0.999984 -0.003387 0.781616 0.623658 0.011275 0.98217 0.072752 0.173347 0.977745 0.209483 -0.011433 0.627567 0.777374 -0.04299 0.083146 0.361572 0.92863 0.292019 0.955011 -0.051763 -0.11668 0.070798 -0.990643 0.067665 0.997673 0.008321 0.073056 0.997252 0.012308 0.073738 0.997273 0.003161 0.074804 0.997191 0.003789 0.071373 0.997364 -0.013077 0.070022 0.997524 0.006543 0.238386 0.9694 -0.058622 0.842116 0.539213 -0.009431 -0.013827 0.999861 0.009362 -0.081759 0.890752 -0.447076 0.393202 0.424739 -0.815469 0.727843 0.685034 0.031179 0.672591 -0.028799 -0.739454 -0.004758 0.999962 -0.007329 0.553431 -0.813268 -0.179747 -0.07348 0.996728 0.03366 -0.995826 -0.08501 0.033225 -0.012778 0.999915 0.002518 -0.991284 -0.131128 0.012679 -0.996742 -0.075707 0.02783 -0.004747 0.999975 0.005155 -0.325733 -0.945414 0.009524 0.937042 0.347684 0.032671 0.999431 0.033502 0.00403 -0.0085 0.999962 -0.001669 -0.001971 0.999998 0.000548 0.248801 -0.968429 -0.015627 0.337177 -0.94118 -0.02219 0.997522 0.066182 -0.023881 0.995434 0.09126 -0.027996 0.995834 0.086317 -0.029392 0.013156 -0.999909 -0.002893 0.013177 -0.999909 -0.00289 -0.254999 -0.606556 0.753038 -0.320791 -0.606874 0.727184 -0.310347 -0.103027 0.945024 -0.000689 -0.971596 0.236647 -0.025826 -0.999261 0.028471 0.830462 -0.093342 0.5492 0.928712 0.031028 0.369501 0.024352 0.999424 0.023642 0.531951 0.000906 -0.846775 0.840871 -0.130414 0.525289 0.821685 0.072445 0.565319 -0.244052 -0.011997 0.969688 0.893904 -0.003327 0.448246 0.810685 0.021294 0.585095 -0.236211 0.009797 0.971652 -0.249602 0.015092 0.968231 -0.003859 0.99999 -0.002436 -0.004717 0.999989 0.000526 -0.132139 0.99122 0.004814 -0.197205 0.980024 -0.025756 -0.19066 0.981646 -0.00434 -0.186618 0.982373 -0.010861 -0.364976 -0.371116 0.853853 -0.201572 -0.94914 0.24187 0.378661 -0.925457 0.012079 0.242162 0.968963 0.049686 -0.570202 -0.821402 0.012997 -0.177452 -0.27713 -0.944304 -0.486583 -0.099043 -0.868002 0.906265 0.036982 0.421089 -0.193989 -0.005513 -0.980988 -0.200249 -0.00183 -0.979743 -0.083985 -0.001379 -0.996466 0.468461 0.088389 -0.879051 0.533968 0.125489 -0.83614 0.801166 0.221748 -0.555842 0.120053 -0.981934 -0.146265 0.978641 0.092507 -0.183585 0.259822 -0.964873 -0.038901 0.058752 -0.997299 -0.044072 0.382985 -0.917365 -0.108463 0.032496 -0.998909 -0.033539 0.971667 0.171713 -0.16241 0.438943 -0.896019 -0.066925 0.991469 0.015208 -0.129455 0.471222 -0.880205 -0.056473 -0.995396 -0.095167 0.011364 -0.980804 -0.194989 0.001403 -0.001298 -0.999999 -0.000301 -0.000575 -1 0.00022 0.995872 -0.083354 -0.035929 -0.702162 -0.683047 -0.201038 -0.442828 0.896541 0.010807 -0.399606 0.855067 0.330417 -0.379966 0.86005 0.3405 -0.542396 0.828306 0.140409 -0.003197 0.999995 0.000283 -0.991097 -0.132868 0.008548 0.830854 0.52151 0.194189 0.070965 0.997337 -0.016828 -0.371919 0.926908 0.050171 -0.371725 0.926985 0.050194 -0.990469 0.03468 0.133296 -0.468281 0.015795 -0.883438 0.034312 0.999404 -0.003776 0.017808 0.180797 -0.983359 -0.011976 0.999898 -0.007798 0.436329 0.00175 -0.899785 0.359166 0.931651 -0.05501 0.99933 0.032192 -0.017427 0.403398 0.913538 -0.052131 0.979373 0.140351 -0.145363 0.789449 -0.415008 0.452259 0.045298 0.17231 0.984001 0.018219 0.999802 -0.007983 -0.486851 -0.872724 0.036462 -0.495338 -0.867976 0.035469 -0.99595 -0.018348 0.088018 -0.983853 -0.166115 0.066624 -0.942769 -0.168248 0.287887 -0.985918 -0.155071 0.062598 -0.930296 -0.138313 0.339734 -0.986141 -0.153491 0.062988 -0.920471 -0.15173 0.360154 -0.983589 -0.165431 0.072002 -0.75234 -0.015217 0.658599 -0.985286 -0.15673 0.068166 -0.855933 0.500324 0.13059 -0.73517 0.666129 0.125685 -0.161177 0.986739 0.019189 -0.188435 0.981636 0.02973 0.980653 0.13702 -0.139805 0.980097 0.19074 -0.055034 0.983133 0.182018 0.017844 0.982185 0.127195 -0.138325 0.976921 0.148741 -0.153302 0.974642 0.18297 -0.128822 0.977655 0.158938 -0.137584 0.973863 0.184401 -0.132618 0.984531 0.124972 -0.122802 0.972547 0.193742 -0.128901 0.943081 0.055266 0.327938 0.935842 0.183805 0.300692 0.883161 0.041121 0.467263 0.896305 0.037892 0.441817 0.295047 -0.271863 0.91599 0.188695 -0.981652 -0.027443 0.001413 0.052189 -0.998636 0.0002 -1 0.000094 0.000997 -0.999999 0.000333 -0.000163 -1 0.000432 0.000952 -0.999999 0.000758 -0.165524 0.986206 -0.000793 -0.031023 0.925599 0.377233 -0.011098 0.994228 0.106715 0.230501 0.97301 -0.010966 -0.000883 0.999999 0.000522 -0.996254 -0.085174 0.014945 -0.995689 -0.091644 0.014314 0.613383 0.784875 -0.087937 0.964382 0.206676 0.165083 0.548834 0.832805 -0.072233 0.971792 0.192595 -0.136116 0.725917 0.687771 -0.003962 0.999416 0.03412 -0.001592 0.997829 0.065634 -0.005377 0.194481 -0.980904 -0.001993 -0.075368 -0.997135 -0.006417 -0.084691 -0.996296 -0.014885 -0.99478 -0.101884 -0.005633 -0.994472 -0.10482 -0.00621 0.058205 0.998304 -0.001426 0.237743 -0.971328 0.000737 0.993267 0.115406 0.010132 0.992283 0.122788 0.017254 0.243636 -0.969867 0.000554 -0.441408 0.897306 -0.000575 -0.99654 -0.082226 -0.012089 0.081346 -0.996686 -0.000344 0.086838 -0.996219 -0.002773 -0.00738 -0.999942 -0.007807 -0.008984 0.020701 -0.999745 -0.8381 -0.028193 -0.544788 0.016596 0.00995 -0.999813 -0.987125 -0.12386 -0.101207 -0.012946 -0.191831 -0.981343 -0.929564 -0.366263 -0.041986 0.082894 -0.39185 0.916287 -0.013267 -0.074886 0.997104 0.9503 0.178672 0.254965 0.004367 0.005008 0.999978 -0.860434 0.501962 0.087682 -0.710457 0.081169 0.699043 0.999971 0.00707 -0.002834 0.999908 0.003319 -0.013145 -0.001728 0.933588 0.358345 0.151273 0.421844 -0.89396 0.540509 0.820909 0.184279 -0.996605 0.034344 -0.074821 0.920991 0.249866 -0.298902 0.009784 0.021802 -0.999714 0.035793 0.2646 -0.963694 -0.498985 0.830467 0.247666 -0.211541 -0.96343 0.164479 0.841022 0.192327 0.505661 0.978636 -0.159427 0.129824 -0.997491 -0.065212 -0.02756 0.00463 0.068592 0.997634 -0.37675 0.448219 -0.810653 0.071466 -0.043381 0.996499 -0.96076 -0.115729 0.252084 0.115091 -0.060502 0.991511 0.999863 -0.002794 0.016325 0.924019 0.324862 -0.201629 0.999804 0.000793 0.01976 -0.170901 -0.009498 0.985242 0.003762 -0.947573 0.319517 0.936504 0.003114 0.350643 0.615631 0.788012 0.005994 0.504788 -0.002519 -0.86324 -0.883924 -0.014259 -0.467413 -0.992978 0.00317 -0.118255 -0.012547 -0.416197 0.909188 0.00003 0.002101 0.999998 -0.000577 -0.000983 0.999999 -0.00108 0.00006 0.999999 -0.013841 -0.21684 0.976109 -0.000555 0.058204 -0.998305 0.000246 -0.000285 -1 0.999527 -0.027487 0.013759 -0.00293 0.027499 0.999618 0.990803 -0.135253 -0.003925 1 0.000578 -0.000362 0.934207 -0.355552 0.028995 0.913312 -0.406314 0.027749 -0.895412 0.444725 0.021377 -0.999059 0.02747 0.03357 -0.999887 0.003438 -0.014668 -0.998111 0.061426 -0.000973 -0.999999 0.000598 -0.001057 -0.996666 -0.001469 -0.081574 -0.997527 -0.000724 0.070285 -0.998791 -0.048133 0.009993 -0.999953 -0.00057 0.009647 -0.026542 0.000897 0.999647 0.03552 0.868003 0.495286 0.0044 0.552209 0.833694 0.039604 0.445181 0.894564 0.004969 0.186354 -0.98247 0.015703 0.184394 -0.982727 0.005226 0.183683 -0.982972 0.000389 -0.044657 -0.999002 -0.008668 -0.033171 -0.999412 1 -0.000507 0.000035 0.784942 0.00587 -0.619541 0.99994 0.003171 -0.01045 -0.999818 0.003889 -0.018662 -0.99989 -0.014806 0.000778 -0.997883 -0.00079 -0.065029 -0.999996 -0.001333 0.002354 -0.998516 -0.05446 0.00011 0.999988 -0.000185 0.004957 1 -0.000218 0.000249 0.999997 0.001842 0.001697 0.999253 0.00173 -0.038616 0.999513 -0.030009 -0.008561 0.999954 -0.001662 -0.009398 0.00735 0.007798 -0.999943 0.000353 0.010043 -0.99995 0.007864 0.00976 -0.999921 0.001723 0.01083 -0.99994 0.001761 0.015364 -0.99988 0.906027 0.001124 0.423219 0.000723 -0.000978 0.999999 0.020493 0.219246 -0.975454 -0.003229 -0.000577 0.999995 -0.004373 0.000021 0.99999 -0.999047 0.000989 0.043636 -0.999302 -0.00048 0.037361 -0.896235 0.188695 -0.401444 0.407806 -0.907755 0.098365 0.354627 -0.931286 0.083347 0.981626 0.153567 -0.113255 0.999959 -0.004556 0.007809 0.999963 -0.004152 -0.007545 0.841823 0.515986 -0.158408 0.978325 0.207073 0.000478 0.734971 -0.678089 0.003704 0.779338 -0.572341 -0.255063 0.832394 -0.554179 -0.002353 0.940228 -0.340142 0.016591 0.98524 0.170968 0.008543 -0.999912 0.013249 0.000476 -0.999995 -0.002945 0.001366 -0.999831 -0.002012 -0.018282 -1 -0.000182 -0.00015 -0.995375 0.000307 0.096068 -0.869737 0.078416 0.487245 -0.994711 -0.082134 0.061681 -0.997431 0.005776 -0.071397 -0.856726 0.507891 -0.089814 0.013782 0.009723 -0.999858 0.425489 0.664668 -0.614146 -0.124783 0.567738 -0.813697 -0.022407 -0.078704 0.996646 -0.017015 0.05358 -0.998419 -0.025441 0.040511 -0.998855 -0.088908 0.690116 -0.718217 -0.434605 -0.857087 0.276625 0.464256 -0.87389 -0.144162 -0.038783 -0.391019 -0.919565 0.000327 0.000241 -1 0.999836 -0.000961 -0.018095 0.999954 0.007162 -0.006419 0.999888 0.009685 0.011452 0.999737 0.000652 0.022915 -0.999982 0.004861 0.003633 -0.999798 -0.011317 0.016638 0.007459 -0.9142 -0.405194 -0.002203 -0.999998 0.000344 -0.001091 -0.999999 0.000042 -0.000544 -0.002573 -0.999997 0.000501 -0.001244 -0.999999 -0.999998 -0.0005 -0.002022 -0.999877 -0.002804 0.015431 0.000383 -0.011389 0.999935 0.980093 -0.145014 0.135607 -0.629458 0.770924 0.097255 0.99384 -0.017525 0.109429 0.047021 0.998637 0.022639 -0.921596 0.052189 -0.384625 -0.999998 0.0016 -0.001329 -0.900501 -0.359368 -0.244853 -0.161551 0.007642 -0.986835 0.051317 -0.484913 -0.873056 -0.956023 -0.278321 -0.092506 0.094633 0.994972 0.032788 0.839254 0.526701 -0.135053 -0.02726 0.991307 -0.128715 -0.00714 0.999833 0.016825 -0.013227 -0.034081 0.999332 -0.026849 -0.413018 0.910327 0.028992 -0.063032 0.99759 -0.034005 0.04612 0.998357 0.020566 -0.063226 0.997787 0.022909 0.010979 0.999677 0.000543 -0.000153 -1 0.812699 0.011733 -0.582566 -0.638829 0.421873 0.643366 0.385101 0.071737 -0.920082 0.006261 -0.004416 0.999971 0.039491 -0.997911 0.051124 -0.598761 -0.769629 0.221713 -0.209565 -0.975211 0.071039 -0.050629 -0.997372 -0.051832 0.026891 0.997856 0.05967 0.008393 -0.928551 -0.37111 -0.066354 -0.633778 -0.770664 0.155956 -0.176524 -0.971863 -0.000212 -0.999669 0.025734 -0.962298 -0.254848 0.095049 -0.039513 0.954856 0.294428 0.0132 0.787764 0.615836 -0.001262 0.999774 0.021241 -0.009847 0.999866 0.013062 -0.019622 0.999548 0.022773 -0.448935 0.884009 -0.130328 -0.539884 -0.841571 -0.016826 -0.0739 0.946276 -0.314803 0.001053 -0.014314 0.999897 0.002492 0.000082 0.999997 0.024134 0.002532 0.999706 0.811208 0.015486 -0.584552 -0.104494 0.376278 0.920595 0.999983 0.001544 -0.005583 -0.870447 -0.464463 -0.163082 0.999495 -0.007433 0.030894 0.998658 0.037488 -0.035723 -0.000311 -0.003092 -0.999995 0.999477 0.032334 -0.001091 0.920448 -0.371414 0.121763 0.035723 0.412435 0.910286 0.001201 -0.079037 0.996871 0.168518 -0.815906 0.553082 0.292202 -0.955497 0.04053 0.997793 -0.064629 0.015246 0.148627 -0.988764 0.015979 -0.015357 -0.999852 0.007719 0.999409 0.0049 0.034011 0.998554 -0.003155 -0.053665 -0.045346 0.997982 -0.044455 0.999562 0.029592 -0.000621 0.173632 0.001043 0.98481 0.023717 0.972845 -0.23024 0.368975 0.929302 0.015977 0.338794 0.94085 0.004329 0.398447 0.905413 0.146514 0.756717 0.64771 0.088605 0.731443 -0.541901 -0.413927 -0.326385 -0.82236 -0.466044 -0.167908 0.985586 0.020666 0.380241 -0.916131 -0.126964 -0.376041 -0.780977 0.498666 0.554358 -0.830618 0.052545 0.651089 0.68521 0.326453 -0.208984 -0.977182 0.037953 0.039119 -0.916109 -0.399015 0.071995 0.996686 -0.037868 0.251626 -0.956977 -0.144494 0.271226 -0.960907 -0.055622 0.307008 -0.944467 -0.117171 -0.074614 -0.479179 0.87454 0.103607 0.169022 -0.980152 -0.017894 0.006846 -0.999816 -0.118463 -0.637326 0.761434 -0.005854 -0.009913 -0.999934 0.123952 -0.987557 -0.096782 0.315534 0.070194 -0.946314 -0.432726 0.127233 -0.892502 0.99952 0.007925 0.029951 0.983489 0.085294 -0.159607 0.028155 -0.999594 -0.004302 0.002474 -0.999996 -0.001151 0.001133 0.999864 -0.016431 0.010141 0.030312 0.999489 0.000737 0.999843 -0.017686 0.001299 0.01967 -0.999806 -0.002968 0.003252 0.99999 -0.999994 0.003245 0.000844 0.00001 0.937445 0.348134 0.023776 -0.988875 0.146836 -0.017278 0.097804 -0.995056 -0.024061 0.035133 -0.999093 0.022537 -0.143107 -0.989451 -0.999984 0.004857 0.003047 0.001583 0.020322 -0.999792 -0.999682 0.025056 0.003014 0.000735 0.989739 0.142885 -0.456469 0.884401 -0.097321 -0.065082 0.14822 0.986811 -0.266006 -0.017112 0.963819 -0.001141 0.001936 0.999997 0.373396 0.926047 0.05489 0.009593 0.999952 -0.001949 -1 -0.000419 0.000453 -0.999998 -0.00189 -0.000826 -0.031587 -0.00195 0.999499 -0.014621 -0.012759 0.999812 -0.008317 -0.008259 0.999931 -0.744302 0.044319 -0.666371 -0.777037 0.000793 0.629455 -0.998479 -0.012314 -0.053747 -0.997211 -0.015308 -0.073047 -0.000615 1 0.000523 0.984209 0.176057 -0.018369 -0.000593 0.032378 0.999476 0.043133 -0.07694 0.996102 -0.01325 -0.270738 0.962562 0.010462 -0.999944 -0.001418 0.099586 -0.99499 -0.00883 -0.008248 0.017152 -0.999819 0.999957 0.006382 0.006683 -0.070462 -0.997507 -0.003856 -0.428923 0.118594 0.895523 0.897846 -0.001768 0.440307 -0.941261 0.149712 -0.302679 0.002805 0.003416 -0.99999 0.001148 -0.999999 0.000396 -0.00089 -0.003393 -0.999994 -0.648367 -0.286055 -0.705544 0.999419 0.029718 0.016688 0.454802 0.88505 -0.099202 0.443757 -0.048731 0.894821 0.406647 0.885608 -0.22436 -0.00137 0.013272 0.999911 0.583536 0.755998 -0.29657 0.018962 -0.027098 0.999453 0.434745 0.856839 0.277171 -0.015096 0.986215 0.164778 0.032289 -0.773934 -0.632443 0.999905 -0.012924 -0.004717 0.972807 -0.231084 -0.015731 1 -0.000084 0.000203 0.996255 -0.086454 -0.00092 0.968066 0.000684 -0.250694 0.966916 0.000018 -0.255093 0.428653 -0.903456 0.004983 0.805155 -0.527517 0.271019 -1 0.000004 -0.000335 -0.033433 -0.22439 0.973926 -0.006614 -0.999978 0.00045 0.001477 -0.999998 0.001266 -0.003727 -0.999992 -0.001366 -0.011465 -0.999794 0.016769 0.000637 -0.999998 -0.001846 0.017488 -0.812087 0.583274 -0.996158 0.087532 0.002551 0.000602 0.881161 -0.472816 -0.991092 0.133166 0.001807 -0.001134 0.999999 -0.000219 0.003681 -0.016198 -0.999862 -0.004608 0.015975 -0.999862 -0.0081 0.00685 -0.999944 0.981148 -0.007134 -0.193128 -0.016054 0.008994 -0.999831 -0.001097 0.999999 -0.000208 0.999239 0.03729 0.011405 0.059431 0.998197 0.008378 0.135709 0.813695 0.565229 0.637268 0.770605 0.007612 0.093091 -0.995417 0.021891 -0.428069 0.903726 -0.005958 -0.350749 0.936467 -0.002371 -0.405692 0.048889 -0.912702 0.103649 -0.014976 0.994501 -0.019353 -0.999805 0.003993 0.110116 -0.993911 -0.004027 -0.044523 0.094966 0.994484 -0.005824 0.019525 0.999792 -0.004665 -0.945213 0.326421 -0.086074 0.40877 0.908569 0.870839 -0.087155 0.48378 -0.531151 0.799252 0.281201 -0.000384 0.006119 -0.999981 0.005684 0.883277 -0.468816 -0.999923 0.003307 -0.011957 -0.999397 -0.032058 0.013367 -0.440172 -0.897614 -0.02318 0.00121 -0.999999 -0.000333 0.999996 -0.00273 -0.000856 0.997899 -0.050534 0.040534 -0.978075 -0.040258 -0.204326 0.999999 0.000909 0.001107 0.507562 -0.05963 -0.859549 -0.368899 0.929272 -0.019138 -0.107872 0.994135 0.007721 0.481214 0.875625 -0.041404 -0.166483 0.014651 0.985935 0.008954 0.015991 0.999832 0.002858 0.954308 0.29881 0.000052 -0.969319 0.245805 -0.016826 -0.971185 0.237732 0.26236 -0.952379 -0.155374 0.002081 0.000859 -0.999997 -0.03019 0.071942 -0.996952 -0.998978 0.006634 0.044713 -0.998769 0.025779 -0.042375 -0.974395 0.005046 -0.224788 -0.999924 -0.012337 0.000376 -0.999841 -0.017232 -0.004503 -0.476212 -0.879224 -0.013709 -0.973504 0.014796 0.228189 -0.972066 0.136987 0.190581 0.495355 0.132126 -0.858584 0.000293 0.999978 -0.006555 0.000286 0.999978 -0.006575 0.9991 -0.042321 -0.002792 -0.011834 -0.025363 0.999608 0.750671 -0.245836 -0.613235 -0.420724 -0.901686 0.099772 -0.028498 -0.022404 -0.999343 0.970539 0.073109 0.229586 0.941371 0.157011 0.29861 -0.271285 -0.923429 0.271447 -0.016033 0.064806 0.997769 -0.011198 0.059565 0.998162 0.029673 -0.334241 0.94202 -0.455909 0.88987 0.016678 0.551795 -0.82717 -0.106362 -0.052275 -0.013853 -0.998537 -0.078963 -0.076998 -0.9939 -0.012958 -0.029175 -0.99949 -0.024279 0.651858 -0.757952 0.014997 -0.766525 0.642039 0.018332 -0.759541 0.650201 0.983116 -0.121978 0.136397 0.994776 -0.037623 0.094897 0.853563 0.509794 -0.107427 0.022296 0.111081 0.993561 0.006281 0.005627 0.999964 0.009524 0.005572 0.999939 -0.016095 0.183051 0.982972 -0.021232 0.239023 0.970782 0.015202 0.955838 -0.2935 -0.006346 -0.001923 -0.999978 -0.986686 -0.146858 0.069876 0.892399 0.409426 0.18972 0.082509 -0.205928 -0.975083 -0.12875 -0.284196 0.950082 -0.418162 -0.551849 0.721528 -0.352181 -0.767661 0.535411 -0.945511 -0.266915 0.186455 -0.85588 -0.327345 0.400394 -0.378406 0.076114 0.922505 0.055175 -0.079572 0.995301 -0.979809 -0.129149 0.15263 -0.998843 -0.037007 -0.030719 -0.997894 -0.0061 -0.064581 -0.998682 -0.049054 0.015093 0.525867 -0.349019 0.775661 0.483339 0.072356 0.872438 0.595583 0.07349 0.799925 -0.328231 -0.240495 0.913469 -0.719218 -0.18652 0.66928 -0.547269 -0.830782 -0.101482 0.997915 -0.063966 -0.008546 0.512711 0.80835 -0.289306 0.127063 -0.004125 0.991886 -0.001221 -0.013465 0.999909 -0.343957 -0.927746 -0.144846 -0.023518 0.159217 0.986964 -0.000644 -0.014473 0.999895 0.314779 -0.152678 0.936805 0.214546 -0.180294 0.959929 -0.076876 0.04724 0.995921 0.074308 0.030658 0.996764 -0.079958 0.032047 0.996283 -0.08465 0.030051 0.995958 -0.30496 0.352033 0.884914 -0.135088 0.951644 -0.275908 -0.255098 -0.942456 0.216106 -0.013013 -0.985052 0.171766 0.009233 0.00619 -0.999938 -0.008044 0.044881 -0.99896 -0.003837 0.011394 -0.999928 0.999977 -0.000047 -0.006756 -0.00007 0.014381 -0.999897 -0.002605 0.015365 -0.999879 -0.000593 0.018755 -0.999824 0.010385 0.014038 -0.999848 0.037901 -0.250443 -0.967389 -0.02604 -0.090433 -0.995562 -0.021688 -0.327131 -0.94473 0.020538 -0.331574 0.943205 0.043365 -0.512553 0.85756 -0.097762 -0.845461 0.525012 -0.082839 -0.418126 0.904604 0.624922 -0.734259 -0.265209 0.130241 0.486382 -0.863985 0.219437 0.913012 0.343884 -0.31213 -0.039723 0.949209 0.056115 0.998194 0.021442 -0.065534 0.155487 0.985662 -0.906456 -0.33011 0.263373 0.556489 0.623221 0.549469 0.119697 0.315734 0.941268 -0.036816 -0.124751 -0.991505 -0.510704 0.611518 -0.60434 -0.540763 0.606562 -0.582802 -0.50407 0.642091 -0.577609 -0.053456 0.432953 -0.89983 -0.636779 -0.69966 0.324017 -0.031149 0.074831 -0.99671 -0.13148 0.17811 -0.975187 0.689404 0.16878 0.70444 -0.572566 0.016734 0.819688 -0.131961 0.005801 -0.991238 -0.182939 -0.981412 0.057997 -0.019553 0.924838 0.379857 -0.32898 -0.05942 -0.942466 -0.012068 -0.265548 0.964022 -0.155522 -0.509801 0.846118 -0.069308 -0.428925 0.900677 -0.066996 -0.920765 0.384323 -0.46634 0.857078 0.218965 -0.62646 0.742822 0.236141 0.107698 -0.101202 -0.989019 0.922535 0.303811 -0.237966 -0.040972 -0.429681 0.902051 -0.324301 -0.855333 0.404023 0.131043 -0.211389 -0.968578 -0.974592 -0.025642 -0.222517 0.81302 0.36258 -0.455559 -0.982255 -0.055333 0.179204 0.80696 0.530948 -0.25867 0.780162 0.423058 -0.460836 0.217195 0.563579 -0.796997 -0.881239 -0.352893 0.314459 -0.889074 -0.360323 0.282337 -0.982444 -0.002423 -0.18654 -0.996826 0.002529 -0.07957 -0.999955 0.003629 0.008779 -0.999969 0.005307 -0.005855 -0.999267 0.023019 0.030604 -0.998908 0.045691 0.009763 -0.248353 0.968534 0.016191 -0.012017 -0.943151 -0.332147 -0.083405 0.041322 0.995659 0.023966 0.107364 0.993931 -0.006471 -0.017333 0.999829 0.012519 -0.200179 -0.979679 0.972374 0.083915 -0.217824 -0.962367 -0.204813 0.178607 -0.006351 -0.001897 -0.999978 -0.746893 0.081431 -0.65994 0.037621 0.395358 0.917756 0.034469 0.173044 -0.984311 -0.104098 0.957714 0.268229 -0.161507 0.966943 0.197323 -0.030666 -0.293542 -0.955454 0.011709 -0.012738 0.99985 -0.998484 -0.045576 0.030876 -0.999995 -0.003018 -0.001126 -0.729624 -0.681734 0.053739 0.087546 -0.479199 -0.873329 0.058856 0.863766 -0.500443 -0.0219 -0.073947 0.997022 0.003346 0.010737 -0.999937 0.002377 0.011581 -0.99993 0.001366 0.011491 -0.999933 0.894216 0.262003 0.362951 0.807557 -0.283192 0.517353 0.07856 0.016542 0.996772 -0.311334 0.264775 0.912669 -0.077556 0.013488 0.996897 -0.070936 -0.996723 -0.038882 0.461653 0.297971 0.835518 0.884247 -0.320301 -0.339875 0.171755 -0.149349 -0.973753 0.051494 -0.987584 -0.148412 -0.022117 0.39573 0.918101 0.0375 -0.986493 -0.159454 -0.001326 -0.012236 0.999924 -0.001426 -0.012486 0.999921 0.039685 -0.055785 -0.997654 -0.006469 -0.038438 -0.99924 -0.087338 -0.128237 -0.98789 -0.033378 0.127974 0.991216 0.21224 -0.875346 0.434424 -0.819033 0.141607 0.555996 0.805816 -0.591452 -0.029083 0.128247 -0.901139 0.414128 0.835693 0.078877 -0.543503 0.98662 -0.087863 -0.137334 0.995826 -0.026181 -0.087435 0.999058 -0.001032 0.043372 -0.133003 -0.003097 0.991111 -0.176285 -0.005268 0.984325 0.054101 0.147681 0.987554 0.07147 0.142782 0.98717 -0.016938 0.500782 0.865408 0.041957 -0.009795 0.999071 0.145151 -0.806802 0.572715 0.984547 0.175116 -0.001342 1 -0.000251 0.000002 0.993621 -0.026762 -0.109553 0.965798 -0.00114 -0.259292 -0.011603 -0.242683 0.970036 0.006724 -0.249453 0.968363 0.049734 0.988448 0.143168 -0.045618 -0.357708 -0.932719 -0.134703 0.732393 -0.667424 -0.009606 0.087891 0.996084 0.172667 -0.480928 -0.85959 0.17054 -0.153611 -0.973304 -0.523531 0.851984 -0.006174 -0.176581 0.395014 -0.901545 0.254779 0.073335 -0.964215 0.015576 0.07091 -0.997361 -0.952857 0.267103 -0.143946 0.937574 -0.232885 0.2583 -0.861045 -0.374444 0.344083 -0.882305 -0.355411 0.308578 0.942245 0.102792 -0.31876 0.987712 -0.047459 0.148908 0.989914 -0.039838 -0.135955 -0.983233 0.071515 0.167747 0.711233 -0.702956 -0.000338 -0.000373 -0.999983 0.005892 0.008873 -0.055413 -0.998424 -0.057134 -0.258492 -0.964322 -0.015295 -0.02973 -0.999441 0.996746 -0.017275 0.078738 0.492255 0.06544 -0.867987 -0.035023 -0.080437 -0.996144 0.030542 0.837771 0.545167 0.456556 0.114226 -0.882332 0.032456 -0.750477 0.660099 -0.081994 -0.100535 0.991549 0.003782 0.014454 -0.999888 0.085803 -0.852668 -0.51536 -0.007673 -0.474117 -0.880428 0.003942 0.005256 0.999978 -0.076909 -0.065037 0.994915 0.26384 -0.175123 -0.948536 0.001298 0.381682 0.924293 0.010784 0.02171 0.999706 0.039481 -0.017892 0.99906 -0.092172 -0.017023 0.995598 0.099507 0.041497 -0.994171 -0.011377 -0.298781 -0.954254 -0.049978 -0.004831 0.998739 0.000003 0.009384 -0.999956 -0.999998 0.000667 -0.002059 -0.999976 0.003663 -0.005839 0.003511 0.001432 -0.999993 -0.93981 0.341627 -0.006956 -0.01144 -0.940869 0.338578 -0.005548 0.999654 0.0257 -0.000932 -0.001505 0.999998 -0.00029 -0.000048 1 -0.822293 -0.006622 0.569026 0.99981 0.008782 0.017404 0.999577 0.014534 0.025175 -0.1324 -0.003451 0.99119 0.999799 0.020069 -0.000337 0.999874 0.015266 -0.004412 0.999974 -0.006437 0.003391 -0.088212 0.995947 0.017534 0.47569 -0.87818 -0.050191 0.998494 0.004538 0.054676 0.020641 -0.019958 -0.999588 0.99555 0.084128 0.042453 0.040976 0.261614 -0.964302 0.999213 0.031214 0.02446 -0.002036 0.090059 0.995934 0.007534 -0.54661 0.837354 0.90883 0.404878 -0.100506 -0.867392 0.469937 0.163674 -0.959794 -0.255082 -0.117171 -0.124567 0.679892 0.722655 0.964443 -0.180373 0.193174 -0.022087 0.996494 0.080702 -0.95022 0.220231 -0.220409 0.102624 -0.893818 0.436528 0.030501 -0.990204 0.13626 0.002372 0.01063 -0.999941 -0.007763 0.00026 -0.99997 -0.002267 -0.01032 0.999944 0.000583 -0.013054 0.999915 -0.001178 0.097053 0.995278 0.2818 0.959393 0.012401 -0.510405 -0.859835 -0.013036 -0.995414 -0.083947 -0.045872 0.99769 0.049952 0.046038 0.996097 0.08037 0.036487 -0.017925 -0.999795 0.009376 -0.025079 -0.999662 0.006827 0.995983 0.088135 -0.015817 0.284679 0.958604 0.005996 0.510412 0.859832 0.01303 -0.993564 -0.111467 0.020133 -0.999674 -0.022473 -0.012079 -0.002075 0.99999 -0.003957 -0.003597 0.999986 -0.003751 0.9999 -0.003484 0.013723 0.938792 0.342817 0.033845 0.000302 1 -0.000912 -0.001609 0.999999 0.000165 -0.000966 0.999999 0.000956 -0.971198 0.23806 -0.010093 -0.979789 -0.200029 0.001639 -0.971351 -0.237646 -0.00148 0.944161 -0.326802 0.041955 -0.001173 -0.999999 0.000841 -0.00108 -0.999999 -0.001033 -0.999943 0.010296 -0.002916 -0.998429 -0.003947 -0.055885 -0.986723 -0.138142 -0.085411 0.023324 0.041432 0.998869 0.996158 0.077717 -0.040374 0.977143 0.144781 -0.155658 0.020241 0.044631 0.998798 -0.058352 0.998128 -0.018313 -0.000076 0.99709 0.076239 0.141426 0.011763 0.989879 -0.002973 -0.002231 0.999993 -0.367404 0.728214 0.578548 -0.004757 0.007054 0.999964 -0.045315 -0.351019 0.935271 -0.047108 -0.359959 0.931778 0.997017 0.077155 0.001856 0.999993 -0.003098 -0.001995 0.000283 -1 -0.000416 -0.001108 -0.999999 -0.00108 0.001449 -0.999998 0.001191 -0.000043 1 -0.000139 0.992086 -0.005274 -0.125446 0.000251 1 0.000817 -0.034995 0.069351 0.996978 0.000627 -0.000197 -1 0.002243 0.999997 -0.001354 -0.004922 0.999988 -0.000207 -0.002686 0.999995 -0.001469 0.000707 0.999998 -0.001795 -0.598304 0.236665 -0.765521 -0.403516 0.045444 0.913843 0.470338 0.194 0.860898 0.256276 0.966603 -0.000575 -0.48513 0.209612 0.848947 -0.272719 0.958509 0.082971 -0.998435 -0.05592 0.000108 -0.994825 -0.101415 0.006141 -0.998447 0.055621 -0.003183 0.931853 0.361896 0.026094 -0.155915 -0.987508 0.022782 -0.967426 -0.252375 -0.019826 -0.954464 -0.297882 -0.016253 0.012428 -0.999921 -0.001976 0.010149 -0.999946 -0.002239 0.999796 0.010966 -0.016973 0.993203 0.116262 -0.005644 -0.000914 0.999999 0.000408 -0.001741 0.999998 -0.000845 -0.024682 0.999538 -0.017734 0.984642 0.171661 -0.031806 0.142351 0.94401 -0.297625 -0.867855 0.494606 -0.04683 0.866197 0.499677 0.004964 0.000703 0.999997 0.002331 -0.007859 0.999969 0.001048 0.951973 0.305369 0.022302 -0.002371 0.999984 -0.00504 0.002333 0.996091 -0.088299 0.000017 0.998188 -0.060171 0.001204 0.999997 -0.001969 0.001241 0.999997 -0.00188 -0.008591 0.999891 0.011971 0.016602 -0.999767 -0.013768 0.012594 0.999616 0.024671 -0.354317 -0.935125 -0.000437 -0.943056 0.332224 -0.016533 0.305403 0.952212 0.004608 -0.999269 -0.032815 0.019611 -0.067481 -0.421189 -0.904459 -0.008808 -0.052179 -0.998599 -0.066183 -0.379903 -0.922656 -0.013984 -0.046694 -0.998811 -0.285953 -0.954811 -0.081033 -0.045682 -0.024504 -0.998655 -0.167631 -0.978348 -0.121392 0.021287 0.032032 0.99926 0.001605 0.032892 0.999458 -0.140513 0.060901 -0.988204 -0.014718 0.030649 0.999422 0.734287 0.669446 -0.112535 0.00373 0.992806 -0.119674 -0.001408 -0.998288 0.058469 0.000897 -0.999999 -0.000765 -0.003997 -0.999992 0.000655 -0.01126 -0.999906 -0.00778 -0.01486 -0.999889 0.001068 -0.005619 -0.987357 0.158411 0.002125 -0.994878 0.101063 -0.000219 -0.058243 -0.998302 -0.002075 -0.043207 -0.999064 -0.003283 0.666798 -0.745231 0.00095 0.037026 0.999314 0.011043 0.09636 -0.995285 -0.988741 -0.081195 0.125696 -0.044993 -0.998885 -0.014324 0.779062 -0.620343 -0.090759 0.806491 -0.483031 -0.340961 -0.670189 0.013572 -0.742066 -0.518467 -0.233588 -0.822575 -0.905458 -0.424392 0.006076 -0.157314 0.001464 -0.987548 -0.17523 0.982119 -0.068817 0.911885 0.409106 -0.033146 0.820391 0.552848 -0.146008 -0.966678 -0.138684 0.215177 -0.970555 -0.171539 0.169105 -0.97266 -0.166704 0.161684 -0.717145 0.695538 0.043916 -0.158541 0.987066 0.023789 -0.161887 0.98654 0.023063 0.063715 -0.995803 0.065703 -0.190737 -0.047983 0.980468 -0.146228 -0.036579 0.988574 0.000392 0.365532 0.930799 0.339851 0.041007 0.939585 0.951481 0.283239 -0.120249 0.189401 -0.981833 0.011425 0.223874 0.031034 0.974124 0.111482 -0.990965 0.074561 0.980701 0.193003 -0.031243 0.976011 0.201716 -0.08194 0.935662 0.150689 -0.319106 0.896918 0.439039 -0.052757 0.682749 0.144345 -0.716253 0.696039 0.156249 -0.700797 0.710553 0.156924 -0.685922 0.942237 -0.309629 -0.127746 -0.069911 0.169947 -0.98297 -0.151251 0.557354 -0.816382 -0.747703 -0.415113 -0.518287 -0.246906 -0.938385 -0.241807 -0.149773 -0.977594 -0.147912 -0.290571 -0.339353 -0.894655 -0.030505 -0.980978 -0.191706 -0.082062 -0.994492 -0.065202 -0.186092 -0.10505 -0.9769 -0.743761 -0.079236 -0.663733 -0.138189 -0.162107 -0.977049 -0.439511 0.221806 -0.870421 0.056727 0.998374 0.005526 0.057258 0.998347 0.005066 0.082212 0.996615 -0.000347 -0.89717 -0.419763 0.137424 -0.489422 0.868174 0.082096 -0.90496 -0.352127 0.23886 -0.478854 0.874014 0.08245 0.103795 0.020982 0.994377 -0.896813 -0.420265 0.138219 0.385276 0.076711 0.919607 -0.947556 -0.242404 0.208272 -0.896615 -0.420618 0.138425 0.155486 -0.10848 0.981864 -0.89861 -0.418081 0.13307 -0.678873 0.715954 0.162913 -0.731341 0.636483 -0.245008 -0.69258 0.603139 0.395671 -0.804835 0.542955 0.239666 0.672531 -0.378267 0.636095 -0.169163 -0.891886 0.419433 0.001212 -0.532363 0.846515 0.042747 0.998803 0.023773 0.067636 0.997667 0.009234 0.060891 0.998144 -0.000645 -0.586923 0.310458 0.747755 0.071225 -0.994053 0.082376 0.069799 -0.99458 0.077063 -0.126424 -0.970662 0.20453 -0.052564 0.995881 -0.073881 -0.181791 -0.964164 0.193236 -0.539337 -0.826115 0.163246 -0.148551 -0.985646 -0.08022 -0.219526 -0.97137 -0.090823 -0.155622 -0.986409 -0.052717 -0.181318 -0.982209 -0.048882 0.181493 0.982197 0.048479 0.910176 0.396292 -0.120548 0.908882 0.3987 -0.122358 0.730128 0.676299 -0.09763 0.948064 0.284846 -0.141554 0.791745 0.606947 -0.068961 0.955981 0.251296 -0.151497 0.881223 0.396651 -0.257127 0.86007 0.405908 -0.309062 -0.515592 0.786973 0.338879 0.00134 0.999996 -0.002313 -0.003785 0.998171 -0.060328 -0.00107 0.495205 0.868775 -0.242688 0.967213 0.074841 -0.180131 0.979925 0.085442 0.094123 0.9639 -0.249072 -0.047257 -0.997954 0.043065 -0.026225 0.999643 0.005031 0.003295 0.999351 0.035876 0.294479 0.027 0.955276 0.257768 0.287922 0.922311 0.084821 0.996319 0.012393 0.090328 0.995891 0.006552 0.976576 -0.080164 -0.199681 0.008312 0.992482 0.122111 0.387 -0.330733 0.860725 0.880278 0.417443 -0.225505 -0.006123 0.999937 0.009413 0.024365 0.999563 0.016709 -0.024921 0.16978 0.985167 0.214517 0.976455 0.022743 0.000236 1 -0.000935 0.000178 0.999999 -0.001007 0.003633 0.999993 0.001153 0.00376 0.908714 0.417402 0.24597 0.874015 0.419042 0.146655 0.977911 -0.148936 0.072679 0.993226 -0.090661 0.97176 -0.108595 -0.209497 0.116481 0.641203 -0.758479 0.194576 0.980764 -0.015554 -0.000382 1 0.000481 0.53887 0.251995 0.803814 0.862797 0.226629 -0.451907 0.902213 -0.016292 -0.430982 0.620233 0.221423 -0.752517 0.431429 -0.016182 -0.902002 -0.002365 0.881533 -0.472117 0.003535 0.019952 0.999795 0.002112 0.023674 0.999718 -0.009938 0.947075 -0.320859 0.977048 -0.006971 -0.212905 0.004541 -0.002415 -0.999987 0.061394 -0.090968 -0.99396 -0.011894 0.99838 0.055638 -0.220095 0.975213 -0.022753 -0.535423 0.844573 0.004251 -0.039239 -0.997181 0.063959 -0.060241 0.995637 0.071262 0.115108 -0.811662 0.572673 0.49786 -0.570642 0.653072 -0.441705 0.892142 0.094757 -0.337614 -0.697136 0.63247 -0.227757 0.176707 0.95755 -0.059226 0.996408 0.060525 0.870284 0.489374 -0.055849 -0.570096 -0.798537 -0.193207 -0.86593 0.498474 -0.041096 -0.091905 0.985092 -0.145421 -0.909088 -0.273382 0.314357 -0.080569 0.991666 0.100534 0.006541 -0.999936 -0.009246 0.013458 -0.999469 0.029668 0.074849 0.264204 -0.961558 -0.019926 -0.033363 -0.999245 -0.032492 0.578974 0.814698 0.000545 -0.999999 -0.00103 0.000897 -1 0.000257 0.792081 0.565083 -0.230844 0.480187 0.05858 -0.875208 -0.828438 0.102646 -0.550595 0.64685 -0.757864 0.085014 0.035576 0.058553 -0.99765 -0.827317 0.4275 0.364404 0.000789 0.999999 -0.001349 -0.320709 0.947118 -0.010623 0.122999 0.723608 -0.679163 0.67737 -0.511929 -0.528298 0.686181 -0.688543 -0.234657 0.942882 0.124927 0.308815 0.345478 -0.938404 0.006479 0.237608 -0.752161 0.614651 -0.053812 0.998528 0.006742 -0.069757 0.997552 0.004893 0.995613 0.0928 0.011981 -0.014882 0.237461 0.971283 0.513307 -0.20346 0.833739 0.161457 0.941596 0.295514 -0.366616 -0.777271 -0.511315 0.021468 -0.995577 0.091465 0.030288 -0.999538 0.002657 -0.39592 -0.41807 -0.817597 0.22643 0.953324 0.199756 0.014732 -0.877798 -0.478804 0.018571 -0.999679 -0.017222 0.036545 -0.999325 -0.003689 -0.332974 -0.563434 0.756089 0.881713 -0.412986 -0.228087 -0.004937 0.999699 -0.024021 -0.001237 0.999975 -0.006897 -0.721552 -0.689632 -0.061407 0.028024 0.99957 0.008619 0.972587 0.020826 0.231603 0.234855 -0.490047 0.839463 0.06447 -0.791224 0.608118 0.000745 0.999999 -0.001302 0.000062 0.999994 -0.003449 -0.047462 0.998854 -0.006239 -0.057519 0.998308 -0.008579 0.993046 0.115697 -0.021784 0.999432 0.033365 -0.004711 0.279406 -0.959954 -0.020514 0.186186 0.978908 -0.084108 0.482262 0.855069 -0.190475 0.74152 0.643862 -0.188653 0.243716 0.969594 -0.022115 0.161047 0.984643 -0.067396 0.01568 0.765609 0.643115 -0.210021 0.977519 0.01867 -0.050372 0.987375 -0.150178 -0.004752 -0.062765 -0.998017 0.015127 -0.009182 -0.999843 -0.999524 -0.030487 0.004625 -0.004911 -0.987354 0.158455 0.037078 -0.999243 0.011777 -0.99501 -0.097643 0.020535 -0.994284 -0.105504 -0.016389 -0.634166 -0.105086 0.766023 0.443456 0.875697 -0.191054 0.051416 0.998484 -0.019632 -0.591647 -0.058658 0.804061 -0.0765 0.994976 0.064587 -0.098941 -0.948918 -0.299607 0.420541 -0.648508 0.634494 0.684084 0.014121 0.729266 0.065575 -0.978037 -0.197848 0.047098 -0.469771 0.881531 0.341703 -0.188834 0.920641 0.002903 0.011155 0.999934 0.997971 0.063334 0.006495 -0.972892 -0.08861 0.213611 0.001808 -0.000531 -0.999998 -0.002496 0.938945 -0.344059 -0.005191 0.953659 -0.300846 0.000136 0.002604 -0.999997 0.048115 -0.051344 0.997521 0.00446 -0.210976 0.977481 -0.054621 -0.002227 0.998505 -0.003223 0.999989 -0.003355 0.079414 0.995763 0.046353 0.004247 0.996145 0.087616 0.002801 0.012251 -0.999921 -0.018956 0.141692 -0.989729 -0.002186 0.020302 0.999792 -0.005443 0.997446 -0.071215 0.021298 -0.998696 -0.046391 -0.007015 -0.999629 0.026308 0.001535 -0.999999 -0.000201 0.001163 -0.999878 -0.015593 -0.999735 -0.022917 -0.00239 0.05725 -0.127391 -0.990199 -0.15099 -0.941642 0.300854 -0.442942 0.873165 0.203433 0.24385 0.571929 -0.78322 -0.965121 -0.06632 -0.253266 -0.057223 0.86719 -0.494679 -0.421434 -0.901778 -0.095863 -0.703296 0.182427 0.687091</float_array>
          <technique_common>
            <accessor source="#ComputerDesk1-mesh-normals-array" count="1946" stride="3">
              <param name="X" type="float"/>
              <param name="Y" type="float"/>
              <param name="Z" type="float"/>
            </accessor>
          </technique_common>
        </source>
        <source id="ComputerDesk1-mesh-map-0">
          <float_array id="ComputerDesk1-mesh-map-0-array" count="11676">0.477783 0.477539 0.474609 0.472412 0.479004 0.470215 0.474609 0.472412 0.477783 0.477539 0.474609 0.480957 0.474609 0.472412 0.474609 0.480957 0.457275 0.472412 0.418213 0.418701 0.457275 0.472412 0.439209 0.477539 0.418213 0.418701 0.439209 0.477539 0.394775 0.482178 0.439209 0.477539 0.457275 0.472412 0.408447 0.495361 0.439209 0.477539 0.408447 0.495361 0.394775 0.482178 0.408447 0.495361 0.457275 0.472412 0.474609 0.480957 0.394775 0.482178 0.408447 0.495361 0.360352 0.48999 0.360352 0.48999 0.408447 0.495361 0.392334 0.521973 0.392334 0.521973 0.408447 0.495361 0.397217 0.523438 0.397217 0.523438 0.408447 0.495361 0.474609 0.480957 0.392334 0.521973 0.397217 0.523438 0.390869 0.540039 0.390869 0.540039 0.397217 0.523438 0.396484 0.540039 0.390869 0.540039 0.396484 0.540039 0.356445 0.558105 0.356445 0.558105 0.396484 0.540039 0.39917 0.539795 0.39917 0.539795 0.396484 0.540039 0.397217 0.523438 0.39917 0.539795 0.397217 0.523438 0.474609 0.480957 0.39917 0.539795 0.474609 0.480957 0.455811 0.502441 0.455811 0.502441 0.474609 0.480957 0.47583 0.48584 0.39917 0.539795 0.455811 0.502441 0.439453 0.585205 0.455811 0.502441 0.47583 0.48584 0.517334 0.526123 0.455811 0.502441 0.517334 0.526123 0.439453 0.585205 0.439453 0.585205 0.517334 0.526123 0.493164 0.552979 0.439453 0.585205 0.493164 0.552979 0.438232 0.590088 0.438232 0.590088 0.493164 0.552979 0.442383 0.591309 0.442383 0.591309 0.493164 0.552979 0.494873 0.558838 0.494873 0.558838 0.493164 0.552979 0.517334 0.526123 0.442383 0.591309 0.494873 0.558838 0.459229 0.594971 0.459229 0.594971 0.494873 0.558838 0.515137 0.57666 0.515137 0.57666 0.494873 0.558838 0.516113 0.546631 0.516113 0.546631 0.494873 0.558838 0.522949 0.532959 0.522949 0.532959 0.494873 0.558838 0.517334 0.526123 0.522949 0.532959 0.517334 0.526123 0.557129 0.519775 0.557129 0.519775 0.522949 0.532959 0.530518 0.532715 0.69165 0.894775 0.696777 0.901367 0.689209 0.903076 0.689209 0.903076 0.696777 0.901367 0.706543 0.916016 0.696777 0.901367 0.69165 0.894775 0.699951 0.884766 0.69165 0.894775 0.689209 0.903076 0.674316 0.897705 0.699951 0.884766 0.69165 0.894775 0.67749 0.891602 0.69165 0.894775 0.67749 0.891602 0.674316 0.897705 0.67749 0.891602 0.699951 0.884766 0.690674 0.878174 0.690674 0.878174 0.67749 0.891602 0.68457 0.869873 0.67749 0.891602 0.674316 0.897705 0.671143 0.895264 0.671143 0.895264 0.67749 0.891602 0.674072 0.890381 0.671143 0.895264 0.674316 0.897705 0.612305 0.916992 0.557617 0.412598 0.561279 0.406006 0.557129 0.403076 0.557129 0.403076 0.557617 0.412598 0.536621 0.381592 0.557129 0.403076 0.561279 0.406006 0.564697 0.400879 0.557129 0.403076 0.536621 0.381592 0.542725 0.361084 0.557129 0.403076 0.542725 0.361084 0.564697 0.400879 0.542725 0.361084 0.536621 0.381592 0.540771 0.336426 0.615967 0.398926 0.565918 0.403809 0.564697 0.400879 0.615967 0.398926 0.564697 0.400879 0.616455 0.392822 0.564697 0.400879 0.542725 0.361084 0.55127 0.353027 0.616455 0.392822 0.564697 0.400879 0.586914 0.391602 0.586914 0.391602 0.564697 0.400879 0.55127 0.353027 0.55127 0.353027 0.542725 0.361084 0.554199 0.301025 0.55127 0.353027 0.554199 0.301025 0.586914 0.391602 0.554199 0.301025 0.542725 0.361084 0.540771 0.336426 0.616455 0.392822 0.586914 0.391602 0.622559 0.346436 0.622559 0.346436 0.586914 0.391602 0.554199 0.301025 0.616455 0.392822 0.622559 0.346436 0.618164 0.396729 0.554199 0.301025 0.540771 0.336426 0.547852 0.303711 0.547852 0.303711 0.540771 0.336426 0.511719 0.297119 0.554199 0.301025 0.547852 0.303711 0.526367 0.266357 0.622559 0.346436 0.554199 0.301025 0.625977 0.29541 0.622559 0.346436 0.625977 0.29541 0.629883 0.33252 0.622559 0.346436 0.629883 0.33252 0.618164 0.396729 0.618164 0.396729 0.629883 0.33252 0.63623 0.340576 0.63623 0.340576 0.629883 0.33252 0.650391 0.325195 0.618164 0.396729 0.63623 0.340576 0.627197 0.400635 0.627197 0.400635 0.63623 0.340576 0.640869 0.401611 0.640869 0.401611 0.63623 0.340576 0.65332 0.328857 0.640869 0.401611 0.65332 0.328857 0.723877 0.342773 0.045654 0.015625 0.040527 0.006836 0.034912 0.008545 0.045654 0.015625 0.034912 0.008545 0.03418 0.012207 0.045654 0.015625 0.040527 0.006836 0.054199 0.004639 0.045654 0.015625 0.054199 0.004639 0.060059 0.015381 0.761963 0.607422 0.790039 0.582275 0.794922 0.633789 0.761963 0.607422 0.794922 0.633789 0.731445 0.653809 0.731445 0.653809 0.794922 0.633789 0.823242 0.716309 0.794922 0.633789 0.790039 0.582275 0.803467 0.594238 0.803467 0.594238 0.790039 0.582275 0.803467 0.587402 0.794922 0.633789 0.803467 0.594238 0.806885 0.591064 0.111572 0.425049 0.077637 0.373047 0.097412 0.37207 0.111572 0.425049 0.097412 0.37207 0.135986 0.406982 0.111572 0.425049 0.135986 0.406982 0.124023 0.432617 0.111572 0.425049 0.077637 0.373047 0.081543 0.383545 0.081543 0.383545 0.111572 0.425049 0.111328 0.425537 0.081543 0.383545 0.111328 0.425537 0.074463 0.407959 0.074463 0.407959 0.111328 0.425537 0.100098 0.449219 0.989258 0.803955 0.990479 0.800049 0.973389 0.800049 0.973389 0.800049 0.989258 0.803955 0.975586 0.804443 0.979004 0.447021 0.984863 0.447754 0.984619 0.443115 0.984619 0.443115 0.979004 0.447021 0.979004 0.437744 0.984863 0.447754 0.979004 0.447021 0.984863 0.447754 0.557129 0.029053 0.601318 0.030762 0.60083 0.032227 0.60083 0.032227 0.601318 0.030762 0.638428 0.029541 0.638428 0.029541 0.601318 0.030762 0.557129 0.029053 0.011963 0.592773 0.013428 0.588379 0.021973 0.592041 0.897705 0.040039 0.906006 0.033936 0.935547 0.030029 0.935547 0.030029 0.897705 0.040039 0.933594 0.031006 0.933594 0.031006 0.897705 0.040039 0.897949 0.04126 0.897949 0.04126 0.933594 0.031006 0.900146 0.047607 0.900146 0.047607 0.933594 0.031006 0.945557 0.044434 0.892822 0.043457 0.890137 0.039307 0.897949 0.04126 0.892822 0.043457 0.897949 0.04126 0.900146 0.047607 0.900146 0.047607 0.945557 0.044434 0.90625 0.049316 0.892822 0.043457 0.900146 0.047607 0.888428 0.046875 0.892822 0.043457 0.888428 0.046875 0.868896 0.032227 0.868896 0.032227 0.888428 0.046875 0.886719 0.057129 0.886719 0.057129 0.888428 0.046875 0.889893 0.052734 0.886719 0.057129 0.889893 0.052734 0.890137 0.056641 0.888428 0.046875 0.900146 0.047607 0.89624 0.05249 0.888428 0.046875 0.89624 0.05249 0.889893 0.052734 0.889893 0.052734 0.89624 0.05249 0.890137 0.056641 0.900146 0.047607 0.89624 0.05249 0.90625 0.049316 0.890137 0.056641 0.89624 0.05249 0.894043 0.060547 0.894043 0.060547 0.89624 0.05249 0.90625 0.049316 0.894043 0.060547 0.90625 0.049316 0.901611 0.061279 0.157959 0.924805 0.150879 0.938965 0.133057 0.935547 0.133057 0.935547 0.150879 0.938965 0.131592 0.939453 0.133057 0.935547 0.157959 0.924805 0.133789 0.931641 0.133789 0.931641 0.133057 0.935547 0.132813 0.932373 0.133789 0.931641 0.132813 0.932373 0.126709 0.931152 0.126709 0.931152 0.133789 0.931641 0.125488 0.930664 0.133789 0.931641 0.125488 0.930664 0.131592 0.930664 0.133789 0.931641 0.157959 0.924805 0.160156 0.919922 0.133789 0.931641 0.131592 0.930664 0.126221 0.923096 0.133789 0.931641 0.126221 0.923096 0.131836 0.92627 0.131836 0.92627 0.126221 0.923096 0.131592 0.920654 0.131592 0.920654 0.126221 0.923096 0.135254 0.91333 0.131836 0.92627 0.131592 0.920654 0.136963 0.923096 0.131836 0.92627 0.136963 0.923096 0.133789 0.931641 0.136963 0.923096 0.131592 0.920654 0.135254 0.91333 0.143066 0.924072 0.160156 0.919922 0.133789 0.931641 0.143066 0.924072 0.133789 0.931641 0.136963 0.923096 0.143066 0.924072 0.136963 0.923096 0.135254 0.91333 0.160156 0.919922 0.143066 0.924072 0.146484 0.918945 0.143066 0.924072 0.135254 0.91333 0.140625 0.915771 0.140625 0.915771 0.143066 0.924072 0.146484 0.918945 0.189453 0.009521 0.232422 0.009033 0.221924 0.015381 0.189453 0.009521 0.232422 0.009033 0.232666 0.007813 0.338379 0.984619 0.337158 0.983154 0.342773 0.984863 0.337158 0.983154 0.342773 0.984863 0.397949 0.982422 0.716309 0.991211 0.696045 0.983398 0.697021 0.982666 0.716309 0.991211 0.697021 0.982666 0.701172 0.975586 0.696045 0.983398 0.716309 0.991211 0.730957 0.998779 0.696045 0.983398 0.730957 0.998779 0.687256 0.995361 0.281006 0.989014 0.281494 0.985596 0.342529 0.989746 0.775146 0.924072 0.727295 0.946289 0.727539 0.933594 0.727539 0.933594 0.727295 0.946289 0.717041 0.950195 0.717041 0.950195 0.727295 0.946289 0.726318 0.949707 0.717041 0.950195 0.726318 0.949707 0.719727 0.968018 0.727539 0.933594 0.717041 0.950195 0.7146 0.942871 0.7146 0.942871 0.727539 0.933594 0.718994 0.930664 0.718994 0.930664 0.7146 0.942871 0.710938 0.937012 0.718994 0.930664 0.710938 0.937012 0.71582 0.928711 0.71582 0.928711 0.710938 0.937012 0.681396 0.910156 0.901123 0.68335 0.895264 0.725342 0.891113 0.716309 0.891113 0.716309 0.895264 0.725342 0.908691 0.7854 0.891113 0.716309 0.908691 0.7854 0.903564 0.786621 0.891113 0.716309 0.903564 0.786621 0.842285 0.712891 0.842285 0.712891 0.903564 0.786621 0.827637 0.781738 0.06543 0.746826 0.08667 0.762451 0.072021 0.755615 0.072021 0.755615 0.08667 0.762451 0.084717 0.764893 0.084717 0.764893 0.08667 0.762451 0.087891 0.816406 0.08667 0.762451 0.06543 0.746826 0.090088 0.763184 0.090088 0.763184 0.06543 0.746826 0.099854 0.752686 0.48877 0.72168 0.483887 0.777832 0.486084 0.738037 0.486084 0.738037 0.483887 0.777832 0.481689 0.769775 0.483887 0.777832 0.481689 0.769775 0.480225 0.766357 0.480225 0.766357 0.483887 0.777832 0.412354 0.808105 0.483887 0.777832 0.48877 0.72168 0.508057 0.790771 0.483887 0.777832 0.508057 0.790771 0.560547 0.81958 0.560547 0.81958 0.508057 0.790771 0.559814 0.818604 0.002686 0.30542 0 0.321289 0.001465 0.279541 0.446533 0.141602 0.50415 0.14502 0.480957 0.146973 0.50415 0.14502 0.446533 0.141602 0.454102 0.13623 0.454102 0.13623 0.446533 0.141602 0.416992 0.136963 0.416992 0.136963 0.446533 0.141602 0.413574 0.158691 0.413574 0.158691 0.446533 0.141602 0.480957 0.146973 0.413574 0.158691 0.480957 0.146973 0.506104 0.192871 0.325439 0.617432 0.29834 0.57959 0.302246 0.583496 0.325439 0.617432 0.302246 0.583496 0.321777 0.576904 0.302246 0.583496 0.321777 0.576904 0.311523 0.577637 0.311523 0.577637 0.306396 0.569824 0.300781 0.574951 0.306396 0.569824 0.311523 0.577637 0.314697 0.570068 0.311523 0.577637 0.314697 0.570068 0.321777 0.576904 0.314697 0.570068 0.306396 0.569824 0.30835 0.563965 0.321777 0.576904 0.314697 0.570068 0.326416 0.571533 0.321777 0.576904 0.326416 0.571533 0.333252 0.575928 0.333252 0.575928 0.326416 0.571533 0.392578 0.555176 0.321777 0.576904 0.333252 0.575928 0.332031 0.586914 0.321777 0.576904 0.332031 0.586914 0.325439 0.617432 0.333252 0.575928 0.392578 0.555176 0.396729 0.560547 0.333252 0.575928 0.396729 0.560547 0.332031 0.586914 0.396729 0.560547 0.392578 0.555176 0.398926 0.556152 0.398926 0.556152 0.396729 0.560547 0.403809 0.555908 0.396729 0.560547 0.403809 0.555908 0.405029 0.56543 0.396729 0.560547 0.405029 0.56543 0.418213 0.671387 0.418213 0.671387 0.405029 0.56543 0.481934 0.645996 0.396729 0.560547 0.418213 0.671387 0.39502 0.57251 0.396729 0.560547 0.39502 0.57251 0.332031 0.586914 0.39502 0.57251 0.418213 0.671387 0.396729 0.609619 0.396729 0.609619 0.418213 0.671387 0.407227 0.64502 0.375 0.667725 0.351074 0.662598 0.407227 0.64502 0.407227 0.64502 0.351074 0.662598 0.380859 0.651123 0.380859 0.651123 0.351074 0.662598 0.343018 0.653564 0.343018 0.653564 0.351074 0.662598 0.334473 0.665039 0.407227 0.64502 0.380859 0.651123 0.403564 0.64209 0.403564 0.64209 0.380859 0.651123 0.343018 0.653564 0.407227 0.64502 0.403564 0.64209 0.396729 0.609619 0.343018 0.653564 0.334473 0.665039 0.338623 0.654785 0.403564 0.64209 0.343018 0.653564 0.381836 0.629395 0.403564 0.64209 0.381836 0.629395 0.396729 0.609619 0.343018 0.653564 0.338623 0.654785 0.340576 0.638672 0.343018 0.653564 0.340576 0.638672 0.381836 0.629395 0.381836 0.629395 0.340576 0.638672 0.338379 0.621582 0.338379 0.621582 0.340576 0.638672 0.338623 0.654785 0.381836 0.629395 0.338379 0.621582 0.396729 0.609619 0.338379 0.621582 0.338623 0.654785 0.325439 0.617432 0.325439 0.617432 0.338623 0.654785 0.329102 0.665283 0.338379 0.621582 0.325439 0.617432 0.332031 0.586914 0.396729 0.609619 0.338379 0.621582 0.339355 0.618652 0.338379 0.621582 0.339355 0.618652 0.332031 0.586914 0.396729 0.609619 0.339355 0.618652 0.394775 0.605225 0.394775 0.605225 0.396729 0.609619 0.39502 0.57251 0.339355 0.618652 0.332031 0.586914 0.333252 0.588867 0.392578 0.574707 0.332031 0.586914 0.39502 0.57251 0.332031 0.586914 0.392578 0.574707 0.333252 0.588867 0.392578 0.574707 0.39502 0.57251 0.394775 0.605225 0.339355 0.618652 0.333252 0.588867 0.369873 0.60083 0.369873 0.60083 0.333252 0.588867 0.392578 0.574707 0.339355 0.618652 0.369873 0.60083 0.394775 0.605225 0.394775 0.605225 0.369873 0.60083 0.392578 0.574707 0.988525 0.712402 0.987549 0.712402 0.987549 0.710449 0.988525 0.712402 0.987549 0.710449 0.990723 0.707031 0.990723 0.707031 0.988525 0.712402 0.991943 0.712402 0.990723 0.707031 0.987549 0.710449 0.985107 0.706787 0.987549 0.710449 0.985107 0.706787 0.987549 0.712402 0.985107 0.706787 0.987549 0.712402 0.977051 0.713135 0.985107 0.706787 0.977051 0.713135 0.977051 0.706787 0.978516 0.503174 0.98584 0.5 0.990234 0.503418 0.98584 0.5 0.978516 0.503174 0.978027 0.49585 0.98584 0.5 0.978027 0.49585 0.986572 0.495361 0.98584 0.5 0.986572 0.495361 0.990234 0.503418 0.990234 0.503418 0.986572 0.495361 0.990967 0.496338 0.700195 0.479736 0.709961 0.490723 0.706787 0.503906 0.709961 0.490723 0.700195 0.479736 0.712646 0.47998 0.712646 0.47998 0.700195 0.479736 0.707764 0.466309 0.712646 0.47998 0.707764 0.466309 0.77417 0.436523 0.707764 0.466309 0.700195 0.479736 0.684814 0.447998 0.684814 0.447998 0.700195 0.479736 0.644775 0.474854 0.77417 0.436523 0.707764 0.466309 0.766602 0.431152 0.684814 0.447998 0.644775 0.474854 0.658691 0.416748 0.658691 0.416748 0.644775 0.474854 0.614258 0.409668 0.707764 0.466309 0.684814 0.447998 0.688965 0.435059 0.688965 0.435059 0.684814 0.447998 0.658691 0.416748 0.77417 0.436523 0.766602 0.431152 0.777832 0.43042 0.766602 0.431152 0.707764 0.466309 0.708008 0.463135 0.766602 0.431152 0.708008 0.463135 0.762939 0.430664 0.708008 0.463135 0.707764 0.466309 0.693848 0.435059 0.693848 0.435059 0.707764 0.466309 0.688965 0.435059 0.762939 0.430664 0.708008 0.463135 0.723877 0.432129 0.723877 0.432129 0.708008 0.463135 0.693848 0.435059 0.762939 0.430664 0.723877 0.432129 0.733887 0.398926 0.733887 0.398926 0.723877 0.432129 0.693848 0.435059 0.762939 0.430664 0.733887 0.398926 0.766602 0.431152 0.733887 0.398926 0.693848 0.435059 0.73291 0.395264 0.73291 0.395264 0.733887 0.398926 0.766602 0.431152 0.73291 0.395264 0.693848 0.435059 0.688965 0.435059 0.766602 0.431152 0.73291 0.395264 0.777832 0.43042 0.73291 0.395264 0.688965 0.435059 0.682861 0.412842 0.777832 0.43042 0.73291 0.395264 0.72998 0.382324 0.72998 0.382324 0.73291 0.395264 0.682861 0.412842 0.777832 0.43042 0.72998 0.382324 0.730713 0.356934 0.777832 0.43042 0.730713 0.356934 0.762207 0.296387 0.72998 0.382324 0.682861 0.412842 0.725586 0.369629 0.682861 0.412842 0.688965 0.435059 0.675049 0.418701 0.675049 0.418701 0.688965 0.435059 0.658691 0.416748 0.725586 0.369629 0.682861 0.412842 0.666748 0.407959 0.666748 0.407959 0.682861 0.412842 0.675049 0.418701 0.72998 0.382324 0.725586 0.369629 0.726074 0.365479 0.726074 0.365479 0.725586 0.369629 0.666748 0.407959 0.72998 0.382324 0.726074 0.365479 0.730713 0.356934 0.730713 0.356934 0.726074 0.365479 0.72168 0.362549 0.730713 0.356934 0.72168 0.362549 0.725342 0.352539 0.726074 0.365479 0.666748 0.407959 0.663818 0.407227 0.663818 0.407227 0.666748 0.407959 0.675049 0.418701 0.726074 0.365479 0.663818 0.407227 0.72168 0.362549 0.663818 0.407227 0.675049 0.418701 0.658691 0.416748 0.72168 0.362549 0.663818 0.407227 0.657715 0.397949 0.657715 0.397949 0.663818 0.407227 0.658691 0.416748 0.820313 0.919922 0.714355 0.919922 0.791504 0.87207 0.01001 0.209473 0.010254 0.214844 0.018066 0.214355 0.018066 0.214355 0.01001 0.209473 0.019775 0.209717 0.988037 0.699463 0.978027 0.699219 0.97998 0.693848 0.988037 0.699463 0.97998 0.693848 0.98999 0.693359 0.126465 0.865234 0.128662 0.872559 0.123047 0.82959 0.123047 0.82959 0.126465 0.865234 0.11377 0.828857 0.123047 0.82959 0.11377 0.828857 0.122803 0.816162 0.122803 0.816162 0.11377 0.828857 0.115723 0.816895 0.122803 0.816162 0.123047 0.82959 0.123535 0.816895 0.123535 0.816895 0.123047 0.82959 0.128662 0.872559 0.128662 0.872559 0.123535 0.816895 0.135742 0.814209 0.128662 0.872559 0.135742 0.814209 0.135742 0.908447 0.057861 0.056152 0.050293 0.054932 0.062256 0.038818 0.050293 0.054932 0.057861 0.056152 0.017578 0.052734 0.050293 0.054932 0.017578 0.052734 0.01709 0.051514 0.062256 0.038818 0.050293 0.054932 0.020752 0.034912 0.020752 0.034912 0.050293 0.054932 0.01709 0.051514 0.062256 0.038818 0.020752 0.034912 0.063477 0.037109 0.01709 0.051514 0.017578 0.052734 0.01123 0.05542 0.01709 0.051514 0.01123 0.05542 0.020752 0.034912 0.063477 0.037109 0.020752 0.034912 0.016846 0.032471 0.016846 0.032471 0.020752 0.034912 0.01123 0.05542 0.063477 0.037109 0.016846 0.032471 0.065918 0.030762 0.016846 0.032471 0.01123 0.05542 0.013184 0.037842 0.013184 0.037842 0.01123 0.05542 0.012207 0.039063 0.065918 0.030762 0.016846 0.032471 0.019043 0.025879 0.019043 0.025879 0.065918 0.030762 0.066895 0.029297 0.016846 0.032471 0.019043 0.025879 0.01709 0.025391 0.066895 0.029297 0.019043 0.025879 0.0625 0.020508 0.019043 0.025879 0.01709 0.025391 0.018311 0.02002 0.019043 0.025879 0.018311 0.02002 0.0625 0.020508 0.004639 0.96875 0.00293 0.960205 0.005859 0.96875 0.00293 0.960205 0.005859 0.96875 0.010498 0.948242 0.960449 0.218262 0.97998 0.190674 0.987305 0.19873 0.987305 0.19873 0.97998 0.190674 0.985352 0.19043 0.960449 0.218262 0.987305 0.19873 0.976318 0.217773 0.976318 0.217773 0.987305 0.19873 0.977051 0.217773 0.977051 0.217773 0.987305 0.19873 0.989502 0.200439 0.814941 0.987549 0.839111 0.996094 0.832031 0.998047 0.814941 0.987549 0.832031 0.998047 0.815186 0.989502 0.839111 0.996094 0.814941 0.987549 0.833984 0.980225 0.833984 0.980225 0.814941 0.987549 0.811768 0.980225 0.035645 0.945068 0.005859 0.96875 0.010498 0.948242 0.005859 0.96875 0.035645 0.945068 0.031738 0.966797 0.035645 0.945068 0.010498 0.948242 0.003174 0.924561 0.035645 0.945068 0.003174 0.924561 0.003174 0.92334 0.035645 0.945068 0.003174 0.92334 0.037842 0.942139 0.960205 0.846924 0.993652 0.856201 0.988525 0.86377 0.993652 0.856201 0.960205 0.846924 0.976807 0.850342 0.976807 0.850342 0.993652 0.856201 0.993652 0.854736 0.976807 0.850342 0.960205 0.846924 0.960205 0.844971 0.976807 0.850342 0.960205 0.844971 0.993652 0.854736 0.01416 0.067383 0.035889 0.066162 0.036865 0.060059 0.087402 0.854004 0.091309 0.874756 0.07666 0.874512 0.087402 0.854004 0.07666 0.874512 0.068848 0.855225 0.087402 0.854004 0.068848 0.855225 0.087158 0.852783 0.087158 0.852783 0.068848 0.855225 0.068359 0.853027 0.087158 0.852783 0.068359 0.853027 0.074219 0.846191 0.087158 0.852783 0.074219 0.846191 0.092041 0.846924 0.092041 0.846924 0.074219 0.846191 0.078369 0.807861 0.137695 0.944092 0.134766 0.94873 0.131592 0.939453 0.134766 0.94873 0.137695 0.944092 0.138184 0.947998 0.137695 0.944092 0.131592 0.939453 0.144775 0.943604 0.137695 0.944092 0.144775 0.943604 0.138184 0.947998 0.144775 0.943604 0.131592 0.939453 0.150879 0.938965 0.138184 0.947998 0.144775 0.943604 0.144043 0.948975 0.144775 0.943604 0.150879 0.938965 0.150879 0.953857 0.144775 0.943604 0.150879 0.953857 0.144043 0.948975 0.144043 0.948975 0.150879 0.953857 0.138184 0.947998 0.138184 0.947998 0.150879 0.953857 0.174316 0.971924 0.150879 0.953857 0.150879 0.938965 0.151855 0.939941 0.150879 0.953857 0.151855 0.939941 0.156982 0.947998 0.970459 0.67041 0.969238 0.670654 0.968994 0.666504 0.970459 0.67041 0.968994 0.666504 0.984863 0.668945 0.984863 0.668945 0.968994 0.666504 0.98291 0.666748 0.968994 0.666504 0.969238 0.670654 0.967285 0.666016 0.952148 0.672363 0.969238 0.670654 0.939941 0.702393 0.969238 0.670654 0.952148 0.672363 0.955811 0.656982 0.969238 0.670654 0.955811 0.656982 0.967285 0.666016 0.967285 0.666016 0.955811 0.656982 0.95874 0.65625 0.95874 0.65625 0.955811 0.656982 0.936035 0.608398 0.936035 0.608398 0.955811 0.656982 0.950928 0.656982 0.045898 0.753418 0.064697 0.73877 0.061279 0.740234 0.061279 0.740234 0.045898 0.753418 0.038574 0.749023 0.061279 0.740234 0.064697 0.73877 0.086426 0.723145 0.061279 0.740234 0.038574 0.749023 0.03833 0.68042 0.086426 0.723145 0.061279 0.740234 0.091064 0.717529 0.091064 0.717529 0.061279 0.740234 0.03833 0.68042 0.607178 0.13208 0.662354 0.164063 0.607178 0.185547 0.662354 0.164063 0.607178 0.13208 0.606934 0.130615 0.662354 0.164063 0.606934 0.130615 0.664063 0.163574 0.664063 0.163574 0.606934 0.130615 0.670166 0.162598 0.670166 0.162598 0.606934 0.130615 0.599365 0.122559 0.670166 0.162598 0.599365 0.122559 0.599854 0.105225 0.670166 0.162598 0.599854 0.105225 0.698486 0.112549 0.705322 0.031982 0.785156 0.04248 0.711914 0.050293 0.785156 0.04248 0.705322 0.031982 0.749023 0.032959 0.761963 0.974365 0.760986 0.985352 0.729004 0.990967 0.760986 0.985352 0.761963 0.974365 0.787109 0.988281 0.761963 0.974365 0.729004 0.990967 0.777344 0.964111 0.777344 0.964111 0.729004 0.990967 0.728516 0.98999 0.777344 0.964111 0.728516 0.98999 0.729492 0.958252 0.032959 0.520264 0.085205 0.555176 0.035156 0.592041 0.035156 0.592041 0.085205 0.555176 0.070068 0.57251 0.988525 0.719971 0.984375 0.725098 0.977295 0.719727 0.977295 0.719727 0.984375 0.725098 0.978271 0.727295 0.977295 0.719727 0.978271 0.727295 0.974854 0.730957 0.988525 0.719971 0.984375 0.725098 0.984619 0.727295 0.984375 0.725098 0.984619 0.727295 0.978271 0.727295 0.978271 0.727295 0.984619 0.727295 0.974854 0.730957 0.984619 0.727295 0.988525 0.719971 0.989014 0.733154 0.984619 0.727295 0.989014 0.733154 0.974854 0.730957 0.989014 0.733154 0.974854 0.730957 0.979248 0.736328 0.023438 0.274658 0.016113 0.274902 0.017822 0.268066 0.023438 0.274658 0.017822 0.268066 0.025879 0.265869 0.017822 0.268066 0.016113 0.274902 0.01001 0.267578 0.017822 0.268066 0.01001 0.267578 0.016846 0.266113 0.605469 0.708984 0.611328 0.67749 0.61499 0.720215 0.605469 0.708984 0.61499 0.720215 0.604736 0.713867 0.604736 0.713867 0.61499 0.720215 0.605469 0.727539 0.604736 0.713867 0.605469 0.727539 0.591797 0.734375 0.605469 0.727539 0.61499 0.720215 0.618164 0.723633 0.605469 0.727539 0.618164 0.723633 0.591309 0.745117 0.591309 0.745117 0.618164 0.723633 0.657471 0.769531 0.591797 0.734375 0.605469 0.727539 0.587646 0.73877 0.587646 0.73877 0.605469 0.727539 0.591309 0.745117 0.591797 0.734375 0.587646 0.73877 0.531982 0.767822 0.587646 0.73877 0.591309 0.745117 0.556152 0.758545 0.587646 0.73877 0.556152 0.758545 0.531982 0.767822 0.789307 0.167725 0.793457 0.239502 0.759766 0.209717 0.759766 0.209717 0.793457 0.239502 0.795898 0.27002 0.793457 0.239502 0.789307 0.167725 0.790527 0.167236 0.793457 0.239502 0.790527 0.167236 0.795898 0.27002 0.795898 0.27002 0.790527 0.167236 0.797119 0.270996 0.797119 0.270996 0.790527 0.167236 0.799805 0.245605 0.799805 0.245605 0.790527 0.167236 0.794434 0.16333 0.799805 0.245605 0.794434 0.16333 0.843994 0.160156 0.799805 0.245605 0.843994 0.160156 0.839111 0.27124 0.564453 0.740479 0.553223 0.73999 0.562744 0.669922 0.564453 0.740479 0.562744 0.669922 0.569824 0.738281 0.569824 0.738281 0.562744 0.669922 0.569336 0.688232 0.562744 0.669922 0.569336 0.688232 0.57373 0.64624 0.562744 0.669922 0.553223 0.73999 0.543457 0.668701 0.562744 0.669922 0.543457 0.668701 0.572998 0.643311 0.543457 0.668701 0.553223 0.73999 0.513916 0.733887 0.543457 0.668701 0.513916 0.733887 0.50415 0.646729 0.50415 0.646729 0.513916 0.733887 0.46582 0.659424 0.46582 0.659424 0.513916 0.733887 0.438232 0.672363 0.119385 0.189453 0.121582 0.297119 0.111572 0.279297 0.121582 0.297119 0.119385 0.189453 0.125 0.296875 0.687744 0.057861 0.606934 0.058594 0.640625 0.057617 0.640625 0.057617 0.606934 0.058594 0.606934 0.056885 0.057861 0.411133 0.024658 0.424561 0.006104 0.411377 0.006104 0.411377 0.024658 0.424561 0.004395 0.415527 0.004395 0.415527 0.024658 0.424561 0.00293 0.417969 0.00293 0.417969 0.024658 0.424561 0.030762 0.435303 0.00293 0.417969 0.030762 0.435303 0.010254 0.437256 0.405029 0.774902 0.346436 0.882813 0.358154 0.774902 0.346436 0.882813 0.405029 0.774902 0.405273 0.882568 0.405273 0.882568 0.405029 0.774902 0.412842 0.869629 0.279053 0.045166 0.365723 0.039063 0.283691 0.05127 0.365723 0.039063 0.279053 0.045166 0.281982 0.039063 0.587402 0.165771 0.572754 0.134033 0.5896 0.140625 0.572754 0.134033 0.587402 0.165771 0.576904 0.158691 0.5896 0.140625 0.572754 0.134033 0.574951 0.108887 0.574951 0.108887 0.5896 0.140625 0.58252 0.123291 0.572754 0.134033 0.576904 0.158691 0.552734 0.10791 0.552734 0.10791 0.576904 0.158691 0.577881 0.164307 0.552734 0.10791 0.577881 0.164307 0.554199 0.115479 0.554199 0.115479 0.577881 0.164307 0.522949 0.165283 0.554199 0.115479 0.522949 0.165283 0.491455 0.107178 0.796875 0.924561 0.800293 0.94043 0.733154 0.950439 0.733154 0.950439 0.800293 0.94043 0.761719 0.956787 0.761719 0.956787 0.800293 0.94043 0.796143 0.94751 0.016846 0.075439 0.012939 0.072266 0.023926 0.072266 0.01123 0.124756 0.013672 0.121094 0.024658 0.124268 0.825195 0.835449 0.868652 0.808838 0.825439 0.840576 0.868652 0.808838 0.825195 0.835449 0.876221 0.799316 0.876221 0.799316 0.825195 0.835449 0.863037 0.792236 0.863037 0.792236 0.825195 0.835449 0.806885 0.828857 0.863037 0.792236 0.806885 0.828857 0.82959 0.789063 0.825439 0.840576 0.868652 0.808838 0.858643 0.842285 0.825439 0.840576 0.858643 0.842285 0.856689 0.848389 0.856689 0.848389 0.858643 0.842285 0.877197 0.892578 0.858643 0.842285 0.868652 0.808838 0.868896 0.824463 0.868896 0.824463 0.858643 0.842285 0.863525 0.839844 0.863525 0.839844 0.868896 0.824463 0.869385 0.84082 0.863525 0.839844 0.858643 0.842285 0.860107 0.845459 0.860107 0.845459 0.863525 0.839844 0.87085 0.843506 0.318848 0.231934 0.312256 0.229248 0.318115 0.22583 0.318848 0.231934 0.318115 0.22583 0.374756 0.194336 0.318848 0.231934 0.374756 0.194336 0.320313 0.257568 0.312256 0.229248 0.318848 0.231934 0.310059 0.241699 0.310059 0.241699 0.318848 0.231934 0.320313 0.257568 0.312256 0.229248 0.310059 0.241699 0.25 0.213379 0.25 0.213379 0.310059 0.241699 0.261475 0.238037 0.261475 0.238037 0.310059 0.241699 0.263184 0.260498 0.263184 0.260498 0.310059 0.241699 0.307617 0.265381 0.307617 0.265381 0.310059 0.241699 0.320313 0.257568 0.263184 0.260498 0.307617 0.265381 0.275391 0.273682 0.307617 0.265381 0.320313 0.257568 0.333008 0.287598 0.333008 0.287598 0.320313 0.257568 0.35376 0.302979 0.307617 0.265381 0.333008 0.287598 0.30835 0.280762 0.307617 0.265381 0.30835 0.280762 0.275391 0.273682 0.30835 0.280762 0.333008 0.287598 0.330811 0.29541 0.30835 0.280762 0.330811 0.29541 0.308838 0.287354 0.308838 0.287354 0.30835 0.280762 0.302246 0.290283 0.275391 0.273682 0.30835 0.280762 0.28418 0.287598 0.28418 0.287598 0.30835 0.280762 0.302246 0.290283 0.275391 0.273682 0.28418 0.287598 0.252686 0.290283 0.28418 0.287598 0.302246 0.290283 0.251953 0.343262 0.041748 0.059814 0.041748 0.129883 0.03833 0.109863 0.306152 0.93042 0.312256 0.937744 0.380615 0.931396 0.865479 0.200928 0.87207 0.200195 0.866455 0.188232 0.865479 0.200928 0.866455 0.188232 0.859375 0.199463 0.859375 0.199463 0.866455 0.188232 0.850586 0.194824 0.859375 0.199463 0.865479 0.200928 0.860107 0.256104 0.860107 0.256104 0.859375 0.199463 0.856201 0.26001 0.860107 0.256104 0.865479 0.200928 0.866943 0.253662 0.866943 0.253662 0.865479 0.200928 0.888428 0.206543 0.866943 0.253662 0.888428 0.206543 0.89502 0.216064 0.866943 0.253662 0.89502 0.216064 0.896484 0.246338 0.866943 0.253662 0.896484 0.246338 0.880615 0.266113 0.866943 0.253662 0.880615 0.266113 0.860107 0.256104 0.860107 0.256104 0.880615 0.266113 0.856201 0.26001 0.856201 0.26001 0.880615 0.266113 0.878418 0.290283 0.856201 0.26001 0.878418 0.290283 0.860596 0.278076 0.856201 0.26001 0.860596 0.278076 0.849121 0.27002 0.860596 0.278076 0.878418 0.290283 0.848633 0.276367 0.860596 0.278076 0.848633 0.276367 0.849121 0.27002 0.969971 0.680908 0.974854 0.68457 0.968506 0.744141 0.969971 0.680908 0.968506 0.744141 0.925049 0.742432 0.217529 0.759277 0.244629 0.778809 0.216553 0.762939 0.244629 0.778809 0.217529 0.759277 0.266602 0.773926 0.216553 0.762939 0.244629 0.778809 0.208496 0.763428 0.216553 0.762939 0.208496 0.763428 0.217529 0.759277 0.208496 0.763428 0.244629 0.778809 0.20166 0.786133 0.208496 0.763428 0.20166 0.786133 0.191162 0.787354 0.191162 0.787354 0.208496 0.763428 0.185303 0.790283 0.208496 0.763428 0.185303 0.790283 0.167969 0.764404 0.217529 0.759277 0.208496 0.763428 0.188232 0.718506 0.208496 0.763428 0.167969 0.764404 0.159424 0.736816 0.208496 0.763428 0.159424 0.736816 0.188232 0.718506 0.188232 0.718506 0.159424 0.736816 0.165527 0.700928 0.169922 0.08667 0.1875 0.060547 0.203125 0.074463 0.1875 0.060547 0.169922 0.08667 0.174072 0.076172 0.1875 0.060547 0.174072 0.076172 0.197021 0.039063 0.197021 0.039063 0.1875 0.060547 0.205811 0.029053 0.1875 0.060547 0.205811 0.029053 0.203125 0.074463 0.203125 0.074463 0.205811 0.029053 0.223633 0.045898 0.203125 0.074463 0.223633 0.045898 0.219238 0.076416 0.231201 0.030762 0.223633 0.045898 0.227051 0.033691 0.223633 0.045898 0.231201 0.030762 0.233398 0.046631 0.223633 0.045898 0.233398 0.046631 0.219238 0.076416 0.233398 0.046631 0.231201 0.030762 0.231934 0.029785 0.219238 0.083008 0.219238 0.076416 0.227295 0.098389 0.227295 0.098389 0.219238 0.076416 0.226318 0.077393 0.226318 0.077393 0.219238 0.076416 0.233398 0.046631 0.227295 0.098389 0.226318 0.077393 0.233643 0.093994 0.226318 0.077393 0.233398 0.046631 0.240723 0.063721 0.226318 0.077393 0.240723 0.063721 0.233643 0.093994 0.240723 0.063721 0.233398 0.046631 0.27417 0.042969 0.240723 0.063721 0.27417 0.042969 0.263428 0.058838 0.240723 0.063721 0.263428 0.058838 0.262451 0.064453 0.240723 0.063721 0.262451 0.064453 0.249268 0.069824 0.240723 0.063721 0.249268 0.069824 0.246338 0.090088 0.240723 0.063721 0.246338 0.090088 0.233643 0.093994 0.233643 0.093994 0.246338 0.090088 0.248047 0.10376 0.248047 0.10376 0.233643 0.093994 0.251221 0.110352 0.248047 0.10376 0.246338 0.090088 0.254883 0.106201 0.248047 0.10376 0.254883 0.106201 0.251221 0.110352 0.911865 0.266357 0.945313 0.273193 0.964355 0.306396 0.911865 0.266357 0.964355 0.306396 0.912109 0.294678 0.912109 0.294678 0.964355 0.306396 0.953613 0.314697 0.964355 0.306396 0.945313 0.273193 0.959961 0.289795 0.964355 0.306396 0.959961 0.289795 0.985107 0.323975 0.985107 0.323975 0.959961 0.289795 0.9646 0.289551 0.9646 0.289551 0.959961 0.289795 0.945313 0.273193 0.9646 0.289551 0.945313 0.273193 0.943604 0.265869 0.9646 0.289551 0.943604 0.265869 0.988037 0.243652 0.872314 0.158447 0.875488 0.153809 0.9021 0.211914 0.875488 0.153809 0.872314 0.158447 0.843994 0.115967 0.875488 0.153809 0.843994 0.115967 0.902344 0.110107 0.843994 0.115967 0.872314 0.158447 0.838379 0.121582 0.838379 0.121582 0.872314 0.158447 0.844971 0.149658 0.838379 0.121582 0.844971 0.149658 0.820801 0.156494 0.844971 0.149658 0.872314 0.158447 0.853271 0.163818 0.069336 0.784912 0.044922 0.784912 0.076172 0.765869 0.076172 0.765869 0.044922 0.784912 0.030029 0.766846 0.044922 0.784912 0.069336 0.784912 0.066162 0.790771 0.044922 0.784912 0.066162 0.790771 0.046387 0.798828 0.046387 0.798828 0.066162 0.790771 0.075195 0.802002 0.046387 0.798828 0.075195 0.802002 0.033936 0.811523 0.033936 0.811523 0.075195 0.802002 0.04834 0.827637 0.584229 0.203857 0.511475 0.169434 0.592041 0.196045 0.584229 0.203857 0.592041 0.196045 0.597656 0.19873 0.597656 0.19873 0.592041 0.196045 0.604248 0.193115 0.604248 0.193115 0.592041 0.196045 0.576172 0.169434 0.584229 0.203857 0.597656 0.19873 0.609375 0.220703 0.609375 0.220703 0.597656 0.19873 0.604248 0.193115 0.584229 0.203857 0.609375 0.220703 0.568848 0.289307 0.568848 0.289307 0.609375 0.220703 0.604004 0.257568 0.609375 0.220703 0.604248 0.193115 0.616699 0.217529 0.609375 0.220703 0.616699 0.217529 0.604004 0.257568 0.616699 0.217529 0.604248 0.193115 0.669922 0.170654 0.604004 0.257568 0.616699 0.217529 0.628174 0.285889 0.604004 0.257568 0.628174 0.285889 0.616211 0.291016 0.616699 0.217529 0.669922 0.170654 0.664551 0.193115 0.628174 0.285889 0.616699 0.217529 0.625977 0.225586 0.625977 0.225586 0.616699 0.217529 0.664551 0.193115 0.628174 0.285889 0.625977 0.225586 0.644043 0.317139 0.644043 0.317139 0.625977 0.225586 0.634521 0.226074 0.634521 0.226074 0.625977 0.225586 0.664551 0.193115 0.644043 0.317139 0.634521 0.226074 0.653076 0.309326 0.634521 0.226074 0.664551 0.193115 0.723633 0.206055 0.634521 0.226074 0.723633 0.206055 0.653076 0.309326 0.653076 0.309326 0.723633 0.206055 0.720947 0.287842 0.720947 0.287842 0.723633 0.206055 0.763428 0.285645 0.723633 0.206055 0.664551 0.193115 0.72998 0.191406 0.763428 0.285645 0.723633 0.206055 0.77832 0.258545 0.77832 0.258545 0.723633 0.206055 0.72998 0.191406 0.77832 0.258545 0.72998 0.191406 0.739746 0.187012 0.800537 0.042725 0.770508 0.028809 0.848389 0.03125 0.046387 0.106445 0.053955 0.063232 0.055664 0.129395 0.422363 0.225586 0.425049 0.169434 0.543701 0.241455 0.425049 0.169434 0.422363 0.225586 0.416748 0.22168 0.422363 0.225586 0.543701 0.241455 0.471436 0.286133 0.422363 0.225586 0.471436 0.286133 0.418945 0.245361 0.416748 0.22168 0.422363 0.225586 0.38916 0.281982 0.38916 0.281982 0.422363 0.225586 0.418945 0.245361 0.418945 0.245361 0.471436 0.286133 0.39209 0.285645 0.418945 0.245361 0.39209 0.285645 0.38916 0.281982 0.39209 0.285645 0.471436 0.286133 0.453125 0.36377 0.39209 0.285645 0.453125 0.36377 0.442383 0.366455 0.39209 0.285645 0.442383 0.366455 0.386475 0.29126 0.39209 0.285645 0.386475 0.29126 0.38916 0.281982 0.386475 0.29126 0.442383 0.366455 0.420654 0.371094 0.386475 0.29126 0.420654 0.371094 0.36377 0.305176 0.386475 0.29126 0.36377 0.305176 0.357666 0.295654 0.386475 0.29126 0.357666 0.295654 0.357178 0.288574 0.386475 0.29126 0.357178 0.288574 0.38916 0.281982 0.38916 0.281982 0.357178 0.288574 0.39917 0.244629 0.38916 0.281982 0.39917 0.244629 0.416748 0.22168 0.39917 0.244629 0.357178 0.288574 0.355957 0.234863 0.416748 0.22168 0.39917 0.244629 0.395996 0.187744 0.395996 0.187744 0.39917 0.244629 0.355957 0.234863 0.654053 0.697754 0.751221 0.697754 0.621826 0.710449 0.621826 0.710449 0.751221 0.697754 0.628418 0.714355 0.628418 0.714355 0.751221 0.697754 0.671631 0.729248 0.936035 0.98291 0.969727 0.974365 0.98584 0.994873 0.936035 0.98291 0.98584 0.994873 0.943359 0.995117 0.936035 0.98291 0.943359 0.995117 0.927979 0.976563 0.341064 0.843262 0.342529 0.869873 0.324219 0.852783 0.341064 0.843262 0.324219 0.852783 0.332275 0.822754 0.332275 0.822754 0.324219 0.852783 0.300781 0.845947 0.300781 0.845947 0.324219 0.852783 0.295166 0.856689 0.332275 0.822754 0.300781 0.845947 0.271729 0.83374 0.332275 0.822754 0.271729 0.83374 0.338135 0.794678 0.338135 0.794678 0.271729 0.83374 0.229004 0.803467 0.338135 0.794678 0.229004 0.803467 0.241943 0.795654 0.271729 0.83374 0.300781 0.845947 0.278564 0.844727 0.278564 0.844727 0.300781 0.845947 0.295166 0.856689 0.271729 0.83374 0.278564 0.844727 0.252197 0.852783 0.278564 0.844727 0.295166 0.856689 0.278809 0.854492 0.278564 0.844727 0.278809 0.854492 0.252197 0.852783 0.697021 0.13623 0.758301 0.180176 0.675049 0.186768 0.758301 0.180176 0.697021 0.13623 0.780273 0.142334 0.883057 0.447754 0.919678 0.454102 0.916504 0.507568 0.919678 0.454102 0.883057 0.447754 0.928467 0.421631 0.928467 0.421631 0.883057 0.447754 0.893311 0.434082 0.893311 0.434082 0.883057 0.447754 0.875977 0.446533 0.875977 0.446533 0.883057 0.447754 0.854248 0.460693 0.893311 0.434082 0.875977 0.446533 0.892334 0.431396 0.893311 0.434082 0.892334 0.431396 0.896484 0.394775 0.875977 0.446533 0.854248 0.460693 0.872803 0.436523 0.875977 0.446533 0.872803 0.436523 0.892334 0.431396 0.896484 0.394775 0.892334 0.431396 0.890625 0.416992 0.890625 0.416992 0.892334 0.431396 0.872803 0.436523 0.872803 0.436523 0.854248 0.460693 0.849609 0.456787 0.890625 0.416992 0.872803 0.436523 0.878174 0.42749 0.872803 0.436523 0.849609 0.456787 0.848633 0.456787 0.848633 0.456787 0.872803 0.436523 0.878174 0.42749 0.878174 0.42749 0.848633 0.456787 0.851318 0.437988 0.851318 0.437988 0.848633 0.456787 0.841797 0.452148 0.851318 0.437988 0.841797 0.452148 0.843018 0.436768 0.015625 0.810791 0.009277 0.838623 0.00293 0.834961 0.009277 0.838623 0.015625 0.810791 0.015625 0.835693 0.009277 0.838623 0.015625 0.835693 0.01001 0.862549 0.015625 0.835693 0.015625 0.810791 0.02417 0.815674 0.01001 0.862549 0.015625 0.835693 0.011475 0.862793 0.015625 0.835693 0.02417 0.815674 0.01709 0.835205 0.01709 0.835205 0.02417 0.815674 0.038818 0.829346 0.011475 0.862793 0.015625 0.835693 0.018555 0.840088 0.018555 0.840088 0.015625 0.835693 0.01709 0.835205 0.018555 0.840088 0.01709 0.835205 0.038818 0.829346 0.011475 0.862793 0.018555 0.840088 0.027832 0.857422 0.027832 0.857422 0.018555 0.840088 0.039307 0.854736 0.039307 0.854736 0.018555 0.840088 0.038818 0.829346 0.039307 0.854736 0.038818 0.829346 0.057129 0.8396 0.225586 0.103271 0.235352 0.152588 0.214844 0.197754 0.225586 0.103271 0.214844 0.197754 0.214844 0.143555 0.962646 0.75415 0.926025 0.75415 0.942383 0.749023 0.849121 0.413086 0.84375 0.381592 0.844971 0.403564 0.84375 0.381592 0.844971 0.403564 0.836426 0.387207 0.836426 0.387207 0.844971 0.403564 0.833252 0.393555 0.833252 0.393555 0.844971 0.403564 0.852783 0.431396 0.836426 0.387207 0.833252 0.393555 0.812012 0.38208 0.812012 0.38208 0.833252 0.393555 0.806641 0.383545 0.806641 0.383545 0.833252 0.393555 0.785645 0.388184 0.836426 0.387207 0.812012 0.38208 0.80542 0.371338 0.836426 0.387207 0.80542 0.371338 0.84375 0.381592 0.84375 0.381592 0.80542 0.371338 0.843506 0.376953 0.84375 0.381592 0.843506 0.376953 0.852783 0.392334 0.852783 0.392334 0.843506 0.376953 0.868408 0.374756 0.868408 0.374756 0.843506 0.376953 0.848877 0.37207 0.843506 0.376953 0.80542 0.371338 0.833008 0.362793 0.843506 0.376953 0.833008 0.362793 0.848877 0.37207 0.833008 0.362793 0.80542 0.371338 0.833496 0.344971 0.848877 0.37207 0.833008 0.362793 0.848633 0.366699 0.833008 0.362793 0.833496 0.344971 0.837402 0.35083 0.848633 0.366699 0.833008 0.362793 0.840576 0.357666 0.840576 0.357666 0.833008 0.362793 0.837402 0.35083 0.840576 0.357666 0.837402 0.35083 0.846924 0.303711 0.735596 0.794434 0.710449 0.785889 0.724365 0.796143 0.710449 0.785889 0.724365 0.796143 0.713379 0.797363 0.710449 0.785889 0.713379 0.797363 0.705322 0.806152 0.735596 0.794434 0.710449 0.785889 0.728271 0.759766 0.713379 0.797363 0.724365 0.796143 0.719238 0.811523 0.713379 0.797363 0.719238 0.811523 0.705322 0.806152 0.719238 0.811523 0.724365 0.796143 0.735596 0.794434 0.735596 0.794434 0.728271 0.759766 0.772217 0.789307 0.772217 0.789307 0.728271 0.759766 0.754639 0.765381 0.735596 0.794434 0.772217 0.789307 0.756592 0.809814 0.735596 0.794434 0.756592 0.809814 0.719238 0.811523 0.705322 0.806152 0.719238 0.811523 0.719971 0.828857 0.719971 0.828857 0.719238 0.811523 0.756592 0.809814 0.705322 0.806152 0.719971 0.828857 0.693115 0.822266 0.693115 0.822266 0.719971 0.828857 0.690186 0.86499 0.693115 0.822266 0.690186 0.86499 0.690674 0.822266 0.690186 0.86499 0.719971 0.828857 0.725586 0.873779 0.690674 0.822266 0.690186 0.86499 0.683838 0.855225 0.690674 0.822266 0.683838 0.855225 0.677246 0.808838 0.677246 0.808838 0.683838 0.855225 0.675537 0.85083 0.675537 0.85083 0.683838 0.855225 0.67041 0.853027 0.67041 0.853027 0.683838 0.855225 0.660889 0.875732 0.725586 0.873779 0.719971 0.828857 0.726074 0.850586 0.719971 0.828857 0.72876 0.827637 0.756592 0.809814 0.719971 0.828857 0.72876 0.827637 0.726074 0.850586 0.72876 0.827637 0.756592 0.809814 0.757568 0.813965 0.726074 0.850586 0.72876 0.827637 0.736084 0.832275 0.736084 0.832275 0.72876 0.827637 0.757568 0.813965 0.726074 0.850586 0.736084 0.832275 0.746582 0.846436 0.746582 0.846436 0.736084 0.832275 0.757568 0.813965 0.726074 0.850586 0.746582 0.846436 0.750732 0.865723 0.746582 0.846436 0.757568 0.813965 0.770264 0.854492 0.535645 0.918213 0.541504 0.931641 0.516357 0.919434 0.535645 0.918213 0.516357 0.919434 0.509033 0.914795 0.516357 0.919434 0.541504 0.931641 0.515869 0.927246 0.509033 0.914795 0.509766 0.911865 0.504395 0.907471 0.504395 0.907471 0.509033 0.914795 0.50293 0.90918 0.509033 0.914795 0.516357 0.919434 0.507324 0.918457 0.509033 0.914795 0.507324 0.918457 0.50293 0.90918 0.507324 0.918457 0.516357 0.919434 0.515869 0.927246 0.507324 0.918457 0.50293 0.90918 0.50293 0.916992 0.50293 0.916992 0.507324 0.918457 0.515869 0.927246 0.531006 0.938232 0.515869 0.927246 0.541504 0.931641 0.50293 0.916992 0.515869 0.927246 0.477295 0.93042 0.477295 0.93042 0.515869 0.927246 0.484375 0.943848 0.484375 0.943848 0.515869 0.927246 0.531006 0.938232 0.50293 0.916992 0.477295 0.93042 0.475586 0.923828 0.484375 0.943848 0.531006 0.938232 0.48291 0.945557 0.50293 0.916992 0.475586 0.923828 0.483887 0.918457 0.50293 0.916992 0.483887 0.918457 0.502686 0.914307 0.502686 0.914307 0.483887 0.918457 0.499268 0.904785 0.499268 0.904785 0.483887 0.918457 0.470459 0.904053 0.48291 0.945557 0.531006 0.938232 0.512451 0.942139 0.512451 0.942139 0.531006 0.938232 0.540771 0.938965 0.48291 0.945557 0.512451 0.942139 0.483643 0.957031 0.512451 0.942139 0.540771 0.938965 0.54248 0.954102 0.512451 0.942139 0.54248 0.954102 0.483643 0.957031 0.483643 0.957031 0.54248 0.954102 0.514648 0.968018 0.483643 0.957031 0.514648 0.968018 0.475586 0.965332 0.4375 0.858154 0.443115 0.863037 0.431152 0.862549 0.431152 0.862549 0.443115 0.863037 0.434326 0.893799 0.431152 0.862549 0.434326 0.893799 0.419922 0.88208 0.434326 0.893799 0.443115 0.863037 0.456299 0.899658 0.456299 0.899658 0.443115 0.863037 0.475342 0.893311 0.434326 0.893799 0.456299 0.899658 0.44043 0.907471 0.44043 0.907471 0.456299 0.899658 0.463623 0.916016 0.44043 0.907471 0.463623 0.916016 0.442383 0.918945 0.44043 0.907471 0.442383 0.918945 0.422119 0.920654 0.434326 0.893799 0.44043 0.907471 0.429199 0.900146 0.429199 0.900146 0.44043 0.907471 0.422119 0.920654 0.434326 0.893799 0.429199 0.900146 0.419922 0.88208 0.429199 0.900146 0.422119 0.920654 0.409424 0.914063 0.429199 0.900146 0.409424 0.914063 0.390137 0.908936 0.429199 0.900146 0.390137 0.908936 0.419922 0.88208 0.419922 0.88208 0.390137 0.908936 0.359131 0.915039 0.401123 0.726807 0.477295 0.760498 0.408203 0.757324 0.401123 0.726807 0.408203 0.757324 0.329102 0.773438 0.477295 0.760498 0.401123 0.726807 0.45874 0.741455 0.45874 0.741455 0.401123 0.726807 0.420166 0.720459 0.420166 0.720459 0.401123 0.726807 0.412354 0.699463 0.412354 0.699463 0.401123 0.726807 0.404053 0.655518 0.987793 0.784668 0.992432 0.785889 0.984375 0.788086 0.987793 0.784668 0.984375 0.788086 0.973389 0.783447 0.973389 0.783447 0.987793 0.784668 0.987793 0.783203 0.992432 0.126465 0.997803 0.127441 0.992188 0.104004 0.997803 0.127441 0.992188 0.104004 0.997314 0.100342 0.530518 0.618652 0.531006 0.633057 0.52417 0.628174 0.52417 0.628174 0.531006 0.633057 0.5 0.631592 0.49292 0.643311 0.466553 0.620605 0.5 0.631592 0.5 0.631592 0.466553 0.620605 0.495117 0.609863 0.5 0.631592 0.495117 0.609863 0.52417 0.628174 0.52417 0.628174 0.495117 0.609863 0.530518 0.618652 0.462646 0.599854 0.504883 0.605225 0.495117 0.609863 0.495117 0.609863 0.504883 0.605225 0.525635 0.610596 0.495117 0.609863 0.525635 0.610596 0.530518 0.618652 0.537109 0.625 0.531006 0.633057 0.530518 0.618652 0.530518 0.618652 0.525635 0.610596 0.555908 0.611084 0.530518 0.618652 0.555908 0.611084 0.537109 0.625 0.531006 0.633057 0.537109 0.625 0.565186 0.621338 0.565186 0.621338 0.537109 0.625 0.555908 0.611084 0.531006 0.633057 0.565186 0.621338 0.564453 0.634033 0.555908 0.611084 0.525635 0.610596 0.577393 0.598145 0.565186 0.621338 0.555908 0.611084 0.576904 0.619141 0.555908 0.611084 0.577393 0.598145 0.614502 0.601074 0.555908 0.611084 0.614502 0.601074 0.576904 0.619141 0.132813 0.154053 0.096191 0.135986 0.14502 0.157227 0.132813 0.154053 0.14502 0.157227 0.155762 0.181885 0.14502 0.157227 0.096191 0.135986 0.0979 0.102539 0.14502 0.157227 0.0979 0.102539 0.209473 0.099854 0.089111 0.007324 0.078857 0 0.098877 0.001465 0.089111 0.007324 0.078857 0 0.073486 0.001953 0.073486 0.001953 0.089111 0.007324 0.092773 0.019287 0.878662 0.029297 0.858398 0.00293 0.853516 0.017334 0.878662 0.029297 0.858398 0.00293 0.892578 0.019531 0.858398 0.00293 0.892578 0.019531 0.892334 0.00293 0.665527 0.047607 0.583496 0.048584 0.583496 0.036133 0.583496 0.048584 0.665527 0.047607 0.583252 0.054199 0.997803 0.225342 0.997803 0.25415 0.994141 0.25415 0.535156 0.888428 0.54126 0.913574 0.517822 0.898193 0.517822 0.898193 0.54126 0.913574 0.479736 0.890869 0.517822 0.898193 0.479736 0.890869 0.501709 0.889893 0.517822 0.898193 0.501709 0.889893 0.519287 0.882813 0.517822 0.898193 0.519287 0.882813 0.535156 0.888428 0.54126 0.913574 0.535156 0.888428 0.54834 0.911621 0.535156 0.888428 0.519287 0.882813 0.537109 0.869629 0.54834 0.911621 0.535156 0.888428 0.548584 0.878662 0.548584 0.878662 0.535156 0.888428 0.537109 0.869629 0.54834 0.911621 0.548584 0.878662 0.556152 0.911865 0.548584 0.878662 0.537109 0.869629 0.540527 0.85083 0.556152 0.911865 0.548584 0.878662 0.579346 0.887695 0.556152 0.911865 0.579346 0.887695 0.578613 0.914795 0.548584 0.878662 0.540527 0.85083 0.552734 0.850342 0.552734 0.850342 0.540527 0.85083 0.543457 0.839355 0.548584 0.878662 0.552734 0.850342 0.564697 0.824951 0.441406 0.018555 0.428955 0.01001 0.474121 0.021484 0.428955 0.01001 0.441406 0.018555 0.429688 0.013916 0.429688 0.013916 0.441406 0.018555 0.422363 0.02417 0.628662 0.523193 0.613525 0.585449 0.60791 0.522461 0.628662 0.523193 0.60791 0.522461 0.605957 0.515137 0.613525 0.585449 0.628662 0.523193 0.648682 0.578125 0.628662 0.523193 0.605957 0.515137 0.647949 0.508301 0.648682 0.578125 0.628662 0.523193 0.684814 0.520996 0.684814 0.520996 0.628662 0.523193 0.647949 0.508301 0.648682 0.578125 0.684814 0.520996 0.668945 0.577148 0.684814 0.520996 0.647949 0.508301 0.688477 0.518066 0.668945 0.577148 0.684814 0.520996 0.699951 0.57666 0.699951 0.57666 0.684814 0.520996 0.688477 0.518066 0.699951 0.57666 0.688477 0.518066 0.69458 0.515381 0.699951 0.57666 0.69458 0.515381 0.709229 0.514404 0.699951 0.57666 0.709229 0.514404 0.711182 0.577393 0.711182 0.577393 0.709229 0.514404 0.718994 0.571045 0.711182 0.577393 0.718994 0.571045 0.756592 0.587646 0.756592 0.587646 0.718994 0.571045 0.776123 0.585693 0.718994 0.571045 0.709229 0.514404 0.724365 0.527588 0.724365 0.527588 0.709229 0.514404 0.717041 0.496338 0.776123 0.585693 0.718994 0.571045 0.728516 0.547607 0.728516 0.547607 0.718994 0.571045 0.724365 0.527588 0.776123 0.585693 0.728516 0.547607 0.778076 0.516113 0.728516 0.547607 0.724365 0.527588 0.749512 0.499268 0.728516 0.547607 0.749512 0.499268 0.778076 0.516113 0.143066 0.694336 0.097656 0.643799 0.12085 0.642822 0.097656 0.643799 0.143066 0.694336 0.126221 0.700195 0.126221 0.700195 0.143066 0.694336 0.136475 0.710205 0.136475 0.710205 0.143066 0.694336 0.14502 0.702148 0.136475 0.710205 0.14502 0.702148 0.143066 0.709473 0.143066 0.709473 0.136475 0.710205 0.138916 0.713867 0.136475 0.710205 0.138916 0.713867 0.130615 0.759277 0.80835 0.321777 0.77832 0.38623 0.776367 0.275635 0.77832 0.38623 0.80835 0.321777 0.836426 0.328857 0.80835 0.321777 0.776367 0.275635 0.820801 0.294678 0.80835 0.321777 0.820801 0.294678 0.836426 0.328857 0.642822 0.935303 0.606201 0.940674 0.62793 0.919189 0.642822 0.935303 0.62793 0.919189 0.662109 0.923096 0.662109 0.923096 0.62793 0.919189 0.673584 0.904297 0.642822 0.935303 0.662109 0.923096 0.67334 0.961914 0.074219 0.419678 0.093018 0.460693 0.071045 0.486816 0.074219 0.419678 0.071045 0.486816 0.067871 0.419922 0.067871 0.419922 0.071045 0.486816 0.065186 0.486084 0.931396 0.67749 0.934326 0.631592 0.935059 0.678467 0.931396 0.67749 0.935059 0.678467 0.936523 0.695313 0.934326 0.631592 0.931396 0.67749 0.927979 0.604492 0.927979 0.604492 0.931396 0.67749 0.882813 0.622314 0.368896 0.023682 0.403809 0.020508 0.351318 0.023682 0.403809 0.020508 0.351318 0.023682 0.4021 0.014648 0.4021 0.014648 0.351318 0.023682 0.352539 0.016113 0.856689 0.464844 0.859375 0.516357 0.859375 0.571045 0.856689 0.464844 0.859375 0.571045 0.856934 0.526855 0.643799 0.103516 0.707764 0.10083 0.66748 0.103516 0.707764 0.10083 0.643799 0.103516 0.681641 0.094971 0.681641 0.094971 0.643799 0.103516 0.615234 0.097168 0.994629 0.490479 0.962402 0.490479 0.985107 0.454102 0.029053 0.988525 0.058594 0.968018 0.04541 0.979248 0.058594 0.968018 0.029053 0.988525 0.043701 0.95459 0.058594 0.968018 0.043701 0.95459 0.084473 0.953613 0.058594 0.968018 0.084473 0.953613 0.04541 0.979248 0.084473 0.953613 0.04541 0.979248 0.090088 0.953369 0.04541 0.979248 0.090088 0.953369 0.075195 0.989014 0.215088 0.208496 0.214111 0.214355 0.170654 0.273926 0.214111 0.214355 0.215088 0.208496 0.242432 0.169434 0.541504 0.032227 0.490479 0.045654 0.486328 0.036377 0.486328 0.036377 0.490479 0.045654 0.476074 0.042236 0.486328 0.036377 0.476074 0.042236 0.480713 0.035156 0.476074 0.042236 0.490479 0.045654 0.474121 0.05835 0.480713 0.035156 0.476074 0.042236 0.473145 0.035645 0.476074 0.042236 0.474121 0.05835 0.472656 0.044678 0.476074 0.042236 0.472656 0.044678 0.473145 0.035645 0.472656 0.044678 0.474121 0.05835 0.469238 0.057617 0.472656 0.044678 0.469238 0.057617 0.466797 0.042236 0.472656 0.044678 0.466797 0.042236 0.473145 0.035645 0.466797 0.042236 0.469238 0.057617 0.457275 0.048828 0.466797 0.042236 0.473145 0.035645 0.469238 0.035645 0.469238 0.035645 0.473145 0.035645 0.467529 0.029053 0.986816 0.058105 0.986572 0.112305 0.977051 0.061768 0.986816 0.058105 0.977051 0.061768 0.910889 0.058105 0.843506 0.999512 0.853271 0.989746 0.856689 0.996826 0.853271 0.989746 0.843506 0.999512 0.844727 0.989502 0.844727 0.989502 0.853271 0.989746 0.854492 0.982422 0.853271 0.989746 0.854492 0.982422 0.864014 0.987305 0.853271 0.989746 0.864014 0.987305 0.856689 0.996826 0.856689 0.996826 0.864014 0.987305 0.870605 1 0.870605 1 0.864014 0.987305 0.867676 0.985107 0.477051 0.986816 0.486572 0.98291 0.475098 0.978271 0.475098 0.978271 0.477051 0.986816 0.464111 0.990479 0.477051 0.986816 0.486572 0.98291 0.484619 0.988281 0.477051 0.986816 0.484619 0.988281 0.487305 0.998535 0.487305 0.998535 0.484619 0.988281 0.486572 0.98291 0.477051 0.986816 0.487305 0.998535 0.464111 0.990479 0.487305 0.998535 0.486572 0.98291 0.494873 0.984619 0.464111 0.990479 0.487305 0.998535 0.467041 1 0.464111 0.990479 0.467041 1 0.463867 0.998779 0.229248 0.242676 0.236816 0.255127 0.222412 0.245117 0.236816 0.255127 0.229248 0.242676 0.238037 0.250244 0.236816 0.255127 0.238037 0.250244 0.241699 0.25415 0.238037 0.250244 0.229248 0.242676 0.247314 0.177246 0.247314 0.177246 0.229248 0.242676 0.22168 0.242432 0.22168 0.242432 0.229248 0.242676 0.222412 0.245117 0.22168 0.242432 0.222412 0.245117 0.170654 0.281982 0.968994 0.4646 0.970459 0.464844 0.946533 0.498535 0.970459 0.464844 0.968994 0.4646 0.944336 0.409912 0.729492 0.057373 0.699219 0.056152 0.692139 0.054932 0.729492 0.057373 0.692139 0.054932 0.770264 0.056885 0.168213 0.827637 0.161621 0.898682 0.158936 0.897705 0.161621 0.898682 0.168213 0.827637 0.178223 0.908447 0.178223 0.908447 0.168213 0.827637 0.239502 0.82251 0.178223 0.908447 0.239502 0.82251 0.256348 0.89502 0.168213 0.827637 0.158936 0.897705 0.162354 0.823975 0.162354 0.823975 0.158936 0.897705 0.149902 0.812988 0.149902 0.812988 0.158936 0.897705 0.143799 0.909668 0.539795 0.414063 0.539551 0.41626 0.512939 0.418701 0.539551 0.41626 0.539795 0.414063 0.617432 0.431641 0.512939 0.418701 0.539551 0.41626 0.47876 0.452881 0.47876 0.452881 0.539551 0.41626 0.504883 0.503662 0.539795 0.414063 0.512939 0.418701 0.509277 0.412842 0.539795 0.414063 0.509277 0.412842 0.543945 0.411377 0.512939 0.418701 0.509277 0.412842 0.497314 0.421875 0.497314 0.421875 0.509277 0.412842 0.495117 0.421387 0.543945 0.411377 0.509277 0.412842 0.528076 0.406006 0.528076 0.406006 0.509277 0.412842 0.482178 0.383545 0.528076 0.406006 0.482178 0.383545 0.501221 0.275635 0.40625 0.376709 0.481934 0.399414 0.404053 0.381836 0.404053 0.381836 0.481934 0.399414 0.405273 0.388916 0.40625 0.376709 0.404053 0.381836 0.392822 0.376465 0.40625 0.376709 0.392822 0.376465 0.356445 0.307617 0.089844 0.320068 0.096924 0.319824 0.044434 0.358154 0.801025 0.841309 0.80249 0.773682 0.800293 0.821777 0.800293 0.821777 0.80249 0.773682 0.801758 0.764893 0.801758 0.764893 0.80249 0.773682 0.83252 0.733887 0.801758 0.764893 0.800293 0.821777 0.797363 0.766113 0.801758 0.764893 0.797363 0.766113 0.767334 0.737549 0.203369 0.976563 0.212402 0.989746 0.169189 0.980469 0.212402 0.989746 0.169189 0.980469 0.172119 0.991699 0.172119 0.991699 0.169189 0.980469 0.149658 0.976807 0.848877 0.975342 0.896973 0.94043 0.904541 0.986816 0.371582 0.008789 0.419434 0.007813 0.420166 0.008789 0.371582 0.008789 0.420166 0.008789 0.423828 0.011475 0.824463 0.892334 0.828369 0.957764 0.824463 0.953857 0.824463 0.953857 0.828369 0.957764 0.78833 0.955566 0.371582 0.956787 0.29834 0.956787 0.30542 0.954346 0.0625 0.307373 0.067627 0.225586 0.108887 0.250244 0.108887 0.250244 0.067627 0.225586 0.067383 0.223145 0.250977 0.592285 0.312256 0.610352 0.312988 0.616211 0.250977 0.592285 0.312988 0.616211 0.280518 0.65625 0.280518 0.65625 0.312988 0.616211 0.317139 0.668213 0.280518 0.65625 0.317139 0.668213 0.317627 0.673096 0.317627 0.673096 0.317139 0.668213 0.368652 0.685059 0.280518 0.65625 0.317627 0.673096 0.273193 0.663086 0.273193 0.663086 0.317627 0.673096 0.304688 0.688965 0.273193 0.663086 0.304688 0.688965 0.256836 0.704346 0.304688 0.688965 0.317627 0.673096 0.307129 0.692383 0.256836 0.704346 0.304688 0.688965 0.286865 0.722412 0.286865 0.722412 0.304688 0.688965 0.307129 0.692383 0.591553 0.91626 0.580322 0.976318 0.579102 0.974609 0.580322 0.976318 0.591553 0.91626 0.613281 0.978027 0.899902 0.932617 0.909424 0.927734 0.901611 0.924561 0.901611 0.924561 0.899902 0.932617 0.869141 0.925537 0.901611 0.924561 0.869141 0.925537 0.83374 0.911377 0.869141 0.925537 0.899902 0.932617 0.885986 0.935059 0.869141 0.925537 0.885986 0.935059 0.849365 0.966797 0.899902 0.932617 0.885986 0.935059 0.900146 0.936035 0.996826 0.891113 0.994141 0.903076 0.999756 0.901611 0.994141 0.903076 0.999756 0.901611 0.999023 0.915771 0.167969 0.797852 0.174072 0.791016 0.165771 0.794434 0.167969 0.797852 0.174072 0.791016 0.214355 0.815674 0.167969 0.797852 0.214355 0.815674 0.167969 0.806152 0.167969 0.797852 0.167969 0.806152 0.165527 0.801514 0.165527 0.801514 0.167969 0.806152 0.116455 0.810791 0.165527 0.801514 0.116455 0.810791 0.16333 0.799561 0.165527 0.801514 0.16333 0.799561 0.167969 0.797852 0.16333 0.799561 0.116455 0.810791 0.114014 0.807373 0.16333 0.799561 0.167969 0.797852 0.116455 0.800049 0.116455 0.800049 0.167969 0.797852 0.165771 0.794434 0.116455 0.800049 0.16333 0.799561 0.114014 0.807373 0.165771 0.794434 0.116455 0.800049 0.108154 0.767334 0.108154 0.767334 0.116455 0.800049 0.114014 0.807373 0.165771 0.794434 0.108154 0.767334 0.104736 0.74707 0.108154 0.767334 0.114014 0.807373 0.107422 0.809326 0.108154 0.767334 0.107422 0.809326 0.104736 0.767578 0.107422 0.809326 0.114014 0.807373 0.110596 0.813721 0.104736 0.767578 0.107422 0.809326 0.097412 0.765381 0.107422 0.809326 0.110596 0.813721 0.107422 0.814697 0.097412 0.765381 0.107422 0.809326 0.100342 0.810791 0.100342 0.810791 0.107422 0.809326 0.107422 0.814697 0.100342 0.810791 0.107422 0.814697 0.098145 0.823242 0.037842 0.382813 0.037354 0.388428 0.058105 0.402344 0.037354 0.388428 0.037842 0.382813 0.008057 0.400391 0.992432 0.633057 0.979736 0.637207 0.977539 0.629395 0.80542 0.999023 0.818359 0.999268 0.80957 0.994385 0.80957 0.994385 0.80542 0.999023 0.804199 0.993408 0.80957 0.994385 0.804199 0.993408 0.80249 0.979248 0.80957 0.994385 0.80249 0.979248 0.804688 0.980225 0.447754 0.124512 0.447754 0.061279 0.538086 0.074951 0.23877 0.139648 0.27417 0.093262 0.280273 0.109375 0.280273 0.109375 0.27417 0.093262 0.278564 0.09375 0.280273 0.109375 0.278564 0.09375 0.283691 0.100342 0.280273 0.109375 0.283691 0.100342 0.328857 0.114258 0.175781 0.013428 0.142334 0.010498 0.181152 0.007813 0.175781 0.013428 0.181152 0.007813 0.185303 0.009033 0.368164 0.031738 0.381836 0.044678 0.391602 0.056396 0.391602 0.056396 0.381836 0.044678 0.447754 0.036133 0.391602 0.056396 0.447754 0.036133 0.454102 0.056641 0.118408 0.059814 0.162598 0.064697 0.134033 0.089355 0.162598 0.064697 0.118408 0.059814 0.147217 0.035156 0.162598 0.064697 0.147217 0.035156 0.17334 0.064697 0.17334 0.064697 0.147217 0.035156 0.154541 0.03418 0.17334 0.064697 0.154541 0.03418 0.192383 0.030029 0.147217 0.035156 0.154541 0.03418 0.149414 0.031494 0.922363 0.010254 0.922119 0.016602 0.939453 0.008057 0.939453 0.008057 0.922363 0.010254 0.943604 0.00293 0.922119 0.016602 0.939453 0.008057 0.928711 0.025391 0.949707 0.760986 0.963867 0.786865 0.954346 0.786377 0.963867 0.786865 0.949707 0.760986 0.979736 0.759766 0.954346 0.786377 0.963867 0.786865 0.95752 0.791504 0.954346 0.786377 0.95752 0.791504 0.938477 0.80249 0.954346 0.786377 0.938477 0.80249 0.909912 0.802002 0.95752 0.791504 0.963867 0.786865 0.965576 0.796387 0.95752 0.791504 0.965576 0.796387 0.938477 0.80249 0.963867 0.786865 0.965576 0.796387 0.974854 0.791016 0.938477 0.80249 0.965576 0.796387 0.943115 0.840576 0.943115 0.840576 0.965576 0.796387 0.979736 0.836182 0.951172 0.189453 0.952881 0.220703 0.926025 0.148926 0.952881 0.220703 0.951172 0.189453 0.955322 0.213135 0.955322 0.213135 0.951172 0.189453 0.968262 0.189453 0.955322 0.213135 0.968262 0.189453 0.975586 0.18457 0.968262 0.189453 0.951172 0.189453 0.966064 0.148438 0.968262 0.189453 0.966064 0.148438 0.975586 0.18457 0.619629 0.813721 0.589111 0.753662 0.702637 0.790771 0.037109 0.869873 0.036865 0.872803 0.012695 0.875977 0.037109 0.869873 0.036865 0.872803 0.04248 0.873779 0.012695 0.875977 0.036865 0.872803 0.013672 0.88208 0.013672 0.88208 0.036865 0.872803 0.030762 0.912842 0.013672 0.88208 0.030762 0.912842 0.001465 0.894043 0.001465 0.894043 0.013672 0.88208 0.001953 0.874023 0.001953 0.874023 0.013672 0.88208 0.004639 0.87085 0.004639 0.87085 0.013672 0.88208 0.012695 0.875977 0.012695 0.875977 0.004639 0.87085 0.011719 0.868896 0.994873 0.877441 0.997803 0.862061 0.994873 0.883057 0.994873 0.877441 0.994873 0.883057 0.994385 0.884033 0.994873 0.883057 0.994385 0.884033 0.997559 0.886719 0.998291 0.174561 0.994385 0.173584 0.999756 0.1604 0.994385 0.173584 0.998291 0.174561 0.994873 0.174805 0.994873 0.174805 0.998291 0.174561 0.999512 0.188721 1 0.416016 1 0.43335 0.999023 0.405029 0.030273 0.599609 0.047607 0.596191 0.033203 0.602051 0.030273 0.599609 0.033203 0.602051 0.014893 0.609375 0.030273 0.599609 0.014893 0.609375 0.014648 0.597412 0.014893 0.609375 0.014648 0.597412 0.012939 0.597168 0.014893 0.609375 0.012939 0.597168 0.008301 0.626221 0.972168 0.00708 0.987793 0.00708 0.987793 0.003906 0.730957 0.689453 0.767334 0.69043 0.77124 0.696045 0.767334 0.69043 0.730957 0.689453 0.729736 0.661133 0.729736 0.661133 0.730957 0.689453 0.726807 0.662598 0.726807 0.662598 0.730957 0.689453 0.728516 0.69165 0.729736 0.661133 0.726807 0.662598 0.727295 0.6604 0.726807 0.662598 0.728516 0.69165 0.713135 0.68335 0.726807 0.662598 0.727295 0.6604 0.723389 0.648193 0.726807 0.662598 0.713135 0.68335 0.719238 0.660645 0.726807 0.662598 0.719238 0.660645 0.723389 0.648193 0.719238 0.660645 0.713135 0.68335 0.62793 0.695557 0.723389 0.648193 0.719238 0.660645 0.700684 0.646973 0.723389 0.648193 0.700684 0.646973 0.722656 0.645508 0.723389 0.648193 0.722656 0.645508 0.736328 0.598633 0.723389 0.648193 0.736328 0.598633 0.727539 0.642822 0.808594 0.023926 0.803711 0.016357 0.809814 0.015869 0.808594 0.023926 0.809814 0.015869 0.839844 0.022461 0.808594 0.023926 0.839844 0.022461 0.842041 0.026367 0.839844 0.022461 0.809814 0.015869 0.842041 0.018066 0.842041 0.018066 0.809814 0.015869 0.841797 0.008057 0.987549 0.0271 0.969971 0.025879 0.984863 0.019775 0.960693 0.015381 0.976807 0.012207 0.969971 0.025879 0.960693 0.015381 0.969971 0.025879 0.956055 0.019043 0.969971 0.025879 0.987549 0.0271 0.975342 0.034912 0.975342 0.034912 0.987549 0.0271 0.980469 0.035645 0.975342 0.034912 0.980469 0.035645 0.97876 0.036865 0.969971 0.025879 0.975342 0.034912 0.960449 0.023682 0.969971 0.025879 0.960449 0.023682 0.956055 0.019043 0.975342 0.034912 0.97876 0.036865 0.977783 0.042236 0.975342 0.034912 0.977783 0.042236 0.960449 0.023682 0.977783 0.042236 0.97876 0.036865 0.97876 0.041016 0.97876 0.041016 0.977783 0.042236 0.980713 0.043701 0.949707 0.007813 0.944336 0.015137 0.956055 0.019043 0.944336 0.015137 0.956055 0.019043 0.960449 0.023682 0.966797 0.050537 0.966309 0.044189 0.977783 0.042236 0.977783 0.042236 0.966309 0.044189 0.960449 0.023682 0.960449 0.023682 0.966309 0.044189 0.960205 0.036377 0.960205 0.036377 0.966309 0.044189 0.951172 0.040283 0.960205 0.036377 0.951172 0.040283 0.960449 0.023682 0.960449 0.023682 0.944336 0.015137 0.95459 0.022461 0.95459 0.022461 0.960449 0.023682 0.951172 0.040283 0.944336 0.015137 0.95459 0.022461 0.939209 0.022217 0.939209 0.022217 0.95459 0.022461 0.951172 0.040283 0.992432 0.619141 0.989502 0.583252 0.989014 0.609131 0.989014 0.609131 0.992432 0.619141 0.980469 0.623047 0.989014 0.609131 0.980469 0.623047 0.971924 0.593994 0.989014 0.609131 0.989502 0.583252 0.988037 0.585938 0.988037 0.585938 0.989014 0.609131 0.971924 0.593994 0.980469 0.623047 0.971924 0.593994 0.968018 0.588379 0.971924 0.593994 0.968018 0.588379 0.988037 0.585938 0.988037 0.585938 0.968018 0.588379 0.989502 0.583252 0.968018 0.588379 0.989502 0.583252 0.993896 0.576172 0.993896 0.576172 0.968018 0.588379 0.966064 0.585938 0.926758 0.328613 0.962402 0.328857 0.983643 0.337402 0.926758 0.328613 0.983643 0.337402 0.919189 0.357422 0.47876 0.830566 0.476563 0.787842 0.503662 0.796631 0.476563 0.787842 0.47876 0.830566 0.451904 0.805664 0.47876 0.830566 0.503662 0.796631 0.488281 0.837891 0.488281 0.837891 0.503662 0.796631 0.525635 0.810303 0.451904 0.805664 0.47876 0.830566 0.47168 0.857178 0.47168 0.857178 0.47876 0.830566 0.488281 0.837891 0.451904 0.805664 0.47168 0.857178 0.467773 0.85498 0.467773 0.85498 0.451904 0.805664 0.450195 0.804443 0.450195 0.804443 0.467773 0.85498 0.459473 0.860107 0.450195 0.804443 0.459473 0.860107 0.435547 0.813965 0.459473 0.860107 0.435547 0.813965 0.422363 0.824463 0.47168 0.857178 0.488281 0.837891 0.496826 0.859863 0.496826 0.859863 0.488281 0.837891 0.525635 0.810303 0.47168 0.857178 0.496826 0.859863 0.496826 0.863281 0.496826 0.859863 0.525635 0.810303 0.500732 0.860352 0.496826 0.859863 0.500732 0.860352 0.496826 0.863281 0.500732 0.860352 0.525635 0.810303 0.543457 0.819336 0.496826 0.863281 0.500732 0.860352 0.525879 0.865723 0.525879 0.865723 0.500732 0.860352 0.543457 0.819336 0.032715 0.671387 0.025146 0.671143 0.00415 0.641846 0.032715 0.671387 0.00415 0.641846 0.01709 0.632324 0.640381 0.738525 0.703369 0.730469 0.677002 0.762451 0.677002 0.762451 0.703369 0.730469 0.708496 0.760254 0.708496 0.760254 0.703369 0.730469 0.721436 0.748291 0.721436 0.748291 0.703369 0.730469 0.741943 0.724854 0.721436 0.748291 0.741943 0.724854 0.738281 0.747803 0.741943 0.724854 0.738281 0.747803 0.745117 0.722656 0.738281 0.747803 0.745117 0.722656 0.75708 0.700439 0.738281 0.747803 0.75708 0.700439 0.762939 0.704346 0.738281 0.747803 0.762939 0.704346 0.750977 0.758057 0.601318 0.990479 0.619873 0.981689 0.660645 0.990967 0.601318 0.990479 0.660645 0.990967 0.600098 0.991699 0.365967 0.946289 0.330078 0.950928 0.361328 0.946045 0.365967 0.946289 0.361328 0.946045 0.374023 0.9375 0.374023 0.9375 0.365967 0.946289 0.368896 0.947754 0.368896 0.947754 0.374023 0.9375 0.403076 0.952637 0.909668 0.178955 0.911621 0.19043 0.907227 0.182129 0.909668 0.178955 0.907227 0.182129 0.883789 0.155762 0.909668 0.178955 0.883789 0.155762 0.918457 0.128174 0.907227 0.182129 0.911621 0.19043 0.901611 0.195801 0.901611 0.195801 0.911621 0.19043 0.919678 0.220947 0.919678 0.220947 0.911621 0.19043 0.91626 0.195801 0.911621 0.19043 0.91626 0.195801 0.917969 0.193115 0.026855 0.525879 0.004395 0.564209 0.000244 0.52417 0.000244 0.52417 0.004395 0.564209 0.000488 0.562012 0.004395 0.564209 0.026855 0.525879 0.029541 0.566895 0.01123 0.681152 0.008545 0.676758 0.007324 0.679932 0.007324 0.679932 0.01123 0.681152 0.00415 0.685547 0.00415 0.685547 0.01123 0.681152 0.011475 0.702393 0.01123 0.681152 0.008545 0.676758 0.03125 0.678955 0.011475 0.702393 0.01123 0.681152 0.019775 0.700439 0.019775 0.700439 0.01123 0.681152 0.03125 0.678955 0.011475 0.702393 0.019775 0.700439 0.028809 0.7146 0.028809 0.7146 0.019775 0.700439 0.03125 0.678955 0.011475 0.702393 0.028809 0.7146 0.023682 0.719971 0.028809 0.7146 0.03125 0.678955 0.032715 0.719482 0.03125 0.678955 0.032715 0.719482 0.033691 0.678223 0.186523 0.227051 0.18457 0.240723 0.152832 0.194824 0.18457 0.240723 0.152832 0.194824 0.182373 0.244629 0.152832 0.19043 0.207031 0.15918 0.186523 0.227051 0.152832 0.19043 0.186523 0.227051 0.152832 0.194824 0.152832 0.19043 0.152832 0.194824 0.130859 0.169922 0.130859 0.169922 0.152832 0.194824 0.146484 0.192627 0.182373 0.244629 0.152832 0.194824 0.148193 0.19458 0.148193 0.19458 0.152832 0.194824 0.146484 0.192627 0.148193 0.19458 0.182373 0.244629 0.130859 0.28125 0.148193 0.19458 0.146484 0.192627 0.144287 0.193115 0.114258 0.041748 0.08252 0.092285 0.107178 0.040527 0.08252 0.092285 0.114258 0.041748 0.114014 0.080078 0.08252 0.092285 0.114014 0.080078 0.086914 0.102539 0.08252 0.092285 0.086914 0.102539 0.084961 0.101318 0.08252 0.092285 0.084961 0.101318 0.078369 0.111572 0.078369 0.111572 0.08252 0.092285 0.077881 0.109375 0.107178 0.040527 0.08252 0.092285 0.079346 0.088135 0.079346 0.088135 0.08252 0.092285 0.077881 0.109375 0.107178 0.040527 0.079346 0.088135 0.10498 0.041504 0.10498 0.041504 0.079346 0.088135 0.072754 0.036865 0.079346 0.088135 0.077881 0.109375 0.067871 0.095703 0.067871 0.095703 0.077881 0.109375 0.071289 0.110107 0.067871 0.095703 0.071289 0.110107 0.063232 0.111572 0.067871 0.095703 0.063232 0.111572 0.066162 0.091309 0.079346 0.088135 0.067871 0.095703 0.071777 0.083252 0.079346 0.088135 0.071777 0.083252 0.072754 0.036865 0.071777 0.083252 0.067871 0.095703 0.066162 0.091309 0.072754 0.036865 0.071777 0.083252 0.068359 0.080811 0.068359 0.080811 0.071777 0.083252 0.066162 0.091309 0.072754 0.036865 0.068359 0.080811 0.065186 0.054443 0.065186 0.054443 0.068359 0.080811 0.066162 0.091309 0.93335 0.412842 0.935791 0.419189 0.935791 0.473145 0.93335 0.412842 0.935791 0.473145 0.933105 0.472168 0.933105 0.472168 0.935791 0.473145 0.941406 0.500732 0.941406 0.500732 0.935791 0.473145 0.939453 0.472656 0.939453 0.472656 0.935791 0.473145 0.935791 0.419189 0.939453 0.472656 0.935791 0.419189 0.939209 0.411865 0.264648 0.933105 0.289307 0.957031 0.259277 0.952881 0.289307 0.957031 0.264648 0.933105 0.30127 0.942139 0.264648 0.933105 0.30127 0.942139 0.301758 0.938721 0.264648 0.933105 0.301758 0.938721 0.300537 0.933105 0.259277 0.952881 0.264648 0.933105 0.261475 0.934082 0.264648 0.933105 0.261475 0.934082 0.262451 0.932129 0.261475 0.934082 0.259277 0.952881 0.226807 0.934326 0.261475 0.934082 0.226807 0.934326 0.262451 0.932129 0.033691 0.753662 0.035645 0.757324 0.001221 0.732422 0.033691 0.753662 0.001221 0.732422 0.03125 0.72583 0.03125 0.72583 0.001221 0.732422 0.012451 0.726318 0.67627 0.653564 0.577881 0.671387 0.598145 0.626953 0.67627 0.653564 0.598145 0.626953 0.628662 0.597412 0.680664 0.648193 0.693848 0.664063 0.67627 0.653564 0.680664 0.648193 0.67627 0.653564 0.68042 0.618652 0.68042 0.618652 0.67627 0.653564 0.628662 0.597412 0.68042 0.618652 0.680664 0.648193 0.684082 0.645508 0.654297 0.603271 0.628662 0.597412 0.631348 0.595947 0.628662 0.597412 0.654297 0.603271 0.68042 0.618652 0.68042 0.618652 0.654297 0.603271 0.674561 0.612793 0.684082 0.645508 0.68042 0.618652 0.683838 0.617676 0.684082 0.645508 0.683838 0.617676 0.724609 0.616211 0.724609 0.616211 0.683838 0.617676 0.724854 0.614014 0.68042 0.618652 0.683838 0.617676 0.684326 0.615479 0.684326 0.615479 0.683838 0.617676 0.724854 0.614014 0.68042 0.618652 0.684326 0.615479 0.674561 0.612793 0.724854 0.614014 0.684326 0.615479 0.729004 0.595215 0.729004 0.595215 0.684326 0.615479 0.693604 0.598145 0.693604 0.598145 0.684326 0.615479 0.689697 0.600342 0.689697 0.600342 0.684326 0.615479 0.674561 0.612793 0.689697 0.600342 0.674561 0.612793 0.690186 0.598389 0.862305 0.318604 0.907227 0.265625 0.905273 0.343262 0.862305 0.318604 0.905273 0.343262 0.87085 0.3479 0.862305 0.318604 0.87085 0.3479 0.852051 0.303955 0.87085 0.3479 0.905273 0.343262 0.874023 0.353516 0.874023 0.353516 0.87085 0.3479 0.858398 0.368164 0.874023 0.353516 0.858398 0.368164 0.873535 0.357422 0.484619 0.021484 0.484619 0.009033 0.520264 0.02124 0.520264 0.02124 0.484619 0.009033 0.520264 0.008789 0.484619 0.009033 0.484619 0.021484 0.468506 0.008789 0.21167 0.514648 0.195313 0.515869 0.199951 0.521973 0.195313 0.515869 0.199951 0.521973 0.190674 0.519287 0.199951 0.521973 0.21167 0.514648 0.205811 0.528076 0.209961 0.54126 0.200928 0.543701 0.205811 0.528076 0.209961 0.54126 0.205811 0.528076 0.21875 0.533936 0.21875 0.533936 0.205811 0.528076 0.213135 0.522461 0.205811 0.528076 0.213135 0.522461 0.21167 0.514648 0.21875 0.533936 0.213135 0.522461 0.231201 0.535156 0.231201 0.535156 0.213135 0.522461 0.221191 0.517822 0.221191 0.517822 0.213135 0.522461 0.21167 0.514648 0.221191 0.517822 0.21167 0.514648 0.224365 0.51123 0.224365 0.51123 0.21167 0.514648 0.212158 0.500977 0.212158 0.500977 0.21167 0.514648 0.195313 0.515869 0.212158 0.500977 0.195313 0.515869 0.194092 0.505859 0.212158 0.500977 0.194092 0.505859 0.220215 0.45874 0.220215 0.45874 0.212158 0.500977 0.214355 0.5 0.214355 0.5 0.220215 0.45874 0.221436 0.4646 0.221436 0.4646 0.220215 0.45874 0.230225 0.407959 0.370117 0.078857 0.369629 0.075195 0.373047 0.070313 0.370117 0.078857 0.373047 0.070313 0.380615 0.075684 0.373047 0.070313 0.369629 0.075195 0.364746 0.070801 0.364746 0.070801 0.369629 0.075195 0.343262 0.095947 0.364746 0.070801 0.343262 0.095947 0.332764 0.085205 0.332764 0.085205 0.343262 0.095947 0.33374 0.143555 0.364746 0.070801 0.332764 0.085205 0.374023 0.063232 0.374023 0.063232 0.332764 0.085205 0.360107 0.066406 0.360107 0.066406 0.332764 0.085205 0.292236 0.095703 0.360107 0.066406 0.292236 0.095703 0.313232 0.062256 0.962891 0.236328 0.976563 0.230713 0.974365 0.238037 0.962891 0.236328 0.976563 0.230713 0.966309 0.228027 0.966309 0.228027 0.962891 0.236328 0.947266 0.225342 0.947266 0.225342 0.962891 0.236328 0.94873 0.237305 0.94873 0.237305 0.962891 0.236328 0.95752 0.241211 0.94873 0.237305 0.95752 0.241211 0.955078 0.25293 0.94873 0.237305 0.955078 0.25293 0.945313 0.24292 0.94873 0.237305 0.945313 0.24292 0.939697 0.240234 0.94873 0.237305 0.939697 0.240234 0.947266 0.225342 0.947266 0.225342 0.939697 0.240234 0.927002 0.237793 0.947266 0.225342 0.927002 0.237793 0.936035 0.213379 0.936035 0.213379 0.927002 0.237793 0.926514 0.224365 0.926514 0.224365 0.927002 0.237793 0.89502 0.26001 0.936035 0.213379 0.926514 0.224365 0.922852 0.180176 0.981201 0.939453 0.984131 0.933838 0.98999 0.939941 0.984131 0.933838 0.981201 0.939453 0.96875 0.931885 0.984131 0.933838 0.96875 0.931885 0.9646 0.916504 0.984131 0.933838 0.9646 0.916504 0.984375 0.921143 0.984375 0.921143 0.9646 0.916504 0.961914 0.910156 0.020752 0.150146 0.013184 0.155762 0.011963 0.150146 0.640869 0.01709 0.677002 0.018555 0.62793 0.02124 0.640869 0.01709 0.62793 0.02124 0.636475 0.014893 0.869873 0.512451 0.926758 0.588623 0.924805 0.599365 0.869873 0.512451 0.924805 0.599365 0.869873 0.605713 0.230957 0.97583 0.216797 0.988281 0.218262 0.991699 0.218262 0.991699 0.230957 0.97583 0.246094 0.979248 0.218262 0.991699 0.246094 0.979248 0.274414 0.991699 0.246094 0.979248 0.230957 0.97583 0.231445 0.969482 0.231445 0.969482 0.230957 0.97583 0.224365 0.966064 0.274414 0.991699 0.246094 0.979248 0.259033 0.96582 0.274414 0.991699 0.259033 0.96582 0.280518 0.962402 0.246094 0.979248 0.231445 0.969482 0.24707 0.965332 0.246094 0.979248 0.24707 0.965332 0.259033 0.96582 0.24707 0.965332 0.231445 0.969482 0.24292 0.956787 0.259033 0.96582 0.24707 0.965332 0.248779 0.95459 0.24707 0.965332 0.24292 0.956787 0.245605 0.953369 0.24707 0.965332 0.245605 0.953369 0.248779 0.95459 0.19873 0.713135 0.192139 0.706787 0.213623 0.700195 0.213623 0.700195 0.192139 0.706787 0.177734 0.698975 0.213623 0.700195 0.177734 0.698975 0.192383 0.644531 0.192383 0.644531 0.177734 0.698975 0.185059 0.635254 0.213623 0.700195 0.192383 0.644531 0.24707 0.6604 0.213623 0.700195 0.24707 0.6604 0.223877 0.709717 0.213623 0.700195 0.223877 0.709717 0.19873 0.713135 0.223877 0.709717 0.24707 0.6604 0.249756 0.730469 0.19873 0.713135 0.223877 0.709717 0.202393 0.721924 0.202393 0.721924 0.223877 0.709717 0.249756 0.730469 0.19873 0.713135 0.202393 0.721924 0.195068 0.716553 0.202393 0.721924 0.249756 0.730469 0.226318 0.734131 0.202393 0.721924 0.226318 0.734131 0.21582 0.733643 0.226318 0.734131 0.249756 0.730469 0.252197 0.731934 0.226318 0.734131 0.252197 0.731934 0.227539 0.743408 0.226318 0.734131 0.227539 0.743408 0.219727 0.735352 0.252197 0.731934 0.227539 0.743408 0.244141 0.741211 0.227539 0.743408 0.244141 0.741211 0.246094 0.749512 0.244141 0.741211 0.246094 0.749512 0.252197 0.731934 0.227539 0.743408 0.246094 0.749512 0.223145 0.748535 0.246094 0.749512 0.252197 0.731934 0.271484 0.744141 0.026611 0.247559 0.026611 0.26001 0.007324 0.250732 0.011475 0.231445 0.01001 0.240967 0.022461 0.237549 0.011475 0.231445 0.022461 0.237549 0.042236 0.227295 0.042236 0.227295 0.011475 0.231445 0.052979 0.219238 0.052979 0.219238 0.042236 0.227295 0.047852 0.226807 0.042236 0.227295 0.047852 0.226807 0.051758 0.233398 0.051758 0.233398 0.047852 0.226807 0.052979 0.219238 0.052979 0.219238 0.051758 0.233398 0.062012 0.243164 0.987549 0.752441 0.967285 0.752441 0.980713 0.743652 0.066162 0.003906 0.080566 0.020996 0.073486 0.029297 0.073486 0.029297 0.080566 0.020996 0.090088 0.033447 0.018066 0.916992 0.017578 0.91626 0.032959 0.917969 0.017578 0.91626 0.018066 0.916992 0.010986 0.918701 0.010986 0.918701 0.018066 0.916992 0.032959 0.917969 0.998047 0.21582 0.997559 0.19751 0.994629 0.209717 0.994629 0.209717 0.998047 0.21582 0.994141 0.220947 0.997559 0.19751 0.994629 0.209717 0.994141 0.192139 0.908203 0.672607 0.925537 0.681396 0.888428 0.676514 0.908203 0.672607 0.888428 0.676514 0.902832 0.670654 0.902832 0.670654 0.888428 0.676514 0.884766 0.666504 0.884766 0.666504 0.902832 0.670654 0.897949 0.665771 0.897949 0.665771 0.884766 0.666504 0.890381 0.662354 0.890381 0.662354 0.884766 0.666504 0.877197 0.654053 0.884766 0.666504 0.877197 0.654053 0.870117 0.666748 0.870117 0.666748 0.877197 0.654053 0.852783 0.625244 0.023926 0.346924 0.010986 0.33667 0.023438 0.331787 0.010986 0.33667 0.023926 0.346924 0.021484 0.351563 0.023926 0.346924 0.023438 0.331787 0.032959 0.347412 0.023926 0.346924 0.021484 0.351563 0.027832 0.355957 0.027832 0.355957 0.023926 0.346924 0.032959 0.347412 0.027832 0.355957 0.021484 0.351563 0.019531 0.382324 0.019531 0.382324 0.027832 0.355957 0.035156 0.355957 0.035156 0.355957 0.027832 0.355957 0.032959 0.347412 0.035156 0.355957 0.032959 0.347412 0.047852 0.345703 0.700684 0.942871 0.678467 0.977051 0.679443 0.94751 0.679443 0.94751 0.700684 0.942871 0.679443 0.918213 0.383789 0.522217 0.350098 0.518799 0.296631 0.508301 0.296631 0.508301 0.350098 0.518799 0.291748 0.509033 0.291748 0.509033 0.350098 0.518799 0.295898 0.52002 0.295898 0.52002 0.350098 0.518799 0.374756 0.523193 0.291748 0.509033 0.295898 0.52002 0.287842 0.509521 0.291748 0.509033 0.287842 0.509521 0.266357 0.438965 0.266357 0.438965 0.287842 0.509521 0.287109 0.508789 0.287842 0.509521 0.287109 0.508789 0.278564 0.513916 0.287842 0.509521 0.295898 0.52002 0.289551 0.520508 0.287842 0.509521 0.289551 0.520508 0.278564 0.513916 0.289551 0.520508 0.295898 0.52002 0.252197 0.587891 0.289551 0.520508 0.278564 0.513916 0.251953 0.507568 0.717773 0.982178 0.703369 0.961182 0.706543 0.949463 0.706543 0.949463 0.703369 0.961182 0.682373 0.98291 0.269043 0.41748 0.242432 0.479736 0.267334 0.410889 0.267334 0.410889 0.269043 0.41748 0.269775 0.411377 0.269775 0.411377 0.267334 0.410889 0.237793 0.341553 0.269043 0.41748 0.269775 0.411377 0.290527 0.411621 0.290527 0.411621 0.269775 0.411377 0.284912 0.407227 0.290527 0.411621 0.284912 0.407227 0.304688 0.405029 0.5896 0.020264 0.588867 0.018555 0.628418 0.013184 0.628418 0.013184 0.588867 0.018555 0.588623 0.010986 0.588623 0.010986 0.588867 0.018555 0.581543 0.012939 0.581543 0.012939 0.588867 0.018555 0.579102 0.018066 0.579102 0.018066 0.588867 0.018555 0.581299 0.020264 0.003662 0.494629 0.026367 0.509766 0.022461 0.512939 0.022461 0.512939 0.003662 0.494629 0.00293 0.49707 0.00293 0.49707 0.022461 0.512939 0.015625 0.513916 0.026367 0.509766 0.003662 0.494629 0.061035 0.480713 0.061035 0.480713 0.003662 0.494629 0.01709 0.446289 0.026367 0.509766 0.061035 0.480713 0.035645 0.514404 0.027588 0.587891 0.008301 0.578125 0.02124 0.579102 0.008301 0.578125 0.02124 0.579102 0.029541 0.571289 0.02124 0.579102 0.029541 0.571289 0.027588 0.587891 0.022461 0.976318 0.019775 0.973145 0.016846 0.999023 0.016846 0.999023 0.019775 0.973145 0.012451 0.982666 0.019775 0.973145 0.012451 0.982666 0.000488 0.976563 0.000488 0.976563 0.012451 0.982666 0.016846 0.999023 0.990479 0.509521 0.985352 0.513184 0.979492 0.508301 0.979492 0.508301 0.985352 0.513184 0.979248 0.519531 0.985352 0.513184 0.990479 0.509521 0.991699 0.518066 0.985352 0.513184 0.979248 0.519531 0.984863 0.520508 0.984863 0.520508 0.985352 0.513184 0.991699 0.518066 0.023193 0.613281 0.060059 0.657959 0.034424 0.652588 0.060059 0.657959 0.023193 0.613281 0.063721 0.598389 0.84668 0.094238 0.855957 0.10498 0.847656 0.100586 0.855957 0.10498 0.847656 0.100586 0.842529 0.104004 0.847656 0.100586 0.842529 0.104004 0.84668 0.094238 0.842529 0.104004 0.855957 0.10498 0.846191 0.105469 0.855957 0.10498 0.84668 0.094238 0.8479 0.087158 0.855957 0.10498 0.8479 0.087158 0.851563 0.08667 0.84668 0.094238 0.842529 0.104004 0.84375 0.087158 0.84668 0.094238 0.84375 0.087158 0.8479 0.087158 0.839355 0.096436 0.842529 0.104004 0.839844 0.100586 0.842529 0.104004 0.839355 0.096436 0.84375 0.087158 0.84375 0.087158 0.839355 0.096436 0.807373 0.092773 0.84375 0.087158 0.807373 0.092773 0.791748 0.069824 0.84375 0.087158 0.791748 0.069824 0.795898 0.066162 0.84375 0.087158 0.795898 0.066162 0.84082 0.081055 0.84375 0.087158 0.84082 0.081055 0.8479 0.087158 0.8479 0.087158 0.84082 0.081055 0.860352 0.075928 0.860352 0.075928 0.84082 0.081055 0.88208 0.062988 0.8479 0.087158 0.860352 0.075928 0.858398 0.081787 0.8479 0.087158 0.858398 0.081787 0.858154 0.083496 0.069824 0.586914 0.067871 0.581055 0.10083 0.61377 0.069824 0.586914 0.10083 0.61377 0.067627 0.654297 0.322754 0.023926 0.292236 0.024414 0.295166 0.019043 0.322754 0.023926 0.295166 0.019043 0.346436 0.019043 0.581787 0.990723 0.565918 0.988281 0.577393 0.981689 0.581787 0.990723 0.577393 0.981689 0.595459 0.982422 0.581787 0.990723 0.595459 0.982422 0.591309 0.988281 0.669678 0.985352 0.665039 0.989746 0.66748 0.965332 0.669678 0.985352 0.66748 0.965332 0.677002 0.99292 0.535889 0.986572 0.543213 0.988281 0.534668 0.974121 0.543213 0.988281 0.534668 0.974121 0.534668 0.967285 0.535889 0.986572 0.543213 0.988281 0.540527 0.992188 0.535889 0.986572 0.540527 0.992188 0.533936 0.98877 0.005127 0.145996 0.025146 0.138184 0.027832 0.145264 0.027832 0.145264 0.025146 0.138184 0.035645 0.125 0.025146 0.138184 0.035645 0.125 0.005127 0.145996 0.998779 0.287842 0.99585 0.275635 1 0.273438 0.99585 0.275635 1 0.273438 0.994141 0.258789 0.99585 0.275635 0.998779 0.287842 0.994141 0.283447 0.99585 0.275635 0.994141 0.283447 0.994141 0.258789 0.994385 0.309326 0.999268 0.319824 0.994873 0.324951 0.999268 0.319824 0.994385 0.309326 0.999512 0.292725 0.549805 0.981689 0.564941 0.97168 0.571045 0.977783 0.571045 0.977783 0.564941 0.97168 0.573486 0.948486 0.407959 0.990723 0.347168 0.990723 0.348389 0.989502 0.117676 0.993408 0.136963 0.995117 0.101563 0.996094 0.033691 0.151123 0.031738 0.188721 0.008301 0.172363 0.033691 0.151123 0.008301 0.172363 0.027832 0.1521 0.008301 0.172363 0.031738 0.188721 0.018555 0.187256 0.018555 0.187256 0.031738 0.188721 0.014648 0.195068 0.014648 0.195068 0.018555 0.187256 0.008301 0.172363 0.885986 0.033691 0.91748 0.024658 0.916748 0.008545 0.797119 0.01123 0.762207 0.016602 0.765381 0.013916 0.765381 0.013916 0.762207 0.016602 0.750488 0.007813 0.765381 0.013916 0.797119 0.01123 0.796387 0.009033 0.01001 0.805664 0.02417 0.797607 0.019043 0.779053 0.019043 0.779053 0.01001 0.805664 0.010498 0.763672 0.010498 0.763672 0.019043 0.779053 0.02002 0.763672 0.02002 0.763672 0.019043 0.779053 0.02417 0.797607 0.02417 0.797607 0.02002 0.763672 0.039795 0.795898 0.987061 0.386719 0.978027 0.383545 0.976807 0.395996 0.978027 0.383545 0.976807 0.395996 0.974121 0.381104 0.987061 0.386719 0.978027 0.383545 0.9729 0.369141 0.987061 0.386719 0.9729 0.369141 1 0.367676 0.987061 0.386719 1 0.367676 1 0.39209 1 0.39209 0.987061 0.386719 0.976807 0.395996 0.976807 0.395996 1 0.39209 0.994141 0.401367 0.009521 0.017578 0.007324 0.007568 0.007568 0.037109 0.009521 0.017578 0.007324 0.007568 0.029541 0.006104 0.042236 0.948486 0.090088 0.92749 0.092529 0.948242 0.092529 0.948242 0.090088 0.92749 0.106445 0.953857 0.106445 0.953857 0.090088 0.92749 0.108887 0.94165 0.090088 0.92749 0.042236 0.948486 0.04248 0.924561 0.108887 0.94165 0.090088 0.92749 0.089355 0.925293 0.090088 0.92749 0.089355 0.925293 0.04248 0.924561 0.089355 0.925293 0.04248 0.924561 0.039307 0.921631 0.089355 0.925293 0.039307 0.921631 0.092041 0.89624 0.092041 0.89624 0.039307 0.921631 0.03833 0.896729 0.992188 0.13208 0.994873 0.13501 0.993652 0.159912 0.065918 0.313965 0.056396 0.325195 0.031006 0.30957 0.056396 0.325195 0.065918 0.313965 0.092041 0.311523 0.056396 0.325195 0.092041 0.311523 0.051758 0.331299 0.842041 0.635986 0.806641 0.613281 0.865234 0.574219 0.806641 0.613281 0.842041 0.635986 0.811523 0.643311 0.811523 0.643311 0.842041 0.635986 0.865479 0.681396 0.811523 0.643311 0.865479 0.681396 0.845703 0.67749 0.845703 0.67749 0.811523 0.643311 0.807861 0.647949 0.796387 0.851074 0.780518 0.854492 0.792236 0.803955 0.825928 0.846191 0.831787 0.865479 0.796387 0.851074 0.780518 0.854492 0.796387 0.851074 0.794189 0.859131 0.794189 0.859131 0.796387 0.851074 0.831787 0.865479 0.780518 0.854492 0.794189 0.859131 0.781982 0.861572 0.780518 0.854492 0.781982 0.861572 0.728271 0.892578 0.781982 0.861572 0.728271 0.892578 0.786865 0.865479 0.781982 0.861572 0.794189 0.859131 0.78833 0.861816 0.781982 0.861572 0.78833 0.861816 0.786865 0.865479 0.786865 0.865479 0.78833 0.861816 0.794189 0.859131 0.794189 0.859131 0.831787 0.865479 0.795654 0.864502 0.795654 0.864502 0.794189 0.859131 0.786865 0.865479 0.795654 0.864502 0.831787 0.865479 0.844482 0.877686 0.795654 0.864502 0.786865 0.865479 0.79541 0.866943 0.79541 0.866943 0.795654 0.864502 0.844482 0.877686 0.79541 0.866943 0.844482 0.877686 0.826172 0.887207 0.418945 0.925781 0.467285 0.977783 0.401367 0.974121 0.467285 0.977783 0.418945 0.925781 0.469238 0.924316 0.590332 0.909912 0.651855 0.834717 0.634766 0.9021 0.651855 0.834717 0.590332 0.909912 0.578857 0.801758 0.578857 0.801758 0.590332 0.909912 0.579834 0.867188 0.798096 0.487549 0.823242 0.479736 0.824707 0.478516 0.824707 0.478516 0.798096 0.487549 0.797852 0.485596 0.824707 0.478516 0.797852 0.485596 0.814453 0.468994 0.798096 0.487549 0.823242 0.479736 0.800781 0.500977 0.800781 0.500977 0.823242 0.479736 0.830078 0.487305 0.800781 0.500977 0.830078 0.487305 0.819824 0.500244 0.800781 0.500977 0.819824 0.500244 0.804199 0.525879 0.798096 0.487549 0.800781 0.500977 0.766113 0.501465 0.766113 0.501465 0.798096 0.487549 0.780273 0.493652 0.780273 0.493652 0.798096 0.487549 0.797852 0.485596 0.797852 0.485596 0.780273 0.493652 0.768066 0.474365 0.797852 0.485596 0.768066 0.474365 0.814453 0.468994 0.814453 0.468994 0.768066 0.474365 0.757568 0.457275 0.814453 0.468994 0.757568 0.457275 0.818115 0.449951 0.818115 0.449951 0.757568 0.457275 0.787354 0.443115 0.818115 0.449951 0.787354 0.443115 0.827148 0.449951 0.827148 0.449951 0.787354 0.443115 0.811035 0.395752 0.827148 0.449951 0.811035 0.395752 0.828369 0.430664 0.811035 0.395752 0.787354 0.443115 0.783447 0.424316 0.783447 0.424316 0.787354 0.443115 0.785645 0.442627 0.887939 0.524414 0.934082 0.561279 0.918945 0.552734 0.918945 0.552734 0.934082 0.561279 0.934082 0.591064 0.934082 0.591064 0.934082 0.561279 0.935059 0.563965 0.934082 0.561279 0.887939 0.524414 0.973145 0.49585 0.934082 0.561279 0.973145 0.49585 0.977539 0.567627 0.472412 0.971436 0.528076 0.974609 0.522461 0.985352 0.522461 0.985352 0.528076 0.974609 0.529541 0.983887 0.522461 0.985352 0.529541 0.983887 0.526367 0.991699 0.398438 0.148682 0.395508 0.162598 0.387939 0.1604 0.401855 0.166992 0.39624 0.168945 0.395508 0.162598 0.401855 0.166992 0.395508 0.162598 0.403809 0.160889 0.403809 0.160889 0.395508 0.162598 0.398438 0.148682 0.441895 0.098877 0.398438 0.148682 0.399414 0.118652 0.399414 0.118652 0.398438 0.148682 0.349854 0.099609 0.398438 0.148682 0.387939 0.1604 0.384033 0.156738 0.398438 0.148682 0.384033 0.156738 0.349854 0.099609 0.387939 0.1604 0.384033 0.156738 0.38623 0.160645 0.349854 0.099609 0.384033 0.156738 0.344238 0.137451 0.384033 0.156738 0.38623 0.160645 0.345703 0.143555 0.384033 0.156738 0.345703 0.143555 0.344238 0.137451 0.62085 0.035889 0.700928 0.035889 0.700928 0.043457 0.062988 0.415771 0.035156 0.434814 0.0354 0.428711 0.035156 0.434814 0.062988 0.415771 0.060059 0.47168 0.243896 0.923584 0.35083 0.889648 0.336914 0.923584 0.35083 0.889648 0.243896 0.923584 0.282471 0.871338 0.098145 0.144043 0.120117 0.163818 0.110107 0.177246 0.120117 0.163818 0.098145 0.144043 0.127197 0.160889 0.110107 0.177246 0.120117 0.163818 0.098877 0.236084 0.110107 0.177246 0.098877 0.236084 0.106934 0.17749 0.584717 0.921875 0.544678 0.976807 0.553223 0.91748 0.216064 0.948242 0.165283 0.953369 0.207031 0.937256 0.207031 0.937256 0.165283 0.953369 0.178955 0.937256 0.207031 0.937256 0.178955 0.937256 0.206299 0.923096 0.206299 0.923096 0.178955 0.937256 0.164551 0.910645 0.206299 0.923096 0.207031 0.937256 0.211182 0.923096 0.216064 0.948242 0.207031 0.937256 0.21875 0.935303 0.21875 0.935303 0.207031 0.937256 0.211182 0.923096 0.21875 0.935303 0.211182 0.923096 0.239502 0.90332 0.216064 0.948242 0.21875 0.935303 0.220215 0.948975 0.220215 0.948975 0.21875 0.935303 0.23291 0.956787 0.974609 0.449707 0.966309 0.441406 0.967529 0.361572 0.578369 0.050781 0.495605 0.050781 0.568359 0.036621 0.944824 0.90332 0.943604 0.925781 0.942139 0.887939 0.942139 0.887939 0.944824 0.90332 0.948242 0.899414 0.924072 0.865234 0.927979 0.855713 0.942139 0.887939 0.942139 0.887939 0.927979 0.855713 0.93335 0.861328 0.942139 0.887939 0.93335 0.861328 0.948242 0.899414 0.948242 0.899414 0.93335 0.861328 0.933838 0.852783 0.948242 0.899414 0.933838 0.852783 0.983398 0.905518 0.983398 0.905518 0.933838 0.852783 0.943359 0.844971 0.983398 0.905518 0.943359 0.844971 0.984619 0.869385 0.119873 0.555664 0.141602 0.579834 0.096436 0.599854 0.096436 0.599854 0.141602 0.579834 0.124756 0.602539 0.096436 0.599854 0.124756 0.602539 0.113281 0.612549 0.141602 0.579834 0.119873 0.555664 0.125488 0.55835 0.125488 0.55835 0.119873 0.555664 0.123291 0.556396 0.123291 0.556396 0.125488 0.55835 0.114746 0.530273 0.141602 0.579834 0.125488 0.55835 0.168701 0.595215 0.168701 0.595215 0.125488 0.55835 0.174316 0.585938 0.174316 0.585938 0.125488 0.55835 0.128174 0.544922 0.141602 0.579834 0.168701 0.595215 0.161621 0.594482 0.141602 0.579834 0.161621 0.594482 0.124756 0.602539 0.168457 0.596191 0.149414 0.668945 0.161621 0.594482 0.161621 0.594482 0.149414 0.668945 0.136963 0.663574 0.161621 0.594482 0.136963 0.663574 0.127686 0.626465 0.161621 0.594482 0.127686 0.626465 0.124756 0.602539 0.124756 0.602539 0.127686 0.626465 0.113281 0.612549 0.127686 0.626465 0.113281 0.612549 0.103516 0.62085 0.103516 0.62085 0.127686 0.626465 0.102295 0.638184 0.574463 0.017334 0.561768 0.018066 0.524658 0.016846 0.561768 0.018066 0.524658 0.016846 0.525391 0.018555 0.913574 0.414063 0.912354 0.421387 0.914307 0.326904 0.036133 0.663574 0.082031 0.663574 0.080078 0.672119 0.924316 0.714844 0.913574 0.721924 0.916504 0.716064 0.924316 0.714844 0.916504 0.716064 0.92041 0.706543 0.913574 0.721924 0.924316 0.714844 0.918213 0.721191 0.92041 0.706543 0.916504 0.716064 0.919678 0.706787 0.92041 0.706543 0.919678 0.706787 0.921631 0.699463 0.919678 0.706787 0.916504 0.716064 0.916016 0.707764 0.919678 0.706787 0.916016 0.707764 0.920166 0.699951 0.913574 0.721924 0.918213 0.721191 0.908936 0.729004 0.908936 0.729004 0.918213 0.721191 0.924805 0.790771 0.908936 0.729004 0.913574 0.721924 0.908203 0.726807 0.913574 0.721924 0.908203 0.726807 0.902832 0.720947 0.908203 0.726807 0.908936 0.729004 0.900879 0.727295 0.864502 0.570068 0.864502 0.478516 0.863525 0.464844 0.970215 0.658447 0.960205 0.588379 0.979736 0.661133 0.960205 0.588379 0.970215 0.658447 0.939209 0.594971 0.919922 0.883789 0.897461 0.892822 0.918945 0.845947 0.897461 0.892822 0.919922 0.883789 0.928467 0.919678 0.897461 0.892822 0.928467 0.919678 0.893799 0.910156 0.893799 0.910156 0.928467 0.919678 0.925781 0.926025 0.893799 0.910156 0.925781 0.926025 0.835693 0.895508 0.80249 0.096436 0.720215 0.10376 0.710205 0.093018 0.100098 0.45874 0.109131 0.562012 0.096191 0.578125 0.221924 0.788574 0.238525 0.790039 0.344727 0.790283 0.344727 0.790283 0.221924 0.788574 0.276855 0.779053 0.738037 0.019043 0.777832 0.022705 0.730713 0.02417 0.032471 0.247559 0.032471 0.305176 0.027344 0.303467 0.41333 0.980225 0.428955 0.980469 0.41748 0.989258 0.41748 0.989258 0.428955 0.980469 0.432129 0.995117 0.428955 0.980469 0.432129 0.995117 0.441162 0.983643 0.974365 0.053467 0.988525 0.051514 0.988525 0.047852 0.056396 0.382568 0.046143 0.381592 0.075928 0.344727 0.075928 0.344727 0.046143 0.381592 0.03833 0.37085 0.056396 0.382568 0.075928 0.344727 0.082764 0.350586 0.082764 0.350586 0.075928 0.344727 0.092041 0.33374 0.056396 0.382568 0.082764 0.350586 0.064697 0.384277 0.056396 0.382568 0.064697 0.384277 0.069092 0.411377 0.161133 0.376709 0.178955 0.398926 0.138916 0.418213 0.138916 0.418213 0.178955 0.398926 0.154541 0.456787 0.138916 0.418213 0.154541 0.456787 0.130371 0.453125 0.130371 0.453125 0.154541 0.456787 0.133057 0.462402 0.133057 0.462402 0.154541 0.456787 0.135498 0.473877 0.135498 0.473877 0.154541 0.456787 0.168701 0.465088 0.178955 0.398926 0.161133 0.376709 0.187256 0.39917 0.178955 0.398926 0.187256 0.39917 0.154541 0.456787 0.154541 0.456787 0.187256 0.39917 0.163818 0.458252 0.154541 0.456787 0.163818 0.458252 0.168701 0.465088 0.168701 0.465088 0.163818 0.458252 0.187256 0.39917 0.135498 0.473877 0.168701 0.465088 0.174561 0.47168 0.187256 0.39917 0.161133 0.376709 0.199951 0.397705 0.187256 0.39917 0.199951 0.397705 0.168701 0.465088 0.199951 0.397705 0.161133 0.376709 0.159912 0.365723 0.174561 0.47168 0.168701 0.465088 0.193848 0.436523 0.193848 0.436523 0.168701 0.465088 0.199951 0.397705 0.193848 0.436523 0.199951 0.397705 0.210938 0.40918 0.210938 0.40918 0.199951 0.397705 0.225586 0.396729 0.193848 0.436523 0.210938 0.40918 0.193359 0.444336 0.193848 0.436523 0.193359 0.444336 0.174561 0.47168 0.174561 0.47168 0.193359 0.444336 0.179688 0.471191 0.174561 0.47168 0.179688 0.471191 0.189453 0.503906 0.9375 0.954346 0.945801 0.942627 0.951416 0.940186 0.945801 0.942627 0.9375 0.954346 0.914307 0.960449 0.951416 0.940186 0.945801 0.942627 0.951416 0.916016 0.951416 0.940186 0.951416 0.916016 0.955322 0.90625 0.951416 0.940186 0.955322 0.90625 0.957031 0.929688 0.951416 0.940186 0.957031 0.929688 0.960693 0.933838 0.9375 0.954346 0.951416 0.940186 0.95166 0.94873 0.9375 0.954346 0.95166 0.94873 0.938721 0.975586 0.938721 0.975586 0.95166 0.94873 0.960449 0.959229 0.95166 0.94873 0.951416 0.940186 0.960693 0.944336 0.960693 0.944336 0.951416 0.940186 0.960693 0.933838 0.95166 0.94873 0.960693 0.944336 0.960449 0.959229 0.960693 0.944336 0.960693 0.933838 0.986572 0.956055 0.960693 0.944336 0.986572 0.956055 0.960449 0.959229 0.960449 0.959229 0.986572 0.956055 0.985107 0.976807 0.353516 0.318604 0.360596 0.39502 0.299316 0.37793 0.353516 0.318604 0.299316 0.37793 0.323975 0.337646 0.360596 0.39502 0.353516 0.318604 0.376709 0.391846 0.323975 0.337646 0.299316 0.37793 0.289063 0.377441 0.289063 0.377441 0.299316 0.37793 0.321777 0.404785 0.321777 0.404785 0.299316 0.37793 0.360596 0.39502 0.289063 0.377441 0.321777 0.404785 0.338135 0.435059 0.360596 0.39502 0.376709 0.391846 0.359863 0.415039 0.360596 0.39502 0.359863 0.415039 0.321777 0.404785 0.338135 0.435059 0.321777 0.404785 0.349365 0.428223 0.349365 0.428223 0.321777 0.404785 0.359863 0.415039 0.359863 0.415039 0.376709 0.391846 0.386719 0.398926 0.386719 0.398926 0.376709 0.391846 0.396973 0.384766 0.349365 0.428223 0.359863 0.415039 0.362305 0.423584 0.362305 0.423584 0.359863 0.415039 0.386719 0.398926 0.338135 0.435059 0.349365 0.428223 0.358398 0.43335 0.358398 0.43335 0.349365 0.428223 0.362305 0.423584 0.338135 0.435059 0.358398 0.43335 0.341797 0.446045 0.338135 0.435059 0.341797 0.446045 0.318604 0.464111 0.318604 0.464111 0.341797 0.446045 0.323242 0.491943 0.318604 0.464111 0.323242 0.491943 0.299561 0.497803 0.341797 0.446045 0.358398 0.43335 0.350098 0.447021 0.350098 0.447021 0.358398 0.43335 0.364502 0.443604 0.364502 0.443604 0.358398 0.43335 0.384766 0.437744 0.364502 0.443604 0.384766 0.437744 0.371338 0.450684 0.358398 0.43335 0.384766 0.437744 0.382568 0.429199 0.382568 0.429199 0.358398 0.43335 0.362305 0.423584 0.382568 0.429199 0.362305 0.423584 0.386719 0.398926 0.386719 0.398926 0.382568 0.429199 0.390625 0.409912 0.390625 0.409912 0.386719 0.398926 0.405273 0.404541 0.390625 0.409912 0.405273 0.404541 0.382568 0.429199 0.382568 0.429199 0.405273 0.404541 0.400879 0.416748 0.405273 0.404541 0.400879 0.416748 0.427734 0.411621 0.049072 0.142578 0.093994 0.150146 0.046875 0.188477 0.046875 0.188477 0.093994 0.150146 0.098145 0.202881 0.093994 0.150146 0.049072 0.142578 0.066406 0.134277 0.046875 0.188477 0.098145 0.202881 0.071045 0.206787 0.066406 0.134277 0.049072 0.142578 0.038574 0.134521 0.046875 0.188477 0.071045 0.206787 0.038086 0.195801 0.038574 0.134521 0.049072 0.142578 0.038086 0.195801 0.038086 0.195801 0.049072 0.142578 0.046875 0.188477 0.971924 0 0.962891 0.005127 0.947998 0.000488 0.119629 0.32251 0.106934 0.295898 0.13501 0.312744 0.163818 0.2854 0.13501 0.312744 0.131348 0.303467 0.13501 0.312744 0.163818 0.2854 0.141357 0.311279 0.119629 0.32251 0.13501 0.312744 0.126709 0.333008 0.126709 0.333008 0.13501 0.312744 0.141357 0.311279 0.126709 0.333008 0.119629 0.32251 0.104736 0.319092 0.104736 0.319092 0.126709 0.333008 0.103271 0.325684 0.126709 0.333008 0.141357 0.311279 0.151367 0.342529 0.151367 0.342529 0.141357 0.311279 0.164063 0.32666 0.103271 0.325684 0.126709 0.333008 0.133301 0.343994 0.103271 0.325684 0.133301 0.343994 0.096436 0.330811 0.096436 0.330811 0.133301 0.343994 0.105957 0.366455 0.105957 0.366455 0.133301 0.343994 0.135986 0.397461 0.135986 0.397461 0.133301 0.343994 0.14209 0.38208 0.126709 0.333008 0.151367 0.342529 0.137939 0.342285 0.126709 0.333008 0.137939 0.342285 0.133301 0.343994 0.133301 0.343994 0.137939 0.342285 0.14209 0.38208 0.137939 0.342285 0.151367 0.342529 0.150635 0.368896 0.137939 0.342285 0.150635 0.368896 0.14209 0.38208 0.833252 0.962402 0.833252 0.917236 0.835449 0.976074 0.833252 0.962402 0.835449 0.976074 0.799316 0.974365 0.9104 0.100586 0.959961 0.11084 0.9375 0.119629 0.959961 0.11084 0.9104 0.100586 0.972412 0.067139 0.9104 0.100586 0.9375 0.119629 0.890137 0.098389 0.959961 0.11084 0.9375 0.119629 0.95874 0.115723 0.959961 0.11084 0.95874 0.115723 0.974365 0.117188 0.9375 0.119629 0.95874 0.115723 0.940186 0.143799 0.940186 0.143799 0.95874 0.115723 0.953125 0.137207 0.953125 0.137207 0.95874 0.115723 0.959961 0.126221 0.959961 0.126221 0.95874 0.115723 0.977539 0.131104 0.094971 0.477051 0.09082 0.515137 0.078613 0.527832 0.094971 0.477051 0.078613 0.527832 0.04126 0.517578 0.972168 0.841797 0.991943 0.841797 0.983887 0.845703 0.021973 0.758789 0.01416 0.750732 0.026855 0.759521 0.977295 0.674561 0.981201 0.68042 0.975342 0.675781 0.981201 0.68042 0.977295 0.674561 0.989502 0.676758 0.989502 0.676758 0.981201 0.68042 0.982422 0.685547 0.237793 0.035889 0.271729 0.021729 0.243408 0.036377 0.271729 0.021729 0.237793 0.035889 0.236816 0.007568 0.271729 0.021729 0.236816 0.007568 0.29248 0.009521 0.243408 0.036377 0.271729 0.021729 0.271973 0.022705 0.271973 0.022705 0.271729 0.021729 0.29248 0.009521 0.243408 0.036377 0.271973 0.022705 0.27417 0.038574 0.27417 0.038574 0.271973 0.022705 0.29248 0.009521 0.104736 0.726074 0.099854 0.743164 0.09668 0.718506 0.104736 0.726074 0.09668 0.718506 0.093506 0.690674 0.093506 0.690674 0.09668 0.718506 0.090332 0.688477 0.080322 0.67749 0.086182 0.676758 0.090332 0.688477 0.090332 0.688477 0.086182 0.676758 0.091309 0.677246 0.090332 0.688477 0.091309 0.677246 0.09668 0.678711 0.09668 0.678711 0.091309 0.677246 0.08667 0.668701 0.090332 0.688477 0.09668 0.678711 0.093506 0.690674 0.093506 0.690674 0.09668 0.678711 0.099121 0.685303 0.099121 0.685303 0.09668 0.678711 0.102295 0.668945 0.099121 0.685303 0.102295 0.668945 0.110107 0.69165 0.110107 0.69165 0.099121 0.685303 0.093506 0.690674 0.093506 0.690674 0.110107 0.69165 0.109863 0.712891 0.093506 0.690674 0.109863 0.712891 0.104736 0.726074 0.109863 0.712891 0.110107 0.69165 0.12793 0.715088 0.104736 0.726074 0.109863 0.712891 0.114258 0.734131 0.114258 0.734131 0.109863 0.712891 0.12793 0.715088 0.920898 0.996826 0.911865 0.991211 0.921631 0.9646 0.921631 0.9646 0.911865 0.991211 0.909912 0.968994 0.980957 0.572266 0.953369 0.583984 0.942871 0.579102 0.980957 0.572266 0.942871 0.579102 0.939941 0.573242 0.300049 0.007813 0.349609 0.007813 0.297119 0.010498 0.279785 0.170898 0.334473 0.208984 0.258057 0.20874 0.334473 0.208984 0.279785 0.170898 0.384766 0.16626 0.997559 0.351563 0.994385 0.363037 0.994385 0.329834 0.023926 0.217041 0.054443 0.211426 0.024902 0.214111 0.023926 0.217041 0.054443 0.211426 0.053955 0.214355 0.054443 0.211426 0.053955 0.214355 0.072754 0.214111 0.054443 0.211426 0.024902 0.214111 0.023193 0.198242 0.054443 0.211426 0.023193 0.198242 0.052979 0.20752 0.099121 0.857666 0.12793 0.900146 0.096924 0.922607 0.099121 0.857666 0.096924 0.922607 0.09668 0.828369 0.054932 0.341064 0.025879 0.325684 0.033447 0.325928 0.033447 0.325928 0.025879 0.325684 0.033691 0.320801 0.033691 0.320801 0.025879 0.325684 0.019531 0.320313 0.019531 0.320313 0.025879 0.325684 0.00293 0.326172 0.033691 0.320801 0.019531 0.320313 0.023438 0.314697 0.023438 0.314697 0.019531 0.320313 0.019775 0.283691 0.769531 0.122559 0.732422 0.125732 0.822754 0.11084 0.769531 0.122559 0.822754 0.11084 0.834229 0.115234 0.769531 0.122559 0.834229 0.115234 0.828613 0.125977 0.135498 0.012451 0.097412 0.012451 0.131836 0.007813 0.131836 0.007813 0.135498 0.012451 0.13623 0.009521 0.135498 0.012451 0.13623 0.009521 0.137939 0.009521 0.141602 0.998047 0.177246 0.998047 0.148682 0.993408 0.225342 0.27832 0.20166 0.268311 0.234375 0.259277 0.20166 0.268311 0.225342 0.27832 0.206055 0.298096 0.225342 0.27832 0.206055 0.298096 0.218018 0.300537 0.218018 0.300537 0.225342 0.27832 0.245361 0.259521 0.206055 0.298096 0.218018 0.300537 0.19165 0.31665 0.206055 0.298096 0.19165 0.31665 0.164795 0.293457 0.164795 0.293457 0.19165 0.31665 0.178467 0.327881 0.218018 0.300537 0.19165 0.31665 0.192139 0.320557 0.19165 0.31665 0.192139 0.320557 0.178467 0.327881 0.192139 0.320557 0.218018 0.300537 0.244629 0.324951 0.192139 0.320557 0.244629 0.324951 0.202881 0.370361 0.192139 0.320557 0.178467 0.327881 0.181641 0.352295 0.181641 0.352295 0.192139 0.320557 0.202881 0.370361 0.178467 0.327881 0.181641 0.352295 0.175781 0.352783 0.175781 0.352783 0.181641 0.352295 0.202881 0.370361 0.175781 0.352783 0.202881 0.370361 0.210693 0.392578 0.247803 0.613525 0.269775 0.658203 0.233643 0.641846 0.247803 0.613525 0.233643 0.641846 0.188721 0.616699 0.247803 0.613525 0.188721 0.616699 0.236328 0.601318 0.236328 0.601318 0.188721 0.616699 0.179688 0.598633 0.236328 0.601318 0.179688 0.598633 0.250244 0.577148 0.250244 0.577148 0.179688 0.598633 0.179199 0.580566 0.250244 0.577148 0.179199 0.580566 0.236084 0.575439 0.188721 0.616699 0.233643 0.641846 0.198242 0.625732 0.198242 0.625732 0.233643 0.641846 0.2146 0.642822 0.2146 0.642822 0.233643 0.641846 0.244873 0.648682 0.198242 0.625732 0.2146 0.642822 0.18335 0.627441 0.198242 0.625732 0.18335 0.627441 0.188721 0.616699 0.188721 0.616699 0.18335 0.627441 0.159668 0.6521 0.179199 0.580566 0.236084 0.575439 0.179688 0.579102 0.179199 0.580566 0.179688 0.579102 0.163574 0.565918 0.179688 0.579102 0.163574 0.565918 0.167725 0.549316 0.179688 0.579102 0.167725 0.549316 0.185791 0.569336 0.179688 0.579102 0.185791 0.569336 0.236084 0.575439 0.185791 0.569336 0.167725 0.549316 0.178711 0.542969 0.185791 0.569336 0.178711 0.542969 0.235107 0.559082 0.185791 0.569336 0.235107 0.559082 0.236084 0.575439 0.236084 0.575439 0.235107 0.559082 0.271484 0.52002 0.05957 0.858398 0.064209 0.832031 0.058105 0.859375 0.058105 0.859375 0.05957 0.858398 0.058594 0.864014 0.05957 0.858398 0.058594 0.864014 0.058594 0.86792 0.058594 0.86792 0.058594 0.864014 0.040527 0.863281 0.058594 0.86792 0.05957 0.858398 0.066895 0.873047 0.066895 0.873047 0.058594 0.86792 0.05957 0.870361 0.066895 0.873047 0.05957 0.870361 0.061279 0.873291 0.05957 0.870361 0.061279 0.873291 0.040039 0.88501 0.066895 0.873047 0.061279 0.873291 0.070313 0.880615 0.066895 0.873047 0.070313 0.880615 0.072266 0.879395 0.070313 0.880615 0.072266 0.879395 0.087158 0.891602 0.893066 0.887695 0.883789 0.833496 0.905762 0.841064 0.905762 0.841064 0.883789 0.833496 0.887207 0.831055 0.887207 0.831055 0.905762 0.841064 0.906494 0.838379 0.906494 0.838379 0.887207 0.831055 0.904053 0.791016 0.010254 0.112305 0.007324 0.111572 0.031738 0.071045 0.010254 0.112305 0.031738 0.071045 0.035645 0.07373 0.010254 0.112305 0.035645 0.07373 0.031006 0.119629 0.307373 0.124268 0.320557 0.12793 0.301514 0.150635 0.307373 0.124268 0.301514 0.150635 0.278076 0.160156 0.278076 0.160156 0.301514 0.150635 0.30542 0.163574 0.307373 0.124268 0.278076 0.160156 0.273193 0.161377 0.278076 0.160156 0.273193 0.161377 0.252197 0.202637 0.307373 0.124268 0.273193 0.161377 0.306641 0.117432 0.306641 0.117432 0.273193 0.161377 0.252441 0.13916 0.575439 0.012207 0.524902 0.012207 0.532715 0.008057 0.790527 0.056396 0.864014 0.032959 0.865479 0.047363 0.790527 0.056396 0.865479 0.047363 0.854736 0.058594 0.681396 0.024414 0.691162 0.008789 0.709473 0.023926 0.709473 0.023926 0.691162 0.008789 0.729736 0.016846 0.851563 0.550781 0.790527 0.555176 0.846191 0.481934 0.790527 0.555176 0.851563 0.550781 0.81958 0.596924 0.144043 0.975586 0.14624 0.986816 0.084473 0.982666 0.928467 0.999756 0.92627 0.999756 0.928467 0.999756 0.976318 0.217773 0.977295 0.218994 0.977051 0.217773 0.980957 0.344482 0.97583 0.356934 0.947021 0.357422 0.983643 0.823486 0.977051 0.809814 0.990723 0.811768 0.983643 0.823486 0.990723 0.811768 0.991943 0.820801 0.98999 0.778564 0.98291 0.774658 0.977051 0.77832 0.98291 0.774658 0.977051 0.77832 0.977051 0.775879 0.982422 0.685547 0.981201 0.68042 0.97998 0.689209</float_array>
          <technique_common>
            <accessor source="#ComputerDesk1-mesh-map-0-array" count="5838" stride="2">
              <param name="S" type="float"/>
              <param name="T" type="float"/>
            </accessor>
          </technique_common>
        </source>
        <vertices id="ComputerDesk1-mesh-vertices">
          <input semantic="POSITION" source="#ComputerDesk1-mesh-positions"/>
        </vertices>
        <polylist material="Material_-1-material" count="6">
          <input semantic="VERTEX" source="#ComputerDesk1-mesh-vertices" offset="0"/>
          <input semantic="NORMAL" source="#ComputerDesk1-mesh-normals" offset="1"/>
          <input semantic="TEXCOORD" source="#ComputerDesk1-mesh-map-0" offset="2" set="0"/>
          <vcount>3 3 3 3 3 3 3 3 3 3 3 3 3 3 3 3 3 3 3 3 3 3 3 3 3 3 3 3 3 3 3 3 3 3 3 3 3 3 3 3 3 3 3 3 3 3 3 3 3 3 3 3 3 3 3 3 3 3 3 3 3 3 3 3 3 3 3 3 3 3 3 3 3 3 3 3 3 3 3 3 3 3 3 3 3 3 3 3 3 3 3 3 3 3 3 3 3 3 3 3 3 3 3 3 3 3 3 3 3 3 3 3 3 3 3 3 3 3 3 3 3 3 3 3 3 3 3 3 3 3 3 3 3 3 3 3 3 3 3 3 3 3 3 3 3 3 3 3 3 3 3 3 3 3 3 3 3 3 3 3 3 3 3 3 3 3 3 3 3 3 3 3 3 3 3 3 3 3 3 3 3 3 3 3 3 3 3 3 3 3 3 3 3 3 3 3 3 3 3 3 3 3 3 3 3 3 3 3 3 3 3 3 3 3 3 3 3 3 3 3 3 3 3 3 3 3 3 3 3 3 3 3 3 3 3 3 3 3 3 3 3 3 3 3 3 3 3 3 3 3 3 3 3 3 3 3 3 3 3 3 3 3 3 3 3 3 3 3 3 3 3 3 3 3 3 3 3 3 3 3 3 3 3 3 3 3 3 3 3 3 3 3 3 3 3 3 3 3 3 3 3 3 3 3 3 3 3 3 3 3 3 3 3 3 3 3 3 3 3 3 3 3 3 3 3 3 3 3 3 3 3 3 3 3 3 3 3 3 3 3 3 3 3 3 3 3 3 3 3 3 3 3 3 3 3 3 3 3 3 3 3 3 3 3 3 3 3 3 3 3 3 3 3 3 3 3 3 3 3 3 3 3 3 3 3 3 3 3 3 3 3 3 3 3 3 3 3 3 3 3 3 3 3 3 3 3 3 3 3 3 3 3 3 3 3 3 3 3 3 3 3 3 3 3 3 3 3 3 3 3 3 3 3 3 3 3 3 3 3 3 3 3 3 3 3 3 3 3 3 3 3 3 3 3 3 3 3 3 3 3 3 3 3 3 3 3 3 3 3 3 3 3 3 3 3 3 3 3 3 3 3 3 3 3 3 3 3 3 3 3 3 3 3 3 3 3 3 3 3 3 3 3 3 3 3 3 3 3 3 3 3 3 3 3 3 3 3 3 3 3 3 3 3 3 3 3 3 3 3 3 3 3 3 3 3 3 3 3 3 3 3 3 3 3 3 3 3 3 3 3 3 3 3 3 3 3 3 3 3 3 3 3 3 3 3 3 3 3 3 3 3 3 3 3 3 3 3 3 3 3 3 3 3 3 3 3 3 3 3 3 3 3 3 3 3 3 3 3 3 3 3 3 3 3 3 3 3 3 3 3 3 3 3 3 3 3 3 3 3 3 3 3 3 3 3 3 3 3 3 3 3 3 3 3 3 3 3 3 3 3 3 3 3 3 3 3 3 3 3 3 3 3 3 3 3 3 3 3 3 3 3 3 3 3 3 3 3 3 3 3 3 3 3 3 3 3 3 3 3 3 3 3 3 3 3 3 3 3 3 3 3 3 3 3 3 3 3 3 3 3 3 3 3 3 3 3 3 3 3 3 3 3 3 3 3 3 3 3 3 3 3 3 3 3 3 3 3 3 3 3 3 3 3 3 3 3 3 3 3 3 3 3 3 3 3 3 3 3 3 3 3 3 3 3 3 3 3 3 3 3 3 3 3 3 3 3 3 3 3 3 3 3 3 3 3 3 3 3 3 3 3 3 3 3 3 3 3 3 3 3 3 3 3 3 3 3 3 3 3 3 3 3 3 3 3 3 3 3 3 3 3 3 3 3 3 3 3 3 3 3 3 3 3 3 3 3 3 3 3 3 3 3 3 3 3 3 3 3 3 3 3 3 3 3 3 3 3 3 3 3 3 3 3 3 3 3 3 3 3 3 3 3 3 3 3 3 3 3 3 3 3 3 3 3 3 3 3 3 3 3 3 3 3 3 3 3 3 3 3 3 3 3 3 3 3 3 3 3 3 3 3 3 3 3 3 3 3 3 3 3 3 3 3 3 3 3 3 3 3 3 3 3 3 3 3 3 3 3 3 3 3 3 3 3 3 3 3 3 3 3 3 3 3 3 3 3 3 3 3 3 3 3 3 3 3 3 3 3 3 3 3 3 3 3 3 3 3 3 3 3 3 3 3 3 3 3 3 3 3 3 3 3 3 3 3 3 3 3 3 3 3 3 3 3 3 3 3 3 3 3 3 3 3 3 3 3 3 3 3 3 3 3 3 3 3 3 3 3 3 3 3 3 3 3 3 3 3 3 3 3 3 3 3 3 3 3 3 3 3 3 3 3 3 3 3 3 3 3 3 3 3 3 3 3 3 3 3 3 3 3 3 3 3 3 3 3 3 3 3 3 3 3 3 3 3 3 3 3 3 3 3 3 3 3 3 3 3 3 3 3 3 3 3 3 3 3 3 3 3 3 3 3 3 3 3 3 3 3 3 3 3 3 3 3 3 3 3 3 3 3 3 3 3 3 3 3 3 3 3 3 3 3 3 3 3 3 3 3 3 3 3 3 3 3 3 3 3 3 3 3 3 3 3 3 3 3 3 3 3 3 3 3 3 3 3 3 3 3 3 3 3 3 3 3 3 3 3 3 3 3 3 3 3 3 3 3 3 3 3 3 3 3 3 3 3 3 3 3 3 3 3 3 3 3 3 3 3 3 3 3 3 3 3 3 3 3 3 3 3 3 3 3 3 3 3 3 3 3 3 3 3 3 3 3 3 3 3 3 3 3 3 3 3 3 3 3 3 3 3 3 3 3 3 3 3 3 3 3 3 3 3 3 3 3 3 3 3 3 3 3 3 3 3 3 3 3 3 3 3 3 3 3 3 3 3 3 3 3 3 3 3 3 3 3 3 3 3 3 3 3 3 3 3 3 3 3 3 3 3 3 3 3 3 3 3 3 3 3 3 3 3 3 3 3 3 3 3 3 3 3 3 3 3 3 3 3 3 3 3 3 3 3 3 3 3 3 3 3 3 3 3 3 3 3 3 3 3 3 3 3 3 3 3 3 3 3 3 3 3 3 3 3 3 3 3 3 3 3 3 3 3 3 3 3 3 3 3 3 3 3 3 3 3 3 3 3 3 3 3 3 3 3 3 3 3 3 3 3 3 3 3 3 3 3 3 3 3 3 3 3 3 3 3 3 3 3 3 3 3 3 3 3 3 3 3 3 3 3 3 3 3 3 3 3 3 3 3 3 3 3 3 3 3 3 3 3 3 3 3 3 3 3 3 3 3 3 3 3 3 3 3 3 3 3 3 3 3 3 3 3 3 3 3 3 3 3 3 3 3 3 3 3 3 3 3 3 3 3 3 3 3 3 3 3 3 3 3 3 3 3 3 3 3 3 3 3 3 3 3 3 3 3 3 3 3 3 3 3 3 3 3 3 3 3 3 3 3 3 3 3 3 3 3 3 3 3 3 3 3 3 3 3 3 3 3 3 3 3 3 3 3 3 3 3 3 3 3 3 3 3 3 3 3 3 3 3 3 3 3 3 3 3 3 3 3 3 3 3 3 3 3 3 3 3 3 3 3 3 3 3 3 3 3 3 3 3 3 3 3 3 3 3 3 3 3 3 3 3 3 3 3 3 3 3 3 3 3 3 3 3 3 3 3 3 3 3 3 3 3 3 3 3 3 3 3 3 3 3 3 3 3 3 3 3 3 3 3 3 3 3 3 3 3 3 3 3 3 3 3 3 3 3 3 3 3 3 3 3 3 3 3 3 3 3 3 3 3 3 3 3 3 3 3 3 3 3 3 3 3 3 3 3 3 3 3 3 3 3 3 3 3 3 3 3 3 3 3 3 3 3 3 3 3 3 3 3 3 3 3 3 3 3 3 3 3 3 3 3 3 3 3 3 3 3 3 3 3 3 3 3 3 3 3 3 3 3 3 3 3 3 3 3 3 3 3 3 3 3 3 3 3 3 3 3 3 3 3 3 3 3 3 3 3 3 3 3 3 3 3 3 3 3 3 3 3 3 3 3 3 3 3 3 3 3 3 3 3 3 3 3 3 3 3 3 3 3 3 3 3 3 3 3 3 3 3 3 3 3 3 3 3 3 3 3 3 3 3 3 3 3 3 3 3 3 3 3 3 3 3 3 3 3 3 3 3 3 3 3 3 3 3 3 3 3 3 3 3 3 3 3 3 3 3 3 3 3 3 3 3 3 3 3 3 3 3 3 3 3 3 3 3 3 3 3 3 3 3 3 3 3 3 3 3 3 3 3 3 3 3 3 3 3 3 3 3 3 3 3 3 3 3 3 3 3 3 3 3 3 3 3 3 3 3 3 3 3 3 3 3 3 3 3 3 3 3 3</vcount>
          <p>1 0 0 2 0 1 3 0 2 2 1 3 1 1 4 4 1 5 2 2 6 4 2 7 5 2 8 6 3 9 5 3 10 7 3 11 6 4 12 7 4 13 8 4 14 7 5 15 5 5 16 9 5 17 7 6 18 9 6 19 8 6 20 9 7 21 5 7 22 4 7 23 8 8 24 9 8 25 10 8 26 10 9 27 9 9 28 11 9 29 11 10 30 9 10 31 12 10 32 12 11 33 9 11 34 4 11 35 11 12 36 12 12 37 13 12 38 13 13 39 12 13 40 14 13 41 13 14 42 14 14 43 15 14 44 15 15 45 14 15 46 16 15 47 16 16 48 14 16 49 12 16 50 16 17 51 12 17 52 4 17 53 16 18 54 4 18 55 17 18 56 17 19 57 4 19 58 18 19 59 16 20 60 17 20 61 19 20 62 17 21 63 18 21 64 20 21 65 17 22 66 20 22 67 19 22 68 19 23 69 20 23 70 21 23 71 19 24 72 21 24 73 22 24 74 22 25 75 21 25 76 23 25 77 23 26 78 21 26 79 24 26 80 24 27 81 21 27 82 20 27 83 23 28 84 24 28 85 25 28 86 25 29 87 24 29 88 26 29 89 26 30 90 24 30 91 27 30 92 27 31 93 24 31 94 28 31 95 28 32 96 24 32 97 20 32 98 28 33 99 20 33 100 29 33 101 29 34 102 28 34 103 30 34 104 31 35 105 32 35 106 33 35 107 33 36 108 32 36 109 34 36 110 32 37 111 31 37 112 35 37 113 31 38 114 33 38 115 36 38 116 35 39 117 31 39 118 37 39 119 31 40 120 37 40 121 36 40 122 37 41 123 35 41 124 38 41 125 38 42 126 37 42 127 39 42 128 37 43 129 36 43 130 40 43 131 40 44 132 37 44 133 41 44 134 40 45 135 36 45 136 42 45 137 44 46 138 43 46 139 45 46 140 45 47 141 44 47 142 46 47 143 45 48 144 43 48 145 47 48 146 45 49 147 46 49 148 48 49 149 45 50 150 48 50 151 47 50 152 48 51 153 46 51 154 49 51 155 50 52 156 51 52 157 47 52 158 50 53 159 47 53 160 52 53 161 47 54 162 48 54 163 53 54 164 52 55 165 47 55 166 54 55 167 54 56 168 47 56 169 53 56 170 53 57 171 48 57 172 55 57 173 53 58 174 55 58 175 54 58 176 55 59 177 48 59 178 49 59 179 52 60 180 54 60 181 56 60 182 56 61 183 54 61 184 55 61 185 52 62 186 56 62 187 57 62 188 55 63 189 49 63 190 58 63 191 58 64 192 49 64 193 59 64 194 55 65 195 58 65 196 60 65 197 56 66 198 55 66 199 61 66 200 56 67 201 61 67 202 62 67 203 56 68 204 62 68 205 57 68 206 57 69 207 62 69 208 63 69 209 63 70 210 62 70 211 64 70 212 57 71 213 63 71 214 65 71 215 65 72 216 63 72 217 66 72 218 66 73 219 63 73 220 67 73 221 66 74 222 67 74 223 68 74 224 70 75 225 69 75 226 71 75 227 70 76 228 71 76 229 72 76 230 70 77 231 69 77 232 73 77 233 70 78 234 73 78 235 74 78 236 75 79 237 76 79 238 77 79 239 75 80 240 77 80 241 78 80 242 78 81 243 77 81 244 79 81 245 77 82 246 76 82 247 80 82 248 80 83 249 76 83 250 81 83 251 77 84 252 80 84 253 82 84 254 83 85 255 84 85 256 85 85 257 83 86 258 85 86 259 86 86 260 83 87 261 86 87 262 87 87 263 83 88 264 84 88 265 88 88 266 88 89 267 83 89 268 89 89 269 88 90 270 89 90 271 90 90 272 90 91 273 89 91 274 91 91 275 93 92 276 92 92 277 94 92 278 94 93 279 93 93 280 95 93 281 97 94 282 96 94 283 98 94 284 98 95 285 97 95 286 99 95 287 96 96 288 97 96 289 100 96 290 101 97 291 102 97 292 103 97 293 103 98 294 102 98 295 104 98 296 104 99 297 102 99 298 101 99 299 105 100 300 106 100 301 107 100 302 108 101 303 109 101 304 110 101 305 110 102 306 108 102 307 111 102 308 111 103 309 108 103 310 112 103 311 112 104 312 111 104 313 113 104 314 113 105 315 111 105 316 114 105 317 115 106 318 116 106 319 112 106 320 115 107 321 112 107 322 113 107 323 113 108 324 114 108 325 117 108 326 115 109 327 113 109 328 118 109 329 115 110 330 118 110 331 119 110 332 119 111 333 118 111 334 120 111 335 120 112 336 118 112 337 121 112 338 120 113 339 121 113 340 122 113 341 118 114 342 113 114 343 123 114 344 118 115 345 123 115 346 121 115 347 121 116 348 123 116 349 122 116 350 113 117 351 123 117 352 117 117 353 122 118 354 123 118 355 124 118 356 124 119 357 123 119 358 117 119 359 124 120 360 117 120 361 125 120 362 126 121 363 127 121 364 128 121 365 128 122 366 127 122 367 129 122 368 128 123 369 126 123 370 130 123 371 130 124 372 128 124 373 131 124 374 130 125 375 131 125 376 132 125 377 132 126 378 130 126 379 133 126 380 130 127 381 133 127 382 134 127 383 130 128 384 126 128 385 135 128 386 130 129 387 134 129 388 136 129 389 130 130 390 136 130 391 137 130 392 137 131 393 136 131 394 138 131 395 138 132 396 136 132 397 139 132 398 137 133 399 138 133 400 140 133 401 137 134 402 140 134 403 130 134 404 140 135 405 138 135 406 139 135 407 141 136 408 135 136 409 130 136 410 141 137 411 130 137 412 140 137 413 141 138 414 140 138 415 139 138 416 135 139 417 141 139 418 142 139 419 141 140 420 139 140 421 143 140 422 143 141 423 141 141 424 142 141 425 144 142 426 145 142 427 146 142 428 144 143 429 145 143 430 147 143 431 148 144 432 149 144 433 150 144 434 149 145 435 150 145 436 151 145 437 152 146 438 153 146 439 154 146 440 152 147 441 154 147 442 155 147 443 153 148 444 152 148 445 156 148 446 153 149 447 156 149 448 157 149 449 158 150 450 159 150 451 160 150 452 161 151 453 162 151 454 163 151 455 163 152 456 162 152 457 164 152 458 164 153 459 162 153 460 165 153 461 164 154 462 165 154 463 166 154 464 163 155 465 164 155 466 167 155 467 167 156 468 163 156 469 168 156 470 168 157 471 167 157 472 169 157 473 168 158 474 169 158 475 170 158 476 170 159 477 169 159 478 171 159 479 172 160 480 173 160 481 174 160 482 174 161 483 173 161 484 175 161 485 174 162 486 175 162 487 176 162 488 174 163 489 176 163 490 177 163 491 177 164 492 176 164 493 178 164 494 179 165 495 180 165 496 181 165 497 181 166 498 180 166 499 182 166 500 182 167 501 180 167 502 183 167 503 180 168 504 179 168 505 184 168 506 184 169 507 179 169 508 185 169 509 186 170 510 187 170 511 188 170 512 188 171 513 187 171 514 189 171 515 187 172 516 189 172 517 190 172 518 190 173 519 187 173 520 191 173 521 187 174 522 186 174 523 192 174 524 187 175 525 192 175 526 193 175 527 193 176 528 192 176 529 194 176 530 195 177 531 196 177 532 197 177 533 198 178 534 199 178 535 200 178 536 199 179 537 198 179 538 201 179 539 201 180 540 198 180 541 202 180 542 202 181 543 198 181 544 203 181 545 203 182 546 198 182 547 200 182 548 203 183 549 200 183 550 204 183 551 205 184 552 206 184 553 207 184 554 205 185 555 207 185 556 208 185 557 207 186 558 208 186 559 209 186 560 209 187 561 210 187 562 211 187 563 210 188 564 209 188 565 212 188 566 209 189 567 212 189 568 208 189 569 212 190 570 210 190 571 213 190 572 208 191 573 212 191 574 214 191 575 208 192 576 214 192 577 215 192 578 215 193 579 214 193 580 216 193 581 208 194 582 215 194 583 217 194 584 208 195 585 217 195 586 205 195 587 215 196 588 216 196 589 218 196 590 215 197 591 218 197 592 217 197 593 218 198 594 216 198 595 219 198 596 219 199 597 218 199 598 220 199 599 218 200 600 220 200 601 221 200 602 218 201 603 221 201 604 222 201 605 222 202 606 221 202 607 223 202 608 218 203 609 222 203 610 224 203 611 218 204 612 224 204 613 217 204 614 224 205 615 222 205 616 225 205 617 225 206 618 222 206 619 226 206 620 227 207 621 228 207 622 226 207 623 226 208 624 228 208 625 229 208 626 229 209 627 228 209 628 230 209 629 230 210 630 228 210 631 231 210 632 226 211 633 229 211 634 232 211 635 232 212 636 229 212 637 230 212 638 226 213 639 232 213 640 225 213 641 230 214 642 231 214 643 233 214 644 232 215 645 230 215 646 234 215 647 232 216 648 234 216 649 225 216 650 230 217 651 233 217 652 235 217 653 230 218 654 235 218 655 234 218 656 234 219 657 235 219 658 236 219 659 236 220 660 235 220 661 233 220 662 234 221 663 236 221 664 225 221 665 236 222 666 233 222 667 205 222 668 205 223 669 233 223 670 237 223 671 236 224 672 205 224 673 217 224 674 225 225 675 236 225 676 238 225 677 236 226 678 238 226 679 217 226 680 225 227 681 238 227 682 239 227 683 239 228 684 225 228 685 224 228 686 238 229 687 217 229 688 240 229 689 241 230 690 217 230 691 224 230 692 217 231 693 241 231 694 240 231 695 241 232 696 224 232 697 239 232 698 238 233 699 240 233 700 242 233 701 242 234 702 240 234 703 241 234 704 238 235 705 242 235 706 239 235 707 239 236 708 242 236 709 241 236 710 243 237 711 244 237 712 245 237 713 243 238 714 245 238 715 246 238 716 246 239 717 243 239 718 247 239 719 246 240 720 245 240 721 248 240 722 245 241 723 248 241 724 244 241 725 248 242 726 244 242 727 249 242 728 248 243 729 249 243 730 250 243 731 251 244 732 252 244 733 253 244 734 252 245 735 251 245 736 254 245 737 252 246 738 254 246 739 255 246 740 252 247 741 255 247 742 253 247 743 253 248 744 255 248 745 256 248 746 257 249 747 258 249 748 259 249 749 258 250 750 257 250 751 260 250 752 260 251 753 257 251 754 261 251 755 260 252 756 261 252 757 262 252 758 261 253 759 257 253 760 263 253 761 263 254 762 257 254 763 264 254 764 262 255 765 261 255 766 265 255 767 263 256 768 264 256 769 266 256 770 266 257 771 264 257 772 267 257 773 261 258 774 263 258 775 268 258 776 268 259 777 263 259 778 266 259 779 262 260 780 265 260 781 269 260 782 265 261 783 261 261 784 270 261 785 265 262 786 270 262 787 271 262 788 270 263 789 261 263 790 272 263 791 272 264 792 261 264 793 268 264 794 271 265 795 270 265 796 273 265 797 273 266 798 270 266 799 272 266 800 271 267 801 273 267 802 274 267 803 274 268 804 273 268 805 272 268 806 271 269 807 274 269 808 265 269 809 274 270 810 272 270 811 275 270 812 275 271 813 274 271 814 265 271 815 275 272 816 272 272 817 268 272 818 265 273 819 275 273 820 269 273 821 275 274 822 268 274 823 276 274 824 269 275 825 275 275 826 277 275 827 277 276 828 275 276 829 276 276 830 269 277 831 277 277 832 278 277 833 269 278 834 278 278 835 279 278 836 277 279 837 276 279 838 280 279 839 276 280 840 268 280 841 281 280 842 281 281 843 268 281 844 266 281 845 280 282 846 276 282 847 282 282 848 282 283 849 276 283 850 281 283 851 277 284 852 280 284 853 283 284 854 283 285 855 280 285 856 282 285 857 277 286 858 283 286 859 278 286 860 278 287 861 283 287 862 284 287 863 278 288 864 284 288 865 285 288 866 283 289 867 282 289 868 286 289 869 286 290 870 282 290 871 281 290 872 283 291 873 286 291 874 284 291 875 286 292 876 281 292 877 266 292 878 284 293 879 286 293 880 287 293 881 287 294 882 286 294 883 266 294 884 288 295 885 289 295 886 290 295 887 292 296 888 291 296 889 293 296 890 293 297 891 292 297 892 294 297 893 295 298 894 296 298 895 297 298 896 295 299 897 297 299 898 298 299 899 300 300 900 299 300 901 301 300 902 301 301 903 300 301 904 302 301 905 301 302 906 302 302 907 303 302 908 303 303 909 302 303 910 304 303 911 303 304 912 301 304 913 305 304 914 305 305 915 301 305 916 299 305 917 299 306 918 305 306 919 306 306 920 299 307 921 306 307 922 307 307 923 308 308 924 309 308 925 310 308 926 309 309 927 308 309 928 311 309 929 309 310 930 311 310 931 312 310 932 310 311 933 309 311 934 313 311 935 313 312 936 309 312 937 312 312 938 310 313 939 313 313 940 314 313 941 312 314 942 311 314 943 315 314 944 312 315 945 315 315 946 313 315 947 314 316 948 313 316 949 316 316 950 316 317 951 313 317 952 315 317 953 314 318 954 316 318 955 317 318 956 316 319 957 315 319 958 318 319 959 318 320 960 315 320 961 319 320 962 317 321 963 316 321 964 320 321 965 320 322 966 317 322 967 321 322 968 316 323 969 320 323 970 322 323 971 321 324 972 320 324 973 323 324 974 320 325 975 322 325 976 324 325 977 320 326 978 324 326 979 323 326 980 325 327 981 326 327 982 327 327 983 326 328 984 327 328 985 328 328 986 329 329 987 330 329 988 331 329 989 331 330 990 330 330 991 332 330 992 329 331 993 331 331 994 333 331 995 333 332 996 331 332 997 334 332 998 334 333 999 331 333 1000 335 333 1001 336 334 1002 337 334 1003 338 334 1004 336 335 1005 338 335 1006 339 335 1007 337 336 1008 336 336 1009 340 336 1010 340 337 1011 336 337 1012 341 337 1013 342 338 1014 343 338 1015 344 338 1016 343 339 1017 342 339 1018 345 339 1019 342 340 1020 344 340 1021 346 340 1022 342 341 1023 346 341 1024 347 341 1025 342 342 1026 347 342 1027 348 342 1028 349 343 1029 350 343 1030 351 343 1031 350 344 1032 349 344 1033 352 344 1034 352 345 1035 350 345 1036 353 345 1037 352 346 1038 349 346 1039 354 346 1040 352 347 1041 354 347 1042 353 347 1043 356 348 1044 355 348 1045 357 348 1046 358 349 1047 359 349 1048 360 349 1049 358 350 1050 360 350 1051 361 350 1052 358 351 1053 361 351 1054 362 351 1055 362 352 1056 361 352 1057 363 352 1058 362 353 1059 363 353 1060 364 353 1061 362 354 1062 364 354 1063 365 354 1064 365 355 1065 364 355 1066 366 355 1067 367 356 1068 368 356 1069 129 356 1070 368 357 1071 367 357 1072 369 357 1073 367 358 1074 129 358 1075 370 358 1076 367 359 1077 370 359 1078 369 359 1079 370 360 1080 129 360 1081 127 360 1082 369 361 1083 370 361 1084 371 361 1085 370 362 1086 127 362 1087 372 362 1088 370 363 1089 372 363 1090 371 363 1091 371 364 1092 372 364 1093 369 364 1094 369 365 1095 372 365 1096 373 365 1097 372 366 1098 127 366 1099 374 366 1100 372 367 1101 374 367 1102 375 367 1103 376 368 1104 377 368 1105 378 368 1106 376 369 1107 378 369 1108 379 369 1109 379 370 1110 378 370 1111 380 370 1112 378 371 1113 377 371 1114 381 371 1115 382 372 1116 377 372 1117 383 372 1118 377 373 1119 382 373 1120 384 373 1121 377 374 1122 384 374 1123 381 374 1124 381 375 1125 384 375 1126 385 375 1127 385 376 1128 384 376 1129 386 376 1130 386 377 1131 384 377 1132 387 377 1133 389 378 1134 388 378 1135 390 378 1136 390 379 1137 389 379 1138 391 379 1139 390 380 1140 388 380 1141 392 380 1142 390 381 1143 391 381 1144 393 381 1145 392 382 1146 390 382 1147 394 382 1148 394 383 1149 390 383 1150 393 383 1151 395 384 1152 396 384 1153 397 384 1154 396 385 1155 395 385 1156 398 385 1157 396 386 1158 398 386 1159 399 386 1160 399 387 1161 398 387 1162 400 387 1163 400 388 1164 398 388 1165 401 388 1166 400 389 1167 401 389 1168 402 389 1169 400 390 1170 402 390 1171 403 390 1172 404 391 1173 405 391 1174 406 391 1175 405 392 1176 404 392 1177 407 392 1178 408 393 1179 409 393 1180 410 393 1181 409 394 1182 408 394 1183 411 394 1184 408 395 1185 410 395 1186 412 395 1187 412 396 1188 410 396 1189 413 396 1190 412 397 1191 413 397 1192 414 397 1193 415 398 1194 416 398 1195 417 398 1196 417 399 1197 416 399 1198 418 399 1199 419 400 1200 420 400 1201 421 400 1202 421 401 1203 420 401 1204 422 401 1205 421 402 1206 422 402 1207 423 402 1208 419 403 1209 420 403 1210 424 403 1211 420 404 1212 424 404 1213 422 404 1214 422 405 1215 424 405 1216 423 405 1217 424 406 1218 419 406 1219 425 406 1220 424 407 1221 425 407 1222 423 407 1223 425 408 1224 423 408 1225 426 408 1226 427 409 1227 428 409 1228 429 409 1229 427 410 1230 429 410 1231 430 410 1232 429 411 1233 428 411 1234 431 411 1235 429 412 1236 431 412 1237 432 412 1238 433 413 1239 434 413 1240 435 413 1241 433 414 1242 435 414 1243 436 414 1244 436 415 1245 435 415 1246 437 415 1247 436 416 1248 437 416 1249 438 416 1250 437 417 1251 435 417 1252 439 417 1253 437 418 1254 439 418 1255 440 418 1256 440 419 1257 439 419 1258 441 419 1259 438 420 1260 437 420 1261 442 420 1262 442 421 1263 437 421 1264 440 421 1265 438 422 1266 442 422 1267 443 422 1268 442 423 1269 440 423 1270 444 423 1271 442 424 1272 444 424 1273 443 424 1274 445 425 1275 446 425 1276 447 425 1277 447 426 1278 446 426 1279 448 426 1280 446 427 1281 445 427 1282 449 427 1283 446 428 1284 449 428 1285 448 428 1286 448 429 1287 449 429 1288 450 429 1289 450 430 1290 449 430 1291 451 430 1292 451 431 1293 449 431 1294 452 431 1295 451 432 1296 452 432 1297 453 432 1298 451 433 1299 453 433 1300 454 433 1301 455 434 1302 456 434 1303 457 434 1304 455 435 1305 457 435 1306 458 435 1307 458 436 1308 457 436 1309 459 436 1310 457 437 1311 459 437 1312 460 437 1313 457 438 1314 456 438 1315 461 438 1316 457 439 1317 461 439 1318 462 439 1319 461 440 1320 456 440 1321 463 440 1322 461 441 1323 463 441 1324 464 441 1325 464 442 1326 463 442 1327 465 442 1328 465 443 1329 463 443 1330 466 443 1331 467 444 1332 468 444 1333 469 444 1334 468 445 1335 467 445 1336 470 445 1337 471 446 1338 472 446 1339 473 446 1340 473 447 1341 472 447 1342 474 447 1343 475 448 1344 476 448 1345 477 448 1346 477 449 1347 476 449 1348 478 449 1349 478 450 1350 476 450 1351 479 450 1352 479 451 1353 476 451 1354 480 451 1355 479 452 1356 480 452 1357 481 452 1358 482 453 1359 483 453 1360 484 453 1361 483 454 1362 482 454 1363 485 454 1364 485 455 1365 482 455 1366 486 455 1367 487 456 1368 488 456 1369 489 456 1370 488 457 1371 487 457 1372 490 457 1373 491 458 1374 492 458 1375 493 458 1376 492 459 1377 491 459 1378 494 459 1379 493 460 1380 492 460 1381 495 460 1382 495 461 1383 493 461 1384 496 461 1385 492 462 1386 494 462 1387 497 462 1388 497 463 1389 494 463 1390 498 463 1391 497 464 1392 498 464 1393 499 464 1394 499 465 1395 498 465 1396 500 465 1397 499 466 1398 500 466 1399 501 466 1400 502 467 1401 503 467 1402 504 467 1403 504 468 1404 503 468 1405 505 468 1406 505 469 1407 503 469 1408 506 469 1409 507 470 1410 508 470 1411 509 470 1412 510 471 1413 511 471 1414 512 471 1415 513 472 1416 514 472 1417 515 472 1418 514 473 1419 513 473 1420 516 473 1421 516 474 1422 513 474 1423 517 474 1424 517 475 1425 513 475 1426 518 475 1427 517 476 1428 518 476 1429 519 476 1430 515 477 1431 514 477 1432 520 477 1433 515 478 1434 520 478 1435 521 478 1436 521 479 1437 520 479 1438 522 479 1439 520 480 1440 514 480 1441 523 480 1442 523 481 1443 520 481 1444 524 481 1445 524 482 1446 523 482 1447 525 482 1448 524 483 1449 520 483 1450 526 483 1451 526 484 1452 524 484 1453 527 484 1454 528 485 1455 529 485 1456 530 485 1457 528 486 1458 530 486 1459 531 486 1460 528 487 1461 531 487 1462 532 487 1463 529 488 1464 528 488 1465 533 488 1466 533 489 1467 528 489 1468 532 489 1469 529 490 1470 533 490 1471 534 490 1472 534 491 1473 533 491 1474 535 491 1475 535 492 1476 533 492 1477 536 492 1478 536 493 1479 533 493 1480 537 493 1481 537 494 1482 533 494 1483 532 494 1484 536 495 1485 537 495 1486 538 495 1487 537 496 1488 532 496 1489 539 496 1490 539 497 1491 532 497 1492 540 497 1493 537 498 1494 539 498 1495 541 498 1496 537 499 1497 541 499 1498 538 499 1499 541 500 1500 539 500 1501 542 500 1502 541 501 1503 542 501 1504 543 501 1505 543 502 1506 541 502 1507 544 502 1508 538 503 1509 541 503 1510 545 503 1511 545 504 1512 541 504 1513 544 504 1514 538 505 1515 545 505 1516 546 505 1517 545 506 1518 544 506 1519 547 506 1520 548 507 1521 549 507 1522 550 507 1523 552 508 1524 551 508 1525 553 508 1526 555 509 1527 554 509 1528 556 509 1529 555 510 1530 556 510 1531 557 510 1532 557 511 1533 556 511 1534 558 511 1535 557 512 1536 555 512 1537 559 512 1538 559 513 1539 557 513 1540 560 513 1541 559 514 1542 555 514 1543 561 514 1544 561 515 1545 555 515 1546 562 515 1547 561 516 1548 562 516 1549 563 516 1550 561 517 1551 563 517 1552 564 517 1553 561 518 1554 564 518 1555 565 518 1556 561 519 1557 565 519 1558 559 519 1559 559 520 1560 565 520 1561 560 520 1562 560 521 1563 565 521 1564 566 521 1565 560 522 1566 566 522 1567 567 522 1568 560 523 1569 567 523 1570 568 523 1571 567 524 1572 566 524 1573 569 524 1574 567 525 1575 569 525 1576 568 525 1577 570 526 1578 571 526 1579 572 526 1580 570 527 1581 572 527 1582 573 527 1583 574 528 1584 575 528 1585 576 528 1586 575 529 1587 574 529 1588 577 529 1589 576 530 1590 575 530 1591 578 530 1592 576 531 1593 578 531 1594 574 531 1595 578 532 1596 575 532 1597 579 532 1598 578 533 1599 579 533 1600 580 533 1601 580 534 1602 578 534 1603 581 534 1604 578 535 1605 581 535 1606 582 535 1607 574 536 1608 578 536 1609 583 536 1610 578 537 1611 582 537 1612 584 537 1613 578 538 1614 584 538 1615 583 538 1616 583 539 1617 584 539 1618 585 539 1619 586 540 1620 587 540 1621 588 540 1622 587 541 1623 586 541 1624 589 541 1625 587 542 1626 589 542 1627 590 542 1628 590 543 1629 587 543 1630 591 543 1631 587 544 1632 591 544 1633 588 544 1634 588 545 1635 591 545 1636 592 545 1637 588 546 1638 592 546 1639 593 546 1640 594 547 1641 592 547 1642 595 547 1643 592 548 1644 594 548 1645 596 548 1646 592 549 1647 596 549 1648 593 549 1649 596 550 1650 594 550 1651 597 550 1652 598 551 1653 593 551 1654 599 551 1655 599 552 1656 593 552 1657 600 552 1658 600 553 1659 593 553 1660 596 553 1661 599 554 1662 600 554 1663 601 554 1664 600 555 1665 596 555 1666 602 555 1667 600 556 1668 602 556 1669 601 556 1670 602 557 1671 596 557 1672 603 557 1673 602 558 1674 603 558 1675 604 558 1676 602 559 1677 604 559 1678 605 559 1679 602 560 1680 605 560 1681 606 560 1682 602 561 1683 606 561 1684 607 561 1685 602 562 1686 607 562 1687 601 562 1688 601 563 1689 607 563 1690 608 563 1691 608 564 1692 601 564 1693 609 564 1694 608 565 1695 607 565 1696 610 565 1697 608 566 1698 610 566 1699 609 566 1700 611 567 1701 612 567 1702 613 567 1703 611 568 1704 613 568 1705 614 568 1706 614 569 1707 613 569 1708 615 569 1709 613 570 1710 612 570 1711 616 570 1712 613 571 1713 616 571 1714 617 571 1715 617 572 1716 616 572 1717 618 572 1718 618 573 1719 616 573 1720 612 573 1721 618 574 1722 612 574 1723 619 574 1724 618 575 1725 619 575 1726 620 575 1727 621 576 1728 622 576 1729 623 576 1730 622 577 1731 621 577 1732 624 577 1733 622 578 1734 624 578 1735 625 578 1736 624 579 1737 621 579 1738 626 579 1739 626 580 1740 621 580 1741 627 580 1742 626 581 1743 627 581 1744 628 581 1745 627 582 1746 621 582 1747 629 582 1748 630 583 1749 631 583 1750 632 583 1751 632 584 1752 631 584 1753 633 584 1754 631 585 1755 630 585 1756 634 585 1757 631 586 1758 634 586 1759 635 586 1760 635 587 1761 634 587 1762 636 587 1763 635 588 1764 636 588 1765 637 588 1766 637 589 1767 636 589 1768 638 589 1769 639 590 1770 640 590 1771 641 590 1772 639 591 1773 641 591 1774 642 591 1775 642 592 1776 641 592 1777 643 592 1778 643 593 1779 641 593 1780 644 593 1781 639 594 1782 642 594 1783 645 594 1784 645 595 1785 642 595 1786 643 595 1787 639 596 1788 645 596 1789 646 596 1790 646 597 1791 645 597 1792 647 597 1793 645 598 1794 643 598 1795 648 598 1796 645 599 1797 648 599 1798 647 599 1799 648 600 1800 643 600 1801 649 600 1802 647 601 1803 648 601 1804 650 601 1805 647 602 1806 650 602 1807 651 602 1808 648 603 1809 649 603 1810 652 603 1811 650 604 1812 648 604 1813 653 604 1814 653 605 1815 648 605 1816 652 605 1817 650 606 1818 653 606 1819 654 606 1820 654 607 1821 653 607 1822 655 607 1823 655 608 1824 653 608 1825 652 608 1826 654 609 1827 655 609 1828 656 609 1829 655 610 1830 652 610 1831 657 610 1832 655 611 1833 657 611 1834 656 611 1835 656 612 1836 657 612 1837 658 612 1838 658 613 1839 657 613 1840 659 613 1841 657 614 1842 652 614 1843 660 614 1844 659 615 1845 657 615 1846 661 615 1847 661 616 1848 657 616 1849 660 616 1850 661 617 1851 660 617 1852 662 617 1853 663 618 1854 664 618 1855 665 618 1856 666 619 1857 667 619 1858 668 619 1859 669 620 1860 670 620 1861 671 620 1862 670 621 1863 669 621 1864 672 621 1865 669 622 1866 671 622 1867 673 622 1868 669 623 1869 673 623 1870 674 623 1871 672 624 1872 669 624 1873 675 624 1874 675 625 1875 669 625 1876 674 625 1877 674 626 1878 673 626 1879 676 626 1880 674 627 1881 676 627 1882 675 627 1883 676 628 1884 673 628 1885 677 628 1886 676 629 1887 677 629 1888 678 629 1889 676 630 1890 678 630 1891 679 630 1892 676 631 1893 679 631 1894 675 631 1895 679 632 1896 678 632 1897 680 632 1898 679 633 1899 680 633 1900 681 633 1901 679 634 1902 681 634 1903 682 634 1904 679 635 1905 682 635 1906 683 635 1907 679 636 1908 683 636 1909 675 636 1910 675 637 1911 683 637 1912 684 637 1913 675 638 1914 684 638 1915 672 638 1916 684 639 1917 683 639 1918 685 639 1919 672 640 1920 684 640 1921 686 640 1922 686 641 1923 684 641 1924 685 641 1925 687 642 1926 688 642 1927 689 642 1928 689 643 1929 688 643 1930 690 643 1931 690 644 1932 688 644 1933 691 644 1934 692 645 1935 693 645 1936 694 645 1937 692 646 1938 694 646 1939 695 646 1940 692 647 1941 695 647 1942 696 647 1943 697 648 1944 698 648 1945 699 648 1946 697 649 1947 699 649 1948 700 649 1949 700 650 1950 699 650 1951 701 650 1952 701 651 1953 699 651 1954 702 651 1955 700 652 1956 701 652 1957 703 652 1958 700 653 1959 703 653 1960 704 653 1961 704 654 1962 703 654 1963 705 654 1964 704 655 1965 705 655 1966 706 655 1967 703 656 1968 701 656 1969 707 656 1970 707 657 1971 701 657 1972 702 657 1973 703 658 1974 707 658 1975 708 658 1976 707 659 1977 702 659 1978 709 659 1979 707 660 1980 709 660 1981 708 660 1982 710 661 1983 711 661 1984 712 661 1985 711 662 1986 710 662 1987 713 662 1988 714 663 1989 715 663 1990 716 663 1991 715 664 1992 714 664 1993 717 664 1994 717 665 1995 714 665 1996 718 665 1997 718 666 1998 714 666 1999 719 666 2000 719 667 2001 714 667 2002 720 667 2003 718 668 2004 719 668 2005 721 668 2006 718 669 2007 721 669 2008 722 669 2009 719 670 2010 720 670 2011 723 670 2012 719 671 2013 723 671 2014 721 671 2015 722 672 2016 721 672 2017 724 672 2018 724 673 2019 721 673 2020 723 673 2021 723 674 2022 720 674 2023 725 674 2024 724 675 2025 723 675 2026 726 675 2027 723 676 2028 725 676 2029 727 676 2030 727 677 2031 723 677 2032 726 677 2033 726 678 2034 727 678 2035 728 678 2036 728 679 2037 727 679 2038 729 679 2039 728 680 2040 729 680 2041 730 680 2042 731 681 2043 732 681 2044 733 681 2045 732 682 2046 731 682 2047 734 682 2048 732 683 2049 734 683 2050 735 683 2051 734 684 2052 731 684 2053 736 684 2054 735 685 2055 734 685 2056 737 685 2057 734 686 2058 736 686 2059 738 686 2060 738 687 2061 736 687 2062 739 687 2063 737 688 2064 734 688 2065 740 688 2066 740 689 2067 734 689 2068 738 689 2069 740 690 2070 738 690 2071 739 690 2072 737 691 2073 740 691 2074 741 691 2075 741 692 2076 740 692 2077 742 692 2078 742 693 2079 740 693 2080 739 693 2081 742 694 2082 739 694 2083 743 694 2084 744 695 2085 745 695 2086 746 695 2087 744 696 2088 746 696 2089 747 696 2090 748 697 2091 749 697 2092 750 697 2093 752 698 2094 751 698 2095 753 698 2096 751 699 2097 753 699 2098 754 699 2099 754 700 2100 753 700 2101 755 700 2102 755 701 2103 753 701 2104 756 701 2105 754 702 2106 755 702 2107 757 702 2108 757 703 2109 755 703 2110 758 703 2111 758 704 2112 755 704 2113 759 704 2114 754 705 2115 757 705 2116 760 705 2117 754 706 2118 760 706 2119 751 706 2120 751 707 2121 760 707 2122 761 707 2123 751 708 2124 761 708 2125 762 708 2126 762 709 2127 761 709 2128 763 709 2129 763 710 2130 761 710 2131 764 710 2132 761 711 2133 760 711 2134 765 711 2135 761 712 2136 765 712 2137 764 712 2138 765 713 2139 760 713 2140 766 713 2141 764 714 2142 765 714 2143 767 714 2144 765 715 2145 766 715 2146 768 715 2147 767 716 2148 765 716 2149 769 716 2150 769 717 2151 765 717 2152 768 717 2153 769 718 2154 768 718 2155 770 718 2156 772 719 2157 771 719 2158 773 719 2159 771 720 2160 773 720 2161 774 720 2162 771 721 2163 774 721 2164 775 721 2165 772 722 2166 771 722 2167 776 722 2168 774 723 2169 773 723 2170 777 723 2171 774 724 2172 777 724 2173 775 724 2174 777 725 2175 773 725 2176 772 725 2177 772 726 2178 776 726 2179 778 726 2180 778 727 2181 776 727 2182 779 727 2183 772 728 2184 778 728 2185 780 728 2186 772 729 2187 780 729 2188 777 729 2189 775 730 2190 777 730 2191 781 730 2192 781 731 2193 777 731 2194 780 731 2195 775 732 2196 781 732 2197 782 732 2198 782 733 2199 781 733 2200 783 733 2201 782 734 2202 783 734 2203 784 734 2204 783 735 2205 781 735 2206 785 735 2207 784 736 2208 783 736 2209 786 736 2210 784 737 2211 786 737 2212 787 737 2213 787 738 2214 786 738 2215 788 738 2216 788 739 2217 786 739 2218 789 739 2219 789 740 2220 786 740 2221 790 740 2222 785 741 2223 781 741 2224 791 741 2225 781 742 2226 792 742 2227 780 742 2228 781 743 2229 792 743 2230 791 743 2231 792 744 2232 780 744 2233 793 744 2234 791 745 2235 792 745 2236 794 745 2237 794 746 2238 792 746 2239 793 746 2240 791 747 2241 794 747 2242 795 747 2243 795 748 2244 794 748 2245 793 748 2246 791 749 2247 795 749 2248 796 749 2249 795 750 2250 793 750 2251 797 750 2252 798 751 2253 799 751 2254 800 751 2255 798 752 2256 800 752 2257 801 752 2258 800 753 2259 799 753 2260 802 753 2261 801 754 2262 803 754 2263 804 754 2264 804 755 2265 801 755 2266 805 755 2267 801 756 2268 800 756 2269 806 756 2270 801 757 2271 806 757 2272 805 757 2273 806 758 2274 800 758 2275 802 758 2276 806 759 2277 805 759 2278 807 759 2279 807 760 2280 806 760 2281 802 760 2282 808 761 2283 802 761 2284 799 761 2285 807 762 2286 802 762 2287 809 762 2288 809 763 2289 802 763 2290 810 763 2291 810 764 2292 802 764 2293 808 764 2294 807 765 2295 809 765 2296 811 765 2297 810 766 2298 808 766 2299 812 766 2300 807 767 2301 811 767 2302 813 767 2303 807 768 2304 813 768 2305 814 768 2306 814 769 2307 813 769 2308 815 769 2309 815 770 2310 813 770 2311 816 770 2312 812 771 2313 808 771 2314 817 771 2315 817 772 2316 808 772 2317 818 772 2318 812 773 2319 817 773 2320 819 773 2321 817 774 2322 818 774 2323 820 774 2324 817 775 2325 820 775 2326 819 775 2327 819 776 2328 820 776 2329 821 776 2330 819 777 2331 821 777 2332 822 777 2333 823 778 2334 824 778 2335 825 778 2336 825 779 2337 824 779 2338 826 779 2339 825 780 2340 826 780 2341 827 780 2342 826 781 2343 824 781 2344 828 781 2345 828 782 2346 824 782 2347 829 782 2348 826 783 2349 828 783 2350 830 783 2351 830 784 2352 828 784 2353 831 784 2354 830 785 2355 831 785 2356 832 785 2357 830 786 2358 832 786 2359 833 786 2360 826 787 2361 830 787 2362 834 787 2363 834 788 2364 830 788 2365 833 788 2366 826 789 2367 834 789 2368 827 789 2369 834 790 2370 833 790 2371 835 790 2372 834 791 2373 835 791 2374 836 791 2375 834 792 2376 836 792 2377 827 792 2378 827 793 2379 836 793 2380 837 793 2381 838 794 2382 839 794 2383 840 794 2384 838 795 2385 840 795 2386 841 795 2387 839 796 2388 838 796 2389 842 796 2390 842 797 2391 838 797 2392 843 797 2393 843 798 2394 838 798 2395 844 798 2396 844 799 2397 838 799 2398 845 799 2399 846 800 2400 847 800 2401 848 800 2402 846 801 2403 848 801 2404 849 801 2405 849 802 2406 846 802 2407 850 802 2408 852 803 2409 851 803 2410 853 803 2411 851 804 2412 853 804 2413 854 804 2414 855 805 2415 856 805 2416 857 805 2417 857 806 2418 856 806 2419 858 806 2420 859 807 2421 860 807 2422 858 807 2423 858 808 2424 860 808 2425 861 808 2426 858 809 2427 861 809 2428 857 809 2429 857 810 2430 861 810 2431 855 810 2432 862 811 2433 863 811 2434 861 811 2435 861 812 2436 863 812 2437 864 812 2438 861 813 2439 864 813 2440 855 813 2441 865 814 2442 856 814 2443 855 814 2444 855 815 2445 864 815 2446 866 815 2447 855 816 2448 866 816 2449 865 816 2450 856 817 2451 865 817 2452 867 817 2453 867 818 2454 865 818 2455 866 818 2456 856 819 2457 867 819 2458 868 819 2459 866 820 2460 864 820 2461 869 820 2462 867 821 2463 866 821 2464 870 821 2465 866 822 2466 869 822 2467 871 822 2468 866 823 2469 871 823 2470 870 823 2471 872 824 2472 873 824 2473 874 824 2474 872 825 2475 874 825 2476 875 825 2477 874 826 2478 873 826 2479 876 826 2480 874 827 2481 876 827 2482 877 827 2483 878 828 2484 879 828 2485 880 828 2486 878 829 2487 879 829 2488 881 829 2489 881 830 2490 878 830 2491 882 830 2492 884 831 2493 883 831 2494 885 831 2495 884 832 2496 883 832 2497 886 832 2498 883 833 2499 886 833 2500 887 833 2501 888 834 2502 889 834 2503 890 834 2504 889 835 2505 888 835 2506 891 835 2507 892 836 2508 893 836 2509 894 836 2510 895 837 2511 896 837 2512 897 837 2513 897 838 2514 896 838 2515 898 838 2516 897 839 2517 898 839 2518 899 839 2519 897 840 2520 899 840 2521 900 840 2522 897 841 2523 900 841 2524 895 841 2525 896 842 2526 895 842 2527 901 842 2528 895 843 2529 900 843 2530 902 843 2531 901 844 2532 895 844 2533 903 844 2534 903 845 2535 895 845 2536 902 845 2537 901 846 2538 903 846 2539 904 846 2540 903 847 2541 902 847 2542 905 847 2543 904 848 2544 903 848 2545 906 848 2546 904 849 2547 906 849 2548 907 849 2549 903 850 2550 905 850 2551 908 850 2552 908 851 2553 905 851 2554 909 851 2555 903 852 2556 908 852 2557 910 852 2558 911 853 2559 912 853 2560 913 853 2561 912 854 2562 911 854 2563 914 854 2564 914 855 2565 911 855 2566 915 855 2567 916 856 2568 917 856 2569 918 856 2570 916 857 2571 918 857 2572 919 857 2573 917 858 2574 916 858 2575 920 858 2576 916 859 2577 919 859 2578 921 859 2579 920 860 2580 916 860 2581 922 860 2582 922 861 2583 916 861 2584 921 861 2585 920 862 2586 922 862 2587 923 862 2588 922 863 2589 921 863 2590 924 863 2591 923 864 2592 922 864 2593 925 864 2594 925 865 2595 922 865 2596 924 865 2597 925 866 2598 924 866 2599 926 866 2600 925 867 2601 926 867 2602 927 867 2603 925 868 2604 927 868 2605 928 868 2606 928 869 2607 927 869 2608 929 869 2609 928 870 2610 929 870 2611 930 870 2612 930 871 2613 929 871 2614 0 871 2615 929 872 2616 927 872 2617 931 872 2618 931 873 2619 927 873 2620 932 873 2621 0 874 2622 929 874 2623 933 874 2624 933 875 2625 929 875 2626 931 875 2627 0 876 2628 933 876 2629 934 876 2630 933 877 2631 931 877 2632 935 877 2633 933 878 2634 935 878 2635 934 878 2636 936 879 2637 937 879 2638 938 879 2639 937 880 2640 936 880 2641 939 880 2642 939 881 2643 936 881 2644 940 881 2645 940 882 2646 936 882 2647 941 882 2648 940 883 2649 941 883 2650 942 883 2651 942 884 2652 940 884 2653 943 884 2654 940 885 2655 943 885 2656 944 885 2657 945 886 2658 946 886 2659 947 886 2660 946 887 2661 945 887 2662 948 887 2663 945 888 2664 947 888 2665 949 888 2666 945 889 2667 949 889 2668 948 889 2669 950 890 2670 951 890 2671 952 890 2672 950 891 2673 952 891 2674 953 891 2675 953 892 2676 952 892 2677 954 892 2678 950 893 2679 953 893 2680 955 893 2681 956 894 2682 957 894 2683 958 894 2684 956 895 2685 958 895 2686 959 895 2687 959 896 2688 958 896 2689 960 896 2690 961 897 2691 962 897 2692 963 897 2693 961 898 2694 963 898 2695 964 898 2696 962 899 2697 961 899 2698 965 899 2699 965 900 2700 961 900 2701 966 900 2702 968 901 2703 967 901 2704 969 901 2705 967 902 2706 969 902 2707 970 902 2708 970 903 2709 969 903 2710 971 903 2711 972 904 2712 973 904 2713 974 904 2714 972 905 2715 974 905 2716 975 905 2717 976 906 2718 977 906 2719 978 906 2720 977 907 2721 976 907 2722 979 907 2723 979 908 2724 976 908 2725 980 908 2726 981 909 2727 982 909 2728 983 909 2729 984 910 2730 985 910 2731 986 910 2732 985 911 2733 984 911 2734 987 911 2735 985 912 2736 987 912 2737 988 912 2738 985 913 2739 988 913 2740 986 913 2741 988 914 2742 986 914 2743 989 914 2744 986 915 2745 989 915 2746 990 915 2747 991 916 2748 992 916 2749 993 916 2750 992 917 2751 991 917 2752 994 917 2753 995 918 2754 996 918 2755 997 918 2756 997 919 2757 996 919 2758 998 919 2759 997 920 2760 998 920 2761 999 920 2762 998 921 2763 996 921 2764 1000 921 2765 999 922 2766 998 922 2767 1001 922 2768 998 923 2769 1000 923 2770 1002 923 2771 998 924 2772 1002 924 2773 1001 924 2774 1002 925 2775 1000 925 2776 1003 925 2777 1002 926 2778 1003 926 2779 1004 926 2780 1002 927 2781 1004 927 2782 1001 927 2783 1004 928 2784 1003 928 2785 1005 928 2786 1004 929 2787 1001 929 2788 1006 929 2789 1006 930 2790 1001 930 2791 1007 930 2792 1008 931 2793 1009 931 2794 1010 931 2795 1008 932 2796 1010 932 2797 1011 932 2798 1012 933 2799 1013 933 2800 1014 933 2801 1013 934 2802 1012 934 2803 1015 934 2804 1015 935 2805 1013 935 2806 1016 935 2807 1013 936 2808 1016 936 2809 1017 936 2810 1013 937 2811 1017 937 2812 1014 937 2813 1014 938 2814 1017 938 2815 1018 938 2816 1018 939 2817 1017 939 2818 1019 939 2819 1021 940 2820 1020 940 2821 1022 940 2822 1022 941 2823 1021 941 2824 1023 941 2825 1021 942 2826 1020 942 2827 1024 942 2828 1021 943 2829 1024 943 2830 1025 943 2831 1025 944 2832 1024 944 2833 1020 944 2834 1021 945 2835 1025 945 2836 1023 945 2837 1025 946 2838 1020 946 2839 1026 946 2840 1023 947 2841 1025 947 2842 1027 947 2843 1023 948 2844 1027 948 2845 1028 948 2846 1029 949 2847 1030 949 2848 1031 949 2849 1030 950 2850 1029 950 2851 1032 950 2852 1030 951 2853 1032 951 2854 1033 951 2855 1032 952 2856 1029 952 2857 1034 952 2858 1034 953 2859 1029 953 2860 1035 953 2861 1035 954 2862 1029 954 2863 1031 954 2864 1035 955 2865 1031 955 2866 1036 955 2867 1037 956 2868 1038 956 2869 1039 956 2870 1038 957 2871 1037 957 2872 1040 957 2873 1041 958 2874 1042 958 2875 1043 958 2876 1041 959 2877 1043 959 2878 1044 959 2879 1045 960 2880 1046 960 2881 1047 960 2882 1046 961 2883 1045 961 2884 1048 961 2885 1048 962 2886 1045 962 2887 1049 962 2888 1048 963 2889 1049 963 2890 1050 963 2891 1045 964 2892 1047 964 2893 1051 964 2894 1051 965 2895 1047 965 2896 1052 965 2897 1052 966 2898 1047 966 2899 1053 966 2900 1054 967 2901 1055 967 2902 1056 967 2903 1055 968 2904 1054 968 2905 1057 968 2906 1056 969 2907 1055 969 2908 1058 969 2909 1058 970 2910 1055 970 2911 1059 970 2912 1054 971 2913 1056 971 2914 1060 971 2915 1054 972 2916 1060 972 2917 1061 972 2918 1056 973 2919 1060 973 2920 1062 973 2921 1062 974 2922 1060 974 2923 1063 974 2924 1061 975 2925 1060 975 2926 1064 975 2927 1064 976 2928 1060 976 2929 1065 976 2930 1064 977 2931 1065 977 2932 1066 977 2933 1067 978 2934 1068 978 2935 1069 978 2936 1069 979 2937 1068 979 2938 1070 979 2939 1067 980 2940 1069 980 2941 1071 980 2942 1067 981 2943 1071 981 2944 1072 981 2945 1073 982 2946 1074 982 2947 1075 982 2948 1077 983 2949 1076 983 2950 1078 983 2951 1078 984 2952 1076 984 2953 1079 984 2954 1079 985 2955 1076 985 2956 1080 985 2957 1079 986 2958 1078 986 2959 1081 986 2960 1079 987 2961 1081 987 2962 1082 987 2963 1083 988 2964 1084 988 2965 1085 988 2966 1084 989 2967 1085 989 2968 1086 989 2969 1086 990 2970 1085 990 2971 1087 990 2972 1088 991 2973 1089 991 2974 1090 991 2975 1091 992 2976 1092 992 2977 1093 992 2978 1091 993 2979 1093 993 2980 1094 993 2981 1095 994 2982 1096 994 2983 1097 994 2984 1097 995 2985 1096 995 2986 1098 995 2987 1099 996 2988 1100 996 2989 1101 996 2990 1102 997 2991 1103 997 2992 1104 997 2993 1104 998 2994 1103 998 2995 1105 998 2996 1106 999 2997 1107 999 2998 1108 999 2999 1106 1000 3000 1108 1000 3001 1109 1000 3002 1109 1001 3003 1108 1001 3004 1110 1001 3005 1109 1002 3006 1110 1002 3007 1111 1002 3008 1111 1003 3009 1110 1003 3010 1112 1003 3011 1109 1004 3012 1111 1004 3013 1113 1004 3014 1113 1005 3015 1111 1005 3016 1114 1005 3017 1113 1006 3018 1114 1006 3019 1115 1006 3020 1114 1007 3021 1111 1007 3022 1116 1007 3023 1115 1008 3024 1114 1008 3025 1117 1008 3026 1117 1009 3027 1114 1009 3028 1116 1009 3029 1118 1010 3030 1119 1010 3031 1120 1010 3032 1119 1011 3033 1118 1011 3034 1121 1011 3035 1123 1012 3036 1122 1012 3037 1124 1012 3038 1124 1013 3039 1123 1013 3040 1125 1013 3041 1124 1014 3042 1125 1014 3043 1126 1014 3044 1125 1015 3045 1123 1015 3046 1127 1015 3047 1125 1016 3048 1127 1016 3049 1128 1016 3050 1123 1017 3051 1127 1017 3052 1129 1017 3053 1131 1018 3054 1130 1018 3055 1132 1018 3056 1130 1019 3057 1132 1019 3058 1133 1019 3059 1135 1020 3060 1134 1020 3061 1136 1020 3062 1135 1021 3063 1134 1021 3064 1137 1021 3065 1135 1022 3066 1137 1022 3067 1138 1022 3068 1135 1023 3069 1138 1023 3070 1139 1023 3071 1139 1024 3072 1138 1024 3073 1140 1024 3074 1139 1025 3075 1140 1025 3076 1141 1025 3077 1139 1026 3078 1141 1026 3079 1135 1026 3080 1141 1027 3081 1140 1027 3082 1142 1027 3083 1141 1028 3084 1135 1028 3085 1143 1028 3086 1143 1029 3087 1135 1029 3088 1136 1029 3089 1143 1030 3090 1141 1030 3091 1142 1030 3092 1136 1031 3093 1143 1031 3094 1144 1031 3095 1144 1032 3096 1143 1032 3097 1142 1032 3098 1136 1033 3099 1144 1033 3100 1145 1033 3101 1144 1034 3102 1142 1034 3103 1146 1034 3104 1144 1035 3105 1146 1035 3106 1147 1035 3107 1146 1036 3108 1142 1036 3109 1148 1036 3110 1147 1037 3111 1146 1037 3112 1149 1037 3113 1146 1038 3114 1148 1038 3115 1150 1038 3116 1149 1039 3117 1146 1039 3118 1151 1039 3119 1151 1040 3120 1146 1040 3121 1150 1040 3122 1151 1041 3123 1150 1041 3124 1152 1041 3125 1154 1042 3126 1153 1042 3127 1155 1042 3128 1153 1043 3129 1154 1043 3130 1156 1043 3131 1157 1044 3132 1158 1044 3133 1159 1044 3134 1161 1045 3135 1160 1045 3136 1162 1045 3137 1162 1046 3138 1161 1046 3139 1163 1046 3140 1162 1047 3141 1163 1047 3142 1164 1047 3143 1162 1048 3144 1164 1048 3145 1165 1048 3146 1166 1049 3147 1167 1049 3148 1168 1049 3149 1169 1050 3150 1170 1050 3151 1171 1050 3152 1171 1051 3153 1170 1051 3154 1172 1051 3155 1171 1052 3156 1172 1052 3157 1173 1052 3158 1171 1053 3159 1173 1053 3160 1174 1053 3161 1175 1054 3162 1176 1054 3163 1177 1054 3164 1175 1055 3165 1177 1055 3166 1178 1055 3167 1179 1056 3168 1180 1056 3169 1181 1056 3170 1181 1057 3171 1180 1057 3172 1182 1057 3173 1181 1058 3174 1182 1058 3175 1183 1058 3176 1184 1059 3177 1185 1059 3178 1186 1059 3179 1185 1060 3180 1184 1060 3181 1187 1060 3182 1185 1061 3183 1187 1061 3184 1188 1061 3185 1188 1062 3186 1187 1062 3187 1189 1062 3188 1188 1063 3189 1189 1063 3190 1190 1063 3191 1187 1064 3192 1189 1064 3193 1191 1064 3194 1193 1065 3195 1192 1065 3196 1194 1065 3197 1194 1066 3198 1193 1066 3199 1195 1066 3200 1192 1067 3201 1194 1067 3202 1196 1067 3203 1197 1068 3204 1198 1068 3205 1199 1068 3206 1198 1069 3207 1197 1069 3208 1200 1069 3209 1199 1070 3210 1198 1070 3211 1201 1070 3212 1199 1071 3213 1201 1071 3214 1202 1071 3215 1199 1072 3216 1202 1072 3217 1203 1072 3218 1201 1073 3219 1198 1073 3220 1204 1073 3221 1201 1074 3222 1204 1074 3223 1202 1074 3224 1198 1075 3225 1204 1075 3226 1205 1075 3227 1202 1076 3228 1204 1076 3229 1206 1076 3230 1206 1077 3231 1204 1077 3232 1207 1077 3233 1208 1078 3234 1209 1078 3235 1210 1078 3236 1209 1079 3237 1208 1079 3238 1211 1079 3239 1211 1080 3240 1208 1080 3241 1212 1080 3242 1211 1081 3243 1212 1081 3244 1213 1081 3245 1212 1082 3246 1208 1082 3247 1214 1082 3248 1212 1083 3249 1214 1083 3250 1213 1083 3251 1215 1084 3252 1216 1084 3253 1217 1084 3254 1218 1085 3255 1219 1085 3256 1220 1085 3257 1218 1086 3258 1219 1086 3259 1221 1086 3260 1220 1087 3261 1219 1087 3262 1222 1087 3263 1222 1088 3264 1219 1088 3265 1223 1088 3266 1222 1089 3267 1223 1089 3268 1224 1089 3269 1224 1090 3270 1222 1090 3271 1225 1090 3272 1225 1091 3273 1222 1091 3274 1226 1091 3275 1226 1092 3276 1222 1092 3277 1220 1092 3278 1220 1093 3279 1226 1093 3280 1227 1093 3281 1228 1094 3282 1229 1094 3283 1230 1094 3284 1228 1095 3285 1230 1095 3286 1231 1095 3287 1230 1096 3288 1231 1096 3289 1232 1096 3290 1233 1097 3291 1234 1097 3292 1235 1097 3293 1234 1098 3294 1233 1098 3295 1236 1098 3296 1236 1099 3297 1233 1099 3298 1237 1099 3299 1238 1100 3300 1239 1100 3301 1240 1100 3302 1241 1101 3303 1242 1101 3304 1243 1101 3305 1241 1102 3306 1243 1102 3307 1244 1102 3308 1241 1103 3309 1244 1103 3310 1245 1103 3311 1244 1104 3312 1245 1104 3313 1246 1104 3314 1244 1105 3315 1246 1105 3316 1247 1105 3317 1249 1106 3318 1248 1106 3319 1250 1106 3320 1251 1107 3321 1252 1107 3322 1253 1107 3323 1252 1108 3324 1251 1108 3325 1254 1108 3326 1254 1109 3327 1251 1109 3328 1255 1109 3329 1255 1110 3330 1251 1110 3331 1256 1110 3332 1254 1111 3333 1255 1111 3334 1257 1111 3335 1255 1112 3336 1256 1112 3337 1258 1112 3338 1255 1113 3339 1257 1113 3340 1259 1113 3341 1255 1114 3342 1258 1114 3343 1260 1114 3344 1255 1115 3345 1260 1115 3346 1259 1115 3347 1260 1116 3348 1258 1116 3349 1261 1116 3350 1259 1117 3351 1260 1117 3352 1262 1117 3353 1259 1118 3354 1262 1118 3355 1263 1118 3356 1259 1119 3357 1263 1119 3358 1264 1119 3359 1259 1120 3360 1264 1120 3361 1265 1120 3362 1266 1121 3363 1267 1121 3364 1268 1121 3365 1266 1122 3366 1268 1122 3367 1269 1122 3368 1266 1123 3369 1269 1123 3370 1270 1123 3371 1269 1124 3372 1268 1124 3373 1271 1124 3374 1271 1125 3375 1268 1125 3376 1272 1125 3377 1273 1126 3378 1274 1126 3379 1275 1126 3380 1276 1127 3381 1277 1127 3382 1274 1127 3383 1276 1128 3384 1274 1128 3385 1278 1128 3386 1274 1129 3387 1273 1129 3388 1279 1129 3389 1279 1130 3390 1273 1130 3391 1280 1130 3392 1279 1131 3393 1280 1131 3394 1281 1131 3395 1274 1132 3396 1279 1132 3397 1282 1132 3398 1274 1133 3399 1282 1133 3400 1278 1133 3401 1279 1134 3402 1281 1134 3403 1283 1134 3404 1279 1135 3405 1283 1135 3406 1282 1135 3407 1283 1136 3408 1281 1136 3409 1284 1136 3410 1284 1137 3411 1283 1137 3412 1285 1137 3413 1287 1138 3414 1286 1138 3415 1278 1138 3416 1286 1139 3417 1278 1139 3418 1282 1139 3419 1288 1140 3420 1289 1140 3421 1283 1140 3422 1283 1141 3423 1289 1141 3424 1282 1141 3425 1282 1142 3426 1289 1142 3427 1290 1142 3428 1290 1143 3429 1289 1143 3430 1291 1143 3431 1290 1144 3432 1291 1144 3433 1282 1144 3434 1282 1145 3435 1286 1145 3436 1292 1145 3437 1292 1146 3438 1282 1146 3439 1291 1146 3440 1286 1147 3441 1292 1147 3442 1293 1147 3443 1293 1148 3444 1292 1148 3445 1291 1148 3446 1295 1149 3447 1294 1149 3448 1296 1149 3449 1296 1150 3450 1295 1150 3451 1297 1150 3452 1296 1151 3453 1297 1151 3454 1298 1151 3455 1296 1152 3456 1294 1152 3457 1299 1152 3458 1299 1153 3459 1296 1153 3460 1298 1153 3461 1297 1154 3462 1298 1154 3463 1300 1154 3464 1298 1155 3465 1300 1155 3466 1299 1155 3467 1299 1156 3468 1300 1156 3469 1294 1156 3470 1300 1157 3471 1294 1157 3472 1301 1157 3473 1301 1158 3474 1300 1158 3475 1302 1158 3476 1303 1159 3477 1304 1159 3478 1305 1159 3479 1303 1160 3480 1305 1160 3481 1306 1160 3482 1307 1161 3483 1308 1161 3484 1309 1161 3485 1308 1162 3486 1307 1162 3487 1310 1162 3488 1307 1163 3489 1309 1163 3490 1311 1163 3491 1311 1164 3492 1309 1164 3493 1312 1164 3494 1310 1165 3495 1307 1165 3496 1313 1165 3497 1313 1166 3498 1307 1166 3499 1311 1166 3500 1310 1167 3501 1313 1167 3502 1314 1167 3503 1314 1168 3504 1310 1168 3505 1315 1168 3506 1315 1169 3507 1314 1169 3508 1316 1169 3509 1315 1170 3510 1316 1170 3511 1317 1170 3512 1316 1171 3513 1317 1171 3514 1318 1171 3515 1313 1172 3516 1311 1172 3517 1319 1172 3518 1319 1173 3519 1311 1173 3520 1312 1173 3521 1313 1174 3522 1319 1174 3523 1320 1174 3524 1319 1175 3525 1312 1175 3526 1321 1175 3527 1319 1176 3528 1321 1176 3529 1320 1176 3530 1321 1177 3531 1312 1177 3532 1322 1177 3533 1320 1178 3534 1321 1178 3535 1323 1178 3536 1323 1179 3537 1321 1179 3538 1322 1179 3539 1324 1180 3540 1325 1180 3541 1326 1180 3542 1324 1181 3543 1326 1181 3544 1327 1181 3545 1328 1182 3546 1329 1182 3547 1330 1182 3548 1330 1183 3549 1329 1183 3550 1331 1183 3551 1331 1184 3552 1329 1184 3553 1332 1184 3554 1332 1185 3555 1329 1185 3556 1333 1185 3557 1332 1186 3558 1333 1186 3559 1334 1186 3560 1333 1187 3561 1334 1187 3562 1335 1187 3563 1334 1188 3564 1335 1188 3565 1336 1188 3566 1334 1189 3567 1336 1189 3568 1337 1189 3569 1334 1190 3570 1337 1190 3571 1338 1190 3572 1339 1191 3573 1340 1191 3574 1341 1191 3575 1339 1192 3576 1341 1192 3577 1342 1192 3578 1343 1193 3579 1344 1193 3580 1345 1193 3581 1343 1194 3582 1345 1194 3583 1346 1194 3584 1346 1195 3585 1343 1195 3586 1347 1195 3587 1347 1196 3588 1346 1196 3589 1348 1196 3590 1349 1197 3591 1350 1197 3592 1351 1197 3593 1349 1198 3594 1351 1198 3595 1352 1198 3596 1349 1199 3597 1352 1199 3598 1353 1199 3599 1351 1200 3600 1350 1200 3601 1354 1200 3602 1354 1201 3603 1350 1201 3604 1355 1201 3605 1355 1202 3606 1350 1202 3607 1356 1202 3608 1350 1203 3609 1356 1203 3610 1357 1203 3611 1358 1204 3612 1359 1204 3613 1360 1204 3614 1360 1205 3615 1359 1205 3616 1361 1205 3617 1359 1206 3618 1358 1206 3619 1362 1206 3620 1364 1207 3621 1363 1207 3622 1365 1207 3623 1365 1208 3624 1364 1208 3625 1366 1208 3626 1366 1209 3627 1364 1209 3628 1367 1209 3629 1364 1210 3630 1363 1210 3631 1368 1210 3632 1367 1211 3633 1364 1211 3634 1369 1211 3635 1369 1212 3636 1364 1212 3637 1368 1212 3638 1367 1213 3639 1369 1213 3640 1370 1213 3641 1370 1214 3642 1369 1214 3643 1368 1214 3644 1367 1215 3645 1370 1215 3646 1371 1215 3647 1370 1216 3648 1368 1216 3649 1372 1216 3650 1368 1217 3651 1372 1217 3652 1373 1217 3653 1374 1218 3654 1375 1218 3655 1376 1218 3656 1375 1219 3657 1376 1219 3658 1377 1219 3659 1378 1220 3660 1379 1220 3661 1374 1220 3662 1378 1221 3663 1374 1221 3664 1376 1221 3665 1378 1222 3666 1376 1222 3667 1380 1222 3668 1380 1223 3669 1376 1223 3670 1381 1223 3671 1377 1224 3672 1376 1224 3673 1382 1224 3674 1382 1225 3675 1376 1225 3676 1381 1225 3677 1382 1226 3678 1377 1226 3679 1383 1226 3680 1382 1227 3681 1381 1227 3682 1384 1227 3683 1385 1228 3684 1386 1228 3685 1387 1228 3686 1386 1229 3687 1385 1229 3688 1388 1229 3689 1386 1230 3690 1388 1230 3691 1389 1230 3692 1386 1231 3693 1389 1231 3694 1390 1231 3695 1386 1232 3696 1390 1232 3697 1391 1232 3698 1391 1233 3699 1386 1233 3700 1392 1233 3701 1387 1234 3702 1386 1234 3703 1393 1234 3704 1393 1235 3705 1386 1235 3706 1392 1235 3707 1387 1236 3708 1393 1236 3709 1394 1236 3710 1394 1237 3711 1393 1237 3712 1395 1237 3713 1393 1238 3714 1392 1238 3715 1396 1238 3716 1396 1239 3717 1392 1239 3718 1397 1239 3719 1396 1240 3720 1397 1240 3721 1398 1240 3722 1396 1241 3723 1398 1241 3724 1399 1241 3725 1393 1242 3726 1396 1242 3727 1400 1242 3728 1393 1243 3729 1400 1243 3730 1395 1243 3731 1400 1244 3732 1396 1244 3733 1399 1244 3734 1395 1245 3735 1400 1245 3736 1401 1245 3737 1401 1246 3738 1400 1246 3739 1399 1246 3740 1395 1247 3741 1401 1247 3742 1402 1247 3743 1402 1248 3744 1401 1248 3745 1399 1248 3746 1403 1249 3747 1404 1249 3748 1405 1249 3749 1403 1250 3750 1405 1250 3751 1406 1250 3752 1406 1251 3753 1405 1251 3754 1407 1251 3755 1407 1252 3756 1405 1252 3757 1408 1252 3758 1408 1253 3759 1405 1253 3760 1404 1253 3761 1408 1254 3762 1404 1254 3763 1409 1254 3764 1410 1255 3765 1411 1255 3766 1412 1255 3767 1411 1256 3768 1410 1256 3769 1413 1256 3770 1410 1257 3771 1413 1257 3772 1414 1257 3773 1410 1258 3774 1414 1258 3775 1415 1258 3776 1412 1259 3777 1410 1259 3778 1416 1259 3779 1410 1260 3780 1416 1260 3781 1417 1260 3782 1416 1261 3783 1412 1261 3784 1418 1261 3785 1416 1262 3786 1418 1262 3787 1417 1262 3788 1419 1263 3789 1420 1263 3790 1421 1263 3791 1419 1264 3792 1421 1264 3793 1422 1264 3794 1422 1265 3795 1421 1265 3796 1423 1265 3797 1424 1266 3798 1425 1266 3799 1426 1266 3800 1424 1267 3801 1426 1267 3802 1427 1267 3803 1428 1268 3804 1429 1268 3805 1424 1268 3806 1428 1269 3807 1424 1269 3808 1430 1269 3809 1430 1270 3810 1424 1270 3811 1427 1270 3812 1430 1271 3813 1428 1271 3814 1431 1271 3815 1432 1272 3816 1427 1272 3817 1433 1272 3818 1427 1273 3819 1432 1273 3820 1430 1273 3821 1430 1274 3822 1432 1274 3823 1434 1274 3824 1431 1275 3825 1430 1275 3826 1435 1275 3827 1431 1276 3828 1435 1276 3829 1436 1276 3830 1436 1277 3831 1435 1277 3832 1437 1277 3833 1430 1278 3834 1435 1278 3835 1438 1278 3836 1438 1279 3837 1435 1279 3838 1437 1279 3839 1430 1280 3840 1438 1280 3841 1434 1280 3842 1437 1281 3843 1438 1281 3844 1439 1281 3845 1439 1282 3846 1438 1282 3847 1440 1282 3848 1440 1283 3849 1438 1283 3850 1441 1283 3851 1441 1284 3852 1438 1284 3853 1434 1284 3854 1441 1285 3855 1434 1285 3856 1442 1285 3857 1443 1286 3858 1444 1286 3859 1445 1286 3860 1443 1287 3861 1445 1287 3862 1446 1287 3863 1443 1288 3864 1446 1288 3865 1447 1288 3866 1446 1289 3867 1445 1289 3868 1448 1289 3869 1448 1290 3870 1446 1290 3871 1449 1290 3872 1448 1291 3873 1449 1291 3874 1450 1291 3875 1451 1292 3876 1452 1292 3877 1453 1292 3878 1453 1293 3879 1452 1293 3880 1454 1293 3881 1452 1294 3882 1451 1294 3883 1455 1294 3884 1457 1295 3885 1456 1295 3886 1458 1295 3887 1456 1296 3888 1458 1296 3889 1459 1296 3890 1458 1297 3891 1457 1297 3892 1460 1297 3893 1461 1298 3894 1462 1298 3895 1460 1298 3896 1461 1299 3897 1460 1299 3898 1463 1299 3899 1463 1300 3900 1460 1300 3901 1464 1300 3902 1460 1301 3903 1464 1301 3904 1457 1301 3905 1463 1302 3906 1464 1302 3907 1465 1302 3908 1465 1303 3909 1464 1303 3910 1466 1303 3911 1466 1304 3912 1464 1304 3913 1457 1304 3914 1466 1305 3915 1457 1305 3916 1467 1305 3917 1467 1306 3918 1457 1306 3919 1468 1306 3920 1468 1307 3921 1457 1307 3922 1456 1307 3923 1468 1308 3924 1456 1308 3925 1469 1308 3926 1468 1309 3927 1469 1309 3928 1470 1309 3929 1470 1310 3930 1468 1310 3931 1471 1310 3932 1471 1311 3933 1470 1311 3934 1472 1311 3935 1472 1312 3936 1470 1312 3937 1473 1312 3938 1474 1313 3939 1475 1313 3940 1476 1313 3941 1474 1314 3942 1476 1314 3943 1477 1314 3944 1476 1315 3945 1475 1315 3946 1478 1315 3947 1478 1316 3948 1475 1316 3949 1479 1316 3950 1478 1317 3951 1479 1317 3952 1480 1317 3953 1480 1318 3954 1479 1318 3955 1481 1318 3956 1478 1319 3957 1480 1319 3958 1482 1319 3959 1482 1320 3960 1480 1320 3961 1483 1320 3962 1483 1321 3963 1480 1321 3964 1484 1321 3965 1483 1322 3966 1484 1322 3967 1485 1322 3968 1486 1323 3969 1487 1323 3970 1488 1323 3971 1486 1324 3972 1487 1324 3973 1489 1324 3974 1489 1325 3975 1486 1325 3976 1490 1325 3977 1490 1326 3978 1486 1326 3979 1491 1326 3980 1491 1327 3981 1486 1327 3982 1492 1327 3983 1491 1328 3984 1492 1328 3985 1493 1328 3986 1491 1329 3987 1493 1329 3988 1494 1329 3989 1491 1330 3990 1494 1330 3991 1495 1330 3992 1491 1331 3993 1495 1331 3994 1490 1331 3995 1490 1332 3996 1495 1332 3997 1496 1332 3998 1490 1333 3999 1496 1333 4000 1497 1333 4001 1497 1334 4002 1496 1334 4003 1498 1334 4004 1498 1335 4005 1496 1335 4006 1499 1335 4007 1497 1336 4008 1498 1336 4009 1500 1336 4010 1501 1337 4011 1502 1337 4012 1503 1337 4013 1502 1338 4014 1501 1338 4015 1504 1338 4016 1502 1339 4017 1504 1339 4018 1505 1339 4019 1502 1340 4020 1505 1340 4021 1506 1340 4022 1506 1341 4023 1505 1341 4024 1507 1341 4025 1508 1342 4026 1509 1342 4027 1510 1342 4028 1511 1343 4029 1512 1343 4030 1513 1343 4031 1511 1344 4032 1513 1344 4033 1514 1344 4034 1515 1345 4035 1516 1345 4036 1517 1345 4037 1515 1346 4038 1517 1346 4039 1518 1346 4040 1520 1347 4041 1519 1347 4042 1521 1347 4043 1521 1348 4044 1520 1348 4045 1522 1348 4046 1521 1349 4047 1522 1349 4048 1523 1349 4049 1522 1350 4050 1520 1350 4051 1524 1350 4052 1524 1351 4053 1520 1351 4054 1525 1351 4055 1523 1352 4056 1522 1352 4057 1526 1352 4058 1523 1353 4059 1526 1353 4060 1527 1353 4061 1522 1354 4062 1524 1354 4063 1528 1354 4064 1522 1355 4065 1528 1355 4066 1526 1355 4067 1528 1356 4068 1524 1356 4069 1529 1356 4070 1526 1357 4071 1528 1357 4072 1530 1357 4073 1528 1358 4074 1529 1358 4075 1531 1358 4076 1528 1359 4077 1531 1359 4078 1530 1359 4079 1532 1360 4080 1533 1360 4081 1534 1360 4082 1534 1361 4083 1533 1361 4084 1535 1361 4085 1534 1362 4086 1535 1362 4087 1536 1362 4088 1536 1363 4089 1535 1363 4090 1537 1363 4091 1534 1364 4092 1536 1364 4093 1538 1364 4094 1534 1365 4095 1538 1365 4096 1539 1365 4097 1534 1366 4098 1539 1366 4099 1532 1366 4100 1539 1367 4101 1538 1367 4102 1540 1367 4103 1532 1368 4104 1539 1368 4105 1541 1368 4106 1541 1369 4107 1539 1369 4108 1540 1369 4109 1532 1370 4110 1541 1370 4111 1542 1370 4112 1541 1371 4113 1540 1371 4114 1543 1371 4115 1541 1372 4116 1543 1372 4117 1544 1372 4118 1543 1373 4119 1540 1373 4120 1545 1373 4121 1543 1374 4122 1545 1374 4123 1546 1374 4124 1543 1375 4125 1546 1375 4126 1547 1375 4127 1545 1376 4128 1546 1376 4129 1548 1376 4130 1546 1377 4131 1548 1377 4132 1549 1377 4133 1548 1378 4134 1549 1378 4135 1545 1378 4136 1546 1379 4137 1549 1379 4138 1550 1379 4139 1549 1380 4140 1545 1380 4141 1551 1380 4142 1552 1381 4143 1553 1381 4144 1554 1381 4145 1556 1382 4146 1555 1382 4147 1557 1382 4148 1556 1383 4149 1557 1383 4150 1558 1383 4151 1558 1384 4152 1556 1384 4153 1559 1384 4154 1559 1385 4155 1558 1385 4156 1560 1385 4157 1558 1386 4158 1560 1386 4159 1561 1386 4160 1561 1387 4161 1560 1387 4162 1559 1387 4163 1559 1388 4164 1561 1388 4165 1562 1388 4166 1563 1389 4167 1564 1389 4168 1565 1389 4169 1566 1390 4170 1567 1390 4171 1568 1390 4172 1568 1391 4173 1567 1391 4174 1569 1391 4175 1570 1392 4176 1571 1392 4177 1572 1392 4178 1571 1393 4179 1570 1393 4180 1573 1393 4181 1573 1394 4182 1570 1394 4183 1572 1394 4184 1575 1395 4185 1574 1395 4186 1576 1395 4187 1576 1396 4188 1575 1396 4189 1577 1396 4190 1574 1397 4191 1576 1397 4192 1578 1397 4193 1579 1398 4194 1580 1398 4195 1581 1398 4196 1579 1399 4197 1581 1399 4198 1582 1399 4199 1582 1400 4200 1581 1400 4201 1583 1400 4202 1583 1401 4203 1582 1401 4204 1584 1401 4205 1584 1402 4206 1583 1402 4207 1585 1402 4208 1585 1403 4209 1583 1403 4210 1586 1403 4211 1583 1404 4212 1586 1404 4213 1587 1404 4214 1587 1405 4215 1586 1405 4216 1588 1405 4217 1589 1406 4218 1590 1406 4219 1591 1406 4220 1590 1407 4221 1589 1407 4222 1592 1407 4223 1589 1408 4224 1591 1408 4225 1593 1408 4226 1589 1409 4227 1592 1409 4228 1594 1409 4229 1594 1410 4230 1589 1410 4231 1593 1410 4232 1594 1411 4233 1592 1411 4234 1595 1411 4235 1595 1412 4236 1594 1412 4237 1596 1412 4238 1596 1413 4239 1594 1413 4240 1593 1413 4241 1596 1414 4242 1593 1414 4243 1597 1414 4244 1598 1415 4245 1599 1415 4246 1600 1415 4247 1600 1416 4248 1598 1416 4249 1601 1416 4250 1602 1417 4251 1603 1417 4252 1604 1417 4253 1604 1418 4254 1603 1418 4255 1605 1418 4256 1605 1419 4257 1603 1419 4258 1606 1419 4259 1606 1420 4260 1603 1420 4261 1607 1420 4262 1605 1421 4263 1606 1421 4264 1608 1421 4265 1605 1422 4266 1608 1422 4267 1609 1422 4268 1609 1423 4269 1608 1423 4270 1610 1423 4271 1608 1424 4272 1610 1424 4273 1611 1424 4274 1608 1425 4275 1606 1425 4276 1612 1425 4277 1608 1426 4278 1612 1426 4279 1611 1426 4280 1612 1427 4281 1606 1427 4282 1613 1427 4283 1612 1428 4284 1611 1428 4285 1614 1428 4286 1615 1429 4287 1616 1429 4288 1617 1429 4289 1617 1430 4290 1616 1430 4291 1618 1430 4292 1619 1431 4293 1620 1431 4294 1621 1431 4295 1621 1432 4296 1619 1432 4297 1622 1432 4298 1622 1433 4299 1621 1433 4300 1623 1433 4301 1619 1434 4302 1622 1434 4303 1624 1434 4304 1624 1435 4305 1622 1435 4306 1625 1435 4307 1624 1436 4308 1625 1436 4309 1626 1436 4310 1627 1437 4311 1628 1437 4312 1629 1437 4313 1629 1438 4314 1628 1438 4315 1630 1438 4316 1630 1439 4317 1628 1439 4318 1631 1439 4319 1631 1440 4320 1628 1440 4321 1632 1440 4322 1632 1441 4323 1628 1441 4324 1633 1441 4325 1634 1442 4326 1635 1442 4327 1636 1442 4328 1636 1443 4329 1634 1443 4330 1637 1443 4331 1637 1444 4332 1636 1444 4333 1638 1444 4334 1635 1445 4335 1634 1445 4336 1639 1445 4337 1639 1446 4338 1634 1446 4339 1640 1446 4340 1635 1447 4341 1639 1447 4342 1641 1447 4343 1642 1448 4344 1643 1448 4345 1644 1448 4346 1643 1449 4347 1644 1449 4348 1645 1449 4349 1644 1450 4350 1645 1450 4351 1642 1450 4352 1647 1451 4353 1646 1451 4354 1648 1451 4355 1648 1452 4356 1646 1452 4357 1649 1452 4358 1646 1453 4359 1649 1453 4360 1650 1453 4361 1650 1454 4362 1649 1454 4363 1648 1454 4364 1651 1455 4365 1652 1455 4366 1653 1455 4367 1653 1456 4368 1652 1456 4369 1654 1456 4370 1652 1457 4371 1651 1457 4372 1655 1457 4373 1652 1458 4374 1654 1458 4375 1656 1458 4376 1656 1459 4377 1652 1459 4378 1655 1459 4379 1657 1460 4380 1658 1460 4381 1659 1460 4382 1658 1461 4383 1657 1461 4384 1660 1461 4385 1661 1462 4386 1662 1462 4387 1663 1462 4388 1662 1463 4389 1663 1463 4390 1664 1463 4391 1663 1464 4392 1664 1464 4393 1661 1464 4394 1664 1465 4395 1662 1465 4396 1665 1465 4397 1662 1466 4398 1661 1466 4399 1666 1466 4400 1662 1467 4401 1666 1467 4402 1667 1467 4403 1661 1468 4404 1664 1468 4405 1668 1468 4406 1661 1469 4407 1668 1469 4408 1666 1469 4409 1669 1470 4410 1664 1470 4411 1670 1470 4412 1664 1471 4413 1669 1471 4414 1668 1471 4415 1668 1472 4416 1669 1472 4417 1671 1472 4418 1668 1473 4419 1671 1473 4420 1672 1473 4421 1668 1474 4422 1672 1474 4423 1673 1474 4424 1668 1475 4425 1673 1475 4426 1674 1475 4427 1668 1476 4428 1674 1476 4429 1666 1476 4430 1666 1477 4431 1674 1477 4432 1675 1477 4433 1675 1478 4434 1674 1478 4435 1676 1478 4436 1666 1479 4437 1675 1479 4438 1677 1479 4439 1666 1480 4440 1677 1480 4441 1678 1480 4442 1679 1481 4443 1680 1481 4444 1681 1481 4445 1679 1482 4446 1681 1482 4447 1682 1482 4448 1683 1483 4449 1684 1483 4450 1685 1483 4451 1683 1484 4452 1685 1484 4453 1686 1484 4454 1687 1485 4455 1688 1485 4456 1689 1485 4457 1687 1486 4458 1689 1486 4459 1690 1486 4460 1687 1487 4461 1690 1487 4462 1691 1487 4463 1692 1488 4464 1693 1488 4465 1694 1488 4466 1692 1489 4467 1694 1489 4468 1695 1489 4469 1697 1490 4470 1696 1490 4471 1698 1490 4472 1696 1491 4473 1698 1491 4474 1699 1491 4475 1697 1492 4476 1696 1492 4477 1700 1492 4478 1697 1493 4479 1700 1493 4480 1701 1493 4481 1702 1494 4482 1703 1494 4483 1704 1494 4484 1704 1495 4485 1703 1495 4486 1705 1495 4487 1703 1496 4488 1705 1496 4489 1702 1496 4490 1706 1497 4491 1707 1497 4492 1708 1497 4493 1707 1498 4494 1708 1498 4495 1709 1498 4496 1707 1499 4497 1706 1499 4498 1710 1499 4499 1707 1500 4500 1710 1500 4501 1709 1500 4502 1711 1501 4503 1712 1501 4504 1713 1501 4505 1712 1502 4506 1711 1502 4507 1714 1502 4508 1715 1503 4509 1716 1503 4510 1717 1503 4511 1717 1504 4512 1716 1504 4513 1718 1504 4514 1719 1505 4515 1720 1505 4516 1721 1505 4517 1722 1506 4518 1723 1506 4519 1724 1506 4520 1725 1507 4521 1726 1507 4522 1727 1507 4523 1725 1508 4524 1727 1508 4525 1728 1508 4526 1727 1509 4527 1726 1509 4528 1729 1509 4529 1729 1510 4530 1726 1510 4531 1730 1510 4532 1730 1511 4533 1729 1511 4534 1727 1511 4535 1732 1512 4536 1731 1512 4537 1733 1512 4538 1734 1513 4539 1735 1513 4540 1736 1513 4541 1736 1514 4542 1735 1514 4543 1737 1514 4544 1736 1515 4545 1734 1515 4546 1738 1515 4547 1740 1516 4548 1739 1516 4549 1741 1516 4550 1741 1517 4551 1740 1517 4552 1742 1517 4553 1742 1518 4554 1741 1518 4555 1743 1518 4556 1743 1519 4557 1741 1519 4558 1739 1519 4559 1739 1520 4560 1743 1520 4561 1744 1520 4562 1746 1521 4563 1745 1521 4564 1747 1521 4565 1745 1522 4566 1747 1522 4567 1748 1522 4568 1746 1523 4569 1745 1523 4570 1749 1523 4571 1746 1524 4572 1749 1524 4573 1750 1524 4574 1746 1525 4575 1750 1525 4576 1751 1525 4577 1751 1526 4578 1746 1526 4579 1747 1526 4580 1747 1527 4581 1751 1527 4582 1752 1527 4583 1754 1528 4584 1753 1528 4585 1755 1528 4586 1754 1529 4587 1753 1529 4588 1756 1529 4589 1757 1530 4590 1758 1530 4591 1759 1530 4592 1759 1531 4593 1758 1531 4594 1760 1531 4595 1760 1532 4596 1758 1532 4597 1761 1532 4598 1758 1533 4599 1757 1533 4600 1762 1533 4601 1761 1534 4602 1758 1534 4603 1763 1534 4604 1758 1535 4605 1763 1535 4606 1762 1535 4607 1763 1536 4608 1762 1536 4609 1764 1536 4610 1763 1537 4611 1764 1537 4612 1765 1537 4613 1765 1538 4614 1764 1538 4615 1766 1538 4616 1767 1539 4617 1768 1539 4618 1769 1539 4619 1770 1540 4620 1771 1540 4621 1772 1540 4622 1771 1541 4623 1770 1541 4624 1773 1541 4625 1771 1542 4626 1773 1542 4627 1774 1542 4628 1775 1543 4629 1776 1543 4630 1777 1543 4631 1776 1544 4632 1775 1544 4633 1778 1544 4634 1778 1545 4635 1775 1545 4636 1779 1545 4637 1778 1546 4638 1779 1546 4639 1780 1546 4640 1780 1547 4641 1778 1547 4642 1781 1547 4643 1782 1548 4644 1783 1548 4645 1784 1548 4646 1785 1549 4647 1786 1549 4648 1782 1549 4649 1783 1550 4650 1782 1550 4651 1787 1550 4652 1787 1551 4653 1782 1551 4654 1786 1551 4655 1783 1552 4656 1787 1552 4657 1788 1552 4658 1783 1553 4659 1788 1553 4660 1789 1553 4661 1788 1554 4662 1789 1554 4663 1790 1554 4664 1788 1555 4665 1787 1555 4666 1791 1555 4667 1788 1556 4668 1791 1556 4669 1790 1556 4670 1790 1557 4671 1791 1557 4672 1787 1557 4673 1787 1558 4674 1786 1558 4675 1792 1558 4676 1792 1559 4677 1787 1559 4678 1790 1559 4679 1792 1560 4680 1786 1560 4681 1793 1560 4682 1792 1561 4683 1790 1561 4684 1794 1561 4685 1794 1562 4686 1792 1562 4687 1793 1562 4688 1794 1563 4689 1793 1563 4690 1795 1563 4691 1796 1564 4692 1797 1564 4693 1798 1564 4694 1797 1565 4695 1796 1565 4696 1799 1565 4697 1800 1566 4698 1801 1566 4699 1802 1566 4700 1801 1567 4701 1800 1567 4702 1803 1567 4703 1803 1568 4704 1800 1568 4705 1804 1568 4706 1806 1569 4707 1805 1569 4708 1807 1569 4709 1807 1570 4710 1806 1570 4711 1808 1570 4712 1807 1571 4713 1808 1571 4714 1809 1571 4715 1806 1572 4716 1805 1572 4717 1810 1572 4718 1810 1573 4719 1805 1573 4720 1811 1573 4721 1810 1574 4722 1811 1574 4723 1812 1574 4724 1810 1575 4725 1812 1575 4726 1813 1575 4727 1806 1576 4728 1810 1576 4729 1814 1576 4730 1814 1577 4731 1806 1577 4732 1815 1577 4733 1815 1578 4734 1806 1578 4735 1808 1578 4736 1808 1579 4737 1815 1579 4738 1816 1579 4739 1808 1580 4740 1816 1580 4741 1809 1580 4742 1809 1581 4743 1816 1581 4744 1817 1581 4745 1809 1582 4746 1817 1582 4747 1818 1582 4748 1818 1583 4749 1817 1583 4750 1819 1583 4751 1818 1584 4752 1819 1584 4753 1820 1584 4754 1820 1585 4755 1819 1585 4756 1821 1585 4757 1820 1586 4758 1821 1586 4759 1822 1586 4760 1821 1587 4761 1819 1587 4762 1823 1587 4763 1823 1588 4764 1819 1588 4765 1824 1588 4766 1825 1589 4767 1826 1589 4768 1827 1589 4769 1827 1590 4770 1826 1590 4771 1828 1590 4772 1828 1591 4773 1826 1591 4774 1829 1591 4775 1826 1592 4776 1825 1592 4777 1830 1592 4778 1826 1593 4779 1830 1593 4780 1831 1593 4781 1832 1594 4782 1833 1594 4783 1834 1594 4784 1834 1595 4785 1833 1595 4786 1835 1595 4787 1834 1596 4788 1835 1596 4789 1836 1596 4790 1837 1597 4791 1838 1597 4792 1839 1597 4793 1840 1598 4794 1841 1598 4795 1838 1598 4796 1840 1599 4797 1838 1599 4798 1842 1599 4799 1842 1600 4800 1838 1600 4801 1837 1600 4802 1843 1601 4803 1837 1601 4804 1844 1601 4805 1844 1602 4806 1837 1602 4807 1845 1602 4808 1837 1603 4809 1839 1603 4810 1846 1603 4811 1837 1604 4812 1846 1604 4813 1845 1604 4814 1839 1605 4815 1846 1605 4816 1847 1605 4817 1845 1606 4818 1846 1606 4819 1848 1606 4820 1846 1607 4821 1847 1607 4822 1849 1607 4823 1846 1608 4824 1849 1608 4825 1848 1608 4826 1850 1609 4827 1851 1609 4828 1852 1609 4829 1853 1610 4830 1854 1610 4831 1855 1610 4832 1854 1611 4833 1853 1611 4834 1856 1611 4835 1857 1612 4836 1858 1612 4837 1859 1612 4838 1858 1613 4839 1857 1613 4840 1860 1613 4841 1861 1614 4842 1862 1614 4843 1863 1614 4844 1862 1615 4845 1861 1615 4846 1864 1615 4847 1863 1616 4848 1862 1616 4849 1865 1616 4850 1863 1617 4851 1865 1617 4852 1866 1617 4853 1867 1618 4854 1868 1618 4855 1869 1618 4856 1870 1619 4857 1871 1619 4858 1872 1619 4859 1872 1620 4860 1871 1620 4861 1873 1620 4862 1872 1621 4863 1873 1621 4864 1874 1621 4865 1874 1622 4866 1873 1622 4867 1875 1622 4868 1874 1623 4869 1872 1623 4870 1876 1623 4871 1870 1624 4872 1872 1624 4873 1877 1624 4874 1877 1625 4875 1872 1625 4876 1876 1625 4877 1877 1626 4878 1876 1626 4879 1878 1626 4880 1870 1627 4881 1877 1627 4882 1879 1627 4883 1879 1628 4884 1877 1628 4885 1880 1628 4886 1881 1629 4887 1882 1629 4888 1883 1629 4889 1884 1630 4890 1885 1630 4891 1886 1630 4892 1887 1631 4893 1888 1631 4894 1889 1631 4895 1889 1632 4896 1887 1632 4897 1890 1632 4898 1891 1633 4899 1892 1633 4900 1889 1633 4901 1889 1634 4902 1892 1634 4903 1893 1634 4904 1889 1635 4905 1893 1635 4906 1890 1635 4907 1890 1636 4908 1893 1636 4909 1894 1636 4910 1890 1637 4911 1894 1637 4912 1895 1637 4913 1895 1638 4914 1894 1638 4915 1896 1638 4916 1895 1639 4917 1896 1639 4918 1897 1639 4919 1898 1640 4920 1899 1640 4921 1900 1640 4922 1900 1641 4923 1899 1641 4924 1901 1641 4925 1900 1642 4926 1901 1642 4927 1902 1642 4928 1899 1643 4929 1898 1643 4930 1903 1643 4931 1903 1644 4932 1898 1644 4933 1904 1644 4934 1904 1645 4935 1903 1645 4936 1905 1645 4937 1899 1646 4938 1903 1646 4939 1906 1646 4940 1906 1647 4941 1903 1647 4942 1907 1647 4943 1907 1648 4944 1903 1648 4945 1908 1648 4946 1899 1649 4947 1906 1649 4948 1909 1649 4949 1899 1650 4950 1909 1650 4951 1901 1650 4952 1910 1651 4953 1911 1651 4954 1909 1651 4955 1909 1652 4956 1911 1652 4957 1912 1652 4958 1909 1653 4959 1912 1653 4960 1913 1653 4961 1909 1654 4962 1913 1654 4963 1901 1654 4964 1901 1655 4965 1913 1655 4966 1902 1655 4967 1913 1656 4968 1902 1656 4969 1914 1656 4970 1914 1657 4971 1913 1657 4972 1915 1657 4973 1916 1658 4974 1917 1658 4975 1918 1658 4976 1917 1659 4977 1918 1659 4978 1919 1659 4979 1920 1660 4980 1921 1660 4981 1922 1660 4982 1923 1661 4983 1924 1661 4984 1925 1661 4985 1926 1662 4986 1927 1662 4987 1928 1662 4988 1926 1663 4989 1928 1663 4990 1929 1663 4991 1927 1664 4992 1926 1664 4993 1930 1664 4994 1929 1665 4995 1928 1665 4996 1931 1665 4997 1929 1666 4998 1931 1666 4999 1932 1666 5000 1931 1667 5001 1928 1667 5002 1933 1667 5003 1931 1668 5004 1933 1668 5005 1934 1668 5006 1927 1669 5007 1930 1669 5008 1935 1669 5009 1935 1670 5010 1930 1670 5011 1936 1670 5012 1935 1671 5013 1927 1671 5014 1937 1671 5015 1927 1672 5016 1937 1672 5017 1938 1672 5018 1937 1673 5019 1935 1673 5020 1939 1673 5021 1941 1674 5022 1940 1674 5023 1942 1674 5024 1943 1675 5025 1944 1675 5026 1945 1675 5027 1944 1676 5028 1943 1676 5029 1946 1676 5030 1947 1677 5031 1948 1677 5032 1949 1677 5033 1948 1678 5034 1947 1678 5035 1950 1678 5036 1948 1679 5037 1950 1679 5038 1951 1679 5039 1951 1680 5040 1950 1680 5041 1952 1680 5042 1951 1681 5043 1952 1681 5044 1953 1681 5045 1954 1682 5046 1955 1682 5047 1956 1682 5048 1957 1683 5049 1958 1683 5050 1959 1683 5051 1961 1684 5052 1960 1684 5053 1962 1684 5054 1962 1685 5055 1961 1685 5056 1963 1685 5057 1964 1686 5058 1965 1686 5059 1966 1686 5060 1967 1687 5061 1968 1687 5062 1969 1687 5063 1970 1688 5064 1971 1688 5065 1972 1688 5066 1972 1689 5067 1971 1689 5068 1973 1689 5069 1971 1690 5070 1973 1690 5071 1974 1690 5072 1976 1691 5073 1975 1691 5074 1977 1691 5075 1978 1692 5076 1979 1692 5077 1980 1692 5078 1980 1693 5079 1979 1693 5080 1981 1693 5081 1978 1694 5082 1980 1694 5083 1982 1694 5084 1982 1695 5085 1980 1695 5086 1983 1695 5087 1978 1696 5088 1982 1696 5089 1984 1696 5090 1978 1697 5091 1984 1697 5092 1985 1697 5093 1986 1698 5094 1987 1698 5095 1988 1698 5096 1988 1699 5097 1987 1699 5098 1989 1699 5099 1988 1700 5100 1989 1700 5101 1990 1700 5102 1990 1701 5103 1989 1701 5104 1991 1701 5105 1991 1702 5106 1989 1702 5107 1992 1702 5108 1992 1703 5109 1989 1703 5110 1993 1703 5111 1987 1704 5112 1986 1704 5113 1994 1704 5114 1987 1705 5115 1994 1705 5116 1989 1705 5117 1989 1706 5118 1994 1706 5119 1995 1706 5120 1989 1707 5121 1995 1707 5122 1993 1707 5123 1993 1708 5124 1995 1708 5125 1994 1708 5126 1992 1709 5127 1993 1709 5128 1996 1709 5129 1994 1710 5130 1986 1710 5131 1997 1710 5132 1994 1711 5133 1997 1711 5134 1993 1711 5135 1997 1712 5136 1986 1712 5137 1998 1712 5138 1996 1713 5139 1993 1713 5140 1999 1713 5141 1999 1714 5142 1993 1714 5143 1997 1714 5144 1999 1715 5145 1997 1715 5146 2000 1715 5147 2000 1716 5148 1997 1716 5149 2001 1716 5150 1999 1717 5151 2000 1717 5152 2002 1717 5153 1999 1718 5154 2002 1718 5155 1996 1718 5156 1996 1719 5157 2002 1719 5158 2003 1719 5159 1996 1720 5160 2003 1720 5161 2004 1720 5162 2005 1721 5163 2006 1721 5164 2007 1721 5165 2006 1722 5166 2005 1722 5167 2008 1722 5168 2007 1723 5169 2006 1723 5170 2009 1723 5171 2007 1724 5172 2009 1724 5173 2010 1724 5174 2007 1725 5175 2010 1725 5176 2011 1725 5177 2007 1726 5178 2011 1726 5179 2012 1726 5180 2005 1727 5181 2007 1727 5182 2013 1727 5183 2005 1728 5184 2013 1728 5185 2014 1728 5186 2014 1729 5187 2013 1729 5188 2015 1729 5189 2013 1730 5190 2007 1730 5191 2016 1730 5192 2016 1731 5193 2007 1731 5194 2012 1731 5195 2013 1732 5196 2016 1732 5197 2015 1732 5198 2016 1733 5199 2012 1733 5200 2017 1733 5201 2016 1734 5202 2017 1734 5203 2015 1734 5204 2015 1735 5205 2017 1735 5206 2018 1735 5207 2019 1736 5208 2020 1736 5209 2021 1736 5210 2019 1737 5211 2021 1737 5212 2022 1737 5213 2020 1738 5214 2019 1738 5215 2023 1738 5216 2022 1739 5217 2021 1739 5218 2024 1739 5219 2024 1740 5220 2021 1740 5221 2025 1740 5222 2025 1741 5223 2021 1741 5224 2020 1741 5225 2024 1742 5226 2025 1742 5227 2026 1742 5228 2020 1743 5229 2023 1743 5230 2027 1743 5231 2020 1744 5232 2027 1744 5233 2025 1744 5234 2026 1745 5235 2025 1745 5236 2028 1745 5237 2028 1746 5238 2025 1746 5239 2027 1746 5240 2027 1747 5241 2023 1747 5242 2029 1747 5243 2029 1748 5244 2023 1748 5245 2030 1748 5246 2028 1749 5247 2027 1749 5248 2031 1749 5249 2031 1750 5250 2027 1750 5251 2029 1750 5252 2026 1751 5253 2028 1751 5254 2032 1751 5255 2032 1752 5256 2028 1752 5257 2031 1752 5258 2026 1753 5259 2032 1753 5260 2033 1753 5261 2026 1754 5262 2033 1754 5263 2034 1754 5264 2034 1755 5265 2033 1755 5266 2035 1755 5267 2034 1756 5268 2035 1756 5269 2036 1756 5270 2033 1757 5271 2032 1757 5272 2037 1757 5273 2037 1758 5274 2032 1758 5275 2038 1758 5276 2038 1759 5277 2032 1759 5278 2039 1759 5279 2038 1760 5280 2039 1760 5281 2040 1760 5282 2032 1761 5283 2039 1761 5284 2041 1761 5285 2041 1762 5286 2032 1762 5287 2031 1762 5288 2041 1763 5289 2031 1763 5290 2029 1763 5291 2029 1764 5292 2041 1764 5293 2042 1764 5294 2042 1765 5295 2029 1765 5296 2043 1765 5297 2042 1766 5298 2043 1766 5299 2041 1766 5300 2041 1767 5301 2043 1767 5302 2044 1767 5303 2043 1768 5304 2044 1768 5305 2045 1768 5306 2046 1769 5307 2047 1769 5308 2048 1769 5309 2048 1770 5310 2047 1770 5311 2049 1770 5312 2047 1771 5313 2046 1771 5314 2050 1771 5315 2048 1772 5316 2049 1772 5317 2051 1772 5318 2050 1773 5319 2046 1773 5320 2052 1773 5321 2048 1774 5322 2051 1774 5323 2053 1774 5324 2052 1775 5325 2046 1775 5326 2053 1775 5327 2053 1776 5328 2046 1776 5329 2048 1776 5330 2054 1777 5331 2055 1777 5332 2056 1777 5333 2057 1778 5334 2058 1778 5335 2059 1778 5336 2060 1779 5337 2059 1779 5338 2061 1779 5339 2059 1780 5340 2060 1780 5341 2062 1780 5342 2057 1781 5343 2059 1781 5344 2063 1781 5345 2063 1782 5346 2059 1782 5347 2062 1782 5348 2063 1783 5349 2057 1783 5350 2064 1783 5351 2064 1784 5352 2063 1784 5353 2065 1784 5354 2063 1785 5355 2062 1785 5356 2066 1785 5357 2066 1786 5358 2062 1786 5359 2067 1786 5360 2065 1787 5361 2063 1787 5362 2068 1787 5363 2065 1788 5364 2068 1788 5365 2069 1788 5366 2069 1789 5367 2068 1789 5368 2070 1789 5369 2070 1790 5370 2068 1790 5371 2071 1790 5372 2071 1791 5373 2068 1791 5374 2072 1791 5375 2063 1792 5376 2066 1792 5377 2073 1792 5378 2063 1793 5379 2073 1793 5380 2068 1793 5381 2068 1794 5382 2073 1794 5383 2072 1794 5384 2073 1795 5385 2066 1795 5386 2074 1795 5387 2073 1796 5388 2074 1796 5389 2072 1796 5390 2075 1797 5391 2076 1797 5392 2077 1797 5393 2075 1798 5394 2077 1798 5395 2078 1798 5396 2079 1799 5397 2080 1799 5398 2081 1799 5399 2080 1800 5400 2079 1800 5401 2082 1800 5402 2079 1801 5403 2081 1801 5404 2083 1801 5405 2080 1802 5406 2081 1802 5407 2084 1802 5408 2080 1803 5409 2084 1803 5410 2085 1803 5411 2081 1804 5412 2084 1804 5413 2086 1804 5414 2086 1805 5415 2084 1805 5416 2087 1805 5417 2087 1806 5418 2084 1806 5419 2088 1806 5420 2088 1807 5421 2084 1807 5422 2089 1807 5423 2090 1808 5424 2091 1808 5425 2092 1808 5426 2090 1809 5427 2092 1809 5428 2093 1809 5429 2094 1810 5430 2095 1810 5431 2096 1810 5432 2097 1811 5433 2098 1811 5434 2099 1811 5435 2100 1812 5436 2101 1812 5437 2102 1812 5438 2101 1813 5439 2100 1813 5440 2103 1813 5441 2103 1814 5442 2101 1814 5443 2104 1814 5444 2105 1815 5445 2106 1815 5446 2107 1815 5447 2106 1816 5448 2105 1816 5449 2108 1816 5450 2106 1817 5451 2108 1817 5452 2109 1817 5453 2107 1818 5454 2106 1818 5455 2110 1818 5456 2110 1819 5457 2106 1819 5458 2109 1819 5459 2107 1820 5460 2110 1820 5461 2111 1820 5462 2111 1821 5463 2110 1821 5464 2109 1821 5465 2112 1822 5466 2113 1822 5467 2114 1822 5468 2112 1823 5469 2114 1823 5470 2115 1823 5471 2115 1824 5472 2114 1824 5473 2116 1824 5474 2117 1825 5475 2118 1825 5476 2116 1825 5477 2116 1826 5478 2118 1826 5479 2119 1826 5480 2116 1827 5481 2119 1827 5482 2120 1827 5483 2120 1828 5484 2119 1828 5485 2121 1828 5486 2116 1829 5487 2120 1829 5488 2115 1829 5489 2115 1830 5490 2120 1830 5491 2122 1830 5492 2122 1831 5493 2120 1831 5494 2123 1831 5495 2122 1832 5496 2123 1832 5497 2124 1832 5498 2124 1833 5499 2122 1833 5500 2115 1833 5501 2115 1834 5502 2124 1834 5503 2125 1834 5504 2115 1835 5505 2125 1835 5506 2112 1835 5507 2125 1836 5508 2124 1836 5509 2126 1836 5510 2112 1837 5511 2125 1837 5512 2127 1837 5513 2127 1838 5514 2125 1838 5515 2126 1838 5516 2128 1839 5517 2129 1839 5518 2130 1839 5519 2130 1840 5520 2129 1840 5521 2131 1840 5522 2132 1841 5523 2133 1841 5524 2134 1841 5525 2132 1842 5526 2134 1842 5527 2135 1842 5528 2136 1843 5529 2137 1843 5530 2138 1843 5531 2139 1844 5532 2140 1844 5533 2141 1844 5534 2140 1845 5535 2139 1845 5536 2142 1845 5537 2143 1846 5538 2144 1846 5539 2145 1846 5540 2147 1847 5541 2146 1847 5542 2148 1847 5543 2147 1848 5544 2146 1848 5545 2149 1848 5546 2146 1849 5547 2149 1849 5548 2150 1849 5549 2146 1850 5550 2148 1850 5551 2151 1850 5552 2146 1851 5553 2151 1851 5554 2152 1851 5555 2153 1852 5556 2154 1852 5557 2155 1852 5558 2153 1853 5559 2155 1853 5560 2156 1853 5561 2157 1854 5562 2158 1854 5563 2159 1854 5564 2159 1855 5565 2158 1855 5566 2160 1855 5567 2160 1856 5568 2158 1856 5569 2161 1856 5570 2161 1857 5571 2158 1857 5572 2162 1857 5573 2160 1858 5574 2161 1858 5575 2163 1858 5576 2163 1859 5577 2161 1859 5578 2164 1859 5579 2165 1860 5580 2166 1860 5581 2167 1860 5582 2165 1861 5583 2167 1861 5584 2168 1861 5585 2165 1862 5586 2168 1862 5587 2169 1862 5588 2170 1863 5589 2171 1863 5590 2172 1863 5591 2172 1864 5592 2170 1864 5593 2173 1864 5594 2170 1865 5595 2173 1865 5596 2174 1865 5597 2176 1866 5598 2175 1866 5599 2177 1866 5600 2178 1867 5601 2179 1867 5602 2180 1867 5603 2179 1868 5604 2178 1868 5605 2181 1868 5606 2178 1869 5607 2181 1869 5608 2182 1869 5609 2182 1870 5610 2178 1870 5611 2183 1870 5612 2181 1871 5613 2182 1871 5614 2184 1871 5615 2181 1872 5616 2184 1872 5617 2185 1872 5618 2185 1873 5619 2184 1873 5620 2186 1873 5621 2182 1874 5622 2184 1874 5623 2187 1874 5624 2184 1875 5625 2187 1875 5626 2186 1875 5627 2187 1876 5628 2182 1876 5629 2188 1876 5630 2187 1877 5631 2188 1877 5632 2189 1877 5633 2187 1878 5634 2186 1878 5635 2190 1878 5636 2190 1879 5637 2187 1879 5638 2189 1879 5639 2186 1880 5640 2190 1880 5641 2191 1880 5642 2191 1881 5643 2190 1881 5644 2189 1881 5645 2191 1882 5646 2189 1882 5647 2192 1882 5648 2193 1883 5649 2194 1883 5650 2195 1883 5651 2193 1884 5652 2195 1884 5653 2196 1884 5654 2193 1885 5655 2196 1885 5656 2197 1885 5657 2197 1886 5658 2196 1886 5659 2198 1886 5660 2197 1887 5661 2198 1887 5662 2199 1887 5663 2199 1888 5664 2198 1888 5665 2200 1888 5666 2199 1889 5667 2200 1889 5668 2201 1889 5669 2196 1890 5670 2195 1890 5671 2202 1890 5672 2202 1891 5673 2195 1891 5674 2203 1891 5675 2203 1892 5676 2195 1892 5677 2204 1892 5678 2202 1893 5679 2203 1893 5680 2205 1893 5681 2202 1894 5682 2205 1894 5683 2196 1894 5684 2196 1895 5685 2205 1895 5686 2206 1895 5687 2200 1896 5688 2201 1896 5689 2207 1896 5690 2200 1897 5691 2207 1897 5692 2208 1897 5693 2207 1898 5694 2208 1898 5695 2209 1898 5696 2207 1899 5697 2209 1899 5698 2210 1899 5699 2207 1900 5700 2210 1900 5701 2201 1900 5702 2210 1901 5703 2209 1901 5704 2211 1901 5705 2210 1902 5706 2211 1902 5707 2212 1902 5708 2210 1903 5709 2212 1903 5710 2201 1903 5711 2201 1904 5712 2212 1904 5713 2213 1904 5714 2215 1905 5715 2214 1905 5716 2216 1905 5717 2216 1906 5718 2215 1906 5719 2217 1906 5720 2215 1907 5721 2217 1907 5722 2218 1907 5723 2218 1908 5724 2217 1908 5725 2219 1908 5726 2218 1909 5727 2215 1909 5728 2220 1909 5729 2220 1910 5730 2218 1910 5731 2221 1910 5732 2220 1911 5733 2221 1911 5734 2222 1911 5735 2221 1912 5736 2222 1912 5737 2223 1912 5738 2220 1913 5739 2222 1913 5740 2224 1913 5741 2220 1914 5742 2224 1914 5743 2225 1914 5744 2224 1915 5745 2225 1915 5746 2226 1915 5747 2227 1916 5748 2228 1916 5749 2229 1916 5750 2229 1917 5751 2228 1917 5752 2230 1917 5753 2230 1918 5754 2229 1918 5755 2231 1918 5756 2231 1919 5757 2230 1919 5758 2232 1919 5759 2233 1920 5760 2234 1920 5761 2235 1920 5762 2233 1921 5763 2235 1921 5764 2236 1921 5765 2233 1922 5766 2236 1922 5767 2237 1922 5768 2238 1923 5769 2239 1923 5770 2240 1923 5771 2238 1924 5772 2240 1924 5773 2241 1924 5774 2241 1925 5775 2240 1925 5776 2242 1925 5777 2238 1926 5778 2241 1926 5779 2243 1926 5780 2241 1927 5781 2243 1927 5782 2244 1927 5783 2238 1928 5784 2243 1928 5785 2245 1928 5786 2245 1929 5787 2243 1929 5788 2246 1929 5789 2247 1930 5790 2248 1930 5791 2249 1930 5792 2250 1931 5793 2251 1931 5794 2252 1931 5795 2250 1932 5796 2252 1932 5797 2253 1932 5798 2254 1933 5799 2255 1933 5800 2256 1933 5801 2256 1934 5802 2255 1934 5803 2257 1934 5804 2258 1935 5805 2259 1935 5806 2260 1935 5807 2259 1936 5808 2258 1936 5809 2261 1936 5810 2262 1937 5811 2263 1937 5812 2264 1937 5813 2265 1938 5814 2266 1938 5815 2267 1938 5816 2269 1939 5817 2268 1939 5818 2270 1939 5819 2271 1940 5820 2272 1940 5821 2273 1940 5822 2274 1941 5823 2275 1941 5824 2276 1941 5825 2274 1942 5826 2276 1942 5827 2277 1942 5828 2279 1943 5829 2278 1943 5830 2280 1943 5831 2278 1944 5832 2280 1944 5833 2281 1944 5834 2283 1945 5835 2282 1945 5836 2284 1945 5837</p>
        </polylist>
      </mesh>
    </geometry>
  </library_geometries>
  <library_visual_scenes>
    <visual_scene id="Scene" name="Scene">
      <node id="ComputerDesk1" name="ComputerDesk1" type="NODE">
        <scale sid="scale">1 1 1</scale>
        <translate sid="location">0 0 0</translate>
        <rotate sid="rotationX">1 0 0 0</rotate>
        <rotate sid="rotationY">0 1 0 90</rotate>
        <rotate sid="rotationZ">0 0 1 0</rotate>
        <instance_geometry url="#ComputerDesk1-mesh" name="ComputerDesk1">
          <bind_material>
            <technique_common>
            </technique_common>
          </bind_material>
        </instance_geometry>
      </node>
    </visual_scene>
  </library_visual_scenes>
  <scene>
    <instance_visual_scene url="#Scene"/>
  </scene>
</COLLADA>
