<?xml version="1.0" encoding="utf-8"?>
<COLLADA xmlns="http://www.collada.org/2005/11/COLLADASchema" version="1.4.1" xmlns:xsi="http://www.w3.org/2001/XMLSchema-instance">
  <asset>
    <contributor>
      <author>Blockbench user</author>
      <authoring_tool>Blockbench</authoring_tool>
    </contributor>
    <created>2026-02-01T08:01:58.419Z</created>
    <modified>2026-02-01T08:01:58.433Z</modified>
    <unit name="meter" meter="1.0"/>
    <up_axis>Y_UP</up_axis>
  </asset>
  <library_effects>
  </library_effects>
  <library_images>
  </library_images>
  <library_materials>
  </library_materials>
  <library_geometries>
    <geometry id="CookingTable_Level_4-mesh" name="CookingTable_Level_4">
      <mesh>
        <source id="CookingTable_Level_4-mesh-positions">
          <float_array id="CookingTable_Level_4-mesh-positions-array" count="2799">0.242081 -0.053627 0.489044 0.244843 -0.026794 0.498962 0.218048 -0.053864 0.494781 0.159485 -0.032722 0.499817 0.204636 -0.016262 0.494659 0.064621 -0.020088 0.498047 0.049206 -0.016302 0.480865 0.03031 -0.039879 0.499146 0.191803 -0.059902 0.487061 0.068672 -0.054974 0.485626 0.112633 -0.096062 0.476868 0.221222 -0.092384 0.482788 0.227829 -0.054962 0.41922 0.194168 -0.097374 0.479767 0.178864 -0.142258 0.469452 0.185318 -0.197403 0.480042 0.206268 -0.263245 0.480103 0.215134 -0.092171 0.44455 0.218643 -0.168289 0.466888 0.211548 -0.25061 0.451202 0.209259 -0.139297 0.451172 0.191315 -0.18364 0.454834 0.186005 -0.248871 0.460785 0.178757 -0.262268 0.440277 0.185135 -0.27533 0.4729 0.205338 -0.262329 0.421906 -0.03532 -0.027534 0.497253 -0.035675 -0.01427 0.464325 -0.08403 -0.053509 0.495667 -0.042828 -0.019964 0.498627 -0.11718 -0.033821 0.499176 -0.122818 -0.011887 0.445404 -0.088371 -0.017149 0.497345 -0.165451 -0.01717 0.498688 -0.050587 -0.079697 0.477997 -0.061344 -0.116844 0.4729 0.01227 -0.141129 0.471893 -0.197403 -0.092712 0.477783 -0.191391 -0.140976 0.472382 -0.19519 -0.05658 0.487305 -0.195587 -0.046379 0.498718 -0.286316 -0.056488 0.489716 -0.26593 -0.035866 0.5 -0.24556 -0.017756 0.498413 -0.29834 -0.037113 0.498596 -0.296722 -0.016102 0.498566 -0.276825 -0.015888 0.406036 -0.171707 -0.03825 0.497864 -0.179688 -0.016548 0.498352 -0.197128 -0.011334 0.441254 -0.227463 -0.015511 0.31424 -0.17218 -0.018927 0.482666 -0.184708 -0.010639 0.309937 -0.170166 -0.011333 0.385315 -0.141006 -0.007683 0.400299 -0.146774 -0.007739 0.358154 -0.152588 -0.006044 0.376495 -0.146957 0.006241 0.361694 -0.142426 0.005466 0.392456 -0.116508 0.005345 0.359314 -0.123909 -0.006842 0.351227 -0.071854 -0.010433 0.329895 -0.122581 -0.014451 0.258026 -0.108475 -0.011638 0.230225 -0.101952 -0.00929 0.355988 0.048538 -0.015968 0.408325 -0.079056 -0.011381 0.407623 -0.097427 -0.002406 0.377075 -0.106621 -0.008764 0.399567 -0.110382 0.006492 0.392273 0.241882 -0.054222 0.332092 0.245651 -0.034687 0.391571 0.221405 -0.055092 0.301147 0.244919 -0.016848 0.459625 0.175003 -0.015921 0.401428 0.244965 -0.017221 0.320557 0.070091 -0.014593 0.259247 0.24649 -0.042446 0.258118 0.215866 -0.014884 0.252472 0.250305 -0.012863 0.252045 -0.036846 -0.011618 0.163422 0.046448 -0.015416 0.148224 0.119362 -0.012038 0.174072 0.09272 -0.016348 0.115959 0.109581 -0.015396 0.152588 0.114899 0.000086 0.159531 0.13121 -0.008571 0.128159 0.157501 -0.015242 0.177139 0.152191 -0.000876 0.176926 0.157272 -0.004458 0.138382 0.173035 -0.012947 0.151871 0.217545 -0.013363 0.115334 0.26062 -0.009339 0.187057 0.260986 -0.025072 0.173477 0.259613 -0.035259 0.251556 0.25119 -0.045147 0.196548 0.2453 -0.070984 0.233948 0.250763 -0.080704 0.208908 0.244293 -0.085724 0.263092 0.237595 -0.127914 0.26062 0.241379 -0.115089 0.207153 0.230743 -0.116013 0.216904 0.234863 -0.139877 0.224838 0.236343 -0.17897 0.238297 0.227158 -0.055088 0.263184 0.212463 -0.092934 0.263092 0.199097 -0.193481 0.259094 0.196136 -0.141571 0.257202 0.214996 -0.085762 0.360596 0.207535 -0.14119 0.336945 0.187515 -0.190598 0.2444 0.111046 -0.141602 0.346008 0.102142 -0.141602 0.244003 0.068275 -0.194717 0.244064 -0.062996 -0.141586 0.37323 0.218674 -0.384491 0.476837 0.191132 -0.419037 0.478699 0.211884 -0.453369 0.467468 0.218277 -0.39917 0.451141 0.198288 -0.4198 0.452301 0.186188 -0.444977 0.462494 0.195557 -0.398834 0.448883 0.185013 -0.397949 0.468445 0.134552 -0.40033 0.464569 0.126755 -0.418823 0.473755 0.0924 -0.414062 0.443848 0.207275 -0.413635 0.41156 0.202148 -0.39624 0.4198 0.207108 -0.419373 0.323792 0.207245 -0.402069 0.309906 0.155197 -0.415649 0.324097 0.057831 -0.414337 0.361755 0.117119 -0.419464 0.226883 0.189468 -0.419678 0.25647 0.208878 -0.42395 0.261414 0.192383 -0.397522 0.256683 0.18602 -0.398438 0.294556 0.185516 -0.39856 0.373535 0.175461 -0.39975 0.440186 0.084709 -0.401245 0.436584 0.177689 -0.355652 0.36026 0.171463 -0.356873 0.283478 0.168671 -0.364441 0.429657 0.105827 -0.357025 0.430969 0.171371 -0.395386 0.290527 0.162766 -0.394623 0.424255 0.061409 -0.396362 0.428558 0.061047 -0.398254 0.328705 0.086601 -0.396118 0.280334 0.174026 -0.397705 0.356964 0.185272 -0.344421 0.480072 0.192108 -0.347198 0.454834 0.201859 -0.279022 0.446686 0.144943 -0.28009 0.436798 0.207184 -0.280609 0.337738 0.207504 -0.262543 0.318787 0.049431 -0.403564 0.473633 -0.031281 -0.400696 0.427002 -0.140854 -0.397766 0.473389 -0.1241 -0.401093 0.437439 -0.072021 -0.413757 0.473663 -0.203278 -0.414093 0.473694 0.014729 -0.41626 0.455017 -0.184464 -0.416901 0.450317 -0.069359 -0.415222 0.396149 -0.02997 -0.412842 0.412079 0.00155 -0.411743 0.42453 -0.018024 -0.414917 0.396332 0.002682 -0.413727 0.331482 -0.147232 -0.419159 0.240463 -0.007687 -0.419983 0.224152 0.159607 -0.261963 0.473724 0.065392 -0.27655 0.473785 0.088463 -0.263336 0.454895 0.146698 -0.264954 0.432983 0.037075 -0.26239 0.432739 0.10421 -0.232132 0.430176 0.167603 -0.23056 0.428009 0.181778 -0.257446 0.405396 0.122665 -0.259583 0.42868 0.023851 -0.258301 0.424408 0.101242 -0.260376 0.355927 0.170807 -0.259521 0.42157 0.17421 -0.26062 0.359833 0.176666 -0.22084 0.369568 0.166672 -0.258423 0.28653 0.186234 -0.260559 0.321472 0.178406 -0.215118 0.304565 0.170883 -0.255737 0.279175 0.170334 -0.215027 0.281708 0.092178 -0.226379 0.277466 0.186142 -0.142273 0.45105 -0.042419 -0.279572 0.374237 -0.159744 -0.273499 0.473755 -0.204437 -0.279999 0.428955 0.002491 -0.261932 0.473694 -0.078827 -0.263916 0.451294 -0.106979 -0.263702 0.42981 -0.201126 -0.262695 0.424286 -0.034653 -0.259277 0.421204 0.011837 -0.264832 0.435455 -0.038822 -0.263428 0.345978 0.015401 -0.229675 0.425781 0.011741 -0.260071 0.387573 0.008759 -0.214874 0.359772 0.015191 -0.259705 0.295837 0.015368 -0.227829 0.283508 0.028179 -0.262207 0.279327 0.004419 -0.263794 0.332336 -0.068855 -0.264679 0.253906 -0.026524 -0.263367 0.3302 -0.032867 -0.262817 0.296509 -0.069595 -0.259735 0.278168 -0.032829 -0.22435 0.380402 -0.039219 -0.244186 0.288208 -0.096512 -0.220871 0.277588 -0.121902 -0.259888 0.281006 -0.117035 -0.259888 0.372162 -0.037083 -0.260101 0.350677 -0.042126 -0.254639 0.421661 -0.128754 -0.259033 0.428741 -0.199432 -0.141571 0.415833 0.013295 -0.353912 0.423309 0.006373 -0.401306 0.443665 0.014982 -0.395477 0.419342 0.003322 -0.40033 0.405182 0.007765 -0.37149 0.342926 0.011539 -0.397034 0.358429 0.014866 -0.395508 0.290039 0.016386 -0.357117 0.282013 0.002033 -0.402496 0.328796 -0.026096 -0.401855 0.358124 -0.011768 -0.400604 0.279266 0.057835 -0.363434 0.276001 -0.02997 -0.412842 0.412079 -0.032875 -0.359711 0.385925 -0.032681 -0.359344 0.32135 -0.039394 -0.385773 0.42395 -0.119179 -0.357391 0.430389 -0.10231 -0.396118 0.428406 -0.190247 -0.396271 0.424622 -0.114464 -0.396667 0.352875 -0.036526 -0.39566 0.364136 -0.038193 -0.396606 0.286682 -0.089272 -0.396088 0.280396 -0.040001 -0.370117 0.282684 -0.113136 -0.345703 0.277466 -0.134216 -0.400726 0.266266 0.143372 -0.279907 0.30423 0.094322 -0.259949 0.280457 0.187149 -0.280548 0.252075 0.126755 -0.280457 0.244141 0.206512 -0.269531 0.261444 0.187561 -0.257355 0.253296 0.234741 -0.279358 0.260376 0.19725 -0.336823 0.259857 0.184296 -0.349579 0.245544 0.097313 -0.340912 0.244064 -0.083755 -0.280487 0.244263 0.090874 -0.400177 0.25174 0.235245 -0.398926 0.256317 0.228134 -0.453796 0.26236 0.236893 -0.441528 0.230423 0.23996 -0.365662 0.227264 0.2388 -0.265137 0.222427 0.236526 -0.309174 0.141357 0.23494 -0.420593 0.16037 0.239761 -0.373657 0.112701 0.234756 -0.420471 -0.011862 0.16748 -0.401123 0.276947 0.088364 -0.400879 0.274506 0.188065 -0.442078 0.251801 0.197296 -0.439545 0.228485 0.216492 -0.421112 0.220291 0.18663 -0.421021 0.182297 0.174194 -0.421051 -0.027418 0.077538 -0.421051 0.098434 -0.045864 -0.421051 0.005243 0.234116 -0.208145 0.179581 0.244263 -0.153687 0.197998 0.237 -0.142258 0.050598 0.223755 -0.254211 0.150528 0.242203 -0.160675 0.148483 0.241806 -0.155426 -0.012313 0.231857 -0.21196 0.096649 0.238571 -0.206009 -0.026529 0.228134 -0.226868 0.012154 0.220398 -0.243835 0.058403 0.225174 -0.258881 0.026106 0.231628 -0.262756 0.08744 0.238022 -0.335175 -0.006733 0.184601 -0.265442 0.277649 0.115395 -0.264587 0.250122 0.150955 -0.263824 0.27774 -0.120346 -0.399963 0.243988 -0.120895 -0.340973 0.244019 -0.11393 -0.216766 0.24408 0.270477 -0.072701 0.19548 0.248291 -0.092232 0.19046 0.243713 -0.073204 0.169037 0.243103 -0.04208 0.163895 0.250397 -0.043259 0.026819 0.250824 -0.054592 0.127457 0.260803 -0.015348 0.038559 0.242599 -0.114944 0.127609 0.248871 -0.091621 0.136185 0.268066 -0.077698 0.121277 0.248367 -0.085716 0.112167 0.244553 -0.065941 0.100807 0.24231 -0.114838 0.030895 0.229462 -0.116096 0.079506 0.24556 -0.095055 0.055862 0.247147 -0.086014 -0.005505 0.25174 -0.073708 0.068336 0.264557 -0.07708 0.05241 0.247818 -0.071579 0.037773 0.242905 -0.054111 0.002048 0.227493 -0.129166 0.152237 0.227448 -0.129166 0.010455 0.288361 -0.152695 0.198959 0.267975 -0.150467 0.197327 0.281128 -0.150681 0.130707 0.292542 -0.147217 0.170471 0.292084 -0.159576 0.120621 0.281891 -0.156647 0.037434 0.290955 -0.147202 0.032928 0.288239 -0.151535 -0.028522 0.292297 -0.160294 -0.004681 0.22937 -0.114281 -0.126999 0.226913 -0.140503 -0.057682 0.236877 -0.141571 -0.147766 0.228653 -0.139191 -0.197433 0.24054 -0.174088 -0.123505 0.241287 -0.301544 -0.092087 0.239532 -0.360138 -0.206528 0.24147 -0.199371 -0.226837 0.238968 -0.114578 -0.256653 0.234589 -0.221252 -0.260376 0.206955 -0.257507 -0.260223 0.231918 -0.120132 -0.22496 0.246246 -0.093048 -0.237259 0.24884 -0.084045 -0.209427 0.247467 -0.056911 -0.223022 0.246735 -0.095558 -0.189545 0.245407 -0.094048 -0.113022 0.263794 -0.091209 -0.196701 0.259613 -0.064041 -0.190979 0.243591 -0.040485 -0.195786 0.244629 -0.078613 -0.169952 0.256073 -0.032372 -0.242767 0.247452 -0.063972 -0.135864 0.255981 -0.038891 -0.175171 0.243073 -0.042816 -0.082001 0.260773 -0.016281 -0.127731 0.253723 -0.012359 -0.254517 0.220093 -0.01253 -0.215729 0.214249 -0.013583 -0.043839 0.17276 -0.015523 -0.146988 0.162292 -0.008846 -0.173279 0.168198 -0.001882 -0.14415 0.139679 -0.010852 -0.183273 0.127716 0.002244 -0.179169 0.246536 -0.051903 -0.044922 0.261078 -0.060623 -0.115891 0.26181 -0.087234 -0.122765 0.244568 -0.067986 -0.083878 0.246124 -0.094086 -0.070038 0.262787 -0.071503 -0.061584 0.248978 -0.09008 -0.044926 0.248123 -0.096153 -0.025133 0.269012 -0.087959 -0.030298 0.263824 -0.061359 -0.031141 0.117783 -0.01539 0.07988 0.096565 -0.015462 -0.096786 -0.048927 -0.015781 0.041428 -0.049187 -0.015195 0.127045 -0.08651 -0.014223 0.131271 -0.055969 -0.001488 0.127472 -0.063713 -0.002184 0.175049 -0.148544 -0.015258 0.137268 -0.103264 -0.012055 0.159286 -0.087624 -0.000368 0.134171 0.145233 -0.014779 -0.123123 0.116707 -0.011803 -0.161087 0.095238 -0.014509 -0.247253 0.152008 -0.002418 -0.126816 0.126862 0.000129 -0.133728 0.114838 0.0017 -0.15889 0.143494 0.002093 -0.149078 -0.298676 -0.026194 0.401917 -0.297668 -0.053837 0.38147 -0.279572 -0.054928 0.41571 -0.281952 -0.05489 0.258759 -0.268402 -0.084595 0.292542 -0.268585 -0.09761 0.434967 -0.263641 -0.14119 0.342896 -0.266846 -0.160965 0.458862 -0.270355 -0.109108 0.482513 -0.237228 -0.132751 0.47525 -0.249481 -0.227325 0.480072 -0.26767 -0.278015 0.472687 -0.261353 -0.197723 0.451477 -0.262756 -0.269775 0.451324 -0.24028 -0.452698 0.482178 -0.234344 -0.418854 0.476257 -0.250458 -0.393799 0.480957 -0.238235 -0.427856 0.455231 -0.234451 -0.393158 0.477142 -0.246094 -0.4534 0.460175 -0.264801 -0.418823 0.451355 -0.269073 -0.451477 0.482117 -0.268951 -0.453369 0.460083 -0.267914 -0.390686 0.47229 -0.26767 -0.352386 0.451508 -0.234406 -0.264038 0.475128 -0.238113 -0.33017 0.457886 -0.236465 -0.280548 0.459015 -0.234528 -0.19838 0.459991 -0.240906 -0.141556 0.452209 -0.236328 -0.25824 0.449005 -0.233459 -0.261993 0.343597 -0.257507 -0.256653 0.410645 -0.260864 -0.274475 0.398621 -0.209747 -0.400177 0.425415 -0.240067 -0.397552 0.453461 -0.261261 -0.394989 0.448914 -0.260834 -0.396545 0.33844 -0.253723 -0.416199 0.384186 -0.224243 -0.414886 0.402222 -0.217896 -0.415192 0.30307 -0.233002 -0.418182 0.253326 -0.261047 -0.413971 0.294739 -0.264923 -0.417847 0.260498 -0.234772 -0.440338 0.255859 -0.258698 -0.444794 0.241425 -0.250763 -0.392426 0.259613 -0.261108 -0.320801 0.260529 -0.21286 -0.400848 0.296448 -0.190674 -0.366486 0.281891 -0.205429 -0.400604 0.329651 -0.202026 -0.358124 0.346527 -0.189484 -0.39563 0.285339 -0.197037 -0.365112 0.423157 -0.199738 -0.396057 0.372223 -0.214035 -0.279724 0.300629 -0.260956 -0.275238 0.2948 -0.241592 -0.280396 0.263153 -0.262787 -0.264374 0.261047 -0.260834 -0.256714 0.298523 -0.21846 -0.262817 0.247879 -0.196045 -0.26181 0.280945 -0.204147 -0.262634 0.359406 -0.202423 -0.223068 0.362335 -0.196594 -0.217987 0.286804 -0.233536 -0.144409 0.26239 -0.109734 -0.141571 0.243973 -0.224243 -0.212143 0.248932 -0.265167 -0.141205 0.260406 -0.264801 -0.202133 0.152283 -0.267273 -0.084526 0.115952 -0.074203 -0.223816 0.430573 -0.195938 -0.226196 0.425903 -0.192657 -0.258575 0.424042 -0.199768 -0.259308 0.350891 -0.038498 -0.209198 0.425537 -0.298492 -0.044258 0.169922 -0.296143 -0.016474 0.250977 -0.279114 -0.054871 0.090652 -0.266754 -0.100792 -0.050873 -0.291901 -0.05423 -0.007086 -0.29892 -0.038273 -0.062347 -0.297485 -0.016611 0.087173 -0.269165 -0.015911 0.212234 -0.274445 -0.015909 0.040398 -0.298035 -0.016787 -0.068741 -0.245987 -0.015921 0.100929 -0.245972 -0.015919 -0.083855 -0.24472 0.117569 0.069138 -0.243484 -0.015831 0.227554 -0.243683 0.03056 0.222137 -0.245697 0.181015 0.211411 -0.248215 0.267975 0.115143 -0.23764 -0.010841 0.249542 -0.241638 0.144653 0.251007 -0.247604 0.267975 0.24971 -0.20372 0.260071 0.253815 -0.164215 0.192383 0.250092 -0.180389 0.032425 0.250488 -0.150528 0.050663 0.248596 -0.208649 -0.012744 0.252411 -0.150116 -0.009667 0.248566 -0.149643 -0.009925 0.234375 -0.195282 -0.257172 0.285553 -0.264435 -0.374969 0.156021 -0.264587 -0.278595 -0.12822 -0.263733 -0.42038 0.03883 -0.263733 -0.420349 0.193665 -0.234634 -0.340027 0.251862 -0.234421 -0.280426 0.244202 -0.234375 -0.400452 0.244064 -0.020445 0.24054 0.251038 -0.023211 0.262665 0.25412 -0.054279 0.242096 0.249695 -0.022558 0.246307 0.210312 -0.078018 0.267181 0.254333 -0.083092 0.269806 0.222046 -0.020668 0.267303 0.189011 -0.020376 0.245987 0.0284 -0.020493 0.26712 -0.010651 -0.063919 0.270294 0.136902 -0.047943 0.267822 0.006145 -0.079292 0.276154 -0.003099 -0.092339 0.269012 0.037746 -0.178528 0.270203 0.209564 -0.109459 0.278229 0.18335 -0.171051 0.269653 0.07663 -0.123817 0.282318 0.035488 -0.152283 0.269073 -0.004106 -0.166092 0.268921 -0.064522 -0.24826 0.267761 -0.042347 -0.24675 0.191513 -0.080864 -0.147827 0.270996 0.141846 -0.147202 0.278412 0.181488 -0.115288 0.28183 0.146301 -0.146362 0.288269 0.149933 -0.150543 0.178268 0.237015 -0.097824 0.197571 0.241531 -0.104874 0.230194 0.233444 -0.180527 0.148453 0.228821 -0.172791 0.239243 0.232925 -0.159592 0.06176 0.234604 -0.182281 0.003731 0.233688 -0.175644 -0.014862 0.232681 -0.18129 0.067657 0.124016 -0.172943 0.239288 0.138245 -0.182312 -0.016291 0.182449 -0.181854 -0.016275 0.004607 -0.180099 0.111832 -0.115456 -0.048386 0.238556 0.233109 -0.09687 0.23938 0.162415 -0.0952 0.23938 0.007957 -0.172897 0.239288 -0.098999 -0.234726 -0.426239 0.228378 -0.203247 -0.421051 0.113678 -0.229141 -0.421051 -0.095726 -0.088768 0.450592 0.039425 -0.122826 0.43103 0.042782 -0.075279 0.398926 0.040146 -0.119286 0.388 0.037674 -0.077293 0.401062 0.006425 -0.073212 0.452942 0.006218 -0.075241 0.405182 -0.036491 -0.11615 0.453949 -0.004132 -0.080643 0.453217 -0.038826 -0.157822 0.452209 0.029078 -0.143936 0.447144 -0.040707 -0.155304 0.401764 -0.002287 -0.15564 0.401306 0.03788 -0.148529 0.320831 0.009377 -0.140884 0.325439 -0.026655 -0.090286 0.347534 0.025007 -0.084023 0.330292 -0.016661 -0.052105 -0.420319 -0.175201 0.181717 -0.421021 -0.186508 0.090347 -0.416168 -0.30249 0.234894 -0.420532 -0.179932 0.236206 -0.43222 -0.229874 0.201889 -0.424316 -0.22464 0.191589 -0.419189 -0.260223 0.235077 -0.367798 -0.259277 0.209335 -0.406006 -0.260895 0.188126 -0.447693 -0.259979 0.237259 -0.451141 -0.261505 0.237976 -0.453735 -0.234848 0.213287 -0.453735 -0.252594 0.188034 -0.440491 -0.236008 0.21405 -0.453613 -0.225479 0.177002 -0.261841 -0.280823 0.187653 -0.25824 -0.244003 0.204987 -0.256592 -0.339569 0.1194 -0.264252 -0.247742 0.02216 -0.263245 -0.281097 -0.048794 -0.259064 -0.282379 0.1175 -0.263885 -0.276947 0.170349 -0.221893 -0.288696 0.181686 -0.2565 -0.333405 0.083931 -0.24411 -0.279297 0.014544 -0.242035 -0.286163 0.170746 -0.259857 -0.295044 0.059586 -0.260376 -0.364471 0.187744 -0.190125 -0.25058 0.107025 -0.187134 -0.24411 0.191452 -0.141663 -0.254272 0.133636 -0.141617 -0.244202 0.128464 -0.141586 -0.309113 -0.172104 -0.141571 -0.365601 -0.02689 -0.141617 -0.244171 -0.059021 -0.212784 -0.24408 0.207047 -0.14122 -0.284332 0.207458 -0.141144 -0.383118 0.208282 -0.117508 -0.299744 0.21106 -0.094193 -0.261475 0.212006 -0.095116 -0.385651 0.221878 -0.055069 -0.262451 0.239746 -0.057388 -0.261078 0.224014 -0.055042 -0.359406 0.216766 -0.079758 -0.450928 0.22644 -0.05426 -0.493134 0.245697 -0.037209 -0.319366 0.241669 -0.054329 -0.361664 0.244568 -0.049709 -0.487427 0.245712 -0.034756 -0.453217 0.244446 -0.020409 -0.498718 0.243622 -0.016546 -0.353851 0.244843 -0.016785 -0.462769 0.204056 -0.017021 -0.498779 0.187531 -0.015919 -0.445801 0.065704 -0.0201 -0.497437 0.054218 -0.016193 -0.480255 0.175156 -0.015982 -0.333862 -0.028873 -0.015959 -0.382904 -0.014887 -0.013151 -0.234833 0.189255 -0.398193 -0.254486 0.186798 -0.33252 -0.244308 0.18721 -0.329956 -0.256927 0.193024 -0.279449 -0.252533 0.207352 -0.274811 -0.312286 0.183914 -0.280273 -0.291077 0.01424 -0.279419 -0.29187 0.049618 -0.280518 -0.244217 0.090157 -0.333893 -0.24408 0.143906 -0.399567 -0.24411 -0.030132 -0.399506 -0.244049 0.177673 -0.399872 -0.278259 0.082939 -0.400269 -0.267914 0.172806 -0.365936 -0.289612 0.101845 -0.359467 -0.278931 0.103653 -0.396271 -0.280457 0.016066 -0.362732 -0.28476 -0.20607 -0.141647 -0.249313 -0.211868 -0.197571 -0.248581 0.199646 -0.414886 -0.308655 0.141876 -0.414825 -0.341522 0.099327 -0.404968 -0.343903 0.090286 -0.40387 -0.33313 0.065018 -0.412903 -0.339813 0.150787 -0.415497 -0.427979 0.051792 -0.414429 -0.416016 0.207108 -0.396545 -0.369385 0.183151 -0.399048 -0.360199 0.174973 -0.366913 -0.380066 0.170547 -0.357971 -0.425629 0.208435 -0.405792 -0.451416 0.18576 -0.425415 -0.453033 0.195435 -0.444977 -0.451202 0.184357 -0.453186 -0.480133 0.210693 -0.453339 -0.479614 0.219238 -0.444824 -0.452728 0.210464 -0.415375 -0.477661 0.005394 -0.40036 -0.292938 -0.06974 -0.400513 -0.268829 -0.032642 -0.400269 -0.292694 -0.042389 -0.364563 -0.282166 0.007781 -0.361572 -0.377563 -0.014254 -0.403412 -0.345184 -0.033806 -0.346619 -0.381958 0.003273 -0.400635 -0.356171 -0.022673 -0.397827 -0.391357 -0.113579 -0.396332 -0.280609 -0.098656 -0.357361 -0.276886 -0.041492 -0.395386 -0.284119 -0.083282 -0.397064 -0.375671 -0.036518 -0.397064 -0.353516 -0.042778 -0.396118 -0.425812 -0.039783 -0.369873 -0.427979 -0.112007 -0.391418 -0.434784 -0.192474 -0.395477 -0.426208 -0.036694 -0.402039 -0.431519 -0.159409 -0.400635 -0.473816 0.072731 -0.39798 -0.473755 0.006976 -0.401184 -0.435364 0.105125 -0.399017 -0.456604 0.098953 -0.400543 -0.434296 0.003304 -0.412354 -0.418793 0.014762 -0.368958 -0.42453 0.096107 -0.359741 -0.431152 0.024672 -0.395966 -0.427094 0.105156 -0.396393 -0.428925 0.059086 -0.397522 -0.3974 0.011986 -0.39679 -0.392365 0.011827 -0.397369 -0.343475 0.146149 -0.402771 -0.344727 0.047859 -0.400787 -0.346069 0.036453 -0.413971 -0.345581 0.015554 -0.396057 -0.293945 0.06385 -0.398193 -0.317993 0.056892 -0.400604 -0.343994 0.020504 -0.414948 -0.328705 -0.050602 -0.414154 -0.31427 -0.014254 -0.403412 -0.345184 -0.043808 -0.415619 -0.343689 -0.096626 -0.41449 -0.397217 0.003304 -0.412354 -0.418793 -0.066101 -0.416748 -0.471436 -0.184906 -0.418213 -0.465363 0.120262 -0.414398 -0.473663 0.170303 -0.396332 -0.284607 0.173767 -0.397308 -0.368011 0.170746 -0.396301 -0.422638 0.005556 -0.262909 -0.352112 0.007931 -0.227509 -0.334808 -0.022711 -0.264313 -0.352325 0.012618 -0.260071 -0.378052 0.018543 -0.25766 -0.425415 0.011847 -0.224472 -0.419434 0.035084 -0.23378 -0.431885 0.098816 -0.248611 -0.430145 0.016281 -0.263916 -0.424561 0.102448 -0.264618 -0.434021 0.029438 -0.263611 -0.454224 -0.042728 -0.253296 -0.427643 -0.032967 -0.222046 -0.347412 -0.037083 -0.259583 -0.358887 -0.102608 -0.261963 -0.422546 -0.092369 -0.260071 -0.362213 -0.186966 -0.261047 -0.419861 -0.107567 -0.240097 -0.279297 -0.121666 -0.263519 -0.267548 -0.049026 -0.264343 -0.24408 0.177963 -0.230545 -0.377197 0.174149 -0.260529 -0.371948 0.174347 -0.259735 -0.420959 0.187805 -0.257111 -0.440216 0.17215 -0.214325 -0.42569 0.205353 -0.25705 -0.446564 0.212341 -0.223053 -0.451508 0.166061 -0.259033 -0.418213 0.207397 -0.27475 -0.409576 0.193741 -0.286469 -0.452667 0.149719 -0.279938 -0.411682 0.140915 -0.397278 -0.316467 0.113663 -0.141571 -0.434967 0.115364 -0.141266 -0.472443 -0.092926 -0.141266 -0.472382 0.202225 -0.14418 -0.451385 0.184875 -0.141312 -0.464966 0.214615 -0.11673 -0.451508 0.185287 -0.206116 -0.458466 0.185211 -0.215027 -0.47998 0.181396 -0.103302 -0.473938 -0.027014 -0.279663 -0.431305 0.03941 -0.280548 -0.473724 -0.211014 -0.279877 -0.367615 -0.146942 -0.280609 -0.470367 -0.036568 -0.266083 -0.473816 0.129211 -0.266663 -0.473724 -0.167374 -0.264069 -0.461182 0.217209 -0.307739 -0.45105 0.190292 -0.368622 -0.45163 0.187027 -0.397614 -0.463287 0.185165 -0.339355 -0.472443 0.185043 -0.415466 -0.475372 0.183075 -0.3992 -0.429688 0.184921 -0.269104 -0.473969 0.16478 -0.280609 -0.473602 0.164185 -0.263855 -0.450439 0.200455 -0.234756 -0.480042 0.202118 -0.10331 -0.47995 0.218567 -0.297028 -0.472687 0.218552 -0.154541 -0.473358 0.027466 -0.055023 -0.487183 0.11731 -0.047958 -0.497711 0.152451 -0.061222 -0.485626 -0.053452 -0.053722 -0.498322 0.031326 -0.080444 -0.480804 0.168411 -0.081604 -0.477905 0.222778 -0.075249 -0.48526 0.052387 -0.105583 -0.472931 -0.023993 -0.015823 -0.098618 -0.147583 -0.015667 -0.112816 -0.039024 -0.015638 -0.178833 -0.182495 -0.016304 -0.189011 -0.077362 -0.015265 -0.121719 -0.180511 0.092903 -0.233627 -0.172958 0.239197 -0.233231 -0.151276 0.165588 -0.235626 -0.154526 0.065659 -0.241913 -0.181442 -0.016125 -0.232712 -0.163696 -0.012029 -0.24617 -0.116302 -0.01388 -0.210342 -0.128922 -0.014244 -0.263397 -0.094818 -0.005497 -0.159317 -0.067879 -0.00698 -0.182175 -0.085114 -0.000295 -0.131638 -0.068024 0.002148 -0.150208 -0.039318 -0.003436 -0.153732 -0.057816 -0.00258 -0.12619 -0.044304 -0.015287 -0.134201 -0.234238 -0.141586 -0.473206 -0.242279 -0.110512 -0.478516 -0.214157 -0.094299 -0.47406 -0.110123 -0.121094 -0.472992 -0.191528 -0.065048 -0.486633 -0.097191 -0.054977 -0.486664 -0.170502 -0.047806 -0.498413 -0.242645 -0.023867 -0.499359 -0.127762 -0.044353 -0.499146 -0.055141 -0.036888 -0.499359 -0.088821 -0.019058 -0.496704 -0.177429 -0.016718 -0.498627 -0.218491 -0.016665 -0.427979 -0.172562 -0.017572 -0.473145 -0.119003 -0.015903 -0.466034 -0.168488 -0.017523 -0.499176 -0.296356 -0.016479 -0.24057 -0.273712 -0.015902 -0.14299 -0.24411 -0.015844 -0.221024 -0.227432 -0.016335 -0.287292 -0.229904 -0.01613 -0.249756 -0.297119 -0.016659 -0.425293 -0.29892 -0.038052 -0.407288 -0.298279 -0.045834 -0.188324 -0.297668 -0.053925 -0.327972 -0.275818 -0.05584 -0.198318 -0.268494 -0.09906 -0.209183 -0.115051 0.400238 -0.040276 -0.154236 0.389435 -0.038338 -0.107147 0.341919 -0.034691 -0.097183 0.269379 -0.035561 -0.126968 0.268768 -0.035873 -0.084351 0.270599 -0.144043 -0.020786 0.246368 -0.189102 -0.023136 0.267761 -0.177368 -0.020502 0.261169 -0.253815 -0.031042 0.239868 -0.250519 -0.056137 0.231857 -0.237244 -0.083328 0.269531 -0.214996 -0.078545 0.238403 -0.250854 -0.121689 0.179398 -0.241516 -0.18399 0.232071 -0.253174 -0.116959 0.267944 -0.252197 -0.240143 0.2677 -0.254028 -0.242065 0.193665 -0.249649 -0.180573 0.269562 -0.18309 -0.248306 0.268127 -0.173874 -0.245193 0.092453 -0.220428 -0.136246 0.269379 -0.136078 -0.112892 0.281708 -0.191269 -0.138901 0.278381 -0.188583 -0.106842 0.283234 -0.154343 -0.15036 0.278442 -0.162796 -0.13382 0.285309 -0.142303 -0.244354 0.050919 -0.136688 -0.235977 0.049908 -0.249405 -0.188873 0.088516 -0.250519 -0.150177 0.158127 -0.248474 -0.200974 -0.415527 -0.299316 -0.243912 -0.423767 -0.227234 -0.236282 -0.425629 -0.252289 -0.232758 -0.446075 -0.229782 -0.236908 -0.452179 -0.261383 -0.259399 -0.453491 -0.233124 -0.266541 -0.416016 -0.234619 -0.263763 -0.420349 -0.151794 -0.263367 -0.283813 -0.262756 -0.2677 -0.196091 -0.260376 -0.086693 0.239395 -0.154648 -0.114738 0.239319 -0.233307 -0.265045 -0.141617 -0.263611 -0.263519 -0.141205 -0.369507 -0.269836 -0.08033 -0.39386 -0.266235 -0.138458 -0.452332 -0.242569 -0.141602 -0.453491 -0.264374 -0.441162 -0.261261 -0.258606 -0.393799 -0.261475 -0.260956 -0.396454 -0.291077 -0.260986 -0.414459 -0.293365 -0.259338 -0.41394 -0.396759 -0.242249 -0.416962 -0.327362 -0.260986 -0.396484 -0.395874 -0.205368 -0.402893 -0.359375 -0.227295 -0.41626 -0.39389 -0.244949 -0.426422 -0.452881 -0.234177 -0.418304 -0.477295 -0.261505 -0.400879 -0.44986 -0.20816 -0.400177 -0.430206 -0.239166 -0.396362 -0.452301 -0.231674 -0.399963 -0.473633 -0.241501 -0.347534 -0.455688 -0.23439 -0.2677 -0.474487 -0.266632 -0.359772 -0.45166 -0.251556 -0.280548 -0.450775 -0.268311 -0.445892 -0.453094 -0.263885 -0.37677 -0.476685 -0.244675 -0.453033 -0.449524 -0.261139 -0.453094 -0.478546 -0.233917 -0.453369 -0.475708 -0.251221 -0.251007 -0.480103 -0.244171 -0.261963 -0.255585 -0.261017 -0.261169 -0.29248 -0.260864 -0.277771 -0.377991 -0.183929 -0.264557 -0.253601 -0.243027 -0.261139 -0.379242 -0.21286 -0.264984 -0.336975 -0.211472 -0.280487 -0.248413 -0.149734 -0.400635 -0.27536 -0.206894 -0.399658 -0.250336 -0.196182 -0.384338 -0.284546 -0.156433 -0.340485 -0.244095 -0.200333 -0.401031 -0.283081 -0.19989 -0.396271 -0.371857 -0.20314 -0.370148 -0.31012 -0.19635 -0.359253 -0.425781 -0.205368 -0.402893 -0.359375 -0.228592 -0.399872 -0.322083 -0.239517 -0.344025 -0.253204 -0.196365 -0.250305 -0.285095 -0.199783 -0.259064 -0.355133 -0.281952 -0.05489 -0.391357 -0.297913 -0.053608 -0.468689 -0.285339 -0.053917 -0.494507 -0.298401 -0.033642 -0.49881 -0.29715 -0.016602 -0.492615 -0.272156 -0.077827 -0.485504 -0.26767 -0.152252 -0.47998 -0.202438 -0.219803 -0.347839 -0.195602 -0.257935 -0.423035 -0.196167 -0.221283 -0.424011 -0.11264 -0.218033 -0.431641 -0.264709 -0.236816 -0.453918 -0.237595 -0.202576 -0.459045 -0.238358 -0.25943 -0.455048 -0.163147 -0.261261 -0.431641</float_array>
          <technique_common>
            <accessor source="#CookingTable_Level_4-mesh-positions-array" count="933" stride="3">
              <param name="X" type="float"/>
              <param name="Y" type="float"/>
              <param name="Z" type="float"/>
            </accessor>
          </technique_common>
        </source>
        <source id="CookingTable_Level_4-mesh-normals">
          <float_array id="CookingTable_Level_4-mesh-normals-array" count="5685">0.220135 -0.358046 0.907383 0.02193 -0.173771 0.984542 -0.013681 0.33298 0.942835 0.016327 0.257933 0.966025 -0.020929 0.972249 0.233009 -0.009126 0.071209 0.99742 0.006777 -0.213907 0.976831 -0.037626 -0.721048 0.691863 -0.036809 -0.717008 0.696093 -0.020521 -0.229379 0.973121 -0.2031 -0.306292 0.930019 0.990932 0.041905 0.127662 -0.037968 -0.193237 0.980417 -0.073248 -0.195005 0.978063 -0.038127 -0.211447 0.976645 -0.676185 0.061843 0.734131 0.004482 0.002353 0.999987 -0.10988 -0.006002 0.993927 0.901741 -0.406934 -0.145836 0.960116 -0.0882 0.265327 0.987561 -0.000617 -0.157236 0.964099 -0.032884 -0.2635 -0.694588 -0.014477 -0.719262 -0.190047 -0.004173 -0.981766 -0.354066 -0.056343 -0.933522 -0.132936 0.850623 -0.508693 -0.958816 0.143704 0.244992 -0.220217 0.92088 -0.32169 -0.013829 0.079325 0.996753 -0.022376 0.971922 0.234235 -0.071875 0.924905 0.373343 -0.029799 -0.00515 0.999543 0.046894 -0.597678 0.800363 0.709093 0.656662 0.256871 0.034392 -0.14536 0.988781 0.032659 -0.121816 0.992015 -0.008209 0.986743 0.162084 -0.019101 0.141703 0.989725 0.059859 0.996327 0.061237 0.017344 0.07949 0.996685 0.001468 0.995004 0.099827 0.05144 -0.512612 0.857078 -0.015776 -0.22456 0.974333 -0.006587 -0.134062 0.990951 -0.013064 -0.080927 0.996634 0.060956 0.143817 0.987725 0.010881 -0.139022 0.99023 0.002303 -0.110928 0.993826 0.021285 -0.255994 0.966444 -0.043797 -0.596617 0.80133 -0.029463 -0.745772 0.66555 0.017687 -0.146499 0.989053 0.016886 -0.745188 0.66664 -0.044689 -0.410102 0.910944 0.02676 0.057356 0.997995 -0.048259 0.140935 0.988842 0.003029 0.001195 0.999995 0.032338 0.999434 0.009265 -0.041677 0.224706 0.973535 -0.021386 -0.032713 0.999236 0.000708 0.011891 0.999929 0.038556 -0.00829 0.999222 -0.077381 0.995925 0.046329 -0.018161 0.995175 0.096423 -0.047572 0.998637 -0.02148 0.874251 0.313168 0.370958 -0.901419 0.253807 0.35075 0.296003 0.955182 -0.003187 -0.168573 0.984986 -0.037217 -0.002847 0.983294 0.182005 -0.113764 0.993493 -0.005502 0.007246 0.999968 0.00351 0.013614 0.999886 0.00658 -0.210008 0.962029 0.174349 -0.115944 0.992756 0.031508 -0.2064 0.964144 0.16681 -0.373798 0.905213 -0.202148 -0.949462 0.065312 -0.30701 -0.881904 0.167587 0.440636 -0.828512 0.543276 0.13572 -0.068429 0.244054 -0.967344 0.031017 0.999306 0.020607 -0.046331 0.998647 -0.023613 -0.246619 0.635358 -0.731778 0.019376 0.992608 -0.119811 0.009193 0.998016 -0.062285 -0.128331 0.991108 0.035169 0.096113 0.993088 0.067364 0.23686 0.433212 -0.869612 0.033177 0.999257 0.019593 0.04513 0.998847 0.016364 0.052709 0.998464 0.017061 0.019511 0.999162 0.035981 0.619056 0.697666 -0.360599 0.799682 0.498684 -0.3344 0.067563 0.993505 0.091564 0.010582 0.961097 0.276007 0.033015 0.996284 0.079546 0.465328 0.877369 -0.117022 0.798799 0.408207 0.441914 0.032888 0.437697 0.898521 -0.032153 0.999068 -0.028792 -0.011464 0.511319 0.859315 0.013752 -0.999772 0.016308 0.075352 -0.99715 0.003685 0.982192 -0.187877 -0.000533 0.994029 -0.108017 0.015418 0.044436 -0.999011 -0.001318 0.999834 0.017132 0.006263 0.221968 0.945204 0.239415 0.013887 0.999903 -0.000757 -0.000599 0.999992 0.003848 0.999194 0.040151 0.000223 0.015485 0.999877 -0.002677 -0.00012 0.999989 0.004605 0.023077 0.999724 0.004391 0.000132 0.999957 0.009242 0.036498 0.999229 0.014493 0.019682 0.99962 -0.019317 0.998623 0.052369 0.003233 0.968158 -0.24949 0.020592 0.038958 0.999085 0.017643 0.00235 0.999968 0.007606 0.991075 -0.113432 0.070032 -0.057753 0.996592 0.058891 0.042546 0.998959 -0.016466 -0.047216 0.998881 0.00265 -0.023871 0.997725 -0.063054 0.907471 0.035162 -0.41864 -0.909488 0.136268 0.392763 -0.720708 0.474296 -0.505592 0.077516 0.994191 0.074664 0.001714 0.99998 -0.00608 -0.29185 0.688654 0.663762 -0.081427 -0.015322 0.996562 0.064773 0.994369 -0.083871 0.485475 0.874081 -0.017234 0.799282 0.303126 0.518906 -0.068542 0.996475 0.048368 0.018633 0.999762 0.011317 -0.108992 0.993995 0.00969 -0.057969 0.997309 0.044879 0.982869 -0.106791 0.150212 0.921919 0.381717 0.066015 0.87513 -0.481557 -0.04744 0.38122 0.138481 0.914054 0.508066 -0.857921 0.07642 0.990735 -0.109431 0.080429 0.979774 0.055103 0.192368 0.998724 -0.049618 0.009413 0.987076 -0.154137 -0.043851 0.992527 -0.114261 0.042836 -0.136723 -0.961047 -0.2402 0.984315 0.130451 -0.118767 0.996776 0.010344 -0.079563 0.188795 0.102662 0.976636 0.525661 -0.844592 -0.101707 0.034678 -0.999385 0.00515 0.000604 -0.002665 0.999996 0.01374 -0.06066 0.998064 0.922923 -0.358696 0.139824 0.036241 -0.044515 0.998351 -0.37229 0.012589 0.928031 0.975158 -0.221324 -0.009053 0.948055 -0.318104 -0.00123 0.952871 -0.298969 -0.051514 0.940213 -0.339477 -0.027461 0.991631 -0.128596 -0.011447 0.987357 -0.07283 -0.140791 -0.787303 -0.022451 0.616157 0.004656 -0.999981 0.004112 -0.135324 -0.227982 0.964216 0.000334 -1 -0.000029 -0.002922 0.003011 0.999991 -0.000091 -1 0.000008 0.259134 -0.155215 0.953288 0.993609 -0.103938 0.044024 0.263355 -0.306603 -0.914679 -0.311231 -0.460135 0.831511 0.048651 -0.394822 -0.917469 -0.907701 0.332727 -0.255678 0.095639 -0.148017 -0.98435 -0.089125 0.414518 0.905667 -0.066204 0.466141 0.88223 0.009624 -0.985744 -0.167979 -0.05521 -0.998378 0.01389 -0.040824 -0.986548 -0.158292 0.957938 0.163256 0.236014 0.957295 0.172112 0.2323 0.022028 -0.99763 0.06518 0.96257 0.269327 0.030359 0.999959 -0.008973 -0.001316 -0.071675 -0.99713 -0.024372 -0.010473 -0.999915 0.00776 0.001478 -0.999252 0.038635 -0.0226 -0.99859 0.04804 -0.203783 -0.977981 -0.045005 -0.070959 -0.99495 0.070991 0.999528 0.014021 0.027333 0.847392 0.494096 -0.194414 0.135527 0.989672 0.046706 0.007125 0.998588 -0.052637 0.166803 0.985987 0.002588 -0.231148 0.972312 0.034339 -0.049976 0.998697 0.010292 -0.021046 0.998181 -0.056502 -0.043324 0.997861 -0.048951 -0.016328 0.99986 -0.003611 0.983386 0.181411 0.006556 0.963553 0.221964 0.149325 0.947231 0.309957 -0.081737 -0.042668 0.277957 0.959645 0.960751 0.230696 0.154065 0.033723 0.11003 0.993356 -0.996604 0.017122 0.080539 0.000235 0.176137 -0.984366 -0.972942 0.208261 -0.100056 -0.044049 0.110594 -0.992889 -0.017953 0.999661 -0.018876 -0.013102 0.999222 0.037203 -0.980732 0.098643 -0.168627 -0.995603 0.083375 0.042697 0.006325 0.998981 -0.044696 -0.013717 0.999278 0.035428 0.089486 -0.017668 0.995831 0.580672 0.037508 0.813273 0.939286 -0.015639 -0.342778 0.998124 0.045227 -0.041257 0.053358 -0.014182 0.998475 -0.002268 0.000205 0.999997 -0.919289 -0.079291 0.385513 -0.961556 0.062725 -0.26735 -0.880342 -0.004137 -0.474321 0.09994 0.120503 -0.987669 -0.965614 -0.028736 -0.258386 -0.152371 -0.006496 -0.988302 -0.838232 0.05505 -0.542528 0.801275 -0.182694 -0.569721 -0.005087 -0.990657 0.13628 0.947358 -0.310916 -0.076443 0.016093 -0.999753 0.01535 0.990019 -0.131653 0.050306 0.99977 0.004311 0.020991 -0.999755 0.000317 0.022154 -0.998432 0.007429 -0.055475 -0.978045 0.061449 -0.199128 -0.933839 -0.169756 -0.314844 0.080651 0.415937 0.90581 -0.034827 0.998962 0.029366 -0.000405 0.998071 0.062086 0.030444 0.999498 0.00878 -0.015417 0.994942 -0.099262 -0.000875 0.013367 0.99991 -0.000297 0.006488 0.999979 0.00019 0.017951 0.999839 -0.025482 -0.999553 0.015624 0.004579 -0.986724 -0.16234 0.027126 -0.999599 -0.008074 0.023855 -0.999521 0.01971 -0.024963 -0.999526 0.018034 0.153487 -0.959515 -0.236163 -0.140651 -0.986374 -0.085342 -0.116548 -0.992282 0.042339 0.652804 -0.655702 -0.379345 0.044592 -0.995706 0.081124 0.005407 -0.990876 0.134671 -0.000841 -0.999826 -0.018615 0.005999 -0.999847 -0.016432 -0.025704 -0.999313 0.026689 0.029972 -0.999498 0.010283 0.002884 -0.998318 0.057911 0.000896 -0.99831 0.058102 0.007857 -0.04657 0.998884 0.010993 -0.992873 0.118671 -0.1363 0.882224 0.450669 0.455197 0.853739 0.252837 -0.01466 0.999739 -0.01751 -0.041013 0.982526 -0.18155 0.023407 0.999659 -0.011607 -0.000232 0.084913 0.996388 -0.235184 0.277652 0.931449 0.030808 0.124695 0.991717 0.918201 0.373757 0.131193 0.102416 0.984129 0.144918 -0.034914 0.030965 -0.99891 0.044127 0.083918 -0.995495 0.013616 0.999796 -0.014907 -0.002777 0.999945 -0.010082 -0.143414 0.199645 -0.969316 0.004284 0.999837 -0.017562 -0.983717 -0.072241 -0.164569 -0.995581 0.075224 -0.056216 0.925874 0.322295 0.197189 -0.993996 0.03609 0.103298 0.219339 0.97534 -0.024532 0.982317 0.181634 0.045419 0.092859 0.995679 -0.000116 0.981822 0.184972 0.042564 0.940706 0.036576 -0.337244 -0.992689 0.092398 0.077656 -0.215306 0.973272 0.079911 0.942443 0.03341 -0.332693 -0.070628 0.116046 0.990729 0.045016 0.062642 -0.99702 0.013562 -0.139504 0.990129 -0.0068 -0.999976 -0.001578 -0.006487 -0.999977 -0.00175 -0.919676 -0.148268 -0.363611 0.016714 -0.089008 -0.995891 0.12758 -0.987023 -0.097514 0.005817 -0.999847 0.016482 0.992012 -0.125482 -0.012893 -0.020178 -0.998435 0.052162 -0.013543 -0.998896 0.044991 0.038378 -0.993638 0.10588 -0.000052 0.006002 0.999982 0.162638 0.704132 0.691192 -0.070053 0.98343 0.167209 -0.001687 0.996619 -0.082148 0.010953 0.99993 -0.004392 -0.051677 0.995642 0.077634 -0.001974 0.997615 -0.068992 0.048516 0.973979 0.221384 -0.071938 0.975374 0.208498 0.137178 0.988595 -0.062153 0.078782 0.257048 0.963182 -0.043649 0.180084 0.982682 0.051065 0.06288 -0.996714 0.907107 0.282721 -0.311809 -0.012155 0.998957 -0.044006 0.995069 0.004714 -0.099069 -0.982376 0.135124 0.129148 0.995322 0.088912 0.037787 0.996298 0.026144 0.081898 -0.937703 -0.346716 -0.022364 -0.996242 0.04792 0.072148 -0.875743 0.292919 -0.383761 0.01138 0.999892 0.009246 -0.0298 0.999419 0.016564 0.012839 0.999821 0.013873 0.323465 0.893225 -0.31228 0.012837 0.999821 0.013905 0.012872 0.999821 0.013898 0.17658 0.965505 -0.191361 0.962435 -0.24697 0.112806 0.992823 -0.109093 -0.049002 0.416083 -0.247939 -0.874872 0.954766 0.270135 -0.124296 0.239423 0.151511 -0.959021 -0.116007 0.161346 0.980056 -0.187403 0.982232 0.010006 -0.995817 0.074418 0.053009 0.068177 0.967346 0.244116 -0.978921 0.18622 -0.083876 -0.018305 0.996785 -0.078 -0.052761 0.998268 -0.026014 0.000565 -0.999991 0.004201 0.001079 -0.999992 0.003809 -0.076031 0.161254 0.98398 0.082863 0.383045 0.920005 -0.0021 -0.999491 -0.031844 0.085379 0.098096 -0.991508 0.18953 -0.154581 -0.96963 0.02283 0.999558 -0.019022 -0.980489 0.178535 0.082263 0.005156 0.999676 0.024945 0.995722 0.047952 -0.078987 -0.979256 0.201275 0.023354 0.008987 0.99962 -0.026059 0.992093 0.110824 -0.058909 0.039142 0.998941 0.024194 0.982915 0.176633 0.051758 0.015569 0.998509 0.052318 0.133072 0.197765 0.971175 0.990417 -0.010423 0.137714 -0.984203 0.176661 0.011599 -0.97197 0.218843 -0.085925 -0.006657 0.999579 -0.028232 -0.022234 0.999582 -0.018494 -0.820239 0.515352 0.248237 -0.121118 0.140485 -0.982647 0.048448 0.998522 0.024643 -0.997075 -0.015728 -0.074793 0.990874 0.099136 0.091333 0.99709 0.069708 0.030859 0.987697 0.156331 0.003856 0.938654 0.297006 0.175259 0.734541 0.494395 0.464783 0.106979 0.254717 0.96108 0.130253 0.143592 0.981028 -0.073733 0.018939 -0.997098 0.042766 0.069661 -0.996654 -0.160927 0.986789 0.018723 -0.987128 0.143298 -0.071018 0.010742 0.986638 -0.162572 -0.994732 0.102484 -0.002406 -0.011189 0.999866 -0.011971 -0.991541 0.128277 0.019774 0.008782 0.9999 0.01104 -0.979912 -0.037315 0.195907 -0.119536 0.140188 0.982883 0.678941 0.663893 -0.313505 -0.061546 0.028868 0.997687 0.150716 0.246893 -0.95725 0.104057 0.159945 -0.981626 -0.002313 -0.999996 -0.001353 -0.01034 -0.999946 -0.001258 0.001748 0.999555 0.029778 -0.021728 0.999735 0.007649 0.00411 0.999978 0.005281 0.004883 0.999979 0.004173 -0.012114 -0.999924 0.002121 0.00149 -0.999961 0.008741 -0.002811 -0.999947 0.00993 0.535925 -0.83482 -0.125937 0.999405 -0.031776 -0.013417 0.076912 0.989555 -0.121921 0.524513 0.849924 0.050152 -0.400799 -0.01077 0.916103 0.050202 0.035737 0.9981 -0.454227 0.041532 0.889918 0.028247 -0.027453 0.999224 -0.129876 -0.08807 0.987611 -0.725217 -0.035083 0.687626 -0.016346 0.006687 0.999844 0.00058 -0.001556 0.999999 0.006077 0.227279 0.973811 -0.752571 0.025936 0.658001 -0.051691 0.133797 0.98966 -0.311915 -0.024655 0.94979 0.154528 0.038266 0.987247 0.037896 -0.033744 0.998712 0.100258 0.096073 0.990312 0.96868 -0.100532 0.227051 0.987307 -0.00123 0.158821 0.992052 -0.035073 0.120843 0.993498 0.016882 0.11259 0.999392 0.009924 -0.033424 0.998299 -0.04204 -0.040395 0.998606 0.052497 -0.005398 0.995262 -0.097101 0.005048 0.994648 -0.103318 -0.001136 -0.032521 0.990176 0.135993 -0.143211 0.989692 -0.000124 0.684451 0.045783 -0.72762 0.002124 0.999515 0.031055 0.004232 0.999501 0.031287 0.056912 0.140759 -0.988407 -0.04748 0.001169 -0.998871 0.030974 0.065074 -0.9974 -0.07492 0.179706 0.980863 -0.119566 0.026342 0.992477 0.179795 0.283136 0.942076 -0.085095 0.083031 0.992907 0.076326 0.093322 0.992706 0.179487 0.354012 0.917856 -0.295159 -0.160577 0.941858 -0.279674 -0.17909 0.943244 -0.227945 -0.954171 -0.193904 -0.926514 0.131511 -0.352528 -0.028718 -0.93045 -0.365291 0.022936 -0.425943 -0.904459 -0.640214 -0.740746 -0.20352 -0.907802 -0.417262 0.042289 0.529896 -0.737753 -0.418247 0.005728 -0.99996 -0.006897 -0.010525 -0.999773 0.018505 0.00869 -0.999962 -0.000372 -0.012083 -0.999798 0.016076 0.000173 -1 0.000133 0.003914 -0.99993 0.011148 0 -1 0 -0.03809 -0.000892 0.999274 0.999738 -0.018819 -0.013028 0.993966 0.008196 0.109385 0.997601 0.038982 -0.057207 0.998605 0.021148 -0.048384 0.836881 -0.308786 0.451975 0.828942 0.559329 0.002523 0.972875 -0.082516 -0.216115 0.998305 0.035019 -0.046475 0.983907 -0.17798 -0.015816 0.950743 0.309884 0.007768 0.983548 -0.179693 -0.018525 0.981866 -0.189379 -0.008606 0.977729 -0.209179 -0.01701 0.995683 -0.077873 0.050509 0.915371 -0.401455 0.030498 0.931733 -0.362422 0.022891 0.961371 -0.267435 -0.065153 0.987375 -0.022992 0.156722 0.952806 0.303579 -0.000528 0.954886 0.248903 -0.161988 0.65342 0.756706 -0.02095 0.973144 0.210612 0.092916 0.975084 0.202853 -0.089789 0.995267 0.09693 -0.006964 0.998774 0.049484 0.001401 0.99898 -0.036666 -0.026359 -0.941459 0.337119 -0.002482 0.565562 0.81705 -0.112115 -0.108193 0.947329 0.301433 -0.049207 0.053291 0.997366 0.02038 0.099995 0.994779 -0.002306 0.996112 -0.088062 0.047604 0.994913 -0.08878 0.005142 0.162417 -0.986709 0.01259 0.998961 -0.043809 0.04566 0.064377 -0.996881 -0.013291 -0.028176 -0.999515 -0.079801 0.090987 -0.99265 -0.774672 0.083005 0.626892 -0.007356 0.132083 0.991211 0.000147 -0.999976 0.006993 -0.036221 0.132232 0.990557 0.00039 0.999856 0.016966 -0.000206 -0.000527 1 -0.000205 -0.003908 0.999992 -0.021829 0.181103 0.983222 0.456876 0.287168 0.841902 0.559658 -0.73442 0.38394 0.1172 0.120246 -0.985802 0.509878 -0.758571 0.405702 0.971282 -0.180516 0.155002 0.971799 -0.029584 -0.233946 0.466888 -0.609277 -0.640934 0.969997 -0.021004 -0.242207 -0.322539 -0.946513 -0.009022 0.980409 0.050662 0.190347 0.902739 0.427895 0.044356 0.894487 -0.447 -0.009151 0.940184 -0.339692 -0.025758 0.999735 0.022997 0.000301 -0.025958 0.998844 -0.04045 0.99901 -0.041795 0.015246 0.986598 -0.013712 0.16259 0.870519 -0.358193 0.337483 0.525253 0.168881 0.83402 0.453825 -0.863068 -0.221715 0.238396 0.412989 -0.878981 0.969566 -0.232257 -0.077448 0.968004 0.04487 -0.246889 0.917892 -0.393886 -0.048251 0.980757 -0.195209 -0.003145 0.088994 -0.996032 -0.000451 0.092323 -0.995728 -0.001367 0.086364 -0.996264 -0.000203 0.991484 -0.12711 -0.028346 0.986255 0.147883 -0.073697 0.986492 -0.163803 0.001379 0.956382 0.249452 0.152013 0.860289 -0.418869 0.290606 0.679548 0.601892 0.419452 0.605379 -0.524892 0.598335 0.551409 -0.344154 -0.759938 0.420682 -0.578765 -0.698612 0.996235 -0.085698 0.013138 0.961336 -0.171027 -0.215831 0.987137 0.146443 -0.06415 0.98019 -0.197855 -0.009019 0.988583 -0.150676 -0.000314 0.986418 0.144075 -0.078879 0.808213 0.58889 -0.000257 0.816985 0.576655 0.00214 -0.107204 -0.994075 -0.017972 0.090526 0.97543 0.200853 -0.606823 -0.793785 0.040885 0.94002 -0.333012 0.073925 -0.603795 -0.795814 0.045963 -0.732304 0.679181 -0.049433 -0.725325 0.688209 -0.016469 -0.301826 0.953356 0.003586 -0.170524 0.984665 -0.03683 0.999889 0.009476 -0.011536 0.99511 0.098771 0.001126 -0.312986 -0.949745 0.00491 0.009761 -0.999952 -0.000719 0.064415 -0.997884 -0.008799 0.989648 -0.143505 -0.001702 0.996841 -0.079241 0.005358 0.903292 0.422004 -0.077308 0.797632 0.599676 -0.064585 0.612262 0.788497 0.058373 0.211514 0.977304 0.011809 0.997993 -0.062209 0.011842 0.995386 0.092136 -0.026797 0.986419 -0.011143 -0.163868 0.997973 -0.063633 -0.000683 0.960586 0.031551 0.276187 0.958186 0.039365 0.283426 0.999638 0.011821 0.024188 0.999242 0.001715 0.038899 0.998144 -0.059037 0.01492 0.999162 -0.039005 0.012425 0.999877 -0.01314 -0.008606 0.999946 0.007619 0.007135 0.971965 0.23026 -0.047592 0.971755 0.103286 0.212189 0.983173 -0.034096 -0.179467 -0.05413 0.037048 -0.997846 0.950575 0.190868 0.244901 0.991962 -0.122132 0.033096 0.89944 -0.41825 0.126782 0.893432 -0.445079 0.060703 0.995579 0.003344 -0.093872 0.817678 -0.572995 0.055492 0.917779 -0.377981 -0.121706 0.77463 -0.631884 0.025912 0.804201 -0.590455 -0.06799 0.010899 -0.86583 -0.500219 0.694105 0.249071 -0.675412 0.411035 -0.126877 0.902747 0.914421 -0.143379 -0.378518 0.828833 0.523399 -0.197709 0.861461 -0.334617 0.38199 0.994246 0.106038 0.015162 0.511227 0.491582 0.704978 0.961344 -0.152879 0.229011 0.997083 -0.022311 -0.072991 0.994361 -0.098139 -0.040197 0.275987 -0.956758 -0.091895 0.983156 0.182582 0.008216 0.159418 -0.987019 -0.019494 0.984294 -0.175842 -0.015619 0.99491 0.085905 -0.052665 0.968018 -0.249971 0.021355 0.181773 -0.983206 -0.016237 0.028726 0.999158 0.029311 0.073346 0.997269 0.008603 -0.057065 0.998362 0.004176 0.187298 0.96729 0.171084 0.896011 0.355115 -0.266568 -0.031161 0.991226 -0.128453 0.304134 0.526597 -0.79385 0.992001 0.107397 -0.066328 0.266593 0.904271 -0.3335 0.800442 0.170461 -0.574661 -0.224483 -0.579657 -0.78333 0.559092 -0.192913 0.806351 0.886901 0.018256 0.461599 0.857259 -0.3713 0.356713 0.994918 0.064839 -0.07703 0.998575 0.050723 -0.016612 0.561503 0.754465 -0.339848 0.717316 -0.292553 -0.632353 0.966251 -0.257085 -0.016345 0.742384 0.047417 0.668294 0.804041 -0.594564 0.003468 0.887116 -0.457557 -0.060553 0.946299 -0.318269 -0.056776 0.994616 -0.063215 0.082111 0.293403 -0.917417 -0.268813 0.419931 -0.797649 0.432913 0.636359 0.040786 -0.770314 0.581344 0.087748 -0.808912 0.746029 0.165942 0.644906 0.431435 0.89897 0.075611 0.84446 -0.014477 0.535424 -0.039438 0.957775 -0.2848 -0.002875 0.930243 -0.366934 0.032767 0.988338 -0.148707 0.247995 0.923836 0.291593 -0.045445 0.998954 -0.005044 -0.339733 0.939744 -0.038247 0.074534 0.99415 0.078174 -0.021068 0.999776 0.002123 -0.002316 0.999997 -0.000129 -0.001961 0.999997 -0.001666 0.003824 0.999969 -0.006833 0.025887 0.993973 -0.106521 0.025268 0.999658 -0.006765 0.842645 0.427141 -0.327871 -0.113117 -0.025026 -0.993266 0.358002 0.930949 0.07189 -0.019125 0.999496 -0.025333 -0.025531 0.995404 -0.0923 0.423675 -0.398878 -0.813262 -0.19715 0.185639 -0.962637 0.03981 0.998985 0.021094 -0.856252 0.038967 -0.515086 -0.320427 0.919358 0.228272 0.041858 0.999121 -0.002248 -0.015487 0.99988 -0.001061 -0.015087 0.999884 -0.00195 0.007948 0.999726 -0.021999 0.020137 0.997805 0.063087 -0.155115 0.987867 0.007625 0.647439 -0.130531 0.750856 0.725514 0.101005 0.680755 -0.702383 -0.51905 0.487079 -0.208537 0.383137 0.899843 -0.890322 -0.19052 0.413557 -0.843442 -0.029467 -0.536411 -0.637303 -0.370399 -0.675758 -0.041779 0.995745 0.082135 0.050049 0.982406 0.179926 -0.018804 0.999713 0.014877 0.12788 0.980418 0.149757 0.326776 0.930289 -0.166674 0.204735 0.941792 -0.266669 -0.022664 -0.428129 0.903433 -0.859403 -0.508393 -0.054431 -0.996973 0.076792 0.012138 -0.411615 0.907252 -0.086413 -0.988706 -0.110743 0.100976 -0.017397 -0.999592 -0.022656 -0.061482 -0.998108 0.000691 -0.915556 -0.401954 0.013786 -0.965349 -0.259765 -0.024978 -0.953314 -0.287325 -0.09293 -0.995673 -0.092412 -0.009724 -0.998587 -0.040418 -0.034491 -0.955729 -0.275894 -0.102298 -0.9978 -0.045553 -0.048161 0.025307 -0.256201 0.966292 0.088617 -0.108655 0.990122 0.099963 -0.16154 0.98179 0.043176 -0.105794 0.99345 0.227798 0.020122 0.9735 -0.227014 -0.060156 0.972032 -0.991608 -0.008258 -0.129015 -0.89688 -0.045645 -0.439911 -0.97598 0.019465 -0.216991 0.403373 0.088585 0.910738 0.976911 -0.188828 -0.09994 0.217611 -0.911184 0.349841 0.166746 -0.954093 0.248802 0.00257 -0.992613 0.121299 0.087338 -0.033926 0.995601 0.232949 -0.032505 0.971946 0.916273 -0.326748 -0.231688 0.070696 -0.210468 -0.975041 -0.04242 -0.998172 0.043055 -0.001248 0.02051 0.999789 0.003569 -0.245353 -0.969427 -0.001696 -0.996333 0.085543 -0.972476 0.059937 -0.225161 -0.999814 0.017918 -0.007074 -0.4175 0.152759 0.895745 -0.99498 -0.042759 -0.090484 -0.999968 0.002193 -0.0077 -0.44502 -0.002192 0.895518 -0.977559 0.057697 -0.202607 -0.393331 0.007196 0.919369 0.318588 0.003169 0.947888 0.231241 0.015093 0.972779 0.980272 -0.003424 -0.197623 0.99495 -0.03087 -0.095509 0.325022 0.006108 0.945687 -0.074447 -0.691741 0.718298 0.10413 0.722565 0.683415 0.996194 0.021335 0.084511 0.978507 0.08404 -0.188313 0.032067 0.976238 0.214317 0.996915 -0.01587 -0.07687 0.037548 0.99142 -0.125207 0.298961 -0.096461 -0.949378 -0.340417 0.13605 -0.93038 0.30209 0.163284 -0.939191 0.102927 0.994155 -0.032595 -0.089079 0.00385 -0.996017 0.131647 0.99079 -0.031693 -0.370298 0.896957 0.241554 -0.973905 0.22029 -0.054608 0.03428 -0.112513 0.993059 0.044314 0.992547 -0.113518 0.022153 0.996395 -0.081888 -0.068618 0.983693 -0.166251 0.973476 -0.01323 -0.228407 0.221934 -0.015373 -0.974941 0.150482 0.082622 -0.985154 0.216089 0.05774 -0.974665 -0.479298 -0.018677 -0.877454 0.122899 0.992327 -0.013502 0.080859 0.996708 -0.005873 -0.979173 0.129412 -0.156437 -0.941176 -0.337915 0.001122 0.062021 -0.997661 -0.028745 -0.268676 -0.916864 -0.295252 0.17944 -0.96547 -0.188863 -0.00369 -0.99924 -0.038813 -0.002053 -0.999994 0.002955 0.041008 -0.999143 0.005709 -0.023353 -0.999044 0.036945 -0.002269 -0.998154 0.060686 -0.023851 -0.999452 -0.022942 -0.981042 -0.178318 0.075887 0.002813 -0.998245 0.059148 -0.050846 -0.991709 0.118015 0.219188 0.093521 0.97119 -0.331073 -0.594905 0.732447 -0.872139 0.487315 0.043561 -0.953845 0.280511 -0.107206 0.067707 -0.00298 0.997701 0.150365 0.986097 0.070738 0.07478 0.986079 0.14851 0.015216 0.998929 0.043686 0.083088 0.996516 -0.00719 -0.353337 -0.162176 -0.921332 -0.119785 0.241887 -0.962882 -0.010746 0.99993 -0.004943 -0.792408 0.584931 0.173046 0.03668 0.07532 0.996485 -0.994193 0.097625 -0.045263 -0.969728 0.153218 -0.190135 0.049458 0.119337 0.991621 0.984454 0.059738 0.165171 0.005051 0.99994 0.009744 -0.934219 0.344566 0.092244 -0.136951 0.113012 0.98411 -0.107857 0.170157 0.979497 0.095021 -0.026082 -0.995133 -0.001437 0.999974 -0.007037 0.99784 0.017245 -0.063392 0.963875 0.201873 -0.173762 0.007761 0.999966 0.002678 0.98347 0.138406 0.116749 0.008496 0.999946 0.005917 0.078761 -0.994723 0.065751 -0.279677 -0.907103 -0.314554 0.285395 0.012326 -0.958331 -0.141146 -0.986511 0.082909 -0.100288 -0.994944 0.005369 0.001865 -0.999996 -0.002282 -0.002471 -0.999966 0.007825 -0.096082 -0.995346 0.0074 -0.106557 -0.989652 0.0961 -0.573727 -0.788223 -0.22258 -0.982658 0.185428 -0.000492 -0.998593 -0.004049 0.052868 -0.99956 0.000622 0.02966 0.199585 0.979859 -0.006455 0.16235 0.986588 0.016947 -0.026164 0.999577 -0.012705 0.015346 0.999809 0.012085 0.021906 0.99976 -0.00008 -0.993479 0.050843 -0.102054 -0.997022 -0.002184 -0.077091 -0.000726 -0.999943 0.010624 -0.174379 -0.984051 0.03515 0.268252 -0.913383 0.306224 0.559465 -0.528997 0.638091 0.176783 -0.971042 -0.1607 -0.036007 -0.999001 0.02648 0.005297 -0.999836 0.017315 0.021731 -0.999732 -0.007974 -0.000085 0.001428 0.999999 0.043898 -0.001028 0.999035 0.148803 -0.17303 0.973611 -0.100904 -0.994894 0.002048 -0.081943 -0.205028 0.97532 0.286825 0.010528 0.957925 -0.997549 -0.067488 0.018466 -0.999786 -0.01928 0.00748 -0.995832 -0.08086 0.042194 -0.999715 -0.02299 -0.006401 -0.038576 0.012586 0.999176 -0.058918 -0.035823 0.99762 -0.989275 0.13857 0.046194 -0.994025 0.035675 0.103163 0.989765 0.105798 -0.095767 0.03707 0.061085 -0.997444 0.98989 0.103235 -0.097262 0.995651 0.047666 0.080045 0.072765 -0.060927 -0.995486 0.124594 -0.121222 0.984775 -0.089527 0.189542 -0.977783 0.1682 -0.072148 0.983109 -0.178118 0.097739 -0.979143 0.992496 0.067374 0.102041 -0.983751 0.091708 -0.154347 -0.999274 -0.038043 0.00217 -0.37757 -0.925098 -0.040418 -0.993699 0.11168 -0.009484 -0.433829 0.899571 0.050649 -0.011906 0.999926 -0.002296 -0.507368 -0.861686 -0.008663 -0.903027 -0.429311 -0.015294 -0.926891 -0.375281 -0.006073 -0.937082 -0.347731 0.03099 -0.999772 -0.021333 -0.00103 -0.350214 -0.935829 0.039681 -0.902901 -0.429746 -0.00941 -0.998965 0.045396 0.003011 -0.998124 0.060679 0.008127 -0.021808 0.999762 -0.000657 -0.016695 0.999856 0.002904 -0.028646 0.999589 0.000892 -0.03251 0.999471 -0.001014 0.000425 1 -0.000001 0.000399 1 0.000011 -0.999955 0.009472 -0.000081 -0.002723 0.999996 -0.000657 -0.001026 0.999993 -0.003502 -0.999818 0.012843 0.01408 -0.999803 -0.001981 0.019765 -0.999909 -0.013447 -0.00087 -0.999692 -0.024468 0.004046 -0.967546 0.025209 0.251435 -0.926407 0.335974 0.169975 -0.995352 -0.006474 0.096089 -0.983977 -0.02696 0.176245 -0.997152 -0.047625 0.058484 -0.092059 0.006019 0.995735 0.033587 -0.035334 0.998811 0.010976 0.001366 0.999939 -0.009224 -0.009658 0.999911 0.065776 -0.004181 0.997826 0.059202 0.996281 0.062601 -0.091526 0.099446 0.990825 -0.112186 0.993633 0.01033 0.063272 -0.000064 0.997996 0.065468 0.001522 0.997853 0.02281 0.998679 -0.046037 -0.014213 0.875021 0.483875 0.116051 0.98058 0.158101 0.039874 0.999063 -0.016834 0.092436 0.027044 0.995351 -0.087165 0.130941 -0.987551 -0.021458 -0.029775 -0.999326 -0.020471 0.979535 -0.20023 0.014044 0.999103 -0.039947 -0.037619 0.166673 0.985294 0.043274 -0.015819 0.998938 0.284339 0.012529 0.958642 -0.092166 0.976505 -0.194792 0.060719 -0.029819 0.997709 0.997097 0.031167 0.069478 0.036866 0.999318 -0.001968 -0.00137 0.999468 0.03258 0.009831 0.999891 -0.010975 0.008153 0.999877 -0.013421 -0.108103 -0.012342 0.994063 -0.998421 -0.030143 0.047408 -0.999845 -0.001738 0.017519 -0.999998 -0.002122 -0.000185 -0.999957 -0.00898 -0.00251 -0.99988 -0.015465 0.000003 -0.978531 0.122408 0.165812 -0.981962 -0.173265 -0.075696 -0.999163 0.039275 0.011452 0.200519 -0.159626 0.966598 0.334629 0.036289 0.941651 0.001442 -0.999857 0.016868 -0.000405 -0.999999 0.00143 0.934473 0.042097 0.353535 -0.00035 0.127474 0.991842 0.068339 -0.045982 0.996602 0.660875 -0.09327 0.744678 0.067177 -0.127419 0.989571 -0.004111 0.886824 -0.462089 0.000669 -0.000519 1 -0.045838 -0.143441 0.988597 0.991148 0.128538 -0.033222 -0.012076 -0.192836 0.981157 0.060482 -0.125843 0.990205 -0.000976 -0.055487 0.998459 0.082192 0.994299 0.067922 -0.056613 0.994355 0.08974 0.997912 -0.054204 0.035115 0.07897 0.994134 0.073901 0.996921 -0.07747 0.012094 0.999974 0.007144 0.00087 0.070012 0.997546 -0.000853 0.048899 0.998663 0.016735 0.015134 0.99974 -0.017051 0.187122 0.955774 0.226895 0.014615 0.999747 -0.017115 -0.023455 0.977329 0.210423 0.142257 0.944168 0.29717 0.227277 0.972175 0.056751 -0.025966 0.972967 0.22948 0.001539 0.999909 -0.013369 0.286084 0.772902 0.566373 -0.324238 0.942402 -0.082143 0.010125 0.999937 -0.00483 -0.015663 0.999861 -0.005735 -0.022415 0.999748 -0.001352 -0.999801 -0.019958 0.000313 -0.999716 -0.023783 0.001806 -0.999704 -0.023922 0.004539 -0.032153 0.999483 0.000146 -0.024491 0.999685 -0.005514 -0.039874 0.999184 -0.006377 0.007004 0.999709 -0.023081 -0.384876 0.908307 -0.163853 -0.008735 0.962361 0.271634 0.228905 0.971693 0.05843 0.000054 0.995311 0.096731 -0.046892 0.497112 -0.866419 -0.996418 0.084562 -0.00011 -0.017668 0.425179 -0.904937 0.226858 0.927893 0.29589 0.72282 0.062544 0.6882 0.145528 -0.314331 0.938092 0.148427 -0.590894 0.792978 0.157912 -0.205308 -0.965874 0.71549 -0.647342 -0.262722 0.013497 0.044005 -0.99894 0.818924 -0.051777 -0.571562 0.264127 -0.000555 -0.964488 0.874562 0.122877 -0.469087 0.999426 0.006809 0.033188 0.129252 -0.034894 -0.990998 0.062759 0.011898 -0.997958 -0.051206 0.035776 -0.998047 0.99435 -0.087446 0.060175 0.999925 -0.012051 0.002011 0.998825 -0.048441 -0.001627 0.926996 0.320336 0.195095 -0.057587 0.581688 -0.811371 0.98659 -0.101167 -0.128086 0.999943 -0.010382 0.002574 0.999936 -0.010927 0.002957 -0.058188 0.998092 -0.02067 -0.030562 0.999533 0.000011 -0.04859 0.998658 -0.017946 -0.001712 0.999972 -0.007236 -0.166802 0.98542 0.033525 0.472516 0.720981 0.506867 0.014048 0.999783 0.015362 -0.000146 -1 -0.000063 -0.000141 0.001239 0.999999 -0.040032 -0.989615 -0.138057 0.542029 -0.76163 0.35514 0.629547 -0.68345 0.369549 0.028967 -0.234607 -0.971659 0.1761 -0.975462 -0.132144 0.14489 -0.983221 -0.11083 0.090995 -0.995847 0.002843 -0.129677 -0.981403 -0.141535 0.087701 -0.996146 0.000948 0.001361 -0.999999 -0.000477 0.001205 -0.999999 0.000013 0.001184 -0.999999 0 0.998819 -0.048592 0.000194 0.034893 -0.951729 0.304951 0.995574 -0.084288 -0.041577 0.403344 -0.814426 -0.417162 0.378259 -0.807256 -0.453055 0.083669 -0.996249 -0.022099 -0.111092 -0.990952 -0.075311 -0.003956 -0.999853 0.016668 -0.01134 -0.999936 0.0002 -0.013096 -0.999913 0.001619 0.000479 -0.999961 0.008819 0 -1 0 0.078454 0.034387 0.996325 -0.025968 -0.119947 0.992441 0.966864 0.251846 -0.041794 0.244279 -0.966736 -0.075826 0.905251 -0.069537 0.419149 0.99613 -0.078198 0.040122 0.00573 0.997296 0.073261 0.022885 0.999735 0.002328 0.01307 0.997554 0.068666 -0.128313 0.380558 0.915812 -0.117014 0.988573 -0.095034 -0.976909 0.075508 -0.199868 -0.279295 0.151971 0.948103 -0.998977 -0.044354 -0.008862 -0.03864 -0.120926 0.991909 -0.996359 -0.084747 -0.009301 -0.119465 -0.340834 0.932502 -0.968951 -0.11282 -0.220013 -0.974115 0.120479 -0.191273 -0.791826 -0.099542 0.60258 -0.714203 0.016147 0.699752 0.358997 -0.034684 0.932694 0.560738 0.146773 0.814881 -0.00308 0.160219 0.987077 0.964112 -0.16064 0.211385 0.950999 0.025131 0.308169 0.988437 0.111987 0.10223 -0.999905 -0.013449 0.002903 -0.004343 0.999493 0.031528 -0.730698 -0.671642 -0.122383 0.959162 0.276011 -0.061856 -0.000599 -0.999992 -0.004036 -0.003018 -0.999995 -0.000331 -0.004838 -0.999266 -0.038001 0.009165 -0.999958 0.000245 0.009481 -0.999955 0.000371 0.997092 -0.0762 0.000846 -0.019162 -0.973623 0.227355 0.997457 -0.058982 0.040007 -0.09688 -0.994691 0.034701 -0.229714 -0.972536 -0.037483 0.034059 -0.987765 -0.152182 0.996495 -0.019646 -0.081308 0.996472 -0.022236 -0.08093 0.979369 0.001746 -0.202071 0.004283 -0.007485 -0.999963 0.05475 0.005396 -0.998485 -0.034613 -0.00435 -0.999391 0.99951 0.025689 0.017907 0.022295 0.0273 -0.999379 0.996108 0.086203 -0.018404 -0.324266 -0.188086 -0.927079 0.246102 -0.146262 -0.958145 0.070797 -0.992616 -0.098496 -0.99195 0.120172 -0.039912 -0.299741 -0.91399 0.273455 -0.818601 0.485489 0.306908 -0.003301 -0.999984 0.004592 -0.455698 -0.889975 0.016827 0.357707 -0.182309 0.915865 -0.457485 -0.214612 0.862931 0.159175 0.037821 0.986526 -0.095982 0.992964 -0.069347 -0.153417 0.988045 0.015199 -0.083539 0.993825 -0.073031 0.060836 0.987181 -0.147553 -0.033369 0.999335 0.014729 0.006183 0.999907 0.012163 0.056745 0.202139 0.977712 0.977302 0.183594 0.105706 -0.043138 0.045374 0.998038 0.053197 0.20641 0.977018 -0.090533 0.200491 0.975504 -0.147672 0.161611 -0.975743 0.049137 0.978381 -0.20089 0.134699 0.965494 -0.222885 -0.639996 -0.073002 -0.764902 -0.083054 -0.095668 -0.991942 -0.518358 -0.025459 -0.854785 -0.000867 -1 -0.000409 0.00004 -1 -0.000481 -0.17131 -0.061802 -0.983277 -0.078212 0.043713 -0.995978 -0.000193 -0.001908 -0.999998 0.000018 -0.001287 -0.999999 0.007996 -0.999912 -0.010588 0.004894 -0.999988 -0.000749 0.998773 -0.049343 0.004117 0.852389 -0.285626 0.438007 0.997057 -0.070898 -0.029184 0.995092 -0.097347 0.017763 0.991199 -0.132108 0.008533 -0.348155 0.001565 -0.937436 0.161989 -0.011636 -0.986724 0.963851 -0.266278 0.009322 0.114016 -0.078182 -0.990398 0.070805 -0.044437 -0.9965 0.953858 -0.299527 0.020931 -0.12847 -0.991708 -0.003106 0.957555 -0.288243 0.002009 0.942927 -0.332654 0.015161 0.9797 -0.028679 -0.198407 0.844708 0.17124 -0.507095 0.753833 -0.640888 -0.144909 0.911728 -0.398857 -0.098315 0.036545 -0.998891 -0.029679 0.039698 -0.999199 -0.005123 0.967111 -0.254128 0.010761 0.252176 -0.967225 -0.029719 0.989995 0.036173 -0.136388 0.992797 -0.118365 0.018537 0.975528 -0.219839 -0.00392 0.999517 -0.007462 -0.030163 0.993081 -0.064286 -0.098274 0.994656 0.103228 0.002003 0.999074 0.040288 -0.015095 0.99847 0.054168 0.011074 0.083314 0.991406 -0.100863 0.009861 0.999794 -0.017721 0.014507 0.999893 -0.002031 -0.02251 0.99936 -0.027809 0.04741 0.980398 -0.191239 0.008682 0.999961 0.001523 -0.00214 0.999998 0.000326 -0.003948 0.999122 -0.041712 0.000573 0.999998 -0.001915 -0.026945 0.999457 -0.018956 0.003438 0.999898 -0.013833 -0.009369 0.999627 -0.025646 0.010083 0.999751 -0.019912 -0.001718 0.998436 -0.055876 -0.998749 -0.031326 -0.038973 -0.032099 -0.036692 -0.998811 -0.304261 -0.000566 -0.952589 -0.637642 0.139313 -0.757631 -0.993309 0.115129 -0.009038 0.995306 0.093853 -0.023604 0.857805 -0.485747 0.167987 0.203488 -0.9787 -0.027172 -0.005137 -0.999732 0.022587 0.005862 -0.999607 -0.027406 -0.056179 -0.146471 -0.987618 -0.002298 -0.004312 -0.999988 -0.224869 0.141008 -0.964132 -0.002339 -0.001457 -0.999996 -0.00035 0.00017 -1 -0.04171 0.99787 -0.050155 0.00034 0.999539 -0.030347 -0.005791 0.999876 -0.014656 0.101164 0.328649 0.939018 0.162816 0.18618 0.968931 -0.14574 0.033837 -0.988744 -0.075911 0.292557 0.95323 0.066041 0.044575 -0.996821 0 -1 -0.000379 0.000185 -1 -0.0006 0.028685 -0.014229 -0.999487 0.027843 -0.015969 -0.999485 0.596781 -0.801914 0.028032 0.045018 -0.995699 -0.080975 -0.009965 -0.99882 -0.047522 -0.199828 -0.934069 -0.295946 -0.485581 -0.811616 -0.324792 0.395313 -0.852173 -0.342824 -0.005174 -0.99996 0.007239 -0.009973 -0.999928 0.006744 0.82992 -0.554042 -0.065352 0.381676 0.921447 0.072521 -0.13109 0.991351 -0.00615 -0.102723 0.994705 0.003135 0.9842 0.163714 0.067444 0.965831 0.258373 0.020348 0.975041 0.215759 -0.052372 0.96754 -0.24891 0.04371 0.144362 -0.988048 -0.054052 0.395425 -0.519353 0.75757 -0.105972 0.040583 0.993541 -0.827748 -0.369898 0.42191 -0.011038 -0.960847 0.276861 0.025027 -0.955294 0.294595 0.064071 -0.015807 0.99782 0.963308 0.267396 -0.023163 -0.304802 -0.118929 0.944961 0.003615 0.999883 -0.014839 -0.009962 0.999645 -0.024701 0.002483 0.999898 0.014082 0.538793 -0.099574 0.836533 -0.963142 0.253788 0.089157 0.002009 0.998252 -0.059069 0.84425 0.464155 0.26796 0.965944 0.227144 0.123923 -0.155918 0.98777 0.000934 -0.990684 0.132211 0.032655 0.960679 0.235775 -0.146647 -0.073284 0.988414 0.132919 -0.076965 0.123982 -0.989295 -0.049349 0.061727 -0.996872 -0.013708 0.999833 -0.012068 -0.997183 -0.024529 -0.07088 0.011076 0.999665 -0.023378 -0.996394 0.005841 -0.084648 -0.006464 0.999886 0.013643 -0.992018 0.098043 0.079299 -0.98893 0.120054 0.087201 0.936369 0.248987 -0.247422 0.059009 0.996043 0.06646 -0.121562 0.095448 0.987984 -0.038007 0.992834 0.113296 0.059181 0.114815 -0.991622 0.932284 0.126813 -0.33877 0.145127 0.908928 -0.390882 -0.011429 0.997736 0.066276 -0.027817 0.995122 -0.094652 -0.014376 0.998173 0.058681 -0.006368 0.99736 0.07233 0.109941 0.993937 -0.00175 -0.007721 0.997782 0.066118 0.967521 -0.248391 0.046962 -0.994394 0.103845 -0.019926 -0.980109 0.169808 -0.102722 0.008806 0.316738 -0.948472 -0.939226 0.289142 -0.185073 -0.088854 0.070361 -0.993556 0.08797 -0.062104 0.994185 0.023046 0.066301 0.997534 0.006324 0.998966 0.045018 0.894736 0.296608 0.333872 0.0188 0.999356 0.030579 0.98867 0.060266 0.137475 0.01681 0.999788 0.011895 0.993163 0.116645 0.004611 0.019212 0.997524 0.067651 0.100155 0.991338 0.084961 0.069588 -0.023289 0.997304 0.996294 0.040204 -0.076033 0.996007 0.009174 -0.088804 0.146721 0.26074 -0.954195 0.012233 0.997871 -0.064066 0.071201 0.996956 -0.031766 -0.002678 0.121933 -0.992535 -0.001708 0.995769 -0.091878 0.201136 -0.193543 -0.960253 0.843137 0.465683 -0.268809 -0.144332 0.816894 -0.558437 -0.003679 -0.999319 -0.036706 0.02051 -0.994682 -0.100933 -0.020186 -0.998806 -0.044496 0.041171 -0.998973 -0.018924 -0.096541 -0.899521 -0.426076 -0.199552 -0.949141 -0.243539 0.384096 -0.913489 0.134193 0.022102 0.068641 0.997397 -0.05808 -0.997653 0.036268 -0.037817 0.069615 0.996857 -0.008281 -0.999955 0.004699 0.020787 -0.999723 0.011028 0.013857 -0.9993 -0.03475 -0.038788 -0.996953 -0.067672 0.030624 -0.998607 0.042976 -0.050815 -0.987468 0.149417 0.014174 -0.999243 0.03623 -0.042471 -0.382285 -0.923068 0.001814 -0.135834 -0.99073 -0.011451 -0.038751 -0.999183 0.012782 -0.999811 0.014645 -0.01267 -0.999798 -0.015586 -0.996282 0.075082 -0.042257 -0.061516 -0.15723 -0.985644 -0.999255 0.030025 -0.024263 -0.996499 0.061848 0.056249 -0.995266 0.002414 0.097154 -0.075595 0.077184 0.994147 -0.095402 0.036888 0.994755 -0.004239 0.999553 0.029601 -0.006684 0.999801 0.0188 -0.046753 0.983408 0.175277 -0.934068 -0.283558 0.217053 -0.990864 0.000553 0.134867 -0.049724 0.998629 0.016351 0.972014 0.225839 -0.064701 0.062306 0.979122 -0.193488 -0.007928 0.998725 0.049848 0.995723 0.078397 0.04889 -0.995219 0.087742 -0.042904 0.976119 0.173345 0.130934 0.449255 -0.069871 0.890667 0.029856 0.242075 0.969798 -0.985212 -0.091959 -0.144568 -0.45094 0.065016 -0.890183 -0.049438 0.998552 -0.021198 -0.10891 -0.170071 -0.979395 0.009749 0.999846 0.014605 0.049647 0.998245 0.032285 0.175625 0.979703 0.096629 0.943392 0.253741 -0.213606 0.059688 0.996833 -0.052548 0.925112 0.186 0.331018 -0.992682 0.081652 0.088967 -0.976675 0.153113 -0.150537 -0.134074 0.985796 0.101148 -0.007008 0.999521 -0.030155 -0.008341 0.999933 -0.00806 0.009802 0.999407 -0.033004 0.294312 0.940013 -0.172498 0.164709 0.361246 0.917808 -0.032796 0.990128 0.136277 0.002434 0.990629 0.13656 -0.996278 0.003979 -0.086102 0.968915 0.240034 0.059892 -0.991959 0.118313 -0.044928 0.000767 0.999962 -0.008704 0.996498 0.001888 -0.083599 -0.21604 0.976219 -0.017961 0.993599 0.03695 -0.106746 0.002472 0.999981 -0.005579 -0.005031 0.999978 -0.004298 0.339213 0.066733 0.93834 -0.972402 0.154323 0.174984 -0.972159 0.160893 0.170351 0.003405 0.999491 0.031724 -0.144321 0.182313 0.972591 0.107547 0.965489 0.237203 -0.104618 0.987901 0.114482 0.992691 0.120653 0.002879 0.924155 -0.322195 -0.205251 0.991576 0.129524 0.00054 0.078363 -0.967995 0.238421 0.089607 -0.995977 -0.000583 0.180185 -0.982159 -0.053816 -0.005027 -0.999986 -0.001352 -0.007945 0.25958 0.965689 -0.005036 -0.255288 -0.966852 -0.049431 0.978674 -0.199383 -0.074514 0.98384 -0.162809 -0.382034 0.891352 -0.244011 -0.004014 0.933984 -0.357293 -0.018659 0.999748 -0.012474 -0.011083 0.999162 -0.039409 -0.000883 0.999583 -0.028866 -0.000028 -1 -0.000116 0.004939 -0.999988 -0.0007 -0.000002 -0.999967 -0.008138 -0.020891 -0.998722 0.046017 0.000213 -0.999967 -0.008129 -0.05485 -0.988808 -0.138742 0.992212 -0.101976 -0.071523 0.898708 -0.404891 0.168487 0.99653 -0.0589 0.058809 0.010421 -0.000223 0.999946 -0.270082 -0.03614 0.962159 -0.606857 0.075503 0.791217 -0.999966 -0.005764 0.00592 -0.980048 -0.043948 0.19384 -0.00181 -0.999996 0.002285 -0.003299 -0.999871 0.015695 0.001604 -0.999998 0.001275 0.013037 -0.999379 -0.032727 0.004628 -0.999939 0.010009 0.000723 -0.999758 0.021991 -0.017888 -0.100283 -0.994798 0.000543 -0.00351 -0.999994 0.003542 0.990576 -0.136917 0.002401 0.991095 -0.133138 -0.000425 0.998556 -0.053718 -0.016428 -0.002262 0.999862 -0.542352 -0.260127 0.798867 -0.968135 0.008393 0.250289 -0.98559 -0.004927 0.169083 0.315774 0.945305 0.081764 0.16247 0.980793 -0.107932 -0.104695 0.994502 -0.002061 0.956755 0.290889 -0.001683 0.052532 0.113638 -0.992132 0.071814 0.081608 -0.994074 -0.019376 0.997832 0.062897 -0.013392 0.998871 0.045575 -0.010533 0.996726 0.08016 0.07421 0.55337 -0.829623 -0.027687 -0.085737 -0.995933 -0.016821 -0.999776 -0.012812 -0.055265 0.014922 0.99836 -0.954 0.043795 0.296589 -0.922421 0.005184 0.386151 -0.184367 -0.12935 0.974309 0.469654 0.031769 0.882279 -0.0322 0.335366 0.941538 -0.995714 -0.016607 0.090979 -0.999984 0.005502 0.001254 -0.995139 -0.005592 -0.098318 -0.476427 -0.808743 -0.344894 -0.999187 0.013372 0.038026 0.020274 0.124837 -0.99197 -0.089746 0.050628 -0.994677 0.950803 0.021633 -0.309039 0.356856 -0.64624 -0.674558 -0.175867 -0.98389 -0.032115 -0.000497 -0.999942 0.010715 0.00097 -0.006274 -0.99998 -0.005381 -0.02247 -0.999733 0.042245 0.982405 -0.181923 0.005383 0.9918 -0.127689 -0.1283 0.937906 -0.322291 0.000457 0.998841 0.048136 -0.255419 0.965691 -0.046916 -0.044975 0.991381 -0.123048 0.15484 0.265553 -0.951581 0.105918 -0.09797 -0.989537 0.085117 0.252691 -0.963796 -0.609137 0.031472 -0.79244 -0.082057 -0.060277 -0.994803 -0.089602 -0.018093 -0.995813 0.068699 0.056212 -0.996053 -0.278633 0.004197 -0.960389 0.407053 0.010517 -0.913344 0.361723 -0.003924 -0.932277 0.36337 -0.004349 -0.931635 0.998024 0.000401 0.062837 0.995846 -0.089179 0.018356 -0.026492 -0.710697 -0.702999 0.032869 -0.936847 -0.348192 0.003055 0.015493 -0.999875 0.000011 -0.243387 -0.969929 -0.009525 -0.007811 -0.999924 -0.001121 -0.031361 -0.999507 0.070296 -0.358439 -0.930903 0.069499 0.660579 -0.747533 -0.009161 -0.686616 -0.726963 0.016966 -0.342553 -0.939345 -0.063107 -0.340875 -0.937988 -0.075977 -0.404702 -0.911287 0.981185 -0.112263 0.157075 0.017853 -0.285166 -0.958312 0.985248 -0.027148 0.168965 -0.116472 -0.141357 -0.983083 0.959024 -0.060139 0.276869 0.977003 -0.020896 0.212199 0.902819 0.054204 0.426591 0.175079 0.180695 0.967831 -0.263727 -0.323939 -0.908577 -0.004449 -0.182421 -0.98321 -0.007332 -0.026611 -0.999619 0.104199 -0.219436 -0.970047 0.936748 -0.350001 0.001795 0.047803 0.998841 -0.005613 0.787018 -0.616106 0.031878 -0.002982 0.999995 -0.000831 -0.003091 0.999975 0.006361 0.01465 0.999681 0.020589 0.001271 0.999999 -0.000074 -0.004765 0.999981 0.003787 -0.067921 0.997578 0.015028 -0.018046 0.999837 -0.00009 0.999853 -0.016797 -0.003308 -0.002058 0.99958 0.0289 0.999831 -0.018385 -0.000541 0.998658 -0.051573 0.004779 0.085847 -0.007129 0.996283 0.237011 -0.068677 0.969077 0.308882 0.005344 0.951085 0.999676 -0.008334 0.024054 0.617001 -0.115484 0.778443 -0.035554 0.999363 0.003237 -0.093765 0.980152 0.174673 -0.034235 0.999387 0.007331 0.053853 0.998355 -0.019659 -0.008364 0.999953 -0.004871 0.003943 0.998931 0.046063 -0.23863 0.96933 -0.058778 0.024939 0.970325 0.240513 0.284984 0.694955 -0.660168 -0.061449 0.988723 -0.136567 -0.9042 -0.229592 0.360154 -0.177816 0.94603 -0.27094 -0.242675 0.965312 -0.096341 0.305279 0.857834 -0.413431 0.15168 0.950623 -0.270757 0.047745 0.983702 0.173352 -0.128965 0.500462 0.856099 0.202357 0.973596 0.10565 0.34527 -0.209584 0.914802 0.735157 0.479851 0.478839 0.96942 -0.216055 0.116382 0.005226 0.999913 0.012079 0.033253 0.999439 -0.003926 -0.057711 0.998189 -0.016968 0.04979 0.054957 -0.997247 -0.02174 0.043552 -0.998815 -0.000175 -0.000034 -1 0.031376 0.994106 0.103771 0.992045 -0.072256 0.103078 -0.000293 -0.014191 -0.999899 0.006127 -0.166897 -0.985955 0.070986 0.147986 -0.986439 0.003015 -0.027658 -0.999613 0.003173 -0.027523 -0.999616 0.026909 -0.278157 -0.960159 -0.078433 -0.34185 -0.936476 0.010122 -0.222569 -0.974864 0.015573 -0.148919 -0.988727 -0.004128 -0.243976 -0.969773 -0.000825 -0.993921 -0.110093 0.06552 -0.616153 -0.784897 -0.134887 -0.44155 -0.88704 -0.104154 -0.868688 -0.484285 0.044723 -0.704026 -0.708765 0.003358 -0.061149 -0.998123 0.024077 -0.05906 -0.997964 -0.00375 0.140348 -0.990095 -0.015163 0.119185 -0.992756 0.005546 0.975888 -0.218199 0.011692 -0.004278 -0.999922 -0.017982 0.999681 -0.017751 -0.108043 0.992114 -0.063541 -0.00026 0.999894 -0.014567 -0.004951 0.999817 -0.018493 0.044314 0.998705 0.025007 0.961012 0.212917 -0.176415 -0.005232 0.999966 0.006346 -0.025072 0.998647 -0.04555 0.049928 0.997321 -0.05346 -0.986109 0.061697 -0.154216 -0.030758 0.999523 -0.002932 0.021717 0.996467 -0.081134 -0.01519 -0.024175 -0.999592 0.03189 0.04729 -0.998372 -0.999104 0.042187 0.003477 -0.99922 0.038272 -0.009695 -0.031848 0.999492 0.00148 -0.036692 0.999327 -0.000109 0.000527 1 0.00004 -0.000537 1 0.000539 -0.063708 0.997694 -0.023426 -0.005269 0.999975 -0.00469 0.010482 0.999934 -0.004771 -0.061308 0.998074 -0.009488 0.006644 0.993422 -0.114321 -0.020339 0.999787 -0.003638 -0.003845 0.999989 -0.00259 0.000043 1 -0.000975 -0.996178 0.087256 0.00403 -0.997147 0.075279 0.005594 -0.998669 0.050936 -0.008139 -0.996962 -0.077884 0.000151 -0.93504 -0.354159 0.016499 -0.387124 -0.92058 0.051643 -0.416931 -0.908525 -0.027416 -0.069516 -0.997578 0.002552 -0.973114 -0.230092 -0.010328 -0.98553 -0.169264 0.00898 0.266524 -0.909528 0.318943 -0.981264 0.171536 -0.087733 -0.040059 -0.033845 -0.998624 -0.680642 0.102984 -0.725342 0.02888 0.0086 -0.999546 -0.09151 0.989197 -0.114526 0.09916 -0.037186 -0.994376 0.981563 0.102545 -0.161304 -0.175483 -0.117391 -0.977459 0.10428 -0.080796 -0.991261 0.500879 -0.275954 -0.820347 0.993598 -0.106646 0.03727 0.641937 0.097297 -0.760559 0.878718 -0.042318 -0.475462 -0.271781 0.089125 -0.958223 0.010199 0.013393 -0.999858 -0.779267 -0.090486 -0.620126 0.338568 0.866254 -0.36739 0.006909 0.999968 -0.004095 -0.020852 0.999211 0.033812 0.020077 0.999706 0.013618 -0.010833 0.999892 0.009963 0.032104 0.999427 0.010697 0.999996 0.00206 -0.001881 0.99296 0.117462 -0.01529 0.047984 0.998843 0.00308 0.995135 0.095001 0.026096 0.885569 -0.453644 -0.09987 0.325593 -0.944411 0.04558 0.081005 0.993264 -0.082858 0.038436 0.999156 -0.014485 0.030486 -0.880234 -0.47356 0.011855 -0.15863 -0.987267 0.382646 -0.410756 -0.827564 0.032401 -0.1793 -0.983261 -0.021909 -0.073817 -0.997031 0.022932 -0.015625 -0.999615 0.067956 0.992278 -0.103765 0.014863 -0.000541 -0.999889 -0.021916 -0.058463 -0.998049 -0.010543 0.999396 -0.033103 -0.00161 0.999689 -0.024888 -0.994648 0.019824 -0.101402 -0.022213 0.999724 -0.007588 -0.996151 0.00553 -0.08748 -0.999833 -0.018181 0.00175 -0.999801 -0.019948 0.000294 -0.013364 0.999907 0.002787 -0.020112 0.999767 0.007861 -0.001844 0.999982 0.005631 -0.02406 0.999704 -0.003637 0.374959 0.927002 -0.008547 -0.233841 0.660637 -0.713356 -0.162186 0.78111 -0.602961 0.52779 0.840681 -0.121216 -0.128876 0.991462 -0.019858 0.088797 0.719535 0.688756 -0.218543 0.970751 -0.09941 -0.100322 0.993848 -0.046931 -0.540175 0.667941 0.511924 -0.051191 0.958657 -0.27992 0.409265 0.277348 0.869241 -0.786172 0.32511 0.525582 -0.999806 0.018152 -0.007656 -0.999815 -0.018743 0.004291 -0.999817 0.013481 -0.013565 -0.999845 -0.017559 0.001309 -0.999937 -0.010027 0.005045 -0.896422 -0.006526 -0.443154 -0.979496 -0.089116 -0.180681 -0.968107 -0.041418 -0.247091 0.053449 0.010223 -0.998518 -0.021507 -0.002608 -0.999765 0.009784 -0.040766 -0.999121 -0.049514 -0.016785 -0.998632 0.257106 0.022592 -0.966119 0.091327 -0.02152 -0.995588 0.19285 -0.07847 -0.978086 0.212359 0.035035 -0.976563 0.993418 -0.039083 0.107672 0.447896 -0.756004 0.477334 0.407247 -0.567186 0.715856 -0.00273 -0.999988 -0.003962 0.003917 -0.999992 -0.000484 0.004723 -0.99901 -0.044236 0.041969 -0.995168 -0.088762 0.012759 -0.999734 0.019214 0.530135 -0.818267 0.222253 0.879475 0.412649 0.23716 0.990656 0.022706 -0.134484 0.247256 -0.956896 0.152362 -0.080968 -0.152979 0.984907 -0.317163 -0.022622 0.948101 -0.065499 -0.997461 0.027957 -0.312327 -0.949166 -0.03918 -0.020014 -0.9998 -0.000159 -0.999983 -0.005839 0.000156 -0.999394 -0.011286 0.03293 -0.999711 0.021891 -0.009915 -0.998766 -0.04914 -0.007151 0.086752 -0.99622 0.004447 0.104211 -0.994553 -0.001939 0.001223 -0.999999 -0.000028 0.184646 -0.970208 0.156854 0.001678 -0.999998 0.000677 0.99841 -0.056362 -0.000416 -0.12322 -0.991364 0.044891 0.002096 -0.999998 0.000219 0.059214 -0.060683 0.996399 0.001372 -0.032116 0.999483 -0.999799 -0.016885 0.010804 -0.999784 -0.015501 0.013873 0.20749 0.036771 -0.977546 0.204494 -0.067958 -0.976506 -0.994421 0.04274 -0.096433 0.235436 -0.037121 -0.971181 -0.000327 -1 -0.000749 -0.997958 -0.062177 -0.014623 -0.003835 -0.999985 -0.003946 -0.994514 -0.104552 -0.003377 -0.986291 -0.164737 -0.009541 -0.99537 -0.091445 0.029607 -0.002589 -0.99945 -0.033063 -0.126127 -0.986811 0.10147 0.000951 -0.999999 -0.00041 0.002271 -0.999997 -0.001172 -0.000846 -0.999994 -0.003483 -0.990347 0.120913 0.067775 -0.947404 -0.044702 -0.316904 -0.974594 0.117828 -0.190483 -0.978743 -0.182821 0.092947 -0.353656 -0.878117 -0.32224 0.123757 0.318938 -0.939661 -0.995502 0.013574 -0.093767 0.535491 -0.676218 -0.505943 -0.999866 0.003689 -0.015918 -0.286089 -0.954207 -0.087422 -0.145378 -0.989349 -0.007283 0.117924 -0.985359 -0.12313 -0.995572 -0.094007 0.000312 0.179513 -0.959958 -0.21507 -0.16957 -0.966837 -0.190978 0.009035 -0.999959 -0.000962 0.418322 -0.904361 0.084487 0.021579 -0.936834 0.349109 -0.069853 -0.997213 -0.026224 0.014449 -0.999252 0.035874 0.159143 -0.979793 0.121157 -0.08816 -0.976899 0.194667 0.071108 -0.955486 -0.286338 -0.995342 -0.094846 0.01729 -0.840391 -0.533253 -0.096866 0.016836 0.996548 -0.081291 -0.095629 0.988483 -0.117284 -0.146219 0.919845 0.364013 0.009298 0.999957 -0.000107 0.190118 0.976845 -0.098128 -0.000662 0.195884 -0.980627 0.183935 -0.629733 -0.754722 -0.392032 0.231281 -0.890405 0.944859 0.067413 0.320464 0.942048 -0.004922 0.335442 0.097329 0.055651 0.993695 0.122347 0.074501 0.989687 0.17949 -0.045134 0.982724 -0.294843 -0.078474 -0.952318 0.004838 -0.016743 0.999848 -0.992121 0.021398 -0.12344 -0.111702 0.123243 0.98607 -0.964191 -0.02826 -0.263698 -0.309074 -0.934365 0.177299 0.923711 0.057295 0.378782 -0.010969 -0.999905 0.008324 0.103931 0.02798 -0.994191 0.911469 0.025341 0.410587 -0.084296 -0.045675 -0.995393 -0.051227 -0.021977 -0.998445 -0.756686 0.547519 0.35728 -0.996598 0.080556 -0.017423 0.496952 -0.156459 -0.853557 0.036648 0.089873 -0.995279 0.042787 0.999059 0.007053 0.252382 0.963195 -0.09251 0.065295 -0.997854 -0.004856 -0.000036 -0.999987 -0.005117 -0.031133 -0.998109 -0.053009 -0.075297 0.396688 0.91486 0.084952 -0.065211 0.994249 0.0014 0.999357 -0.035819 0.00062 0.999134 -0.041594 -0.127743 0.185139 0.974374 0.058038 0.072893 -0.99565 0.035381 0.074936 -0.99656 0.141837 0.989176 0.037588 -0.150635 0.123538 0.98084 -0.001384 0.999109 -0.04217 0.002306 0.990773 -0.135509 0.00731 0.999852 0.015604 -0.8881 0.254437 0.382805 0.945775 0.314018 -0.083084 0.98526 0.103821 0.135952 0.998277 -0.0117 0.057503 0.105997 -0.00038 0.994366 -0.058456 0.123976 -0.990562 -0.989734 0.135537 -0.045336 -0.96105 0.272119 0.048317 -0.997256 -0.032329 0.066603 0.177302 0.983677 0.03073 0.08187 0.9962 -0.029716 0.077204 0.996668 -0.026321 0.077369 0.996933 0.011808 0.104729 0.994501 -0.000315 0.018215 0.995707 -0.090751 0.120893 0.991879 -0.039519 0.218362 0.077899 -0.972754 0.38458 0.005896 -0.923073 0.108455 0.012353 -0.994025 0.268859 -0.046128 -0.962074 0.10779 0.027358 -0.993797 0.016036 -0.057132 -0.998238 -0.113477 0.499211 0.859018 -0.094501 0.963757 -0.249485 0.001119 0.992263 -0.124148 0.00745 0.999547 -0.029147 0.071513 0.919028 0.38765 -0.940005 -0.098316 0.326688 -0.005194 0.998678 0.051141 0.06986 0.103492 -0.992174 0.030013 0.005818 -0.999533 -0.071834 -0.997413 -0.002626 -0.901504 -0.431958 0.02652 -0.069826 -0.997557 -0.002126 -0.99749 -0.070797 0.001577 -0.901565 -0.431889 0.02553 -0.041131 -0.999121 -0.008074 -0.99934 -0.03556 -0.00738 -0.748552 -0.558202 -0.357882 -0.997258 0.073974 -0.002091 -0.996438 0.084333 0.00053 0.000105 1 0.000847 0.11408 0.983858 -0.137871 -0.069763 0.345364 -0.935872 0.024117 -0.192656 -0.98097 0.05382 -0.233237 -0.97093 -0.87712 -0.480186 0.00909 0.039574 -0.332924 -0.942123 -0.996139 -0.084749 0.022903 0.055579 -0.430269 -0.900988 -0.995427 -0.05416 0.078686 0.181248 -0.044367 -0.982436 0.161008 -0.063398 -0.984915 0.043614 0.008509 -0.999012 -0.105741 -0.016374 -0.994259 -0.937136 0.269483 0.22171 0.995234 0.078141 -0.058342 0.996496 0.055816 0.062286 -0.945865 0.148832 -0.288424 0.042248 0.99727 0.060568 0.996503 0.017537 0.081698 -0.969736 -0.232248 -0.075323 0.089857 0.027896 0.995564 -0.085532 -0.122979 -0.988717 0.003668 0.203536 0.979061 -0.033381 -0.209926 -0.977147 -0.680439 0.719144 -0.14084 0.031876 0.999468 0.006955 -0.048804 -0.998301 0.031848 -0.949575 -0.293521 -0.110238 -0.609898 0.684167 0.399925 -0.166702 0.020711 0.98579 -0.992916 0.013361 -0.118068 -0.997966 -0.015918 0.061733 -0.998062 -0.016452 0.06001 0.20121 -0.012672 0.979466 0.037107 -0.087647 0.99546 0.920398 0.039652 0.388966 0.101275 0.068417 0.992503 0.651592 0.756411 0.057185 0.976196 -0.003379 0.216862 0.979869 0.000885 0.19964 0.571448 0.007647 -0.820603 0.308554 -0.008894 -0.951165 0.332527 0.018051 -0.942921 0.026827 0.921817 -0.386696 0.067483 0.997365 0.026641 -0.082416 0.99034 -0.111505 -0.035348 0.995354 -0.089555 0.026307 0.994807 -0.098325 0.00085 -0.99997 0.007654 -0.099518 -0.842914 -0.528765 0.788467 0.073566 0.610661 0.125288 0.59545 -0.793563 -0.081733 0.404792 -0.910749 0.998432 -0.055731 -0.005315 0.000077 -0.000614 -1 0.000127 -0.00247 -0.999997 0.32711 0.944306 0.035842 0.191379 0.908922 0.370453 -0.043397 -0.975972 0.21353</float_array>
          <technique_common>
            <accessor source="#CookingTable_Level_4-mesh-normals-array" count="1895" stride="3">
              <param name="X" type="float"/>
              <param name="Y" type="float"/>
              <param name="Z" type="float"/>
            </accessor>
          </technique_common>
        </source>
        <source id="CookingTable_Level_4-mesh-map-0">
          <float_array id="CookingTable_Level_4-mesh-map-0-array" count="11370">0.843018 0.138916 0.852051 0.146729 0.835693 0.142334 0.835693 0.142334 0.852051 0.146729 0.831543 0.16333 0.831543 0.16333 0.852051 0.146729 0.852051 0.158936 0.831543 0.16333 0.852051 0.158936 0.817383 0.190674 0.817383 0.190674 0.852051 0.158936 0.816162 0.203613 0.831543 0.16333 0.817383 0.190674 0.796387 0.187744 0.831543 0.16333 0.796387 0.187744 0.835693 0.142334 0.835693 0.142334 0.796387 0.187744 0.822754 0.143799 0.822754 0.143799 0.796387 0.187744 0.795166 0.175049 0.822754 0.143799 0.795166 0.175049 0.797607 0.153809 0.835693 0.142334 0.822754 0.143799 0.825684 0.122314 0.835693 0.142334 0.825684 0.122314 0.848633 0.125244 0.822754 0.143799 0.797607 0.153809 0.814941 0.12793 0.822754 0.143799 0.814941 0.12793 0.825684 0.122314 0.814941 0.12793 0.797607 0.153809 0.795654 0.128662 0.814941 0.12793 0.795654 0.128662 0.785889 0.11084 0.814941 0.12793 0.785889 0.11084 0.782227 0.085205 0.814941 0.12793 0.782227 0.085205 0.825684 0.122314 0.848633 0.125244 0.825684 0.122314 0.836914 0.115479 0.825684 0.122314 0.782227 0.085205 0.818604 0.098877 0.825684 0.122314 0.818604 0.098877 0.836914 0.115479 0.836914 0.115479 0.818604 0.098877 0.832275 0.068115 0.836914 0.115479 0.832275 0.068115 0.839844 0.099121 0.839844 0.099121 0.832275 0.068115 0.849365 0.079346 0.849365 0.079346 0.832275 0.068115 0.845703 0.059326 0.845703 0.059326 0.832275 0.068115 0.842529 0.052734 0.845703 0.059326 0.842529 0.052734 0.856201 0.054688 0.842529 0.052734 0.832275 0.068115 0.831787 0.05249 0.243164 0.690918 0.254395 0.682861 0.248291 0.714844 0.264404 0.688477 0.273682 0.713867 0.254395 0.682861 0.254395 0.682861 0.273682 0.713867 0.248291 0.714844 0.243164 0.690918 0.248291 0.714844 0.230225 0.72998 0.243164 0.690918 0.230225 0.72998 0.234131 0.67627 0.248291 0.714844 0.273682 0.713867 0.250732 0.718506 0.248291 0.714844 0.250732 0.718506 0.235596 0.743408 0.248291 0.714844 0.235596 0.743408 0.230225 0.72998 0.250732 0.718506 0.273682 0.713867 0.261963 0.750488 0.235596 0.743408 0.250732 0.718506 0.244873 0.735107 0.244873 0.735107 0.250732 0.718506 0.261963 0.750488 0.235596 0.743408 0.244873 0.735107 0.23877 0.761963 0.23877 0.761963 0.244873 0.735107 0.261963 0.750488 0.219727 0.716553 0.234131 0.67627 0.230225 0.72998 0.234131 0.67627 0.219727 0.716553 0.218994 0.657715 0.218994 0.657715 0.219727 0.716553 0.204346 0.715332 0.218994 0.657715 0.204346 0.715332 0.196045 0.685059 0.196045 0.685059 0.204346 0.715332 0.211914 0.769775 0.211914 0.769775 0.204346 0.715332 0.219727 0.716553 0.196045 0.685059 0.211914 0.769775 0.187988 0.768555 0.211914 0.769775 0.219727 0.716553 0.222412 0.77002 0.222412 0.77002 0.219727 0.716553 0.230225 0.72998 0.222412 0.77002 0.230225 0.72998 0.227051 0.772461 0.227051 0.772461 0.230225 0.72998 0.235596 0.743408 0.222412 0.77002 0.227051 0.772461 0.213135 0.802734 0.213135 0.802734 0.227051 0.772461 0.222412 0.798584 0.222412 0.798584 0.227051 0.772461 0.230713 0.793945 0.222412 0.798584 0.230713 0.793945 0.219727 0.810547 0.219727 0.810547 0.230713 0.793945 0.225098 0.8125 0.225098 0.8125 0.230713 0.793945 0.257812 0.8125 0.227051 0.772461 0.235596 0.743408 0.231934 0.765625 0.231934 0.765625 0.235596 0.743408 0.23877 0.761963 0.230713 0.793945 0.227051 0.772461 0.237305 0.771484 0.237305 0.771484 0.227051 0.772461 0.231934 0.765625 0.257812 0.8125 0.230713 0.793945 0.256104 0.780029 0.256104 0.780029 0.230713 0.793945 0.237305 0.771484 0.257812 0.8125 0.256104 0.780029 0.299561 0.807373 0.237305 0.771484 0.231934 0.765625 0.242676 0.767334 0.242676 0.767334 0.231934 0.765625 0.23877 0.761963 0.237305 0.771484 0.242676 0.767334 0.256104 0.780029 0.242676 0.767334 0.23877 0.761963 0.261963 0.750488 0.242676 0.767334 0.261963 0.750488 0.256104 0.780029 0.299561 0.807373 0.256104 0.780029 0.305664 0.788818 0.256104 0.780029 0.261963 0.750488 0.278564 0.774658 0.256104 0.780029 0.278564 0.774658 0.305664 0.788818 0.278564 0.774658 0.261963 0.750488 0.276611 0.762695 0.305664 0.788818 0.278564 0.774658 0.292969 0.77124 0.278564 0.774658 0.276611 0.762695 0.283691 0.770508 0.278564 0.774658 0.283691 0.770508 0.292969 0.77124 0.292969 0.77124 0.283691 0.770508 0.290039 0.767822 0.283691 0.770508 0.276611 0.762695 0.283203 0.763428 0.283691 0.770508 0.283203 0.763428 0.290039 0.767822 0.292969 0.77124 0.290039 0.767822 0.295166 0.759521 0.295166 0.759521 0.290039 0.767822 0.283203 0.763428 0.305664 0.788818 0.292969 0.77124 0.299561 0.763916 0.299561 0.763916 0.292969 0.77124 0.295166 0.759521 0.305664 0.788818 0.299561 0.763916 0.310303 0.744873 0.305664 0.788818 0.310303 0.744873 0.331787 0.770996 0.331787 0.770996 0.310303 0.744873 0.341797 0.76709 0.310303 0.744873 0.299561 0.763916 0.299316 0.753174 0.299316 0.753174 0.299561 0.763916 0.295166 0.759521 0.297119 0.704346 0.310303 0.744873 0.273682 0.713867 0.273682 0.713867 0.310303 0.744873 0.283936 0.739746 0.283936 0.739746 0.310303 0.744873 0.299316 0.753174 0.273682 0.713867 0.283936 0.739746 0.261963 0.750488 0.299316 0.753174 0.295166 0.759521 0.29126 0.750244 0.299316 0.753174 0.29126 0.750244 0.283936 0.739746 0.261963 0.750488 0.283936 0.739746 0.280762 0.75 0.280762 0.75 0.283936 0.739746 0.29126 0.750244 0.261963 0.750488 0.280762 0.75 0.276611 0.762695 0.29126 0.750244 0.295166 0.759521 0.284912 0.753906 0.29126 0.750244 0.284912 0.753906 0.280762 0.75 0.280762 0.75 0.284912 0.753906 0.276611 0.762695 0.284912 0.753906 0.295166 0.759521 0.283203 0.763428 0.284912 0.753906 0.283203 0.763428 0.276611 0.762695 0.802979 0.591553 0.80957 0.597168 0.778809 0.605469 0.802979 0.591553 0.778809 0.605469 0.744629 0.594727 0.802979 0.591553 0.744629 0.594727 0.764893 0.583252 0.802979 0.591553 0.764893 0.583252 0.807861 0.571533 0.744629 0.594727 0.778809 0.605469 0.731689 0.603027 0.807861 0.571533 0.764893 0.583252 0.787598 0.570068 0.807861 0.571533 0.787598 0.570068 0.807861 0.550537 0.807861 0.550537 0.787598 0.570068 0.766113 0.538818 0.807861 0.550537 0.766113 0.538818 0.804688 0.486816 0.787598 0.570068 0.764893 0.583252 0.735107 0.575195 0.787598 0.570068 0.735107 0.575195 0.766113 0.538818 0.804688 0.486816 0.766113 0.538818 0.773193 0.480713 0.804688 0.486816 0.773193 0.480713 0.807861 0.458984 0.773193 0.480713 0.766113 0.538818 0.707275 0.494385 0.773193 0.480713 0.707275 0.494385 0.744385 0.447021 0.744385 0.447021 0.707275 0.494385 0.709229 0.439697 0.735107 0.575195 0.764893 0.583252 0.712891 0.586426 0.712891 0.586426 0.764893 0.583252 0.744629 0.594727 0.708496 0.557373 0.766113 0.538818 0.735107 0.575195 0.766113 0.538818 0.708496 0.557373 0.707275 0.494385 0.735107 0.575195 0.712891 0.586426 0.705811 0.571533 0.735107 0.575195 0.705811 0.571533 0.708496 0.557373 0.671143 0.455078 0.707275 0.494385 0.668213 0.47876 0.668213 0.47876 0.707275 0.494385 0.675781 0.506348 0.668213 0.47876 0.675781 0.506348 0.657227 0.48999 0.657227 0.48999 0.675781 0.506348 0.668457 0.500732 0.668457 0.500732 0.675781 0.506348 0.667725 0.505127 0.668457 0.500732 0.667725 0.505127 0.657227 0.497803 0.675781 0.506348 0.707275 0.494385 0.678223 0.523438 0.678223 0.523438 0.707275 0.494385 0.708496 0.557373 0.667725 0.505127 0.675781 0.506348 0.673828 0.518799 0.673828 0.518799 0.675781 0.506348 0.678223 0.523438 0.667725 0.505127 0.673828 0.518799 0.662109 0.520996 0.662109 0.520996 0.673828 0.518799 0.668945 0.5271 0.668945 0.5271 0.673828 0.518799 0.678223 0.523438 0.668945 0.5271 0.678223 0.523438 0.708496 0.557373 0.668945 0.5271 0.708496 0.557373 0.65625 0.542236 0.65625 0.542236 0.708496 0.557373 0.681641 0.568115 0.681641 0.568115 0.708496 0.557373 0.705811 0.571533 0.681641 0.568115 0.705811 0.571533 0.678955 0.575439 0.678955 0.575439 0.705811 0.571533 0.701416 0.580078 0.678955 0.575439 0.701416 0.580078 0.688232 0.583984 0.701416 0.580078 0.705811 0.571533 0.712891 0.586426 0.701416 0.580078 0.712891 0.586426 0.688232 0.583984 0.688232 0.583984 0.712891 0.586426 0.697998 0.591797 0.688232 0.583984 0.697998 0.591797 0.692871 0.594727 0.697998 0.591797 0.712891 0.586426 0.706299 0.602051 0.697998 0.591797 0.706299 0.602051 0.701172 0.616211 0.697998 0.591797 0.701172 0.616211 0.691162 0.609131 0.691162 0.609131 0.701172 0.616211 0.690674 0.614258 0.690674 0.614258 0.701172 0.616211 0.691162 0.62085 0.691162 0.62085 0.701172 0.616211 0.692139 0.630859 0.706299 0.602051 0.712891 0.586426 0.718018 0.597412 0.718018 0.597412 0.712891 0.586426 0.744629 0.594727 0.718018 0.597412 0.744629 0.594727 0.731689 0.603027 0.706299 0.602051 0.718018 0.597412 0.717285 0.617188 0.706299 0.602051 0.717285 0.617188 0.701172 0.616211 0.717285 0.617188 0.718018 0.597412 0.731689 0.603027 0.701172 0.616211 0.717285 0.617188 0.699707 0.64502 0.699707 0.64502 0.717285 0.617188 0.715332 0.63916 0.717285 0.617188 0.731689 0.603027 0.751465 0.615479 0.717285 0.617188 0.751465 0.615479 0.715332 0.63916 0.751465 0.615479 0.731689 0.603027 0.778809 0.605469 0.751465 0.615479 0.778809 0.605469 0.785156 0.621826 0.751465 0.615479 0.785156 0.621826 0.739258 0.63623 0.751465 0.615479 0.739258 0.63623 0.715332 0.63916 0.699707 0.64502 0.715332 0.63916 0.697754 0.649658 0.715332 0.63916 0.739258 0.63623 0.739258 0.670166 0.697754 0.649658 0.715332 0.63916 0.708008 0.664307 0.708008 0.664307 0.715332 0.63916 0.739258 0.670166 0.697754 0.649658 0.708008 0.664307 0.685303 0.68457 0.708008 0.664307 0.739258 0.670166 0.723389 0.737061 0.999512 0.188721 0.987305 0.195557 0.988525 0.187012 0.999512 0.188721 0.988525 0.187012 0.990234 0.178711 0.990234 0.178711 0.988525 0.187012 0.979492 0.187988 0.988525 0.187012 0.987305 0.195557 0.985596 0.189941 0.988525 0.187012 0.985596 0.189941 0.979492 0.187988 0.979492 0.187988 0.985596 0.189941 0.987305 0.195557 0.990234 0.178711 0.979492 0.187988 0.97876 0.180176 0.993896 0.196289 0.991943 0.210693 0.987305 0.195557 0.987305 0.195557 0.991943 0.210693 0.985596 0.211914 0.987305 0.195557 0.985596 0.211914 0.976318 0.221191 0.987305 0.195557 0.976318 0.221191 0.979492 0.187988 0.979492 0.187988 0.976318 0.221191 0.967285 0.1875 0.979492 0.187988 0.967285 0.1875 0.97876 0.180176 0.97876 0.180176 0.967285 0.1875 0.969238 0.181641 0.967285 0.1875 0.976318 0.221191 0.94043 0.188477 0.969238 0.181641 0.967285 0.1875 0.937012 0.181885 0.937012 0.181885 0.967285 0.1875 0.94043 0.188477 0.94043 0.188477 0.976318 0.221191 0.938721 0.203857 0.938721 0.203857 0.976318 0.221191 0.946533 0.231934 0.938721 0.203857 0.946533 0.231934 0.905518 0.212646 0.938721 0.203857 0.905518 0.212646 0.918213 0.192383 0.938721 0.203857 0.918213 0.192383 0.922363 0.187744 0.938721 0.203857 0.922363 0.187744 0.94043 0.188477 0.94043 0.188477 0.922363 0.187744 0.937012 0.181885 0.937012 0.181885 0.922363 0.187744 0.921875 0.178711 0.937012 0.181885 0.921875 0.178711 0.932129 0.174316 0.956543 0.175049 0.969238 0.181641 0.937012 0.181885 0.956543 0.175049 0.937012 0.181885 0.932129 0.174316 0.969238 0.181641 0.956543 0.175049 0.97876 0.180176 0.97876 0.180176 0.956543 0.175049 0.976318 0.172607 0.97876 0.180176 0.976318 0.172607 0.982666 0.17749 0.982666 0.17749 0.976318 0.172607 0.987305 0.168701 0.987305 0.168701 0.976318 0.172607 0.993408 0.153809 0.956543 0.175049 0.932129 0.174316 0.95166 0.162109 0.956543 0.175049 0.95166 0.162109 0.976318 0.172607 0.95166 0.162109 0.932129 0.174316 0.928711 0.160156 0.993408 0.153809 0.976318 0.172607 0.973389 0.159912 0.973389 0.159912 0.976318 0.172607 0.95166 0.162109 0.993408 0.153809 0.973389 0.159912 0.985596 0.146973 0.95166 0.162109 0.928711 0.160156 0.931396 0.147705 0.985596 0.146973 0.973389 0.159912 0.970459 0.152832 0.970459 0.152832 0.973389 0.159912 0.95166 0.162109 0.985596 0.146973 0.970459 0.152832 0.986328 0.127197 0.986328 0.127197 0.970459 0.152832 0.951904 0.117676 0.932129 0.121826 0.951904 0.117676 0.931396 0.147705 0.970459 0.152832 0.95166 0.162109 0.951172 0.149658 0.951172 0.149658 0.95166 0.162109 0.931396 0.147705 0.970459 0.152832 0.951172 0.149658 0.951904 0.117676 0.951904 0.117676 0.951172 0.149658 0.931396 0.147705 0.034424 0.647461 0.041016 0.656006 0.032715 0.691895 0.032715 0.691895 0.041016 0.656006 0.04834 0.7229 0.04834 0.7229 0.041016 0.656006 0.062744 0.701904 0.062744 0.701904 0.041016 0.656006 0.05127 0.648682 0.034424 0.647461 0.032715 0.691895 0.021729 0.669189 0.021729 0.669189 0.032715 0.691895 0.008301 0.706787 0.034424 0.647461 0.021729 0.669189 0.027344 0.65332 0.114258 0.897949 0.114502 0.908691 0.091553 0.903564 0.091553 0.903564 0.114502 0.908691 0.089355 0.909668 0.089355 0.909668 0.114502 0.908691 0.085938 0.912598 0.114502 0.908691 0.114258 0.897949 0.148193 0.900879 0.085938 0.912598 0.114502 0.908691 0.152832 0.920654 0.114502 0.908691 0.148193 0.900879 0.155518 0.912109 0.114502 0.908691 0.155518 0.912109 0.152832 0.920654 0.155518 0.912109 0.148193 0.900879 0.163818 0.886963 0.152832 0.920654 0.155518 0.912109 0.16333 0.924316 0.155518 0.912109 0.163818 0.886963 0.199951 0.936768 0.155518 0.912109 0.199951 0.936768 0.16333 0.924316 0.16333 0.924316 0.199951 0.936768 0.201172 0.948486 0.982178 0.394531 0.926025 0.395996 0.955811 0.391846 0.955811 0.391846 0.926025 0.395996 0.945312 0.386963 0.945312 0.386963 0.926025 0.395996 0.919678 0.386963 0.919678 0.386963 0.926025 0.395996 0.904297 0.395752 0.82251 0.554932 0.812256 0.543701 0.851318 0.540527 0.851318 0.540527 0.812256 0.543701 0.822754 0.522217 0.851318 0.540527 0.822754 0.522217 0.87793 0.507812 0.851318 0.540527 0.87793 0.507812 0.912109 0.512939 0.912109 0.512939 0.87793 0.507812 0.900879 0.496338 0.851318 0.540527 0.912109 0.512939 0.900146 0.534668 0.851318 0.540527 0.900146 0.534668 0.82251 0.554932 0.900146 0.534668 0.912109 0.512939 0.926758 0.494873 0.82251 0.554932 0.900146 0.534668 0.869385 0.561035 0.82251 0.554932 0.869385 0.561035 0.837158 0.56665 0.837158 0.56665 0.869385 0.561035 0.860352 0.596436 0.939941 0.52832 0.908203 0.567627 0.900146 0.534668 0.900146 0.534668 0.908203 0.567627 0.869385 0.561035 0.869385 0.561035 0.908203 0.567627 0.891113 0.569336 0.860352 0.596436 0.869385 0.561035 0.877441 0.570557 0.869385 0.561035 0.891113 0.569336 0.888916 0.577881 0.869385 0.561035 0.888916 0.577881 0.877441 0.570557 0.877441 0.570557 0.888916 0.577881 0.860352 0.596436 0.888916 0.577881 0.891113 0.569336 0.908203 0.567627 0.860352 0.596436 0.888916 0.577881 0.883545 0.601318 0.883545 0.601318 0.888916 0.577881 0.908203 0.567627 0.860352 0.596436 0.883545 0.601318 0.861572 0.652344 0.883545 0.601318 0.908203 0.567627 0.939941 0.626465 0.861572 0.652344 0.883545 0.601318 0.891113 0.641113 0.891113 0.641113 0.883545 0.601318 0.939941 0.626465 0.462891 0.913086 0.470215 0.9104 0.499268 0.921387 0.462891 0.913086 0.499268 0.921387 0.474609 0.933105 0.499268 0.921387 0.470215 0.9104 0.491943 0.908447 0.470215 0.9104 0.462891 0.913086 0.459717 0.897949 0.470215 0.9104 0.459717 0.897949 0.491943 0.908447 0.491943 0.908447 0.459717 0.897949 0.472168 0.895508 0.491943 0.908447 0.472168 0.895508 0.511719 0.895508 0.511719 0.895508 0.472168 0.895508 0.488037 0.876465 0.472168 0.895508 0.459717 0.897949 0.460449 0.883057 0.472168 0.895508 0.460449 0.883057 0.488037 0.876465 0.460449 0.883057 0.459717 0.897949 0.446289 0.889648 0.446289 0.889648 0.459717 0.897949 0.447998 0.900146 0.488037 0.876465 0.460449 0.883057 0.47876 0.86792 0.488037 0.876465 0.47876 0.86792 0.513184 0.84668 0.513184 0.84668 0.47876 0.86792 0.471924 0.837158 0.471924 0.837158 0.47876 0.86792 0.460693 0.871094 0.460693 0.871094 0.47876 0.86792 0.460449 0.883057 0.471924 0.837158 0.460693 0.871094 0.443359 0.854248 0.460693 0.871094 0.460449 0.883057 0.437012 0.871582 0.460693 0.871094 0.437012 0.871582 0.443359 0.854248 0.437012 0.871582 0.460449 0.883057 0.446289 0.889648 0.443359 0.854248 0.437012 0.871582 0.415039 0.844238 0.412598 0.880127 0.446289 0.889648 0.447998 0.900146 0.446289 0.889648 0.412598 0.880127 0.437012 0.871582 0.412598 0.880127 0.447998 0.900146 0.408203 0.885498 0.437012 0.871582 0.412598 0.880127 0.410889 0.864258 0.410889 0.864258 0.412598 0.880127 0.394775 0.87207 0.415039 0.844238 0.437012 0.871582 0.404297 0.859375 0.404297 0.859375 0.437012 0.871582 0.410889 0.864258 0.404297 0.859375 0.410889 0.864258 0.394775 0.87207 0.415039 0.844238 0.404297 0.859375 0.380371 0.83667 0.380371 0.83667 0.404297 0.859375 0.394775 0.87207 0.063965 0.530762 0.097412 0.532715 0.105225 0.577637 0.063965 0.530762 0.105225 0.577637 0.043701 0.580811 0.063965 0.530762 0.043701 0.580811 0.055664 0.532715 0.063965 0.530762 0.055664 0.532715 0.056641 0.518066 0.056641 0.518066 0.055664 0.532715 0.048096 0.526611 0.048096 0.526611 0.055664 0.532715 0.043701 0.580811 0.048096 0.526611 0.043701 0.580811 0.013428 0.555664 0.048096 0.526611 0.013428 0.555664 0.034668 0.514648 0.237061 0.281738 0.226318 0.31543 0.196045 0.28125 0.196045 0.28125 0.226318 0.31543 0.164062 0.330078 0.196045 0.28125 0.164062 0.330078 0.156006 0.306885 0.164062 0.330078 0.226318 0.31543 0.209961 0.328125 0.209961 0.328125 0.226318 0.31543 0.238525 0.330078 0.164062 0.330078 0.209961 0.328125 0.187012 0.34668 0.187012 0.34668 0.209961 0.328125 0.238525 0.330078 0.178467 0.347656 0.159424 0.329346 0.187012 0.34668 0.178467 0.347656 0.187012 0.34668 0.199951 0.366455 0.187012 0.34668 0.238525 0.330078 0.219482 0.35083 0.187012 0.34668 0.219482 0.35083 0.199951 0.366455 0.219482 0.35083 0.238525 0.330078 0.22876 0.345947 0.199951 0.366455 0.219482 0.35083 0.208252 0.401123 0.219482 0.35083 0.22876 0.345947 0.240967 0.36084 0.240967 0.36084 0.22876 0.345947 0.257812 0.34082 0.240967 0.36084 0.257812 0.34082 0.258057 0.359619 0.240967 0.36084 0.258057 0.359619 0.266357 0.372314 0.266357 0.372314 0.258057 0.359619 0.302734 0.367188 0.240967 0.36084 0.266357 0.372314 0.247803 0.386475 0.240967 0.36084 0.247803 0.386475 0.219482 0.35083 0.247803 0.386475 0.266357 0.372314 0.280518 0.409424 0.247803 0.386475 0.280518 0.409424 0.267578 0.41626 0.247803 0.386475 0.267578 0.41626 0.243896 0.419922 0.219482 0.35083 0.247803 0.386475 0.226074 0.402588 0.226074 0.402588 0.247803 0.386475 0.243896 0.419922 0.219482 0.35083 0.226074 0.402588 0.208252 0.401123 0.226074 0.402588 0.243896 0.419922 0.21875 0.444092 0.208252 0.401123 0.226074 0.402588 0.2146 0.407715 0.226074 0.402588 0.21875 0.444092 0.21582 0.423828 0.226074 0.402588 0.21582 0.423828 0.2146 0.407715 0.2146 0.407715 0.21582 0.423828 0.208252 0.401123 0.21582 0.423828 0.21875 0.444092 0.213135 0.44165 0.208252 0.401123 0.21582 0.423828 0.190186 0.391113 0.208252 0.401123 0.190186 0.391113 0.199951 0.366455 0.21582 0.423828 0.213135 0.44165 0.204102 0.433105 0.21582 0.423828 0.204102 0.433105 0.190186 0.391113 0.204102 0.433105 0.213135 0.44165 0.203369 0.458984 0.204102 0.433105 0.203369 0.458984 0.19165 0.467773 0.204102 0.433105 0.19165 0.467773 0.159424 0.439209 0.190186 0.391113 0.204102 0.433105 0.186768 0.416016 0.186768 0.416016 0.204102 0.433105 0.159424 0.439209 0.190186 0.391113 0.186768 0.416016 0.167236 0.4021 0.167236 0.4021 0.186768 0.416016 0.159424 0.439209 0.167236 0.4021 0.159424 0.439209 0.143555 0.430908 0.671631 0.989502 0.714355 0.947754 0.737549 0.987793 0.737549 0.987793 0.714355 0.947754 0.790283 0.978516 0.663086 0.849609 0.681396 0.867188 0.643311 0.874268 0.663086 0.849609 0.643311 0.874268 0.632324 0.854248 0.663086 0.849609 0.632324 0.854248 0.616699 0.846191 0.643311 0.874268 0.681396 0.867188 0.650879 0.888916 0.650879 0.888916 0.681396 0.867188 0.670898 0.891113 0.650879 0.888916 0.670898 0.891113 0.645508 0.924561 0.632324 0.854248 0.643311 0.874268 0.623779 0.868652 0.632324 0.854248 0.623779 0.868652 0.616699 0.846191 0.643311 0.874268 0.650879 0.888916 0.620605 0.89917 0.643311 0.874268 0.620605 0.89917 0.623779 0.868652 0.650879 0.888916 0.645508 0.924561 0.63501 0.904053 0.650879 0.888916 0.63501 0.904053 0.620605 0.89917 0.63501 0.904053 0.645508 0.924561 0.621094 0.920654 0.63501 0.904053 0.621094 0.920654 0.620605 0.89917 0.621094 0.920654 0.645508 0.924561 0.631348 0.944092 0.621094 0.920654 0.631348 0.944092 0.604736 0.921387 0.621094 0.920654 0.604736 0.921387 0.620605 0.89917 0.606934 0.896729 0.623779 0.868652 0.620605 0.89917 0.606934 0.896729 0.620605 0.89917 0.604736 0.921387 0.623779 0.868652 0.606934 0.896729 0.605225 0.881592 0.623779 0.868652 0.605225 0.881592 0.616699 0.846191 0.606934 0.896729 0.604736 0.921387 0.586914 0.909668 0.586914 0.909668 0.604736 0.921387 0.599854 0.93335 0.606934 0.896729 0.586914 0.909668 0.605225 0.881592 0.616699 0.846191 0.605225 0.881592 0.609619 0.858643 0.609619 0.858643 0.605225 0.881592 0.595947 0.861572 0.609619 0.858643 0.595947 0.861572 0.616699 0.846191 0.595947 0.861572 0.605225 0.881592 0.58252 0.885254 0.58252 0.885254 0.605225 0.881592 0.586914 0.909668 0.616699 0.846191 0.595947 0.861572 0.605225 0.844971 0.616699 0.846191 0.605225 0.844971 0.607422 0.816406 0.607422 0.816406 0.605225 0.844971 0.59375 0.817139 0.59375 0.817139 0.605225 0.844971 0.589844 0.828613 0.59375 0.817139 0.589844 0.828613 0.573242 0.795654 0.589844 0.828613 0.605225 0.844971 0.561768 0.844971 0.605225 0.844971 0.595947 0.861572 0.581543 0.860107 0.605225 0.844971 0.581543 0.860107 0.561768 0.844971 0.581543 0.860107 0.595947 0.861572 0.58252 0.885254 0.561768 0.844971 0.581543 0.860107 0.564209 0.888184 0.564209 0.888184 0.581543 0.860107 0.58252 0.885254 0.561768 0.844971 0.564209 0.888184 0.546143 0.890625 0.564209 0.888184 0.58252 0.885254 0.570557 0.899902 0.564209 0.888184 0.570557 0.899902 0.546143 0.890625 0.570557 0.899902 0.58252 0.885254 0.586914 0.909668 0.546143 0.890625 0.570557 0.899902 0.539795 0.903076 0.539795 0.903076 0.570557 0.899902 0.586914 0.909668 0.539795 0.903076 0.586914 0.909668 0.54126 0.924316 0.538086 0.059082 0.491943 0.12207 0.487793 0.043945 0.538086 0.059082 0.487793 0.043945 0.508057 0.023926 0.756836 0.019043 0.784912 0.010986 0.784668 0.041016 0.756836 0.019043 0.784668 0.041016 0.757324 0.051025 0.756836 0.019043 0.757324 0.051025 0.726562 0.043213 0.756836 0.019043 0.726562 0.043213 0.721436 0.007324 0.750732 0.251221 0.76001 0.232422 0.781738 0.244385 0.713867 0.202393 0.785889 0.218262 0.76001 0.232422 0.76001 0.232422 0.785889 0.218262 0.781738 0.244385 0.750732 0.251221 0.781738 0.244385 0.777832 0.25293 0.750732 0.251221 0.777832 0.25293 0.757812 0.254395 0.757812 0.254395 0.777832 0.25293 0.757568 0.257324 0.757568 0.257324 0.777832 0.25293 0.771484 0.256592 0.771484 0.256592 0.777832 0.25293 0.762695 0.271973 0.762695 0.271973 0.777832 0.25293 0.787598 0.260742 0.777832 0.25293 0.781738 0.244385 0.802734 0.25 0.777832 0.25293 0.802734 0.25 0.787598 0.260742 0.804443 0.241943 0.781738 0.244385 0.785889 0.218262 0.781738 0.244385 0.804443 0.241943 0.802734 0.25 0.804443 0.241943 0.785889 0.218262 0.798828 0.211914 0.798828 0.211914 0.785889 0.218262 0.772705 0.177979 0.804443 0.241943 0.798828 0.211914 0.817627 0.245117 0.804443 0.241943 0.817627 0.245117 0.802734 0.25 0.817627 0.245117 0.798828 0.211914 0.821777 0.20874 0.802734 0.25 0.817627 0.245117 0.826172 0.253418 0.802734 0.25 0.826172 0.253418 0.819092 0.265137 0.802734 0.25 0.819092 0.265137 0.787598 0.260742 0.819092 0.265137 0.826172 0.253418 0.833496 0.262695 0.819092 0.265137 0.833496 0.262695 0.830811 0.274414 0.787598 0.260742 0.819092 0.265137 0.811035 0.277832 0.811035 0.277832 0.819092 0.265137 0.830811 0.274414 0.787598 0.260742 0.811035 0.277832 0.779785 0.279297 0.779785 0.279297 0.811035 0.277832 0.803223 0.304199 0.811035 0.277832 0.830811 0.274414 0.830078 0.299561 0.803223 0.304199 0.811035 0.277832 0.820312 0.317871 0.820312 0.317871 0.811035 0.277832 0.830078 0.299561 0.820312 0.317871 0.830078 0.299561 0.843262 0.359863 0.82666 0.228516 0.817627 0.245117 0.821777 0.20874 0.817627 0.245117 0.82666 0.228516 0.829346 0.236084 0.829346 0.236084 0.82666 0.228516 0.839355 0.226318 0.82666 0.228516 0.821777 0.20874 0.829346 0.207275 0.829346 0.207275 0.821777 0.20874 0.845947 0.180908 0.839355 0.226318 0.82666 0.228516 0.84375 0.197266 0.829346 0.207275 0.845947 0.180908 0.84375 0.197266 0.829346 0.207275 0.84375 0.197266 0.82666 0.228516 0.839355 0.226318 0.84375 0.197266 0.850586 0.218994 0.850586 0.218994 0.84375 0.197266 0.854248 0.19751 0.854248 0.19751 0.84375 0.197266 0.848145 0.186035 0.043457 0.376465 0.028076 0.362061 0.050293 0.369629 0.067871 0.171875 0.062256 0.184082 0.03418 0.172119 0.066895 0.509766 0.04248 0.509766 0.045654 0.500488 0.012207 0.264404 0.023926 0.264648 0.020996 0.270508 0.020996 0.270508 0.023926 0.264648 0.026611 0.270264 0.012207 0.264404 0.020996 0.270508 0.018311 0.276367 0.018311 0.276367 0.020996 0.270508 0.026611 0.270264 0.012207 0.264404 0.018311 0.276367 0.006348 0.274414 0.006348 0.274414 0.018311 0.276367 0.012695 0.280762 0.006348 0.274414 0.012695 0.280762 0.00415 0.292969 0.018311 0.276367 0.026611 0.270264 0.021729 0.29126 0.018311 0.276367 0.021729 0.29126 0.012695 0.280762 0.012695 0.280762 0.021729 0.29126 0.00415 0.292969 0.021729 0.29126 0.026611 0.270264 0.047119 0.283447 0.00415 0.292969 0.021729 0.29126 0.01123 0.349365 0.021729 0.29126 0.047119 0.283447 0.049316 0.324219 0.021729 0.29126 0.049316 0.324219 0.01123 0.349365 0.049316 0.324219 0.047119 0.283447 0.079346 0.289551 0.01123 0.349365 0.049316 0.324219 0.05957 0.366211 0.426758 0.980957 0.459473 0.957031 0.458252 0.976562 0.459473 0.957031 0.426758 0.980957 0.439697 0.951904 0.439697 0.951904 0.426758 0.980957 0.415039 0.97168 0.439697 0.951904 0.415039 0.97168 0.412842 0.942871 0.439697 0.951904 0.412842 0.942871 0.443115 0.937988 0.443115 0.937988 0.412842 0.942871 0.425781 0.930176 0.443115 0.937988 0.425781 0.930176 0.397949 0.88501 0.412842 0.942871 0.415039 0.97168 0.394287 0.954102 0.397949 0.88501 0.425781 0.930176 0.412354 0.917725 0.412354 0.917725 0.425781 0.930176 0.412842 0.942871 0.397949 0.88501 0.412354 0.917725 0.378174 0.876953 0.412354 0.917725 0.412842 0.942871 0.387451 0.924072 0.412354 0.917725 0.387451 0.924072 0.378174 0.876953 0.387451 0.924072 0.412842 0.942871 0.394287 0.954102 0.378174 0.876953 0.387451 0.924072 0.356934 0.896729 0.356934 0.896729 0.387451 0.924072 0.36084 0.916504 0.36084 0.916504 0.387451 0.924072 0.370361 0.931641 0.370361 0.931641 0.387451 0.924072 0.394287 0.954102 0.36084 0.916504 0.370361 0.931641 0.357422 0.930176 0.357422 0.930176 0.370361 0.931641 0.394287 0.954102 0.380859 0.973145 0.394287 0.954102 0.415039 0.97168 0.357422 0.930176 0.394287 0.954102 0.373535 0.945557 0.373535 0.945557 0.394287 0.954102 0.380859 0.973145 0.357422 0.930176 0.373535 0.945557 0.330078 0.949707 0.330078 0.949707 0.373535 0.945557 0.380859 0.973145 0.330078 0.949707 0.380859 0.973145 0.358154 0.989502 0.330078 0.949707 0.358154 0.989502 0.306152 0.970703 0.859863 0.005371 0.849365 0.003418 0.863037 0 0.849365 0.003418 0.859863 0.005371 0.859619 0.009277 0.859863 0.005371 0.863037 0 0.876465 0.012939 0.876465 0.012939 0.863037 0 0.89917 0.000244 0.876465 0.012939 0.89917 0.000244 0.912109 0.042236 0.876465 0.012939 0.912109 0.042236 0.882568 0.037842 0.859863 0.005371 0.876465 0.012939 0.864746 0.011719 0.859863 0.005371 0.864746 0.011719 0.859619 0.009277 0.864746 0.011719 0.876465 0.012939 0.882568 0.037842 0.859619 0.009277 0.864746 0.011719 0.865723 0.031982 0.865723 0.031982 0.864746 0.011719 0.882568 0.037842 0.865723 0.031982 0.882568 0.037842 0.876709 0.046143 0.983154 0.519775 0.976074 0.522217 0.974609 0.496338 0.974609 0.496338 0.976074 0.522217 0.930176 0.523193 0.304443 0.103516 0.256104 0.037354 0.306641 0.022705 0.42627 0.056152 0.422119 0.078857 0.3479 0.03418 0.42627 0.056152 0.3479 0.03418 0.391846 0.033936 0.3479 0.03418 0.422119 0.078857 0.341309 0.055908 0.341309 0.055908 0.422119 0.078857 0.348633 0.082031 0.068604 0.16748 0.009277 0.165283 0.076416 0.143066 0.024414 0.793213 0.029541 0.799805 0.027344 0.80957 0.029541 0.799805 0.024414 0.793213 0.0354 0.797852 0.029541 0.799805 0.0354 0.797852 0.027344 0.80957 0.0354 0.797852 0.024414 0.793213 0.015625 0.786865 0.0354 0.797852 0.015625 0.786865 0.040527 0.786133 0.027344 0.80957 0.0354 0.797852 0.043213 0.806152 0.043213 0.806152 0.0354 0.797852 0.040527 0.786133 0.027344 0.80957 0.043213 0.806152 0.039795 0.816406 0.027344 0.80957 0.039795 0.816406 0.069824 0.856445 0.039795 0.816406 0.043213 0.806152 0.05127 0.82251 0.039795 0.816406 0.05127 0.82251 0.069824 0.856445 0.027344 0.80957 0.069824 0.856445 0.028809 0.82373 0.028809 0.82373 0.069824 0.856445 0.061279 0.860352 0.028809 0.82373 0.061279 0.860352 0.016846 0.824707 0.016846 0.824707 0.061279 0.860352 0.025391 0.86084 0.06665 0.803467 0.043213 0.806152 0.040527 0.786133 0.05127 0.82251 0.043213 0.806152 0.058105 0.809814 0.058105 0.809814 0.043213 0.806152 0.06665 0.803467 0.05127 0.82251 0.058105 0.809814 0.058838 0.817383 0.058838 0.817383 0.058105 0.809814 0.065674 0.81958 0.058838 0.817383 0.065674 0.81958 0.05127 0.82251 0.065674 0.81958 0.058105 0.809814 0.06665 0.803467 0.05127 0.82251 0.065674 0.81958 0.061523 0.827393 0.05127 0.82251 0.061523 0.827393 0.069824 0.856445 0.065674 0.81958 0.06665 0.803467 0.09375 0.824219 0.084961 0.802734 0.06665 0.803467 0.040527 0.786133 0.06665 0.803467 0.084961 0.802734 0.09375 0.824219 0.084961 0.802734 0.040527 0.786133 0.045654 0.780029 0.065674 0.81958 0.09375 0.824219 0.081055 0.830078 0.065674 0.81958 0.081055 0.830078 0.061523 0.827393 0.081055 0.830078 0.09375 0.824219 0.096436 0.844727 0.069824 0.835693 0.069824 0.856445 0.061523 0.827393 0.069824 0.835693 0.061523 0.827393 0.081055 0.830078 0.069824 0.856445 0.069824 0.835693 0.075439 0.839111 0.075439 0.839111 0.069824 0.835693 0.081055 0.830078 0.069824 0.856445 0.075439 0.839111 0.080811 0.843262 0.080811 0.843262 0.075439 0.839111 0.081055 0.830078 0.080811 0.843262 0.081055 0.830078 0.096436 0.844727 0.069824 0.856445 0.080811 0.843262 0.083252 0.855469 0.083252 0.855469 0.080811 0.843262 0.096436 0.844727 0.068848 0.784912 0.084961 0.802734 0.045654 0.780029 0.084961 0.802734 0.068848 0.784912 0.113281 0.800781 0.068848 0.784912 0.045654 0.780029 0.044678 0.769775 0.113281 0.800781 0.068848 0.784912 0.107422 0.790771 0.107422 0.790771 0.068848 0.784912 0.044678 0.769775 0.047119 0.97998 0.031494 0.97168 0.06665 0.971924 0.031494 0.97168 0.047119 0.97998 0.050781 0.989258 0.047119 0.97998 0.06665 0.971924 0.065674 0.984863 0.047119 0.97998 0.065674 0.984863 0.050781 0.989258 0.334717 0.067627 0.327881 0.068359 0.335693 0.04126 0.335693 0.04126 0.327881 0.068359 0.330566 0.038818 0.335693 0.04126 0.330566 0.038818 0.345459 0.025146 0.330566 0.038818 0.327881 0.068359 0.316406 0.071777 0.316406 0.071777 0.327881 0.068359 0.314209 0.089111 0.330566 0.038818 0.316406 0.071777 0.311279 0.055176 0.330566 0.038818 0.311279 0.055176 0.32373 0.026123 0.32373 0.026123 0.311279 0.055176 0.311768 0.029785 0.986572 0.382568 0.9104 0.382568 0.923096 0.362305 0.37207 0.297119 0.381104 0.284424 0.393311 0.345947 0.393311 0.345947 0.381104 0.284424 0.396973 0.301514 0.393311 0.345947 0.396973 0.301514 0.407227 0.324463 0.407227 0.324463 0.396973 0.301514 0.405518 0.289551 0.407227 0.324463 0.405518 0.289551 0.419189 0.310059 0.407227 0.324463 0.419189 0.310059 0.416748 0.349609 0.407227 0.324463 0.416748 0.349609 0.414062 0.366455 0.407227 0.324463 0.414062 0.366455 0.393311 0.345947 0.416748 0.349609 0.419189 0.310059 0.431152 0.342041 0.416748 0.349609 0.431152 0.342041 0.414062 0.366455 0.431152 0.342041 0.419189 0.310059 0.444092 0.308105 0.462646 0.295898 0.444092 0.308105 0.451904 0.297119 0.444092 0.308105 0.462646 0.295898 0.486328 0.306152 0.431152 0.342041 0.444092 0.308105 0.478516 0.337646 0.478516 0.337646 0.444092 0.308105 0.486328 0.306152 0.478516 0.337646 0.486328 0.306152 0.501709 0.373291 0.501709 0.373291 0.486328 0.306152 0.520264 0.291748 0.478516 0.337646 0.501709 0.373291 0.437988 0.375977 0.478516 0.337646 0.437988 0.375977 0.431152 0.342041 0.431152 0.342041 0.437988 0.375977 0.414062 0.366455 0.414062 0.366455 0.437988 0.375977 0.410156 0.391357 0.410156 0.391357 0.437988 0.375977 0.442383 0.387451 0.410156 0.391357 0.442383 0.387451 0.448975 0.39624 0.414062 0.366455 0.410156 0.391357 0.407959 0.377686 0.414062 0.366455 0.407959 0.377686 0.393311 0.345947 0.407959 0.377686 0.410156 0.391357 0.399658 0.388672 0.407959 0.377686 0.399658 0.388672 0.392334 0.38208 0.392334 0.38208 0.399658 0.388672 0.385254 0.390137 0.393311 0.345947 0.407959 0.377686 0.390869 0.368652 0.390869 0.368652 0.407959 0.377686 0.392334 0.38208 0.393311 0.345947 0.390869 0.368652 0.380615 0.345459 0.393311 0.345947 0.380615 0.345459 0.37207 0.297119 0.390869 0.368652 0.392334 0.38208 0.388916 0.376465 0.388916 0.376465 0.392334 0.38208 0.38208 0.37793 0.388916 0.376465 0.38208 0.37793 0.390869 0.368652 0.38208 0.37793 0.392334 0.38208 0.385254 0.390137 0.38208 0.37793 0.385254 0.390137 0.373291 0.382568 0.390869 0.368652 0.38208 0.37793 0.382812 0.367188 0.390869 0.368652 0.382812 0.367188 0.380615 0.345459 0.382812 0.367188 0.38208 0.37793 0.373291 0.382568 0.373291 0.382568 0.385254 0.390137 0.377686 0.398682 0.382812 0.367188 0.373291 0.382568 0.374512 0.361084 0.382812 0.367188 0.374512 0.361084 0.380615 0.345459 0.373291 0.382568 0.377686 0.398682 0.36499 0.380127 0.374512 0.361084 0.373291 0.382568 0.355469 0.348877 0.355469 0.348877 0.373291 0.382568 0.36499 0.380127 0.36499 0.380127 0.377686 0.398682 0.345703 0.378418 0.345703 0.378418 0.377686 0.398682 0.373535 0.406494 0.36499 0.380127 0.345703 0.378418 0.331787 0.321289 0.36499 0.380127 0.331787 0.321289 0.355469 0.348877 0.345703 0.378418 0.373535 0.406494 0.355957 0.411377 0.345703 0.378418 0.355957 0.411377 0.317627 0.401611 0.317627 0.401611 0.355957 0.411377 0.328613 0.422852 0.328613 0.422852 0.355957 0.411377 0.334229 0.427246 0.328613 0.422852 0.334229 0.427246 0.32373 0.425781 0.334229 0.427246 0.355957 0.411377 0.333008 0.434814 0.334229 0.427246 0.333008 0.434814 0.328369 0.438721 0.349609 0.334229 0.355469 0.348877 0.331787 0.321289 0.368164 0.350586 0.374512 0.361084 0.355469 0.348877 0.374512 0.361084 0.368164 0.350586 0.375244 0.351074 0.374512 0.361084 0.375244 0.351074 0.380615 0.345459 0.380615 0.345459 0.375244 0.351074 0.368164 0.350586 0.368164 0.350586 0.355469 0.348877 0.365479 0.3396 0.368164 0.350586 0.365479 0.3396 0.380615 0.345459 0.365479 0.3396 0.355469 0.348877 0.349609 0.334229 0.380615 0.345459 0.365479 0.3396 0.372314 0.330078 0.365479 0.3396 0.349609 0.334229 0.362549 0.331787 0.365479 0.3396 0.362549 0.331787 0.372314 0.330078 0.380615 0.345459 0.372314 0.330078 0.37207 0.297119 0.362549 0.331787 0.349609 0.334229 0.366211 0.322266 0.362549 0.331787 0.366211 0.322266 0.372314 0.330078 0.37207 0.297119 0.372314 0.330078 0.367432 0.313965 0.367432 0.313965 0.372314 0.330078 0.366211 0.322266 0.37207 0.297119 0.367432 0.313965 0.357422 0.307861 0.367432 0.313965 0.366211 0.322266 0.361328 0.316895 0.367432 0.313965 0.361328 0.316895 0.357422 0.307861 0.366211 0.322266 0.349609 0.334229 0.352783 0.321289 0.366211 0.322266 0.352783 0.321289 0.361328 0.316895 0.361328 0.316895 0.352783 0.321289 0.357422 0.307861 0.352783 0.321289 0.349609 0.334229 0.343018 0.313477 0.352783 0.321289 0.343018 0.313477 0.357422 0.307861 0.020508 0.421631 0.006592 0.42334 0.019775 0.410889 0.020508 0.421631 0.019775 0.410889 0.036621 0.39209 0.020508 0.421631 0.036621 0.39209 0.036377 0.432861 0.036621 0.39209 0.019775 0.410889 0.01709 0.402588 0.023438 0.059326 0.014893 0.055908 0.030273 0.046387 0.030273 0.046387 0.014893 0.055908 0.018555 0.047852 0.023438 0.059326 0.030273 0.046387 0.021973 0.07666 0.071533 0.025879 0.030273 0.046387 0.016846 0.026611 0.030273 0.046387 0.071533 0.025879 0.066162 0.076416 0.030273 0.046387 0.066162 0.076416 0.021973 0.07666 0.021973 0.07666 0.066162 0.076416 0.047607 0.091309 0.021973 0.07666 0.047607 0.091309 0.035889 0.094482 0.047607 0.091309 0.066162 0.076416 0.056641 0.098389 0.035889 0.094482 0.047607 0.091309 0.047363 0.094482 0.047363 0.094482 0.047607 0.091309 0.056641 0.098389 0.035889 0.094482 0.047363 0.094482 0.036621 0.10083 0.056641 0.098389 0.066162 0.076416 0.071777 0.11377 0.056641 0.098389 0.071777 0.11377 0.053711 0.106201 0.053711 0.106201 0.071777 0.11377 0.036621 0.10083 0.047363 0.094482 0.056641 0.098389 0.051025 0.100098 0.047363 0.094482 0.051025 0.100098 0.036621 0.10083 0.051025 0.100098 0.056641 0.098389 0.053711 0.106201 0.051025 0.100098 0.053711 0.106201 0.036621 0.10083 0.066406 0.003418 0.088623 0.016113 0.04541 0.014893 0.619629 0.954102 0.697998 0.954346 0.649902 0.969482 0.619629 0.954102 0.649902 0.969482 0.618164 0.96875 0.618164 0.96875 0.649902 0.969482 0.617188 0.982666 0.619629 0.954102 0.618164 0.96875 0.600342 0.962158 0.619629 0.954102 0.600342 0.962158 0.574707 0.94873 0.618164 0.96875 0.617188 0.982666 0.614258 0.973389 0.614258 0.973389 0.617188 0.982666 0.612793 0.981201 0.600342 0.962158 0.618164 0.96875 0.608398 0.969482 0.608398 0.969482 0.618164 0.96875 0.614258 0.973389 0.600342 0.962158 0.608398 0.969482 0.601562 0.968262 0.600342 0.962158 0.601562 0.968262 0.596924 0.973877 0.600342 0.962158 0.596924 0.973877 0.593994 0.9729 0.601562 0.968262 0.608398 0.969482 0.607178 0.975586 0.607178 0.975586 0.608398 0.969482 0.614258 0.973389 0.601562 0.968262 0.607178 0.975586 0.596924 0.973877 0.607178 0.975586 0.614258 0.973389 0.612793 0.981201 0.596924 0.973877 0.607178 0.975586 0.604004 0.986328 0.604004 0.986328 0.607178 0.975586 0.612793 0.981201 0.950195 0.917725 0.943604 0.919678 0.939453 0.909668 0.939453 0.909668 0.943604 0.919678 0.917725 0.935059 0.917725 0.935059 0.943604 0.919678 0.949219 0.926514 0.917725 0.935059 0.949219 0.926514 0.921143 0.943115 0.939453 0.909668 0.917725 0.935059 0.90625 0.926025 0.939453 0.909668 0.90625 0.926025 0.913574 0.913818 0.913574 0.913818 0.90625 0.926025 0.857666 0.934814 0.913574 0.913818 0.857666 0.934814 0.86792 0.916504 0.913574 0.913818 0.86792 0.916504 0.920654 0.89502 0.913574 0.913818 0.920654 0.89502 0.939453 0.909668 0.920654 0.89502 0.86792 0.916504 0.881592 0.892822 0.920654 0.89502 0.881592 0.892822 0.927002 0.871582 0.939453 0.909668 0.920654 0.89502 0.937744 0.883057 0.937744 0.883057 0.920654 0.89502 0.927002 0.871582 0.958984 0.896484 0.971924 0.905762 0.939453 0.909668 0.958984 0.896484 0.939453 0.909668 0.937744 0.883057 0.958984 0.896484 0.937744 0.883057 0.954346 0.87915 0.958984 0.896484 0.954346 0.87915 0.964844 0.88208 0.954346 0.87915 0.937744 0.883057 0.952148 0.844238 0.952148 0.844238 0.937744 0.883057 0.932861 0.831055 0.932861 0.831055 0.937744 0.883057 0.927002 0.871582 0.932861 0.831055 0.927002 0.871582 0.918945 0.858887 0.932861 0.831055 0.918945 0.858887 0.925049 0.830566 0.331543 0.51709 0.346191 0.517822 0.335205 0.547363 0.346191 0.517822 0.331543 0.51709 0.328125 0.496094 0.346191 0.517822 0.328125 0.496094 0.361572 0.494873 0.346191 0.517822 0.361572 0.494873 0.361328 0.514648 0.361328 0.514648 0.361572 0.494873 0.41626 0.444824 0.346191 0.517822 0.361328 0.514648 0.349121 0.536621 0.346191 0.517822 0.349121 0.536621 0.335205 0.547363 0.328125 0.496094 0.331543 0.51709 0.321777 0.511963 0.328125 0.496094 0.321777 0.511963 0.302979 0.509766 0.321777 0.511963 0.331543 0.51709 0.321045 0.525146 0.321045 0.525146 0.331543 0.51709 0.335205 0.547363 0.302979 0.509766 0.321777 0.511963 0.314453 0.519531 0.314453 0.519531 0.321777 0.511963 0.321045 0.525146 0.302979 0.509766 0.314453 0.519531 0.30957 0.554199 0.30957 0.554199 0.314453 0.519531 0.321045 0.525146 0.30957 0.554199 0.321045 0.525146 0.335205 0.547363 0.302979 0.509766 0.30957 0.554199 0.296631 0.584717 0.296631 0.584717 0.30957 0.554199 0.320312 0.61084 0.320312 0.61084 0.30957 0.554199 0.335205 0.547363 0.296631 0.584717 0.320312 0.61084 0.300537 0.612061 0.320312 0.61084 0.335205 0.547363 0.347412 0.646729 0.347412 0.646729 0.335205 0.547363 0.356201 0.624268 0.356201 0.624268 0.335205 0.547363 0.349121 0.536621 0.356201 0.624268 0.349121 0.536621 0.362549 0.579346 0.356201 0.624268 0.362549 0.579346 0.366943 0.61377 0.765625 0.063721 0.70874 0.045166 0.750244 0.055664 0.764648 0.058838 0.794189 0.043945 0.765625 0.063721 0.765625 0.063721 0.794189 0.043945 0.826416 0.041504 0.70874 0.045166 0.765625 0.063721 0.736816 0.05835 0.70874 0.045166 0.736816 0.05835 0.706543 0.050781 0.765625 0.063721 0.826416 0.041504 0.763184 0.076172 0.765625 0.063721 0.763184 0.076172 0.736816 0.05835 0.763184 0.076172 0.826416 0.041504 0.775879 0.081543 0.706543 0.050781 0.736816 0.05835 0.733154 0.063721 0.706543 0.050781 0.733154 0.063721 0.713867 0.063232 0.733154 0.063721 0.736816 0.05835 0.763184 0.076172 0.763184 0.076172 0.775879 0.081543 0.77124 0.12085 0.733154 0.063721 0.763184 0.076172 0.751709 0.083984 0.763184 0.076172 0.77124 0.12085 0.759521 0.095459 0.763184 0.076172 0.759521 0.095459 0.751709 0.083984 0.751709 0.083984 0.759521 0.095459 0.756592 0.10498 0.560303 0.60083 0.559082 0.628174 0.536133 0.598633 0.536133 0.598633 0.559082 0.628174 0.512451 0.620361 0.512451 0.620361 0.559082 0.628174 0.55249 0.64502 0.536133 0.598633 0.512451 0.620361 0.523926 0.591553 0.536133 0.598633 0.523926 0.591553 0.560059 0.581299 0.535645 0.566162 0.588623 0.555176 0.560059 0.581299 0.535645 0.566162 0.560059 0.581299 0.513184 0.578613 0.513184 0.578613 0.560059 0.581299 0.523926 0.591553 0.535645 0.566162 0.513184 0.578613 0.514404 0.563477 0.513184 0.578613 0.523926 0.591553 0.449219 0.596191 0.449219 0.596191 0.523926 0.591553 0.512451 0.620361 0.514404 0.563477 0.513184 0.578613 0.472412 0.574707 0.472412 0.574707 0.513184 0.578613 0.449219 0.596191 0.514404 0.563477 0.472412 0.574707 0.476807 0.553223 0.514404 0.563477 0.476807 0.553223 0.516357 0.548096 0.516357 0.548096 0.476807 0.553223 0.499512 0.521729 0.499512 0.521729 0.476807 0.553223 0.444824 0.458984 0.444824 0.458984 0.476807 0.553223 0.418945 0.552246 0.418945 0.552246 0.476807 0.553223 0.472412 0.574707 0.444824 0.458984 0.418945 0.552246 0.372803 0.512207 0.372803 0.512207 0.418945 0.552246 0.390625 0.563477 0.418945 0.552246 0.472412 0.574707 0.419922 0.584473 0.419922 0.584473 0.472412 0.574707 0.449219 0.596191 0.390625 0.563477 0.418945 0.552246 0.400391 0.578857 0.400391 0.578857 0.418945 0.552246 0.419922 0.584473 0.390625 0.563477 0.400391 0.578857 0.381348 0.568115 0.381348 0.568115 0.400391 0.578857 0.380615 0.580566 0.400391 0.578857 0.419922 0.584473 0.393066 0.599365 0.393066 0.599365 0.419922 0.584473 0.449219 0.596191 0.400391 0.578857 0.393066 0.599365 0.369873 0.597412 0.393066 0.599365 0.449219 0.596191 0.422852 0.632324 0.393066 0.599365 0.422852 0.632324 0.374512 0.671143 0.374512 0.671143 0.422852 0.632324 0.391602 0.670654 0.422852 0.632324 0.449219 0.596191 0.512451 0.620361 0.391602 0.670654 0.422852 0.632324 0.421143 0.663818 0.391602 0.670654 0.421143 0.663818 0.393799 0.705078 0.422852 0.632324 0.512451 0.620361 0.449463 0.633545 0.422852 0.632324 0.449463 0.633545 0.421143 0.663818 0.393799 0.705078 0.421143 0.663818 0.401855 0.727295 0.449463 0.633545 0.512451 0.620361 0.467041 0.655029 0.449463 0.633545 0.467041 0.655029 0.421143 0.663818 0.401855 0.727295 0.421143 0.663818 0.433594 0.679443 0.433594 0.679443 0.421143 0.663818 0.467041 0.655029 0.401855 0.727295 0.433594 0.679443 0.473633 0.726074 0.467041 0.655029 0.512451 0.620361 0.513916 0.647217 0.513916 0.647217 0.512451 0.620361 0.55249 0.64502 0.513916 0.647217 0.55249 0.64502 0.551758 0.669922 0.513916 0.647217 0.551758 0.669922 0.520996 0.668213 0.524658 0.724121 0.473633 0.726074 0.520996 0.668213 0.467041 0.655029 0.513916 0.647217 0.486572 0.674316 0.486572 0.674316 0.513916 0.647217 0.520996 0.668213 0.486572 0.674316 0.520996 0.668213 0.473633 0.726074 0.467041 0.655029 0.486572 0.674316 0.433594 0.679443 0.433594 0.679443 0.486572 0.674316 0.473633 0.726074 0.557373 0.343994 0.540527 0.323242 0.561523 0.317627 0.561523 0.317627 0.540527 0.323242 0.528564 0.311279 0.528564 0.311279 0.540527 0.323242 0.532227 0.351318 0.561523 0.317627 0.528564 0.311279 0.527344 0.276367 0.561523 0.317627 0.527344 0.276367 0.571533 0.223877 0.561523 0.317627 0.571533 0.223877 0.664062 0.27417 0.664062 0.27417 0.571533 0.223877 0.662842 0.188965 0.571533 0.223877 0.527344 0.276367 0.541748 0.216797 0.571533 0.223877 0.541748 0.216797 0.555176 0.202393 0.555176 0.202393 0.541748 0.216797 0.540039 0.197754 0.541748 0.216797 0.527344 0.276367 0.512207 0.273682 0.540039 0.197754 0.541748 0.216797 0.529053 0.207275 0.529053 0.207275 0.541748 0.216797 0.512207 0.273682 0.529053 0.207275 0.512207 0.273682 0.498047 0.231201 0.529053 0.207275 0.498047 0.231201 0.51001 0.178223 0.51001 0.178223 0.498047 0.231201 0.489502 0.184326 0.489502 0.184326 0.498047 0.231201 0.482178 0.216309 0.482178 0.216309 0.498047 0.231201 0.455811 0.216309 0.489502 0.184326 0.482178 0.216309 0.458252 0.20752 0.489502 0.184326 0.458252 0.20752 0.456787 0.180908 0.857422 0.060791 0.930908 0.058105 0.934326 0.078857 0.934326 0.078857 0.930908 0.058105 0.947998 0.057861 0.934326 0.078857 0.947998 0.057861 0.950195 0.069092 0.934326 0.078857 0.950195 0.069092 0.96167 0.073486 0.337158 0.813232 0.311523 0.817627 0.346436 0.775391 0.337158 0.813232 0.346436 0.775391 0.376953 0.758301 0.337158 0.813232 0.376953 0.758301 0.394531 0.830811 0.394531 0.830811 0.376953 0.758301 0.42749 0.772461 0.510254 0.780273 0.42749 0.772461 0.443359 0.75293 0.443359 0.75293 0.42749 0.772461 0.395508 0.734131 0.395508 0.734131 0.42749 0.772461 0.376953 0.758301 0.376953 0.758301 0.346436 0.775391 0.369385 0.749512 0.376953 0.758301 0.369385 0.749512 0.395508 0.734131 0.395508 0.734131 0.369385 0.749512 0.387939 0.707275 0.369385 0.749512 0.346436 0.775391 0.348877 0.750244 0.387939 0.707275 0.369385 0.749512 0.359619 0.70166 0.359619 0.70166 0.369385 0.749512 0.348877 0.750244 0.359619 0.70166 0.348877 0.750244 0.308838 0.682617 0.506348 0.982178 0.494141 0.967529 0.539062 0.968018 0.506348 0.982178 0.539062 0.968018 0.54126 0.981445 0.54126 0.981445 0.539062 0.968018 0.564941 0.979004 0.564941 0.979004 0.539062 0.968018 0.562744 0.966553 0.562744 0.966553 0.539062 0.968018 0.53833 0.956055 0.53833 0.956055 0.539062 0.968018 0.494141 0.967529 0.562744 0.966553 0.53833 0.956055 0.565186 0.952637 0.562744 0.966553 0.565186 0.952637 0.590576 0.9646 0.53833 0.956055 0.494141 0.967529 0.514648 0.955322 0.479492 0.980957 0.494141 0.967529 0.506348 0.982178 0.514648 0.955322 0.494141 0.967529 0.49292 0.950928 0.494141 0.967529 0.479492 0.980957 0.480713 0.962646 0.494141 0.967529 0.480713 0.962646 0.49292 0.950928 0.480713 0.962646 0.479492 0.980957 0.464111 0.968506 0.480713 0.962646 0.464111 0.968506 0.49292 0.950928 0.081055 0.772461 0.069336 0.761963 0.126709 0.745117 0.081055 0.772461 0.126709 0.745117 0.116699 0.763916 0.126709 0.745117 0.069336 0.761963 0.104492 0.739746 0.104492 0.739746 0.069336 0.761963 0.064941 0.758789 0.104492 0.739746 0.064941 0.758789 0.082275 0.731445 0.116699 0.763916 0.126709 0.745117 0.140869 0.756104 0.116699 0.763916 0.140869 0.756104 0.117432 0.786621 0.117432 0.786621 0.140869 0.756104 0.139404 0.776123 0.139404 0.776123 0.140869 0.756104 0.167969 0.777832 0.139404 0.776123 0.167969 0.777832 0.145508 0.808105 0.140869 0.756104 0.126709 0.745117 0.168701 0.757812 0.168701 0.757812 0.126709 0.745117 0.18335 0.749756 0.18335 0.749756 0.126709 0.745117 0.146973 0.733154 0.146973 0.733154 0.126709 0.745117 0.104492 0.739746 0.146973 0.733154 0.104492 0.739746 0.112793 0.723389 0.112793 0.723389 0.104492 0.739746 0.082275 0.731445 0.146973 0.733154 0.112793 0.723389 0.155762 0.720703 0.146973 0.733154 0.155762 0.720703 0.17627 0.716309 0.155762 0.720703 0.112793 0.723389 0.138428 0.713135 0.155762 0.720703 0.138428 0.713135 0.179199 0.690674 0.179199 0.690674 0.138428 0.713135 0.132568 0.669922 0.138428 0.713135 0.112793 0.723389 0.103516 0.717041 0.103516 0.717041 0.112793 0.723389 0.082275 0.731445 0.132568 0.669922 0.138428 0.713135 0.101074 0.702881 0.101074 0.702881 0.138428 0.713135 0.103516 0.717041 0.132568 0.669922 0.101074 0.702881 0.0896 0.659912 0.132568 0.669922 0.0896 0.659912 0.111084 0.634277 0.101074 0.702881 0.103516 0.717041 0.095947 0.717041 0.095947 0.717041 0.103516 0.717041 0.082275 0.731445 0.0896 0.659912 0.101074 0.702881 0.083984 0.67334 0.083984 0.67334 0.101074 0.702881 0.095947 0.717041 0.0896 0.659912 0.083984 0.67334 0.073486 0.640137 0.073486 0.640137 0.083984 0.67334 0.066406 0.644531 0.066406 0.644531 0.083984 0.67334 0.061279 0.665771 0.061279 0.665771 0.083984 0.67334 0.079102 0.707031 0.079102 0.707031 0.083984 0.67334 0.095947 0.717041 0.061279 0.665771 0.079102 0.707031 0.070557 0.704346 0.085205 0.717529 0.095947 0.717041 0.082275 0.731445 0.095947 0.717041 0.085205 0.717529 0.079102 0.707031 0.085205 0.717529 0.082275 0.731445 0.073242 0.730469 0.070557 0.704346 0.079102 0.707031 0.071045 0.715576 0.071045 0.715576 0.079102 0.707031 0.085205 0.717529 0.085205 0.717529 0.073242 0.730469 0.066162 0.719971 0.085205 0.717529 0.066162 0.719971 0.071045 0.715576 0.071045 0.715576 0.066162 0.719971 0.061279 0.717041 0.071045 0.715576 0.061279 0.717041 0.070068 0.713135 0.048096 0.251221 0.031982 0.251221 0.050049 0.221924 0.050049 0.221924 0.031982 0.251221 0.036621 0.2146 0.036621 0.2146 0.031982 0.251221 0.015869 0.252686 0.036621 0.2146 0.015869 0.252686 0.008057 0.248779 0.036621 0.2146 0.008057 0.248779 0.030273 0.202637 0.030273 0.202637 0.008057 0.248779 0 0.227539 0.030273 0.202637 0 0.227539 0.015625 0.193115 0.030273 0.202637 0.015625 0.193115 0.037842 0.188721 0.030273 0.202637 0.037842 0.188721 0.050537 0.192139 0.630859 0.104736 0.587891 0.075928 0.609375 0.065918 0.609375 0.065918 0.587891 0.075928 0.592773 0.030273 0.630859 0.104736 0.609375 0.065918 0.678955 0.077637 0.678955 0.077637 0.609375 0.065918 0.592773 0.030273 0.678955 0.077637 0.592773 0.030273 0.667236 0.023926 0.678955 0.077637 0.667236 0.023926 0.697266 0.048096 0.813232 0.656738 0.829346 0.657959 0.830322 0.663086 0.813232 0.656738 0.830322 0.663086 0.790039 0.699707 0.790039 0.699707 0.830322 0.663086 0.856201 0.712891 0.790039 0.699707 0.856201 0.712891 0.806641 0.80542 0.790039 0.699707 0.806641 0.80542 0.763672 0.733643 0.790039 0.699707 0.763672 0.733643 0.770996 0.688477 0.790039 0.699707 0.770996 0.688477 0.764404 0.67334 0.790039 0.699707 0.764404 0.67334 0.775879 0.666504 0.790039 0.699707 0.775879 0.666504 0.813232 0.656738 0.817627 0.641357 0.829346 0.657959 0.813232 0.656738 0.817627 0.641357 0.813232 0.656738 0.80542 0.63623 0.843506 0.648682 0.829346 0.657959 0.854248 0.599854 0.854248 0.599854 0.829346 0.657959 0.829102 0.647705 0.829102 0.647705 0.829346 0.657959 0.817627 0.641357 0.829102 0.647705 0.817627 0.641357 0.854248 0.599854 0.854248 0.599854 0.817627 0.641357 0.841064 0.597168 0.817627 0.641357 0.80542 0.63623 0.812012 0.626709 0.817627 0.641357 0.812012 0.626709 0.841064 0.597168 0.812012 0.626709 0.80542 0.63623 0.815918 0.594727 0.812012 0.626709 0.815918 0.594727 0.841064 0.597168 0.187256 0.494873 0.186523 0.503418 0.171387 0.501221 0.186523 0.503418 0.187256 0.494873 0.204834 0.507568 0.171387 0.501221 0.186523 0.503418 0.170654 0.516846 0.171387 0.501221 0.170654 0.516846 0.124023 0.522705 0.124023 0.522705 0.170654 0.516846 0.134277 0.554932 0.170654 0.516846 0.186523 0.503418 0.178955 0.528076 0.170654 0.516846 0.178955 0.528076 0.134277 0.554932 0.186523 0.503418 0.204834 0.507568 0.207275 0.520264 0.186523 0.503418 0.207275 0.520264 0.178955 0.528076 0.207275 0.520264 0.204834 0.507568 0.260254 0.546387 0.207275 0.520264 0.260254 0.546387 0.269287 0.563721 0.207275 0.520264 0.269287 0.563721 0.210693 0.546875 0.207275 0.520264 0.210693 0.546875 0.178955 0.528076 0.210693 0.546875 0.269287 0.563721 0.257324 0.57251 0.254639 0.580322 0.236572 0.581299 0.257324 0.57251 0.257324 0.57251 0.236572 0.581299 0.210693 0.546875 0.154785 0.563721 0.134277 0.554932 0.178955 0.528076 0.134277 0.554932 0.154785 0.563721 0.123291 0.568359 0.178955 0.528076 0.210693 0.546875 0.182373 0.546875 0.178955 0.528076 0.182373 0.546875 0.154785 0.563721 0.210693 0.546875 0.236572 0.581299 0.202148 0.596191 0.202148 0.596191 0.236572 0.581299 0.229248 0.594238 0.202148 0.596191 0.229248 0.594238 0.229736 0.611084 0.202148 0.596191 0.229736 0.611084 0.236084 0.637695 0.202148 0.596191 0.236084 0.637695 0.201172 0.652588 0.202148 0.596191 0.201172 0.652588 0.169434 0.613037 0.169434 0.613037 0.201172 0.652588 0.188232 0.687012 0.169434 0.613037 0.188232 0.687012 0.146973 0.66748 0.12207 0.596924 0.123291 0.568359 0.169434 0.613037 0.169434 0.613037 0.123291 0.568359 0.154785 0.563721 0.169434 0.613037 0.154785 0.563721 0.202148 0.596191 0.202148 0.596191 0.154785 0.563721 0.185791 0.57251 0.202148 0.596191 0.185791 0.57251 0.210693 0.546875 0.185791 0.57251 0.154785 0.563721 0.171875 0.561035 0.171875 0.561035 0.154785 0.563721 0.182373 0.546875 0.19165 0.558594 0.182373 0.546875 0.210693 0.546875 0.182373 0.546875 0.19165 0.558594 0.171875 0.561035 0.19165 0.558594 0.210693 0.546875 0.185791 0.57251 0.185791 0.57251 0.171875 0.561035 0.183594 0.565674 0.185791 0.57251 0.183594 0.565674 0.19165 0.558594 0.19165 0.558594 0.183594 0.565674 0.171875 0.561035 0.856934 0.366699 0.825439 0.379883 0.821533 0.373779 0.792725 0.364746 0.821533 0.373779 0.804932 0.373535 0.804932 0.373535 0.821533 0.373779 0.825439 0.379883 0.804932 0.373535 0.825439 0.379883 0.799561 0.376709 0.799561 0.376709 0.825439 0.379883 0.834961 0.384521 0.799561 0.376709 0.834961 0.384521 0.807617 0.386963 0.825439 0.379883 0.856934 0.366699 0.855225 0.371338 0.825439 0.379883 0.855225 0.371338 0.834961 0.384521 0.855225 0.371338 0.856934 0.366699 0.876465 0.371338 0.876465 0.371338 0.856934 0.366699 0.874756 0.368652 0.834961 0.384521 0.855225 0.371338 0.867432 0.37915 0.855225 0.371338 0.876465 0.371338 0.873535 0.377686 0.855225 0.371338 0.873535 0.377686 0.867432 0.37915 0.856689 0.415527 0.807617 0.386963 0.834961 0.384521 0.856689 0.415527 0.834961 0.384521 0.867432 0.37915 0.807617 0.386963 0.856689 0.415527 0.810059 0.412354 0.856689 0.415527 0.867432 0.37915 0.873535 0.377686 0.873535 0.377686 0.876465 0.371338 0.882812 0.368652 0.856689 0.415527 0.873535 0.377686 0.879883 0.393555 0.856689 0.415527 0.879883 0.393555 0.890381 0.438477 0.856689 0.415527 0.890381 0.438477 0.880127 0.480469 0.879883 0.393555 0.873535 0.377686 0.896484 0.39917 0.879883 0.393555 0.896484 0.39917 0.890381 0.438477 0.896484 0.39917 0.873535 0.377686 0.882812 0.368652 0.890381 0.438477 0.896484 0.39917 0.922119 0.427002 0.896484 0.39917 0.882812 0.368652 0.90625 0.373291 0.90625 0.373291 0.882812 0.368652 0.912598 0.366211 0.912598 0.366211 0.882812 0.368652 0.926514 0.329102 0.389404 0.018799 0.468018 0.018799 0.451904 0.067383 0.062256 0.96167 0.039307 0.966553 0.067139 0.892334 0.112549 0.259277 0.119385 0.265625 0.110352 0.275391 0.110352 0.275391 0.119385 0.265625 0.118408 0.27417 0.118408 0.27417 0.119385 0.265625 0.13208 0.269775 0.118408 0.27417 0.13208 0.269775 0.130127 0.283691 0.110352 0.275391 0.118408 0.27417 0.114258 0.310547 0.114258 0.310547 0.118408 0.27417 0.130127 0.283691 0.110352 0.275391 0.114258 0.310547 0.055908 0.327637 0.114258 0.310547 0.130127 0.283691 0.147461 0.299805 0.055908 0.327637 0.114258 0.310547 0.076172 0.354248 0.114258 0.310547 0.147461 0.299805 0.138428 0.334961 0.114258 0.310547 0.138428 0.334961 0.076172 0.354248 0.076172 0.354248 0.138428 0.334961 0.081299 0.408203 0.081299 0.408203 0.138428 0.334961 0.185547 0.384033 0.636963 0.110107 0.668213 0.101807 0.67041 0.111572 0.67041 0.111572 0.668213 0.101807 0.676025 0.099854 0.67041 0.111572 0.676025 0.099854 0.681396 0.104004 0.67041 0.111572 0.681396 0.104004 0.681641 0.123779 0.636963 0.110107 0.67041 0.111572 0.656006 0.155273 0.656006 0.155273 0.67041 0.111572 0.681641 0.123779 0.636963 0.110107 0.656006 0.155273 0.585205 0.107178 0.656006 0.155273 0.681641 0.123779 0.677734 0.181641 0.656006 0.155273 0.677734 0.181641 0.685547 0.230469 0.991455 0.960938 0.905273 0.969971 0.98999 0.902588 0.065918 0.865234 0.036133 0.956787 0.020752 0.893066 0.151123 0.040771 0.141113 0.053711 0.134033 0.039795 0.134033 0.039795 0.141113 0.053711 0.121582 0.049805 0.151123 0.040771 0.134033 0.039795 0.131348 0.028564 0.131348 0.028564 0.134033 0.039795 0.121582 0.049805 0.151123 0.040771 0.131348 0.028564 0.155273 0.029785 0.155273 0.029785 0.131348 0.028564 0.141846 0.018799 0.151123 0.040771 0.155273 0.029785 0.16748 0.053955 0.16748 0.053955 0.155273 0.029785 0.172119 0.033691 0.151123 0.040771 0.16748 0.053955 0.148438 0.064209 0.151123 0.040771 0.148438 0.064209 0.141113 0.053711 0.148438 0.064209 0.16748 0.053955 0.161377 0.081055 0.148438 0.064209 0.161377 0.081055 0.133057 0.082031 0.141113 0.053711 0.148438 0.064209 0.129639 0.065186 0.129639 0.065186 0.148438 0.064209 0.133057 0.082031 0.141113 0.053711 0.129639 0.065186 0.121582 0.049805 0.129639 0.065186 0.133057 0.082031 0.098389 0.072021 0.129639 0.065186 0.098389 0.072021 0.121582 0.049805 0.098389 0.072021 0.133057 0.082031 0.100098 0.089111 0.098389 0.072021 0.100098 0.089111 0.077637 0.076904 0.098389 0.072021 0.077637 0.076904 0.082764 0.054932 0.098389 0.072021 0.082764 0.054932 0.121582 0.049805 0.121582 0.049805 0.082764 0.054932 0.10791 0.036133 0.121582 0.049805 0.10791 0.036133 0.131348 0.028564 0.10791 0.036133 0.082764 0.054932 0.07666 0.041992 0.131348 0.028564 0.10791 0.036133 0.104492 0.017822 0.10791 0.036133 0.07666 0.041992 0.080322 0.023926 0.10791 0.036133 0.080322 0.023926 0.104492 0.017822 0.000244 0.585449 0.052246 0.585449 0.050049 0.629639 0.968018 0.402588 0.929443 0.409424 0.925781 0.401123 0.034668 0.989746 0.026367 0.976318 0.043213 0.993408 0.034668 0.989746 0.043213 0.993408 0.020752 0.993896 0.776611 0.769287 0.711914 0.830322 0.687988 0.727051 0.687988 0.727051 0.711914 0.830322 0.635254 0.77417 0.635254 0.77417 0.711914 0.830322 0.621338 0.833252 0.687988 0.727051 0.635254 0.77417 0.624023 0.752686 0.687988 0.727051 0.624023 0.752686 0.673828 0.701904 0.673828 0.701904 0.624023 0.752686 0.595947 0.741699 0.624023 0.752686 0.635254 0.77417 0.608154 0.765625 0.624023 0.752686 0.608154 0.765625 0.595947 0.741699 0.635254 0.77417 0.621338 0.833252 0.617676 0.784912 0.635254 0.77417 0.617676 0.784912 0.608154 0.765625 0.617676 0.784912 0.621338 0.833252 0.604736 0.791992 0.595947 0.741699 0.608154 0.765625 0.570557 0.767578 0.595947 0.741699 0.570557 0.767578 0.530273 0.724854 0.530273 0.724854 0.570557 0.767578 0.52832 0.745117 0.52832 0.745117 0.570557 0.767578 0.517822 0.756836 0.517822 0.756836 0.570557 0.767578 0.592041 0.79541 0.602295 0.787598 0.604736 0.791992 0.592041 0.79541 0.570557 0.767578 0.608154 0.765625 0.594971 0.776855 0.570557 0.767578 0.594971 0.776855 0.592041 0.79541 0.594971 0.776855 0.608154 0.765625 0.60376 0.773682 0.592041 0.79541 0.594971 0.776855 0.600342 0.78125 0.592041 0.79541 0.600342 0.78125 0.602295 0.787598 0.600342 0.78125 0.594971 0.776855 0.60376 0.773682 0.604736 0.791992 0.602295 0.787598 0.607422 0.785889 0.607422 0.785889 0.602295 0.787598 0.600342 0.78125 0.604736 0.791992 0.607422 0.785889 0.617676 0.784912 0.600342 0.78125 0.60376 0.773682 0.608398 0.778564 0.600342 0.78125 0.608398 0.778564 0.607422 0.785889 0.608398 0.778564 0.60376 0.773682 0.608154 0.765625 0.607422 0.785889 0.608398 0.778564 0.617676 0.784912 0.617676 0.784912 0.608398 0.778564 0.608154 0.765625 0.285156 0.962646 0.2854 0.94165 0.294434 0.94751 0.285156 0.962646 0.294434 0.94751 0.306641 0.960693 0.2854 0.94165 0.285156 0.962646 0.256348 0.939209 0.216309 0.929199 0.194336 0.912598 0.256348 0.939209 0.256348 0.939209 0.285156 0.962646 0.251709 0.94873 0.256348 0.939209 0.251709 0.94873 0.216309 0.929199 0.251709 0.94873 0.285156 0.962646 0.269287 0.969727 0.269287 0.969727 0.285156 0.962646 0.290771 0.974121 0.216309 0.929199 0.251709 0.94873 0.23584 0.950195 0.23584 0.950195 0.251709 0.94873 0.269287 0.969727 0.216309 0.929199 0.23584 0.950195 0.20874 0.937988 0.23584 0.950195 0.269287 0.969727 0.256104 0.982422 0.20874 0.937988 0.23584 0.950195 0.202637 0.977539 0.202637 0.977539 0.23584 0.950195 0.256104 0.982422 0.954834 0.71582 0.963867 0.714111 0.966309 0.738525 0.966309 0.738525 0.963867 0.714111 0.995605 0.736328 0.954834 0.71582 0.966309 0.738525 0.967285 0.756104 0.612793 0.54541 0.614014 0.52124 0.635986 0.528809 0.635986 0.528809 0.614014 0.52124 0.668945 0.439453 0.614014 0.52124 0.612793 0.54541 0.599854 0.537598 0.614014 0.52124 0.599854 0.537598 0.599365 0.516113 0.614014 0.52124 0.599365 0.516113 0.589355 0.483398 0.589355 0.483398 0.599365 0.516113 0.568848 0.473877 0.612793 0.54541 0.635986 0.528809 0.622559 0.55249 0.622559 0.55249 0.635986 0.528809 0.655273 0.564453 0.622559 0.55249 0.655273 0.564453 0.625977 0.563232 0.612793 0.54541 0.622559 0.55249 0.611328 0.567139 0.611328 0.567139 0.622559 0.55249 0.625977 0.563232 0.625977 0.563232 0.655273 0.564453 0.651367 0.582031 0.625977 0.563232 0.651367 0.582031 0.611328 0.567139 0.612793 0.54541 0.611328 0.567139 0.589111 0.536377 0.589111 0.536377 0.611328 0.567139 0.599365 0.571533 0.611328 0.567139 0.651367 0.582031 0.61377 0.583008 0.599365 0.571533 0.611328 0.567139 0.609131 0.588623 0.609131 0.588623 0.611328 0.567139 0.61377 0.583008 0.61377 0.583008 0.651367 0.582031 0.63916 0.595215 0.61377 0.583008 0.63916 0.595215 0.609131 0.588623 0.63916 0.595215 0.651367 0.582031 0.670898 0.599854 0.63916 0.595215 0.670898 0.599854 0.68042 0.61792 0.599365 0.571533 0.609131 0.588623 0.593018 0.587646 0.599365 0.571533 0.593018 0.587646 0.592529 0.579346 0.593018 0.587646 0.609131 0.588623 0.621826 0.60376 0.593018 0.587646 0.621826 0.60376 0.59375 0.603516 0.609131 0.588623 0.63916 0.595215 0.637207 0.603027 0.637207 0.603027 0.63916 0.595215 0.68042 0.61792 0.609131 0.588623 0.637207 0.603027 0.621826 0.60376 0.637207 0.603027 0.68042 0.61792 0.677002 0.624512 0.59375 0.603516 0.621826 0.60376 0.597656 0.609619 0.637207 0.603027 0.677002 0.624512 0.663086 0.625977 0.637207 0.603027 0.663086 0.625977 0.621826 0.60376 0.663086 0.625977 0.677002 0.624512 0.678223 0.636963 0.597656 0.609619 0.621826 0.60376 0.628662 0.61792 0.628662 0.61792 0.621826 0.60376 0.663086 0.625977 0.663086 0.625977 0.678223 0.636963 0.663086 0.634766 0.663086 0.625977 0.663086 0.634766 0.628662 0.61792 0.663086 0.634766 0.678223 0.636963 0.674805 0.652832 0.663086 0.634766 0.674805 0.652832 0.652588 0.653809 0.663086 0.634766 0.652588 0.653809 0.628662 0.61792 0.652588 0.653809 0.674805 0.652832 0.662109 0.699951 0.652588 0.653809 0.662109 0.699951 0.651123 0.703125 0.628662 0.61792 0.652588 0.653809 0.613037 0.645264 0.613037 0.645264 0.652588 0.653809 0.651123 0.703125 0.628662 0.61792 0.613037 0.645264 0.597656 0.609619 0.613037 0.645264 0.651123 0.703125 0.610352 0.720947 0.597656 0.609619 0.613037 0.645264 0.579346 0.623291 0.613037 0.645264 0.610352 0.720947 0.575684 0.664551 0.613037 0.645264 0.575684 0.664551 0.579346 0.623291 0.575684 0.664551 0.610352 0.720947 0.560791 0.711182 0.579346 0.623291 0.575684 0.664551 0.558105 0.649414 0.155518 0.870117 0.176025 0.854248 0.179932 0.858887 0.155518 0.870117 0.179932 0.858887 0.209473 0.856201 0.155518 0.870117 0.209473 0.856201 0.157471 0.876709 0.209473 0.856201 0.179932 0.858887 0.199219 0.850342 0.199219 0.850342 0.179932 0.858887 0.176025 0.854248 0.227051 0.849854 0.239258 0.857422 0.209473 0.856201 0.227051 0.849854 0.209473 0.856201 0.199219 0.850342 0.227051 0.849854 0.199219 0.850342 0.214844 0.845947 0.214844 0.845947 0.199219 0.850342 0.19165 0.776855 0.19165 0.776855 0.199219 0.850342 0.173096 0.794678 0.173096 0.794678 0.199219 0.850342 0.176025 0.854248 0.173096 0.794678 0.176025 0.854248 0.1521 0.813965 0.144287 0.852539 0.176025 0.854248 0.155518 0.870117 0.176025 0.854248 0.144287 0.852539 0.1521 0.813965 0.1521 0.813965 0.144287 0.852539 0.093994 0.807861 0.144287 0.852539 0.155518 0.870117 0.145508 0.871338 0.093994 0.807861 0.144287 0.852539 0.119141 0.848389 0.119141 0.848389 0.144287 0.852539 0.145508 0.871338 0.119141 0.848389 0.145508 0.871338 0.133057 0.881348 0.119141 0.848389 0.133057 0.881348 0.112549 0.868408 0.112549 0.868408 0.133057 0.881348 0.102051 0.882812 0.119141 0.848389 0.112549 0.868408 0.084961 0.861816 0.084961 0.861816 0.112549 0.868408 0.102051 0.882812 0.965332 0.662354 0.959717 0.612549 1 0.566895 1 0.566895 0.959717 0.612549 0.963623 0.557373 0.963623 0.557373 0.959717 0.612549 0.930908 0.596924 0.963623 0.557373 0.930908 0.596924 0.946777 0.549561 0.250977 0.314453 0.248047 0.297363 0.285645 0.296387 0.285645 0.296387 0.248047 0.297363 0.270264 0.234375 0.270264 0.234375 0.248047 0.297363 0.229004 0.222168 0.270264 0.234375 0.229004 0.222168 0.246094 0.214355 0.246094 0.214355 0.229004 0.222168 0.236084 0.210938 0.236084 0.210938 0.229004 0.222168 0.219482 0.200928 0.285645 0.296387 0.270264 0.234375 0.322021 0.234863 0.322021 0.234863 0.270264 0.234375 0.314209 0.193604 0.250977 0.314453 0.285645 0.296387 0.325195 0.306396 0.250977 0.314453 0.325195 0.306396 0.246338 0.326172 0.246338 0.326172 0.325195 0.306396 0.268799 0.33667 0.268799 0.33667 0.325195 0.306396 0.32666 0.325928 0.268799 0.33667 0.32666 0.325928 0.280273 0.356934 0.280273 0.356934 0.32666 0.325928 0.324707 0.352539 0.324707 0.352539 0.32666 0.325928 0.336426 0.377197 0.325195 0.306396 0.285645 0.296387 0.369629 0.269287 0.369629 0.269287 0.285645 0.296387 0.322021 0.234863 0.369629 0.269287 0.322021 0.234863 0.364746 0.235352 0.369629 0.269287 0.364746 0.235352 0.378418 0.237061 0.378418 0.237061 0.364746 0.235352 0.38208 0.216309 0.378418 0.237061 0.38208 0.216309 0.401367 0.229248 0.378418 0.237061 0.401367 0.229248 0.390381 0.246826 0.378418 0.237061 0.390381 0.246826 0.369629 0.269287 0.369629 0.269287 0.390381 0.246826 0.39502 0.263916 0.368896 0.212891 0.35791 0.190918 0.374268 0.182861 0.368896 0.212891 0.374268 0.182861 0.401367 0.208008 0.401367 0.208008 0.374268 0.182861 0.404541 0.193359 0.404541 0.193359 0.374268 0.182861 0.39209 0.181396 0.404541 0.193359 0.39209 0.181396 0.419678 0.18457 0.374268 0.182861 0.35791 0.190918 0.349609 0.145752 0.39209 0.181396 0.374268 0.182861 0.383545 0.158203 0.39209 0.181396 0.383545 0.158203 0.405762 0.144043 0.39209 0.181396 0.405762 0.144043 0.419678 0.18457 0.383545 0.158203 0.374268 0.182861 0.376709 0.150635 0.376709 0.150635 0.374268 0.182861 0.349609 0.145752 0.405762 0.144043 0.383545 0.158203 0.384521 0.13208 0.384521 0.13208 0.383545 0.158203 0.376709 0.150635 0.450195 0.185059 0.428467 0.198486 0.419678 0.18457 0.450195 0.185059 0.419678 0.18457 0.431641 0.173828 0.450195 0.185059 0.431641 0.173828 0.443848 0.125488 0.431641 0.173828 0.419678 0.18457 0.427002 0.144043 0.431641 0.173828 0.427002 0.144043 0.443848 0.125488 0.427002 0.144043 0.419678 0.18457 0.405762 0.144043 0.443848 0.125488 0.427002 0.144043 0.414062 0.121094 0.427002 0.144043 0.405762 0.144043 0.401611 0.120605 0.427002 0.144043 0.401611 0.120605 0.414062 0.121094 0.401611 0.120605 0.405762 0.144043 0.384521 0.13208 0.443848 0.125488 0.414062 0.121094 0.419678 0.099609 0.419678 0.099609 0.414062 0.121094 0.401611 0.120605 0.443848 0.125488 0.419678 0.099609 0.448975 0.084473 0.419678 0.099609 0.401611 0.120605 0.386719 0.108643 0.386719 0.108643 0.401611 0.120605 0.384521 0.13208 0.419678 0.099609 0.386719 0.108643 0.431152 0.083496 0.431152 0.083496 0.386719 0.108643 0.348633 0.0896 0.386719 0.108643 0.384521 0.13208 0.364502 0.115967 0.386719 0.108643 0.364502 0.115967 0.348633 0.0896 0.348633 0.0896 0.364502 0.115967 0.337646 0.085449 0.364502 0.115967 0.384521 0.13208 0.376709 0.150635 0.337646 0.085449 0.364502 0.115967 0.335205 0.090088 0.364502 0.115967 0.376709 0.150635 0.365234 0.127441 0.365234 0.127441 0.376709 0.150635 0.349609 0.145752 0.365234 0.127441 0.349609 0.145752 0.364502 0.115967 0.335205 0.090088 0.364502 0.115967 0.349854 0.122559 0.349854 0.122559 0.364502 0.115967 0.349609 0.145752 0.335205 0.090088 0.349854 0.122559 0.321777 0.100098 0.321777 0.100098 0.349854 0.122559 0.33667 0.125732 0.321777 0.100098 0.33667 0.125732 0.306152 0.11084 0.306152 0.11084 0.33667 0.125732 0.31958 0.133301 0.33667 0.125732 0.349854 0.122559 0.336914 0.140381 0.33667 0.125732 0.336914 0.140381 0.31958 0.133301 0.336914 0.140381 0.349854 0.122559 0.349609 0.145752 0.31958 0.133301 0.336914 0.140381 0.335693 0.163574 0.335693 0.163574 0.336914 0.140381 0.349609 0.145752 0.285156 0.147949 0.31958 0.133301 0.318848 0.1604 0.318848 0.1604 0.31958 0.133301 0.335693 0.163574 0.318848 0.1604 0.335693 0.163574 0.321533 0.166748 0.335693 0.163574 0.349609 0.145752 0.342041 0.184326 0.342041 0.184326 0.349609 0.145752 0.35791 0.190918 0.342041 0.184326 0.35791 0.190918 0.324463 0.213623 0.342041 0.184326 0.324463 0.213623 0.321289 0.189209 0.335693 0.163574 0.342041 0.184326 0.319824 0.176514 0.335693 0.163574 0.319824 0.176514 0.321533 0.166748 0.319824 0.176514 0.342041 0.184326 0.321289 0.189209 0.321533 0.166748 0.319824 0.176514 0.313721 0.176758 0.313721 0.176758 0.319824 0.176514 0.321289 0.189209 0.313721 0.176758 0.321289 0.189209 0.310303 0.1875 0.799316 0.865723 0.757324 0.824463 0.815918 0.84082 0.799316 0.865723 0.815918 0.84082 0.817871 0.85791 0.815918 0.84082 0.757324 0.824463 0.807373 0.813232 0.817871 0.85791 0.815918 0.84082 0.826172 0.851562 0.815918 0.84082 0.807373 0.813232 0.821289 0.828125 0.815918 0.84082 0.821289 0.828125 0.826172 0.851562 0.821289 0.828125 0.807373 0.813232 0.824707 0.816406 0.821289 0.828125 0.824707 0.816406 0.826172 0.851562 0.824707 0.816406 0.807373 0.813232 0.840332 0.787598 0.83374 0.882568 0.823242 0.855957 0.826172 0.851562 0.83374 0.882568 0.826172 0.851562 0.860107 0.849854 0.860107 0.849854 0.826172 0.851562 0.824707 0.816406 0.824707 0.816406 0.840332 0.787598 0.858887 0.827393 0.824707 0.816406 0.858887 0.827393 0.860107 0.849854 0.858887 0.827393 0.840332 0.787598 0.877441 0.793945 0.858887 0.827393 0.877441 0.793945 0.860107 0.849854 0.877441 0.793945 0.840332 0.787598 0.86377 0.745117 0.877441 0.793945 0.86377 0.745117 0.878418 0.752441 0.877441 0.793945 0.878418 0.752441 0.901611 0.842285 0.877441 0.793945 0.901611 0.842285 0.899414 0.863037 0.877441 0.793945 0.899414 0.863037 0.860107 0.849854 0.860107 0.849854 0.899414 0.863037 0.893555 0.880371 0.361328 0.44873 0.362061 0.462646 0.307373 0.462158 0.362061 0.462646 0.361328 0.44873 0.405518 0.444092 0.307373 0.462158 0.362061 0.462646 0.309326 0.490234 0.307373 0.462158 0.309326 0.490234 0.278564 0.491455 0.278564 0.491455 0.309326 0.490234 0.287109 0.515869 0.278564 0.491455 0.287109 0.515869 0.231934 0.514648 0.278564 0.491455 0.231934 0.514648 0.233154 0.486328 0.278564 0.491455 0.233154 0.486328 0.22876 0.444336 0.278564 0.491455 0.22876 0.444336 0.307373 0.462158 0.307373 0.462158 0.22876 0.444336 0.289551 0.440674 0.147705 0.1875 0.143799 0.198975 0.116455 0.190186 0.116455 0.190186 0.143799 0.198975 0.12085 0.203613 0.147705 0.1875 0.116455 0.190186 0.116211 0.179932 0.12085 0.203613 0.143799 0.198975 0.105713 0.222412 0.105713 0.222412 0.143799 0.198975 0.115479 0.240479 0.105713 0.222412 0.115479 0.240479 0.077393 0.220459 0.12085 0.203613 0.105713 0.222412 0.085449 0.207764 0.12085 0.203613 0.085449 0.207764 0.116455 0.190186 0.085449 0.207764 0.105713 0.222412 0.077393 0.220459 0.085449 0.207764 0.077393 0.220459 0.073486 0.206299 0.073486 0.206299 0.077393 0.220459 0.054688 0.228516 0.116455 0.190186 0.085449 0.207764 0.082764 0.19043 0.082764 0.19043 0.085449 0.207764 0.073486 0.206299 0.116455 0.190186 0.082764 0.19043 0.116211 0.179932 0.082764 0.19043 0.073486 0.206299 0.050781 0.207764 0.082764 0.19043 0.050781 0.207764 0.069336 0.188477 0.082764 0.19043 0.069336 0.188477 0.116211 0.179932 0.116211 0.179932 0.069336 0.188477 0.080811 0.150879 0.116211 0.179932 0.080811 0.150879 0.117432 0.156738 0.14917 0.154053 0.147705 0.1875 0.116211 0.179932 0.14917 0.154053 0.116211 0.179932 0.117432 0.156738 0.117432 0.156738 0.080811 0.150879 0.115234 0.137451 0.117432 0.156738 0.115234 0.137451 0.14917 0.154053 0.115234 0.137451 0.080811 0.150879 0.080811 0.119385 0.115234 0.137451 0.080811 0.119385 0.118164 0.11084 0.115234 0.137451 0.118164 0.11084 0.14917 0.154053 0.118164 0.11084 0.080811 0.119385 0.072998 0.083496 0.14917 0.154053 0.118164 0.11084 0.150635 0.127441 0.14917 0.154053 0.150635 0.127441 0.15918 0.125977 0.14917 0.154053 0.15918 0.125977 0.164307 0.142822 0.14917 0.154053 0.164307 0.142822 0.22583 0.142578 0.117188 0.929443 0.131348 0.923096 0.134033 0.954346 0.134033 0.954346 0.131348 0.923096 0.144531 0.939209 0.117188 0.929443 0.134033 0.954346 0.121094 0.952148 0.117188 0.929443 0.121094 0.952148 0.080566 0.954834 0.134033 0.954346 0.144531 0.939209 0.144531 0.972412 0.144531 0.972412 0.144531 0.939209 0.15332 0.976074 0.134033 0.954346 0.144531 0.972412 0.128662 0.974121 0.15332 0.976074 0.144531 0.939209 0.154541 0.939697 0.15332 0.976074 0.154541 0.939697 0.160156 0.978271 0.15332 0.976074 0.160156 0.978271 0.163574 0.986328 0.117676 0.966309 0.121094 0.952148 0.134033 0.954346 0.117676 0.966309 0.134033 0.954346 0.128662 0.974121 0.121094 0.952148 0.117676 0.966309 0.080566 0.954834 0.117676 0.966309 0.128662 0.974121 0.100342 0.982422 0.117676 0.966309 0.100342 0.982422 0.080566 0.954834 0.080566 0.954834 0.100342 0.982422 0.071533 0.984131 0.164551 0.9646 0.160156 0.978271 0.154541 0.939697 0.160156 0.978271 0.164551 0.9646 0.171631 0.979492 0.164551 0.9646 0.154541 0.939697 0.16333 0.932617 0.171631 0.979492 0.164551 0.9646 0.1875 0.967285 0.1875 0.967285 0.164551 0.9646 0.16333 0.932617 0.964355 0.704102 0.944092 0.710693 0.955566 0.628662 0.955566 0.628662 0.944092 0.710693 0.841309 0.665039 0.900635 0.761475 0.914062 0.757568 0.904053 0.825928 0.914062 0.757568 0.900635 0.761475 0.879883 0.738525 0.914062 0.757568 0.879883 0.738525 0.909424 0.73291 0.909424 0.73291 0.879883 0.738525 0.874756 0.729004 0.914062 0.757568 0.909424 0.73291 0.931396 0.752197 0.909424 0.73291 0.874756 0.729004 0.86084 0.709473 0.931396 0.752197 0.909424 0.73291 0.937744 0.715332 0.909424 0.73291 0.86084 0.709473 0.897949 0.703857 0.909424 0.73291 0.897949 0.703857 0.937744 0.715332 0.056885 0.630615 0.056885 0.585449 0.161133 0.61792 0.746338 0.11792 0.790039 0.135986 0.725098 0.142334 0.71167 0.149658 0.725098 0.142334 0.692627 0.257568 0.746338 0.11792 0.725098 0.142334 0.716553 0.109619 0.725098 0.142334 0.71167 0.149658 0.703125 0.108887 0.725098 0.142334 0.703125 0.108887 0.716553 0.109619 0.746338 0.11792 0.716553 0.109619 0.74292 0.103516 0.74292 0.103516 0.716553 0.109619 0.72168 0.102295 0.74292 0.103516 0.72168 0.102295 0.725098 0.088379 0.72168 0.102295 0.716553 0.109619 0.683594 0.082764 0.683594 0.082764 0.716553 0.109619 0.68457 0.089844 0.68457 0.089844 0.716553 0.109619 0.703125 0.108887 0.68457 0.089844 0.703125 0.108887 0.678955 0.090088 0.678955 0.090088 0.703125 0.108887 0.702393 0.118164 0.348145 0.850586 0.282471 0.878662 0.287598 0.813965 0.287598 0.813965 0.282471 0.878662 0.255615 0.855469 0.282471 0.878662 0.348145 0.850586 0.330322 0.941162 0.330322 0.941162 0.348145 0.850586 0.368408 0.843018 0.282471 0.878662 0.330322 0.941162 0.269287 0.92334 0.282471 0.878662 0.269287 0.92334 0.255615 0.855469 0.255615 0.855469 0.269287 0.92334 0.25 0.886719 0.255615 0.855469 0.25 0.886719 0.245605 0.835449 0.245605 0.835449 0.25 0.886719 0.244141 0.868164 0.244141 0.868164 0.25 0.886719 0.21875 0.916016 0.244141 0.868164 0.21875 0.916016 0.205811 0.889404 0.933838 0.286377 0.947266 0.351562 0.929688 0.308838 0.933838 0.286377 0.929688 0.308838 0.911621 0.294678 0.911621 0.294678 0.929688 0.308838 0.931152 0.325195 0.911621 0.294678 0.931152 0.325195 0.900391 0.305176 0.933838 0.286377 0.911621 0.294678 0.928467 0.267822 0.933838 0.286377 0.928467 0.267822 0.970703 0.249268 0.970703 0.249268 0.928467 0.267822 0.971924 0.237793 0.971924 0.237793 0.928467 0.267822 0.935791 0.238281 0.935791 0.238281 0.928467 0.267822 0.878418 0.235596 0.935791 0.238281 0.878418 0.235596 0.885986 0.208984 0.878418 0.235596 0.928467 0.267822 0.869141 0.258545 0.869141 0.258545 0.928467 0.267822 0.911621 0.294678 0.869141 0.258545 0.911621 0.294678 0.838135 0.258789 0.838135 0.258789 0.911621 0.294678 0.900391 0.305176 0.838135 0.258789 0.900391 0.305176 0.861328 0.284424 0.861328 0.284424 0.900391 0.305176 0.862061 0.323242 0.963379 0.822998 0.967773 0.831787 0.938477 0.821533 0.938477 0.821533 0.967773 0.831787 0.947998 0.83252 0.947998 0.83252 0.967773 0.831787 0.967041 0.845215 0.967773 0.831787 0.963379 0.822998 0.979004 0.827393 0.979004 0.827393 0.963379 0.822998 0.991211 0.822754 0.056641 0.371582 0.072998 0.37207 0.072266 0.383545 0.056641 0.371582 0.072266 0.383545 0.050049 0.385986 0.050049 0.385986 0.072266 0.383545 0.067871 0.388672 0.050049 0.385986 0.067871 0.388672 0.025146 0.386719 0.024658 0.120605 0.006592 0.101074 0.039795 0.11792 0.024658 0.120605 0.039795 0.11792 0.038818 0.143555 0.038818 0.143555 0.039795 0.11792 0.058105 0.141357 0.058105 0.141357 0.039795 0.11792 0.058594 0.115234 0.058105 0.141357 0.058594 0.115234 0.075928 0.136963 0.970703 0.025146 0.980713 0.024902 0.971924 0.036621 0.971924 0.036621 0.980713 0.024902 0.994873 0.040283 0.971924 0.036621 0.994873 0.040283 0.967285 0.07373 0.971924 0.036621 0.967285 0.07373 0.963135 0.044678 0.971924 0.036621 0.963135 0.044678 0.970703 0.025146 0.970703 0.025146 0.963135 0.044678 0.960938 0.02832 0.960938 0.02832 0.963135 0.044678 0.928223 0.05249 0.970703 0.025146 0.960938 0.02832 0.967041 0.018066 0.960938 0.02832 0.928223 0.05249 0.939453 0.030762 0.967041 0.018066 0.960938 0.02832 0.959473 0.017578 0.959473 0.017578 0.960938 0.02832 0.939453 0.030762 0.959473 0.017578 0.939453 0.030762 0.935303 0.021973 0.959473 0.017578 0.935303 0.021973 0.951904 0.005371 0.935303 0.021973 0.939453 0.030762 0.916504 0.015381 0.911377 0.81543 0.923828 0.793213 0.948486 0.764648 0.948486 0.764648 0.923828 0.793213 0.945312 0.756592 0.911377 0.81543 0.948486 0.764648 0.928955 0.822998 0.948486 0.764648 0.945312 0.756592 0.943604 0.715088 0.948486 0.764648 0.943604 0.715088 0.94873 0.716553 0.928955 0.822998 0.948486 0.764648 0.952881 0.786865 0.948486 0.764648 0.94873 0.716553 0.953857 0.738037 0.948486 0.764648 0.953857 0.738037 0.952881 0.786865 0.952881 0.786865 0.953857 0.738037 0.9646 0.787598 0.952881 0.786865 0.9646 0.787598 0.997803 0.807617 0.1604 0.263428 0.168213 0.230225 0.178223 0.223877 0.168213 0.230225 0.1604 0.263428 0.143799 0.287842 0.168213 0.230225 0.143799 0.287842 0.151367 0.238037 0.1604 0.263428 0.178223 0.223877 0.171143 0.265381 0.168213 0.230225 0.151367 0.238037 0.150879 0.199463 0.168213 0.230225 0.150879 0.199463 0.155273 0.185791 0.168213 0.230225 0.155273 0.185791 0.168945 0.189697 0.168213 0.230225 0.168945 0.189697 0.173096 0.196533 0.168213 0.230225 0.173096 0.196533 0.178223 0.223877 0.171143 0.265381 0.178223 0.223877 0.187988 0.22168 0.178223 0.223877 0.173096 0.196533 0.182861 0.200684 0.178223 0.223877 0.182861 0.200684 0.187988 0.22168 0.182861 0.200684 0.173096 0.196533 0.188477 0.189453 0.171143 0.265381 0.187988 0.22168 0.18335 0.262451 0.182861 0.200684 0.188477 0.189453 0.21167 0.197998 0.182861 0.200684 0.21167 0.197998 0.187988 0.22168 0.21167 0.197998 0.188477 0.189453 0.200684 0.189209 0.21167 0.197998 0.200684 0.189209 0.231934 0.181885 0.21167 0.197998 0.231934 0.181885 0.257812 0.166748 0.187988 0.22168 0.21167 0.197998 0.204346 0.215576 0.187988 0.22168 0.204346 0.215576 0.195312 0.223877 0.187988 0.22168 0.195312 0.223877 0.18335 0.262451 0.18335 0.262451 0.195312 0.223877 0.202148 0.25 0.202148 0.25 0.195312 0.223877 0.203369 0.226807 0.979492 0.545166 0.935059 0.545166 0.981201 0.536377 0.981201 0.536377 0.935059 0.545166 0.955811 0.527832 0.070068 0.26001 0.049561 0.26001 0.057129 0.257324 0.293945 0.116455 0.263184 0.108398 0.269043 0.066895 0.263184 0.108398 0.293945 0.116455 0.267334 0.158203 0.263184 0.108398 0.267334 0.158203 0.24292 0.140381 0.269043 0.066895 0.263184 0.108398 0.230957 0.093506 0.269043 0.066895 0.230957 0.093506 0.227783 0.057861 0.263184 0.108398 0.24292 0.140381 0.246338 0.123779 0.227783 0.057861 0.230957 0.093506 0.21167 0.108154 0.227783 0.057861 0.21167 0.108154 0.182129 0.076904 0.230957 0.093506 0.263184 0.108398 0.246826 0.105957 0.182129 0.076904 0.21167 0.108154 0.176758 0.112793 0.182129 0.076904 0.176758 0.112793 0.139648 0.099365 0.139648 0.099365 0.176758 0.112793 0.156494 0.119873 0.156494 0.119873 0.176758 0.112793 0.183838 0.123535 0.183838 0.123535 0.176758 0.112793 0.205566 0.119385 0.205566 0.119385 0.176758 0.112793 0.21167 0.108154 0.183838 0.123535 0.205566 0.119385 0.205811 0.125 0.205566 0.119385 0.21167 0.108154 0.222412 0.123047 0.205566 0.119385 0.222412 0.123047 0.205811 0.125 0.222412 0.123047 0.21167 0.108154 0.230957 0.093506 0.205811 0.125 0.222412 0.123047 0.211914 0.133545 0.211914 0.133545 0.222412 0.123047 0.24292 0.140381 0.24292 0.140381 0.222412 0.123047 0.246338 0.123779 0.222412 0.123047 0.230957 0.093506 0.235596 0.112061 0.235596 0.112061 0.230957 0.093506 0.246826 0.105957 0.246338 0.123779 0.222412 0.123047 0.238281 0.121094 0.238281 0.121094 0.222412 0.123047 0.235596 0.112061 0.235596 0.112061 0.246826 0.105957 0.243408 0.110107 0.238281 0.121094 0.235596 0.112061 0.242676 0.115234 0.242676 0.115234 0.235596 0.112061 0.243408 0.110107 0.246338 0.123779 0.238281 0.121094 0.247803 0.118164 0.247803 0.118164 0.238281 0.121094 0.242676 0.115234 0.242676 0.115234 0.243408 0.110107 0.248291 0.111816 0.248291 0.111816 0.243408 0.110107 0.246826 0.105957 0.242676 0.115234 0.248291 0.111816 0.247803 0.118164 0.248291 0.111816 0.246826 0.105957 0.253662 0.113525 0.248291 0.111816 0.253662 0.113525 0.247803 0.118164 0.247803 0.118164 0.253662 0.113525 0.246338 0.123779 0.253662 0.113525 0.246826 0.105957 0.263184 0.108398 0.253662 0.113525 0.263184 0.108398 0.246338 0.123779 0.930176 0.356201 0.962402 0.356201 0.956543 0.365967 0.453613 0.139404 0.486328 0.132324 0.459961 0.164551 0.486328 0.132324 0.453613 0.139404 0.455566 0.072754 0.486328 0.132324 0.455566 0.072754 0.481934 0.065918 0.074463 0 0.117676 0 0.107422 0.012207 0.999756 0.077393 0.999756 0.156006 0.982666 0.084473 0.504395 0.117188 0.490479 0.167969 0.468018 0.173096 0.527588 0.087891 0.537109 0.093506 0.504395 0.117188 0.504395 0.117188 0.537109 0.093506 0.540039 0.103516 0.490479 0.167969 0.504395 0.117188 0.513916 0.120605 0.513916 0.120605 0.504395 0.117188 0.540039 0.103516 0.490479 0.167969 0.513916 0.120605 0.506836 0.171875 0.513916 0.120605 0.540039 0.103516 0.547119 0.119385 0.513916 0.120605 0.547119 0.119385 0.506836 0.171875 0.506836 0.171875 0.547119 0.119385 0.535889 0.145996 0.506836 0.171875 0.535889 0.145996 0.518311 0.172363 0.518311 0.172363 0.535889 0.145996 0.534424 0.161377 0.535889 0.145996 0.547119 0.119385 0.551025 0.125 0.551025 0.125 0.547119 0.119385 0.561035 0.10083 0.534424 0.161377 0.535889 0.145996 0.544922 0.140869 0.544922 0.140869 0.535889 0.145996 0.551025 0.125 0.534424 0.161377 0.544922 0.140869 0.542969 0.162109 0.534424 0.161377 0.542969 0.162109 0.554443 0.196045 0.554443 0.196045 0.542969 0.162109 0.55249 0.154785 0.55249 0.154785 0.542969 0.162109 0.544922 0.140869 0.554443 0.196045 0.55249 0.154785 0.561279 0.19458 0.551025 0.125 0.561035 0.10083 0.55957 0.119873 0.561279 0.19458 0.55249 0.154785 0.588135 0.176514 0.55957 0.119873 0.561035 0.10083 0.582275 0.117188 0.63623 0.150635 0.588135 0.176514 0.582275 0.117188 0.588135 0.176514 0.63623 0.150635 0.632812 0.192383 0.55957 0.119873 0.582275 0.117188 0.563477 0.127197 0.55957 0.119873 0.563477 0.127197 0.551025 0.125 0.582275 0.117188 0.588135 0.176514 0.564209 0.145264 0.582275 0.117188 0.564209 0.145264 0.563477 0.127197 0.564209 0.145264 0.588135 0.176514 0.55249 0.154785 0.551025 0.125 0.563477 0.127197 0.555908 0.130859 0.555908 0.130859 0.563477 0.127197 0.564209 0.145264 0.555908 0.130859 0.564209 0.145264 0.55249 0.154785 0.551025 0.125 0.555908 0.130859 0.544922 0.140869 0.544922 0.140869 0.555908 0.130859 0.55249 0.154785 0.889648 0.10376 0.909424 0.079102 0.901367 0.108643 0.889648 0.10376 0.901367 0.108643 0.88623 0.150146 0.88623 0.150146 0.901367 0.108643 0.903076 0.130371 0.903076 0.130371 0.901367 0.108643 0.916748 0.092285 0.903076 0.130371 0.916748 0.092285 0.916016 0.122314 0.903076 0.130371 0.916016 0.122314 0.907715 0.150635 0.903076 0.130371 0.907715 0.150635 0.897705 0.166748 0.903076 0.130371 0.897705 0.166748 0.88623 0.150146 0.897705 0.166748 0.907715 0.150635 0.910156 0.157227 0.897705 0.166748 0.910156 0.157227 0.917236 0.169922 0.897705 0.166748 0.917236 0.169922 0.916016 0.179688 0.897705 0.166748 0.916016 0.179688 0.877441 0.205078 0.897705 0.166748 0.877441 0.205078 0.88623 0.150146 0.88623 0.150146 0.877441 0.205078 0.864746 0.193359 0.88623 0.150146 0.864746 0.193359 0.854736 0.18457 0.88623 0.150146 0.854736 0.18457 0.878662 0.135742 0.88623 0.150146 0.878662 0.135742 0.889648 0.10376 0.878662 0.135742 0.854736 0.18457 0.859375 0.165771 0.889648 0.10376 0.878662 0.135742 0.88623 0.091064 0.878662 0.135742 0.859375 0.165771 0.871338 0.133301 0.878662 0.135742 0.871338 0.133301 0.88623 0.091064 0.88623 0.091064 0.871338 0.133301 0.881592 0.07251 0.881592 0.07251 0.871338 0.133301 0.848145 0.098389 0.848145 0.098389 0.871338 0.133301 0.857422 0.131104 0.606445 0.35376 0.598389 0.377686 0.597656 0.364746 0.597656 0.364746 0.598389 0.377686 0.584717 0.36084 0.597656 0.364746 0.584717 0.36084 0.606445 0.35376 0.598389 0.377686 0.606445 0.35376 0.637207 0.36377 0.606445 0.35376 0.584717 0.36084 0.580566 0.353516 0.580566 0.353516 0.584717 0.36084 0.569336 0.36377 0.606445 0.35376 0.580566 0.353516 0.601074 0.345215 0.601074 0.345215 0.580566 0.353516 0.574463 0.344238 0.637207 0.36377 0.606445 0.35376 0.629639 0.349365 0.629639 0.349365 0.606445 0.35376 0.601074 0.345215 0.629639 0.349365 0.601074 0.345215 0.628906 0.337891 0.628906 0.337891 0.601074 0.345215 0.60083 0.333496 0.629639 0.349365 0.628906 0.337891 0.662354 0.345459 0.662354 0.345459 0.628906 0.337891 0.650391 0.330322 0.637207 0.36377 0.629639 0.349365 0.662109 0.359131 0.662109 0.359131 0.629639 0.349365 0.662354 0.345459 0.637207 0.36377 0.662109 0.359131 0.658447 0.371582 0.662354 0.345459 0.650391 0.330322 0.653076 0.316895 0.658447 0.371582 0.662109 0.359131 0.683838 0.380371 0.683838 0.380371 0.662109 0.359131 0.662354 0.345459 0.662354 0.345459 0.653076 0.316895 0.706543 0.326172 0.662354 0.345459 0.706543 0.326172 0.683838 0.380371 0.706543 0.326172 0.653076 0.316895 0.659668 0.299805 0.731445 0.28418 0.659668 0.299805 0.646973 0.288086 0.659668 0.299805 0.731445 0.28418 0.724609 0.296143 0.659668 0.299805 0.724609 0.296143 0.706543 0.326172 0.724609 0.296143 0.731445 0.28418 0.753174 0.299316 0.753174 0.299316 0.731445 0.28418 0.760986 0.294922 0.760986 0.294922 0.731445 0.28418 0.769043 0.287842 0.724609 0.296143 0.753174 0.299316 0.739258 0.323242 0.724609 0.296143 0.739258 0.323242 0.706543 0.326172 0.760986 0.294922 0.769043 0.287842 0.774414 0.307617 0.760986 0.294922 0.774414 0.307617 0.753174 0.299316 0.774414 0.307617 0.769043 0.287842 0.805908 0.31543 0.774414 0.307617 0.805908 0.31543 0.786133 0.358887 0.753174 0.299316 0.774414 0.307617 0.764404 0.329102 0.764404 0.329102 0.774414 0.307617 0.786133 0.358887 0.753174 0.299316 0.764404 0.329102 0.739258 0.323242 0.764404 0.329102 0.786133 0.358887 0.768311 0.375488 0.768311 0.375488 0.786133 0.358887 0.789551 0.395996 0.739258 0.323242 0.764404 0.329102 0.736328 0.363525 0.736328 0.363525 0.764404 0.329102 0.768311 0.375488 0.768311 0.375488 0.789551 0.395996 0.744873 0.396729 0.768311 0.375488 0.744873 0.396729 0.736328 0.363525 0.744873 0.396729 0.789551 0.395996 0.807861 0.435791 0.744873 0.396729 0.807861 0.435791 0.728027 0.437988 0.744873 0.396729 0.728027 0.437988 0.695801 0.410889 0.744873 0.396729 0.695801 0.410889 0.683838 0.380371 0.744873 0.396729 0.683838 0.380371 0.736328 0.363525 0.736328 0.363525 0.683838 0.380371 0.710449 0.351807 0.710449 0.351807 0.683838 0.380371 0.706543 0.326172 0.730225 0.334717 0.706543 0.326172 0.739258 0.323242 0.732422 0.346191 0.739258 0.323242 0.736328 0.363525 0.739258 0.323242 0.732422 0.346191 0.730225 0.334717 0.706543 0.326172 0.730225 0.334717 0.715332 0.335205 0.715332 0.335205 0.730225 0.334717 0.732422 0.346191 0.706543 0.326172 0.715332 0.335205 0.710449 0.351807 0.732422 0.346191 0.736328 0.363525 0.724609 0.353027 0.732422 0.346191 0.724609 0.353027 0.715332 0.335205 0.724609 0.353027 0.736328 0.363525 0.710449 0.351807 0.715332 0.335205 0.724609 0.353027 0.71582 0.347656 0.715332 0.335205 0.71582 0.347656 0.710449 0.351807 0.710449 0.351807 0.71582 0.347656 0.724609 0.353027 0.520508 0.791992 0.568848 0.827637 0.505615 0.808838 0.505615 0.808838 0.568848 0.827637 0.525879 0.842529 0.520508 0.791992 0.505615 0.808838 0.485596 0.787598 0.505615 0.808838 0.525879 0.842529 0.480713 0.822754 0.505615 0.808838 0.480713 0.822754 0.485596 0.787598 0.485596 0.787598 0.480713 0.822754 0.476074 0.7854 0.476074 0.7854 0.480713 0.822754 0.4729 0.806641 0.4729 0.806641 0.480713 0.822754 0.455811 0.838623 0.476074 0.7854 0.4729 0.806641 0.45874 0.781006 0.4729 0.806641 0.455811 0.838623 0.450928 0.811523 0.4729 0.806641 0.450928 0.811523 0.45874 0.781006 0.450928 0.811523 0.455811 0.838623 0.433838 0.844482 0.45874 0.781006 0.450928 0.811523 0.444824 0.80127 0.450928 0.811523 0.433838 0.844482 0.432373 0.82373 0.450928 0.811523 0.432373 0.82373 0.444824 0.80127 0.432373 0.82373 0.433838 0.844482 0.42334 0.828613 0.444824 0.80127 0.432373 0.82373 0.427734 0.822754 0.427734 0.822754 0.432373 0.82373 0.42334 0.828613 0.427734 0.822754 0.42334 0.828613 0.400146 0.833984 0.796875 0.927979 0.834961 0.903564 0.81543 0.966064 0.81543 0.966064 0.834961 0.903564 0.857178 0.947754 0.803223 0.999512 0.81543 0.966064 0.840088 0.998047 0.840088 0.998047 0.81543 0.966064 0.854248 0.97998 0.854248 0.97998 0.81543 0.966064 0.857178 0.947754 0.840088 0.998047 0.854248 0.97998 0.85083 0.986084 0.85083 0.986084 0.854248 0.97998 0.855225 0.985596 0.85083 0.986084 0.855225 0.985596 0.853271 0.991455 0.853271 0.991455 0.855225 0.985596 0.860107 0.987061 0.860107 0.987061 0.855225 0.985596 0.854248 0.97998 0.860107 0.987061 0.854248 0.97998 0.861816 0.982422 0.854248 0.97998 0.857178 0.947754 0.862305 0.965332 0.854248 0.97998 0.862305 0.965332 0.861816 0.982422 0.862305 0.965332 0.857178 0.947754 0.882324 0.937012 0.862305 0.965332 0.882324 0.937012 0.89917 0.972656 0.862305 0.965332 0.89917 0.972656 0.861816 0.982422 0.861816 0.982422 0.89917 0.972656 0.890137 0.997314 0.890137 0.997314 0.89917 0.972656 0.910889 0.999756 0.818848 0.889893 0.794434 0.910889 0.746094 0.868164 0.818848 0.889893 0.746094 0.868164 0.752441 0.838379 0.746094 0.868164 0.794434 0.910889 0.740479 0.908936 0.752441 0.838379 0.746094 0.868164 0.72998 0.835693 0.746094 0.868164 0.740479 0.908936 0.699707 0.873779 0.699707 0.873779 0.740479 0.908936 0.698975 0.942139 0.72998 0.835693 0.746094 0.868164 0.716553 0.855713 0.716553 0.855713 0.746094 0.868164 0.699707 0.873779 0.72998 0.835693 0.716553 0.855713 0.686279 0.84668 0.686279 0.84668 0.716553 0.855713 0.699707 0.873779 0.615479 0.416992 0.625488 0.45874 0.569336 0.44751 0.615479 0.416992 0.569336 0.44751 0.561279 0.420654 0.577881 0.400391 0.561279 0.420654 0.551758 0.405762 0.551758 0.405762 0.561279 0.420654 0.546387 0.438965 0.546387 0.438965 0.561279 0.420654 0.569336 0.44751 0.551758 0.405762 0.546387 0.438965 0.5354 0.414551 0.5354 0.414551 0.546387 0.438965 0.490967 0.436523 0.546387 0.438965 0.569336 0.44751 0.512939 0.465088 0.546387 0.438965 0.512939 0.465088 0.490967 0.436523 0.512939 0.465088 0.569336 0.44751 0.517578 0.496582 0.517578 0.496582 0.569336 0.44751 0.578613 0.460205 0.512939 0.465088 0.517578 0.496582 0.490479 0.484863 0.512939 0.465088 0.490479 0.484863 0.490967 0.436523 0.490967 0.436523 0.490479 0.484863 0.48291 0.47998 0.490967 0.436523 0.48291 0.47998 0.474609 0.482178 0.490967 0.436523 0.474609 0.482178 0.441162 0.442139 0.490967 0.436523 0.441162 0.442139 0.380615 0.406494 0.101318 0.422119 0.109863 0.429199 0.098877 0.433838 0.108643 0.421631 0.134033 0.419434 0.109863 0.429199 0.108643 0.421631 0.109863 0.429199 0.101318 0.422119 0.108643 0.421631 0.101318 0.422119 0.10791 0.413574 0.10791 0.413574 0.101318 0.422119 0.101807 0.414062 0.101807 0.414062 0.101318 0.422119 0.095459 0.417725 0.101318 0.422119 0.098877 0.433838 0.094727 0.431152 0.101318 0.422119 0.094727 0.431152 0.095459 0.417725 0.094727 0.431152 0.098877 0.433838 0.076904 0.454346 0.095459 0.417725 0.094727 0.431152 0.084717 0.435547 0.084717 0.435547 0.094727 0.431152 0.076904 0.454346 0.095459 0.417725 0.084717 0.435547 0.080322 0.421387 0.076904 0.454346 0.098877 0.433838 0.080322 0.458008 0.080322 0.421387 0.084717 0.435547 0.071289 0.43457 0.080322 0.421387 0.071289 0.43457 0.041992 0.420654 0.080322 0.421387 0.041992 0.420654 0.044434 0.393066 0.071289 0.43457 0.084717 0.435547 0.070068 0.446777 0.071289 0.43457 0.070068 0.446777 0.041992 0.420654 0.070068 0.446777 0.084717 0.435547 0.076904 0.454346 0.041992 0.420654 0.070068 0.446777 0.047363 0.451416 0.047363 0.451416 0.070068 0.446777 0.063477 0.460449 0.063477 0.460449 0.070068 0.446777 0.076904 0.454346 0.047363 0.451416 0.063477 0.460449 0.051514 0.460449 0.068848 0.468262 0.076904 0.454346 0.080322 0.458008 0.076904 0.454346 0.068848 0.468262 0.063477 0.460449 0.068848 0.468262 0.080322 0.458008 0.083496 0.480225 0.083984 0.492188 0.083496 0.480225 0.092529 0.494141 0.068848 0.468262 0.083496 0.480225 0.073486 0.47583 0.083496 0.480225 0.083984 0.492188 0.074463 0.481689 0.083496 0.480225 0.074463 0.481689 0.073486 0.47583 0.074463 0.481689 0.083984 0.492188 0.072998 0.485107 0.072998 0.485107 0.083984 0.492188 0.078125 0.493408 0.074463 0.481689 0.072998 0.485107 0.066406 0.482178 0.074463 0.481689 0.066406 0.482178 0.073486 0.47583 0.066406 0.482178 0.072998 0.485107 0.058838 0.5 0.068848 0.468262 0.073486 0.47583 0.06543 0.478271 0.06543 0.478271 0.073486 0.47583 0.066406 0.482178 0.06543 0.478271 0.066406 0.482178 0.060059 0.493408 0.068848 0.468262 0.06543 0.478271 0.063477 0.460449 0.063477 0.460449 0.06543 0.478271 0.059082 0.469482 0.059082 0.469482 0.06543 0.478271 0.047852 0.474609 0.063477 0.460449 0.059082 0.469482 0.059326 0.4646 0.059082 0.469482 0.047852 0.474609 0.056396 0.467285 0.059082 0.469482 0.056396 0.467285 0.059326 0.4646 0.063477 0.460449 0.059326 0.4646 0.054932 0.464355 0.054932 0.464355 0.059326 0.4646 0.056396 0.467285 0.054932 0.464355 0.056396 0.467285 0.047852 0.474609 0.063477 0.460449 0.054932 0.464355 0.051514 0.460449 0.051514 0.460449 0.054932 0.464355 0.047852 0.474609 0.051514 0.460449 0.047852 0.474609 0.024902 0.488281 0.850586 0.040039 0.859863 0.041992 0.853516 0.043213 0.853516 0.043213 0.859863 0.041992 0.876709 0.055176 0.850586 0.040039 0.853516 0.043213 0.834717 0.04541 0.850586 0.040039 0.834717 0.04541 0.830078 0.033936 0.850586 0.040039 0.830078 0.033936 0.840332 0.008545 0.840332 0.008545 0.830078 0.033936 0.83374 0.015381 0.917725 0.999756 0.920166 0.974365 0.930908 1 0.930908 1 0.920166 0.974365 0.985107 0.977295 0.920166 0.974365 0.917725 0.999756 0.908691 0.974365 0.11499 0.452881 0.116699 0.439453 0.12793 0.468506 0.12793 0.468506 0.116699 0.439453 0.128418 0.450195 0.11499 0.452881 0.12793 0.468506 0.128418 0.483887 0.11499 0.452881 0.128418 0.483887 0.102539 0.452637 0.12793 0.468506 0.128418 0.450195 0.13916 0.474365 0.13916 0.474365 0.128418 0.450195 0.137695 0.452637 0.102539 0.452637 0.128418 0.483887 0.108398 0.491943 0.13916 0.474365 0.137695 0.452637 0.159912 0.448486 0.12793 0.468506 0.13916 0.474365 0.136719 0.481445 0.12793 0.468506 0.136719 0.481445 0.128418 0.483887 0.13916 0.474365 0.159912 0.448486 0.162109 0.473877 0.162109 0.473877 0.159912 0.448486 0.17749 0.474365 0.136719 0.481445 0.13916 0.474365 0.145996 0.478027 0.145996 0.478027 0.13916 0.474365 0.162109 0.473877 0.162109 0.473877 0.17749 0.474365 0.175781 0.481445 0.162109 0.473877 0.175781 0.481445 0.145996 0.478027 0.175781 0.481445 0.17749 0.474365 0.200439 0.479248 0.175781 0.481445 0.200439 0.479248 0.176758 0.489746 0.145996 0.478027 0.175781 0.481445 0.157227 0.486816 0.157227 0.486816 0.175781 0.481445 0.176758 0.489746 0.145996 0.478027 0.157227 0.486816 0.136719 0.481445 0.157227 0.486816 0.176758 0.489746 0.146484 0.489502 0.157227 0.486816 0.146484 0.489502 0.136719 0.481445 0.136719 0.481445 0.146484 0.489502 0.128418 0.483887 0.146484 0.489502 0.176758 0.489746 0.166504 0.49585 0.146484 0.489502 0.166504 0.49585 0.141357 0.49707 0.146484 0.489502 0.141357 0.49707 0.134033 0.496582 0.146484 0.489502 0.134033 0.496582 0.128418 0.483887 0.128418 0.483887 0.134033 0.496582 0.123291 0.5 0.123291 0.5 0.134033 0.496582 0.114746 0.512207 0.128418 0.483887 0.123291 0.5 0.108398 0.491943 0.123291 0.5 0.114746 0.512207 0.110596 0.506104 0.123291 0.5 0.110596 0.506104 0.108398 0.491943 0.108398 0.491943 0.110596 0.506104 0.064941 0.520264 0.028564 0.751709 0.030518 0.745117 0.046387 0.757568 0.046387 0.757568 0.030518 0.745117 0.043457 0.72876 0.046387 0.757568 0.043457 0.72876 0.059082 0.746582 0.059082 0.746582 0.043457 0.72876 0.065674 0.733154 0.028564 0.751709 0.046387 0.757568 0.040771 0.762695 0.040771 0.762695 0.046387 0.757568 0.053711 0.765137 0.028564 0.751709 0.040771 0.762695 0.010742 0.75415 0.010742 0.75415 0.040771 0.762695 0.035645 0.777344 0.010742 0.75415 0.035645 0.777344 0.004639 0.76416 0.369385 0.677979 0.327881 0.667725 0.311768 0.653809 0.369385 0.677979 0.311768 0.653809 0.31543 0.638916 0.311768 0.653809 0.327881 0.667725 0.288818 0.653564 0.288818 0.653564 0.327881 0.667725 0.301758 0.667725 0.31543 0.638916 0.311768 0.653809 0.28125 0.647217 0.28125 0.647217 0.311768 0.653809 0.288818 0.653564 0.288818 0.653564 0.301758 0.667725 0.278809 0.654785 0.288818 0.653564 0.278809 0.654785 0.28125 0.647217 0.278809 0.654785 0.301758 0.667725 0.27832 0.659668 0.27832 0.659668 0.301758 0.667725 0.293213 0.675049 0.27832 0.659668 0.293213 0.675049 0.26709 0.683105 0.27832 0.659668 0.26709 0.683105 0.261475 0.657471 0.27832 0.659668 0.261475 0.657471 0.278809 0.654785 0.278809 0.654785 0.261475 0.657471 0.28125 0.647217 0.28125 0.647217 0.261475 0.657471 0.256592 0.643066 0.282715 0.637695 0.31543 0.638916 0.28125 0.647217 0.282715 0.637695 0.28125 0.647217 0.256592 0.643066 0.31543 0.638916 0.282715 0.637695 0.297119 0.619629 0.282715 0.637695 0.256592 0.643066 0.26709 0.63208 0.297119 0.619629 0.282715 0.637695 0.289551 0.612061 0.282715 0.637695 0.26709 0.63208 0.276367 0.626221 0.282715 0.637695 0.276367 0.626221 0.289551 0.612061 0.289551 0.612061 0.276367 0.626221 0.278809 0.582275 0.289551 0.612061 0.278809 0.582275 0.270996 0.54126 0.239258 0.050537 0.216797 0.042969 0.229004 0.0271 0.216797 0.042969 0.239258 0.050537 0.208496 0.05542 0.216797 0.042969 0.208496 0.05542 0.185059 0.051025 0.229004 0.0271 0.216797 0.042969 0.203857 0.01416 0.229004 0.0271 0.203857 0.01416 0.22583 0.007324 0.216797 0.042969 0.185059 0.051025 0.197754 0.035156 0.216797 0.042969 0.197754 0.035156 0.203857 0.01416 0.197754 0.035156 0.185059 0.051025 0.18335 0.02002 0.197754 0.035156 0.18335 0.02002 0.203857 0.01416 0.18335 0.02002 0.185059 0.051025 0.168701 0.006348 0.18335 0.02002 0.168701 0.006348 0.203857 0.01416 0.931885 0.51001 0.939209 0.479492 0.948486 0.486328 0.939209 0.479492 0.931885 0.51001 0.923828 0.520264 0.969971 0.475586 0.953369 0.499023 0.948486 0.486328 0.969971 0.475586 0.948486 0.486328 0.964111 0.458496 0.964111 0.458496 0.948486 0.486328 0.939209 0.479492 0.969971 0.475586 0.964111 0.458496 0.989258 0.488281 0.989258 0.488281 0.964111 0.458496 0.993408 0.482666 0.993408 0.482666 0.964111 0.458496 0.985107 0.439941 0.985107 0.439941 0.964111 0.458496 0.987549 0.428955 0.987549 0.428955 0.964111 0.458496 0.965088 0.438965 0.987549 0.428955 0.965088 0.438965 0.984863 0.426025 0.984863 0.426025 0.965088 0.438965 0.983154 0.421631 0.965088 0.438965 0.964111 0.458496 0.949463 0.453369 0.949463 0.453369 0.964111 0.458496 0.939209 0.479492 0.983154 0.421631 0.965088 0.438965 0.941895 0.443359 0.941895 0.443359 0.965088 0.438965 0.949463 0.453369 0.983154 0.421631 0.941895 0.443359 0.992676 0.414062 0.992676 0.414062 0.941895 0.443359 0.946777 0.436279 0.946777 0.436279 0.941895 0.443359 0.915527 0.405518 0.941895 0.443359 0.949463 0.453369 0.924561 0.448486 0.924561 0.448486 0.949463 0.453369 0.939209 0.479492 0.924561 0.448486 0.939209 0.479492 0.921875 0.463623 0.924561 0.448486 0.921875 0.463623 0.916016 0.456787 0.924561 0.448486 0.916016 0.456787 0.89917 0.450928 0.081299 0.283691 0.074219 0.255127 0.106934 0.254883 0.106934 0.254883 0.074219 0.255127 0.080078 0.246338 0.080078 0.246338 0.074219 0.255127 0.054688 0.241943 0.106934 0.254883 0.080078 0.246338 0.101318 0.246094 0.106934 0.254883 0.101318 0.246094 0.141357 0.245117 0.580322 0.09082 0.544678 0.098145 0.56958 0.022949 0.942627 0.294922 0.980225 0.250244 0.956055 0.350586 0.956055 0.350586 0.980225 0.250244 0.982178 0.339844 0.144775 0.006592 0.145508 0.002441 0.163574 0.009766 0.145508 0.002441 0.144775 0.006592 0.136963 0.007568 0.145508 0.002441 0.136963 0.007568 0.119385 0.008789</float_array>
          <technique_common>
            <accessor source="#CookingTable_Level_4-mesh-map-0-array" count="5685" stride="2">
              <param name="S" type="float"/>
              <param name="T" type="float"/>
            </accessor>
          </technique_common>
        </source>
        <vertices id="CookingTable_Level_4-mesh-vertices">
          <input semantic="POSITION" source="#CookingTable_Level_4-mesh-positions"/>
        </vertices>
        <polylist material="Material_-1-material" count="6">
          <input semantic="VERTEX" source="#CookingTable_Level_4-mesh-vertices" offset="0"/>
          <input semantic="NORMAL" source="#CookingTable_Level_4-mesh-normals" offset="1"/>
          <input semantic="TEXCOORD" source="#CookingTable_Level_4-mesh-map-0" offset="2" set="0"/>
          <vcount>3 3 3 3 3 3 3 3 3 3 3 3 3 3 3 3 3 3 3 3 3 3 3 3 3 3 3 3 3 3 3 3 3 3 3 3 3 3 3 3 3 3 3 3 3 3 3 3 3 3 3 3 3 3 3 3 3 3 3 3 3 3 3 3 3 3 3 3 3 3 3 3 3 3 3 3 3 3 3 3 3 3 3 3 3 3 3 3 3 3 3 3 3 3 3 3 3 3 3 3 3 3 3 3 3 3 3 3 3 3 3 3 3 3 3 3 3 3 3 3 3 3 3 3 3 3 3 3 3 3 3 3 3 3 3 3 3 3 3 3 3 3 3 3 3 3 3 3 3 3 3 3 3 3 3 3 3 3 3 3 3 3 3 3 3 3 3 3 3 3 3 3 3 3 3 3 3 3 3 3 3 3 3 3 3 3 3 3 3 3 3 3 3 3 3 3 3 3 3 3 3 3 3 3 3 3 3 3 3 3 3 3 3 3 3 3 3 3 3 3 3 3 3 3 3 3 3 3 3 3 3 3 3 3 3 3 3 3 3 3 3 3 3 3 3 3 3 3 3 3 3 3 3 3 3 3 3 3 3 3 3 3 3 3 3 3 3 3 3 3 3 3 3 3 3 3 3 3 3 3 3 3 3 3 3 3 3 3 3 3 3 3 3 3 3 3 3 3 3 3 3 3 3 3 3 3 3 3 3 3 3 3 3 3 3 3 3 3 3 3 3 3 3 3 3 3 3 3 3 3 3 3 3 3 3 3 3 3 3 3 3 3 3 3 3 3 3 3 3 3 3 3 3 3 3 3 3 3 3 3 3 3 3 3 3 3 3 3 3 3 3 3 3 3 3 3 3 3 3 3 3 3 3 3 3 3 3 3 3 3 3 3 3 3 3 3 3 3 3 3 3 3 3 3 3 3 3 3 3 3 3 3 3 3 3 3 3 3 3 3 3 3 3 3 3 3 3 3 3 3 3 3 3 3 3 3 3 3 3 3 3 3 3 3 3 3 3 3 3 3 3 3 3 3 3 3 3 3 3 3 3 3 3 3 3 3 3 3 3 3 3 3 3 3 3 3 3 3 3 3 3 3 3 3 3 3 3 3 3 3 3 3 3 3 3 3 3 3 3 3 3 3 3 3 3 3 3 3 3 3 3 3 3 3 3 3 3 3 3 3 3 3 3 3 3 3 3 3 3 3 3 3 3 3 3 3 3 3 3 3 3 3 3 3 3 3 3 3 3 3 3 3 3 3 3 3 3 3 3 3 3 3 3 3 3 3 3 3 3 3 3 3 3 3 3 3 3 3 3 3 3 3 3 3 3 3 3 3 3 3 3 3 3 3 3 3 3 3 3 3 3 3 3 3 3 3 3 3 3 3 3 3 3 3 3 3 3 3 3 3 3 3 3 3 3 3 3 3 3 3 3 3 3 3 3 3 3 3 3 3 3 3 3 3 3 3 3 3 3 3 3 3 3 3 3 3 3 3 3 3 3 3 3 3 3 3 3 3 3 3 3 3 3 3 3 3 3 3 3 3 3 3 3 3 3 3 3 3 3 3 3 3 3 3 3 3 3 3 3 3 3 3 3 3 3 3 3 3 3 3 3 3 3 3 3 3 3 3 3 3 3 3 3 3 3 3 3 3 3 3 3 3 3 3 3 3 3 3 3 3 3 3 3 3 3 3 3 3 3 3 3 3 3 3 3 3 3 3 3 3 3 3 3 3 3 3 3 3 3 3 3 3 3 3 3 3 3 3 3 3 3 3 3 3 3 3 3 3 3 3 3 3 3 3 3 3 3 3 3 3 3 3 3 3 3 3 3 3 3 3 3 3 3 3 3 3 3 3 3 3 3 3 3 3 3 3 3 3 3 3 3 3 3 3 3 3 3 3 3 3 3 3 3 3 3 3 3 3 3 3 3 3 3 3 3 3 3 3 3 3 3 3 3 3 3 3 3 3 3 3 3 3 3 3 3 3 3 3 3 3 3 3 3 3 3 3 3 3 3 3 3 3 3 3 3 3 3 3 3 3 3 3 3 3 3 3 3 3 3 3 3 3 3 3 3 3 3 3 3 3 3 3 3 3 3 3 3 3 3 3 3 3 3 3 3 3 3 3 3 3 3 3 3 3 3 3 3 3 3 3 3 3 3 3 3 3 3 3 3 3 3 3 3 3 3 3 3 3 3 3 3 3 3 3 3 3 3 3 3 3 3 3 3 3 3 3 3 3 3 3 3 3 3 3 3 3 3 3 3 3 3 3 3 3 3 3 3 3 3 3 3 3 3 3 3 3 3 3 3 3 3 3 3 3 3 3 3 3 3 3 3 3 3 3 3 3 3 3 3 3 3 3 3 3 3 3 3 3 3 3 3 3 3 3 3 3 3 3 3 3 3 3 3 3 3 3 3 3 3 3 3 3 3 3 3 3 3 3 3 3 3 3 3 3 3 3 3 3 3 3 3 3 3 3 3 3 3 3 3 3 3 3 3 3 3 3 3 3 3 3 3 3 3 3 3 3 3 3 3 3 3 3 3 3 3 3 3 3 3 3 3 3 3 3 3 3 3 3 3 3 3 3 3 3 3 3 3 3 3 3 3 3 3 3 3 3 3 3 3 3 3 3 3 3 3 3 3 3 3 3 3 3 3 3 3 3 3 3 3 3 3 3 3 3 3 3 3 3 3 3 3 3 3 3 3 3 3 3 3 3 3 3 3 3 3 3 3 3 3 3 3 3 3 3 3 3 3 3 3 3 3 3 3 3 3 3 3 3 3 3 3 3 3 3 3 3 3 3 3 3 3 3 3 3 3 3 3 3 3 3 3 3 3 3 3 3 3 3 3 3 3 3 3 3 3 3 3 3 3 3 3 3 3 3 3 3 3 3 3 3 3 3 3 3 3 3 3 3 3 3 3 3 3 3 3 3 3 3 3 3 3 3 3 3 3 3 3 3 3 3 3 3 3 3 3 3 3 3 3 3 3 3 3 3 3 3 3 3 3 3 3 3 3 3 3 3 3 3 3 3 3 3 3 3 3 3 3 3 3 3 3 3 3 3 3 3 3 3 3 3 3 3 3 3 3 3 3 3 3 3 3 3 3 3 3 3 3 3 3 3 3 3 3 3 3 3 3 3 3 3 3 3 3 3 3 3 3 3 3 3 3 3 3 3 3 3 3 3 3 3 3 3 3 3 3 3 3 3 3 3 3 3 3 3 3 3 3 3 3 3 3 3 3 3 3 3 3 3 3 3 3 3 3 3 3 3 3 3 3 3 3 3 3 3 3 3 3 3 3 3 3 3 3 3 3 3 3 3 3 3 3 3 3 3 3 3 3 3 3 3 3 3 3 3 3 3 3 3 3 3 3 3 3 3 3 3 3 3 3 3 3 3 3 3 3 3 3 3 3 3 3 3 3 3 3 3 3 3 3 3 3 3 3 3 3 3 3 3 3 3 3 3 3 3 3 3 3 3 3 3 3 3 3 3 3 3 3 3 3 3 3 3 3 3 3 3 3 3 3 3 3 3 3 3 3 3 3 3 3 3 3 3 3 3 3 3 3 3 3 3 3 3 3 3 3 3 3 3 3 3 3 3 3 3 3 3 3 3 3 3 3 3 3 3 3 3 3 3 3 3 3 3 3 3 3 3 3 3 3 3 3 3 3 3 3 3 3 3 3 3 3 3 3 3 3 3 3 3 3 3 3 3 3 3 3 3 3 3 3 3 3 3 3 3 3 3 3 3 3 3 3 3 3 3 3 3 3 3 3 3 3 3 3 3 3 3 3 3 3 3 3 3 3 3 3 3 3 3 3 3 3 3 3 3 3 3 3 3 3 3 3 3 3 3 3 3 3 3 3 3 3 3 3 3 3 3 3 3 3 3 3 3 3 3 3 3 3 3 3 3 3 3 3 3 3 3 3 3 3 3 3 3 3 3 3 3 3 3 3 3 3 3 3 3 3 3 3 3 3 3 3 3 3 3 3 3 3 3 3 3 3 3 3 3 3 3 3 3 3 3 3 3 3 3 3 3 3 3 3 3 3 3 3 3 3 3 3 3 3 3 3 3 3 3 3 3 3 3 3 3 3 3 3 3 3 3 3 3 3 3 3 3 3 3 3 3 3 3 3 3 3 3 3 3 3 3 3 3 3 3 3 3 3 3 3 3 3 3 3 3 3 3 3 3 3 3 3 3 3 3 3 3 3 3 3 3 3 3 3 3 3 3 3 3 3 3 3 3 3 3 3 3 3 3 3 3 3 3 3 3 3 3 3 3 3</vcount>
          <p>0 0 0 1 0 1 2 0 2 2 1 3 1 1 4 3 1 5 3 2 6 1 2 7 4 2 8 3 3 9 4 3 10 5 3 11 5 4 12 4 4 13 6 4 14 3 5 15 5 5 16 7 5 17 3 6 18 7 6 19 2 6 20 2 7 21 7 7 22 8 7 23 8 8 24 7 8 25 9 8 26 8 9 27 9 9 28 10 9 29 2 10 30 8 10 31 11 10 32 2 11 33 11 11 34 12 11 35 8 12 36 10 12 37 13 12 38 8 13 39 13 13 40 11 13 41 13 14 42 10 14 43 14 14 44 13 15 45 14 15 46 15 15 47 13 16 48 15 16 49 16 16 50 13 17 51 16 17 52 11 17 53 12 18 54 11 18 55 17 18 56 11 19 57 16 19 58 18 19 59 11 20 60 18 20 61 17 20 62 17 21 63 18 21 64 19 21 65 17 22 66 19 22 67 20 22 68 20 23 69 19 23 70 21 23 71 21 24 72 19 24 73 22 24 74 22 25 75 19 25 76 23 25 77 22 26 78 23 26 79 24 26 80 23 27 81 19 27 82 25 27 83 7 28 84 5 28 85 26 28 86 6 29 87 27 29 88 5 29 89 5 30 90 27 30 91 26 30 92 7 31 93 26 31 94 28 31 95 7 32 96 28 32 97 9 32 98 26 33 99 27 33 100 29 33 101 26 34 102 29 34 103 30 34 104 26 35 105 30 35 106 28 35 107 29 36 108 27 36 109 31 36 110 30 37 111 29 37 112 32 37 113 32 38 114 29 38 115 31 38 116 30 39 117 32 39 118 33 39 119 33 40 120 32 40 121 31 40 122 34 41 123 9 41 124 28 41 125 9 42 126 34 42 127 10 42 128 10 43 129 34 43 130 35 43 131 10 44 132 35 44 133 36 44 134 36 45 135 35 45 136 37 45 137 37 46 138 35 46 139 34 46 140 36 47 141 37 47 142 38 47 143 37 48 144 34 48 145 39 48 146 39 49 147 34 49 148 28 49 149 39 50 150 28 50 151 40 50 152 40 51 153 28 51 154 30 51 155 39 52 156 40 52 157 41 52 158 41 53 159 40 53 160 42 53 161 42 54 162 40 54 163 43 54 164 42 55 165 43 55 166 44 55 167 44 56 168 43 56 169 45 56 170 45 57 171 43 57 172 46 57 173 40 58 174 30 58 175 47 58 176 47 59 177 30 59 178 33 59 179 43 60 180 40 60 181 48 60 182 48 61 183 40 61 184 47 61 185 46 62 186 43 62 187 49 62 188 49 63 189 43 63 190 48 63 191 46 64 192 49 64 193 50 64 194 48 65 195 47 65 196 51 65 197 51 66 198 47 66 199 33 66 200 48 67 201 51 67 202 49 67 203 51 68 204 33 68 205 31 68 206 51 69 207 31 69 208 49 69 209 50 70 210 49 70 211 52 70 212 49 71 213 31 71 214 53 71 215 49 72 216 53 72 217 52 72 218 53 73 219 31 73 220 54 73 221 52 74 222 53 74 223 55 74 224 53 75 225 54 75 226 56 75 227 53 76 228 56 76 229 55 76 230 55 77 231 56 77 232 57 77 233 56 78 234 54 78 235 58 78 236 56 79 237 58 79 238 57 79 239 55 80 240 57 80 241 59 80 242 59 81 243 57 81 244 58 81 245 52 82 246 55 82 247 60 82 248 60 83 249 55 83 250 59 83 251 52 84 252 60 84 253 61 84 254 52 85 255 61 85 256 62 85 257 62 86 258 61 86 259 63 86 260 61 87 261 60 87 262 64 87 263 64 88 264 60 88 265 59 88 266 65 89 267 61 89 268 27 89 269 27 90 270 61 90 271 66 90 272 66 91 273 61 91 274 64 91 275 27 92 276 66 92 277 31 92 278 64 93 279 59 93 280 67 93 281 64 94 282 67 94 283 66 94 284 31 95 285 66 95 286 68 95 287 68 96 288 66 96 289 67 96 290 31 97 291 68 97 292 54 97 293 67 98 294 59 98 295 69 98 296 67 99 297 69 99 298 68 99 299 68 100 300 69 100 301 54 100 302 69 101 303 59 101 304 58 101 305 69 102 306 58 102 307 54 102 308 0 103 309 2 103 310 12 103 311 0 104 312 12 104 313 70 104 314 0 105 315 70 105 316 71 105 317 0 106 318 71 106 319 1 106 320 70 107 321 12 107 322 72 107 323 1 108 324 71 108 325 73 108 326 1 109 327 73 109 328 4 109 329 4 110 330 73 110 331 74 110 332 4 111 333 74 111 334 6 111 335 73 112 336 71 112 337 75 112 338 73 113 339 75 113 340 74 113 341 6 114 342 74 114 343 65 114 344 6 115 345 65 115 346 27 115 347 65 116 348 74 116 349 76 116 350 65 117 351 76 117 352 61 117 353 61 118 354 76 118 355 63 118 356 75 119 357 71 119 358 77 119 359 77 120 360 71 120 361 70 120 362 78 121 363 74 121 364 75 121 365 74 122 366 78 122 367 76 122 368 75 123 369 77 123 370 79 123 371 75 124 372 79 124 373 78 124 374 80 125 375 76 125 376 81 125 377 81 126 378 76 126 379 82 126 380 81 127 381 82 127 382 83 127 383 83 128 384 82 128 385 84 128 386 84 129 387 82 129 388 85 129 389 84 130 390 85 130 391 86 130 392 82 131 393 76 131 394 87 131 395 87 132 396 76 132 397 78 132 398 85 133 399 82 133 400 88 133 401 88 134 402 82 134 403 87 134 404 85 135 405 88 135 406 89 135 407 89 136 408 88 136 409 90 136 410 90 137 411 88 137 412 87 137 413 90 138 414 87 138 415 78 138 416 90 139 417 78 139 418 91 139 419 91 140 420 78 140 421 92 140 422 92 141 423 78 141 424 79 141 425 92 142 426 79 142 427 93 142 428 93 143 429 79 143 430 94 143 431 93 144 432 94 144 433 95 144 434 94 145 435 79 145 436 77 145 437 94 146 438 77 146 439 95 146 440 95 147 441 77 147 442 96 147 443 95 148 444 96 148 445 97 148 446 96 149 447 77 149 448 98 149 449 96 150 450 98 150 451 99 150 452 96 151 453 99 151 454 100 151 455 100 152 456 99 152 457 101 152 458 101 153 459 99 153 460 102 153 461 102 154 462 99 154 463 103 154 464 98 155 465 77 155 466 104 155 467 104 156 468 77 156 469 70 156 470 104 157 471 70 157 472 72 157 473 98 158 474 104 158 475 105 158 476 98 159 477 105 159 478 99 159 479 105 160 480 104 160 481 72 160 482 99 161 483 105 161 484 106 161 485 106 162 486 105 162 487 107 162 488 105 163 489 72 163 490 108 163 491 105 164 492 108 164 493 107 164 494 108 165 495 72 165 496 12 165 497 108 166 498 12 166 499 17 166 500 108 167 501 17 167 502 109 167 503 108 168 504 109 168 505 107 168 506 106 169 507 107 169 508 110 169 509 107 170 510 109 170 511 111 170 512 110 171 513 107 171 514 112 171 515 112 172 516 107 172 517 111 172 518 110 173 519 112 173 520 113 173 521 112 174 522 111 174 523 114 174 524 115 175 525 116 175 526 117 175 527 115 176 528 117 176 529 118 176 530 118 177 531 117 177 532 119 177 533 117 178 534 116 178 535 120 178 536 117 179 537 120 179 538 119 179 539 119 180 540 120 180 541 116 180 542 118 181 543 119 181 544 121 181 545 122 182 546 123 182 547 116 182 548 116 183 549 123 183 550 124 183 551 116 184 552 124 184 553 125 184 554 116 185 555 125 185 556 119 185 557 119 186 558 125 186 559 126 186 560 119 187 561 126 187 562 121 187 563 121 188 564 126 188 565 127 188 566 126 189 567 125 189 568 128 189 569 127 190 570 126 190 571 129 190 572 129 191 573 126 191 574 128 191 575 128 192 576 125 192 577 130 192 578 130 193 579 125 193 580 131 193 581 130 194 582 131 194 583 132 194 584 130 195 585 132 195 586 133 195 587 130 196 588 133 196 589 134 196 590 130 197 591 134 197 592 128 197 593 128 198 594 134 198 595 129 198 596 129 199 597 134 199 598 135 199 599 129 200 600 135 200 601 136 200 602 137 201 603 127 201 604 129 201 605 137 202 606 129 202 607 136 202 608 127 203 609 137 203 610 121 203 611 121 204 612 137 204 613 138 204 614 121 205 615 138 205 616 122 205 617 122 206 618 138 206 619 123 206 620 123 207 621 138 207 622 139 207 623 137 208 624 136 208 625 140 208 626 137 209 627 140 209 628 138 209 629 140 210 630 136 210 631 141 210 632 139 211 633 138 211 634 142 211 635 142 212 636 138 212 637 140 212 638 139 213 639 142 213 640 143 213 641 140 214 642 141 214 643 144 214 644 143 215 645 142 215 646 145 215 647 145 216 648 142 216 649 140 216 650 143 217 651 145 217 652 146 217 653 146 218 654 145 218 655 147 218 656 148 219 657 147 219 658 144 219 659 145 220 660 140 220 661 149 220 662 149 221 663 140 221 664 144 221 665 145 222 666 149 222 667 147 222 668 147 223 669 149 223 670 144 223 671 116 224 672 115 224 673 16 224 674 16 225 675 115 225 676 18 225 677 18 226 678 115 226 679 19 226 680 19 227 681 115 227 682 118 227 683 116 228 684 16 228 685 150 228 686 150 229 687 16 229 688 15 229 689 116 230 690 150 230 691 122 230 692 150 231 693 151 231 694 122 231 695 122 232 696 151 232 697 121 232 698 121 233 699 151 233 700 118 233 701 151 234 702 150 234 703 24 234 704 118 235 705 151 235 706 19 235 707 151 236 708 24 236 709 152 236 710 151 237 711 152 237 712 19 237 713 152 238 714 24 238 715 153 238 716 19 239 717 152 239 718 25 239 719 152 240 720 153 240 721 154 240 722 152 241 723 154 241 724 25 241 725 25 242 726 154 242 727 155 242 728 150 243 729 15 243 730 24 243 731 24 244 732 15 244 733 22 244 734 22 245 735 15 245 736 21 245 737 21 246 738 15 246 739 14 246 740 124 247 741 123 247 742 156 247 743 156 248 744 123 248 745 139 248 746 156 249 747 139 249 748 157 249 749 156 250 750 157 250 751 158 250 752 158 251 753 157 251 754 159 251 755 156 252 756 158 252 757 160 252 758 156 253 759 160 253 760 124 253 761 160 254 762 158 254 763 161 254 764 124 255 765 160 255 766 162 255 767 124 256 768 162 256 769 125 256 770 125 257 771 162 257 772 131 257 773 163 258 774 164 258 775 160 258 776 160 259 777 164 259 778 162 259 779 162 260 780 164 260 781 165 260 782 131 261 783 162 261 784 166 261 785 162 262 786 165 262 787 167 262 788 162 263 789 167 263 790 166 263 791 166 264 792 167 264 793 131 264 794 167 265 795 165 265 796 164 265 797 131 266 798 167 266 799 168 266 800 168 267 801 167 267 802 164 267 803 131 268 804 168 268 805 132 268 806 168 269 807 164 269 808 169 269 809 132 270 810 168 270 811 170 270 812 170 271 813 168 271 814 169 271 815 24 272 816 171 272 817 172 272 818 24 273 819 172 273 820 153 273 821 172 274 822 171 274 823 173 274 824 171 275 825 24 275 826 23 275 827 171 276 828 23 276 829 173 276 830 173 277 831 23 277 832 174 277 833 173 278 834 174 278 835 175 278 836 175 279 837 174 279 838 176 279 839 174 280 840 23 280 841 177 280 842 174 281 843 177 281 844 176 281 845 177 282 846 23 282 847 178 282 848 178 283 849 23 283 850 25 283 851 176 284 852 177 284 853 179 284 854 176 285 855 179 285 856 180 285 857 180 286 858 179 286 859 181 286 860 181 287 861 179 287 862 182 287 863 182 288 864 179 288 865 177 288 866 181 289 867 182 289 868 183 289 869 182 290 870 177 290 871 184 290 872 182 291 873 184 291 874 183 291 875 184 292 876 177 292 877 178 292 878 183 293 879 184 293 880 185 293 881 186 294 882 178 294 883 25 294 884 178 295 885 186 295 886 184 295 887 186 296 888 25 296 889 155 296 890 184 297 891 186 297 892 187 297 893 187 298 894 186 298 895 188 298 896 185 299 897 184 299 898 189 299 899 189 300 900 184 300 901 187 300 902 189 301 903 187 301 904 188 301 905 185 302 906 189 302 907 190 302 908 190 303 909 189 303 910 188 303 911 14 304 912 10 304 913 36 304 914 14 305 915 36 305 916 111 305 917 14 306 918 111 306 919 191 306 920 14 307 921 191 307 922 21 307 923 21 308 924 191 308 925 20 308 926 20 309 927 191 309 928 111 309 929 20 310 930 111 310 931 109 310 932 20 311 933 109 311 934 17 311 935 153 312 936 172 312 937 192 312 938 192 313 939 172 313 940 193 313 941 192 314 942 193 314 943 194 314 944 193 315 945 172 315 946 195 315 947 195 316 948 172 316 949 173 316 950 193 317 951 195 317 952 196 317 953 196 318 954 195 318 955 173 318 956 197 319 957 198 319 958 196 319 959 197 320 960 196 320 961 199 320 962 196 321 963 173 321 964 200 321 965 196 322 966 200 322 967 199 322 968 200 323 969 173 323 970 175 323 971 199 324 972 200 324 973 201 324 974 200 325 975 175 325 976 202 325 977 202 326 978 175 326 979 176 326 980 202 327 981 176 327 982 180 327 983 202 328 984 180 328 985 203 328 986 203 329 987 180 329 988 181 329 989 202 330 990 203 330 991 204 330 992 202 331 993 204 331 994 200 331 995 204 332 996 203 332 997 205 332 998 204 333 999 205 333 1000 206 333 1001 204 334 1002 206 334 1003 207 334 1004 200 335 1005 204 335 1006 208 335 1007 208 336 1008 204 336 1009 207 336 1010 200 337 1011 208 337 1012 201 337 1013 208 338 1014 207 338 1015 209 338 1016 201 339 1017 208 339 1018 210 339 1019 208 340 1020 209 340 1021 211 340 1022 208 341 1023 211 341 1024 210 341 1025 210 342 1026 211 342 1027 201 342 1028 211 343 1029 209 343 1030 212 343 1031 201 344 1032 211 344 1033 213 344 1034 201 345 1035 213 345 1036 199 345 1037 211 346 1038 212 346 1039 214 346 1040 211 347 1041 214 347 1042 213 347 1043 214 348 1044 212 348 1045 215 348 1046 214 349 1047 215 349 1048 216 349 1049 214 350 1050 216 350 1051 217 350 1052 213 351 1053 214 351 1054 218 351 1055 218 352 1056 214 352 1057 217 352 1058 213 353 1059 218 353 1060 219 353 1061 219 354 1062 218 354 1063 217 354 1064 219 355 1065 217 355 1066 220 355 1067 111 356 1068 36 356 1069 114 356 1070 114 357 1071 36 357 1072 221 357 1073 139 358 1074 143 358 1075 222 358 1076 139 359 1077 222 359 1078 223 359 1079 139 360 1080 223 360 1081 157 360 1082 222 361 1083 143 361 1084 224 361 1085 224 362 1086 143 362 1087 146 362 1088 224 363 1089 146 363 1090 147 363 1091 223 364 1092 222 364 1093 225 364 1094 223 365 1095 225 365 1096 157 365 1097 222 366 1098 224 366 1099 226 366 1100 222 367 1101 226 367 1102 225 367 1103 224 368 1104 147 368 1105 227 368 1106 224 369 1107 227 369 1108 226 369 1109 227 370 1110 147 370 1111 228 370 1112 227 371 1113 228 371 1114 226 371 1115 228 372 1116 147 372 1117 148 372 1118 228 373 1119 148 373 1120 229 373 1121 228 374 1122 229 374 1123 226 374 1124 230 375 1125 225 375 1126 226 375 1127 230 376 1128 226 376 1129 229 376 1130 225 377 1131 230 377 1132 231 377 1133 225 378 1134 231 378 1135 157 378 1136 230 379 1137 229 379 1138 232 379 1139 232 380 1140 229 380 1141 233 380 1142 230 381 1143 232 381 1144 231 381 1145 157 382 1146 231 382 1147 234 382 1148 234 383 1149 231 383 1150 235 383 1151 234 384 1152 235 384 1153 157 384 1154 235 385 1155 231 385 1156 236 385 1157 236 386 1158 231 386 1159 232 386 1160 157 387 1161 235 387 1162 237 387 1163 157 388 1164 237 388 1165 159 388 1166 159 389 1167 237 389 1168 238 389 1169 238 390 1170 237 390 1171 239 390 1172 238 391 1173 239 391 1174 240 391 1175 239 392 1176 237 392 1177 241 392 1178 237 393 1179 235 393 1180 242 393 1181 237 394 1182 242 394 1183 241 394 1184 242 395 1185 235 395 1186 236 395 1187 241 396 1188 242 396 1189 243 396 1190 243 397 1191 242 397 1192 236 397 1193 241 398 1194 243 398 1195 244 398 1196 243 399 1197 236 399 1198 245 399 1199 243 400 1200 245 400 1201 244 400 1202 245 401 1203 236 401 1204 232 401 1205 244 402 1206 245 402 1207 246 402 1208 246 403 1209 245 403 1210 232 403 1211 246 404 1212 232 404 1213 247 404 1214 153 405 1215 192 405 1216 248 405 1217 153 406 1218 248 406 1219 154 406 1220 181 407 1221 183 407 1222 185 407 1223 181 408 1224 185 408 1225 249 408 1226 181 409 1227 249 409 1228 205 409 1229 181 410 1230 205 410 1231 203 410 1232 154 411 1233 248 411 1234 250 411 1235 192 412 1236 251 412 1237 248 412 1238 248 413 1239 251 413 1240 250 413 1241 154 414 1242 250 414 1243 252 414 1244 154 415 1245 252 415 1246 155 415 1247 155 416 1248 252 416 1249 186 416 1250 186 417 1251 252 417 1252 253 417 1253 253 418 1254 252 418 1255 106 418 1256 106 419 1257 252 419 1258 254 419 1259 252 420 1260 250 420 1261 255 420 1262 252 421 1263 255 421 1264 254 421 1265 256 422 1266 250 422 1267 251 422 1268 250 423 1269 256 423 1270 255 423 1271 256 424 1272 251 424 1273 257 424 1274 257 425 1275 251 425 1276 258 425 1277 256 426 1278 257 426 1279 135 426 1280 256 427 1281 135 427 1282 255 427 1283 135 428 1284 257 428 1285 259 428 1286 255 429 1287 135 429 1288 134 429 1289 255 430 1290 134 430 1291 260 430 1292 255 431 1293 260 431 1294 254 431 1295 260 432 1296 134 432 1297 261 432 1298 260 433 1299 261 433 1300 262 433 1301 254 434 1302 260 434 1303 263 434 1304 263 435 1305 260 435 1306 262 435 1307 254 436 1308 263 436 1309 264 436 1310 264 437 1311 263 437 1312 265 437 1313 263 438 1314 262 438 1315 266 438 1316 265 439 1317 263 439 1318 267 439 1319 267 440 1320 263 440 1321 266 440 1322 267 441 1323 266 441 1324 268 441 1325 269 442 1326 135 442 1327 259 442 1328 135 443 1329 269 443 1330 136 443 1331 136 444 1332 269 444 1333 141 444 1334 269 445 1335 259 445 1336 270 445 1337 270 446 1338 259 446 1339 232 446 1340 141 447 1341 269 447 1342 233 447 1343 270 448 1344 232 448 1345 233 448 1346 270 449 1347 233 449 1348 269 449 1349 141 450 1350 233 450 1351 144 450 1352 144 451 1353 233 451 1354 148 451 1355 148 452 1356 233 452 1357 229 452 1358 249 453 1359 185 453 1360 190 453 1361 249 454 1362 190 454 1363 206 454 1364 249 455 1365 206 455 1366 205 455 1367 261 456 1368 134 456 1369 271 456 1370 271 457 1371 134 457 1372 133 457 1373 261 458 1374 271 458 1375 272 458 1376 272 459 1377 271 459 1378 133 459 1379 261 460 1380 272 460 1381 262 460 1382 262 461 1383 272 461 1384 273 461 1385 262 462 1386 273 462 1387 266 462 1388 272 463 1389 133 463 1390 274 463 1391 272 464 1392 274 464 1393 273 464 1394 273 465 1395 274 465 1396 266 465 1397 274 466 1398 133 466 1399 132 466 1400 266 467 1401 274 467 1402 275 467 1403 274 468 1404 132 468 1405 276 468 1406 274 469 1407 276 469 1408 275 469 1409 276 470 1410 132 470 1411 170 470 1412 275 471 1413 276 471 1414 277 471 1415 254 472 1416 99 472 1417 106 472 1418 99 473 1419 254 473 1420 103 473 1421 103 474 1422 254 474 1423 264 474 1424 103 475 1425 264 475 1426 278 475 1427 103 476 1428 278 476 1429 102 476 1430 102 477 1431 278 477 1432 279 477 1433 102 478 1434 279 478 1435 280 478 1436 278 479 1437 264 479 1438 281 479 1439 280 480 1440 279 480 1441 282 480 1442 282 481 1443 279 481 1444 278 481 1445 280 482 1446 282 482 1447 283 482 1448 282 483 1449 278 483 1450 284 483 1451 282 484 1452 284 484 1453 283 484 1454 284 485 1455 278 485 1456 281 485 1457 283 486 1458 284 486 1459 285 486 1460 285 487 1461 284 487 1462 286 487 1463 286 488 1464 284 488 1465 287 488 1466 287 489 1467 284 489 1468 281 489 1469 286 490 1470 287 490 1471 288 490 1472 288 491 1473 287 491 1474 281 491 1475 265 492 1476 281 492 1477 264 492 1478 288 493 1479 281 493 1480 289 493 1481 289 494 1482 281 494 1483 265 494 1484 288 495 1485 289 495 1486 290 495 1487 290 496 1488 289 496 1489 265 496 1490 290 497 1491 265 497 1492 267 497 1493 290 498 1494 267 498 1495 268 498 1496 291 499 1497 186 499 1498 253 499 1499 186 500 1500 291 500 1501 188 500 1502 291 501 1503 253 501 1504 292 501 1505 292 502 1506 253 502 1507 113 502 1508 292 503 1509 113 503 1510 209 503 1511 292 504 1512 209 504 1513 207 504 1514 291 505 1515 292 505 1516 293 505 1517 291 506 1518 293 506 1519 188 506 1520 293 507 1521 292 507 1522 207 507 1523 188 508 1524 293 508 1525 190 508 1526 190 509 1527 293 509 1528 207 509 1529 190 510 1530 207 510 1531 206 510 1532 106 511 1533 110 511 1534 253 511 1535 253 512 1536 110 512 1537 113 512 1538 251 513 1539 192 513 1540 258 513 1541 259 514 1542 257 514 1543 294 514 1544 259 515 1545 294 515 1546 232 515 1547 294 516 1548 257 516 1549 295 516 1550 295 517 1551 257 517 1552 258 517 1553 209 518 1554 113 518 1555 296 518 1556 97 519 1557 297 519 1558 95 519 1559 297 520 1560 97 520 1561 298 520 1562 297 521 1563 298 521 1564 95 521 1565 298 522 1566 97 522 1567 96 522 1568 298 523 1569 96 523 1570 100 523 1571 95 524 1572 298 524 1573 299 524 1574 299 525 1575 298 525 1576 100 525 1577 95 526 1578 299 526 1579 300 526 1580 95 527 1581 300 527 1582 301 527 1583 300 528 1584 299 528 1585 302 528 1586 300 529 1587 302 529 1588 301 529 1589 95 530 1590 301 530 1591 93 530 1592 93 531 1593 301 531 1594 303 531 1595 93 532 1596 303 532 1597 92 532 1598 92 533 1599 303 533 1600 91 533 1601 304 534 1602 299 534 1603 100 534 1604 302 535 1605 299 535 1606 305 535 1607 305 536 1608 299 536 1609 304 536 1610 302 537 1611 305 537 1612 306 537 1613 306 538 1614 305 538 1615 307 538 1616 306 539 1617 307 539 1618 302 539 1619 307 540 1620 305 540 1621 304 540 1622 302 541 1623 307 541 1624 308 541 1625 302 542 1626 308 542 1627 301 542 1628 307 543 1629 304 543 1630 309 543 1631 310 544 1632 304 544 1633 100 544 1634 304 545 1635 310 545 1636 309 545 1637 310 546 1638 100 546 1639 101 546 1640 307 547 1641 309 547 1642 311 547 1643 307 548 1644 311 548 1645 308 548 1646 311 549 1647 309 549 1648 312 549 1649 313 550 1650 301 550 1651 308 550 1652 313 551 1653 308 551 1654 311 551 1655 301 552 1656 313 552 1657 314 552 1658 314 553 1659 313 553 1660 311 553 1661 301 554 1662 314 554 1663 315 554 1664 315 555 1665 314 555 1666 311 555 1667 315 556 1668 311 556 1669 312 556 1670 301 557 1671 315 557 1672 316 557 1673 316 558 1674 315 558 1675 312 558 1676 317 559 1677 310 559 1678 101 559 1679 310 560 1680 317 560 1681 318 560 1682 317 561 1683 101 561 1684 102 561 1685 318 562 1686 317 562 1687 280 562 1688 280 563 1689 317 563 1690 102 563 1691 319 564 1692 320 564 1693 321 564 1694 320 565 1695 319 565 1696 322 565 1697 319 566 1698 321 566 1699 323 566 1700 319 567 1701 323 567 1702 322 567 1703 323 568 1704 321 568 1705 324 568 1706 324 569 1707 321 569 1708 325 569 1709 324 570 1710 325 570 1711 326 570 1712 325 571 1713 321 571 1714 322 571 1715 322 572 1716 321 572 1717 320 572 1718 325 573 1719 322 573 1720 323 573 1721 325 574 1722 323 574 1723 327 574 1724 327 575 1725 323 575 1726 324 575 1727 266 576 1728 275 576 1729 268 576 1730 309 577 1731 310 577 1732 328 577 1733 328 578 1734 310 578 1735 318 578 1736 328 579 1737 318 579 1738 329 579 1739 329 580 1740 318 580 1741 280 580 1742 329 581 1743 280 581 1744 283 581 1745 329 582 1746 283 582 1747 330 582 1748 329 583 1749 330 583 1750 331 583 1751 329 584 1752 331 584 1753 328 584 1754 330 585 1755 283 585 1756 332 585 1757 330 586 1758 332 586 1759 331 586 1760 332 587 1761 283 587 1762 285 587 1763 288 588 1764 285 588 1765 286 588 1766 285 589 1767 288 589 1768 290 589 1769 332 590 1770 285 590 1771 333 590 1772 333 591 1773 285 591 1774 290 591 1775 333 592 1776 290 592 1777 334 592 1778 334 593 1779 290 593 1780 268 593 1781 333 594 1782 334 594 1783 335 594 1784 333 595 1785 335 595 1786 332 595 1787 332 596 1788 335 596 1789 331 596 1790 331 597 1791 335 597 1792 336 597 1793 336 598 1794 335 598 1795 337 598 1796 336 599 1797 337 599 1798 338 599 1799 331 600 1800 336 600 1801 339 600 1802 331 601 1803 339 601 1804 328 601 1805 339 602 1806 336 602 1807 340 602 1808 339 603 1809 340 603 1810 341 603 1811 341 604 1812 340 604 1813 342 604 1814 328 605 1815 339 605 1816 343 605 1817 343 606 1818 339 606 1819 341 606 1820 328 607 1821 343 607 1822 344 607 1823 328 608 1824 344 608 1825 309 608 1826 343 609 1827 341 609 1828 345 609 1829 345 610 1830 341 610 1831 346 610 1832 345 611 1833 346 611 1834 343 611 1835 346 612 1836 341 612 1837 342 612 1838 346 613 1839 342 613 1840 347 613 1841 343 614 1842 346 614 1843 348 614 1844 343 615 1845 348 615 1846 344 615 1847 348 616 1848 346 616 1849 347 616 1850 347 617 1851 342 617 1852 349 617 1853 348 618 1854 347 618 1855 350 618 1856 348 619 1857 350 619 1858 344 619 1859 347 620 1860 349 620 1861 351 620 1862 350 621 1863 347 621 1864 352 621 1865 352 622 1866 347 622 1867 351 622 1868 351 623 1869 349 623 1870 353 623 1871 353 624 1872 349 624 1873 354 624 1874 351 625 1875 353 625 1876 301 625 1877 351 626 1878 301 626 1879 352 626 1880 353 627 1881 354 627 1882 355 627 1883 353 628 1884 355 628 1885 356 628 1886 356 629 1887 355 629 1888 357 629 1889 357 630 1890 355 630 1891 358 630 1892 357 631 1893 358 631 1894 359 631 1895 358 632 1896 355 632 1897 360 632 1898 358 633 1899 360 633 1900 361 633 1901 362 634 1902 352 634 1903 301 634 1904 363 635 1905 350 635 1906 352 635 1907 350 636 1908 363 636 1909 364 636 1910 350 637 1911 364 637 1912 344 637 1913 344 638 1914 364 638 1915 363 638 1916 363 639 1917 352 639 1918 365 639 1919 363 640 1920 365 640 1921 344 640 1922 365 641 1923 352 641 1924 362 641 1925 344 642 1926 365 642 1927 366 642 1928 365 643 1929 362 643 1930 367 643 1931 365 644 1932 367 644 1933 366 644 1934 344 645 1935 366 645 1936 309 645 1937 367 646 1938 362 646 1939 368 646 1940 367 647 1941 368 647 1942 366 647 1943 309 648 1944 366 648 1945 369 648 1946 369 649 1947 366 649 1948 368 649 1949 309 650 1950 369 650 1951 312 650 1952 369 651 1953 368 651 1954 370 651 1955 369 652 1956 370 652 1957 312 652 1958 368 653 1959 362 653 1960 371 653 1961 368 654 1962 371 654 1963 370 654 1964 370 655 1965 371 655 1966 312 655 1967 371 656 1968 362 656 1969 316 656 1970 371 657 1971 316 657 1972 312 657 1973 86 658 1974 85 658 1975 89 658 1976 86 659 1977 89 659 1978 91 659 1979 86 660 1980 91 660 1981 372 660 1982 91 661 1983 89 661 1984 90 661 1985 83 662 1986 84 662 1987 372 662 1988 372 663 1989 84 663 1990 86 663 1991 83 664 1992 372 664 1993 81 664 1994 373 665 1995 372 665 1996 91 665 1997 372 666 1998 373 666 1999 374 666 2000 372 667 2001 374 667 2002 81 667 2003 81 668 2004 374 668 2005 375 668 2006 81 669 2007 375 669 2008 80 669 2009 375 670 2010 374 670 2011 376 670 2012 80 671 2013 375 671 2014 377 671 2015 377 672 2016 375 672 2017 376 672 2018 80 673 2019 377 673 2020 378 673 2021 376 674 2022 374 674 2023 379 674 2024 376 675 2025 379 675 2026 380 675 2027 380 676 2028 379 676 2029 378 676 2030 377 677 2031 376 677 2032 381 677 2033 377 678 2034 381 678 2035 378 678 2036 381 679 2037 376 679 2038 380 679 2039 381 680 2040 380 680 2041 378 680 2042 303 681 2043 356 681 2044 91 681 2045 373 682 2046 91 682 2047 356 682 2048 373 683 2049 356 683 2050 382 683 2051 382 684 2052 356 684 2053 357 684 2054 373 685 2055 382 685 2056 383 685 2057 373 686 2058 383 686 2059 384 686 2060 382 687 2061 357 687 2062 385 687 2063 385 688 2064 357 688 2065 359 688 2066 383 689 2067 382 689 2068 386 689 2069 386 690 2070 382 690 2071 385 690 2072 383 691 2073 386 691 2074 387 691 2075 383 692 2076 387 692 2077 361 692 2078 383 693 2079 361 693 2080 360 693 2081 387 694 2082 386 694 2083 388 694 2084 388 695 2085 386 695 2086 385 695 2087 387 696 2088 388 696 2089 361 696 2090 388 697 2091 385 697 2092 359 697 2093 361 698 2094 388 698 2095 358 698 2096 358 699 2097 388 699 2098 359 699 2099 42 700 2100 44 700 2101 41 700 2102 41 701 2103 44 701 2104 389 701 2105 389 702 2106 44 702 2107 45 702 2108 389 703 2109 45 703 2110 46 703 2111 41 704 2112 389 704 2113 390 704 2114 41 705 2115 390 705 2116 391 705 2117 391 706 2118 390 706 2119 392 706 2120 391 707 2121 392 707 2122 393 707 2123 391 708 2124 393 708 2125 394 708 2126 391 709 2127 394 709 2128 41 709 2129 394 710 2130 393 710 2131 395 710 2132 394 711 2133 395 711 2134 396 711 2135 41 712 2136 394 712 2137 397 712 2138 397 713 2139 394 713 2140 396 713 2141 37 714 2142 39 714 2143 41 714 2144 37 715 2145 41 715 2146 397 715 2147 37 716 2148 397 716 2149 398 716 2150 37 717 2151 398 717 2152 38 717 2153 398 718 2154 397 718 2155 399 718 2156 399 719 2157 397 719 2158 400 719 2159 400 720 2160 397 720 2161 396 720 2162 400 721 2163 396 721 2164 401 721 2165 400 722 2166 401 722 2167 402 722 2168 403 723 2169 404 723 2170 405 723 2171 404 724 2172 403 724 2173 406 724 2174 404 725 2175 406 725 2176 163 725 2177 404 726 2178 163 726 2179 161 726 2180 161 727 2181 163 727 2182 160 727 2183 404 728 2184 161 728 2185 407 728 2186 404 729 2187 407 729 2188 405 729 2189 406 730 2190 403 730 2191 408 730 2192 406 731 2193 408 731 2194 409 731 2195 408 732 2196 403 732 2197 410 732 2198 410 733 2199 403 733 2200 405 733 2201 409 734 2202 408 734 2203 411 734 2204 411 735 2205 408 735 2206 410 735 2207 409 736 2208 411 736 2209 412 736 2210 412 737 2211 411 737 2212 410 737 2213 412 738 2214 410 738 2215 405 738 2216 409 739 2217 412 739 2218 413 739 2219 413 740 2220 412 740 2221 400 740 2222 400 741 2223 412 741 2224 405 741 2225 413 742 2226 400 742 2227 402 742 2228 400 743 2229 405 743 2230 399 743 2231 399 744 2232 405 744 2233 414 744 2234 414 745 2235 405 745 2236 407 745 2237 414 746 2238 407 746 2239 415 746 2240 414 747 2241 415 747 2242 416 747 2243 414 748 2244 398 748 2245 399 748 2246 416 749 2247 193 749 2248 414 749 2249 414 750 2250 193 750 2251 196 750 2252 398 751 2253 414 751 2254 417 751 2255 398 752 2256 417 752 2257 418 752 2258 414 753 2259 196 753 2260 419 753 2261 414 754 2262 419 754 2263 417 754 2264 419 755 2265 196 755 2266 198 755 2267 418 756 2268 417 756 2269 401 756 2270 418 757 2271 401 757 2272 396 757 2273 401 758 2274 417 758 2275 419 758 2276 419 759 2277 198 759 2278 420 759 2279 401 760 2280 419 760 2281 402 760 2282 419 761 2283 420 761 2284 421 761 2285 419 762 2286 421 762 2287 402 762 2288 402 763 2289 421 763 2290 422 763 2291 161 764 2292 158 764 2293 407 764 2294 407 765 2295 158 765 2296 423 765 2297 423 766 2298 158 766 2299 159 766 2300 407 767 2301 423 767 2302 424 767 2303 407 768 2304 424 768 2305 415 768 2306 413 769 2307 402 769 2308 415 769 2309 413 770 2310 415 770 2311 425 770 2312 425 771 2313 415 771 2314 424 771 2315 413 772 2316 425 772 2317 409 772 2318 425 773 2319 424 773 2320 426 773 2321 426 774 2322 424 774 2323 423 774 2324 409 775 2325 425 775 2326 427 775 2327 427 776 2328 425 776 2329 426 776 2330 409 777 2331 427 777 2332 428 777 2333 409 778 2334 428 778 2335 406 778 2336 406 779 2337 428 779 2338 163 779 2339 163 780 2340 428 780 2341 164 780 2342 164 781 2343 428 781 2344 429 781 2345 429 782 2346 428 782 2347 427 782 2348 164 783 2349 429 783 2350 169 783 2351 169 784 2352 429 784 2353 430 784 2354 429 785 2355 427 785 2356 431 785 2357 431 786 2358 427 786 2359 426 786 2360 430 787 2361 429 787 2362 432 787 2363 432 788 2364 429 788 2365 431 788 2366 430 789 2367 432 789 2368 433 789 2369 433 790 2370 432 790 2371 434 790 2372 432 791 2373 431 791 2374 435 791 2375 435 792 2376 431 792 2377 426 792 2378 432 793 2379 435 793 2380 436 793 2381 435 794 2382 426 794 2383 437 794 2384 435 795 2385 437 795 2386 294 795 2387 294 796 2388 437 796 2389 247 796 2390 437 797 2391 426 797 2392 423 797 2393 247 798 2394 437 798 2395 438 798 2396 247 799 2397 438 799 2398 246 799 2399 437 800 2400 423 800 2401 439 800 2402 437 801 2403 439 801 2404 438 801 2405 246 802 2406 438 802 2407 244 802 2408 439 803 2409 423 803 2410 440 803 2411 439 804 2412 440 804 2413 438 804 2414 244 805 2415 438 805 2416 441 805 2417 441 806 2418 438 806 2419 440 806 2420 244 807 2421 441 807 2422 241 807 2423 440 808 2424 423 808 2425 442 808 2426 442 809 2427 423 809 2428 159 809 2429 442 810 2430 159 810 2431 238 810 2432 442 811 2433 238 811 2434 240 811 2435 239 812 2436 241 812 2437 240 812 2438 440 813 2439 442 813 2440 443 813 2441 443 814 2442 442 814 2443 240 814 2444 443 815 2445 240 815 2446 241 815 2447 440 816 2448 443 816 2449 441 816 2450 441 817 2451 443 817 2452 241 817 2453 193 818 2454 416 818 2455 194 818 2456 194 819 2457 416 819 2458 402 819 2459 402 820 2460 416 820 2461 415 820 2462 194 821 2463 402 821 2464 422 821 2465 194 822 2466 422 822 2467 444 822 2468 194 823 2469 444 823 2470 192 823 2471 192 824 2472 444 824 2473 258 824 2474 444 825 2475 422 825 2476 445 825 2477 444 826 2478 445 826 2479 446 826 2480 446 827 2481 445 827 2482 447 827 2483 445 828 2484 422 828 2485 421 828 2486 447 829 2487 445 829 2488 448 829 2489 448 830 2490 445 830 2491 421 830 2492 448 831 2493 421 831 2494 420 831 2495 448 832 2496 420 832 2497 449 832 2498 449 833 2499 420 833 2500 450 833 2501 450 834 2502 420 834 2503 451 834 2504 451 835 2505 420 835 2506 198 835 2507 450 836 2508 451 836 2509 452 836 2510 450 837 2511 452 837 2512 453 837 2513 36 838 2514 38 838 2515 221 838 2516 221 839 2517 38 839 2518 398 839 2519 221 840 2520 398 840 2521 418 840 2522 221 841 2523 418 841 2524 396 841 2525 221 842 2526 396 842 2527 395 842 2528 221 843 2529 395 843 2530 454 843 2531 221 844 2532 454 844 2533 114 844 2534 114 845 2535 454 845 2536 455 845 2537 113 846 2538 455 846 2539 296 846 2540 296 847 2541 455 847 2542 456 847 2543 456 848 2544 455 848 2545 454 848 2546 454 849 2547 395 849 2548 457 849 2549 454 850 2550 457 850 2551 456 850 2552 456 851 2553 457 851 2554 447 851 2555 457 852 2556 395 852 2557 393 852 2558 447 853 2559 457 853 2560 458 853 2561 458 854 2562 457 854 2563 393 854 2564 458 855 2565 393 855 2566 459 855 2567 197 856 2568 460 856 2569 461 856 2570 197 857 2571 461 857 2572 198 857 2573 198 858 2574 461 858 2575 451 858 2576 451 859 2577 461 859 2578 452 859 2579 452 860 2580 461 860 2581 462 860 2582 462 861 2583 461 861 2584 460 861 2585 452 862 2586 462 862 2587 463 862 2588 452 863 2589 463 863 2590 453 863 2591 462 864 2592 460 864 2593 220 864 2594 199 865 2595 460 865 2596 197 865 2597 220 866 2598 460 866 2599 219 866 2600 460 867 2601 199 867 2602 464 867 2603 460 868 2604 464 868 2605 219 868 2606 464 869 2607 199 869 2608 213 869 2609 464 870 2610 213 870 2611 219 870 2612 390 871 2613 389 871 2614 465 871 2615 390 872 2616 465 872 2617 392 872 2618 465 873 2619 389 873 2620 466 873 2621 466 874 2622 389 874 2623 46 874 2624 466 875 2625 46 875 2626 50 875 2627 392 876 2628 465 876 2629 467 876 2630 392 877 2631 467 877 2632 393 877 2633 393 878 2634 467 878 2635 459 878 2636 459 879 2637 467 879 2638 468 879 2639 459 880 2640 468 880 2641 458 880 2642 467 881 2643 465 881 2644 469 881 2645 469 882 2646 465 882 2647 470 882 2648 470 883 2649 465 883 2650 471 883 2651 471 884 2652 465 884 2653 466 884 2654 471 885 2655 466 885 2656 472 885 2657 472 886 2658 466 886 2659 50 886 2660 471 887 2661 472 887 2662 473 887 2663 471 888 2664 473 888 2665 474 888 2666 473 889 2667 472 889 2668 475 889 2669 473 890 2670 475 890 2671 476 890 2672 476 891 2673 475 891 2674 477 891 2675 475 892 2676 472 892 2677 478 892 2678 478 893 2679 472 893 2680 50 893 2681 477 894 2682 475 894 2683 479 894 2684 479 895 2685 475 895 2686 478 895 2687 477 896 2688 479 896 2689 480 896 2690 477 897 2691 480 897 2692 481 897 2693 479 898 2694 478 898 2695 482 898 2696 482 899 2697 478 899 2698 50 899 2699 480 900 2700 479 900 2701 483 900 2702 483 901 2703 479 901 2704 482 901 2705 480 902 2706 483 902 2707 484 902 2708 484 903 2709 483 903 2710 485 903 2711 485 904 2712 483 904 2713 486 904 2714 486 905 2715 483 905 2716 487 905 2717 487 906 2718 483 906 2719 482 906 2720 486 907 2721 487 907 2722 488 907 2723 489 908 2724 482 908 2725 50 908 2726 482 909 2727 489 909 2728 487 909 2729 489 910 2730 50 910 2731 52 910 2732 488 911 2733 487 911 2734 490 911 2735 490 912 2736 487 912 2737 489 912 2738 489 913 2739 52 913 2740 62 913 2741 489 914 2742 62 914 2743 490 914 2744 490 915 2745 62 915 2746 63 915 2747 490 916 2748 63 916 2749 491 916 2750 216 917 2751 215 917 2752 453 917 2753 453 918 2754 215 918 2755 450 918 2756 450 919 2757 215 919 2758 212 919 2759 450 920 2760 212 920 2761 209 920 2762 450 921 2763 209 921 2764 449 921 2765 449 922 2766 209 922 2767 296 922 2768 449 923 2769 296 923 2770 456 923 2771 449 924 2772 456 924 2773 447 924 2774 449 925 2775 447 925 2776 448 925 2777 216 926 2778 453 926 2779 492 926 2780 492 927 2781 453 927 2782 463 927 2783 216 928 2784 492 928 2785 217 928 2786 217 929 2787 492 929 2788 463 929 2789 217 930 2790 463 930 2791 462 930 2792 217 931 2793 462 931 2794 220 931 2795 436 932 2796 446 932 2797 447 932 2798 436 933 2799 447 933 2800 493 933 2801 493 934 2802 447 934 2803 458 934 2804 493 935 2805 458 935 2806 494 935 2807 493 936 2808 494 936 2809 495 936 2810 493 937 2811 495 937 2812 496 937 2813 493 938 2814 496 938 2815 434 938 2816 493 939 2817 434 939 2818 432 939 2819 493 940 2820 432 940 2821 436 940 2822 497 941 2823 446 941 2824 436 941 2825 497 942 2826 436 942 2827 435 942 2828 444 943 2829 446 943 2830 258 943 2831 258 944 2832 446 944 2833 498 944 2834 498 945 2835 446 945 2836 497 945 2837 498 946 2838 497 946 2839 258 946 2840 258 947 2841 497 947 2842 295 947 2843 497 948 2844 435 948 2845 499 948 2846 497 949 2847 499 949 2848 295 949 2849 499 950 2850 435 950 2851 294 950 2852 499 951 2853 294 951 2854 295 951 2855 500 952 2856 501 952 2857 502 952 2858 501 953 2859 500 953 2860 503 953 2861 502 954 2862 501 954 2863 504 954 2864 502 955 2865 504 955 2866 486 955 2867 486 956 2868 504 956 2869 485 956 2870 504 957 2871 501 957 2872 505 957 2873 504 958 2874 505 958 2875 485 958 2876 501 959 2877 503 959 2878 506 959 2879 501 960 2880 506 960 2881 505 960 2882 506 961 2883 503 961 2884 507 961 2885 506 962 2886 507 962 2887 508 962 2888 506 963 2889 508 963 2890 509 963 2891 506 964 2892 509 964 2893 505 964 2894 509 965 2895 508 965 2896 510 965 2897 511 966 2898 512 966 2899 510 966 2900 510 967 2901 512 967 2902 509 967 2903 513 968 2904 485 968 2905 505 968 2906 485 969 2907 513 969 2908 484 969 2909 505 970 2910 509 970 2911 514 970 2912 505 971 2913 514 971 2914 513 971 2915 509 972 2916 512 972 2917 515 972 2918 515 973 2919 512 973 2920 516 973 2921 515 974 2922 516 974 2923 517 974 2924 515 975 2925 517 975 2926 518 975 2927 515 976 2928 518 976 2929 519 976 2930 515 977 2931 519 977 2932 481 977 2933 481 978 2934 519 978 2935 520 978 2936 481 979 2937 520 979 2938 477 979 2939 480 980 2940 484 980 2941 481 980 2942 481 981 2943 484 981 2944 513 981 2945 481 982 2946 513 982 2947 515 982 2948 515 983 2949 513 983 2950 521 983 2951 515 984 2952 521 984 2953 509 984 2954 521 985 2955 513 985 2956 522 985 2957 522 986 2958 513 986 2959 514 986 2960 523 987 2961 514 987 2962 509 987 2963 514 988 2964 523 988 2965 522 988 2966 523 989 2967 509 989 2968 521 989 2969 521 990 2970 522 990 2971 524 990 2972 521 991 2973 524 991 2974 523 991 2975 523 992 2976 524 992 2977 522 992 2978 488 993 2979 525 993 2980 486 993 2981 502 994 2982 486 994 2983 526 994 2984 526 995 2985 486 995 2986 525 995 2987 526 996 2988 525 996 2989 527 996 2990 527 997 2991 525 997 2992 528 997 2993 527 998 2994 528 998 2995 529 998 2996 525 999 2997 488 999 2998 530 999 2999 525 1000 3000 530 1000 3001 528 1000 3002 530 1001 3003 488 1001 3004 491 1001 3005 491 1002 3006 488 1002 3007 490 1002 3008 528 1003 3009 530 1003 3010 531 1003 3011 530 1004 3012 491 1004 3013 532 1004 3014 530 1005 3015 532 1005 3016 531 1005 3017 533 1006 3018 529 1006 3019 528 1006 3020 533 1007 3021 528 1007 3022 531 1007 3023 529 1008 3024 533 1008 3025 534 1008 3026 533 1009 3027 531 1009 3028 532 1009 3029 532 1010 3030 491 1010 3031 63 1010 3032 533 1011 3033 532 1011 3034 535 1011 3035 533 1012 3036 535 1012 3037 536 1012 3038 533 1013 3039 536 1013 3040 537 1013 3041 535 1014 3042 532 1014 3043 379 1014 3044 535 1015 3045 379 1015 3046 536 1015 3047 379 1016 3048 532 1016 3049 63 1016 3050 536 1017 3051 379 1017 3052 374 1017 3053 379 1018 3054 63 1018 3055 378 1018 3056 378 1019 3057 63 1019 3058 80 1019 3059 80 1020 3060 63 1020 3061 76 1020 3062 112 1021 3063 114 1021 3064 455 1021 3065 113 1022 3066 112 1022 3067 455 1022 3068 500 1023 3069 502 1023 3070 503 1023 3071 503 1024 3072 502 1024 3073 538 1024 3074 538 1025 3075 502 1025 3076 526 1025 3077 538 1026 3078 526 1026 3079 527 1026 3080 503 1027 3081 538 1027 3082 539 1027 3083 539 1028 3084 538 1028 3085 527 1028 3086 503 1029 3087 539 1029 3088 507 1029 3089 539 1030 3090 527 1030 3091 529 1030 3092 507 1031 3093 539 1031 3094 540 1031 3095 539 1032 3096 529 1032 3097 534 1032 3098 539 1033 3099 534 1033 3100 540 1033 3101 540 1034 3102 534 1034 3103 541 1034 3104 541 1035 3105 534 1035 3106 533 1035 3107 169 1036 3108 430 1036 3109 542 1036 3110 542 1037 3111 430 1037 3112 433 1037 3113 542 1038 3114 433 1038 3115 434 1038 3116 542 1039 3117 434 1039 3118 496 1039 3119 169 1040 3120 542 1040 3121 543 1040 3122 543 1041 3123 542 1041 3124 496 1041 3125 169 1042 3126 543 1042 3127 170 1042 3128 543 1043 3129 496 1043 3130 495 1043 3131 543 1044 3132 495 1044 3133 544 1044 3134 170 1045 3135 543 1045 3136 276 1045 3137 276 1046 3138 543 1046 3139 277 1046 3140 545 1047 3141 546 1047 3142 547 1047 3143 547 1048 3144 546 1048 3145 548 1048 3146 545 1049 3147 547 1049 3148 549 1049 3149 549 1050 3150 547 1050 3151 548 1050 3152 545 1051 3153 549 1051 3154 550 1051 3155 550 1052 3156 549 1052 3157 551 1052 3158 545 1053 3159 550 1053 3160 552 1053 3161 552 1054 3162 550 1054 3163 553 1054 3164 545 1055 3165 552 1055 3166 554 1055 3167 545 1056 3168 554 1056 3169 546 1056 3170 554 1057 3171 552 1057 3172 555 1057 3173 554 1058 3174 555 1058 3175 556 1058 3176 546 1059 3177 554 1059 3178 557 1059 3179 557 1060 3180 554 1060 3181 556 1060 3182 546 1061 3183 557 1061 3184 548 1061 3185 557 1062 3186 556 1062 3187 558 1062 3188 557 1063 3189 558 1063 3190 548 1063 3191 558 1064 3192 556 1064 3193 559 1064 3194 558 1065 3195 559 1065 3196 517 1065 3197 558 1066 3198 517 1066 3199 516 1066 3200 558 1067 3201 516 1067 3202 548 1067 3203 548 1068 3204 516 1068 3205 560 1068 3206 548 1069 3207 560 1069 3208 549 1069 3209 560 1070 3210 516 1070 3211 512 1070 3212 549 1071 3213 560 1071 3214 561 1071 3215 560 1072 3216 512 1072 3217 511 1072 3218 560 1073 3219 511 1073 3220 561 1073 3221 458 1074 3222 468 1074 3223 494 1074 3224 232 1075 3225 294 1075 3226 247 1075 3227 327 1076 3228 324 1076 3229 326 1076 3230 327 1077 3231 326 1077 3232 325 1077 3233 277 1078 3234 562 1078 3235 275 1078 3236 275 1079 3237 562 1079 3238 563 1079 3239 563 1080 3240 562 1080 3241 564 1080 3242 275 1081 3243 563 1081 3244 565 1081 3245 275 1082 3246 565 1082 3247 268 1082 3248 268 1083 3249 565 1083 3250 334 1083 3251 565 1084 3252 563 1084 3253 566 1084 3254 565 1085 3255 566 1085 3256 334 1085 3257 563 1086 3258 564 1086 3259 567 1086 3260 563 1087 3261 567 1087 3262 566 1087 3263 567 1088 3264 564 1088 3265 568 1088 3266 334 1089 3267 566 1089 3268 569 1089 3269 334 1090 3270 569 1090 3271 335 1090 3272 335 1091 3273 569 1091 3274 337 1091 3275 337 1092 3276 569 1092 3277 338 1092 3278 338 1093 3279 569 1093 3280 570 1093 3281 571 1094 3282 568 1094 3283 570 1094 3284 569 1095 3285 566 1095 3286 572 1095 3287 569 1096 3288 572 1096 3289 570 1096 3290 572 1097 3291 566 1097 3292 573 1097 3293 570 1098 3294 572 1098 3295 574 1098 3296 570 1099 3297 574 1099 3298 571 1099 3299 574 1100 3300 572 1100 3301 573 1100 3302 568 1101 3303 571 1101 3304 575 1101 3305 575 1102 3306 571 1102 3307 574 1102 3308 568 1103 3309 575 1103 3310 567 1103 3311 574 1104 3312 573 1104 3313 576 1104 3314 574 1105 3315 576 1105 3316 575 1105 3317 576 1106 3318 573 1106 3319 566 1106 3320 575 1107 3321 576 1107 3322 567 1107 3323 567 1108 3324 576 1108 3325 566 1108 3326 577 1109 3327 578 1109 3328 338 1109 3329 577 1110 3330 338 1110 3331 579 1110 3332 578 1111 3333 577 1111 3334 580 1111 3335 581 1112 3336 582 1112 3337 580 1112 3338 580 1113 3339 577 1113 3340 583 1113 3341 580 1114 3342 583 1114 3343 581 1114 3344 583 1115 3345 577 1115 3346 584 1115 3347 584 1116 3348 577 1116 3349 585 1116 3350 581 1117 3351 583 1117 3352 586 1117 3353 586 1118 3354 583 1118 3355 584 1118 3356 581 1119 3357 586 1119 3358 587 1119 3359 586 1120 3360 584 1120 3361 588 1120 3362 587 1121 3363 586 1121 3364 589 1121 3365 589 1122 3366 586 1122 3367 588 1122 3368 338 1123 3369 578 1123 3370 590 1123 3371 590 1124 3372 578 1124 3373 591 1124 3374 338 1125 3375 590 1125 3376 592 1125 3377 592 1126 3378 593 1126 3379 594 1126 3380 594 1127 3381 593 1127 3382 595 1127 3383 593 1128 3384 592 1128 3385 590 1128 3386 593 1129 3387 590 1129 3388 591 1129 3389 593 1130 3390 591 1130 3391 596 1130 3392 596 1131 3393 591 1131 3394 597 1131 3395 592 1132 3396 594 1132 3397 598 1132 3398 598 1133 3399 594 1133 3400 599 1133 3401 598 1134 3402 599 1134 3403 600 1134 3404 592 1135 3405 598 1135 3406 601 1135 3407 601 1136 3408 598 1136 3409 600 1136 3410 600 1137 3411 599 1137 3412 602 1137 3413 600 1138 3414 602 1138 3415 601 1138 3416 592 1139 3417 601 1139 3418 338 1139 3419 338 1140 3420 601 1140 3421 336 1140 3422 601 1141 3423 602 1141 3424 603 1141 3425 336 1142 3426 601 1142 3427 604 1142 3428 604 1143 3429 601 1143 3430 603 1143 3431 603 1144 3432 602 1144 3433 605 1144 3434 603 1145 3435 605 1145 3436 604 1145 3437 605 1146 3438 602 1146 3439 606 1146 3440 605 1147 3441 606 1147 3442 607 1147 3443 336 1148 3444 604 1148 3445 342 1148 3446 336 1149 3447 342 1149 3448 340 1149 3449 342 1150 3450 604 1150 3451 608 1150 3452 342 1151 3453 608 1151 3454 349 1151 3455 604 1152 3456 605 1152 3457 609 1152 3458 609 1153 3459 605 1153 3460 607 1153 3461 604 1154 3462 609 1154 3463 608 1154 3464 609 1155 3465 607 1155 3466 610 1155 3467 349 1156 3468 608 1156 3469 354 1156 3470 609 1157 3471 610 1157 3472 611 1157 3473 609 1158 3474 611 1158 3475 608 1158 3476 611 1159 3477 610 1159 3478 612 1159 3479 354 1160 3480 608 1160 3481 613 1160 3482 613 1161 3483 608 1161 3484 611 1161 3485 611 1162 3486 612 1162 3487 614 1162 3488 611 1163 3489 614 1163 3490 613 1163 3491 614 1164 3492 612 1164 3493 615 1164 3494 614 1165 3495 615 1165 3496 616 1165 3497 614 1166 3498 616 1166 3499 613 1166 3500 616 1167 3501 615 1167 3502 617 1167 3503 616 1168 3504 617 1168 3505 618 1168 3506 613 1169 3507 616 1169 3508 619 1169 3509 619 1170 3510 616 1170 3511 618 1170 3512 613 1171 3513 619 1171 3514 354 1171 3515 619 1172 3516 618 1172 3517 620 1172 3518 354 1173 3519 619 1173 3520 355 1173 3521 619 1174 3522 620 1174 3523 384 1174 3524 619 1175 3525 384 1175 3526 355 1175 3527 384 1176 3528 620 1176 3529 621 1176 3530 355 1177 3531 384 1177 3532 360 1177 3533 622 1178 3534 623 1178 3535 624 1178 3536 622 1179 3537 624 1179 3538 338 1179 3539 622 1180 3540 338 1180 3541 570 1180 3542 338 1181 3543 624 1181 3544 625 1181 3545 625 1182 3546 624 1182 3547 623 1182 3548 626 1183 3549 579 1183 3550 338 1183 3551 626 1184 3552 338 1184 3553 625 1184 3554 626 1185 3555 625 1185 3556 627 1185 3557 627 1186 3558 625 1186 3559 628 1186 3560 628 1187 3561 625 1187 3562 629 1187 3563 629 1188 3564 625 1188 3565 623 1188 3566 629 1189 3567 623 1189 3568 630 1189 3569 631 1190 3570 623 1190 3571 622 1190 3572 623 1191 3573 631 1191 3574 630 1191 3575 630 1192 3576 631 1192 3577 632 1192 3578 631 1193 3579 622 1193 3580 633 1193 3581 632 1194 3582 631 1194 3583 634 1194 3584 634 1195 3585 631 1195 3586 633 1195 3587 634 1196 3588 633 1196 3589 635 1196 3590 634 1197 3591 635 1197 3592 636 1197 3593 636 1198 3594 635 1198 3595 637 1198 3596 634 1199 3597 636 1199 3598 638 1199 3599 638 1200 3600 636 1200 3601 637 1200 3602 593 1201 3603 596 1201 3604 595 1201 3605 595 1202 3606 596 1202 3607 639 1202 3608 639 1203 3609 596 1203 3610 597 1203 3611 639 1204 3612 597 1204 3613 640 1204 3614 570 1205 3615 568 1205 3616 641 1205 3617 641 1206 3618 568 1206 3619 642 1206 3620 642 1207 3621 568 1207 3622 564 1207 3623 642 1208 3624 564 1208 3625 643 1208 3626 643 1209 3627 564 1209 3628 644 1209 3629 644 1210 3630 564 1210 3631 645 1210 3632 641 1211 3633 642 1211 3634 646 1211 3635 646 1212 3636 642 1212 3637 647 1212 3638 570 1213 3639 641 1213 3640 648 1213 3641 570 1214 3642 648 1214 3643 622 1214 3644 622 1215 3645 648 1215 3646 633 1215 3647 633 1216 3648 648 1216 3649 649 1216 3650 633 1217 3651 649 1217 3652 635 1217 3653 635 1218 3654 649 1218 3655 650 1218 3656 650 1219 3657 649 1219 3658 651 1219 3659 648 1220 3660 641 1220 3661 652 1220 3662 652 1221 3663 641 1221 3664 646 1221 3665 652 1222 3666 646 1222 3667 653 1222 3668 652 1223 3669 653 1223 3670 654 1223 3671 654 1224 3672 653 1224 3673 655 1224 3674 654 1225 3675 655 1225 3676 656 1225 3677 654 1226 3678 656 1226 3679 657 1226 3680 654 1227 3681 657 1227 3682 652 1227 3683 652 1228 3684 657 1228 3685 658 1228 3686 634 1229 3687 638 1229 3688 659 1229 3689 634 1230 3690 659 1230 3691 632 1230 3692 632 1231 3693 659 1231 3694 660 1231 3695 660 1232 3696 659 1232 3697 661 1232 3698 660 1233 3699 661 1233 3700 662 1233 3701 659 1234 3702 638 1234 3703 663 1234 3704 661 1235 3705 659 1235 3706 664 1235 3707 661 1236 3708 664 1236 3709 665 1236 3710 661 1237 3711 665 1237 3712 662 1237 3713 664 1238 3714 659 1238 3715 666 1238 3716 666 1239 3717 659 1239 3718 663 1239 3719 665 1240 3720 664 1240 3721 667 1240 3722 667 1241 3723 664 1241 3724 666 1241 3725 668 1242 3726 669 1242 3727 662 1242 3728 668 1243 3729 662 1243 3730 670 1243 3731 668 1244 3732 670 1244 3733 671 1244 3734 670 1245 3735 662 1245 3736 672 1245 3737 670 1246 3738 672 1246 3739 671 1246 3740 672 1247 3741 662 1247 3742 665 1247 3743 671 1248 3744 672 1248 3745 673 1248 3746 672 1249 3747 665 1249 3748 674 1249 3749 672 1250 3750 674 1250 3751 673 1250 3752 674 1251 3753 665 1251 3754 667 1251 3755 671 1252 3756 673 1252 3757 675 1252 3758 675 1253 3759 673 1253 3760 674 1253 3761 671 1254 3762 675 1254 3763 676 1254 3764 675 1255 3765 674 1255 3766 677 1255 3767 677 1256 3768 674 1256 3769 667 1256 3770 675 1257 3771 677 1257 3772 678 1257 3773 678 1258 3774 677 1258 3775 679 1258 3776 677 1259 3777 667 1259 3778 680 1259 3779 677 1260 3780 680 1260 3781 679 1260 3782 679 1261 3783 680 1261 3784 681 1261 3785 680 1262 3786 667 1262 3787 666 1262 3788 681 1263 3789 680 1263 3790 682 1263 3791 680 1264 3792 666 1264 3793 683 1264 3794 683 1265 3795 666 1265 3796 663 1265 3797 683 1266 3798 663 1266 3799 680 1266 3800 682 1267 3801 680 1267 3802 684 1267 3803 684 1268 3804 680 1268 3805 663 1268 3806 682 1269 3807 684 1269 3808 685 1269 3809 685 1270 3810 684 1270 3811 686 1270 3812 685 1271 3813 686 1271 3814 687 1271 3815 687 1272 3816 686 1272 3817 688 1272 3818 686 1273 3819 684 1273 3820 689 1273 3821 686 1274 3822 689 1274 3823 688 1274 3824 689 1275 3825 684 1275 3826 663 1275 3827 688 1276 3828 689 1276 3829 690 1276 3830 690 1277 3831 689 1277 3832 663 1277 3833 691 1278 3834 688 1278 3835 692 1278 3836 692 1279 3837 688 1279 3838 690 1279 3839 692 1280 3840 690 1280 3841 693 1280 3842 690 1281 3843 663 1281 3844 694 1281 3845 694 1282 3846 663 1282 3847 638 1282 3848 694 1283 3849 638 1283 3850 637 1283 3851 694 1284 3852 637 1284 3853 695 1284 3854 690 1285 3855 694 1285 3856 696 1285 3857 690 1286 3858 696 1286 3859 693 1286 3860 696 1287 3861 694 1287 3862 695 1287 3863 693 1288 3864 696 1288 3865 645 1288 3866 645 1289 3867 696 1289 3868 695 1289 3869 645 1290 3870 695 1290 3871 644 1290 3872 564 1291 3873 562 1291 3874 697 1291 3875 564 1292 3876 697 1292 3877 645 1292 3878 697 1293 3879 562 1293 3880 698 1293 3881 645 1294 3882 697 1294 3883 693 1294 3884 697 1295 3885 698 1295 3886 699 1295 3887 697 1296 3888 699 1296 3889 693 1296 3890 699 1297 3891 698 1297 3892 700 1297 3893 699 1298 3894 700 1298 3895 693 1298 3896 700 1299 3897 698 1299 3898 701 1299 3899 642 1300 3900 692 1300 3901 693 1300 3902 642 1301 3903 693 1301 3904 647 1301 3905 647 1302 3906 693 1302 3907 700 1302 3908 700 1303 3909 701 1303 3910 702 1303 3911 700 1304 3912 702 1304 3913 647 1304 3914 702 1305 3915 701 1305 3916 703 1305 3917 702 1306 3918 703 1306 3919 647 1306 3920 703 1307 3921 701 1307 3922 704 1307 3923 703 1308 3924 704 1308 3925 678 1308 3926 703 1309 3927 678 1309 3928 679 1309 3929 703 1310 3930 679 1310 3931 705 1310 3932 703 1311 3933 705 1311 3934 647 1311 3935 647 1312 3936 705 1312 3937 646 1312 3938 706 1313 3939 635 1313 3940 707 1313 3941 635 1314 3942 706 1314 3943 637 1314 3944 707 1315 3945 635 1315 3946 650 1315 3947 707 1316 3948 650 1316 3949 708 1316 3950 708 1317 3951 650 1317 3952 651 1317 3953 708 1318 3954 651 1318 3955 685 1318 3956 708 1319 3957 685 1319 3958 687 1319 3959 708 1320 3960 687 1320 3961 688 1320 3962 708 1321 3963 688 1321 3964 707 1321 3965 707 1322 3966 688 1322 3967 691 1322 3968 581 1323 3969 587 1323 3970 709 1323 3971 709 1324 3972 587 1324 3973 710 1324 3974 581 1325 3975 709 1325 3976 711 1325 3977 710 1326 3978 587 1326 3979 712 1326 3980 712 1327 3981 587 1327 3982 589 1327 3983 712 1328 3984 589 1328 3985 713 1328 3986 710 1329 3987 712 1329 3988 714 1329 3989 710 1330 3990 714 1330 3991 709 1330 3992 714 1331 3993 712 1331 3994 713 1331 3995 714 1332 3996 713 1332 3997 715 1332 3998 715 1333 3999 713 1333 4000 716 1333 4001 709 1334 4002 714 1334 4003 717 1334 4004 717 1335 4005 714 1335 4006 715 1335 4007 709 1336 4008 717 1336 4009 711 1336 4010 717 1337 4011 715 1337 4012 718 1337 4013 717 1338 4014 718 1338 4015 719 1338 4016 717 1339 4017 719 1339 4018 711 1339 4019 711 1340 4020 719 1340 4021 720 1340 4022 711 1341 4023 720 1341 4024 721 1341 4025 582 1342 4026 581 1342 4027 711 1342 4028 582 1343 4029 711 1343 4030 721 1343 4031 721 1344 4032 720 1344 4033 722 1344 4034 721 1345 4035 722 1345 4036 582 1345 4037 722 1346 4038 720 1346 4039 723 1346 4040 722 1347 4041 723 1347 4042 724 1347 4043 722 1348 4044 724 1348 4045 582 1348 4046 724 1349 4047 723 1349 4048 725 1349 4049 582 1350 4050 724 1350 4051 726 1350 4052 582 1351 4053 726 1351 4054 727 1351 4055 582 1352 4056 727 1352 4057 728 1352 4058 582 1353 4059 728 1353 4060 580 1353 4061 588 1354 4062 584 1354 4063 729 1354 4064 729 1355 4065 584 1355 4066 585 1355 4067 588 1356 4068 729 1356 4069 730 1356 4070 588 1357 4071 730 1357 4072 589 1357 4073 729 1358 4074 585 1358 4075 731 1358 4076 731 1359 4077 585 1359 4078 732 1359 4079 729 1360 4080 731 1360 4081 733 1360 4082 732 1361 4083 585 1361 4084 579 1361 4085 732 1362 4086 579 1362 4087 734 1362 4088 732 1363 4089 734 1363 4090 735 1363 4091 736 1364 4092 730 1364 4093 729 1364 4094 736 1365 4095 729 1365 4096 733 1365 4097 730 1366 4098 736 1366 4099 589 1366 4100 736 1367 4101 733 1367 4102 716 1367 4103 736 1368 4104 716 1368 4105 589 1368 4106 589 1369 4107 716 1369 4108 713 1369 4109 737 1370 4110 734 1370 4111 579 1370 4112 734 1371 4113 737 1371 4114 738 1371 4115 737 1372 4116 579 1372 4117 626 1372 4118 738 1373 4119 737 1373 4120 739 1373 4121 739 1374 4122 737 1374 4123 626 1374 4124 626 1375 4125 627 1375 4126 739 1375 4127 739 1376 4128 627 1376 4129 628 1376 4130 642 1377 4131 691 1377 4132 692 1377 4133 691 1378 4134 642 1378 4135 643 1378 4136 691 1379 4137 643 1379 4138 740 1379 4139 740 1380 4140 643 1380 4141 644 1380 4142 691 1381 4143 740 1381 4144 707 1381 4145 740 1382 4146 644 1382 4147 695 1382 4148 707 1383 4149 740 1383 4150 706 1383 4151 740 1384 4152 695 1384 4153 637 1384 4154 740 1385 4155 637 1385 4156 706 1385 4157 741 1386 4158 594 1386 4159 595 1386 4160 599 1387 4161 594 1387 4162 741 1387 4163 742 1388 4164 741 1388 4165 743 1388 4166 599 1389 4167 741 1389 4168 744 1389 4169 741 1390 4170 742 1390 4171 745 1390 4172 741 1391 4173 745 1391 4174 744 1391 4175 599 1392 4176 744 1392 4177 602 1392 4178 602 1393 4179 744 1393 4180 746 1393 4181 602 1394 4182 746 1394 4183 606 1394 4184 746 1395 4185 744 1395 4186 735 1395 4187 735 1396 4188 744 1396 4189 747 1396 4190 747 1397 4191 744 1397 4192 745 1397 4193 747 1398 4194 745 1398 4195 748 1398 4196 748 1399 4197 745 1399 4198 749 1399 4199 628 1400 4200 750 1400 4201 739 1400 4202 739 1401 4203 750 1401 4204 751 1401 4205 750 1402 4206 628 1402 4207 752 1402 4208 752 1403 4209 628 1403 4210 629 1403 4211 750 1404 4212 752 1404 4213 753 1404 4214 750 1405 4215 753 1405 4216 751 1405 4217 751 1406 4218 753 1406 4219 754 1406 4220 751 1407 4221 754 1407 4222 755 1407 4223 755 1408 4224 754 1408 4225 719 1408 4226 719 1409 4227 754 1409 4228 756 1409 4229 719 1410 4230 756 1410 4231 723 1410 4232 652 1411 4233 757 1411 4234 758 1411 4235 652 1412 4236 758 1412 4237 759 1412 4238 759 1413 4239 758 1413 4240 760 1413 4241 759 1414 4242 760 1414 4243 761 1414 4244 652 1415 4245 759 1415 4246 762 1415 4247 652 1416 4248 762 1416 4249 648 1416 4250 648 1417 4251 762 1417 4252 649 1417 4253 649 1418 4254 762 1418 4255 651 1418 4256 651 1419 4257 762 1419 4258 682 1419 4259 651 1420 4260 682 1420 4261 685 1420 4262 682 1421 4263 762 1421 4264 681 1421 4265 681 1422 4266 762 1422 4267 759 1422 4268 681 1423 4269 759 1423 4270 679 1423 4271 679 1424 4272 759 1424 4273 761 1424 4274 679 1425 4275 761 1425 4276 705 1425 4277 705 1426 4278 761 1426 4279 646 1426 4280 757 1427 4281 738 1427 4282 758 1427 4283 758 1428 4284 738 1428 4285 760 1428 4286 760 1429 4287 738 1429 4288 763 1429 4289 738 1430 4290 757 1430 4291 734 1430 4292 734 1431 4293 757 1431 4294 735 1431 4295 732 1432 4296 735 1432 4297 747 1432 4298 732 1433 4299 747 1433 4300 763 1433 4301 763 1434 4302 747 1434 4303 748 1434 4304 763 1435 4305 748 1435 4306 760 1435 4307 653 1436 4308 646 1436 4309 761 1436 4310 653 1437 4311 761 1437 4312 655 1437 4313 655 1438 4314 761 1438 4315 656 1438 4316 656 1439 4317 761 1439 4318 658 1439 4319 656 1440 4320 658 1440 4321 657 1440 4322 763 1441 4323 738 1441 4324 764 1441 4325 764 1442 4326 738 1442 4327 739 1442 4328 764 1443 4329 739 1443 4330 751 1443 4331 764 1444 4332 751 1444 4333 755 1444 4334 764 1445 4335 755 1445 4336 763 1445 4337 763 1446 4338 755 1446 4339 765 1446 4340 765 1447 4341 755 1447 4342 719 1447 4343 763 1448 4344 765 1448 4345 732 1448 4346 765 1449 4347 719 1449 4348 718 1449 4349 732 1450 4350 765 1450 4351 731 1450 4352 731 1451 4353 765 1451 4354 718 1451 4355 731 1452 4356 718 1452 4357 716 1452 4358 731 1453 4359 716 1453 4360 733 1453 4361 716 1454 4362 718 1454 4363 715 1454 4364 761 1455 4365 760 1455 4366 766 1455 4367 766 1456 4368 760 1456 4369 748 1456 4370 761 1457 4371 766 1457 4372 658 1457 4373 766 1458 4374 748 1458 4375 749 1458 4376 766 1459 4377 749 1459 4378 767 1459 4379 658 1460 4380 766 1460 4381 768 1460 4382 766 1461 4383 767 1461 4384 769 1461 4385 766 1462 4386 769 1462 4387 768 1462 4388 768 1463 4389 769 1463 4390 757 1463 4391 768 1464 4392 757 1464 4393 652 1464 4394 770 1465 4395 771 1465 4396 772 1465 4397 771 1466 4398 770 1466 4399 773 1466 4400 771 1467 4401 773 1467 4402 617 1467 4403 770 1468 4404 772 1468 4405 774 1468 4406 771 1469 4407 617 1469 4408 615 1469 4409 771 1470 4410 615 1470 4411 612 1470 4412 771 1471 4413 612 1471 4414 610 1471 4415 771 1472 4416 610 1472 4417 607 1472 4418 771 1473 4419 607 1473 4420 772 1473 4421 774 1474 4422 772 1474 4423 775 1474 4424 772 1475 4425 607 1475 4426 776 1475 4427 772 1476 4428 776 1476 4429 775 1476 4430 776 1477 4431 607 1477 4432 606 1477 4433 774 1478 4434 775 1478 4435 777 1478 4436 776 1479 4437 606 1479 4438 769 1479 4439 776 1480 4440 769 1480 4441 775 1480 4442 769 1481 4443 606 1481 4444 746 1481 4445 769 1482 4446 746 1482 4447 735 1482 4448 769 1483 4449 735 1483 4450 757 1483 4451 775 1484 4452 769 1484 4453 767 1484 4454 775 1485 4455 767 1485 4456 749 1485 4457 775 1486 4458 749 1486 4459 777 1486 4460 777 1487 4461 749 1487 4462 742 1487 4463 742 1488 4464 749 1488 4465 745 1488 4466 301 1489 4467 353 1489 4468 303 1489 4469 303 1490 4470 353 1490 4471 356 1490 4472 362 1491 4473 301 1491 4474 316 1491 4475 373 1492 4476 778 1492 4477 374 1492 4478 778 1493 4479 373 1493 4480 384 1493 4481 778 1494 4482 384 1494 4483 621 1494 4484 374 1495 4485 778 1495 4486 779 1495 4487 374 1496 4488 779 1496 4489 536 1496 4490 778 1497 4491 621 1497 4492 780 1497 4493 536 1498 4494 779 1498 4495 781 1498 4496 536 1499 4497 781 1499 4498 537 1499 4499 779 1500 4500 778 1500 4501 782 1500 4502 537 1501 4503 781 1501 4504 783 1501 4505 537 1502 4506 783 1502 4507 784 1502 4508 784 1503 4509 783 1503 4510 785 1503 4511 785 1504 4512 783 1504 4513 786 1504 4514 786 1505 4515 783 1505 4516 787 1505 4517 787 1506 4518 783 1506 4519 781 1506 4520 786 1507 4521 787 1507 4522 788 1507 4523 787 1508 4524 781 1508 4525 789 1508 4526 787 1509 4527 789 1509 4528 788 1509 4529 789 1510 4530 781 1510 4531 779 1510 4532 788 1511 4533 789 1511 4534 790 1511 4535 790 1512 4536 789 1512 4537 621 1512 4538 621 1513 4539 789 1513 4540 780 1513 4541 789 1514 4542 779 1514 4543 791 1514 4544 791 1515 4545 779 1515 4546 782 1515 4547 780 1516 4548 789 1516 4549 792 1516 4550 792 1517 4551 789 1517 4552 791 1517 4553 791 1518 4554 782 1518 4555 793 1518 4556 792 1519 4557 791 1519 4558 794 1519 4559 794 1520 4560 791 1520 4561 793 1520 4562 780 1521 4563 792 1521 4564 795 1521 4565 795 1522 4566 792 1522 4567 794 1522 4568 794 1523 4569 793 1523 4570 796 1523 4571 796 1524 4572 793 1524 4573 782 1524 4574 794 1525 4575 796 1525 4576 795 1525 4577 796 1526 4578 782 1526 4579 797 1526 4580 796 1527 4581 797 1527 4582 795 1527 4583 795 1528 4584 797 1528 4585 780 1528 4586 797 1529 4587 782 1529 4588 778 1529 4589 797 1530 4590 778 1530 4591 780 1530 4592 384 1531 4593 383 1531 4594 360 1531 4595 580 1532 4596 591 1532 4597 578 1532 4598 591 1533 4599 580 1533 4600 728 1533 4601 591 1534 4602 728 1534 4603 597 1534 4604 577 1535 4605 579 1535 4606 585 1535 4607 658 1536 4608 768 1536 4609 652 1536 4610 743 1537 4611 777 1537 4612 742 1537 4613 798 1538 4614 799 1538 4615 743 1538 4616 743 1539 4617 799 1539 4618 800 1539 4619 777 1540 4620 743 1540 4621 801 1540 4622 801 1541 4623 743 1541 4624 800 1541 4625 777 1542 4626 801 1542 4627 774 1542 4628 801 1543 4629 800 1543 4630 802 1543 4631 801 1544 4632 802 1544 4633 774 1544 4634 774 1545 4635 802 1545 4636 803 1545 4637 774 1546 4638 803 1546 4639 770 1546 4640 770 1547 4641 803 1547 4642 773 1547 4643 803 1548 4644 802 1548 4645 804 1548 4646 804 1549 4647 802 1549 4648 805 1549 4649 773 1550 4650 803 1550 4651 806 1550 4652 806 1551 4653 803 1551 4654 804 1551 4655 773 1552 4656 806 1552 4657 807 1552 4658 773 1553 4659 807 1553 4660 617 1553 4661 617 1554 4662 807 1554 4663 808 1554 4664 808 1555 4665 807 1555 4666 806 1555 4667 617 1556 4668 808 1556 4669 618 1556 4670 804 1557 4671 805 1557 4672 809 1557 4673 618 1558 4674 808 1558 4675 620 1558 4676 809 1559 4677 805 1559 4678 810 1559 4679 790 1560 4680 620 1560 4681 810 1560 4682 620 1561 4683 790 1561 4684 621 1561 4685 809 1562 4686 810 1562 4687 811 1562 4688 809 1563 4689 811 1563 4690 804 1563 4691 810 1564 4692 620 1564 4693 812 1564 4694 810 1565 4695 812 1565 4696 811 1565 4697 812 1566 4698 620 1566 4699 808 1566 4700 804 1567 4701 811 1567 4702 813 1567 4703 813 1568 4704 811 1568 4705 812 1568 4706 813 1569 4707 812 1569 4708 808 1569 4709 804 1570 4710 813 1570 4711 806 1570 4712 806 1571 4713 813 1571 4714 808 1571 4715 470 1572 4716 471 1572 4717 474 1572 4718 470 1573 4719 474 1573 4720 814 1573 4721 814 1574 4722 474 1574 4723 815 1574 4724 815 1575 4725 474 1575 4726 473 1575 4727 815 1576 4728 473 1576 4729 476 1576 4730 815 1577 4731 476 1577 4732 816 1577 4733 815 1578 4734 816 1578 4735 817 1578 4736 815 1579 4737 817 1579 4738 814 1579 4739 817 1580 4740 816 1580 4741 818 1580 4742 817 1581 4743 818 1581 4744 788 1581 4745 817 1582 4746 788 1582 4747 790 1582 4748 817 1583 4749 790 1583 4750 810 1583 4751 817 1584 4752 810 1584 4753 814 1584 4754 814 1585 4755 810 1585 4756 819 1585 4757 814 1586 4758 819 1586 4759 820 1586 4760 814 1587 4761 820 1587 4762 821 1587 4763 814 1588 4764 821 1588 4765 470 1588 4766 821 1589 4767 820 1589 4768 822 1589 4769 470 1590 4770 821 1590 4771 469 1590 4772 821 1591 4773 822 1591 4774 823 1591 4775 821 1592 4776 823 1592 4777 469 1592 4778 469 1593 4779 823 1593 4780 467 1593 4781 467 1594 4782 823 1594 4783 468 1594 4784 468 1595 4785 823 1595 4786 824 1595 4787 825 1596 4788 556 1596 4789 826 1596 4790 826 1597 4791 556 1597 4792 555 1597 4793 826 1598 4794 555 1598 4795 825 1598 4796 556 1599 4797 825 1599 4798 559 1599 4799 825 1600 4800 555 1600 4801 553 1600 4802 553 1601 4803 555 1601 4804 552 1601 4805 825 1602 4806 553 1602 4807 551 1602 4808 551 1603 4809 553 1603 4810 550 1603 4811 559 1604 4812 825 1604 4813 827 1604 4814 827 1605 4815 825 1605 4816 551 1605 4817 827 1606 4818 551 1606 4819 561 1606 4820 561 1607 4821 551 1607 4822 549 1607 4823 827 1608 4824 561 1608 4825 828 1608 4826 828 1609 4827 561 1609 4828 511 1609 4829 559 1610 4830 827 1610 4831 829 1610 4832 829 1611 4833 827 1611 4834 828 1611 4835 559 1612 4836 829 1612 4837 517 1612 4838 828 1613 4839 511 1613 4840 510 1613 4841 517 1614 4842 829 1614 4843 518 1614 4844 518 1615 4845 829 1615 4846 828 1615 4847 828 1616 4848 510 1616 4849 830 1616 4850 828 1617 4851 830 1617 4852 518 1617 4853 830 1618 4854 510 1618 4855 508 1618 4856 831 1619 4857 508 1619 4858 507 1619 4859 508 1620 4860 831 1620 4861 832 1620 4862 508 1621 4863 832 1621 4864 830 1621 4865 832 1622 4866 831 1622 4867 833 1622 4868 833 1623 4869 831 1623 4870 834 1623 4871 834 1624 4872 831 1624 4873 835 1624 4874 832 1625 4875 833 1625 4876 836 1625 4877 832 1626 4878 836 1626 4879 830 1626 4880 834 1627 4881 835 1627 4882 837 1627 4883 834 1628 4884 837 1628 4885 833 1628 4886 837 1629 4887 835 1629 4888 838 1629 4889 837 1630 4890 838 1630 4891 839 1630 4892 833 1631 4893 837 1631 4894 840 1631 4895 840 1632 4896 837 1632 4897 839 1632 4898 833 1633 4899 840 1633 4900 836 1633 4901 840 1634 4902 839 1634 4903 841 1634 4904 841 1635 4905 839 1635 4906 842 1635 4907 836 1636 4908 840 1636 4909 843 1636 4910 843 1637 4911 840 1637 4912 841 1637 4913 841 1638 4914 842 1638 4915 844 1638 4916 841 1639 4917 844 1639 4918 843 1639 4919 844 1640 4920 842 1640 4921 845 1640 4922 844 1641 4923 845 1641 4924 520 1641 4925 844 1642 4926 520 1642 4927 519 1642 4928 844 1643 4929 519 1643 4930 518 1643 4931 844 1644 4932 518 1644 4933 843 1644 4934 843 1645 4935 518 1645 4936 846 1645 4937 846 1646 4938 518 1646 4939 830 1646 4940 847 1647 4941 830 1647 4942 836 1647 4943 848 1648 4944 836 1648 4945 843 1648 4946 836 1649 4947 848 1649 4948 847 1649 4949 830 1650 4950 847 1650 4951 849 1650 4952 849 1651 4953 847 1651 4954 848 1651 4955 830 1652 4956 849 1652 4957 846 1652 4958 848 1653 4959 843 1653 4960 850 1653 4961 848 1654 4962 850 1654 4963 849 1654 4964 850 1655 4965 843 1655 4966 846 1655 4967 849 1656 4968 850 1656 4969 851 1656 4970 849 1657 4971 851 1657 4972 846 1657 4973 846 1658 4974 851 1658 4975 850 1658 4976 476 1659 4977 477 1659 4978 852 1659 4979 852 1660 4980 477 1660 4981 520 1660 4982 476 1661 4983 852 1661 4984 816 1661 4985 852 1662 4986 520 1662 4987 845 1662 4988 852 1663 4989 845 1663 4990 816 1663 4991 816 1664 4992 845 1664 4993 818 1664 4994 818 1665 4995 845 1665 4996 853 1665 4997 853 1666 4998 845 1666 4999 842 1666 5000 818 1667 5001 853 1667 5002 788 1667 5003 853 1668 5004 842 1668 5005 854 1668 5006 853 1669 5007 854 1669 5008 788 1669 5009 854 1670 5010 842 1670 5011 839 1670 5012 788 1671 5013 854 1671 5014 786 1671 5015 854 1672 5016 839 1672 5017 855 1672 5018 854 1673 5019 855 1673 5020 786 1673 5021 855 1674 5022 839 1674 5023 838 1674 5024 786 1675 5025 855 1675 5026 785 1675 5027 785 1676 5028 855 1676 5029 838 1676 5030 785 1677 5031 838 1677 5032 835 1677 5033 277 1678 5034 543 1678 5035 562 1678 5036 562 1679 5037 543 1679 5038 544 1679 5039 698 1680 5040 562 1680 5041 856 1680 5042 856 1681 5043 562 1681 5044 857 1681 5045 857 1682 5046 562 1682 5047 544 1682 5048 856 1683 5049 857 1683 5050 858 1683 5051 858 1684 5052 857 1684 5053 859 1684 5054 858 1685 5055 859 1685 5056 860 1685 5057 860 1686 5058 859 1686 5059 861 1686 5060 861 1687 5061 859 1687 5062 857 1687 5063 861 1688 5064 857 1688 5065 862 1688 5066 857 1689 5067 544 1689 5068 863 1689 5069 857 1690 5070 863 1690 5071 862 1690 5072 863 1691 5073 544 1691 5074 495 1691 5075 863 1692 5076 495 1692 5077 494 1692 5078 863 1693 5079 494 1693 5080 862 1693 5081 862 1694 5082 494 1694 5083 864 1694 5084 864 1695 5085 494 1695 5086 865 1695 5087 507 1696 5088 540 1696 5089 866 1696 5090 507 1697 5091 866 1697 5092 831 1697 5093 866 1698 5094 540 1698 5095 541 1698 5096 831 1699 5097 866 1699 5098 835 1699 5099 866 1700 5100 541 1700 5101 784 1700 5102 784 1701 5103 541 1701 5104 537 1701 5105 835 1702 5106 866 1702 5107 867 1702 5108 867 1703 5109 866 1703 5110 784 1703 5111 835 1704 5112 867 1704 5113 785 1704 5114 785 1705 5115 867 1705 5116 784 1705 5117 494 1706 5118 468 1706 5119 824 1706 5120 494 1707 5121 824 1707 5122 865 1707 5123 864 1708 5124 865 1708 5125 640 1708 5126 640 1709 5127 865 1709 5128 868 1709 5129 868 1710 5130 865 1710 5131 824 1710 5132 640 1711 5133 868 1711 5134 639 1711 5135 639 1712 5136 868 1712 5137 595 1712 5138 868 1713 5139 824 1713 5140 869 1713 5141 868 1714 5142 869 1714 5143 595 1714 5144 869 1715 5145 824 1715 5146 870 1715 5147 870 1716 5148 824 1716 5149 823 1716 5150 869 1717 5151 870 1717 5152 871 1717 5153 869 1718 5154 871 1718 5155 595 1718 5156 595 1719 5157 871 1719 5158 872 1719 5159 595 1720 5160 872 1720 5161 798 1720 5162 595 1721 5163 798 1721 5164 743 1721 5165 595 1722 5166 743 1722 5167 741 1722 5168 873 1723 5169 874 1723 5170 875 1723 5171 862 1724 5172 864 1724 5173 874 1724 5174 862 1725 5175 874 1725 5176 873 1725 5177 862 1726 5178 873 1726 5179 861 1726 5180 861 1727 5181 873 1727 5182 860 1727 5183 860 1728 5184 873 1728 5185 858 1728 5186 873 1729 5187 875 1729 5188 876 1729 5189 873 1730 5190 876 1730 5191 858 1730 5192 876 1731 5193 875 1731 5194 877 1731 5195 858 1732 5196 876 1732 5197 878 1732 5198 878 1733 5199 876 1733 5200 877 1733 5201 858 1734 5202 878 1734 5203 856 1734 5204 877 1735 5205 875 1735 5206 879 1735 5207 856 1736 5208 878 1736 5209 880 1736 5210 856 1737 5211 880 1737 5212 701 1737 5213 856 1738 5214 701 1738 5215 698 1738 5216 880 1739 5217 878 1739 5218 881 1739 5219 880 1740 5220 881 1740 5221 701 1740 5222 881 1741 5223 878 1741 5224 877 1741 5225 701 1742 5226 881 1742 5227 704 1742 5228 704 1743 5229 881 1743 5230 882 1743 5231 882 1744 5232 881 1744 5233 877 1744 5234 704 1745 5235 882 1745 5236 883 1745 5237 884 1746 5238 877 1746 5239 879 1746 5240 877 1747 5241 884 1747 5242 882 1747 5243 884 1748 5244 879 1748 5245 885 1748 5246 678 1749 5247 885 1749 5248 675 1749 5249 884 1750 5250 885 1750 5251 886 1750 5252 885 1751 5253 678 1751 5254 887 1751 5255 885 1752 5256 887 1752 5257 886 1752 5258 887 1753 5259 678 1753 5260 883 1753 5261 883 1754 5262 678 1754 5263 704 1754 5264 887 1755 5265 883 1755 5266 888 1755 5267 887 1756 5268 888 1756 5269 886 1756 5270 888 1757 5271 883 1757 5272 889 1757 5273 884 1758 5274 886 1758 5275 890 1758 5276 890 1759 5277 886 1759 5278 888 1759 5279 890 1760 5280 888 1760 5281 891 1760 5282 884 1761 5283 890 1761 5284 882 1761 5285 882 1762 5286 890 1762 5287 892 1762 5288 892 1763 5289 890 1763 5290 893 1763 5291 882 1764 5292 892 1764 5293 894 1764 5294 892 1765 5295 893 1765 5296 895 1765 5297 892 1766 5298 895 1766 5299 894 1766 5300 882 1767 5301 894 1767 5302 896 1767 5303 896 1768 5304 894 1768 5305 895 1768 5306 896 1769 5307 895 1769 5308 893 1769 5309 882 1770 5310 896 1770 5311 883 1770 5312 883 1771 5313 896 1771 5314 893 1771 5315 883 1772 5316 893 1772 5317 897 1772 5318 898 1773 5319 899 1773 5320 864 1773 5321 864 1774 5322 899 1774 5323 900 1774 5324 898 1775 5325 864 1775 5326 640 1775 5327 898 1776 5328 640 1776 5329 901 1776 5330 898 1777 5331 901 1777 5332 902 1777 5333 902 1778 5334 901 1778 5335 903 1778 5336 864 1779 5337 752 1779 5338 904 1779 5339 904 1780 5340 752 1780 5341 629 1780 5342 752 1781 5343 864 1781 5344 900 1781 5345 660 1782 5346 662 1782 5347 905 1782 5348 905 1783 5349 662 1783 5350 669 1783 5351 660 1784 5352 905 1784 5353 906 1784 5354 660 1785 5355 906 1785 5356 632 1785 5357 905 1786 5358 669 1786 5359 907 1786 5360 907 1787 5361 669 1787 5362 668 1787 5363 632 1788 5364 906 1788 5365 908 1788 5366 907 1789 5367 668 1789 5368 671 1789 5369 905 1790 5370 907 1790 5371 909 1790 5372 905 1791 5373 909 1791 5374 906 1791 5375 907 1792 5376 671 1792 5377 910 1792 5378 910 1793 5379 671 1793 5380 676 1793 5381 909 1794 5382 907 1794 5383 911 1794 5384 911 1795 5385 907 1795 5386 910 1795 5387 910 1796 5388 676 1796 5389 912 1796 5390 910 1797 5391 912 1797 5392 911 1797 5393 912 1798 5394 676 1798 5395 675 1798 5396 912 1799 5397 675 1799 5398 885 1799 5399 911 1800 5400 912 1800 5401 913 1800 5402 913 1801 5403 912 1801 5404 885 1801 5405 911 1802 5406 913 1802 5407 909 1802 5408 913 1803 5409 885 1803 5410 914 1803 5411 913 1804 5412 914 1804 5413 909 1804 5414 909 1805 5415 914 1805 5416 906 1805 5417 914 1806 5418 885 1806 5419 879 1806 5420 914 1807 5421 879 1807 5422 875 1807 5423 914 1808 5424 875 1808 5425 874 1808 5426 914 1809 5427 874 1809 5428 906 1809 5429 906 1810 5430 874 1810 5431 915 1810 5432 915 1811 5433 874 1811 5434 864 1811 5435 906 1812 5436 915 1812 5437 908 1812 5438 915 1813 5439 864 1813 5440 904 1813 5441 915 1814 5442 904 1814 5443 908 1814 5444 908 1815 5445 904 1815 5446 629 1815 5447 727 1816 5448 726 1816 5449 916 1816 5450 916 1817 5451 726 1817 5452 724 1817 5453 916 1818 5454 724 1818 5455 917 1818 5456 917 1819 5457 724 1819 5458 725 1819 5459 727 1820 5460 916 1820 5461 901 1820 5462 901 1821 5463 916 1821 5464 903 1821 5465 727 1822 5466 901 1822 5467 728 1822 5468 728 1823 5469 901 1823 5470 640 1823 5471 728 1824 5472 640 1824 5473 597 1824 5474 823 1825 5475 822 1825 5476 918 1825 5477 823 1826 5478 918 1826 5479 870 1826 5480 918 1827 5481 822 1827 5482 919 1827 5483 919 1828 5484 822 1828 5485 820 1828 5486 870 1829 5487 918 1829 5488 920 1829 5489 920 1830 5490 918 1830 5491 919 1830 5492 919 1831 5493 820 1831 5494 921 1831 5495 919 1832 5496 921 1832 5497 920 1832 5498 921 1833 5499 820 1833 5500 922 1833 5501 922 1834 5502 820 1834 5503 819 1834 5504 922 1835 5505 819 1835 5506 810 1835 5507 922 1836 5508 810 1836 5509 805 1836 5510 922 1837 5511 805 1837 5512 921 1837 5513 921 1838 5514 805 1838 5515 920 1838 5516 920 1839 5517 805 1839 5518 802 1839 5519 923 1840 5520 870 1840 5521 920 1840 5522 923 1841 5523 920 1841 5524 802 1841 5525 870 1842 5526 923 1842 5527 871 1842 5528 923 1843 5529 802 1843 5530 800 1843 5531 871 1844 5532 923 1844 5533 924 1844 5534 923 1845 5535 800 1845 5536 799 1845 5537 923 1846 5538 799 1846 5539 924 1846 5540 924 1847 5541 799 1847 5542 897 1847 5543 924 1848 5544 897 1848 5545 893 1848 5546 916 1849 5547 925 1849 5548 903 1849 5549 925 1850 5550 916 1850 5551 917 1850 5552 925 1851 5553 917 1851 5554 926 1851 5555 903 1852 5556 925 1852 5557 725 1852 5558 903 1853 5559 725 1853 5560 902 1853 5561 925 1854 5562 926 1854 5563 927 1854 5564 925 1855 5565 927 1855 5566 725 1855 5567 927 1856 5568 926 1856 5569 928 1856 5570 927 1857 5571 928 1857 5572 725 1857 5573 928 1858 5574 926 1858 5575 723 1858 5576 928 1859 5577 723 1859 5578 725 1859 5579 899 1860 5580 902 1860 5581 900 1860 5582 902 1861 5583 899 1861 5584 898 1861 5585 891 1862 5586 752 1862 5587 900 1862 5588 891 1863 5589 900 1863 5590 929 1863 5591 929 1864 5592 900 1864 5593 902 1864 5594 891 1865 5595 929 1865 5596 890 1865 5597 890 1866 5598 929 1866 5599 893 1866 5600 893 1867 5601 929 1867 5602 924 1867 5603 924 1868 5604 929 1868 5605 871 1868 5606 871 1869 5607 929 1869 5608 930 1869 5609 871 1870 5610 930 1870 5611 872 1870 5612 872 1871 5613 930 1871 5614 798 1871 5615 930 1872 5616 929 1872 5617 931 1872 5618 931 1873 5619 929 1873 5620 902 1873 5621 798 1874 5622 930 1874 5623 889 1874 5624 889 1875 5625 930 1875 5626 931 1875 5627 798 1876 5628 889 1876 5629 799 1876 5630 799 1877 5631 889 1877 5632 897 1877 5633 897 1878 5634 889 1878 5635 883 1878 5636 889 1879 5637 931 1879 5638 756 1879 5639 756 1880 5640 931 1880 5641 902 1880 5642 756 1881 5643 902 1881 5644 725 1881 5645 756 1882 5646 725 1882 5647 932 1882 5648 756 1883 5649 932 1883 5650 723 1883 5651 752 1884 5652 891 1884 5653 753 1884 5654 753 1885 5655 891 1885 5656 889 1885 5657 889 1886 5658 891 1886 5659 888 1886 5660 753 1887 5661 889 1887 5662 756 1887 5663 753 1888 5664 756 1888 5665 754 1888 5666 537 1889 5667 541 1889 5668 533 1889 5669 632 1890 5670 908 1890 5671 630 1890 5672 630 1891 5673 908 1891 5674 629 1891 5675 725 1892 5676 926 1892 5677 917 1892 5678 926 1893 5679 725 1893 5680 932 1893 5681 926 1894 5682 932 1894 5683 723 1894 5684</p>
        </polylist>
      </mesh>
    </geometry>
  </library_geometries>
  <library_visual_scenes>
    <visual_scene id="Scene" name="Scene">
      <node id="CookingTable_Level_4" name="CookingTable_Level_4" type="NODE">
        <scale sid="scale">1 1 1</scale>
        <translate sid="location">0 0 0</translate>
        <rotate sid="rotationX">1 0 0 0</rotate>
        <rotate sid="rotationY">0 1 0 90</rotate>
        <rotate sid="rotationZ">0 0 1 0</rotate>
        <instance_geometry url="#CookingTable_Level_4-mesh" name="CookingTable_Level_4">
          <bind_material>
            <technique_common>
            </technique_common>
          </bind_material>
        </instance_geometry>
      </node>
    </visual_scene>
  </library_visual_scenes>
  <scene>
    <instance_visual_scene url="#Scene"/>
  </scene>
</COLLADA>
