<?xml version="1.0" encoding="utf-8"?>
<COLLADA xmlns="http://www.collada.org/2005/11/COLLADASchema" version="1.4.1" xmlns:xsi="http://www.w3.org/2001/XMLSchema-instance">
  <asset>
    <contributor>
      <author>Blockbench user</author>
      <authoring_tool>Blockbench</authoring_tool>
    </contributor>
    <created>2026-05-17T06:13:35.644Z</created>
    <modified>2026-05-17T06:13:35.644Z</modified>
    <unit name="meter" meter="1.0"/>
    <up_axis>Y_UP</up_axis>
  </asset>
  <library_effects>
  </library_effects>
  <library_images>
  </library_images>
  <library_materials>
  </library_materials>
  <library_geometries>
    <geometry id="CornerTable3-mesh" name="CornerTable3">
      <mesh>
        <source id="CornerTable3-mesh-positions">
          <float_array id="CornerTable3-mesh-positions-array" count="6987">0.448822 -0.158417 -0.097504 -0.335419 -0.458038 -0.334564 -0.376587 -0.45932 -0.332855 -0.377258 -0.375122 -0.334595 -0.3479 -0.36615 -0.336426 -0.330353 -0.459167 -0.302338 -0.376373 -0.459015 -0.297516 -0.335907 -0.450531 -0.297119 -0.330261 -0.105568 -0.30246 -0.330261 -0.451782 -0.329163 -0.330292 -0.289673 -0.329163 -0.330688 -0.133423 -0.334137 -0.335785 -0.268555 -0.334717 -0.351715 -0.30603 -0.335022 -0.351898 -0.140045 -0.334747 -0.345764 -0.301147 -0.349243 -0.345703 -0.13327 -0.349274 -0.231506 -0.300232 -0.387726 -0.233047 0.027569 -0.387299 -0.377258 -0.375122 -0.334595 -0.376587 -0.45932 -0.332855 -0.377502 -0.375 -0.302368 -0.376373 -0.459015 -0.297516 -0.371155 -0.367187 -0.296967 -0.335907 -0.450531 -0.297119 -0.371552 -0.306152 -0.296967 -0.364197 -0.376648 -0.353973 -0.379639 -0.367523 -0.367432 -0.262085 -0.366028 -0.404877 -0.377258 -0.375122 -0.334595 -0.3479 -0.36615 -0.336426 -0.378937 -0.305359 -0.368958 -0.394958 -0.306702 -0.330475 -0.23555 -0.305023 -0.41333 -0.191071 -0.364532 -0.428223 -0.060982 -0.306366 -0.4729 -0.057529 -0.364227 -0.473267 -0.116211 -0.374176 -0.438171 -0.241776 -0.374359 -0.39917 -0.22406 -0.374542 -0.391693 -0.140366 -0.368347 -0.401855 -0.22525 -0.366852 -0.376678 -0.351715 -0.30603 -0.335022 -0.2117 -0.305908 -0.380859 -0.345764 -0.301147 -0.349243 -0.037106 -0.30426 -0.432892 -0.231506 -0.300232 -0.387726 -0.107803 -0.298584 -0.428162 -0.120598 0.024553 -0.423798 -0.040375 -0.298431 -0.448364 -0.041176 -0.150024 -0.448151 0.072754 -0.139496 -0.452606 -0.378937 -0.305359 -0.368958 -0.394958 -0.306702 -0.330475 -0.384277 -0.301239 -0.330444 -0.378632 -0.299561 -0.326843 -0.369202 -0.300781 -0.33551 -0.384308 -0.095749 -0.330231 -0.401886 -0.300293 -0.29187 -0.437592 -0.301208 -0.211975 -0.379639 -0.367523 -0.367432 -0.450409 -0.364594 -0.199844 -0.450439 -0.306366 -0.199768 -0.442963 -0.300323 -0.185516 -0.443146 -0.132797 -0.185104 -0.442963 0.027885 -0.185791 -0.379639 -0.367523 -0.367432 -0.377258 -0.375122 -0.334595 -0.450409 -0.364594 -0.199844 -0.428375 -0.37439 -0.211853 -0.441986 -0.373169 -0.170166 -0.428253 -0.373322 -0.071579 -0.371155 -0.367187 -0.296967 -0.428375 -0.37439 -0.211853 -0.377502 -0.375 -0.302368 -0.377258 -0.375122 -0.334595 -0.418274 -0.365021 -0.192978 -0.428253 -0.373322 -0.071579 -0.419678 -0.364197 -0.034576 -0.429687 -0.373779 0.189377 -0.418274 -0.365021 -0.192978 -0.371155 -0.367187 -0.296967 -0.418396 -0.306671 -0.192291 -0.419678 -0.364197 -0.034576 -0.420898 -0.30719 0.184662 -0.427979 -0.300751 0.088478 -0.42572 -0.300964 -0.171692 -0.427704 -0.165024 0.057758 -0.424133 -0.301483 -0.198425 -0.425934 -0.068954 -0.16658 -0.42392 -0.142792 -0.199493 -0.418396 -0.306671 -0.192291 -0.371155 -0.367187 -0.296967 -0.371552 -0.306152 -0.296967 -0.376801 -0.301849 -0.301666 -0.424133 -0.301483 -0.198425 -0.384277 -0.301239 -0.330444 -0.356812 -0.300537 -0.365692 -0.378937 -0.305359 -0.368958 -0.369202 -0.300781 -0.33551 -0.369446 0.02681 -0.335327 -0.307251 -0.300201 -0.381622 -0.23555 -0.305023 -0.41333 -0.289703 -0.159561 -0.387329 -0.35672 0.027456 -0.365936 -0.378632 -0.299561 -0.326843 -0.378723 -0.145203 -0.327576 -0.369202 -0.300781 -0.33551 -0.369446 0.02681 -0.335327 -0.384308 -0.095749 -0.330231 -0.376801 -0.301849 -0.301666 -0.404541 -0.134598 -0.240494 -0.424133 -0.301483 -0.198425 -0.376801 -0.153992 -0.301971 -0.371552 -0.306152 -0.296967 -0.372101 -0.079124 -0.297028 -0.335907 -0.450531 -0.297119 -0.369446 0.02681 -0.335327 -0.35672 0.027456 -0.365936 -0.356812 -0.300537 -0.365692 -0.378571 0.025265 -0.327728 -0.378723 -0.145203 -0.327576 -0.384308 -0.095749 -0.330231 -0.385345 0.029428 -0.328552 -0.378723 -0.145203 -0.327576 -0.378571 0.025265 -0.327728 -0.369446 0.02681 -0.335327 -0.385345 0.029428 -0.328552 -0.35672 0.027456 -0.365936 -0.378479 0.035587 -0.366455 -0.330688 -0.133423 -0.334137 -0.335846 0.081635 -0.334625 -0.330231 0.08165 -0.328125 -0.330261 -0.105568 -0.30246 -0.351898 -0.140045 -0.334747 -0.322571 0.081642 -0.344208 -0.34906 0.033619 -0.335541 -0.338837 0.080765 -0.347534 -0.345581 0.027189 -0.349121 -0.345703 -0.13327 -0.349274 -0.233047 0.027569 -0.387299 -0.323395 0.034538 -0.343872 -0.223602 0.034489 -0.379211 -0.120598 0.024553 -0.423798 -0.214981 0.081604 -0.381683 -0.330292 0.081726 -0.302246 -0.068268 0.081825 -0.059341 -0.139343 0.033066 -0.402374 -0.026291 0.081985 -0.434784 -0.27359 0.024517 -0.392426 -0.289703 -0.159561 -0.387329 -0.35672 0.027456 -0.365936 -0.146484 -0.154053 -0.434631 -0.378479 0.035587 -0.366455 -0.133163 0.027351 -0.438965 -0.185242 0.034798 -0.429352 -0.106857 -0.018379 -0.448303 -0.069443 -0.142197 -0.460937 -0.069641 0.02911 -0.46106 -0.047531 0.026506 -0.465027 -0.053818 0.035545 -0.47464 -0.152237 0.081879 -0.44101 -0.378662 0.081245 -0.366821 -0.055752 0.081833 -0.474609 -0.412476 0.081192 -0.382202 -0.131577 0.08223 -0.476196 -0.266388 0.082436 -0.435852 -0.417603 0.087708 -0.386017 -0.158875 0.10733 -0.469269 -0.072067 0.092476 -0.497711 -0.342621 0.106308 -0.411621 -0.417419 0.1119 -0.383331 -0.276611 0.112343 -0.42868 -0.063934 0.11248 -0.494446 -0.314392 0.112709 -0.314606 -0.135284 0.112503 -0.441498 -0.225342 0.112434 -0.414246 -0.311401 0.160736 -0.348145 -0.11882 0.147339 -0.453705 -0.141052 0.126877 -0.433624 -0.141541 0.112694 -0.397339 -0.138168 0.143219 -0.389557 -0.155624 0.112671 -0.372223 -0.121651 0.112297 -0.333496 -0.255524 0.160095 -0.418457 -0.157547 0.161606 -0.39505 -0.130798 0.158752 -0.379486 -0.210297 0.161987 -0.430542 -0.245316 0.162048 -0.40741 -0.337555 0.161377 -0.297424 -0.320312 0.130905 -0.298981 -0.211929 0.160751 -0.412476 -0.155334 0.124374 -0.343353 -0.274231 0.157074 -0.369598 -0.314331 0.125031 -0.297272 -0.219177 0.124893 -0.390167 -0.252502 0.125702 -0.372681 -0.255371 0.12616 -0.258575 -0.193909 0.126099 -0.312775 -0.157257 0.125839 -0.282898 -0.133835 0.127548 -0.319733 -0.215591 0.126236 -0.220917 -0.189514 0.161484 -0.212082 -0.335754 0.078537 -0.297058 -0.335907 -0.450531 -0.297119 -0.330261 -0.105568 -0.30246 -0.372101 -0.079124 -0.297028 -0.370148 0.032986 -0.296906 -0.376923 0.026731 -0.301575 -0.330292 0.081726 -0.302246 -0.330231 0.08165 -0.328125 -0.322571 0.081642 -0.344208 -0.370087 0.081673 -0.297119 -0.417633 0.081802 -0.181427 -0.414917 0.034397 -0.193298 -0.417847 0.03389 -0.172867 -0.404541 -0.134598 -0.240494 -0.42392 -0.142792 -0.199493 -0.424133 -0.301483 -0.198425 -0.424255 0.027798 -0.19838 -0.425934 -0.068954 -0.16658 -0.376923 0.026731 -0.301575 -0.404541 -0.134598 -0.240494 -0.376801 -0.153992 -0.301971 -0.372101 -0.079124 -0.297028 -0.384308 -0.095749 -0.330231 -0.401886 -0.300293 -0.29187 -0.385345 0.029428 -0.328552 -0.438019 0.028452 -0.211456 -0.451569 0.035179 -0.200317 -0.442963 0.027885 -0.185791 -0.398621 0.035255 -0.320984 -0.378479 0.035587 -0.366455 -0.378662 0.081245 -0.366821 -0.451477 0.081604 -0.199814 -0.469116 0.081573 -0.213547 -0.412476 0.081192 -0.382202 -0.473267 0.086838 -0.211731 -0.417603 0.087708 -0.386017 -0.417419 0.1119 -0.383331 -0.473389 0.107079 -0.210007 -0.469849 0.112679 -0.206177 -0.314392 0.112709 -0.314606 -0.404663 0.112892 -0.202179 -0.366089 0.15921 -0.282898 -0.311401 0.160736 -0.348145 -0.337555 0.161377 -0.297424 -0.370117 0.162155 -0.255371 -0.346619 0.127411 -0.262543 -0.320312 0.130905 -0.298981 -0.314331 0.125031 -0.297272 -0.343201 0.125427 -0.226379 -0.286469 0.125397 -0.249176 -0.255371 0.12616 -0.258575 -0.437592 -0.301208 -0.211975 -0.438019 0.028452 -0.211456 -0.401886 -0.300293 -0.29187 -0.442963 0.027885 -0.185791 -0.060982 -0.306366 -0.4729 -0.23555 -0.305023 -0.41333 -0.16124 -0.299835 -0.42984 -0.307251 -0.300201 -0.381622 -0.289703 -0.159561 -0.387329 -0.146484 -0.154053 -0.434631 -0.075584 -0.298553 -0.459351 -0.048439 -0.300049 -0.464844 -0.069443 -0.142197 -0.460937 -0.047531 0.026506 -0.465027 -0.116211 -0.374176 -0.438171 -0.011756 -0.375275 -0.460541 -0.140366 -0.368347 -0.401855 -0.057529 -0.364227 -0.473267 -0.024675 -0.366028 -0.435913 -0.037106 -0.30426 -0.432892 0.072952 -0.365387 -0.473236 0.073051 -0.30658 -0.473419 -0.060982 -0.306366 -0.4729 0.072838 -0.301941 -0.467499 -0.048439 -0.300049 -0.464844 0.068428 -0.375549 -0.457672 0.072586 -0.364166 -0.439941 0.073349 -0.459473 -0.474335 0.073624 -0.455322 -0.426666 0.07431 -0.366608 -0.431213 0.074181 -0.201508 -0.431244 0.074348 -0.219879 -0.153107 0.072548 -0.20314 -0.434479 0.072319 -0.307556 -0.439667 0.007216 -0.306549 -0.43811 -0.040375 -0.298431 -0.448364 0.072792 -0.300079 -0.452606 0.072754 -0.139496 -0.452606 0.079323 -0.451355 -0.481171 0.072952 -0.365387 -0.473236 0.073051 -0.30658 -0.473419 0.079407 0.081764 -0.481445 0.073349 -0.459473 -0.474335 0.117668 -0.448669 -0.481415 0.122818 -0.459137 -0.474152 0.123817 -0.363586 -0.473022 0.122963 -0.459808 -0.432495 0.073624 -0.455322 -0.426666 0.123947 -0.373932 -0.463898 0.296021 -0.363892 -0.4729 0.123802 -0.373932 -0.451904 0.123703 -0.36441 -0.444122 0.12381 -0.326416 -0.433533 0.124245 -0.326324 -0.444153 0.11734 -0.326416 -0.426086 0.116844 -0.451874 -0.425812 0.091805 -0.376343 -0.425812 0.098091 -0.268555 -0.426025 0.08046 -0.376343 -0.425476 0.072861 -0.086967 -0.467499 0.072838 -0.301941 -0.467499 -0.048439 -0.300049 -0.464844 0.074356 -0.015535 -0.363495 0.074181 -0.201508 -0.431244 0.074348 -0.219879 -0.153107 -0.120598 0.024553 -0.423798 -0.233047 0.027569 -0.387299 -0.231506 -0.300232 -0.387726 0.072861 -0.086967 -0.467499 -0.048439 -0.300049 -0.464844 -0.047531 0.026506 -0.465027 0.073647 0.035065 -0.474518 0.073051 -0.30658 -0.473419 0.072838 -0.301941 -0.467499 0.072861 -0.086967 -0.467499 0.073647 0.035065 -0.474518 0.072838 -0.301941 -0.467499 0.070084 0.022757 -0.467438 -0.047531 0.026506 -0.465027 -0.053818 0.035545 -0.47464 -0.069641 0.02911 -0.46106 0.07402 0.081665 -0.474762 0.079407 0.081764 -0.481445 -0.055752 0.081833 -0.474609 0.205597 0.081802 -0.494232 -0.068626 0.081963 -0.493011 0.07267 0.024662 -0.452667 -0.041618 0.023766 -0.448364 0.072754 -0.139496 -0.452606 -0.024498 0.03352 -0.436035 0.072433 -0.07991 -0.434509 0.072548 -0.20314 -0.434479 0.072357 0.034046 -0.439209 -0.026291 0.081985 -0.434784 -0.139343 0.033066 -0.402374 0.074059 0.081779 -0.439392 0.074097 0.081642 -0.16156 0.074356 -0.015535 -0.363495 0.074112 -0.00916 -0.431274 0.074181 -0.201508 -0.431244 -0.041176 -0.150024 -0.448151 0.072754 -0.139496 -0.452606 -0.041618 0.023766 -0.448364 -0.120598 0.024553 -0.423798 -0.139343 0.033066 -0.402374 -0.223602 0.034489 -0.379211 -0.024498 0.03352 -0.436035 0.072433 -0.07991 -0.434509 0.072548 -0.20314 -0.434479 0.074181 -0.201508 -0.431244 -0.417847 0.03389 -0.172867 -0.424255 0.027798 -0.19838 -0.414917 0.034397 -0.193298 -0.425964 0.027235 -0.162918 -0.425934 -0.068954 -0.16658 -0.376923 0.026731 -0.301575 -0.370148 0.032986 -0.296906 -0.404541 -0.134598 -0.240494 -0.068268 0.081825 -0.059341 -0.417633 0.081802 -0.181427 -0.330292 0.081726 -0.302246 -0.418671 0.081955 0.077461 -0.418427 0.033913 0.038124 -0.417847 0.03389 -0.172867 -0.425964 0.027235 -0.162918 -0.428131 0.026491 0.177979 -0.425934 -0.068954 -0.16658 -0.427704 -0.165024 0.057758 -0.404663 0.112892 -0.202179 -0.469849 0.112679 -0.206177 -0.417664 0.112869 -0.162979 -0.470001 0.112595 0.198608 -0.42337 0.137695 -0.202606 -0.366089 0.15921 -0.282898 -0.370117 0.162155 -0.255371 -0.426758 0.134033 -0.149841 -0.437286 0.162491 -0.164597 -0.4039 0.151108 -0.109344 -0.350677 0.112663 -0.096863 -0.390533 0.158417 -0.118568 -0.356689 0.161865 -0.082069 -0.420532 0.159027 -0.176025 -0.38797 0.124504 -0.202484 -0.346619 0.127411 -0.262543 -0.343201 0.125427 -0.226379 -0.397125 0.126511 -0.134918 -0.348846 0.125504 -0.169907 -0.294403 0.124901 -0.140152 -0.286469 0.125397 -0.249176 -0.215591 0.126236 -0.220917 -0.255371 0.12616 -0.258575 -0.321716 0.124977 -0.112534 -0.280273 0.160599 -0.11998 -0.189514 0.161484 -0.212082 -0.282837 0.161255 -0.102333 -0.132675 0.161148 -0.260223 -0.340057 0.161407 -0.09137 -0.164261 0.112297 -0.253296 -0.220337 0.135391 -0.176208 -0.320526 0.112488 -0.098175 -0.121368 0.112228 -0.169937 -0.190994 0.112679 -0.093338 -0.132675 0.161148 -0.260223 -0.282837 0.161255 -0.102333 -0.31311 0.131302 -0.090324 -0.356689 0.161865 -0.082069 -0.247498 0.112579 -0.074989 -0.350677 0.112663 -0.096863 -0.4039 0.151108 -0.109344 -0.368958 0.112587 -0.013029 -0.417664 0.112869 -0.162979 -0.285095 0.113388 0.047512 -0.23735 0.112389 0.003969 -0.313721 0.112396 0.044682 -0.318939 0.112648 -0.012005 -0.319275 0.21962 -0.011548 -0.31839 0.120697 0.00203 -0.327301 0.123337 -0.00087 -0.343353 0.121498 -0.004013 -0.31839 0.120697 0.00203 -0.36499 0.122093 -0.007722 -0.213348 0.305573 -0.406586 -0.217468 0.22084 -0.394196 -0.210495 0.188614 -0.397797 -0.214294 0.327667 -0.416534 -0.217468 0.22084 -0.394196 -0.213348 0.305573 -0.406586 -0.210495 0.188614 -0.397797 -0.068626 0.081963 -0.493011 -0.055752 0.081833 -0.474609 -0.131577 0.08223 -0.476196 -0.072067 0.092476 -0.497711 -0.072067 0.092476 -0.497711 -0.158875 0.10733 -0.469269 -0.063934 0.11248 -0.494446 -0.011861 0.108551 -0.497437 -0.063934 0.11248 -0.494446 -0.135284 0.112503 -0.441498 -0.081154 0.112656 -0.46225 -0.094597 0.136719 -0.464203 -0.11882 0.147339 -0.453705 -0.063103 0.126266 -0.459503 -0.042145 0.112595 -0.419281 -0.082863 0.249725 -0.428955 -0.041756 0.137604 -0.425262 -0.04657 0.127197 -0.378326 -0.084656 0.112602 -0.360229 -0.078293 0.267334 -0.406647 -0.083374 0.140625 -0.359741 -0.113129 0.128769 -0.36261 -0.141541 0.112694 -0.397339 -0.138168 0.143219 -0.389557 -0.096008 0.245728 -0.393097 -0.073662 0.257355 -0.411987 -0.072823 0.291748 -0.410919 -0.104614 0.289246 -0.425446 -0.093094 0.291107 -0.402985 -0.105652 0.278168 -0.400818 -0.104729 0.268921 -0.415771 -0.096008 0.245728 -0.393097 -0.141052 0.126877 -0.433624 -0.138168 0.143219 -0.389557 -0.096008 0.245728 -0.393097 -0.072823 0.291748 -0.410919 -0.105652 0.278168 -0.400818 -0.090157 0.251556 -0.415833 -0.093094 0.291107 -0.402985 -0.090157 0.251556 -0.415833 -0.093094 0.291107 -0.402985 -0.072823 0.291748 -0.410919 0.068069 0.087471 -0.499054 -0.068626 0.081963 -0.493011 -0.072067 0.092476 -0.497711 -0.011861 0.108551 -0.497437 0.103386 0.106918 -0.499817 0.068802 0.112587 -0.494568 -0.063934 0.11248 -0.494446 -0.081154 0.112656 -0.46225 -0.042145 0.112595 -0.419281 0.062645 0.112427 -0.351044 -0.005087 0.112427 -0.336823 0.207016 0.112404 -0.318542 0.074448 0.123276 -0.348145 0.089233 0.114838 -0.318085 0.124863 0.121475 -0.320923 -0.014528 0.123871 -0.337067 0.076759 0.124634 -0.315765 0.09288 0.124153 -0.214416 0.068069 0.087471 -0.499054 0.205597 0.081802 -0.494232 -0.068626 0.081963 -0.493011 -0.130798 0.158752 -0.379486 -0.121651 0.112297 -0.333496 -0.155624 0.112671 -0.372223 -0.141541 0.112694 -0.397339 -0.084656 0.112602 -0.360229 -0.005087 0.112427 -0.336823 -0.042145 0.112595 -0.419281 -0.107918 0.161591 -0.338745 -0.121056 0.161316 -0.346466 -0.157547 0.161606 -0.39505 -0.155334 0.124374 -0.343353 -0.133835 0.127548 -0.319733 -0.122482 0.161469 -0.293396 -0.157257 0.125839 -0.282898 -0.189514 0.161484 -0.212082 -0.106895 0.161575 -0.295685 -0.132675 0.161148 -0.260223 -0.124977 0.112251 -0.292053 -0.164261 0.112297 -0.253296 -0.10865 0.114937 -0.221313 -0.065865 0.112625 -0.226639 -0.034405 0.112305 -0.231598 -0.016645 0.122208 -0.284119 -0.014528 0.123871 -0.337067 0.055458 0.124382 -0.161453 -0.214981 0.081604 -0.381683 -0.026291 0.081985 -0.434784 -0.068268 0.081825 -0.059341 -0.068268 0.081825 -0.059341 -0.026291 0.081985 -0.434784 0.074097 0.081642 -0.16156 0.008984 0.081902 -0.139465 0.00463 0.035637 -0.135681 0.073814 0.037479 -0.166885 0.074409 0.029028 -0.152969 -0.06826 0.033524 -0.056988 0.069069 0.022892 -0.144516 0.069031 -0.212891 -0.146149 0.029322 0.026066 -0.126373 0.001643 0.024126 -0.094604 -0.048561 0.022244 -0.051613 -0.040741 0.033676 -0.047668 0.069122 0.019335 -0.105019 0.000688 0.029539 -0.082741 -0.003404 0.080528 -0.079597 -0.040619 0.081314 -0.047661 -0.022123 0.082153 -0.045254 0.03273 0.057652 -0.091187 0.067085 0.081421 -0.109848 0.068153 0.033161 -0.112366 0.074516 0.081573 -0.097504 0.075348 -0.084724 -0.097336 -0.132675 0.161148 -0.260223 -0.220337 0.135391 -0.176208 -0.164261 0.112297 -0.253296 -0.164261 0.112297 -0.253296 -0.121368 0.112228 -0.169937 -0.10865 0.114937 -0.221313 -0.065865 0.112625 -0.226639 -0.034405 0.112305 -0.231598 0.010246 0.112251 -0.164993 -0.020664 0.112099 -0.051136 -0.016645 0.122208 -0.284119 -0.034405 0.112305 -0.231598 -0.044338 0.117447 -0.170486 0.055458 0.124382 -0.161453 -0.014528 0.123871 -0.337067 0.055458 0.124382 -0.161453 0.09288 0.124153 -0.214416 0.092972 0.124237 -0.150528 0.169891 0.123505 -0.15062 0.147964 0.123398 -0.248749 0.181046 0.112206 -0.152115 0.079613 0.112244 -0.149658 0.112816 0.123734 -0.313782 0.076759 0.124634 -0.315765 0.105469 0.112366 -0.312134 0.197617 0.112595 -0.281494 0.124092 -0.306824 -0.473145 0.123817 -0.363586 -0.473022 0.117668 -0.448669 -0.481415 0.117142 0.081673 -0.481537 0.07431 -0.366608 -0.431213 0.073624 -0.455322 -0.426666 0.08046 -0.376343 -0.425476 0.074341 -0.36676 -0.153076 0.091644 -0.376373 -0.153168 0.08046 -0.376343 -0.425476 0.091805 -0.376343 -0.425812 0.097954 -0.36676 -0.423676 0.098091 -0.268555 -0.426025 0.097961 -0.367249 -0.153442 0.104378 -0.32608 -0.425751 0.098091 -0.268555 -0.426025 0.11734 -0.326416 -0.426086 0.103127 -0.327545 -0.26416 0.124245 -0.326324 -0.444153 0.102722 -0.328308 -0.154999 0.358124 -0.327728 -0.258331 0.104378 -0.32608 -0.425751 0.104507 -0.269073 -0.420959 0.098091 -0.268555 -0.426025 0.103127 -0.327545 -0.26416 0.103119 -0.263916 -0.236359 0.120125 -0.266968 -0.425934 0.115837 -0.086014 -0.425781 0.122887 -0.193832 -0.426971 0.119247 -0.256775 -0.400848 0.108551 -0.261566 -0.342285 0.118752 -0.240463 -0.254059 0.116531 -0.230652 -0.355377 0.127945 -0.183578 -0.246353 0.122124 -0.143616 -0.35022 0.119659 -0.093155 -0.4263 0.115845 -0.090897 -0.290344 0.125992 -0.13916 -0.258301 0.411163 -0.364563 -0.444122 0.123703 -0.36441 -0.444122 0.123802 -0.373932 -0.451904 0.124245 -0.326324 -0.444153 0.411377 -0.37384 -0.451599 0.411285 -0.326202 -0.444 0.123947 -0.373932 -0.463898 0.411224 -0.37384 -0.46402 0.296021 -0.363892 -0.4729 0.358124 -0.327728 -0.258331 0.419556 -0.326355 -0.424286 0.419586 -0.328308 -0.147034 0.411194 -0.306793 -0.473022 0.296021 -0.363892 -0.4729 0.123817 -0.363586 -0.473022 0.124092 -0.306824 -0.473145 0.411346 -0.364075 -0.472961 0.411224 -0.37384 -0.46402 0.411377 -0.37384 -0.451599 0.417908 -0.310425 -0.480652 0.411804 -0.152008 -0.47348 0.410645 -0.301819 -0.467896 0.124092 -0.306824 -0.473145 0.124161 -0.301941 -0.467896 0.411194 -0.306793 -0.473022 0.410645 -0.301819 -0.467896 0.292603 -0.20549 -0.467865 0.410767 0.030426 -0.467957 0.074348 -0.219879 -0.153107 0.07431 -0.366608 -0.431213 0.074341 -0.36676 -0.153076 0.069031 -0.212891 -0.146149 0.074409 0.029028 -0.152969 0.074341 -0.36676 -0.153076 0.08046 -0.376343 -0.425476 0.080444 -0.376434 -0.153076 0.091644 -0.376373 -0.153168 0.074478 -0.451904 -0.153091 0.107834 -0.451904 -0.153076 0.069031 -0.212891 -0.146149 0.112389 -0.459747 -0.14711 0.069054 -0.452515 -0.146362 0.06897 -0.452209 -0.104675 0.073975 -0.460999 -0.104866 0.111656 -0.460083 -0.101349 0.075256 -0.452271 -0.097389 0.097954 -0.36676 -0.423676 0.097961 -0.367249 -0.153442 0.091644 -0.376373 -0.153168 0.107834 -0.451904 -0.153076 0.102722 -0.328308 -0.154999 0.112755 -0.328278 -0.146713 0.295715 -0.3284 -0.145645 0.112389 -0.459747 -0.14711 0.111656 -0.460083 -0.101349 0.112663 -0.375427 -0.113365 0.102318 -0.264557 -0.154465 0.103127 -0.327545 -0.26416 0.102722 -0.328308 -0.154999 0.103119 -0.263916 -0.236359 0.098106 -0.305573 -0.153549 0.121819 -0.251282 -0.21048 0.118752 -0.240463 -0.254059 0.116119 -0.237625 -0.151123 0.098152 -0.127563 -0.153229 0.127945 -0.183578 -0.246353 0.125748 -0.203171 -0.150558 0.127853 -0.155975 -0.176575 0.123085 -0.125504 -0.202316 0.125992 -0.13916 -0.258301 0.122124 -0.143616 -0.35022 0.115845 -0.090897 -0.290344 0.417633 -0.458893 -0.47995 0.412292 -0.459503 -0.433044 0.41153 -0.450562 -0.473785 0.411346 -0.326355 -0.432861 0.417908 -0.310425 -0.480652 0.411346 -0.364075 -0.472961 0.411377 -0.37384 -0.451599 0.411163 -0.364563 -0.444122 0.411285 -0.326202 -0.444 0.451202 -0.339844 -0.480621 0.456451 -0.457001 -0.478271 0.451202 -0.025124 -0.480652 0.457397 -0.293243 -0.473602 0.448578 -0.461029 -0.43222 0.41803 -0.451691 -0.425507 0.412292 -0.459503 -0.433044 0.411346 -0.326355 -0.432861 0.456451 -0.457001 -0.478271 0.417633 -0.458893 -0.47995 0.419556 -0.326355 -0.424286 0.411285 -0.326202 -0.444 0.418396 -0.361176 -0.425476 0.450439 -0.451477 -0.425537 0.457275 -0.450836 -0.433197 0.457397 -0.293243 -0.473602 0.44281 -0.376373 -0.42572 0.431488 -0.376343 -0.423187 0.450775 -0.366364 -0.425781 0.457397 -0.278473 -0.433258 0.457459 -0.095306 -0.473541 0.450836 -0.310211 -0.425964 0.423492 -0.365692 -0.425049 0.419556 -0.326355 -0.424286 0.418396 -0.361176 -0.425476 0.431488 -0.376343 -0.423187 0.4198 -0.293762 -0.4245 0.419647 -0.271118 -0.304352 0.419586 -0.328308 -0.147034 0.419067 -0.227432 -0.42395 0.4198 -0.210846 -0.213272 0.423645 -0.22168 -0.420898 0.420227 -0.186874 -0.302185 0.423889 -0.329559 -0.284424 0.423492 -0.365692 -0.425049 0.423859 -0.366333 -0.286194 0.423645 -0.22168 -0.420898 0.423706 -0.19162 -0.271698 0.431488 -0.376343 -0.423187 0.431122 -0.376099 -0.153381 0.442871 -0.376251 -0.158157 0.44281 -0.376373 -0.42572 0.450775 -0.366211 -0.152252 0.450775 -0.366364 -0.425781 0.450836 -0.31076 -0.151688 0.450806 -0.310608 -0.290497 0.450836 -0.310211 -0.425964 0.445679 -0.305054 -0.153671 0.445618 -0.30426 -0.425232 0.445679 -0.202454 -0.312531 0.423889 -0.329559 -0.284424 0.423492 -0.365295 -0.15097 0.42334 -0.219437 -0.151291 0.423859 -0.366333 -0.286194 0.431122 -0.376099 -0.153381 0.09816 -0.070648 -0.427124 0.098091 -0.268555 -0.426025 0.115837 -0.086014 -0.425781 0.098206 -0.03186 -0.290283 0.098366 -0.039608 -0.400055 0.102928 -0.020571 -0.334076 0.11087 -0.052532 -0.392303 0.1035 -0.026173 -0.297821 0.119659 -0.093155 -0.4263 0.115845 -0.090897 -0.290344 0.122887 -0.193832 -0.426971 0.079407 0.081764 -0.481445 0.073051 -0.30658 -0.473419 0.073647 0.035065 -0.474518 0.117142 0.081673 -0.481537 0.117668 -0.448669 -0.481415 0.079407 0.081764 -0.481445 0.098152 -0.127563 -0.153229 0.098091 -0.268555 -0.426025 0.098206 -0.03186 -0.290283 0.074409 0.029028 -0.152969 0.074356 -0.015535 -0.363495 0.074348 -0.219879 -0.153107 0.074097 0.081642 -0.16156 0.115845 -0.090897 -0.290344 0.123085 -0.125504 -0.202316 0.102158 -0.073898 -0.215561 0.098152 -0.127563 -0.153229 0.098206 -0.03186 -0.290283 0.102158 -0.073898 -0.215561 0.098152 -0.127563 -0.153229 0.1035 -0.026173 -0.297821 0.102928 -0.020571 -0.334076 0.115845 -0.090897 -0.290344 0.11087 -0.052532 -0.392303 0.410645 -0.301819 -0.467896 0.410767 0.030426 -0.467957 0.411804 -0.152008 -0.47348 0.412201 0.036949 -0.47403 0.417938 0.081711 -0.480621 0.417908 -0.310425 -0.480652 0.420227 -0.186874 -0.302185 0.423645 -0.22168 -0.420898 0.423706 -0.19162 -0.271698 0.420227 -0.186874 -0.302185 0.4198 -0.210846 -0.213272 0.419067 -0.227432 -0.42395 0.42334 -0.219437 -0.151291 0.423706 -0.19162 -0.271698 0.423889 -0.329559 -0.284424 0.420013 -0.239044 -0.15126 0.419586 -0.328308 -0.147034 0.445618 0.029121 -0.425781 0.445618 -0.30426 -0.425232 0.450836 -0.310211 -0.425964 0.445679 -0.202454 -0.312531 0.445679 0.028894 -0.153381 0.451752 0.035252 -0.426636 0.45166 0.035591 -0.150909 0.451721 0.080215 -0.150986 0.451691 0.080215 -0.426483 0.457459 -0.095306 -0.473541 0.457397 -0.293243 -0.473602 0.451202 -0.025124 -0.480652 0.456238 0.081802 -0.480347 0.417938 0.081711 -0.480621 0.417908 -0.310425 -0.480652 0.451752 0.035252 -0.426636 0.450836 -0.310211 -0.425964 0.457397 -0.278473 -0.433258 0.457459 -0.095306 -0.473541 0.457367 0.082062 -0.433166 0.457397 -0.278473 -0.433258 0.451752 0.035252 -0.426636 0.124092 -0.306824 -0.473145 0.12365 0.036999 -0.474121 0.124161 -0.301941 -0.467896 0.12365 0.036999 -0.474121 0.124092 -0.306824 -0.473145 0.117142 0.081673 -0.481537 0.123665 0.08017 -0.474274 0.124176 0.030294 -0.467804 0.124161 -0.301941 -0.467896 0.12365 0.036999 -0.474121 0.411774 0.081581 -0.474243 0.123665 0.08017 -0.474274 0.117142 0.081673 -0.481537 0.12365 0.036999 -0.474121 0.205597 0.081802 -0.494232 0.205597 0.081802 -0.494232 0.117142 0.081673 -0.481537 0.079407 0.081764 -0.481445 0.088615 0.128464 -0.390594 0.083801 0.120483 -0.386566 0.077469 0.130066 -0.385284 0.212433 0.131516 -0.39563 0.095757 0.131485 -0.395935 0.081741 0.200485 -0.386017 0.147171 0.119446 -0.390198 0.187469 0.122177 -0.35733 0.124863 0.121475 -0.320923 0.089233 0.114838 -0.318085 0.074448 0.123276 -0.348145 0.076759 0.124634 -0.315765 0.084908 0.133774 -0.380493 0.085297 0.204849 -0.380554 0.084763 0.129532 -0.353119 0.096375 0.128815 -0.387268 0.09774 0.205948 -0.387238 0.14444 0.20575 -0.386993 0.112526 0.129486 -0.314331 0.112816 0.123734 -0.313782 0.185272 0.129654 -0.345245 0.122253 0.130737 -0.335266 0.459656 0.08699 -0.499359 0.205597 0.081802 -0.494232 0.068069 0.087471 -0.499054 0.068069 0.087471 -0.499054 0.103386 0.106918 -0.499817 0.459656 0.08699 -0.499359 0.469269 0.112495 -0.494446 0.103386 0.106918 -0.499817 0.068802 0.112587 -0.494568 0.469269 0.112495 -0.494446 0.068802 0.112587 -0.494568 0.207016 0.112404 -0.318542 0.392883 0.119537 -0.39032 0.147171 0.119446 -0.390198 0.088615 0.128464 -0.390594 0.392883 0.119537 -0.39032 0.088615 0.128464 -0.390594 0.387329 0.128494 -0.390564 0.3927 0.291992 -0.389221 0.379242 0.131287 -0.395935 0.376373 0.2901 -0.395416 0.359253 0.269623 -0.393829 0.094612 0.288727 -0.395233 0.298309 0.276123 -0.395203 0.147171 0.119446 -0.390198 0.392883 0.119537 -0.39032 0.187469 0.122177 -0.35733 0.377502 0.122147 -0.355927 0.278412 0.121582 -0.32077 0.105469 0.112366 -0.312134 0.277466 0.112625 -0.314117 0.112816 0.123734 -0.313782 0.197617 0.112595 -0.281494 0.252899 0.129547 -0.313904 0.112526 0.129486 -0.314331 0.122253 0.130737 -0.335266 0.185272 0.129654 -0.345245 0.254944 0.128769 -0.328369 0.199631 0.12912 -0.386902 0.187469 0.122177 -0.35733 0.278412 0.121582 -0.32077 0.124863 0.121475 -0.320923 0.207016 0.112404 -0.318542 0.237839 0.138168 -0.299255 0.277466 0.112625 -0.314117 0.197617 0.112595 -0.281494 0.187698 0.138763 -0.280548 0.232773 0.139175 -0.237061 0.241501 0.138321 -0.226608 0.259155 0.145264 -0.167999 0.269257 0.137451 -0.113129 0.245529 0.119606 -0.175781 0.282715 0.12429 -0.104607 0.218063 0.112312 -0.220383 0.181046 0.112206 -0.152115 0.268707 0.112236 -0.094612 0.255188 0.112267 -0.081741 0.11306 0.148956 -0.393677 0.095757 0.131485 -0.395935 0.108528 0.27124 -0.393951 0.096375 0.128815 -0.387268 0.185272 0.129654 -0.345245 0.199631 0.12912 -0.386902 0.197678 0.204697 -0.387268 0.302551 0.204773 -0.387177 0.11306 0.148956 -0.393677 0.19313 0.146744 -0.394135 0.095757 0.131485 -0.395935 0.212433 0.131516 -0.39563 0.195404 0.210373 -0.393799 0.239258 0.147903 -0.39386 0.25116 0.267334 -0.393616 0.192001 0.270355 -0.39389 0.108528 0.27124 -0.393951 0.094612 0.288727 -0.395233 0.298309 0.276123 -0.395203 0.197678 0.204697 -0.387268 0.14444 0.20575 -0.386993 0.096375 0.128815 -0.387268 0.252411 0.206558 -0.361847 0.135574 0.211121 -0.368835 0.283386 0.212265 -0.387177 0.09774 0.205948 -0.387238 0.102661 0.27298 -0.387268 0.299072 0.276611 -0.386902 0.091217 0.286346 -0.384979 0.241272 0.292389 -0.38623 0.143723 0.295044 -0.366943 0.233459 0.300293 -0.353699 0.091568 0.287811 -0.331146 0.080894 0.281647 -0.385071 0.115494 0.291138 -0.322113 0.077782 0.282013 -0.316528 0.195984 0.214661 -0.363037 0.283386 0.212265 -0.387177 0.135574 0.211121 -0.368835 0.118576 0.208603 -0.322998 0.196381 0.213913 -0.320099 0.119934 0.211044 -0.316956 0.247681 0.213928 -0.369049 0.253967 0.213654 -0.321228 0.244492 0.207047 -0.31604 0.198273 0.304993 -0.317841 0.387329 0.128494 -0.390564 0.088615 0.128464 -0.390594 0.212433 0.131516 -0.39563 0.30661 0.130798 -0.395508 0.387329 0.128494 -0.390564 0.212433 0.131516 -0.39563 0.239258 0.147903 -0.39386 0.292236 0.145065 -0.394318 0.25116 0.267334 -0.393616 0.298309 0.276123 -0.395203 0.192001 0.270355 -0.39389 0.309937 0.270355 -0.393616 0.359253 0.269623 -0.393829 0.335388 0.144608 -0.393738 0.379242 0.131287 -0.395935 0.199631 0.12912 -0.386902 0.299133 0.129471 -0.386475 0.302551 0.204773 -0.387177 0.365692 0.128983 -0.386902 0.254944 0.128769 -0.328369 0.311249 0.136368 -0.322479 0.364227 0.130173 -0.322296 0.252899 0.129547 -0.313904 0.237839 0.138168 -0.299255 0.277466 0.112625 -0.314117 0.241501 0.138321 -0.226608 0.340363 0.136459 -0.198105 0.291321 0.137878 -0.0998 0.259155 0.145264 -0.167999 0.269257 0.137451 -0.113129 0.247681 0.213928 -0.369049 0.283386 0.212265 -0.387177 0.195984 0.214661 -0.363037 0.391571 0.213577 -0.378876 0.391693 0.214005 -0.316895 0.389221 0.207428 -0.323242 0.363464 0.213303 -0.317535 0.30777 0.213791 -0.325378 0.253967 0.213654 -0.321228 0.257324 0.214523 -0.316376 0.306366 0.207352 -0.31604 0.389221 0.207428 -0.323242 0.303589 0.207108 -0.326508 0.254303 0.206024 -0.320282 0.252411 0.206558 -0.361847 0.244492 0.207047 -0.31604 0.302551 0.204773 -0.387177 0.197678 0.204697 -0.387268 0.371033 0.205307 -0.387268 0.365692 0.128983 -0.386902 0.391571 0.213577 -0.378876 0.392578 0.129257 -0.381195 0.095757 0.131485 -0.395935 0.081741 0.200485 -0.386017 0.094612 0.288727 -0.395233 0.080894 0.281647 -0.385071 0.091217 0.286346 -0.384979 0.085297 0.204849 -0.380554 0.09774 0.205948 -0.387238 0.108528 0.27124 -0.393951 0.095757 0.131485 -0.395935 0.094612 0.288727 -0.395233 0.077782 0.282013 -0.316528 0.079399 0.292267 -0.388031 0.080894 0.281647 -0.385071 0.080391 0.292328 -0.31662 0.091568 0.287811 -0.331146 0.094612 0.288727 -0.395233 0.080894 0.281647 -0.385071 0.079399 0.292267 -0.388031 0.3927 0.291992 -0.389221 0.170715 0.29892 -0.383209 0.170715 0.29892 -0.383209 0.079399 0.292267 -0.388031 0.217361 0.307159 -0.36972 0.313843 0.297455 -0.374481 0.115631 0.296478 -0.316101 0.080391 0.292328 -0.31662 0.077782 0.282013 -0.316528 0.197372 0.304657 -0.318542 0.256958 0.303284 -0.318329 0.115494 0.291138 -0.322113 0.218811 0.301727 -0.31839 0.243423 0.295258 -0.318939 0.143723 0.295044 -0.366943 0.26886 0.296509 -0.319489 0.233459 0.300293 -0.353699 0.170715 0.29892 -0.383209 0.28595 0.298859 -0.387482 0.3927 0.291992 -0.389221 0.313843 0.297455 -0.374481 0.39032 0.289276 -0.32077 0.084335 0.129623 -0.353302 0.084152 0.206284 -0.355743 0.090034 0.202408 -0.352478 0.14444 0.20575 -0.386993 0.090034 0.202408 -0.352478 0.09774 0.205948 -0.387238 0.111282 0.203171 -0.317444 0.252411 0.206558 -0.361847 0.244492 0.207047 -0.31604 0.197723 0.207153 -0.315979 0.119934 0.211044 -0.316956 0.196381 0.213913 -0.320099 0.115631 0.296478 -0.316101 0.118576 0.208603 -0.322998 0.077782 0.282013 -0.316528 0.09774 0.205948 -0.387238 0.084152 0.206284 -0.355743 0.135574 0.211121 -0.368835 0.217361 0.307159 -0.36972 0.256958 0.303284 -0.318329 0.313843 0.297455 -0.374481 0.305603 0.297974 -0.316376 0.270721 0.296356 -0.318665 0.257324 0.214523 -0.316376 0.307556 0.292938 -0.323242 0.30777 0.213791 -0.325378 0.306366 0.207352 -0.31604 0.254303 0.206024 -0.320282 0.244492 0.207047 -0.31604 0.257019 0.303436 -0.316803 0.253967 0.213654 -0.321228 0.111282 0.203171 -0.317444 0.084152 0.206284 -0.355743 0.090034 0.202408 -0.352478 0.118576 0.208603 -0.322998 0.111282 0.203171 -0.317444 0.115494 0.291138 -0.322113 0.118576 0.208603 -0.322998 0.077782 0.282013 -0.316528 0.115631 0.296478 -0.316101 0.084152 0.206284 -0.355743 0.118576 0.208603 -0.322998 0.135574 0.211121 -0.368835 0.196381 0.213913 -0.320099 0.197723 0.207153 -0.315979 0.198273 0.304993 -0.317841 0.244492 0.207047 -0.31604 0.244492 0.207047 -0.31604 0.243988 0.291687 -0.318878 0.253967 0.213654 -0.321228 0.257019 0.303436 -0.316803 0.292603 -0.20549 -0.467865 0.124161 -0.301941 -0.467896 0.124176 0.030294 -0.467804 0.292603 -0.20549 -0.467865 0.124176 0.030294 -0.467804 0.410767 0.030426 -0.467957 0.412201 0.036949 -0.47403 0.411774 0.081581 -0.474243 0.412201 0.036949 -0.47403 0.12365 0.036999 -0.474121 0.417938 0.081711 -0.480621 0.412201 0.036949 -0.47403 0.124176 0.030294 -0.467804 0.12365 0.036999 -0.474121 0.103386 0.106918 -0.499817 0.46109 0.107239 -0.49881 0.459656 0.08699 -0.499359 0.469269 0.112495 -0.494446 0.459656 0.08699 -0.499359 0.469116 0.082085 -0.493774 0.205597 0.081802 -0.494232 0.411774 0.081581 -0.474243 0.417938 0.081711 -0.480621 0.473511 0.087006 -0.485443 0.46109 0.107239 -0.49881 0.473602 0.106888 -0.484863 0.469269 0.112495 -0.494446 0.469269 0.112495 -0.494446 0.207016 0.112404 -0.318542 0.393555 0.112549 -0.31543 0.469696 0.112167 -0.08358 0.352448 0.112412 -0.219284 0.473602 0.106888 -0.484863 0.469116 0.082085 -0.493774 0.456238 0.081802 -0.480347 0.417938 0.081711 -0.480621 0.457367 0.082062 -0.433166 0.457459 -0.095306 -0.473541 0.457367 0.082062 -0.433166 0.451691 0.080215 -0.426483 0.451752 0.035252 -0.426636 0.453033 0.081612 -0.274292 0.469116 0.082085 -0.493774 0.470215 0.081718 -0.221985 0.473511 0.087006 -0.485443 0.47348 0.087776 -0.086693 0.473602 0.106888 -0.484863 0.473572 0.106712 -0.086456 0.469696 0.112167 -0.08358 0.451721 0.080215 -0.150986 0.451691 0.080215 -0.426483 0.453033 0.081612 -0.274292 0.455566 0.081787 -0.145157 0.470215 0.081718 -0.221985 0.393555 0.112549 -0.31543 0.304108 0.112762 -0.313354 0.352448 0.112412 -0.219284 0.350037 0.125595 -0.219666 0.311249 0.136368 -0.322479 0.380646 0.123413 -0.143433 0.340363 0.136459 -0.198105 0.385742 0.135132 -0.14212 0.30661 0.130798 -0.395508 0.379242 0.131287 -0.395935 0.387329 0.128494 -0.390564 0.367401 0.285156 -0.386719 0.241272 0.292389 -0.38623 0.299072 0.276611 -0.386902 0.233459 0.300293 -0.353699 0.283386 0.212265 -0.387177 0.369476 0.211594 -0.38739 0.391571 0.213577 -0.378876 0.307556 0.292938 -0.323242 0.26886 0.296509 -0.319489 0.392853 0.282959 -0.381287 0.3927 0.291992 -0.389221 0.392883 0.119537 -0.39032 0.39032 0.289276 -0.32077 0.366302 0.285309 -0.318207 0.305603 0.297974 -0.316376 0.313843 0.297455 -0.374481 0.256958 0.303284 -0.318329 0.243423 0.295258 -0.318939 0.257324 0.214523 -0.316376 0.30777 0.213791 -0.325378 0.371033 0.205307 -0.387268 0.365692 0.128983 -0.386902 0.392578 0.129257 -0.381195 0.299133 0.129471 -0.386475 0.364227 0.130173 -0.322296 0.387329 0.12941 -0.316498 0.304108 0.112762 -0.313354 0.311249 0.136368 -0.322479 0.393555 0.112549 -0.31543 0.394806 0.121918 -0.323273 0.278412 0.121582 -0.32077 0.377502 0.122147 -0.355927 0.392883 0.119537 -0.39032 0.391571 0.213577 -0.378876 0.207016 0.112404 -0.318542 0.278412 0.121582 -0.32077 0.393555 0.112549 -0.31543 0.391693 0.214005 -0.316895 0.388611 0.129898 -0.314789 0.389221 0.207428 -0.323242 0.363464 0.213303 -0.317535 0.352448 0.112412 -0.219284 0.380646 0.123413 -0.143433 0.390564 0.112419 -0.142075 0.469696 0.112167 -0.08358 -0.450623 -0.364166 -0.020567 -0.450409 -0.364594 -0.199844 -0.441986 -0.373169 -0.170166 -0.450806 -0.306396 0.010759 -0.450958 -0.364197 0.162903 -0.450439 -0.306366 -0.199768 -0.442963 -0.300323 -0.185516 -0.441986 -0.373169 -0.170166 -0.428253 -0.373322 -0.071579 -0.442596 -0.373779 0.188965 -0.443146 -0.132797 -0.185104 -0.442963 -0.300323 -0.185516 -0.443542 -0.299377 0.193268 -0.450806 -0.306396 0.010759 -0.443573 -0.129257 0.224686 -0.441986 -0.373169 -0.170166 -0.442596 -0.373779 0.188965 -0.450623 -0.364166 -0.020567 -0.450623 -0.364166 -0.020567 -0.442596 -0.373779 0.188965 -0.450958 -0.364197 0.162903 -0.451141 -0.365021 0.423126 -0.443237 -0.374146 0.424469 -0.451019 -0.306763 0.189346 -0.450806 -0.306396 0.010759 -0.451202 -0.306671 0.423767 -0.443542 -0.299377 0.193268 -0.443604 -0.298767 0.424377 -0.443573 -0.129257 0.224686 -0.443634 0.027807 0.42453 -0.430206 -0.374176 0.424469 -0.429687 -0.373779 0.189377 -0.409546 -0.32547 0.425018 -0.420685 -0.364227 0.163055 -0.419678 -0.364197 -0.034576 -0.421844 -0.364899 0.423157 -0.420898 -0.30719 0.184662 -0.421783 -0.306976 0.424286 -0.428528 -0.301086 0.4245 -0.409882 -0.295471 0.428589 -0.427979 -0.300751 0.088478 -0.427704 -0.165024 0.057758 -0.428619 0.025944 0.42453 -0.414246 -0.048717 0.424652 -0.408997 -0.151321 0.431549 -0.408813 -0.364899 0.44342 -0.408386 -0.297882 0.451233 -0.405792 -0.305969 0.443542 -0.428253 -0.373322 -0.071579 -0.429687 -0.373779 0.189377 -0.442596 -0.373779 0.188965 -0.45282 -0.459503 0.426239 -0.458771 -0.452148 0.432404 -0.451141 -0.365021 0.423126 -0.458771 -0.186157 0.432068 -0.458862 -0.452209 0.471771 -0.451202 -0.306671 0.423767 -0.452026 0.034779 0.424438 -0.443604 -0.298767 0.424377 -0.427551 -0.461182 0.473511 -0.453217 -0.451019 0.478882 -0.415771 -0.46048 0.430695 -0.409698 -0.453064 0.425629 -0.443237 -0.374146 0.424469 -0.409546 -0.32547 0.425018 -0.453217 -0.451019 0.478882 -0.427551 -0.461182 0.473511 -0.409637 -0.452881 0.478027 -0.415771 -0.46048 0.430695 -0.409698 -0.453064 0.425629 -0.414093 -0.24472 0.478821 -0.408844 -0.368439 0.471771 -0.408844 -0.374329 0.451813 -0.409546 -0.32547 0.425018 -0.408813 -0.364899 0.44342 -0.408264 -0.374146 0.466278 -0.402039 -0.365784 0.473724 -0.410126 -0.307037 0.473785 -0.407989 -0.18187 0.468628 -0.407806 0.028111 0.468567 -0.407989 -0.30188 0.468536 -0.458923 0.081909 0.471466 -0.458862 -0.452209 0.471771 -0.453217 -0.451019 0.478882 -0.458771 -0.186157 0.432068 -0.453064 0.081802 0.478699 -0.414093 -0.24472 0.478821 -0.408844 -0.374329 0.451813 -0.101738 -0.374176 0.466309 -0.408264 -0.374146 0.466278 -0.402039 -0.365784 0.473724 -0.082451 -0.374268 0.452454 -0.082352 -0.365845 0.473724 -0.082382 -0.364624 0.442963 -0.080833 -0.306946 0.473785 -0.288727 -0.364594 0.443024 -0.408813 -0.364899 0.44342 -0.082443 -0.306427 0.442993 -0.405792 -0.305969 0.443542 -0.082443 -0.297943 0.451172 -0.408386 -0.297882 0.451233 -0.224152 -0.187653 0.45108 -0.082565 0.024837 0.451233 -0.410126 -0.307037 0.473785 -0.407989 -0.30188 0.468536 -0.083153 -0.301788 0.468475 -0.082207 -0.304016 0.471558 -0.076439 -0.345612 0.478699 -0.076561 -0.086922 0.478638 -0.039173 -0.196823 0.478638 -0.407989 -0.18187 0.468628 -0.407989 -0.30188 0.468536 -0.218643 -0.091866 0.468628 -0.083153 -0.301788 0.468475 -0.082901 0.028097 0.468567 -0.082207 -0.304016 0.471558 -0.443634 0.027807 0.42453 -0.443604 -0.298767 0.424377 -0.452026 0.034779 0.424438 -0.451569 0.035179 -0.200317 -0.40863 0.081932 0.431824 -0.408997 -0.151321 0.431549 -0.414246 -0.048717 0.424652 -0.428619 0.025944 0.42453 -0.418915 0.033463 0.424286 -0.418732 0.08194 0.440674 -0.408386 -0.297882 0.451233 -0.408234 0.024948 0.45108 -0.408264 0.033497 0.440857 -0.082451 0.033447 0.440857 -0.407867 0.081711 0.440735 -0.224152 -0.187653 0.45108 -0.408386 -0.297882 0.451233 -0.408234 0.024948 0.45108 -0.40863 0.081932 0.431824 -0.408386 -0.297882 0.451233 -0.408997 -0.151321 0.431549 -0.407806 0.028111 0.468567 -0.407989 -0.18187 0.468628 -0.218643 -0.091866 0.468628 -0.237946 0.028252 0.468628 -0.411011 0.035885 0.475006 -0.452026 0.081993 0.165588 -0.451477 0.081604 -0.199814 -0.451569 0.035179 -0.200317 -0.469299 0.081848 -0.03487 -0.469116 0.081573 -0.213547 -0.473267 0.086838 -0.211731 -0.473297 0.08699 -0.020058 -0.473389 0.107079 -0.210007 -0.473602 0.107346 0.175125 -0.469849 0.112679 -0.206177 -0.470001 0.112595 0.198608 -0.469849 0.112679 -0.206177 -0.473602 0.107346 0.175125 -0.417664 0.112869 -0.162979 -0.470001 0.112595 0.198608 -0.368958 0.112587 -0.013029 -0.374176 0.119965 0.045555 -0.36499 0.122093 -0.007722 -0.368958 0.112587 -0.013029 -0.371185 0.11245 0.093063 -0.36441 0.112488 0.233597 -0.367004 0.120529 0.144531 -0.363678 0.120789 0.097412 -0.345337 0.121071 0.133682 -0.359863 0.120705 0.084885 -0.349121 0.121094 0.04319 -0.359009 0.121178 0.003641 -0.343353 0.121498 -0.004013 -0.31839 0.120697 0.00203 -0.312042 0.120308 0.060272 -0.313721 0.112396 0.044682 -0.318939 0.112648 -0.012005 -0.368652 0.210327 0.00165 -0.365082 0.122482 -0.008543 -0.359406 0.125153 0.003037 -0.371857 0.218964 -0.009197 -0.360352 0.209686 -0.009392 -0.360352 0.209686 -0.009392 -0.359406 0.125153 0.003037 -0.365082 0.122482 -0.008543 -0.360352 0.209686 -0.009392 -0.365082 0.122482 -0.008543 -0.371857 0.218964 -0.009197 -0.354279 0.219177 -0.0029 -0.350098 0.219147 0.017384 -0.355041 0.294861 0.012396 -0.337036 0.29303 -0.003394 -0.365479 0.210327 0.085915 -0.371857 0.218964 -0.009197 -0.368652 0.210327 0.00165 -0.368195 0.218674 0.143173 -0.351562 0.210251 0.02368 -0.358124 0.210403 0.035526 -0.349243 0.210602 0.084969 -0.337128 0.215179 0.031433 -0.33844 0.166779 0.030878 -0.338898 0.210449 0.09227 -0.342285 0.120789 0.087364 -0.335205 0.218887 0.092972 -0.34613 0.219559 0.079437 -0.345673 0.281708 0.090118 -0.351959 0.218857 0.043434 -0.343384 0.121635 -0.004399 -0.34137 0.205978 0.001658 -0.358185 0.125198 0.003265 -0.354401 0.217117 -0.00326 -0.319275 0.21962 -0.011548 -0.327332 0.210068 0.001082 -0.337952 0.218308 0.000022 -0.327301 0.123337 -0.00087 -0.31189 0.218811 0.087669 -0.31839 0.210663 0.0018 -0.315277 0.210098 0.089584 -0.331116 0.210617 0.079903 -0.335205 0.218887 0.092972 -0.331116 0.210617 0.079903 -0.31839 0.210663 0.0018 -0.31839 0.120697 0.00203 -0.319275 0.21962 -0.011548 -0.343384 0.121635 -0.004399 -0.358185 0.125198 0.003265 -0.354401 0.217117 -0.00326 -0.34137 0.205978 0.001658 -0.337128 0.215179 0.031433 -0.340607 0.209747 0.001872 -0.338867 0.218491 -0.003549 -0.350098 0.219147 0.017384 -0.337036 0.29303 -0.003394 -0.338318 0.294128 0.025181 -0.351959 0.218857 0.043434 -0.354279 0.219177 -0.0029 -0.337036 0.29303 -0.003394 -0.338867 0.218491 -0.003549 -0.340607 0.209747 0.001872 -0.360352 0.209686 -0.009392 -0.368652 0.210327 0.00165 -0.351562 0.210251 0.02368 -0.337128 0.215179 0.031433 -0.33844 0.166779 0.030878 -0.451569 0.035179 -0.200317 -0.452026 0.034779 0.424438 -0.452026 0.081993 0.165588 -0.473602 0.107346 0.175125 -0.473297 0.08699 -0.020058 -0.473541 0.08725 0.279358 -0.473297 0.08699 -0.020058 -0.469299 0.081848 -0.03487 -0.473541 0.08725 0.279358 -0.469299 0.081848 -0.03487 -0.469482 0.081909 0.228577 -0.473541 0.08725 0.279358 -0.452026 0.081993 0.165588 -0.469482 0.081909 0.228577 -0.469299 0.081848 -0.03487 -0.442963 0.027885 -0.185791 -0.443146 -0.132797 -0.185104 -0.443573 -0.129257 0.224686 -0.442963 0.027885 -0.185791 -0.443573 -0.129257 0.224686 -0.443634 0.027807 0.42453 -0.470001 0.112595 0.198608 -0.36441 0.112488 0.233597 -0.368958 0.112587 -0.013029 -0.341644 0.121452 0.087013 -0.349121 0.121094 0.04319 -0.359863 0.120705 0.084885 -0.323486 0.120926 0.08094 -0.312042 0.120308 0.060272 -0.326019 0.170395 0.086586 -0.345337 0.121071 0.133682 -0.353394 0.121208 0.093391 -0.363678 0.120789 0.097412 -0.314148 0.120514 0.090424 -0.315674 0.205231 0.08934 -0.359863 0.120705 0.084885 -0.365479 0.210327 0.085915 -0.349243 0.210602 0.084969 -0.363678 0.120789 0.097412 -0.364471 0.210068 0.098618 -0.368195 0.218674 0.143173 -0.354279 0.210526 0.094559 -0.353394 0.121208 0.093391 -0.342285 0.120789 0.087364 -0.358124 0.210403 0.035526 -0.33844 0.166779 0.030878 -0.349762 0.121124 0.042591 -0.351562 0.210251 0.02368 -0.365143 0.120689 0.191452 -0.367004 0.120529 0.144531 -0.371185 0.11245 0.093063 -0.356506 0.121376 0.186707 -0.36441 0.120605 0.232132 -0.36441 0.112488 0.233597 -0.365387 0.156387 0.195038 -0.363831 0.211044 0.183914 -0.353394 0.121208 0.093391 -0.35434 0.207535 0.09462 -0.363678 0.120789 0.097412 -0.364471 0.210068 0.098618 -0.338898 0.210449 0.09227 -0.342285 0.120789 0.087364 -0.345795 0.209549 0.132629 -0.371857 0.218964 -0.009197 -0.351959 0.218857 0.043434 -0.350098 0.219147 0.017384 -0.357025 0.219131 0.094261 -0.368195 0.218674 0.143173 -0.34613 0.219559 0.079437 -0.345673 0.281708 0.090118 -0.335205 0.218887 0.092972 -0.350098 0.219147 0.017384 -0.351959 0.218857 0.043434 -0.352448 0.296326 0.043415 -0.338318 0.294128 0.025181 -0.335205 0.218887 0.092972 -0.357025 0.219131 0.094261 -0.347961 0.219528 0.139771 -0.368195 0.218674 0.143173 -0.332947 0.218674 0.181061 -0.31189 0.218811 0.087669 -0.308594 0.218567 0.200241 -0.323547 0.219193 0.196869 -0.352081 0.218246 0.191177 -0.36441 0.216583 0.199677 -0.364471 0.210068 0.098618 -0.355713 0.209229 0.197449 -0.363831 0.211044 0.183914 -0.345795 0.209549 0.132629 -0.365387 0.156387 0.195038 -0.355835 0.121788 0.198883 -0.365143 0.120689 0.191452 -0.356506 0.121376 0.186707 -0.363831 0.211044 0.183914 -0.321838 0.121529 0.19751 -0.322052 0.124985 0.184647 -0.321747 0.209015 0.197388 -0.322479 0.209763 0.185577 -0.312805 0.121063 0.185486 -0.313232 0.209824 0.184448 -0.312744 0.195541 0.197083 -0.321838 0.121529 0.19751 -0.321747 0.209015 0.197388 -0.314148 0.120514 0.090424 -0.312042 0.120308 0.060272 -0.323486 0.120926 0.08094 -0.315674 0.205231 0.08934 -0.326019 0.170395 0.086586 -0.310577 0.111977 0.126984 -0.313721 0.112396 0.044682 -0.285095 0.113388 0.047512 -0.296143 0.115135 0.1297 -0.236176 0.115433 0.118103 -0.296143 0.115135 0.1297 -0.310577 0.111977 0.126984 -0.304077 0.112846 0.22464 -0.314148 0.120514 0.090424 -0.194321 0.114517 0.18129 -0.211685 0.115837 0.148331 -0.236176 0.115433 0.118103 -0.312805 0.121063 0.185486 -0.356506 0.121376 0.186707 -0.345337 0.121071 0.133682 -0.367004 0.120529 0.144531 -0.338898 0.210449 0.09227 -0.332611 0.213394 0.175125 -0.345795 0.209549 0.132629 -0.335205 0.218887 0.092972 -0.363831 0.211044 0.183914 -0.331116 0.210617 0.079903 -0.321747 0.209015 0.197388 -0.355713 0.209229 0.197449 -0.337952 0.206894 0.213791 -0.322479 0.209763 0.185577 -0.313232 0.209824 0.184448 -0.315277 0.210098 0.089584 -0.31189 0.218811 0.087669 -0.308594 0.218567 0.200241 -0.312744 0.195541 0.197083 -0.321747 0.209015 0.197388 -0.323547 0.219193 0.196869 -0.443634 0.027807 0.42453 -0.451569 0.035179 -0.200317 -0.442963 0.027885 -0.185791 -0.418427 0.033913 0.038124 -0.418915 0.033463 0.424286 -0.428131 0.026491 0.177979 -0.428619 0.025944 0.42453 -0.427704 -0.165024 0.057758 -0.418671 0.081955 0.077461 -0.418915 0.033463 0.424286 -0.418427 0.033913 0.038124 -0.173111 0.081879 0.216461 -0.418732 0.08194 0.440674 -0.418671 0.081955 0.077461 -0.418915 0.033463 0.424286 -0.458771 -0.186157 0.432068 -0.458923 0.081963 0.432312 -0.452026 0.034779 0.424438 -0.458923 0.081909 0.471466 -0.452087 0.082069 0.424042 -0.452026 0.081993 0.165588 -0.469482 0.081909 0.228577 -0.472321 0.082672 0.487854 -0.453064 0.081802 0.478699 -0.473541 0.08725 0.279358 -0.414215 0.082085 0.494934 -0.414185 0.081963 0.478638 -0.473541 0.106766 0.483337 -0.473602 0.107346 0.175125 -0.470001 0.112595 0.198608 -0.465546 0.112015 0.493652 -0.459106 0.087692 0.499207 -0.038322 0.088127 0.499786 -0.447723 0.105934 0.499573 -0.411011 0.035885 0.475006 -0.414185 0.081963 0.478638 -0.414093 -0.24472 0.478821 -0.453064 0.081802 0.478699 -0.407806 0.028111 0.468567 -0.410645 0.081917 0.475128 -0.414185 0.081963 0.478638 -0.411011 0.035885 0.475006 -0.079849 0.035717 0.474945 -0.414215 0.082085 0.494934 -0.080109 0.082024 0.475098 -0.309631 0.112007 0.49527 -0.465546 0.112015 0.493652 -0.447723 0.105934 0.499573 -0.03701 0.106712 0.499817 -0.343536 0.112396 0.369385 -0.309631 0.112007 0.49527 -0.288788 0.112343 0.399628 -0.465546 0.112015 0.493652 -0.470001 0.112595 0.198608 -0.179062 0.112289 0.41629 -0.300049 0.115318 0.371918 -0.287292 0.116539 0.39151 -0.36441 0.112488 0.233597 -0.470001 0.112595 0.198608 -0.343536 0.112396 0.369385 -0.299683 0.112267 0.31073 -0.304077 0.112846 0.22464 -0.281433 0.114876 0.32193 -0.157578 0.115089 0.239594 -0.305481 0.119987 0.229568 -0.312805 0.121063 0.185486 -0.36441 0.120605 0.232132 -0.321838 0.121529 0.19751 -0.355835 0.121788 0.198883 -0.365143 0.120689 0.191452 -0.194321 0.114517 0.18129 -0.304077 0.112846 0.22464 -0.157578 0.115089 0.239594 -0.03574 0.114136 0.179062 -0.126541 0.115669 0.144196 -0.334076 0.120705 0.36087 -0.299683 0.112267 0.31073 -0.343536 0.112396 0.369385 -0.279144 0.120262 0.339722 -0.291046 0.142685 0.374725 -0.262207 0.127655 0.351593 -0.278503 0.143997 0.380737 -0.30719 0.149933 0.403992 -0.258057 0.189987 0.388947 -0.248642 0.160965 0.356323 -0.253235 0.154984 0.320862 -0.264099 0.15625 0.292419 -0.253296 0.148972 0.293152 -0.281433 0.114876 0.32193 -0.262207 0.127655 0.351593 -0.248642 0.160965 0.356323 -0.300049 0.115318 0.371918 -0.287292 0.116539 0.39151 -0.166046 0.11631 0.363251 -0.355713 0.209229 0.197449 -0.337952 0.206894 0.213791 -0.352081 0.218246 0.191177 -0.348267 0.331604 0.210724 -0.347595 0.338196 0.183365 -0.332947 0.218674 0.181061 -0.344574 0.341675 0.210938 -0.335236 0.262268 0.200317 -0.323883 0.328522 0.209198 -0.323547 0.219193 0.196869 -0.321747 0.209015 0.197388 -0.332947 0.218674 0.181061 -0.347595 0.338196 0.183365 -0.327484 0.340668 0.18103 -0.332947 0.218674 0.181061 -0.335236 0.262268 0.200317 -0.323883 0.328522 0.209198 -0.344574 0.341675 0.210938 -0.348267 0.331604 0.210724 -0.334076 0.120705 0.36087 -0.343536 0.112396 0.369385 -0.369904 0.159363 0.391235 -0.356842 0.161972 0.408844 -0.367645 0.215134 0.392426 -0.33667 0.151855 0.400513 -0.291046 0.142685 0.374725 -0.278503 0.143997 0.380737 -0.309174 0.198135 0.409973 -0.325745 0.261719 0.370056 -0.284271 0.213776 0.396088 -0.253662 0.214035 0.364838 -0.271484 0.248245 0.332916 -0.300049 0.115318 0.371918 -0.356842 0.161972 0.408844 -0.343536 0.112396 0.369385 -0.30719 0.149933 0.403992 -0.262207 0.127655 0.351593 -0.298462 0.201767 0.413086 -0.258057 0.189987 0.388947 -0.343445 0.232376 0.401611 -0.367645 0.215134 0.392426 -0.325745 0.261719 0.370056 -0.316223 0.261414 0.381531 -0.271484 0.248245 0.332916 -0.264221 0.236481 0.36734 -0.253052 0.240677 0.326386 -0.248428 0.19931 0.303741 -0.238388 0.194916 0.318024 -0.248642 0.160965 0.356323 -0.278503 0.143997 0.380737 -0.253296 0.148972 0.293152 -0.264099 0.15625 0.292419 -0.253662 0.214035 0.364838 -0.253235 0.154984 0.320862 -0.248642 0.160965 0.356323 -0.278503 0.143997 0.380737 -0.287292 0.116539 0.39151 -0.179062 0.112289 0.41629 -0.182861 0.115273 0.408325 -0.166046 0.11631 0.363251 -0.118202 0.115913 0.395111 -0.113556 0.112122 0.404633 -0.102119 0.11396 0.29245 -0.157715 0.114555 0.296356 -0.281433 0.114876 0.32193 -0.157578 0.115089 0.239594 -0.071381 0.112953 0.252106 -0.03574 0.114136 0.179062 -0.02606 0.11216 0.180954 -0.03553 0.114487 0.088081 -0.029304 0.112 0.495087 -0.309631 0.112007 0.49527 -0.03701 0.106712 0.499817 -0.022522 0.107094 0.294037 -0.024443 0.112221 0.040642 -0.022505 0.087387 0.487915 -0.048561 0.022244 -0.051613 -0.060898 0.022131 -0.050018 -0.06826 0.033524 -0.056988 -0.04866 0.022114 0.186371 -0.040741 0.033676 -0.047668 -0.068268 0.081825 -0.059341 -0.06826 0.033524 -0.056988 -0.068375 0.081741 0.424286 -0.040619 0.081314 -0.047661 -0.040638 0.033829 0.235062 -0.040741 0.033676 -0.047668 -0.060898 0.022131 -0.050018 -0.061005 0.022125 0.424469 -0.06826 0.033524 -0.056988 -0.060898 0.022131 -0.050018 -0.04866 0.022114 0.186371 -0.061005 0.022125 0.424469 -0.061005 0.022125 0.424469 -0.06826 0.03384 0.424438 -0.06826 0.033524 -0.056988 -0.068375 0.081741 0.424286 -0.040619 0.081314 -0.047661 -0.040546 0.081528 0.228638 -0.040638 0.033829 0.235062 -0.040741 0.033676 -0.047668 -0.040638 0.033829 0.235062 -0.04866 0.022114 0.186371 -0.04866 0.022114 0.186371 -0.048477 0.022123 0.424469 -0.061005 0.022125 0.424469 -0.040638 0.033829 0.235062 -0.040634 0.034039 0.422974 -0.040546 0.081528 0.228638 -0.040668 0.080132 0.423462 -0.033909 0.081596 0.431396 -0.026152 0.081863 0.494446 -0.025993 0.081535 0.102554 -0.03928 -0.452362 0.424622 -0.076294 -0.460571 0.429932 -0.078445 -0.453857 0.424805 -0.082436 -0.452271 0.471588 -0.082161 -0.218491 0.432037 -0.076431 -0.176361 0.424591 -0.077438 -0.460388 0.472565 -0.039429 -0.101204 0.4245 -0.033665 -0.131622 0.431885 -0.038967 -0.460693 0.4328 -0.039421 -0.460632 0.472656 -0.033676 -0.452301 0.431702 -0.033642 -0.163467 0.471405 -0.033646 -0.452393 0.471497 -0.082352 -0.365845 0.473724 -0.082161 -0.218491 0.432037 -0.082436 -0.452271 0.471588 -0.082382 -0.364624 0.442963 -0.082451 -0.374268 0.452454 -0.101738 -0.374176 0.466309 -0.076439 -0.345612 0.478699 -0.076218 -0.451538 0.47876 -0.077438 -0.460388 0.472565 -0.039421 -0.460632 0.472656 -0.039303 -0.451843 0.478668 -0.039173 -0.196823 0.478638 -0.033646 -0.452393 0.471497 -0.033642 -0.163467 0.471405 -0.082443 -0.306427 0.442993 -0.082161 -0.218491 0.432037 -0.082382 -0.364624 0.442963 -0.082443 -0.297943 0.451172 -0.08226 0.024517 0.432159 -0.08226 0.024517 0.432159 -0.082443 -0.297943 0.451172 -0.082565 0.024837 0.451233 -0.082451 0.033447 0.440857 -0.408264 0.033497 0.440857 -0.408234 0.024948 0.45108 -0.408264 0.033497 0.440857 -0.082565 0.024837 0.451233 -0.082451 0.033447 0.440857 -0.418732 0.08194 0.440674 -0.083885 0.081932 0.440796 -0.173111 0.081879 0.216461 -0.08226 0.024517 0.432159 -0.068375 0.081741 0.424286 -0.068268 0.081825 -0.059341 -0.076454 0.081848 0.424744 -0.076431 -0.176361 0.424591 -0.082161 -0.218491 0.432037 -0.039429 -0.101204 0.4245 -0.076431 -0.176361 0.424591 -0.048477 0.022123 0.424469 -0.061005 0.022125 0.424469 -0.040634 0.034039 0.422974 -0.06826 0.03384 0.424438 -0.076454 0.081848 0.424744 -0.068375 0.081741 0.424286 -0.033909 0.081596 0.431396 -0.033665 -0.131622 0.431885 -0.033772 0.081436 0.471405 -0.033642 -0.163467 0.471405 -0.026152 0.081863 0.494446 -0.039173 -0.196823 0.478638 -0.039635 0.08152 0.47879 -0.076378 0.081909 0.478638 -0.076561 -0.086922 0.478638 -0.082207 -0.304016 0.471558 -0.079849 0.035717 0.474945 -0.082901 0.028097 0.468567 -0.076561 -0.086922 0.478638 -0.076378 0.081909 0.478638 -0.082565 0.024837 0.451233 -0.224152 -0.187653 0.45108 -0.408234 0.024948 0.45108 -0.237946 0.028252 0.468628 -0.079849 0.035717 0.474945 -0.411011 0.035885 0.475006 -0.082901 0.028097 0.468567 -0.218643 -0.091866 0.468628 -0.080109 0.082024 0.475098 -0.410645 0.081917 0.475128 -0.079849 0.035717 0.474945 -0.076378 0.081909 0.478638 -0.026152 0.081863 0.494446 -0.22905 0.123909 -0.104881 -0.229309 0.141525 -0.084442 -0.185226 0.140335 -0.087921 -0.253906 0.140671 -0.043484 -0.273254 0.124115 -0.053123 -0.247498 0.112579 -0.074989 -0.190994 0.112679 -0.093338 -0.23735 0.112389 0.003969 -0.15712 0.125381 -0.084343 -0.151123 0.112335 -0.028906 -0.167404 0.139786 -0.032162 -0.137497 0.12709 -0.022211 -0.260284 0.127838 -0.005652 -0.227631 0.140533 0.003256 -0.171997 0.148941 -0.006615 -0.219162 0.125641 0.02343 -0.188202 0.11245 0.010861 -0.285095 0.113388 0.047512 -0.151733 0.131378 -0.001351 -0.121368 0.112228 -0.169937 -0.190994 0.112679 -0.093338 -0.151123 0.112335 -0.028906 -0.020664 0.112099 -0.051136 -0.024443 0.112221 0.040642 -0.017591 0.088318 -0.054779 -0.022123 0.082153 -0.045254 -0.137894 0.113281 0.046913 -0.285095 0.113388 0.047512 -0.034405 0.112305 -0.231598 0.010246 0.112251 -0.164993 -0.044338 0.117447 -0.170486 0.055458 0.124382 -0.161453 0.092972 0.124237 -0.150528 0.079613 0.112244 -0.149658 -0.418671 0.081955 0.077461 -0.068268 0.081825 -0.059341 -0.173111 0.081879 0.216461 -0.188202 0.11245 0.010861 -0.23735 0.112389 0.003969 -0.285095 0.113388 0.047512 -0.285095 0.113388 0.047512 -0.190704 0.115013 0.104851 -0.137894 0.113281 0.046913 -0.236176 0.115433 0.118103 -0.211685 0.115837 0.148331 -0.194321 0.114517 0.18129 -0.126541 0.115669 0.144196 -0.03553 0.114487 0.088081 -0.03574 0.114136 0.179062 -0.03421 0.116814 0.044098 -0.024443 0.112221 0.040642 -0.02606 0.11216 0.180954 -0.026152 0.081863 0.494446 -0.414215 0.082085 0.494934 -0.080109 0.082024 0.475098 -0.038322 0.088127 0.499786 -0.022505 0.087387 0.487915 -0.03701 0.106712 0.499817 -0.447723 0.105934 0.499573 -0.029304 0.112 0.495087 0.111656 -0.460083 -0.101349 0.105911 -0.300659 -0.097305 0.075256 -0.452271 -0.097389 0.112762 -0.36557 -0.106522 0.112663 -0.375427 -0.113365 0.114876 -0.331604 -0.105942 0.251923 -0.331573 -0.106674 0.115021 -0.331512 -0.077057 0.098106 -0.305573 -0.153549 0.097961 -0.367249 -0.153442 0.098091 -0.268555 -0.426025 0.102722 -0.328308 -0.154999 0.098152 -0.127563 -0.153229 0.112755 -0.328278 -0.146713 0.112915 -0.365692 -0.137405 0.112663 -0.375488 -0.130432 0.419189 -0.375427 -0.130264 0.112709 -0.333069 -0.137543 0.419128 -0.332184 -0.137405 0.295715 -0.3284 -0.145645 0.112663 -0.375488 -0.130432 0.112663 -0.375427 -0.113365 0.112755 -0.328278 -0.146713 0.419342 -0.375427 -0.113312 0.251923 -0.331573 -0.106674 0.112762 -0.36557 -0.106522 0.418213 -0.36554 -0.106491 0.112663 -0.375427 -0.113365 0.419342 -0.375427 -0.113312 0.419647 -0.459839 -0.100098 0.425262 -0.331604 -0.097511 0.454437 -0.458832 -0.09903 0.418518 -0.331635 -0.106483 0.42569 -0.331543 -0.077431 0.115021 -0.331512 -0.077057 0.363403 -0.326111 -0.073242 0.418213 -0.36554 -0.106491 0.112762 -0.36557 -0.106522 0.112663 -0.375427 -0.113365 0.112915 -0.365692 -0.137405 0.41925 -0.36557 -0.13739 0.419189 -0.375427 -0.130264 0.419128 -0.332184 -0.137405 0.419586 -0.328308 -0.147034 0.41983 -0.453064 -0.150925 0.423492 -0.365295 -0.15097 0.42334 -0.219437 -0.151291 0.431122 -0.376099 -0.153381 0.434296 -0.458008 -0.153046 0.450775 -0.366211 -0.152252 0.455048 -0.459534 -0.146469 0.455627 -0.306763 -0.145721 0.454437 -0.458832 -0.09903 0.450836 -0.31076 -0.151688 0.075348 -0.084724 -0.097336 0.075256 -0.452271 -0.097389 0.105911 -0.300659 -0.097305 0.06897 -0.452209 -0.104675 0.069122 0.019335 -0.105019 0.105804 -0.086395 -0.097336 0.11425 -0.15773 -0.106186 0.114876 -0.331604 -0.105942 0.419128 -0.332184 -0.137405 0.112709 -0.333069 -0.137543 0.295715 -0.3284 -0.145645 0.419586 -0.328308 -0.147034 0.358124 -0.327728 -0.258331 0.295715 -0.3284 -0.145645 0.102722 -0.328308 -0.154999 0.419586 -0.328308 -0.147034 0.114952 -0.158203 -0.074112 0.11425 -0.15773 -0.106186 0.114876 -0.331604 -0.105942 0.115021 -0.331512 -0.077057 0.119545 -0.325867 -0.07312 0.363403 -0.326111 -0.073242 0.149841 -0.316071 -0.07299 0.128052 -0.177155 -0.075272 0.128464 -0.311432 -0.07531 0.212509 -0.281708 -0.075432 0.311768 -0.281097 -0.075798 0.222824 -0.223129 -0.075554 0.419342 -0.375427 -0.113312 0.112663 -0.375488 -0.130432 0.419189 -0.375427 -0.130264 0.41983 -0.453064 -0.150925 0.419647 -0.459839 -0.100098 0.434296 -0.458008 -0.153046 0.455048 -0.459534 -0.146469 0.454437 -0.458832 -0.09903 0.425262 -0.331604 -0.097511 0.454437 -0.458832 -0.09903 0.455444 -0.143005 -0.104591 0.455627 -0.306763 -0.145721 0.455566 0.081787 -0.145157 0.4198 -0.210846 -0.213272 0.419586 -0.328308 -0.147034 0.419647 -0.271118 -0.304352 0.426666 -0.157745 -0.097481 0.425262 -0.331604 -0.097511 0.448822 -0.158417 -0.097504 0.426727 -0.037975 -0.097458 0.426239 -0.153625 -0.074028 0.422363 -0.154739 -0.100998 0.426025 -0.158066 -0.075287 0.42569 -0.331543 -0.077431 0.419006 -0.317291 -0.073441 0.419067 -0.172134 -0.073357 0.41272 -0.310883 -0.076294 0.409485 -0.177063 -0.076233 0.311768 -0.281097 -0.075798 0.450836 -0.31076 -0.151688 0.445679 -0.305054 -0.153671 0.445679 0.028894 -0.153381 0.445679 -0.202454 -0.312531 0.11425 -0.15773 -0.106186 0.233231 -0.154694 -0.100723 0.114891 -0.154419 -0.077438 0.264587 -0.154526 -0.075928 0.115211 -0.034657 -0.105728 0.105804 -0.086395 -0.097336 0.114853 -0.039474 -0.077843 0.120468 -0.04472 -0.073067 0.121284 -0.143616 -0.072388 0.279144 -0.144699 -0.072472 0.129684 -0.057388 -0.075211 0.128708 -0.137512 -0.075058 0.222473 -0.109924 -0.075256 0.301819 -0.103081 -0.0755 0.069122 0.019335 -0.105019 0.069031 -0.212891 -0.146149 0.06897 -0.452209 -0.104675 0.106224 0.080544 -0.097733 0.105804 -0.086395 -0.097336 0.115211 -0.034657 -0.105728 0.075348 -0.084724 -0.097336 0.074516 0.081573 -0.097504 0.115417 0.06308 -0.103241 0.115112 -0.033764 -0.074806 0.115135 0.079086 -0.076653 0.277069 0.079964 -0.104355 0.097473 0.082146 -0.079773 0.263489 0.081429 -0.08284 0.238937 0.087143 -0.077965 0.198318 0.107155 -0.078575 0.024134 0.082397 -0.081161 0.067085 0.081421 -0.109848 -0.003404 0.080528 -0.079597 -0.017591 0.088318 -0.054779 -0.022123 0.082153 -0.045254 0.015239 0.106728 -0.080063 -0.020664 0.112099 -0.051136 0.012761 0.112099 -0.084564 0.255188 0.112267 -0.081741 0.010246 0.112251 -0.164993 0.181046 0.112206 -0.152115 0.079613 0.112244 -0.149658 0.11425 -0.15773 -0.106186 0.234482 -0.15773 -0.100288 0.233231 -0.154694 -0.100723 0.114952 -0.158203 -0.074112 0.426666 -0.157745 -0.097481 0.422363 -0.154739 -0.100998 0.235641 -0.158157 -0.073761 0.233658 -0.171524 -0.072853 0.128052 -0.177155 -0.075272 0.409485 -0.177063 -0.076233 0.222824 -0.223129 -0.075554 0.311768 -0.281097 -0.075798 0.115211 -0.034657 -0.105728 0.119926 -0.039696 -0.103439 0.404785 -0.033962 -0.105347 0.114853 -0.039474 -0.077843 0.426727 -0.037975 -0.097458 0.426422 -0.0396 -0.076508 0.426239 -0.153625 -0.074028 0.427155 0.080223 -0.097534 0.426727 -0.037975 -0.097458 0.448822 -0.158417 -0.097504 0.426392 -0.033897 -0.075066 0.404785 -0.033962 -0.105347 0.449341 0.081726 -0.097618 0.455444 -0.143005 -0.104591 0.450836 -0.31076 -0.151688 0.445679 0.028894 -0.153381 0.45166 0.035591 -0.150909 0.450836 -0.31076 -0.151688 0.45166 0.035591 -0.150909 0.455627 -0.306763 -0.145721 0.45166 0.035591 -0.150909 0.455566 0.081787 -0.145157 0.455627 -0.306763 -0.145721 0.451721 0.080215 -0.150986 0.455566 0.081787 -0.145157 0.455505 0.081825 -0.105927 0.455444 -0.143005 -0.104591 0.449341 0.081726 -0.097618 0.268707 0.112236 -0.094612 0.282715 0.12429 -0.104607 0.245529 0.119606 -0.175781 0.380646 0.123413 -0.143433 0.269257 0.137451 -0.113129 0.282715 0.12429 -0.104607 0.291321 0.137878 -0.0998 0.385742 0.135132 -0.14212 0.380646 0.123413 -0.143433 0.340363 0.136459 -0.198105 0.277069 0.079964 -0.104355 0.427246 0.079781 -0.078659 0.263489 0.081429 -0.08284 0.421753 0.079208 -0.073967 0.426514 0.081772 -0.08181 0.463287 0.087685 -0.0774 0.238937 0.087143 -0.077965 0.464813 0.107468 -0.077492 0.390564 0.112419 -0.142075 0.268707 0.112236 -0.094612 0.469696 0.112167 -0.08358 0.380646 0.123413 -0.143433 0.470215 0.081718 -0.221985 0.469055 0.081879 -0.082184 0.455566 0.081787 -0.145157 0.47348 0.087776 -0.086693 0.455505 0.081825 -0.105927 0.449341 0.081726 -0.097618 0.311768 -0.281097 -0.075798 0.128464 -0.311432 -0.07531 0.41272 -0.310883 -0.076294 0.426025 -0.158066 -0.075287 0.426666 -0.157745 -0.097481 0.235641 -0.158157 -0.073761 0.419067 -0.172134 -0.073357 0.233658 -0.171524 -0.072853 0.409485 -0.177063 -0.076233 0.422363 -0.154739 -0.100998 0.264587 -0.154526 -0.075928 0.233231 -0.154694 -0.100723 0.426239 -0.153625 -0.074028 0.279144 -0.144699 -0.072472 0.419128 -0.138474 -0.074905 0.426422 -0.0396 -0.076508 0.129684 -0.057388 -0.075211 0.301819 -0.103081 -0.0755 0.412537 -0.059116 -0.076111 0.412537 -0.059116 -0.076111 0.301819 -0.103081 -0.0755 0.128708 -0.137512 -0.075058 0.419128 -0.138474 -0.074905 0.279144 -0.144699 -0.072472 0.149841 -0.316071 -0.07299 0.363403 -0.326111 -0.073242 0.419006 -0.317291 -0.073441 0.42569 -0.331543 -0.077431 0.41272 -0.310883 -0.076294 0.41272 -0.310883 -0.076294 0.128464 -0.311432 -0.07531 0.149841 -0.316071 -0.07299 0.309448 -0.052788 -0.072861 0.129684 -0.057388 -0.075211 0.412537 -0.059116 -0.076111 0.418915 -0.045986 -0.073128 0.412537 -0.059116 -0.076111 0.419128 -0.138474 -0.074905 0.426422 -0.0396 -0.076508 0.309448 -0.052788 -0.072861 0.120468 -0.04472 -0.073067 0.129684 -0.057388 -0.075211 0.115135 0.079086 -0.076653 0.115112 -0.033764 -0.074806 0.120949 -0.014468 -0.074707 0.230484 0.069069 -0.071777 0.129105 0.061752 -0.07502 0.224182 0.023188 -0.075363 0.114853 -0.039474 -0.077843 0.120468 -0.04472 -0.073067 0.426422 -0.0396 -0.076508 0.404785 -0.033962 -0.105347 0.115112 -0.033764 -0.074806 0.115211 -0.034657 -0.105728 0.238556 -0.033649 -0.074249 0.162781 -0.019159 -0.074577 0.421753 0.079208 -0.073967 0.277069 0.079964 -0.104355 0.115135 0.079086 -0.076653 0.230484 0.069069 -0.071777 0.411011 0.061119 -0.075966 0.129105 0.061752 -0.07502 0.224182 0.023188 -0.075363 0.162781 -0.019159 -0.074577 0.320404 0.024124 -0.075691 0.129105 0.061752 -0.07502 0.411133 -0.016911 -0.076012 0.120949 -0.014468 -0.074707 0.115112 -0.033764 -0.074806 0.426392 -0.033897 -0.075066 0.238556 -0.033649 -0.074249 0.404785 -0.033962 -0.105347 0.255188 0.112267 -0.081741 0.469696 0.112167 -0.08358 0.268707 0.112236 -0.094612 0.464813 0.107468 -0.077492 0.198318 0.107155 -0.078575 0.238937 0.087143 -0.077965 0.411011 0.061119 -0.075966 0.129105 0.061752 -0.07502 0.320404 0.024124 -0.075691 0.411133 -0.016911 -0.076012 0.426392 -0.033897 -0.075066 0.427246 0.079781 -0.078659 0.421753 0.079208 -0.073967 0.411011 0.061119 -0.075966 0.411133 -0.016911 -0.076012 0.427155 0.080223 -0.097534 0.426514 0.081772 -0.08181 0.449341 0.081726 -0.097618 0.469055 0.081879 -0.082184 0.463287 0.087685 -0.0774 0.47348 0.087776 -0.086693 0.463287 0.087685 -0.0774 0.469055 0.081879 -0.082184 0.464813 0.107468 -0.077492 0.473572 0.106712 -0.086456 0.469696 0.112167 -0.08358 -0.025993 0.081535 0.102554 -0.040546 0.081528 0.228638 -0.040619 0.081314 -0.047661 -0.040619 0.081314 -0.047661 -0.022123 0.082153 -0.045254 -0.025993 0.081535 0.102554 -0.022123 0.082153 -0.045254 -0.022526 0.086868 0.122993 -0.025993 0.081535 0.102554 0.426422 -0.0396 -0.076508 0.120468 -0.04472 -0.073067 0.418915 -0.045986 -0.073128 0.162781 -0.019159 -0.074577 0.238556 -0.033649 -0.074249 0.407257 -0.025745 -0.072731 0.426392 -0.033897 -0.075066 0.407257 -0.025745 -0.072731 0.411133 -0.016911 -0.076012 0.162781 -0.019159 -0.074577 0.426392 -0.033897 -0.075066 -0.022123 0.082153 -0.045254 -0.022522 0.107094 0.294037 -0.022526 0.086868 0.122993 -0.022505 0.087387 0.487915 -0.026152 0.081863 0.494446 -0.025993 0.081535 0.102554 -0.022123 0.082153 -0.045254 -0.024443 0.112221 0.040642 -0.022522 0.107094 0.294037 0.084335 0.129623 -0.353302 0.090034 0.202408 -0.352478 0.09774 0.205948 -0.387238 0.084152 0.206284 -0.355743 0.084335 0.129623 -0.353302 0.09774 0.205948 -0.387238 0.388611 0.129898 -0.314789 0.391693 0.214005 -0.316895 0.363464 0.213303 -0.317535 -0.359863 0.120705 0.084885 -0.354279 0.210526 0.094559 -0.353394 0.121208 0.093391 -0.349762 0.121124 0.042591 -0.33844 0.166779 0.030878 -0.351562 0.210251 0.02368</float_array>
          <technique_common>
            <accessor source="#CornerTable3-mesh-positions-array" count="2329" stride="3">
              <param name="X" type="float"/>
              <param name="Y" type="float"/>
              <param name="Z" type="float"/>
            </accessor>
          </technique_common>
        </source>
        <source id="CornerTable3-mesh-normals">
          <float_array id="CornerTable3-mesh-normals-array" count="5952">-0.040816 -0.020963 -0.998947 -0.053841 -0.027535 -0.99817 0.029451 -0.998781 -0.039625 -0.002409 -0.99996 0.00865 0.090327 -0.471853 0.877038 0.684801 0.000074 0.72873 0.822151 -0.549561 -0.148495 1 -0.000259 0.000641 0.999994 0.000188 0.003465 0.723184 0.000136 -0.690655 0.999881 0.002052 -0.01529 0.143773 -0.000519 -0.989611 0.712545 0.000812 -0.701626 0.667767 -0.021992 -0.744046 -0.031106 0.02136 -0.999288 0.027753 0.003243 -0.99961 0.015223 0.001671 -0.999883 0.922444 0.000379 0.386131 0.919887 -0.000263 0.392182 0.319187 0.000056 0.947692 0.319464 0.000267 0.947598 -0.999938 -0.008129 -0.007544 -0.999895 -0.013083 0.006157 -0.671459 0.03373 0.740274 -0.008652 -0.00549 0.999947 0.004397 0.000029 0.99999 -0.131593 -0.884081 -0.448423 -0.377214 -0.907915 -0.182759 0.296723 -0.915386 0.272074 -0.303219 -0.019962 -0.952712 -0.923197 0.00099 -0.384326 -0.295618 -0.003791 -0.955299 -0.312384 0.004243 -0.949946 -0.322986 -0.00457 -0.946393 -0.319558 -0.01307 -0.947477 -0.177329 -0.828393 -0.531338 -0.170131 -0.804517 -0.569041 -0.179505 -0.793393 -0.58164 -0.18447 -0.820405 -0.541209 -0.003542 -0.999864 -0.016096 0.005146 -0.999314 -0.036667 0.098691 -0.970185 0.221361 0.137039 -0.877197 0.460159 0.120974 -0.879583 0.460107 0.131444 -0.899723 0.416198 0.311814 -0.002401 0.95014 0.284398 0.002539 0.958703 0.311128 -0.003977 0.95036 0.119242 0.922669 0.366693 0.285568 0.003994 0.95835 0.124971 0.911125 0.392725 0.098579 0.927666 0.360163 0.119921 0.90694 0.403831 0.310707 -0.000534 0.950506 0.097571 0.937958 0.332737 0.290281 -0.00143 0.95694 0.287009 0.00017 0.957928 0.039191 -0.001227 0.999231 -0.449377 0.879544 -0.156402 -0.117297 0.957771 -0.262519 0.537558 0.000956 -0.843226 -0.909697 0.000297 -0.415273 -0.443295 0.868027 -0.223647 -0.537921 0.810697 -0.23111 -0.921191 0.004388 -0.389086 -0.920507 0.00003 -0.390726 -0.545029 0.805271 -0.233416 -0.469234 0.874254 -0.124497 -0.980015 -0.000582 -0.198923 -0.978994 0.000244 -0.20389 -0.442722 -0.880091 -0.171571 -0.486065 -0.851349 -0.197346 -0.458777 -0.879853 -0.124027 -0.066041 -0.997788 0.007655 0.599623 -0.723577 0.341889 -0.00533 -0.999979 0.003747 0.423875 -0.880938 0.210421 0.674948 -0.737848 0.005031 0.708217 -0.705925 0.009948 0.723083 -0.690756 0.002763 0.910828 -0.002952 0.412774 0.999959 0.001988 0.008852 0.99997 -0.004096 0.006633 0.632725 0.774359 0.005266 0.62292 0.782271 0.004765 0.999962 -0.000059 0.00868 0.656087 0.754294 0.024308 0.999966 0.00074 0.008207 0.998241 -0.000945 0.059275 0.998071 -0.000449 0.062085 0.912739 0.005933 0.4085 0.490331 0.842362 0.223609 0.5065 0.831201 0.229266 -0.192646 0.972519 -0.130747 -0.032053 0.999473 -0.005074 -0.925083 -0.000477 -0.379765 -0.136832 0.903271 -0.406667 -0.144219 0.876441 -0.459404 -0.306006 -0.00045 -0.952029 -0.305677 -0.000623 -0.952135 -0.676963 -0.003894 -0.736007 -0.64065 -0.000048 -0.767833 0.399415 -0.004113 -0.916761 0.909015 -0.001661 0.416761 0.911602 0.000848 0.411073 0.666346 -0.001539 -0.745641 0.713051 0.001537 -0.701111 0.005423 0.000282 0.999985 -0.923376 -0.000028 -0.383897 0.420754 -0.001189 -0.907174 0.129417 0.014367 -0.991486 -0.63992 -0.000115 -0.768441 -0.36957 -0.718046 -0.589769 -0.205392 -0.972929 -0.105944 -0.337815 -0.917424 -0.210271 0.756618 0.016661 -0.653645 0.999927 -0.001795 -0.011908 0.029254 -0.001568 -0.999571 0.001398 -0.999998 0.00114 0.090929 -0.006036 -0.995839 0.042052 -0.997462 0.057462 0.945309 -0.256307 -0.201739 0.966926 -0.014639 0.254638 0.944532 -0.127863 0.302508 0.920023 -0.001073 0.391863 0.321273 -0.001145 0.946986 -0.230285 0.000166 0.973123 -0.200889 0.010495 0.979558 0.176727 -0.84026 0.512573 0.170437 -0.859158 0.482492 0.151264 -0.831383 0.534717 0.328936 0.000976 0.944352 0.333787 -0.011624 0.942577 0.000365 -0.999998 0.002067 -0.000446 -1 0.000889 0.265099 0.00208 0.964219 0.270854 0.011759 0.962549 -0.303602 0.000196 -0.952799 -0.313657 0.001167 -0.949536 -0.241705 -0.690324 -0.681932 -0.314595 0.000426 -0.949226 -0.252239 -0.589267 -0.767555 -0.226788 -0.651475 -0.723981 -0.331719 0.001823 -0.943377 -0.322993 -0.00103 -0.946401 -0.323047 -0.001048 -0.946382 -0.328613 0.00383 -0.944457 -0.176717 -0.000906 -0.984261 -0.182044 -0.789441 -0.58621 -0.22451 -0.713878 -0.663305 -0.309523 -0.018424 -0.950714 -0.32576 -0.005734 -0.945435 -0.311328 -0.00887 -0.950261 -0.328845 -0.013118 -0.944293 0.002287 -0.999996 -0.001556 -0.004962 -0.999905 -0.012886 -0.006752 -0.999114 -0.041544 -0.005474 -0.999898 -0.013187 -0.262167 -0.632844 -0.728544 -0.286445 -0.047421 -0.956922 -0.32434 -0.092926 -0.941365 -0.314011 -0.039921 -0.94858 -0.299388 0.01233 -0.954052 -0.344806 0.10614 -0.932654 -0.257762 0.523168 -0.812314 -0.254454 0.565443 -0.784556 -0.232757 0.617408 -0.751419 -0.004675 0.999978 -0.004759 -0.001336 0.999997 -0.002233 -0.000807 0.999994 -0.003478 -0.001293 0.999998 -0.001752 -0.688358 -0.386006 -0.614136 -0.71356 0.093964 -0.694264 -0.942836 -0.305892 -0.132253 -0.994319 0.102993 0.026877 -0.01248 0.999904 -0.006087 0.006079 0.999972 0.00432 -0.001641 0.999994 -0.002905 -0.687531 -0.483279 -0.54198 0.483617 -0.354344 -0.800346 0.438634 -0.365696 -0.820893 -0.241613 -0.236171 -0.941194 0.508542 -0.404396 -0.760163 0.096741 -0.991594 0.085918 0.070825 -0.991423 0.109835 -0.057867 0.997422 -0.042441 0.710297 0.371379 0.597959 -0.036473 0.997223 0.064926 0.04972 0.996118 0.07264 0.197777 -0.791399 -0.578421 0.724837 0.340201 0.599061 0.489958 0.663392 0.565555 0.148852 0.500493 0.852848 -0.499315 0.5282 0.686796 0.692459 0.422119 0.585077 0.697552 0.426565 0.575728 0.384059 0.597029 0.704312 -0.016248 0.999858 -0.00442 0.013736 0.999704 -0.020056 0.025684 0.999383 -0.023952 -0.002602 0.999988 -0.004077 0.026135 0.999385 -0.023384 0.004155 0.999985 0.003585 -0.116081 0.992852 -0.027749 0.00219 0.999988 -0.004339 -0.592068 0.578626 -0.560935 0.696291 -0.000284 0.717759 0.001342 -0.000116 0.999999 0.006017 -0.001194 0.999981 -0.573127 0.009092 0.819416 0.688862 -0.000715 0.724892 0.999997 0.00016 0.002358 0.005219 -0.999982 0.00296 0.073261 0.813366 0.577121 -0.001377 0.004389 0.999989 0.001569 -0.999997 0.001766 0.917969 0.000589 0.396652 0.924096 -0.042171 0.379826 0.989583 0.021033 0.142419 0.903971 0.001661 0.42759 0.904178 -0.00101 0.427154 0.998343 0.001589 0.05753 0.911468 -0.000287 0.411371 0.70927 0.002027 -0.704934 -0.905403 -0.001812 -0.42455 -0.91198 0.00011 -0.410235 -0.599814 -0.751002 -0.276078 -0.517987 -0.847144 -0.118477 -0.493444 -0.842259 -0.217054 -0.496724 -0.837929 -0.226141 -0.914276 -0.006915 -0.405032 -0.915716 -0.003084 -0.401814 -0.91664 0.006143 -0.399667 0.000043 -0.999998 0.002166 0.000477 -0.999997 0.002422 -0.799407 -0.538075 -0.267253 -0.696877 -0.680662 -0.225968 -0.951855 0.040928 -0.303803 -0.951583 0.020389 -0.306714 -0.747337 0.625577 -0.223924 -0.004108 0.999976 -0.005608 -0.003028 0.999987 -0.00406 0.713868 0.403238 0.572531 0.706003 0.375403 0.600527 0.110728 -0.991409 0.069623 -0.138419 0.982408 -0.125359 0.734497 0.380824 0.561682 0.730544 0.384556 0.564289 0.549889 0.694756 0.463613 0.1195 0.991898 0.043113 -0.002045 0.999977 -0.006429 -0.02283 0.999724 0.005614 -0.912973 -0.000541 -0.408019 -0.981944 -0.000975 -0.189171 -0.176885 0.824864 -0.536947 -0.174029 0.835851 -0.520641 -0.313578 0.000594 -0.949562 -0.313635 0.000537 -0.949543 -0.239997 0.706366 -0.66592 -0.325761 0.001899 -0.94545 -0.065554 0.832253 -0.550506 -0.323562 0.003106 -0.946202 -0.198454 -0.002152 -0.980108 -0.183149 -0.000042 -0.983085 0.027372 -0.983985 0.176139 -0.099954 -0.900836 -0.422497 0.139118 -0.900857 0.41122 0.282208 0.009869 0.959303 -0.006666 -0.766879 -0.641757 0.000206 -0.003114 -0.999995 -0.003861 0.006099 -0.999974 -0.001133 0.787142 -0.616771 -0.001192 0.787838 -0.615881 0.01656 -0.839398 -0.543264 -0.015533 -0.938727 0.34431 0.926418 -0.375733 0.023965 0.038268 -0.844947 0.533479 -0.999933 -0.00409 -0.010848 -0.999924 -0.010411 0.006668 -0.979929 0.017762 0.198555 -1 -0.000785 0.000552 -0.892611 -0.000618 0.450828 -0.981319 -0.005562 0.192306 0.04147 -0.004652 0.999129 -0.983073 -0.006942 0.183081 0.024263 0.023911 0.99942 0.115606 -0.025305 0.992973 0.087874 0.938161 0.334862 0.025357 0.865165 0.500845 0.032055 0.850692 0.524687 -0.999405 0.003894 -0.034284 0.037458 0.000009 0.999298 -0.999926 -0.000237 -0.012197 -0.783019 -0.000616 -0.621998 -0.779248 -0.0002 -0.626716 -0.755605 0.004462 -0.655012 -0.006331 -0.000514 -0.99998 0.033835 -0.558465 -0.828838 0.007214 -0.647219 -0.76227 0.814619 -0.001667 -0.579994 0.006845 -0.999846 -0.016139 0.999939 -0.010416 -0.003648 -0.080018 -0.992997 0.086919 -0.000641 -0.66148 -0.749963 0.999658 0.023189 0.012082 0.999967 0.007017 0.00416 0.999985 -0.003884 0.003849 0.999961 -0.006301 0.006124 0.999067 -0.014177 0.040788 0.010413 0.999905 0.009047 0.737908 0.000565 0.674902 0.754871 -0.001548 0.655872 0.03474 -0.628031 0.777413 0.006526 0.002163 0.999976 -0.019257 -0.006384 0.999794 0.007767 0.001529 0.999969 0.029573 -0.01762 0.999407 -0.021887 0.000002 -0.99976 -1 0.000707 0.00065 0.308731 0.000212 0.951149 -0.021001 -0.000502 -0.999779 -0.999302 0.001621 -0.037327 -0.993993 0.000106 -0.109444 -0.877223 -0.021936 -0.479581 -0.020493 0.000038 -0.99979 -0.03736 -0.740095 -0.671464 -0.001049 -0.498397 -0.866948 -0.198835 -0.775529 -0.599182 0.000938 -0.005246 -0.999986 -0.778627 0.002959 -0.62748 -0.001175 0.00061 -0.999999 -0.001308 -0.999873 -0.015892 -0.001312 -0.999872 -0.015919 -0.000614 -0.999978 -0.006619 0.03762 0.000391 0.999292 0.028714 -0.802937 0.595372 -0.999872 -0.000517 -0.016002 -0.999892 -0.000932 -0.014636 0.023205 -0.819805 0.572172 -0.999754 -0.001582 -0.022133 0.281289 -0.014366 0.959516 0.04581 -0.024087 0.99866 0.032737 0.002667 0.99946 -0.002075 -0.999998 -0.000494 -0.999996 -0.002952 0.000136 -0.920088 0.034291 0.390208 -0.999994 -0.000268 0.003577 -0.962786 0.010493 0.270062 -0.999994 -0.000356 0.003568 -0.885451 -0.000242 0.464733 0.038956 0.001327 0.99924 0.297031 0.00193 0.954866 0.136421 -0.873883 0.466603 0.107957 -0.887868 0.447254 0.144804 -0.8639 0.482398 -0.89259 -0.000717 0.450868 0.554553 -0.830061 0.058905 0.647784 -0.761584 0.019134 0.998841 -0.001515 0.048113 0.476492 -0.84928 0.227329 0.557187 -0.791371 0.251545 0.908955 0.002232 0.416889 -0.000124 -1 0.000542 -0.00014 -1 0.000589 0.99999 0.001801 0.004007 0.999988 -0.003967 0.002749 0.635319 -0.772248 0.00183 0.62812 -0.778113 0.002294 0.99998 0.000075 0.006356 0.999973 -0.002145 0.006971 -0.003247 0.999995 -0.000493 -0.003825 0.999993 0.000206 -0.76973 -0.584956 -0.25562 -0.640318 -0.493092 -0.588942 -0.543735 0.822362 -0.167551 -0.933392 -0.348855 -0.084135 0.728772 -0.420015 0.540813 -0.919143 -0.38449 -0.085693 -0.564651 -0.596632 0.570263 -0.859543 -0.054535 0.508146 -0.564685 -0.596608 0.570254 -0.258023 0.903558 0.342062 -0.340321 0.911896 0.229408 0.367228 0.890553 0.268439 0.15547 0.985307 -0.070706 0.78511 0.347693 0.512554 0.747492 0.395369 0.533796 0.008229 0.998507 0.053993 0.755969 0.649305 0.083152 0.885407 0.053671 -0.461708 -0.022539 0.999739 -0.003604 -0.000734 0.999556 -0.029784 0.011196 0.999937 -0.000231 0.002437 0.999986 0.004726 -0.013268 0.999906 0.003583 -0.019054 0.999655 0.018102 0.008166 0.999953 0.005314 0.020484 0.99979 -0.000513 -0.597307 0.560547 -0.573596 -0.587478 0.56171 -0.582538 -0.585041 0.575944 -0.570977 -0.05555 0.997434 -0.045155 0.027403 0.999302 0.025386 -0.409137 0.295538 -0.863287 0.24338 0.57592 -0.780437 -0.004582 0.999274 -0.03782 0.430499 0.339592 -0.83627 -0.010266 0.997669 -0.067464 -0.016613 0.996754 -0.07877 -0.587471 0.551218 -0.592483 0.001349 0.999999 0.00013 -0.001212 0.999975 -0.006978 0.70795 -0.212802 0.673441 0.638377 -0.375916 0.671686 0.600893 -0.497808 0.625391 0.263674 0.117362 0.957446 -0.001502 0.999999 0.000781 -0.022434 -0.290374 0.95665 0.037592 -0.397405 0.916873 -0.422361 -0.307932 0.852519 0.005916 0.99998 0.0022 0.001791 0.999998 0.001301 -0.000749 0.999998 -0.001591 0.020705 0.999786 -0.000246 -0.032972 0.999316 -0.016717 0.004511 0.999982 0.004026 -0.001171 0.999996 -0.002418 0.999153 0.003311 -0.041004 -0.799602 0.000055 -0.600531 0.013188 0.72627 -0.687283 0.098479 0.553669 -0.826894 -0.215974 0.293995 0.931087 0.164128 0.427749 -0.888872 0.695787 0.070687 0.714762 -0.953888 0.088329 0.286873 -0.789251 -0.103137 -0.605347 0.998583 0.020677 -0.049036 -0.00516 -0.999981 -0.003438 -0.231084 -0.459092 -0.857808 -0.260704 0.257856 -0.930346 -0.043033 0.17797 -0.983094 -0.006174 0.999943 -0.008752 0.344463 0.265524 0.900468 -0.434751 -0.107824 -0.894072 0.148457 0.002669 -0.988915 -0.56497 0.645595 0.513824 -0.259322 0.312012 -0.914002 0.228648 0.268158 -0.935848 -0.86018 0.131249 0.492813 0.77613 0.265719 -0.571852 0.994523 0.009423 0.104096 -0.473231 0.812354 -0.340783 0.956731 0.247498 0.153004 0.859043 0.301322 -0.413823 0.440048 -0.035762 0.897262 0.512179 0.28003 0.811946 -0.090744 -0.0132 0.995787 0.41894 0.643519 -0.640603 -0.751956 -0.083629 0.653887 -0.62301 0.281437 0.72983 -0.200039 0.274454 0.940563 0.296365 0.321089 0.899483 0.66867 -0.085011 0.738683 0.580794 0.576897 -0.574341 0.656959 -0.039412 0.752895 0.414344 0.018148 -0.909939 0.695835 0.433808 -0.572385 -0.053188 0.997049 -0.055355 -0.664075 0.69193 0.283262 -0.676736 -0.313302 -0.666236 -0.998565 -0.018326 -0.050314 -0.271573 0.315189 -0.909343 -0.959907 -0.261039 0.102158 -0.770209 0.269605 -0.578006 -0.727289 0.320088 0.60712 -0.967487 0.251155 -0.029824 0.175998 0.277134 0.944575 0.384458 -0.273592 0.881668 0.412309 -0.253628 0.875028 -0.358774 0.264177 -0.895261 -0.023517 -0.414397 -0.909792 -0.007904 0.046671 -0.998879 -0.020674 -0.001678 -0.999785 -0.006206 0.658767 -0.752322 -0.001218 0.5954 -0.803429 -0.00081 0.999982 -0.005884 0.000639 0.999999 0.00084 0.000851 0.999999 0.001153 0.000391 0.999998 0.00186 -0.000092 0.999999 0.001112 -0.18488 0.436436 -0.880535 0.02023 0.995812 -0.089162 0.653495 -0.581426 -0.484653 0.010753 0.343778 0.938989 -0.123424 -0.122832 -0.984723 0.001452 0.999116 -0.042008 -0.009828 0.999932 0.006306 -0.003599 -0.697135 -0.716931 0.668024 -0.45295 -0.590407 -0.003068 0.99997 0.00717 0.001851 0.999998 0.001203 -0.000819 0.999947 0.010281 0.8444 -0.283639 -0.454465 0.02978 0.995842 -0.086098 0.178819 0.975456 -0.12849 -0.62542 0.620235 0.473453 -0.621358 0.61724 0.482628 -0.941653 0.335559 -0.02628 -0.018914 0.999815 -0.003383 -0.707483 0.565696 -0.423624 -0.67158 0.492323 -0.553714 -0.006777 0.999977 0.000515 -0.007827 0.999947 -0.00664 0.962427 -0.27057 -0.022946 0.041852 0.998222 0.042452 0.938031 -0.338356 0.074917 0.785382 -0.246093 0.567991 -0.001084 0.999999 0.001018 -0.662075 0.33286 -0.671461 -0.029532 0.99908 -0.031113 0.047816 0.997658 -0.048911 0.008126 0.999882 -0.013057 -0.00115 0.999999 0.00084 -0.921239 0.292593 -0.256338 0.769847 0.636206 0.050767 -0.078002 0.996555 0.028185 0.001963 -0.999998 -0.000207 -0.001732 -0.999998 -0.00062 -0.006401 -0.999954 -0.007123 -0.719855 0.01097 -0.694038 -0.31877 0.115479 -0.940771 -0.410084 -0.035953 -0.911339 -0.999056 0.00115 0.043421 -0.732789 -0.033234 -0.679644 0.148053 -0.84248 -0.517985 -0.846661 0.003822 -0.532119 -0.175237 -0.880477 -0.440514 -0.318388 -0.761724 -0.564274 -0.273365 -0.920882 -0.277937 -0.254238 -0.926306 -0.278066 -0.350369 -0.824022 -0.44523 -0.172172 -0.962686 -0.208786 0.5421 -0.580444 0.607628 -0.999999 0.000152 0.001366 0.266926 -0.868469 0.417746 0.292438 -0.860894 0.416343 0.6464 0.00484 0.762983 0.651218 -0.00179 0.758888 0.036512 -0.997079 0.06708 0.28432 -0.036243 0.958044 0.388117 0.152607 0.908887 0.183608 -0.934865 0.303835 0.403243 -0.190732 0.894995 0.495272 -0.034325 0.868059 0.997344 0.072653 0.005195 -0.855594 -0.045836 0.515615 -0.970784 0.05596 0.233337 -0.798886 -0.003388 0.601473 0.69801 -0.363852 0.616761 -0.067892 0.997052 0.035755 0.062252 0.995748 0.067904 0.013344 0.99971 0.020057 -0.000209 1 0.000942 -0.000222 0.999999 0.00128 -0.827156 0.532612 -0.179268 -0.071498 0.997143 0.024352 0.001277 0.999993 -0.003419 0.004248 0.99999 -0.00132 0.00952 0.999954 -0.001327 0.011439 0.999928 -0.003645 0.00007 0.131267 -0.991347 0.692628 0.704326 -0.155534 0.024205 0.045462 0.998673 0.012662 0.999918 -0.001682 -0.470976 0.843297 0.258903 0.024918 0.999689 0.000778 -0.759234 0.542761 0.359129 -0.003341 0.999991 0.002579 0.831111 -0.005217 -0.556083 0.784431 0.000636 -0.620215 -0.643258 0.044157 0.764375 -0.845404 -0.534127 -0.0002 -0.000003 -1 -0.000112 0.841569 -0.540149 0.000434 0.359622 -0.022823 -0.932819 0.999999 -0.001399 -0.000031 -0.026086 -0.007624 -0.999631 -0.026128 -0.999616 -0.009264 -0.006471 -0.999951 -0.007541 -0.001823 -0.999974 -0.006996 -0.000521 -0.999976 -0.006899 -0.621589 -0.064202 0.780708 -0.999966 0.002924 -0.007716 -0.999966 0.003206 -0.007611 0.071307 -0.979078 -0.190583 -0.004087 -0.00094 0.999991 0.237562 0.00481 0.971361 0.239575 -0.896511 0.372655 -0.998068 0.036982 -0.049935 -0.753081 0.657489 -0.024034 -0.603096 0.796399 -0.044998 -0.842415 0.537921 -0.031268 -0.962181 0.268314 0.047067 -0.969881 0.181642 -0.162285 -0.987298 0.154603 0.036606 -0.998407 0.042159 -0.037508 -0.992615 0.069664 -0.099312 -0.995143 0.059285 0.078583 -0.999423 -0.032111 0.011075 -0.995722 -0.088533 -0.026468 -0.983536 -0.173712 0.049809 -0.000336 -0.632835 0.774287 0 0.000801 1 -0.000627 -0.627511 0.778607 -0.00053 -0.00318 0.999995 0.000318 -1 0.000004 0.000319 -1 -0.000004 -0.000104 -0.666597 -0.745419 0.00043 -0.999967 -0.008095 0.000678 -0.999968 -0.008024 0.003323 -0.99997 -0.007045 0.000703 -0.003555 -0.999993 0.000425 -0.002153 -0.999998 -0.000531 -0.001067 -0.999999 -0.001463 -0.675297 -0.737545 0.999643 -0.023739 -0.01228 -0.751349 -0.002705 -0.659899 -0.750476 0.001005 -0.660896 -0.993927 0.003594 -0.10998 0.000212 0.732185 -0.681105 -0.000306 0.71769 -0.696363 0 0.000317 -1 -0.000408 -0.000184 -1 -1 0.000052 0.00011 -0.794572 -0.000085 -0.60717 -0.794274 0.00053 -0.60756 -0.845742 -0.533591 -0.000227 0.005447 -0.999985 -0.000336 0.000285 0.00018 -1 -0.008178 0.000849 -0.999966 0.000457 -0.001114 -0.999999 -0.806296 -0.001194 -0.591511 0.000364 -0.605302 -0.795995 -0.77856 0.000485 -0.62757 -0.999998 -0.000094 -0.002012 -0.171153 -0.967853 -0.184303 -0.119976 -0.975353 -0.185183 -0.868966 -0.494868 0.001873 0.024936 -0.999665 -0.006934 -0.693074 -0.40757 0.594588 -0.055483 -0.644859 0.762285 0.822177 -0.569231 -0.001052 -0.031846 -0.008037 -0.99946 -0.147543 -0.021484 -0.988822 0.636684 0.014339 -0.770991 -0.000694 -0.99999 0.004523 0.794606 -0.000381 -0.607126 0.999868 -0.002833 0.015982 0.999741 -0.014392 -0.017603 -0.999973 -0.006311 -0.003748 -0.999944 0.00414 -0.009749 -0.271038 0.006344 -0.962548 -0.560782 0.827963 0.000994 -0.731563 0.64787 0.212319 -0.335917 0.055479 0.940256 -0.863913 0.46633 -0.190241 0.126986 0.001753 -0.991903 -0.983861 0.144759 0.105178 -0.951102 0.268294 -0.153049 -0.996151 0.087518 -0.004949 -0.684503 -0.125482 -0.718129 -0.89604 0.244325 0.3707 -0.99923 0.036008 -0.015555 -0.777775 -0.472176 -0.414868 -0.999093 -0.040025 0.014522 -0.98642 -0.163859 -0.011245 -0.998531 -0.032185 0.04358 -0.978534 -0.206086 -0.000535 -0.837027 -0.537515 -0.102297 -0.999827 -0.007128 0.017159 -0.711966 -0.002003 -0.702211 -0.999996 -0.002136 0.002009 -0.775593 0.004372 -0.631218 -0.999999 -0.001022 0.000961 0.998307 -0.020796 0.054326 -0.99998 0.003165 0.005523 -0.003255 -0.004722 -0.999984 0.04407 -0.01806 -0.998865 0.000831 -0.000097 -1 0.692533 0.016563 -0.721196 0.749954 -0.000064 -0.66149 -0.045135 -0.676272 0.735268 -0.792468 -0.006469 0.60988 -0.039703 -0.994798 -0.093808 0.049003 -0.998771 -0.007417 0.014389 -0.999802 -0.013775 0.722363 -0.000421 -0.691514 -0.717045 0.002666 0.697022 0.004554 -0.573876 0.818929 0.000944 -0.000341 0.999999 0.762105 -0.643206 0.074036 0.66167 -0.512129 0.547647 0.999832 -0.005276 -0.017556 0.012294 0.003687 0.999918 0.207744 0.31887 0.924751 0.004079 0.002852 0.999988 0.746138 -0.001033 0.66579 1 -0.000708 0.000259 0.75032 -0.000297 0.661074 1 -0.000308 0.000113 0.74044 0.001387 0.672121 -0.110126 -0.030289 0.993456 -0.197426 -0.310721 -0.929772 0.234504 0.004615 0.972104 0.999968 -0.007473 0.002678 0.999999 -0.001397 -0.00012 -0.015995 -0.008457 0.999836 0.999939 0.011048 -0.000812 0.999988 0.003089 -0.00372 0.533667 0.023798 -0.84536 0.70382 -0.675957 0.218447 -0.999996 0.000703 0.002641 -0.999996 0.000986 0.002568 -0.999999 -0.001391 0.000689 -0.799669 -0.600441 -0.000662 -0.798869 -0.601504 -0.00054 -0.012625 -0.99992 0.000888 -0.002593 -0.999997 0.000457 0.281725 -0.641459 0.713556 0.782495 -0.622656 0.000106 0.785639 -0.618685 0.000345 0.999999 -0.001101 0.000001 1 -0.000014 -0.00022 0.999999 -0.001086 0.000222 0.741812 0.670607 0.000574 0.751987 0.659175 0.0021 0.75584 0.654754 0.001743 1 -0.00035 -0.000226 -0.999994 -0.001053 -0.003255 -0.999996 0.000961 -0.002716 -0.816604 -0.577193 0.002217 -0.070933 0.005562 0.997466 1 -0.000348 -0.000236 0.999962 -0.008427 0.002054 -0.531004 -0.55493 0.640381 0.95107 -0.308107 0.023134 -0.764409 -0.603458 0.226977 -0.767334 -0.506739 0.392956 -0.977243 -0.211423 -0.017244 -0.818138 -0.462714 0.341388 -0.981112 -0.191901 -0.024341 -0.13001 0.002445 -0.99151 -0.76649 -0.00073 -0.642256 -0.002427 -0.000233 -0.999997 1 -0.000505 0.000037 -1 0.000245 0.000202 -0.999983 -0.005706 0.001462 -0.916631 -0.391915 -0.078683 -0.796802 -0.431648 -0.422831 0.901993 -0.354155 -0.246949 0.215073 -0.846242 -0.487462 -0.635904 0.761139 0.127643 -0.970763 -0.200409 -0.13212 -0.981516 -0.189921 -0.023576 -0.980811 0.000325 -0.19496 -0.973554 0.00138 -0.228453 -0.753191 -0.000331 -0.657802 -0.760342 0.00011 -0.649522 0.951072 0.302809 -0.061397 0.999716 -0.023768 -0.001604 0.898593 -0.424722 -0.11019 -0.531258 0.825821 0.189168 -0.999994 -0.001025 -0.003278 0.982791 -0.166853 -0.079258 0.999971 -0.005058 -0.005745 0.267345 -0.046853 -0.962461 0.140814 0.001631 0.990035 1 -0.000001 -0.000541 1 0.000154 -0.000224 0.136438 0.001564 0.990647 0.706835 -0.707378 -0.000748 0.745617 -0.666374 0.001068 0.999999 -0.001367 0.000334 0.999999 0.001358 -0.000111 0.750641 -0.000028 -0.66071 0.607209 -0.026328 -0.794106 0.007165 0.002517 -0.999971 -0.000667 0.000078 -1 0.744913 -0.000678 0.667162 0.999998 0.000084 0.001898 0.758614 -0.000101 0.65154 0.999898 0.001246 -0.014241 0.748868 -0.000919 -0.662719 0.74372 -0.002626 -0.668486 0.996544 -0.000023 -0.08307 0.004815 -0.978375 -0.206782 0.000123 -0.003535 -0.999994 -0.000049 -0.999944 -0.010559 -0.002492 -0.999617 -0.027576 -0.44386 -0.175784 -0.878686 0.001512 -0.871242 -0.490852 -0.597257 -0.006029 -0.802027 -0.428076 0.016574 -0.903591 -0.058762 -0.421369 -0.904983 -0.010798 -0.995327 0.095953 0.014662 -0.999875 0.005936 0.175028 -0.980001 -0.094677 -0.432815 -0.900598 -0.039915 -0.832915 -0.528428 -0.164366 -0.826577 0.561706 0.035455 -0.55585 0.042359 0.830203 -0.839957 0.005064 0.54263 -0.25068 0.965324 0.072871 0.508016 -0.002041 0.861345 0.010311 -0.798485 0.601927 0.0662 0.997805 0.001556 0.473746 -0.008736 0.880618 -0.005229 -0.000303 0.999986 0.021002 0.999683 -0.013853 -0.137689 0.985443 0.099718 -0.052399 0.092309 0.994351 -0.005684 0.999952 -0.007946 0.028684 0.996926 0.072911 -0.0014 -0.6674 -0.744698 -0.000825 -0.037704 -0.999289 0.000379 0.68067 -0.73259 0.000228 1 0.000861 -0.000479 -0.047053 -0.998892 0.000105 -0.027182 -0.99963 0.054241 0.006419 -0.998507 0.550521 -0.01123 -0.834746 0.353787 0.009446 -0.935278 -0.094136 0.001552 -0.995558 -0.004861 0.959884 -0.280356 0.013048 -0.088097 -0.996026 -0.000591 -0.011979 -0.999928 0.000412 -0.996606 0.082314 -0.000717 -0.997158 0.075329 -0.000041 -0.999869 -0.016173 0.011219 0.136352 0.990597 -0.001541 0.999995 -0.002836 0.001316 -0.010713 0.999942 -0.003071 0.094903 0.995482 -0.000615 0.998236 0.059376 0.01321 0.999598 -0.025097 0.024843 0.99843 -0.050202 0.014588 0.999863 -0.007791 0.000713 -0.999837 -0.018049 0.001134 -0.244195 -0.969725 -0.37776 -0.048045 -0.924656 -0.348886 -0.098539 -0.93197 0.006009 0.999859 -0.015701 0.106262 0.99431 -0.007445 0.343207 0.915073 -0.21178 -0.73904 0.634482 0.22639 -0.03149 0.999235 0.023172 -0.853806 -0.316343 0.413451 -0.849097 -0.336535 0.40716 -0.755771 -0.496034 0.427505 -0.505444 0.845335 0.173017 0.003484 0.999988 0.003454 -0.592458 0.769323 0.239031 -0.001014 0.999999 0.001015 0.000715 0.999998 -0.00162 0.126954 0.002477 -0.991906 -0.002906 0.9999 -0.013821 -0.003561 0.004753 0.999982 -0.000877 0.004823 0.999988 -0.00207 0.130207 -0.991485 0.002576 0.100959 -0.994887 -0.071116 0.007803 -0.997438 -0.005566 0.005474 -0.99997 0.045689 0.033049 -0.998409 0.001331 0.001912 -0.999997 0.004578 -0.001267 -0.999989 -0.00033 -0.001545 -0.999999 0.000708 -0.00222 -0.999997 -0.000046 -0.073138 -0.997322 -0.006469 -0.106964 -0.994242 0.005026 -0.00671 0.999965 -0.019057 -0.993324 0.113772 -0.033207 0.977862 -0.2066 -0.000345 0.000481 1 -0.001794 -0.003831 0.999991 0.181608 -0.012885 0.983287 0.001263 -0.167726 0.985833 0.008759 -0.010462 0.999907 0.040697 -0.941196 0.3354 0.02121 -0.970331 0.240849 0.154714 -0.987621 0.025865 0.414098 -0.909965 0.022061 0.137584 -0.99049 0.000329 0.204572 -0.960608 -0.188101 -0.035461 0.973707 -0.225026 -0.061529 0.997593 0.031977 -0.068747 0.997472 0.018004 -0.04988 0.929869 -0.364493 0.016171 0.99972 0.017259 0.004605 0.999976 0.005138 0.018374 0.601043 0.799005 -0.087285 -0.02288 0.995921 0.00014 -0.856723 -0.515777 -0.006762 -0.944099 -0.329591 0.002081 0.104015 -0.994574 -0.004396 0.078733 -0.996886 -0.008486 0.00289 -0.99996 -0.032663 -0.005236 -0.999453 -0.085257 -0.002778 -0.996355 -0.003548 -0.159219 -0.987237 0.140132 0.010083 -0.990082 -0.008328 -0.280839 -0.959719 0.055546 0.012212 -0.998381 -0.00433 0.000094 -0.999991 -0.006771 0.141005 -0.989986 -0.047513 0.008338 -0.998836 -0.004327 0.009517 0.999945 0.006485 0.009026 0.999938 -0.003567 0.99995 0.009366 -0.12476 0.988714 -0.082937 0.115625 0.985005 -0.128047 -0.126105 0.989469 -0.071056 -0.180886 0.754977 -0.630309 0.565069 0.819096 0.09889 0.023481 0.999719 -0.003284 0.020416 0.999776 -0.005515 0.020097 0.999788 -0.004407 0.763124 0.573542 -0.297812 -0.116198 0.9801 0.160938 0.004521 0.996578 -0.082531 -0.0044 0.994982 -0.099956 0.935875 -0.352333 0.000585 -0.024702 0.999671 -0.006842 0.002426 0.999997 -0.000193 0.007643 0.999939 0.007979 -0.002088 0.99998 0.006018 -0.015332 0.985985 -0.166128 -0.071465 0.82614 0.558915 -0.075186 0.505398 -0.859605 0.002881 -0.999741 0.022553 0.024109 -0.999566 0.016917 0.020236 -0.9997 -0.013766 -0.107014 -0.994226 -0.007903 -0.016014 -0.999122 0.038721 0.000663 -0.997432 0.071614 0.002505 -0.999472 0.032398 0.007844 -0.999235 0.038317 0.0013 0.004707 0.999988 0.401505 -0.912011 -0.083848 -0.367728 -0.029958 0.929451 -0.579562 -0.00058 -0.814928 -0.596312 0.003135 -0.802747 0.003545 0.011693 -0.999925 -0.865967 0.089623 0.492006 0.472193 0.013554 0.881391 0.098138 0.005157 -0.995159 -0.987503 -0.15132 -0.044038 -0.969351 0.245323 0.013254 0.408594 -0.912415 0.023431 -0.46421 -0.297867 -0.834137 -0.000895 0.896698 -0.442642 -0.002479 0.608934 -0.793217 -0.045431 0.914675 -0.40163 0.046505 0.772828 -0.63291 -0.106738 0.994277 -0.004448 -0.116977 0.993134 0.000776 0.016248 -0.012984 -0.999784 -0.099262 0.995012 0.009883 0.022796 0.998073 0.057706 -0.094289 0.745357 -0.659964 0.002867 -0.031078 -0.999513 -0.023465 -0.120014 0.992495 -0.001609 0.078524 -0.996911 0.102721 -0.994468 -0.021971 0.021705 -0.002316 0.999762 0.049316 -0.996921 0.060957 -0.103763 -0.994599 -0.002645 -0.035395 -0.309547 -0.950225 0.004179 0.995129 0.09849 0.063693 0.99755 -0.02894 0.076893 0.996146 0.0422 0.471548 -0.026945 -0.881429 -0.003692 -0.994764 -0.102129 0.054249 -0.998465 -0.011158 0.004813 -0.999922 0.011491 -0.002255 -0.999767 0.021456 0.046272 -0.998817 -0.014974 -0.014823 -0.045656 0.998847 0.015439 0.522609 0.852432 -0.045211 -0.012268 0.998902 -0.969754 -0.05123 0.238648 -0.018412 0.077619 -0.996813 -0.107908 0.992518 -0.057135 0.099982 0.994987 -0.001998 0.108256 0.994102 0.006475 -0.057168 -0.161324 0.985244 0.035508 0.022132 0.999124 -0.067222 0.03889 0.99698 -0.960887 0.00488 -0.276897 0.98793 0.00889 0.154643 -0.006311 0.003651 0.999973 -0.064429 -0.397742 0.915232 0.303998 -0.484944 0.820009 0.023306 0.004884 0.999716 -0.822371 -0.000089 0.568951 -0.649332 -0.641929 0.407793 -0.381333 0.859646 0.339991 0.599261 0.013797 0.800435 -0.147694 0.005089 -0.98902 0.998727 -0.046818 0.018775 -0.088065 0.995871 0.022042 0.944987 -0.011526 -0.326905 0.001348 0.019016 0.999818 0.462475 0.032462 0.886038 0.117501 0.044901 -0.992057 -0.185118 0.031833 0.982201 0.000023 0.000276 -1 -0.000532 -0.000121 -1 -0.000077 -0.681394 -0.731917 0.000316 -0.004783 -0.999989 -0.718905 -0.010208 -0.695034 0.000113 -0.685773 -0.727816 0.00279 0.026921 -0.999634 0.001599 0.637281 -0.77063 0.001953 -0.74966 -0.66182 0.00111 -0.999746 -0.022516 0.002765 -0.99984 -0.017659 -0.61739 -0.490237 0.61522 0.708334 -0.031045 -0.705194 0.744451 0.016038 -0.667484 0.635983 -0.505272 -0.58329 -0.000767 1 -0.000623 0.002587 0.999996 0.000796 0.000287 0.999999 0.001551 0.791538 0.611119 -0.000335 0.002523 -0.999824 -0.018599 0.026969 -0.999625 0.004851 0.999695 0.00597 -0.023958 0.762355 -0.001161 0.647158 0.31561 -0.948871 0.00592 -0.01474 -0.999886 -0.003235 0.010447 -0.999944 -0.00139 0.749159 -0.662378 -0.003921 0.87059 -0.492008 0.001017 0.999989 -0.004607 0.000085 0.999988 -0.004836 0.000074 0.815273 0.579076 0.000317 0.725116 -0.688626 -0.00008 0.386545 -0.922249 -0.006329 0.002212 -0.999997 0.001316 0.002446 0.999994 0.002474 0.879889 0.147839 -0.451596 0.845149 -0.394921 -0.360223 0.91798 0.157337 -0.364085 0.587559 0.797305 -0.138124 0.869942 -0.338136 -0.358978 0.371004 0.885498 -0.27973 0.003216 -0.885264 -0.465078 0.001811 -0.035893 0.999354 -0.054943 -0.973209 0.223261 -0.002214 -0.003729 0.999991 0.002411 -0.009058 0.999956 -0.006957 -0.969755 0.243982 -0.107209 -0.994019 0.020787 -0.093189 -0.995554 -0.013692 -0.209931 -0.014845 0.977604 -0.36236 0.039052 0.93122 0.998924 -0.019909 -0.041875 0.993809 0.000347 0.111103 0.998123 0.049057 0.036656 -0.086188 -0.996279 0.000837 0.173355 -0.978761 0.109426 -0.128801 -0.991671 0.000143 -0.071237 -0.200145 -0.977173 -0.153741 -0.817165 0.555523 0.102417 0.994726 0.005642 -0.096467 0.000904 -0.995336 0.027413 -0.121678 0.992191 -0.101143 -0.022303 -0.994622 0.175261 -0.02609 0.984176 -0.207783 0.019231 0.977986 0.007218 0.999807 -0.018255 -0.00955 0.999949 -0.003133 0.037404 0.999146 -0.017559 -0.130805 0.771477 0.622666 0.037733 0.350346 0.93586 0.023306 0.071773 0.997149 0.792897 0.325399 0.515199 0.732297 0.678527 0.057812 -0.014657 -0.640682 -0.767666 0.002702 -0.999961 -0.008441 -0.084452 -0.995711 0.037772 0.997713 0.06019 -0.030747 0.999708 0.011353 0.021342 -0.015896 0.350914 0.936273 0.945165 -0.042744 -0.323784 -0.237589 -0.103439 -0.965843 0.715868 0.602159 -0.353466 0.005125 0.999983 -0.002629 -0.714833 -0.699295 0.000815 -0.999996 -0.002527 -0.001186 -0.999996 -0.002177 -0.00183 -0.999998 -0.000522 -0.00174 -0.62743 0.778673 -0.000979 0.001077 -0.999998 -0.001698 -0.999998 -0.001089 -0.001528 -0.65643 0.754381 -0.002889 -0.999999 0.000013 -0.001043 -0.741258 -0.671215 -0.002401 -0.751463 -0.659773 -0.001485 -0.749921 -0.661522 -0.002622 -0.755628 -0.654994 -0.003075 -0.999999 -0.000738 -0.000706 -0.999999 -0.000512 -0.001197 -0.999999 -0.001037 -0.000781 -0.702902 0.711287 0.000618 -0.702518 0.711666 -0.000827 -0.720807 0.693133 -0.002021 -1 -0.000131 -0.000264 -1 -0.000093 -0.000232 -0.002342 -0.999996 -0.001561 0.000054 -0.999999 -0.001687 0.000026 0.011266 -0.999937 0.728342 -0.685214 0.000451 0.732689 -0.680554 0.003629 -0.301907 0.138702 -0.943193 0.742919 -0.66938 0.001584 0.999985 0.001815 0.005096 0.999988 0.002054 0.004464 0.999993 -0.001126 0.003694 0.088799 0.01932 -0.995862 0.657811 0.753181 0.001758 0.235263 0.117467 -0.964807 0.149824 0.206628 -0.96688 0.659119 0.752036 0.001829 0.999997 -0.001654 0.001633 0.999997 0.00028 0.002351 0.00899 0.000096 -0.99996 0.217574 -0.011723 -0.975973 0.837306 0.006086 -0.546701 0.99984 0.012689 -0.012607 0.997782 -0.004762 -0.066398 0.997835 0.001304 -0.065756 -0.929909 0.048431 -0.364588 0.000056 -0.999998 -0.001754 -0.725243 -0.009797 -0.688423 -0.768637 -0.000807 -0.639685 -0.999997 -0.000003 -0.002326 -0.778531 -0.6276 -0.002783 -0.683922 0.007297 -0.729519 -0.742373 -0.000474 -0.669987 0.077843 0.002148 -0.996963 -0.279546 -0.95315 0.115585 -0.275021 -0.888596 0.367098 -0.023594 -0.99946 -0.022876 0.079247 -0.605736 -0.79171 -0.009254 -0.032762 -0.99942 0.285861 0.107493 -0.952223 0.023249 -0.00481 -0.999718 -0.002932 -0.473055 0.881028 0.39877 -0.912142 0.094759 0.774112 -0.633047 0.00131 0.019459 -0.003395 0.999805 0.999954 -0.00948 -0.001132 0.929787 0.0185 0.367634 0.999921 -0.012033 0.003551 0.99959 -0.001332 -0.028615 0.997771 0.042532 0.051418 0.989229 0.140388 -0.041429 0.061503 -0.68893 0.722214 0.262269 0.037106 -0.964281 0.746454 -0.006245 0.665408 0.833934 0.008504 0.551798 0.859575 -0.000601 0.51101 0.92633 -0.000287 0.376713 -0.783181 0.000266 0.621794 -0.999995 -0.000116 -0.003083 -0.777012 0.000439 0.629485 -0.000252 0.000344 1 -0.000101 -0.99992 0.012661 -0.000141 -0.664982 0.74686 0.000174 -0.999977 0.006849 -0.000127 -0.664709 0.747103 0.001531 -0.70145 -0.712717 0 -0.001036 0.999999 -0.000319 -0.667951 -0.744206 -0.000778 -0.664812 -0.74701 -0.000296 0.000524 -1 -0.003309 0.002241 -0.999992 -0.001691 0.005473 -0.999984 -0.000241 0.69404 -0.719936 -0.000007 0.689108 -0.724659 -0.000187 -0.001071 -0.999999 0.000794 0.000189 -1 0 -0.001039 0.999999 -0.000198 0.71334 0.700818 -0.000071 0.717323 0.696741 0.88455 0.462226 0.06259 -0.871662 -0.036967 0.488712 -0.676479 0.016675 0.736273 -0.778565 -0.000219 0.627564 0.000694 0.000236 1 0.000363 -0.000763 1 0.000188 -0.000605 1 0.000695 -0.000278 1 -0.955852 0.000648 0.293847 0.011297 0.000468 -0.999936 -0.638973 -0.769229 -0.000961 0.791979 -0.000524 -0.610548 -0.020785 -0.005636 -0.999768 0.510978 0.025203 -0.859224 0.638172 -0.248721 0.728611 0.999757 -0.000483 -0.022026 0.999958 0.008298 0.003953 -0.000001 -0.00378 -0.999993 0.996302 -0.008415 -0.085509 0.005563 -0.002578 -0.999981 -0.020928 -0.999516 -0.023025 -0.000546 -0.000472 -1 0.999104 -0.001519 -0.042289 -0.000138 0.000291 1 -0.000359 -0.000058 1 0.000253 -0.637815 0.77019 -0.999997 0.001988 -0.001505 -0.003898 -0.999992 0.001059 0.000533 -0.999999 0.001538 -0.785266 -0.619159 0.000147 -0.788971 -0.61443 0.000364 -0.999982 -0.006018 -0.000154 -0.999952 -0.009738 -0.000548 -0.84501 0.534749 -0.000839 -0.824198 0.566302 -0.000193 0.002391 0.999997 0.001106 -0.885406 0.444817 -0.134886 0.02262 -0.999744 -0.000819 0.881545 0.471713 0.019122 -0.995744 0.05776 0.07182 -0.023052 0.999727 0.003876 -0.078118 0.996944 -0.000026 -0.018124 0.999761 -0.012216 -0.045241 0.998973 -0.002333 0.057952 0.997075 0.049828 -0.043786 0.998955 0.013067 0.272465 0.959894 -0.066083 0.025491 0.999607 0.011678 0.02914 0.999502 0.012123 0.01907 0.999808 0.004601 0.994112 0.002571 -0.108329 0.991712 0.090811 -0.090893 -0.886131 -0.088794 0.454848 -0.970055 -0.066533 0.233596 -0.798273 -0.096346 -0.594539 0.901441 -0.053079 -0.429637 -0.023712 -0.008444 -0.999683 0.305309 0.396776 -0.865653 -0.013703 0.999897 0.004329 -0.978171 -0.050594 0.20155 -0.643934 0.145316 -0.751154 0.661803 0.092224 0.743984 -0.950781 -0.307788 0.035811 -0.899929 -0.43554 0.0208 -0.004692 -0.999989 0.000177 -0.035267 -0.999356 -0.006661 0.016971 -0.999856 0.000963 0.215226 -0.975946 -0.034742 0.194942 -0.016531 0.980675 0.039172 -0.996313 -0.076326 0.576687 0.022894 -0.816644 0.916247 -0.400589 -0.004489 0.139891 0.988102 -0.063907 0.776578 0.101153 -0.621848 0.200815 0.97827 -0.051584 -0.444285 0.074723 -0.892764 -0.291649 0.079672 0.953201 0.392287 0.595793 0.700815 -0.847002 0.011666 -0.531462 -0.062211 0.997981 0.012765 0.997159 -0.012235 -0.074323 0.928809 -0.368873 -0.035308 -0.029449 -0.999552 -0.005384 0.001841 0.999979 -0.006292 0.877125 0.479391 -0.028909 -0.611336 -0.791012 -0.023838 0.065595 -0.997795 0.010103 -0.078522 -0.022464 0.996659 -0.30886 0.002434 0.951104 0.997802 -0.00017 -0.06627 -0.467603 -0.043422 -0.882871 0.394417 0.056449 -0.917196 0.969051 -0.236556 -0.070577 0.209425 0.974396 0.081816 -0.880667 0.022619 -0.473196 0.727975 -0.043213 -0.68424 0.63795 0.070348 0.766858 -0.04195 0.003111 -0.999115 -0.059018 -0.517536 -0.853624 0.476821 0.267617 -0.837271 -0.020987 -0.998889 0.0422 -0.020769 -0.999704 0.012649 0.248114 -0.957549 0.14676 -0.473918 0.002751 0.880565 -0.999992 -0.004031 -0.000735 -0.999974 -0.007234 -0.000809 -0.789636 -0.613576 -0.000112 -0.798059 -0.602579 -0.000415 0.005658 -0.999984 0.000236 -0.999999 0.001135 -0.001052 -0.999999 0.001011 -0.0011 0.000884 1 0.000386 -0.040864 0.999164 -0.001204 0.027848 0.999508 -0.014466 0.024828 0.999615 -0.012415 -0.313449 0.091818 -0.945156 -0.041572 0.999124 0.004877 -0.110947 0.993497 0.025571 -0.036581 0.999273 0.010721 0.032773 0.999405 0.010762 -0.121354 0.047398 0.991477 -0.279933 0.007234 0.959992 -0.058302 0.00782 -0.998268 -0.955208 -0.05651 -0.290489 -0.996839 -0.009924 0.078826 -0.794198 -0.605549 0.050598 -0.880871 0.104494 -0.461678 0.885364 0.002697 0.46489 0.477797 0.060392 0.876392 0.457942 0.11267 0.881813 0.869183 0.119379 0.479864 -0.964603 0.261043 0.037379 -0.079394 0.996843 -0.000254 -0.892188 0.451345 0.016994 -0.998802 0.008688 0.048148 -0.484985 0.08412 -0.870467 0.839566 0.085285 0.536522 0.364424 -0.009256 0.931187 0.365004 -0.009326 0.930959 0.152715 -0.012387 0.988193 0.219019 -0.471861 0.854036 0.473942 -0.065949 0.878083 0.009793 -0.999739 -0.020627 -0.020238 0.999748 0.00968 0.015558 0.999872 -0.003852 -0.029529 0.999561 0.002612 -0.053794 0.998494 -0.010757 -0.802645 0.106765 -0.586824 0.059514 0.055188 0.996701 -0.997432 -0.006304 -0.071347 -0.790744 -0.005135 -0.612125 -0.766021 0.18438 -0.615805 0.010548 0.999886 -0.010817 -0.042244 0.999107 -0.000296 0.053973 0.998542 0.001038 -0.036473 0.998758 0.033932 0.003801 0.99999 0.002328 0.002741 0.999994 0.002089 0.056645 0.996186 -0.066374 -0.014964 0.999791 0.013921 -0.103903 0.993626 0.04372 -0.836346 -0.547034 0.035774 -0.499145 -0.350192 -0.792603 -0.991577 -0.129212 0.008929 -0.049239 -0.998717 0.011804 -0.998857 0.019566 -0.043619 0.184565 -0.078488 0.979681 -0.32306 0.015973 0.946244 -0.61577 -0.082918 0.783551 0.998485 -0.002296 -0.054977 0.85951 0.05438 -0.508217 0.006245 0.999397 -0.034158 -0.08521 0.961881 0.259856 -0.999857 0.00107 0.016892 -0.998089 -0.005706 0.061536 0.028813 0.273685 0.961388 -0.121272 0.010286 -0.992566 0.085655 -0.011234 -0.996262 0.999425 0.004417 -0.033631 0.794211 -0.094122 0.600309 0.035908 0.001357 0.999354 0.04762 0.998859 -0.003499 0.71261 0.003864 -0.70155 -0.099617 0.10779 -0.98917 0.819253 0.570949 0.053314 0.990206 -0.134199 -0.038503 -0.035263 0.999357 0.006442 -0.204825 0.977605 -0.048314 -0.009312 0.999703 -0.022503 -0.21476 0.976651 0.005597 0.989642 0.126962 -0.067004 -0.005894 0.999704 0.023608 -0.019371 0.998552 0.050194 -0.006526 0.999946 -0.008089 0.71835 0.695537 -0.014166 0.006993 0.999958 -0.005877 0.013948 0.999899 -0.002817 -0.031152 0.999439 -0.012314 0.228211 -0.973458 0.017284 0.916396 -0.396415 -0.055441 0.092082 -0.993859 0.061362 -0.897158 -0.441707 -0.001207 0.017128 -0.979437 -0.201024 -0.006469 -0.991604 -0.129153 -0.006474 -0.99089 -0.13452 -0.298587 -0.953465 -0.041844 -0.357033 -0.933841 0.021628 0.005558 -0.999948 -0.00854 -0.031384 -0.999505 -0.002217 0.930252 -0.366314 -0.021111 0.902662 -0.42948 -0.02736 0.968101 -0.146632 -0.203172 -0.132945 -0.111138 0.984873 -0.219539 0.010889 0.975543 -0.645754 -0.763545 -0.000808 0.606002 -0.795463 -0.000161 0.612446 -0.790512 -0.000542 0.999998 0.000986 0.001983 0.999991 0.004043 0.001269 -0.000287 -1 -0.000042 0.999993 -0.003834 0.000168 -0.751702 0.000173 -0.659503 -1 -0.000569 -0.000001 -0.770724 -0.00634 -0.637138 -0.999999 -0.001293 -0.000236 0.005878 -0.999983 0.000297 0.015 -0.999887 -0.000515 -0.058516 -0.998286 -0.001362 -0.042661 -0.999087 0.002473 -0.037645 -0.999167 0.015742 -0.828904 -0.559341 -0.007428 0.004133 -0.999963 0.007498 -0.01723 -0.998134 0.058583 -0.998752 -0.04971 0.004756 -0.999998 -0.00203 0.000194 -0.827141 0.561994 0.001221 -0.5578 0.829915 0.010055 -0.805277 0.069578 0.588803 -0.065771 -0.882024 0.466591 -0.651794 0.000627 0.758396 -0.000465 -0.608395 0.793634 -0.266284 0.147039 0.952614 -0.001358 -0.019224 0.999814 0.756595 0.000579 0.653884 0.001567 0.000561 0.999999 0.893475 -0.003709 0.449097 0.703971 -0.007484 0.710189 0.000183 -0.002653 0.999996 -0.005516 -0.999957 0.00748 0.000324 -0.999964 0.008533 -0.007512 0.686195 0.727379 -0.001616 0.60233 0.798245 -0.00086 0.999994 0.003322 0.000017 0.999995 0.003086 -0.001108 0.999997 0.001982 -0.000045 0.999994 0.0035 -0.074316 0.987879 0.136279 -0.067641 0.891329 0.448283 -0.542752 0.782707 0.304614 0.00083 1 0.000547 0.003201 0.999995 0.000182 -0.004906 0.999964 0.006985 -0.150131 0.988562 0.014322 -0.013499 0.999752 -0.017712 -0.12615 0.546566 -0.82786 0.945387 0.289379 -0.150012 0.044627 0.177406 0.983125 0.068622 0.997559 0.012942 0.012293 0.999052 0.041754 0.009155 0.99924 0.037901 -0.120538 0.9927 0.004218 -0.015291 0.999883 -0.000177 0.002248 0.999934 -0.01123 0.002915 0.999334 0.036362 -0.767343 0.285161 -0.574341 -0.075065 0.973649 -0.215345 -0.216072 0.787135 -0.577695 0.008513 0.84333 -0.537329 -0.115543 -0.892558 0.435879 0.331427 -0.731709 0.595615 0.536276 -0.373529 0.756891 -0.607838 0.13645 0.78225 -0.800755 0.598986 0.002678 -0.684191 0.668679 0.291118 -0.67883 0.672209 0.295509 0.130539 0.289186 0.948331 -0.414367 0.761995 0.497659 -0.696933 0.701369 0.149557 0.92597 -0.377582 0.003468 -0.377837 0.913837 -0.148798 -0.052134 0.99824 -0.028252 -0.003756 0.9997 -0.024213 0.483989 -0.622564 -0.614954 -0.859563 -0.058611 0.507658 -0.999215 0.036344 -0.015764 -0.466325 -0.040117 -0.883703 -0.937619 0.342531 0.059519 -0.983368 -0.132289 0.124443 0.066205 0.030004 0.997355 0.783361 -0.067277 0.617915 0.692108 0.158338 0.704212 0.857099 0.060326 -0.511607 -0.115909 0.004942 -0.993248 -0.084252 -0.230175 -0.969495 0.988373 -0.044294 -0.145457 -0.868204 -0.035912 -0.494907 0.531955 0.800174 0.27703 0.0571 -0.042095 0.997481 -0.658991 -0.020157 -0.751881 0.604895 0.588939 -0.535961 0.804412 -0.019902 -0.593738 0.329179 0.75281 -0.570016 0.270869 0.009574 -0.962569 -0.19322 0.765288 -0.614004 0.03417 0.9592 -0.280657 0.293046 0.021287 -0.955861 -0.261236 0.339891 -0.903454 0.108717 -0.508068 -0.854428 -0.5465 0.13659 -0.826245 -0.1161 -0.549629 -0.827302 -0.711599 0.09434 -0.696223 -0.510453 -0.70719 -0.489203 -0.495418 -0.716435 -0.491205 -0.003659 -0.623352 0.781933 -0.096234 -0.687131 0.720132 0.529812 -0.515053 0.67381 0.05207 -0.181074 0.98209 0.449768 -0.227277 0.863744 -0.160399 0.131026 0.978317 -0.456703 0.176481 0.871939 0.627005 -0.713791 -0.312038 0.492151 -0.757724 -0.428534 0.11364 0.490828 0.863814 -0.166516 -0.979644 0.112118 0.447483 0.518664 0.728523 0.466946 0.862255 0.196158 0.552895 0.410329 0.725215 -0.433701 -0.876695 -0.208107 -0.119005 0.466487 -0.876486 0.928266 0.246577 0.278427 0.928205 0.250794 0.274841 0.814311 0.346083 -0.465966 0.963366 0.011314 0.26795 0.70549 -0.416067 0.573735 0.953119 -0.302325 -0.01282 0.823128 0.039574 -0.566475 0.189699 0.184523 -0.964347 -0.897403 -0.440243 0.029227 -0.904347 0.235531 0.355925 -0.99248 0.068413 -0.101508 -0.982274 -0.116481 0.146869 -0.651916 0.059614 -0.755944 -0.048406 0.927576 0.370487 0.007941 0.999631 0.025974 0.057286 0.943607 0.326074 -0.005636 0.999765 0.020912 0.063338 0.937415 0.342406 0.018975 0.999691 -0.016046 0.542087 0.837485 0.06899 0.008936 0.999645 -0.02511 -0.002906 0.999642 -0.026584 0.004537 0.999945 0.009419 0.011366 0.999891 0.009435 0.025569 0.999658 -0.005472 0.062519 0.997785 0.022727 0.020937 0.999432 0.026397 0.179494 0.978308 0.10342 0.046009 0.998776 0.018167 0.199215 0.979947 0.004239 0.002404 0.999997 -0.00089 0.000891 0.999999 0.000519 0.00003 0.999993 0.003623 0.000505 0.666354 0.745635 0.728727 0.684759 0.007876 0.719523 0.694416 0.008596 0.965497 0.25909 0.02625 -0.100624 -0.565711 -0.818441 0.009051 -0.999959 -0.000541 0.825376 -0.564584 0.000036 -1 -0.000169 -0.000221 0.999997 -0.002562 -0.000363 -0.839829 -0.542851 -0.000196 -0.001165 -0.999999 -0.000012 -0.850154 -0.526535 0.000346 -0.999997 -0.002389 0.000002 0.999998 -0.001954 -0.000261 0.825075 -0.565024 0.000004 -0.000152 -1 0.00004 0.826269 -0.563276 -0.000613 0.835321 -0.549763 0.000597 0.999998 -0.001922 -0.000018 1 0.000738 0.000632 0.760516 0.007444 -0.649276 0.219461 -0.975597 -0.006854 0.043113 -0.99907 -0.001073 0.007804 -0.999969 0.00084 0.01929 -0.602888 -0.797592 -0.933917 -0.351011 -0.067748 -0.996334 -0.013131 -0.084532 -0.807064 0.005403 -0.590439 -0.850289 -0.525914 -0.020566 -0.000924 -0.000763 -0.999999 -0.004662 -0.00035 -0.999989 0.788561 0.00012 -0.614957 -0.003593 -0.999985 0.004199 0.052558 -0.698568 -0.713611 -0.006425 -0.999978 0.001458 0.784113 0.000326 -0.620618 0.681341 -0.499586 -0.534966 0.846489 -0.532304 0.010457 1 -0.000035 -0.000607 0.818745 -0.574154 -0.001949 1 -0.000013 -0.000767 0.999999 -0.000997 0.001051 -0.999998 0.001593 0.001055 0.999964 -0.008426 -0.001326 0.251007 -0.900393 0.355369 -0.604584 -0.019096 0.796312 -0.755495 -0.0012 0.655153 -0.690238 -0.348634 0.634055 -0.005653 -0.57293 0.819585 0.002485 0.000581 0.999997 -0.00262 -0.564555 0.825391 0.001162 0.000119 0.999999 0.700934 -0.409075 0.584251 0.785116 -0.000325 0.619348 0.793929 0.000182 0.608011 -0.999421 -0.00103 -0.034022 -0.999992 0.002843 -0.002949 -0.999865 -0.0004 -0.016411 -0.999872 -0.000375 -0.015992 -0.999856 -0.005871 -0.015899 -0.000117 -0.769564 -0.63857 0.00004 -0.767141 -0.641479 0.000365 -0.001248 -0.999999 -0.000023 -1 0.000247 -0.999528 -0.029558 0.008429 -0.008461 -0.999958 0.003603 -0.000966 -1 -0.000174 -0.013271 -0.999912 -0.000915 -0.906766 0.037507 -0.419963 -0.788486 0.000294 -0.615053 -0.792487 -0.000017 -0.609889 -0.001716 -0.000373 -0.999998 0 -0.000615 -1 -0.168734 -0.012624 -0.985581 0.002854 -0.000837 -0.999996 -0.033779 0.000588 -0.999429 -0.056609 -0.003316 -0.998391 0.781648 -0.00007 -0.62372 0.7873 -0.000511 -0.61657 0.999993 0.001137 -0.003428 1 0.00053 -0.000152 0.068729 -0.997626 -0.004231 0.793398 0.00042 0.608703 0.006383 -0.999845 0.016429 0.783197 0.000958 0.621773 -0.010713 -0.999457 0.031144 -0.004158 -0.000555 0.999991 0 0 1 -0.902979 0.001982 0.42968 -0.764914 -0.001115 0.644132 -0.733545 0.000796 0.67964 0.000469 0.000406 -1 -0.000185 -0.643671 0.765302 -0.000338 -0.641784 0.766885 0.000394 0.000063 1 0.000093 -0.003295 0.999995 -0.688408 -0.006246 0.725296 0.013844 -0.998805 -0.046879 -0.031081 0.756916 -0.652772 0.030034 0.998793 0.038874 -0.608812 0.59708 -0.522343 -0.528933 0.793457 -0.301092 -0.688775 -0.426064 -0.586565 0.135911 0.895705 0.423368 -0.37551 -0.925675 0.046021 0.275181 -0.054127 -0.959867 0.259641 0.265871 -0.928385 -0.397572 0.882652 0.250724 0.009331 0.999933 0.006868 -0.764574 0.604042 0.224857 -0.681151 0.720583 0.129587 -0.607652 -0.761447 0.225739 0.010628 0.999939 -0.003037 -0.406692 0.883818 0.231228 0.583882 0.791899 -0.178824 0.479622 0.861013 -0.169175 -0.201806 0.909922 -0.362376 -0.553178 -0.350538 0.755723 -0.423174 0.634944 0.646351 -0.015029 0.801419 0.597914 -0.085121 -0.784744 0.613948 -0.520263 0.701463 -0.48711 0.013278 0.999867 0.009503 0.349367 -0.070266 0.934348 0.524952 -0.688881 0.499869 0.251674 0.532578 0.808097 0.17498 0.98113 -0.08225 0.666106 0.739566 -0.09667 0.007334 0.999973 0.00079 0.001747 0.999998 -0.000389 0.001598 0.999998 -0.001264 0.991708 0.12191 0.040666 0.899272 -0.404689 0.165942 0.008574 0.999866 -0.013972 0.000674 0.99992 -0.012594 0.10123 0.9926 -0.067067 -0.094188 0.061062 0.99368 -0.221365 0.600896 0.768063 -0.20608 0.297157 0.932325 -0.000346 -1 0.000062 -0.001713 -0.999777 0.02107 0.000606 0.99957 -0.029327 0.000654 0.999567 -0.029406 0.004311 0.999848 -0.016868 0.058346 0.998254 0.009237 -0.013802 0.999888 0.005834 0.001352 0.999821 -0.018878 0.00018 0.999558 -0.029715 0.015392 0.999874 0.003892 -0.032598 0.998124 0.051828 -0.041277 0.543233 -0.838567 0.442226 0.894853 0.060613 0.211998 0.977266 0.002869 -0.000579 -0.999978 -0.006667 0.000589 -0.648142 0.761519 0.5453 0.464764 0.697597 0.598388 -0.043564 0.800021 -0.000591 -0.0016 0.999999 0.562622 -0.084201 0.822415 0.10356 -0.02149 0.994391 0.858846 0.017965 0.511919 0.99993 -0.011584 0.002194 0.596434 -0.050785 0.801054 0.005347 -0.017401 0.999834 0.00024 -0.999995 0.003168 0.999997 -0.002351 -0.000375 0.303815 0.000936 0.952731 1 -0.000257 -0.000091 0.997704 0.020344 0.064601 0.000562 -0.579927 -0.814668 -0.999945 -0.006349 -0.008308 0.00046 -0.004206 -0.999991 0.002112 -0.886324 -0.46306 -0.999998 0.001937 -0.000007 -0.000001 -0.999994 0.003576 -0.0001 0.004899 0.999988 -0.000143 -0.567833 0.823144 0.99129 0.023859 0.129518 -0.830245 0.025125 0.556833 -0.030137 -0.018837 0.999368 -0.799339 0.00706 0.600839 -0.001145 -0.000215 0.999999 0.000496 -0.999995 0.003029 -0.00037 -0.999995 0.003242 -0.000096 -0.999999 0.001616 0.0009 -0.604135 0.796882 -0.000025 -0.5703 0.821437 0.000274 -0.585858 -0.810414 0.00005 -0.000457 -1 -0.998794 -0.003674 -0.048965 -0.999884 -0.004367 -0.014606 -0.999286 -0.000777 -0.037787 -0.587299 0.024083 -0.809012 -0.720467 -0.002277 -0.693486 -0.286511 0.011455 -0.958009 -0.148345 -0.009801 -0.988887 0.058278 -0.001833 -0.998299 0.298758 -0.045394 -0.953249 0.803275 -0.000134 -0.595608 0.999909 -0.003858 0.012922 0.777872 0.005542 -0.628399 -0.002022 -0.000145 0.999998 -0.757126 0.000094 0.653269 -0.772197 0.000712 0.635383 0.000008 0.000142 1 0.725288 0.00046 0.688446 0.70008 0.003522 0.714056 0.002779 -0.892303 -0.451429 -0.003502 -0.9276 -0.373559 -0.000181 -0.999982 -0.006058 0.000676 -0.999984 -0.005583 -0.999755 -0.003567 0.021826 -0.999987 -0.000481 0.00502 -0.646939 -0.013212 0.762427 -0.000162 -0.571886 0.820333 0.000486 -0.014741 0.999891 0.100575 0.00864 0.994892 -0.065298 0.188973 0.979809 0.237735 0.000454 0.97133 0.001551 -0.000279 0.999999 0.003729 -0.006437 0.999972 0.003675 0.001437 0.999992 0.003681 0.001436 0.999992 0.000199 -1 -0.000002 -0.999903 -0.010649 0.009 -0.999982 -0.004268 -0.004171 -0.337283 -0.93299 -0.125577 -0.057358 -0.997083 -0.05035 0.028467 -0.99948 0.015154 0.032525 -0.004469 0.999461 0.719793 0.009928 0.694118 0.999867 -0.002906 0.016022 0.999993 0.000151 0.003849 0.999998 -0.002012 -0.000344 0.001028 -0.000184 0.999999 0.001027 -0.000192 0.999999 0.999832 -0.000513 0.018305 0.633764 0.763746 -0.122619 0.999554 -0.008076 0.028746 0.999772 -0.001672 -0.021267 0.494076 -0.0117 0.86934 0.268574 -0.00067 0.963259 -0.413602 -0.000352 0.910458 -0.284032 -0.007303 0.958787 0.004812 -0.00034 0.999988 0.359759 0.00081 -0.933045 1 0 0 0.020118 -0.993282 0.113958 -0.000792 -0.999969 0.00777 -0.690077 0.008082 -0.723691 -0.999741 0.007729 0.021397 -0.999916 -0.000377 -0.012923 -0.646548 0.002469 0.76287 -0.009462 -0.418895 0.907985 -0.620164 0.000267 0.784472 -0.001759 -0.329464 0.944166 0.237799 0.008632 0.971276 0.003216 0.39753 0.917583 0.340192 -0.002355 0.940353 0.001561 0.001885 0.999997 0.003476 -0.004622 0.999983 0.002735 0.00396 0.999988 -1 0.000324 0.000397 0.665404 0.000101 0.746483 0.00013 0.002376 0.999997 0.007252 0.001046 0.999973 0.480868 -0.023318 0.876483 -0.999992 0.002191 -0.003271 -0.999943 0.000029 -0.010634 -0.800674 -0.516987 0.30273 0.005962 0.997772 0.066454 0.000065 -0.996042 0.088888 -0.031849 -0.996794 0.073405 -0.003091 -0.997816 0.065985 0.011832 -0.619081 0.785238 -0.012931 0.00425 0.999907 -0.004143 -0.999284 0.037612 -0.010326 -0.999774 0.018574 0.07526 -0.986379 0.146264 0.082937 -0.936296 0.34128 0.876413 0.087432 0.473556 -0.019083 -0.052062 0.998462 0.543678 0.161575 0.823595 -0.008089 -0.015269 0.999851 0.623363 -0.039091 0.780955 -0.007736 0.640206 0.768165 0.520722 0.676568 0.520677 -0.009711 0.602403 0.798133 0.00184 0.999997 0.00184 -0.000691 1 -0.000139 -0.000312 0.999998 0.001907 0.000441 0.999996 0.00268 -0.048627 0.121941 0.991345 -0.000724 0.999891 0.014762 -0.014461 0.135915 0.990615 -0.001126 -0.760867 -0.648907 -0.000156 0.99987 0.016111 -0.000426 0.99987 0.016123 -0.002927 0.068198 0.997667 -0.018885 -0.074067 0.997074 0.003204 -0.444799 0.895625 0.003415 0.000901 0.999994 0.003392 0.000994 0.999994 -0.002188 0.411844 0.911252 0.69343 0.708456 0.131322 0.014356 -0.87451 -0.484796 0.000441 0.999963 -0.008556 -0.007096 0.996988 0.07723 0.999895 -0.001291 0.014465 0.005482 0.000626 0.999985 0.999871 -0.003604 0.015646 0.236308 0.956574 -0.170661 0.003751 0.000468 0.999993 0.73205 -0.001257 0.68125 0.380815 0.001172 -0.924651 0.779847 -0.000449 -0.625971 0.823719 0.000953 -0.566998 0.834986 -0.002083 -0.550267 0.999999 -0.000262 0.001556 0.803063 0.003321 0.595885 -0.537063 0.812391 0.227123 0.351571 0.320689 0.879521 -0.517254 0.024997 0.855467 -0.342426 0.498572 -0.796349 0.354408 -0.254877 0.899685 0.02912 0.999576 0.000098 0.011592 0.998092 -0.060638 0.01628 -0.994627 -0.102237 0.00516 -0.84479 -0.535073 -0.003911 -0.582097 0.81311 -0.000343 -0.649888 0.76003 -0.002528 0.004823 0.999985 0.000114 0.999991 0.00415 0.331424 0.404296 0.852469 0.001383 -0.999998 0.001158 0.802541 -0.596552 0.007341 0.002231 -0.999997 0.000976 0.010808 -0.999934 -0.003919 0.003472 -0.004883 0.999982 -0.000365 0.999896 0.014426 0.007881 0.132098 0.991205 0.002931 0.067333 0.997726 0.000682 -0.505025 0.863104 -0.000232 -0.999975 0.007062 0.005088 -0.999165 0.040536 -0.009357 -0.319407 0.947571 0.014476 0.064572 0.997808 -0.076546 0.0218 0.996828 0.003218 0.005778 0.999978 -0.000411 0.014916 0.999889 -0.000475 0.015149 0.999885 0.00067 0.350997 0.936376 0.001725 0.011615 0.999931 0.043188 -0.250527 0.967146 0.003383 0.40951 0.912299 0.002203 0.455314 0.890328 0.000045 -0.456262 0.889845 -0.391937 -0.018584 0.919804 0.422062 -0.016447 0.906418 0.016614 -0.229185 0.973241 0.000347 0.03365 0.999434 -0.008452 -0.172822 0.984917 -0.070942 0.016332 0.997347 -0.040638 0.018249 0.999007 -0.032513 0.007581 0.999443 0.005056 0.003563 0.999981 -0.002904 0.671557 0.740947 0.002359 -0.999581 0.028863 0.000861 -0.999892 0.01466 -0.004511 -0.000949 0.999989 -0.000642 0.99961 0.027904 -0.008319 0.358513 0.933488 0.017736 -0.120215 0.992589 0.002068 -0.428974 0.903314 0.003275 0.013807 0.999899 0.003414 -0.000485 0.999994 0.005731 0.004863 0.999972 -0.000877 0.019825 0.999803 -0.003556 -0.004064 0.999985 -0.001307 -0.999994 0.003074 0.000446 0.999998 -0.001903 0.005627 0.78939 0.613866 -0.004028 0.558571 0.829447 -0.00409 0.022189 0.999745 0.003354 -0.00079 0.999994 0.003269 -0.000582 0.999994 0.64821 0.01919 0.76122 -0.156775 -0.016022 0.987504 -0.06264 -0.000684 0.998036 0.999958 -0.007675 -0.00503 0.936626 0.350312 0.00367 0.067625 -0.992633 0.100527 0.002569 -0.999975 0.006605 0.008402 -0.630878 0.775837 0.672219 0.059808 0.737933 0.673163 -0.048507 0.737901 0.71471 -0.01219 0.699314 0.71374 0.145899 0.685047 0.007206 -0.999974 0.000771 0.045715 -0.99895 -0.00298 0.804193 -0.594078 0.018572 0.002158 0.465806 0.884884 -0.008079 -0.019612 0.999775 0.003836 -0.266981 0.963694 0.002272 0.347228 0.937778 0.222344 0.252176 0.941791 0.999637 -0.02675 0.003141 1 0.000301 -0.000058 0.834923 -0.550366 0.000734 0.836964 -0.547257 0.000796 0.995651 0.092987 -0.005665 0.974934 -0.078695 0.208114 0.918144 0.014804 0.39597 -0.023332 0.025876 0.999393 0.795406 0.0158 -0.605871 0.159663 0.207987 0.965012</float_array>
          <technique_common>
            <accessor source="#CornerTable3-mesh-normals-array" count="1984" stride="3">
              <param name="X" type="float"/>
              <param name="Y" type="float"/>
              <param name="Z" type="float"/>
            </accessor>
          </technique_common>
        </source>
        <source id="CornerTable3-mesh-map-0">
          <float_array id="CornerTable3-mesh-map-0-array" count="11904">0.572998 0.703613 0.578369 0.712158 0.55249 0.715332 0.572998 0.703613 0.55249 0.715332 0.550537 0.703613 0.578369 0.712158 0.572998 0.703613 0.582031 0.697998 0.578369 0.712158 0.582031 0.697998 0.592529 0.701904 0.592529 0.701904 0.582031 0.697998 0.584229 0.695801 0.584229 0.695801 0.582031 0.697998 0.491211 0.664551 0.582031 0.697998 0.572998 0.703613 0.572998 0.701904 0.491211 0.664551 0.582031 0.697998 0.532959 0.691895 0.532959 0.691895 0.582031 0.697998 0.572998 0.701904 0.532959 0.691895 0.572998 0.701904 0.572998 0.703613 0.491211 0.664551 0.532959 0.691895 0.490723 0.684326 0.528076 0.695068 0.572998 0.703613 0.550537 0.703613 0.572998 0.703613 0.528076 0.695068 0.532959 0.691895 0.532959 0.691895 0.528076 0.695068 0.490723 0.684326 0.528076 0.695068 0.550537 0.703613 0.534668 0.705322 0.490723 0.684326 0.528076 0.695068 0.491455 0.690918 0.491455 0.690918 0.528076 0.695068 0.534668 0.705322 0.491455 0.690918 0.534668 0.705322 0.530762 0.712891 0.491455 0.690918 0.530762 0.712891 0.487549 0.692871 0.487549 0.692871 0.530762 0.712891 0.510498 0.741211 0.487549 0.692871 0.510498 0.741211 0.435059 0.707031 0.026611 0.139648 0.006592 0.138428 0.025391 0.129883 0.025391 0.129883 0.006592 0.138428 0.005371 0.129395 0.025391 0.129883 0.005371 0.129395 0.026611 0.126709 0.026611 0.126709 0.005371 0.129395 0.005615 0.121094 0.026611 0.126709 0.005615 0.121094 0.039551 0.119873 0.449707 0.239502 0.456543 0.239502 0.429932 0.269775 0.456543 0.239502 0.449707 0.239502 0.45166 0.233398 0.45166 0.233398 0.449707 0.239502 0.442871 0.236816 0.429932 0.269775 0.456543 0.239502 0.466797 0.24707 0.466797 0.24707 0.456543 0.239502 0.477295 0.23877 0.429932 0.269775 0.466797 0.24707 0.442627 0.286133 0.429932 0.269775 0.442627 0.286133 0.419189 0.289063 0.419189 0.289063 0.442627 0.286133 0.428955 0.336182 0.419189 0.289063 0.428955 0.336182 0.407715 0.32373 0.419189 0.289063 0.407715 0.32373 0.404297 0.304199 0.429932 0.269775 0.419189 0.289063 0.422852 0.270508 0.422852 0.270508 0.419189 0.289063 0.404297 0.304199 0.429932 0.269775 0.422852 0.270508 0.449707 0.239502 0.422852 0.270508 0.404297 0.304199 0.416992 0.270996 0.422852 0.270508 0.416992 0.270996 0.449707 0.239502 0.416992 0.270996 0.404297 0.304199 0.399658 0.289307 0.449707 0.239502 0.416992 0.270996 0.414307 0.266113 0.414307 0.266113 0.416992 0.270996 0.399658 0.289307 0.449707 0.239502 0.414307 0.266113 0.442871 0.236816 0.442871 0.236816 0.414307 0.266113 0.430176 0.227539 0.414307 0.266113 0.399658 0.289307 0.395264 0.26001 0.414307 0.266113 0.395264 0.26001 0.430176 0.227539 0.430176 0.227539 0.395264 0.26001 0.425049 0.225586 0.395264 0.26001 0.399658 0.289307 0.358398 0.294434 0.425049 0.225586 0.395264 0.26001 0.394287 0.254883 0.395264 0.26001 0.358398 0.294434 0.366699 0.2771 0.395264 0.26001 0.366699 0.2771 0.394287 0.254883 0.394287 0.254883 0.366699 0.2771 0.293213 0.231934 0.366699 0.2771 0.358398 0.294434 0.357178 0.288818 0.293213 0.231934 0.366699 0.2771 0.313232 0.270264 0.313232 0.270264 0.366699 0.2771 0.357178 0.288818 0.313232 0.270264 0.357178 0.288818 0.297607 0.293701 0.354248 0.384766 0.347412 0.393799 0.346191 0.393066 0.346436 0.391846 0.348877 0.390381 0.346191 0.393066 0.346436 0.391846 0.346191 0.393066 0.302246 0.361328 0.302246 0.361328 0.346191 0.393066 0.342041 0.402832 0.342041 0.402832 0.346191 0.393066 0.347412 0.393799 0.342041 0.402832 0.347412 0.393799 0.347656 0.42627 0.372559 0.378418 0.374268 0.416992 0.347412 0.393799 0.347412 0.393799 0.374268 0.416992 0.351563 0.427002 0.347412 0.393799 0.351563 0.427002 0.347656 0.42627 0.347656 0.42627 0.351563 0.427002 0.35376 0.430664 0.347656 0.42627 0.35376 0.430664 0.351807 0.469971 0.347656 0.42627 0.351807 0.469971 0.351807 0.511963 0.073242 0.597412 0.076904 0.605225 0.067627 0.640137 0.067627 0.640137 0.076904 0.605225 0.073975 0.636475 0.067627 0.640137 0.073975 0.636475 0.072021 0.646484 0.072021 0.646484 0.073975 0.636475 0.077393 0.669434 0.430664 0.774902 0.454346 0.783936 0.429443 0.77832 0.429443 0.77832 0.454346 0.783936 0.421631 0.781006 0.454346 0.783936 0.430664 0.774902 0.45874 0.778564 0.454346 0.783936 0.45874 0.778564 0.488525 0.780029 0.488525 0.780029 0.45874 0.778564 0.497559 0.7771 0.488525 0.780029 0.497559 0.7771 0.552734 0.779053 0.12207 0.397461 0.12207 0.374512 0.141602 0.402832 0.12207 0.397461 0.141602 0.402832 0.116455 0.42749 0.116455 0.42749 0.141602 0.402832 0.134277 0.493652 0.134277 0.493652 0.141602 0.402832 0.142334 0.469482 0.142334 0.469482 0.141602 0.402832 0.145996 0.406738 0.142334 0.469482 0.145996 0.406738 0.171387 0.463135 0.145996 0.406738 0.141602 0.402832 0.14209 0.400391 0.171387 0.463135 0.145996 0.406738 0.199951 0.411133 0.145996 0.406738 0.14209 0.400391 0.182861 0.392578 0.145996 0.406738 0.182861 0.392578 0.199951 0.411133 0.974609 0.742188 0.981689 0.711182 0.99292 0.720703 0.974609 0.742188 0.99292 0.720703 0.994873 0.721924 0.974609 0.742188 0.994873 0.721924 0.977783 0.744141 0.507813 0.434326 0.503418 0.422363 0.506836 0.424561 0.503418 0.422363 0.507813 0.434326 0.505371 0.433594 0.503418 0.422363 0.505371 0.433594 0.452637 0.564697 0.506836 0.424561 0.503418 0.422363 0.5271 0.412842 0.506836 0.424561 0.5271 0.412842 0.576172 0.407471 0.5271 0.412842 0.503418 0.422363 0.494141 0.357666 0.494141 0.357666 0.503418 0.422363 0.452637 0.282227 0.249268 0.055176 0.269775 0.037842 0.250244 0.056396 0.250244 0.056396 0.269775 0.037842 0.300781 0.041504 0.269775 0.037842 0.249268 0.055176 0.270264 0.028809 0.927734 0.836914 0.937744 0.800293 0.957031 0.832275 0.937744 0.800293 0.927734 0.836914 0.919922 0.803955 0.927734 0.836914 0.919922 0.803955 0.925293 0.837646 0.925293 0.837646 0.919922 0.803955 0.914063 0.790527 0.914063 0.790527 0.925293 0.837646 0.91333 0.869873 0.067139 0.838379 0.059326 0.838379 0.061035 0.760986 0.470703 0 0.511963 0.000488 0.5 0.001953 0.470703 0 0.5 0.001953 0.469727 0.001953 0.644287 0.999756 0.68335 0.993408 0.684326 0.996582 0.684326 0.996582 0.68335 0.993408 0.684814 0.991455 0.684326 0.996582 0.684814 0.991455 0.692139 0.999512 0.692139 0.999512 0.684814 0.991455 0.693604 0.994141 0.25708 0.388184 0.297607 0.352051 0.300781 0.352539 0.25708 0.388184 0.300781 0.352539 0.263672 0.391357 0.297607 0.352051 0.25708 0.388184 0.251221 0.381836 0.300781 0.352539 0.297607 0.352051 0.301514 0.349365 0.297607 0.352051 0.251221 0.381836 0.286865 0.356689 0.301514 0.349365 0.297607 0.352051 0.294922 0.351074 0.294922 0.351074 0.297607 0.352051 0.286865 0.356689 0.286865 0.356689 0.251221 0.381836 0.285645 0.353271 0.286865 0.356689 0.285645 0.353271 0.294922 0.351074 0.285645 0.353271 0.251221 0.381836 0.251709 0.376709 0.285645 0.353271 0.251709 0.376709 0.283203 0.325195 0.294922 0.351074 0.285645 0.353271 0.289307 0.346191 0.294922 0.351074 0.289307 0.346191 0.301514 0.349365 0.285645 0.353271 0.283203 0.325195 0.286133 0.32251 0.285645 0.353271 0.286133 0.32251 0.289307 0.346191 0.286133 0.32251 0.283203 0.325195 0.272461 0.310303 0.301514 0.349365 0.289307 0.346191 0.29834 0.317871 0.29834 0.317871 0.289307 0.346191 0.286133 0.32251 0.301514 0.349365 0.29834 0.317871 0.312988 0.347656 0.312988 0.347656 0.29834 0.317871 0.400879 0.313721 0.29834 0.317871 0.286133 0.32251 0.280029 0.300781 0.29834 0.317871 0.280029 0.300781 0.267334 0.27002 0.557617 0.627686 0.528564 0.598877 0.568115 0.610596 0.528564 0.598877 0.557617 0.627686 0.508545 0.642822 0.557617 0.627686 0.568115 0.610596 0.572754 0.607666 0.508545 0.642822 0.557617 0.627686 0.549805 0.658203 0.557617 0.627686 0.572754 0.607666 0.558594 0.647461 0.557617 0.627686 0.558594 0.647461 0.549805 0.658203 0.508545 0.642822 0.549805 0.658203 0.537598 0.660156 0.508545 0.642822 0.537598 0.660156 0.508301 0.662109 0.508301 0.662109 0.537598 0.660156 0.549316 0.670654 0.549316 0.670654 0.537598 0.660156 0.549805 0.658203 0.508301 0.662109 0.549316 0.670654 0.54248 0.675049 0.549316 0.670654 0.549805 0.658203 0.550537 0.674805 0.550537 0.674805 0.549805 0.658203 0.558594 0.647461 0.574463 0.65918 0.558594 0.647461 0.572754 0.607666 0.558594 0.647461 0.574463 0.65918 0.550537 0.674805 0.574463 0.65918 0.572754 0.607666 0.5896 0.613037 0.550537 0.674805 0.574463 0.65918 0.564697 0.68042 0.574463 0.65918 0.5896 0.613037 0.601318 0.61377 0.564697 0.68042 0.574463 0.65918 0.582275 0.671387 0.574463 0.65918 0.601318 0.61377 0.592529 0.645996 0.574463 0.65918 0.592529 0.645996 0.582275 0.671387 0.592529 0.645996 0.601318 0.61377 0.602783 0.614014 0.582275 0.671387 0.592529 0.645996 0.595459 0.674072 0.582275 0.671387 0.595459 0.674072 0.575195 0.679688 0.592529 0.645996 0.602783 0.614014 0.605225 0.635986 0.592529 0.645996 0.605225 0.635986 0.595459 0.674072 0.605225 0.635986 0.602783 0.614014 0.609375 0.614502 0.595459 0.674072 0.605225 0.635986 0.605957 0.651611 0.605957 0.651611 0.605225 0.635986 0.609375 0.614502 0.595459 0.674072 0.605957 0.651611 0.594238 0.694336 0.605957 0.651611 0.609375 0.614502 0.628418 0.629639 0.594238 0.694336 0.605957 0.651611 0.615967 0.682129 0.605957 0.651611 0.628418 0.629639 0.621338 0.659424 0.605957 0.651611 0.621338 0.659424 0.615967 0.682129 0.621338 0.659424 0.628418 0.629639 0.643066 0.639404 0.61792 0.689453 0.615967 0.682129 0.619141 0.683838 0.619141 0.683838 0.615967 0.682129 0.624268 0.680176 0.619141 0.683838 0.624268 0.680176 0.625244 0.687012 0.624268 0.680176 0.615967 0.682129 0.630371 0.676758 0.624268 0.680176 0.630371 0.676758 0.631348 0.687988 0.630371 0.676758 0.615967 0.682129 0.621338 0.659424 0.621338 0.659424 0.643066 0.639404 0.63623 0.655273 0.630371 0.676758 0.621338 0.659424 0.635498 0.671875 0.630371 0.676758 0.635498 0.671875 0.639648 0.676514 0.621338 0.659424 0.63623 0.655273 0.634766 0.662109 0.621338 0.659424 0.634766 0.662109 0.635498 0.671875 0.643066 0.639404 0.63623 0.655273 0.639404 0.656006 0.639404 0.656006 0.63623 0.655273 0.634766 0.662109 0.639404 0.656006 0.643066 0.639404 0.651611 0.634033 0.639404 0.656006 0.651611 0.634033 0.657959 0.638672 0.635498 0.671875 0.634766 0.662109 0.637939 0.66333 0.637939 0.66333 0.634766 0.662109 0.639404 0.656006 0.637939 0.66333 0.635498 0.671875 0.651611 0.674805 0.657959 0.638672 0.639404 0.656006 0.647461 0.650635 0.647461 0.650635 0.657959 0.638672 0.661377 0.639893 0.637939 0.66333 0.639404 0.656006 0.64624 0.662842 0.637939 0.66333 0.64624 0.662842 0.651611 0.674805 0.639404 0.656006 0.647461 0.650635 0.651123 0.658203 0.651123 0.658203 0.647461 0.650635 0.661377 0.639893 0.639404 0.656006 0.651123 0.658203 0.64624 0.662842 0.651123 0.658203 0.661377 0.639893 0.674561 0.652344 0.64624 0.662842 0.651123 0.658203 0.661865 0.669678 0.64624 0.662842 0.661865 0.669678 0.651611 0.674805 0.661865 0.669678 0.651123 0.658203 0.674561 0.652344 0.651611 0.674805 0.661865 0.669678 0.670166 0.674316 0.670166 0.674316 0.661865 0.669678 0.674561 0.652344 0.651611 0.674805 0.670166 0.674316 0.659424 0.678955 0.670166 0.674316 0.674561 0.652344 0.683838 0.660645 0.670166 0.674316 0.683838 0.660645 0.6875 0.668945 0.79248 0.324463 0.825439 0.405273 0.793213 0.359863 0.825439 0.405273 0.79248 0.324463 0.827393 0.320557 0.827393 0.320557 0.79248 0.324463 0.804688 0.31665 0.827393 0.320557 0.804688 0.31665 0.80542 0.314209 0.79248 0.324463 0.793213 0.359863 0.789063 0.320557 0.789063 0.320557 0.793213 0.359863 0.784912 0.321533 0.789063 0.320557 0.784912 0.321533 0.781982 0.321045 0.79248 0.324463 0.789063 0.320557 0.794922 0.316406 0.79248 0.324463 0.794922 0.316406 0.804688 0.31665 0.794922 0.316406 0.789063 0.320557 0.786377 0.294678 0.804688 0.31665 0.794922 0.316406 0.795898 0.294189 0.795898 0.294189 0.794922 0.316406 0.786377 0.294678 0.795898 0.294189 0.786377 0.294678 0.794678 0.28833 0.112793 0.050781 0.114258 0.063477 0.080078 0.071045 0.114258 0.063477 0.112793 0.050781 0.150635 0.053711 0.114258 0.063477 0.150635 0.053711 0.133301 0.069824 0.144775 0.01001 0.104492 0.02832 0.099121 0.011475 0.099121 0.011475 0.144775 0.01001 0.11792 0.009277 0.605469 0.236572 0.648682 0.256592 0.578125 0.233398 0.578125 0.233398 0.648682 0.256592 0.56958 0.274658 0.578125 0.233398 0.56958 0.274658 0.565674 0.276611 0.565674 0.276611 0.56958 0.274658 0.568115 0.279541 0.578125 0.233398 0.565674 0.276611 0.57251 0.240479 0.578125 0.233398 0.57251 0.240479 0.572266 0.229492 0.572266 0.229492 0.57251 0.240479 0.559082 0.233154 0.559082 0.233154 0.57251 0.240479 0.565674 0.276611 0.559082 0.233154 0.565674 0.276611 0.554199 0.275879 0.559082 0.233154 0.554199 0.275879 0.549072 0.27417 0.559082 0.233154 0.549072 0.27417 0.550049 0.230957 0.550049 0.230957 0.549072 0.27417 0.547363 0.274414 0.550049 0.230957 0.547363 0.274414 0.54834 0.230225 0.54834 0.230225 0.547363 0.274414 0.542236 0.230713 0.542236 0.230713 0.547363 0.274414 0.541992 0.275635 0.542236 0.230713 0.541992 0.275635 0.540039 0.276123 0.542236 0.230713 0.540039 0.276123 0.513428 0.238281 0.513428 0.238281 0.540039 0.276123 0.524414 0.276611 0.524414 0.276611 0.513428 0.238281 0.505859 0.258545 0.505859 0.258545 0.513428 0.238281 0.500244 0.235352 0.505859 0.258545 0.500244 0.235352 0.500488 0.25293 0.500488 0.25293 0.505859 0.258545 0.500977 0.263428 0.500488 0.25293 0.500977 0.263428 0.488525 0.259277 0.500488 0.25293 0.488525 0.259277 0.490967 0.251953 0.490967 0.251953 0.488525 0.259277 0.48999 0.250488 0.48999 0.250488 0.488525 0.259277 0.482666 0.263184 0.48999 0.250488 0.482666 0.263184 0.478027 0.255127 0.48999 0.250488 0.478027 0.255127 0.47168 0.251709 0.244141 0.928955 0.160645 0.921631 0.24585 0.906982 0.160645 0.921631 0.244141 0.928955 0.160156 0.928223 0.157227 0.744629 0.164551 0.702637 0.168457 0.720947 0.168457 0.720947 0.164551 0.702637 0.165039 0.677979 0.168457 0.720947 0.165039 0.677979 0.216064 0.699707 0.168457 0.720947 0.216064 0.699707 0.202393 0.740479 0.157227 0.744629 0.168457 0.720947 0.161621 0.743408 0.161621 0.743408 0.168457 0.720947 0.202393 0.740479 0.157227 0.744629 0.161621 0.743408 0.158203 0.750488 0.161621 0.743408 0.202393 0.740479 0.195068 0.768799 0.161621 0.743408 0.195068 0.768799 0.158203 0.750488 0.158203 0.750488 0.195068 0.768799 0.219238 0.798828 0.25415 0.198242 0.262207 0.22583 0.240723 0.195068 0.262207 0.22583 0.25415 0.198242 0.266113 0.212891 0.240723 0.195068 0.262207 0.22583 0.252441 0.225098 0.240723 0.195068 0.252441 0.225098 0.230957 0.223145 0.262207 0.22583 0.266113 0.212891 0.273193 0.246338 0.273193 0.246338 0.266113 0.212891 0.2854 0.23877 0.2854 0.23877 0.266113 0.212891 0.277832 0.203613 0.2854 0.23877 0.277832 0.203613 0.287109 0.237793 0.287109 0.237793 0.277832 0.203613 0.280273 0.204102 0.262207 0.22583 0.273193 0.246338 0.267822 0.246338 0.262207 0.22583 0.267822 0.246338 0.252441 0.225098 0.267822 0.246338 0.273193 0.246338 0.264404 0.251465 0.267822 0.246338 0.264404 0.251465 0.252441 0.225098 0.264404 0.251465 0.273193 0.246338 0.287354 0.255615 0.264404 0.251465 0.287354 0.255615 0.276855 0.265625 0.264404 0.251465 0.276855 0.265625 0.263184 0.254395 0.22876 0.279053 0.263184 0.254395 0.259277 0.337402 0.263184 0.254395 0.22876 0.279053 0.22876 0.277588 0.264404 0.251465 0.263184 0.254395 0.247803 0.258057 0.264404 0.251465 0.247803 0.258057 0.252441 0.225098 0.247803 0.258057 0.263184 0.254395 0.22876 0.277588 0.252441 0.225098 0.247803 0.258057 0.238281 0.237061 0.252441 0.225098 0.238281 0.237061 0.230957 0.223145 0.230957 0.223145 0.238281 0.237061 0.227783 0.223145 0.238281 0.237061 0.247803 0.258057 0.243164 0.257568 0.238281 0.237061 0.243164 0.257568 0.227783 0.223145 0.243164 0.257568 0.247803 0.258057 0.22876 0.277588 0.227783 0.223145 0.243164 0.257568 0.20752 0.277588 0.20752 0.277588 0.243164 0.257568 0.22876 0.277588 0.684082 0.583252 0.662354 0.5896 0.646973 0.589844 0.684082 0.583252 0.646973 0.589844 0.549316 0.588135 0.662354 0.5896 0.684082 0.583252 0.687256 0.588379 0.684082 0.583252 0.549316 0.588135 0.688232 0.573486 0.684082 0.583252 0.688232 0.573486 0.691162 0.577393 0.684082 0.583252 0.691162 0.577393 0.687256 0.588379 0.691162 0.577393 0.688232 0.573486 0.708252 0.565186 0.687256 0.588379 0.691162 0.577393 0.700439 0.586914 0.700439 0.586914 0.691162 0.577393 0.708252 0.565186 0.687256 0.588379 0.700439 0.586914 0.700195 0.600098 0.714355 0.563721 0.708252 0.565186 0.741943 0.525635 0.714355 0.563721 0.708252 0.565186 0.715576 0.565186 0.715576 0.565186 0.708252 0.565186 0.718262 0.567871 0.718262 0.567871 0.708252 0.565186 0.725098 0.577881 0.708252 0.565186 0.725098 0.577881 0.700439 0.586914 0.725098 0.577881 0.718262 0.567871 0.72583 0.575195 0.725098 0.577881 0.72583 0.575195 0.727051 0.581299 0.700439 0.586914 0.725098 0.577881 0.702881 0.589355 0.702881 0.589355 0.725098 0.577881 0.727051 0.581299 0.700439 0.586914 0.702881 0.589355 0.700195 0.600098 0.702881 0.589355 0.727051 0.581299 0.721191 0.594971 0.702881 0.589355 0.721191 0.594971 0.700195 0.600098 0.721191 0.594971 0.727051 0.581299 0.742676 0.591553 0.700195 0.600098 0.721191 0.594971 0.72168 0.599609 0.071533 0.166748 0.071533 0.227783 0.036865 0.227295 0.243652 0.051025 0.227295 0.101074 0.165527 0.059326 0.989502 0.474365 0.962646 0.46582 0.989014 0.392822 0.372314 0.957275 0.322021 0.928223 0.399414 0.928955 0.370361 0.900635 0.272705 0.900635 0.273926 0.898926 0.868164 0.451172 0.864014 0.473389 0.870605 0.410889 0.864014 0.473389 0.868164 0.451172 0.866455 0.471436 0.866455 0.471436 0.868164 0.451172 0.887207 0.478027 0.866455 0.471436 0.887207 0.478027 0.886963 0.480713 0.866455 0.471436 0.886963 0.480713 0.864014 0.473389 0.886963 0.480713 0.887207 0.478027 0.890625 0.480713 0.864014 0.473389 0.886963 0.480713 0.864014 0.486328 0.864014 0.473389 0.864014 0.486328 0.861328 0.484863 0.864014 0.486328 0.886963 0.480713 0.887939 0.486572 0.864014 0.486328 0.861328 0.484863 0.838135 0.49292 0.838135 0.49292 0.864014 0.486328 0.887939 0.486572 0.838135 0.49292 0.887939 0.486572 0.889893 0.492188 0.905029 0.95459 0.918457 0.974609 0.879395 0.956299 0.918457 0.974609 0.905029 0.95459 0.918457 0.970459 0.905029 0.95459 0.879395 0.956299 0.885986 0.946289 0.885986 0.946289 0.879395 0.956299 0.868164 0.965576 0.918457 0.970459 0.905029 0.95459 0.907959 0.953857 0.907959 0.953857 0.905029 0.95459 0.885986 0.946289 0.932129 0.962891 0.940186 0.98584 0.918457 0.970459 0.932129 0.962891 0.918457 0.970459 0.915771 0.951904 0.915771 0.951904 0.918457 0.970459 0.907959 0.953857 0.932129 0.962891 0.915771 0.951904 0.941895 0.905029 0.941895 0.905029 0.915771 0.951904 0.904785 0.930908 0.915771 0.951904 0.907959 0.953857 0.900391 0.948975 0.915771 0.951904 0.900391 0.948975 0.904785 0.930908 0.900391 0.948975 0.907959 0.953857 0.885986 0.946289 0.904785 0.930908 0.900391 0.948975 0.858154 0.936523 0.858154 0.936523 0.900391 0.948975 0.885986 0.946289 0.906982 0.864014 0.884521 0.87915 0.883545 0.832031 0.906982 0.864014 0.883545 0.832031 0.900879 0.819336 0.900879 0.819336 0.883545 0.832031 0.900879 0.8125 0.900879 0.819336 0.900879 0.8125 0.908936 0.794434 0.900879 0.8125 0.883545 0.832031 0.87793 0.829102 0.643555 0.013672 0.608398 0.013672 0.608887 0.012695 0.968262 0.792969 0.969971 0.786377 0.971924 0.791504 0.969971 0.786377 0.968262 0.792969 0.964355 0.794678 0.969971 0.786377 0.964355 0.794678 0.943115 0.796387 0.971924 0.791504 0.969971 0.786377 0.999756 0.796875 0.971924 0.791504 0.999756 0.796875 0.998779 0.799072 0.999756 0.796875 0.969971 0.786377 0.999268 0.753662 0.197754 0.266602 0.130615 0.291504 0.128662 0.262939 0.130615 0.291504 0.197754 0.266602 0.162598 0.330078 0.130615 0.291504 0.162598 0.330078 0.150635 0.330078 0.130615 0.291504 0.150635 0.330078 0.124512 0.298828 0.124512 0.298828 0.150635 0.330078 0.124268 0.301514 0.124268 0.301514 0.150635 0.330078 0.166016 0.352295 0.124268 0.301514 0.166016 0.352295 0.109375 0.312744 0.109375 0.312744 0.166016 0.352295 0.122559 0.35791 0.765137 0.298096 0.766113 0.307129 0.752441 0.302734 0.752441 0.302734 0.766113 0.307129 0.768311 0.362549 0.765137 0.298096 0.752441 0.302734 0.762451 0.292969 0.765137 0.298096 0.762451 0.292969 0.776611 0.27832 0.776611 0.27832 0.762451 0.292969 0.77124 0.276367 0.762451 0.292969 0.752441 0.302734 0.751221 0.297363 0.762451 0.292969 0.77124 0.276367 0.754639 0.291504 0.754639 0.291504 0.762451 0.292969 0.751221 0.297363 0.751221 0.297363 0.752441 0.302734 0.740479 0.292725 0.751221 0.297363 0.740479 0.292725 0.754639 0.291504 0.740479 0.292725 0.752441 0.302734 0.738037 0.304688 0.754639 0.291504 0.740479 0.292725 0.741211 0.288818 0.741211 0.288818 0.740479 0.292725 0.730957 0.284668 0.77124 0.276367 0.754639 0.291504 0.756836 0.287842 0.756836 0.287842 0.754639 0.291504 0.741211 0.288818 0.77124 0.276367 0.756836 0.287842 0.757813 0.276611 0.77124 0.276367 0.757813 0.276611 0.767578 0.267822 0.767578 0.267822 0.757813 0.276611 0.759766 0.265625 0.757813 0.276611 0.756836 0.287842 0.746094 0.283203 0.746094 0.283203 0.756836 0.287842 0.741211 0.288818 0.759766 0.265625 0.757813 0.276611 0.749512 0.271973 0.749512 0.271973 0.757813 0.276611 0.746094 0.283203 0.759766 0.265625 0.749512 0.271973 0.739258 0.265137 0.759766 0.265625 0.739258 0.265137 0.757813 0.253174 0.757813 0.253174 0.739258 0.265137 0.742676 0.243164 0.757813 0.253174 0.742676 0.243164 0.756836 0.246826 0.739258 0.265137 0.749512 0.271973 0.737549 0.272461 0.737549 0.272461 0.749512 0.271973 0.746094 0.283203 0.742676 0.243164 0.739258 0.265137 0.730957 0.264893 0.730957 0.264893 0.739258 0.265137 0.737549 0.272461 0.742676 0.243164 0.730957 0.264893 0.730957 0.23877 0.730957 0.23877 0.730957 0.264893 0.729004 0.268066 0.730957 0.23877 0.729004 0.268066 0.728516 0.225586 0.730957 0.264893 0.737549 0.272461 0.731689 0.279541 0.731689 0.279541 0.737549 0.272461 0.746094 0.283203 0.730957 0.264893 0.731689 0.279541 0.729004 0.268066 0.731689 0.279541 0.746094 0.283203 0.741211 0.288818 0.729004 0.268066 0.731689 0.279541 0.730957 0.284668 0.730957 0.284668 0.731689 0.279541 0.741211 0.288818 0.460938 0.960693 0.473877 0.945068 0.433594 0.957031 0.473877 0.945068 0.433594 0.957031 0.459717 0.928223 0.459717 0.928223 0.433594 0.957031 0.438965 0.934326 0.474609 0.974609 0.440918 0.96582 0.460938 0.960693 0.460938 0.960693 0.440918 0.96582 0.435547 0.961182 0.460938 0.960693 0.435547 0.961182 0.433594 0.957031 0.435547 0.961182 0.440918 0.96582 0.430176 0.968262 0.438965 0.934326 0.433594 0.957031 0.43042 0.941162 0.435547 0.961182 0.430176 0.968262 0.428711 0.961914 0.435547 0.961182 0.428711 0.961914 0.433594 0.957031 0.428711 0.961914 0.430176 0.968262 0.423828 0.970703 0.433594 0.957031 0.428711 0.961914 0.413574 0.955811 0.413574 0.955811 0.428711 0.961914 0.420898 0.974609 0.433594 0.957031 0.413574 0.955811 0.43042 0.941162 0.4104 0.932373 0.420654 0.930664 0.43042 0.941162 0.4104 0.932373 0.43042 0.941162 0.408447 0.937744 0.408447 0.937744 0.43042 0.941162 0.415283 0.946289 0.415283 0.946289 0.43042 0.941162 0.413574 0.955811 0.396973 0.942139 0.413086 0.944092 0.415283 0.946289 0.396973 0.942139 0.415283 0.946289 0.412354 0.947021 0.412354 0.947021 0.415283 0.946289 0.413574 0.955811 0.412354 0.947021 0.413574 0.955811 0.412109 0.949707 0.412354 0.947021 0.412109 0.949707 0.410889 0.946533 0.412109 0.949707 0.413574 0.955811 0.412109 0.955811 0.743652 0.000732 0.723389 0.002686 0.715576 0.000488 0.03418 0.064941 0.025635 0.077148 0.031006 0.049805 0.025635 0.077148 0.03418 0.064941 0.065186 0.098389 0.065186 0.098389 0.03418 0.064941 0.031006 0.049805 0.825195 0.00415 0.827393 0.010986 0.804443 0.00293 0.825195 0.00415 0.804443 0.00293 0.824707 0.000244 0.000244 0.685547 0.005371 0.656738 0.006836 0.687988 0.000244 0.685547 0.006836 0.687988 0.006348 0.704346 0.257568 0.920166 0.274414 0.928223 0.257568 0.93042 0.274414 0.928223 0.257568 0.93042 0.267822 0.937744 0.267822 0.937744 0.274414 0.928223 0.278076 0.938232 0.257568 0.93042 0.267822 0.937744 0.256836 0.936279 0.256836 0.936279 0.257568 0.93042 0.237061 0.937256 0.267822 0.937744 0.278076 0.938232 0.271484 0.973145 0.267822 0.937744 0.271484 0.973145 0.256836 0.936279 0.256836 0.936279 0.237061 0.937256 0.24707 0.943848 0.24707 0.943848 0.256836 0.936279 0.271484 0.973145 0.237061 0.937256 0.24707 0.943848 0.233154 0.951904 0.233154 0.951904 0.237061 0.937256 0.217285 0.956543 0.233154 0.951904 0.24707 0.943848 0.265137 0.980713 0.265137 0.980713 0.24707 0.943848 0.271484 0.973145 0.217285 0.956543 0.233154 0.951904 0.22876 0.963379 0.22876 0.963379 0.233154 0.951904 0.265137 0.980713 0.217285 0.956543 0.22876 0.963379 0.222656 0.969238 0.222656 0.969238 0.217285 0.956543 0.213867 0.974365 0.213867 0.974365 0.222656 0.969238 0.221191 0.983154 0.221191 0.983154 0.222656 0.969238 0.256592 0.986328 0.256592 0.986328 0.222656 0.969238 0.22876 0.963379 0.256592 0.986328 0.22876 0.963379 0.265137 0.980713 0.265137 0.980713 0.256592 0.986328 0.26709 0.982422 0.265137 0.980713 0.26709 0.982422 0.271484 0.973145 0.256592 0.986328 0.26709 0.982422 0.271973 0.989258 0.271973 0.989258 0.26709 0.982422 0.278564 0.982422 0.278564 0.982422 0.26709 0.982422 0.271484 0.973145 0.271973 0.989258 0.278564 0.982422 0.280029 0.989746 0.280029 0.989746 0.278564 0.982422 0.284668 0.981934 0.278564 0.982422 0.271484 0.973145 0.28125 0.977539 0.278564 0.982422 0.28125 0.977539 0.284668 0.981934 0.28125 0.977539 0.271484 0.973145 0.278076 0.938232 0.284668 0.981934 0.28125 0.977539 0.291504 0.978516 0.28125 0.977539 0.278076 0.938232 0.287598 0.933105 0.291504 0.978516 0.28125 0.977539 0.30249 0.942627 0.30249 0.942627 0.28125 0.977539 0.287598 0.933105 0.025391 0.865723 0.023193 0.88208 0.016357 0.872314 0.023193 0.88208 0.016357 0.872314 0.010742 0.881592 0.016357 0.872314 0.010742 0.881592 0.010254 0.870361 0.912109 0.994873 0.899414 0.999023 0.898193 0.992188 0.972168 0.333496 0.978516 0.315918 0.982422 0.317383 0.972168 0.333496 0.982422 0.317383 0.981445 0.331299 0.972168 0.333496 0.981445 0.331299 0.968262 0.340332 0.968262 0.340332 0.981445 0.331299 0.972412 0.339111 0.972412 0.339111 0.981445 0.331299 0.988281 0.327881 0.972412 0.339111 0.988281 0.327881 0.995361 0.334473 0.972412 0.339111 0.995361 0.334473 0.995361 0.350098 0.972412 0.339111 0.995361 0.350098 0.981445 0.369873 0.981445 0.369873 0.995361 0.350098 0.996094 0.368652 0.972412 0.339111 0.981445 0.369873 0.95459 0.383545 0.981445 0.369873 0.996094 0.368652 0.982422 0.373779 0.95459 0.383545 0.981445 0.369873 0.978027 0.37793 0.978027 0.37793 0.981445 0.369873 0.982422 0.373779 0.978027 0.37793 0.95459 0.383545 0.971436 0.381104 0.982422 0.373779 0.996094 0.368652 0.998535 0.370605 0.982422 0.373779 0.998535 0.370605 0.986328 0.37915 0.986328 0.37915 0.998535 0.370605 0.999512 0.395264 0.018799 0.232422 0.020996 0.205322 0.019531 0.259277 0.624268 0.214111 0.640137 0.199463 0.63501 0.215088 0.647217 0.218018 0.640137 0.199463 0.658447 0.209961 0.686768 0.195801 0.676758 0.2229 0.658447 0.209961 0.686768 0.195801 0.658447 0.209961 0.640137 0.199463 0.640137 0.199463 0.624268 0.214111 0.625732 0.201172 0.625732 0.201172 0.624268 0.214111 0.622314 0.206299 0.622314 0.206299 0.624268 0.214111 0.616211 0.220459 0.622314 0.206299 0.616211 0.220459 0.609131 0.204346 0.622314 0.206299 0.609131 0.204346 0.611572 0.19458 0.622314 0.206299 0.611572 0.19458 0.622803 0.187012 0.622314 0.206299 0.622803 0.187012 0.625732 0.201172 0.622803 0.187012 0.611572 0.19458 0.605469 0.18457 0.622803 0.187012 0.605469 0.18457 0.608154 0.159668 0.625732 0.201172 0.622803 0.187012 0.62793 0.188477 0.62793 0.188477 0.622803 0.187012 0.608154 0.159668 0.625732 0.201172 0.62793 0.188477 0.640137 0.199463 0.62793 0.188477 0.608154 0.159668 0.625488 0.177246 0.640137 0.199463 0.62793 0.188477 0.646729 0.183594 0.646729 0.183594 0.62793 0.188477 0.625488 0.177246 0.640137 0.199463 0.646729 0.183594 0.686768 0.195801 0.625488 0.177246 0.646729 0.183594 0.634033 0.17041 0.646729 0.183594 0.634033 0.17041 0.651611 0.16333 0.646729 0.183594 0.651611 0.16333 0.664551 0.16333 0.646729 0.183594 0.664551 0.16333 0.68042 0.162842 0.646729 0.183594 0.68042 0.162842 0.686768 0.195801 0.686768 0.195801 0.68042 0.162842 0.688232 0.17749 0.688232 0.17749 0.686768 0.195801 0.689453 0.196045 0.689453 0.196045 0.688232 0.17749 0.731445 0.154297 0.174561 0.159912 0.155273 0.10083 0.275391 0.109375 0.382813 0.588623 0.443604 0.482178 0.447021 0.58374 0.447021 0.58374 0.382813 0.588623 0.420898 0.591064 0.382813 0.588623 0.420898 0.591064 0.417236 0.60498 0.420898 0.591064 0.447021 0.58374 0.44165 0.598145 0.420898 0.591064 0.44165 0.598145 0.417236 0.60498 0.447021 0.58374 0.44165 0.598145 0.444092 0.601074 0.382813 0.588623 0.417236 0.60498 0.384277 0.606445 0.44165 0.598145 0.444092 0.601074 0.442139 0.605713 0.442139 0.605713 0.444092 0.601074 0.50293 0.656006 0.417236 0.60498 0.44165 0.598145 0.425049 0.608398 0.425049 0.608398 0.44165 0.598145 0.442139 0.605713 0.384277 0.606445 0.417236 0.60498 0.409912 0.61499 0.409912 0.61499 0.417236 0.60498 0.425049 0.608398 0.384277 0.606445 0.409912 0.61499 0.387939 0.614258 0.409912 0.61499 0.425049 0.608398 0.442139 0.605713 0.387939 0.614258 0.409912 0.61499 0.392822 0.621094 0.442139 0.605713 0.50293 0.656006 0.437988 0.619385 0.392822 0.621094 0.409912 0.61499 0.410156 0.618164 0.410156 0.618164 0.409912 0.61499 0.442139 0.605713 0.392822 0.621094 0.410156 0.618164 0.40332 0.634033 0.392822 0.621094 0.40332 0.634033 0.384521 0.632324 0.384521 0.632324 0.40332 0.634033 0.388184 0.635986 0.40332 0.634033 0.410156 0.618164 0.415527 0.622559 0.40332 0.634033 0.415527 0.622559 0.424072 0.624268 0.410156 0.618164 0.442139 0.605713 0.43042 0.615234 0.410156 0.618164 0.43042 0.615234 0.415527 0.622559 0.415527 0.622559 0.43042 0.615234 0.424072 0.624268 0.442139 0.605713 0.43042 0.615234 0.437988 0.619385 0.424072 0.624268 0.43042 0.615234 0.427734 0.623535 0.427734 0.623535 0.43042 0.615234 0.437988 0.619385 0.427734 0.623535 0.437988 0.619385 0.448242 0.631592 0.718262 0.013916 0.688965 0.013916 0.709473 0.003174 0.0625 0.954346 0.091064 0.956543 0.077637 0.967041 0.077637 0.967041 0.091064 0.956543 0.083008 0.979492 0.083008 0.979492 0.091064 0.956543 0.088867 0.989014 0.088867 0.989014 0.091064 0.956543 0.117188 0.987793 0.117188 0.987793 0.091064 0.956543 0.138428 0.957275 0.034912 0.153076 0.041748 0.170166 0.040039 0.188721 0.034912 0.153076 0.040039 0.188721 0.007324 0.187988 0.679443 0.841309 0.622314 0.854736 0.617676 0.837646 0.617676 0.837646 0.622314 0.854736 0.612305 0.858398 0.617676 0.837646 0.612305 0.858398 0.593506 0.856689 0.617676 0.837646 0.593506 0.856689 0.595703 0.828369 0.612305 0.858398 0.593506 0.856689 0.587158 0.861816 0.593506 0.856689 0.587158 0.861816 0.595703 0.828369 0.587158 0.861816 0.612305 0.858398 0.61377 0.864014 0.617676 0.837646 0.595703 0.828369 0.597168 0.80249 0.595703 0.828369 0.597168 0.80249 0.587158 0.861816 0.617676 0.837646 0.597168 0.80249 0.604492 0.799561 0.587158 0.861816 0.597168 0.80249 0.591797 0.799805 0.591797 0.799805 0.587158 0.861816 0.564453 0.816406 0.570801 0.722656 0.555664 0.723145 0.532715 0.721191 0.570801 0.722656 0.532715 0.721191 0.674561 0.716064 0.84668 0.97876 0.842285 0.955566 0.848389 0.97583 0.84668 0.97876 0.848389 0.97583 0.921143 0.980713 0.806885 0.62915 0.783691 0.697021 0.781738 0.696045 0.806885 0.62915 0.781738 0.696045 0.779297 0.69751 0.779297 0.69751 0.781738 0.696045 0.794678 0.724854 0.779297 0.69751 0.794678 0.724854 0.720947 0.741211 0.096924 0.808594 0.095703 0.793701 0.100098 0.809326 0.096924 0.808594 0.100098 0.809326 0.072266 0.842285 0.072266 0.842285 0.100098 0.809326 0.103027 0.808594 0.072266 0.842285 0.103027 0.808594 0.05957 0.86377 0.05957 0.86377 0.103027 0.808594 0.159668 0.862793 0.953857 0.464355 0.940186 0.458252 0.942627 0.457031 0.940186 0.458252 0.953857 0.464355 0.935059 0.506104 0.940186 0.458252 0.935059 0.506104 0.914551 0.498779 0.940186 0.458252 0.942627 0.457031 0.938477 0.452881 0.942627 0.457031 0.938477 0.452881 0.943848 0.415771 0.943848 0.415771 0.938477 0.452881 0.939209 0.437012 0.940186 0.458252 0.938477 0.452881 0.932129 0.455811 0.938477 0.452881 0.932129 0.455811 0.939209 0.437012 0.940186 0.458252 0.914551 0.498779 0.92749 0.473877 0.940186 0.458252 0.92749 0.473877 0.932129 0.455811 0.92749 0.473877 0.914551 0.498779 0.909668 0.490723 0.92749 0.473877 0.909668 0.490723 0.921631 0.463867 0.92749 0.473877 0.921631 0.463867 0.932129 0.455811 0.921631 0.463867 0.909668 0.490723 0.895508 0.480713 0.939209 0.437012 0.932129 0.455811 0.89917 0.449951 0.89917 0.449951 0.932129 0.455811 0.921631 0.463867 0.89917 0.449951 0.921631 0.463867 0.895508 0.480713 0.939209 0.437012 0.89917 0.449951 0.904541 0.428467 0.904541 0.428467 0.89917 0.449951 0.882813 0.436279 0.882813 0.436279 0.89917 0.449951 0.876709 0.441895 0.834717 0.144287 0.753662 0.144287 0.753662 0.136475 0.753662 0.144287 0.834717 0.144287 0.754883 0.157959 0.834717 0.144287 0.753662 0.136475 0.836182 0.138184 0.754883 0.157959 0.834717 0.144287 0.837402 0.155029 0.836182 0.138184 0.753662 0.136475 0.753906 0.128662 0.836182 0.138184 0.753906 0.128662 0.834717 0.131592 0.834717 0.131592 0.753906 0.128662 0.803467 0.12085 0.754883 0.157959 0.837402 0.155029 0.822266 0.209473 0.822266 0.209473 0.837402 0.155029 0.842529 0.1604 0.822266 0.209473 0.842529 0.1604 0.842285 0.237305 0.18042 0.591309 0.195557 0.624512 0.187744 0.672363 0.18042 0.591309 0.187744 0.672363 0.167725 0.671631 0.195557 0.624512 0.18042 0.591309 0.199951 0.593018 0.195557 0.624512 0.199951 0.593018 0.203857 0.59375 0.203857 0.59375 0.199951 0.593018 0.208008 0.591797 0.199951 0.593018 0.18042 0.591309 0.18335 0.588867 0.18335 0.588867 0.18042 0.591309 0.1604 0.551758 0.1604 0.551758 0.18042 0.591309 0.178467 0.591064 0.805176 0.279297 0.802734 0.279541 0.791992 0.195068 0.791992 0.195068 0.802734 0.279541 0.789795 0.195557 0.789795 0.195557 0.802734 0.279541 0.763672 0.234619 0.789795 0.195557 0.763672 0.234619 0.690918 0.20166 0.704346 0.274902 0.620361 0.232422 0.702393 0.228516 0.704346 0.274902 0.702393 0.228516 0.707031 0.275879 0.704346 0.274902 0.707031 0.275879 0.751953 0.333496 0.810547 0.596924 0.841064 0.518311 0.81665 0.593506 0.81665 0.593506 0.841064 0.518311 0.822021 0.59082 0.810547 0.596924 0.81665 0.593506 0.823486 0.603516 0.823486 0.603516 0.81665 0.593506 0.822021 0.59082 0.823486 0.603516 0.822021 0.59082 0.838379 0.608643 0.810547 0.596924 0.823486 0.603516 0.766602 0.603271 0.823486 0.603516 0.838379 0.608643 0.837646 0.611572 0.766602 0.603271 0.823486 0.603516 0.823242 0.607666 0.766602 0.603271 0.823242 0.607666 0.829346 0.627197 0.823486 0.603516 0.837646 0.611572 0.831055 0.625244 0.823486 0.603516 0.831055 0.625244 0.823242 0.607666 0.823242 0.607666 0.831055 0.625244 0.829346 0.627197 0.831055 0.625244 0.837646 0.611572 0.841553 0.630371 0.829346 0.627197 0.831055 0.625244 0.832275 0.630859 0.832275 0.630859 0.831055 0.625244 0.841553 0.630371 0.346924 0.825684 0.270508 0.802002 0.27417 0.799561 0.27417 0.799561 0.270508 0.802002 0.273926 0.77832 0.273926 0.77832 0.270508 0.802002 0.264893 0.810059 0.273926 0.77832 0.264893 0.810059 0.262207 0.808594 0.262207 0.808594 0.264893 0.810059 0.214355 0.835693 0.273926 0.77832 0.262207 0.808594 0.27124 0.773193 0.27124 0.773193 0.262207 0.808594 0.259766 0.762939 0.259766 0.762939 0.262207 0.808594 0.253418 0.787842 0.94751 0.61792 0.97998 0.635498 0.943115 0.636475 0.97998 0.635498 0.94751 0.61792 0.974609 0.614502 0.94751 0.61792 0.943115 0.636475 0.943604 0.630127 0.974609 0.614502 0.94751 0.61792 0.96582 0.609375 0.974609 0.614502 0.96582 0.609375 0.978027 0.604736 0.94751 0.61792 0.943604 0.630127 0.945313 0.608154 0.94751 0.61792 0.945313 0.608154 0.96582 0.609375 0.945313 0.608154 0.943604 0.630127 0.934082 0.578125 0.978027 0.604736 0.96582 0.609375 0.972656 0.586182 0.96582 0.609375 0.945313 0.608154 0.94873 0.598633 0.96582 0.609375 0.94873 0.598633 0.972656 0.586182 0.945313 0.608154 0.934082 0.578125 0.947021 0.58374 0.947021 0.58374 0.945313 0.608154 0.94873 0.598633 0.94873 0.598633 0.947021 0.58374 0.972656 0.586182 0.947021 0.58374 0.934082 0.578125 0.952148 0.572021 0.972656 0.586182 0.947021 0.58374 0.969727 0.574463 0.969727 0.574463 0.947021 0.58374 0.952148 0.572021 0.972656 0.586182 0.969727 0.574463 0.989502 0.562012 0.969727 0.574463 0.952148 0.572021 0.974121 0.55835 0.606689 0.134766 0.614258 0.142334 0.604004 0.137451 0.604004 0.137451 0.614258 0.142334 0.594727 0.163818 0.606689 0.134766 0.604004 0.137451 0.567871 0.148682 0.604004 0.137451 0.594727 0.163818 0.584717 0.147461 0.604004 0.137451 0.584717 0.147461 0.567871 0.148682 0.594727 0.163818 0.584717 0.147461 0.584473 0.157471 0.584473 0.157471 0.594727 0.163818 0.586182 0.160156 0.586182 0.160156 0.594727 0.163818 0.590576 0.16626 0.606689 0.134766 0.567871 0.148682 0.576416 0.129639 0.606689 0.134766 0.576416 0.129639 0.608398 0.121826 0.576416 0.129639 0.567871 0.148682 0.49707 0.126465 0.608398 0.121826 0.576416 0.129639 0.565674 0.124756 0.565674 0.124756 0.576416 0.129639 0.49707 0.126465 0.090576 0.369873 0.095703 0.374023 0.090576 0.381592 0.090576 0.381592 0.095703 0.374023 0.124023 0.366943 0.090576 0.369873 0.090576 0.381592 0.075684 0.37207 0.075684 0.37207 0.090576 0.381592 0.075684 0.384277 0.127197 0.368896 0.124268 0.36499 0.124023 0.366943 0.124023 0.366943 0.124268 0.36499 0.112061 0.361816 0.112061 0.361816 0.124023 0.366943 0.095703 0.374023 0.09375 0.366455 0.095703 0.374023 0.090576 0.369873 0.095703 0.374023 0.09375 0.366455 0.112061 0.361816 0.090576 0.369873 0.075684 0.37207 0.091553 0.366211 0.090576 0.369873 0.091553 0.366211 0.09375 0.366455 0.091553 0.366211 0.075684 0.37207 0.081543 0.32666 0.112061 0.361816 0.09375 0.366455 0.104736 0.354736 0.104736 0.354736 0.112061 0.361816 0.109131 0.356689 0.104736 0.354736 0.09375 0.366455 0.102783 0.348633 0.102783 0.348633 0.09375 0.366455 0.091553 0.366211 0.091553 0.366211 0.081543 0.32666 0.102783 0.326904 0.091553 0.366211 0.102783 0.326904 0.102783 0.348633 0.102783 0.326904 0.081543 0.32666 0.092041 0.271973 0.102783 0.348633 0.102783 0.326904 0.104248 0.334473 0.800781 0.422607 0.814453 0.42749 0.802246 0.423584 0.802246 0.423584 0.800781 0.422607 0.795898 0.419922 0.814453 0.42749 0.800781 0.422607 0.824951 0.426758 0.814453 0.42749 0.824951 0.426758 0.837646 0.467285 0.814453 0.42749 0.837646 0.467285 0.820313 0.512207 0.824951 0.426758 0.800781 0.422607 0.846191 0.427979 0.824951 0.426758 0.846191 0.427979 0.837646 0.467285 0.837646 0.467285 0.846191 0.427979 0.857178 0.480469 0.800781 0.422607 0.846191 0.427979 0.847168 0.425049 0.846191 0.427979 0.847168 0.425049 0.876465 0.393555 0.667725 0.141846 0.65918 0.098145 0.679932 0.134033 0.65918 0.098145 0.667725 0.141846 0.623535 0.11084 0.623535 0.11084 0.667725 0.141846 0.618896 0.158691 0.679932 0.134033 0.65918 0.098145 0.660889 0.09668 0.679932 0.134033 0.660889 0.09668 0.70459 0.160889 0.70459 0.160889 0.660889 0.09668 0.706543 0.155273 0.706543 0.155273 0.660889 0.09668 0.665771 0.094238 0.70459 0.160889 0.706543 0.155273 0.712891 0.154785 0.706543 0.155273 0.665771 0.094238 0.670654 0.092773 0.706543 0.155273 0.670654 0.092773 0.712891 0.154785 0.712891 0.154785 0.670654 0.092773 0.729736 0.143799 0.729736 0.143799 0.670654 0.092773 0.706299 0.112061 0.706299 0.112061 0.670654 0.092773 0.68335 0.080811 0.729736 0.143799 0.706299 0.112061 0.731934 0.142334 0.706299 0.112061 0.68335 0.080811 0.685303 0.079346 0.706299 0.112061 0.685303 0.079346 0.731934 0.142334 0.731934 0.142334 0.685303 0.079346 0.732178 0.085205 0.251709 0.011719 0.224609 0.043945 0.199219 0.008301 0.224609 0.043945 0.251709 0.011719 0.26001 0.023438 0.224609 0.043945 0.26001 0.023438 0.227051 0.047607 0.03833 0.924072 0.011719 0.893066 0.041748 0.92041 0.011719 0.893066 0.03833 0.924072 0.025146 0.950928 0.025146 0.950928 0.03833 0.924072 0.03833 0.932129 0.03833 0.932129 0.03833 0.924072 0.041748 0.92041 0.025146 0.950928 0.03833 0.932129 0.033203 0.944824 0.033203 0.944824 0.03833 0.932129 0.041748 0.932617 0.041748 0.932617 0.03833 0.932129 0.041748 0.92041 0.033203 0.944824 0.041748 0.932617 0.032715 0.951904 0.041748 0.932617 0.041748 0.92041 0.043213 0.920166 0.041748 0.932617 0.043213 0.920166 0.055908 0.937256 0.041748 0.92041 0.043213 0.920166 0.062988 0.912354 0.059326 0.756348 0.059326 0.679932 0.061035 0.74707 0.452637 0.826904 0.557617 0.826904 0.452637 0.834473 0.914551 0.781738 0.88916 0.704102 0.945801 0.75 0.730957 0.822754 0.748047 0.88916 0.65918 0.85791 0.748047 0.88916 0.730957 0.822754 0.747314 0.817871 0.553711 0.013184 0.525879 0.01416 0.534912 0 0.534912 0 0.525879 0.01416 0.511719 0.006348 0.75 0.976563 0.773682 0.962646 0.798828 0.95459 0.773682 0.962646 0.75 0.976563 0.746582 0.976563 0.75 0.976563 0.746582 0.976563 0.737305 0.983643 0.773682 0.962646 0.746582 0.976563 0.749756 0.955566 0.749756 0.955566 0.746582 0.976563 0.716553 0.966553 0.895264 0.018311 0.942627 0.056396 0.910889 0.050293 0.910889 0.050293 0.942627 0.056396 0.943359 0.057373 0.910889 0.050293 0.943359 0.057373 0.950928 0.060303 0.910889 0.050293 0.950928 0.060303 0.879639 0.067871 0.510254 0.013672 0.473877 0.010498 0.465332 0.013916 0.879639 0.884766 0.862305 0.901123 0.878418 0.841309 0.862305 0.901123 0.879639 0.884766 0.855713 0.916504 0.879639 0.884766 0.855713 0.916504 0.875732 0.891846 0.855713 0.916504 0.875732 0.891846 0.903809 0.923584 0.862305 0.901123 0.855713 0.916504 0.848389 0.916748 0.862305 0.901123 0.848389 0.916748 0.814697 0.921631 0.814697 0.921631 0.848389 0.916748 0.855713 0.916504 0.3125 0.190674 0.397461 0.137207 0.399902 0.137939 0.397461 0.137207 0.3125 0.190674 0.352783 0.124023 0.352783 0.124023 0.3125 0.190674 0.267578 0.121094 0.3125 0.190674 0.399902 0.137939 0.310791 0.193359 0.3125 0.190674 0.310791 0.193359 0.267578 0.121094 0.267578 0.121094 0.310791 0.193359 0.264648 0.12207 0.264648 0.12207 0.310791 0.193359 0.251221 0.132813 0.251221 0.132813 0.310791 0.193359 0.300781 0.202393 0.845215 0.133301 0.876221 0.179199 0.83374 0.117676 0.845215 0.133301 0.83374 0.117676 0.85376 0.09082 0.85376 0.09082 0.83374 0.117676 0.849609 0.084473 0.849609 0.084473 0.83374 0.117676 0.759521 0.112793 0.501709 0.818604 0.395264 0.818604 0.405029 0.81543 0.617676 0.096191 0.5625 0.08667 0.67334 0.081299 0.67334 0.081299 0.5625 0.08667 0.57666 0.083252 0.441406 0.909424 0.349365 0.909424 0.440186 0.908203 0.069336 0.730225 0.069336 0.798096 0.067383 0.721436 0.069336 0.730225 0.067383 0.721436 0.069336 0.72168 0.589111 0.991455 0.655029 0.991455 0.587891 0.992676 0.704102 0.803467 0.806152 0.814453 0.808105 0.817383 0.806152 0.814453 0.704102 0.803467 0.807861 0.799316 0.704102 0.803467 0.808105 0.817383 0.776367 0.818359 0.001953 0.761963 0.001953 0.795898 0 0.810303 0.187988 0.033691 0.186768 0.035889 0.185059 0.034668 0.20166 0.022949 0.187988 0.033691 0.188721 0.031982 0.188721 0.031982 0.187988 0.033691 0.180176 0.017334 0.180176 0.017334 0.187988 0.033691 0.185059 0.034668 0.186768 0.035889 0.187988 0.033691 0.201172 0.037109 0.186768 0.035889 0.201172 0.037109 0.211914 0.045898 0.186768 0.035889 0.211914 0.045898 0.199463 0.04834 0.186768 0.035889 0.199463 0.04834 0.187988 0.049805 0.186768 0.035889 0.187988 0.049805 0.182861 0.042969 0.186768 0.035889 0.182861 0.042969 0.185059 0.034668 0.185059 0.034668 0.182861 0.042969 0.178223 0.050049 0.180176 0.017334 0.185059 0.034668 0.182617 0.032959 0.180176 0.017334 0.182617 0.032959 0.178223 0.016357 0.185059 0.034668 0.178223 0.050049 0.179932 0.041504 0.178223 0.016357 0.182617 0.032959 0.179932 0.033936 0.179932 0.033936 0.182617 0.032959 0.185059 0.034668 0.179932 0.033936 0.185059 0.034668 0.179932 0.041504 0.178223 0.016357 0.179932 0.033936 0.175293 0.015625 0.175293 0.015625 0.179932 0.033936 0.168945 0.013184 0.179932 0.033936 0.179932 0.041504 0.169922 0.050049 0.169922 0.050049 0.179932 0.041504 0.178223 0.050049 0.169922 0.050049 0.178223 0.050049 0.169678 0.051514 0.179932 0.033936 0.169922 0.050049 0.155518 0.050049 0.169922 0.050049 0.155518 0.050049 0.164795 0.054688 0.250977 0.532227 0.250977 0.442383 0.255127 0.393799 0.299316 0.368652 0.306885 0.38208 0.302002 0.517822 0.317871 0.478027 0.317871 0.617432 0.314697 0.630615 0.806885 0.442383 0.806885 0.583984 0.744141 0.535156 0.157471 0.257324 0.157471 0.163574 0.160889 0.141357 0.572998 0.559082 0.65918 0.571289 0.571777 0.562256 0.572998 0.559082 0.571777 0.562256 0.527832 0.541992 0.527832 0.541992 0.571777 0.562256 0.569336 0.563721 0.527832 0.541992 0.569336 0.563721 0.525879 0.548584 0.525879 0.548584 0.569336 0.563721 0.528564 0.559814 0.527832 0.541992 0.525879 0.548584 0.452148 0.579834 0.525879 0.548584 0.528564 0.559814 0.510986 0.564453 0.525879 0.548584 0.510986 0.564453 0.452148 0.579834 0.879639 0.819336 0.880859 0.732422 0.891602 0.805176 0.891602 0.805176 0.880859 0.732422 0.893066 0.738037 0.891602 0.805176 0.893066 0.738037 0.905029 0.773193 0.034424 0.859863 0.000244 0.815674 0.036865 0.854248 0.000244 0.815674 0.034424 0.859863 0.001221 0.849365 0.036865 0.854248 0.000244 0.815674 0.01416 0.815186 0.036865 0.854248 0.01416 0.815186 0.038818 0.852783 0.038818 0.852783 0.01416 0.815186 0.044678 0.844971 0.044678 0.844971 0.01416 0.815186 0.036865 0.823975 0.036865 0.823975 0.01416 0.815186 0.017578 0.810791 0.036865 0.823975 0.017578 0.810791 0.040527 0.812256 0.035889 0.430664 0.071045 0.417236 0.027832 0.457031 0.027832 0.457031 0.071045 0.417236 0.053467 0.438477 0.90332 0.645752 0.893799 0.656982 0.887451 0.621826 0.90332 0.645752 0.887451 0.621826 0.899414 0.619873 0.90332 0.645752 0.899414 0.619873 0.920166 0.620605 0.90332 0.645752 0.920166 0.620605 0.925049 0.620117 0.925049 0.620117 0.920166 0.620605 0.932373 0.604492 0.932373 0.604492 0.920166 0.620605 0.927979 0.585693 0.927979 0.585693 0.920166 0.620605 0.899414 0.619873 0.927979 0.585693 0.899414 0.619873 0.901367 0.588867 0.901367 0.588867 0.899414 0.619873 0.887451 0.621826 0.927979 0.585693 0.901367 0.588867 0.928711 0.578613 0.901367 0.588867 0.887451 0.621826 0.89209 0.600098 0.89209 0.600098 0.887451 0.621826 0.860596 0.589355 0.901367 0.588867 0.89209 0.600098 0.892334 0.565674 0.892334 0.565674 0.89209 0.600098 0.860596 0.589355 0.892334 0.565674 0.860596 0.589355 0.879395 0.561279 0.725586 0.010742 0.721924 0.007568 0.749756 0.007813 0.955811 0.126709 0.918457 0.131592 0.917969 0.114746 0.955811 0.126709 0.917969 0.114746 0.92749 0.087646 0.92749 0.087646 0.917969 0.114746 0.88916 0.075439 0.740234 0.89624 0.737549 0.926025 0.732178 0.892334 0.732178 0.892334 0.737549 0.926025 0.730957 0.93457 0.730957 0.93457 0.737549 0.926025 0.763672 0.921631 0.763672 0.921631 0.737549 0.926025 0.740234 0.89624 0.730957 0.93457 0.763672 0.921631 0.735596 0.943359 0.735596 0.943359 0.763672 0.921631 0.779053 0.938721 0.779053 0.938721 0.763672 0.921631 0.796143 0.919189 0.796143 0.919189 0.763672 0.921631 0.740234 0.89624 0.796143 0.919189 0.740234 0.89624 0.784912 0.888184 0.796143 0.919189 0.784912 0.888184 0.789551 0.883545 0.796143 0.919189 0.789551 0.883545 0.816895 0.942383 0.266846 0.064209 0.283691 0.052979 0.315186 0.067383 0.283691 0.052979 0.266846 0.064209 0.243896 0.067871 0.88916 0.677246 0.923096 0.635986 0.889893 0.693359 0.889893 0.693359 0.923096 0.635986 0.916504 0.700195 0.916504 0.700195 0.923096 0.635986 0.960693 0.650391 0.889893 0.693359 0.916504 0.700195 0.918945 0.706543 0.918945 0.706543 0.916504 0.700195 0.960693 0.650391 0.918945 0.706543 0.960693 0.650391 0.951904 0.670898 0.918945 0.706543 0.951904 0.670898 0.934326 0.69873 0.934326 0.69873 0.951904 0.670898 0.961914 0.683838 0.918945 0.706543 0.934326 0.69873 0.927979 0.720215 0.918945 0.706543 0.927979 0.720215 0.915771 0.709473 0.927979 0.720215 0.934326 0.69873 0.937744 0.718262 0.927979 0.720215 0.937744 0.718262 0.927246 0.726074 0.860107 0.532227 0.839111 0.504395 0.883301 0.535889 0.860107 0.532227 0.883301 0.535889 0.890137 0.550781 0.860107 0.532227 0.890137 0.550781 0.857422 0.560791 0.857422 0.560791 0.890137 0.550781 0.890381 0.552979 0.860107 0.532227 0.857422 0.560791 0.839844 0.547363 0.839844 0.547363 0.857422 0.560791 0.838135 0.564453 0.838135 0.564453 0.857422 0.560791 0.841309 0.567383 0.857422 0.560791 0.841309 0.567383 0.846191 0.596191 0.547607 0.789795 0.433105 0.789795 0.480469 0.787598 0.858154 0.212158 0.853271 0.230713 0.859863 0.189941 0.858154 0.212158 0.859863 0.189941 0.865234 0.191162 0.858154 0.212158 0.865234 0.191162 0.869141 0.202393 0.869141 0.202393 0.865234 0.191162 0.904785 0.174561 0.869141 0.202393 0.904785 0.174561 0.913574 0.190674 0.869141 0.202393 0.913574 0.190674 0.858154 0.212158 0.913574 0.190674 0.904785 0.174561 0.904785 0.155518 0.858154 0.212158 0.913574 0.190674 0.914307 0.197266 0.914307 0.197266 0.913574 0.190674 0.924316 0.213135 0.858154 0.212158 0.914307 0.197266 0.878174 0.222168 0.878174 0.222168 0.914307 0.197266 0.924316 0.213135 0.858154 0.212158 0.878174 0.222168 0.890381 0.23999 0.890381 0.23999 0.878174 0.222168 0.924316 0.213135 0.268799 0.589111 0.240967 0.602295 0.234619 0.574219 0.234619 0.574219 0.240967 0.602295 0.216797 0.587891 0.240967 0.602295 0.268799 0.589111 0.253906 0.614746 0.240967 0.602295 0.253906 0.614746 0.230713 0.620117 0.240967 0.602295 0.230713 0.620117 0.219482 0.611328 0.230713 0.620117 0.253906 0.614746 0.255127 0.619873 0.230713 0.620117 0.255127 0.619873 0.259033 0.627686 0.255127 0.619873 0.259033 0.627686 0.260254 0.614014 0.230713 0.620117 0.259033 0.627686 0.26416 0.654785 0.230713 0.620117 0.26416 0.654785 0.223389 0.668213 0.223389 0.668213 0.26416 0.654785 0.254639 0.704834 0.254639 0.704834 0.26416 0.654785 0.262451 0.677246 0.254639 0.704834 0.262451 0.677246 0.263428 0.698486 0.868408 0.341553 0.876953 0.336914 0.859131 0.356445 0.876953 0.336914 0.868408 0.341553 0.894531 0.310547 0.889404 0.294678 0.892822 0.295654 0.894531 0.310547 0.889404 0.294678 0.894531 0.310547 0.880371 0.293701 0.894531 0.310547 0.868408 0.341553 0.863525 0.307617 0.894531 0.310547 0.863525 0.307617 0.880371 0.293701 0.863525 0.307617 0.868408 0.341553 0.860596 0.330078 0.863525 0.307617 0.860596 0.330078 0.858887 0.328369 0.880371 0.293701 0.863525 0.307617 0.859619 0.306396 0.859619 0.306396 0.880371 0.293701 0.885498 0.281494 0.885498 0.281494 0.859619 0.306396 0.856201 0.298828 0.856201 0.298828 0.859619 0.306396 0.836914 0.302246 0.856201 0.298828 0.836914 0.302246 0.828369 0.291016 0.828369 0.291016 0.836914 0.302246 0.833252 0.30249 0.856201 0.298828 0.828369 0.291016 0.841309 0.279053 0.841309 0.279053 0.828369 0.291016 0.804443 0.284912 0.885498 0.281494 0.856201 0.298828 0.868164 0.264648 0.868164 0.264648 0.856201 0.298828 0.841309 0.279053 0.868164 0.264648 0.841309 0.279053 0.853516 0.244385 0.885498 0.281494 0.868164 0.264648 0.878418 0.261475 0.878418 0.261475 0.868164 0.264648 0.87915 0.23877 0.116699 0.030518 0.138672 0.024902 0.166992 0.029785 0.166992 0.029785 0.138672 0.024902 0.164551 0.024414 0.138672 0.024902 0.164551 0.024414 0.166016 0.020996 0.166016 0.020996 0.138672 0.024902 0.139893 0.022705 0.166016 0.020996 0.139893 0.022705 0.140381 0.018311 0.679688 0.023926 0.625977 0.019287 0.686279 0.018555 0.781006 0.994385 0.803711 0.990967 0.802979 0.994385 0.803711 0.990967 0.781006 0.994385 0.781006 0.990967 0.781006 0.994385 0.802979 0.994385 0.785889 0.999023 0.717529 0.973145 0.724121 0.979492 0.720703 0.980469 0.717529 0.973145 0.720703 0.980469 0.643311 0.977051 0.643311 0.977051 0.720703 0.980469 0.699463 0.985596 0.937988 0.255615 0.946289 0.29541 0.930664 0.241943 0.937988 0.255615 0.930664 0.241943 0.946777 0.220215 0.930664 0.241943 0.946289 0.29541 0.917236 0.289307 0.917236 0.289307 0.946289 0.29541 0.921875 0.300537 0.921875 0.300537 0.917236 0.289307 0.919922 0.302246 0.930664 0.241943 0.917236 0.289307 0.911377 0.261963 0.930664 0.241943 0.911377 0.261963 0.901123 0.24292 0.917236 0.289307 0.911377 0.261963 0.915039 0.289063 0.911377 0.261963 0.901123 0.24292 0.906982 0.257813 0.906982 0.257813 0.911377 0.261963 0.915039 0.289063 0.906982 0.257813 0.901123 0.24292 0.898682 0.249756 0.906982 0.257813 0.915039 0.289063 0.893555 0.287842 0.906982 0.257813 0.898682 0.249756 0.887207 0.244873 0.906982 0.257813 0.893555 0.287842 0.885986 0.255859 0.906982 0.257813 0.885986 0.255859 0.887207 0.244873 0.84668 0.901367 0.854492 0.856445 0.86377 0.81543 0.854492 0.856445 0.84668 0.901367 0.852051 0.844971 0.854492 0.856445 0.852051 0.844971 0.86377 0.81543 0.86377 0.81543 0.852051 0.844971 0.843262 0.808838 0.874512 0.999756 0.859375 0.999756 0.860107 0.998535 0.041748 0.391602 0.053711 0.411133 0.039063 0.40918 0.053711 0.411133 0.041748 0.391602 0.069824 0.39917 0.035889 0.349854 0.056396 0.349121 0.041748 0.391602 0.041748 0.391602 0.056396 0.349121 0.063477 0.367676 0.041748 0.391602 0.063477 0.367676 0.069824 0.39917 0.069824 0.39917 0.063477 0.367676 0.073242 0.395996 0.073242 0.395996 0.063477 0.367676 0.065918 0.366699 0.069824 0.39917 0.073242 0.395996 0.098633 0.414795 0.073242 0.395996 0.098633 0.414795 0.076172 0.394043 0.098633 0.414795 0.076172 0.394043 0.105957 0.406738 0 0 0 0 0 0 0.929199 0.215576 0.930176 0.193359 0.958008 0.202881 0.958008 0.202881 0.930176 0.193359 0.947754 0.184326 0.947754 0.184326 0.930176 0.193359 0.934814 0.188965 0.934814 0.188965 0.930176 0.193359 0.924316 0.163086 0.934814 0.188965 0.924316 0.163086 0.947754 0.184326 0.947754 0.184326 0.951416 0.18335 0.950195 0.155518 0.950195 0.155518 0.947754 0.184326 0.945557 0.156006 0.945557 0.156006 0.947754 0.184326 0.924316 0.163086 0.945557 0.156006 0.924316 0.163086 0.927002 0.15918 0.927002 0.15918 0.924316 0.163086 0.925781 0.157227 0.925781 0.157227 0.924316 0.163086 0.905518 0.139404 0.924316 0.163086 0.905518 0.139404 0.922852 0.163574 0.893311 0.996338 0.878662 0.999268 0.880371 0.997559 0.878662 0.999268 0.893311 0.996338 0.893799 0.999756 0.958984 0.818359 0.990723 0.814453 0.988037 0.809814 0.958984 0.818359 0.988037 0.809814 0.957764 0.804443 0.990723 0.814453 0.958984 0.818359 0.957275 0.821533 0.914795 0.01001 0.917725 0.001221 0.925049 0.007568 0.032959 0.020264 0.035156 0.023438 0.069092 0.026367 0.069092 0.026367 0.032959 0.020264 0.035889 0.003174 0.951904 0.021973 0.988281 0.036377 0.989502 0.018555 0.989502 0.018555 0.951904 0.021973 0.928955 0.018555 0.928955 0.018555 0.951904 0.021973 0.988281 0.036377 0.30835 0.980713 0.30835 0.929199 0.385498 0.973145 0.941895 0.336182 0.926514 0.423584 0.864502 0.361084 0.864502 0.361084 0.926514 0.423584 0.862305 0.362793 0.540527 0.923828 0.540771 0.910156 0.629639 0.911621 0.540771 0.910156 0.540527 0.923828 0.537842 0.923828 0.075928 0.328369 0.075928 0.226563 0.079102 0.226318 0.677002 0.790039 0.803955 0.782715 0.803955 0.790039 0.803955 0.782715 0.677002 0.790039 0.806885 0.780273 0.599854 0.066895 0.598633 0.062012 0.661133 0.066406 0.661133 0.066406 0.598633 0.062012 0.612549 0.055176 0.598633 0.062012 0.612549 0.055176 0.610352 0.054932 0.599854 0.066895 0.598633 0.062012 0.595703 0.060791 0.595703 0.060791 0.599854 0.066895 0.595215 0.067871 0.595703 0.060791 0.595215 0.067871 0.592041 0.063721 0.592041 0.063721 0.595215 0.067871 0.592529 0.067627 0.0896 0.074463 0.175049 0.075684 0.133545 0.11084 0.0896 0.074463 0.133545 0.11084 0.119385 0.177979 0.119385 0.177979 0.133545 0.11084 0.148682 0.136475 0.0896 0.074463 0.119385 0.177979 0.087158 0.077393 0.040527 0.780273 0.039307 0.78418 0.031006 0.779297 0.039307 0.78418 0.040527 0.780273 0.055664 0.782959 0.039307 0.78418 0.055664 0.782959 0.052002 0.836426 0.072754 0.888672 0.074219 0.890869 0.066895 0.900635 0.074219 0.890869 0.072754 0.888672 0.108643 0.893799 0.108643 0.893799 0.072754 0.888672 0.059326 0.881592 0.108643 0.893799 0.059326 0.881592 0.121582 0.883301 0.121582 0.883301 0.059326 0.881592 0.0625 0.878174 0.121582 0.883301 0.0625 0.878174 0.150146 0.881104 0.150146 0.881104 0.0625 0.878174 0.062256 0.868408 0.150146 0.881104 0.062256 0.868408 0.151123 0.872314 0.151123 0.872314 0.062256 0.868408 0.1521 0.869873 0.054932 0.554932 0.052979 0.619141 0.053467 0.583984 0.054932 0.554932 0.053467 0.583984 0.051514 0.553223 0.051514 0.553223 0.053467 0.583984 0.046143 0.571045 0.060059 0.649902 0.033203 0.649414 0.047363 0.620361 0.047363 0.620361 0.033203 0.649414 0.043213 0.618896 0.043213 0.618896 0.033203 0.649414 0.024658 0.648193 0.047363 0.620361 0.043213 0.618896 0.048584 0.594971 0.043213 0.618896 0.024658 0.648193 0.03833 0.612549 0.048584 0.594971 0.043213 0.618896 0.04541 0.592773 0.04541 0.592773 0.043213 0.618896 0.03833 0.612549 0.751465 0.990967 0.773682 0.990967 0.776123 0.99292 0.210449 0.19751 0.170898 0.185791 0.188965 0.183838 0.170898 0.185791 0.210449 0.19751 0.16333 0.206299 0.210449 0.19751 0.188965 0.183838 0.197021 0.160645 0.210449 0.19751 0.197021 0.160645 0.226318 0.176758 0.197021 0.160645 0.226318 0.176758 0.236572 0.178711 0.16333 0.206299 0.210449 0.19751 0.19165 0.224365 0.16333 0.206299 0.19165 0.224365 0.175781 0.223633 0.210449 0.19751 0.226318 0.176758 0.221191 0.199707 0.221191 0.199707 0.226318 0.176758 0.236572 0.178711 0.221191 0.199707 0.236572 0.178711 0.225342 0.200684 0.225342 0.200684 0.236572 0.178711 0.26416 0.162354 0.221191 0.199707 0.225342 0.200684 0.219482 0.2229 0.210449 0.19751 0.221191 0.199707 0.211426 0.221436 0.211426 0.221436 0.221191 0.199707 0.219482 0.2229 0.210449 0.19751 0.211426 0.221436 0.19165 0.224365 0.219482 0.2229 0.211426 0.221436 0.19165 0.226807 0.211426 0.221436 0.19165 0.226807 0.19165 0.224365 0.19165 0.226807 0.219482 0.2229 0.196777 0.242188 0.175781 0.223633 0.172363 0.226807 0.19165 0.224365 0.175781 0.223633 0.172363 0.226807 0.167969 0.227051 0.172363 0.226807 0.19165 0.224365 0.171631 0.245605 0.19165 0.224365 0.171631 0.245605 0.183594 0.248047 0.039307 0.504639 0.049805 0.517578 0.040771 0.522461 0.064697 0.509766 0.062256 0.5354 0.049805 0.517578 0.040771 0.522461 0.049805 0.517578 0.054199 0.538086 0.054199 0.538086 0.049805 0.517578 0.062256 0.5354 0.054199 0.538086 0.062256 0.5354 0.079102 0.544434 0.079102 0.544434 0.062256 0.5354 0.079102 0.537598 0.054199 0.538086 0.079102 0.544434 0.051514 0.543457 0.054199 0.538086 0.051514 0.543457 0.050049 0.540039 0.054199 0.538086 0.050049 0.540039 0.040771 0.522461 0.050049 0.540039 0.051514 0.543457 0.024902 0.570557 0.050049 0.540039 0.024902 0.570557 0.039795 0.537842 0.050049 0.540039 0.039795 0.537842 0.037354 0.52417 0.050049 0.540039 0.037354 0.52417 0.040771 0.522461 0.040771 0.522461 0.037354 0.52417 0.026367 0.506592 0.791016 0.022949 0.816406 0.018555 0.75 0.02124 0.787109 0.002441 0.810059 0.012695 0.787842 0.005615 0.787842 0.005615 0.810059 0.012695 0.783936 0.012695 0.647217 0.057617 0.675781 0.045898 0.678955 0.050537 0.647217 0.057617 0.678955 0.050537 0.715088 0.05957 0.966553 0.513428 0.969971 0.55249 0.963379 0.546387 0.969971 0.55249 0.966553 0.513428 0.987305 0.509277 0.987305 0.509277 0.966553 0.513428 0.976318 0.477051 0.969971 0.55249 0.987305 0.509277 0.983643 0.554443 0.983643 0.554443 0.987305 0.509277 0.987793 0.551758 0.590088 0.923584 0.61499 0.919189 0.681396 0.920654 0.436279 0.118896 0.436035 0.07666 0.532471 0.07666 0.532471 0.07666 0.436035 0.07666 0.486084 0.074219 0.436279 0.118896 0.532471 0.07666 0.540527 0.119629 0.416992 0.923584 0.325928 0.923584 0.37915 0.92041 0.688477 0.295898 0.663086 0.331299 0.66333 0.322754 0.66333 0.322754 0.663086 0.331299 0.60083 0.366699 0.60083 0.366699 0.663086 0.331299 0.602539 0.369873 0.66333 0.322754 0.60083 0.366699 0.64624 0.313477 0.66333 0.322754 0.64624 0.313477 0.674805 0.29126 0.64624 0.313477 0.60083 0.366699 0.587402 0.35376 0.674805 0.29126 0.64624 0.313477 0.644287 0.310791 0.644287 0.310791 0.64624 0.313477 0.587402 0.35376 0.644287 0.310791 0.587402 0.35376 0.584961 0.351318 0.644287 0.310791 0.584961 0.351318 0.603271 0.2854 0.603271 0.2854 0.584961 0.351318 0.529785 0.283447 0.605225 0.372559 0.602539 0.369873 0.663086 0.331299 0.605225 0.372559 0.663086 0.331299 0.664551 0.337158 0.605225 0.372559 0.602539 0.369873 0.606445 0.390381 0.605225 0.372559 0.664551 0.337158 0.670654 0.342773 0.670654 0.342773 0.664551 0.337158 0.710693 0.327637 0.605225 0.372559 0.606445 0.390381 0.606934 0.375977 0.606934 0.375977 0.605225 0.372559 0.670654 0.342773 0.670654 0.342773 0.710693 0.327637 0.674072 0.37085 0.670654 0.342773 0.674072 0.37085 0.606934 0.375977 0.606934 0.375977 0.674072 0.37085 0.613281 0.39209 0.606934 0.375977 0.613281 0.39209 0.606445 0.390381 0.613281 0.39209 0.674072 0.37085 0.614258 0.39502 0.606445 0.390381 0.613281 0.39209 0.609863 0.39624 0.609863 0.39624 0.613281 0.39209 0.614258 0.39502 0.614258 0.39502 0.674072 0.37085 0.698486 0.366699 0.614258 0.39502 0.698486 0.366699 0.710938 0.418945 0.614258 0.39502 0.710938 0.418945 0.598877 0.489502 0.614258 0.39502 0.598877 0.489502 0.598145 0.468994 0.614258 0.39502 0.598145 0.468994 0.609863 0.39624 0.609863 0.39624 0.598145 0.468994 0.599854 0.439697 0.606445 0.390381 0.609863 0.39624 0.599365 0.388916 0.609863 0.39624 0.599854 0.439697 0.604248 0.400146 0.609863 0.39624 0.604248 0.400146 0.599365 0.388916 0.599365 0.388916 0.604248 0.400146 0.602051 0.399658 0.41333 0.994141 0.48877 0.994141 0.488525 0.997803 0.576172 0.763672 0.579102 0.764404 0.593262 0.780518 0.593262 0.780518 0.579102 0.764404 0.637695 0.787354 0.637695 0.787354 0.579102 0.764404 0.577637 0.74707 0.577637 0.74707 0.579102 0.764404 0.576172 0.763672 0.593262 0.780518 0.637695 0.787354 0.606934 0.784668 0.606934 0.784668 0.637695 0.787354 0.69458 0.798584 0.606934 0.784668 0.69458 0.798584 0.608398 0.787842 0.577637 0.74707 0.576172 0.763672 0.56665 0.750732 0.577637 0.74707 0.56665 0.750732 0.575439 0.74585 0.56665 0.750732 0.576172 0.763672 0.568359 0.762695 0.568359 0.762695 0.576172 0.763672 0.567139 0.768066 0.567139 0.768066 0.576172 0.763672 0.593262 0.780518 0.567139 0.768066 0.593262 0.780518 0.589355 0.780762 0.567139 0.768066 0.589355 0.780762 0.572754 0.800049 0.682373 0.784668 0.67627 0.776611 0.681641 0.769531 0.681641 0.769531 0.67627 0.776611 0.670166 0.768311 0.681641 0.769531 0.670166 0.768311 0.669922 0.762451 0.682373 0.784668 0.681641 0.769531 0.728271 0.75 0.681641 0.769531 0.669922 0.762451 0.696533 0.753418 0.681641 0.769531 0.696533 0.753418 0.728271 0.75 0.696533 0.753418 0.669922 0.762451 0.688232 0.748779 0.688232 0.748779 0.669922 0.762451 0.675293 0.735596 0.675293 0.735596 0.688232 0.748779 0.686768 0.74585 0.688232 0.748779 0.696533 0.753418 0.693604 0.750488 0.696533 0.753418 0.693604 0.750488 0.696289 0.751221 0.696289 0.751221 0.696533 0.753418 0.711426 0.749512 0.696533 0.753418 0.711426 0.749512 0.728271 0.75 0.728271 0.75 0.711426 0.749512 0.745117 0.745605 0.728271 0.75 0.745117 0.745605 0.800781 0.736572 0.745117 0.745605 0.711426 0.749512 0.713135 0.74707 0.886719 0.174316 0.870605 0.080078 0.875977 0.077148 0.870605 0.080078 0.886719 0.174316 0.852295 0.131104 0.886719 0.174316 0.875977 0.077148 0.889893 0.173828 0.889893 0.173828 0.875977 0.077148 0.906982 0.111084 0.484131 0.434326 0.39917 0.41333 0.482666 0.427002 0.482666 0.427002 0.39917 0.41333 0.480713 0.424072 0.39917 0.41333 0.484131 0.434326 0.394287 0.419678 0.480713 0.424072 0.39917 0.41333 0.397217 0.407227 0.394287 0.419678 0.484131 0.434326 0.393555 0.426514 0.480713 0.424072 0.397217 0.407227 0.398926 0.389404 0.393555 0.426514 0.484131 0.434326 0.450684 0.434082 0.450684 0.434082 0.484131 0.434326 0.481934 0.436768 0.393555 0.426514 0.450684 0.434082 0.391357 0.439697 0.450684 0.434082 0.481934 0.436768 0.482178 0.460205 0.450684 0.434082 0.482178 0.460205 0.391357 0.439697 0.391357 0.439697 0.482178 0.460205 0.389648 0.443115 0.389648 0.443115 0.482178 0.460205 0.482666 0.464111 0.389648 0.443115 0.482666 0.464111 0.421143 0.482178 0.389648 0.443115 0.421143 0.482178 0.371582 0.526367 0.490967 0.408203 0.480713 0.424072 0.398926 0.389404 0.490967 0.408203 0.398926 0.389404 0.491455 0.406006 0.491455 0.406006 0.398926 0.389404 0.397705 0.386719 0.398926 0.389404 0.397705 0.386719 0.397949 0.387939 0.398926 0.389404 0.397949 0.387939 0.39624 0.398438 0.39624 0.398438 0.398926 0.389404 0.397217 0.407227 0.397949 0.387939 0.39624 0.398438 0.365723 0.33374 0.365723 0.33374 0.39624 0.398438 0.368408 0.362305 0.273438 0.861816 0.26709 0.902588 0.2146 0.843994 0.2146 0.843994 0.26709 0.902588 0.175537 0.9021 0.2146 0.843994 0.175537 0.9021 0.176514 0.810547 0.176514 0.810547 0.175537 0.9021 0.174561 0.902588 0.740967 0.333984 0.694092 0.28418 0.743164 0.333984 0.740967 0.333984 0.743164 0.333984 0.751953 0.464355 0.807129 0.753418 0.836426 0.798828 0.82251 0.778809 0.811768 0.76709 0.811768 0.763428 0.82251 0.778809 0.82251 0.778809 0.811768 0.763428 0.807129 0.753418 0.811768 0.763428 0.807129 0.753418 0.804688 0.754883 0.836426 0.681152 0.807129 0.753418 0.804932 0.742432 0.807129 0.753418 0.804932 0.742432 0.80249 0.744629 0.73291 0.756348 0.80249 0.744629 0.804688 0.754883 0.80249 0.744629 0.807129 0.753418 0.805664 0.753418 0.805664 0.753418 0.80249 0.744629 0.804688 0.754883 0.805664 0.753418 0.804688 0.754883 0.807129 0.753418 0.964111 0.905518 0.905273 0.886475 0.975342 0.825684 0.080811 0.532227 0.080811 0.42334 0.084473 0.465576 0.420898 0.000977 0.465088 0.000488 0.446289 0.040283 0.420898 0.000977 0.446289 0.040283 0.421143 0.036377 0.420898 0.000977 0.421143 0.036377 0.418701 0.000244 0.980469 0.830566 0.979736 0.900879 0.970703 0.900879 0.979736 0.900879 0.980469 0.830566 0.983398 0.869141 0.979736 0.900879 0.983398 0.869141 0.983154 0.903564 0.983154 0.903564 0.983398 0.869141 0.984375 0.90332 0.984375 0.90332 0.983398 0.869141 0.984863 0.866455 0.984375 0.90332 0.984863 0.866455 0.988281 0.903076 0.988281 0.903076 0.984863 0.866455 0.989014 0.828857 0.988281 0.903076 0.989014 0.828857 0.989502 0.902344 0.344482 0.908447 0.253418 0.908447 0.339111 0.906982 0.841553 0.979492 0.759521 0.979492 0.809814 0.963867 0.048096 0.696533 0.053711 0.68457 0.054688 0.684326 0.049805 0.703857 0.054688 0.684326 0.053711 0.736328 0.049805 0.703857 0.054688 0.684326 0.048096 0.696533 0.048096 0.696533 0.049805 0.703857 0.0354 0.709473 0.037842 0.699951 0.0354 0.709473 0.025879 0.700684 0.0354 0.709473 0.037842 0.699951 0.048096 0.696533 0.048096 0.696533 0.037842 0.699951 0.039795 0.697266 0.048096 0.696533 0.039795 0.697266 0.044922 0.690186 0.050537 0.687988 0.053711 0.68457 0.048096 0.696533 0.050537 0.687988 0.048096 0.696533 0.044922 0.690186 0.044922 0.690186 0.050537 0.687988 0.053711 0.68457 0.053711 0.68457 0.044922 0.690186 0.05127 0.682617 0.05127 0.682617 0.044922 0.690186 0.049805 0.677734 0.049805 0.677734 0.044922 0.690186 0.040771 0.684814 0.049805 0.677734 0.040771 0.684814 0.042725 0.679443 0.049805 0.677734 0.042725 0.679443 0.05127 0.675537 0.810303 0.993652 0.830322 0.992676 0.82959 0.995361 0.830322 0.992676 0.810303 0.993652 0.808594 0.991211 0.82959 0.995361 0.810303 0.993652 0.810547 0.996826 0.876465 0.992188 0.859863 0.993652 0.859375 0.991211 0.648682 0.041992 0.68042 0.039551 0.648926 0.045166 0.648682 0.041992 0.648926 0.045166 0.645264 0.042725 0.645264 0.042725 0.648926 0.045166 0.634277 0.054443 0.645264 0.042725 0.634277 0.054443 0.628906 0.043701 0.645264 0.042725 0.628906 0.043701 0.612305 0.035645 0.612305 0.035645 0.628906 0.043701 0.634277 0.054443 0.025146 0.542969 0.02124 0.560791 0.020264 0.55835 0.02124 0.560791 0.025146 0.542969 0.032471 0.537354 0.025146 0.542969 0.020264 0.55835 0.019043 0.553223 0.019043 0.553223 0.025146 0.542969 0.018799 0.550293 0.025146 0.542969 0.018799 0.550293 0.02124 0.53833 0.02124 0.53833 0.018799 0.550293 0.013672 0.548584 0.013672 0.548584 0.018799 0.550293 0.011719 0.556396 0.02124 0.53833 0.013672 0.548584 0.018799 0.535889 0.02124 0.53833 0.018799 0.535889 0.028076 0.523438 0.018799 0.535889 0.013672 0.548584 0.016357 0.535156 0.016357 0.535156 0.013672 0.548584 0.012207 0.537354 0.016357 0.535156 0.012207 0.537354 0.002197 0.528564 0.012207 0.537354 0.013672 0.548584 0.010254 0.546143 0.852295 0.991455 0.834961 0.991699 0.836182 0.995605 0.836182 0.995605 0.852295 0.991455 0.85498 0.994873 0.074463 0.012695 0.073242 0.019775 0.07666 0.014648 0.074463 0.012695 0.073242 0.019775 0.057373 0.009033 0.073242 0.019775 0.07666 0.014648 0.092773 0.020264 0.073242 0.019775 0.092773 0.020264 0.074951 0.02417 0.074951 0.02417 0.092773 0.020264 0.095703 0.021729 0.074951 0.02417 0.095703 0.021729 0.093506 0.023926 0.092773 0.020264 0.07666 0.014648 0.094482 0.01123 0.07666 0.014648 0.094482 0.01123 0.092041 0.007324 0.092041 0.007324 0.07666 0.014648 0.074463 0.012695 0.092041 0.007324 0.074463 0.012695 0.074463 0.010498 0.074463 0.010498 0.074463 0.012695 0.057373 0.009033 0.074463 0.010498 0.057373 0.009033 0.054443 0.006348 0.074463 0.010498 0.054443 0.006348 0.07373 0.007324 0.878174 0.004883 0.87793 0.000244 0.894775 0.000244 0.878174 0.004883 0.894775 0.000244 0.893555 0.004883 0.653809 0.010498 0.648682 0.012451 0.647949 0.009277 0.653809 0.010498 0.647949 0.009277 0.651367 0.005615 0.647949 0.009277 0.651367 0.005615 0.633789 0.001709 0.653809 0.010498 0.651367 0.005615 0.668213 0.000244 0.653809 0.010498 0.668213 0.000244 0.657227 0.012939 0.607666 0.003174 0.625 0.003662 0.608154 0.006836 0.607666 0.003174 0.608154 0.006836 0.605713 0.006836 0.607666 0.003174 0.605713 0.006836 0.60498 0.000977 0.60498 0.000977 0.605713 0.006836 0.601807 0.001221 0.601807 0.001221 0.605713 0.006836 0.599121 0.008057 0.599121 0.008057 0.605713 0.006836 0.600098 0.010742 0.600098 0.010742 0.599121 0.008057 0.591309 0.01416 0.288574 0.375488 0.288574 0.514893 0.277832 0.457275 0.393066 0.878418 0.455078 0.883789 0.360352 0.885254 0.36084 0.065918 0.357666 0.064453 0.428223 0.067383 0.076172 0.419189 0.076172 0.502197 0.073975 0.518066 0.653076 0.026855 0.66748 0.030518 0.608154 0.031006 0.384277 0.076172 0.384277 0.116699 0.280029 0.116211 0.456787 0.20752 0.364014 0.240967 0.319824 0.205322 0.968506 0.743164 0.935059 0.732422 0.982422 0.670654 0.020264 0.428223 0.016357 0.441162 0.016113 0.428467 0.023193 0.431885 0.023438 0.439453 0.016357 0.441162 0.023193 0.431885 0.016357 0.441162 0.020264 0.428223 0.023193 0.431885 0.020264 0.428223 0.033447 0.423584 0.020264 0.428223 0.016113 0.428467 0.007324 0.418945 0.016113 0.428467 0.007324 0.418945 0.012695 0.427002 0.007324 0.418945 0.012695 0.427002 0.009766 0.426025 0.020264 0.428223 0.007324 0.418945 0.022217 0.42334 0.020264 0.428223 0.022217 0.42334 0.033447 0.423584 0.033447 0.423584 0.022217 0.42334 0.04248 0.419434 0.000244 0.470459 0.022217 0.476318 0.022217 0.47998 0.022217 0.476318 0.000244 0.470459 0.001221 0.467285 0.022217 0.476318 0.001221 0.467285 0.023926 0.473145 0.022217 0.476318 0.023926 0.473145 0.032471 0.462646 0.022217 0.47998 0.000244 0.470459 0.020752 0.481201 0.022217 0.47998 0.020752 0.481201 0.029297 0.501953 0.022217 0.47998 0.029297 0.501953 0.031006 0.501221 0.862549 0.007813 0.872314 0.006104 0.855469 0.001465 0.872314 0.006104 0.855469 0.001465 0.873291 0.002197 0.01709 0.027588 0.025391 0.034424 0.03125 0.044678 0.025391 0.034424 0.01709 0.027588 0.019775 0.026123 0.01709 0.027588 0.03125 0.044678 0.007568 0.022461 0.007568 0.022461 0.03125 0.044678 0.003418 0.025391 0.019775 0.026123 0.01709 0.027588 0.02002 0.015137 0.02002 0.015137 0.019775 0.026123 0.029053 0.00293 0.755127 0.006836 0.771973 0.007324 0.755127 0.01001 0.755127 0.01001 0.771973 0.007324 0.773193 0.009766 0.771973 0.007324 0.755127 0.006836 0.772705 0.003174 0.771973 0.007324 0.772705 0.003174 0.773193 0.009766 0.772705 0.003174 0.755127 0.006836 0.754639 0.003418 0.773193 0.009766 0.772705 0.003174 0.780273 0.006348 0.034424 0.604736 0.025635 0.612305 0.027832 0.606689 0.025635 0.612305 0.034424 0.604736 0.020264 0.62085 0.020264 0.62085 0.034424 0.604736 0.020996 0.632813 0.025635 0.612305 0.020264 0.62085 0.019043 0.615967 0.019043 0.615967 0.020264 0.62085 0.003174 0.614746 0.003174 0.614746 0.020264 0.62085 0.015869 0.622559 0.012207 0.164063 0.001465 0.147217 0.017334 0.152588 0.001465 0.147217 0.017334 0.152588 0.031006 0.147461 0.017334 0.152588 0.031006 0.147461 0.012207 0.164063 0.29834 0.733398 0.29248 0.732666 0.288574 0.716064 0.288574 0.716064 0.29248 0.732666 0.275146 0.714355 0.29834 0.733398 0.288574 0.716064 0.293213 0.702637 0.293213 0.702637 0.288574 0.716064 0.275146 0.714355 0.29834 0.733398 0.293213 0.702637 0.306152 0.739258 0.306152 0.739258 0.293213 0.702637 0.305176 0.708496 0.305176 0.708496 0.293213 0.702637 0.300781 0.704346 0.293213 0.702637 0.275146 0.714355 0.286865 0.694824 0.286865 0.694824 0.275146 0.714355 0.281982 0.693359 0.281982 0.693359 0.275146 0.714355 0.261719 0.727295 0.281982 0.693359 0.286865 0.694824 0.2854 0.688477 0.281982 0.693359 0.261719 0.727295 0.276123 0.697021 0.276123 0.697021 0.261719 0.727295 0.259277 0.712891 0.281982 0.693359 0.276123 0.697021 0.275635 0.670898 0.281982 0.693359 0.275635 0.670898 0.2854 0.688477 0.2854 0.688477 0.275635 0.670898 0.273193 0.65625 0.273193 0.65625 0.275635 0.670898 0.270752 0.657959 0.2854 0.688477 0.273193 0.65625 0.274414 0.653564 0.2854 0.688477 0.274414 0.653564 0.287842 0.688477 0.274414 0.653564 0.273193 0.65625 0.268799 0.643066 0.274414 0.653564 0.268799 0.643066 0.271729 0.63623 0.271729 0.63623 0.268799 0.643066 0.266113 0.607178 0.271729 0.63623 0.266113 0.607178 0.269043 0.604736 0.271729 0.63623 0.274414 0.653564 0.273682 0.638184 0.271729 0.63623 0.269043 0.604736 0.270996 0.60498 0.271729 0.63623 0.270996 0.60498 0.273682 0.638184 0.273682 0.638184 0.270996 0.60498 0.272949 0.608154 0.273682 0.638184 0.272949 0.608154 0.278076 0.632568 0.278076 0.632568 0.272949 0.608154 0.27417 0.600586 0.982422 0.657715 0.980957 0.651855 0.983154 0.654541 0.982422 0.657715 0.983154 0.654541 1 0.656006 1 0.656006 0.983154 0.654541 0.993652 0.652832 0.980957 0.651855 0.982422 0.657715 0.979492 0.664551 0.980957 0.651855 0.979492 0.664551 0.978271 0.649414 0.978271 0.649414 0.979492 0.664551 0.969482 0.649902 0.969482 0.649902 0.979492 0.664551 0.974609 0.66626 0.969482 0.649902 0.974609 0.66626 0.961426 0.665527 0.044678 0.733643 0.044434 0.740723 0.017822 0.749512 0.017822 0.749512 0.044434 0.740723 0.054688 0.742188 0.044678 0.733643 0.017822 0.749512 0.016846 0.716797 0.044678 0.733643 0.016846 0.716797 0.028809 0.716553 0.044678 0.733643 0.028809 0.716553 0.041992 0.717285 0.017822 0.749512 0.054688 0.742188 0.029297 0.753174 0.029297 0.753174 0.054688 0.742188 0.039551 0.766602 0.039551 0.766602 0.054688 0.742188 0.051025 0.758057 0.039551 0.766602 0.051025 0.758057 0.051758 0.768555 0.015869 0.377441 0.019287 0.403564 0.01416 0.391602 0.019287 0.403564 0.015869 0.377441 0.018799 0.376953 0.01416 0.391602 0.019287 0.403564 0.008545 0.40625 0.019287 0.403564 0.018799 0.376953 0.02417 0.374268 0.008545 0.40625 0.019287 0.403564 0.022217 0.410645 0.008545 0.40625 0.022217 0.410645 0.008545 0.4104 0.008545 0.4104 0.022217 0.410645 0.013672 0.414551 0.022217 0.410645 0.019287 0.403564 0.023193 0.406982 0.023193 0.406982 0.019287 0.403564 0.02417 0.374268 0.023193 0.406982 0.02417 0.374268 0.029053 0.406738 0.029053 0.406738 0.02417 0.374268 0.030762 0.376953 0.029053 0.406738 0.030762 0.376953 0.03418 0.376953 0.029053 0.406738 0.03418 0.376953 0.031982 0.411133 0.029053 0.406738 0.031982 0.411133 0.029785 0.411865 0.029785 0.411865 0.031982 0.411133 0.033447 0.414795 0.033447 0.414795 0.031982 0.411133 0.0354 0.414795 0.208984 0.252686 0.171631 0.367188 0.17041 0.36377 0.07251 0.097168 0.034668 0.036621 0.072266 0.065186 0.072266 0.065186 0.034668 0.036621 0.034912 0.035645 0.072266 0.065186 0.034912 0.035645 0.111328 0.041992 0.281982 0.567871 0.171631 0.558105 0.293701 0.552002 0.526855 0.035645 0.596924 0.037598 0.543701 0.092285 0.543701 0.092285 0.596924 0.037598 0.601807 0.047119 0.348633 0.680664 0.336914 0.750488 0.338135 0.735352 0.336914 0.750488 0.348633 0.680664 0.345947 0.751465 0.338135 0.735352 0.336914 0.750488 0.333984 0.750244 0.338135 0.735352 0.333984 0.750244 0.283447 0.761719 0.283447 0.761719 0.333984 0.750244 0.295898 0.766113 0.295898 0.766113 0.333984 0.750244 0.336914 0.750488 0.336914 0.750488 0.345947 0.751465 0.338867 0.754883 0.336914 0.750488 0.338867 0.754883 0.295898 0.766113 0.338867 0.754883 0.345947 0.751465 0.344971 0.753662 0.295898 0.766113 0.338867 0.754883 0.30249 0.768799 0.353027 0.756836 0.344971 0.753662 0.352295 0.754395 0.344971 0.753662 0.353027 0.756836 0.338867 0.754883 0.30249 0.768799 0.338867 0.754883 0.337891 0.759033 0.30249 0.768799 0.337891 0.759033 0.278809 0.785889 0.278809 0.785889 0.337891 0.759033 0.283936 0.786133 0.283936 0.786133 0.337891 0.759033 0.342773 0.76001 0.342773 0.76001 0.337891 0.759033 0.338867 0.754883 0.338867 0.754883 0.353027 0.756836 0.345215 0.75708 0.338867 0.754883 0.345215 0.75708 0.342773 0.76001 0.345215 0.75708 0.353027 0.756836 0.42749 0.791016 0.342773 0.76001 0.345215 0.75708 0.34668 0.760742 0.34668 0.760742 0.345215 0.75708 0.42749 0.791016 0.512207 0.036865 0.521973 0.037598 0.453125 0.040771 0.453125 0.040771 0.521973 0.037598 0.522217 0.045654 0.512207 0.036865 0.453125 0.040771 0.510498 0.0354 0.373779 0.192139 0.373535 0.190186 0.379395 0.183594 0.373779 0.192139 0.379395 0.183594 0.434814 0.201904 0.373535 0.190186 0.373779 0.192139 0.371338 0.184082 0.371338 0.184082 0.373779 0.192139 0.313232 0.201172 0.662842 0.90625 0.695557 0.907227 0.691895 0.908691 0.662842 0.90625 0.691895 0.908691 0.605469 0.905762 0.927979 0.540527 0.927246 0.567627 0.917236 0.549805 0.927246 0.567627 0.927979 0.540527 0.958984 0.560059 0.958984 0.560059 0.927979 0.540527 0.947998 0.501221 0.917236 0.549805 0.927246 0.567627 0.898438 0.563721 0.927979 0.540527 0.917236 0.549805 0.918457 0.543945 0.917236 0.549805 0.898438 0.563721 0.916016 0.54834 0.917236 0.549805 0.916016 0.54834 0.918457 0.543945 0.037842 0.982422 0.051758 1 0.011719 0.994385 0.037842 0.982422 0.011719 0.994385 0.016357 0.978516 0.037842 0.982422 0.016357 0.978516 0.032959 0.968994 0.032959 0.968994 0.016357 0.978516 0.012939 0.975342 0.032959 0.968994 0.012939 0.975342 0.012207 0.94751 0.032959 0.968994 0.037842 0.982422 0.035156 0.970215 0.035156 0.970215 0.032959 0.968994 0.04126 0.967285 0.037842 0.982422 0.035156 0.970215 0.039307 0.981201 0.035156 0.970215 0.04126 0.967285 0.041748 0.969238 0.035156 0.970215 0.041748 0.969238 0.039307 0.981201 0.039307 0.981201 0.041748 0.969238 0.044189 0.975586 0.039307 0.981201 0.044189 0.975586 0.045898 0.976074 0.962158 0.260498 0.951904 0.291992 0.945068 0.251221 0.962158 0.260498 0.945068 0.251221 0.959961 0.216064 0.962158 0.260498 0.959961 0.216064 0.971436 0.240967 0.068604 0.140381 0.064453 0.126709 0.071045 0.141357 0.064453 0.126709 0.068604 0.140381 0.058838 0.135742 0.058838 0.135742 0.068604 0.140381 0.064209 0.146973 0.058838 0.135742 0.064209 0.146973 0.058105 0.14209 0.064209 0.146973 0.058105 0.14209 0.063965 0.149902 0.058105 0.14209 0.063965 0.149902 0.061279 0.158936 0.061279 0.158936 0.063965 0.149902 0.065674 0.162354 0.058838 0.135742 0.058105 0.14209 0.047852 0.141357 0.058838 0.135742 0.047852 0.141357 0.047119 0.133789 0.058838 0.135742 0.047119 0.133789 0.047852 0.126465 0.058838 0.135742 0.047852 0.126465 0.064453 0.126709 0.047852 0.126465 0.064453 0.126709 0.048096 0.122559 0.048096 0.122559 0.064453 0.126709 0.06665 0.121582 0.048096 0.122559 0.06665 0.121582 0.057861 0.113525 0.057861 0.113525 0.048096 0.122559 0.042969 0.109619 0.057861 0.113525 0.06665 0.121582 0.063965 0.109619 0.06665 0.121582 0.063965 0.109619 0.067627 0.105469 0.06665 0.121582 0.067627 0.105469 0.087646 0.097412 0.039795 0.900391 0.047607 0.900391 0.049072 0.897217 0.049072 0.897217 0.039795 0.900391 0.042969 0.864258 0.049072 0.897217 0.042969 0.864258 0.052979 0.862305 0.049072 0.897217 0.052979 0.862305 0.055908 0.898193 0.052979 0.862305 0.042969 0.864258 0.043701 0.861328 0.043701 0.861328 0.052979 0.862305 0.054688 0.841064 0.042969 0.864258 0.039795 0.900391 0.030762 0.86499 0.030762 0.86499 0.039795 0.900391 0.032715 0.898438 0.032715 0.898438 0.039795 0.900391 0.033447 0.901611 0.030762 0.86499 0.032715 0.898438 0.027832 0.899414 0.069092 0.971191 0.063965 0.975342 0.042969 0.944336 0.069092 0.971191 0.063965 0.975342 0.08252 0.991943 0.042969 0.944336 0.063965 0.975342 0.054199 0.977783 0.063965 0.975342 0.08252 0.991943 0.05835 0.984375 0.063965 0.975342 0.05835 0.984375 0.054199 0.977783 0.054199 0.977783 0.05835 0.984375 0.054688 0.985596 0.039307 0.581543 0.041748 0.583984 0.03418 0.593994 0.041748 0.583984 0.03418 0.593994 0.036133 0.598633 0.036133 0.598633 0.03418 0.593994 0.023438 0.600098 0.039307 0.581543 0.03418 0.593994 0.03125 0.587646 0.03125 0.587646 0.03418 0.593994 0.023438 0.600098 0.039307 0.581543 0.03125 0.587646 0.029297 0.576416 0.029297 0.576416 0.03125 0.587646 0.026367 0.575439 0.03125 0.587646 0.023438 0.600098 0.019775 0.587402 0.03125 0.587646 0.019775 0.587402 0.026367 0.575439 0.019775 0.587402 0.023438 0.600098 0.008301 0.598145 0.026367 0.575439 0.019775 0.587402 0.014404 0.583496 0.014404 0.583496 0.019775 0.587402 0.008301 0.598145 0.026367 0.575439 0.014404 0.583496 0.010254 0.575439 0.014404 0.583496 0.008301 0.598145 0.001221 0.583496 0.014404 0.583496 0.001221 0.583496 0.010254 0.575439 0.975586 0.221191 0.987793 0.214355 0.982178 0.22583 0.987793 0.214355 0.975586 0.221191 0.973877 0.21167 0.973877 0.21167 0.975586 0.221191 0.971191 0.225098 0.987793 0.214355 0.973877 0.21167 0.980713 0.201904 0.980713 0.201904 0.973877 0.21167 0.970459 0.197754 0.987793 0.214355 0.980713 0.201904 0.993408 0.199707 0.987793 0.214355 0.993408 0.199707 0.998535 0.203613 0.993408 0.199707 0.998535 0.203613 0.993652 0.188477 0.993408 0.199707 0.993652 0.188477 0.990967 0.190186 0.990967 0.190186 0.993408 0.199707 0.980713 0.201904 0.990967 0.190186 0.993652 0.188477 0.980713 0.177734 0.990967 0.190186 0.980713 0.201904 0.979248 0.187988 0.990967 0.190186 0.979248 0.187988 0.980713 0.177734 0.979248 0.187988 0.980713 0.201904 0.970459 0.197754 0.979248 0.187988 0.980713 0.177734 0.976807 0.179932 0.980713 0.177734 0.976807 0.179932 0.967285 0.17749 0.976807 0.179932 0.979248 0.187988 0.967529 0.181641 0.967529 0.181641 0.979248 0.187988 0.970459 0.197754 0.976807 0.179932 0.967529 0.181641 0.967285 0.17749 0.967529 0.181641 0.970459 0.197754 0.962891 0.189453 0.962891 0.189453 0.970459 0.197754 0.962158 0.195801 0.967529 0.181641 0.962891 0.189453 0.956543 0.177979 0.967529 0.181641 0.956543 0.177979 0.967285 0.17749 0.967285 0.17749 0.956543 0.177979 0.95752 0.175293 0.978516 0.169189 0.980713 0.177734 0.967285 0.17749 0.967285 0.17749 0.95752 0.175293 0.960938 0.169678 0.967285 0.17749 0.960938 0.169678 0.978516 0.169189 0.978516 0.169189 0.960938 0.169678 0.967285 0.163574 0.978516 0.169189 0.967285 0.163574 0.971436 0.154541 0.225098 0.529785 0.210938 0.514648 0.213623 0.513916 0.225098 0.529785 0.213623 0.513916 0.22168 0.504639 0.213623 0.513916 0.210938 0.514648 0.20752 0.500488 0.213623 0.513916 0.20752 0.500488 0.22168 0.504639 0.20752 0.500488 0.210938 0.514648 0.204346 0.499756 0.22168 0.504639 0.20752 0.500488 0.223877 0.482178 0.223877 0.482178 0.20752 0.500488 0.204346 0.499756 0.22168 0.504639 0.223877 0.482178 0.23291 0.493164 0.22168 0.504639 0.23291 0.493164 0.246826 0.521484 0.246826 0.521484 0.23291 0.493164 0.243652 0.476074 0.243652 0.476074 0.23291 0.493164 0.223877 0.482178 0.243652 0.476074 0.223877 0.482178 0.2229 0.465576 0.2229 0.465576 0.223877 0.482178 0.204346 0.499756 0.243652 0.476074 0.2229 0.465576 0.229492 0.445801 0.229492 0.445801 0.2229 0.465576 0.22583 0.442627 0.22583 0.442627 0.2229 0.465576 0.204346 0.499756 0.229492 0.445801 0.22583 0.442627 0.239014 0.429932 0.166992 0.495361 0.204346 0.499756 0.210938 0.514648 0.204346 0.499756 0.166992 0.495361 0.22583 0.442627 0.166992 0.495361 0.210938 0.514648 0.205078 0.547119 0.166992 0.495361 0.205078 0.547119 0.167236 0.499512 0.22583 0.442627 0.166992 0.495361 0.19165 0.44165 0.22583 0.442627 0.19165 0.44165 0.24585 0.42041 0.19165 0.44165 0.166992 0.495361 0.16333 0.491699 0.00293 0.755127 0.005371 0.754883 0.006836 0.757324 0.005371 0.754883 0.00293 0.755127 0.004395 0.709229 0.004395 0.709229 0.00293 0.755127 0.000244 0.75415 0.597412 0.713623 0.597412 0.699219 0.740479 0.706543 0.012207 0.307129 0.012207 0.251709 0.021484 0.30542 0.527588 0.729248 0.668213 0.729248 0.525635 0.733398 0.223633 0.282471 0.229492 0.348633 0.228271 0.415527 0.382324 0.763184 0.382324 0.759521 0.518066 0.756104 0.518066 0.756104 0.382324 0.759521 0.381836 0.746094 0.698486 0.967041 0.62085 0.973633 0.61792 0.960449 0.662842 0.98584 0.583008 0.98584 0.596924 0.981934 0.654297 0.856445 0.602051 0.878174 0.600342 0.874512 0.602051 0.878174 0.654297 0.856445 0.646973 0.867676 0.602051 0.878174 0.646973 0.867676 0.601074 0.883545 0.601074 0.883545 0.646973 0.867676 0.647461 0.891846 0.601074 0.883545 0.647461 0.891846 0.602539 0.893555 0.601074 0.883545 0.602539 0.893555 0.600342 0.89502 0.600342 0.89502 0.602539 0.893555 0.647461 0.891846 0.600342 0.89502 0.647461 0.891846 0.586182 0.897217 0.586182 0.897217 0.647461 0.891846 0.679199 0.900146 0.864014 0.784424 0.852783 0.790527 0.849121 0.78833 0.849121 0.78833 0.852783 0.790527 0.84375 0.799805 0.849121 0.78833 0.84375 0.799805 0.820557 0.73999 0.849121 0.78833 0.820557 0.73999 0.824951 0.728516 0.84375 0.799805 0.852783 0.790527 0.849609 0.803955 0.849121 0.78833 0.824951 0.728516 0.849609 0.706299 0.849121 0.78833 0.849609 0.706299 0.864014 0.784424 0.864014 0.784424 0.849609 0.706299 0.856934 0.71167 0.849609 0.803955 0.852783 0.790527 0.865479 0.789795 0.865479 0.789795 0.852783 0.790527 0.864014 0.784424 0.849609 0.803955 0.865479 0.789795 0.872559 0.79834 0.864014 0.784424 0.856934 0.71167 0.866943 0.785156 0.864014 0.784424 0.866943 0.785156 0.865479 0.789795 0.865479 0.789795 0.866943 0.785156 0.872559 0.79834 0.866943 0.785156 0.856934 0.71167 0.875244 0.717285 0.872559 0.79834 0.866943 0.785156 0.875488 0.792725 0.875488 0.792725 0.866943 0.785156 0.875244 0.717285 0.919678 0.075195 0.959961 0.091064 0.976074 0.074951 0.959961 0.091064 0.919678 0.075195 0.950195 0.092285 0.950195 0.092285 0.959961 0.091064 0.953369 0.09375 0.953369 0.09375 0.959961 0.091064 0.957764 0.096436 0.959961 0.091064 0.976074 0.074951 0.960449 0.098145 0.960449 0.098145 0.976074 0.074951 0.977539 0.076416 0.977539 0.076416 0.976074 0.074951 0.979248 0.072754 0.977539 0.076416 0.979248 0.072754 0.987549 0.072266 0.960449 0.098145 0.977539 0.076416 0.985352 0.078125 0.985352 0.078125 0.977539 0.076416 0.987549 0.072266 0.960449 0.098145 0.985352 0.078125 0.972656 0.138672 0.985352 0.078125 0.987549 0.072266 0.988525 0.07666 0.985352 0.078125 0.988525 0.07666 0.972656 0.138672 0.972656 0.138672 0.988525 0.07666 0.974854 0.147705 0.083496 0.581055 0.081787 0.605469 0.080811 0.565186 0.081787 0.605469 0.083496 0.581055 0.08667 0.583496 0.081787 0.605469 0.08667 0.583496 0.083008 0.672363 0.794678 0.401855 0.781006 0.469238 0.786865 0.400391 0.794678 0.401855 0.786865 0.400391 0.79248 0.399414 0.79248 0.399414 0.786865 0.400391 0.781006 0.331055 0.391357 0.046387 0.391357 0.043701 0.459717 0.046631 0.389893 0.661621 0.293213 0.692627 0.379395 0.650146 0.379395 0.650146 0.293213 0.692627 0.333984 0.60376 0.389893 0.661621 0.379395 0.650146 0.393311 0.660156 0.379395 0.650146 0.333984 0.60376 0.383545 0.644043 0.383545 0.644043 0.333984 0.60376 0.32251 0.517334 0.383545 0.644043 0.379395 0.650146 0.383301 0.647461 0.379395 0.650146 0.383301 0.647461 0.393311 0.660156 0.393311 0.660156 0.383301 0.647461 0.451172 0.686768 0.393311 0.660156 0.451172 0.686768 0.461914 0.693604 0.836914 0.058838 0.819824 0.070313 0.835205 0.031006 0.835205 0.031006 0.819824 0.070313 0.83252 0.029785 0.836914 0.058838 0.835205 0.031006 0.837891 0.02832 0.83252 0.029785 0.819824 0.070313 0.82959 0.02832 0.82959 0.02832 0.819824 0.070313 0.821289 0.02124 0.82959 0.02832 0.821289 0.02124 0.821777 0.020752 0.836914 0.058838 0.837891 0.02832 0.844482 0.020508 0.836914 0.058838 0.844482 0.020508 0.84082 0.065918 0.84082 0.065918 0.844482 0.020508 0.857178 0.021973 0.84082 0.065918 0.857178 0.021973 0.855469 0.074707 0.857178 0.021973 0.844482 0.020508 0.862061 0.018311 0.855469 0.074707 0.857178 0.021973 0.858643 0.084229 0.857178 0.021973 0.862061 0.018311 0.861328 0.022461 0.857178 0.021973 0.861328 0.022461 0.858643 0.084229 0.861328 0.022461 0.862061 0.018311 0.876709 0.022461 0.861328 0.022461 0.876709 0.022461 0.858643 0.084229 0.858643 0.084229 0.876709 0.022461 0.87915 0.057373 0.402832 0.035889 0.343018 0.041504 0.344238 0.036133 0.343018 0.041504 0.402832 0.035889 0.364014 0.044189 0.343018 0.041504 0.364014 0.044189 0.334961 0.042236 0.493408 0.995361 0.535645 0.937256 0.585205 0.999023 0.515625 0.932861 0.474854 0.932617 0.562012 0.92749 0.474854 0.932617 0.515625 0.932861 0.47583 0.93457 0.47583 0.93457 0.515625 0.932861 0.500244 0.974365 0.686035 0.819092 0.601318 0.79248 0.689941 0.806152 0.686035 0.819092 0.689941 0.806152 0.687256 0.81958 0.687256 0.81958 0.686035 0.819092 0.697754 0.831543 0.060791 0.253906 0.05835 0.257324 0.053223 0.251953 0.053223 0.251953 0.05835 0.257324 0.05835 0.265869 0.05835 0.257324 0.060791 0.253906 0.062744 0.266113 0.05835 0.257324 0.062744 0.266113 0.05835 0.265869 0.062744 0.266113 0.060791 0.253906 0.070313 0.262939 0.060791 0.253906 0.070313 0.262939 0.056152 0.241455 0.062744 0.266113 0.070313 0.262939 0.054199 0.280762 0.056152 0.241455 0.060791 0.253906 0.049561 0.246826 0.049561 0.246826 0.060791 0.253906 0.053223 0.251953 0.049561 0.246826 0.056152 0.241455 0.030273 0.248779 0.047119 0.258545 0.053223 0.251953 0.05835 0.265869 0.049561 0.246826 0.030273 0.248779 0.036865 0.25415 0.054443 0.27417 0.05835 0.265869 0.062744 0.266113 0.054443 0.27417 0.062744 0.266113 0.054199 0.280762 0.047119 0.258545 0.05835 0.265869 0.049805 0.270264 0.049805 0.270264 0.05835 0.265869 0.054443 0.27417 0.047119 0.258545 0.053223 0.251953 0.043457 0.26001 0.053223 0.251953 0.043457 0.26001 0.049561 0.246826 0.043457 0.26001 0.047119 0.258545 0.049805 0.270264 0.054443 0.27417 0.054199 0.280762 0.04541 0.272461 0.054443 0.27417 0.04541 0.272461 0.049805 0.270264 0.049805 0.270264 0.04541 0.272461 0.043457 0.26001 0.04541 0.272461 0.054199 0.280762 0.033691 0.268799 0.036865 0.25415 0.030273 0.248779 0.033691 0.268799 0.033691 0.268799 0.030273 0.248779 0.025635 0.302002 0.04541 0.272461 0.033691 0.268799 0.038818 0.260498 0.038818 0.260498 0.033691 0.268799 0.036865 0.25415 0.04541 0.272461 0.038818 0.260498 0.043457 0.26001 0.038818 0.260498 0.036865 0.25415 0.049561 0.246826 0.038818 0.260498 0.049561 0.246826 0.043457 0.26001 0.061768 0.328857 0.052002 0.343994 0.034912 0.340088 0.061768 0.328857 0.034912 0.340088 0.034668 0.312988 0.034668 0.312988 0.034912 0.340088 0.016846 0.317139 0.034668 0.312988 0.016846 0.317139 0.032959 0.307861 0.032959 0.307861 0.016846 0.317139 0.030518 0.306641 0.016846 0.317139 0.034912 0.340088 0.02124 0.342041 0.02124 0.342041 0.034912 0.340088 0.01709 0.365967 0.045654 0.156738 0.047119 0.186279 0.060791 0.169922 0.060791 0.169922 0.045654 0.156738 0.040039 0.143066 0.040039 0.143066 0.045654 0.156738 0.031982 0.131104 0.031982 0.131104 0.045654 0.156738 0.032715 0.13623 0.116699 0.733398 0.206787 0.798584 0.121338 0.816406 0.676514 0.002197 0.666748 0.012939 0.695557 0.00293 0.131836 0.981689 0.158936 0.963379 0.175293 0.979736 0.158936 0.963379 0.131836 0.981689 0.145264 0.960205 0.158936 0.963379 0.145264 0.960205 0.1521 0.950928 0.158936 0.963379 0.1521 0.950928 0.156738 0.940918 0.158936 0.963379 0.156738 0.940918 0.17749 0.950928 0.158936 0.963379 0.17749 0.950928 0.205078 0.966309 0.158936 0.963379 0.205078 0.966309 0.175293 0.979736 0.205078 0.966309 0.17749 0.950928 0.203857 0.939453 0.175293 0.979736 0.205078 0.966309 0.206055 0.979248 0.175293 0.979736 0.206055 0.979248 0.208984 0.980957 0.208984 0.980957 0.206055 0.979248 0.205078 0.966309 0.208984 0.980957 0.205078 0.966309 0.20752 0.939453 0.665771 0.624023 0.749756 0.599365 0.67749 0.62793 0.749756 0.599365 0.665771 0.624023 0.664063 0.618652 0.664063 0.618652 0.665771 0.624023 0.664307 0.627441 0.664063 0.618652 0.664307 0.627441 0.659668 0.623535 0.664063 0.618652 0.659668 0.623535 0.56665 0.594482 0.659668 0.623535 0.664307 0.627441 0.657715 0.628662 0.250244 0.077148 0.287598 0.107178 0.244141 0.0896 0.287598 0.107178 0.250244 0.077148 0.275391 0.092041 0.275391 0.092041 0.250244 0.077148 0.274658 0.087646 0.287598 0.107178 0.275391 0.092041 0.282471 0.097168 0.282471 0.097168 0.275391 0.092041 0.316162 0.075439 0.282471 0.097168 0.316162 0.075439 0.28833 0.102295 0.465576 0.876465 0.469482 0.857178 0.533691 0.923584 0.465576 0.876465 0.469482 0.857178 0.465576 0.868896 0.465576 0.876465 0.533691 0.923584 0.440918 0.923828 0.571289 0.496582 0.577148 0.507568 0.573242 0.494873 0.573242 0.494873 0.571289 0.496582 0.597168 0.372559 0.577148 0.507568 0.571289 0.496582 0.574951 0.508789 0.571289 0.496582 0.574951 0.508789 0.461182 0.558594 0.574951 0.508789 0.577148 0.507568 0.64502 0.564453 0.43335 0.827881 0.432861 0.822754 0.447754 0.831543 0.432861 0.822754 0.43335 0.827881 0.341064 0.830811 0.645996 0.504395 0.602051 0.517334 0.702637 0.467285 0.737305 0.348877 0.706055 0.466309 0.702637 0.467285 0.706055 0.466309 0.702637 0.467285 0.739746 0.488037 0.702637 0.467285 0.739746 0.488037 0.703369 0.4729 0.703369 0.4729 0.739746 0.488037 0.751953 0.505859 0.702637 0.467285 0.703369 0.4729 0.700439 0.477051 0.702637 0.467285 0.700439 0.477051 0.645996 0.504395 0.700439 0.477051 0.703369 0.4729 0.707764 0.482178 0.700439 0.477051 0.707764 0.482178 0.645996 0.504395 0.645996 0.504395 0.707764 0.482178 0.645264 0.541504 0.645264 0.541504 0.707764 0.482178 0.701416 0.496826 0.345947 0.914063 0.437744 0.914063 0.437744 0.917725 0.770508 0.563232 0.738525 0.655273 0.735107 0.653564 0.738525 0.655273 0.770508 0.563232 0.747559 0.660889 0.738525 0.655273 0.747559 0.660889 0.747314 0.667236 0.735107 0.653564 0.738525 0.655273 0.710693 0.662109 0.710693 0.662109 0.738525 0.655273 0.747314 0.667236 0.710693 0.662109 0.747314 0.667236 0.735596 0.667236 0.735596 0.667236 0.747314 0.667236 0.778076 0.68457 0.710693 0.662109 0.735596 0.667236 0.729492 0.670898 0.710693 0.662109 0.729492 0.670898 0.706787 0.665527 0.706787 0.665527 0.729492 0.670898 0.723877 0.680664 0.706787 0.665527 0.723877 0.680664 0.706299 0.671387 0.706299 0.671387 0.723877 0.680664 0.721191 0.69458 0.706299 0.671387 0.721191 0.69458 0.685303 0.685059 0.721191 0.69458 0.723877 0.680664 0.722656 0.694092 0.394287 0.792236 0.304443 0.795166 0.342529 0.778076 0.304443 0.795166 0.394287 0.792236 0.304199 0.799805 0.304199 0.799805 0.394287 0.792236 0.419189 0.798096 0.394287 0.792236 0.342529 0.778076 0.391846 0.785156 0.391846 0.785156 0.342529 0.778076 0.374268 0.779297 0.374268 0.779297 0.342529 0.778076 0.336182 0.770264 0.278076 0.868652 0.373291 0.869873 0.316406 0.871826 0.278076 0.868652 0.316406 0.871826 0.277832 0.871826 0.866211 0.391846 0.832031 0.371094 0.837158 0.311768 0.832031 0.371094 0.866211 0.391846 0.830811 0.409424 0.220459 0.77002 0.209473 0.776855 0.220947 0.724365 0.220459 0.77002 0.220947 0.724365 0.228516 0.719727 0.220459 0.77002 0.228516 0.719727 0.230713 0.719971 0.230713 0.719971 0.228516 0.719727 0.209229 0.64624 0.230713 0.719971 0.209229 0.64624 0.233398 0.71167 0.220459 0.77002 0.230713 0.719971 0.227539 0.761963 0.230713 0.719971 0.233398 0.71167 0.233887 0.721436 0.230713 0.719971 0.233887 0.721436 0.227539 0.761963 0.227539 0.761963 0.233887 0.721436 0.258545 0.739502 0.258545 0.739502 0.233887 0.721436 0.290771 0.750977 0.227539 0.761963 0.258545 0.739502 0.258057 0.758301 0.258057 0.758301 0.258545 0.739502 0.290771 0.750977 0.437256 0.136963 0.522217 0.140381 0.4375 0.144531 0.437256 0.136963 0.4375 0.144531 0.415527 0.147461 0.437256 0.136963 0.415527 0.147461 0.413818 0.132813 0.413818 0.132813 0.415527 0.147461 0.411133 0.147949 0.413818 0.132813 0.411133 0.147949 0.405029 0.145508 0.413818 0.132813 0.405029 0.145508 0.404297 0.131104 0.216064 0.335693 0.222168 0.373291 0.205322 0.406494 0.216064 0.335693 0.205322 0.406494 0.210449 0.332275 0.210449 0.332275 0.205322 0.406494 0.184082 0.359619 0.210449 0.332275 0.184082 0.359619 0.217285 0.285156 0.019531 0.081299 0.051514 0.104492 0.002441 0.108398 0.113525 0.941406 0.075928 0.90918 0.117676 0.935303 0.113525 0.941406 0.117676 0.935303 0.148682 0.944092 0.113525 0.941406 0.148682 0.944092 0.117432 0.946289 0.117432 0.946289 0.113525 0.941406 0.112549 0.943359 0.075928 0.90918 0.113525 0.941406 0.106689 0.947021 0.075928 0.90918 0.106689 0.947021 0.06958 0.916504 0.06958 0.916504 0.106689 0.947021 0.069824 0.921387 0.069824 0.921387 0.106689 0.947021 0.101807 0.948242 0.069824 0.921387 0.101807 0.948242 0.069336 0.924316 0.069336 0.924316 0.101807 0.948242 0.098877 0.949951 0.069336 0.924316 0.098877 0.949951 0.059326 0.949463 0.835938 0.804443 0.835693 0.806641 0.756348 0.864014 0.756348 0.864014 0.835693 0.806641 0.838623 0.861816 0.841064 0.644775 0.857178 0.613037 0.84668 0.649658 0.84668 0.649658 0.857178 0.613037 0.866699 0.611084 0.818604 0.656006 0.8125 0.668945 0.841064 0.644775 0.8125 0.668945 0.841064 0.644775 0.84668 0.649658 0.8125 0.668945 0.84668 0.649658 0.826416 0.670166 0.826416 0.670166 0.84668 0.649658 0.830566 0.670654 0.84668 0.649658 0.866699 0.611084 0.849854 0.651123 0.84668 0.649658 0.849854 0.651123 0.830566 0.670654 0.849854 0.651123 0.866699 0.611084 0.871338 0.612549 0.830566 0.670654 0.849854 0.651123 0.833984 0.669434 0.849854 0.651123 0.871338 0.612549 0.852051 0.652344 0.849854 0.651123 0.852051 0.652344 0.833984 0.669434 0.833984 0.669434 0.852051 0.652344 0.860107 0.683105 0.860107 0.683105 0.852051 0.652344 0.871094 0.706543 0.860107 0.683105 0.871094 0.706543 0.833984 0.669434 0.353271 0.740967 0.422852 0.728516 0.494873 0.740967 0.138184 0.562988 0.163574 0.615479 0.153564 0.600342 0.163574 0.615479 0.138184 0.562988 0.16748 0.609863 0.16748 0.609863 0.138184 0.562988 0.142822 0.555176 0.138184 0.562988 0.153564 0.600342 0.139404 0.571289 0.139404 0.571289 0.153564 0.600342 0.147949 0.602783 0.139404 0.571289 0.147949 0.602783 0.131592 0.569092 0.139404 0.571289 0.131592 0.569092 0.138184 0.562988 0.138184 0.562988 0.131592 0.569092 0.08667 0.562012 0.138184 0.562988 0.08667 0.562012 0.131104 0.550049 0.138184 0.562988 0.131104 0.550049 0.142822 0.555176 0.131104 0.550049 0.08667 0.562012 0.081055 0.550293 0.131104 0.550049 0.081055 0.550293 0.086182 0.54834 0.131104 0.550049 0.086182 0.54834 0.099365 0.539795 0.142822 0.555176 0.131104 0.550049 0.154541 0.539063 0.142822 0.555176 0.154541 0.539063 0.146973 0.557617 0.146973 0.557617 0.154541 0.539063 0.165283 0.534668 0.165283 0.534668 0.154541 0.539063 0.17041 0.527832 0.165283 0.534668 0.17041 0.527832 0.174072 0.526123 0.154541 0.539063 0.131104 0.550049 0.152344 0.53125 0.154541 0.539063 0.152344 0.53125 0.17041 0.527832 0.152344 0.53125 0.131104 0.550049 0.099365 0.539795 0.17041 0.527832 0.152344 0.53125 0.170898 0.522705 0.152344 0.53125 0.099365 0.539795 0.15332 0.52832 0.152344 0.53125 0.15332 0.52832 0.170898 0.522705 0.15332 0.52832 0.099365 0.539795 0.08374 0.539307 0.170898 0.522705 0.15332 0.52832 0.162354 0.504639 0.15332 0.52832 0.08374 0.539307 0.112549 0.5 0.162354 0.504639 0.15332 0.52832 0.147217 0.498291 0.147217 0.498291 0.15332 0.52832 0.112549 0.5 0.150635 0.190186 0.115967 0.187988 0.116211 0.187256 0.115967 0.187988 0.150635 0.190186 0.14624 0.195313 0.116211 0.187256 0.115967 0.187988 0.088135 0.150391 0.088135 0.150391 0.116211 0.187256 0.0896 0.150635 0.088135 0.150391 0.115967 0.187988 0.111816 0.193604 0.111816 0.193604 0.115967 0.187988 0.14624 0.195313 0.111816 0.193604 0.14624 0.195313 0.116455 0.201416 0.116455 0.201416 0.14624 0.195313 0.141846 0.199219 0.116455 0.201416 0.141846 0.199219 0.088867 0.232666 0.088867 0.232666 0.141846 0.199219 0.143799 0.230713 0.088867 0.232666 0.143799 0.230713 0.136475 0.258301 0.600586 0.174805 0.598389 0.176514 0.514648 0.168457 0.598389 0.176514 0.600586 0.174805 0.601074 0.190674 0.598389 0.176514 0.514648 0.168457 0.507813 0.173096 0.598389 0.176514 0.601074 0.190674 0.508789 0.18457 0.598389 0.176514 0.508789 0.18457 0.507813 0.173096 0.507813 0.173096 0.508789 0.18457 0.475586 0.186279 0.991211 0.05957 0.956543 0.054932 0.930908 0.0354 0.956543 0.054932 0.991211 0.05957 0.962646 0.064209 0.962646 0.064209 0.956543 0.054932 0.955322 0.067871 0.991211 0.05957 0.930908 0.0354 0.995605 0.044922 0.995605 0.044922 0.930908 0.0354 0.937256 0.028564 0.527344 0.770508 0.398682 0.770508 0.395996 0.768066 0.075928 0.221924 0.075928 0.12085 0.078125 0.220947 0.53833 0.740479 0.520752 0.737549 0.667969 0.741455 0.520752 0.737549 0.53833 0.740479 0.52124 0.740234 0.114258 0.925781 0.113525 0.910889 0.19873 0.907471 0.19873 0.907471 0.113525 0.910889 0.113525 0.906982 0.065918 0.292969 0.062744 0.300293 0.033936 0.290039 0.062744 0.300293 0.065918 0.292969 0.072266 0.338867 0.348633 0.020996 0.344727 0.028076 0.339111 0.021973 0.344727 0.028076 0.339111 0.021973 0.308594 0.044434 0.308594 0.044434 0.344727 0.028076 0.312012 0.048584 0.339111 0.021973 0.308594 0.044434 0.299316 0.020508 0.975098 0.294922 0.989746 0.249268 0.98291 0.244385 0.989746 0.249268 0.975098 0.294922 0.979004 0.29541 0.975098 0.294922 0.98291 0.244385 0.973389 0.294434 0.98291 0.244385 0.973389 0.294434 0.967773 0.304932 0.98291 0.244385 0.967773 0.304932 0.97998 0.234375 0.97998 0.234375 0.967773 0.304932 0.957275 0.305176 0.920166 0.310059 0.965332 0.330566 0.888916 0.330566 0.965332 0.330566 0.920166 0.310059 0.925049 0.307373 0.547363 0.000732 0.589355 0.00415 0.56958 0.010986 0.589355 0.00415 0.547363 0.000732 0.589355 0.000244 0.56958 0.010986 0.589355 0.00415 0.582275 0.009521 0.582275 0.009521 0.589355 0.00415 0.585449 0.010498 0.307129 0.922852 0.250244 0.912842 0.338623 0.914063 0.989014 0.90918 0.994629 0.908203 0.993896 0.96167 0.989014 0.90918 0.993896 0.96167 0.985107 0.912109 0.985107 0.912109 0.993896 0.96167 0.987793 0.963135 0.985107 0.912109 0.987793 0.963135 0.983154 0.914551 0.953369 0.751709 0.934326 0.788818 0.921631 0.789551 0.934326 0.788818 0.953369 0.751709 0.96167 0.760254 0.934326 0.788818 0.96167 0.760254 0.939209 0.790039 0.939209 0.790039 0.96167 0.760254 0.964355 0.762207 0.964355 0.762207 0.96167 0.760254 0.989746 0.755127 0.420898 0.804688 0.355713 0.822266 0.313721 0.805664 0.884766 0.525146 0.916992 0.538574 0.841064 0.49707 0.916992 0.538574 0.841064 0.49707 0.924316 0.516357 0.924316 0.516357 0.841064 0.49707 0.884766 0.505127 0.684814 0.028076 0.731689 0.018555 0.744629 0.022217 0.744629 0.022217 0.731689 0.018555 0.74585 0.019287 0.684814 0.028076 0.744629 0.022217 0.743652 0.0271 0.64209 0.94043 0.727539 0.94043 0.720947 0.942139 0.268066 0.831787 0.336182 0.831787 0.229004 0.835693 0.512207 0.211914 0.511963 0.219727 0.487793 0.233887 0.512207 0.211914 0.487793 0.233887 0.510986 0.207275 0.511963 0.219727 0.512207 0.211914 0.550293 0.219238 0.550293 0.219238 0.512207 0.211914 0.617432 0.226807 0.550293 0.219238 0.617432 0.226807 0.613525 0.231689 0.030762 0.484375 0.042236 0.455078 0.043213 0.459717 0.030762 0.484375 0.043213 0.459717 0.061279 0.5 0.043213 0.459717 0.061279 0.5 0.070313 0.467041 0.070313 0.467041 0.043213 0.459717 0.068604 0.437256 0.370605 0.123535 0.372803 0.12085 0.48877 0.126465 0.884277 0.728027 0.867676 0.637451 0.884277 0.63623 0.867676 0.637451 0.884277 0.728027 0.869141 0.677246 0.867676 0.637451 0.869141 0.677246 0.86377 0.653076 0.973877 0.986816 0.938232 0.961426 0.946777 0.913086 0.973877 0.986816 0.946777 0.913086 0.968262 0.939697 0.973877 0.986816 0.968262 0.939697 0.978027 0.984375 0.978027 0.984375 0.968262 0.939697 0.974854 0.911865 0.09375 0.717041 0.124023 0.709961 0.083496 0.748047 0.09375 0.717041 0.083496 0.748047 0.07959 0.677734 0.083496 0.748047 0.124023 0.709961 0.078613 0.782959 0.124023 0.709961 0.09375 0.717041 0.135986 0.699951 0.124023 0.709961 0.135986 0.699951 0.142822 0.703369 0.313477 0.054199 0.384521 0.054199 0.321533 0.065674 0.752197 0.045166 0.697021 0.043945 0.749023 0.035889 0.697021 0.043945 0.752197 0.045166 0.698486 0.047852 0.698486 0.047852 0.752197 0.045166 0.765137 0.049805 0.698486 0.047852 0.765137 0.049805 0.753662 0.06543 0.736816 0.087646 0.841797 0.079346 0.771729 0.099365 0.736816 0.087646 0.771729 0.099365 0.738281 0.116455 0.547119 0.019531 0.588135 0.026611 0.586426 0.029297 0.547119 0.019531 0.586426 0.029297 0.579346 0.031006 0.547119 0.019531 0.579346 0.031006 0.551758 0.02832 0.588135 0.026611 0.547119 0.019531 0.591064 0.018555 0.588135 0.026611 0.591064 0.018555 0.5896 0.026367 0.5896 0.026367 0.591064 0.018555 0.5979 0.021484 0.5896 0.026367 0.5979 0.021484 0.604004 0.027832 0.5896 0.026367 0.604004 0.027832 0.601807 0.029785 0.9021 0.000488 0.901123 0.005615 0.899414 0.002197 0.901123 0.005615 0.9021 0.000488 0.908447 0.005371 0.908447 0.005371 0.9021 0.000488 0.90918 0.000488 0.908447 0.005371 0.90918 0.000488 0.910889 0.00293 0.688965 0.960205 0.651367 0.957031 0.733398 0.954834 0.698242 0.994873 0.69873 0.991211 0.727295 0.993164 0.639648 0.999023 0.589844 0.999023 0.595947 0.99707 0.699219 0.794434 0.815186 0.794434 0.702148 0.797119 0.371338 0.876953 0.34375 0.881348 0.282715 0.876465 0.282715 0.876465 0.34375 0.881348 0.275635 0.879883 0.281494 0.891602 0.280029 0.887695 0.371094 0.891113 0.280029 0.887695 0.281494 0.891602 0.273682 0.893311 0.312256 0.498535 0.309326 0.593994 0.304199 0.545166 0.304199 0.545166 0.309326 0.593994 0.307129 0.646484 0.304199 0.545166 0.307129 0.646484 0.306152 0.647705 0.304199 0.545166 0.306152 0.647705 0.298096 0.542725 0.577393 0.855713 0.551514 0.862793 0.476563 0.855469 0.862061 0.013916 0.876465 0.012695 0.861328 0.012451 0.857178 0.013672 0.842041 0.013672 0.857178 0.013672 0.757813 0.999756 0.731934 0.999756 0.732422 0.991211 0.831787 0.007324 0.852051 0.007324 0.832031 0.009766 0.850586 0 0.840088 0.00293 0.830078 0.000244</float_array>
          <technique_common>
            <accessor source="#CornerTable3-mesh-map-0-array" count="5952" stride="2">
              <param name="S" type="float"/>
              <param name="T" type="float"/>
            </accessor>
          </technique_common>
        </source>
        <vertices id="CornerTable3-mesh-vertices">
          <input semantic="POSITION" source="#CornerTable3-mesh-positions"/>
        </vertices>
        <polylist material="Material_-1-material" count="6">
          <input semantic="VERTEX" source="#CornerTable3-mesh-vertices" offset="0"/>
          <input semantic="NORMAL" source="#CornerTable3-mesh-normals" offset="1"/>
          <input semantic="TEXCOORD" source="#CornerTable3-mesh-map-0" offset="2" set="0"/>
          <vcount>3 3 3 3 3 3 3 3 3 3 3 3 3 3 3 3 3 3 3 3 3 3 3 3 3 3 3 3 3 3 3 3 3 3 3 3 3 3 3 3 3 3 3 3 3 3 3 3 3 3 3 3 3 3 3 3 3 3 3 3 3 3 3 3 3 3 3 3 3 3 3 3 3 3 3 3 3 3 3 3 3 3 3 3 3 3 3 3 3 3 3 3 3 3 3 3 3 3 3 3 3 3 3 3 3 3 3 3 3 3 3 3 3 3 3 3 3 3 3 3 3 3 3 3 3 3 3 3 3 3 3 3 3 3 3 3 3 3 3 3 3 3 3 3 3 3 3 3 3 3 3 3 3 3 3 3 3 3 3 3 3 3 3 3 3 3 3 3 3 3 3 3 3 3 3 3 3 3 3 3 3 3 3 3 3 3 3 3 3 3 3 3 3 3 3 3 3 3 3 3 3 3 3 3 3 3 3 3 3 3 3 3 3 3 3 3 3 3 3 3 3 3 3 3 3 3 3 3 3 3 3 3 3 3 3 3 3 3 3 3 3 3 3 3 3 3 3 3 3 3 3 3 3 3 3 3 3 3 3 3 3 3 3 3 3 3 3 3 3 3 3 3 3 3 3 3 3 3 3 3 3 3 3 3 3 3 3 3 3 3 3 3 3 3 3 3 3 3 3 3 3 3 3 3 3 3 3 3 3 3 3 3 3 3 3 3 3 3 3 3 3 3 3 3 3 3 3 3 3 3 3 3 3 3 3 3 3 3 3 3 3 3 3 3 3 3 3 3 3 3 3 3 3 3 3 3 3 3 3 3 3 3 3 3 3 3 3 3 3 3 3 3 3 3 3 3 3 3 3 3 3 3 3 3 3 3 3 3 3 3 3 3 3 3 3 3 3 3 3 3 3 3 3 3 3 3 3 3 3 3 3 3 3 3 3 3 3 3 3 3 3 3 3 3 3 3 3 3 3 3 3 3 3 3 3 3 3 3 3 3 3 3 3 3 3 3 3 3 3 3 3 3 3 3 3 3 3 3 3 3 3 3 3 3 3 3 3 3 3 3 3 3 3 3 3 3 3 3 3 3 3 3 3 3 3 3 3 3 3 3 3 3 3 3 3 3 3 3 3 3 3 3 3 3 3 3 3 3 3 3 3 3 3 3 3 3 3 3 3 3 3 3 3 3 3 3 3 3 3 3 3 3 3 3 3 3 3 3 3 3 3 3 3 3 3 3 3 3 3 3 3 3 3 3 3 3 3 3 3 3 3 3 3 3 3 3 3 3 3 3 3 3 3 3 3 3 3 3 3 3 3 3 3 3 3 3 3 3 3 3 3 3 3 3 3 3 3 3 3 3 3 3 3 3 3 3 3 3 3 3 3 3 3 3 3 3 3 3 3 3 3 3 3 3 3 3 3 3 3 3 3 3 3 3 3 3 3 3 3 3 3 3 3 3 3 3 3 3 3 3 3 3 3 3 3 3 3 3 3 3 3 3 3 3 3 3 3 3 3 3 3 3 3 3 3 3 3 3 3 3 3 3 3 3 3 3 3 3 3 3 3 3 3 3 3 3 3 3 3 3 3 3 3 3 3 3 3 3 3 3 3 3 3 3 3 3 3 3 3 3 3 3 3 3 3 3 3 3 3 3 3 3 3 3 3 3 3 3 3 3 3 3 3 3 3 3 3 3 3 3 3 3 3 3 3 3 3 3 3 3 3 3 3 3 3 3 3 3 3 3 3 3 3 3 3 3 3 3 3 3 3 3 3 3 3 3 3 3 3 3 3 3 3 3 3 3 3 3 3 3 3 3 3 3 3 3 3 3 3 3 3 3 3 3 3 3 3 3 3 3 3 3 3 3 3 3 3 3 3 3 3 3 3 3 3 3 3 3 3 3 3 3 3 3 3 3 3 3 3 3 3 3 3 3 3 3 3 3 3 3 3 3 3 3 3 3 3 3 3 3 3 3 3 3 3 3 3 3 3 3 3 3 3 3 3 3 3 3 3 3 3 3 3 3 3 3 3 3 3 3 3 3 3 3 3 3 3 3 3 3 3 3 3 3 3 3 3 3 3 3 3 3 3 3 3 3 3 3 3 3 3 3 3 3 3 3 3 3 3 3 3 3 3 3 3 3 3 3 3 3 3 3 3 3 3 3 3 3 3 3 3 3 3 3 3 3 3 3 3 3 3 3 3 3 3 3 3 3 3 3 3 3 3 3 3 3 3 3 3 3 3 3 3 3 3 3 3 3 3 3 3 3 3 3 3 3 3 3 3 3 3 3 3 3 3 3 3 3 3 3 3 3 3 3 3 3 3 3 3 3 3 3 3 3 3 3 3 3 3 3 3 3 3 3 3 3 3 3 3 3 3 3 3 3 3 3 3 3 3 3 3 3 3 3 3 3 3 3 3 3 3 3 3 3 3 3 3 3 3 3 3 3 3 3 3 3 3 3 3 3 3 3 3 3 3 3 3 3 3 3 3 3 3 3 3 3 3 3 3 3 3 3 3 3 3 3 3 3 3 3 3 3 3 3 3 3 3 3 3 3 3 3 3 3 3 3 3 3 3 3 3 3 3 3 3 3 3 3 3 3 3 3 3 3 3 3 3 3 3 3 3 3 3 3 3 3 3 3 3 3 3 3 3 3 3 3 3 3 3 3 3 3 3 3 3 3 3 3 3 3 3 3 3 3 3 3 3 3 3 3 3 3 3 3 3 3 3 3 3 3 3 3 3 3 3 3 3 3 3 3 3 3 3 3 3 3 3 3 3 3 3 3 3 3 3 3 3 3 3 3 3 3 3 3 3 3 3 3 3 3 3 3 3 3 3 3 3 3 3 3 3 3 3 3 3 3 3 3 3 3 3 3 3 3 3 3 3 3 3 3 3 3 3 3 3 3 3 3 3 3 3 3 3 3 3 3 3 3 3 3 3 3 3 3 3 3 3 3 3 3 3 3 3 3 3 3 3 3 3 3 3 3 3 3 3 3 3 3 3 3 3 3 3 3 3 3 3 3 3 3 3 3 3 3 3 3 3 3 3 3 3 3 3 3 3 3 3 3 3 3 3 3 3 3 3 3 3 3 3 3 3 3 3 3 3 3 3 3 3 3 3 3 3 3 3 3 3 3 3 3 3 3 3 3 3 3 3 3 3 3 3 3 3 3 3 3 3 3 3 3 3 3 3 3 3 3 3 3 3 3 3 3 3 3 3 3 3 3 3 3 3 3 3 3 3 3 3 3 3 3 3 3 3 3 3 3 3 3 3 3 3 3 3 3 3 3 3 3 3 3 3 3 3 3 3 3 3 3 3 3 3 3 3 3 3 3 3 3 3 3 3 3 3 3 3 3 3 3 3 3 3 3 3 3 3 3 3 3 3 3 3 3 3 3 3 3 3 3 3 3 3 3 3 3 3 3 3 3 3 3 3 3 3 3 3 3 3 3 3 3 3 3 3 3 3 3 3 3 3 3 3 3 3 3 3 3 3 3 3 3 3 3 3 3 3 3 3 3 3 3 3 3 3 3 3 3 3 3 3 3 3 3 3 3 3 3 3 3 3 3 3 3 3 3 3 3 3 3 3 3 3 3 3 3 3 3 3 3 3 3 3 3 3 3 3 3 3 3 3 3 3 3 3 3 3 3 3 3 3 3 3 3 3 3 3 3 3 3 3 3 3 3 3 3 3 3 3 3 3 3 3 3 3 3 3 3 3 3 3 3 3 3 3 3 3 3 3 3 3 3 3 3 3 3 3 3 3 3 3 3 3 3 3 3 3 3 3 3 3 3 3 3 3 3 3 3 3 3 3 3 3 3 3 3 3 3 3 3 3 3 3 3 3 3 3 3 3 3 3 3 3 3 3 3 3 3 3 3 3 3 3 3 3 3 3 3 3 3 3 3 3 3 3 3 3 3 3 3 3 3 3 3 3 3 3 3 3 3 3 3 3 3 3 3 3 3 3 3 3 3 3 3 3 3 3 3 3 3 3 3 3 3 3 3 3 3 3 3 3 3 3 3 3 3 3 3 3 3 3 3 3 3 3 3 3 3 3 3 3 3 3 3 3 3 3 3 3 3 3 3 3 3 3 3 3 3 3 3 3 3 3 3 3 3 3 3 3 3 3 3 3 3 3 3 3 3 3 3 3 3 3 3 3 3 3 3 3 3 3 3 3 3 3 3 3 3 3 3 3 3 3 3 3 3 3 3 3 3 3 3 3 3 3 3 3 3 3 3 3 3 3 3 3 3 3 3 3 3 3 3 3 3 3 3 3 3 3 3 3 3 3 3 3 3 3 3 3 3 3 3 3 3 3 3 3 3 3 3 3 3 3 3 3 3 3 3 3 3 3 3 3 3 3 3 3 3 3 3 3 3 3 3 3 3 3 3 3 3 3 3 3 3 3 3 3 3 3 3 3 3 3 3 3 3 3 3 3 3 3 3 3 3 3 3 3 3 3 3 3 3 3 3 3 3</vcount>
          <p>1 0 0 2 0 1 3 0 2 1 1 3 3 1 4 4 1 5 2 2 6 1 2 7 5 2 8 2 3 9 5 3 10 6 3 11 6 4 12 5 4 13 7 4 14 7 5 15 5 5 16 8 5 17 5 6 18 1 6 19 9 6 20 8 7 21 5 7 22 10 7 23 10 8 24 5 8 25 9 8 26 10 9 27 9 9 28 1 9 29 8 10 30 10 10 31 11 10 32 12 11 33 1 11 34 4 11 35 1 12 36 12 12 37 10 12 38 10 13 39 12 13 40 11 13 41 12 14 42 4 14 43 13 14 44 11 15 45 12 15 46 14 15 47 14 16 48 12 16 49 13 16 50 14 17 51 13 17 52 15 17 53 14 18 54 15 18 55 16 18 56 16 19 57 15 19 58 17 19 59 16 20 60 17 20 61 18 20 62 19 21 63 20 21 64 21 21 65 21 22 66 20 22 67 22 22 68 21 23 69 22 23 70 23 23 71 23 24 72 22 24 73 24 24 74 23 25 75 24 25 76 25 25 77 26 26 78 27 26 79 28 26 80 27 27 81 26 27 82 29 27 83 29 28 84 26 28 85 30 28 86 28 29 87 27 29 88 31 29 89 31 30 90 27 30 91 32 30 92 28 31 93 31 31 94 33 31 95 28 32 96 33 32 97 34 32 98 34 33 99 33 33 100 35 33 101 34 34 102 35 34 103 36 34 104 34 35 105 36 35 106 37 35 107 28 36 108 34 36 109 38 36 110 38 37 111 34 37 112 37 37 113 28 38 114 38 38 115 26 38 116 38 39 117 37 39 118 39 39 119 38 40 120 39 40 121 26 40 122 39 41 123 37 41 124 40 41 125 26 42 126 39 42 127 41 42 128 41 43 129 39 43 130 40 43 131 26 44 132 41 44 133 30 44 134 30 45 135 41 45 136 42 45 137 41 46 138 40 46 139 43 46 140 41 47 141 43 47 142 42 47 143 42 48 144 43 48 145 44 48 146 43 49 147 40 49 148 45 49 149 44 50 150 43 50 151 46 50 152 43 51 153 45 51 154 47 51 155 43 52 156 47 52 157 46 52 158 46 53 159 47 53 160 48 53 161 47 54 162 45 54 163 49 54 164 48 55 165 47 55 166 50 55 167 50 56 168 47 56 169 49 56 170 50 57 171 49 57 172 51 57 173 52 58 174 53 58 175 54 58 176 55 59 177 56 59 178 54 59 179 55 60 180 54 60 181 57 60 182 57 61 183 54 61 184 58 61 185 58 62 186 54 62 187 53 62 188 58 63 189 53 63 190 59 63 191 60 64 192 61 64 193 53 64 194 53 65 195 61 65 196 62 65 197 53 66 198 62 66 199 59 66 200 59 67 201 62 67 202 63 67 203 59 68 204 63 68 205 64 68 206 59 69 207 64 69 208 65 69 209 66 70 210 67 70 211 68 70 212 68 71 213 67 71 214 69 71 215 68 72 216 69 72 217 70 72 218 70 73 219 69 73 220 71 73 221 72 74 222 73 74 223 74 74 224 74 75 225 73 75 226 75 75 227 73 76 228 72 76 229 76 76 230 73 77 231 76 77 232 77 77 233 77 78 234 76 78 235 78 78 236 77 79 237 78 79 238 79 79 239 80 80 240 81 80 241 82 80 242 80 81 243 82 81 244 83 81 245 83 82 246 82 82 247 84 82 248 84 83 249 82 83 250 85 83 251 85 84 252 82 84 253 86 84 254 85 85 255 86 85 256 87 85 257 86 86 258 82 86 259 88 86 260 87 87 261 86 87 262 89 87 263 86 88 264 88 88 265 90 88 266 86 89 267 90 89 268 89 89 269 91 90 270 92 90 271 93 90 272 91 91 273 93 91 274 94 91 275 91 92 276 94 92 277 95 92 278 96 93 279 97 93 280 98 93 281 97 94 282 96 94 283 99 94 284 97 95 285 99 95 286 100 95 287 98 96 288 97 96 289 101 96 290 98 97 291 101 97 292 102 97 293 101 98 294 97 98 295 103 98 296 103 99 297 97 99 298 104 99 299 105 100 300 106 100 301 107 100 302 107 101 303 106 101 304 108 101 305 106 102 306 105 102 307 109 102 308 110 103 309 111 103 310 112 103 311 111 104 312 110 104 313 113 104 314 110 105 315 113 105 316 114 105 317 114 106 318 113 106 319 115 106 320 115 107 321 114 107 322 116 107 323 117 108 324 118 108 325 119 108 326 120 109 327 121 109 328 122 109 329 120 110 330 122 110 331 123 110 332 124 111 333 125 111 334 126 111 335 126 112 336 125 112 337 127 112 338 126 113 339 127 113 340 128 113 341 128 114 342 127 114 343 129 114 344 130 115 345 131 115 346 132 115 347 130 116 348 132 116 349 133 116 350 131 117 351 130 117 352 134 117 353 132 118 354 131 118 355 135 118 356 131 119 357 134 119 358 136 119 359 135 120 360 131 120 361 137 120 362 137 121 363 131 121 364 136 121 365 136 122 366 134 122 367 138 122 368 136 123 369 138 123 370 137 123 371 138 124 372 134 124 373 139 124 374 138 125 375 139 125 376 140 125 377 137 126 378 138 126 379 141 126 380 137 127 381 141 127 382 135 127 383 138 128 384 140 128 385 142 128 386 138 129 387 142 129 388 141 129 389 142 130 390 140 130 391 143 130 392 135 131 393 141 131 394 144 131 395 144 132 396 141 132 397 142 132 398 135 133 399 144 133 400 145 133 401 145 134 402 144 134 403 146 134 404 144 135 405 142 135 406 147 135 407 144 136 408 147 136 409 148 136 410 149 137 411 150 137 412 151 137 413 150 138 414 149 138 415 152 138 416 149 139 417 151 139 418 153 139 419 152 140 420 149 140 421 154 140 422 149 141 423 153 141 424 155 141 425 149 142 426 155 142 427 154 142 428 152 143 429 154 143 430 156 143 431 152 144 432 156 144 433 157 144 434 157 145 435 156 145 436 158 145 437 158 146 438 156 146 439 154 146 440 157 147 441 158 147 442 159 147 443 158 148 444 154 148 445 160 148 446 160 149 447 154 149 448 155 149 449 161 150 450 155 150 451 153 150 452 155 151 453 161 151 454 160 151 455 161 152 456 153 152 457 162 152 458 160 153 459 161 153 460 163 153 461 161 154 462 162 154 463 164 154 464 163 155 465 161 155 466 165 155 467 161 156 468 164 156 469 166 156 470 161 157 471 166 157 472 165 157 473 166 158 474 164 158 475 167 158 476 165 159 477 166 159 478 168 159 479 165 160 480 168 160 481 169 160 482 166 161 483 167 161 484 170 161 485 166 162 486 170 162 487 168 162 488 170 163 489 167 163 490 171 163 491 168 164 492 170 164 493 172 164 494 172 165 495 170 165 496 171 165 497 168 166 498 172 166 499 173 166 500 172 167 501 171 167 502 174 167 503 173 168 504 172 168 505 175 168 506 172 169 507 174 169 508 176 169 509 172 170 510 176 170 511 175 170 512 176 171 513 174 171 514 177 171 515 178 172 516 175 172 517 179 172 518 179 173 519 175 173 520 180 173 521 179 174 522 180 174 523 181 174 524 180 175 525 175 175 526 182 175 527 180 176 528 182 176 529 183 176 530 182 177 531 175 177 532 176 177 533 176 178 534 177 178 535 184 178 536 182 179 537 176 179 538 185 179 539 182 180 540 185 180 541 186 180 542 176 181 543 184 181 544 187 181 545 176 182 546 187 182 547 185 182 548 177 183 549 184 183 550 188 183 551 188 184 552 184 184 553 187 184 554 188 185 555 177 185 556 189 185 557 188 186 558 189 186 559 190 186 560 185 187 561 187 187 562 191 187 563 191 188 564 187 188 565 188 188 566 191 189 567 185 189 568 192 189 569 190 190 570 188 190 571 193 190 572 193 191 573 190 191 574 194 191 575 191 192 576 188 192 577 195 192 578 191 193 579 195 193 580 192 193 581 188 194 582 193 194 583 196 194 584 196 195 585 193 195 586 194 195 587 188 196 588 196 196 589 195 196 590 196 197 591 194 197 592 197 197 593 195 198 594 196 198 595 198 198 596 195 199 597 198 199 598 192 199 599 198 200 600 196 200 601 197 200 602 192 201 603 198 201 604 199 201 605 199 202 606 198 202 607 197 202 608 192 203 609 199 203 610 200 203 611 199 204 612 197 204 613 201 204 614 199 205 615 201 205 616 202 205 617 203 206 618 204 206 619 205 206 620 204 207 621 203 207 622 206 207 623 206 208 624 203 208 625 207 208 626 206 209 627 207 209 628 208 209 629 203 210 630 205 210 631 209 210 632 209 211 633 205 211 634 210 211 635 209 212 636 210 212 637 211 212 638 203 213 639 209 213 640 212 213 641 203 214 642 212 214 643 207 214 644 212 215 645 209 215 646 213 215 647 207 216 648 212 216 649 214 216 650 214 217 651 212 217 652 213 217 653 214 218 654 213 218 655 215 218 656 216 219 657 217 219 658 218 219 659 217 220 660 216 220 661 219 220 662 217 221 663 219 221 664 220 221 665 221 222 666 222 222 667 223 222 668 223 223 669 221 223 670 224 223 671 225 224 672 226 224 673 227 224 674 227 225 675 226 225 676 228 225 677 227 226 678 228 226 679 229 226 680 229 227 681 228 227 682 230 227 683 227 228 684 229 228 685 231 228 686 227 229 687 231 229 688 232 229 689 232 230 690 231 230 691 233 230 692 233 231 693 231 231 694 229 231 695 233 232 696 229 232 697 234 232 698 233 233 699 234 233 700 235 233 701 233 234 702 235 234 703 236 234 704 236 235 705 235 235 706 237 235 707 236 236 708 237 236 709 238 236 710 238 237 711 237 237 712 239 237 713 239 238 714 237 238 715 240 238 716 239 239 717 240 239 718 241 239 719 239 240 720 241 240 721 242 240 722 242 241 723 241 241 724 243 241 725 243 242 726 242 242 727 244 242 728 244 243 729 242 243 730 245 243 731 244 244 732 245 244 733 246 244 734 246 245 735 244 245 736 247 245 737 246 246 738 247 246 739 248 246 740 246 247 741 248 247 742 249 247 743 249 248 744 248 248 745 250 248 746 250 249 747 248 249 748 251 249 749 250 250 750 251 250 751 252 250 752 250 251 753 252 251 754 253 251 755 254 252 756 255 252 757 256 252 758 255 253 759 254 253 760 257 253 761 258 254 762 259 254 763 260 254 764 260 255 765 259 255 766 261 255 767 260 256 768 261 256 769 262 256 770 260 257 771 262 257 772 263 257 773 258 258 774 260 258 775 264 258 776 264 259 777 260 259 778 263 259 779 258 260 780 264 260 781 265 260 782 264 261 783 263 261 784 266 261 785 264 262 786 266 262 787 265 262 788 265 263 789 266 263 790 267 263 791 268 264 792 269 264 793 270 264 794 269 265 795 268 265 796 271 265 797 270 266 798 269 266 799 272 266 800 270 267 801 272 267 802 273 267 803 269 268 804 271 268 805 274 268 806 274 269 807 271 269 808 275 269 809 275 270 810 271 270 811 276 270 812 275 271 813 276 271 814 277 271 815 277 272 816 276 272 817 278 272 818 269 273 819 274 273 820 279 273 821 269 274 822 279 274 823 272 274 824 279 275 825 274 275 826 280 275 827 279 276 828 280 276 829 272 276 830 280 277 831 274 277 832 281 277 833 280 278 834 281 278 835 282 278 836 280 279 837 282 279 838 283 279 839 284 280 840 283 280 841 285 280 842 283 281 843 284 281 844 286 281 845 280 282 846 283 282 847 287 282 848 280 283 849 287 283 850 272 283 851 287 284 852 283 284 853 286 284 854 272 285 855 287 285 856 288 285 857 272 286 858 288 286 859 273 286 860 273 287 861 288 287 862 289 287 863 288 288 864 287 288 865 290 288 866 288 289 867 290 289 868 289 289 869 290 290 870 287 290 871 286 290 872 289 291 873 290 291 874 291 291 875 291 292 876 290 292 877 286 292 878 292 293 879 293 293 880 294 293 881 292 294 882 294 294 883 295 294 884 293 295 885 292 295 886 296 295 887 292 296 888 295 296 889 297 296 890 292 297 891 297 297 892 298 297 893 292 298 894 298 298 895 296 298 896 298 299 897 297 299 898 299 299 899 296 300 900 298 300 901 300 300 902 300 301 903 298 301 904 299 301 905 296 302 906 300 302 907 301 302 908 302 303 909 299 303 910 303 303 911 302 304 912 299 304 913 304 304 914 304 305 915 299 305 916 305 305 917 305 306 918 299 306 919 306 306 920 299 307 921 306 307 922 300 307 923 306 308 924 305 308 925 307 308 926 306 309 927 307 309 928 308 309 929 300 310 930 306 310 931 309 310 932 309 311 933 306 311 934 308 311 935 300 312 936 309 312 937 301 312 938 309 313 939 308 313 940 310 313 941 309 314 942 310 314 943 301 314 944 310 315 945 308 315 946 311 315 947 301 316 948 310 316 949 312 316 950 313 317 951 314 317 952 315 317 953 316 318 954 317 318 955 318 318 956 319 319 957 320 319 958 321 319 959 322 320 960 323 320 961 324 320 962 325 321 963 326 321 964 327 321 965 328 322 966 329 322 967 330 322 968 329 323 969 328 323 970 331 323 971 331 324 972 328 324 973 332 324 974 331 325 975 332 325 976 333 325 977 331 326 978 333 326 979 329 326 980 333 327 981 332 327 982 334 327 983 329 328 984 333 328 985 335 328 986 329 329 987 335 329 988 336 329 989 335 330 990 333 330 991 337 330 992 335 331 993 336 331 994 338 331 995 338 332 996 335 332 997 337 332 998 338 333 999 337 333 1000 339 333 1001 340 334 1002 341 334 1003 342 334 1004 341 335 1005 340 335 1006 343 335 1007 340 336 1008 342 336 1009 344 336 1010 344 337 1011 342 337 1012 345 337 1013 343 338 1014 340 338 1015 346 338 1016 346 339 1017 340 339 1018 344 339 1019 347 340 1020 348 340 1021 343 340 1022 347 341 1023 343 341 1024 349 341 1025 349 342 1026 343 342 1027 346 342 1028 347 343 1029 349 343 1030 350 343 1031 350 344 1032 349 344 1033 351 344 1034 349 345 1035 346 345 1036 352 345 1037 349 346 1038 352 346 1039 351 346 1040 352 347 1041 346 347 1042 344 347 1043 351 348 1044 352 348 1045 353 348 1046 353 349 1047 352 349 1048 344 349 1049 354 350 1050 355 350 1051 356 350 1052 354 351 1053 356 351 1054 357 351 1055 357 352 1056 356 352 1057 358 352 1058 357 353 1059 358 353 1060 359 353 1061 358 354 1062 356 354 1063 360 354 1064 361 355 1065 362 355 1066 363 355 1067 364 356 1068 365 356 1069 366 356 1070 365 357 1071 364 357 1072 367 357 1073 365 358 1074 367 358 1075 368 358 1076 366 359 1077 365 359 1078 369 359 1079 366 360 1080 369 360 1081 370 360 1082 369 361 1083 365 361 1084 371 361 1085 372 362 1086 373 362 1087 374 362 1088 373 363 1089 372 363 1090 375 363 1091 373 364 1092 375 364 1093 376 364 1094 373 365 1095 376 365 1096 377 365 1097 377 366 1098 376 366 1099 378 366 1100 378 367 1101 376 367 1102 379 367 1103 378 368 1104 379 368 1105 380 368 1106 380 369 1107 379 369 1108 381 369 1109 382 370 1110 383 370 1111 384 370 1112 384 371 1113 383 371 1114 385 371 1115 382 372 1116 384 372 1117 386 372 1118 382 373 1119 386 373 1120 387 373 1121 387 374 1122 386 374 1123 388 374 1124 386 375 1125 384 375 1126 389 375 1127 386 376 1128 388 376 1129 390 376 1130 390 377 1131 386 377 1132 389 377 1133 389 378 1134 384 378 1135 391 378 1136 389 379 1137 391 379 1138 390 379 1139 391 380 1140 384 380 1141 392 380 1142 390 381 1143 391 381 1144 393 381 1145 393 382 1146 391 382 1147 394 382 1148 388 383 1149 390 383 1150 395 383 1151 395 384 1152 390 384 1153 393 384 1154 388 385 1155 395 385 1156 396 385 1157 388 386 1158 396 386 1159 397 386 1160 397 387 1161 396 387 1162 398 387 1163 396 388 1164 395 388 1165 399 388 1166 399 389 1167 395 389 1168 393 389 1169 398 390 1170 396 390 1171 400 390 1172 400 391 1173 396 391 1174 399 391 1175 398 392 1176 400 392 1177 401 392 1178 398 393 1179 401 393 1180 402 393 1181 402 394 1182 401 394 1183 403 394 1184 402 395 1185 403 395 1186 404 395 1187 401 396 1188 400 396 1189 405 396 1190 405 397 1191 400 397 1192 399 397 1193 403 398 1194 401 398 1195 406 398 1196 406 399 1197 401 399 1198 405 399 1199 403 400 1200 406 400 1201 407 400 1202 407 401 1203 406 401 1204 408 401 1205 407 402 1206 408 402 1207 409 402 1208 406 403 1209 405 403 1210 410 403 1211 410 404 1212 405 404 1213 399 404 1214 406 405 1215 410 405 1216 408 405 1217 410 406 1218 399 406 1219 393 406 1220 408 407 1221 410 407 1222 394 407 1223 394 408 1224 410 408 1225 393 408 1226 412 409 1227 411 409 1228 413 409 1229 411 410 1230 413 410 1231 414 410 1232 414 411 1233 413 411 1234 415 411 1235 416 412 1236 417 412 1237 412 412 1238 412 413 1239 417 413 1240 418 413 1241 412 414 1242 418 414 1243 413 414 1244 418 415 1245 417 415 1246 419 415 1247 415 416 1248 413 416 1249 420 416 1250 418 417 1251 419 417 1252 421 417 1253 418 418 1254 421 418 1255 413 418 1256 421 419 1257 419 419 1258 422 419 1259 413 420 1260 421 420 1261 423 420 1262 423 421 1263 421 421 1264 424 421 1265 413 422 1266 423 422 1267 420 422 1268 425 423 1269 426 423 1270 420 423 1271 425 424 1272 420 424 1273 427 424 1274 427 425 1275 420 425 1276 428 425 1277 428 426 1278 420 426 1279 423 426 1280 429 427 1281 430 427 1282 428 427 1283 429 428 1284 428 428 1285 431 428 1286 431 429 1287 428 429 1288 423 429 1289 431 430 1290 423 430 1291 432 430 1292 431 431 1293 432 431 1294 433 431 1295 432 432 1296 423 432 1297 434 432 1298 435 433 1299 436 433 1300 437 433 1301 438 434 1302 439 434 1303 440 434 1304 439 435 1305 438 435 1306 441 435 1307 441 436 1308 438 436 1309 440 436 1310 442 437 1311 443 437 1312 444 437 1313 442 438 1314 444 438 1315 445 438 1316 446 439 1317 447 439 1318 448 439 1319 446 440 1320 448 440 1321 449 440 1322 450 441 1323 451 441 1324 452 441 1325 451 442 1326 452 442 1327 453 442 1328 453 443 1329 451 443 1330 454 443 1331 452 444 1332 453 444 1333 455 444 1334 455 445 1335 452 445 1336 456 445 1337 453 446 1338 454 446 1339 457 446 1340 453 447 1341 457 447 1342 455 447 1343 455 448 1344 456 448 1345 458 448 1346 458 449 1347 455 449 1348 457 449 1349 456 450 1350 458 450 1351 459 450 1352 459 451 1353 456 451 1354 460 451 1355 459 452 1356 458 452 1357 461 452 1358 461 453 1359 458 453 1360 457 453 1361 460 454 1362 459 454 1363 462 454 1364 462 455 1365 459 455 1366 461 455 1367 460 456 1368 462 456 1369 463 456 1370 463 457 1371 460 457 1372 464 457 1373 464 458 1374 463 458 1375 465 458 1376 465 459 1377 463 459 1378 466 459 1379 466 460 1380 463 460 1381 462 460 1382 466 461 1383 462 461 1384 461 461 1385 461 462 1386 466 462 1387 467 462 1388 461 463 1389 467 463 1390 457 463 1391 466 464 1392 467 464 1393 468 464 1394 468 465 1395 467 465 1396 469 465 1397 469 466 1398 467 466 1399 457 466 1400 468 467 1401 469 467 1402 470 467 1403 470 468 1404 469 468 1405 471 468 1406 469 469 1407 457 469 1408 472 469 1409 469 470 1410 472 470 1411 471 470 1412 472 471 1413 457 471 1414 454 471 1415 471 472 1416 472 472 1417 473 472 1418 472 473 1419 454 473 1420 474 473 1421 473 474 1422 472 474 1423 475 474 1424 475 475 1425 472 475 1426 474 475 1427 476 476 1428 477 476 1429 478 476 1430 477 477 1431 478 477 1432 479 477 1433 478 478 1434 479 478 1435 480 478 1436 481 479 1437 482 479 1438 483 479 1439 484 480 1440 485 480 1441 486 480 1442 484 481 1443 486 481 1444 487 481 1445 484 482 1446 487 482 1447 488 482 1448 488 483 1449 487 483 1450 489 483 1451 489 484 1452 487 484 1453 490 484 1454 489 485 1455 490 485 1456 491 485 1457 489 486 1458 491 486 1459 492 486 1460 489 487 1461 492 487 1462 493 487 1463 493 488 1464 492 488 1465 494 488 1466 489 489 1467 493 489 1468 495 489 1469 493 490 1470 494 490 1471 496 490 1472 495 491 1473 493 491 1474 497 491 1475 497 492 1476 493 492 1477 496 492 1478 497 493 1479 495 493 1480 498 493 1481 496 494 1482 494 494 1483 499 494 1484 496 495 1485 499 495 1486 500 495 1487 500 496 1488 499 496 1489 501 496 1490 502 497 1491 503 497 1492 504 497 1493 505 498 1494 506 498 1495 507 498 1496 508 499 1497 506 499 1498 509 499 1499 510 500 1500 511 500 1501 509 500 1502 510 501 1503 509 501 1504 506 501 1505 506 502 1506 505 502 1507 512 502 1508 512 503 1509 505 503 1510 513 503 1511 513 504 1512 505 504 1513 514 504 1514 513 505 1515 514 505 1516 515 505 1517 513 506 1518 515 506 1519 516 506 1520 513 507 1521 516 507 1522 517 507 1523 513 508 1524 517 508 1525 512 508 1526 517 509 1527 516 509 1528 518 509 1529 517 510 1530 518 510 1531 519 510 1532 512 511 1533 517 511 1534 520 511 1535 520 512 1536 517 512 1537 519 512 1538 512 513 1539 520 513 1540 506 513 1541 520 514 1542 519 514 1543 521 514 1544 506 515 1545 520 515 1546 522 515 1547 522 516 1548 520 516 1549 521 516 1550 506 517 1551 522 517 1552 510 517 1553 521 518 1554 522 518 1555 523 518 1556 522 519 1557 523 519 1558 524 519 1559 522 520 1560 524 520 1561 525 520 1562 522 521 1563 525 521 1564 526 521 1565 522 522 1566 526 522 1567 510 522 1568 510 523 1569 526 523 1570 527 523 1571 527 524 1572 510 524 1573 528 524 1574 528 525 1575 527 525 1576 529 525 1577 530 526 1578 531 526 1579 532 526 1580 533 527 1581 534 527 1582 535 527 1583 535 528 1584 533 528 1585 536 528 1586 533 529 1587 536 529 1588 537 529 1589 536 530 1590 535 530 1591 538 530 1592 536 531 1593 538 531 1594 537 531 1595 535 532 1596 538 532 1597 539 532 1598 533 533 1599 537 533 1600 540 533 1601 538 534 1602 539 534 1603 541 534 1604 541 535 1605 539 535 1606 542 535 1607 537 536 1608 538 536 1609 543 536 1610 543 537 1611 538 537 1612 541 537 1613 540 538 1614 537 538 1615 544 538 1616 544 539 1617 537 539 1618 543 539 1619 540 540 1620 544 540 1621 545 540 1622 544 541 1623 543 541 1624 541 541 1625 545 542 1626 544 542 1627 546 542 1628 541 543 1629 542 543 1630 547 543 1631 546 544 1632 544 544 1633 548 544 1634 548 545 1635 544 545 1636 541 545 1637 546 546 1638 548 546 1639 549 546 1640 546 547 1641 549 547 1642 550 547 1643 550 548 1644 549 548 1645 551 548 1646 549 549 1647 548 549 1648 552 549 1649 549 550 1650 552 550 1651 553 550 1652 548 551 1653 541 551 1654 554 551 1655 548 552 1656 554 552 1657 552 552 1658 552 553 1659 554 553 1660 553 553 1661 541 554 1662 554 554 1663 547 554 1664 553 555 1665 554 555 1666 555 555 1667 555 556 1668 554 556 1669 547 556 1670 555 557 1671 547 557 1672 556 557 1673 557 558 1674 558 558 1675 559 558 1676 560 559 1677 561 559 1678 562 559 1679 562 560 1680 561 560 1681 563 560 1682 563 561 1683 561 561 1684 564 561 1685 564 562 1686 561 562 1687 565 562 1688 565 563 1689 561 563 1690 566 563 1691 567 564 1692 568 564 1693 569 564 1694 567 565 1695 569 565 1696 570 565 1697 571 566 1698 572 566 1699 573 566 1700 573 567 1701 572 567 1702 574 567 1703 573 568 1704 574 568 1705 575 568 1706 573 569 1707 575 569 1708 576 569 1709 574 570 1710 575 570 1711 577 570 1712 575 571 1713 577 571 1714 576 571 1715 577 572 1716 574 572 1717 578 572 1718 573 573 1719 576 573 1720 579 573 1721 576 574 1722 579 574 1723 577 574 1724 573 575 1725 579 575 1726 580 575 1727 577 576 1728 579 576 1729 581 576 1730 581 577 1731 577 577 1732 582 577 1733 583 578 1734 584 578 1735 585 578 1736 583 579 1737 585 579 1738 586 579 1739 587 580 1740 588 580 1741 589 580 1742 587 581 1743 589 581 1744 590 581 1745 591 582 1746 592 582 1747 593 582 1748 591 583 1749 593 583 1750 594 583 1751 594 584 1752 593 584 1753 595 584 1754 594 585 1755 595 585 1756 596 585 1757 597 586 1758 598 586 1759 599 586 1760 597 587 1761 599 587 1762 600 587 1763 600 588 1764 599 588 1765 601 588 1766 600 589 1767 601 589 1768 602 589 1769 602 590 1770 601 590 1771 603 590 1772 604 591 1773 605 591 1774 606 591 1775 605 592 1776 604 592 1777 607 592 1778 605 593 1779 607 593 1780 608 593 1781 605 594 1782 606 594 1783 609 594 1784 606 595 1785 609 595 1786 610 595 1787 610 596 1788 609 596 1789 611 596 1790 605 597 1791 609 597 1792 612 597 1793 609 598 1794 612 598 1795 611 598 1796 605 599 1797 608 599 1798 613 599 1799 605 600 1800 613 600 1801 612 600 1802 613 601 1803 608 601 1804 614 601 1805 613 602 1806 614 602 1807 615 602 1808 613 603 1809 615 603 1810 612 603 1811 615 604 1812 614 604 1813 616 604 1814 611 605 1815 612 605 1816 617 605 1817 617 606 1818 612 606 1819 615 606 1820 617 607 1821 615 607 1822 616 607 1823 611 608 1824 617 608 1825 618 608 1826 618 609 1827 617 609 1828 619 609 1829 619 610 1830 617 610 1831 620 610 1832 621 611 1833 622 611 1834 623 611 1835 622 612 1836 621 612 1837 624 612 1838 621 613 1839 623 613 1840 625 613 1841 624 614 1842 621 614 1843 626 614 1844 625 615 1845 623 615 1846 627 615 1847 625 616 1848 627 616 1849 628 616 1850 628 617 1851 627 617 1852 629 617 1853 624 618 1854 626 618 1855 630 618 1856 630 619 1857 626 619 1858 631 619 1859 630 620 1860 631 620 1861 632 620 1862 633 621 1863 634 621 1864 635 621 1865 633 622 1866 635 622 1867 636 622 1868 634 623 1869 633 623 1870 637 623 1871 634 624 1872 637 624 1873 638 624 1874 638 625 1875 637 625 1876 639 625 1877 637 626 1878 633 626 1879 640 626 1880 640 627 1881 633 627 1882 641 627 1883 641 628 1884 633 628 1885 642 628 1886 643 629 1887 644 629 1888 645 629 1889 645 630 1890 644 630 1891 646 630 1892 646 631 1893 644 631 1894 647 631 1895 646 632 1896 647 632 1897 648 632 1898 649 633 1899 650 633 1900 651 633 1901 649 634 1902 651 634 1903 652 634 1904 649 635 1905 652 635 1906 653 635 1907 654 636 1908 655 636 1909 656 636 1910 656 637 1911 655 637 1912 657 637 1913 654 638 1914 656 638 1915 658 638 1916 658 639 1917 656 639 1918 657 639 1919 658 640 1920 657 640 1921 659 640 1922 654 641 1923 658 641 1924 660 641 1925 658 642 1926 659 642 1927 661 642 1928 660 643 1929 658 643 1930 662 643 1931 660 644 1932 662 644 1933 663 644 1934 658 645 1935 661 645 1936 664 645 1937 658 646 1938 664 646 1939 662 646 1940 662 647 1941 664 647 1942 663 647 1943 664 648 1944 661 648 1945 665 648 1946 663 649 1947 664 649 1948 666 649 1949 666 650 1950 664 650 1951 665 650 1952 667 651 1953 668 651 1954 669 651 1955 669 652 1956 668 652 1957 670 652 1958 670 653 1959 668 653 1960 671 653 1961 670 654 1962 671 654 1963 672 654 1964 672 655 1965 671 655 1966 673 655 1967 670 656 1968 672 656 1969 674 656 1970 674 657 1971 672 657 1972 675 657 1973 675 658 1974 672 658 1975 676 658 1976 677 659 1977 678 659 1978 679 659 1979 678 660 1980 677 660 1981 680 660 1982 677 661 1983 679 661 1984 681 661 1985 680 662 1986 677 662 1987 682 662 1988 680 663 1989 682 663 1990 683 663 1991 677 664 1992 681 664 1993 684 664 1994 677 665 1995 684 665 1996 682 665 1997 684 666 1998 681 666 1999 685 666 2000 683 667 2001 682 667 2002 686 667 2003 682 668 2004 684 668 2005 687 668 2006 682 669 2007 687 669 2008 686 669 2009 684 670 2010 685 670 2011 688 670 2012 688 671 2013 684 671 2014 687 671 2015 687 672 2016 688 672 2017 686 672 2018 688 673 2019 685 673 2020 689 673 2021 686 674 2022 688 674 2023 690 674 2024 690 675 2025 688 675 2026 689 675 2027 686 676 2028 690 676 2029 691 676 2030 690 677 2031 689 677 2032 692 677 2033 693 678 2034 694 678 2035 695 678 2036 695 679 2037 694 679 2038 696 679 2039 693 680 2040 695 680 2041 697 680 2042 695 681 2043 696 681 2044 698 681 2045 695 682 2046 698 682 2047 697 682 2048 696 683 2049 698 683 2050 699 683 2051 699 684 2052 696 684 2053 700 684 2054 700 685 2055 696 685 2056 701 685 2057 693 686 2058 697 686 2059 702 686 2060 693 687 2061 702 687 2062 703 687 2063 702 688 2064 697 688 2065 704 688 2066 703 689 2067 702 689 2068 705 689 2069 705 690 2070 702 690 2071 704 690 2072 706 691 2073 707 691 2074 708 691 2075 708 692 2076 707 692 2077 709 692 2078 706 693 2079 708 693 2080 710 693 2081 710 694 2082 708 694 2083 711 694 2084 713 695 2085 712 695 2086 709 695 2087 709 696 2088 712 696 2089 714 696 2090 714 697 2091 709 697 2092 707 697 2093 715 698 2094 707 698 2095 706 698 2096 707 699 2097 715 699 2098 714 699 2099 706 700 2100 710 700 2101 716 700 2102 706 701 2103 716 701 2104 715 701 2105 716 702 2106 710 702 2107 717 702 2108 714 703 2109 715 703 2110 718 703 2111 718 704 2112 714 704 2113 719 704 2114 718 705 2115 715 705 2116 720 705 2117 720 706 2118 715 706 2119 716 706 2120 716 707 2121 717 707 2122 721 707 2123 716 708 2124 721 708 2125 720 708 2126 721 709 2127 717 709 2128 722 709 2129 720 710 2130 721 710 2131 723 710 2132 724 711 2133 725 711 2134 726 711 2135 726 712 2136 724 712 2137 727 712 2138 725 713 2139 724 713 2140 728 713 2141 725 714 2142 728 714 2143 729 714 2144 725 715 2145 729 715 2146 730 715 2147 728 716 2148 724 716 2149 731 716 2150 728 717 2151 731 717 2152 729 717 2153 729 718 2154 731 718 2155 732 718 2156 724 719 2157 731 719 2158 733 719 2159 731 720 2160 733 720 2161 734 720 2162 735 721 2163 736 721 2164 737 721 2165 736 722 2166 735 722 2167 738 722 2168 738 723 2169 735 723 2170 739 723 2171 737 724 2172 736 724 2173 740 724 2174 737 725 2175 740 725 2176 741 725 2177 741 726 2178 740 726 2179 742 726 2180 742 727 2181 740 727 2182 743 727 2183 741 728 2184 742 728 2185 744 728 2186 742 729 2187 743 729 2188 745 729 2189 742 730 2190 745 730 2191 744 730 2192 744 731 2193 745 731 2194 746 731 2195 746 732 2196 745 732 2197 747 732 2198 747 733 2199 745 733 2200 748 733 2201 746 734 2202 747 734 2203 749 734 2204 747 735 2205 748 735 2206 750 735 2207 747 736 2208 750 736 2209 749 736 2210 749 737 2211 750 737 2212 751 737 2213 752 738 2214 753 738 2215 754 738 2216 753 739 2217 752 739 2218 755 739 2219 753 740 2220 755 740 2221 756 740 2222 757 741 2223 758 741 2224 759 741 2225 758 742 2226 757 742 2227 760 742 2228 760 743 2229 757 743 2230 761 743 2231 761 744 2232 757 744 2233 759 744 2234 760 745 2235 761 745 2236 762 745 2237 762 746 2238 761 746 2239 763 746 2240 763 747 2241 761 747 2242 759 747 2243 762 748 2244 763 748 2245 764 748 2246 763 749 2247 759 749 2248 765 749 2249 763 750 2250 765 750 2251 766 750 2252 759 751 2253 765 751 2254 767 751 2255 768 752 2256 769 752 2257 770 752 2258 771 753 2259 772 753 2260 773 753 2261 774 754 2262 775 754 2263 776 754 2264 777 755 2265 778 755 2266 779 755 2267 778 756 2268 777 756 2269 780 756 2270 781 757 2271 782 757 2272 783 757 2273 783 758 2274 782 758 2275 784 758 2276 785 759 2277 786 759 2278 787 759 2279 786 760 2280 785 760 2281 788 760 2282 785 761 2283 788 761 2284 789 761 2285 786 762 2286 788 762 2287 790 762 2288 790 763 2289 788 763 2290 791 763 2291 792 764 2292 793 764 2293 794 764 2294 794 765 2295 793 765 2296 795 765 2297 794 766 2298 795 766 2299 796 766 2300 794 767 2301 796 767 2302 797 767 2303 799 768 2304 798 768 2305 800 768 2306 801 769 2307 802 769 2308 803 769 2309 802 770 2310 801 770 2311 804 770 2312 801 771 2313 804 771 2314 805 771 2315 804 772 2316 805 772 2317 806 772 2318 802 773 2319 804 773 2320 807 773 2321 802 774 2322 807 774 2323 808 774 2324 808 775 2325 807 775 2326 804 775 2327 809 776 2328 810 776 2329 811 776 2330 810 777 2331 809 777 2332 812 777 2333 812 778 2334 809 778 2335 813 778 2336 809 779 2337 811 779 2338 814 779 2339 809 780 2340 814 780 2341 813 780 2342 813 781 2343 814 781 2344 815 781 2345 815 782 2346 814 782 2347 816 782 2348 816 783 2349 814 783 2350 817 783 2351 818 784 2352 819 784 2353 820 784 2354 818 785 2355 820 785 2356 821 785 2357 821 786 2358 820 786 2359 822 786 2360 822 787 2361 820 787 2362 823 787 2363 824 788 2364 825 788 2365 826 788 2366 827 789 2367 828 789 2368 829 789 2369 829 790 2370 828 790 2371 830 790 2372 831 791 2373 832 791 2374 833 791 2375 834 792 2376 835 792 2377 836 792 2378 834 793 2379 836 793 2380 837 793 2381 838 794 2382 839 794 2383 840 794 2384 841 795 2385 842 795 2386 843 795 2387 842 796 2388 841 796 2389 844 796 2390 841 797 2391 843 797 2392 845 797 2393 846 798 2394 847 798 2395 848 798 2396 849 799 2397 850 799 2398 851 799 2399 852 800 2400 849 800 2401 853 800 2402 853 801 2403 849 801 2404 854 801 2405 854 802 2406 849 802 2407 851 802 2408 850 803 2409 849 803 2410 855 803 2411 850 804 2412 855 804 2413 856 804 2414 850 805 2415 856 805 2416 857 805 2417 850 806 2418 857 806 2419 858 806 2420 850 807 2421 858 807 2422 859 807 2423 850 808 2424 859 808 2425 851 808 2426 851 809 2427 859 809 2428 860 809 2429 854 810 2430 851 810 2431 861 810 2432 854 811 2433 861 811 2434 862 811 2435 851 812 2436 860 812 2437 863 812 2438 862 813 2439 861 813 2440 864 813 2441 864 814 2442 861 814 2443 851 814 2444 864 815 2445 851 815 2446 863 815 2447 862 816 2448 864 816 2449 865 816 2450 865 817 2451 864 817 2452 866 817 2453 864 818 2454 863 818 2455 867 818 2456 867 819 2457 863 819 2458 860 819 2459 867 820 2460 860 820 2461 868 820 2462 864 821 2463 867 821 2464 869 821 2465 867 822 2466 869 822 2467 870 822 2468 871 823 2469 872 823 2470 873 823 2471 874 824 2472 875 824 2473 876 824 2474 877 825 2475 878 825 2476 879 825 2477 880 826 2478 881 826 2479 882 826 2480 883 827 2481 884 827 2482 885 827 2483 886 828 2484 887 828 2485 888 828 2486 886 829 2487 888 829 2488 889 829 2489 889 830 2490 888 830 2491 890 830 2492 889 831 2493 890 831 2494 891 831 2495 891 832 2496 890 832 2497 892 832 2498 889 833 2499 891 833 2500 893 833 2501 891 834 2502 892 834 2503 894 834 2504 891 835 2505 894 835 2506 893 835 2507 895 836 2508 896 836 2509 897 836 2510 897 837 2511 896 837 2512 898 837 2513 897 838 2514 898 838 2515 899 838 2516 900 839 2517 901 839 2518 902 839 2519 901 840 2520 900 840 2521 903 840 2522 902 841 2523 901 841 2524 904 841 2525 902 842 2526 904 842 2527 905 842 2528 905 843 2529 904 843 2530 906 843 2531 906 844 2532 904 844 2533 907 844 2534 907 845 2535 904 845 2536 908 845 2537 907 846 2538 908 846 2539 909 846 2540 910 847 2541 911 847 2542 912 847 2543 912 848 2544 911 848 2545 913 848 2546 914 849 2547 915 849 2548 916 849 2549 914 850 2550 916 850 2551 917 850 2552 914 851 2553 917 851 2554 918 851 2555 914 852 2556 918 852 2557 919 852 2558 919 853 2559 918 853 2560 920 853 2561 920 854 2562 918 854 2563 921 854 2564 921 855 2565 918 855 2566 917 855 2567 921 856 2568 917 856 2569 922 856 2570 922 857 2571 917 857 2572 916 857 2573 921 858 2574 922 858 2575 923 858 2576 922 859 2577 916 859 2578 924 859 2579 924 860 2580 916 860 2581 925 860 2582 922 861 2583 924 861 2584 926 861 2585 926 862 2586 924 862 2587 925 862 2588 926 863 2589 925 863 2590 927 863 2591 928 864 2592 929 864 2593 930 864 2594 931 865 2595 932 865 2596 933 865 2597 931 866 2598 933 866 2599 934 866 2600 934 867 2601 933 867 2602 935 867 2603 936 868 2604 937 868 2605 938 868 2606 938 869 2607 937 869 2608 939 869 2609 939 870 2610 937 870 2611 940 870 2612 940 871 2613 937 871 2614 936 871 2615 939 872 2616 940 872 2617 941 872 2618 941 873 2619 940 873 2620 942 873 2621 942 874 2622 940 874 2623 943 874 2624 943 875 2625 940 875 2626 936 875 2627 943 876 2628 936 876 2629 944 876 2630 943 877 2631 944 877 2632 945 877 2633 943 878 2634 945 878 2635 946 878 2636 947 879 2637 948 879 2638 949 879 2639 948 880 2640 947 880 2641 950 880 2642 951 881 2643 952 881 2644 953 881 2645 953 882 2646 952 882 2647 954 882 2648 954 883 2649 952 883 2650 955 883 2651 953 884 2652 954 884 2653 956 884 2654 956 885 2655 954 885 2656 955 885 2657 956 886 2658 955 886 2659 957 886 2660 956 887 2661 957 887 2662 958 887 2663 958 888 2664 957 888 2665 959 888 2666 956 889 2667 958 889 2668 960 889 2669 956 890 2670 960 890 2671 961 890 2672 960 891 2673 958 891 2674 962 891 2675 960 892 2676 962 892 2677 963 892 2678 964 893 2679 965 893 2680 966 893 2681 964 894 2682 966 894 2683 967 894 2684 964 895 2685 967 895 2686 968 895 2687 968 896 2688 967 896 2689 969 896 2690 964 897 2691 968 897 2692 970 897 2693 970 898 2694 968 898 2695 971 898 2696 971 899 2697 968 899 2698 972 899 2699 968 900 2700 972 900 2701 973 900 2702 974 901 2703 975 901 2704 976 901 2705 977 902 2706 978 902 2707 979 902 2708 977 903 2709 979 903 2710 980 903 2711 977 904 2712 980 904 2713 981 904 2714 981 905 2715 980 905 2716 982 905 2717 981 906 2718 982 906 2719 983 906 2720 981 907 2721 983 907 2722 977 907 2723 983 908 2724 982 908 2725 984 908 2726 977 909 2727 983 909 2728 985 909 2729 985 910 2730 983 910 2731 986 910 2732 977 911 2733 985 911 2734 987 911 2735 987 912 2736 985 912 2737 986 912 2738 977 913 2739 987 913 2740 988 913 2741 988 914 2742 987 914 2743 986 914 2744 989 915 2745 990 915 2746 991 915 2747 991 916 2748 990 916 2749 992 916 2750 990 917 2751 989 917 2752 993 917 2753 990 918 2754 993 918 2755 994 918 2756 990 919 2757 994 919 2758 995 919 2759 994 920 2760 993 920 2761 996 920 2762 994 921 2763 996 921 2764 997 921 2765 996 922 2766 997 922 2767 998 922 2768 994 923 2769 997 923 2770 999 923 2771 994 924 2772 999 924 2773 1000 924 2774 1000 925 2775 999 925 2776 1001 925 2777 1001 926 2778 999 926 2779 1002 926 2780 1001 927 2781 1002 927 2782 1003 927 2783 1004 928 2784 1005 928 2785 1006 928 2786 1005 929 2787 1004 929 2788 1007 929 2789 1008 930 2790 1009 930 2791 1007 930 2792 1008 931 2793 1007 931 2794 1010 931 2795 1007 932 2796 1004 932 2797 1011 932 2798 1007 933 2799 1011 933 2800 1010 933 2801 1011 934 2802 1004 934 2803 1012 934 2804 1011 935 2805 1012 935 2806 1013 935 2807 1010 936 2808 1011 936 2809 1014 936 2810 1014 937 2811 1010 937 2812 1015 937 2813 1015 938 2814 1014 938 2815 1016 938 2816 1016 939 2817 1014 939 2818 1017 939 2819 1016 940 2820 1017 940 2821 1018 940 2822 1018 941 2823 1017 941 2824 1019 941 2825 1016 942 2826 1018 942 2827 1020 942 2828 1020 943 2829 1018 943 2830 1021 943 2831 1015 944 2832 1016 944 2833 1022 944 2834 1022 945 2835 1016 945 2836 1020 945 2837 1022 946 2838 1020 946 2839 1023 946 2840 1015 947 2841 1022 947 2842 1024 947 2843 1024 948 2844 1022 948 2845 1025 948 2846 1026 949 2847 1027 949 2848 1028 949 2849 1028 950 2850 1027 950 2851 1029 950 2852 1027 951 2853 1029 951 2854 1030 951 2855 1030 952 2856 1027 952 2857 1031 952 2858 1030 953 2859 1031 953 2860 1032 953 2861 1033 954 2862 1034 954 2863 1035 954 2864 1036 955 2865 1037 955 2866 1038 955 2867 1037 956 2868 1036 956 2869 1039 956 2870 1036 957 2871 1038 957 2872 1040 957 2873 1041 958 2874 1042 958 2875 1043 958 2876 1041 959 2877 1043 959 2878 1044 959 2879 1044 960 2880 1043 960 2881 1045 960 2882 1046 961 2883 1047 961 2884 1048 961 2885 1046 962 2886 1048 962 2887 1049 962 2888 1048 963 2889 1047 963 2890 1050 963 2891 1050 964 2892 1047 964 2893 1051 964 2894 1051 965 2895 1050 965 2896 1052 965 2897 1048 966 2898 1050 966 2899 1053 966 2900 1048 967 2901 1053 967 2902 1054 967 2903 1050 968 2904 1053 968 2905 1055 968 2906 1053 969 2907 1054 969 2908 1056 969 2909 1056 970 2910 1053 970 2911 1055 970 2912 1056 971 2913 1054 971 2914 1057 971 2915 1056 972 2916 1055 972 2917 1058 972 2918 1056 973 2919 1057 973 2920 1059 973 2921 1056 974 2922 1058 974 2923 1060 974 2924 1056 975 2925 1060 975 2926 1059 975 2927 1061 976 2928 1062 976 2929 1063 976 2930 1062 977 2931 1061 977 2932 1064 977 2933 1062 978 2934 1064 978 2935 1063 978 2936 1063 979 2937 1064 979 2938 1065 979 2939 1066 980 2940 1067 980 2941 1068 980 2942 1069 981 2943 1070 981 2944 1071 981 2945 1070 982 2946 1069 982 2947 1072 982 2948 1073 983 2949 1074 983 2950 1069 983 2951 1069 984 2952 1074 984 2953 1075 984 2954 1069 985 2955 1075 985 2956 1072 985 2957 1072 986 2958 1075 986 2959 1076 986 2960 1076 987 2961 1075 987 2962 1077 987 2963 1072 988 2964 1076 988 2965 1078 988 2966 1076 989 2967 1078 989 2968 1079 989 2969 1078 990 2970 1079 990 2971 1080 990 2972 1081 991 2973 1082 991 2974 1083 991 2975 1084 992 2976 1085 992 2977 1086 992 2978 1086 993 2979 1085 993 2980 1087 993 2981 1087 994 2982 1085 994 2983 1088 994 2984 1088 995 2985 1085 995 2986 1089 995 2987 1088 996 2988 1089 996 2989 1087 996 2990 1087 997 2991 1090 997 2992 1091 997 2993 1091 998 2994 1087 998 2995 1092 998 2996 1092 999 2997 1087 999 2998 1089 999 2999 1092 1000 3000 1089 1000 3001 1093 1000 3002 1093 1001 3003 1089 1001 3004 1094 1001 3005 1094 1002 3006 1089 1002 3007 1095 1002 3008 1089 1003 3009 1095 1003 3010 1096 1003 3011 1097 1004 3012 1098 1004 3013 1099 1004 3014 1098 1005 3015 1097 1005 3016 1100 1005 3017 1102 1006 3018 1101 1006 3019 1103 1006 3020 1102 1007 3021 1103 1007 3022 1104 1007 3023 1101 1008 3024 1102 1008 3025 1105 1008 3026 1106 1009 3027 1107 1009 3028 1108 1009 3029 1110 1010 3030 1109 1010 3031 1111 1010 3032 1111 1011 3033 1110 1011 3034 1112 1011 3035 1114 1012 3036 1113 1012 3037 1115 1012 3038 1115 1013 3039 1114 1013 3040 1116 1013 3041 1116 1014 3042 1114 1014 3043 1113 1014 3044 1117 1015 3045 1118 1015 3046 1119 1015 3047 1120 1016 3048 1121 1016 3049 1122 1016 3050 1122 1017 3051 1121 1017 3052 1123 1017 3053 1124 1018 3054 1125 1018 3055 1126 1018 3056 1125 1019 3057 1124 1019 3058 1127 1019 3059 1128 1020 3060 1129 1020 3061 1130 1020 3062 1131 1021 3063 1132 1021 3064 1133 1021 3065 1132 1022 3066 1131 1022 3067 1134 1022 3068 1135 1023 3069 1136 1023 3070 1137 1023 3071 1137 1024 3072 1136 1024 3073 1138 1024 3074 1136 1025 3075 1138 1025 3076 1139 1025 3077 1135 1026 3078 1136 1026 3079 1140 1026 3080 1140 1027 3081 1135 1027 3082 1141 1027 3083 1140 1028 3084 1141 1028 3085 1142 1028 3086 1142 1029 3087 1141 1029 3088 1143 1029 3089 1144 1030 3090 1145 1030 3091 1146 1030 3092 1144 1031 3093 1146 1031 3094 1147 1031 3095 1147 1032 3096 1146 1032 3097 1148 1032 3098 1144 1033 3099 1147 1033 3100 1149 1033 3101 1150 1034 3102 1151 1034 3103 1152 1034 3104 1151 1035 3105 1150 1035 3106 1153 1035 3107 1151 1036 3108 1153 1036 3109 1154 1036 3110 1155 1037 3111 1156 1037 3112 1157 1037 3113 1156 1038 3114 1155 1038 3115 1158 1038 3116 1158 1039 3117 1155 1039 3118 1159 1039 3119 1158 1040 3120 1159 1040 3121 1160 1040 3122 1160 1041 3123 1159 1041 3124 1161 1041 3125 1160 1042 3126 1161 1042 3127 1162 1042 3128 1162 1043 3129 1161 1043 3130 1163 1043 3131 1162 1044 3132 1163 1044 3133 1164 1044 3134 1164 1045 3135 1163 1045 3136 1165 1045 3137 1166 1046 3138 1167 1046 3139 1168 1046 3140 1166 1047 3141 1168 1047 3142 1169 1047 3143 1169 1048 3144 1168 1048 3145 1170 1048 3146 1171 1049 3147 1172 1049 3148 1173 1049 3149 1173 1050 3150 1172 1050 3151 1174 1050 3152 1174 1051 3153 1172 1051 3154 1175 1051 3155 1173 1052 3156 1174 1052 3157 1176 1052 3158 1174 1053 3159 1175 1053 3160 1177 1053 3161 1176 1054 3162 1174 1054 3163 1178 1054 3164 1178 1055 3165 1174 1055 3166 1177 1055 3167 1179 1056 3168 1180 1056 3169 1181 1056 3170 1182 1057 3171 1183 1057 3172 1184 1057 3173 1183 1058 3174 1182 1058 3175 1185 1058 3176 1182 1059 3177 1184 1059 3178 1186 1059 3179 1182 1060 3180 1186 1060 3181 1187 1060 3182 1186 1061 3183 1187 1061 3184 1188 1061 3185 1185 1062 3186 1182 1062 3187 1189 1062 3188 1185 1063 3189 1189 1063 3190 1190 1063 3191 1182 1064 3192 1187 1064 3193 1191 1064 3194 1191 1065 3195 1187 1065 3196 1188 1065 3197 1191 1066 3198 1188 1066 3199 1192 1066 3200 1192 1067 3201 1188 1067 3202 1193 1067 3203 1191 1068 3204 1192 1068 3205 1194 1068 3206 1182 1069 3207 1191 1069 3208 1195 1069 3209 1195 1070 3210 1191 1070 3211 1194 1070 3212 1182 1071 3213 1195 1071 3214 1189 1071 3215 1194 1072 3216 1195 1072 3217 1196 1072 3218 1195 1073 3219 1196 1073 3220 1189 1073 3221 1196 1074 3222 1194 1074 3223 1197 1074 3224 1190 1075 3225 1198 1075 3226 1189 1075 3227 1190 1076 3228 1198 1076 3229 1199 1076 3230 1198 1077 3231 1189 1077 3232 1200 1077 3233 1189 1078 3234 1200 1078 3235 1201 1078 3236 1202 1079 3237 1203 1079 3238 1204 1079 3239 1205 1080 3240 1206 1080 3241 1203 1080 3242 1204 1081 3243 1203 1081 3244 1207 1081 3245 1207 1082 3246 1203 1082 3247 1206 1082 3248 1207 1083 3249 1206 1083 3250 1208 1083 3251 1208 1084 3252 1206 1084 3253 1209 1084 3254 1207 1085 3255 1208 1085 3256 1210 1085 3257 1207 1086 3258 1210 1086 3259 1211 1086 3260 1207 1087 3261 1211 1087 3262 1204 1087 3263 1211 1088 3264 1210 1088 3265 1212 1088 3266 1211 1089 3267 1212 1089 3268 1213 1089 3269 1211 1090 3270 1213 1090 3271 1214 1090 3272 1211 1091 3273 1214 1091 3274 1204 1091 3275 1204 1092 3276 1214 1092 3277 1215 1092 3278 1217 1093 3279 1216 1093 3280 1218 1093 3281 1219 1094 3282 1220 1094 3283 1221 1094 3284 1221 1095 3285 1220 1095 3286 1222 1095 3287 1223 1096 3288 1224 1096 3289 1225 1096 3290 1223 1097 3291 1225 1097 3292 1226 1097 3293 1227 1098 3294 1228 1098 3295 1229 1098 3296 1228 1099 3297 1227 1099 3298 1230 1099 3299 1230 1100 3300 1227 1100 3301 1231 1100 3302 1228 1101 3303 1230 1101 3304 1232 1101 3305 1232 1102 3306 1230 1102 3307 1233 1102 3308 1234 1103 3309 1235 1103 3310 1236 1103 3311 1237 1104 3312 1238 1104 3313 1239 1104 3314 1239 1105 3315 1238 1105 3316 1240 1105 3317 1237 1106 3318 1239 1106 3319 1241 1106 3320 1242 1107 3321 1243 1107 3322 1244 1107 3323 1245 1108 3324 1246 1108 3325 1247 1108 3326 1247 1109 3327 1246 1109 3328 1248 1109 3329 1248 1110 3330 1246 1110 3331 1249 1110 3332 1247 1111 3333 1248 1111 3334 1250 1111 3335 1247 1112 3336 1250 1112 3337 1251 1112 3338 1250 1113 3339 1248 1113 3340 1252 1113 3341 1251 1114 3342 1250 1114 3343 1253 1114 3344 1253 1115 3345 1250 1115 3346 1252 1115 3347 1253 1116 3348 1252 1116 3349 1254 1116 3350 1253 1117 3351 1254 1117 3352 1255 1117 3353 1255 1118 3354 1254 1118 3355 1256 1118 3356 1257 1119 3357 1249 1119 3358 1246 1119 3359 1257 1120 3360 1246 1120 3361 1258 1120 3362 1257 1121 3363 1249 1121 3364 1259 1121 3365 1257 1122 3366 1258 1122 3367 1260 1122 3368 1260 1123 3369 1258 1123 3370 1261 1123 3371 1257 1124 3372 1259 1124 3373 1262 1124 3374 1262 1125 3375 1257 1125 3376 1260 1125 3377 1260 1126 3378 1261 1126 3379 1263 1126 3380 1260 1127 3381 1263 1127 3382 1262 1127 3383 1262 1128 3384 1263 1128 3385 1264 1128 3386 1262 1129 3387 1264 1129 3388 1259 1129 3389 1264 1130 3390 1263 1130 3391 1265 1130 3392 1259 1131 3393 1264 1131 3394 1266 1131 3395 1266 1132 3396 1264 1132 3397 1265 1132 3398 1265 1133 3399 1263 1133 3400 1267 1133 3401 1265 1134 3402 1267 1134 3403 1268 1134 3404 1265 1135 3405 1268 1135 3406 1269 1135 3407 1265 1136 3408 1269 1136 3409 1270 1136 3410 1265 1137 3411 1270 1137 3412 1266 1137 3413 1266 1138 3414 1270 1138 3415 1271 1138 3416 1259 1139 3417 1266 1139 3418 1272 1139 3419 1266 1140 3420 1271 1140 3421 1273 1140 3422 1266 1141 3423 1273 1141 3424 1272 1141 3425 1272 1142 3426 1273 1142 3427 1274 1142 3428 1275 1143 3429 1276 1143 3430 1277 1143 3431 1278 1144 3432 1279 1144 3433 1280 1144 3434 1280 1145 3435 1279 1145 3436 1281 1145 3437 1281 1146 3438 1279 1146 3439 1282 1146 3440 1282 1147 3441 1279 1147 3442 1278 1147 3443 1280 1148 3444 1281 1148 3445 1283 1148 3446 1283 1149 3447 1281 1149 3448 1284 1149 3449 1283 1150 3450 1284 1150 3451 1285 1150 3452 1282 1151 3453 1278 1151 3454 1286 1151 3455 1282 1152 3456 1286 1152 3457 1287 1152 3458 1286 1153 3459 1278 1153 3460 1288 1153 3461 1288 1154 3462 1278 1154 3463 1289 1154 3464 1289 1155 3465 1278 1155 3466 1280 1155 3467 1289 1156 3468 1280 1156 3469 1290 1156 3470 1289 1157 3471 1290 1157 3472 1291 1157 3473 1292 1158 3474 1293 1158 3475 1294 1158 3476 1294 1159 3477 1293 1159 3478 1295 1159 3479 1294 1160 3480 1295 1160 3481 1296 1160 3482 1292 1161 3483 1294 1161 3484 1297 1161 3485 1294 1162 3486 1296 1162 3487 1298 1162 3488 1294 1163 3489 1298 1163 3490 1297 1163 3491 1298 1164 3492 1296 1164 3493 1299 1164 3494 1299 1165 3495 1296 1165 3496 1300 1165 3497 1300 1166 3498 1299 1166 3499 1301 1166 3500 1299 1167 3501 1298 1167 3502 1302 1167 3503 1298 1168 3504 1302 1168 3505 1303 1168 3506 1303 1169 3507 1298 1169 3508 1304 1169 3509 1298 1170 3510 1304 1170 3511 1297 1170 3512 1297 1171 3513 1304 1171 3514 1305 1171 3515 1297 1172 3516 1305 1172 3517 1306 1172 3518 1305 1173 3519 1304 1173 3520 1307 1173 3521 1308 1174 3522 1309 1174 3523 1310 1174 3524 1309 1175 3525 1308 1175 3526 1311 1175 3527 1308 1176 3528 1310 1176 3529 1312 1176 3530 1312 1177 3531 1310 1177 3532 1313 1177 3533 1314 1178 3534 1315 1178 3535 1316 1178 3536 1316 1179 3537 1315 1179 3538 1317 1179 3539 1315 1180 3540 1314 1180 3541 1318 1180 3542 1317 1181 3543 1315 1181 3544 1319 1181 3545 1318 1182 3546 1314 1182 3547 1320 1182 3548 1317 1183 3549 1319 1183 3550 1321 1183 3551 1320 1184 3552 1314 1184 3553 1322 1184 3554 1322 1185 3555 1314 1185 3556 1323 1185 3557 1320 1186 3558 1322 1186 3559 1324 1186 3560 1322 1187 3561 1323 1187 3562 1325 1187 3563 1322 1188 3564 1325 1188 3565 1324 1188 3566 1324 1189 3567 1325 1189 3568 1326 1189 3569 1326 1190 3570 1325 1190 3571 1327 1190 3572 1326 1191 3573 1327 1191 3574 1328 1191 3575 1326 1192 3576 1328 1192 3577 1329 1192 3578 1330 1193 3579 1317 1193 3580 1321 1193 3581 1330 1194 3582 1321 1194 3583 1331 1194 3584 1331 1195 3585 1321 1195 3586 1332 1195 3587 1321 1196 3588 1332 1196 3589 1333 1196 3590 1321 1197 3591 1333 1197 3592 1334 1197 3593 1334 1198 3594 1321 1198 3595 1319 1198 3596 1333 1199 3597 1334 1199 3598 1335 1199 3599 1335 1200 3600 1334 1200 3601 1336 1200 3602 1337 1201 3603 1338 1201 3604 1339 1201 3605 1339 1202 3606 1338 1202 3607 1340 1202 3608 1339 1203 3609 1340 1203 3610 1341 1203 3611 1341 1204 3612 1340 1204 3613 1342 1204 3614 1343 1205 3615 1344 1205 3616 1345 1205 3617 1343 1206 3618 1345 1206 3619 1346 1206 3620 1347 1207 3621 1348 1207 3622 1349 1207 3623 1350 1208 3624 1351 1208 3625 1349 1208 3626 1349 1209 3627 1351 1209 3628 1347 1209 3629 1351 1210 3630 1347 1210 3631 1352 1210 3632 1353 1211 3633 1347 1211 3634 1354 1211 3635 1347 1212 3636 1354 1212 3637 1355 1212 3638 1356 1213 3639 1355 1213 3640 1352 1213 3641 1355 1214 3642 1347 1214 3643 1357 1214 3644 1357 1215 3645 1355 1215 3646 1352 1215 3647 1357 1216 3648 1352 1216 3649 1347 1216 3650 1358 1217 3651 1359 1217 3652 1360 1217 3653 1361 1218 3654 1362 1218 3655 1363 1218 3656 1364 1219 3657 1365 1219 3658 1366 1219 3659 1364 1220 3660 1366 1220 3661 1367 1220 3662 1364 1221 3663 1367 1221 3664 1368 1221 3665 1369 1222 3666 1370 1222 3667 1371 1222 3668 1370 1223 3669 1369 1223 3670 1372 1223 3671 1370 1224 3672 1372 1224 3673 1373 1224 3674 1373 1225 3675 1372 1225 3676 1374 1225 3677 1374 1226 3678 1372 1226 3679 1375 1226 3680 1374 1227 3681 1375 1227 3682 1376 1227 3683 1376 1228 3684 1375 1228 3685 1377 1228 3686 1376 1229 3687 1377 1229 3688 1378 1229 3689 1379 1230 3690 1380 1230 3691 1381 1230 3692 1382 1231 3693 1383 1231 3694 1384 1231 3695 1385 1232 3696 1386 1232 3697 1387 1232 3698 1388 1233 3699 1387 1233 3700 1389 1233 3701 1388 1234 3702 1387 1234 3703 1385 1234 3704 1385 1235 3705 1388 1235 3706 1390 1235 3707 1391 1236 3708 1390 1236 3709 1392 1236 3710 1390 1237 3711 1391 1237 3712 1385 1237 3713 1385 1238 3714 1391 1238 3715 1393 1238 3716 1385 1239 3717 1393 1239 3718 1394 1239 3719 1395 1240 3720 1386 1240 3721 1385 1240 3722 1395 1241 3723 1385 1241 3724 1394 1241 3725 1394 1242 3726 1395 1242 3727 1386 1242 3728 1386 1243 3729 1394 1243 3730 1396 1243 3731 1396 1244 3732 1394 1244 3733 1397 1244 3734 1397 1245 3735 1394 1245 3736 1398 1245 3737 1397 1246 3738 1398 1246 3739 1399 1246 3740 1397 1247 3741 1399 1247 3742 1400 1247 3743 1401 1248 3744 1402 1248 3745 1403 1248 3746 1402 1249 3747 1401 1249 3748 1404 1249 3749 1403 1250 3750 1401 1250 3751 1405 1250 3752 1406 1251 3753 1407 1251 3754 1408 1251 3755 1409 1252 3756 1410 1252 3757 1411 1252 3758 1409 1253 3759 1411 1253 3760 1412 1253 3761 1412 1254 3762 1411 1254 3763 1413 1254 3764 1412 1255 3765 1413 1255 3766 1414 1255 3767 1412 1256 3768 1414 1256 3769 1415 1256 3770 1415 1257 3771 1414 1257 3772 1413 1257 3773 1416 1258 3774 1417 1258 3775 1418 1258 3776 1417 1259 3777 1416 1259 3778 1419 1259 3779 1416 1260 3780 1418 1260 3781 1420 1260 3782 1420 1261 3783 1416 1261 3784 1421 1261 3785 1416 1262 3786 1421 1262 3787 1422 1262 3788 1422 1263 3789 1421 1263 3790 1423 1263 3791 1423 1264 3792 1421 1264 3793 1424 1264 3794 1422 1265 3795 1423 1265 3796 1425 1265 3797 1422 1266 3798 1425 1266 3799 1426 1266 3800 1425 1267 3801 1423 1267 3802 1427 1267 3803 1427 1268 3804 1423 1268 3805 1428 1268 3806 1427 1269 3807 1428 1269 3808 1429 1269 3809 1428 1270 3810 1423 1270 3811 1430 1270 3812 1432 1271 3813 1431 1271 3814 1433 1271 3815 1433 1272 3816 1432 1272 3817 1434 1272 3818 1436 1273 3819 1435 1273 3820 1437 1273 3821 1436 1274 3822 1435 1274 3823 1438 1274 3824 1435 1275 3825 1437 1275 3826 1439 1275 3827 1435 1276 3828 1439 1276 3829 1440 1276 3830 1440 1277 3831 1439 1277 3832 1441 1277 3833 1440 1278 3834 1441 1278 3835 1442 1278 3836 1439 1279 3837 1437 1279 3838 1443 1279 3839 1437 1280 3840 1443 1280 3841 1444 1280 3842 1444 1281 3843 1437 1281 3844 1436 1281 3845 1444 1282 3846 1436 1282 3847 1445 1282 3848 1445 1283 3849 1436 1283 3850 1438 1283 3851 1445 1284 3852 1438 1284 3853 1446 1284 3854 1445 1285 3855 1446 1285 3856 1447 1285 3857 1448 1286 3858 1449 1286 3859 1450 1286 3860 1448 1287 3861 1450 1287 3862 1451 1287 3863 1452 1288 3864 1453 1288 3865 1454 1288 3866 1452 1289 3867 1454 1289 3868 1455 1289 3869 1454 1290 3870 1455 1290 3871 1456 1290 3872 1452 1291 3873 1455 1291 3874 1457 1291 3875 1452 1292 3876 1457 1292 3877 1458 1292 3878 1459 1293 3879 1460 1293 3880 1461 1293 3881 1459 1294 3882 1461 1294 3883 1462 1294 3884 1459 1295 3885 1462 1295 3886 1463 1295 3887 1463 1296 3888 1462 1296 3889 1464 1296 3890 1464 1297 3891 1462 1297 3892 1465 1297 3893 1465 1298 3894 1462 1298 3895 1466 1298 3896 1466 1299 3897 1465 1299 3898 1467 1299 3899 1468 1300 3900 1469 1300 3901 1470 1300 3902 1471 1301 3903 1472 1301 3904 1473 1301 3905 1474 1302 3906 1475 1302 3907 1476 1302 3908 1477 1303 3909 1478 1303 3910 1479 1303 3911 1480 1304 3912 1481 1304 3913 1482 1304 3914 1483 1305 3915 1484 1305 3916 1485 1305 3917 1486 1306 3918 1487 1306 3919 1488 1306 3920 1489 1307 3921 1490 1307 3922 1491 1307 3923 1492 1308 3924 1493 1308 3925 1494 1308 3926 1495 1309 3927 1496 1309 3928 1493 1309 3929 1495 1310 3930 1493 1310 3931 1492 1310 3932 1495 1311 3933 1492 1311 3934 1497 1311 3935 1492 1312 3936 1494 1312 3937 1498 1312 3938 1494 1313 3939 1498 1313 3940 1499 1313 3941 1498 1314 3942 1499 1314 3943 1500 1314 3944 1492 1315 3945 1498 1315 3946 1501 1315 3947 1492 1316 3948 1501 1316 3949 1497 1316 3950 1497 1317 3951 1501 1317 3952 1502 1317 3953 1503 1318 3954 1504 1318 3955 1505 1318 3956 1504 1319 3957 1503 1319 3958 1506 1319 3959 1504 1320 3960 1506 1320 3961 1507 1320 3962 1504 1321 3963 1507 1321 3964 1508 1321 3965 1505 1322 3966 1503 1322 3967 1509 1322 3968 1505 1323 3969 1509 1323 3970 1510 1323 3971 1505 1324 3972 1510 1324 3973 1511 1324 3974 1513 1325 3975 1512 1325 3976 1514 1325 3977 1512 1326 3978 1514 1326 3979 1515 1326 3980 1516 1327 3981 1517 1327 3982 1518 1327 3983 1517 1328 3984 1516 1328 3985 1519 1328 3986 1516 1329 3987 1518 1329 3988 1520 1329 3989 1520 1330 3990 1518 1330 3991 1521 1330 3992 1519 1331 3993 1516 1331 3994 1522 1331 3995 1522 1332 3996 1519 1332 3997 1523 1332 3998 1524 1333 3999 1525 1333 4000 1526 1333 4001 1526 1334 4002 1525 1334 4003 1527 1334 4004 1525 1335 4005 1524 1335 4006 1528 1335 4007 1525 1336 4008 1528 1336 4009 1527 1336 4010 1528 1337 4011 1524 1337 4012 1529 1337 4013 1527 1338 4014 1528 1338 4015 1530 1338 4016 1531 1339 4017 1532 1339 4018 1533 1339 4019 1532 1340 4020 1531 1340 4021 1534 1340 4022 1534 1341 4023 1531 1341 4024 1535 1341 4025 1532 1342 4026 1534 1342 4027 1536 1342 4028 1536 1343 4029 1534 1343 4030 1537 1343 4031 1537 1344 4032 1534 1344 4033 1538 1344 4034 1539 1345 4035 1540 1345 4036 1541 1345 4037 1540 1346 4038 1541 1346 4039 1542 1346 4040 1541 1347 4041 1542 1347 4042 1539 1347 4043 1543 1348 4044 1544 1348 4045 1545 1348 4046 1545 1349 4047 1544 1349 4048 1546 1349 4049 1543 1350 4050 1545 1350 4051 1547 1350 4052 1547 1351 4053 1545 1351 4054 1546 1351 4055 1543 1352 4056 1547 1352 4057 1548 1352 4058 1548 1353 4059 1547 1353 4060 1549 1353 4061 1549 1354 4062 1547 1354 4063 1550 1354 4064 1547 1355 4065 1546 1355 4066 1551 1355 4067 1551 1356 4068 1546 1356 4069 1552 1356 4070 1552 1357 4071 1546 1357 4072 1553 1357 4073 1552 1358 4074 1551 1358 4075 1554 1358 4076 1552 1359 4077 1553 1359 4078 1555 1359 4079 1555 1360 4080 1553 1360 4081 1556 1360 4082 1552 1361 4083 1555 1361 4084 1557 1361 4085 1552 1362 4086 1557 1362 4087 1554 1362 4088 1554 1363 4089 1557 1363 4090 1558 1363 4091 1558 1364 4092 1557 1364 4093 1559 1364 4094 1554 1365 4095 1558 1365 4096 1560 1365 4097 1554 1366 4098 1560 1366 4099 1561 1366 4100 1560 1367 4101 1558 1367 4102 1562 1367 4103 1560 1368 4104 1562 1368 4105 1563 1368 4106 1563 1369 4107 1562 1369 4108 1564 1369 4109 1563 1370 4110 1564 1370 4111 1565 1370 4112 1563 1371 4113 1560 1371 4114 1566 1371 4115 1563 1372 4116 1565 1372 4117 1567 1372 4118 1563 1373 4119 1567 1373 4120 1566 1373 4121 1566 1374 4122 1567 1374 4123 1568 1374 4124 1566 1375 4125 1568 1375 4126 1569 1375 4127 1569 1376 4128 1568 1376 4129 1570 1376 4130 1571 1377 4131 1572 1377 4132 1573 1377 4133 1571 1378 4134 1573 1378 4135 1574 1378 4136 1574 1379 4137 1573 1379 4138 1575 1379 4139 1572 1380 4140 1571 1380 4141 1576 1380 4142 1572 1381 4143 1576 1381 4144 1577 1381 4145 1577 1382 4146 1576 1382 4147 1578 1382 4148 1578 1383 4149 1576 1383 4150 1579 1383 4151 1578 1384 4152 1579 1384 4153 1580 1384 4154 1581 1385 4155 1582 1385 4156 1583 1385 4157 1583 1386 4158 1582 1386 4159 1584 1386 4160 1581 1387 4161 1583 1387 4162 1585 1387 4163 1581 1388 4164 1585 1388 4165 1586 1388 4166 1581 1389 4167 1586 1389 4168 1587 1389 4169 1583 1390 4170 1584 1390 4171 1588 1390 4172 1588 1391 4173 1584 1391 4174 1589 1391 4175 1589 1392 4176 1584 1392 4177 1590 1392 4178 1589 1393 4179 1590 1393 4180 1591 1393 4181 1592 1394 4182 1593 1394 4183 1594 1394 4184 1593 1395 4185 1592 1395 4186 1595 1395 4187 1594 1396 4188 1593 1396 4189 1596 1396 4190 1593 1397 4191 1595 1397 4192 1597 1397 4193 1596 1398 4194 1593 1398 4195 1598 1398 4196 1596 1399 4197 1598 1399 4198 1599 1399 4199 1599 1400 4200 1598 1400 4201 1600 1400 4202 1598 1401 4203 1593 1401 4204 1601 1401 4205 1601 1402 4206 1593 1402 4207 1597 1402 4208 1601 1403 4209 1597 1403 4210 1602 1403 4211 1602 1404 4212 1597 1404 4213 1603 1404 4214 1602 1405 4215 1603 1405 4216 1604 1405 4217 1602 1406 4218 1604 1406 4219 1605 1406 4220 1602 1407 4221 1605 1407 4222 1606 1407 4223 1606 1408 4224 1605 1408 4225 1607 1408 4226 1607 1409 4227 1605 1409 4228 1608 1409 4229 1609 1410 4230 1610 1410 4231 1611 1410 4232 1612 1411 4233 1613 1411 4234 1614 1411 4235 1614 1412 4236 1613 1412 4237 1615 1412 4238 1614 1413 4239 1615 1413 4240 1616 1413 4241 1617 1414 4242 1618 1414 4243 1619 1414 4244 1620 1415 4245 1621 1415 4246 1622 1415 4247 1622 1416 4248 1621 1416 4249 1623 1416 4250 1624 1417 4251 1625 1417 4252 1626 1417 4253 1625 1418 4254 1624 1418 4255 1627 1418 4256 1626 1419 4257 1625 1419 4258 1628 1419 4259 1626 1420 4260 1628 1420 4261 1629 1420 4262 1629 1421 4263 1628 1421 4264 1630 1421 4265 1630 1422 4266 1628 1422 4267 1625 1422 4268 1625 1423 4269 1627 1423 4270 1631 1423 4271 1625 1424 4272 1631 1424 4273 1630 1424 4274 1631 1425 4275 1627 1425 4276 1632 1425 4277 1630 1426 4278 1631 1426 4279 1633 1426 4280 1634 1427 4281 1632 1427 4282 1635 1427 4283 1632 1428 4284 1634 1428 4285 1631 1428 4286 1633 1429 4287 1631 1429 4288 1636 1429 4289 1633 1430 4290 1636 1430 4291 1637 1430 4292 1637 1431 4293 1636 1431 4294 1638 1431 4295 1638 1432 4296 1636 1432 4297 1639 1432 4298 1639 1433 4299 1636 1433 4300 1631 1433 4301 1631 1434 4302 1634 1434 4303 1640 1434 4304 1631 1435 4305 1640 1435 4306 1639 1435 4307 1640 1436 4308 1634 1436 4309 1641 1436 4310 1639 1437 4311 1640 1437 4312 1642 1437 4313 1642 1438 4314 1640 1438 4315 1641 1438 4316 1643 1439 4317 1644 1439 4318 1645 1439 4319 1645 1440 4320 1644 1440 4321 1646 1440 4322 1643 1441 4323 1645 1441 4324 1647 1441 4325 1648 1442 4326 1649 1442 4327 1650 1442 4328 1648 1443 4329 1650 1443 4330 1651 1443 4331 1649 1444 4332 1648 1444 4333 1652 1444 4334 1652 1445 4335 1648 1445 4336 1653 1445 4337 1654 1446 4338 1655 1446 4339 1656 1446 4340 1654 1447 4341 1656 1447 4342 1657 1447 4343 1658 1448 4344 1659 1448 4345 1660 1448 4346 1659 1449 4347 1658 1449 4348 1661 1449 4349 1661 1450 4350 1658 1450 4351 1662 1450 4352 1660 1451 4353 1659 1451 4354 1663 1451 4355 1658 1452 4356 1660 1452 4357 1664 1452 4358 1660 1453 4359 1663 1453 4360 1665 1453 4361 1660 1454 4362 1665 1454 4363 1664 1454 4364 1666 1455 4365 1667 1455 4366 1668 1455 4367 1666 1456 4368 1668 1456 4369 1669 1456 4370 1666 1457 4371 1669 1457 4372 1670 1457 4373 1670 1458 4374 1669 1458 4375 1671 1458 4376 1670 1459 4377 1671 1459 4378 1672 1459 4379 1670 1460 4380 1666 1460 4381 1673 1460 4382 1673 1461 4383 1670 1461 4384 1674 1461 4385 1666 1462 4386 1673 1462 4387 1675 1462 4388 1673 1463 4389 1674 1463 4390 1676 1463 4391 1673 1464 4392 1676 1464 4393 1675 1464 4394 1675 1465 4395 1676 1465 4396 1677 1465 4397 1675 1466 4398 1677 1466 4399 1678 1466 4400 1679 1467 4401 1680 1467 4402 1681 1467 4403 1679 1468 4404 1681 1468 4405 1682 1468 4406 1679 1469 4407 1682 1469 4408 1683 1469 4409 1684 1470 4410 1685 1470 4411 1686 1470 4412 1685 1471 4413 1684 1471 4414 1687 1471 4415 1687 1472 4416 1684 1472 4417 1688 1472 4418 1687 1473 4419 1688 1473 4420 1689 1473 4421 1688 1474 4422 1689 1474 4423 1690 1474 4424 1689 1475 4425 1690 1475 4426 1691 1475 4427 1691 1476 4428 1690 1476 4429 1692 1476 4430 1687 1477 4431 1689 1477 4432 1693 1477 4433 1687 1478 4434 1693 1478 4435 1694 1478 4436 1687 1479 4437 1694 1479 4438 1695 1479 4439 1687 1480 4440 1695 1480 4441 1685 1480 4442 1695 1481 4443 1685 1481 4444 1696 1481 4445 1696 1482 4446 1685 1482 4447 1697 1482 4448 1696 1483 4449 1697 1483 4450 1698 1483 4451 1698 1484 4452 1696 1484 4453 1699 1484 4454 1698 1485 4455 1697 1485 4456 1700 1485 4457 1697 1486 4458 1700 1486 4459 1701 1486 4460 1697 1487 4461 1701 1487 4462 1702 1487 4463 1704 1488 4464 1703 1488 4465 1705 1488 4466 1705 1489 4467 1704 1489 4468 1706 1489 4469 1705 1490 4470 1706 1490 4471 1707 1490 4472 1705 1491 4473 1707 1491 4474 1708 1491 4475 1707 1492 4476 1706 1492 4477 1709 1492 4478 1709 1493 4479 1707 1493 4480 1710 1493 4481 1706 1494 4482 1704 1494 4483 1711 1494 4484 1711 1495 4485 1704 1495 4486 1712 1495 4487 1712 1496 4488 1704 1496 4489 1713 1496 4490 1711 1497 4491 1712 1497 4492 1714 1497 4493 1715 1498 4494 1716 1498 4495 1717 1498 4496 1715 1499 4497 1716 1499 4498 1718 1499 4499 1717 1500 4500 1716 1500 4501 1719 1500 4502 1716 1501 4503 1718 1501 4504 1720 1501 4505 1716 1502 4506 1720 1502 4507 1719 1502 4508 1719 1503 4509 1720 1503 4510 1721 1503 4511 1722 1504 4512 1723 1504 4513 1724 1504 4514 1723 1505 4515 1724 1505 4516 1725 1505 4517 1725 1506 4518 1724 1506 4519 1726 1506 4520 1722 1507 4521 1724 1507 4522 1727 1507 4523 1727 1508 4524 1724 1508 4525 1726 1508 4526 1722 1509 4527 1727 1509 4528 1728 1509 4529 1728 1510 4530 1727 1510 4531 1729 1510 4532 1727 1511 4533 1726 1511 4534 1730 1511 4535 1727 1512 4536 1730 1512 4537 1729 1512 4538 1730 1513 4539 1726 1513 4540 1731 1513 4541 1729 1514 4542 1730 1514 4543 1732 1514 4544 1732 1515 4545 1730 1515 4546 1731 1515 4547 1729 1516 4548 1732 1516 4549 1733 1516 4550 1732 1517 4551 1731 1517 4552 1734 1517 4553 1732 1518 4554 1734 1518 4555 1733 1518 4556 1735 1519 4557 1736 1519 4558 1737 1519 4559 1736 1520 4560 1735 1520 4561 1738 1520 4562 1738 1521 4563 1735 1521 4564 1739 1521 4565 1736 1522 4566 1738 1522 4567 1740 1522 4568 1740 1523 4569 1738 1523 4570 1741 1523 4571 1736 1524 4572 1740 1524 4573 1742 1524 4574 1736 1525 4575 1742 1525 4576 1743 1525 4577 1742 1526 4578 1743 1526 4579 1744 1526 4580 1742 1527 4581 1744 1527 4582 1745 1527 4583 1745 1528 4584 1742 1528 4585 1740 1528 4586 1745 1529 4587 1744 1529 4588 1746 1529 4589 1745 1530 4590 1740 1530 4591 1747 1530 4592 1745 1531 4593 1747 1531 4594 1746 1531 4595 1747 1532 4596 1740 1532 4597 1741 1532 4598 1747 1533 4599 1746 1533 4600 1748 1533 4601 1746 1534 4602 1748 1534 4603 1749 1534 4604 1748 1535 4605 1747 1535 4606 1750 1535 4607 1750 1536 4608 1747 1536 4609 1741 1536 4610 1748 1537 4611 1750 1537 4612 1749 1537 4613 1750 1538 4614 1741 1538 4615 1751 1538 4616 1751 1539 4617 1741 1539 4618 1752 1539 4619 1750 1540 4620 1751 1540 4621 1753 1540 4622 1750 1541 4623 1753 1541 4624 1749 1541 4625 1749 1542 4626 1753 1542 4627 1754 1542 4628 1755 1543 4629 1746 1543 4630 1749 1543 4631 1749 1544 4632 1754 1544 4633 1756 1544 4634 1749 1545 4635 1756 1545 4636 1755 1545 4637 1755 1546 4638 1756 1546 4639 1757 1546 4640 1755 1547 4641 1757 1547 4642 1758 1547 4643 1759 1548 4644 1760 1548 4645 1761 1548 4646 1759 1549 4647 1761 1549 4648 1762 1549 4649 1761 1550 4650 1760 1550 4651 1763 1550 4652 1761 1551 4653 1763 1551 4654 1762 1551 4655 1763 1552 4656 1760 1552 4657 1764 1552 4658 1762 1553 4659 1763 1553 4660 1765 1553 4661 1765 1554 4662 1763 1554 4663 1764 1554 4664 1762 1555 4665 1765 1555 4666 1766 1555 4667 1762 1556 4668 1766 1556 4669 1767 1556 4670 1767 1557 4671 1766 1557 4672 1768 1557 4673 1768 1558 4674 1766 1558 4675 1765 1558 4676 1768 1559 4677 1765 1559 4678 1769 1559 4679 1769 1560 4680 1765 1560 4681 1764 1560 4682 1768 1561 4683 1769 1561 4684 1770 1561 4685 1770 1562 4686 1769 1562 4687 1771 1562 4688 1771 1563 4689 1769 1563 4690 1764 1563 4691 1770 1564 4692 1771 1564 4693 1772 1564 4694 1773 1565 4695 1764 1565 4696 1760 1565 4697 1764 1566 4698 1773 1566 4699 1771 1566 4700 1773 1567 4701 1760 1567 4702 1774 1567 4703 1773 1568 4704 1774 1568 4705 1775 1568 4706 1771 1569 4707 1773 1569 4708 1776 1569 4709 1771 1570 4710 1776 1570 4711 1777 1570 4712 1776 1571 4713 1773 1571 4714 1778 1571 4715 1779 1572 4716 1780 1572 4717 1781 1572 4718 1780 1573 4719 1779 1573 4720 1782 1573 4721 1782 1574 4722 1779 1574 4723 1783 1574 4724 1784 1575 4725 1785 1575 4726 1786 1575 4727 1787 1576 4728 1788 1576 4729 1789 1576 4730 1790 1577 4731 1791 1577 4732 1792 1577 4733 1793 1578 4734 1794 1578 4735 1795 1578 4736 1796 1579 4737 1797 1579 4738 1798 1579 4739 1798 1580 4740 1797 1580 4741 1799 1580 4742 1800 1581 4743 1801 1581 4744 1802 1581 4745 1803 1582 4746 1804 1582 4747 1805 1582 4748 1806 1583 4749 1807 1583 4750 1808 1583 4751 1807 1584 4752 1806 1584 4753 1809 1584 4754 1807 1585 4755 1809 1585 4756 1810 1585 4757 1810 1586 4758 1809 1586 4759 1811 1586 4760 1810 1587 4761 1811 1587 4762 1812 1587 4763 1810 1588 4764 1812 1588 4765 1813 1588 4766 1813 1589 4767 1812 1589 4768 1811 1589 4769 1813 1590 4770 1811 1590 4771 1814 1590 4772 1814 1591 4773 1811 1591 4774 1815 1591 4775 1816 1592 4776 1817 1592 4777 1818 1592 4778 1818 1593 4779 1817 1593 4780 1819 1593 4781 1818 1594 4782 1819 1594 4783 1820 1594 4784 1818 1595 4785 1820 1595 4786 1821 1595 4787 1819 1596 4788 1817 1596 4789 1822 1596 4790 1818 1597 4791 1821 1597 4792 1823 1597 4793 1818 1598 4794 1823 1598 4795 1816 1598 4796 1816 1599 4797 1823 1599 4798 1824 1599 4799 1822 1600 4800 1817 1600 4801 1825 1600 4802 1825 1601 4803 1817 1601 4804 1816 1601 4805 1822 1602 4806 1825 1602 4807 1826 1602 4808 1816 1603 4809 1824 1603 4810 1827 1603 4811 1816 1604 4812 1827 1604 4813 1825 1604 4814 1825 1605 4815 1827 1605 4816 1826 1605 4817 1827 1606 4818 1824 1606 4819 1828 1606 4820 1826 1607 4821 1827 1607 4822 1829 1607 4823 1829 1608 4824 1827 1608 4825 1828 1608 4826 1831 1609 4827 1830 1609 4828 1832 1609 4829 1830 1610 4830 1831 1610 4831 1833 1610 4832 1833 1611 4833 1830 1611 4834 1834 1611 4835 1834 1612 4836 1830 1612 4837 1835 1612 4838 1830 1613 4839 1832 1613 4840 1836 1613 4841 1836 1614 4842 1832 1614 4843 1837 1614 4844 1837 1615 4845 1832 1615 4846 1838 1615 4847 1837 1616 4848 1838 1616 4849 1839 1616 4850 1836 1617 4851 1837 1617 4852 1840 1617 4853 1840 1618 4854 1837 1618 4855 1839 1618 4856 1836 1619 4857 1840 1619 4858 1841 1619 4859 1840 1620 4860 1839 1620 4861 1842 1620 4862 1840 1621 4863 1842 1621 4864 1841 1621 4865 1841 1622 4866 1842 1622 4867 1843 1622 4868 1844 1623 4869 1845 1623 4870 1846 1623 4871 1845 1624 4872 1844 1624 4873 1847 1624 4874 1845 1625 4875 1847 1625 4876 1848 1625 4877 1849 1626 4878 1850 1626 4879 1851 1626 4880 1849 1627 4881 1851 1627 4882 1852 1627 4883 1852 1628 4884 1851 1628 4885 1853 1628 4886 1854 1629 4887 1855 1629 4888 1856 1629 4889 1857 1630 4890 1858 1630 4891 1859 1630 4892 1859 1631 4893 1858 1631 4894 1860 1631 4895 1857 1632 4896 1859 1632 4897 1861 1632 4898 1859 1633 4899 1860 1633 4900 1862 1633 4901 1862 1634 4902 1860 1634 4903 1863 1634 4904 1862 1635 4905 1859 1635 4906 1864 1635 4907 1859 1636 4908 1864 1636 4909 1861 1636 4910 1861 1637 4911 1864 1637 4912 1865 1637 4913 1861 1638 4914 1865 1638 4915 1866 1638 4916 1867 1639 4917 1868 1639 4918 1869 1639 4919 1869 1640 4920 1868 1640 4921 1870 1640 4922 1867 1641 4923 1869 1641 4924 1871 1641 4925 1870 1642 4926 1868 1642 4927 1872 1642 4928 1872 1643 4929 1868 1643 4930 1873 1643 4931 1872 1644 4932 1873 1644 4933 1874 1644 4934 1867 1645 4935 1871 1645 4936 1875 1645 4937 1867 1646 4938 1875 1646 4939 1876 1646 4940 1876 1647 4941 1875 1647 4942 1877 1647 4943 1876 1648 4944 1877 1648 4945 1878 1648 4946 1877 1649 4947 1875 1649 4948 1879 1649 4949 1878 1650 4950 1877 1650 4951 1880 1650 4952 1877 1651 4953 1879 1651 4954 1881 1651 4955 1877 1652 4956 1881 1652 4957 1880 1652 4958 1881 1653 4959 1879 1653 4960 1882 1653 4961 1881 1654 4962 1882 1654 4963 1880 1654 4964 1880 1655 4965 1882 1655 4966 1883 1655 4967 1884 1656 4968 1885 1656 4969 1886 1656 4970 1885 1657 4971 1884 1657 4972 1887 1657 4973 1885 1658 4974 1887 1658 4975 1888 1658 4976 1889 1659 4977 1890 1659 4978 1891 1659 4979 1892 1660 4980 1893 1660 4981 1894 1660 4982 1893 1661 4983 1892 1661 4984 1895 1661 4985 1895 1662 4986 1892 1662 4987 1896 1662 4988 1897 1663 4989 1898 1663 4990 1899 1663 4991 1897 1664 4992 1899 1664 4993 1900 1664 4994 1900 1665 4995 1897 1665 4996 1901 1665 4997 1902 1666 4998 1903 1666 4999 1904 1666 5000 1904 1667 5001 1903 1667 5002 1905 1667 5003 1903 1668 5004 1902 1668 5005 1906 1668 5006 1903 1669 5007 1906 1669 5008 1905 1669 5009 1906 1670 5010 1902 1670 5011 1907 1670 5012 1902 1671 5013 1907 1671 5014 1908 1671 5015 1906 1672 5016 1907 1672 5017 1909 1672 5018 1908 1673 5019 1902 1673 5020 1910 1673 5021 1910 1674 5022 1902 1674 5023 1904 1674 5024 1910 1675 5025 1908 1675 5026 1911 1675 5027 1912 1676 5028 1904 1676 5029 1905 1676 5030 1910 1677 5031 1911 1677 5032 1913 1677 5033 1914 1678 5034 1905 1678 5035 1906 1678 5036 1914 1679 5037 1906 1679 5038 1909 1679 5039 1912 1680 5040 1905 1680 5041 1915 1680 5042 1915 1681 5043 1905 1681 5044 1914 1681 5045 1912 1682 5046 1904 1682 5047 1916 1682 5048 1904 1683 5049 1916 1683 5050 1910 1683 5051 1916 1684 5052 1912 1684 5053 1915 1684 5054 1914 1685 5055 1909 1685 5056 1917 1685 5057 1914 1686 5058 1917 1686 5059 1915 1686 5060 1915 1687 5061 1917 1687 5062 1916 1687 5063 1917 1688 5064 1909 1688 5065 1918 1688 5066 1913 1689 5067 1911 1689 5068 1918 1689 5069 1918 1690 5070 1911 1690 5071 1919 1690 5072 1917 1691 5073 1918 1691 5074 1920 1691 5075 1920 1692 5076 1918 1692 5077 1913 1692 5078 1917 1693 5079 1920 1693 5080 1916 1693 5081 1920 1694 5082 1913 1694 5083 1910 1694 5084 1920 1695 5085 1910 1695 5086 1916 1695 5087 1921 1696 5088 1922 1696 5089 1923 1696 5090 1921 1697 5091 1923 1697 5092 1924 1697 5093 1924 1698 5094 1923 1698 5095 1925 1698 5096 1924 1699 5097 1925 1699 5098 1926 1699 5099 1926 1700 5100 1925 1700 5101 1927 1700 5102 1925 1701 5103 1923 1701 5104 1928 1701 5105 1928 1702 5106 1923 1702 5107 1929 1702 5108 1931 1703 5109 1930 1703 5110 1932 1703 5111 1932 1704 5112 1931 1704 5113 1933 1704 5114 1933 1705 5115 1931 1705 5116 1934 1705 5117 1934 1706 5118 1931 1706 5119 1935 1706 5120 1936 1707 5121 1937 1707 5122 1938 1707 5123 1940 1708 5124 1939 1708 5125 1941 1708 5126 1942 1709 5127 1943 1709 5128 1944 1709 5129 1943 1710 5130 1942 1710 5131 1945 1710 5132 1943 1711 5133 1945 1711 5134 1946 1711 5135 1943 1712 5136 1946 1712 5137 1947 1712 5138 1943 1713 5139 1947 1713 5140 1948 1713 5141 1943 1714 5142 1948 1714 5143 1949 1714 5144 1943 1715 5145 1949 1715 5146 1944 1715 5147 1949 1716 5148 1948 1716 5149 1950 1716 5150 1944 1717 5151 1949 1717 5152 1951 1717 5153 1944 1718 5154 1951 1718 5155 1952 1718 5156 1952 1719 5157 1951 1719 5158 1949 1719 5159 1952 1720 5160 1949 1720 5161 1953 1720 5162 1954 1721 5163 1955 1721 5164 1956 1721 5165 1955 1722 5166 1954 1722 5167 1957 1722 5168 1957 1723 5169 1954 1723 5170 1958 1723 5171 1957 1724 5172 1958 1724 5173 1959 1724 5174 1957 1725 5175 1959 1725 5176 1960 1725 5177 1959 1726 5178 1958 1726 5179 1961 1726 5180 1962 1727 5181 1963 1727 5182 1964 1727 5183 1963 1728 5184 1962 1728 5185 1965 1728 5186 1965 1729 5187 1962 1729 5188 1966 1729 5189 1963 1730 5190 1965 1730 5191 1967 1730 5192 1967 1731 5193 1965 1731 5194 1968 1731 5195 1967 1732 5196 1968 1732 5197 1969 1732 5198 1970 1733 5199 1971 1733 5200 1972 1733 5201 1970 1734 5202 1971 1734 5203 1973 1734 5204 1970 1735 5205 1972 1735 5206 1974 1735 5207 1976 1736 5208 1975 1736 5209 1977 1736 5210 1977 1737 5211 1976 1737 5212 1978 1737 5213 1975 1738 5214 1976 1738 5215 1979 1738 5216 1976 1739 5217 1979 1739 5218 1980 1739 5219 1979 1740 5220 1975 1740 5221 1981 1740 5222 1982 1741 5223 1983 1741 5224 1984 1741 5225 1983 1742 5226 1982 1742 5227 1985 1742 5228 1986 1743 5229 1987 1743 5230 1988 1743 5231 1989 1744 5232 1990 1744 5233 1988 1744 5234 1990 1745 5235 1988 1745 5236 1991 1745 5237 1988 1746 5238 1991 1746 5239 1992 1746 5240 1992 1747 5241 1991 1747 5242 1993 1747 5243 1988 1748 5244 1992 1748 5245 1994 1748 5246 1988 1749 5247 1994 1749 5248 1986 1749 5249 1994 1750 5250 1992 1750 5251 1995 1750 5252 1994 1751 5253 1995 1751 5254 1986 1751 5255 1986 1752 5256 1995 1752 5257 1996 1752 5258 1996 1753 5259 1995 1753 5260 1997 1753 5261 1998 1754 5262 1999 1754 5263 2000 1754 5264 2001 1755 5265 2002 1755 5266 2003 1755 5267 2002 1756 5268 2001 1756 5269 2004 1756 5270 2002 1757 5271 2004 1757 5272 2005 1757 5273 2003 1758 5274 2002 1758 5275 2006 1758 5276 2006 1759 5277 2002 1759 5278 2005 1759 5279 2006 1760 5280 2005 1760 5281 2007 1760 5282 2007 1761 5283 2005 1761 5284 2008 1761 5285 2006 1762 5286 2007 1762 5287 2009 1762 5288 2006 1763 5289 2009 1763 5290 2010 1763 5291 2010 1764 5292 2009 1764 5293 2011 1764 5294 2010 1765 5295 2011 1765 5296 2012 1765 5297 2012 1766 5298 2011 1766 5299 2013 1766 5300 2012 1767 5301 2013 1767 5302 2014 1767 5303 2013 1768 5304 2011 1768 5305 2015 1768 5306 2016 1769 5307 2017 1769 5308 2018 1769 5309 2017 1770 5310 2016 1770 5311 2019 1770 5312 2019 1771 5313 2016 1771 5314 2020 1771 5315 2016 1772 5316 2018 1772 5317 2021 1772 5318 2021 1773 5319 2018 1773 5320 2022 1773 5321 2022 1774 5322 2018 1774 5323 2023 1774 5324 2024 1775 5325 2025 1775 5326 2026 1775 5327 2024 1776 5328 2026 1776 5329 2027 1776 5330 2028 1777 5331 2029 1777 5332 2030 1777 5333 2029 1778 5334 2028 1778 5335 2031 1778 5336 2032 1779 5337 2033 1779 5338 2034 1779 5339 2032 1780 5340 2034 1780 5341 2035 1780 5342 2032 1781 5343 2035 1781 5344 2036 1781 5345 2036 1782 5346 2035 1782 5347 2037 1782 5348 2036 1783 5349 2037 1783 5350 2038 1783 5351 2032 1784 5352 2036 1784 5353 2039 1784 5354 2036 1785 5355 2038 1785 5356 2040 1785 5357 2036 1786 5358 2040 1786 5359 2039 1786 5360 2039 1787 5361 2040 1787 5362 2041 1787 5363 2041 1788 5364 2040 1788 5365 2042 1788 5366 2039 1789 5367 2041 1789 5368 2043 1789 5369 2043 1790 5370 2041 1790 5371 2042 1790 5372 2044 1791 5373 2045 1791 5374 2046 1791 5375 2044 1792 5376 2046 1792 5377 2047 1792 5378 2044 1793 5379 2047 1793 5380 2048 1793 5381 2048 1794 5382 2047 1794 5383 2049 1794 5384 2048 1795 5385 2049 1795 5386 2050 1795 5387 2048 1796 5388 2050 1796 5389 2051 1796 5390 0 1797 5391 2052 1797 5392 2053 1797 5393 0 1798 5394 2053 1798 5395 2054 1798 5396 2054 1799 5397 2053 1799 5398 2055 1799 5399 2054 1800 5400 2055 1800 5401 2056 1800 5402 2057 1801 5403 2058 1801 5404 2059 1801 5405 2060 1802 5406 2061 1802 5407 2062 1802 5408 2060 1803 5409 2062 1803 5410 2063 1803 5411 2060 1804 5412 2063 1804 5413 2064 1804 5414 2064 1805 5415 2060 1805 5416 2065 1805 5417 2061 1806 5418 2060 1806 5419 2066 1806 5420 2061 1807 5421 2066 1807 5422 2067 1807 5423 2067 1808 5424 2066 1808 5425 2068 1808 5426 2068 1809 5427 2066 1809 5428 2069 1809 5429 2068 1810 5430 2069 1810 5431 2070 1810 5432 2070 1811 5433 2069 1811 5434 2071 1811 5435 2070 1812 5436 2071 1812 5437 2072 1812 5438 2073 1813 5439 2074 1813 5440 2075 1813 5441 2075 1814 5442 2074 1814 5443 2076 1814 5444 2077 1815 5445 2078 1815 5446 2079 1815 5447 2079 1816 5448 2078 1816 5449 2080 1816 5450 2082 1817 5451 2081 1817 5452 2077 1817 5453 2081 1818 5454 2077 1818 5455 2079 1818 5456 2081 1819 5457 2079 1819 5458 2083 1819 5459 2083 1820 5460 2079 1820 5461 2084 1820 5462 2079 1821 5463 2080 1821 5464 2085 1821 5465 2079 1822 5466 2085 1822 5467 2084 1822 5468 2085 1823 5469 2080 1823 5470 2086 1823 5471 2084 1824 5472 2085 1824 5473 2087 1824 5474 2085 1825 5475 2086 1825 5476 2088 1825 5477 2085 1826 5478 2088 1826 5479 2087 1826 5480 2087 1827 5481 2088 1827 5482 2089 1827 5483 2089 1828 5484 2088 1828 5485 2090 1828 5486 2089 1829 5487 2090 1829 5488 2087 1829 5489 2091 1830 5490 2092 1830 5491 2093 1830 5492 2094 1831 5493 2095 1831 5494 2096 1831 5495 2095 1832 5496 2094 1832 5497 2097 1832 5498 2097 1833 5499 2094 1833 5500 2098 1833 5501 2094 1834 5502 2096 1834 5503 2099 1834 5504 2099 1835 5505 2096 1835 5506 2100 1835 5507 2099 1836 5508 2100 1836 5509 2101 1836 5510 2099 1837 5511 2101 1837 5512 2094 1837 5513 2094 1838 5514 2101 1838 5515 2102 1838 5516 2094 1839 5517 2102 1839 5518 2103 1839 5519 2094 1840 5520 2103 1840 5521 2098 1840 5522 2103 1841 5523 2102 1841 5524 2104 1841 5525 2103 1842 5526 2104 1842 5527 2105 1842 5528 2103 1843 5529 2105 1843 5530 2106 1843 5531 2098 1844 5532 2103 1844 5533 2107 1844 5534 2098 1845 5535 2107 1845 5536 2108 1845 5537 2108 1846 5538 2107 1846 5539 2109 1846 5540 2109 1847 5541 2107 1847 5542 2110 1847 5543 2109 1848 5544 2110 1848 5545 2111 1848 5546 2107 1849 5547 2103 1849 5548 2112 1849 5549 2107 1850 5550 2112 1850 5551 2110 1850 5552 2112 1851 5553 2103 1851 5554 2106 1851 5555 2110 1852 5556 2112 1852 5557 2113 1852 5558 2112 1853 5559 2106 1853 5560 2114 1853 5561 2112 1854 5562 2114 1854 5563 2113 1854 5564 2114 1855 5565 2106 1855 5566 2115 1855 5567 2113 1856 5568 2114 1856 5569 2116 1856 5570 2114 1857 5571 2115 1857 5572 2117 1857 5573 2116 1858 5574 2114 1858 5575 2118 1858 5576 2118 1859 5577 2114 1859 5578 2117 1859 5579 2119 1860 5580 2120 1860 5581 2121 1860 5582 2120 1861 5583 2119 1861 5584 2122 1861 5585 2121 1862 5586 2120 1862 5587 2123 1862 5588 2123 1863 5589 2121 1863 5590 2124 1863 5591 2123 1864 5592 2120 1864 5593 2125 1864 5594 2125 1865 5595 2120 1865 5596 2122 1865 5597 2125 1866 5598 2122 1866 5599 2126 1866 5600 2126 1867 5601 2122 1867 5602 2127 1867 5603 2126 1868 5604 2127 1868 5605 2128 1868 5606 2128 1869 5607 2127 1869 5608 2129 1869 5609 2128 1870 5610 2129 1870 5611 2130 1870 5612 2131 1871 5613 2132 1871 5614 2133 1871 5615 2132 1872 5616 2131 1872 5617 2134 1872 5618 2132 1873 5619 2133 1873 5620 2135 1873 5621 2132 1874 5622 2134 1874 5623 2136 1874 5624 2132 1875 5625 2136 1875 5626 2135 1875 5627 2135 1876 5628 2136 1876 5629 2137 1876 5630 2138 1877 5631 2139 1877 5632 2140 1877 5633 2139 1878 5634 2138 1878 5635 2141 1878 5636 2141 1879 5637 2139 1879 5638 2142 1879 5639 2138 1880 5640 2140 1880 5641 2143 1880 5642 2143 1881 5643 2140 1881 5644 2144 1881 5645 2145 1882 5646 2146 1882 5647 2147 1882 5648 2148 1883 5649 2149 1883 5650 2150 1883 5651 2151 1884 5652 2152 1884 5653 2153 1884 5654 2152 1885 5655 2151 1885 5656 2154 1885 5657 2155 1886 5658 2156 1886 5659 2157 1886 5660 2157 1887 5661 2156 1887 5662 2158 1887 5663 2159 1888 5664 2160 1888 5665 2161 1888 5666 2160 1889 5667 2159 1889 5668 2162 1889 5669 2163 1890 5670 2164 1890 5671 2165 1890 5672 2164 1891 5673 2165 1891 5674 2166 1891 5675 2166 1892 5676 2164 1892 5677 2167 1892 5678 2165 1893 5679 2166 1893 5680 2168 1893 5681 2170 1894 5682 2169 1894 5683 2171 1894 5684 2169 1895 5685 2170 1895 5686 2172 1895 5687 2170 1896 5688 2171 1896 5689 2173 1896 5690 2171 1897 5691 2173 1897 5692 2174 1897 5693 2171 1898 5694 2174 1898 5695 2175 1898 5696 2175 1899 5697 2174 1899 5698 2176 1899 5699 2177 1900 5700 2178 1900 5701 2179 1900 5702 2178 1901 5703 2177 1901 5704 2180 1901 5705 2181 1902 5706 2182 1902 5707 2183 1902 5708 2182 1903 5709 2181 1903 5710 2184 1903 5711 2183 1904 5712 2182 1904 5713 2185 1904 5714 2185 1905 5715 2182 1905 5716 2186 1905 5717 2187 1906 5718 2188 1906 5719 2189 1906 5720 2190 1907 5721 2191 1907 5722 2192 1907 5723 2190 1908 5724 2192 1908 5725 2193 1908 5726 2193 1909 5727 2192 1909 5728 2194 1909 5729 2193 1910 5730 2194 1910 5731 2195 1910 5732 2196 1911 5733 2197 1911 5734 2198 1911 5735 2197 1912 5736 2196 1912 5737 2199 1912 5738 2197 1913 5739 2199 1913 5740 2200 1913 5741 2200 1914 5742 2199 1914 5743 2201 1914 5744 2201 1915 5745 2199 1915 5746 2202 1915 5747 2203 1916 5748 2204 1916 5749 2205 1916 5750 2207 1917 5751 2206 1917 5752 2208 1917 5753 2206 1918 5754 2208 1918 5755 2209 1918 5756 2209 1919 5757 2208 1919 5758 2210 1919 5759 2211 1920 5760 2212 1920 5761 2213 1920 5762 2213 1921 5763 2212 1921 5764 2214 1921 5765 2211 1922 5766 2213 1922 5767 2215 1922 5768 2216 1923 5769 2217 1923 5770 2218 1923 5771 2219 1924 5772 2220 1924 5773 2221 1924 5774 2222 1925 5775 2223 1925 5776 2224 1925 5777 2222 1926 5778 2224 1926 5779 2225 1926 5780 2223 1927 5781 2222 1927 5782 2226 1927 5783 2226 1928 5784 2222 1928 5785 2227 1928 5786 2226 1929 5787 2227 1929 5788 2228 1929 5789 2229 1930 5790 2230 1930 5791 2231 1930 5792 2229 1931 5793 2231 1931 5794 2232 1931 5795 2231 1932 5796 2232 1932 5797 2233 1932 5798 2233 1933 5799 2231 1933 5800 2234 1933 5801 2235 1934 5802 2236 1934 5803 2237 1934 5804 2238 1935 5805 2239 1935 5806 2240 1935 5807 2239 1936 5808 2238 1936 5809 2241 1936 5810 2239 1937 5811 2241 1937 5812 2242 1937 5813 2243 1938 5814 2244 1938 5815 2245 1938 5816 2243 1939 5817 2245 1939 5818 2246 1939 5819 2243 1940 5820 2246 1940 5821 2247 1940 5822 2247 1941 5823 2246 1941 5824 2248 1941 5825 2249 1942 5826 2250 1942 5827 2251 1942 5828 2249 1943 5829 2251 1943 5830 2252 1943 5831 2251 1944 5832 2250 1944 5833 2253 1944 5834 2250 1945 5835 2249 1945 5836 2254 1945 5837 2250 1946 5838 2254 1946 5839 2255 1946 5840 2256 1947 5841 2257 1947 5842 2258 1947 5843 2259 1948 5844 2260 1948 5845 2261 1948 5846 2260 1949 5847 2259 1949 5848 2262 1949 5849 2262 1950 5850 2259 1950 5851 2263 1950 5852 2262 1951 5853 2263 1951 5854 2264 1951 5855 2265 1952 5856 2266 1952 5857 2267 1952 5858 2265 1953 5859 2267 1953 5860 2268 1953 5861 2269 1954 5862 2270 1954 5863 2271 1954 5864 2269 1955 5865 2271 1955 5866 2272 1955 5867 2269 1956 5868 2272 1956 5869 2273 1956 5870 2270 1957 5871 2269 1957 5872 2274 1957 5873 2270 1958 5874 2274 1958 5875 2275 1958 5876 2275 1959 5877 2274 1959 5878 2276 1959 5879 2275 1960 5880 2276 1960 5881 2277 1960 5882 2275 1961 5883 2277 1961 5884 2278 1961 5885 2279 1962 5886 2280 1962 5887 2281 1962 5888 2280 1963 5889 2279 1963 5890 2282 1963 5891 2282 1964 5892 2279 1964 5893 2283 1964 5894 2282 1965 5895 2283 1965 5896 2284 1965 5897 2285 1966 5898 2286 1966 5899 2287 1966 5900 2288 1967 5901 2289 1967 5902 2290 1967 5903 2291 1968 5904 2292 1968 5905 2293 1968 5906 2294 1969 5907 2295 1969 5908 2296 1969 5909 2297 1970 5910 2298 1970 5911 2299 1970 5912 2299 1971 5913 2298 1971 5914 2300 1971 5915 2301 1972 5916 2302 1972 5917 2303 1972 5918 2302 1973 5919 2301 1973 5920 2304 1973 5921 2305 1974 5922 2306 1974 5923 2307 1974 5924 2307 1975 5925 2306 1975 5926 2308 1975 5927 2307 1976 5928 2308 1976 5929 2309 1976 5930 2307 1977 5931 2309 1977 5932 2310 1977 5933 2311 1978 5934 2312 1978 5935 2313 1978 5936 2315 1979 5937 2314 1979 5938 2316 1979 5939 2317 1980 5940 2318 1980 5941 2319 1980 5942 2320 1981 5943 2321 1981 5944 2322 1981 5945 2323 1982 5946 2324 1982 5947 2325 1982 5948 2326 1983 5949 2327 1983 5950 2328 1983 5951</p>
        </polylist>
      </mesh>
    </geometry>
  </library_geometries>
  <library_visual_scenes>
    <visual_scene id="Scene" name="Scene">
      <node id="CornerTable3" name="CornerTable3" type="NODE">
        <scale sid="scale">1 1 1</scale>
        <translate sid="location">0 0 0</translate>
        <rotate sid="rotationX">1 0 0 0</rotate>
        <rotate sid="rotationY">0 1 0 90</rotate>
        <rotate sid="rotationZ">0 0 1 0</rotate>
        <instance_geometry url="#CornerTable3-mesh" name="CornerTable3">
          <bind_material>
            <technique_common>
            </technique_common>
          </bind_material>
        </instance_geometry>
      </node>
    </visual_scene>
  </library_visual_scenes>
  <scene>
    <instance_visual_scene url="#Scene"/>
  </scene>
</COLLADA>
