<?xml version="1.0" encoding="utf-8"?>
<COLLADA xmlns="http://www.collada.org/2005/11/COLLADASchema" version="1.4.1" xmlns:xsi="http://www.w3.org/2001/XMLSchema-instance">
  <asset>
    <contributor>
      <author>Blockbench user</author>
      <authoring_tool>Blockbench</authoring_tool>
    </contributor>
    <created>2026-05-16T10:56:32.806Z</created>
    <modified>2026-05-16T10:56:32.806Z</modified>
    <unit name="meter" meter="1.0"/>
    <up_axis>Y_UP</up_axis>
  </asset>
  <library_effects>
  </library_effects>
  <library_images>
  </library_images>
  <library_materials>
  </library_materials>
  <library_geometries>
    <geometry id="Desk3-mesh" name="Desk3">
      <mesh>
        <source id="Desk3-mesh-positions">
          <float_array id="Desk3-mesh-positions-array" count="6492">-0.256989 -0.263397 -0.170761 -0.260986 -0.429596 -0.466309 -0.264404 -0.424561 -0.474915 -0.25766 -0.494446 -0.47226 -0.258331 -0.490051 -0.333374 -0.259766 -0.457336 -0.303223 -0.269073 -0.378296 -0.472198 -0.26059 -0.211685 -0.402374 -0.26062 -0.373566 -0.467743 -0.26355 -0.253296 -0.468353 -0.260651 0.036587 -0.415436 -0.259033 -0.157013 -0.248459 -0.260498 0.034893 -0.469879 -0.26059 -0.174332 -0.467194 -0.263153 -0.045563 -0.469177 -0.168137 -0.397247 -0.475922 -0.25766 -0.494446 -0.47226 -0.264404 -0.424561 -0.474915 -0.25473 -0.403961 -0.475769 -0.256714 -0.361664 -0.478333 -0.184189 -0.344269 -0.475983 -0.254303 -0.212967 -0.475647 -0.256256 -0.12027 -0.479095 -0.108482 -0.389679 -0.474823 -0.254181 0.029591 -0.475739 -0.111465 -0.348999 -0.474884 0.200638 -0.350769 -0.473206 0.092087 -0.391449 -0.473755 -0.184143 -0.12915 -0.475952 -0.183701 0.008191 -0.475708 -0.181824 -0.342407 -0.474213 -0.181763 0.003687 -0.474182 -0.180176 -0.31308 -0.469971 -0.234085 -0.493256 -0.47345 -0.258331 -0.490051 -0.333374 -0.25766 -0.494446 -0.47226 -0.212845 -0.490234 -0.364838 -0.168137 -0.397247 -0.475922 -0.171448 -0.48407 -0.468811 -0.164688 -0.483154 -0.474182 -0.159149 -0.393127 -0.479034 -0.153458 -0.476776 -0.479126 -0.097549 -0.483368 -0.47818 -0.10672 -0.485962 -0.384735 -0.212845 -0.490234 -0.364838 -0.171448 -0.48407 -0.468811 -0.10672 -0.485962 -0.384735 -0.097549 -0.483368 -0.47818 0.096954 -0.482086 -0.474762 0.087547 -0.484375 -0.312164 0.203339 -0.48175 -0.388275 0.162491 -0.484283 -0.278595 -0.116852 -0.486511 -0.262482 -0.258606 -0.48584 -0.195877 -0.258331 -0.490051 -0.333374 -0.259766 -0.457336 -0.303223 -0.031019 -0.485504 -0.173111 0.13179 -0.486481 -0.172394 -0.258942 -0.412598 -0.188141 -0.258453 -0.338226 -0.185654 -0.25705 -0.485077 -0.169083 -0.259979 -0.446259 -0.169281 -0.261444 -0.409485 -0.17775 -0.260406 -0.201782 -0.177612 -0.258667 -0.189117 -0.187393 -0.261383 -0.367859 -0.171448 -0.259644 -0.178223 -0.172333 -0.256989 -0.263397 -0.170761 -0.258148 -0.394226 -0.169327 -0.108101 -0.393433 -0.168396 -0.157318 -0.484985 -0.168549 -0.084221 -0.483276 -0.167984 0.002799 -0.482697 -0.167633 0.10672 -0.483276 -0.165497 0.267273 -0.486908 -0.168793 0.148422 -0.477997 -0.16687 0.104309 -0.393646 -0.167267 0.058769 -0.390411 -0.173935 -0.155991 -0.390228 -0.176834 -0.143143 -0.386658 -0.178421 0.070564 -0.385712 -0.177246 -0.064224 -0.351166 -0.17804 0.200943 -0.353027 -0.176346 -0.269073 -0.378296 -0.472198 -0.256714 -0.361664 -0.478333 -0.264404 -0.424561 -0.474915 -0.264465 -0.263947 -0.474182 -0.26355 -0.253296 -0.468353 -0.256256 -0.12027 -0.479095 -0.263885 -0.109108 -0.474182 -0.256866 0.036221 -0.478027 -0.159149 -0.393127 -0.479034 -0.168137 -0.397247 -0.475922 -0.108482 -0.389679 -0.474823 -0.059395 -0.393097 -0.478851 0.092087 -0.391449 -0.473755 -0.153458 -0.476776 -0.479126 -0.013583 -0.395294 -0.47876 0.023304 -0.477417 -0.478516 0.152573 -0.39151 -0.478699 -0.181824 -0.342407 -0.474213 -0.179077 -0.340729 -0.470032 -0.184189 -0.344269 -0.475983 -0.180176 -0.31308 -0.469971 -0.111465 -0.348999 -0.474884 -0.070808 -0.344666 -0.469543 0.196732 -0.347748 -0.46814 -0.259033 -0.157013 -0.248459 -0.26059 -0.211685 -0.402374 -0.259766 -0.457336 -0.303223 -0.258453 -0.338226 -0.185654 -0.258667 -0.189117 -0.187393 -0.258484 0.039421 -0.19278 -0.15657 -0.303131 -0.176926 -0.239395 -0.391815 -0.175995 -0.155991 -0.390228 -0.176834 -0.108101 -0.393433 -0.168396 -0.258148 -0.394226 -0.169327 -0.25589 -0.392883 -0.175873 -0.195007 -0.109772 -0.17659 -0.156494 -0.039761 -0.176987 -0.15181 -0.191147 -0.179306 -0.152466 -0.288849 -0.179108 -0.15416 -0.351074 -0.178238 -0.143143 -0.386658 -0.178421 -0.064224 -0.351166 -0.17804 -0.15213 -0.294891 -0.184494 -0.152466 -0.288849 -0.179108 -0.15416 -0.351074 -0.178238 -0.146881 -0.294556 -0.052677 -0.150681 -0.291748 -0.067528 -0.149094 -0.264008 -0.02285 -0.15181 -0.191147 -0.179306 -0.148529 0.037697 0.008729 -0.151886 -0.058868 -0.179321 -0.143692 -0.292328 -0.184235 -0.139511 -0.291077 0.044254 -0.141708 -0.037552 -0.067726 -0.143539 -0.169601 -0.184265 -0.142822 -0.082161 -0.152405 -0.143524 -0.037453 -0.184326 0.030993 -0.092659 -0.183029 0.031559 -0.284698 -0.183014 -0.15181 -0.347046 -0.184418 0.196274 -0.347443 -0.18158 -0.064224 -0.351166 -0.17804 0.198578 -0.349701 -0.177277 0.096954 -0.482086 -0.474762 -0.097549 -0.483368 -0.47818 -0.153458 -0.476776 -0.479126 -0.153458 -0.476776 -0.479126 0.023304 -0.477417 -0.478516 0.096954 -0.482086 -0.474762 0.266449 -0.47995 -0.479218 -0.26355 -0.253296 -0.468353 -0.263153 -0.045563 -0.469177 -0.263885 -0.109108 -0.474182 -0.266205 0.036617 -0.474884 -0.263885 -0.109108 -0.474182 -0.266205 0.036617 -0.474884 -0.256866 0.036221 -0.478027 -0.2435 0.037804 -0.489166 -0.273437 0.039055 -0.496826 -0.18161 0.040668 -0.496429 -0.130905 0.037052 -0.490692 -0.126633 0.036503 -0.477844 0.258636 0.036827 -0.476227 0.25592 0.03756 -0.486633 0.155579 0.033428 -0.473572 -0.185883 0.034931 -0.475952 -0.254181 0.029591 -0.475739 -0.183701 0.008191 -0.475708 -0.073982 0.032173 -0.474609 0.020729 0.009905 -0.473907 -0.181763 0.003687 -0.474182 -0.179779 0.004291 -0.46994 -0.180176 -0.31308 -0.469971 -0.258667 -0.189117 -0.187393 -0.260406 -0.201782 -0.177612 -0.259216 -0.012112 -0.178162 -0.259644 -0.178223 -0.172333 -0.254669 0.035084 -0.175827 -0.25589 -0.392883 -0.175873 -0.195007 -0.109772 -0.17659 -0.255676 0.028034 -0.171692 -0.256989 -0.263397 -0.170761 -0.258575 0.036236 -0.172867 -0.259644 -0.178223 -0.172333 -0.070808 -0.344666 -0.469543 -0.180176 -0.31308 -0.469971 -0.179779 0.004291 -0.46994 0.037514 -0.10746 -0.468933 0.196732 -0.347748 -0.46814 -0.070808 -0.344666 -0.469543 0.037514 -0.10746 -0.468933 -0.15181 -0.191147 -0.179306 -0.151886 -0.058868 -0.179321 -0.156494 -0.039761 -0.176987 0.266449 -0.47995 -0.479218 0.023304 -0.477417 -0.478516 0.185928 -0.473328 -0.477661 0.269989 -0.476929 -0.477905 0.262848 -0.398682 -0.477325 0.269806 -0.394226 -0.480682 0.270844 -0.397186 -0.394073 0.270905 -0.390533 -0.434723 0.254913 -0.392914 -0.4599 0.256165 -0.391937 -0.477905 0.166275 -0.396545 -0.481598 -0.013583 -0.395294 -0.47876 0.152573 -0.39151 -0.478699 -0.013583 -0.395294 -0.47876 0.262848 -0.398682 -0.477325 0.023304 -0.477417 -0.478516 0.096954 -0.482086 -0.474762 0.266449 -0.47995 -0.479218 0.203339 -0.48175 -0.388275 0.270599 -0.481018 -0.401093 0.269989 -0.476929 -0.477905 0.270844 -0.397186 -0.394073 0.259277 -0.475677 -0.39093 0.271027 -0.444244 -0.368347 0.271729 -0.44101 -0.28537 0.216614 -0.478394 -0.309052 0.162491 -0.484283 -0.278595 0.255096 -0.471161 -0.318878 0.253784 -0.485535 -0.248276 0.13179 -0.486481 -0.172394 0.267273 -0.486908 -0.168793 0.238312 -0.465942 -0.30368 0.271973 -0.461121 -0.259674 0.272095 -0.483276 -0.249237 0.246414 -0.465546 -0.383606 0.235672 -0.461823 -0.259583 0.244446 -0.453156 -0.334808 0.258698 -0.443665 -0.333221 0.245438 -0.448608 -0.274567 0.092087 -0.391449 -0.473755 0.152573 -0.39151 -0.478699 -0.059395 -0.393097 -0.478851 0.196732 -0.347748 -0.46814 0.200638 -0.350769 -0.473206 -0.111465 -0.348999 -0.474884 0.248535 -0.389587 -0.473175 0.092087 -0.391449 -0.473755 0.200638 -0.350769 -0.473206 0.198807 -0.349304 -0.472015 0.196732 -0.347748 -0.46814 0.201141 -0.194519 -0.473297 0.251373 -0.149994 -0.473145 0.256165 -0.391937 -0.477905 0.152573 -0.39151 -0.478699 0.257904 -0.187454 -0.477692 0.258972 -0.37442 -0.475006 0.261627 -0.175278 -0.474396 0.2565 -0.209549 -0.471527 0.255219 -0.32959 -0.468994 0.254913 -0.392914 -0.4599 0.254944 -0.233002 -0.465576 0.255066 -0.356628 -0.438141 0.255768 -0.392517 -0.382294 0.254974 -0.210434 -0.438629 0.24472 -0.225296 -0.437805 0.257935 -0.264404 -0.437622 0.258148 -0.214157 -0.4375 0.258087 -0.3526 -0.435699 0.24762 -0.354584 -0.408173 0.25882 -0.279816 -0.362122 0.257599 -0.212708 -0.204819 0.258331 -0.268433 -0.281677 0.257751 -0.351257 -0.204819 0.258331 -0.353394 -0.351013 0.252594 -0.354828 -0.362122 0.256805 -0.353516 -0.200546 0.243225 -0.353607 -0.250488 0.196808 0.008283 -0.468048 0.196732 -0.347748 -0.46814 0.037514 -0.10746 -0.468933 -0.03347 0.006587 -0.46933 -0.179779 0.004291 -0.46994 0.020729 0.009905 -0.473907 0.199783 0.012199 -0.473328 0.155579 0.033428 -0.473572 0.196732 -0.347748 -0.46814 0.196808 0.008283 -0.468048 0.198807 -0.349304 -0.472015 0.199783 0.012199 -0.473328 0.201141 -0.194519 -0.473297 0.251373 -0.149994 -0.473145 0.252411 0.035397 -0.473175 0.155579 0.033428 -0.473572 0.254913 -0.392914 -0.4599 0.255768 -0.392517 -0.382294 0.265533 -0.393768 -0.335175 0.270905 -0.390533 -0.434723 0.257233 -0.392487 -0.263306 0.270142 -0.389801 -0.265076 0.274231 -0.391846 -0.293701 0.270844 -0.397186 -0.394073 0.267151 -0.392853 -0.194275 0.272827 -0.39624 -0.173279 0.271729 -0.44101 -0.28537 0.273163 -0.390778 -0.166031 0.271973 -0.461121 -0.259674 0.272095 -0.483276 -0.249237 0.272858 -0.480896 -0.166107 0.260132 -0.391327 -0.174393 0.257019 -0.390533 -0.183182 0.256805 -0.353516 -0.200546 0.25708 -0.354462 -0.261688 0.243225 -0.353607 -0.250488 0.252594 -0.354828 -0.362122 0.256378 -0.356903 -0.328247 0.24762 -0.354584 -0.408173 0.255066 -0.356628 -0.438141 0.272095 -0.483276 -0.249237 0.267273 -0.486908 -0.168793 0.253784 -0.485535 -0.248276 0.272858 -0.480896 -0.166107 0.10672 -0.483276 -0.165497 0.148422 -0.477997 -0.16687 0.273163 -0.390778 -0.166031 0.104309 -0.393646 -0.167267 0.246933 -0.389526 -0.175873 0.058769 -0.390411 -0.173935 0.070564 -0.385712 -0.177246 0.200943 -0.353027 -0.176346 0.247101 -0.228195 -0.176025 0.260132 -0.391327 -0.174393 0.253601 -0.209274 -0.173737 0.259247 -0.190414 -0.174881 0.257019 -0.390533 -0.183182 0.256958 -0.137497 -0.184784 0.256592 -0.208023 -0.202347 0.256805 -0.353516 -0.200546 0.257751 -0.351257 -0.204819 0.257599 -0.212708 -0.204819 0.198578 -0.349701 -0.177277 -0.064224 -0.351166 -0.17804 0.200943 -0.353027 -0.176346 0.199432 -0.036114 -0.176361 0.031559 -0.284698 -0.183014 0.196274 -0.347443 -0.18158 0.196335 -0.191238 -0.181473 0.198578 -0.349701 -0.177277 0.155319 -0.074776 -0.431976 0.143478 -0.081818 -0.426727 0.139984 -0.083061 -0.428864 0.134628 -0.066956 -0.384796 0.272491 -0.085022 -0.431854 0.165222 -0.039936 -0.432007 0.150421 -0.040279 -0.387695 0.181915 -0.012071 -0.403412 0.235458 0.014243 -0.432098 0.270966 0.018597 -0.436951 0.229126 0.011167 -0.434967 0.201431 0.006563 -0.355621 0.255005 0.01283 -0.435394 0.25531 0.018211 -0.427063 0.252106 0.014612 -0.364441 0.254944 0.038521 -0.466583 0.132965 -0.084076 -0.209915 0.139984 -0.083061 -0.428864 0.119698 -0.082062 -0.300446 0.272522 -0.085449 -0.308014 0.272491 -0.085022 -0.431854 0.272827 0.018049 -0.428009 0.272095 0.018469 -0.203354 0.134628 -0.066956 -0.384796 0.128464 -0.064629 -0.320831 0.132263 -0.062176 -0.25882 0.150421 -0.040279 -0.387695 0.155624 -0.024616 -0.312347 0.158646 -0.026588 -0.255249 0.181915 -0.012071 -0.403412 0.187088 -0.001034 -0.284393 0.201431 0.006563 -0.355621 0.256195 -0.2099 -0.437805 0.24472 -0.225296 -0.437805 0.254974 -0.210434 -0.438629 0.258148 -0.214157 -0.4375 0.257599 -0.212708 -0.204819 0.255005 -0.086731 -0.438354 0.254944 -0.233002 -0.465576 0.255005 0.01283 -0.435394 0.243713 -0.094582 -0.437927 0.255768 -0.097359 -0.430664 0.256683 -0.151657 -0.35202 0.257477 -0.095322 -0.206741 0.257202 -0.177689 -0.269135 0.257172 -0.149521 -0.292633 0.257294 -0.154114 -0.275726 0.243713 -0.094582 -0.437927 0.232788 -0.091797 -0.408905 0.242233 -0.094635 -0.304413 0.255768 -0.097359 -0.430664 0.257477 -0.095322 -0.206741 0.232758 -0.092415 -0.31778 0.24585 -0.094337 -0.207245 0.231476 -0.088165 -0.253998 0.233856 -0.087471 -0.39505 0.270447 -0.088196 -0.282379 0.271088 -0.087799 -0.430115 0.236237 -0.088051 -0.43103 0.272308 -0.094192 -0.431488 0.256073 -0.095085 -0.436584 0.289063 -0.094688 -0.438782 0.269745 -0.076004 -0.436676 0.270966 0.018597 -0.436951 0.261627 -0.175278 -0.474396 0.260681 -0.088783 -0.471588 0.2565 -0.209549 -0.471527 0.262451 0.039845 -0.474243 0.254944 0.038521 -0.466583 0.254944 -0.233002 -0.465576 0.255005 0.01283 -0.435394 0.278412 -0.143539 -0.296417 0.268677 -0.150803 -0.343689 0.257843 -0.138519 -0.344879 0.265381 -0.140579 -0.303345 0.257843 -0.138519 -0.344879 0.268677 -0.150803 -0.343689 0.265381 -0.140579 -0.303345 0.278412 -0.143539 -0.296417 0.261627 -0.175278 -0.474396 0.257904 -0.187454 -0.477692 0.258636 0.036827 -0.476227 0.262451 0.039845 -0.474243 0.252411 0.035397 -0.473175 0.251373 -0.149994 -0.473145 0.255005 0.01283 -0.435394 0.256073 -0.095085 -0.436584 0.239716 -0.002494 -0.435364 0.243713 -0.094582 -0.437927 0.255005 -0.086731 -0.438354 0.269745 -0.076004 -0.436676 0.270966 0.018597 -0.436951 0.276154 -0.086899 -0.433411 0.277405 -0.091042 -0.420746 0.285278 -0.091469 -0.435913 0.284973 -0.091415 -0.346375 0.275696 -0.091454 -0.324219 0.275208 -0.083382 -0.339355 0.275665 -0.091652 -0.205139 0.278076 -0.062843 -0.408661 0.275543 -0.057934 -0.319641 0.284088 -0.058308 -0.344849 0.284302 -0.066879 -0.421906 0.277679 -0.049103 -0.263733 0.27771 -0.019085 -0.254425 0.282379 -0.055737 -0.249893 0.282745 -0.090675 -0.204773 0.284973 -0.091415 -0.346375 0.285278 -0.091469 -0.435913 0.275696 -0.091454 -0.324219 0.285278 -0.091469 -0.435913 0.276489 0.01382 -0.43457 0.276154 -0.086899 -0.433411 0.278076 -0.062843 -0.408661 0.282928 -0.013708 -0.420013 0.284302 -0.066879 -0.421906 0.284302 0.015245 -0.435364 0.285278 -0.091469 -0.435913 0.279999 0.003324 -0.395294 0.275818 0.014147 -0.28476 0.282745 0.01424 -0.322021 0.281189 0.002887 -0.342987 0.276459 0.000124 -0.289124 0.281189 -0.00946 -0.260101 0.27771 -0.019085 -0.254425 0.289307 -0.094902 -0.338684 0.289063 -0.094688 -0.438782 0.287781 -0.084984 -0.335144 0.272308 -0.094192 -0.431488 0.273071 -0.095093 -0.274414 0.270447 -0.088196 -0.282379 0.285858 -0.094994 -0.201279 0.285675 -0.014071 -0.282074 0.287292 -0.040512 -0.345551 0.286407 0.014894 -0.353943 0.287354 0.019217 -0.438324 0.284271 0.01862 -0.201508 0.030993 -0.092659 -0.183029 0.031559 -0.284698 -0.183014 0.196335 -0.191238 -0.181473 0.19635 -0.034527 -0.181549 0.199432 -0.036114 -0.176361 0.198578 -0.349701 -0.177277 0.070145 -0.03627 -0.18251 -0.033749 -0.036629 -0.18335 -0.143524 -0.037453 -0.184326 0.133835 -0.034992 -0.174057 0.225479 -0.034431 -0.176117 0.169571 -0.037327 0.050331 0.247101 -0.228195 -0.176025 0.199432 -0.036114 -0.176361 0.200943 -0.353027 -0.176346 0.246658 -0.041389 -0.175888 0.253601 -0.209274 -0.173737 0.225479 -0.034431 -0.176117 0.228149 -0.03005 -0.176147 0.229568 -0.033398 -0.033028 0.227188 -0.037178 0.048244 0.132965 -0.084076 -0.209915 0.119698 -0.082062 -0.300446 0.132263 -0.062176 -0.25882 0.141953 -0.062 -0.204224 0.158646 -0.026588 -0.255249 0.2164 0.010011 -0.20488 0.220657 -0.084396 -0.204712 0.272522 -0.085449 -0.308014 0.234116 -0.029755 -0.205429 0.272217 -0.085716 -0.205872 0.272095 0.018469 -0.203354 0.270447 -0.088196 -0.282379 0.24028 -0.088371 -0.21106 0.231476 -0.088165 -0.253998 0.24585 -0.094337 -0.207245 0.232758 -0.092415 -0.31778 0.271118 -0.088989 -0.203567 0.273071 -0.095093 -0.274414 0.257477 -0.095322 -0.206741 0.242233 -0.094635 -0.304413 0.27182 -0.094917 -0.202713 0.285858 -0.094994 -0.201279 0.257202 -0.177689 -0.269135 0.257477 -0.097748 -0.205139 0.257599 -0.212708 -0.204819 0.257294 -0.154114 -0.275726 0.256592 -0.208023 -0.202347 0.257202 -0.135544 -0.275543 0.257477 -0.095322 -0.206741 0.257172 -0.149521 -0.292633 0.256683 -0.090523 -0.20311 0.256958 -0.137497 -0.184784 0.256897 0.015167 -0.203903 0.271118 -0.088989 -0.203567 0.27182 -0.094917 -0.202713 0.265167 -0.14032 -0.301575 0.257294 -0.154114 -0.275726 0.257172 -0.149521 -0.292633 0.257202 -0.135544 -0.275543 0.279449 -0.14357 -0.294006 0.275696 -0.091454 -0.324219 0.275665 -0.091652 -0.205139 0.282745 -0.090675 -0.204773 0.275543 -0.057934 -0.319641 0.27771 -0.019085 -0.254425 0.275757 0.012846 -0.205399 0.280731 0.01453 -0.205597 0.282379 -0.055737 -0.249893 0.281189 -0.00946 -0.260101 0.27771 -0.019085 -0.254425 0.277679 -0.049103 -0.263733 0.253601 -0.209274 -0.173737 0.258362 0.040813 -0.174011 0.246658 -0.041389 -0.175888 0.259247 -0.190414 -0.174881 0.257019 0.039181 -0.184113 0.256958 -0.137497 -0.184784 0.256897 0.015167 -0.203903 0.256897 0.015167 -0.203903 0.256683 -0.090523 -0.20311 0.27182 -0.094917 -0.202713 0.272095 0.018469 -0.203354 0.285858 -0.094994 -0.201279 0.284271 0.01862 -0.201508 0.285675 -0.014071 -0.282074 -0.147369 -0.293365 0.10038 -0.150681 -0.291748 -0.067528 -0.146881 -0.294556 -0.052677 -0.149094 -0.264008 -0.02285 -0.145996 -0.257996 0.15596 -0.136917 -0.293304 0.201111 -0.139511 -0.291077 0.044254 -0.13797 -0.140015 0.115761 -0.145264 -0.295013 0.203568 -0.145248 -0.17363 0.205139 -0.14917 -0.259705 0.213257 -0.139511 -0.291077 0.044254 -0.141708 -0.037552 -0.067726 -0.13797 -0.140015 0.115761 -0.138779 -0.037689 0.079773 -0.136688 -0.03854 0.201263 -0.136917 -0.293304 0.201111 -0.160675 -0.449799 0.196457 -0.164276 -0.383606 0.191681 -0.162613 -0.455963 0.189346 -0.159576 -0.454163 0.268402 -0.160614 -0.386383 0.195633 -0.15918 -0.420197 0.282745 -0.159546 -0.377747 0.273132 -0.158371 -0.382721 0.34729 -0.157761 -0.417023 0.396179 -0.149261 -0.375397 0.213089 -0.147781 -0.374146 0.288116 -0.159195 -0.376251 0.358368 -0.144226 -0.372253 0.466156 -0.157379 -0.37561 0.487457 -0.147186 -0.370758 0.488129 -0.157272 -0.45224 0.487671 -0.156372 -0.451263 0.413818 -0.157166 -0.447052 0.497803 -0.158539 -0.373199 0.498016 -0.061211 -0.443817 0.497314 -0.098969 -0.448944 0.496033 0.130219 -0.445435 0.495972 0.06588 -0.378662 0.496368 0.033585 -0.374786 0.498016 -0.12764 -0.370422 0.49649 -0.141312 -0.371429 0.485504 0.066658 -0.372131 0.492767 0.030962 -0.371735 0.485626 -0.096718 -0.454681 0.188126 -0.162613 -0.455963 0.189346 -0.160065 -0.377991 0.188599 -0.164276 -0.383606 0.191681 -0.159546 -0.377747 0.273132 -0.149261 -0.375397 0.213089 -0.14621 -0.375 0.203079 0.029783 -0.374023 0.201721 0.009758 -0.379608 0.187256 0.117393 -0.453857 0.186401 0.002882 -0.453522 0.281464 -0.134705 -0.294403 0.203171 -0.145264 -0.295013 0.203568 -0.136917 -0.293304 0.201111 -0.149261 -0.375397 0.213089 -0.14917 -0.259705 0.213257 -0.14621 -0.375 0.203079 -0.101723 -0.34198 0.202866 -0.102386 -0.142838 0.202835 0.076645 -0.341522 0.201386 0.029783 -0.374023 0.201721 -0.098358 -0.338409 0.207809 -0.159576 -0.454163 0.268402 -0.162613 -0.455963 0.189346 -0.096718 -0.454681 0.188126 -0.092537 -0.449768 0.268585 -0.15918 -0.420197 0.282745 0.002882 -0.453522 0.281464 -0.116524 -0.435181 0.33783 -0.157761 -0.417023 0.396179 -0.080391 -0.445984 0.314087 -0.040874 -0.450165 0.376038 -0.082375 -0.449371 0.40686 -0.156372 -0.451263 0.413818 0.056988 -0.452057 0.316132 0.089333 -0.448517 0.492889 -0.098969 -0.448944 0.496033 -0.157272 -0.45224 0.487671 -0.157166 -0.447052 0.497803 -0.149261 -0.375397 0.213089 -0.147781 -0.374146 0.288116 -0.147934 -0.301361 0.276672 -0.14917 -0.259705 0.213257 -0.147186 -0.140259 0.310059 -0.144226 -0.372253 0.466156 -0.144165 -0.242874 0.470062 -0.146713 -0.34964 0.481903 -0.147186 -0.370758 0.488129 -0.146332 -0.154404 0.481018 -0.143387 -0.304871 0.491333 -0.141312 -0.371429 0.485504 -0.144745 -0.17952 0.490509 -0.14653 -0.144928 0.48877 -0.148514 -0.161865 0.493408 -0.144669 -0.193741 0.494598 -0.147232 -0.111649 0.497345 -0.1418 -0.189774 0.485352 -0.141739 -0.078705 0.485413 -0.141754 -0.308075 0.485382 -0.085503 -0.366974 0.484863 0.030962 -0.371735 0.485626 0.054432 -0.368011 0.48349 0.062153 -0.337738 0.483368 -0.093117 -0.337067 0.484802 -0.092773 0.018923 0.484711 0.04718 -0.334412 0.478271 -0.089729 -0.156708 0.479431 -0.089813 -0.333954 0.479492 -0.034229 -0.175461 0.479065 -0.134705 -0.294403 0.203171 -0.136917 -0.293304 0.201111 -0.136688 -0.03854 0.201263 -0.134689 -0.126785 0.203125 -0.102386 -0.142838 0.202835 -0.102783 -0.037224 0.202789 -0.134659 -0.037239 0.203156 -0.138779 -0.037689 0.079773 -0.053757 -0.037697 0.04607 -0.019529 -0.036777 0.20694 -0.09874 -0.037796 0.207794 0.024347 -0.086937 0.206711 -0.143524 -0.037453 -0.184326 -0.142822 -0.082161 -0.152405 -0.143539 -0.169601 -0.184265 -0.143524 -0.037453 -0.184326 -0.141708 -0.037552 -0.067726 -0.142822 -0.082161 -0.152405 -0.062897 -0.037178 -0.053875 -0.033749 -0.036629 -0.18335 -0.053757 -0.037697 0.04607 -0.138779 -0.037689 0.079773 -0.148529 0.037697 0.008729 -0.149094 -0.264008 -0.02285 -0.145996 -0.257996 0.15596 -0.145142 0.037212 0.204651 -0.145248 -0.17363 0.205139 -0.149033 0.03714 0.213013 -0.14917 -0.259705 0.213257 -0.223389 0.037487 0.208084 -0.24556 0.037239 0.02247 -0.246979 0.037354 0.232468 -0.242737 0.039253 0.294464 -0.25351 0.038929 0.114357 -0.24826 0.037556 -0.00897 -0.252228 0.040344 0.238647 -0.251129 0.040028 0.258789 -0.248886 0.043156 0.125916 -0.245789 0.046974 0.01387 -0.249832 0.067734 0.228363 -0.244614 0.068718 0.009577 -0.246323 0.072365 0.007946 -0.252136 0.071899 0.243225 -0.248886 0.075081 0.262756 -0.242798 0.073761 0.046848 -0.241959 0.073418 0.143753 -0.149033 0.03714 0.213013 -0.14917 -0.259705 0.213257 -0.147186 -0.140259 0.310059 -0.145981 0.037098 0.371063 -0.144165 -0.242874 0.470062 0.117393 -0.453857 0.186401 0.251373 -0.380219 0.185196 0.251526 -0.45462 0.185364 0.252625 -0.453278 0.260712 0.251373 -0.380219 0.185196 0.117393 -0.453857 0.186401 0.009758 -0.379608 0.187256 0.247879 -0.377106 0.189331 0.029783 -0.374023 0.201721 0.229111 -0.374817 0.200058 0.117393 -0.453857 0.186401 0.172562 -0.452606 0.238586 0.002882 -0.453522 0.281464 0.056988 -0.452057 0.316132 0.150848 -0.445648 0.333191 0.138474 -0.448517 0.419952 0.089333 -0.448517 0.492889 0.183655 -0.442505 0.352173 0.256104 -0.449432 0.490906 0.253967 -0.451416 0.429077 0.172562 -0.452606 0.238586 0.117393 -0.453857 0.186401 0.235733 -0.450989 0.257416 0.183655 -0.442505 0.352173 0.150848 -0.445648 0.333191 0.240234 -0.445923 0.302307 0.232834 -0.436615 0.29541 0.235733 -0.425995 0.282104 0.244598 -0.449371 0.407959 0.253967 -0.451416 0.429077 0.237412 -0.438629 0.353119 0.235626 -0.42572 0.400787 0.236679 -0.440552 0.411926 0.254242 -0.418854 0.396088 0.256104 -0.449432 0.490906 0.245331 -0.417053 0.353394 0.252319 -0.418518 0.288605 0.231781 -0.34137 0.200119 0.029783 -0.374023 0.201721 0.076645 -0.341522 0.201386 0.229858 -0.337463 0.204834 0.229111 -0.374817 0.200058 0.237564 -0.376495 0.198029 0.229889 -0.191879 0.195984 0.241043 -0.324371 0.199234 0.240372 -0.154297 0.198868 0.237534 -0.297546 0.203598 0.237473 -0.157257 0.203812 0.238052 0.006003 0.23877 0.237762 -0.346771 0.239243 0.239059 -0.374084 0.35379 0.247879 -0.377106 0.189331 0.250671 -0.373962 0.420563 0.24292 -0.371307 0.484344 0.252747 -0.379181 0.313293 0.256012 -0.376099 0.488495 0.254242 -0.418854 0.396088 0.251373 -0.380219 0.185196 0.252319 -0.418518 0.288605 0.252625 -0.453278 0.260712 0.235733 -0.425995 0.282104 0.235733 -0.450989 0.257416 0.235733 -0.450989 0.257416 0.117393 -0.453857 0.186401 0.251526 -0.45462 0.185364 0.268707 -0.457947 0.18898 0.252625 -0.453278 0.260712 0.252625 -0.453278 0.260712 0.268707 -0.457947 0.18898 0.251526 -0.45462 0.185364 -0.098358 -0.338409 0.207809 -0.101723 -0.34198 0.202866 -0.09874 -0.037796 0.207794 0.146332 -0.263123 0.205551 -0.101723 -0.34198 0.202866 -0.102386 -0.142838 0.202835 -0.09874 -0.037796 0.207794 -0.102783 -0.037224 0.202789 -0.098358 -0.338409 0.207809 0.229858 -0.337463 0.204834 0.076645 -0.341522 0.201386 0.146332 -0.263123 0.205551 0.024347 -0.086937 0.206711 0.146332 -0.263123 0.205551 -0.09874 -0.037796 0.207794 0.229111 -0.037003 0.20491 0.237762 -0.346771 0.239243 0.222839 -0.344238 0.241898 0.236755 -0.343964 0.242859 0.239059 -0.374084 0.35379 0.234436 -0.245529 0.24144 0.223022 -0.235596 0.241821 0.224854 -0.224686 0.338043 0.229874 -0.178345 0.204773 0.229858 -0.337463 0.204834 0.146332 -0.263123 0.205551 0.229111 -0.037003 0.20491 0.231781 -0.34137 0.200119 0.232086 -0.144516 0.202545 0.229889 -0.191879 0.195984 0.238052 0.006003 0.23877 0.234436 -0.245529 0.24144 0.237762 -0.346771 0.239243 0.234482 0.00247 0.241409 0.234436 -0.245529 0.24144 0.238052 0.006003 0.23877 0.234482 0.00247 0.241409 0.223022 -0.235596 0.241821 0.234436 -0.245529 0.24144 0.055275 -0.036598 0.206406 0.229111 -0.037003 0.20491 0.024347 -0.086937 0.206711 0.230408 -0.036671 0.198486 0.169571 -0.037327 0.050331 0.227188 -0.037178 0.048244 -0.053757 -0.037697 0.04607 0.240372 -0.154297 0.198868 0.237503 -0.018558 0.20137 0.237473 -0.157257 0.203812 0.238052 0.006003 0.23877 0.233017 -0.032978 0.196487 0.229889 -0.191879 0.195984 0.230408 -0.036671 0.198486 0.227188 -0.037178 0.048244 0.232086 -0.144516 0.202545 0.229111 -0.037003 0.20491 0.229874 -0.178345 0.204773 -0.144897 0.03838 0.475098 -0.144165 -0.242874 0.470062 -0.146332 -0.154404 0.481018 -0.14653 -0.144928 0.48877 -0.141739 -0.078705 0.485413 -0.147232 -0.111649 0.497345 -0.144669 -0.193741 0.494598 -0.14505 -0.028677 0.491028 -0.150497 0.035038 0.492676 -0.14653 -0.144928 0.48877 -0.148514 -0.161865 0.493408 -0.14505 -0.028677 0.491028 -0.146545 0.037151 0.48587 -0.144897 0.03838 0.475098 -0.240738 0.042004 0.485291 -0.145981 0.037098 0.371063 -0.141739 -0.078705 0.485413 -0.1418 -0.189774 0.485352 -0.092773 0.018923 0.484711 -0.140976 0.036545 0.485352 -0.004373 0.03442 0.483856 -0.14505 -0.028677 0.491028 -0.146545 0.037151 0.48587 0.227051 -0.339996 0.4328 0.222839 -0.344238 0.241898 0.224854 -0.224686 0.338043 0.236755 -0.343964 0.242859 0.238144 -0.339691 0.432709 0.241531 -0.346649 0.435333 0.239059 -0.374084 0.35379 0.130219 -0.445435 0.495972 -0.098969 -0.448944 0.496033 0.089333 -0.448517 0.492889 0.256104 -0.449432 0.490906 0.259583 -0.444885 0.495026 0.228409 -0.380035 0.495209 0.06588 -0.378662 0.496368 -0.061211 -0.443817 0.497314 0.130219 -0.445435 0.495972 0.228409 -0.380035 0.495209 0.033585 -0.374786 0.498016 0.260345 -0.375 0.495209 0.066658 -0.372131 0.492767 0.251648 -0.372223 0.491058 0.030962 -0.371735 0.485626 0.238754 -0.372101 0.485626 0.196411 -0.33432 0.477173 0.04718 -0.334412 0.478271 0.062153 -0.337738 0.483368 0.125 -0.082008 0.477631 -0.034229 -0.175461 0.479065 0.199692 -0.339203 0.482086 0.054432 -0.368011 0.48349 0.235062 -0.369812 0.481995 0.030962 -0.371735 0.485626 0.238754 -0.372101 0.485626 0.256104 -0.449432 0.490906 0.260345 -0.375 0.495209 0.259583 -0.444885 0.495026 0.228409 -0.380035 0.495209 0.256012 -0.376099 0.488495 0.254242 -0.418854 0.396088 0.251648 -0.372223 0.491058 0.250671 -0.373962 0.420563 0.24292 -0.371307 0.484344 0.238754 -0.372101 0.485626 0.239059 -0.374084 0.35379 0.241531 -0.346649 0.435333 0.24292 -0.371307 0.484344 0.242584 -0.293243 0.476501 0.244537 -0.270935 0.486847 0.247253 -0.194122 0.485016 0.241714 -0.224396 0.435944 0.24263 -0.111298 0.478027 0.241653 0.036873 0.436737 0.241531 -0.346649 0.435333 0.238144 -0.339691 0.432709 0.241714 -0.224396 0.435944 0.2388 0.003111 0.4328 0.227219 0.002596 0.432892 0.224854 -0.224686 0.338043 0.227219 0.002596 0.432892 0.227051 -0.339996 0.4328 0.238144 -0.339691 0.432709 0.125 -0.082008 0.477631 0.196411 -0.33432 0.477173 0.196579 -0.180313 0.477173 0.199356 -0.19191 0.482361 0.199692 -0.339203 0.482086 0.235062 -0.369812 0.481995 0.235977 -0.138321 0.481964 0.238754 -0.372101 0.485626 0.244537 -0.270935 0.486847 0.238754 -0.372101 0.485626 0.24292 -0.371307 0.484344 0.240067 -0.11908 0.485596 0.244263 -0.148727 0.489014 0.24115 0.032745 0.484344 0.247253 -0.194122 0.485016 0.244263 -0.148727 0.489014 0.244537 -0.270935 0.486847 0.249344 -0.086845 0.483795 0.247223 0.033703 0.486755 0.223343 -0.042988 0.265747 0.224854 -0.224686 0.338043 0.223022 -0.235596 0.241821 0.222946 0.002204 0.241913 0.223343 -0.042988 0.265747 0.223022 -0.235596 0.241821 0.225418 -0.023006 0.267548 0.234482 0.00247 0.241409 0.223343 -0.042988 0.265747 0.225708 -0.022415 0.366852 0.224854 -0.224686 0.338043 0.227219 0.002596 0.432892 0.225418 -0.023006 0.267548 0.225327 0.00244 0.361267 0.222946 0.002204 0.241913 0.2388 0.003111 0.4328 0.234482 0.00247 0.241409 0.240463 0.006676 0.425995 0.241653 0.036873 0.436737 0.238052 0.006003 0.23877 0.23793 0.036392 0.276581 0.241714 -0.224396 0.435944 0.2388 0.003111 0.4328 0.241653 0.036873 0.436737 0.236374 0.034763 0.481934 0.199356 -0.19191 0.482361 0.235977 -0.138321 0.481964 0.240067 -0.11908 0.485596 0.238754 -0.372101 0.485626 0.249344 -0.086845 0.483795 0.247253 -0.194122 0.485016 0.24263 -0.111298 0.478027 0.242584 0.03693 0.477539 0.196487 0.014915 0.477051 0.125 -0.082008 0.477631 0.196579 -0.180313 0.477173 0.199356 -0.19191 0.482361 -0.256866 0.036221 -0.478027 -0.254181 0.029591 -0.475739 -0.256256 -0.12027 -0.479095 -0.266205 0.036617 -0.474884 -0.263153 -0.045563 -0.469177 -0.260498 0.034893 -0.469879 -0.260651 0.036587 -0.415436 -0.273437 0.039055 -0.496826 -0.264862 0.039028 -0.347931 -0.25943 0.036209 -0.304016 -0.259033 -0.157013 -0.248459 -0.186554 0.070595 -0.496277 -0.270813 0.074379 -0.496613 -0.261688 0.075546 -0.497162 -0.148712 0.07383 -0.498016 -0.131805 0.076355 -0.496094 -0.085892 0.072647 -0.491455 -0.259674 0.072701 -0.49173 0.079857 0.076378 -0.493103 0.157608 0.072548 -0.489563 -0.273437 0.039055 -0.496826 -0.270813 0.074379 -0.496613 -0.186554 0.070595 -0.496277 -0.18161 0.040668 -0.496429 -0.179779 0.004291 -0.46994 -0.181763 0.003687 -0.474182 -0.183701 0.008191 -0.475708 0.020729 0.009905 -0.473907 -0.03347 0.006587 -0.46933 -0.263428 0.076057 -0.364563 -0.270813 0.074379 -0.496613 -0.273437 0.039055 -0.496826 -0.264862 0.039028 -0.347931 -0.263428 0.076057 -0.364563 -0.264862 0.039028 -0.347931 -0.264526 0.043671 -0.324371 -0.261444 0.075653 -0.318481 -0.256927 0.073532 -0.338776 -0.085892 0.072647 -0.491455 -0.259674 0.072701 -0.49173 -0.155396 0.073013 -0.358246 -0.066818 0.073128 -0.343567 0.157608 0.072548 -0.489563 -0.19101 0.072945 -0.3255 -0.256927 0.073532 -0.338776 -0.261688 0.075546 -0.497162 -0.270813 0.074379 -0.496613 -0.263428 0.076057 -0.364563 -0.18161 0.040668 -0.496429 -0.045628 0.041084 -0.496002 -0.130905 0.037052 -0.490692 0.005701 0.037556 -0.488708 0.19545 0.036945 -0.493042 0.005043 0.071594 -0.495728 -0.045628 0.041084 -0.496002 -0.18161 0.040668 -0.496429 0.181213 0.042141 -0.495483 0.142899 0.071594 -0.495453 0.19545 0.036945 -0.493042 0.005043 0.071594 -0.495728 -0.18161 0.040668 -0.496429 -0.186554 0.070595 -0.496277 -0.148712 0.07383 -0.498016 -0.112968 0.072998 -0.369812 -0.066818 0.073128 -0.343567 -0.155396 0.073013 -0.358246 -0.043953 0.072945 -0.307098 0.157486 0.07299 -0.351562 -0.050213 0.102959 -0.321228 -0.084358 0.102997 -0.356842 -0.119232 0.102386 -0.367187 -0.172317 0.099411 -0.346832 -0.19101 0.072945 -0.3255 -0.19725 0.102852 -0.308411 -0.193756 0.072983 -0.256256 -0.116043 0.103233 -0.315857 -0.144852 0.103027 -0.287445 -0.052448 0.103149 -0.254059 -0.111504 0.103096 -0.266907 -0.042973 0.098846 -0.290955 -0.126633 0.036503 -0.477844 -0.130905 0.037052 -0.490692 0.005701 0.037556 -0.488708 0.25592 0.03756 -0.486633 -0.148712 0.07383 -0.498016 0.142899 0.071594 -0.495453 0.005043 0.071594 -0.495728 0.281128 0.073578 -0.496429 0.27417 0.076408 -0.495026 -0.131805 0.076355 -0.496094 0.079857 0.076378 -0.493103 -0.264862 0.039028 -0.347931 -0.25943 0.036209 -0.304016 -0.261322 0.043922 -0.240799 -0.264526 0.043671 -0.324371 -0.258484 0.039421 -0.19278 -0.259033 -0.157013 -0.248459 -0.2547 0.043331 -0.160919 -0.258545 0.046421 -0.233688 -0.261444 0.075653 -0.318481 -0.25116 0.069405 -0.131744 -0.254974 0.075272 -0.170959 -0.245789 0.046974 0.01387 -0.252838 0.073044 -0.234146 -0.256927 0.073532 -0.338776 -0.19101 0.072945 -0.3255 -0.24826 0.037556 -0.00897 -0.251678 0.036922 -0.158615 -0.258575 0.036236 -0.172867 -0.151794 0.038509 -0.177338 -0.24556 0.037239 0.02247 -0.148529 0.037697 0.008729 -0.151886 -0.058868 -0.179321 -0.156494 -0.039761 -0.176987 -0.248795 0.036755 -0.17601 -0.255676 0.028034 -0.171692 -0.254669 0.035084 -0.175827 -0.195007 -0.109772 -0.17659 -0.193756 0.072983 -0.256256 -0.19101 0.072945 -0.3255 -0.252838 0.073044 -0.234146 -0.142929 0.073326 -0.21701 -0.12468 0.074371 -0.088287 -0.241959 0.073418 0.143753 -0.005323 0.073891 -0.029167 -0.242798 0.073761 0.046848 -0.247223 0.074348 -0.083359 -0.254974 0.075272 -0.170959 -0.246323 0.072365 0.007946 -0.25116 0.069405 -0.131744 -0.244614 0.068718 0.009577 -0.245789 0.046974 0.01387 -0.258484 0.039421 -0.19278 -0.258667 -0.189117 -0.187393 -0.259216 -0.012112 -0.178162 -0.258575 0.036236 -0.172867 -0.2547 0.043331 -0.160919 -0.259644 -0.178223 -0.172333 -0.050709 0.072998 -0.254608 -0.091324 0.073242 -0.220215 -0.005813 0.073067 -0.220718 -0.094505 0.102173 -0.217636 -0.003396 0.074059 -0.134857 -0.003549 0.079727 -0.219879 -0.000306 0.081192 -0.210693 -0.12468 0.074371 -0.088287 -0.142929 0.073326 -0.21701 -0.145645 0.102516 -0.21936 -0.052448 0.103149 -0.254059 -0.111504 0.103096 -0.266907 -0.183029 0.10273 -0.240921 -0.193756 0.072983 -0.256256 -0.144852 0.103027 -0.287445 -0.19725 0.102852 -0.308411 -0.005813 0.073067 -0.220718 -0.043953 0.072945 -0.307098 -0.050709 0.072998 -0.254608 -0.042973 0.098846 -0.290955 -0.050213 0.102959 -0.321228 -0.052448 0.103149 -0.254059 -0.094505 0.102173 -0.217636 0.133835 -0.034992 -0.174057 -0.062897 -0.037178 -0.053875 -0.033749 -0.036629 -0.18335 0.169571 -0.037327 0.050331 -0.053757 -0.037697 0.04607 -0.119522 0.155045 -0.307709 -0.13031 0.121284 -0.309021 -0.143066 0.177399 -0.312225 -0.171478 0.213104 -0.321503 -0.13649 0.154175 -0.281219 -0.125702 0.166199 -0.278534 -0.13031 0.121284 -0.309021 -0.116043 0.103233 -0.315857 -0.144852 0.103027 -0.287445 -0.127167 0.121956 -0.272217 -0.111504 0.103096 -0.266907 -0.151794 0.149521 -0.285461 -0.171478 0.213104 -0.321503 -0.175323 0.204315 -0.294495 -0.13649 0.154175 -0.281219 -0.167389 0.217926 -0.292267 -0.143066 0.177399 -0.312225 -0.125702 0.166199 -0.278534 -0.15271 0.253265 -0.301849 -0.137238 0.210892 -0.299377 -0.167679 0.298889 -0.31131 -0.134125 0.231384 -0.302887 -0.134125 0.231384 -0.302887 -0.123169 0.172104 -0.306091 -0.137238 0.210892 -0.299377 -0.125702 0.166199 -0.278534 -0.099785 0.156342 -0.302216 -0.119522 0.155045 -0.307709 -0.102814 0.125946 -0.282654 -0.116043 0.103233 -0.315857 -0.13031 0.121284 -0.309021 -0.111504 0.103096 -0.266907 -0.119522 0.155045 -0.307709 -0.127167 0.121956 -0.272217 -0.111473 0.153671 -0.272675 -0.099785 0.156342 -0.302216 -0.13649 0.154175 -0.281219 -0.092499 0.164124 -0.276642 -0.125702 0.166199 -0.278534 -0.134125 0.231384 -0.302887 -0.092499 0.164124 -0.276642 -0.099785 0.156342 -0.302216 -0.121262 0.205444 -0.286255 -0.125702 0.166199 -0.278534 -0.121262 0.205444 -0.286255 -0.15271 0.253265 -0.301849 -0.125702 0.166199 -0.278534 -0.134125 0.231384 -0.302887 -0.167679 0.298889 -0.31131 -0.00392 0.098358 -0.200455 -0.003644 0.101837 -0.162521 -0.0014 0.102966 -0.196747 0.218292 0.103065 -0.195633 0.222031 0.099968 -0.200241 0.221283 0.101929 -0.171524 0.22226 0.094467 -0.19986 0.220001 0.105331 -0.117989 -0.00527 0.105652 -0.114464 -0.002381 0.11512 -0.063927 -0.00161 0.093925 -0.199936 0.068306 0.094826 -0.199738 -0.000306 0.081192 -0.210693 0.201004 0.081673 -0.210327 -0.003549 0.079727 -0.219879 0.21965 0.080002 -0.219666 -0.003644 0.101837 -0.162521 -0.000618 0.09137 -0.133072 -0.00527 0.105652 -0.114464 -0.00161 0.093925 -0.199936 -0.000306 0.081192 -0.210693 -0.002738 0.078995 -0.138931 -0.003396 0.074059 -0.134857 0.000417 0.095543 -0.089523 -0.004005 0.110229 -0.044212 -0.002381 0.11512 -0.063927 -0.000295 0.084274 -0.026024 -0.002798 0.083656 -0.072083 -0.005323 0.073891 -0.029167 0.035179 0.081886 -0.061817 0.05328 0.074654 -0.050961 0.016148 0.076187 -0.119041 -0.003396 0.074059 -0.134857 -0.12468 0.074371 -0.088287 0.05328 0.074654 -0.050961 -0.005323 0.073891 -0.029167 0.220001 0.105331 -0.117989 -0.002381 0.11512 -0.063927 0.220566 0.11438 -0.071999 0.220245 0.113266 -0.051563 -0.171478 0.213104 -0.321503 -0.175323 0.204315 -0.294495 -0.216812 0.297424 -0.307495 -0.167389 0.217926 -0.292267 -0.194443 0.288422 -0.3013 -0.143066 0.177399 -0.312225 -0.185425 0.287689 -0.331909 -0.168549 0.298492 -0.311737 -0.162155 0.303558 -0.319305 -0.102203 0.341797 -0.287354 -0.063347 0.361237 -0.293335 -0.062691 0.357788 -0.277954 -0.11097 0.347748 -0.307495 -0.020468 0.385956 -0.272156 -0.060303 0.372894 -0.293427 -0.171478 0.213104 -0.321503 -0.209808 0.297363 -0.337982 -0.185425 0.287689 -0.331909 -0.143066 0.177399 -0.312225 -0.216812 0.297424 -0.307495 -0.213593 0.328278 -0.305969 -0.211517 0.324249 -0.340424 -0.180969 0.333649 -0.328613 -0.211517 0.324249 -0.340424 -0.185425 0.287689 -0.331909 -0.209808 0.297363 -0.337982 -0.173477 0.324799 -0.329529 -0.180969 0.333649 -0.328613 -0.167953 0.315887 -0.324493 -0.162155 0.303558 -0.319305 -0.176697 0.317352 -0.300446 -0.11097 0.347748 -0.307495 -0.13176 0.339355 -0.290161 -0.194443 0.288422 -0.3013 -0.213593 0.328278 -0.305969 -0.216812 0.297424 -0.307495 -0.102203 0.341797 -0.287354 -0.087051 0.361359 -0.281281 -0.060303 0.372894 -0.293427 -0.062691 0.357788 -0.277954 -0.035618 0.392181 -0.264648 -0.020468 0.385956 -0.272156 -0.213593 0.328278 -0.305969 -0.176697 0.317352 -0.300446 -0.128082 0.36969 -0.291626 -0.180969 0.333649 -0.328613 -0.111328 0.367584 -0.286896 -0.086647 0.389709 -0.306061 -0.040314 0.413879 -0.267761 -0.037441 0.403259 -0.28595 -0.02943 0.417084 -0.288818 -0.111328 0.367584 -0.286896 -0.176697 0.317352 -0.300446 -0.173477 0.324799 -0.329529 -0.088303 0.376221 -0.306763 -0.086647 0.389709 -0.306061 -0.180969 0.333649 -0.328613 -0.037441 0.403259 -0.28595 -0.02943 0.417084 -0.288818 -0.003748 0.39444 -0.286163 0.002406 0.420532 -0.279633 -0.034092 0.393768 -0.263489 -0.02943 0.417084 -0.288818 -0.040314 0.413879 -0.267761 -0.028376 0.427734 -0.254761 -0.034092 0.393768 -0.263489 -0.037441 0.403259 -0.28595 -0.001083 0.392883 -0.247772 -0.017967 0.387024 -0.271423 -0.003748 0.39444 -0.286163 -0.003748 0.39444 -0.286163 0.019079 0.408875 -0.258392 -0.001083 0.392883 -0.247772 0.002406 0.420532 -0.279633 0.00022 0.423279 -0.248291 -0.028376 0.427734 -0.254761 -0.02943 0.417084 -0.288818 0.019623 0.464539 -0.275818 0.011652 0.466125 -0.238693 0.029177 0.477356 -0.221558 0.068039 0.405853 -0.204239 0.09063 0.427338 -0.207291 0.063889 0.495636 -0.237076 0.026913 0.496918 -0.254669 0.060364 0.491577 -0.261078 0.069 0.493256 -0.262207 0.104836 0.442047 -0.230789 0.050007 0.479095 -0.290588 0.062077 0.399841 -0.280426 0.022013 0.432892 -0.253693 0.047577 0.393951 -0.258301 0.064888 0.35083 -0.304321 0.089378 0.42392 -0.285248 0.101433 0.366333 -0.324799 0.108124 0.43808 -0.26474 0.16185 0.429535 -0.270569 0.160431 0.431671 -0.203003 0.198898 0.402985 -0.254272 0.186874 0.382233 -0.298309 0.139297 0.40097 -0.316956 0.166718 0.351746 -0.321228 0.080429 0.29248 -0.285706 0.04261 0.334656 -0.258148 0.064888 0.35083 -0.304321 0.047577 0.393951 -0.258301 0.106445 0.305359 -0.311554 0.101433 0.366333 -0.324799 0.039658 0.337891 -0.224091 0.048821 0.395355 -0.221649 0.06765 0.286621 -0.236359 0.076027 0.294647 -0.253052 0.129715 0.321503 -0.322754 0.166718 0.351746 -0.321228 0.184906 0.36554 -0.296906 0.186874 0.382233 -0.298309 0.110764 0.312592 -0.306793 0.136414 0.337646 -0.316467 0.15799 0.363312 -0.314423 0.094231 0.360565 -0.316315 0.06868 0.31192 -0.27594 0.061245 0.345673 -0.290131 0.046112 0.333527 -0.237259 0.055965 0.371918 -0.266998 0.072304 0.309326 -0.203461 0.055134 0.358856 -0.195648 0.090485 0.314972 -0.180573 0.067253 0.293732 -0.202179 0.070259 0.314697 -0.189331 0.094635 0.331635 -0.16423 0.060173 0.3591 -0.181885 0.068039 0.405853 -0.204239 0.085686 0.379974 -0.16713 0.142609 0.371277 -0.15451 0.120201 0.406921 -0.167358 0.09063 0.427338 -0.207291 0.104836 0.442047 -0.230789 0.160431 0.431671 -0.203003 0.118294 0.337921 -0.150558 0.180542 0.398438 -0.186584 0.198898 0.402985 -0.254272 0.16481 0.374054 -0.154449 0.206924 0.401337 -0.219162 0.121704 0.346741 -0.164291 0.204987 0.389648 -0.248138 0.186874 0.382233 -0.298309 0.184769 0.385254 -0.186081 0.184906 0.36554 -0.296906 0.182999 0.394287 -0.281891 0.15799 0.363312 -0.314423 0.180634 0.412964 -0.226944 0.150925 0.424316 -0.201614 0.154449 0.372223 -0.166214 0.121918 0.400116 -0.171127 0.109589 0.423737 -0.20578 0.11097 0.34906 -0.162796 0.094711 0.383118 -0.170898 0.08773 0.403564 -0.205215 0.067413 0.38266 -0.219345 0.074257 0.388031 -0.265839 0.075195 0.37027 -0.253662 0.076889 0.369537 -0.222565 0.113998 0.417297 -0.23465 0.061245 0.345673 -0.290131 0.074249 0.383514 -0.288788 0.055965 0.371918 -0.266998 0.094231 0.360565 -0.316315 0.099335 0.405243 -0.294495 0.139862 0.39859 -0.310516 0.15799 0.363312 -0.314423 0.182999 0.394287 -0.281891 0.160584 0.422821 -0.269287 0.11657 0.428925 -0.266998 0.105911 0.408203 -0.268433 0.074249 0.383514 -0.288788 0.069595 0.402985 -0.274628 0.055965 0.371918 -0.266998 0.099335 0.405243 -0.294495 0.054668 0.393585 -0.242722 0.074257 0.388031 -0.265839 0.105911 0.408203 -0.268433 0.075195 0.37027 -0.253662 0.022013 0.432892 -0.253693 0.047577 0.393951 -0.258301 0.048821 0.395355 -0.221649 0.011652 0.466125 -0.238693 0.068039 0.405853 -0.204239 0.019623 0.464539 -0.275818 0.022013 0.432892 -0.253693 0.011652 0.466125 -0.238693 0.005701 0.037556 -0.488708 0.19545 0.036945 -0.493042 0.25592 0.03756 -0.486633 0.279266 0.041233 -0.495605 0.181213 0.042141 -0.495483 0.262451 0.039845 -0.474243 0.258636 0.036827 -0.476227 0.276093 0.041134 -0.426147 0.281128 0.073578 -0.496429 0.280731 0.044392 -0.497467 0.142899 0.071594 -0.495453 0.157608 0.072548 -0.489563 -0.066818 0.073128 -0.343567 0.270111 0.072449 -0.488953 0.252411 0.035397 -0.473175 0.155579 0.033428 -0.473572 0.258636 0.036827 -0.476227 0.201431 0.006563 -0.355621 0.229126 0.011167 -0.434967 0.211304 0.010525 -0.275513 0.252106 0.014612 -0.364441 0.235352 0.014872 -0.207458 0.235458 0.014243 -0.432098 0.253571 0.015034 -0.205597 0.254028 0.0143 -0.291779 0.256653 0.01792 -0.282318 0.256744 0.039261 -0.288727 0.257233 0.039703 -0.214005 0.256897 0.015167 -0.203903 0.257019 0.039181 -0.184113 0.272095 0.018469 -0.203354 0.276184 0.040981 -0.185883 0.258362 0.040813 -0.174011 0.228134 0.040955 -0.175949 0.234116 -0.029755 -0.205429 0.234009 0.010616 -0.207245 0.2164 0.010011 -0.20488 0.229126 0.011167 -0.434967 0.211304 0.010525 -0.275513 0.235458 0.014243 -0.432098 0.235352 0.014872 -0.207458 0.229126 0.011167 -0.434967 0.285278 -0.091469 -0.435913 0.284302 0.015245 -0.435364 0.276489 0.01382 -0.43457 0.287354 0.019217 -0.438324 0.289063 -0.094688 -0.438782 0.270966 0.018597 -0.436951 0.272827 0.018049 -0.428009 0.272491 -0.085022 -0.431854 0.254944 0.038521 -0.466583 0.262451 0.039845 -0.474243 0.276093 0.041134 -0.426147 0.256744 0.039261 -0.288727 0.25531 0.018211 -0.427063 0.256653 0.01792 -0.282318 0.254028 0.0143 -0.291779 0.276459 0.041397 -0.274658 0.257233 0.039703 -0.214005 0.276184 0.040981 -0.185883 0.279297 0.043995 -0.162018 0.280731 0.044392 -0.497467 0.279266 0.041233 -0.495605 0.281128 0.073578 -0.496429 0.280762 0.071716 -0.447937 0.280731 0.044392 -0.497467 0.280029 0.067329 -0.325165 0.281128 0.076897 -0.493408 0.285553 0.07518 -0.328186 0.282776 0.074402 -0.188583 0.27417 0.076408 -0.495026 0.280914 0.076386 -0.334808 0.275696 0.074074 -0.140228 0.270111 0.072449 -0.488953 0.157608 0.072548 -0.489563 0.079857 0.076378 -0.493103 0.271057 0.072914 -0.220581 0.223434 0.073166 -0.208344 0.21965 0.080002 -0.219666 -0.003549 0.079727 -0.219879 0.282745 0.01424 -0.322021 0.284302 0.015245 -0.435364 0.279999 0.003324 -0.395294 0.276489 0.01382 -0.43457 0.281189 0.002887 -0.342987 0.281189 -0.00946 -0.260101 0.254028 0.0143 -0.291779 0.252106 0.014612 -0.364441 0.25531 0.018211 -0.427063 0.284271 0.01862 -0.201508 0.286407 0.014894 -0.353943 0.287354 0.019217 -0.438324 0.272827 0.018049 -0.428009 0.272095 0.018469 -0.203354 0.280731 0.044392 -0.497467 0.280029 0.067329 -0.325165 0.279297 0.043995 -0.162018 0.279572 0.070869 -0.192337 0.282776 0.074402 -0.188583 0.283722 0.076042 -0.132736 0.211304 0.010525 -0.275513 0.187088 -0.001034 -0.284393 0.201431 0.006563 -0.355621 0.2164 0.010011 -0.20488 0.158646 -0.026588 -0.255249 0.228134 0.040955 -0.175949 0.228149 -0.03005 -0.176147 0.246658 -0.041389 -0.175888 0.258362 0.040813 -0.174011 0.227188 -0.037178 0.048244 0.169571 -0.037327 0.050331 0.225479 -0.034431 -0.176117 0.230148 0.040981 -0.001254 0.229568 -0.033398 -0.033028 0.228149 -0.03005 -0.176147 0.228134 0.040955 -0.175949 0.276184 0.040981 -0.185883 0.275787 0.04097 0.043762 0.278809 0.044292 -0.038788 0.278534 0.04475 0.078087 0.279297 0.043995 -0.162018 0.278351 0.068306 0.065964 0.279114 0.072105 -0.048458 0.279572 0.070869 -0.192337 0.283722 0.076042 -0.132736 0.281952 0.072525 0.021503 0.28186 0.070366 0.101349 0.284698 0.073944 -0.040947 0.275024 0.0737 0.018749 0.275696 0.074074 -0.140228 0.223953 0.074448 -0.046803 0.282776 0.074402 -0.188583 0.275818 0.014147 -0.28476 0.275757 0.012846 -0.205399 0.27771 -0.019085 -0.254425 0.282745 0.01424 -0.322021 0.280731 0.01453 -0.205597 0.281189 -0.00946 -0.260101 0.270111 0.072449 -0.488953 -0.066818 0.073128 -0.343567 0.157486 0.07299 -0.351562 0.271057 0.072914 -0.220581 0.157486 0.07299 -0.351562 -0.043953 0.072945 -0.307098 0.271057 0.072914 -0.220581 -0.005813 0.073067 -0.220718 0.271057 0.072914 -0.220581 -0.005813 0.073067 -0.220718 -0.003549 0.079727 -0.219879 0.222183 0.084656 -0.066856 0.125336 0.075752 -0.120743 0.223251 0.074585 -0.130524 0.143112 0.084122 -0.065819 0.13559 0.074722 -0.047588 0.223953 0.074448 -0.046803 0.275696 0.074074 -0.140228 0.223434 0.073166 -0.208344 0.21965 0.080002 -0.219666 0.217911 0.089607 -0.144608 0.218231 0.098396 -0.082863 0.22226 0.094467 -0.19986 0.220001 0.105331 -0.117989 0.221283 0.101929 -0.171524 0.201004 0.081673 -0.210327 0.068306 0.094826 -0.199738 0.22226 0.094467 -0.19986 0.21965 0.080002 -0.219666 0.201004 0.081673 -0.210327 0.22226 0.094467 -0.19986 0.222031 0.099968 -0.200241 0.221283 0.101929 -0.171524 0.22226 0.094467 -0.19986 0.222031 0.099968 -0.200241 0.218292 0.103065 -0.195633 0.221283 0.101929 -0.171524 0.218231 0.098396 -0.082863 0.220001 0.105331 -0.117989 0.220566 0.11438 -0.071999 0.219269 0.106804 -0.056171 0.220245 0.113266 -0.051563 0.219894 0.080429 -0.028254 0.222183 0.084656 -0.066856 0.222763 0.097672 -0.027531 0.091896 0.098572 -0.027931 0.222824 0.108498 -0.015984 0.218323 0.101807 0.003552 0.222687 0.11441 0.010542 0.223953 0.074448 -0.046803 0.222427 0.073662 -0.009759 0.275024 0.0737 0.018749 0.143112 0.084122 -0.065819 0.13559 0.074722 -0.047588 0.113998 0.417297 -0.23465 0.075195 0.37027 -0.253662 0.105911 0.408203 -0.268433 0.102211 0.43512 -0.256165 0.105911 0.408203 -0.268433 0.069313 0.404083 -0.274506 0.113998 0.417297 -0.23465 0.11657 0.428925 -0.266998 0.102211 0.43512 -0.256165 0.11657 0.428925 -0.266998 0.120506 0.430786 -0.238037 0.088676 0.434296 -0.220016 0.113998 0.417297 -0.23465 0.08773 0.403564 -0.205215 0.109589 0.423737 -0.20578 0.129898 0.433838 -0.236877 0.150925 0.424316 -0.201614 0.160584 0.422821 -0.269287 0.180634 0.412964 -0.226944 0.182999 0.394287 -0.281891 0.104836 0.442047 -0.230789 0.09063 0.427338 -0.207291 0.120201 0.406921 -0.167358 0.063889 0.495636 -0.237076 -0.145142 0.037212 0.204651 -0.149033 0.03714 0.213013 -0.223389 0.037487 0.208084 -0.145981 0.037098 0.371063 -0.053757 -0.037697 0.04607 0.055275 -0.036598 0.206406 -0.019529 -0.036777 0.20694 0.024347 -0.086937 0.206711 -0.005323 0.073891 -0.029167 -0.241959 0.073418 0.143753 -0.105667 0.073303 0.132065 -0.003909 0.073433 0.076653 -0.079582 0.073341 0.132523 -0.003575 0.073105 0.126907 -0.068436 0.073021 0.142929 0.130539 0.072472 0.160355 -0.078453 0.073189 0.234024 -0.003223 0.079491 0.125504 0.097527 0.078056 0.126602 -0.003338 0.078949 0.050091 -0.000445 0.084328 0.112915 0.049912 0.080383 0.118225 -0.000295 0.084274 -0.026024 -0.002583 0.097816 -0.027769 -0.004005 0.110229 -0.044212 0.091896 0.098572 -0.027931 -0.000988 0.111427 -0.011348 -0.001014 0.082741 0.010345 -0.005323 0.073891 -0.029167 0.000269 0.098175 0.045559 -0.000433 0.093391 0.106186 -0.003401 0.105309 0.047039 0.003659 0.11438 0.011656 -0.000988 0.111427 -0.011348 0.07695 0.105484 0.046261 -0.000793 0.10247 0.07505 0.221909 0.102493 0.07251 -0.071762 0.137207 0.124039 -0.097618 0.141037 0.11647 -0.065308 0.142075 0.120224 -0.058964 0.138062 0.134796 -0.079582 0.073341 0.132523 -0.105667 0.073303 0.132065 -0.095154 0.16037 0.111839 -0.058632 0.161026 0.123726 -0.070992 0.159409 0.127853 -0.130264 0.160782 0.129013 -0.130493 0.140396 0.138382 -0.124039 0.073189 0.166428 -0.138565 0.148987 0.168259 -0.132202 0.16069 0.163177 -0.127151 0.161499 0.201263 -0.131134 0.140579 0.186035 -0.100914 0.073067 0.195618 -0.105293 0.141098 0.206299 -0.065125 0.136749 0.195602 0.0354 0.073814 -0.005785 -0.005323 0.073891 -0.029167 -0.003909 0.073433 0.076653 -0.001014 0.082741 0.010345 0.03001 0.074127 0.043976 -0.003401 0.105309 0.047039 -0.000988 0.111427 -0.011348 0.000269 0.098175 0.045559 -0.003338 0.078949 0.050091 -0.000445 0.084328 0.112915 -0.001014 0.082741 0.010345 -0.000433 0.093391 0.106186 -0.003401 0.105309 0.047039 0.000269 0.098175 0.045559 -0.001546 0.102989 0.102104 -0.000793 0.10247 0.07505 0.107002 0.095184 0.105225 -0.000433 0.093391 0.106186 -0.001014 0.082741 0.010345 -0.000445 0.084328 0.112915 0.093315 0.087318 0.111267 -0.241959 0.073418 0.143753 -0.124039 0.073189 0.166428 -0.105667 0.073303 0.132065 -0.200058 0.073174 0.257874 -0.100914 0.073067 0.195618 -0.242371 0.072617 0.39035 -0.248886 0.075081 0.262756 -0.120689 0.159882 0.134583 -0.125931 0.124397 0.162979 -0.096214 0.123726 0.126633 -0.130264 0.160782 0.129013 -0.070992 0.159409 0.127853 -0.132202 0.16069 0.163177 -0.057045 0.124039 0.170853 -0.090515 0.124573 0.171768 -0.125275 0.12587 0.176819 -0.097519 0.124825 0.196991 -0.045021 0.160995 0.158691 -0.058632 0.161026 0.123726 -0.119835 0.159424 0.19278 -0.127151 0.161499 0.201263 -0.068962 0.160263 0.19635 -0.079895 0.161148 0.211273 -0.052563 0.16098 0.195938 -0.041134 0.142761 0.16832 -0.065308 0.142075 0.120224 -0.058964 0.138062 0.134796 -0.04953 0.136581 0.165039 -0.065125 0.136749 0.195602 -0.07196 0.14212 0.208893 -0.105293 0.141098 0.206299 -0.068436 0.073021 0.142929 -0.079582 0.073341 0.132523 -0.071762 0.137207 0.124039 -0.058964 0.138062 0.134796 -0.04953 0.136581 0.165039 -0.062054 0.07299 0.157486 -0.064926 0.073029 0.175476 -0.065125 0.136749 0.195602 -0.100914 0.073067 0.195618 -0.078453 0.073189 0.234024 -0.200058 0.073174 0.257874 -0.073303 0.072624 0.344238 -0.071403 0.079453 0.2948 -0.07888 0.082657 0.230255 -0.073097 0.097824 0.272064 -0.083389 0.10743 0.232269 -0.066025 0.104362 0.352112 -0.084808 0.1082 0.298218 0.03001 0.074127 0.043976 -0.003338 0.078949 0.050091 -0.001014 0.082741 0.010345 -0.003909 0.073433 0.076653 -0.000988 0.111427 -0.011348 0.128052 0.113419 -0.004052 0.076057 0.106964 -0.017937 0.003659 0.11438 0.011656 0.222687 0.11441 0.010542 -0.002583 0.097816 -0.027769 0.091896 0.098572 -0.027931 0.222824 0.108498 -0.015984 0.143112 0.084122 -0.065819 0.13559 0.074722 -0.047588 0.125336 0.075752 -0.120743 0.17244 0.083206 0.013638 0.132889 0.073868 0.000318 0.222427 0.073662 -0.009759 0.136993 0.074112 0.062988 0.221603 0.073166 0.067284 0.275024 0.0737 0.018749 -0.002381 0.11512 -0.063927 -0.004005 0.110229 -0.044212 0.220245 0.113266 -0.051563 0.220245 0.113266 -0.051563 -0.004005 0.110229 -0.044212 0.091896 0.098572 -0.027931 0.003659 0.11438 0.011656 0.07695 0.105484 0.046261 0.223312 0.105988 0.043476 0.222687 0.11441 0.010542 0.003659 0.11438 0.011656 0.223312 0.105988 0.043476 0.107002 0.095184 0.105225 -0.000433 0.093391 0.106186 0.093315 0.087318 0.111267 0.218826 0.094307 0.105713 0.222473 0.099434 0.105125 -0.001546 0.102989 0.102104 0.221909 0.102493 0.07251 0.22049 0.103142 0.100182 -0.000793 0.10247 0.07505 0.049912 0.080383 0.118225 -0.003223 0.079491 0.125504 0.079628 0.08036 0.124428 0.097527 0.078056 0.126602 0.093315 0.087318 0.111267 -0.000445 0.084328 0.112915 0.211304 0.080467 0.117729 0.222031 0.079933 0.125244 0.218109 0.083252 0.11412 0.218826 0.094307 0.105713 0.218811 0.088409 0.030073 0.221832 0.076294 0.054317 0.221603 0.073166 0.067284 0.221939 0.072655 0.127258 -0.003575 0.073105 0.126907 0.07695 0.105484 0.046261 0.221909 0.102493 0.07251 0.223312 0.105988 0.043476 0.218323 0.101807 0.003552 0.222687 0.11441 0.010542 0.218826 0.094307 0.105713 0.218811 0.088409 0.030073 0.219894 0.080429 -0.028254 0.222275 0.082916 0.011192 0.221832 0.076294 0.054317 0.222427 0.073662 -0.009759 -0.003575 0.073105 0.126907 0.130539 0.072472 0.160355 0.221939 0.072655 0.127258 0.203796 0.07193 0.204651 0.14505 0.072861 0.208633 0.147034 0.071556 0.260681 0.275024 0.0737 0.018749 0.221603 0.073166 0.067284 0.276733 0.072227 0.203079 0.265503 0.07164 0.369659 0.222275 0.082916 0.011192 0.17244 0.083206 0.013638 0.222427 0.073662 -0.009759 0.221832 0.076294 0.054317 0.136993 0.074112 0.062988 0.221603 0.073166 0.067284 0.076057 0.106964 -0.017937 0.128052 0.113419 -0.004052 0.222824 0.108498 -0.015984 0.222687 0.11441 0.010542 0.230148 0.040981 -0.001254 0.233017 -0.032978 0.196487 0.229568 -0.033398 -0.033028 0.227188 -0.037178 0.048244 0.233002 0.040382 0.19577 0.233017 -0.032978 0.196487 0.230148 0.040981 -0.001254 0.275787 0.04097 0.043762 0.278381 0.040714 0.161545 0.275787 0.04097 0.043762 0.278534 0.04475 0.078087 0.233002 0.040382 0.19577 0.27829 0.043888 0.18956 0.278351 0.068306 0.065964 0.278534 0.067039 0.196274 0.276154 0.039516 0.20723 0.233002 0.040382 0.19577 0.278381 0.040714 0.161545 0.23761 0.037712 0.201859 0.259338 0.036636 0.263672 0.23793 0.036392 0.276581 0.238052 0.006003 0.23877 0.237503 -0.018558 0.20137 0.233017 -0.032978 0.196487 0.276733 0.072227 0.203079 0.28186 0.070366 0.101349 0.275024 0.0737 0.018749 0.282928 0.071457 0.291504 0.278534 0.067039 0.196274 0.278351 0.068306 0.065964 -0.223389 0.037487 0.208084 -0.145981 0.037098 0.371063 -0.242737 0.039253 0.294464 -0.240738 0.042004 0.485291 -0.245438 0.069046 0.378357 -0.249832 0.067734 0.228363 -0.251129 0.040028 0.258789 -0.252136 0.071899 0.243225 -0.245361 0.046478 0.482483 -0.244461 0.071358 0.481842 -0.24501 0.038994 0.445831 -0.246979 0.037354 0.232468 -0.242737 0.039253 0.294464 -0.240738 0.042004 0.485291 -0.243484 0.067261 0.487976 -0.244064 0.042645 0.488525 -0.144669 0.041714 0.491211 -0.146545 0.037151 0.48587 -0.140976 0.036545 0.485352 -0.004373 0.03442 0.483856 -0.027069 0.039291 0.488525 -0.162949 0.04644 0.48822 0.031773 0.06691 0.488007 -0.126999 0.071236 0.491058 0.055099 0.070923 0.491486 0.007447 0.074463 0.486511 -0.243286 0.074265 0.48764 -0.238144 0.072144 0.483887 -0.248886 0.075081 0.262756 -0.018579 0.103165 0.223862 -0.07888 0.082657 0.230255 -0.083389 0.10743 0.232269 0.039608 0.083755 0.216232 -0.078453 0.073189 0.234024 -0.090698 0.111877 0.245575 0.078194 0.112366 0.226105 -0.084808 0.1082 0.298218 0.00356 0.126541 0.230392 -0.088516 0.123627 0.240936 -0.031734 0.14003 0.234329 -0.09021 0.152145 0.243103 0.054939 0.152008 0.228119 -0.087143 0.151764 0.315033 0.059669 0.151749 0.306183 -0.084808 0.1082 0.298218 -0.066025 0.104362 0.352112 -0.077988 0.107384 0.391693 -0.061993 0.088249 0.388397 -0.071403 0.079453 0.2948 -0.073097 0.097824 0.272064 -0.073303 0.072624 0.344238 -0.068626 0.072388 0.394379 -0.200058 0.073174 0.257874 -0.238144 0.072144 0.483887 -0.09021 0.152145 0.243103 -0.074692 0.141022 0.389954 -0.087143 0.151764 0.315033 -0.08004 0.152084 0.392395 0.059669 0.151749 0.306183 -0.080864 0.146988 0.394012 0.066208 0.152115 0.379791 -0.09021 0.152145 0.243103 -0.088516 0.123627 0.240936 -0.074692 0.141022 0.389954 -0.074692 0.141022 0.389954 -0.088516 0.123627 0.240936 -0.084808 0.1082 0.298218 -0.075523 0.122025 0.389923 -0.077988 0.107384 0.391693 -0.248886 0.075081 0.262756 -0.243286 0.074265 0.48764 -0.242371 0.072617 0.39035 -0.238144 0.072144 0.483887 -0.200058 0.073174 0.257874 -0.148514 -0.161865 0.493408 -0.150497 0.035038 0.492676 -0.14505 -0.028677 0.491028 -0.147232 -0.111649 0.497345 -0.145981 0.037098 0.371063 -0.144165 -0.242874 0.470062 -0.144897 0.03838 0.475098 -0.246048 0.071396 0.48645 -0.246231 0.042324 0.489136 -0.254333 0.047432 0.488495 -0.089729 -0.156708 0.479431 -0.089691 0.016359 0.479492 -0.092773 0.018923 0.484711 -0.034229 -0.175461 0.479065 -0.238144 0.072144 0.483887 -0.043518 0.07206 0.483429 -0.068626 0.072388 0.394379 0.007447 0.074463 0.486511 -0.089691 0.016359 0.479492 -0.034229 -0.175461 0.479065 0.125 -0.082008 0.477631 0.196487 0.014915 0.477051 0.199066 0.01895 0.482147 -0.004373 0.03442 0.483856 -0.092773 0.018923 0.484711 0.199066 0.01895 0.482147 -0.089691 0.016359 0.479492 0.016119 0.072403 0.380585 -0.068626 0.072388 0.394379 -0.043518 0.07206 0.483429 0.016119 0.072403 0.380585 -0.043518 0.07206 0.483429 0.147919 0.072014 0.482178 0.194351 0.076134 0.486023 0.151413 0.072098 0.373566 0.016119 0.072403 0.380585 0.147919 0.072014 0.482178 0.265503 0.07164 0.369659 0.288757 0.071915 0.482605 0.147034 0.071556 0.260681 0.203796 0.07193 0.204651 -0.046459 0.09417 0.386536 -0.061993 0.088249 0.388397 -0.068626 0.072388 0.394379 0.016119 0.072403 0.380585 -0.077988 0.107384 0.391693 0.035709 0.11071 0.382477 -0.075523 0.122025 0.389923 0.038925 0.140228 0.377625 -0.074692 0.141022 0.389954 -0.080864 0.146988 0.394012 -0.046459 0.09417 0.386536 0.016119 0.072403 0.380585 0.076584 0.098602 0.373077 0.035709 0.11071 0.382477 0.119507 0.079414 0.368652 0.151413 0.072098 0.373566 0.151794 0.103127 0.370605 0.149673 0.076843 0.367554 0.147034 0.071556 0.260681 0.14505 0.072861 0.208633 0.134888 0.080719 0.355194 0.13887 0.082825 0.364441 0.13353 0.095551 0.354675 0.138535 0.11158 0.380249 0.132141 0.121689 0.367188 0.150818 0.114174 0.372223 0.146149 0.103851 0.265839 0.144226 0.112679 0.219849 0.128937 0.121231 0.242905 0.132156 0.136795 0.367462 0.128632 0.136124 0.243454 0.142899 0.142502 0.286224 0.130539 0.072472 0.160355 -0.078453 0.073189 0.234024 0.14505 0.072861 0.208633 0.039608 0.083755 0.216232 0.130356 0.081238 0.229218 0.134888 0.080719 0.355194 0.139328 0.08535 0.205139 0.130356 0.096519 0.231491 0.13353 0.095551 0.354675 0.136414 0.097733 0.246735 0.139694 0.101791 0.205582 0.1409 0.1017 0.334564 0.146149 0.103851 0.265839 0.144226 0.112679 0.219849 0.088531 0.101746 0.211319 -0.018579 0.103165 0.223862 0.078194 0.112366 0.226105 0.13829 0.12336 0.214798 0.00356 0.126541 0.230392 -0.031734 0.14003 0.234329 0.139603 0.139725 0.222504 0.128937 0.121231 0.242905 0.128632 0.136124 0.243454 0.142899 0.142502 0.286224 0.142624 0.15184 0.255066 0.142746 0.144241 0.214172 0.054939 0.152008 0.228119 0.137024 0.152039 0.218536 0.059669 0.151749 0.306183 0.136414 0.097733 0.246735 0.13353 0.095551 0.354675 0.130356 0.096519 0.231491 0.1409 0.1017 0.334564 0.151794 0.103127 0.370605 0.146149 0.103851 0.265839 0.134888 0.080719 0.355194 0.130356 0.081238 0.229218 0.13353 0.095551 0.354675 0.059669 0.151749 0.306183 0.149735 0.152084 0.372772 0.142624 0.15184 0.255066 0.142899 0.142502 0.286224 0.066208 0.152115 0.379791 -0.08004 0.152084 0.392395 0.149078 0.143555 0.37204 0.132156 0.136795 0.367462 0.276154 0.039516 0.20723 0.281372 0.038456 0.346771 0.259338 0.036636 0.263672 0.282379 0.041485 0.290161 0.283997 0.036983 0.481415 0.23793 0.036392 0.276581 0.241653 0.036873 0.436737 0.287018 0.040943 0.405396 0.285706 0.065102 0.383911 0.278534 0.067039 0.196274 0.282928 0.071457 0.291504 0.291016 0.067848 0.452209 0.288757 0.071915 0.482605 0.288849 0.065125 0.474396 0.289764 0.070732 0.487732 0.285706 0.073845 0.489838 0.289948 0.041267 0.488068 0.262817 0.036911 0.48819 0.242584 0.03693 0.477539 0.247223 0.033703 0.486755 0.249344 -0.086845 0.483795 0.055099 0.070923 0.491486 0.194351 0.076134 0.486023 0.007447 0.074463 0.486511 -0.043518 0.07206 0.483429 0.031773 0.06691 0.488007 0.119591 0.039291 0.48822 0.236374 0.034763 0.481934 -0.027069 0.039291 0.488525 -0.004373 0.03442 0.483856 0.278381 0.040714 0.161545 0.27829 0.043888 0.18956 0.276154 0.039516 0.20723 0.282379 0.041485 0.290161 0.278534 0.067039 0.196274 0.276733 0.072227 0.203079 0.265503 0.07164 0.369659 0.282928 0.071457 0.291504 0.288757 0.071915 0.482605 0.236374 0.034763 0.481934 -0.004373 0.03442 0.483856 0.199066 0.01895 0.482147 0.199356 -0.19191 0.482361 0.038925 0.140228 0.377625 0.035709 0.11071 0.382477 0.132141 0.121689 0.367188 0.132156 0.136795 0.367462 0.149078 0.143555 0.37204 -0.080864 0.146988 0.394012 0.066208 0.152115 0.379791 0.194351 0.076134 0.486023 0.288757 0.071915 0.482605 0.147919 0.072014 0.482178 0.285706 0.073845 0.489838 0.242584 0.03693 0.477539 0.241653 0.036873 0.436737 0.283997 0.036983 0.481415 0.24263 -0.111298 0.478027 0.199066 0.01895 0.482147 0.196487 0.014915 0.477051 0.199356 -0.19191 0.482361 0.24115 0.032745 0.484344 0.236374 0.034763 0.481934 0.240067 -0.11908 0.485596 0.262817 0.036911 0.48819 0.247223 0.033703 0.486755 0.244263 -0.148727 0.489014</float_array>
          <technique_common>
            <accessor source="#Desk3-mesh-positions-array" count="2164" stride="3">
              <param name="X" type="float"/>
              <param name="Y" type="float"/>
              <param name="Z" type="float"/>
            </accessor>
          </technique_common>
        </source>
        <source id="Desk3-mesh-normals">
          <float_array id="Desk3-mesh-normals-array" count="5901">-0.94141 -0.07839 0.328027 -0.998697 -0.050932 -0.003216 -0.999039 -0.043823 0.000024 0.944372 0.113432 -0.3087 -0.999972 -0.000358 0.007424 -0.477296 0.025605 0.87837 -0.999872 0.006157 -0.01478 -0.463287 -0.006788 0.886182 -0.99995 0.000281 0.010012 -0.999996 -0.000393 -0.00279 -1 0.000153 0.000088 -1 0.000441 0.000254 -0.304353 -0.00258 0.952556 -0.125266 0.012788 0.992041 -0.464323 0.0044 0.885655 0.000309 -0.037934 -0.99928 0.001508 -0.042152 -0.99911 0.036936 -0.058728 -0.99759 -0.001634 -0.001647 -0.999997 0.780007 -0.001345 -0.625769 -0.003576 0.000647 -0.999993 0.828974 -0.00334 -0.559277 0.017873 0.004263 -0.999831 0.862835 -0.000625 -0.505485 0.01508 -0.000394 -0.999886 0.005372 -0.001106 -0.999985 0.005319 -0.000691 -0.999986 -0.003901 -0.000376 -0.999992 -0.00452 0.000143 -0.99999 0.000972 0.001774 -0.999998 0.599181 -0.000014 -0.800614 0.617792 -0.000593 -0.786342 0.597951 -0.000035 -0.801532 0.93244 -0.000133 -0.361326 0.051998 -0.99814 0.031834 0.013397 -0.999593 0.025186 -0.050885 0.00924 -0.998662 0.145161 -0.989408 -0.000866 -0.007561 -0.020547 -0.99976 0.144161 -0.989472 0.012771 -0.314055 -0.03182 -0.948872 -0.390574 -0.025568 -0.920216 -0.051245 -0.553898 -0.831006 -0.01416 -0.982579 -0.185305 0.006052 -0.999613 -0.027155 0.031444 -0.998415 -0.046676 0.007063 -0.999609 -0.027056 0.013141 -0.999825 -0.013314 0.013941 -0.999815 -0.013267 0.00991 -0.999763 -0.019398 0.009551 -0.999948 -0.003702 0.007204 -0.999885 -0.013356 0.040006 -0.999199 -0.001174 0.008572 -0.999562 0.02832 0.017174 -0.999383 0.030645 -0.999067 -0.043182 -0.000673 0.008172 -0.999961 0.00342 -0.005898 -0.999732 -0.022389 -0.999941 -0.005568 0.009324 -0.999969 0.006409 0.004668 0.008409 -0.999573 0.027973 -0.998589 0.001032 -0.053097 -0.995394 -0.074818 0.059949 -0.971119 0.014341 -0.238163 -0.974142 -0.086838 -0.208582 -0.949231 0.00495 -0.314542 -0.983753 -0.003503 -0.179494 -0.999713 0.00501 -0.023409 -0.994087 -0.014827 0.107565 -0.994846 0.009597 0.10094 -0.323326 0.007382 0.946259 -0.466964 0.013833 0.884168 -0.449964 0.01662 0.892892 -0.006209 0.001098 0.99998 -0.00741 0.004551 0.999962 0.000829 -0.999862 0.016599 -0.005356 0.001213 0.999985 -0.003576 -0.999886 0.014702 0.015705 -0.847174 0.531083 -0.007782 0.002517 0.999967 0.004244 -0.900305 0.43524 -0.004056 0.003507 0.999986 -0.007389 -0.870647 0.491853 -0.013009 -0.924058 0.382031 -0.013064 -0.924127 0.381863 -0.01696 0.375051 0.926849 -0.005302 0.001959 0.999984 -0.005314 0.001924 0.999984 -0.001462 0.895757 0.444541 -0.004288 0.926534 0.376187 -0.011738 0.441078 0.897392 -0.00705 0.587702 0.809047 -0.005504 0.001491 0.999984 -0.006401 -0.002008 0.999977 -0.451842 0.006769 -0.892073 -0.447263 0.002509 -0.894399 -0.995886 0.04153 0.080537 -0.489826 -0.001827 -0.871818 -0.988897 0.003703 0.148558 -0.539346 0.00202 -0.842082 -0.537645 0.003658 -0.843163 0.105677 -0.735869 -0.668827 0.00094 0.768133 -0.64029 0.010285 0.820808 -0.571112 0.001835 0.001219 -0.999998 0.002046 0.000983 -0.999997 0.003448 -0.001424 -0.999993 0.000892 -0.023051 -0.999734 0.682367 -0.712809 -0.162105 0.828948 0.034171 -0.558282 0.062497 0.833247 -0.549358 0.004597 0.00239 -0.999987 0.027497 0.663476 -0.747692 0.011995 0.729832 -0.683521 -0.999951 0.000636 0.009886 -0.999943 0.000495 0.01066 -0.999985 -0.001371 0.005276 -0.999978 0.000954 0.006499 0.01004 0.001118 0.999949 -0.01306 0.907935 0.418907 -0.007006 0.946536 0.322521 -0.062239 0.981713 0.179905 0.945619 -0.004816 0.32524 0.007338 0.000955 0.999973 0.010798 0.00041 0.999942 0.009884 0.000229 0.999951 0.445739 0.000078 0.895163 -0.473159 0.001389 -0.880976 -0.470697 0.00048 -0.882295 0.545839 0.004515 0.837878 0.11424 0.03026 0.992992 -0.002212 -0.00583 0.999981 0.995515 -0.025825 0.091014 -0.99507 -0.090809 0.039856 -0.562219 -0.826894 -0.01249 -0.999404 0.030156 0.016774 -0.999767 0.006756 0.020502 -0.999849 0.000052 0.017381 -0.999835 -0.000575 0.018143 0.290925 -0.956702 -0.009148 0.466085 -0.884732 -0.003684 0.999832 0.000583 -0.018298 0.999897 -0.001247 -0.014298 -0.030814 0.000287 0.999525 0.999931 -0.004218 -0.010931 -0.007285 0.000463 0.999973 -0.007107 0.000058 0.999975 -0.007986 -0.001279 0.999967 -0.008136 0.001413 0.999966 0.933326 0.00626 0.358976 -0.008152 0.00146 0.999966 -0.000351 0.837795 0.545985 -0.00279 0.884844 0.46588 -0.006199 0.799035 0.601252 0.017535 0.005231 -0.999833 0.000447 -0.622265 -0.782807 -0.00945 -0.712833 -0.70127 -0.993309 0.002355 0.115462 -0.950009 -0.013618 0.311925 -0.319367 -0.009647 -0.947582 -0.142678 -0.941592 -0.305036 -0.014518 -0.994295 -0.105672 0.018092 -0.973102 -0.229663 -0.012104 -0.890689 -0.454452 -0.008642 -0.988517 -0.150862 0.002227 -0.999053 -0.043455 0.001136 -0.997511 -0.070502 0.003645 -0.681881 -0.731454 0.00258 -0.807451 -0.589929 0.021925 -0.3183 -0.947737 -0.002398 -0.009325 -0.999954 -0.00695 -0.651383 -0.758717 0.011797 -0.008167 -0.999897 0.006768 -0.5444 -0.838798 0.008759 0.005735 -0.999945 0.004585 -0.012016 -0.999917 0.905908 -0.001092 -0.423473 -0.985781 0.005699 -0.167938 -0.993429 0.006565 0.114265 0.012441 -0.000142 0.999923 0.972684 -0.002799 0.232117 0.956664 -0.003378 0.291175 -0.364348 0.004615 0.931252 -0.403899 0.00429 0.914793 0.003933 0.000091 -0.999992 0.004825 0.00037 -0.999988 0.005249 0.000176 -0.999986 -0.453136 -0.000364 -0.891441 0.000489 -0.223147 0.974785 -0.0138 -0.384704 0.922937 0.005278 -0.000942 -0.999986 -0.002597 0.007173 -0.999971 -0.417924 -0.031413 -0.907939 0.999927 0.001814 -0.011917 0.994505 -0.103546 -0.015454 -0.023152 0.996565 -0.079516 0.178095 0.981822 0.065627 0.020859 -0.622193 -0.782586 -0.010791 0.74498 -0.666999 -0.010609 -0.969482 -0.244931 0.008689 0.516598 -0.856184 -0.010546 0.477229 -0.878716 0.005181 -0.000646 -0.999986 0.012306 -0.999861 -0.011256 0.0082 -0.999867 -0.014106 0.658155 -0.751522 -0.045239 0.999965 -0.002237 -0.008065 0.115645 -0.820395 0.559981 0.99994 -0.002009 -0.010791 0.333482 -0.629108 0.702149 0.999964 -0.000718 -0.008431 0.109019 -0.993754 0.023841 0.120327 -0.992493 0.021892 0.202182 -0.976627 0.072952 0.031461 -0.990264 -0.135597 0.132742 -0.971707 -0.19536 -0.006234 -0.999728 -0.022486 -0.002706 -0.999855 -0.016816 -0.441952 -0.877366 -0.186835 0.258817 0.964856 -0.045464 0.005062 -0.426129 -0.904648 0.641181 0.7643 0.068793 0.002196 -0.584013 0.811741 -0.796674 -0.604345 0.008771 0.005969 -0.426681 -0.904383 0.968715 -0.228403 0.097069 0.961666 -0.261672 0.082014 0.561904 -0.799989 0.210433 0.521626 -0.821679 0.229673 0.062364 -0.997316 0.038353 0.819656 -0.572086 0.029687 0.012925 -0.754117 -0.656612 0.549319 -0.833873 0.053898 -0.025547 -0.787346 -0.615982 0.269975 -0.962657 -0.020107 -0.007373 0.994707 -0.102489 0.007616 0.861407 -0.507858 0.003662 0.003732 -0.999986 -0.636835 -0.770351 -0.031628 -0.544278 0.001262 -0.838904 0.000162 -0.000586 -1 0.002956 0.000092 -0.999996 -0.008896 0.889753 -0.456356 -0.525519 0.006333 -0.850758 0.003855 0.999386 0.034826 -0.54976 0.005549 -0.835304 0.734876 -0.005543 -0.678179 0.67509 -0.00674 -0.737704 0.537087 -0.009746 0.843471 0.126336 0.142234 -0.981738 0.854356 0.001843 0.519684 -0.997561 -0.005188 -0.069603 0.972513 -0.005472 0.232783 0.999989 -0.004701 0.000826 0.999971 0.002588 0.007214 0.999936 0.002405 -0.011022 0.999998 0.000621 -0.001652 0.075233 0.003378 0.99716 0.027923 0.004755 -0.999599 0.020781 0.002341 -0.999781 0.640961 -0.01562 -0.767415 0.710626 -0.667588 0.222119 0.999912 -0.00422 -0.012582 0.999934 0.001481 -0.011419 0.999915 0.012843 0.002281 0.999969 0.005929 0.005231 0.999961 0.001101 0.008731 0.999971 -0.007081 -0.002949 0.16147 -0.98683 -0.009711 0.999961 -0.0056 0.006862 0.999987 -0.003276 0.004014 0.312364 -0.949171 -0.038773 0.928327 -0.371652 0.009113 -0.193067 0.980816 -0.026928 0.009376 -0.999956 -0.000716 0.00537 0.000256 -0.999986 0.005566 -0.000014 -0.999985 0.004185 -0.000874 -0.999991 0.009178 -0.858114 -0.513377 0.012248 -0.806353 -0.591308 0.003298 -0.004634 -0.999984 -0.881532 0.00031 -0.472125 -0.871353 0.000573 -0.490657 -0.351634 -0.002448 -0.936134 0.00315 -0.000127 -0.999995 0.002979 -0.000181 -0.999996 0.004155 -0.002848 -0.999987 0.159299 0.987207 -0.006801 -0.181256 0.983186 0.022169 0.136249 0.990673 -0.001931 -0.597075 0.802162 -0.006148 0.436416 0.899743 -0.001922 0.986744 -0.160385 -0.024768 -0.678371 0.734713 0.003013 0.892187 -0.451624 -0.00608 0.999958 -0.002068 -0.008975 0.424538 0.905401 -0.004023 -0.415545 0.909315 0.021641 0.997279 -0.073167 0.008956 0.999953 -0.000254 -0.009699 0.999946 0.000628 -0.010362 0.999958 -0.000416 -0.009165 0.999037 -0.003346 -0.043749 0.005767 0.997205 -0.074496 0.229847 0.973205 0.006454 0.213966 0.976801 -0.008803 -0.057864 0.998024 -0.024482 0.999973 0.006942 0.002497 0.999983 0.003824 0.004433 -0.049279 -0.998669 0.015231 -0.056588 -0.998379 0.006168 0.999933 0.004468 -0.010709 0.695171 0.718055 -0.03367 0.999923 0.001545 -0.01231 0.99212 0.065479 -0.10682 0.999928 0.00098 -0.011938 0.262102 0.96504 -0.000718 0.120376 -0.992017 -0.037568 0.729725 -0.68362 0.012878 0.009289 -0.41502 0.909765 -0.000058 0.252167 0.967684 -0.00615 -0.000826 0.999981 -0.007334 0.000868 0.999973 -0.017997 0.98473 0.173155 0.000246 0.900376 0.435113 0.005827 0.566129 0.824296 -0.007716 0.003237 0.999965 -0.009527 0.000956 0.999954 -0.162891 -0.934919 0.315265 -0.335334 0.00124 0.942098 -0.112463 -0.007615 0.993627 0.18833 0.003216 0.982101 0.942717 0.003342 -0.333578 0.972852 -0.001231 -0.231427 0.999774 0.000106 -0.021274 0.999955 0.001352 -0.00942 0.975879 0.004134 0.218271 0.926767 0.001021 0.375636 -0.004284 0.266636 0.963788 -0.36829 -0.001711 0.929709 -0.008967 -0.00068 0.99996 -0.881568 0.000022 0.472057 -0.434288 0.878532 0.198939 -0.11448 0.928495 -0.353258 0.02603 0.308995 0.950708 0.855817 -0.403518 0.323653 0.466161 -0.131737 0.874837 0.839757 -0.467062 0.276879 0.710689 -0.664068 0.232241 -0.000855 0.002141 0.999997 0.000804 0.000647 0.999999 0.12913 0.050611 0.990335 0.593497 -0.721509 0.356631 0.546406 -0.709096 -0.445672 0.504935 -0.853807 0.126707 0.152877 -0.159914 0.975221 0.030569 -0.840113 0.541549 0.206917 -0.977296 -0.045582 0.999493 -0.023581 -0.02138 0.098137 0.995143 0.007758 0.013399 0.999897 0.005064 0.014873 0.999883 0.003446 -0.999995 0.003247 0.000258 -0.999994 -0.000829 -0.003259 0.98267 -0.100097 0.156014 0.931637 -0.348645 0.102469 0.876025 -0.48102 -0.034647 0.860876 -0.498668 0.101107 0.82987 -0.557213 -0.028805 0.819669 -0.569496 0.061782 0.804743 -0.590274 -0.06297 0.691268 -0.715505 0.101001 0.632316 -0.772373 -0.060136 0.60231 -0.79567 0.064275 0.581964 -0.812642 0.030508 0.625941 -0.466509 -0.624953 0.059373 -0.04425 -0.997255 0.908923 0.416964 -0.000452 0.558959 0.001703 -0.829194 1 -0.000245 -0.000928 0.999996 0.000079 -0.002668 0.034484 0.00479 0.999394 0.524698 0.055893 -0.849451 0.999982 0.000482 -0.006019 0.999953 0.004345 -0.008641 0.999954 0.005731 -0.007684 0.99998 -0.000394 -0.006383 0.999933 0.007846 -0.008504 0.999952 -0.005607 -0.00802 0.99994 -0.006387 -0.008955 0.254997 0.966937 0.003214 0.222861 0.974846 0.002861 0.108006 0.994101 -0.009868 0.21916 0.975666 0.00669 0.244197 0.969651 -0.012058 0.965624 0.259936 0.002086 0.958695 -0.284053 0.014781 -0.004422 -0.999978 -0.004997 -0.011386 -0.999931 -0.002735 0.898206 -0.434528 0.066426 0.006788 -0.99984 0.016562 -0.749634 -0.623373 -0.222383 -0.982433 -0.186553 -0.004763 -0.024103 -0.214343 0.976461 -0.125939 -0.784897 0.606693 -0.082557 -0.903207 0.421192 0.019418 -0.993501 0.112155 -0.066913 0.043161 -0.996825 -0.109767 -0.001469 -0.993956 0.586107 -0.019882 0.80999 0.906713 -0.003772 0.421731 0.713776 0.004634 0.700358 0.446947 -0.015021 0.894435 0.966535 0.000951 0.256535 0.999998 -0.000007 -0.001963 0.738283 0.627089 -0.248392 0.216941 0.976143 0.009041 0.750887 0.652203 -0.103928 -0.320505 -0.924129 0.207995 0.657738 0.002772 -0.753241 0.462064 -0.001141 -0.886846 -0.441498 0.007302 -0.897232 -0.559766 0.002997 -0.828645 -0.01292 0.010899 -0.999857 0.109255 0.032399 -0.993486 -0.028628 0.026573 -0.999237 -0.058384 0.029669 -0.997853 -0.021782 0.01081 -0.999704 -0.096465 -0.001645 -0.995335 0.485303 0.844054 0.228151 0.05339 0.998574 -0.000414 0.00635 0.99997 0.00438 0.958184 0.28615 -0.001063 0.995408 0.094014 0.018025 0.998135 0.061049 0.000358 0.995531 -0.093465 0.013508 0.999941 -0.010068 -0.004031 0.99886 -0.036765 0.030449 0.128544 -0.989991 0.058256 -0.380609 -0.919183 0.101192 -0.999136 -0.011379 0.039974 0.351619 -0.926656 0.132936 -0.816879 -0.576809 0.000916 -0.999323 -0.032562 -0.017104 -0.999643 -0.026731 0.000202 -0.99954 -0.026 -0.01559 -0.999281 -0.037759 -0.003383 -0.017237 0.999836 -0.005497 0.269212 0.010191 0.963027 0.997292 -0.004169 -0.073419 0.648803 -0.231551 -0.724872 0.905952 0.008336 0.423299 -0.991501 -0.02104 -0.128387 -0.998498 -0.008859 -0.05406 -0.993861 -0.011214 -0.110065 0.976722 0.212325 -0.030535 0.944353 0.328914 0.003514 0.02585 -0.999663 0.002299 0.868638 0.495201 -0.015632 0.995924 0.01801 0.088384 0.739978 0.665289 0.09911 0.998781 0.0485 -0.009166 0.831626 -0.472603 -0.291624 0.988257 0.152784 -0.002084 -0.030482 -0.999533 -0.002059 -0.010734 -0.999926 -0.005679 -0.93558 -0.353106 0.00252 0.010115 -0.999949 -0.000412 0.989363 0.143313 0.024926 0.999716 0.017937 0.015699 0.9997 0.015433 0.019044 0.999816 0.015796 0.010886 0.997861 0.025083 0.060372 0.999669 0.018649 0.017704 0.999816 0.014953 0.011975 0.999865 0.008942 0.013794 -0.009382 0.000052 0.999956 -0.009122 0.000488 0.999958 -0.859672 0.000332 0.510847 -0.867226 0.000909 0.497914 -0.007562 -0.003949 0.999964 -0.015463 0.953543 0.30086 -0.008065 -0.0036 0.999961 -0.008862 -0.004521 0.999951 0.002354 -0.991232 0.132112 -0.0091 -0.976317 0.216153 0.02266 -0.478254 0.877929 0.005864 -0.999919 -0.011337 -0.006982 0.000015 0.999976 -0.0101 -0.000759 0.999949 -0.32831 -0.001472 0.944569 -0.009608 0.003647 0.999947 0.007097 -0.011291 -0.999911 0.853652 -0.520435 -0.020636 0.680419 -0.732687 -0.014152 -0.944889 0.293525 0.145007 -0.927723 0.335523 0.163568 0.80205 -0.580501 -0.140477 0.669569 -0.694621 -0.263019 0.058513 0.226824 -0.972176 -0.006797 -0.002084 -0.999975 0.004135 0.999959 -0.008115 -0.038911 -0.003531 -0.999236 0.025651 0.999667 0.00269 -0.022678 -0.007536 -0.999714 -0.999995 -0.001099 -0.002991 -0.023907 -0.02418 0.999422 -0.003721 -0.999985 -0.004034 -0.76962 -0.619444 0.154836 -0.518002 -0.854115 0.046497 -0.017626 -0.999795 -0.009916 0.211309 -0.37884 -0.901015 -0.936303 -0.351164 0.004441 0.068385 0.325375 -0.943109 0.08461 0.996395 -0.0062 -0.992629 -0.119987 -0.017028 -0.005674 -0.999981 0.002348 0.999984 0.001046 -0.005599 0.999993 -0.003767 0.000414 0.927427 0.002027 0.373998 0.999966 0.004995 -0.006582 0.999994 -0.001902 -0.00288 0.99991 0.009458 -0.009521 0.933269 0.001605 0.359174 0.990366 0.076307 0.11555 0.99985 -0.000891 -0.01727 0.999786 -0.002175 -0.02056 0.088277 -0.591765 0.801263 0.016023 0.144509 0.989374 0.629203 -0.748895 -0.207989 -0.84777 0.411285 -0.334858 0.042163 -0.886731 -0.460359 0.637668 -0.004452 0.770298 0.26797 0.958838 -0.093925 -0.13672 0.990608 0.001615 0.99928 -0.0361 -0.011696 0.999187 -0.000775 0.040311 0.052002 -0.002525 -0.998644 -0.036958 -0.008534 -0.99928 -0.999793 -0.019194 -0.006748 -0.999681 -0.025124 0.002663 -0.679465 -0.174672 -0.712613 -0.955246 -0.086723 0.282815 -0.190467 0.004704 0.981682 0.207905 -0.002883 0.978145 0.99118 0.004292 -0.132452 0.974909 0.000509 -0.222605 0.999983 -0.000323 -0.005775 -0.024008 0.007554 0.999683 -0.037366 0.005739 0.999285 -0.101611 0.005869 0.994807 -0.149914 -0.000102 0.988699 0.999833 0.013989 0.011745 -0.605013 -0.796204 0.004261 -0.999487 0.025044 0.019951 -0.999782 0.01225 0.016907 -0.066887 -0.997732 0.007545 0.64393 -0.764782 -0.021511 0.99986 -0.002358 -0.016569 -0.195002 0.980606 0.01964 -0.999768 0.006593 0.020507 -0.999883 -0.000073 0.015326 -0.920784 0.005166 -0.390038 0.999787 -0.000441 -0.020616 0.999802 0.000918 -0.019858 0.99985 0.001856 -0.017191 0.999903 -0.00089 -0.013933 -0.957126 -0.031292 0.287977 -0.963166 0.267123 0.030911 -0.730099 0.009581 0.683274 -0.999882 0.001162 0.015339 -0.999829 0.004061 0.018039 -0.662782 -0.743146 0.09195 -0.999881 -0.004062 0.014887 -0.99982 -0.011546 0.015066 -0.999922 0.000035 0.012508 -0.280453 0.959811 -0.010474 -0.274271 0.961524 -0.01574 -0.990514 -0.137258 0.006486 -0.217231 0.976102 -0.006035 -0.988429 -0.150975 0.014653 -0.249271 0.968433 -0.001302 -0.999946 -0.007188 0.00744 -0.420492 0.899607 -0.117873 -0.999988 -0.00138 0.004805 -0.998808 -0.047097 -0.012798 -0.999936 -0.001362 0.011239 -0.403434 0.881442 -0.245562 0.994301 0.018185 0.105049 0.005183 -0.002796 0.999983 0.016792 -0.357144 0.933898 0.004439 -0.273183 0.961952 0.007348 0.000187 0.999973 -0.003431 -0.415368 0.909647 -0.081145 0.985331 0.150125 0.003713 0.449499 0.893273 0.046556 0.987818 -0.148486 0.017721 0.842789 0.537953 0.006841 0.994992 -0.099721 0.001736 0.998902 0.046815 -0.018346 -0.008987 -0.999791 -0.60091 0.011975 -0.799227 -0.799161 0.601109 0.003169 -0.230483 0.973075 -0.001396 -0.191464 0.981306 -0.01948 -0.006953 0.980604 -0.195875 0.005954 0.930075 -0.367322 -0.00791 -0.000366 -0.999969 -0.008052 -0.000165 -0.999968 0.003915 -0.999958 0.008247 0.03149 -0.867477 -0.496479 -0.925838 0.001281 -0.377919 -0.956595 0.013091 -0.291125 -0.03645 -0.018859 -0.999158 -0.009415 0.006215 -0.999936 -0.009519 -0.000185 -0.999955 -0.00831 0.004726 -0.999954 -0.007721 0.000804 -0.99997 -0.006919 0.812889 -0.582378 0.01985 -0.999561 0.022003 0.065147 -0.996221 0.05745 0.022994 -0.389144 0.92089 -0.047765 -0.996847 0.063355 -0.394918 -0.916985 0.056375 -0.366218 -0.930026 0.030603 -0.052136 -0.993959 0.09658 -0.201676 -0.970171 0.134519 -0.093165 -0.99562 -0.007765 -0.395118 -0.918606 0.006625 -0.311038 -0.949499 -0.04132 -0.0469 -0.998197 -0.03745 -0.071527 -0.459074 -0.885514 0.031955 -0.997126 0.068694 0.003338 -0.999309 0.037015 -0.00636 -0.999755 0.021187 0.002458 -0.999932 0.011362 0.015252 -0.99973 0.017554 0.058221 -0.998226 -0.01249 -0.015069 -0.889931 0.455847 -0.999805 0.001003 0.019707 -0.9998 0.000762 0.019987 -0.999803 0.00053 0.019834 -0.9998 0.001041 0.019954 -0.999804 0.000543 0.019768 -0.999823 -0.000096 0.018817 -0.986516 0.005404 -0.163577 -0.991057 -0.016825 -0.132373 -0.979432 0.000999 -0.201772 -0.993406 0.052324 0.102013 -0.947849 0.003297 0.318704 0.400522 -0.067538 0.913795 -0.99016 -0.00981 0.139599 -0.998139 -0.049741 0.035263 -0.796188 -0.071305 -0.600833 -0.901224 -0.124218 -0.415169 -0.620149 -0.045568 0.783159 0.937103 0.101097 0.334093 0.87896 0.012656 0.476728 0.955178 -0.000688 0.296031 0.965327 0.007245 0.260945 -0.964424 -0.000441 -0.26436 0.011322 0.002006 0.999934 -0.000439 0.147757 0.989024 0.012073 0.439293 0.898263 0.009825 0.001526 0.999951 0.015486 0.005983 0.999862 0.009256 0.004397 0.999947 0.012077 0.000263 0.999927 0.012026 0.000246 0.999928 0.008555 0.848698 0.528808 0.856165 -0.000693 0.516703 0.007413 0.860656 0.509133 0.849151 -0.00022 0.52815 0.008909 -0.000429 0.99996 0.006714 0.000341 0.999977 0.681374 -0.000174 -0.731936 0.675281 -0.000263 -0.737561 -0.00911 -0.000272 -0.999958 -0.009207 -0.000468 -0.999958 0.68192 0.000017 -0.731426 -0.011488 0.000345 -0.999934 0.549652 -0.835253 -0.015306 0.001339 -0.999993 0.003604 0.000515 -0.999995 0.003179 0.00513 -0.999976 0.004623 0.011437 -0.992378 -0.122697 -0.010725 -0.004819 -0.999931 0.999754 -0.000126 -0.022159 0.999868 0.004583 -0.015567 0.004906 -0.999988 -0.000927 0.007528 -0.999968 -0.002548 0.005748 -0.999967 -0.005716 -0.000455 -0.999999 -0.000922 -0.99985 0.000058 0.017319 -0.999851 0.000043 0.017287 -0.999898 0.00054 0.014276 -0.906646 -0.000518 -0.421892 -0.900684 0.000059 -0.434475 -0.003616 -0.999991 -0.00241 0.004825 -0.999988 0.00076 0.006267 -0.99998 0.000587 0.034832 -0.998994 0.028228 -0.218351 -0.97587 -0.000944 -0.162867 -0.98664 0.004055 -0.481655 -0.876234 0.014944 -0.483745 -0.875118 0.012629 0.624834 -0.77996 0.035279 -0.672702 0.739912 -0.001488 0.956544 -0.291119 0.016523 -0.992605 0.107784 0.055836 -0.996664 0.076799 -0.027628 -0.997431 0.067024 -0.02529 -0.998506 0.049295 -0.023595 -0.901187 -0.432795 -0.023442 -0.907659 -0.419065 -0.023257 -0.653129 0.757105 -0.014641 -0.243093 0.969919 -0.012784 0.253424 0.967355 0.001233 -0.999802 0.000479 0.019897 -0.999814 0.000155 0.019305 -0.999819 0.000247 0.019037 -0.007748 -0.002272 -0.999967 0.999891 0.002018 -0.014615 -0.008528 -0.000854 -0.999963 -0.003127 0.797661 -0.603097 -0.006769 0.93598 -0.351988 0.002185 0.978756 -0.205015 0.009038 -0.999855 0.014418 0.011523 -0.999639 0.024255 0.052448 -0.994981 0.085217 0.072203 -0.997132 -0.02267 0.023367 -0.999603 0.015744 0.105572 -0.994252 -0.017816 -0.005534 -0.999978 -0.003728 -0.017101 -0.994876 -0.099644 -0.027687 -0.999071 0.03301 0.026939 -0.999627 -0.004511 0.046797 -0.995371 0.083949 -0.008227 -0.993567 0.112947 0.016479 -0.996074 0.086972 -0.823894 -0.548024 0.144457 0.985652 -0.118619 0.120086 -0.085692 -0.995901 -0.028967 -0.040323 -0.996094 -0.078554 -0.797042 -0.602447 0.042197 -0.876116 -0.481666 0.020467 0.965166 -0.261632 0.001474 0.932397 0.356159 -0.06153 -0.750582 -0.660053 -0.030928 0.996512 0.082077 0.015094 0.816332 -0.41445 -0.402286 0.562965 0.139023 0.814704 0.998567 -0.042011 -0.033153 0.019149 -0.599547 -0.800111 0.672381 -0.740201 0.002318 0.320302 -0.941304 -0.106551 0.389588 -0.918846 0.062798 -0.200474 -0.979699 0.000526 -0.008165 0.001444 -0.999966 -0.005976 0.768844 -0.639409 -0.008334 0.00249 -0.999962 -0.229616 0.020107 -0.973074 0.497321 0.030278 0.867038 0.301099 0.001957 -0.953591 0.268631 -0.001014 -0.963243 0.79242 0.004442 0.60996 -0.575993 0.057303 -0.815444 0.862721 -0.000395 0.50568 0.999824 0.000464 -0.018749 0.999971 -0.000832 -0.00757 0.999985 0.000765 -0.005365 0.99993 0.006783 -0.009705 0.240264 0.945779 0.218574 0.045696 0.998829 -0.015899 0.072506 0.997264 -0.014432 0.133465 0.990738 -0.025021 0.744521 0.667355 -0.018063 0.632771 0.773922 -0.025409 0.999826 -0.001161 -0.018614 0.656397 0.754301 -0.013147 0.99984 0.000365 -0.017883 0.999934 -0.004153 -0.010686 0.999912 0.012426 -0.004546 -0.023429 -0.625817 0.779618 0.227883 0.68426 -0.692718 -0.005301 -0.998776 0.049179 -0.191587 -0.981447 0.007474 -0.140504 -0.989533 0.032909 0.194156 0.98076 -0.020309 0.826369 0.00102 -0.563128 -0.00921 -0.000062 -0.999958 0.779581 0.002502 -0.626296 0.777997 0.00265 -0.628262 -0.007737 0.800838 -0.59883 -0.009064 -0.000537 -0.999959 -0.008532 0.000675 -0.999963 -0.008896 0.000423 -0.99996 -0.026376 -0.79316 0.608441 0.96013 0.274187 0.054507 0.172557 -0.015705 0.984874 0.033964 0.000645 0.999423 0.999821 -0.001698 -0.018834 -0.008926 -0.000383 -0.99996 -0.010244 0.000916 -0.999947 -0.925992 -0.000056 -0.377543 -0.774467 0.008997 -0.63255 0.942287 0.002665 -0.334797 0.564705 0.000643 0.825293 0.594494 -0.000011 0.8041 0.033505 0.000117 0.999439 -0.008604 -0.000776 -0.999963 -0.002771 -0.998635 -0.052152 -0.00021 -0.99999 0.004515 0.002702 -0.999991 0.003319 0.001546 -0.999982 0.005801 0.860281 0.008783 0.509745 0.999897 -0.000473 -0.014376 0.693651 0.027929 -0.719769 0.272996 -0.002326 -0.962012 0.621107 -0.01471 0.783587 0.812629 -0.582577 -0.015447 -0.943359 -0.002196 0.331766 -0.979739 -0.022737 -0.198983 -0.686394 -0.002998 -0.727224 -0.979315 0.001072 -0.20234 -0.999421 0.00641 -0.033411 0.894226 0.012954 0.447429 0.897608 0.009946 0.440682 0.673508 0.03849 0.738177 -0.941951 0.018505 -0.335239 -0.940107 0.005348 0.340838 -0.988455 -0.002495 -0.151493 -0.050329 -0.991407 -0.120742 -0.036435 -0.999255 0.012691 0.015446 -0.000558 0.999881 0.013455 0.000441 0.999909 0.010841 -0.006709 0.999919 0.840114 -0.005274 0.542384 0.101085 0.07999 0.991657 0.999756 0.00091 -0.022075 -0.018222 0.999596 -0.021809 -0.027677 0.999368 -0.022288 0.9014 0.43268 -0.01633 0.999564 -0.015691 -0.025022 0.012157 -0.78307 0.621814 0.004058 -0.733501 0.679677 0.008262 -0.674875 0.737886 0.00731 0.00069 0.999973 0.007021 0.000824 0.999975 0.007143 0.000941 0.999974 0.003546 -0.366123 0.93056 0.01227 -0.077819 0.996892 0.006832 0.874324 0.485294 0.005478 0.836364 0.548147 0.000962 0.998715 0.050674 0.001762 0.999831 0.018286 0.003455 0.842021 0.539433 0.007362 0.000269 0.999973 0.009178 -0.000291 0.999958 0.014128 0.713936 0.700068 0.009336 0.001651 0.999955 0.008344 0.006651 0.999943 0.011823 0.440524 0.897663 0.001492 0.846678 0.532104 0.767647 -0.006701 -0.640838 0.000414 -0.002625 0.999996 -0.841311 0.016712 0.540293 0.999811 0.000609 -0.019433 0.451845 0.78683 -0.420399 0.654636 0.755437 -0.027709 0.124198 0.991912 -0.026196 -0.101775 0.959377 0.263132 0.999562 -0.002361 -0.029507 0.999619 0.001531 -0.02755 0.986937 -0.011898 -0.160667 0.993614 -0.037669 -0.106357 0.999716 -0.001379 -0.023779 0.855792 0.004123 -0.517304 0.999768 -0.000071 -0.02156 0.999745 0.000302 -0.022561 0.616312 0.003008 -0.787496 0.691203 -0.00113 -0.722659 -0.007918 0.000282 -0.999969 0.999717 -0.000483 -0.02377 -0.00826 0.000271 -0.999966 0.006386 -0.000007 0.99998 -0.880739 0.00096 0.4736 -0.832991 -0.00293 0.553278 0.000977 -0.001862 0.999998 0.010702 0.00009 0.999943 -0.700285 0.002864 0.713858 0.298938 -0.028598 0.953844 -0.228273 0.001301 0.973596 -0.690569 -0.014373 0.723124 -0.584279 0.010857 0.81148 0.741515 -0.010228 0.670858 0.758749 -0.007374 0.651342 0.737511 -0.003607 0.675326 0.999817 0.00071 -0.019107 0.999872 0.000327 -0.016023 0.980151 -0.085685 -0.178781 0.043618 -0.000371 0.999048 0.99973 -0.000919 -0.023199 0.999747 -0.001021 -0.022482 0.994669 -0.103096 -0.00229 0.999607 0.009404 -0.026427 0.999888 0.014671 -0.003007 0.996801 0.077368 -0.020033 0.044452 -0.999011 0.001 0.023105 -0.999732 0.001514 0.036363 -0.999335 0.002527 0.892003 -0.451646 -0.018613 0.977338 -0.104092 0.184323 0.700985 -0.713146 -0.006464 0.999247 -0.031154 -0.023136 0.999714 0.020123 -0.012946 0.801441 0.002004 -0.598071 0.01061 0.000152 0.999944 -0.66838 0.001663 0.743818 -0.673382 0.003582 0.739286 0.695845 -0.021728 -0.717863 0.656411 -0.002282 -0.7544 0.007259 0.000629 0.999973 -0.881744 -0.000119 0.471728 0.659578 0.007703 -0.751597 -0.65427 0.028184 0.755736 -0.312062 -0.949629 0.028668 -0.423675 -0.904969 0.039119 -0.28988 -0.95692 0.016524 -0.474689 -0.880151 0.002217 -0.999939 0.001098 0.010959 -0.011899 -0.348107 -0.937379 -0.012481 -0.356378 -0.934259 0.002926 0.593277 -0.804993 -0.010166 0.729585 0.683815 -0.000461 0.885737 0.464187 -0.009704 0.732033 0.6812 -0.005899 0.611546 0.791187 0.004241 0.005732 -0.999975 0.004218 0.005795 -0.999974 0.869799 0.225582 -0.43882 0.011894 -0.824536 -0.565685 0.015863 -0.88938 -0.456893 -0.99578 0.073653 0.054756 -0.996275 0.064368 0.057391 -0.999123 0.041429 0.006072 -0.995176 0.087878 0.04361 -0.392314 -0.919789 0.008817 0.000311 0.999997 -0.002587 -0.00077 0.999995 -0.003151 0.000433 0.999994 -0.003306 -0.002376 0.999997 -0.000487 0.010043 0.999934 -0.005617 0.831949 0.554561 -0.017954 -0.125903 0.991907 0.016398 0.49094 0.870341 -0.03852 0.004293 -0.828411 -0.560104 0.010374 -0.869573 -0.493695 -0.011421 -0.929279 -0.369201 0.00313 0.003804 -0.999988 0.002263 0.005244 -0.999984 0.001992 0.003628 -0.999991 0.004018 -0.416241 -0.909245 0.002838 0.005567 -0.99998 0.005161 -0.519756 -0.854299 0.000668 -0.999993 0.003768 0.000774 0.999989 0.004536 -0.844794 0.073332 0.530043 -0.492289 0.09544 0.865184 0.717058 0.115582 -0.687364 -0.262885 0.030091 -0.964358 0.279106 0.14427 -0.949361 -0.361165 0.165281 -0.917738 -0.67225 -0.114711 -0.731383 -0.117849 0.979365 -0.164183 -0.824672 0.140926 -0.547773 -0.010869 0.999691 -0.022342 -0.982384 -0.182789 -0.038866 -0.005625 0.999933 -0.010119 0.003951 0.999989 -0.002716 -0.004446 0.999986 0.002742 0.003951 0.999989 -0.002708 -0.001546 0.999994 0.002949 0.453589 0.891123 0.012565 0.004324 -0.999016 -0.044151 0.000741 -0.996163 -0.087512 0.001491 -0.663513 -0.748164 0.002654 -0.584399 -0.811462 0.003559 0.451318 -0.892356 0.002032 0.597105 -0.80216 -0.000137 0.999998 0.002036 -0.770215 -0.635454 0.054481 -0.991647 -0.123131 0.038393 -0.92422 -0.381394 0.018873 -0.999964 0.000389 0.008493 -0.960827 0.264859 0.081616 -0.703011 0.710746 0.024814 -0.757401 0.649441 0.067598 -0.99445 0.08423 0.063039 -0.996129 0.066828 0.057097 -0.995785 0.07286 0.055712 -0.939119 -0.341221 0.040304 -0.995566 0.080248 0.049084 -0.437969 -0.898831 0.016883 -0.385079 -0.922821 0.010744 0.008035 0.999958 0.004353 -0.988369 0.144509 0.047377 -0.907393 -0.419681 0.022501 -0.865967 -0.253188 0.431274 0.016607 -0.999855 0.003852 -0.006687 -0.999933 -0.009495 0.004089 -0.999982 -0.004439 -0.999846 0.000583 0.017549 -0.387567 0.019139 -0.921643 0.059188 -0.998058 0.019443 0.018259 -0.999753 0.012674 0.013618 0.003666 0.999901 0.286164 0.234255 0.929104 -0.120022 0.515003 0.848744 0.025896 0.018482 0.999494 0.011365 -0.000586 0.999935 0.000839 1 -0.000518 -0.001509 0.999976 -0.006793 -0.001332 0.999968 -0.007931 0.001593 0.999987 0.004915 -0.001103 0.999993 0.003552 -0.000534 0.999963 -0.008632 -0.000005 0.99999 0.004512 0.350609 0.936283 -0.021157 -0.580673 0.8138 0.023406 -0.140828 0.989769 0.022892 -0.938094 -0.344089 0.039775 -0.911565 -0.409183 0.040236 -0.996927 0.063047 0.046484 -0.998673 -0.000414 -0.051496 -0.999906 0.013521 -0.002434 -0.914886 0.399279 0.059663 -0.997269 0.00515 0.073678 0.002024 0.999987 -0.004708 0.646242 0.003045 0.763126 0.001984 0.999931 -0.011606 -0.947425 0.319152 0.022982 -0.540458 0.839442 0.056939 -0.000783 0.999961 -0.008757 0.001112 0.999965 -0.008277 0.061633 -0.081888 0.994734 -0.033079 0.07714 0.996471 0.005588 0.999431 0.03325 -0.003077 0.999945 0.009985 -0.499365 0.023256 0.866079 -0.000933 0.999933 0.011525 -0.599823 -0.185005 0.77845 -0.003984 0.999987 0.003126 -0.950028 0.239162 0.200619 -0.004447 0.999986 0.002746 -0.000694 0.999999 -0.001107 0.985064 -0.116379 0.126903 0.970716 0.09953 -0.21864 0.968714 0.051464 0.242787 0.65415 0.023967 0.755985 0.009877 -0.999949 -0.002019 0.004333 -0.999929 -0.011094 0.001759 -0.999984 -0.005352 0.172829 -0.016947 -0.984806 0.335848 0.022576 -0.941646 0.589321 0.701624 0.400529 0.640908 -0.661867 0.388804 -0.674456 -0.273334 -0.685856 -0.75026 0.65909 0.052054 -0.514373 -0.191857 0.835829 -0.761567 -0.643522 0.076782 -0.86196 -0.424206 -0.27762 -0.871089 -0.416861 -0.259676 -0.311153 0.171171 0.934818 -0.308582 0.024253 0.950888 -0.276153 0.032608 0.96056 0.878738 0.452319 0.152408 -0.907761 -0.345353 -0.238119 -0.91062 -0.345713 -0.226392 -0.070549 -0.15796 -0.984922 -0.555203 -0.05776 -0.829707 -0.937172 -0.313384 -0.153294 0.224032 0.09384 -0.970053 -0.971922 -0.195334 -0.131192 0.256394 0.145411 -0.955572 0.486788 0.618382 -0.616961 -0.91025 0.405125 0.08555 0.695841 -0.195492 -0.691078 0.281685 0.469536 0.836773 0.913735 0.355924 -0.195976 0.41297 -0.191498 0.890385 0.081448 -0.995005 -0.057715 -0.315491 0.16959 0.933651 0.49809 -0.85886 0.11944 -0.320881 0.07706 0.943979 -0.027396 0.397812 0.917058 0.849755 0.385636 -0.359447 0.726163 0.588261 0.35586 -0.043458 0.197583 0.979322 -0.161903 0.208091 0.964617 0.717182 0.591696 0.368165 0.416948 0.313691 0.853084 -0.862873 0.503841 -0.03994 -0.000618 0.999457 0.032933 0.002446 0.830846 -0.556497 -0.00374 0.628129 -0.7781 0.001471 0.998898 0.046917 0.001436 -0.069122 -0.997607 -0.002948 0.997977 -0.063502 0.00018 0.996865 -0.079123 -0.001482 0.982913 -0.184063 -0.888123 -0.457054 0.048371 -0.001295 -0.22433 -0.974512 0.004287 -0.114042 -0.993467 -0.006137 0.644968 -0.764185 -0.000078 0.626636 -0.779312 -0.002073 0.987634 -0.156765 -0.00104 0.984005 -0.178137 0.953994 0.299704 0.008498 -0.963666 -0.267079 0.004092 -0.993799 -0.110697 0.010517 -0.982989 0.181555 -0.027759 -0.993758 0.10734 -0.030396 0.924461 0.376827 -0.05808 -0.986203 0.165369 0.007589 0.912301 0.40726 -0.042972 -0.952265 0.305261 -0.002737 -0.984661 -0.169562 -0.041135 -0.944729 0.324469 0.046984 -0.971311 0.237174 -0.017412 -0.904273 0.424738 0.04344 -0.014304 0.975155 0.22106 0.132195 0.912376 0.38742 -0.216129 -0.974013 0.067727 -0.079896 -0.988927 0.125062 -0.482591 -0.841094 0.244267 0.552295 -0.573199 -0.605322 0.219695 -0.965242 -0.141567 -0.000115 0.999975 -0.007016 -0.005708 0.999791 0.019652 -0.003731 0.981191 -0.193002 0.005288 0.998499 0.054509 -0.867627 -0.423078 -0.261206 -0.282834 0.007892 0.959136 -0.257469 0.024969 0.965964 0.875332 0.375031 0.305198 0.887421 0.385838 0.252216 0.407925 -0.901943 0.141763 0.581709 -0.811737 -0.051937 0.158445 -0.877168 -0.453289 0.48103 -0.866363 0.13426 0.461897 -0.869674 0.174122 0.41003 -0.886088 -0.216158 0.311415 -0.108401 -0.944071 0.56253 -0.801302 -0.203654 0.306607 -0.087506 -0.947805 0.501278 -0.137605 -0.854275 0.203811 -0.097803 -0.974113 0.192904 -0.100119 -0.976096 -0.876398 -0.437886 -0.200458 -0.968424 0.112071 -0.2227 -0.996323 -0.068057 -0.052052 -0.246455 0.960774 -0.127175 0.212907 -0.074929 -0.974195 0.275593 -0.027093 -0.960893 0.257373 0.312472 -0.914396 0.55119 -0.124538 -0.825033 0.528463 -0.105909 -0.842324 0.759021 0.605583 0.239076 0.381275 -0.20044 -0.902471 -0.394136 0.897477 -0.197968 -0.456679 0.881362 -0.121018 -0.289685 0.149771 0.945331 -0.132729 0.052181 0.989778 -0.273933 -0.01897 0.961562 -0.084782 -0.112182 0.990064 -0.42787 0.900539 -0.07718 -0.071639 -0.244702 0.966948 -0.425194 0.901547 -0.080145 -0.158758 -0.178495 0.971049 -0.459566 0.868104 -0.187604 -0.165745 -0.239616 0.956615 0.044893 0.811621 -0.582457 0.214213 -0.494503 0.842366 -0.154626 -0.022815 0.98771 -0.367973 0.871803 -0.323351 -0.261413 0.080733 0.961845 -0.474818 0.864729 -0.163684 -0.269818 0.015955 0.962779 -0.443123 0.89598 -0.029359 -0.368305 0.776364 -0.511478 -0.41196 0.908132 -0.074727 0.620911 -0.773158 -0.129218 0.474285 -0.862888 0.174579 0.246814 0.020122 -0.968854 0.115021 0.19807 -0.973416 0.43101 -0.895592 0.110207 0.37791 0.001794 -0.925841 0.440037 -0.419717 -0.793854 -0.051793 -0.174043 -0.983375 0.254983 0.177749 -0.950468 -0.239523 -0.906618 -0.347379 -0.632145 0.744894 -0.213369 -0.699423 -0.065179 0.711729 -0.956301 -0.291746 0.019322 -0.428003 -0.15669 0.890091 -0.199249 -0.908505 0.367313 0.407466 -0.910889 -0.065215 -0.536335 -0.423157 -0.730263 0.595566 -0.799912 -0.073774 0.779068 -0.026996 -0.626358 0.469153 -0.005042 0.883103 0.597014 0.801721 -0.02861 -0.216749 0.02595 0.975882 0.169912 0.982657 -0.074261 -0.01742 0.954428 -0.297933 -0.439791 0.888288 -0.132395 -0.634836 -0.162057 0.755461 -0.061367 0.203331 0.977185 0.158736 0.446237 0.880724 -0.981489 0.127819 0.142623 0.227597 0.845114 0.483717 -0.069775 0.556477 -0.827928 -0.490616 0.868163 -0.074761 -0.20588 0.969401 -0.133695 0.784683 0.611501 0.101685 -0.496206 0.848339 -0.184665 -0.220481 0.923703 -0.313308 -0.362508 -0.172642 -0.915851 -0.719596 -0.433559 -0.54241 -0.713804 -0.40063 -0.574438 -0.843297 0.195673 -0.500561 -0.465288 0.366202 -0.805856 -0.055401 -0.135284 -0.989257 -0.569669 0.380929 -0.728266 0.612058 0.46341 -0.640809 0.569608 0.333751 -0.751104 0.815935 0.578029 0.011482 0.145583 0.984187 -0.100906 0.060816 0.794519 -0.604186 0.196359 0.980164 -0.026866 0.58631 0.809978 -0.013295 0.641764 0.611183 -0.463243 0.044071 0.840968 -0.539286 0.485684 0.618942 -0.61727 -0.288548 0.500284 -0.816368 0.453193 0.324506 -0.830248 0.083575 0.13228 -0.987683 -0.7799 -0.369013 -0.505554 -0.908141 0.075008 -0.41189 -0.548612 -0.383194 -0.743093 -0.401544 -0.225804 -0.887567 -0.992129 0.082861 -0.093882 -0.987332 0.156264 0.027515 -0.797885 -0.538668 -0.270587 -0.880408 -0.473178 -0.031382 0.539162 -0.83243 0.127922 -0.821418 0.550978 -0.147298 -0.2908 -0.225862 -0.929743 0.05173 -0.012909 -0.998578 0.633315 -0.773095 -0.035153 -0.829827 0.143205 0.539333 -0.644645 0.649884 -0.402596 -0.737814 0.618485 -0.270385 0.220648 0.273072 -0.936347 -0.68429 0.493125 -0.537192 -0.526132 0.381763 0.759896 -0.027176 -0.056664 0.998023 0.132 0.236544 0.962613 0.552217 0.341276 0.760649 0.347416 0.798731 0.491255 0.434985 0.428726 0.791822 0.883486 0.333098 0.329392 0.812765 0.559751 0.161528 0.963038 -0.040933 0.266237 0.759063 0.637551 -0.131727 0.960051 -0.27702 -0.039522 0.844705 0.355881 -0.399778 0.054392 0.95856 -0.27965 0.693508 0.340551 -0.634879 0.623061 -0.776567 0.093481 0.807937 -0.574977 0.128994 -0.984372 0.169783 -0.046747 -0.784765 -0.512034 0.349234 -0.511918 -0.394297 0.763197 -0.030979 -0.695929 0.717442 -0.804973 -0.271331 0.527634 -0.59752 -0.262769 0.757576 -0.91586 0.129896 0.379905 -0.725991 0.392232 0.564881 -0.478158 -0.035892 0.87754 -0.683053 0.405399 0.607528 -0.21362 0.019031 0.976731 -0.467954 0.604856 0.644336 -0.473769 0.590915 0.652965 -0.176237 0.233856 0.956165 -0.088415 0.862164 0.498854 0.370992 0.51238 0.774487 -0.531843 0.47107 0.70373 -0.245293 -0.646987 0.721969 0.270417 0.552982 0.78809 0.769576 0.588334 0.248225 -0.019161 0.1314 0.991144 -0.103648 0.816117 0.568516 -0.040403 0.99761 0.05606 0.557255 -0.754685 -0.346291 0.749456 -0.625882 -0.21584 0.922999 0.331477 -0.195436 0.899863 0.244747 -0.361035 0.738801 0.260599 0.621499 -0.768853 -0.268658 -0.580248 0.754397 -0.624714 0.201539 0.937979 -0.137371 -0.318315 -0.815657 -0.309431 0.488831 -0.465994 -0.433709 0.771198 -0.548768 -0.798415 0.247765 -0.781968 -0.549792 -0.293692 -0.606001 -0.68551 -0.403533 0.316692 -0.939197 -0.132724 0.555817 -0.742455 -0.373936 -0.315505 -0.573876 -0.755727 -0.31094 -0.504531 -0.805459 0.069715 -0.812569 -0.578681 -0.120508 0.080201 -0.989467 0.009267 -0.162978 -0.986586 -0.020772 0.472075 -0.881313 0.416769 -0.675249 -0.608558 0.10559 -0.182164 -0.977582 0.519542 0.128314 -0.844755 0.511932 0.040243 -0.858083 0.58 -0.642496 -0.500798 0.656731 -0.581558 -0.480099 0.768193 -0.604938 -0.209594 0.848039 -0.522934 -0.085846 0.660604 -0.750661 0.010518 0.97331 0.162514 0.16204 0.22747 0.383829 -0.894948 0.806849 0.589993 -0.030049 0.755585 -0.472211 0.453991 0.781295 -0.621536 -0.057192 0.803445 -0.294465 0.517461 0.669158 -0.254727 0.698099 0.531214 -0.420036 0.735786 0.264303 -0.447453 0.854359 -0.024176 -0.122286 0.9922 -0.54027 -0.36174 0.759772 -0.468909 -0.638106 0.610692 -0.088365 -0.838724 0.53734 0.111128 -0.786398 0.607642 0.880781 -0.441122 -0.172154 0.801417 -0.214491 0.558323 0.527226 -0.413751 0.742188 0.892612 -0.311604 0.325801 0.514292 -0.626002 0.586196 -0.713985 -0.506624 -0.483279 -0.433278 -0.553241 -0.711474 0.534726 -0.844122 -0.039056 0.274625 -0.533792 -0.799779 -0.832243 -0.552207 0.049388 -0.877587 -0.395732 0.270624 -0.621382 -0.14072 0.770767 -0.957756 -0.209823 -0.196665 -0.000841 -0.994654 0.103259 0.040169 -0.956995 -0.287309 -0.005165 -0.436837 -0.899526 0.185818 -0.979104 0.082624 0.673816 -0.703684 -0.22539 0.085427 -0.996341 0.002481 -0.00148 -0.025381 -0.999677 -0.810983 0.031793 -0.584206 -0.00695 -0.008004 -0.999944 0.000896 0.999996 -0.002595 0.020311 -0.920558 -0.390076 0.221835 -0.974861 0.020871 0.010778 -0.999938 0.002803 0.008635 -0.999959 0.002574 -0.373722 -0.927522 0.005908 0.797715 -0.602963 0.009368 0.999959 -0.006241 -0.006498 0.999878 -0.015181 -0.003646 0.057969 -0.997698 -0.035199 0.999917 -0.010817 0.006957 0.211248 -0.915377 -0.342722 0.09199 -0.995619 -0.016749 0.10581 -0.983766 0.144942 0.003432 0.999808 0.019288 0.131063 -0.060639 -0.989518 0.093834 -0.044486 -0.994593 0.102028 -0.081967 -0.991399 -0.131469 -0.044889 -0.990303 0.953128 -0.301825 -0.021166 0.033073 -0.999406 -0.00966 0.012075 -0.999924 -0.002675 0.435998 -0.899943 0.002725 0.101799 -0.004189 0.994796 -0.083609 0.00275 -0.996495 -0.032045 0.99719 0.06772 -0.979053 -0.004405 0.20356 0.156002 -0.987597 -0.017771 0.117072 -0.993119 0.002947 0.999947 -0.001654 -0.010116 0.999932 -0.007079 -0.00929 0.820262 -0.571921 -0.008762 0.106692 -0.994291 0.00147 0.104052 -0.994558 0.00521 0.073839 -0.99726 -0.004442 0.700212 -0.713934 -0.001178 0.635304 -0.77226 0.001803 0.575049 -0.818119 0.000031 0.915477 -0.40025 0.04126 0.99988 -0.013841 0.00702 0.999922 -0.011204 0.005565 0.999951 -0.006642 0.007297 0.814866 -0.579433 -0.015843 0.9474 -0.318764 -0.028686 0.820148 -0.572001 0.013127 0.123698 0.66801 -0.733799 0.237909 0.971235 0.010147 0.24689 0.969037 0.003456 0.042566 0.999009 0.01301 -0.16761 0.873324 0.457396 -0.373512 0.927622 0.002487 -0.002218 0.838348 0.54513 0.006467 0.746391 0.665476 -0.336762 0.94159 -0.000446 -0.297156 0.954823 0.003374 0.001555 0.999893 -0.01452 0.128153 0.867377 0.480867 0.000784 0.133696 -0.991022 -0.951135 0.308601 -0.010324 -0.178911 0.983845 0.006268 -0.995372 0.093196 0.023426 -0.994144 0.106884 0.015923 0.565078 -0.82483 -0.018492 0.999229 0.037012 0.013099 -0.079052 0.996869 0.001484 -0.012085 0.999925 -0.001907 0.99999 -0.001505 0.004274 0.999975 -0.006147 0.00361 0.72944 -0.683731 0.020736 0.736728 -0.676149 0.00738 0.433407 -0.901155 -0.008848 0.441901 -0.896241 -0.038407 0.599065 -0.793014 -0.110684 -0.015726 -0.002797 0.999872 -0.064035 -0.013666 0.997854 0.002138 -0.999923 -0.012257 0.999944 -0.003525 -0.009997 0.999934 0.000247 -0.011529 0.000586 -1 0.000146 -0.000201 -1 -0.00005 0.755395 -0.655269 0.001272 0.790233 -0.612791 0.004257 0.677697 -0.735328 0.004461 0.999957 0.008964 0.002315 0.999946 -0.009586 0.003985 0.999941 -0.008755 0.006377 0.999973 -0.006567 0.003238 0.731814 -0.681455 0.008182 0.638509 -0.76932 -0.021288 0.647423 -0.761872 -0.01986 0.342934 -0.939024 -0.025112 0.321641 -0.946833 -0.007369 0.15676 0.987271 0.026877 0.155814 0.987352 0.029289 0.108016 0.993915 0.021569 -0.23931 0.970942 0.001273 0.011558 0.99993 0.0024 -0.216033 0.976066 -0.025009 0.998291 0.058414 0.001725 -0.074764 -0.997066 -0.0164 0.320965 -0.947058 0.007911 -0.999643 0.020331 -0.017345 0.000486 0.999994 -0.003544 0.002683 0.999995 -0.001744 -0.000083 1 0.000654 0.000552 0.999998 -0.001657 0.000561 0.124826 -0.992179 0.003838 -0.987703 0.156298 0.008621 -0.988963 0.14791 0.013142 0.999839 0.012235 0.003094 0.999994 0.001614 0.010034 0.999948 0.001556 0.006374 0.999814 -0.018217 0.879472 0.475905 -0.006609 -0.951002 -0.307454 0.032678 0.947517 0.319148 -0.018883 0.971332 0.2346 -0.038435 0.96706 -0.248702 0.054239 0.986727 -0.161406 0.017855 0.989936 -0.124679 0.066949 0.981003 -0.190699 0.035608 0.000859 0.632358 -0.774676 -0.20797 0.802741 -0.558887 0.998802 0.043158 0.023058 0.609195 0.792099 -0.038222 0.987424 -0.156979 0.018764 0.98857 -0.150493 0.008975 0.98799 -0.154354 0.007079 0.999311 -0.013061 -0.034733 0.921367 0.376685 0.095873 0.9892 -0.051677 -0.137163 0.97351 -0.154914 -0.168167 0.004107 0.839059 0.544026 0.007112 0.729478 -0.683968 0.97041 -0.178688 0.162401 0.972401 -0.168544 0.161336 0.925478 -0.368681 0.086974 0.933995 0.344932 0.093145 0.887414 0.458645 0.046283 -0.011953 0.999714 0.020715 0.000066 -0.891181 -0.453649 0.001308 -0.889035 -0.457837 0.774212 -0.632748 -0.015002 0.101582 0.424119 -0.899891 0.921257 0.258933 -0.29024 -0.165525 0.016885 0.986061 0.240693 -0.670084 0.702178 -0.326301 -0.939445 0.104741 -0.153925 -0.984832 -0.080081 0.636133 0.7283 0.254782 0.626517 0.322464 0.709573 0.360254 -0.413766 -0.836071 -0.266017 -0.919033 -0.290884 0.306801 -0.951575 0.019461 0.318491 -0.94282 -0.098251 0.042031 -0.957983 -0.28373 -0.123354 -0.969301 0.212697 -0.376017 -0.926251 -0.025889 -0.373693 -0.926741 -0.03879 -0.728743 -0.657305 0.192054 -0.073742 0.864762 0.496738 0.560954 0.505528 0.65557 -0.003971 -0.999937 -0.010515 -0.004657 -0.999989 -0.000176 0.002434 -0.999984 0.005197 -0.007135 -0.001679 -0.999973 0.001217 0.99999 0.004401 0.001073 0.99999 0.004312 -0.001457 0.999999 -0.000334 0.003592 0.999972 0.006504 0.00499 0.999664 0.025436 0.001699 0.999925 0.012117 0.002894 0.999995 -0.001524 -0.998377 0.056521 0.007005 -0.007587 0.215099 0.976563 -0.99431 0.106525 0.000747 -0.869676 0.493618 -0.002223 0.034378 0.930347 0.365065 -0.984067 -0.172058 -0.044817 -0.005344 0.797885 0.602786 0.968591 0.136917 -0.207571 -0.999687 -0.014513 -0.020363 -0.900097 0.435688 0.000588 -0.999406 0.021338 0.027048 -0.995714 0.092393 -0.004229 -0.691015 0.721309 0.047037 0.00029 0.968658 0.248397 -0.001195 0.994894 0.100915 0.00112 0.994248 0.107099 0.104885 -0.695872 -0.710466 0.390369 -0.829944 -0.398504 0.255765 -0.158012 -0.953738 0.017422 -0.226294 -0.973903 0.119643 -0.245676 -0.96194 0.307702 0.066992 -0.949121 -0.072441 0.983068 0.168311 0.023632 0.999424 0.024338 -0.548314 -0.128068 -0.826408 -0.548561 -0.125144 -0.826692 -0.410539 -0.376968 -0.830273 -0.848461 -0.271156 -0.454521 -0.96752 -0.096517 -0.233646 -0.961515 -0.17924 -0.208238 -0.886275 0.460557 -0.049037 0.85457 -0.509118 -0.102516 -0.934719 -0.186444 0.302556 -0.932495 -0.079026 0.352431 -0.758566 -0.254405 0.59988 -0.555465 -0.417667 0.719036 -0.60699 -0.161249 0.778178 0.241243 -0.135348 0.96098 -0.000615 0.99999 0.004334 0.134152 0.963779 -0.230506 -0.029601 0.999517 -0.00949 0.246645 0.968886 0.020626 0.893061 0.442169 0.083241 -0.86603 0.499983 -0.002936 -0.892126 -0.44946 -0.045785 -0.994254 -0.102998 0.029147 0.705802 0.708383 0.006066 0.0017 0.391523 0.920167 -0.99997 0.005456 0.005457 -0.004902 0.596098 0.802897 0.001179 0.999991 0.003961 0.001646 0.999997 0.001535 0.002473 0.999994 0.002223 -0.003007 0.99999 0.003243 0.291412 0.956591 0.003594 0.72497 0.3619 0.586043 0.473816 0.482694 -0.736549 0.018446 -0.047205 0.998715 0.089153 0.995988 0.007726 0.917721 0.156585 0.36506 -0.669033 0.452751 0.589416 -0.000308 0.999825 -0.01872 0.015385 0.999667 -0.020699 0.983271 0.170261 -0.064731 0.021575 0.994048 -0.106784 0.015801 0.99986 -0.005593 0.037345 0.999302 0.000395 -0.705381 0.417899 0.572537 -0.114669 0.992361 0.045503 0.922708 0.033105 -0.384076 0.572014 0.274872 -0.772817 0.218765 0.974511 -0.049704 -0.49538 0.385102 -0.77865 0.07105 -0.07524 -0.994631 -0.84068 0.098275 -0.53254 0.049043 0.979135 -0.197205 -0.011703 0.997634 -0.067739 -0.0439 0.999 -0.00848 -0.045822 0.994652 -0.092558 0.931865 0.007119 -0.362736 0.935128 0.299395 0.189466 0.871531 -0.226655 -0.434811 0.875966 -0.203447 -0.437371 0.633949 -0.737179 -0.233827 0.503766 -0.82329 0.26156 0.487549 0.094729 0.867941 0.739752 -0.378894 0.556063 0.724543 -0.423458 0.543803 -0.204278 -0.204933 0.957221 -0.000695 -0.927273 0.374384 -0.081387 0.155778 0.984433 0.668819 -0.177785 -0.721855 0.63942 -0.186392 -0.745922 0.937586 -0.174178 -0.300988 0.907797 -0.131477 -0.39827 0.965708 -0.208554 0.154636 -0.00705 -0.999975 0.000994 0.881719 -0.139594 0.45065 0.470798 -0.264386 0.841695 0.007384 0.999972 -0.00103 -0.000542 0.999996 -0.002862 -0.000672 0.999996 -0.002785 0.000871 0.999987 0.005082 -0.841425 0.538734 0.042076 -0.993351 0.001 0.115119 -0.991595 0.054054 0.117549 -0.960478 -0.191264 0.20224 -0.878723 -0.463155 0.115469 -0.218579 -0.975796 0.006698 -0.160824 -0.981589 -0.103047 -0.1766 -0.962958 -0.203773 0.01223 0.88845 -0.45881 -0.008203 0.992038 -0.125673 -0.000468 0.997899 -0.06478 -0.009897 0.77035 -0.637545 -0.007192 0.760158 -0.649698 0.000545 0.766245 -0.642549 0.668262 -0.736615 -0.10404 0.050653 -0.882215 0.468114 -0.233445 0.972302 0.011502 0.011416 0.999924 -0.004643 0.003029 0.999974 0.006469 -0.00419 0.999971 0.006392 -0.005265 0.970671 0.240356 0.006924 0.831903 0.554878 0.001352 0.969196 0.246288 0.001125 0.968823 0.247753 -0.003152 0.61263 0.790363 0.001301 0.607765 0.794116 -0.003425 0.116241 0.993215 -0.008842 0.262769 0.964818 -0.809214 0.583478 0.068738 0.004635 0.800884 0.598802 0.862671 0.504726 0.032411 -0.000853 0.999815 -0.019197 -0.00037 0.999725 -0.023448 -0.009825 0.998663 0.050755 0.002047 0.694702 0.719295 -0.012027 0.744731 0.667256 -0.000501 0.999981 0.006092 0.001821 0.702566 0.711616 -0.002185 0.677307 0.735697 0.002608 0.997737 0.067181 0.011191 0.781322 0.624027 -0.194351 0.919109 0.342735 0.001523 0.605284 0.796008 0.998111 -0.061269 0.004576 0.956626 0.290173 0.025795 -0.706511 -0.706669 0.038235 0.997566 -0.069729 0.000788 0.999883 -0.014159 -0.005717 0.006493 0.266624 0.963779 -0.001372 0.089392 0.995996 -0.001143 0.992841 0.119435 -0.791803 0.609766 0.035102 -0.9555 0.280926 0.089997 0.870076 -0.491262 -0.040352 0.999509 0.031213 -0.002635 0.998288 0.057514 0.010673 0.680278 0.72778 -0.08694 -0.929789 -0.362277 -0.065172 0.981986 0.175381 -0.070316 0.001979 0.999938 0.010997 0.001517 0.999952 0.00972 0.014989 0.999809 -0.012563 0.01749 0.99955 0.024388 -0.00105 0.999958 0.009119 -0.002242 0.999961 0.008535 -0.003906 0.99996 0.008024 -0.004009 0.999987 0.003256 0.014507 -0.914601 0.404097 -0.013203 -0.988308 -0.1519 0.007315 -0.984338 -0.176138 0.001035 -0.972115 -0.234503 -0.004094 0.912572 -0.408895 0.023299 0.975806 -0.217395 0.999886 -0.001378 -0.015021 0.737123 -0.675687 -0.00984 0.999895 0.000066 -0.014481 0.002787 -0.999991 -0.00308 0.888335 -0.458735 -0.02056 0.005584 -0.999982 -0.002293 0.999958 0.008907 0.002259 0.999958 0.008936 0.002259 0.999948 -0.010109 -0.001503 -0.012931 -0.999556 -0.026838 0.106013 -0.878622 -0.465601 0.051672 -0.998032 -0.035533 0.000751 -0.999844 -0.017664 0.99995 0.009151 -0.004127 0.999907 -0.001781 -0.013517 0.798132 0.003713 -0.602471 0.74566 -0.006359 -0.666297 0.40316 0.915122 0.003572 0.218817 0.975742 -0.006827 0.708152 -0.70606 0.000073 0.570568 -0.821204 -0.008783 -0.032649 -0.999381 0.013121 -0.033944 -0.999315 0.014759 -0.996548 0.077965 0.028515 -0.827024 -0.56141 0.029142 -0.99458 0.101461 0.022719 -0.734433 -0.678321 0.022083 -0.979802 -0.197559 0.030961 -0.490315 -0.871473 0.011223 0.361531 -0.932352 0.003833 0.534563 -0.845103 0.006581 -0.977166 -0.21202 0.013957 -0.996205 0.084909 0.019133 -0.965157 -0.258038 0.043451 -0.106182 -0.990529 0.08705 -0.973555 0.027991 0.22673 -0.014083 -0.983499 0.180363 -0.042795 -0.752156 0.657594 -0.02148 -0.756414 0.653741 -0.004462 -0.751295 0.659951 0.00249 -0.685894 0.727697 -0.019188 0.480566 0.876748 0.030665 0.616459 0.78679 0.00272 0.022246 0.999749 -0.001131 0.021189 0.999775 -0.000096 0.011352 0.999936 -0.00085 -0.597106 0.802162 -0.04305 0.827622 0.559632 -0.002901 -0.645358 0.763875 0.00004 0.814927 0.579564 -0.036528 -0.890375 0.453761 0.002175 0.784006 0.620749 -0.002916 0.868908 -0.494966 -0.946743 0.320478 0.03118 -0.761852 0.6474 0.021321 -0.12469 0.057839 -0.990509 -0.117785 0.036962 -0.992351 -0.105697 -0.371883 -0.922242 0.022998 0.951891 -0.305574 -0.066151 0.830559 -0.552989 0.521525 0.853235 0.001253 -0.10894 -0.285566 -0.952147 -0.965666 0.228289 0.12399 -0.095621 -0.350125 -0.93181 -0.113542 -0.007135 -0.993508 -0.13443 0.06713 -0.988647 -0.09996 0.220227 -0.970313 0.001487 0.999985 0.00524 0.000303 0.999994 0.003305 -0.221095 -0.975223 0.007616 -0.76939 -0.611133 -0.18589 -0.994609 -0.019551 0.101841 -0.99611 0.015513 0.086742 -0.857346 0.51334 0.037957 -0.907064 0.411999 0.086549 0.001196 0.999989 0.004605 0.00106 0.999988 0.004736 0.744919 0.666557 -0.028228 0.88981 0.448617 -0.083556 -0.000145 0.999991 -0.004129 0.634301 0.138812 0.760522 0.082129 0.289387 0.953682 -0.992773 -0.066548 0.099869 -0.993866 0.072188 0.083775 -0.994611 0.043388 0.094162 -0.981999 0.174133 0.073175 0.514131 0.857657 -0.009689 0.373655 0.927488 -0.012194 0.00234 0.999985 0.004951 -0.365152 -0.007141 -0.930921 -0.917467 -0.007763 0.397736 -0.999942 -0.002791 0.010447 0.020686 -0.092094 -0.995535 0.860947 -0.000369 0.508695 0.006479 -0.000354 0.999979 0.00044 0.999994 0.00356 -0.001076 0.797167 -0.603758 0.008818 0.000322 0.999961 0.008529 -0.000309 0.999964 0.001332 -0.784349 0.620318 0.008783 0.005035 0.999949 0.003971 -0.896617 0.44279 0.000401 0.999994 0.003571 0.000262 0.999994 0.00349 -0.004442 0.708611 -0.705585 0.0023 0.999997 0.000847 0.004043 0.999991 0.000903 0.000712 0.999996 -0.002578 0.003843 0.99998 -0.004948 -0.003544 0.999989 0.003082 -0.026473 0.3624 0.931647 0.157742 0.188492 0.969324 0.139099 -0.054043 0.988803 0.084711 -0.180355 0.979947 0.077227 0.106843 0.991272 0.081494 0.153016 0.984858 0.107836 -0.006317 0.994149 0.090347 -0.494599 0.864413 0.107339 0.036968 0.993535 0.114352 -0.338913 0.933842 0.113029 0.023771 0.993307 0.039917 0.671163 0.740235 0.057777 -0.483155 0.873626 0.089579 0.79422 0.600991 0.95296 0.300653 -0.038412 0.983657 0.176992 -0.033053 0.278495 0.959899 -0.032157 0.078234 0.567758 0.819469 -0.52947 -0.748866 0.398573 0.17917 0.177644 0.967647 0.050313 -0.319367 0.946295 -0.91043 -0.069097 0.40785 -0.69233 0.233414 0.682786 0.020864 -0.737427 0.675104 0.006515 0.792342 0.610043 0.556194 -0.072049 0.827923 0.182716 0.81878 0.544256 0.994012 0.095614 -0.052905 0.999043 -0.007208 -0.043148 0.455012 0.890032 -0.028419 0.376293 0.926408 -0.013114 0.999668 -0.000541 -0.025772 0.999361 0.021531 -0.028522 0.42606 -0.904666 -0.007212 0.000534 0.999966 -0.00822 0.105161 0.375506 0.920835 0.480685 0.876787 -0.013681 0.100196 0.310386 0.945315 0.797315 0.470918 0.377525 0.938657 -0.050748 0.341099 0.999662 0.003827 -0.025726 0.411133 0.881161 -0.233505 0.996731 -0.024275 0.077063 -0.110975 0.029209 -0.993394 0.739742 -0.67285 -0.007391 0.336145 -0.941803 -0.00381 0.956564 -0.276283 -0.093018 -0.111412 0.031706 -0.993268 -0.067074 0.803343 -0.591727 -0.115628 0.043426 -0.992343 -0.060972 0.790004 -0.610063 -0.061564 0.789769 -0.610307 0.081445 0.462686 0.882773 -0.116248 -0.32853 -0.937312 -0.115242 -0.011653 -0.993269 0.813721 0.192927 -0.548304 0.845325 0.092857 0.526121 0.885808 0.001035 0.46405 0.350599 -0.936251 0.02267 0.991234 -0.123899 -0.045871 -0.114634 -0.005302 -0.993394 -0.947915 0.194706 -0.252083 0.885927 -0.455537 0.087293 -0.115707 0.356594 -0.927067 0.769247 0.628606 -0.114512 -0.105068 0.425867 -0.898665 0.002049 0.999985 0.005116 0.000016 0.999994 0.003322 0.229023 -0.973326 -0.013557 0.643408 -0.765522 0.001715 0.456403 -0.883794 -0.102979 0.183991 -0.982786 -0.016714 0.995321 0.089896 -0.035435 -0.002296 0.999995 -0.001935 0.983975 -0.168228 -0.059093 -0.000052 0.999988 -0.00497 -0.000633 0.999988 -0.004919 -0.083353 0.091619 -0.992299 0.995 -0.07046 -0.070788 0.374549 -0.927076 -0.015598 0.12843 -0.991642 -0.012339 0.639201 -0.768464 -0.029745 0.132464 -0.991097 -0.013421 0.011574 -0.999933 0.000283 -0.000568 -0.999995 0.003014 0.570429 -0.821101 -0.020099 0.643271 -0.76507 -0.029491 0.999022 0.018579 -0.040128 0.99922 0.010436 -0.038083 0.989613 -0.138296 -0.039252 0.914732 -0.400297 -0.055021 0.781526 0.623359 -0.025331 0.999123 0.023399 -0.034714 0.680488 -0.732384 -0.023454 0.802581 0.596203 -0.020133 0.954621 -0.29225 0.057351 0.625871 0.777878 0.056481 0.99904 0.02566 -0.035504 0.597335 -0.801789 -0.018023 0.99748 0.005393 -0.070744 0.144204 -0.885686 0.441323 0.002667 0.011409 0.999931 0.001772 -0.999985 -0.005157 0.219778 -0.880943 -0.419092 0.896638 0.026629 -0.441963 0.012926 -0.548647 0.835954 -0.005668 0.791769 0.610795 -0.005452 0.789322 0.613956 -0.008999 0.85529 -0.518071 0.011004 -0.690753 0.723007 0.000432 0.013189 0.999913 0.000907 0.010619 0.999943 -0.015277 -0.924113 0.381814 0.002081 0.01435 0.999895 0.006337 -0.751876 0.659274 0.00151 -0.688291 0.725433 0.950028 -0.30982 0.038204 0.809588 -0.585123 -0.046887 0.999175 0.001233 -0.040586 0.037708 0.99927 0.006066 -0.000208 0.999997 -0.002389 0.007993 -0.005349 0.999954 0.005294 0.00102 0.999985 0.138693 0.145909 0.979528 0.10768 -0.018182 0.994019 0.057974 -0.65521 0.753219 0.057153 -0.70382 0.708076 0.095436 0.022751 0.995176 0.002733 0.665684 -0.746229 0.034474 0.969138 -0.244096 0.001161 -0.999998 0.001376 0.99974 0.000234 -0.022807 -0.892035 -0.000769 0.451966 -0.447048 0.010561 0.894448 -0.239792 0.456257 0.85693 0.212562 -0.965238 -0.152094 -0.371302 0.017517 0.928347</float_array>
          <technique_common>
            <accessor source="#Desk3-mesh-normals-array" count="1967" stride="3">
              <param name="X" type="float"/>
              <param name="Y" type="float"/>
              <param name="Z" type="float"/>
            </accessor>
          </technique_common>
        </source>
        <source id="Desk3-mesh-map-0">
          <float_array id="Desk3-mesh-map-0-array" count="11802">0.699707 0.71167 0.70166 0.711426 0.710205 0.729004 0.699707 0.71167 0.710205 0.729004 0.6875 0.738525 0.699707 0.71167 0.6875 0.738525 0.676025 0.731934 0.699707 0.71167 0.70166 0.711426 0.705078 0.695557 0.699707 0.71167 0.676025 0.731934 0.678955 0.654785 0.705078 0.695557 0.699707 0.71167 0.702393 0.693115 0.702393 0.693115 0.699707 0.71167 0.678955 0.654785 0.705078 0.695557 0.702393 0.693115 0.709229 0.668457 0.67334 0.603027 0.678955 0.654785 0.633789 0.651367 0.678955 0.654785 0.67334 0.603027 0.692627 0.605713 0.702393 0.693115 0.678955 0.654785 0.703613 0.650635 0.703613 0.650635 0.678955 0.654785 0.692627 0.605713 0.702393 0.693115 0.703613 0.650635 0.709229 0.668457 0.703613 0.650635 0.692627 0.605713 0.69873 0.623291 0.703613 0.650635 0.69873 0.623291 0.709229 0.668457 0.436523 0.422607 0.47168 0.385498 0.465576 0.40625 0.436523 0.422607 0.465576 0.40625 0.464355 0.415527 0.464355 0.415527 0.465576 0.40625 0.468506 0.424561 0.436523 0.422607 0.464355 0.415527 0.442627 0.438721 0.464355 0.415527 0.468506 0.424561 0.477295 0.461182 0.464355 0.415527 0.477295 0.461182 0.442627 0.438721 0.477295 0.461182 0.468506 0.424561 0.487793 0.482422 0.436523 0.422607 0.442627 0.438721 0.42334 0.424805 0.477295 0.461182 0.487793 0.482422 0.503662 0.519775 0.42334 0.424805 0.442627 0.438721 0.42334 0.432373 0.42334 0.424805 0.42334 0.432373 0.339111 0.401367 0.42334 0.424805 0.339111 0.401367 0.369629 0.405273 0.477295 0.461182 0.503662 0.519775 0.4729 0.486572 0.477295 0.461182 0.4729 0.486572 0.442627 0.438721 0.4729 0.486572 0.503662 0.519775 0.492432 0.52124 0.442627 0.438721 0.4729 0.486572 0.442383 0.438965 0.4729 0.486572 0.492432 0.52124 0.491455 0.520264 0.4729 0.486572 0.491455 0.520264 0.442383 0.438965 0.442383 0.438965 0.491455 0.520264 0.444336 0.44458 0.229492 0.937744 0.269287 0.923096 0.234619 0.940186 0.269287 0.923096 0.229492 0.937744 0.251953 0.921387 0.229492 0.937744 0.234619 0.940186 0.204102 0.956787 0.251953 0.921387 0.229492 0.937744 0.218262 0.927979 0.229492 0.937744 0.204102 0.956787 0.21582 0.929199 0.229492 0.937744 0.21582 0.929199 0.218262 0.927979 0.21582 0.929199 0.204102 0.956787 0.201904 0.957031 0.21582 0.929199 0.201904 0.957031 0.212646 0.930176 0.21582 0.929199 0.212646 0.930176 0.197754 0.921143 0.21582 0.929199 0.197754 0.921143 0.218262 0.927979 0.218262 0.927979 0.197754 0.921143 0.19165 0.897705 0.339355 0.848877 0.335938 0.872314 0.31543 0.858398 0.314209 0.879395 0.268066 0.885254 0.31543 0.858398 0.31543 0.858398 0.268066 0.885254 0.265869 0.849121 0.265869 0.849121 0.268066 0.885254 0.238525 0.861084 0.265869 0.849121 0.238525 0.861084 0.248291 0.835205 0.31543 0.858398 0.265869 0.849121 0.310547 0.827393 0.310547 0.827393 0.265869 0.849121 0.248291 0.835205 0.31543 0.858398 0.310547 0.827393 0.339355 0.848877 0.339355 0.848877 0.310547 0.827393 0.338867 0.810059 0.339355 0.848877 0.338867 0.810059 0.352783 0.84375 0.352783 0.84375 0.338867 0.810059 0.35791 0.831299 0.310547 0.827393 0.248291 0.835205 0.288086 0.803467 0.288086 0.803467 0.248291 0.835205 0.255615 0.80249 0.35791 0.831299 0.338867 0.810059 0.352051 0.797119 0.35791 0.831299 0.352051 0.797119 0.369629 0.792236 0.338867 0.810059 0.310547 0.827393 0.33667 0.801758 0.352051 0.797119 0.338867 0.810059 0.343506 0.793213 0.343506 0.793213 0.338867 0.810059 0.33667 0.801758 0.369629 0.792236 0.352051 0.797119 0.351807 0.791748 0.351807 0.791748 0.352051 0.797119 0.343506 0.793213 0.369629 0.792236 0.351807 0.791748 0.392822 0.772949 0.369629 0.792236 0.392822 0.772949 0.396484 0.772705 0.392822 0.772949 0.351807 0.791748 0.357422 0.783447 0.357422 0.783447 0.351807 0.791748 0.343506 0.793213 0.392822 0.772949 0.357422 0.783447 0.397461 0.77002 0.397461 0.77002 0.357422 0.783447 0.37793 0.77417 0.37793 0.77417 0.357422 0.783447 0.350586 0.784668 0.350586 0.784668 0.357422 0.783447 0.343506 0.793213 0.350586 0.784668 0.343506 0.793213 0.312744 0.77124 0.312744 0.77124 0.343506 0.793213 0.33667 0.801758 0.315674 0.801514 0.33667 0.801758 0.310547 0.827393 0.33667 0.801758 0.315674 0.801514 0.312744 0.77124 0.315674 0.801514 0.310547 0.827393 0.288086 0.803467 0.315674 0.801514 0.288086 0.803467 0.300049 0.80127 0.315674 0.801514 0.300049 0.80127 0.312744 0.77124 0.300049 0.80127 0.288086 0.803467 0.281738 0.800781 0.300049 0.80127 0.281738 0.800781 0.312744 0.77124 0.281738 0.800781 0.288086 0.803467 0.255615 0.80249 0.281738 0.800781 0.255615 0.80249 0.26123 0.79834 0.26123 0.79834 0.255615 0.80249 0.22876 0.806396 0.281738 0.800781 0.26123 0.79834 0.253906 0.795654 0.281738 0.800781 0.253906 0.795654 0.312744 0.77124 0.312744 0.77124 0.253906 0.795654 0.263916 0.761963 0.312744 0.77124 0.263916 0.761963 0.278076 0.759277 0.312744 0.77124 0.278076 0.759277 0.317627 0.769287 0.317627 0.769287 0.278076 0.759277 0.315186 0.767822 0.315186 0.767822 0.278076 0.759277 0.275879 0.756592 0.315186 0.767822 0.275879 0.756592 0.296875 0.750732 0.296875 0.750732 0.275879 0.756592 0.257813 0.731934 0.918213 0.489258 0.921143 0.486572 0.918457 0.497559 0.921143 0.486572 0.918213 0.489258 0.921387 0.468018 0.921387 0.468018 0.918213 0.489258 0.919189 0.465576 0.921143 0.486572 0.921387 0.468018 0.936768 0.445313 0.921387 0.468018 0.919189 0.465576 0.93457 0.443359 0.921387 0.468018 0.93457 0.443359 0.936768 0.445313 0.936768 0.445313 0.93457 0.443359 0.940674 0.416016 0.954834 0.802979 0.951904 0.80542 0.943115 0.823486 0.951904 0.80542 0.943115 0.823486 0.936279 0.835449 0.936279 0.835449 0.943115 0.823486 0.952148 0.870117 0.951904 0.80542 0.936279 0.835449 0.944824 0.79541 0.944824 0.79541 0.936279 0.835449 0.921387 0.83667 0.944824 0.79541 0.921387 0.83667 0.907715 0.822998 0.921387 0.83667 0.936279 0.835449 0.869873 0.843018 0.007324 0.306641 0.00708 0.30542 0.008057 0.306885 0.00708 0.30542 0.007324 0.306641 0.000244 0.306396 0.008057 0.306885 0.00708 0.30542 0.011719 0.292236 0.00708 0.30542 0.000244 0.306396 0.007568 0.285156 0.00708 0.30542 0.007568 0.285156 0.011719 0.292236 0.011719 0.292236 0.007568 0.285156 0.001709 0.232422 0.866699 0.266113 0.826904 0.255615 0.850342 0.199463 0.866699 0.266113 0.850342 0.199463 0.886963 0.221924 0.866699 0.266113 0.886963 0.221924 0.880615 0.260254 0.866699 0.266113 0.880615 0.260254 0.890625 0.306641 0.378662 0.066162 0.407471 0.057617 0.400879 0.078857 0.400879 0.078857 0.407471 0.057617 0.402832 0.088135 0.402832 0.088135 0.407471 0.057617 0.411865 0.05542 0.411865 0.05542 0.407471 0.057617 0.411377 0.054199 0.411865 0.05542 0.411377 0.054199 0.442627 0.038574 0.411377 0.054199 0.407471 0.057617 0.344238 0.040039 0.344238 0.040039 0.407471 0.057617 0.378662 0.066162 0.344238 0.040039 0.378662 0.066162 0.325928 0.048584 0.325928 0.048584 0.378662 0.066162 0.355225 0.060547 0.378662 0.066162 0.355225 0.060547 0.37793 0.067871 0.378662 0.066162 0.37793 0.067871 0.389893 0.074463 0.389893 0.074463 0.378662 0.066162 0.400879 0.078857 0.389893 0.074463 0.400879 0.078857 0.398682 0.080322 0.389893 0.074463 0.398682 0.080322 0.395996 0.101074 0.370117 0.493652 0.369629 0.49707 0.352295 0.494629 0.369629 0.49707 0.370117 0.493652 0.397217 0.510254 0.369629 0.49707 0.397217 0.510254 0.392334 0.51001 0.369629 0.49707 0.392334 0.51001 0.399658 0.529785 0.369629 0.49707 0.399658 0.529785 0.368164 0.527588 0.368164 0.527588 0.399658 0.529785 0.399902 0.613525 0.368164 0.527588 0.399902 0.613525 0.364746 0.561523 0.397217 0.510254 0.370117 0.493652 0.374756 0.493652 0.397217 0.510254 0.374756 0.493652 0.424072 0.511475 0.424072 0.511475 0.374756 0.493652 0.43457 0.442139 0.43457 0.442139 0.374756 0.493652 0.387207 0.461182 0.374756 0.493652 0.387207 0.461182 0.370117 0.493652 0.43457 0.442139 0.387207 0.461182 0.408203 0.443359 0.401855 0.43457 0.387207 0.461182 0.364746 0.418945 0.364746 0.418945 0.387207 0.461182 0.331299 0.460449 0.331299 0.460449 0.387207 0.461182 0.370117 0.493652 0.331299 0.460449 0.370117 0.493652 0.352051 0.493164 0.352051 0.493164 0.370117 0.493652 0.352295 0.494629 0.331299 0.460449 0.352051 0.493164 0.277344 0.444824 0.352051 0.493164 0.352295 0.494629 0.32959 0.491699 0.277344 0.444824 0.352051 0.493164 0.275879 0.445801 0.275879 0.445801 0.352051 0.493164 0.32959 0.491699 0.9729 0.506348 0.9729 0.553711 0.971191 0.567383 0.839355 0.382813 0.838867 0.427002 0.837158 0.445313 0.837158 0.445313 0.838867 0.427002 0.838135 0.487549 0.001953 0.693848 0 0.643311 0.001953 0.658691 0.001953 0.658691 0 0.643311 0.000732 0.623291 0.384766 0.353516 0.349854 0.373291 0.347656 0.372803 0.347656 0.372803 0.349854 0.373291 0.343994 0.378174 0.343994 0.378174 0.349854 0.373291 0.354736 0.380371 0.343994 0.378174 0.354736 0.380371 0.327881 0.388916 0.343994 0.378174 0.327881 0.388916 0.315674 0.391113 0.343994 0.378174 0.315674 0.391113 0.347656 0.372803 0.347656 0.372803 0.315674 0.391113 0.312012 0.385254 0.20752 0.405762 0.312012 0.385254 0.208984 0.408203 0.312012 0.385254 0.20752 0.405762 0.234863 0.398926 0.347656 0.372803 0.312012 0.385254 0.327881 0.378174 0.347656 0.372803 0.327881 0.378174 0.347168 0.371338 0.347168 0.371338 0.327881 0.378174 0.325439 0.365723 0.327881 0.378174 0.312012 0.385254 0.297363 0.386475 0.327881 0.378174 0.297363 0.386475 0.325439 0.365723 0.297363 0.386475 0.312012 0.385254 0.234863 0.398926 0.325439 0.365723 0.297363 0.386475 0.270508 0.385986 0.270508 0.385986 0.297363 0.386475 0.234863 0.398926 0.002441 0.463135 0.003662 0.463135 0.000488 0.540283 0.987793 0.231445 0.985352 0.234375 0.987061 0.188232 0.987061 0.188232 0.985352 0.234375 0.984131 0.228516 0.82959 0.562012 0.824951 0.458008 0.842529 0.526123 0.824951 0.458008 0.82959 0.562012 0.828369 0.560303 0.824951 0.458008 0.828369 0.560303 0.824951 0.489502 0.824951 0.489502 0.828369 0.560303 0.827881 0.5625 0.824951 0.489502 0.827881 0.5625 0.825195 0.510254 0.803223 0.994141 0.798828 0.966797 0.868652 0.934082 0.803223 0.994141 0.868652 0.934082 0.866455 0.993408 0.619385 0.945068 0.685547 0.896729 0.702148 0.974854 0.984619 0.065674 0.984619 0.033447 0.983398 0.070313 0.144531 0.310059 0.213379 0.356201 0.199707 0.342529 0.199707 0.342529 0.213379 0.356201 0.215332 0.355957 0.199707 0.342529 0.144531 0.310059 0.233887 0.342529 0.199707 0.342529 0.233887 0.342529 0.215332 0.355957 0.215332 0.355957 0.233887 0.342529 0.233887 0.348633 0.215332 0.355957 0.233887 0.348633 0.236328 0.392334 0.236328 0.392334 0.233887 0.348633 0.237305 0.370117 0.237305 0.370117 0.233887 0.348633 0.238281 0.356201 0.238281 0.356201 0.233887 0.348633 0.23877 0.3479 0.233887 0.348633 0.233887 0.342529 0.266846 0.331787 0.233887 0.348633 0.266846 0.331787 0.23877 0.3479 0.266846 0.331787 0.233887 0.342529 0.328369 0.307129 0.23877 0.3479 0.266846 0.331787 0.27124 0.332031 0.27124 0.332031 0.266846 0.331787 0.328369 0.307129 0.94751 0.091797 0.92627 0.157471 0.925293 0.094727 0.73584 0.614258 0.780029 0.612061 0.765869 0.643311 0.765869 0.643311 0.780029 0.612061 0.788574 0.633301 0.788574 0.633301 0.780029 0.612061 0.781738 0.612061 0.788574 0.633301 0.781738 0.612061 0.816162 0.628906 0.765869 0.643311 0.788574 0.633301 0.788086 0.637451 0.788574 0.633301 0.816162 0.628906 0.805664 0.639404 0.788574 0.633301 0.805664 0.639404 0.788086 0.637451 0.805664 0.639404 0.816162 0.628906 0.812256 0.667969 0.765869 0.643311 0.788086 0.637451 0.777344 0.666504 0.765869 0.643311 0.777344 0.666504 0.764648 0.681641 0.777344 0.666504 0.788086 0.637451 0.789063 0.660889 0.764648 0.681641 0.777344 0.666504 0.793457 0.683594 0.793457 0.683594 0.777344 0.666504 0.789063 0.660889 0.764648 0.681641 0.793457 0.683594 0.768311 0.717285 0.768311 0.717285 0.793457 0.683594 0.800293 0.706787 0.789063 0.660889 0.793457 0.683594 0.794678 0.664063 0.794678 0.664063 0.789063 0.660889 0.788086 0.637451 0.807373 0.679932 0.800293 0.684814 0.793457 0.683594 0.794678 0.664063 0.788086 0.637451 0.793701 0.64209 0.793701 0.64209 0.788086 0.637451 0.805664 0.639404 0.794678 0.664063 0.793457 0.683594 0.800049 0.674072 0.793457 0.683594 0.800049 0.674072 0.807373 0.679932 0.794678 0.664063 0.793701 0.64209 0.799316 0.655518 0.794678 0.664063 0.799316 0.655518 0.800049 0.674072 0.793701 0.64209 0.805664 0.639404 0.805908 0.652832 0.793701 0.64209 0.805908 0.652832 0.799316 0.655518 0.805908 0.652832 0.805664 0.639404 0.812256 0.667969 0.800049 0.674072 0.799316 0.655518 0.804688 0.669678 0.800049 0.674072 0.804688 0.669678 0.807373 0.679932 0.804688 0.669678 0.799316 0.655518 0.805908 0.652832 0.807373 0.679932 0.804688 0.669678 0.812256 0.667969 0.812256 0.667969 0.804688 0.669678 0.805908 0.652832 0.720703 0.001709 0.705566 0.000244 0.758301 0.000488 0.831543 0.068848 0.832764 0.070557 0.737549 0.072998 0.721924 0.563965 0.741211 0.608643 0.718994 0.581055 0.71875 0.581543 0.718994 0.581055 0.718994 0.582764 0.718994 0.581055 0.71875 0.581543 0.66748 0.582031 0.718994 0.581055 0.66748 0.582031 0.721924 0.563965 0.721924 0.563965 0.66748 0.582031 0.648682 0.553711 0.741211 0.608643 0.721924 0.563965 0.724121 0.562012 0.724121 0.562012 0.721924 0.563965 0.648682 0.553711 0.741211 0.608643 0.724121 0.562012 0.73584 0.591064 0.724121 0.562012 0.648682 0.553711 0.660156 0.55127 0.724121 0.562012 0.660156 0.55127 0.716064 0.559326 0.716064 0.559326 0.660156 0.55127 0.659668 0.547363 0.716064 0.559326 0.659668 0.547363 0.669922 0.545654 0.716064 0.559326 0.724121 0.562012 0.704102 0.55249 0.704102 0.55249 0.716064 0.559326 0.669922 0.545654 0.704102 0.55249 0.724121 0.562012 0.722412 0.557129 0.704102 0.55249 0.669922 0.545654 0.677246 0.543701 0.722412 0.557129 0.704102 0.55249 0.719482 0.542725 0.719482 0.542725 0.704102 0.55249 0.677246 0.543701 0.722412 0.557129 0.719482 0.542725 0.73584 0.546143 0.719482 0.542725 0.677246 0.543701 0.675293 0.530518 0.719482 0.542725 0.675293 0.530518 0.679932 0.526611 0.719482 0.542725 0.679932 0.526611 0.694336 0.528809 0.694336 0.528809 0.679932 0.526611 0.681152 0.523193 0.719482 0.542725 0.694336 0.528809 0.719238 0.539795 0.719482 0.542725 0.719238 0.539795 0.725586 0.533936 0.694336 0.528809 0.681152 0.523193 0.710205 0.509277 0.694336 0.528809 0.710205 0.509277 0.719238 0.539795 0.710205 0.509277 0.681152 0.523193 0.71167 0.463135 0.710205 0.509277 0.71167 0.463135 0.719971 0.486572 0.719971 0.486572 0.71167 0.463135 0.742432 0.476318 0.719238 0.539795 0.710205 0.509277 0.731201 0.517334 0.719238 0.539795 0.731201 0.517334 0.725586 0.533936 0.731201 0.517334 0.710205 0.509277 0.719971 0.486572 0.731201 0.517334 0.719971 0.486572 0.742432 0.476318 0.725586 0.533936 0.731201 0.517334 0.731445 0.520508 0.731201 0.517334 0.742432 0.476318 0.743164 0.475342 0.731201 0.517334 0.731445 0.520508 0.748291 0.490967 0.748291 0.490967 0.731201 0.517334 0.743164 0.475342 0.526123 0.369385 0.451416 0.300537 0.532715 0.311035 0.526123 0.369385 0.532715 0.311035 0.577881 0.328857 0.577881 0.328857 0.532715 0.311035 0.60083 0.294189 0.526123 0.369385 0.577881 0.328857 0.567383 0.340332 0.526123 0.369385 0.567383 0.340332 0.526611 0.37085 0.526611 0.37085 0.567383 0.340332 0.543701 0.371094 0.348633 0.203369 0.450439 0.208984 0.3479 0.205566 0.3479 0.205566 0.450439 0.208984 0.452148 0.212402 0.3479 0.205566 0.452148 0.212402 0.392334 0.209473 0.392334 0.209473 0.452148 0.212402 0.405762 0.227051 0.405762 0.227051 0.452148 0.212402 0.459229 0.226318 0.459229 0.226318 0.452148 0.212402 0.4646 0.203857 0.929443 0.283691 0.918213 0.269043 0.916748 0.257324 0.929443 0.283691 0.916748 0.257324 0.939697 0.27124 0.916748 0.257324 0.918213 0.269043 0.906982 0.24585 0.939697 0.27124 0.916748 0.257324 0.914795 0.240479 0.939697 0.27124 0.914795 0.240479 0.920898 0.244629 0.939697 0.27124 0.920898 0.244629 0.936523 0.261963 0.914795 0.240479 0.916748 0.257324 0.903809 0.226563 0.936523 0.261963 0.920898 0.244629 0.907471 0.220459 0.936523 0.261963 0.907471 0.220459 0.939941 0.227295 0.920898 0.244629 0.914795 0.240479 0.9021 0.219482 0.9021 0.219482 0.914795 0.240479 0.903809 0.226563 0.920898 0.244629 0.9021 0.219482 0.907471 0.220459 0.939941 0.227295 0.907471 0.220459 0.940674 0.215332 0.940674 0.215332 0.907471 0.220459 0.940674 0.210449 0.940674 0.210449 0.907471 0.220459 0.920166 0.19873 0.920166 0.19873 0.907471 0.220459 0.9021 0.219482 0.9021 0.219482 0.903809 0.226563 0.899414 0.221436 0.899414 0.221436 0.903809 0.226563 0.899658 0.223389 0.899658 0.223389 0.903809 0.226563 0.916748 0.257324 0.899658 0.223389 0.916748 0.257324 0.906982 0.24585 0.899658 0.223389 0.906982 0.24585 0.892334 0.229492 0.892334 0.229492 0.906982 0.24585 0.897217 0.247559 0.897217 0.247559 0.892334 0.229492 0.893311 0.244385 0.897217 0.247559 0.893311 0.244385 0.894043 0.271484 0.897217 0.247559 0.906982 0.24585 0.897949 0.263916 0.897217 0.247559 0.897949 0.263916 0.894043 0.271484 0.897949 0.263916 0.906982 0.24585 0.918213 0.269043 0.894043 0.271484 0.897949 0.263916 0.891113 0.280273 0.897949 0.263916 0.918213 0.269043 0.89502 0.28833 0.897949 0.263916 0.89502 0.28833 0.891113 0.280273 0.765137 0.285645 0.76416 0.260986 0.769775 0.284424 0.76416 0.260986 0.765137 0.285645 0.761475 0.26001 0.76416 0.260986 0.761475 0.26001 0.796387 0.239014 0.796387 0.239014 0.761475 0.26001 0.787842 0.241699 0.787842 0.241699 0.761475 0.26001 0.746826 0.237793 0.787842 0.241699 0.746826 0.237793 0.78125 0.207764 0.78125 0.207764 0.746826 0.237793 0.748047 0.229492 0.78125 0.207764 0.748047 0.229492 0.789307 0.196045 0.789307 0.196045 0.748047 0.229492 0.786865 0.195313 0.786865 0.195313 0.748047 0.229492 0.749512 0.213379 0.749512 0.213379 0.748047 0.229492 0.714844 0.202393 0.746826 0.237793 0.748047 0.229492 0.746338 0.232422 0.714844 0.202393 0.748047 0.229492 0.70874 0.202637 0.70874 0.202637 0.748047 0.229492 0.746338 0.232422 0.70874 0.202637 0.746338 0.232422 0.702148 0.202393 0.702148 0.202393 0.746338 0.232422 0.742432 0.234619 0.702148 0.202393 0.742432 0.234619 0.683594 0.197754 0.683594 0.197754 0.742432 0.234619 0.69165 0.221436 0.69165 0.221436 0.742432 0.234619 0.733643 0.235107 0.69165 0.221436 0.733643 0.235107 0.733154 0.236328 0.69165 0.221436 0.733154 0.236328 0.692871 0.223633 0.672363 0.885498 0.677979 0.805176 0.67334 0.886475 0.672363 0.885498 0.67334 0.886475 0.57666 0.884521 0.780518 0.025146 0.746582 0.066895 0.722656 0.025635 0.722656 0.025635 0.746582 0.066895 0.745605 0.068359 0.974121 0.803223 0.971924 0.799072 0.973389 0.804688 0.974121 0.803223 0.973389 0.804688 0.987793 0.802002 0.971924 0.799072 0.973389 0.804688 0.938965 0.782227 0.987793 0.802002 0.974121 0.803223 0.976318 0.78833 0.976318 0.78833 0.974121 0.803223 0.971924 0.799072 0.987793 0.802002 0.976318 0.78833 0.990234 0.790527 0.990234 0.790527 0.976318 0.78833 0.985596 0.777588 0.971924 0.799072 0.938965 0.782227 0.969971 0.761719 0.971924 0.799072 0.969971 0.761719 0.976318 0.78833 0.969971 0.761719 0.938965 0.782227 0.959717 0.756836 0.985596 0.777588 0.976318 0.78833 0.971191 0.763916 0.976318 0.78833 0.971191 0.763916 0.969971 0.761719 0.985596 0.777588 0.971191 0.763916 0.99585 0.768799 0.959717 0.756836 0.969971 0.761719 0.9646 0.758057 0.969971 0.761719 0.9646 0.758057 0.966064 0.757324 0.969971 0.761719 0.966064 0.757324 0.969482 0.743164 0.966064 0.757324 0.9646 0.758057 0.961426 0.748779 0.478271 0.674316 0.591553 0.674072 0.524902 0.682617 0.591553 0.674072 0.478271 0.674316 0.531006 0.603271 0.591553 0.674072 0.531006 0.603271 0.594971 0.605225 0.594971 0.605225 0.531006 0.603271 0.594727 0.551514 0.594727 0.551514 0.531006 0.603271 0.478516 0.547607 0.524902 0.682617 0.591553 0.674072 0.569824 0.685059 0.524902 0.682617 0.569824 0.685059 0.536865 0.690674 0.524902 0.682617 0.536865 0.690674 0.505615 0.698486 0.536865 0.690674 0.569824 0.685059 0.574219 0.700684 0.505615 0.698486 0.536865 0.690674 0.537598 0.716309 0.537598 0.716309 0.536865 0.690674 0.574219 0.700684 0.505615 0.698486 0.537598 0.716309 0.508057 0.721436 0.537598 0.716309 0.574219 0.700684 0.586914 0.720459 0.508057 0.721436 0.537598 0.716309 0.525879 0.73877 0.537598 0.716309 0.586914 0.720459 0.565674 0.739502 0.537598 0.716309 0.565674 0.739502 0.525879 0.73877 0.090088 0.385986 0.080811 0.379883 0.089355 0.384766 0.080811 0.379883 0.090088 0.385986 0.086914 0.385742 0.086914 0.385742 0.090088 0.385986 0.081787 0.498779 0.090088 0.385986 0.089355 0.384766 0.151367 0.368652 0.151367 0.368652 0.089355 0.384766 0.076416 0.371826 0.151367 0.368652 0.076416 0.371826 0.195068 0.353516 0.090088 0.385986 0.151367 0.368652 0.148926 0.379395 0.090088 0.385986 0.148926 0.379395 0.146484 0.391602 0.081787 0.498779 0.090088 0.385986 0.118896 0.4375 0.118896 0.4375 0.090088 0.385986 0.146484 0.391602 0.118896 0.4375 0.146484 0.391602 0.14502 0.497559 0.081787 0.498779 0.118896 0.4375 0.105469 0.471436 0.118896 0.4375 0.14502 0.497559 0.116455 0.462646 0.118896 0.4375 0.116455 0.462646 0.105469 0.471436 0.105469 0.471436 0.116455 0.462646 0.118164 0.469971 0.671143 0.426025 0.659668 0.394531 0.666992 0.360596 0.671143 0.426025 0.666992 0.360596 0.675049 0.423096 0.675049 0.423096 0.666992 0.360596 0.67627 0.329102 0.666992 0.360596 0.659668 0.394531 0.64917 0.372559 0.666992 0.360596 0.64917 0.372559 0.675293 0.329102 0.64917 0.372559 0.659668 0.394531 0.63208 0.359619 0.63208 0.359619 0.659668 0.394531 0.652588 0.402588 0.63208 0.359619 0.652588 0.402588 0.598389 0.397705 0.598389 0.397705 0.652588 0.402588 0.648926 0.434082 0.652588 0.402588 0.659668 0.394531 0.664795 0.422607 0.652588 0.402588 0.664795 0.422607 0.648926 0.434082 0.659668 0.394531 0.664795 0.422607 0.671143 0.426025 0.598389 0.397705 0.648926 0.434082 0.650635 0.444092 0.650635 0.444092 0.648926 0.434082 0.664795 0.422607 0.650635 0.444092 0.664795 0.422607 0.671143 0.426025 0.650635 0.444092 0.671143 0.426025 0.663574 0.435303 0.650635 0.444092 0.663574 0.435303 0.648926 0.452393 0.648926 0.452393 0.663574 0.435303 0.664307 0.447266 0.648926 0.452393 0.664307 0.447266 0.673828 0.491943 0.574707 0.97998 0.55542 0.982422 0.582275 0.974854 0.55542 0.982422 0.574707 0.97998 0.526611 0.989014 0.55542 0.982422 0.526611 0.989014 0.526611 0.98584 0.55542 0.982422 0.526611 0.98584 0.582275 0.974854 0.582275 0.974854 0.526611 0.98584 0.584961 0.970703 0.584961 0.970703 0.526611 0.98584 0.525391 0.968506 0.463135 0.022705 0.462402 0.000488 0.471436 0.000488 0.463135 0.022705 0.471436 0.000488 0.471436 0.020264 0.977295 0.983154 0.980713 0.991211 0.996826 0.977783 0.996826 0.977783 0.977295 0.983154 0.996826 0.969238 0.988281 0.240234 0.991943 0.23877 0.990723 0.285645 0.988281 0.240234 0.990723 0.285645 0.989258 0.286377 0.990723 0.285645 0.991943 0.23877 0.995361 0.2854 0.995361 0.2854 0.991943 0.23877 0.99585 0.246582 0.937256 0.704102 0.95459 0.753174 0.940918 0.724365 0.940918 0.724365 0.95459 0.753174 0.939209 0.757568 0.939209 0.757568 0.940918 0.724365 0.937256 0.704102 0.939209 0.757568 0.937256 0.704102 0.935303 0.753174 0.95459 0.753174 0.937256 0.704102 0.95459 0.739014 0.95459 0.739014 0.937256 0.704102 0.944336 0.70166 0.191162 0.810547 0.187744 0.818848 0.184814 0.808105 0.184814 0.808105 0.187744 0.818848 0.172607 0.856445 0.172607 0.856445 0.187744 0.818848 0.177979 0.869385 0.187744 0.818848 0.191162 0.810547 0.187012 0.864502 0.187744 0.818848 0.187012 0.864502 0.177979 0.869385 0.177979 0.869385 0.187012 0.864502 0.135498 0.91333 0.187012 0.864502 0.191162 0.810547 0.199707 0.825439 0.135498 0.91333 0.187012 0.864502 0.19751 0.881836 0.19751 0.881836 0.187012 0.864502 0.199707 0.825439 0.19751 0.881836 0.199707 0.825439 0.206299 0.866699 0.206299 0.866699 0.199707 0.825439 0.204102 0.818115 0.220947 0.903564 0.219971 0.90918 0.19751 0.881836 0.220947 0.903564 0.19751 0.881836 0.206299 0.866699 0.220947 0.903564 0.206299 0.866699 0.22998 0.905273 0.22998 0.905273 0.206299 0.866699 0.26416 0.91748 0.206299 0.866699 0.204102 0.818115 0.220215 0.856445 0.206299 0.866699 0.220215 0.856445 0.26416 0.91748 0.220215 0.856445 0.204102 0.818115 0.212646 0.806152 0.26416 0.91748 0.220215 0.856445 0.231445 0.863037 0.730225 0.258545 0.749512 0.296387 0.726807 0.263428 0.726807 0.263428 0.749512 0.296387 0.718994 0.280273 0.718994 0.280273 0.749512 0.296387 0.72998 0.29834 0.72998 0.29834 0.718994 0.280273 0.7146 0.282471 0.7146 0.282471 0.72998 0.29834 0.717773 0.312988 0.7146 0.282471 0.717773 0.312988 0.705811 0.272461 0.717773 0.312988 0.72998 0.29834 0.736328 0.312988 0.736328 0.312988 0.72998 0.29834 0.749512 0.296387 0.736328 0.312988 0.749512 0.296387 0.750977 0.358154 0.750977 0.358154 0.749512 0.296387 0.75708 0.341064 0.736328 0.312988 0.750977 0.358154 0.735352 0.335205 0.735352 0.335205 0.750977 0.358154 0.743408 0.358643 0.735352 0.335205 0.743408 0.358643 0.741943 0.372314 0.743408 0.358643 0.750977 0.358154 0.746338 0.377441 0.746338 0.377441 0.743408 0.358643 0.741943 0.372314 0.623291 0.213623 0.571777 0.210693 0.626709 0.205811 0.571777 0.210693 0.623291 0.213623 0.575195 0.217773 0.575195 0.217773 0.623291 0.213623 0.649658 0.233643 0.575195 0.217773 0.649658 0.233643 0.646729 0.240234 0.649658 0.233643 0.623291 0.213623 0.679199 0.226074 0.679199 0.226074 0.623291 0.213623 0.626709 0.205811 0.679199 0.226074 0.626709 0.205811 0.654541 0.17334 0.654541 0.17334 0.626709 0.205811 0.629395 0.181641 0.628418 0.1521 0.626709 0.205811 0.571777 0.210693 0.628418 0.1521 0.626709 0.205811 0.629395 0.181641 0.629395 0.181641 0.628418 0.1521 0.654541 0.17334 0.628418 0.1521 0.571777 0.210693 0.572998 0.150391 0.654541 0.17334 0.628418 0.1521 0.680908 0.143066 0.619385 0.491699 0.675781 0.508545 0.631348 0.565186 0.619385 0.491699 0.631348 0.565186 0.585938 0.535156 0.585938 0.535156 0.631348 0.565186 0.582031 0.536133 0.582031 0.536133 0.631348 0.565186 0.674805 0.595703 0.619385 0.491699 0.585938 0.535156 0.5979 0.500488 0.585938 0.535156 0.5979 0.500488 0.582031 0.536133 0.619385 0.491699 0.5979 0.500488 0.612793 0.467285 0.619385 0.491699 0.612793 0.467285 0.621826 0.426758 0.612793 0.467285 0.5979 0.500488 0.586426 0.516357 0.586426 0.516357 0.5979 0.500488 0.582031 0.536133 0.586426 0.516357 0.582031 0.536133 0.579102 0.542969 0.586426 0.516357 0.579102 0.542969 0.505615 0.541748 0.622314 0.59082 0.610352 0.654297 0.599365 0.554932 0.610352 0.654297 0.622314 0.59082 0.623779 0.653564 0.623779 0.653564 0.622314 0.59082 0.624268 0.596924 0.610352 0.654297 0.623779 0.653564 0.612793 0.656006 0.623779 0.653564 0.612793 0.656006 0.614258 0.657227 0.612793 0.656006 0.614258 0.657227 0.611572 0.700928 0.612793 0.656006 0.611572 0.700928 0.609375 0.726074 0.621338 0.142578 0.648438 0.130615 0.631104 0.130615 0.631104 0.130615 0.648438 0.130615 0.647217 0.122803 0.647217 0.122803 0.631104 0.130615 0.627197 0.116699 0.647217 0.122803 0.627197 0.116699 0.636719 0.090576 0.648438 0.130615 0.647217 0.122803 0.672852 0.115967 0.672852 0.115967 0.647217 0.122803 0.636719 0.090576 0.648438 0.130615 0.672852 0.115967 0.703125 0.137939 0.672852 0.115967 0.636719 0.090576 0.661377 0.101563 0.703125 0.137939 0.672852 0.115967 0.687744 0.108398 0.687744 0.108398 0.672852 0.115967 0.661377 0.101563 0.703125 0.137939 0.687744 0.108398 0.717529 0.092041 0.687744 0.108398 0.717529 0.092041 0.661377 0.101563 0.44751 0.987793 0.426514 0.97998 0.438477 0.972168 0.426514 0.97998 0.438477 0.972168 0.42334 0.979248 0.42334 0.979248 0.438477 0.972168 0.450684 0.955566 0.426514 0.97998 0.44751 0.987793 0.425293 0.991455 0.426514 0.97998 0.425293 0.991455 0.42334 0.979248 0.425293 0.991455 0.44751 0.987793 0.44751 0.98999 0.42334 0.979248 0.425293 0.991455 0.422852 0.983154 0.42334 0.979248 0.422852 0.983154 0.391846 0.979004 0.425293 0.991455 0.44751 0.98999 0.425537 0.992676 0.425537 0.992676 0.44751 0.98999 0.427246 0.996826 0.086182 0.977783 0.058838 0.984375 0.078857 0.958252 0.058838 0.984375 0.086182 0.977783 0.08374 0.984619 0.078857 0.958252 0.058838 0.984375 0.077148 0.958252 0.058838 0.984375 0.08374 0.984619 0.081543 0.992432 0.058838 0.984375 0.081543 0.992432 0.058105 0.985352 0.081543 0.992432 0.058105 0.985352 0.086914 0.996094 0.077148 0.958252 0.058838 0.984375 0.056641 0.984619 0.056641 0.984619 0.058838 0.984375 0.058105 0.985352 0.077148 0.958252 0.056641 0.984619 0.058594 0.965576 0.058594 0.965576 0.056641 0.984619 0.029297 0.99707 0.056641 0.984619 0.058105 0.985352 0.055908 0.986084 0.055908 0.986084 0.056641 0.984619 0.055176 0.985596 0.236572 0.006348 0.232422 0.034668 0.231934 0.001465 0.236572 0.006348 0.231934 0.001465 0.258057 0.002197 0.232422 0.034668 0.236572 0.006348 0.240234 0.012939 0.232422 0.034668 0.240234 0.012939 0.258057 0.002197 0.258057 0.002197 0.240234 0.012939 0.236572 0.006348 0.069824 0.0354 0.033936 0.049561 0.032959 0.047363 0.033447 0.088379 0.015625 0.071533 0.033936 0.049561 0.033936 0.049561 0.015625 0.071533 0.001221 0.058838 0.033936 0.049561 0.001221 0.058838 0.032959 0.047363 0.032959 0.047363 0.001221 0.058838 0.000244 0.057617 0.032959 0.047363 0.000244 0.057617 0.017578 0.036865 0.017578 0.036865 0.000244 0.057617 0.002441 0.03833 0.002441 0.03833 0.017578 0.036865 0.005615 0.036377 0.017578 0.036865 0.005615 0.036377 0.014893 0.032227 0.526123 0.050049 0.532715 0.004395 0.547852 0.020264 0.532715 0.004395 0.526123 0.050049 0.518311 0.047852 0.532715 0.004395 0.518311 0.047852 0.529541 0.001221 0.529541 0.001221 0.518311 0.047852 0.513428 0.036621 0.529541 0.001221 0.513428 0.036621 0.520508 0.00293 0.16626 0.967285 0.193359 0.987793 0.189941 0.992676 0.16626 0.967285 0.189941 0.992676 0.162109 0.971436 0.162109 0.971436 0.189941 0.992676 0.186523 0.997314 0.162109 0.971436 0.186523 0.997314 0.158691 0.974365 0.158691 0.974365 0.186523 0.997314 0.151367 1 0.95166 0.6604 0.954346 0.697266 0.952148 0.694092 0.954346 0.697266 0.95166 0.6604 0.967773 0.686768 0.967773 0.686768 0.95166 0.6604 0.9646 0.645996 0.95166 0.6604 0.952148 0.694092 0.944824 0.63916 0.944824 0.63916 0.952148 0.694092 0.943359 0.674561 0.944824 0.63916 0.943359 0.674561 0.917236 0.654297 0.944824 0.63916 0.95166 0.6604 0.948486 0.637695 0.95166 0.6604 0.948486 0.637695 0.9646 0.645996 0.9646 0.645996 0.948486 0.637695 0.972656 0.62207 0.972656 0.62207 0.948486 0.637695 0.95459 0.629639 0.75708 0.167725 0.828125 0.128174 0.809814 0.192383 0.809814 0.192383 0.828125 0.128174 0.843506 0.165771 0.809814 0.192383 0.843506 0.165771 0.846191 0.192383 0.809814 0.192383 0.846191 0.192383 0.820557 0.25 0.107178 0.76123 0.096436 0.763916 0.10791 0.759766 0.107178 0.76123 0.10791 0.759766 0.114502 0.776611 0.096436 0.763916 0.107178 0.76123 0.097412 0.766846 0.097412 0.766846 0.107178 0.76123 0.114502 0.776611 0.097412 0.766846 0.114502 0.776611 0.102295 0.786621 0.096436 0.763916 0.097412 0.766846 0.093018 0.784424 0.097412 0.766846 0.102295 0.786621 0.095215 0.800537 0.097412 0.766846 0.095215 0.800537 0.093018 0.784424 0.095215 0.800537 0.102295 0.786621 0.105469 0.810791 0.091553 0.773438 0.093018 0.784424 0.086914 0.785889 0.086914 0.785889 0.093018 0.784424 0.093018 0.802734 0.093018 0.802734 0.093018 0.784424 0.095215 0.800537 0.086914 0.785889 0.093018 0.802734 0.090576 0.827148 0.093018 0.802734 0.095215 0.800537 0.094482 0.834229 0.093018 0.802734 0.094482 0.834229 0.090576 0.827148 0.094482 0.834229 0.095215 0.800537 0.105469 0.810791 0.090576 0.827148 0.094482 0.834229 0.088867 0.833496 0.094482 0.834229 0.105469 0.810791 0.115967 0.835205 0.115967 0.835205 0.105469 0.810791 0.116211 0.815674 0.094482 0.834229 0.115967 0.835205 0.114014 0.838135 0.088867 0.833496 0.094482 0.834229 0.094238 0.838623 0.094482 0.834229 0.094238 0.838623 0.114014 0.838135 0.094238 0.838623 0.114014 0.838135 0.118408 0.854248 0.118408 0.854248 0.114014 0.838135 0.118164 0.848389 0.118408 0.854248 0.118164 0.848389 0.151123 0.889648 0.094238 0.838623 0.118408 0.854248 0.084473 0.879395 0.094238 0.838623 0.084473 0.879395 0.084229 0.873047 0.088867 0.833496 0.094238 0.838623 0.090576 0.841797 0.090576 0.841797 0.094238 0.838623 0.084229 0.873047 0.088867 0.833496 0.090576 0.841797 0.086182 0.833252 0.090576 0.841797 0.084229 0.873047 0.077881 0.879883 0.090576 0.841797 0.077881 0.879883 0.086182 0.833252 0.086182 0.833252 0.077881 0.879883 0.076416 0.871338 0.281494 0.953613 0.268799 0.962402 0.259033 0.951172 0.259033 0.951172 0.268799 0.962402 0.258545 0.952881 0.259033 0.951172 0.258545 0.952881 0.239014 0.952148 0.259033 0.951172 0.239014 0.952148 0.252686 0.949219 0.259033 0.951172 0.252686 0.949219 0.255615 0.947998 0.259033 0.951172 0.255615 0.947998 0.28418 0.915771 0.259033 0.951172 0.28418 0.915771 0.285156 0.922607 0.259033 0.951172 0.285156 0.922607 0.281494 0.953613 0.281494 0.953613 0.285156 0.922607 0.324219 0.927246 0.281494 0.953613 0.324219 0.927246 0.312012 0.965088 0.025879 0.690186 0.022217 0.690674 0.025146 0.689453 0.010254 0.700928 0.019043 0.684814 0.022217 0.690674 0.010254 0.700928 0.022217 0.690674 0.010254 0.704834 0.022217 0.690674 0.025879 0.690186 0.027588 0.701172 0.022217 0.690674 0.027588 0.701172 0.010254 0.704834 0.027588 0.701172 0.025879 0.690186 0.039795 0.662354 0.010254 0.704834 0.027588 0.701172 0.038818 0.738037 0.010254 0.704834 0.038818 0.738037 0.018311 0.739258 0.038818 0.738037 0.027588 0.701172 0.030273 0.699951 0.882568 0.120605 0.893066 0.104736 0.905029 0.116211 0.882568 0.120605 0.905029 0.116211 0.894043 0.132813 0.882568 0.120605 0.894043 0.132813 0.875244 0.126953 0.894043 0.132813 0.905029 0.116211 0.910889 0.148682 0.875244 0.126953 0.894043 0.132813 0.87915 0.143555 0.875244 0.126953 0.87915 0.143555 0.859619 0.149414 0.894043 0.132813 0.910889 0.148682 0.891113 0.14502 0.894043 0.132813 0.891113 0.14502 0.87915 0.143555 0.891113 0.14502 0.910889 0.148682 0.890137 0.16626 0.859619 0.149414 0.87915 0.143555 0.87793 0.1604 0.87793 0.1604 0.87915 0.143555 0.891113 0.14502 0.87793 0.1604 0.891113 0.14502 0.890137 0.16626 0.859619 0.149414 0.87793 0.1604 0.859131 0.1604 0.87793 0.1604 0.859131 0.1604 0.890137 0.16626 0.890137 0.16626 0.910889 0.148682 0.918701 0.162842 0.890137 0.16626 0.918701 0.162842 0.906006 0.205078 0.890137 0.16626 0.906006 0.205078 0.864258 0.186768 0.890137 0.16626 0.864258 0.186768 0.859131 0.1604 0.859131 0.1604 0.864258 0.186768 0.851074 0.177246 0.851074 0.177246 0.864258 0.186768 0.849854 0.179688 0.114014 0.239746 0.134277 0.254639 0.12793 0.269287 0.114014 0.239746 0.12793 0.269287 0.112305 0.276367 0.112305 0.276367 0.12793 0.269287 0.128174 0.306396 0.12793 0.269287 0.134277 0.254639 0.177246 0.266846 0.12793 0.269287 0.177246 0.266846 0.128174 0.306396 0.128174 0.306396 0.177246 0.266846 0.179443 0.299561 0.179443 0.299561 0.177246 0.266846 0.182861 0.276367 0.182861 0.276367 0.177246 0.266846 0.181396 0.268066 0.179443 0.299561 0.182861 0.276367 0.191406 0.314209 0.182861 0.276367 0.181396 0.268066 0.191162 0.283203 0.182861 0.276367 0.191162 0.283203 0.191406 0.314209 0.191162 0.283203 0.181396 0.268066 0.18457 0.266846 0.191406 0.314209 0.191162 0.283203 0.195557 0.308838 0.191406 0.314209 0.195557 0.308838 0.193359 0.315918 0.193359 0.315918 0.195557 0.308838 0.197754 0.313232 0.197754 0.313232 0.195557 0.308838 0.199707 0.30957 0.197754 0.313232 0.199707 0.30957 0.198975 0.32251 0.195557 0.308838 0.199707 0.30957 0.201416 0.307861 0.201416 0.307861 0.195557 0.308838 0.191162 0.283203 0.199707 0.30957 0.201416 0.307861 0.210938 0.327148 0.193359 0.281494 0.191162 0.283203 0.18457 0.266846 0.193359 0.281494 0.191162 0.283203 0.201416 0.307861 0.193359 0.281494 0.18457 0.266846 0.19873 0.259521 0.19873 0.259521 0.18457 0.266846 0.216797 0.238525 0.19873 0.259521 0.216797 0.238525 0.220947 0.235596 0.19873 0.259521 0.220947 0.235596 0.225342 0.238037 0.193359 0.281494 0.19873 0.259521 0.204102 0.268799 0.204102 0.268799 0.19873 0.259521 0.225342 0.238037 0.193359 0.281494 0.204102 0.268799 0.201416 0.307861 0.201416 0.307861 0.204102 0.268799 0.244385 0.332764 0.204102 0.268799 0.225342 0.238037 0.224121 0.241455 0.244385 0.332764 0.204102 0.268799 0.225342 0.300537 0.204102 0.268799 0.224121 0.241455 0.207764 0.268555 0.204102 0.268799 0.207764 0.268555 0.225342 0.300537 0.207764 0.268555 0.224121 0.241455 0.236816 0.273682 0.207764 0.268555 0.236816 0.273682 0.225342 0.300537 0.299561 0.289307 0.298828 0.288574 0.384033 0.310059 0.299561 0.289307 0.384033 0.310059 0.356445 0.303955 0.299561 0.289307 0.356445 0.303955 0.348877 0.309082 0.348877 0.309082 0.356445 0.303955 0.383789 0.320313 0.356445 0.303955 0.384033 0.310059 0.384277 0.310791 0.356445 0.303955 0.384277 0.310791 0.383789 0.320313 0.384277 0.310791 0.384033 0.310059 0.425293 0.283691 0.384277 0.310791 0.425293 0.283691 0.440674 0.304932 0.384277 0.310791 0.440674 0.304932 0.383789 0.320313 0.383789 0.320313 0.440674 0.304932 0.399902 0.345947 0.383789 0.320313 0.399902 0.345947 0.384521 0.322998 0.384521 0.322998 0.399902 0.345947 0.404785 0.371338 0.459717 0.984131 0.451904 0.973145 0.459961 0.951904 0.418945 0.950439 0.450195 0.947998 0.428467 0.961914 0.450195 0.947998 0.418945 0.950439 0.452393 0.926758 0.452393 0.926758 0.418945 0.950439 0.417236 0.920898 0.450195 0.947998 0.452393 0.926758 0.479004 0.922607 0.450195 0.947998 0.479004 0.922607 0.489502 0.944824 0.582031 0.787842 0.672119 0.812256 0.650635 0.863281 0.582031 0.787842 0.650635 0.863281 0.560303 0.844482 0.560303 0.844482 0.650635 0.863281 0.62085 0.86792 0.560303 0.844482 0.62085 0.86792 0.559326 0.847168 0.559326 0.847168 0.62085 0.86792 0.644775 0.880127 0.582031 0.787842 0.560303 0.844482 0.537598 0.836426 0.582031 0.787842 0.537598 0.836426 0.552734 0.780518 0.552734 0.780518 0.537598 0.836426 0.528076 0.840576 0.528076 0.840576 0.537598 0.836426 0.522217 0.858887 0.552734 0.780518 0.528076 0.840576 0.539795 0.805908 0.552734 0.780518 0.539795 0.805908 0.55542 0.77124 0.539795 0.805908 0.528076 0.840576 0.525635 0.841797 0.525635 0.841797 0.528076 0.840576 0.523682 0.847656 0.539795 0.805908 0.55542 0.77124 0.536621 0.808594 0.536621 0.808594 0.539795 0.805908 0.525635 0.841797 0.536621 0.808594 0.55542 0.77124 0.549805 0.776367 0.525635 0.841797 0.523682 0.847656 0.518799 0.835693 0.525635 0.841797 0.518799 0.835693 0.536621 0.808594 0.536621 0.808594 0.518799 0.835693 0.549805 0.776367 0.549805 0.776367 0.518799 0.835693 0.544189 0.772461 0.544189 0.772461 0.518799 0.835693 0.543213 0.771729 0.543213 0.771729 0.518799 0.835693 0.515869 0.839111 0.543213 0.771729 0.515869 0.839111 0.512207 0.844238 0.543213 0.771729 0.512207 0.844238 0.537354 0.782227 0.537354 0.782227 0.512207 0.844238 0.524902 0.80957 0.794434 0.394287 0.754883 0.294434 0.803223 0.321777 0.794434 0.394287 0.803223 0.321777 0.847412 0.373291 0.847412 0.373291 0.803223 0.321777 0.843262 0.265625 0.338135 0.932373 0.357666 0.973633 0.335693 0.972412 0.335693 0.972412 0.357666 0.973633 0.334717 0.994873 0.160645 0.047607 0.178955 0.010498 0.218018 0.023193 0.160645 0.047607 0.218018 0.023193 0.161865 0.049561 0.161865 0.049561 0.218018 0.023193 0.216309 0.02832 0.161865 0.049561 0.216309 0.02832 0.168701 0.051758 0.531982 0.199219 0.509277 0.204102 0.515869 0.158936 0.515869 0.158936 0.509277 0.204102 0.497803 0.165039 0.497803 0.165039 0.509277 0.204102 0.482666 0.19043 0.497803 0.165039 0.482666 0.19043 0.461182 0.174805 0.497803 0.165039 0.461182 0.174805 0.449219 0.1521 0.461182 0.174805 0.482666 0.19043 0.471924 0.19458 0.449219 0.1521 0.461182 0.174805 0.425049 0.19165 0.461182 0.174805 0.471924 0.19458 0.441406 0.203613 0.461182 0.174805 0.441406 0.203613 0.425049 0.19165 0.313721 0.125 0.294922 0.133545 0.321045 0.104492 0.350586 0.12207 0.342773 0.134521 0.313721 0.125 0.313721 0.125 0.321045 0.104492 0.333496 0.10791 0.313721 0.125 0.333496 0.10791 0.350586 0.12207 0.321045 0.104492 0.333496 0.10791 0.331543 0.103271 0.331543 0.103271 0.321045 0.104492 0.325439 0.099609 0.350586 0.12207 0.333496 0.10791 0.365723 0.105469 0.350586 0.12207 0.365723 0.105469 0.371826 0.104004 0.331543 0.103271 0.333496 0.10791 0.346924 0.103516 0.346924 0.103516 0.333496 0.10791 0.365723 0.105469 0.331543 0.103271 0.325439 0.099609 0.35791 0.0979 0.331543 0.103271 0.35791 0.0979 0.346924 0.103516 0.346924 0.103516 0.365723 0.105469 0.361328 0.101318 0.361328 0.101318 0.346924 0.103516 0.35791 0.0979 0.371826 0.104004 0.365723 0.105469 0.361328 0.09375 0.365723 0.105469 0.361328 0.09375 0.361328 0.101318 0.371826 0.104004 0.361328 0.09375 0.390625 0.103027 0.361328 0.09375 0.361328 0.101318 0.35791 0.0979 0.345459 0.094971 0.35791 0.0979 0.325439 0.099609 0.35791 0.0979 0.345459 0.094971 0.361328 0.09375 0.345459 0.094971 0.325439 0.099609 0.326416 0.091797 0.345459 0.094971 0.326416 0.091797 0.361328 0.09375 0.628662 0.748535 0.672607 0.806152 0.659668 0.799805 0.628662 0.748535 0.659668 0.799805 0.628662 0.751221 0.672607 0.806152 0.628662 0.748535 0.63501 0.744629 0.63501 0.744629 0.628662 0.748535 0.632813 0.741211 0.628662 0.748535 0.632813 0.741211 0.581543 0.762695 0.632813 0.741211 0.581543 0.762695 0.61499 0.74585 0.61499 0.74585 0.581543 0.762695 0.567139 0.757813 0.61499 0.74585 0.567139 0.757813 0.604248 0.745361 0.604248 0.745361 0.61499 0.74585 0.632813 0.741211 0.604248 0.745361 0.567139 0.757813 0.566895 0.755859 0.604248 0.745361 0.566895 0.755859 0.514404 0.758301 0.604248 0.745361 0.514404 0.758301 0.623779 0.730225 0.604248 0.745361 0.623779 0.730225 0.632813 0.741211 0.632813 0.741211 0.623779 0.730225 0.63916 0.695801 0.637451 0.741455 0.63501 0.744629 0.632813 0.741211 0.637451 0.741455 0.632813 0.741211 0.63916 0.695801 0.637451 0.741455 0.63916 0.695801 0.653809 0.675293 0.653809 0.675293 0.63916 0.695801 0.6604 0.658936 0.637451 0.741455 0.653809 0.675293 0.649414 0.703613 0.649414 0.703613 0.653809 0.675293 0.661621 0.658203 0.649414 0.703613 0.661621 0.658203 0.673096 0.680664 0.637451 0.741455 0.649414 0.703613 0.63916 0.740723 0.649414 0.703613 0.673096 0.680664 0.6604 0.710938 0.649414 0.703613 0.6604 0.710938 0.63916 0.740723 0.63916 0.740723 0.6604 0.710938 0.661865 0.71875 0.661865 0.71875 0.6604 0.710938 0.665039 0.711182 0.665039 0.711182 0.661865 0.71875 0.665527 0.71875 0.99585 0.904297 0.98999 0.94458 0.974121 0.908203 0.99585 0.904297 0.974121 0.908203 0.974121 0.902588 0.99585 0.904297 0.974121 0.902588 0.99585 0.89917 0.596924 0.01709 0.596924 0.039063 0.591553 0.039063 0.564697 0.908691 0.56543 0.906982 0.611084 0.967773 0.564697 0.908691 0.611084 0.967773 0.52832 0.961182 0.904785 0.641846 0.904297 0.580322 0.905762 0.547607 0.905762 0.547607 0.904297 0.580322 0.903809 0.547607 0.866211 0.745117 0.861084 0.843018 0.861572 0.797119 0.861084 0.843018 0.866211 0.745117 0.884521 0.819336 0.576904 0.133789 0.509521 0.115479 0.616943 0.11377 0.509521 0.115479 0.576904 0.133789 0.535156 0.188965 0.719482 0.908203 0.723877 0.905518 0.722412 0.904785 0.723877 0.905518 0.722412 0.904785 0.726563 0.87085 0.719482 0.908203 0.723877 0.905518 0.731445 0.93457 0.719482 0.908203 0.731445 0.93457 0.728516 0.938477 0.719482 0.908203 0.728516 0.938477 0.702637 0.949463 0.943115 0.074707 0.944824 0.034912 0.965576 0.048584 0.943115 0.074707 0.965576 0.048584 0.965332 0.105225 0.944824 0.034912 0.943115 0.074707 0.943604 0.034668 0.943604 0.034668 0.943115 0.074707 0.936279 0.081299 0.936279 0.081299 0.943604 0.034668 0.925293 0.067871 0.845947 0.484863 0.845947 0.409668 0.847656 0.379639 0.918213 0.632324 0.918213 0.548828 0.919678 0.633545 0.026367 0.325684 0.026367 0.254639 0.029785 0.251709 0.938477 0.937988 0.955811 0.880371 0.955322 0.94873 0.955811 0.880371 0.938477 0.937988 0.953857 0.87915 0.953857 0.87915 0.938477 0.937988 0.901855 0.888184 0.953857 0.87915 0.901855 0.888184 0.90332 0.86792 0.901855 0.888184 0.938477 0.937988 0.874023 0.955566 0.033691 0.477783 0.027344 0.512207 0.029785 0.477539 0.029785 0.477539 0.027344 0.512207 0.009277 0.512939 0.027344 0.512207 0.033691 0.477783 0.031982 0.511475 0.031982 0.511475 0.033691 0.477783 0.043701 0.469238 0.043701 0.469238 0.031982 0.511475 0.033691 0.51001 0.031982 0.511475 0.033691 0.51001 0.047607 0.550293 0.033691 0.51001 0.043701 0.469238 0.044922 0.482422 0.033691 0.51001 0.044922 0.482422 0.034424 0.510498 0.034424 0.510498 0.044922 0.482422 0.049805 0.474854 0.404297 0.126709 0.505615 0.121826 0.473877 0.126709 0.404297 0.126709 0.473877 0.126709 0.470459 0.129639 0.043945 0.147217 0.039307 0.135254 0.040527 0.105713 0.039307 0.135254 0.043945 0.147217 0.041748 0.165039 0.039307 0.135254 0.041748 0.165039 0.039795 0.187988 0.751465 0.607422 0.745605 0.607178 0.790283 0.600586 0.751465 0.607422 0.790283 0.600586 0.813477 0.600342 0.751465 0.607422 0.813477 0.600342 0.814697 0.60376 0.814697 0.60376 0.813477 0.600342 0.839355 0.575928 0.814697 0.60376 0.839355 0.575928 0.84668 0.625488 0.554688 0.910156 0.537354 0.930664 0.547363 0.871338 0.554688 0.910156 0.547363 0.871338 0.566406 0.874023 0.566406 0.874023 0.547363 0.871338 0.538086 0.847656 0.554688 0.910156 0.566406 0.874023 0.563965 0.894775 0.563965 0.894775 0.566406 0.874023 0.567871 0.874512 0.111816 0.04541 0.071045 0.011719 0.113037 0.00415 0.071045 0.011719 0.111816 0.04541 0.068359 0.016602 0.068359 0.016602 0.111816 0.04541 0.109619 0.048584 0.068359 0.016602 0.109619 0.048584 0.108643 0.05127 0.068359 0.016602 0.108643 0.05127 0.081299 0.048096 0.77417 0.517334 0.771484 0.589111 0.772949 0.530029 0.77417 0.517334 0.772949 0.530029 0.764893 0.479248 0.77417 0.517334 0.764893 0.479248 0.766602 0.477539 0.77417 0.517334 0.766602 0.477539 0.787354 0.482178 0.753662 0.953857 0.794189 0.952148 0.759766 0.981445 0.753662 0.953857 0.759766 0.981445 0.729492 0.983887 0.753662 0.953857 0.729492 0.983887 0.756592 0.947021 0.756592 0.947021 0.729492 0.983887 0.719482 0.980469 0.756592 0.947021 0.719482 0.980469 0.746338 0.944824 0.746338 0.944824 0.719482 0.980469 0.717285 0.980469 0.746338 0.944824 0.717285 0.980469 0.748291 0.930176 0.748291 0.930176 0.717285 0.980469 0.71582 0.975586 0.505127 0.102783 0.484131 0.0625 0.488525 0.064453 0.484131 0.0625 0.505127 0.102783 0.428955 0.113525 0.484131 0.0625 0.428955 0.113525 0.428223 0.054199 0.505127 0.102783 0.488525 0.064453 0.50708 0.102539 0.50708 0.102539 0.488525 0.064453 0.500244 0.060547 0.50708 0.102539 0.500244 0.060547 0.52002 0.107666 0.52002 0.107666 0.500244 0.060547 0.5 0.053467 0.52002 0.107666 0.5 0.053467 0.521729 0.108398 0.138184 0.960693 0.113525 0.96167 0.137695 0.95752 0.137695 0.95752 0.113525 0.96167 0.118408 0.947998 0.138184 0.960693 0.113525 0.96167 0.111816 0.96582 0.111816 0.96582 0.138184 0.960693 0.135742 0.995117 0.113525 0.96167 0.111816 0.96582 0.111084 0.964355 0.111084 0.964355 0.111816 0.96582 0.087402 0.960938 0.111084 0.964355 0.087402 0.960938 0.107178 0.963135 0.111084 0.964355 0.107178 0.963135 0.106934 0.962646 0.251709 0.20874 0.272217 0.215088 0.267334 0.229248 0.267334 0.229248 0.272217 0.215088 0.290771 0.224854 0.267334 0.229248 0.290771 0.224854 0.292725 0.229736 0.292725 0.229736 0.290771 0.224854 0.31665 0.231445 0.290771 0.224854 0.272217 0.215088 0.302246 0.205322 0.31665 0.231445 0.290771 0.224854 0.335938 0.227295 0.335938 0.227295 0.290771 0.224854 0.302246 0.205322 0.335938 0.227295 0.302246 0.205322 0.367432 0.213379 0.150635 0.97876 0.150391 0.977295 0.157227 0.957275 0.157227 0.957275 0.150391 0.977295 0.15918 0.913086 0.15918 0.913086 0.150391 0.977295 0.149658 0.913574 0.806885 0.696777 0.837402 0.62915 0.834473 0.732422 0.834473 0.732422 0.837402 0.62915 0.8396 0.732422 0.467041 0.986084 0.508545 0.930176 0.501221 0.971191 0.501221 0.971191 0.508545 0.930176 0.504395 0.96875 0.504395 0.96875 0.508545 0.930176 0.510254 0.928711 0.504395 0.96875 0.510254 0.928711 0.519287 0.921631 0.504395 0.96875 0.519287 0.921631 0.52002 0.983398 0.52002 0.983398 0.519287 0.921631 0.520996 0.920898 0.324219 0.915527 0.295166 0.91748 0.295166 0.915771 0.295166 0.91748 0.324219 0.915527 0.367676 0.916748 0.367676 0.916748 0.324219 0.915527 0.359131 0.915039 0.367676 0.916748 0.359131 0.915039 0.411377 0.916748 0.530762 0.055176 0.544434 0.056885 0.507324 0.056152 0.544434 0.056885 0.530762 0.055176 0.563232 0.054688 0.544434 0.056885 0.563232 0.054688 0.599854 0.056152 0.668457 0.04834 0.728516 0.04834 0.720703 0.077148 0.040527 0.552002 0.047607 0.567383 0.036377 0.631836 0.047607 0.567383 0.040527 0.552002 0.048828 0.560791 0.040527 0.552002 0.036377 0.631836 0.036621 0.551514 0.848389 0.855469 0.85498 0.889404 0.791016 0.883301 0.791016 0.883301 0.85498 0.889404 0.866455 0.912598 0.85498 0.889404 0.848389 0.855469 0.855957 0.856201 0.866455 0.912598 0.85498 0.889404 0.866455 0.888184 0.866455 0.888184 0.85498 0.889404 0.855957 0.856201 0.866455 0.888184 0.855957 0.856201 0.866211 0.8479 0.866455 0.912598 0.866455 0.888184 0.872803 0.912842 0.866455 0.888184 0.866211 0.8479 0.871094 0.848877 0.866455 0.888184 0.871094 0.848877 0.872803 0.912842 0.872803 0.912842 0.871094 0.848877 0.874756 0.909912 0.872803 0.912842 0.874756 0.909912 0.882813 0.917236 0.874756 0.909912 0.871094 0.848877 0.873047 0.8479 0.882813 0.917236 0.874756 0.909912 0.888428 0.860107 0.888428 0.860107 0.874756 0.909912 0.873047 0.8479 0.304443 0.04126 0.225342 0.04126 0.213623 0.039307 0.938477 0.331299 0.904053 0.366943 0.900879 0.345703 0.938477 0.331299 0.900879 0.345703 0.904053 0.343262 0.904053 0.343262 0.900879 0.345703 0.851074 0.330566 0.953125 0.296875 0.953369 0.263672 0.955811 0.289307 0.953125 0.296875 0.955811 0.289307 0.955811 0.334961 0.677246 0.972656 0.642578 0.985107 0.620117 0.955078 0.677246 0.972656 0.620117 0.955078 0.617188 0.952148 0.994629 0.073242 0.993652 0.071777 0.993408 0.035156 0.134277 0.230469 0.113281 0.223877 0.135254 0.22876 0.134277 0.230469 0.135254 0.22876 0.150635 0.236572 0.134277 0.230469 0.150635 0.236572 0.128662 0.229492 0.128662 0.229492 0.150635 0.236572 0.163086 0.251465 0.163086 0.251465 0.150635 0.236572 0.17334 0.259033 0.17334 0.259033 0.150635 0.236572 0.224365 0.225098 0.387207 0.122803 0.367188 0.119629 0.368896 0.119141 0.387207 0.122803 0.368896 0.119141 0.39624 0.123291 0.39624 0.123291 0.368896 0.119141 0.400146 0.121582 0.400146 0.121582 0.368896 0.119141 0.410889 0.118652 0.410889 0.118652 0.368896 0.119141 0.369873 0.11499 0.400146 0.121582 0.410889 0.118652 0.450195 0.119141 0.450195 0.119141 0.410889 0.118652 0.468506 0.117676 0.994385 0.028076 0.983154 0.028564 0.984619 0.004883 0.994385 0.028076 0.984619 0.004883 0.994873 0.002441 0.003906 0.898438 0.003662 0.89917 0.000488 0.899414 0.003906 0.898438 0.000488 0.899414 0.000977 0.858643 0.003906 0.898438 0.000977 0.858643 0.004639 0.869141 0.996094 0.080566 0.994873 0.117432 0.98291 0.115723 0.996094 0.080566 0.98291 0.115723 0.984375 0.074707 0.65918 0.022949 0.648926 0.016602 0.651123 0.009766 0.65918 0.022949 0.651123 0.009766 0.660889 0.009033 0.660889 0.009033 0.65918 0.022949 0.661865 0.015381 0.681396 0.377441 0.680908 0.324707 0.720215 0.352783 0.681396 0.377441 0.720215 0.352783 0.728027 0.381104 0.681396 0.377441 0.728027 0.381104 0.686523 0.44458 0.720215 0.352783 0.680908 0.324707 0.729248 0.340576 0.729248 0.340576 0.680908 0.324707 0.727783 0.31958 0.727783 0.31958 0.680908 0.324707 0.679199 0.323975 0.727783 0.31958 0.679199 0.323975 0.678711 0.321045 0.727783 0.31958 0.678711 0.321045 0.719482 0.318359 0.415771 0.915039 0.455322 0.915283 0.430664 0.917236 0.430664 0.917236 0.455322 0.915283 0.470215 0.91748 0.470215 0.91748 0.455322 0.915283 0.525146 0.915527 0.064453 0.198242 0.054199 0.18457 0.058594 0.148926 0.054199 0.18457 0.064453 0.198242 0.056396 0.244873 0.056396 0.244873 0.064453 0.198242 0.066162 0.235107 0.054199 0.18457 0.056396 0.244873 0.054688 0.248535 0.314209 0.081299 0.314209 0.024414 0.323242 0.024414 0.314209 0.081299 0.323242 0.024414 0.32251 0.035645 0.449951 0.858643 0.437256 0.866943 0.455322 0.845703 0.429932 0.880127 0.373291 0.875 0.437256 0.866943 0.437256 0.866943 0.429932 0.880127 0.44043 0.882568 0.449951 0.858643 0.437256 0.866943 0.448975 0.870361 0.437256 0.866943 0.448975 0.870361 0.44043 0.882568 0.449951 0.858643 0.455322 0.845703 0.456055 0.861084 0.449951 0.858643 0.456055 0.861084 0.448975 0.870361 0.456055 0.861084 0.455322 0.845703 0.467285 0.854736 0.467285 0.854736 0.455322 0.845703 0.474854 0.848145 0.456055 0.861084 0.467285 0.854736 0.479492 0.860107 0.479492 0.860107 0.467285 0.854736 0.474854 0.848145 0.456055 0.861084 0.479492 0.860107 0.448975 0.870361 0.479492 0.860107 0.474854 0.848145 0.496582 0.851807 0.448975 0.870361 0.479492 0.860107 0.461426 0.878174 0.448975 0.870361 0.461426 0.878174 0.44043 0.882568 0.461426 0.878174 0.479492 0.860107 0.472168 0.875244 0.44043 0.882568 0.461426 0.878174 0.453125 0.902344 0.453125 0.902344 0.461426 0.878174 0.465576 0.894287 0.44043 0.882568 0.453125 0.902344 0.443359 0.893799 0.391357 0.910645 0.389893 0.906738 0.430908 0.907715 0.391357 0.910645 0.430908 0.907715 0.505859 0.908691 0.682861 0 0.664795 0.027832 0.669434 0.012207 0.664795 0.027832 0.682861 0 0.66748 0.043701 0.66748 0.043701 0.682861 0 0.677734 0.044189 0.677734 0.044189 0.682861 0 0.695068 0.006348 0.677734 0.044189 0.695068 0.006348 0.694824 0.02832 0.712646 0.261963 0.699707 0.268311 0.682373 0.269043 0.712646 0.261963 0.682373 0.269043 0.705811 0.261963 0.682373 0.269043 0.699707 0.268311 0.667236 0.273682 0.667236 0.273682 0.699707 0.268311 0.704102 0.30835 0.682373 0.269043 0.667236 0.273682 0.657715 0.272461 0.705811 0.261963 0.682373 0.269043 0.680176 0.268555 0.680176 0.268555 0.682373 0.269043 0.657715 0.272461 0.705811 0.261963 0.680176 0.268555 0.705566 0.25 0.705566 0.25 0.680176 0.268555 0.655762 0.257813 0.655762 0.257813 0.680176 0.268555 0.657715 0.272461 0.705566 0.25 0.655762 0.257813 0.666992 0.252686 0.655762 0.257813 0.657715 0.272461 0.612549 0.236328 0.666992 0.252686 0.705566 0.25 0.68457 0.246338 0.68457 0.246338 0.705566 0.25 0.71167 0.248779 0.71167 0.248779 0.68457 0.246338 0.713379 0.235352 0.612549 0.236328 0.657715 0.272461 0.619141 0.244141 0.619141 0.244141 0.657715 0.272461 0.654785 0.272461 0.654785 0.272461 0.657715 0.272461 0.65625 0.275879 0.619141 0.244141 0.654785 0.272461 0.630859 0.286133 0.619141 0.244141 0.630859 0.286133 0.608643 0.241455 0.608643 0.241455 0.630859 0.286133 0.584473 0.267578 0.584473 0.267578 0.630859 0.286133 0.629883 0.314209 0.630859 0.286133 0.629883 0.314209 0.632813 0.306885 0.654785 0.272461 0.65625 0.275879 0.653076 0.279053 0.654785 0.272461 0.653076 0.279053 0.630859 0.286133 0.630859 0.286133 0.653076 0.279053 0.632813 0.306885 0.653076 0.279053 0.65625 0.275879 0.65625 0.278564 0.65625 0.278564 0.653076 0.279053 0.654541 0.279297 0.653076 0.279053 0.654541 0.279297 0.632813 0.306885 0.632813 0.306885 0.654541 0.279297 0.63623 0.322021 0.787598 0.105225 0.770996 0.099365 0.797607 0.091553 0.787598 0.105225 0.797607 0.091553 0.798096 0.119873 0.798096 0.119873 0.797607 0.091553 0.833008 0.123291 0.88623 0.091553 0.848633 0.154541 0.833008 0.123291 0.88623 0.091553 0.833008 0.123291 0.861572 0.080322 0.833008 0.123291 0.797607 0.091553 0.83374 0.083008 0.833008 0.123291 0.83374 0.083008 0.861572 0.080322 0.83374 0.083008 0.797607 0.091553 0.814209 0.084717 0.861572 0.080322 0.83374 0.083008 0.85376 0.07666 0.85376 0.07666 0.83374 0.083008 0.814209 0.084717 0.85376 0.07666 0.814209 0.084717 0.82251 0.082031 0.85376 0.07666 0.82251 0.082031 0.85376 0.075439 0.85376 0.075439 0.82251 0.082031 0.852783 0.068604 0.039307 0.77124 0.008301 0.811768 0.030518 0.772705 0.039307 0.77124 0.030518 0.772705 0.038086 0.769043 0.039307 0.77124 0.038086 0.769043 0.041748 0.76709 0.038086 0.769043 0.030518 0.772705 0.006348 0.736084 0.38208 0.966064 0.381348 0.949951 0.394531 0.970703 0.381348 0.949951 0.38208 0.966064 0.369873 0.95166 0.394531 0.970703 0.381348 0.949951 0.414307 0.962402 0.394531 0.970703 0.414307 0.962402 0.395752 0.973633 0.395752 0.973633 0.414307 0.962402 0.398193 0.974121 0.414307 0.962402 0.381348 0.949951 0.409912 0.922607 0.409912 0.922607 0.381348 0.949951 0.375488 0.936523 0.375488 0.936523 0.381348 0.949951 0.369873 0.95166 0.375488 0.936523 0.369873 0.95166 0.36792 0.938477 0.36792 0.938477 0.369873 0.95166 0.359131 0.955078 0.36792 0.938477 0.359131 0.955078 0.353271 0.942139 0.375488 0.936523 0.36792 0.938477 0.36084 0.929688 0.36084 0.929688 0.36792 0.938477 0.353271 0.942139 0.375488 0.936523 0.36084 0.929688 0.361816 0.923096 0.36084 0.929688 0.353271 0.942139 0.346924 0.934326 0.361816 0.923096 0.36084 0.929688 0.343262 0.921875 0.343262 0.921875 0.36084 0.929688 0.346924 0.934326 0.967529 0.737305 0.953857 0.712402 0.969971 0.718506 0.969971 0.718506 0.953857 0.712402 0.960449 0.70752 0.960449 0.70752 0.953857 0.712402 0.951416 0.702881 0.969971 0.718506 0.960449 0.70752 0.971924 0.710938 0.969971 0.718506 0.971924 0.710938 0.988525 0.708008 0.000244 0.399902 0.044922 0.464844 0.000244 0.457275 0.044922 0.464844 0.000244 0.399902 0.076172 0.383301 0.044922 0.464844 0.076172 0.383301 0.078857 0.459961 0.292725 0.017578 0.298096 0.008301 0.297363 0.025146 0.297363 0.025146 0.298096 0.008301 0.306152 0.035889 0.292725 0.017578 0.297363 0.025146 0.285889 0.022705 0.285889 0.022705 0.292725 0.017578 0.282959 0.019531 0.442383 0.007813 0.446533 0.002441 0.451172 0.011719 0.442383 0.007813 0.451172 0.011719 0.445557 0.019043 0.445557 0.019043 0.451172 0.011719 0.452393 0.020996 0.442383 0.007813 0.445557 0.019043 0.43457 0.018311 0.442383 0.007813 0.43457 0.018311 0.41333 0.012939 0.41333 0.012939 0.43457 0.018311 0.416992 0.021973 0.43457 0.018311 0.445557 0.019043 0.437012 0.023193 0.416992 0.021973 0.43457 0.018311 0.415771 0.026611 0.415771 0.026611 0.43457 0.018311 0.437012 0.023193 0.415771 0.026611 0.437012 0.023193 0.429688 0.031738 0.986816 0.895264 0.976807 0.86499 0.984619 0.878174 0.984619 0.878174 0.976807 0.86499 0.974121 0.847656 0.984619 0.878174 0.974121 0.847656 0.990967 0.870361 0.118652 0.032959 0.122559 0.016357 0.123047 0.028564 0.123047 0.028564 0.122559 0.016357 0.130859 0.016357 0.122559 0.016357 0.118652 0.032959 0.117676 0.009033 0.130859 0.016357 0.122559 0.016357 0.123535 0.01123 0.123535 0.01123 0.122559 0.016357 0.117676 0.009033 0.100098 0.981445 0.106201 0.970215 0.11084 0.976318 0.100098 0.981445 0.106201 0.970215 0.092529 0.976563 0.100098 0.981445 0.11084 0.976318 0.110596 0.987305 0.092529 0.976563 0.100098 0.981445 0.092529 0.984131 0.100098 0.981445 0.110596 0.987305 0.100342 0.990967 0.100098 0.981445 0.100342 0.990967 0.092529 0.984131 0.100342 0.990967 0.110596 0.987305 0.110352 0.993408 0.092529 0.984131 0.100342 0.990967 0.092773 0.994385 0.100342 0.990967 0.110352 0.993408 0.103027 0.99707 0.092773 0.994385 0.100342 0.990967 0.096924 0.99585 0.096924 0.99585 0.100342 0.990967 0.103027 0.99707 0.685547 0.975342 0.70166 0.989502 0.692627 0.998047 0.70166 0.989502 0.685547 0.975342 0.692627 0.978516 0.70166 0.989502 0.692627 0.978516 0.703369 0.981201 0.19873 0.983398 0.196045 0.958984 0.211182 0.994873 0.196045 0.958984 0.19873 0.983398 0.192627 0.970703 0.196045 0.958984 0.192627 0.970703 0.190674 0.939453 0.213867 0.152588 0.228027 0.143799 0.215576 0.153076 0.215576 0.153076 0.228027 0.143799 0.211914 0.215088 0.215576 0.153076 0.211914 0.215088 0.20874 0.214355 0.215576 0.153076 0.20874 0.214355 0.213867 0.152588 0.211914 0.215088 0.228027 0.143799 0.22168 0.218262 0.213867 0.152588 0.20874 0.214355 0.203613 0.214355 0.22168 0.218262 0.228027 0.143799 0.243408 0.219238 0.243408 0.219238 0.228027 0.143799 0.243896 0.14502 0.243408 0.219238 0.243896 0.14502 0.259521 0.145508 0.214111 0.148682 0.228027 0.143799 0.213867 0.152588 0.213867 0.152588 0.203613 0.214355 0.200195 0.165039 0.213867 0.152588 0.200195 0.165039 0.214111 0.148682 0.214111 0.148682 0.200195 0.165039 0.212646 0.146729 0.212646 0.146729 0.200195 0.165039 0.157471 0.152832 0.212646 0.146729 0.157471 0.152832 0.213135 0.144531 0.213135 0.144531 0.157471 0.152832 0.150391 0.145996 0.460693 0.0354 0.453125 0.036133 0.4646 0.046387 0.460693 0.0354 0.453125 0.036133 0.441162 0.031982 0.460693 0.0354 0.441162 0.031982 0.442139 0.0271 0.460693 0.0354 0.442139 0.0271 0.463379 0.030762 0.463379 0.030762 0.442139 0.0271 0.464844 0.027832 0.460693 0.0354 0.4646 0.046387 0.473877 0.043945 0.473877 0.043945 0.460693 0.0354 0.463379 0.030762 0.473877 0.043945 0.4646 0.046387 0.486572 0.054932 0.4646 0.046387 0.486572 0.054932 0.479492 0.054932 0.486572 0.054932 0.473877 0.043945 0.49585 0.04834 0.49585 0.04834 0.473877 0.043945 0.481689 0.04126 0.481689 0.04126 0.473877 0.043945 0.463379 0.030762 0.49585 0.04834 0.481689 0.04126 0.497803 0.045166 0.481689 0.04126 0.497803 0.045166 0.491211 0.030029 0.491211 0.030029 0.497803 0.045166 0.497559 0.023438 0.481689 0.04126 0.463379 0.030762 0.473389 0.029053 0.481689 0.04126 0.473389 0.029053 0.491211 0.030029 0.491211 0.030029 0.473389 0.029053 0.497559 0.023438 0.463379 0.030762 0.473389 0.029053 0.464844 0.027832 0.464844 0.027832 0.473389 0.029053 0.497559 0.023438 0.578857 0.050049 0.534668 0.050049 0.58667 0.016357 0.58667 0.016357 0.534668 0.050049 0.56543 0.016602 0.526123 0.081543 0.621094 0.104004 0.526123 0.101807 0.526123 0.101807 0.621094 0.104004 0.526367 0.110352 0.077637 0.503906 0.087891 0.504395 0.083984 0.545654 0.083984 0.545654 0.087891 0.504395 0.096191 0.51123 0.083984 0.545654 0.096191 0.51123 0.090576 0.543701 0.090576 0.543701 0.096191 0.51123 0.111816 0.490234 0.090576 0.543701 0.111816 0.490234 0.110596 0.545166 0.090576 0.543701 0.110596 0.545166 0.099609 0.552734 0.099609 0.552734 0.110596 0.545166 0.101318 0.557373 0.101318 0.557373 0.099609 0.552734 0.090576 0.543701 0.090576 0.543701 0.101318 0.557373 0.0979 0.589844 0.0979 0.589844 0.101318 0.557373 0.10498 0.606445 0.0979 0.589844 0.10498 0.606445 0.099121 0.60791 0.10498 0.606445 0.101318 0.557373 0.110596 0.585693 0.099121 0.60791 0.10498 0.606445 0.103027 0.629883 0.10498 0.606445 0.110596 0.585693 0.10791 0.611328 0.10498 0.606445 0.10791 0.611328 0.103027 0.629883 0.712158 0.857178 0.700439 0.89502 0.695557 0.884033 0.712158 0.857178 0.695557 0.884033 0.714111 0.837402 0.700439 0.89502 0.712158 0.857178 0.715332 0.897949 0.700439 0.89502 0.715332 0.897949 0.709717 0.910889 0.700439 0.89502 0.709717 0.910889 0.695557 0.905762 0.695557 0.905762 0.709717 0.910889 0.696533 0.920654 0.079346 0.705322 0.071533 0.716553 0.069092 0.706543 0.071533 0.716553 0.079346 0.705322 0.086182 0.726074 0.086182 0.726074 0.079346 0.705322 0.088379 0.719971 0.071533 0.716553 0.086182 0.726074 0.084473 0.731689 0.071533 0.716553 0.084473 0.731689 0.079834 0.730713 0.084473 0.731689 0.086182 0.726074 0.101318 0.732666 0.079834 0.730713 0.084473 0.731689 0.070801 0.763916 0.084473 0.731689 0.101318 0.732666 0.083252 0.754883 0.084473 0.731689 0.083252 0.754883 0.070801 0.763916 0.083252 0.754883 0.101318 0.732666 0.11499 0.736816 0.11499 0.736816 0.101318 0.732666 0.127686 0.725342 0.11499 0.736816 0.127686 0.725342 0.133057 0.733887 0.083252 0.754883 0.11499 0.736816 0.079102 0.770264 0.070801 0.763916 0.083252 0.754883 0.068604 0.78418 0.068604 0.78418 0.083252 0.754883 0.079102 0.770264 0.070801 0.763916 0.068604 0.78418 0.055176 0.791992 0.068604 0.78418 0.079102 0.770264 0.074707 0.797119 0.055176 0.791992 0.068604 0.78418 0.063232 0.807861 0.063232 0.807861 0.068604 0.78418 0.074707 0.797119 0.055176 0.791992 0.063232 0.807861 0.061279 0.822266 0.061279 0.822266 0.063232 0.807861 0.074707 0.797119 0.018555 0.598389 0.008057 0.586182 0.017578 0.560059 0.018555 0.598389 0.017578 0.560059 0.031982 0.58667 0.017578 0.560059 0.008057 0.586182 0.010986 0.555664 0.031982 0.58667 0.017578 0.560059 0.031006 0.544189 0.017578 0.560059 0.010986 0.555664 0.01709 0.520996 0.017578 0.560059 0.01709 0.520996 0.031006 0.544189 0.010986 0.555664 0.01709 0.520996 0.009033 0.522705 0.031006 0.544189 0.01709 0.520996 0.027344 0.517578 0.914063 0.505127 0.914307 0.543213 0.901855 0.542236 0.914063 0.505127 0.901855 0.542236 0.902588 0.496338 0.902588 0.496338 0.901855 0.542236 0.897949 0.491943 0.897949 0.491943 0.901855 0.542236 0.895264 0.542725 0.914063 0.505127 0.902588 0.496338 0.904541 0.467041 0.904541 0.467041 0.902588 0.496338 0.897949 0.491943 0.904541 0.467041 0.897949 0.491943 0.899902 0.463379 0.904541 0.467041 0.899902 0.463379 0.907227 0.453857 0.907227 0.453857 0.899902 0.463379 0.896973 0.448975 0.904541 0.467041 0.907227 0.453857 0.914063 0.459717 0.289307 0.99707 0.28833 0.987305 0.300049 0.987549 0.300049 0.987549 0.28833 0.987305 0.28418 0.976807 0.28418 0.976807 0.28833 0.987305 0.281982 0.986328 0.300049 0.987549 0.28418 0.976807 0.298584 0.966797 0.298584 0.966797 0.28418 0.976807 0.286133 0.969482 0.298584 0.966797 0.286133 0.969482 0.282715 0.962158 0.282715 0.962158 0.286133 0.969482 0.28418 0.976807 0.589355 0.972656 0.599854 0.983643 0.59375 0.995361 0.599854 0.983643 0.589355 0.972656 0.606445 0.973389 0.59375 0.995361 0.599854 0.983643 0.606689 0.989502 0.606689 0.989502 0.599854 0.983643 0.606445 0.973389 0.59375 0.995361 0.606689 0.989502 0.617676 0.99585 0.617676 0.99585 0.606689 0.989502 0.606445 0.973389 0.617676 0.99585 0.606445 0.973389 0.623047 0.972656 0.408936 0.612061 0.436523 0.603271 0.460938 0.607666 0.460938 0.607666 0.436523 0.603271 0.485352 0.564941 0.460938 0.607666 0.485352 0.564941 0.504639 0.589355 0.460938 0.607666 0.504639 0.589355 0.476318 0.636475 0.408936 0.612061 0.460938 0.607666 0.446045 0.620605 0.446045 0.620605 0.460938 0.607666 0.455811 0.641113 0.446045 0.620605 0.455811 0.641113 0.408936 0.612061 0.455811 0.641113 0.460938 0.607666 0.476318 0.636475 0.455811 0.641113 0.476318 0.636475 0.458008 0.644775 0.458008 0.644775 0.476318 0.636475 0.472412 0.68457 0.408936 0.612061 0.455811 0.641113 0.43335 0.641357 0.43335 0.641357 0.455811 0.641113 0.458008 0.644775 0.408936 0.612061 0.43335 0.641357 0.398682 0.677002 0.408936 0.612061 0.398682 0.677002 0.39502 0.632568 0.39502 0.632568 0.398682 0.677002 0.384766 0.666504 0.384766 0.666504 0.398682 0.677002 0.365967 0.699463 0.365967 0.699463 0.398682 0.677002 0.421875 0.689697 0.421875 0.689697 0.398682 0.677002 0.43335 0.641357 0.365967 0.699463 0.421875 0.689697 0.387695 0.725098 0.43335 0.641357 0.458008 0.644775 0.446533 0.691162 0.43335 0.641357 0.446533 0.691162 0.421875 0.689697 0.446533 0.691162 0.458008 0.644775 0.472412 0.68457 0.446533 0.691162 0.472412 0.68457 0.455811 0.727539 0.446533 0.691162 0.455811 0.727539 0.421875 0.689697 0.455811 0.727539 0.472412 0.68457 0.499512 0.723145 0.455811 0.727539 0.499512 0.723145 0.471436 0.760254 0.455811 0.727539 0.471436 0.760254 0.441406 0.76709 0.421875 0.689697 0.455811 0.727539 0.419922 0.735352 0.419922 0.735352 0.455811 0.727539 0.441406 0.76709 0.421875 0.689697 0.419922 0.735352 0.387695 0.725098 0.419922 0.735352 0.441406 0.76709 0.405029 0.770264 0.419922 0.735352 0.405029 0.770264 0.387695 0.725098 0.236816 0.524902 0.200439 0.554932 0.181885 0.521729 0.181885 0.521729 0.200439 0.554932 0.167236 0.58374 0.236816 0.524902 0.181885 0.521729 0.237305 0.496094 0.237305 0.496094 0.181885 0.521729 0.185059 0.485352 0.167236 0.58374 0.200439 0.554932 0.208984 0.581299 0.167236 0.58374 0.208984 0.581299 0.178711 0.614258 0.200439 0.554932 0.236816 0.524902 0.248047 0.555664 0.200439 0.554932 0.248047 0.555664 0.208984 0.581299 0.236816 0.524902 0.237305 0.496094 0.256592 0.541992 0.256592 0.541992 0.236816 0.524902 0.248047 0.555664 0.237305 0.496094 0.185059 0.485352 0.239014 0.475342 0.239014 0.475342 0.185059 0.485352 0.226318 0.444824 0.239014 0.475342 0.226318 0.444824 0.255371 0.429443 0.226318 0.444824 0.255371 0.429443 0.243164 0.417969 0.239014 0.475342 0.237305 0.496094 0.246338 0.493652 0.246338 0.493652 0.237305 0.496094 0.256592 0.541992 0.255371 0.429443 0.239014 0.475342 0.253174 0.467529 0.253174 0.467529 0.239014 0.475342 0.246338 0.493652 0.253174 0.467529 0.255371 0.429443 0.268311 0.446533 0.253174 0.467529 0.268311 0.446533 0.297852 0.48584 0.253174 0.467529 0.297852 0.48584 0.246338 0.493652 0.246338 0.493652 0.297852 0.48584 0.273682 0.525635 0.246338 0.493652 0.273682 0.525635 0.256592 0.541992 0.273682 0.525635 0.297852 0.48584 0.307861 0.518311 0.273682 0.525635 0.307861 0.518311 0.295166 0.553223 0.273682 0.525635 0.295166 0.553223 0.256592 0.541992 0.295166 0.553223 0.307861 0.518311 0.331787 0.541016 0.256592 0.541992 0.295166 0.553223 0.271973 0.57959 0.295166 0.553223 0.331787 0.541016 0.309326 0.58667 0.295166 0.553223 0.309326 0.58667 0.271973 0.57959 0.256592 0.541992 0.271973 0.57959 0.266602 0.602295 0.266602 0.602295 0.271973 0.57959 0.309326 0.58667 0.256592 0.541992 0.266602 0.602295 0.251465 0.581055 0.256592 0.541992 0.251465 0.581055 0.248047 0.555664 0.248047 0.555664 0.251465 0.581055 0.244629 0.594482 0.248047 0.555664 0.244629 0.594482 0.208984 0.581299 0.244629 0.594482 0.251465 0.581055 0.25708 0.619629 0.25708 0.619629 0.251465 0.581055 0.266602 0.602295 0.208984 0.581299 0.244629 0.594482 0.222656 0.618896 0.222656 0.618896 0.244629 0.594482 0.25708 0.619629 0.208984 0.581299 0.222656 0.618896 0.178711 0.614258 0.178711 0.614258 0.222656 0.618896 0.187012 0.637939 0.222656 0.618896 0.25708 0.619629 0.226074 0.645264 0.222656 0.618896 0.226074 0.645264 0.187012 0.637939 0.226074 0.645264 0.25708 0.619629 0.260986 0.668945 0.187012 0.637939 0.226074 0.645264 0.226074 0.680908 0.187012 0.637939 0.226074 0.680908 0.185059 0.659424 0.226074 0.680908 0.226074 0.645264 0.260986 0.668945 0.215332 0.732178 0.226074 0.680908 0.25293 0.723145 0.25293 0.723145 0.226074 0.680908 0.260986 0.668945 0.260986 0.668945 0.25708 0.619629 0.268311 0.636963 0.268311 0.636963 0.25708 0.619629 0.266602 0.602295 0.25293 0.723145 0.260986 0.668945 0.28125 0.702637 0.25293 0.723145 0.28125 0.702637 0.307373 0.743896 0.260986 0.668945 0.268311 0.636963 0.279297 0.674805 0.260986 0.668945 0.279297 0.674805 0.28125 0.702637 0.307373 0.743896 0.28125 0.702637 0.30542 0.720215 0.279297 0.674805 0.268311 0.636963 0.281494 0.636719 0.281494 0.636719 0.268311 0.636963 0.266602 0.602295 0.307373 0.743896 0.30542 0.720215 0.323975 0.730225 0.307373 0.743896 0.323975 0.730225 0.331299 0.766602 0.30542 0.720215 0.28125 0.702637 0.303223 0.692871 0.28125 0.702637 0.303223 0.692871 0.279297 0.674805 0.30542 0.720215 0.303223 0.692871 0.323975 0.730225 0.331299 0.766602 0.323975 0.730225 0.344727 0.762451 0.344727 0.762451 0.323975 0.730225 0.353271 0.737793 0.344727 0.762451 0.353271 0.737793 0.368652 0.771484 0.353271 0.737793 0.323975 0.730225 0.341309 0.697998 0.341309 0.697998 0.323975 0.730225 0.303223 0.692871 0.341309 0.697998 0.303223 0.692871 0.346924 0.665771 0.303223 0.692871 0.279297 0.674805 0.290039 0.667236 0.290039 0.667236 0.279297 0.674805 0.281494 0.636719 0.346924 0.665771 0.303223 0.692871 0.320557 0.646973 0.320557 0.646973 0.303223 0.692871 0.290039 0.667236 0.346924 0.665771 0.320557 0.646973 0.352295 0.629883 0.290039 0.667236 0.281494 0.636719 0.286621 0.629395 0.290039 0.667236 0.286621 0.629395 0.320557 0.646973 0.286621 0.629395 0.281494 0.636719 0.266602 0.602295 0.352295 0.629883 0.320557 0.646973 0.317383 0.626221 0.317383 0.626221 0.320557 0.646973 0.286621 0.629395 0.286621 0.629395 0.266602 0.602295 0.309326 0.58667 0.286621 0.629395 0.309326 0.58667 0.317383 0.626221 0.352295 0.629883 0.317383 0.626221 0.344727 0.607422 0.344727 0.607422 0.317383 0.626221 0.309326 0.58667 0.344727 0.607422 0.309326 0.58667 0.332275 0.578369 0.332275 0.578369 0.309326 0.58667 0.331787 0.541016 0.332275 0.578369 0.331787 0.541016 0.346924 0.547119 0.346924 0.547119 0.332275 0.578369 0.351807 0.560059 0.332275 0.578369 0.344727 0.607422 0.344482 0.581299 0.332275 0.578369 0.344482 0.581299 0.351807 0.560059 0.344727 0.607422 0.344482 0.581299 0.37085 0.599365 0.37085 0.599365 0.344482 0.581299 0.351807 0.560059 0.371094 0.175537 0.351563 0.155762 0.371338 0.15332 0.351563 0.155762 0.371094 0.175537 0.342041 0.182129 0.351563 0.155762 0.342041 0.182129 0.328613 0.151855 0.328613 0.151855 0.342041 0.182129 0.304932 0.172852 0.304932 0.172852 0.342041 0.182129 0.302002 0.200928 0.304932 0.172852 0.302002 0.200928 0.270996 0.178223 0.304932 0.172852 0.270996 0.178223 0.277832 0.149658 0.304932 0.172852 0.277832 0.149658 0.306396 0.135986 0.304932 0.172852 0.306396 0.135986 0.328613 0.151855 0.328613 0.151855 0.306396 0.135986 0.31958 0.134033 0.863281 0.030029 0.879395 0.026855 0.885498 0.061035 0.879395 0.026855 0.863281 0.030029 0.873047 0.001953 0.885498 0.061035 0.879395 0.026855 0.893066 0.035645 0.893066 0.035645 0.885498 0.061035 0.911377 0.024902 0.911377 0.024902 0.893066 0.035645 0.879395 0.026855 0.911377 0.024902 0.879395 0.026855 0.873047 0.001953 0.911377 0.024902 0.873047 0.001953 0.909912 0.000244 0.911377 0.024902 0.909912 0.000244 0.922607 0.035889 0.971924 0.213379 0.981689 0.243164 0.961182 0.250732 0.971924 0.213379 0.961182 0.250732 0.947998 0.200195 0.947998 0.200195 0.961182 0.250732 0.942383 0.258545 0.501953 0.993896 0.488525 0.984131 0.503662 0.977539 0.314941 0.201904 0.379395 0.186035 0.398438 0.191406 0.398438 0.191406 0.379395 0.186035 0.406494 0.191406 0.406494 0.191406 0.379395 0.186035 0.377441 0.181152 0.398438 0.191406 0.406494 0.191406 0.404541 0.197266 0.398438 0.191406 0.404541 0.197266 0.4021 0.196289 0.404541 0.197266 0.406494 0.191406 0.419678 0.20166 0.406494 0.191406 0.377441 0.181152 0.411377 0.182129 0.406494 0.191406 0.411377 0.182129 0.407471 0.192383 0.411377 0.182129 0.377441 0.181152 0.378418 0.15332 0.093994 0.60083 0.076416 0.701416 0.077148 0.561523 0.001709 0.906006 0.001709 0.942871 0.000244 0.903809 0.93335 0.163086 0.94458 0.12085 0.941895 0.204102 0.156006 0.486572 0.200684 0.423828 0.144287 0.514648 0.200684 0.423828 0.156006 0.486572 0.190918 0.420166 0.190918 0.420166 0.156006 0.486572 0.171143 0.456055 0.190918 0.420166 0.171143 0.456055 0.171143 0.450439 0.1604 0.44458 0.179199 0.418945 0.171143 0.450439 0.171143 0.450439 0.179199 0.418945 0.189453 0.418945 0.171143 0.450439 0.189453 0.418945 0.190918 0.420166 0.189453 0.418945 0.179199 0.418945 0.176025 0.405273 0.189453 0.418945 0.190918 0.420166 0.18457 0.41333 0.176025 0.405273 0.179199 0.418945 0.169189 0.405762 0.176025 0.405273 0.169189 0.405762 0.171387 0.399658 0.171387 0.399658 0.169189 0.405762 0.162109 0.385986 0.190918 0.420166 0.18457 0.41333 0.195068 0.407715 0.190918 0.420166 0.195068 0.407715 0.201904 0.422363 0.190918 0.420166 0.201904 0.422363 0.200684 0.423828 0.201904 0.422363 0.195068 0.407715 0.204834 0.415039 0.200684 0.423828 0.201904 0.422363 0.304443 0.395264 0.201904 0.422363 0.204834 0.415039 0.229492 0.409912 0.201904 0.422363 0.229492 0.409912 0.304443 0.395264 0.269287 0.907959 0.385498 0.907959 0.267822 0.911621 0.006592 0.937988 0.006592 0.970947 0.004395 0.970459 0.838867 0.010742 0.812012 0.000244 0.841064 0.004639 0.838867 0.010742 0.841064 0.004639 0.842529 0.008057 0.842529 0.008057 0.841064 0.004639 0.867432 0.000244 0.261719 0.109863 0.264648 0.108887 0.254883 0.129639 0.261719 0.109863 0.254883 0.129639 0.212891 0.125488 0.261719 0.109863 0.212891 0.125488 0.248047 0.101807 0.248047 0.101807 0.212891 0.125488 0.211182 0.117188 0.248047 0.101807 0.211182 0.117188 0.212646 0.11377 0.212891 0.125488 0.254883 0.129639 0.213623 0.133301 0.212891 0.125488 0.213623 0.133301 0.19165 0.125732 0.19165 0.125732 0.213623 0.133301 0.184082 0.134033 0.184082 0.134033 0.213623 0.133301 0.177246 0.137695 0.177246 0.137695 0.213623 0.133301 0.274414 0.140625 0.274414 0.140625 0.213623 0.133301 0.254883 0.129639 0.274414 0.140625 0.254883 0.129639 0.274658 0.140137 0.158203 0.610596 0.159424 0.625244 0.148438 0.609619 0.148438 0.609619 0.159424 0.625244 0.15918 0.664795 0.159424 0.625244 0.158203 0.610596 0.160645 0.612061 0.15918 0.664795 0.159424 0.625244 0.164551 0.662842 0.164551 0.662842 0.159424 0.625244 0.160645 0.612061 0.15918 0.664795 0.164551 0.662842 0.152832 0.709229 0.160645 0.612061 0.158203 0.610596 0.1604 0.609375 0.152832 0.709229 0.164551 0.662842 0.167969 0.662842 0.167969 0.662842 0.164551 0.662842 0.160645 0.612061 0.152832 0.709229 0.167969 0.662842 0.153076 0.727051 0.160645 0.612061 0.1604 0.609375 0.163818 0.610352 0.160645 0.612061 0.163818 0.610352 0.167969 0.662842 0.163818 0.610352 0.1604 0.609375 0.159668 0.573242 0.159668 0.573242 0.1604 0.609375 0.155029 0.548584 0.167969 0.662842 0.163818 0.610352 0.178223 0.698242 0.167969 0.662842 0.178223 0.698242 0.153076 0.727051 0.153076 0.727051 0.178223 0.698242 0.183594 0.712891 0.183594 0.712891 0.178223 0.698242 0.188477 0.712891 0.188477 0.712891 0.178223 0.698242 0.239258 0.771729 0.015381 0.651855 0.02124 0.603027 0.024902 0.621338 0.015381 0.651855 0.02124 0.603027 0.013184 0.602783 0.015381 0.651855 0.024902 0.621338 0.024902 0.644531 0.015381 0.651855 0.024902 0.644531 0.018066 0.680176 0.000488 0.812988 0.000488 0.775146 0.003418 0.742676 0.062256 0.088623 0.120117 0.089355 0.1521 0.092041 0.062256 0.088623 0.1521 0.092041 0.147949 0.097412 0.062256 0.088623 0.147949 0.097412 0.062744 0.093262 0.74585 0.76001 0.740967 0.817383 0.718506 0.867432 0.718506 0.867432 0.740967 0.817383 0.735352 0.861328 0.735352 0.861328 0.740967 0.817383 0.737061 0.862061 0.735352 0.861328 0.737061 0.862061 0.748291 0.881348 0.268799 0.035889 0.273438 0.024658 0.297363 0.035645 0.273438 0.024658 0.268799 0.035889 0.243896 0.032227 0.273438 0.024658 0.243896 0.032227 0.263428 0.009277 0.883545 0.960693 0.882813 0.987793 0.875732 0.991943 0.883545 0.960693 0.875732 0.991943 0.87207 0.960449 0.578857 0.913574 0.57251 0.889648 0.671875 0.891357 0.526855 0.211914 0.556152 0.205566 0.57666 0.262207 0.526855 0.211914 0.57666 0.262207 0.550049 0.27417 0.526855 0.211914 0.550049 0.27417 0.525879 0.288818 0.526855 0.211914 0.525879 0.288818 0.494629 0.217285 0.494629 0.217285 0.525879 0.288818 0.50293 0.244141 0.494629 0.217285 0.50293 0.244141 0.487549 0.204834 0.50293 0.244141 0.525879 0.288818 0.520996 0.281738 0.487549 0.204834 0.50293 0.244141 0.473877 0.21582 0.50293 0.244141 0.520996 0.281738 0.48584 0.25415 0.50293 0.244141 0.48584 0.25415 0.473877 0.21582 0.48584 0.25415 0.520996 0.281738 0.507813 0.301514 0.48584 0.25415 0.507813 0.301514 0.494141 0.283203 0.473877 0.21582 0.48584 0.25415 0.474609 0.232666 0.473877 0.21582 0.474609 0.232666 0.469727 0.203613 0.48584 0.25415 0.494141 0.283203 0.482422 0.25293 0.48584 0.25415 0.482422 0.25293 0.474609 0.232666 0.469727 0.203613 0.474609 0.232666 0.470459 0.235352 0.470459 0.235352 0.474609 0.232666 0.482422 0.25293 0.470459 0.235352 0.482422 0.25293 0.494141 0.283203 0.470459 0.235352 0.494141 0.283203 0.489746 0.285156 0.470459 0.235352 0.489746 0.285156 0.458252 0.262207 0.489746 0.285156 0.494141 0.283203 0.483398 0.299805 0.140137 0.031738 0.167236 0.018311 0.15625 0.037842 0.167236 0.018311 0.140137 0.031738 0.126465 0.035889 0.167236 0.018311 0.126465 0.035889 0.16626 0.016602 0.16626 0.016602 0.126465 0.035889 0.143555 0.017334 0.745361 0.745117 0.69165 0.874023 0.693604 0.788574 0.745361 0.745117 0.693604 0.788574 0.643555 0.74585 0.70874 0.70752 0.722412 0.630127 0.760254 0.748535 0.760254 0.748535 0.722412 0.630127 0.755615 0.643311 0.913574 0.552734 0.913574 0.647705 0.911133 0.646973 0.914551 0.662842 0.885254 0.693848 0.88208 0.651123 0.885254 0.693848 0.914551 0.662842 0.914307 0.700195 0.88208 0.651123 0.885254 0.693848 0.847168 0.699463 0.88208 0.651123 0.847168 0.699463 0.843018 0.665283 0.88208 0.651123 0.843018 0.665283 0.86499 0.634277 0.88208 0.651123 0.86499 0.634277 0.880371 0.612305 0.88208 0.651123 0.880371 0.612305 0.881836 0.60498 0.88208 0.651123 0.914551 0.662842 0.885986 0.641602 0.885986 0.641602 0.88208 0.651123 0.881836 0.60498 0.914551 0.662842 0.885986 0.641602 0.911133 0.655762 0.885986 0.641602 0.881836 0.60498 0.885742 0.612549 0.911133 0.655762 0.885986 0.641602 0.896973 0.643555 0.885986 0.641602 0.885742 0.612549 0.888916 0.624756 0.885986 0.641602 0.888916 0.624756 0.896973 0.643555 0.72583 0.120605 0.730713 0.063721 0.733154 0.129395 0.386475 0.977051 0.380127 0.981689 0.378906 0.971436 0.2229 0.035156 0.2229 0.02417 0.225098 0.035156 0.273926 0.976074 0.272705 0.973389 0.277344 0.964111 0.755859 0.870605 0.74585 0.864502 0.762207 0.86377 0.755859 0.870605 0.762207 0.86377 0.768799 0.867676 0.768799 0.867676 0.762207 0.86377 0.771729 0.863281 0.755859 0.870605 0.768799 0.867676 0.776855 0.883301 0.755859 0.870605 0.776855 0.883301 0.759521 0.880127 0.768799 0.867676 0.771729 0.863281 0.780029 0.869873 0.768799 0.867676 0.780029 0.869873 0.776855 0.883301 0.780029 0.869873 0.771729 0.863281 0.802246 0.806152 0.780029 0.869873 0.802246 0.806152 0.785889 0.870117 0.780029 0.869873 0.785889 0.870117 0.789063 0.876221 0.780029 0.869873 0.789063 0.876221 0.776855 0.883301 0.789063 0.876221 0.785889 0.870117 0.792969 0.874023 0.768555 0.886719 0.759521 0.880127 0.776855 0.883301 0.768555 0.886719 0.776855 0.883301 0.7854 0.889893 0.768555 0.886719 0.7854 0.889893 0.801025 0.914551 0.759521 0.880127 0.768555 0.886719 0.730713 0.905029 0.730713 0.905029 0.768555 0.886719 0.732422 0.910645 0.974365 0.976807 0.974365 0.933105 0.993652 0.961914 0.011963 0.936279 0.049561 0.965088 0.025635 0.962402 0.049561 0.965088 0.011963 0.936279 0.049805 0.912109 0.025635 0.962402 0.049561 0.965088 0.01123 0.982666 0.025635 0.962402 0.01123 0.982666 0.011963 0.936279 0.883301 0.534668 0.887695 0.546631 0.86792 0.544434 0.883301 0.534668 0.86792 0.544434 0.864014 0.522217 0.883301 0.534668 0.864014 0.522217 0.884033 0.505127 0.884033 0.505127 0.864014 0.522217 0.846436 0.51001 0.846436 0.51001 0.864014 0.522217 0.8479 0.53125 0.8479 0.53125 0.864014 0.522217 0.86792 0.544434 0.86792 0.544434 0.887695 0.546631 0.865234 0.550537 0.86792 0.544434 0.865234 0.550537 0.8479 0.53125 0.8479 0.53125 0.865234 0.550537 0.837891 0.557861 0.865234 0.550537 0.887695 0.546631 0.883301 0.575195 0.837891 0.557861 0.865234 0.550537 0.849609 0.584473 0.849609 0.584473 0.865234 0.550537 0.883301 0.575195 0.849609 0.584473 0.883301 0.575195 0.886475 0.60083 0.129639 0.061768 0.114014 0.076172 0.079346 0.064941 0.114014 0.076172 0.129639 0.061768 0.166016 0.090088 0.925293 0.001465 0.927979 0.002686 0.925781 0.026611 0.925781 0.026611 0.927979 0.002686 0.978516 0.00293 0.023926 0.162598 0.002441 0.104248 0.025635 0.109863 0.025635 0.109863 0.002441 0.104248 0.015869 0.09082 0.054443 0.956299 0.056152 0.870605 0.084717 0.906006 0.054443 0.956299 0.084717 0.906006 0.088135 0.940674 0.088135 0.940674 0.084717 0.906006 0.091064 0.91333 0.088135 0.940674 0.091064 0.91333 0.10083 0.938232 0.10083 0.938232 0.091064 0.91333 0.096436 0.918945 0.10083 0.938232 0.096436 0.918945 0.141846 0.947998 0.141846 0.947998 0.096436 0.918945 0.123779 0.897705 0.088135 0.940674 0.10083 0.938232 0.099854 0.939697 0.099854 0.939697 0.10083 0.938232 0.108643 0.956787 0.088135 0.940674 0.099854 0.939697 0.081787 0.945313 0.081787 0.945313 0.099854 0.939697 0.097412 0.942383 0.097412 0.942383 0.099854 0.939697 0.102539 0.949707 0.786133 0.747559 0.783691 0.75415 0.778809 0.751953 0.778809 0.751953 0.783691 0.75415 0.749023 0.779541 0.786133 0.747559 0.783691 0.75415 0.790771 0.756836 0.790771 0.756836 0.786133 0.747559 0.801514 0.747559 0.801514 0.747559 0.786133 0.747559 0.784668 0.739014 0.790771 0.756836 0.801514 0.747559 0.817627 0.750244 0.817627 0.750244 0.801514 0.747559 0.844238 0.747314 0.607422 0.928467 0.613281 0.939453 0.609619 0.94751 0.613281 0.939453 0.607422 0.928467 0.632813 0.921631 0.632813 0.921631 0.607422 0.928467 0.605469 0.919434 0.632813 0.921631 0.605469 0.919434 0.674072 0.896973 0.261475 0.979492 0.253662 0.974365 0.262695 0.977295 0.261475 0.979492 0.262695 0.977295 0.265137 0.979248 0.253662 0.974365 0.261475 0.979492 0.246826 0.996826 0.253662 0.974365 0.246826 0.996826 0.239258 0.991211 0.262695 0.977295 0.253662 0.974365 0.25708 0.969727 0.262695 0.977295 0.25708 0.969727 0.26709 0.972412 0.26709 0.972412 0.25708 0.969727 0.264404 0.967529 0.264404 0.967529 0.25708 0.969727 0.246338 0.962646 0.25708 0.969727 0.253662 0.974365 0.242188 0.968506 0.242188 0.968506 0.253662 0.974365 0.239258 0.991211 0.25708 0.969727 0.242188 0.968506 0.246338 0.962646 0.242188 0.968506 0.239258 0.991211 0.226318 0.985352 0.246338 0.962646 0.242188 0.968506 0.234131 0.962158 0.234131 0.962158 0.242188 0.968506 0.226318 0.985352 0.246338 0.962646 0.234131 0.962158 0.237061 0.958252 0.234131 0.962158 0.237061 0.958252 0.226074 0.955566 0.234131 0.962158 0.226318 0.985352 0.227539 0.963135 0.234131 0.962158 0.227539 0.963135 0.226074 0.955566 0.227539 0.963135 0.226318 0.985352 0.213867 0.984131 0.226074 0.955566 0.227539 0.963135 0.218018 0.959717 0.218018 0.959717 0.227539 0.963135 0.213867 0.984131 0.218018 0.959717 0.213867 0.984131 0.204834 0.962402 0.984131 0.825195 0.994629 0.806152 0.992188 0.856201 0.984131 0.825195 0.994629 0.806152 0.974609 0.815918 0.984131 0.825195 0.992188 0.856201 0.977539 0.841064 0.977539 0.841064 0.984131 0.825195 0.974609 0.815918 0.145264 0.973633 0.145264 0.953613 0.142334 0.953857 0.998047 0.936279 1 0.914795 0.999756 0.949951 0.729492 0.01001 0.711426 0.01709 0.710449 0.014648 0.711426 0.01709 0.729492 0.01001 0.72876 0.013428 0.711426 0.01709 0.72876 0.013428 0.720459 0.015869 0.72876 0.013428 0.729492 0.01001 0.763428 0.015137 0.968262 0.491699 0.962891 0.461182 0.97168 0.49292 0.968262 0.491699 0.97168 0.49292 0.960205 0.520996 0.893066 0.742676 0.921143 0.770264 0.914307 0.776855 0.921143 0.770264 0.893066 0.742676 0.928711 0.736084 0.921143 0.770264 0.928711 0.736084 0.931152 0.772461 0.928711 0.736084 0.893066 0.742676 0.933594 0.688232 0.933594 0.688232 0.893066 0.742676 0.9104 0.714844 0.947266 0.404541 0.95874 0.399658 0.95459 0.414551 0.947266 0.404541 0.95459 0.414551 0.944092 0.40625 0.944092 0.40625 0.95459 0.414551 0.950684 0.432861 0.947266 0.404541 0.944092 0.40625 0.953857 0.389648 0.947266 0.404541 0.953857 0.389648 0.95874 0.399658 0.950684 0.432861 0.95459 0.414551 0.96875 0.417969 0.95459 0.414551 0.95874 0.399658 0.965088 0.406494 0.95459 0.414551 0.965088 0.406494 0.96875 0.417969 0.95874 0.399658 0.953857 0.389648 0.962646 0.397705 0.95874 0.399658 0.962646 0.397705 0.965088 0.406494 0.96875 0.417969 0.965088 0.406494 0.970459 0.403564 0.970459 0.403564 0.965088 0.406494 0.962646 0.397705 0.950684 0.432861 0.96875 0.417969 0.97168 0.431641 0.950684 0.432861 0.97168 0.431641 0.955566 0.437012 0.962646 0.397705 0.953857 0.389648 0.977295 0.392578 0.962646 0.397705 0.977295 0.392578 0.970459 0.403564 0.977295 0.392578 0.953857 0.389648 0.97876 0.390381 0.96875 0.417969 0.970459 0.403564 0.981445 0.415039 0.981445 0.415039 0.970459 0.403564 0.977295 0.392578 0.96875 0.417969 0.981445 0.415039 0.97168 0.431641 0.977295 0.392578 0.97876 0.390381 0.983887 0.410156 0.977295 0.392578 0.983887 0.410156 0.981445 0.415039 0.97168 0.431641 0.981445 0.415039 0.981689 0.420898 0.981689 0.420898 0.981445 0.415039 0.983887 0.410156 0.981689 0.43457 0.955566 0.437012 0.97168 0.431641 0.981689 0.43457 0.97168 0.431641 0.981689 0.420898 0.955566 0.437012 0.981689 0.43457 0.963135 0.44458 0.963135 0.44458 0.981689 0.43457 0.970703 0.443359 0.970703 0.443359 0.981689 0.43457 0.983643 0.437012 0.983643 0.437012 0.981689 0.43457 0.990723 0.420654 0.981689 0.420898 0.983887 0.410156 0.98877 0.413574 0.981689 0.420898 0.98877 0.413574 0.981689 0.43457 0.981689 0.43457 0.98877 0.413574 0.990723 0.420654 0.98877 0.413574 0.983887 0.410156 0.97876 0.390381 0.990723 0.420654 0.98877 0.413574 0.990723 0.397949 0.990723 0.397949 0.98877 0.413574 0.97876 0.390381 0.138672 0.055908 0.134277 0.057129 0.116455 0.043945 0.138672 0.055908 0.116455 0.043945 0.121582 0.042725 0.138672 0.055908 0.121582 0.042725 0.133057 0.040771 0.138672 0.055908 0.133057 0.040771 0.14209 0.055908 0.14209 0.055908 0.133057 0.040771 0.149902 0.059082 0.14209 0.055908 0.149902 0.059082 0.138672 0.055908 0.149902 0.059082 0.133057 0.040771 0.142822 0.039307 0.149902 0.059082 0.142822 0.039307 0.164063 0.061768 0.149902 0.059082 0.138672 0.055908 0.169189 0.076416 0.169189 0.076416 0.149902 0.059082 0.164063 0.061768 0.169189 0.076416 0.164063 0.061768 0.208984 0.039307 0.169189 0.076416 0.208984 0.039307 0.202393 0.090332 0.169189 0.076416 0.202393 0.090332 0.186279 0.088623 0.169189 0.076416 0.186279 0.088623 0.17041 0.080322 0.17041 0.080322 0.186279 0.088623 0.179443 0.096191 0.17041 0.080322 0.179443 0.096191 0.170654 0.088135 0.170654 0.088135 0.179443 0.096191 0.181641 0.126709 0.170654 0.088135 0.181641 0.126709 0.17334 0.110596 0.378662 0.016846 0.368408 0.022217 0.364746 0.009033 0.368408 0.022217 0.378662 0.016846 0.371338 0.031006 0.91626 0.043701 0.902344 0.088135 0.89502 0.06958 0.902344 0.088135 0.91626 0.043701 0.92041 0.046143 0.902344 0.088135 0.92041 0.046143 0.912842 0.118408 0.91626 0.043701 0.89502 0.06958 0.911377 0.040283 0.911377 0.040283 0.89502 0.06958 0.889404 0.067139 0.889404 0.067139 0.89502 0.06958 0.842041 0.061523 0.706543 0.958252 0.711426 0.952393 0.710693 0.977783 0.914795 0.993408 0.914551 0.980469 0.944336 0.996826 0.914795 0.993408 0.914551 0.980469 0.887939 0.973633 0.914551 0.980469 0.887939 0.973633 0.933838 0.945313 0.914551 0.980469 0.933838 0.945313 0.944336 0.996826 0.944336 0.996826 0.933838 0.945313 0.969971 0.978271 0.050049 0.703613 0.043213 0.704102 0.045166 0.627197 0.035156 0.308105 0.035156 0.38501 0.0271 0.352539 0.022705 0.348877 0.013184 0.322754 0.019531 0.272949 0.89502 0.444336 0.89502 0.350586 0.909668 0.444336 0.617676 0.056152 0.58667 0.043945 0.61377 0.052246 0.617676 0.056152 0.61377 0.052246 0.639404 0.036621 0.617676 0.056152 0.639404 0.036621 0.640381 0.038086 0.617676 0.056152 0.640381 0.038086 0.607178 0.082764 0.639404 0.036621 0.640381 0.038086 0.656006 0.040283 0.607178 0.082764 0.640381 0.038086 0.642822 0.039551 0.642822 0.039551 0.640381 0.038086 0.656006 0.040283 0.607178 0.082764 0.642822 0.039551 0.618408 0.093262 0.618408 0.093262 0.642822 0.039551 0.656006 0.040283 0.038574 0.842041 0.045898 0.853271 0.031494 0.835938 0.031494 0.835938 0.045898 0.853271 0.026123 0.833496 0.04541 0.83252 0.045898 0.852783 0.038574 0.842041 0.038574 0.842041 0.031494 0.835938 0.035889 0.808838 0.038574 0.842041 0.035889 0.808838 0.04541 0.83252 0.031494 0.835938 0.026123 0.833496 0.033936 0.806396 0.031494 0.835938 0.033936 0.806396 0.035889 0.808838 0.04541 0.83252 0.035889 0.808838 0.038574 0.803955 0.038574 0.803955 0.035889 0.808838 0.033936 0.806396 0.04541 0.83252 0.038574 0.803955 0.045166 0.801758 0.045166 0.801758 0.038574 0.803955 0.045166 0.780029 0.045166 0.780029 0.038574 0.803955 0.039551 0.783447 0.038574 0.803955 0.039551 0.783447 0.033936 0.806396 0.039551 0.783447 0.033936 0.806396 0.036865 0.785645 0.036865 0.785645 0.033936 0.806396 0.031494 0.805664 0.031494 0.805664 0.033936 0.806396 0.026123 0.833496 0.031494 0.805664 0.026123 0.833496 0.01416 0.853271 0.865234 0.32666 0.912598 0.301758 0.918457 0.312256 0.912598 0.301758 0.918457 0.312256 0.930908 0.315918 0.930908 0.315918 0.918457 0.312256 0.927246 0.319092 0.930908 0.315918 0.912598 0.301758 0.910889 0.28833 0.930908 0.315918 0.910889 0.28833 0.934814 0.303955 0.930908 0.315918 0.934814 0.303955 0.947998 0.323242 0.947998 0.323242 0.934814 0.303955 0.942627 0.308594 0.934814 0.303955 0.942627 0.308594 0.942871 0.297363 0.947998 0.323242 0.942627 0.308594 0.949707 0.315186 0.057373 0.252686 0.084229 0.299561 0.080811 0.340576 0.080811 0.340576 0.084229 0.299561 0.106689 0.321289 0.106689 0.321289 0.084229 0.299561 0.098145 0.303467 0.106689 0.321289 0.098145 0.303467 0.107666 0.299072 0.080811 0.340576 0.106689 0.321289 0.054443 0.377197 0.080811 0.340576 0.054443 0.377197 0.060547 0.353027 0.054443 0.377197 0.106689 0.321289 0.11792 0.34082 0.11792 0.34082 0.106689 0.321289 0.172852 0.338379 0.974121 0.449463 0.976074 0.471924 0.965332 0.450928 0.976074 0.471924 0.974121 0.449463 0.992188 0.450439 0.976074 0.471924 0.992188 0.450439 0.999756 0.484619 0.999756 0.484619 0.992188 0.450439 0.998291 0.449219 0.962646 0.554443 0.968262 0.577148 0.961182 0.617432 0.961182 0.617432 0.968262 0.577148 0.9729 0.617676 0.002686 0.387451 0.001221 0.316406 0.029785 0.387939 0.029785 0.387939 0.001221 0.316406 0.02124 0.362061 0.163818 0.90625 0.187012 0.897949 0.185547 0.968994 0.163818 0.90625 0.185547 0.968994 0.16626 0.959473 0.388184 0.029541 0.420898 0.038574 0.410645 0.037354 0.420898 0.038574 0.388184 0.029541 0.383301 0.01123 0.388184 0.029541 0.410645 0.037354 0.380371 0.028564 0.380371 0.028564 0.410645 0.037354 0.409912 0.048096 0.380371 0.028564 0.409912 0.048096 0.374756 0.039795 0.335693 0.026123 0.34668 0.032959 0.327881 0.038086 0.34668 0.032959 0.335693 0.026123 0.347656 0.030273 0.347656 0.030273 0.335693 0.026123 0.344482 0.007813 0.347656 0.030273 0.344482 0.007813 0.355225 0.006104 0.347656 0.030273 0.355225 0.006104 0.361572 0.022461 0.347656 0.030273 0.361572 0.022461 0.366211 0.035645 0.347656 0.030273 0.366211 0.035645 0.34668 0.032959 0.34668 0.032959 0.366211 0.035645 0.370605 0.039063 0.005859 0.151367 0.010254 0.178955 0.000244 0.199951 0.010254 0.178955 0.005859 0.151367 0.004639 0.12793 0.010254 0.178955 0.004639 0.12793 0.008301 0.15332 0.010254 0.178955 0.008301 0.15332 0.021729 0.186768 0.795654 0.125 0.746338 0.167725 0.763672 0.126709 0.763672 0.126709 0.746338 0.167725 0.69751 0.145996 0.472656 0.824463 0.511963 0.815674 0.503418 0.828369 0.511963 0.815674 0.472656 0.824463 0.508301 0.814453 0.472656 0.824463 0.503418 0.828369 0.446045 0.837402 0.508301 0.814453 0.472656 0.824463 0.443604 0.829102 0.446045 0.837402 0.503418 0.828369 0.45459 0.839111 0.45459 0.839111 0.503418 0.828369 0.51001 0.831299 0.45459 0.839111 0.51001 0.831299 0.493408 0.837646 0.45459 0.839111 0.493408 0.837646 0.443359 0.841797 0.443604 0.829102 0.472656 0.824463 0.440674 0.831055 0.440674 0.831055 0.472656 0.824463 0.446045 0.837402 0.446045 0.837402 0.45459 0.839111 0.441895 0.840332 0.441895 0.840332 0.45459 0.839111 0.443359 0.841797 0.446045 0.837402 0.441895 0.840332 0.440674 0.831055 0.441895 0.840332 0.443359 0.841797 0.421143 0.854492 0.421143 0.854492 0.443359 0.841797 0.424561 0.860596 0.421143 0.854492 0.424561 0.860596 0.422852 0.86084 0.421143 0.854492 0.422852 0.86084 0.385254 0.863037 0.421143 0.854492 0.385254 0.863037 0.389648 0.857178 0.441895 0.840332 0.421143 0.854492 0.421631 0.845947 0.421631 0.845947 0.421143 0.854492 0.389648 0.857178 0.441895 0.840332 0.421631 0.845947 0.440674 0.831055 0.421631 0.845947 0.389648 0.857178 0.37085 0.827148 0.421631 0.845947 0.37085 0.827148 0.440674 0.831055 0.440674 0.831055 0.37085 0.827148 0.410645 0.824219 0.440674 0.831055 0.410645 0.824219 0.443604 0.829102 0.410645 0.824219 0.37085 0.827148 0.365967 0.824219 0.410645 0.824219 0.365967 0.824219 0.375977 0.814209 0.443604 0.829102 0.410645 0.824219 0.441895 0.826904 0.441895 0.826904 0.410645 0.824219 0.375977 0.814209 0.441895 0.826904 0.375977 0.814209 0.441162 0.825195 0.443604 0.829102 0.441895 0.826904 0.508301 0.814453 0.508301 0.814453 0.441895 0.826904 0.502686 0.8125 0.81958 0.932861 0.813477 0.948975 0.806885 0.944336 0.813477 0.948975 0.81958 0.932861 0.840576 0.937012 0.813477 0.948975 0.840576 0.937012 0.81543 0.951172 0.81958 0.932861 0.806885 0.944336 0.802734 0.943115 0.81958 0.932861 0.802734 0.943115 0.823242 0.902832 0.806885 0.944336 0.802734 0.943115 0.800049 0.957031 0.823242 0.902832 0.802734 0.943115 0.803955 0.921143 0.802734 0.943115 0.800049 0.957031 0.798828 0.939941 0.802734 0.943115 0.798828 0.939941 0.803955 0.921143 0.803955 0.921143 0.798828 0.939941 0.794189 0.921875 0.794189 0.921875 0.798828 0.939941 0.793701 0.942139 0.794189 0.921875 0.793701 0.942139 0.777832 0.904053 0.777832 0.904053 0.793701 0.942139 0.769775 0.94873 0.777832 0.904053 0.769775 0.94873 0.745605 0.912109 0.071289 0.215332 0.089355 0.203369 0.096924 0.210449 0.096924 0.210449 0.089355 0.203369 0.105713 0.201416 0.105713 0.201416 0.089355 0.203369 0.084473 0.178711 0.084473 0.178711 0.089355 0.203369 0.072754 0.181641 0.105713 0.201416 0.084473 0.178711 0.104004 0.186768 0.105713 0.201416 0.104004 0.186768 0.112305 0.201172 0.112305 0.201172 0.104004 0.186768 0.141846 0.143799 0.112305 0.201172 0.141846 0.143799 0.180176 0.215332 0.306152 0.089111 0.259033 0.075684 0.281006 0.087646 0.306152 0.089111 0.281006 0.087646 0.307861 0.092529 0.281006 0.087646 0.307861 0.092529 0.280273 0.141357 0.306152 0.089111 0.307861 0.092529 0.308105 0.0896 0.307861 0.092529 0.308105 0.0896 0.356201 0.071777 0.995605 0.337646 0.986572 0.337646 0.995361 0.290039 0.806885 0.012695 0.753906 0.008057 0.77417 0.001465 0.806885 0.012695 0.77417 0.001465 0.807129 0.005371 0.807129 0.005371 0.77417 0.001465 0.807373 0.000488 0.858643 0.023438 0.833008 0.063965 0.84082 0.041748 0.84082 0.041748 0.833008 0.063965 0.831299 0.063477 0.84082 0.041748 0.831299 0.063477 0.800781 0.023438 0.373291 0.992188 0.363037 0.960205 0.374512 0.967773 0.363037 0.960205 0.373291 0.992188 0.363037 0.986572 0.680664 0.153076 0.782471 0.186523 0.681152 0.190918 0 0.031982 0 0.02124 0.00293 0.023193 0.003418 0.205566 0.016357 0.266846 0.014648 0.268066 0.016357 0.266846 0.003418 0.205566 0.021484 0.19458 0.720215 0.084717 0.649902 0.084717 0.658936 0.05249 0.649902 0.084717 0.720215 0.084717 0.631592 0.086182 0.088867 0.173828 0.0625 0.110352 0.126221 0.101807 0.088867 0.173828 0.126221 0.101807 0.166748 0.114258 0.088867 0.173828 0.166748 0.114258 0.168945 0.115967 0.932861 0.611572 0.927002 0.637451 0.924072 0.552979 0.924072 0.552979 0.927002 0.637451 0.924316 0.636719 0.793213 0.963135 0.793213 0.994141 0.76001 0.990479 0.008301 0.85791 0.049805 0.85791 0.015869 0.915283 0.015869 0.915283 0.049805 0.85791 0.009521 0.93042 0.806396 0.801025 0.76001 0.786621 0.807129 0.761719 0.806396 0.801025 0.807129 0.761719 0.845947 0.790771 0.845947 0.790771 0.807129 0.761719 0.856201 0.75 0.806396 0.801025 0.845947 0.790771 0.824951 0.838379 0.824951 0.838379 0.845947 0.790771 0.851563 0.851074 0.635742 0.029053 0.638916 0.020752 0.643066 0.020752 0.635742 0.029053 0.643066 0.020752 0.659912 0.033936 0.638916 0.020752 0.635742 0.029053 0.635742 0.013184 0.635742 0.013184 0.635742 0.029053 0.613525 0.043945 0.635742 0.013184 0.613525 0.043945 0.630615 0.011475 0.630615 0.011475 0.613525 0.043945 0.601563 0.035889 0.630615 0.011475 0.601563 0.035889 0.626221 0.006592 0.626221 0.006592 0.601563 0.035889 0.625 0.003174 0.13623 0.861328 0.143311 0.828857 0.164307 0.808594 0.13623 0.861328 0.164307 0.808594 0.158936 0.82666 0.164307 0.808594 0.143311 0.828857 0.166016 0.790771 0.166016 0.790771 0.143311 0.828857 0.167236 0.77832 0.158936 0.82666 0.164307 0.808594 0.183105 0.782227 0.166016 0.790771 0.167236 0.77832 0.169678 0.780518 0.169678 0.780518 0.167236 0.77832 0.142822 0.734619 0.169678 0.780518 0.142822 0.734619 0.132813 0.7146 0.169678 0.780518 0.132813 0.7146 0.170898 0.777344 0.166016 0.790771 0.169678 0.780518 0.172852 0.783447 0.169678 0.780518 0.172852 0.783447 0.170898 0.777344 0.166016 0.790771 0.172852 0.783447 0.164307 0.808594 0.164307 0.808594 0.172852 0.783447 0.183105 0.782227 0.170898 0.777344 0.172852 0.783447 0.175537 0.778564 0.175537 0.778564 0.172852 0.783447 0.183105 0.782227 0.183105 0.790771 0.158936 0.82666 0.183105 0.782227 0.158936 0.82666 0.183105 0.790771 0.19043 0.79126 0.183105 0.790771 0.183105 0.782227 0.188232 0.785156 0.183105 0.790771 0.188232 0.785156 0.19043 0.79126 0.188232 0.785156 0.183105 0.782227 0.231689 0.775879 0.188232 0.785156 0.231689 0.775879 0.25 0.781006 0.188232 0.785156 0.25 0.781006 0.245361 0.787354 0.188232 0.785156 0.245361 0.787354 0.19043 0.79126 0.19043 0.79126 0.245361 0.787354 0.193604 0.795166 0.193604 0.795166 0.245361 0.787354 0.248779 0.793213 0.193604 0.795166 0.248779 0.793213 0.23291 0.798096 0.762451 0.467041 0.687988 0.449707 0.763428 0.45166 0.687988 0.449707 0.763428 0.45166 0.72583 0.442627 0.770996 0.455078 0.797119 0.482422 0.763428 0.45166 0.72583 0.442627 0.763428 0.45166 0.762451 0.446533 0.763428 0.45166 0.762451 0.446533 0.770996 0.455078 0.770996 0.455078 0.762451 0.446533 0.773193 0.453613 0.770996 0.455078 0.773193 0.453613 0.798096 0.482666 0.762451 0.446533 0.773193 0.453613 0.775146 0.448975 0.775146 0.448975 0.762451 0.446533 0.761963 0.44043 0.761963 0.44043 0.762451 0.446533 0.72583 0.442627 0.775146 0.448975 0.761963 0.44043 0.793457 0.450439 0.793457 0.450439 0.761963 0.44043 0.775146 0.44043 0.775146 0.44043 0.761963 0.44043 0.759277 0.433838 0.761963 0.44043 0.72583 0.442627 0.742676 0.437012 0.761963 0.44043 0.742676 0.437012 0.759277 0.433838 0.742676 0.437012 0.72583 0.442627 0.711426 0.429199 0.742676 0.437012 0.711426 0.429199 0.738525 0.42334 0.742676 0.437012 0.738525 0.42334 0.759277 0.433838 0.738525 0.42334 0.759277 0.433838 0.756592 0.427002 0.756592 0.427002 0.738525 0.42334 0.733643 0.397461 0.756592 0.427002 0.733643 0.397461 0.733398 0.382568 0.759277 0.433838 0.756592 0.427002 0.76709 0.424316 0.759277 0.433838 0.76709 0.424316 0.772217 0.431641 0.772217 0.431641 0.76709 0.424316 0.773193 0.423828 0.773193 0.423828 0.76709 0.424316 0.78125 0.411621 0.78125 0.411621 0.76709 0.424316 0.773438 0.414307 0.756592 0.427002 0.733398 0.382568 0.765625 0.421631 0.765625 0.421631 0.756592 0.427002 0.76709 0.424316 0.76709 0.424316 0.765625 0.421631 0.773438 0.414307 0.765625 0.421631 0.733398 0.382568 0.755127 0.397461 0.773438 0.414307 0.765625 0.421631 0.766602 0.417236 0.766602 0.417236 0.765625 0.421631 0.755127 0.397461 0.773438 0.414307 0.766602 0.417236 0.776855 0.366699 0.776855 0.366699 0.766602 0.417236 0.755127 0.397461 0.505127 0.045654 0.508789 0.017822 0.508789 0.050293 0.508789 0.017822 0.505127 0.045654 0.502441 0.018555 0.508789 0.017822 0.502441 0.018555 0.509521 0.011963 0.509521 0.011963 0.502441 0.018555 0.483398 0.010986 0.995605 0.170166 0.995605 0.214111 0.990479 0.17041 0.938721 0.402588 0.915771 0.377197 0.951904 0.369873 0.951904 0.369873 0.915771 0.377197 0.94165 0.365479 0.915771 0.377197 0.938721 0.402588 0.908936 0.404541 0.908936 0.404541 0.938721 0.402588 0.920898 0.450684 0.908936 0.404541 0.915771 0.377197 0.912354 0.374756 0.915771 0.377197 0.912354 0.374756 0.94165 0.365479 0.94165 0.365479 0.912354 0.374756 0.912109 0.368164 0.592285 0.49292 0.567871 0.448486 0.585693 0.471191 0.567871 0.448486 0.592285 0.49292 0.577393 0.469238 0.585693 0.471191 0.567871 0.448486 0.543213 0.396484 0.585693 0.471191 0.543213 0.396484 0.586914 0.458496 0.586914 0.458496 0.543213 0.396484 0.559082 0.402344 0.543213 0.396484 0.567871 0.448486 0.555176 0.427246 0.555176 0.427246 0.567871 0.448486 0.577393 0.469238 0.555176 0.427246 0.577393 0.469238 0.555176 0.439453 0.555176 0.439453 0.577393 0.469238 0.585693 0.495117 0.555176 0.439453 0.585693 0.495117 0.568848 0.467529 0.555176 0.439453 0.568848 0.467529 0.540771 0.416504 0.540771 0.416504 0.568848 0.467529 0.530518 0.402588 0.555176 0.427246 0.555176 0.439453 0.536865 0.407227 0.536865 0.407227 0.555176 0.439453 0.540771 0.416504 0.540771 0.416504 0.530518 0.402588 0.529297 0.399414 0.540771 0.416504 0.529297 0.399414 0.536865 0.407227 0.529297 0.399414 0.530518 0.402588 0.528564 0.401611 0.555176 0.427246 0.536865 0.407227 0.540283 0.397705 0.555176 0.427246 0.540283 0.397705 0.543213 0.396484 0.540283 0.397705 0.536865 0.407227 0.529297 0.399414 0.543213 0.396484 0.540283 0.397705 0.541016 0.387207 0.541016 0.387207 0.540283 0.397705 0.529297 0.399414 0.543213 0.396484 0.541016 0.387207 0.549805 0.380127 0.549805 0.380127 0.541016 0.387207 0.546631 0.379395 0.549805 0.380127 0.546631 0.379395 0.594971 0.330078 0.450684 0.360596 0.529297 0.399414 0.528564 0.401611 0.450684 0.360596 0.528564 0.401611 0.496094 0.389893 0.450684 0.360596 0.496094 0.389893 0.428711 0.358154 0.428711 0.358154 0.496094 0.389893 0.40918 0.351318 0.529297 0.399414 0.450684 0.360596 0.446533 0.350098 0.484863 0.361328 0.541016 0.387207 0.529297 0.399414 0.484863 0.361328 0.529297 0.399414 0.446533 0.350098 0.541016 0.387207 0.484863 0.361328 0.530762 0.380615 0.484863 0.361328 0.446533 0.350098 0.441406 0.331299 0.530762 0.380615 0.484863 0.361328 0.450439 0.335693 0.450439 0.335693 0.484863 0.361328 0.441406 0.331299 0.995117 0.165527 0.994141 0.156006 0.99585 0.150146 0.99585 0.150146 0.994141 0.156006 0.993896 0.122314 0.993896 0.122314 0.994141 0.156006 0.986328 0.154053 0.887207 0.806885 0.881836 0.749023 0.888672 0.776123 0.888672 0.776123 0.881836 0.749023 0.888916 0.709717 0.039307 0.053223 0.123047 0.056396 0.052246 0.059326 0.039307 0.053223 0.052246 0.059326 0.049561 0.132813 0.0354 0.022217 0.041748 0.000244 0.059082 0.019043 0.0354 0.022217 0.059082 0.019043 0.056152 0.027832 0.0354 0.022217 0.056152 0.027832 0.057861 0.032715 0.0354 0.022217 0.057861 0.032715 0.01001 0.023682 0.01001 0.023682 0.057861 0.032715 0.039307 0.035889 0.993896 0.358398 0.991211 0.391357 0.992432 0.342285 0.991211 0.391357 0.993896 0.358398 0.993652 0.390381 0.31665 0.971924 0.330322 0.976318 0.310791 0.985107 0.330322 0.976318 0.31665 0.971924 0.33252 0.922852 0 0.544922 0.001953 0.546387 0.000244 0.618408 0.423828 0.277832 0.425049 0.276855 0.479004 0.29248 0.425049 0.276855 0.423828 0.277832 0.422363 0.261719 0.423828 0.277832 0.422363 0.261719 0.422852 0.273193 0.422852 0.273193 0.423828 0.277832 0.358887 0.289551</float_array>
          <technique_common>
            <accessor source="#Desk3-mesh-map-0-array" count="5901" stride="2">
              <param name="S" type="float"/>
              <param name="T" type="float"/>
            </accessor>
          </technique_common>
        </source>
        <vertices id="Desk3-mesh-vertices">
          <input semantic="POSITION" source="#Desk3-mesh-positions"/>
        </vertices>
        <polylist material="Material_-1-material" count="6">
          <input semantic="VERTEX" source="#Desk3-mesh-vertices" offset="0"/>
          <input semantic="NORMAL" source="#Desk3-mesh-normals" offset="1"/>
          <input semantic="TEXCOORD" source="#Desk3-mesh-map-0" offset="2" set="0"/>
          <vcount>3 3 3 3 3 3 3 3 3 3 3 3 3 3 3 3 3 3 3 3 3 3 3 3 3 3 3 3 3 3 3 3 3 3 3 3 3 3 3 3 3 3 3 3 3 3 3 3 3 3 3 3 3 3 3 3 3 3 3 3 3 3 3 3 3 3 3 3 3 3 3 3 3 3 3 3 3 3 3 3 3 3 3 3 3 3 3 3 3 3 3 3 3 3 3 3 3 3 3 3 3 3 3 3 3 3 3 3 3 3 3 3 3 3 3 3 3 3 3 3 3 3 3 3 3 3 3 3 3 3 3 3 3 3 3 3 3 3 3 3 3 3 3 3 3 3 3 3 3 3 3 3 3 3 3 3 3 3 3 3 3 3 3 3 3 3 3 3 3 3 3 3 3 3 3 3 3 3 3 3 3 3 3 3 3 3 3 3 3 3 3 3 3 3 3 3 3 3 3 3 3 3 3 3 3 3 3 3 3 3 3 3 3 3 3 3 3 3 3 3 3 3 3 3 3 3 3 3 3 3 3 3 3 3 3 3 3 3 3 3 3 3 3 3 3 3 3 3 3 3 3 3 3 3 3 3 3 3 3 3 3 3 3 3 3 3 3 3 3 3 3 3 3 3 3 3 3 3 3 3 3 3 3 3 3 3 3 3 3 3 3 3 3 3 3 3 3 3 3 3 3 3 3 3 3 3 3 3 3 3 3 3 3 3 3 3 3 3 3 3 3 3 3 3 3 3 3 3 3 3 3 3 3 3 3 3 3 3 3 3 3 3 3 3 3 3 3 3 3 3 3 3 3 3 3 3 3 3 3 3 3 3 3 3 3 3 3 3 3 3 3 3 3 3 3 3 3 3 3 3 3 3 3 3 3 3 3 3 3 3 3 3 3 3 3 3 3 3 3 3 3 3 3 3 3 3 3 3 3 3 3 3 3 3 3 3 3 3 3 3 3 3 3 3 3 3 3 3 3 3 3 3 3 3 3 3 3 3 3 3 3 3 3 3 3 3 3 3 3 3 3 3 3 3 3 3 3 3 3 3 3 3 3 3 3 3 3 3 3 3 3 3 3 3 3 3 3 3 3 3 3 3 3 3 3 3 3 3 3 3 3 3 3 3 3 3 3 3 3 3 3 3 3 3 3 3 3 3 3 3 3 3 3 3 3 3 3 3 3 3 3 3 3 3 3 3 3 3 3 3 3 3 3 3 3 3 3 3 3 3 3 3 3 3 3 3 3 3 3 3 3 3 3 3 3 3 3 3 3 3 3 3 3 3 3 3 3 3 3 3 3 3 3 3 3 3 3 3 3 3 3 3 3 3 3 3 3 3 3 3 3 3 3 3 3 3 3 3 3 3 3 3 3 3 3 3 3 3 3 3 3 3 3 3 3 3 3 3 3 3 3 3 3 3 3 3 3 3 3 3 3 3 3 3 3 3 3 3 3 3 3 3 3 3 3 3 3 3 3 3 3 3 3 3 3 3 3 3 3 3 3 3 3 3 3 3 3 3 3 3 3 3 3 3 3 3 3 3 3 3 3 3 3 3 3 3 3 3 3 3 3 3 3 3 3 3 3 3 3 3 3 3 3 3 3 3 3 3 3 3 3 3 3 3 3 3 3 3 3 3 3 3 3 3 3 3 3 3 3 3 3 3 3 3 3 3 3 3 3 3 3 3 3 3 3 3 3 3 3 3 3 3 3 3 3 3 3 3 3 3 3 3 3 3 3 3 3 3 3 3 3 3 3 3 3 3 3 3 3 3 3 3 3 3 3 3 3 3 3 3 3 3 3 3 3 3 3 3 3 3 3 3 3 3 3 3 3 3 3 3 3 3 3 3 3 3 3 3 3 3 3 3 3 3 3 3 3 3 3 3 3 3 3 3 3 3 3 3 3 3 3 3 3 3 3 3 3 3 3 3 3 3 3 3 3 3 3 3 3 3 3 3 3 3 3 3 3 3 3 3 3 3 3 3 3 3 3 3 3 3 3 3 3 3 3 3 3 3 3 3 3 3 3 3 3 3 3 3 3 3 3 3 3 3 3 3 3 3 3 3 3 3 3 3 3 3 3 3 3 3 3 3 3 3 3 3 3 3 3 3 3 3 3 3 3 3 3 3 3 3 3 3 3 3 3 3 3 3 3 3 3 3 3 3 3 3 3 3 3 3 3 3 3 3 3 3 3 3 3 3 3 3 3 3 3 3 3 3 3 3 3 3 3 3 3 3 3 3 3 3 3 3 3 3 3 3 3 3 3 3 3 3 3 3 3 3 3 3 3 3 3 3 3 3 3 3 3 3 3 3 3 3 3 3 3 3 3 3 3 3 3 3 3 3 3 3 3 3 3 3 3 3 3 3 3 3 3 3 3 3 3 3 3 3 3 3 3 3 3 3 3 3 3 3 3 3 3 3 3 3 3 3 3 3 3 3 3 3 3 3 3 3 3 3 3 3 3 3 3 3 3 3 3 3 3 3 3 3 3 3 3 3 3 3 3 3 3 3 3 3 3 3 3 3 3 3 3 3 3 3 3 3 3 3 3 3 3 3 3 3 3 3 3 3 3 3 3 3 3 3 3 3 3 3 3 3 3 3 3 3 3 3 3 3 3 3 3 3 3 3 3 3 3 3 3 3 3 3 3 3 3 3 3 3 3 3 3 3 3 3 3 3 3 3 3 3 3 3 3 3 3 3 3 3 3 3 3 3 3 3 3 3 3 3 3 3 3 3 3 3 3 3 3 3 3 3 3 3 3 3 3 3 3 3 3 3 3 3 3 3 3 3 3 3 3 3 3 3 3 3 3 3 3 3 3 3 3 3 3 3 3 3 3 3 3 3 3 3 3 3 3 3 3 3 3 3 3 3 3 3 3 3 3 3 3 3 3 3 3 3 3 3 3 3 3 3 3 3 3 3 3 3 3 3 3 3 3 3 3 3 3 3 3 3 3 3 3 3 3 3 3 3 3 3 3 3 3 3 3 3 3 3 3 3 3 3 3 3 3 3 3 3 3 3 3 3 3 3 3 3 3 3 3 3 3 3 3 3 3 3 3 3 3 3 3 3 3 3 3 3 3 3 3 3 3 3 3 3 3 3 3 3 3 3 3 3 3 3 3 3 3 3 3 3 3 3 3 3 3 3 3 3 3 3 3 3 3 3 3 3 3 3 3 3 3 3 3 3 3 3 3 3 3 3 3 3 3 3 3 3 3 3 3 3 3 3 3 3 3 3 3 3 3 3 3 3 3 3 3 3 3 3 3 3 3 3 3 3 3 3 3 3 3 3 3 3 3 3 3 3 3 3 3 3 3 3 3 3 3 3 3 3 3 3 3 3 3 3 3 3 3 3 3 3 3 3 3 3 3 3 3 3 3 3 3 3 3 3 3 3 3 3 3 3 3 3 3 3 3 3 3 3 3 3 3 3 3 3 3 3 3 3 3 3 3 3 3 3 3 3 3 3 3 3 3 3 3 3 3 3 3 3 3 3 3 3 3 3 3 3 3 3 3 3 3 3 3 3 3 3 3 3 3 3 3 3 3 3 3 3 3 3 3 3 3 3 3 3 3 3 3 3 3 3 3 3 3 3 3 3 3 3 3 3 3 3 3 3 3 3 3 3 3 3 3 3 3 3 3 3 3 3 3 3 3 3 3 3 3 3 3 3 3 3 3 3 3 3 3 3 3 3 3 3 3 3 3 3 3 3 3 3 3 3 3 3 3 3 3 3 3 3 3 3 3 3 3 3 3 3 3 3 3 3 3 3 3 3 3 3 3 3 3 3 3 3 3 3 3 3 3 3 3 3 3 3 3 3 3 3 3 3 3 3 3 3 3 3 3 3 3 3 3 3 3 3 3 3 3 3 3 3 3 3 3 3 3 3 3 3 3 3 3 3 3 3 3 3 3 3 3 3 3 3 3 3 3 3 3 3 3 3 3 3 3 3 3 3 3 3 3 3 3 3 3 3 3 3 3 3 3 3 3 3 3 3 3 3 3 3 3 3 3 3 3 3 3 3 3 3 3 3 3 3 3 3 3 3 3 3 3 3 3 3 3 3 3 3 3 3 3 3 3 3 3 3 3 3 3 3 3 3 3 3 3 3 3 3 3 3 3 3 3 3 3 3 3 3 3 3 3 3 3 3 3 3 3 3 3 3 3 3 3 3 3 3 3 3 3 3 3 3 3 3 3 3 3 3 3 3 3 3 3 3 3 3 3 3 3 3 3 3 3 3 3 3 3 3 3 3 3 3 3 3 3 3 3 3 3 3 3 3 3 3 3 3 3 3 3 3 3 3 3 3 3 3 3 3 3 3 3 3 3 3 3 3 3 3 3 3 3 3 3 3 3 3 3 3 3 3 3 3 3 3 3 3 3 3 3 3 3 3 3 3 3 3 3 3 3 3 3 3 3 3 3 3 3 3 3 3 3 3 3 3 3 3 3</vcount>
          <p>1 0 0 2 0 1 3 0 2 1 1 3 3 1 4 4 1 5 1 2 6 4 2 7 5 2 8 1 3 9 2 3 10 6 3 11 1 4 12 5 4 13 7 4 14 6 5 15 1 5 16 8 5 17 8 6 18 1 6 19 7 6 20 6 7 21 8 7 22 9 7 23 10 8 24 7 8 25 11 8 26 7 9 27 10 9 28 12 9 29 8 10 30 7 10 31 13 10 32 13 11 33 7 11 34 12 11 35 8 12 36 13 12 37 9 12 38 13 13 39 12 13 40 14 13 41 13 14 42 14 14 43 9 14 44 15 15 45 16 15 46 17 15 47 15 16 48 17 16 49 18 16 50 18 17 51 17 17 52 19 17 53 15 18 54 18 18 55 20 18 56 18 19 57 19 19 58 21 19 59 18 20 60 21 20 61 20 20 62 21 21 63 19 21 64 22 21 65 15 22 66 20 22 67 23 22 68 21 23 69 22 23 70 24 23 71 23 24 72 20 24 73 25 24 74 23 25 75 25 25 76 26 25 77 23 26 78 26 26 79 27 26 80 21 27 81 24 27 82 28 27 83 21 28 84 28 28 85 20 28 86 28 29 87 24 29 88 29 29 89 20 30 90 28 30 91 30 30 92 28 31 93 29 31 94 31 31 95 28 32 96 31 32 97 30 32 98 30 33 99 31 33 100 32 33 101 33 34 102 34 34 103 35 34 104 34 35 105 33 35 106 36 35 107 33 36 108 35 36 109 37 36 110 36 37 111 33 37 112 38 37 113 33 38 114 37 38 115 39 38 116 33 39 117 39 39 118 38 39 119 39 40 120 37 40 121 40 40 122 39 41 123 40 41 124 41 41 125 39 42 126 41 42 127 42 42 128 39 43 129 42 43 130 38 43 131 38 44 132 42 44 133 43 44 134 44 45 135 45 45 136 46 45 137 47 46 138 48 46 139 46 46 140 46 47 141 48 47 142 49 47 143 49 48 144 48 48 145 50 48 146 49 49 147 50 49 148 51 49 149 46 50 150 49 50 151 52 50 152 52 51 153 49 51 154 51 51 155 46 52 156 52 52 157 44 52 158 44 53 159 52 53 160 53 53 161 44 54 162 53 54 163 54 54 164 54 55 165 53 55 166 55 55 167 52 56 168 51 56 169 56 56 170 56 57 171 51 57 172 57 57 173 55 58 174 53 58 175 58 58 176 55 59 177 58 59 178 59 59 179 53 60 180 52 60 181 60 60 182 58 61 183 53 61 184 61 61 185 61 62 186 53 62 187 60 62 188 59 63 189 58 63 190 62 63 191 62 64 192 58 64 193 61 64 194 59 65 195 62 65 196 63 65 197 59 66 198 63 66 199 64 66 200 63 67 201 62 67 202 65 67 203 65 68 204 62 68 205 61 68 206 63 69 207 65 69 208 66 69 209 66 70 210 65 70 211 67 70 212 67 71 213 65 71 214 68 71 215 68 72 216 65 72 217 61 72 218 68 73 219 61 73 220 69 73 221 69 74 222 61 74 223 60 74 224 70 75 225 60 75 226 52 75 227 60 76 228 70 76 229 69 76 230 70 77 231 52 77 232 56 77 233 70 78 234 56 78 235 71 78 236 70 79 237 71 79 238 69 79 239 71 80 240 56 80 241 72 80 242 71 81 243 72 81 244 69 81 245 72 82 246 56 82 247 57 82 248 72 83 249 57 83 250 73 83 251 73 84 252 57 84 253 74 84 254 72 85 255 73 85 256 75 85 257 72 86 258 75 86 259 69 86 260 69 87 261 75 87 262 76 87 263 69 88 264 76 88 265 77 88 266 69 89 267 77 89 268 78 89 269 78 90 270 77 90 271 79 90 272 79 91 273 77 91 274 80 91 275 79 92 276 80 92 277 81 92 278 81 93 279 80 93 280 82 93 281 83 94 282 84 94 283 85 94 284 84 95 285 83 95 286 86 95 287 86 96 288 83 96 289 87 96 290 84 97 291 86 97 292 88 97 293 86 98 294 87 98 295 89 98 296 86 99 297 89 99 298 88 99 299 88 100 300 89 100 301 90 100 302 92 101 303 91 101 304 93 101 305 91 102 306 93 102 307 94 102 308 94 103 309 93 103 310 95 103 311 91 104 312 94 104 313 96 104 314 96 105 315 94 105 316 97 105 317 96 106 318 97 106 319 98 106 320 97 107 321 94 107 322 99 107 323 100 108 324 101 108 325 102 108 326 101 109 327 100 109 328 103 109 329 102 110 330 101 110 331 104 110 332 101 111 333 103 111 334 105 111 335 101 112 336 105 112 337 104 112 338 104 113 339 105 113 340 106 113 341 107 114 342 108 114 343 109 114 344 107 115 345 109 115 346 110 115 347 107 116 348 110 116 349 111 116 350 107 117 351 111 117 352 112 117 353 113 118 354 114 118 355 115 118 356 115 119 357 114 119 358 116 119 359 116 120 360 114 120 361 117 120 362 117 121 363 114 121 364 118 121 365 117 122 366 118 122 367 0 122 368 118 123 369 114 123 370 119 123 371 119 124 372 114 124 373 113 124 374 119 125 375 113 125 376 120 125 377 120 126 378 113 126 379 121 126 380 113 127 381 121 127 382 122 127 383 113 128 384 122 128 385 123 128 386 123 129 387 113 129 388 115 129 389 123 130 390 115 130 391 124 130 392 123 131 393 124 131 394 125 131 395 126 132 396 127 132 397 128 132 398 127 133 399 126 133 400 129 133 401 127 134 402 129 134 403 130 134 404 127 135 405 130 135 406 131 135 407 127 136 408 131 136 409 132 136 410 132 137 411 131 137 412 133 137 413 132 138 414 133 138 415 134 138 416 129 139 417 126 139 418 135 139 419 129 140 420 135 140 421 136 140 422 136 141 423 135 141 424 137 141 425 137 142 426 135 142 427 138 142 428 135 143 429 138 143 430 126 143 431 137 144 432 138 144 433 139 144 434 140 145 435 138 145 436 141 145 437 141 146 438 138 146 439 142 146 440 142 147 441 138 147 442 126 147 443 142 148 444 126 148 445 143 148 446 143 149 447 126 149 448 128 149 449 142 150 450 143 150 451 144 150 452 143 151 453 128 151 454 145 151 455 144 152 456 143 152 457 146 152 458 146 153 459 143 153 460 145 153 461 147 154 462 148 154 463 149 154 464 150 155 465 151 155 466 152 155 467 152 156 468 151 156 469 153 156 470 154 157 471 155 157 472 156 157 473 156 158 474 155 158 475 157 158 476 158 159 477 159 159 478 160 159 479 160 160 480 159 160 481 161 160 482 161 161 483 159 161 484 162 161 485 161 162 486 162 162 487 163 162 488 161 163 489 163 163 490 164 163 491 161 164 492 164 164 493 160 164 494 160 165 495 164 165 496 165 165 497 166 166 498 165 166 499 167 166 500 165 167 501 166 167 502 168 167 503 160 168 504 165 168 505 169 168 506 160 169 507 169 169 508 170 169 509 170 170 510 169 170 511 171 170 512 169 171 513 165 171 514 172 171 515 169 172 516 172 172 517 171 172 518 172 173 519 165 173 520 168 173 521 171 174 522 172 174 523 173 174 524 173 175 525 172 175 526 168 175 527 174 176 528 175 176 529 176 176 530 177 177 531 178 177 532 179 177 533 179 178 534 178 178 535 180 178 536 181 179 537 182 179 538 183 179 539 182 180 540 181 180 541 184 180 542 182 181 543 184 181 544 185 181 545 185 182 546 184 182 547 186 182 548 185 183 549 186 183 550 187 183 551 188 184 552 189 184 553 190 184 554 188 185 555 190 185 556 191 185 557 192 186 558 193 186 559 194 186 560 196 187 561 195 187 562 197 187 563 199 188 564 198 188 565 200 188 566 200 189 567 198 189 568 201 189 569 200 190 570 199 190 571 202 190 572 200 191 573 202 191 574 201 191 575 201 192 576 202 192 577 203 192 578 201 193 579 203 193 580 204 193 581 204 194 582 203 194 583 205 194 584 205 195 585 203 195 586 206 195 587 206 196 588 203 196 589 207 196 590 203 197 591 202 197 592 208 197 593 203 198 594 208 198 595 207 198 596 208 199 597 202 199 598 209 199 599 207 200 600 208 200 601 210 200 602 210 201 603 208 201 604 209 201 605 211 202 606 212 202 607 213 202 608 214 203 609 215 203 610 216 203 611 216 204 612 215 204 613 217 204 614 217 205 615 215 205 616 218 205 617 217 206 618 218 206 619 219 206 620 216 207 621 217 207 622 220 207 623 217 208 624 219 208 625 221 208 626 217 209 627 221 209 628 220 209 629 221 210 630 219 210 631 222 210 632 216 211 633 220 211 634 223 211 635 216 212 636 223 212 637 224 212 638 223 213 639 220 213 640 225 213 641 224 214 642 223 214 643 226 214 644 226 215 645 223 215 646 225 215 647 224 216 648 226 216 649 227 216 650 227 217 651 226 217 652 228 217 653 225 218 654 226 218 655 229 218 656 229 219 657 225 219 658 220 219 659 230 220 660 231 220 661 226 220 662 229 221 663 220 221 664 232 221 665 232 222 666 220 222 667 221 222 668 229 223 669 226 223 670 233 223 671 226 224 672 233 224 673 230 224 674 229 225 675 232 225 676 234 225 677 229 226 678 234 226 679 233 226 680 232 227 681 221 227 682 235 227 683 232 228 684 235 228 685 234 228 686 235 229 687 221 229 688 222 229 689 233 230 690 234 230 691 236 230 692 233 231 693 236 231 694 230 231 695 236 232 696 234 232 697 235 232 698 230 233 699 236 233 700 222 233 701 222 234 702 236 234 703 235 234 704 237 235 705 238 235 706 239 235 707 240 236 708 241 236 709 242 236 710 243 237 711 244 237 712 245 237 713 246 238 714 245 238 715 247 238 716 245 239 717 246 239 718 248 239 719 245 240 720 248 240 721 243 240 722 243 241 723 248 241 724 249 241 725 244 242 726 243 242 727 250 242 728 250 243 729 243 243 730 249 243 731 244 244 732 250 244 733 251 244 734 250 245 735 249 245 736 252 245 737 250 246 738 252 246 739 253 246 740 253 247 741 252 247 742 254 247 743 253 248 744 254 248 745 255 248 746 253 249 747 250 249 748 256 249 749 256 250 750 253 250 751 255 250 752 256 251 753 250 251 754 257 251 755 256 252 756 255 252 757 258 252 758 257 253 759 256 253 760 259 253 761 259 254 762 256 254 763 258 254 764 257 255 765 259 255 766 260 255 767 259 256 768 258 256 769 261 256 770 259 257 771 261 257 772 262 257 773 259 258 774 262 258 775 263 258 776 263 259 777 262 259 778 264 259 779 259 260 780 263 260 781 265 260 782 259 261 783 265 261 784 266 261 785 263 262 786 264 262 787 267 262 788 263 263 789 267 263 790 265 263 791 267 264 792 264 264 793 268 264 794 267 265 795 268 265 796 269 265 797 269 266 798 268 266 799 270 266 800 265 267 801 267 267 802 271 267 803 265 268 804 271 268 805 266 268 806 271 269 807 267 269 808 269 269 809 271 270 810 269 270 811 270 270 812 266 271 813 271 271 814 272 271 815 271 272 816 270 272 817 273 272 818 271 273 819 272 273 820 274 273 821 274 274 822 271 274 823 273 274 824 275 275 825 276 275 826 277 275 827 275 276 828 277 276 829 278 276 830 278 277 831 277 277 832 279 277 833 275 278 834 278 278 835 280 278 836 275 279 837 280 279 838 281 279 839 281 280 840 280 280 841 282 280 842 283 281 843 284 281 844 285 281 845 285 282 846 284 282 847 286 282 848 285 283 849 286 283 850 287 283 851 287 284 852 286 284 853 288 284 854 288 285 855 286 285 856 289 285 857 289 286 858 286 286 859 290 286 860 291 287 861 292 287 862 293 287 863 291 288 864 293 288 865 294 288 866 293 289 867 292 289 868 295 289 869 294 290 870 293 290 871 296 290 872 294 291 873 296 291 874 297 291 875 294 292 876 297 292 877 298 292 878 296 293 879 293 293 880 299 293 881 298 294 882 297 294 883 300 294 884 298 295 885 300 295 886 301 295 887 297 296 888 296 296 889 302 296 890 302 297 891 296 297 892 299 297 893 297 298 894 302 298 895 300 298 896 301 299 897 300 299 898 303 299 899 303 300 900 300 300 901 304 300 902 304 301 903 300 301 904 305 301 905 305 302 906 300 302 907 302 302 908 302 303 909 299 303 910 306 303 911 306 304 912 299 304 913 307 304 914 307 305 915 299 305 916 293 305 917 307 306 918 293 306 919 295 306 920 307 307 921 295 307 922 308 307 923 308 308 924 295 308 925 309 308 926 309 309 927 308 309 928 310 309 929 309 310 930 310 310 931 311 310 932 309 311 933 295 311 934 312 311 935 309 312 936 312 312 937 311 312 938 312 313 939 295 313 940 292 313 941 311 314 942 312 314 943 313 314 944 312 315 945 292 315 946 314 315 947 312 316 948 314 316 949 313 316 950 315 317 951 316 317 952 317 317 953 316 318 954 315 318 955 318 318 956 316 319 957 318 319 958 319 319 959 319 320 960 318 320 961 320 320 962 320 321 963 318 321 964 321 321 965 320 322 966 321 322 967 322 322 968 322 323 969 321 323 970 323 323 971 322 324 972 323 324 973 324 324 974 324 325 975 323 325 976 325 325 977 325 326 978 323 326 979 326 326 980 326 327 981 323 327 982 327 327 983 321 328 984 323 328 985 328 328 986 327 329 987 323 329 988 329 329 989 329 330 990 323 330 991 328 330 992 329 331 993 328 331 994 330 331 995 330 332 996 328 332 997 331 332 998 330 333 999 331 333 1000 332 333 1001 332 334 1002 331 334 1003 333 334 1004 333 335 1005 331 335 1006 334 335 1007 333 336 1008 334 336 1009 335 336 1010 333 337 1011 335 337 1012 336 337 1013 337 338 1014 338 338 1015 339 338 1016 337 339 1017 339 339 1018 340 339 1019 341 340 1020 342 340 1021 343 340 1022 343 341 1023 342 341 1024 344 341 1025 346 342 1026 345 342 1027 347 342 1028 346 343 1029 347 343 1030 348 343 1031 345 344 1032 347 344 1033 349 344 1034 348 345 1035 346 345 1036 350 345 1037 350 346 1038 346 346 1039 345 346 1040 348 347 1041 350 347 1042 351 347 1043 351 348 1044 350 348 1045 352 348 1046 345 349 1047 349 349 1048 353 349 1049 345 350 1050 353 350 1051 350 350 1052 353 351 1053 349 351 1054 354 351 1055 352 352 1056 350 352 1057 355 352 1058 350 353 1059 355 353 1060 353 353 1061 352 354 1062 355 354 1063 356 354 1064 354 355 1065 353 355 1066 357 355 1067 353 356 1068 357 356 1069 358 356 1070 353 357 1071 358 357 1072 359 357 1073 358 358 1074 357 358 1075 360 358 1076 361 359 1077 362 359 1078 363 359 1079 362 360 1080 361 360 1081 364 360 1082 362 361 1083 364 361 1084 365 361 1085 365 362 1086 364 362 1087 366 362 1088 366 363 1089 364 363 1090 367 363 1091 363 364 1092 362 364 1093 368 364 1094 363 365 1095 368 365 1096 369 365 1097 363 366 1098 369 366 1099 370 366 1100 369 367 1101 368 367 1102 371 367 1103 370 368 1104 369 368 1105 372 368 1106 372 369 1107 369 369 1108 371 369 1109 370 370 1110 372 370 1111 373 370 1112 372 371 1113 371 371 1114 374 371 1115 373 372 1116 372 372 1117 375 372 1118 372 373 1119 374 373 1120 376 373 1121 372 374 1122 376 374 1123 375 374 1124 377 375 1125 378 375 1126 379 375 1127 378 376 1128 377 376 1129 380 376 1130 380 377 1131 377 377 1132 381 377 1133 377 378 1134 379 378 1135 382 378 1136 382 379 1137 379 379 1138 383 379 1139 382 380 1140 383 380 1141 384 380 1142 377 381 1143 382 381 1144 385 381 1145 377 382 1146 385 382 1147 386 382 1148 381 383 1149 377 383 1150 387 383 1151 387 384 1152 377 384 1153 386 384 1154 387 385 1155 386 385 1156 388 385 1157 381 386 1158 387 386 1159 389 386 1160 387 387 1161 388 387 1162 390 387 1163 387 388 1164 390 388 1165 389 388 1166 389 389 1167 390 389 1168 391 389 1169 392 390 1170 393 390 1171 394 390 1172 392 391 1173 394 391 1174 395 391 1175 395 392 1176 394 392 1177 396 392 1178 394 393 1179 393 393 1180 397 393 1181 394 394 1182 397 394 1183 398 394 1184 397 395 1185 393 395 1186 399 395 1187 399 396 1188 393 396 1189 400 396 1190 399 397 1191 400 397 1192 401 397 1193 401 398 1194 400 398 1195 402 398 1196 400 399 1197 393 399 1198 403 399 1199 400 400 1200 403 400 1201 402 400 1202 393 401 1203 403 401 1204 392 401 1205 401 402 1206 402 402 1207 404 402 1208 404 403 1209 402 403 1210 403 403 1211 404 404 1212 403 404 1213 392 404 1214 404 405 1215 392 405 1216 405 405 1217 404 406 1218 405 406 1219 406 406 1220 406 407 1221 405 407 1222 407 407 1223 406 408 1224 407 408 1225 408 408 1226 409 409 1227 410 409 1228 411 409 1229 410 410 1230 409 410 1231 412 410 1232 410 411 1233 412 411 1234 413 411 1235 410 412 1236 413 412 1237 411 412 1238 411 413 1239 413 413 1240 414 413 1241 414 414 1242 413 414 1243 415 414 1244 416 415 1245 417 415 1246 418 415 1247 416 416 1248 418 416 1249 419 416 1250 421 417 1251 420 417 1252 422 417 1253 422 418 1254 421 418 1255 423 418 1256 424 419 1257 425 419 1258 426 419 1259 424 420 1260 426 420 1261 427 420 1262 426 421 1263 425 421 1264 428 421 1265 428 422 1266 425 422 1267 429 422 1268 430 423 1269 431 423 1270 432 423 1271 432 424 1272 431 424 1273 433 424 1274 433 425 1275 432 425 1276 430 425 1277 433 426 1278 430 426 1279 434 426 1280 431 427 1281 430 427 1282 435 427 1283 435 428 1284 430 428 1285 436 428 1286 437 429 1287 438 429 1288 439 429 1289 439 430 1290 438 430 1291 440 430 1292 440 431 1293 438 431 1294 441 431 1295 438 432 1296 437 432 1297 442 432 1298 438 433 1299 442 433 1300 441 433 1301 441 434 1302 442 434 1303 443 434 1304 442 435 1305 437 435 1306 444 435 1307 443 436 1308 442 436 1309 445 436 1310 445 437 1311 442 437 1312 444 437 1313 445 438 1314 444 438 1315 446 438 1316 446 439 1317 444 439 1318 447 439 1319 448 440 1320 449 440 1321 445 440 1322 448 441 1323 445 441 1324 446 441 1325 448 442 1326 446 442 1327 450 442 1328 450 443 1329 446 443 1330 451 443 1331 446 444 1332 447 444 1333 452 444 1334 446 445 1335 452 445 1336 451 445 1337 452 446 1338 447 446 1339 453 446 1340 451 447 1341 452 447 1342 454 447 1343 455 448 1344 456 448 1345 457 448 1346 457 449 1347 456 449 1348 458 449 1349 458 450 1350 456 450 1351 459 450 1352 459 451 1353 458 451 1354 460 451 1355 460 452 1356 459 452 1357 461 452 1358 460 453 1359 461 453 1360 462 453 1361 461 454 1362 459 454 1363 463 454 1364 463 455 1365 459 455 1366 456 455 1367 463 456 1368 456 456 1369 464 456 1370 464 457 1371 456 457 1372 465 457 1373 463 458 1374 464 458 1375 466 458 1376 466 459 1377 464 459 1378 467 459 1379 466 460 1380 467 460 1381 468 460 1382 467 461 1383 464 461 1384 469 461 1385 469 462 1386 467 462 1387 468 462 1388 470 463 1389 471 463 1390 472 463 1391 471 464 1392 470 464 1393 473 464 1394 473 465 1395 470 465 1396 474 465 1397 473 466 1398 474 466 1399 475 466 1400 474 467 1401 470 467 1402 476 467 1403 476 468 1404 470 468 1405 472 468 1406 476 469 1407 472 469 1408 477 469 1409 477 470 1410 472 470 1411 478 470 1412 479 471 1413 472 471 1414 471 471 1415 479 472 1416 472 472 1417 478 472 1418 478 473 1419 479 473 1420 477 473 1421 479 474 1422 471 474 1423 480 474 1424 477 475 1425 479 475 1426 481 475 1427 482 476 1428 483 476 1429 484 476 1430 482 477 1431 484 477 1432 485 477 1433 485 478 1434 484 478 1435 486 478 1436 486 479 1437 484 479 1438 487 479 1439 482 480 1440 485 480 1441 488 480 1442 485 481 1443 488 481 1444 486 481 1445 482 482 1446 488 482 1447 489 482 1448 482 483 1449 489 483 1450 490 483 1451 489 484 1452 488 484 1453 491 484 1454 491 485 1455 488 485 1456 486 485 1457 491 486 1458 486 486 1459 492 486 1460 491 487 1461 492 487 1462 493 487 1463 494 488 1464 495 488 1465 496 488 1466 495 489 1467 494 489 1468 497 489 1469 497 490 1470 494 490 1471 498 490 1472 495 491 1473 497 491 1474 499 491 1475 497 492 1476 499 492 1477 500 492 1478 499 493 1479 500 493 1480 501 493 1481 499 494 1482 501 494 1483 502 494 1484 504 495 1485 503 495 1486 505 495 1487 505 496 1488 503 496 1489 506 496 1490 506 497 1491 505 497 1492 507 497 1493 506 498 1494 507 498 1495 508 498 1496 503 499 1497 506 499 1498 509 499 1499 509 500 1500 506 500 1501 508 500 1502 503 501 1503 509 501 1504 510 501 1505 509 502 1506 508 502 1507 511 502 1508 510 503 1509 509 503 1510 512 503 1511 512 504 1512 509 504 1513 511 504 1514 510 505 1515 512 505 1516 513 505 1517 512 506 1518 513 506 1519 511 506 1520 514 507 1521 515 507 1522 516 507 1523 515 508 1524 516 508 1525 517 508 1526 517 509 1527 516 509 1528 518 509 1529 515 510 1530 514 510 1531 519 510 1532 515 511 1533 519 511 1534 517 511 1535 519 512 1536 514 512 1537 520 512 1538 517 513 1539 519 513 1540 521 513 1541 517 514 1542 521 514 1543 522 514 1544 519 515 1545 520 515 1546 523 515 1547 523 516 1548 520 516 1549 524 516 1550 525 517 1551 526 517 1552 527 517 1553 526 518 1554 525 518 1555 528 518 1556 527 519 1557 526 519 1558 529 519 1559 526 520 1560 528 520 1561 530 520 1562 526 521 1563 530 521 1564 531 521 1565 530 522 1566 531 522 1567 532 522 1568 529 523 1569 526 523 1570 533 523 1571 533 524 1572 526 524 1573 531 524 1574 529 525 1575 533 525 1576 534 525 1577 534 526 1578 533 526 1579 535 526 1580 533 527 1581 531 527 1582 536 527 1583 536 528 1584 533 528 1585 537 528 1586 538 529 1587 539 529 1588 540 529 1589 538 530 1590 540 530 1591 541 530 1592 539 531 1593 538 531 1594 542 531 1595 539 532 1596 542 532 1597 541 532 1598 541 533 1599 542 533 1600 538 533 1601 543 534 1602 544 534 1603 545 534 1604 546 535 1605 547 535 1606 544 535 1607 544 536 1608 547 536 1609 548 536 1610 544 537 1611 548 537 1612 545 537 1613 545 538 1614 548 538 1615 549 538 1616 545 539 1617 549 539 1618 550 539 1619 550 540 1620 549 540 1621 551 540 1622 551 541 1623 550 541 1624 552 541 1625 550 542 1626 552 542 1627 553 542 1628 554 543 1629 555 543 1630 556 543 1631 555 544 1632 554 544 1633 557 544 1634 555 545 1635 557 545 1636 558 545 1637 558 546 1638 557 546 1639 559 546 1640 558 547 1641 559 547 1642 560 547 1643 561 548 1644 562 548 1645 563 548 1646 561 549 1647 563 549 1648 564 549 1649 564 550 1650 563 550 1651 565 550 1652 564 551 1653 565 551 1654 566 551 1655 566 552 1656 565 552 1657 567 552 1658 568 553 1659 569 553 1660 570 553 1661 569 554 1662 568 554 1663 571 554 1664 571 555 1665 568 555 1666 572 555 1667 568 556 1668 570 556 1669 573 556 1670 573 557 1671 570 557 1672 574 557 1673 573 558 1674 574 558 1675 575 558 1676 573 559 1677 568 559 1678 576 559 1679 568 560 1680 576 560 1681 572 560 1682 572 561 1683 576 561 1684 577 561 1685 577 562 1686 576 562 1687 578 562 1688 579 563 1689 580 563 1690 581 563 1691 581 564 1692 580 564 1693 582 564 1694 581 565 1695 582 565 1696 583 565 1697 581 566 1698 583 566 1699 584 566 1700 585 567 1701 586 567 1702 587 567 1703 585 568 1704 587 568 1705 588 568 1706 586 569 1707 585 569 1708 589 569 1709 589 570 1710 585 570 1711 588 570 1712 589 571 1713 588 571 1714 590 571 1715 586 572 1716 589 572 1717 591 572 1718 589 573 1719 590 573 1720 592 573 1721 589 574 1722 592 574 1723 591 574 1724 592 575 1725 590 575 1726 593 575 1727 594 576 1728 591 576 1729 595 576 1730 595 577 1731 591 577 1732 596 577 1733 596 578 1734 591 578 1735 592 578 1736 595 579 1737 596 579 1738 597 579 1739 596 580 1740 592 580 1741 598 580 1742 596 581 1743 598 581 1744 597 581 1745 598 582 1746 592 582 1747 593 582 1748 597 583 1749 598 583 1750 599 583 1751 598 584 1752 593 584 1753 600 584 1754 600 585 1755 593 585 1756 601 585 1757 598 586 1758 600 586 1759 602 586 1760 599 587 1761 598 587 1762 603 587 1763 598 588 1764 603 588 1765 602 588 1766 603 589 1767 602 589 1768 604 589 1769 604 590 1770 602 590 1771 605 590 1772 604 591 1773 605 591 1774 606 591 1775 603 592 1776 604 592 1777 607 592 1778 603 593 1779 607 593 1780 608 593 1781 599 594 1782 603 594 1783 609 594 1784 609 595 1785 603 595 1786 608 595 1787 599 596 1788 609 596 1789 610 596 1790 609 597 1791 608 597 1792 611 597 1793 609 598 1794 611 598 1795 610 598 1796 610 599 1797 611 599 1798 612 599 1799 613 600 1800 614 600 1801 615 600 1802 615 601 1803 614 601 1804 616 601 1805 615 602 1806 616 602 1807 617 602 1808 615 603 1809 617 603 1810 618 603 1811 615 604 1812 618 604 1813 619 604 1814 615 605 1815 619 605 1816 620 605 1817 615 606 1818 620 606 1819 621 606 1820 615 607 1821 621 607 1822 613 607 1823 613 608 1824 621 608 1825 622 608 1826 613 609 1827 622 609 1828 623 609 1829 624 610 1830 625 610 1831 626 610 1832 627 611 1833 628 611 1834 625 611 1835 627 612 1836 625 612 1837 629 612 1838 625 613 1839 624 613 1840 630 613 1841 625 614 1842 630 614 1843 629 614 1844 630 615 1845 624 615 1846 631 615 1847 629 616 1848 630 616 1849 632 616 1850 629 617 1851 632 617 1852 633 617 1853 632 618 1854 630 618 1855 634 618 1856 635 619 1857 636 619 1858 637 619 1859 635 620 1860 637 620 1861 638 620 1862 635 621 1863 638 621 1864 639 621 1865 638 622 1866 637 622 1867 640 622 1868 639 623 1869 638 623 1870 641 623 1871 639 624 1872 641 624 1873 642 624 1874 638 625 1875 640 625 1876 643 625 1877 638 626 1878 643 626 1879 641 626 1880 643 627 1881 640 627 1882 644 627 1883 642 628 1884 641 628 1885 645 628 1886 645 629 1887 641 629 1888 643 629 1889 645 630 1890 643 630 1891 644 630 1892 642 631 1893 645 631 1894 646 631 1895 645 632 1896 646 632 1897 644 632 1898 644 633 1899 640 633 1900 647 633 1901 644 634 1902 647 634 1903 648 634 1904 644 635 1905 648 635 1906 649 635 1907 644 636 1908 649 636 1909 646 636 1910 646 637 1911 649 637 1912 650 637 1913 650 638 1914 649 638 1915 651 638 1916 652 639 1917 653 639 1918 654 639 1919 652 640 1920 654 640 1921 655 640 1922 655 641 1923 654 641 1924 656 641 1925 654 642 1926 653 642 1927 657 642 1928 654 643 1929 657 643 1930 656 643 1931 656 644 1932 657 644 1933 658 644 1934 658 645 1935 657 645 1936 659 645 1937 659 646 1938 657 646 1939 660 646 1940 658 647 1941 659 647 1942 661 647 1943 659 648 1944 660 648 1945 662 648 1946 659 649 1947 662 649 1948 661 649 1949 662 650 1950 660 650 1951 663 650 1952 661 651 1953 662 651 1954 664 651 1955 661 652 1956 664 652 1957 665 652 1958 665 653 1959 664 653 1960 666 653 1961 666 654 1962 664 654 1963 667 654 1964 666 655 1965 667 655 1966 668 655 1967 664 656 1968 667 656 1969 669 656 1970 669 657 1971 664 657 1972 662 657 1973 667 658 1974 669 658 1975 670 658 1976 671 659 1977 662 659 1978 663 659 1979 671 660 1980 662 660 1981 669 660 1982 671 661 1983 663 661 1984 672 661 1985 672 662 1986 663 662 1987 673 662 1988 672 663 1989 673 663 1990 674 663 1991 672 664 1992 674 664 1993 675 664 1994 671 665 1995 672 665 1996 676 665 1997 676 666 1998 672 666 1999 675 666 2000 671 667 2001 676 667 2002 669 667 2003 669 668 2004 676 668 2005 677 668 2006 676 669 2007 675 669 2008 678 669 2009 677 670 2010 676 670 2011 679 670 2012 676 671 2013 678 671 2014 680 671 2015 676 672 2016 680 672 2017 679 672 2018 680 673 2019 678 673 2020 681 673 2021 680 674 2022 681 674 2023 679 674 2024 682 675 2025 683 675 2026 684 675 2027 682 676 2028 684 676 2029 685 676 2030 682 677 2031 685 677 2032 686 677 2033 686 678 2034 685 678 2035 687 678 2036 685 679 2037 684 679 2038 688 679 2039 685 680 2040 688 680 2041 687 680 2042 688 681 2043 684 681 2044 689 681 2045 688 682 2046 689 682 2047 690 682 2048 688 683 2049 690 683 2050 687 683 2051 687 684 2052 690 684 2053 691 684 2054 687 685 2055 691 685 2056 692 685 2057 692 686 2058 691 686 2059 693 686 2060 694 687 2061 695 687 2062 696 687 2063 697 688 2064 698 688 2065 699 688 2066 698 689 2067 697 689 2068 700 689 2069 700 690 2070 697 690 2071 701 690 2072 698 691 2073 700 691 2074 702 691 2075 698 692 2076 702 692 2077 703 692 2078 704 693 2079 705 693 2080 706 693 2081 704 694 2082 706 694 2083 707 694 2084 707 695 2085 706 695 2086 708 695 2087 707 696 2088 708 696 2089 709 696 2090 709 697 2091 708 697 2092 710 697 2093 704 698 2094 707 698 2095 711 698 2096 704 699 2097 711 699 2098 712 699 2099 712 700 2100 711 700 2101 713 700 2102 713 701 2103 711 701 2104 714 701 2105 712 702 2106 713 702 2107 715 702 2108 712 703 2109 715 703 2110 716 703 2111 715 704 2112 713 704 2113 717 704 2114 717 705 2115 713 705 2116 718 705 2117 715 706 2118 716 706 2119 719 706 2120 719 707 2121 715 707 2122 717 707 2123 719 708 2124 716 708 2125 720 708 2126 717 709 2127 718 709 2128 721 709 2129 717 710 2130 721 710 2131 719 710 2132 719 711 2133 721 711 2134 720 711 2135 720 712 2136 721 712 2137 722 712 2138 722 713 2139 721 713 2140 723 713 2141 723 714 2142 721 714 2143 724 714 2144 723 715 2145 724 715 2146 725 715 2147 723 716 2148 725 716 2149 726 716 2150 726 717 2151 725 717 2152 727 717 2153 728 718 2154 729 718 2155 730 718 2156 728 719 2157 730 719 2158 731 719 2159 731 720 2160 730 720 2161 732 720 2162 733 721 2163 734 721 2164 735 721 2165 735 722 2166 734 722 2167 736 722 2168 737 723 2169 738 723 2170 739 723 2171 737 724 2172 739 724 2173 740 724 2174 740 725 2175 739 725 2176 741 725 2177 740 726 2178 741 726 2179 742 726 2180 743 727 2181 744 727 2182 745 727 2183 745 728 2184 744 728 2185 746 728 2186 746 729 2187 744 729 2188 747 729 2189 746 730 2190 747 730 2191 748 730 2192 746 731 2193 748 731 2194 749 731 2195 748 732 2196 747 732 2197 750 732 2198 749 733 2199 748 733 2200 751 733 2201 748 734 2202 750 734 2203 752 734 2204 748 735 2205 752 735 2206 751 735 2207 753 736 2208 754 736 2209 755 736 2210 756 737 2211 757 737 2212 753 737 2213 753 738 2214 755 738 2215 758 738 2216 753 739 2217 758 739 2218 756 739 2219 755 740 2220 758 740 2221 759 740 2222 759 741 2223 755 741 2224 760 741 2225 756 742 2226 758 742 2227 761 742 2228 756 743 2229 761 743 2230 762 743 2231 759 744 2232 758 744 2233 763 744 2234 763 745 2235 758 745 2236 761 745 2237 759 746 2238 760 746 2239 764 746 2240 759 747 2241 764 747 2242 763 747 2243 763 748 2244 761 748 2245 765 748 2246 765 749 2247 763 749 2248 764 749 2249 762 750 2250 761 750 2251 766 750 2252 761 751 2253 766 751 2254 765 751 2255 762 752 2256 766 752 2257 767 752 2258 766 753 2259 765 753 2260 764 753 2261 768 754 2262 764 754 2263 760 754 2264 764 755 2265 768 755 2266 766 755 2267 768 756 2268 760 756 2269 769 756 2270 768 757 2271 769 757 2272 766 757 2273 770 758 2274 771 758 2275 772 758 2276 770 759 2277 772 759 2278 773 759 2279 771 760 2280 770 760 2281 774 760 2282 774 761 2283 770 761 2284 775 761 2285 770 762 2286 775 762 2287 776 762 2288 775 763 2289 776 763 2290 777 763 2291 777 764 2292 776 764 2293 778 764 2294 777 765 2295 778 765 2296 779 765 2297 779 766 2298 777 766 2299 775 766 2300 779 767 2301 778 767 2302 780 767 2303 779 768 2304 780 768 2305 781 768 2306 779 769 2307 781 769 2308 782 769 2309 779 770 2310 782 770 2311 775 770 2312 775 771 2313 782 771 2314 783 771 2315 784 772 2316 774 772 2317 775 772 2318 784 773 2319 775 773 2320 783 773 2321 784 774 2322 783 774 2323 785 774 2324 785 775 2325 783 775 2326 786 775 2327 784 776 2328 785 776 2329 787 776 2330 787 777 2331 785 777 2332 788 777 2333 787 778 2334 788 778 2335 789 778 2336 784 779 2337 787 779 2338 790 779 2339 787 780 2340 789 780 2341 791 780 2342 787 781 2343 791 781 2344 790 781 2345 790 782 2346 791 782 2347 792 782 2348 792 783 2349 791 783 2350 793 783 2351 793 784 2352 792 784 2353 794 784 2354 795 785 2355 796 785 2356 797 785 2357 795 786 2358 797 786 2359 798 786 2360 795 787 2361 798 787 2362 799 787 2363 800 788 2364 801 788 2365 802 788 2366 803 789 2367 804 789 2368 805 789 2369 803 790 2370 805 790 2371 806 790 2372 807 791 2373 808 791 2374 809 791 2375 809 792 2376 808 792 2377 810 792 2378 811 793 2379 812 793 2380 813 793 2381 812 794 2382 811 794 2383 814 794 2384 815 795 2385 816 795 2386 817 795 2387 816 796 2388 815 796 2389 818 796 2390 820 797 2391 819 797 2392 821 797 2393 819 798 2394 821 798 2395 822 798 2396 820 799 2397 819 799 2398 823 799 2399 820 800 2400 823 800 2401 824 800 2402 820 801 2403 824 801 2404 825 801 2405 826 802 2406 827 802 2407 828 802 2408 826 803 2409 828 803 2410 829 803 2411 827 804 2412 826 804 2413 830 804 2414 830 805 2415 826 805 2416 831 805 2417 831 806 2418 830 806 2419 832 806 2420 833 807 2421 834 807 2422 835 807 2423 836 808 2424 837 808 2425 838 808 2426 839 809 2427 840 809 2428 841 809 2429 842 810 2430 843 810 2431 844 810 2432 843 811 2433 842 811 2434 845 811 2435 845 812 2436 842 812 2437 846 812 2438 845 813 2439 846 813 2440 847 813 2441 846 814 2442 842 814 2443 848 814 2444 849 815 2445 850 815 2446 851 815 2447 851 816 2448 850 816 2449 852 816 2450 850 817 2451 849 817 2452 853 817 2453 853 818 2454 849 818 2455 854 818 2456 854 819 2457 853 819 2458 855 819 2459 853 820 2460 855 820 2461 856 820 2462 855 821 2463 854 821 2464 857 821 2465 855 822 2466 857 822 2467 858 822 2468 858 823 2469 857 823 2470 859 823 2471 860 824 2472 861 824 2473 862 824 2474 860 825 2475 862 825 2476 863 825 2477 864 826 2478 865 826 2479 866 826 2480 865 827 2481 864 827 2482 867 827 2483 865 828 2484 867 828 2485 868 828 2486 869 829 2487 870 829 2488 871 829 2489 869 830 2490 871 830 2491 872 830 2492 869 831 2493 872 831 2494 873 831 2495 873 832 2496 872 832 2497 874 832 2498 873 833 2499 874 833 2500 875 833 2501 876 834 2502 877 834 2503 878 834 2504 876 835 2505 878 835 2506 879 835 2507 879 836 2508 878 836 2509 880 836 2510 876 837 2511 879 837 2512 881 837 2513 881 838 2514 879 838 2515 882 838 2516 883 839 2517 884 839 2518 885 839 2519 884 840 2520 883 840 2521 886 840 2522 886 841 2523 883 841 2524 887 841 2525 886 842 2526 887 842 2527 888 842 2528 886 843 2529 888 843 2530 889 843 2531 890 844 2532 891 844 2533 892 844 2534 890 845 2535 892 845 2536 893 845 2537 890 846 2538 893 846 2539 894 846 2540 890 847 2541 894 847 2542 895 847 2543 896 848 2544 897 848 2545 898 848 2546 896 849 2547 898 849 2548 899 849 2549 896 850 2550 899 850 2551 900 850 2552 900 851 2553 899 851 2554 901 851 2555 900 852 2556 901 852 2557 902 852 2558 902 853 2559 901 853 2560 903 853 2561 902 854 2562 903 854 2563 904 854 2564 904 855 2565 903 855 2566 905 855 2567 906 856 2568 907 856 2569 908 856 2570 907 857 2571 906 857 2572 909 857 2573 907 858 2574 909 858 2575 910 858 2576 906 859 2577 908 859 2578 911 859 2579 911 860 2580 908 860 2581 912 860 2582 911 861 2583 912 861 2584 913 861 2585 913 862 2586 912 862 2587 914 862 2588 913 863 2589 914 863 2590 915 863 2591 916 864 2592 917 864 2593 918 864 2594 918 865 2595 917 865 2596 919 865 2597 916 866 2598 917 866 2599 920 866 2600 920 867 2601 916 867 2602 921 867 2603 917 868 2604 920 868 2605 922 868 2606 922 869 2607 920 869 2608 923 869 2609 922 870 2610 923 870 2611 924 870 2612 922 871 2613 924 871 2614 925 871 2615 926 872 2616 927 872 2617 928 872 2618 928 873 2619 927 873 2620 929 873 2621 928 874 2622 929 874 2623 930 874 2624 930 875 2625 929 875 2626 931 875 2627 929 876 2628 927 876 2629 932 876 2630 931 877 2631 929 877 2632 933 877 2633 933 878 2634 929 878 2635 932 878 2636 933 879 2637 932 879 2638 934 879 2639 935 880 2640 936 880 2641 937 880 2642 937 881 2643 936 881 2644 938 881 2645 938 882 2646 936 882 2647 939 882 2648 940 883 2649 941 883 2650 942 883 2651 942 884 2652 941 884 2653 943 884 2654 944 885 2655 945 885 2656 946 885 2657 946 886 2658 945 886 2659 947 886 2660 947 887 2661 945 887 2662 948 887 2663 947 888 2664 948 888 2665 949 888 2666 947 889 2667 949 889 2668 950 889 2669 950 890 2670 949 890 2671 951 890 2672 952 891 2673 953 891 2674 954 891 2675 953 892 2676 952 892 2677 955 892 2678 955 893 2679 952 893 2680 956 893 2681 955 894 2682 956 894 2683 957 894 2684 958 895 2685 959 895 2686 960 895 2687 959 896 2688 958 896 2689 961 896 2690 959 897 2691 961 897 2692 962 897 2693 963 898 2694 964 898 2695 965 898 2696 966 899 2697 967 899 2698 968 899 2699 967 900 2700 966 900 2701 969 900 2702 966 901 2703 968 901 2704 970 901 2705 971 902 2706 972 902 2707 973 902 2708 973 903 2709 972 903 2710 974 903 2711 972 904 2712 971 904 2713 975 904 2714 974 905 2715 972 905 2716 976 905 2717 976 906 2718 972 906 2719 975 906 2720 976 907 2721 975 907 2722 977 907 2723 974 908 2724 976 908 2725 978 908 2726 976 909 2727 977 909 2728 979 909 2729 976 910 2730 979 910 2731 978 910 2732 978 911 2733 979 911 2734 980 911 2735 978 912 2736 980 912 2737 981 912 2738 980 913 2739 979 913 2740 982 913 2741 981 914 2742 980 914 2743 983 914 2744 983 915 2745 980 915 2746 982 915 2747 984 916 2748 985 916 2749 986 916 2750 987 917 2751 988 917 2752 989 917 2753 987 918 2754 989 918 2755 990 918 2756 990 919 2757 989 919 2758 991 919 2759 992 920 2760 993 920 2761 994 920 2762 992 921 2763 994 921 2764 995 921 2765 996 922 2766 997 922 2767 998 922 2768 996 923 2769 998 923 2770 999 923 2771 1000 924 2772 1001 924 2773 1002 924 2774 1003 925 2775 1004 925 2776 1005 925 2777 1003 926 2778 1005 926 2779 1006 926 2780 1003 927 2781 1006 927 2782 1007 927 2783 1007 928 2784 1006 928 2785 1008 928 2786 1008 929 2787 1006 929 2788 1009 929 2789 1009 930 2790 1006 930 2791 1010 930 2792 1011 931 2793 1012 931 2794 1013 931 2795 1011 932 2796 1013 932 2797 1014 932 2798 1014 933 2799 1013 933 2800 1015 933 2801 1015 934 2802 1013 934 2803 1016 934 2804 1016 935 2805 1013 935 2806 1017 935 2807 1015 936 2808 1016 936 2809 1018 936 2810 1018 937 2811 1016 937 2812 1019 937 2813 1020 938 2814 1021 938 2815 1022 938 2816 1020 939 2817 1022 939 2818 1023 939 2819 1024 940 2820 1025 940 2821 1026 940 2822 1024 941 2823 1026 941 2824 1027 941 2825 1024 942 2826 1027 942 2827 1028 942 2828 1029 943 2829 1030 943 2830 1031 943 2831 1029 944 2832 1031 944 2833 1032 944 2834 1033 945 2835 1034 945 2836 1035 945 2837 1033 946 2838 1035 946 2839 1036 946 2840 1036 947 2841 1033 947 2842 1037 947 2843 1038 948 2844 1039 948 2845 1040 948 2846 1038 949 2847 1040 949 2848 1041 949 2849 1038 950 2850 1041 950 2851 1042 950 2852 1040 951 2853 1039 951 2854 1043 951 2855 1043 952 2856 1039 952 2857 1044 952 2858 1044 953 2859 1039 953 2860 1045 953 2861 1044 954 2862 1045 954 2863 1046 954 2864 1044 955 2865 1046 955 2866 1047 955 2867 1048 956 2868 1049 956 2869 1050 956 2870 1050 957 2871 1049 957 2872 1051 957 2873 1051 958 2874 1049 958 2875 1052 958 2876 1053 959 2877 1054 959 2878 1055 959 2879 1054 960 2880 1053 960 2881 1056 960 2882 1056 961 2883 1053 961 2884 1057 961 2885 1054 962 2886 1056 962 2887 1058 962 2888 1059 963 2889 1060 963 2890 1061 963 2891 1059 964 2892 1061 964 2893 1062 964 2894 1063 965 2895 1064 965 2896 1065 965 2897 1066 966 2898 1067 966 2899 1064 966 2900 1064 967 2901 1066 967 2902 1068 967 2903 1063 968 2904 1064 968 2905 1069 968 2906 1064 969 2907 1069 969 2908 1068 969 2909 1063 970 2910 1065 970 2911 1070 970 2912 1063 971 2913 1070 971 2914 1069 971 2915 1070 972 2916 1065 972 2917 1071 972 2918 1071 973 2919 1065 973 2920 1072 973 2921 1070 974 2922 1071 974 2923 1073 974 2924 1073 975 2925 1071 975 2926 1072 975 2927 1070 976 2928 1073 976 2929 1069 976 2930 1073 977 2931 1072 977 2932 1074 977 2933 1069 978 2934 1073 978 2935 1075 978 2936 1069 979 2937 1075 979 2938 1068 979 2939 1075 980 2940 1073 980 2941 1076 980 2942 1068 981 2943 1075 981 2944 1077 981 2945 1077 982 2946 1075 982 2947 1078 982 2948 1068 983 2949 1077 983 2950 1079 983 2951 1080 984 2952 1081 984 2953 1082 984 2954 1080 985 2955 1082 985 2956 1083 985 2957 1084 986 2958 1085 986 2959 1086 986 2960 1085 987 2961 1084 987 2962 1087 987 2963 1087 988 2964 1084 988 2965 1088 988 2966 1088 989 2967 1084 989 2968 1089 989 2969 1088 990 2970 1089 990 2971 1090 990 2972 1091 991 2973 1092 991 2974 1093 991 2975 1091 992 2976 1093 992 2977 1094 992 2978 1093 993 2979 1092 993 2980 1095 993 2981 1095 994 2982 1092 994 2983 1096 994 2984 1093 995 2985 1095 995 2986 1097 995 2987 1094 996 2988 1093 996 2989 1098 996 2990 1098 997 2991 1093 997 2992 1097 997 2993 1094 998 2994 1098 998 2995 1099 998 2996 1099 999 2997 1098 999 2998 1100 999 2999 1100 1000 3000 1098 1000 3001 1097 1000 3002 1099 1001 3003 1100 1001 3004 1101 1001 3005 1100 1002 3006 1097 1002 3007 1102 1002 3008 1101 1003 3009 1099 1003 3010 1103 1003 3011 1103 1004 3012 1099 1004 3013 1104 1004 3014 1104 1005 3015 1103 1005 3016 1105 1005 3017 1102 1006 3018 1097 1006 3019 1106 1006 3020 1106 1007 3021 1097 1007 3022 1107 1007 3023 1107 1008 3024 1097 1008 3025 1108 1008 3026 1106 1009 3027 1107 1009 3028 1109 1009 3029 1106 1010 3030 1109 1010 3031 1110 1010 3032 1110 1011 3033 1109 1011 3034 1111 1011 3035 1111 1012 3036 1109 1012 3037 1112 1012 3038 1109 1013 3039 1112 1013 3040 1113 1013 3041 1107 1014 3042 1108 1014 3043 1114 1014 3044 1107 1015 3045 1114 1015 3046 1109 1015 3047 1109 1016 3048 1114 1016 3049 1113 1016 3050 1114 1017 3051 1108 1017 3052 1115 1017 3053 1115 1018 3054 1114 1018 3055 1116 1018 3056 1114 1019 3057 1116 1019 3058 1113 1019 3059 1113 1020 3060 1116 1020 3061 1117 1020 3062 1118 1021 3063 1119 1021 3064 1120 1021 3065 1118 1022 3066 1120 1022 3067 1121 1022 3068 1121 1023 3069 1120 1023 3070 1122 1023 3071 1123 1024 3072 1124 1024 3073 1122 1024 3074 1123 1025 3075 1122 1025 3076 1125 1025 3077 1122 1026 3078 1120 1026 3079 1126 1026 3080 1122 1027 3081 1126 1027 3082 1125 1027 3083 1126 1028 3084 1120 1028 3085 1127 1028 3086 1125 1029 3087 1126 1029 3088 1128 1029 3089 1128 1030 3090 1126 1030 3091 1127 1030 3092 1128 1031 3093 1127 1031 3094 1129 1031 3095 1128 1032 3096 1129 1032 3097 1130 1032 3098 1130 1033 3099 1129 1033 3100 1131 1033 3101 1132 1034 3102 1133 1034 3103 1134 1034 3104 1132 1035 3105 1134 1035 3106 1135 1035 3107 1132 1036 3108 1135 1036 3109 1136 1036 3110 1135 1037 3111 1134 1037 3112 1137 1037 3113 1138 1038 3114 1139 1038 3115 1140 1038 3116 1139 1039 3117 1138 1039 3118 1141 1039 3119 1140 1040 3120 1139 1040 3121 1142 1040 3122 1140 1041 3123 1142 1041 3124 1143 1041 3125 1143 1042 3126 1142 1042 3127 1144 1042 3128 1142 1043 3129 1139 1043 3130 1145 1043 3131 1145 1044 3132 1139 1044 3133 1146 1044 3134 1146 1045 3135 1139 1045 3136 1141 1045 3137 1146 1046 3138 1141 1046 3139 1147 1046 3140 1147 1047 3141 1141 1047 3142 1148 1047 3143 1147 1048 3144 1148 1048 3145 1149 1048 3146 1146 1049 3147 1147 1049 3148 1150 1049 3149 1150 1050 3150 1147 1050 3151 1149 1050 3152 1146 1051 3153 1150 1051 3154 1151 1051 3155 1150 1052 3156 1149 1052 3157 1152 1052 3158 1151 1053 3159 1150 1053 3160 1153 1053 3161 1153 1054 3162 1150 1054 3163 1152 1054 3164 1154 1055 3165 1155 1055 3166 1156 1055 3167 1156 1056 3168 1155 1056 3169 1157 1056 3170 1157 1057 3171 1155 1057 3172 1158 1057 3173 1156 1058 3174 1157 1058 3175 1159 1058 3176 1156 1059 3177 1159 1059 3178 1160 1059 3179 1161 1060 3180 1162 1060 3181 1163 1060 3182 1162 1061 3183 1161 1061 3184 1164 1061 3185 1162 1062 3186 1164 1062 3187 1165 1062 3188 1166 1063 3189 1167 1063 3190 1168 1063 3191 1168 1064 3192 1167 1064 3193 1169 1064 3194 1166 1065 3195 1168 1065 3196 1170 1065 3197 1170 1066 3198 1166 1066 3199 1171 1066 3200 1172 1067 3201 1173 1067 3202 1174 1067 3203 1172 1068 3204 1174 1068 3205 1175 1068 3206 1175 1069 3207 1174 1069 3208 1176 1069 3209 1172 1070 3210 1175 1070 3211 1177 1070 3212 1172 1071 3213 1177 1071 3214 1178 1071 3215 1178 1072 3216 1177 1072 3217 1179 1072 3218 1177 1073 3219 1175 1073 3220 1180 1073 3221 1179 1074 3222 1177 1074 3223 1181 1074 3224 1181 1075 3225 1177 1075 3226 1180 1075 3227 1181 1076 3228 1180 1076 3229 1182 1076 3230 1183 1077 3231 1184 1077 3232 1185 1077 3233 1185 1078 3234 1184 1078 3235 1186 1078 3236 1185 1079 3237 1186 1079 3238 1187 1079 3239 1188 1080 3240 1189 1080 3241 1190 1080 3242 1190 1081 3243 1189 1081 3244 1191 1081 3245 1189 1082 3246 1188 1082 3247 1192 1082 3248 1191 1083 3249 1189 1083 3250 1193 1083 3251 1193 1084 3252 1189 1084 3253 1192 1084 3254 1194 1085 3255 1195 1085 3256 1196 1085 3257 1194 1086 3258 1195 1086 3259 1197 1086 3260 1194 1087 3261 1196 1087 3262 1198 1087 3263 1197 1088 3264 1194 1088 3265 1199 1088 3266 1194 1089 3267 1198 1089 3268 1200 1089 3269 1194 1090 3270 1200 1090 3271 1199 1090 3272 1200 1091 3273 1198 1091 3274 1201 1091 3275 1199 1092 3276 1200 1092 3277 1202 1092 3278 1200 1093 3279 1201 1093 3280 1203 1093 3281 1202 1094 3282 1200 1094 3283 1204 1094 3284 1204 1095 3285 1200 1095 3286 1203 1095 3287 1205 1096 3288 1206 1096 3289 1207 1096 3290 1206 1097 3291 1205 1097 3292 1208 1097 3293 1206 1098 3294 1208 1098 3295 1209 1098 3296 1210 1099 3297 1211 1099 3298 1212 1099 3299 1211 1100 3300 1210 1100 3301 1213 1100 3302 1211 1101 3303 1213 1101 3304 1214 1101 3305 1215 1102 3306 1216 1102 3307 1217 1102 3308 1217 1103 3309 1216 1103 3310 1218 1103 3311 1217 1104 3312 1218 1104 3313 1219 1104 3314 1217 1105 3315 1219 1105 3316 1215 1105 3317 1218 1106 3318 1216 1106 3319 1220 1106 3320 1215 1107 3321 1219 1107 3322 1221 1107 3323 1220 1108 3324 1216 1108 3325 1222 1108 3326 1222 1109 3327 1216 1109 3328 1223 1109 3329 1222 1110 3330 1223 1110 3331 1224 1110 3332 1225 1111 3333 1216 1111 3334 1215 1111 3335 1215 1112 3336 1221 1112 3337 1226 1112 3338 1215 1113 3339 1226 1113 3340 1225 1113 3341 1225 1114 3342 1226 1114 3343 1227 1114 3344 1227 1115 3345 1226 1115 3346 1228 1115 3347 1227 1116 3348 1228 1116 3349 1229 1116 3350 1229 1117 3351 1228 1117 3352 1230 1117 3353 1232 1118 3354 1231 1118 3355 1233 1118 3356 1232 1119 3357 1231 1119 3358 1234 1119 3359 1232 1120 3360 1234 1120 3361 1235 1120 3362 1232 1121 3363 1235 1121 3364 1236 1121 3365 1236 1122 3366 1235 1122 3367 1237 1122 3368 1232 1123 3369 1233 1123 3370 1238 1123 3371 1238 1124 3372 1232 1124 3373 1236 1124 3374 1238 1125 3375 1233 1125 3376 1239 1125 3377 1233 1126 3378 1239 1126 3379 1240 1126 3380 1239 1127 3381 1238 1127 3382 1241 1127 3383 1241 1128 3384 1238 1128 3385 1242 1128 3386 1242 1129 3387 1238 1129 3388 1236 1129 3389 1241 1130 3390 1242 1130 3391 1243 1130 3392 1242 1131 3393 1243 1131 3394 1244 1131 3395 1244 1132 3396 1243 1132 3397 1245 1132 3398 1242 1133 3399 1236 1133 3400 1246 1133 3401 1242 1134 3402 1246 1134 3403 1244 1134 3404 1244 1135 3405 1246 1135 3406 1245 1135 3407 1236 1136 3408 1246 1136 3409 1237 1136 3410 1237 1137 3411 1246 1137 3412 1245 1137 3413 1247 1138 3414 1248 1138 3415 1249 1138 3416 1249 1139 3417 1248 1139 3418 1250 1139 3419 1251 1140 3420 1252 1140 3421 1253 1140 3422 1253 1141 3423 1252 1141 3424 1254 1141 3425 1255 1142 3426 1256 1142 3427 1257 1142 3428 1257 1143 3429 1256 1143 3430 1258 1143 3431 1257 1144 3432 1258 1144 3433 1259 1144 3434 1259 1145 3435 1258 1145 3436 1260 1145 3437 1259 1146 3438 1260 1146 3439 1261 1146 3440 1259 1147 3441 1261 1147 3442 1262 1147 3443 1262 1148 3444 1261 1148 3445 1263 1148 3446 1263 1149 3447 1262 1149 3448 1259 1149 3449 1259 1150 3450 1263 1150 3451 1264 1150 3452 1264 1151 3453 1263 1151 3454 1265 1151 3455 1264 1152 3456 1265 1152 3457 1266 1152 3458 1265 1153 3459 1263 1153 3460 1267 1153 3461 1266 1154 3462 1265 1154 3463 1268 1154 3464 1265 1155 3465 1267 1155 3466 1269 1155 3467 1265 1156 3468 1269 1156 3469 1268 1156 3470 1270 1157 3471 1271 1157 3472 1272 1157 3473 1270 1158 3474 1272 1158 3475 1273 1158 3476 1271 1159 3477 1270 1159 3478 1274 1159 3479 1271 1160 3480 1274 1160 3481 1275 1160 3482 1271 1161 3483 1275 1161 3484 1276 1161 3485 1276 1162 3486 1275 1162 3487 1277 1162 3488 1278 1163 3489 1279 1163 3490 1280 1163 3491 1279 1164 3492 1278 1164 3493 1281 1164 3494 1281 1165 3495 1278 1165 3496 1282 1165 3497 1279 1166 3498 1281 1166 3499 1283 1166 3500 1279 1167 3501 1283 1167 3502 1284 1167 3503 1283 1168 3504 1281 1168 3505 1285 1168 3506 1284 1169 3507 1283 1169 3508 1286 1169 3509 1283 1170 3510 1285 1170 3511 1287 1170 3512 1283 1171 3513 1287 1171 3514 1286 1171 3515 1287 1172 3516 1285 1172 3517 1288 1172 3518 1288 1173 3519 1285 1173 3520 1289 1173 3521 1288 1174 3522 1289 1174 3523 1290 1174 3524 1287 1175 3525 1288 1175 3526 1291 1175 3527 1286 1176 3528 1287 1176 3529 1292 1176 3530 1292 1177 3531 1287 1177 3532 1291 1177 3533 1286 1178 3534 1292 1178 3535 1293 1178 3536 1292 1179 3537 1291 1179 3538 1294 1179 3539 1293 1180 3540 1292 1180 3541 1295 1180 3542 1295 1181 3543 1292 1181 3544 1294 1181 3545 1293 1182 3546 1295 1182 3547 1296 1182 3548 1296 1183 3549 1295 1183 3550 1294 1183 3551 1297 1184 3552 1298 1184 3553 1299 1184 3554 1297 1185 3555 1299 1185 3556 1300 1185 3557 1299 1186 3558 1298 1186 3559 1301 1186 3560 1300 1187 3561 1299 1187 3562 1302 1187 3563 1299 1188 3564 1301 1188 3565 1303 1188 3566 1299 1189 3567 1303 1189 3568 1302 1189 3569 1301 1190 3570 1303 1190 3571 1304 1190 3572 1302 1191 3573 1303 1191 3574 1305 1191 3575 1306 1192 3576 1307 1192 3577 1308 1192 3578 1306 1193 3579 1308 1193 3580 1309 1193 3581 1309 1194 3582 1308 1194 3583 1310 1194 3584 1310 1195 3585 1308 1195 3586 1311 1195 3587 1306 1196 3588 1309 1196 3589 1312 1196 3590 1312 1197 3591 1309 1197 3592 1310 1197 3593 1312 1198 3594 1310 1198 3595 1313 1198 3596 1312 1199 3597 1313 1199 3598 1314 1199 3599 1314 1200 3600 1313 1200 3601 1315 1200 3602 1312 1201 3603 1314 1201 3604 1316 1201 3605 1317 1202 3606 1318 1202 3607 1319 1202 3608 1319 1203 3609 1318 1203 3610 1320 1203 3611 1320 1204 3612 1318 1204 3613 1321 1204 3614 1319 1205 3615 1320 1205 3616 1322 1205 3617 1322 1206 3618 1320 1206 3619 1323 1206 3620 1322 1207 3621 1323 1207 3622 1324 1207 3623 1324 1208 3624 1323 1208 3625 1320 1208 3626 1325 1209 3627 1326 1209 3628 1327 1209 3629 1326 1210 3630 1325 1210 3631 1328 1210 3632 1327 1211 3633 1326 1211 3634 1329 1211 3635 1329 1212 3636 1326 1212 3637 1328 1212 3638 1327 1213 3639 1329 1213 3640 1330 1213 3641 1330 1214 3642 1329 1214 3643 1328 1214 3644 1330 1215 3645 1328 1215 3646 1331 1215 3647 1332 1216 3648 1333 1216 3649 1334 1216 3650 1334 1217 3651 1333 1217 3652 1335 1217 3653 1334 1218 3654 1335 1218 3655 1336 1218 3656 1334 1219 3657 1336 1219 3658 1337 1219 3659 1332 1220 3660 1334 1220 3661 1338 1220 3662 1338 1221 3663 1334 1221 3664 1339 1221 3665 1338 1222 3666 1339 1222 3667 1332 1222 3668 1339 1223 3669 1334 1223 3670 1337 1223 3671 1339 1224 3672 1337 1224 3673 1340 1224 3674 1340 1225 3675 1337 1225 3676 1341 1225 3677 1332 1226 3678 1339 1226 3679 1342 1226 3680 1342 1227 3681 1339 1227 3682 1340 1227 3683 1332 1228 3684 1342 1228 3685 1343 1228 3686 1332 1229 3687 1343 1229 3688 1344 1229 3689 1344 1230 3690 1343 1230 3691 1345 1230 3692 1345 1231 3693 1343 1231 3694 1346 1231 3695 1346 1232 3696 1343 1232 3697 1347 1232 3698 1347 1233 3699 1343 1233 3700 1342 1233 3701 1346 1234 3702 1347 1234 3703 1348 1234 3704 1342 1235 3705 1340 1235 3706 1349 1235 3707 1342 1236 3708 1349 1236 3709 1347 1236 3710 1349 1237 3711 1340 1237 3712 1341 1237 3713 1349 1238 3714 1341 1238 3715 1350 1238 3716 1349 1239 3717 1350 1239 3718 1347 1239 3719 1350 1240 3720 1341 1240 3721 1351 1240 3722 1350 1241 3723 1351 1241 3724 1352 1241 3725 1350 1242 3726 1352 1242 3727 1353 1242 3728 1347 1243 3729 1350 1243 3730 1354 1243 3731 1354 1244 3732 1350 1244 3733 1353 1244 3734 1347 1245 3735 1354 1245 3736 1348 1245 3737 1354 1246 3738 1353 1246 3739 1355 1246 3740 1354 1247 3741 1355 1247 3742 1348 1247 3743 1356 1248 3744 1357 1248 3745 1358 1248 3746 1358 1249 3747 1357 1249 3748 1359 1249 3749 1356 1250 3750 1358 1250 3751 1360 1250 3752 1360 1251 3753 1358 1251 3754 1361 1251 3755 1359 1252 3756 1357 1252 3757 1362 1252 3758 1359 1253 3759 1362 1253 3760 1363 1253 3761 1357 1254 3762 1356 1254 3763 1364 1254 3764 1357 1255 3765 1364 1255 3766 1362 1255 3767 1356 1256 3768 1360 1256 3769 1365 1256 3770 1365 1257 3771 1356 1257 3772 1364 1257 3773 1360 1258 3774 1361 1258 3775 1366 1258 3776 1366 1259 3777 1361 1259 3778 1367 1259 3779 1366 1260 3780 1367 1260 3781 1368 1260 3782 1367 1261 3783 1368 1261 3784 1369 1261 3785 1366 1262 3786 1360 1262 3787 1370 1262 3788 1370 1263 3789 1360 1263 3790 1365 1263 3791 1368 1264 3792 1366 1264 3793 1371 1264 3794 1371 1265 3795 1366 1265 3796 1370 1265 3797 1371 1266 3798 1368 1266 3799 1372 1266 3800 1371 1267 3801 1372 1267 3802 1373 1267 3803 1371 1268 3804 1373 1268 3805 1370 1268 3806 1370 1269 3807 1373 1269 3808 1374 1269 3809 1370 1270 3810 1374 1270 3811 1365 1270 3812 1374 1271 3813 1373 1271 3814 1375 1271 3815 1374 1272 3816 1375 1272 3817 1376 1272 3818 1374 1273 3819 1376 1273 3820 1365 1273 3821 1376 1274 3822 1375 1274 3823 1377 1274 3824 1365 1275 3825 1376 1275 3826 1378 1275 3827 1376 1276 3828 1377 1276 3829 1379 1276 3830 1376 1277 3831 1379 1277 3832 1378 1277 3833 1365 1278 3834 1378 1278 3835 1380 1278 3836 1380 1279 3837 1378 1279 3838 1379 1279 3839 1365 1280 3840 1380 1280 3841 1381 1280 3842 1365 1281 3843 1381 1281 3844 1364 1281 3845 1364 1282 3846 1381 1282 3847 1382 1282 3848 1364 1283 3849 1382 1283 3850 1362 1283 3851 1382 1284 3852 1381 1284 3853 1383 1284 3854 1383 1285 3855 1381 1285 3856 1380 1285 3857 1362 1286 3858 1382 1286 3859 1384 1286 3860 1384 1287 3861 1382 1287 3862 1383 1287 3863 1362 1288 3864 1384 1288 3865 1363 1288 3866 1363 1289 3867 1384 1289 3868 1385 1289 3869 1384 1290 3870 1383 1290 3871 1386 1290 3872 1384 1291 3873 1386 1291 3874 1385 1291 3875 1386 1292 3876 1383 1292 3877 1387 1292 3878 1385 1293 3879 1386 1293 3880 1388 1293 3881 1385 1294 3882 1388 1294 3883 1389 1294 3884 1388 1295 3885 1386 1295 3886 1387 1295 3887 1390 1296 3888 1388 1296 3889 1391 1296 3890 1391 1297 3891 1388 1297 3892 1387 1297 3893 1387 1298 3894 1383 1298 3895 1392 1298 3896 1392 1299 3897 1383 1299 3898 1380 1299 3899 1391 1300 3900 1387 1300 3901 1393 1300 3902 1391 1301 3903 1393 1301 3904 1394 1301 3905 1387 1302 3906 1392 1302 3907 1395 1302 3908 1387 1303 3909 1395 1303 3910 1393 1303 3911 1394 1304 3912 1393 1304 3913 1396 1304 3914 1395 1305 3915 1392 1305 3916 1397 1305 3917 1397 1306 3918 1392 1306 3919 1380 1306 3920 1394 1307 3921 1396 1307 3922 1398 1307 3923 1394 1308 3924 1398 1308 3925 1399 1308 3926 1396 1309 3927 1393 1309 3928 1400 1309 3929 1393 1310 3930 1400 1310 3931 1395 1310 3932 1396 1311 3933 1400 1311 3934 1398 1311 3935 1399 1312 3936 1398 1312 3937 1401 1312 3938 1401 1313 3939 1398 1313 3940 1402 1313 3941 1401 1314 3942 1402 1314 3943 1403 1314 3944 1402 1315 3945 1398 1315 3946 1404 1315 3947 1404 1316 3948 1398 1316 3949 1400 1316 3950 1404 1317 3951 1400 1317 3952 1405 1317 3953 1400 1318 3954 1395 1318 3955 1406 1318 3956 1406 1319 3957 1395 1319 3958 1397 1319 3959 1405 1320 3960 1400 1320 3961 1407 1320 3962 1407 1321 3963 1400 1321 3964 1406 1321 3965 1405 1322 3966 1407 1322 3967 1408 1322 3968 1406 1323 3969 1397 1323 3970 1409 1323 3971 1406 1324 3972 1409 1324 3973 1407 1324 3974 1409 1325 3975 1397 1325 3976 1380 1325 3977 1408 1326 3978 1407 1326 3979 1410 1326 3980 1410 1327 3981 1407 1327 3982 1409 1327 3983 1409 1328 3984 1380 1328 3985 1379 1328 3986 1409 1329 3987 1379 1329 3988 1410 1329 3989 1408 1330 3990 1410 1330 3991 1411 1330 3992 1411 1331 3993 1410 1331 3994 1379 1331 3995 1411 1332 3996 1379 1332 3997 1412 1332 3998 1412 1333 3999 1379 1333 4000 1377 1333 4001 1412 1334 4002 1377 1334 4003 1413 1334 4004 1413 1335 4005 1412 1335 4006 1414 1335 4007 1412 1336 4008 1411 1336 4009 1415 1336 4010 1412 1337 4011 1415 1337 4012 1414 1337 4013 1411 1338 4014 1415 1338 4015 1416 1338 4016 1416 1339 4017 1415 1339 4018 1414 1339 4019 1417 1340 4020 1418 1340 4021 1419 1340 4022 1418 1341 4023 1417 1341 4024 1420 1341 4025 1418 1342 4026 1420 1342 4027 1421 1342 4028 1421 1343 4029 1420 1343 4030 1422 1343 4031 1422 1344 4032 1420 1344 4033 1423 1344 4034 1422 1345 4035 1423 1345 4036 1424 1345 4037 1422 1346 4038 1424 1346 4039 1425 1346 4040 1422 1347 4041 1425 1347 4042 1426 1347 4043 1422 1348 4044 1426 1348 4045 1421 1348 4046 1421 1349 4047 1426 1349 4048 1427 1349 4049 1428 1350 4050 1429 1350 4051 1430 1350 4052 1429 1351 4053 1428 1351 4054 1431 1351 4055 1430 1352 4056 1429 1352 4057 1432 1352 4058 1432 1353 4059 1430 1353 4060 1433 1353 4061 1433 1354 4062 1432 1354 4063 1429 1354 4064 1433 1355 4065 1429 1355 4066 1431 1355 4067 1433 1356 4068 1431 1356 4069 1434 1356 4070 1433 1357 4071 1434 1357 4072 1435 1357 4073 1436 1358 4074 1437 1358 4075 1438 1358 4076 1436 1359 4077 1438 1359 4078 1439 1359 4079 1439 1360 4080 1438 1360 4081 1440 1360 4082 1441 1361 4083 1442 1361 4084 1443 1361 4085 1444 1362 4086 1445 1362 4087 1446 1362 4088 1446 1363 4089 1445 1363 4090 1447 1363 4091 1447 1364 4092 1445 1364 4093 1448 1364 4094 1446 1365 4095 1447 1365 4096 1449 1365 4097 1446 1366 4098 1449 1366 4099 1450 1366 4100 1449 1367 4101 1447 1367 4102 1451 1367 4103 1447 1368 4104 1448 1368 4105 1452 1368 4106 1447 1369 4107 1452 1369 4108 1453 1369 4109 1452 1370 4110 1448 1370 4111 1454 1370 4112 1455 1371 4113 1456 1371 4114 1457 1371 4115 1458 1372 4116 1459 1372 4117 1460 1372 4118 1461 1373 4119 1462 1373 4120 1463 1373 4121 1464 1374 4122 1465 1374 4123 1466 1374 4124 1465 1375 4125 1464 1375 4126 1467 1375 4127 1467 1376 4128 1464 1376 4129 1468 1376 4130 1467 1377 4131 1468 1377 4132 1469 1377 4133 1470 1378 4134 1471 1378 4135 1469 1378 4136 1469 1379 4137 1471 1379 4138 1472 1379 4139 1469 1380 4140 1472 1380 4141 1467 1380 4142 1472 1381 4143 1471 1381 4144 1473 1381 4145 1472 1382 4146 1467 1382 4147 1474 1382 4148 1473 1383 4149 1471 1383 4150 1475 1383 4151 1473 1384 4152 1475 1384 4153 1476 1384 4154 1476 1385 4155 1475 1385 4156 1477 1385 4157 1467 1386 4158 1474 1386 4159 1478 1386 4160 1467 1387 4161 1478 1387 4162 1479 1387 4163 1467 1388 4164 1479 1388 4165 1465 1388 4166 1479 1389 4167 1478 1389 4168 1480 1389 4169 1465 1390 4170 1479 1390 4171 1481 1390 4172 1479 1391 4173 1480 1391 4174 1482 1391 4175 1479 1392 4176 1482 1392 4177 1481 1392 4178 1483 1393 4179 1484 1393 4180 1485 1393 4181 1486 1394 4182 1487 1394 4183 1488 1394 4184 1489 1395 4185 1490 1395 4186 1491 1395 4187 1489 1396 4188 1491 1396 4189 1492 1396 4190 1492 1397 4191 1491 1397 4192 1493 1397 4193 1494 1398 4194 1495 1398 4195 1496 1398 4196 1494 1399 4197 1496 1399 4198 1497 1399 4199 1494 1400 4200 1497 1400 4201 1498 1400 4202 1498 1401 4203 1497 1401 4204 1499 1401 4205 1498 1402 4206 1499 1402 4207 1500 1402 4208 1497 1403 4209 1496 1403 4210 1501 1403 4211 1497 1404 4212 1501 1404 4213 1502 1404 4214 1502 1405 4215 1501 1405 4216 1503 1405 4217 1503 1406 4218 1501 1406 4219 1504 1406 4220 1504 1407 4221 1501 1407 4222 1505 1407 4223 1505 1408 4224 1501 1408 4225 1496 1408 4226 1505 1409 4227 1496 1409 4228 1506 1409 4229 1507 1410 4230 1508 1410 4231 1509 1410 4232 1509 1411 4233 1508 1411 4234 1510 1411 4235 1508 1412 4236 1507 1412 4237 1511 1412 4238 1510 1413 4239 1508 1413 4240 1512 1413 4241 1512 1414 4242 1508 1414 4243 1511 1414 4244 1510 1415 4245 1512 1415 4246 1513 1415 4247 1511 1416 4248 1507 1416 4249 1514 1416 4250 1513 1417 4251 1512 1417 4252 1515 1417 4253 1515 1418 4254 1512 1418 4255 1511 1418 4256 1513 1419 4257 1515 1419 4258 1516 1419 4259 1511 1420 4260 1514 1420 4261 1517 1420 4262 1511 1421 4263 1517 1421 4264 1515 1421 4265 1517 1422 4266 1514 1422 4267 1518 1422 4268 1518 1423 4269 1514 1423 4270 1519 1423 4271 1515 1424 4272 1517 1424 4273 1520 1424 4274 1515 1425 4275 1520 1425 4276 1516 1425 4277 1516 1426 4278 1520 1426 4279 1521 1426 4280 1521 1427 4281 1520 1427 4282 1522 1427 4283 1522 1428 4284 1520 1428 4285 1523 1428 4286 1524 1429 4287 1525 1429 4288 1526 1429 4289 1524 1430 4290 1525 1430 4291 1527 1430 4292 1524 1431 4293 1526 1431 4294 1528 1431 4295 1524 1432 4296 1528 1432 4297 1529 1432 4298 1530 1433 4299 1531 1433 4300 1532 1433 4301 1533 1434 4302 1534 1434 4303 1535 1434 4304 1533 1435 4305 1535 1435 4306 1536 1435 4307 1533 1436 4308 1536 1436 4309 1537 1436 4310 1538 1437 4311 1539 1437 4312 1540 1437 4313 1540 1438 4314 1539 1438 4315 1541 1438 4316 1541 1439 4317 1539 1439 4318 1542 1439 4319 1541 1440 4320 1542 1440 4321 1543 1440 4322 1544 1441 4323 1545 1441 4324 1546 1441 4325 1545 1442 4326 1544 1442 4327 1547 1442 4328 1545 1443 4329 1547 1443 4330 1548 1443 4331 1549 1444 4332 1550 1444 4333 1551 1444 4334 1549 1445 4335 1551 1445 4336 1552 1445 4337 1553 1446 4338 1554 1446 4339 1555 1446 4340 1556 1447 4341 1557 1447 4342 1558 1447 4343 1556 1448 4344 1558 1448 4345 1559 1448 4346 1556 1449 4347 1559 1449 4348 1560 1449 4349 1556 1450 4350 1560 1450 4351 1561 1450 4352 1561 1451 4353 1560 1451 4354 1562 1451 4355 1561 1452 4356 1562 1452 4357 1563 1452 4358 1562 1453 4359 1560 1453 4360 1564 1453 4361 1563 1454 4362 1562 1454 4363 1565 1454 4364 1562 1455 4365 1564 1455 4366 1566 1455 4367 1562 1456 4368 1566 1456 4369 1565 1456 4370 1566 1457 4371 1564 1457 4372 1567 1457 4373 1566 1458 4374 1567 1458 4375 1568 1458 4376 1565 1459 4377 1566 1459 4378 1569 1459 4379 1565 1460 4380 1569 1460 4381 1570 1460 4382 1566 1461 4383 1568 1461 4384 1571 1461 4385 1566 1462 4386 1571 1462 4387 1569 1462 4388 1570 1463 4389 1569 1463 4390 1572 1463 4391 1572 1464 4392 1569 1464 4393 1571 1464 4394 1572 1465 4395 1571 1465 4396 1568 1465 4397 1572 1466 4398 1568 1466 4399 1573 1466 4400 1572 1467 4401 1573 1467 4402 1574 1467 4403 1573 1468 4404 1568 1468 4405 1575 1468 4406 1576 1469 4407 1577 1469 4408 1578 1469 4409 1577 1470 4410 1576 1470 4411 1579 1470 4412 1577 1471 4413 1579 1471 4414 1580 1471 4415 1580 1472 4416 1579 1472 4417 1581 1472 4418 1582 1473 4419 1583 1473 4420 1584 1473 4421 1582 1474 4422 1584 1474 4423 1585 1474 4424 1586 1475 4425 1587 1475 4426 1588 1475 4427 1588 1476 4428 1587 1476 4429 1589 1476 4430 1590 1477 4431 1591 1477 4432 1592 1477 4433 1593 1478 4434 1594 1478 4435 1595 1478 4436 1594 1479 4437 1593 1479 4438 1596 1479 4439 1595 1480 4440 1594 1480 4441 1597 1480 4442 1595 1481 4443 1597 1481 4444 1598 1481 4445 1595 1482 4446 1598 1482 4447 1599 1482 4448 1595 1483 4449 1599 1483 4450 1600 1483 4451 1595 1484 4452 1600 1484 4453 1601 1484 4454 1595 1485 4455 1593 1485 4456 1602 1485 4457 1602 1486 4458 1595 1486 4459 1601 1486 4460 1593 1487 4461 1602 1487 4462 1603 1487 4463 1602 1488 4464 1601 1488 4465 1604 1488 4466 1603 1489 4467 1602 1489 4468 1605 1489 4469 1602 1490 4470 1604 1490 4471 1606 1490 4472 1602 1491 4473 1606 1491 4474 1605 1491 4475 1607 1492 4476 1608 1492 4477 1609 1492 4478 1610 1493 4479 1611 1493 4480 1612 1493 4481 1613 1494 4482 1614 1494 4483 1615 1494 4484 1616 1495 4485 1617 1495 4486 1618 1495 4487 1619 1496 4488 1620 1496 4489 1621 1496 4490 1619 1497 4491 1621 1497 4492 1622 1497 4493 1622 1498 4494 1621 1498 4495 1623 1498 4496 1619 1499 4497 1622 1499 4498 1624 1499 4499 1619 1500 4500 1624 1500 4501 1625 1500 4502 1622 1501 4503 1623 1501 4504 1626 1501 4505 1622 1502 4506 1626 1502 4507 1624 1502 4508 1626 1503 4509 1623 1503 4510 1627 1503 4511 1626 1504 4512 1627 1504 4513 1628 1504 4514 1626 1505 4515 1628 1505 4516 1629 1505 4517 1626 1506 4518 1629 1506 4519 1624 1506 4520 1629 1507 4521 1628 1507 4522 1630 1507 4523 1631 1508 4524 1625 1508 4525 1624 1508 4526 1631 1509 4527 1624 1509 4528 1632 1509 4529 1631 1510 4530 1632 1510 4531 1633 1510 4532 1625 1511 4533 1631 1511 4534 1634 1511 4535 1634 1512 4536 1631 1512 4537 1635 1512 4538 1636 1513 4539 1637 1513 4540 1638 1513 4541 1639 1514 4542 1640 1514 4543 1641 1514 4544 1640 1515 4545 1639 1515 4546 1642 1515 4547 1641 1516 4548 1640 1516 4549 1643 1516 4550 1641 1517 4551 1643 1517 4552 1639 1517 4553 1644 1518 4554 1645 1518 4555 1646 1518 4556 1644 1519 4557 1646 1519 4558 1647 1519 4559 1644 1520 4560 1647 1520 4561 1648 1520 4562 1648 1521 4563 1647 1521 4564 1649 1521 4565 1649 1522 4566 1647 1522 4567 1650 1522 4568 1650 1523 4569 1647 1523 4570 1646 1523 4571 1646 1524 4572 1645 1524 4573 1651 1524 4574 1646 1525 4575 1651 1525 4576 1650 1525 4577 1650 1526 4578 1651 1526 4579 1652 1526 4580 1651 1527 4581 1645 1527 4582 1653 1527 4583 1652 1528 4584 1651 1528 4585 1654 1528 4586 1654 1529 4587 1651 1529 4588 1653 1529 4589 1654 1530 4590 1653 1530 4591 1655 1530 4592 1656 1531 4593 1657 1531 4594 1658 1531 4595 1657 1532 4596 1656 1532 4597 1659 1532 4598 1660 1533 4599 1661 1533 4600 1662 1533 4601 1662 1534 4602 1661 1534 4603 1663 1534 4604 1664 1535 4605 1665 1535 4606 1666 1535 4607 1666 1536 4608 1665 1536 4609 1667 1536 4610 1668 1537 4611 1669 1537 4612 1670 1537 4613 1668 1538 4614 1670 1538 4615 1671 1538 4616 1671 1539 4617 1670 1539 4618 1672 1539 4619 1671 1540 4620 1672 1540 4621 1673 1540 4622 1673 1541 4623 1672 1541 4624 1674 1541 4625 1673 1542 4626 1674 1542 4627 1675 1542 4628 1675 1543 4629 1674 1543 4630 1676 1543 4631 1671 1544 4632 1673 1544 4633 1677 1544 4634 1677 1545 4635 1673 1545 4636 1678 1545 4637 1671 1546 4638 1677 1546 4639 1679 1546 4640 1679 1547 4641 1677 1547 4642 1680 1547 4643 1680 1548 4644 1677 1548 4645 1681 1548 4646 1682 1549 4647 1683 1549 4648 1684 1549 4649 1684 1550 4650 1683 1550 4651 1685 1550 4652 1682 1551 4653 1683 1551 4654 1686 1551 4655 1686 1552 4656 1682 1552 4657 1687 1552 4658 1687 1553 4659 1682 1553 4660 1688 1553 4661 1686 1554 4662 1687 1554 4663 1689 1554 4664 1689 1555 4665 1687 1555 4666 1690 1555 4667 1691 1556 4668 1692 1556 4669 1693 1556 4670 1692 1557 4671 1691 1557 4672 1694 1557 4673 1694 1558 4674 1691 1558 4675 1695 1558 4676 1694 1559 4677 1695 1559 4678 1696 1559 4679 1697 1560 4680 1698 1560 4681 1699 1560 4682 1697 1561 4683 1699 1561 4684 1700 1561 4685 1698 1562 4686 1697 1562 4687 1701 1562 4688 1698 1563 4689 1701 1563 4690 1702 1563 4691 1699 1564 4692 1698 1564 4693 1703 1564 4694 1699 1565 4695 1703 1565 4696 1704 1565 4697 1704 1566 4698 1703 1566 4699 1705 1566 4700 1705 1567 4701 1703 1567 4702 1706 1567 4703 1703 1568 4704 1698 1568 4705 1707 1568 4706 1707 1569 4707 1698 1569 4708 1702 1569 4709 1703 1570 4710 1707 1570 4711 1706 1570 4712 1707 1571 4713 1702 1571 4714 1708 1571 4715 1706 1572 4716 1707 1572 4717 1709 1572 4718 1709 1573 4719 1707 1573 4720 1708 1573 4721 1706 1574 4722 1709 1574 4723 1710 1574 4724 1709 1575 4725 1710 1575 4726 1711 1575 4727 1709 1576 4728 1708 1576 4729 1712 1576 4730 1709 1577 4731 1712 1577 4732 1711 1577 4733 1712 1578 4734 1708 1578 4735 1713 1578 4736 1711 1579 4737 1712 1579 4738 1714 1579 4739 1714 1580 4740 1712 1580 4741 1713 1580 4742 1714 1581 4743 1713 1581 4744 1715 1581 4745 1716 1582 4746 1717 1582 4747 1718 1582 4748 1716 1583 4749 1717 1583 4750 1719 1583 4751 1716 1584 4752 1718 1584 4753 1720 1584 4754 1720 1585 4755 1716 1585 4756 1719 1585 4757 1722 1586 4758 1721 1586 4759 1723 1586 4760 1724 1587 4761 1725 1587 4762 1726 1587 4763 1727 1588 4764 1728 1588 4765 1729 1588 4766 1728 1589 4767 1727 1589 4768 1730 1589 4769 1728 1590 4770 1730 1590 4771 1731 1590 4772 1730 1591 4773 1727 1591 4774 1732 1591 4775 1733 1592 4776 1734 1592 4777 1735 1592 4778 1733 1593 4779 1735 1593 4780 1736 1593 4781 1737 1594 4782 1738 1594 4783 1739 1594 4784 1738 1595 4785 1737 1595 4786 1740 1595 4787 1738 1596 4788 1740 1596 4789 1741 1596 4790 1740 1597 4791 1737 1597 4792 1742 1597 4793 1742 1598 4794 1737 1598 4795 1743 1598 4796 1744 1599 4797 1745 1599 4798 1746 1599 4799 1744 1600 4800 1746 1600 4801 1747 1600 4802 1747 1601 4803 1746 1601 4804 1748 1601 4805 1744 1602 4806 1747 1602 4807 1749 1602 4808 1744 1603 4809 1749 1603 4810 1745 1603 4811 1748 1604 4812 1746 1604 4813 1750 1604 4814 1746 1605 4815 1745 1605 4816 1751 1605 4817 1746 1606 4818 1751 1606 4819 1750 1606 4820 1745 1607 4821 1749 1607 4822 1752 1607 4823 1745 1608 4824 1752 1608 4825 1751 1608 4826 1750 1609 4827 1751 1609 4828 1753 1609 4829 1753 1610 4830 1751 1610 4831 1752 1610 4832 1748 1611 4833 1750 1611 4834 1754 1611 4835 1748 1612 4836 1754 1612 4837 1755 1612 4838 1752 1613 4839 1749 1613 4840 1756 1613 4841 1752 1614 4842 1756 1614 4843 1753 1614 4844 1756 1615 4845 1749 1615 4846 1757 1615 4847 1750 1616 4848 1753 1616 4849 1758 1616 4850 1758 1617 4851 1753 1617 4852 1756 1617 4853 1750 1618 4854 1758 1618 4855 1754 1618 4856 1756 1619 4857 1757 1619 4858 1759 1619 4859 1756 1620 4860 1759 1620 4861 1758 1620 4862 1754 1621 4863 1758 1621 4864 1760 1621 4865 1760 1622 4866 1758 1622 4867 1759 1622 4868 1761 1623 4869 1755 1623 4870 1754 1623 4871 1761 1624 4872 1754 1624 4873 1760 1624 4874 1755 1625 4875 1761 1625 4876 1762 1625 4877 1762 1626 4878 1761 1626 4879 1763 1626 4880 1763 1627 4881 1761 1627 4882 1764 1627 4883 1764 1628 4884 1761 1628 4885 1765 1628 4886 1760 1629 4887 1759 1629 4888 1766 1629 4889 1760 1630 4890 1766 1630 4891 1761 1630 4892 1761 1631 4893 1766 1631 4894 1765 1631 4895 1766 1632 4896 1759 1632 4897 1757 1632 4898 1765 1633 4899 1766 1633 4900 1767 1633 4901 1767 1634 4902 1766 1634 4903 1757 1634 4904 1768 1635 4905 1769 1635 4906 1770 1635 4907 1768 1636 4908 1770 1636 4909 1771 1636 4910 1768 1637 4911 1771 1637 4912 1772 1637 4913 1768 1638 4914 1772 1638 4915 1773 1638 4916 1773 1639 4917 1772 1639 4918 1774 1639 4919 1773 1640 4920 1774 1640 4921 1768 1640 4922 1774 1641 4923 1772 1641 4924 1775 1641 4925 1774 1642 4926 1775 1642 4927 1776 1642 4928 1774 1643 4929 1768 1643 4930 1777 1643 4931 1777 1644 4932 1774 1644 4933 1776 1644 4934 1777 1645 4935 1776 1645 4936 1778 1645 4937 1777 1646 4938 1778 1646 4939 1779 1646 4940 1777 1647 4941 1779 1647 4942 1780 1647 4943 1777 1648 4944 1780 1648 4945 1781 1648 4946 1781 1649 4947 1780 1649 4948 1782 1649 4949 1781 1650 4950 1782 1650 4951 1783 1650 4952 1783 1651 4953 1782 1651 4954 1784 1651 4955 1783 1652 4956 1784 1652 4957 1785 1652 4958 1786 1653 4959 1787 1653 4960 1788 1653 4961 1787 1654 4962 1786 1654 4963 1789 1654 4964 1790 1655 4965 1791 1655 4966 1792 1655 4967 1791 1656 4968 1790 1656 4969 1793 1656 4970 1791 1657 4971 1793 1657 4972 1794 1657 4973 1790 1658 4974 1792 1658 4975 1795 1658 4976 1795 1659 4977 1792 1659 4978 1796 1659 4979 1796 1660 4980 1792 1660 4981 1797 1660 4982 1798 1661 4983 1799 1661 4984 1800 1661 4985 1801 1662 4986 1802 1662 4987 1803 1662 4988 1801 1663 4989 1802 1663 4990 1804 1663 4991 1802 1664 4992 1804 1664 4993 1805 1664 4994 1802 1665 4995 1805 1665 4996 1803 1665 4997 1803 1666 4998 1805 1666 4999 1806 1666 5000 1807 1667 5001 1808 1667 5002 1809 1667 5003 1810 1668 5004 1811 1668 5005 1812 1668 5006 1813 1669 5007 1814 1669 5008 1815 1669 5009 1816 1670 5010 1817 1670 5011 1818 1670 5012 1819 1671 5013 1820 1671 5014 1821 1671 5015 1819 1672 5016 1821 1672 5017 1822 1672 5018 1819 1673 5019 1822 1673 5020 1823 1673 5021 1819 1674 5022 1823 1674 5023 1824 1674 5024 1822 1675 5025 1823 1675 5026 1825 1675 5027 1824 1676 5028 1823 1676 5029 1826 1676 5030 1826 1677 5031 1823 1677 5032 1825 1677 5033 1824 1678 5034 1826 1678 5035 1827 1678 5036 1827 1679 5037 1826 1679 5038 1825 1679 5039 1828 1680 5040 1829 1680 5041 1830 1680 5042 1830 1681 5043 1829 1681 5044 1831 1681 5045 1832 1682 5046 1833 1682 5047 1828 1682 5048 1828 1683 5049 1830 1683 5050 1834 1683 5051 1828 1684 5052 1834 1684 5053 1832 1684 5054 1830 1685 5055 1831 1685 5056 1835 1685 5057 1830 1686 5058 1835 1686 5059 1834 1686 5060 1832 1687 5061 1834 1687 5062 1836 1687 5063 1836 1688 5064 1834 1688 5065 1835 1688 5066 1832 1689 5067 1836 1689 5068 1837 1689 5069 1837 1690 5070 1836 1690 5071 1838 1690 5072 1838 1691 5073 1836 1691 5074 1839 1691 5075 1836 1692 5076 1839 1692 5077 1835 1692 5078 1839 1693 5079 1835 1693 5080 1840 1693 5081 1840 1694 5082 1835 1694 5083 1841 1694 5084 1841 1695 5085 1835 1695 5086 1831 1695 5087 1841 1696 5088 1831 1696 5089 1842 1696 5090 1843 1697 5091 1844 1697 5092 1845 1697 5093 1844 1698 5094 1845 1698 5095 1846 1698 5096 1846 1699 5097 1845 1699 5098 1847 1699 5099 1846 1700 5100 1844 1700 5101 1848 1700 5102 1846 1701 5103 1848 1701 5104 1849 1701 5105 1846 1702 5106 1849 1702 5107 1850 1702 5108 1850 1703 5109 1849 1703 5110 1851 1703 5111 1849 1704 5112 1851 1704 5113 1852 1704 5114 1850 1705 5115 1851 1705 5116 1853 1705 5117 1854 1706 5118 1855 1706 5119 1856 1706 5120 1856 1707 5121 1855 1707 5122 1857 1707 5123 1857 1708 5124 1855 1708 5125 1858 1708 5126 1857 1709 5127 1858 1709 5128 1859 1709 5129 1856 1710 5130 1857 1710 5131 1860 1710 5132 1856 1711 5133 1860 1711 5134 1861 1711 5135 1860 1712 5136 1857 1712 5137 1862 1712 5138 1862 1713 5139 1857 1713 5140 1863 1713 5141 1864 1714 5142 1865 1714 5143 1866 1714 5144 1865 1715 5145 1864 1715 5146 1867 1715 5147 1865 1716 5148 1867 1716 5149 1868 1716 5150 1868 1717 5151 1867 1717 5152 1869 1717 5153 1870 1718 5154 1871 1718 5155 1872 1718 5156 1872 1719 5157 1871 1719 5158 1873 1719 5159 1874 1720 5160 1875 1720 5161 1876 1720 5162 1876 1721 5163 1875 1721 5164 1877 1721 5165 1878 1722 5166 1879 1722 5167 1880 1722 5168 1878 1723 5169 1880 1723 5170 1881 1723 5171 1882 1724 5172 1883 1724 5173 1884 1724 5174 1883 1725 5175 1882 1725 5176 1885 1725 5177 1882 1726 5178 1884 1726 5179 1886 1726 5180 1886 1727 5181 1884 1727 5182 1887 1727 5183 1886 1728 5184 1887 1728 5185 1888 1728 5186 1889 1729 5187 1890 1729 5188 1891 1729 5189 1890 1730 5190 1889 1730 5191 1892 1730 5192 1892 1731 5193 1889 1731 5194 1893 1731 5195 1892 1732 5196 1893 1732 5197 1894 1732 5198 1892 1733 5199 1894 1733 5200 1895 1733 5201 1892 1734 5202 1895 1734 5203 1896 1734 5204 1892 1735 5205 1896 1735 5206 1890 1735 5207 1890 1736 5208 1896 1736 5209 1897 1736 5210 1898 1737 5211 1899 1737 5212 1900 1737 5213 1899 1738 5214 1898 1738 5215 1901 1738 5216 1899 1739 5217 1901 1739 5218 1902 1739 5219 1899 1740 5220 1902 1740 5221 1903 1740 5222 1904 1741 5223 1905 1741 5224 1906 1741 5225 1906 1742 5226 1905 1742 5227 1907 1742 5228 1908 1743 5229 1909 1743 5230 1910 1743 5231 1909 1744 5232 1908 1744 5233 1911 1744 5234 1908 1745 5235 1910 1745 5236 1912 1745 5237 1911 1746 5238 1908 1746 5239 1913 1746 5240 1912 1747 5241 1910 1747 5242 1914 1747 5243 1914 1748 5244 1910 1748 5245 1915 1748 5246 1914 1749 5247 1915 1749 5248 1916 1749 5249 1914 1750 5250 1916 1750 5251 1917 1750 5252 1913 1751 5253 1908 1751 5254 1918 1751 5255 1918 1752 5256 1908 1752 5257 1912 1752 5258 1912 1753 5259 1914 1753 5260 1919 1753 5261 1919 1754 5262 1914 1754 5263 1917 1754 5264 1912 1755 5265 1919 1755 5266 1918 1755 5267 1919 1756 5268 1917 1756 5269 1920 1756 5270 1920 1757 5271 1917 1757 5272 1921 1757 5273 1920 1758 5274 1921 1758 5275 1922 1758 5276 1920 1759 5277 1922 1759 5278 1923 1759 5279 1920 1760 5280 1923 1760 5281 1924 1760 5282 1919 1761 5283 1920 1761 5284 1925 1761 5285 1925 1762 5286 1920 1762 5287 1924 1762 5288 1919 1763 5289 1925 1763 5290 1918 1763 5291 1925 1764 5292 1924 1764 5293 1926 1764 5294 1925 1765 5295 1926 1765 5296 1918 1765 5297 1918 1766 5298 1926 1766 5299 1927 1766 5300 1918 1767 5301 1927 1767 5302 1913 1767 5303 1927 1768 5304 1926 1768 5305 1928 1768 5306 1927 1769 5307 1928 1769 5308 1929 1769 5309 1913 1770 5310 1927 1770 5311 1930 1770 5312 1930 1771 5313 1927 1771 5314 1929 1771 5315 1930 1772 5316 1929 1772 5317 1931 1772 5318 1913 1773 5319 1930 1773 5320 1911 1773 5321 1911 1774 5322 1930 1774 5323 1932 1774 5324 1933 1775 5325 1934 1775 5326 1935 1775 5327 1934 1776 5328 1933 1776 5329 1936 1776 5330 1934 1777 5331 1936 1777 5332 1937 1777 5333 1933 1778 5334 1935 1778 5335 1938 1778 5336 1933 1779 5337 1938 1779 5338 1939 1779 5339 1935 1780 5340 1938 1780 5341 1940 1780 5342 1939 1781 5343 1938 1781 5344 1941 1781 5345 1938 1782 5346 1940 1782 5347 1942 1782 5348 1938 1783 5349 1942 1783 5350 1941 1783 5351 1941 1784 5352 1942 1784 5353 1943 1784 5354 1943 1785 5355 1942 1785 5356 1944 1785 5357 1943 1786 5358 1944 1786 5359 1945 1786 5360 1945 1787 5361 1944 1787 5362 1946 1787 5363 1945 1788 5364 1946 1788 5365 1947 1788 5366 1948 1789 5367 1949 1789 5368 1950 1789 5369 1950 1790 5370 1949 1790 5371 1951 1790 5372 1951 1791 5373 1949 1791 5374 1952 1791 5375 1952 1792 5376 1949 1792 5377 1953 1792 5378 1951 1793 5379 1952 1793 5380 1954 1793 5381 1951 1794 5382 1954 1794 5383 1955 1794 5384 1955 1795 5385 1954 1795 5386 1956 1795 5387 1955 1796 5388 1956 1796 5389 1957 1796 5390 1959 1797 5391 1958 1797 5392 1960 1797 5393 1959 1798 5394 1960 1798 5395 1961 1798 5396 1960 1799 5397 1961 1799 5398 1962 1799 5399 1959 1800 5400 1961 1800 5401 1963 1800 5402 1961 1801 5403 1963 1801 5404 1964 1801 5405 1965 1802 5406 1966 1802 5407 1967 1802 5408 1968 1803 5409 1969 1803 5410 1970 1803 5411 1968 1804 5412 1970 1804 5413 1971 1804 5414 1971 1805 5415 1970 1805 5416 1972 1805 5417 1973 1806 5418 1974 1806 5419 1975 1806 5420 1975 1807 5421 1974 1807 5422 1976 1807 5423 1975 1808 5424 1976 1808 5425 1977 1808 5426 1978 1809 5427 1979 1809 5428 1980 1809 5429 1979 1810 5430 1978 1810 5431 1981 1810 5432 1982 1811 5433 1983 1811 5434 1984 1811 5435 1985 1812 5436 1986 1812 5437 1987 1812 5438 1988 1813 5439 1989 1813 5440 1990 1813 5441 1989 1814 5442 1988 1814 5443 1991 1814 5444 1992 1815 5445 1993 1815 5446 1994 1815 5447 1993 1816 5448 1992 1816 5449 1995 1816 5450 1996 1817 5451 1997 1817 5452 1998 1817 5453 1996 1818 5454 1998 1818 5455 1999 1818 5456 1996 1819 5457 1999 1819 5458 2000 1819 5459 2001 1820 5460 2002 1820 5461 2003 1820 5462 2003 1821 5463 2002 1821 5464 2004 1821 5465 2005 1822 5466 2006 1822 5467 2007 1822 5468 2008 1823 5469 2009 1823 5470 2010 1823 5471 2010 1824 5472 2009 1824 5473 2011 1824 5474 2012 1825 5475 2013 1825 5476 2014 1825 5477 2012 1826 5478 2014 1826 5479 2015 1826 5480 2015 1827 5481 2014 1827 5482 2016 1827 5483 2012 1828 5484 2015 1828 5485 2017 1828 5486 2017 1829 5487 2015 1829 5488 2018 1829 5489 2019 1830 5490 2020 1830 5491 2021 1830 5492 2019 1831 5493 2021 1831 5494 2022 1831 5495 2020 1832 5496 2019 1832 5497 2023 1832 5498 2023 1833 5499 2019 1833 5500 2024 1833 5501 2023 1834 5502 2024 1834 5503 2025 1834 5504 2025 1835 5505 2024 1835 5506 2026 1835 5507 2025 1836 5508 2026 1836 5509 2027 1836 5510 2027 1837 5511 2026 1837 5512 2028 1837 5513 2029 1838 5514 2030 1838 5515 2031 1838 5516 2029 1839 5517 2031 1839 5518 2032 1839 5519 2031 1840 5520 2030 1840 5521 2033 1840 5522 2033 1841 5523 2030 1841 5524 2034 1841 5525 2032 1842 5526 2031 1842 5527 2035 1842 5528 2033 1843 5529 2034 1843 5530 2036 1843 5531 2036 1844 5532 2034 1844 5533 2037 1844 5534 2036 1845 5535 2037 1845 5536 2038 1845 5537 2036 1846 5538 2038 1846 5539 2039 1846 5540 2033 1847 5541 2036 1847 5542 2040 1847 5543 2036 1848 5544 2040 1848 5545 2039 1848 5546 2033 1849 5547 2040 1849 5548 2031 1849 5549 2031 1850 5550 2040 1850 5551 2035 1850 5552 2039 1851 5553 2040 1851 5554 2041 1851 5555 2041 1852 5556 2040 1852 5557 2035 1852 5558 2042 1853 5559 2032 1853 5560 2035 1853 5561 2032 1854 5562 2042 1854 5563 2043 1854 5564 2042 1855 5565 2035 1855 5566 2044 1855 5567 2042 1856 5568 2044 1856 5569 2043 1856 5570 2044 1857 5571 2035 1857 5572 2045 1857 5573 2044 1858 5574 2045 1858 5575 2046 1858 5576 2044 1859 5577 2046 1859 5578 2047 1859 5579 2044 1860 5580 2047 1860 5581 2043 1860 5582 2043 1861 5583 2047 1861 5584 2048 1861 5585 2048 1862 5586 2047 1862 5587 2049 1862 5588 2048 1863 5589 2049 1863 5590 2050 1863 5591 2051 1864 5592 2052 1864 5593 2053 1864 5594 2052 1865 5595 2053 1865 5596 2054 1865 5597 2055 1866 5598 2056 1866 5599 2053 1866 5600 2054 1867 5601 2053 1867 5602 2057 1867 5603 2053 1868 5604 2057 1868 5605 2055 1868 5606 2055 1869 5607 2057 1869 5608 2058 1869 5609 2055 1870 5610 2058 1870 5611 2059 1870 5612 2057 1871 5613 2058 1871 5614 2060 1871 5615 2060 1872 5616 2057 1872 5617 2061 1872 5618 2061 1873 5619 2057 1873 5620 2054 1873 5621 2060 1874 5622 2061 1874 5623 2062 1874 5624 2062 1875 5625 2061 1875 5626 2063 1875 5627 2063 1876 5628 2061 1876 5629 2064 1876 5630 2061 1877 5631 2054 1877 5632 2065 1877 5633 2061 1878 5634 2065 1878 5635 2064 1878 5636 2065 1879 5637 2054 1879 5638 2066 1879 5639 2065 1880 5640 2066 1880 5641 2067 1880 5642 2065 1881 5643 2067 1881 5644 2064 1881 5645 2067 1882 5646 2064 1882 5647 2068 1882 5648 2068 1883 5649 2067 1883 5650 2069 1883 5651 2068 1884 5652 2069 1884 5653 2070 1884 5654 2064 1885 5655 2068 1885 5656 2071 1885 5657 2064 1886 5658 2071 1886 5659 2072 1886 5660 2072 1887 5661 2071 1887 5662 2073 1887 5663 2073 1888 5664 2071 1888 5665 2074 1888 5666 2074 1889 5667 2071 1889 5668 2075 1889 5669 2068 1890 5670 2070 1890 5671 2076 1890 5672 2076 1891 5673 2068 1891 5674 2071 1891 5675 2071 1892 5676 2076 1892 5677 2075 1892 5678 2076 1893 5679 2070 1893 5680 2077 1893 5681 2075 1894 5682 2076 1894 5683 2078 1894 5684 2078 1895 5685 2076 1895 5686 2077 1895 5687 2075 1896 5688 2078 1896 5689 2079 1896 5690 2079 1897 5691 2078 1897 5692 2077 1897 5693 2080 1898 5694 2081 1898 5695 2082 1898 5696 2081 1899 5697 2080 1899 5698 2083 1899 5699 2081 1900 5700 2083 1900 5701 2084 1900 5702 2084 1901 5703 2083 1901 5704 2085 1901 5705 2086 1902 5706 2087 1902 5707 2088 1902 5708 2089 1903 5709 2090 1903 5710 2091 1903 5711 2091 1904 5712 2090 1904 5713 2092 1904 5714 2090 1905 5715 2089 1905 5716 2093 1905 5717 2093 1906 5718 2089 1906 5719 2094 1906 5720 2093 1907 5721 2090 1907 5722 2095 1907 5723 2090 1908 5724 2095 1908 5725 2092 1908 5726 2092 1909 5727 2095 1909 5728 2096 1909 5729 2097 1910 5730 2098 1910 5731 2099 1910 5732 2098 1911 5733 2097 1911 5734 2100 1911 5735 2099 1912 5736 2098 1912 5737 2101 1912 5738 2099 1913 5739 2101 1913 5740 2102 1913 5741 2102 1914 5742 2101 1914 5743 2103 1914 5744 2101 1915 5745 2098 1915 5746 2104 1915 5747 2104 1916 5748 2098 1916 5749 2100 1916 5750 2104 1917 5751 2100 1917 5752 2105 1917 5753 2105 1918 5754 2100 1918 5755 2106 1918 5756 2105 1919 5757 2106 1919 5758 2107 1919 5759 2105 1920 5760 2107 1920 5761 2108 1920 5762 2108 1921 5763 2107 1921 5764 2109 1921 5765 2104 1922 5766 2105 1922 5767 2110 1922 5768 2110 1923 5769 2105 1923 5770 2108 1923 5771 2108 1924 5772 2109 1924 5773 2111 1924 5774 2108 1925 5775 2111 1925 5776 2110 1925 5777 2111 1926 5778 2109 1926 5779 2112 1926 5780 2104 1927 5781 2110 1927 5782 2113 1927 5783 2104 1928 5784 2113 1928 5785 2101 1928 5786 2113 1929 5787 2110 1929 5788 2111 1929 5789 2101 1930 5790 2113 1930 5791 2114 1930 5792 2114 1931 5793 2113 1931 5794 2111 1931 5795 2101 1932 5796 2114 1932 5797 2115 1932 5798 2115 1933 5799 2114 1933 5800 2116 1933 5801 2115 1934 5802 2116 1934 5803 2117 1934 5804 2118 1935 5805 2111 1935 5806 2112 1935 5807 2118 1936 5808 2112 1936 5809 2119 1936 5810 2118 1937 5811 2119 1937 5812 2120 1937 5813 2120 1938 5814 2119 1938 5815 2121 1938 5816 2111 1939 5817 2118 1939 5818 2122 1939 5819 2123 1940 5820 2114 1940 5821 2111 1940 5822 2123 1941 5823 2111 1941 5824 2122 1941 5825 2114 1942 5826 2123 1942 5827 2124 1942 5828 2123 1943 5829 2122 1943 5830 2125 1943 5831 2124 1944 5832 2123 1944 5833 2126 1944 5834 2126 1945 5835 2123 1945 5836 2125 1945 5837 2127 1946 5838 2128 1946 5839 2129 1946 5840 2129 1947 5841 2128 1947 5842 2130 1947 5843 2130 1948 5844 2128 1948 5845 2131 1948 5846 2132 1949 5847 2133 1949 5848 2134 1949 5849 2134 1950 5850 2133 1950 5851 2135 1950 5852 2136 1951 5853 2137 1951 5854 2138 1951 5855 2136 1952 5856 2138 1952 5857 2139 1952 5858 2140 1953 5859 2141 1953 5860 2142 1953 5861 2140 1954 5862 2142 1954 5863 2143 1954 5864 2140 1955 5865 2143 1955 5866 2144 1955 5867 2140 1956 5868 2144 1956 5869 2145 1956 5870 2145 1957 5871 2144 1957 5872 2146 1957 5873 2147 1958 5874 2148 1958 5875 2149 1958 5876 2148 1959 5877 2147 1959 5878 2150 1959 5879 2151 1960 5880 2152 1960 5881 2153 1960 5882 2152 1961 5883 2151 1961 5884 2154 1961 5885 2155 1962 5886 2156 1962 5887 2157 1962 5888 2158 1963 5889 2159 1963 5890 2160 1963 5891 2159 1964 5892 2158 1964 5893 2161 1964 5894 2158 1965 5895 2161 1965 5896 2162 1965 5897 2162 1966 5898 2158 1966 5899 2163 1966 5900</p>
        </polylist>
      </mesh>
    </geometry>
  </library_geometries>
  <library_visual_scenes>
    <visual_scene id="Scene" name="Scene">
      <node id="Desk3" name="Desk3" type="NODE">
        <scale sid="scale">1 1 1</scale>
        <translate sid="location">0 0 0</translate>
        <rotate sid="rotationX">1 0 0 0</rotate>
        <rotate sid="rotationY">0 1 0 90</rotate>
        <rotate sid="rotationZ">0 0 1 0</rotate>
        <instance_geometry url="#Desk3-mesh" name="Desk3">
          <bind_material>
            <technique_common>
            </technique_common>
          </bind_material>
        </instance_geometry>
      </node>
    </visual_scene>
  </library_visual_scenes>
  <scene>
    <instance_visual_scene url="#Scene"/>
  </scene>
</COLLADA>
