<?xml version="1.0" encoding="utf-8"?>
<COLLADA xmlns="http://www.collada.org/2005/11/COLLADASchema" version="1.4.1" xmlns:xsi="http://www.w3.org/2001/XMLSchema-instance">
  <asset>
    <contributor>
      <author>Blockbench user</author>
      <authoring_tool>Blockbench</authoring_tool>
    </contributor>
    <created>2026-08-01T11:54:03.800Z</created>
    <modified>2026-08-01T11:54:03.807Z</modified>
    <unit name="meter" meter="1.0"/>
    <up_axis>Y_UP</up_axis>
  </asset>
  <library_effects>
  </library_effects>
  <library_images>
  </library_images>
  <library_materials>
  </library_materials>
  <library_geometries>
    <geometry id="InstrumentTable26d-mesh" name="InstrumentTable2">
      <mesh>
        <source id="InstrumentTable26d-mesh-positions">
          <float_array id="InstrumentTable26d-mesh-positions-array" count="2691">-0.129713 0.16308 -0.117365 -0.156359 0.163609 -0.122425 -0.137343 0.195404 -0.121045 -0.150013 0.164625 -0.101234 -0.208192 0.162202 -0.121311 -0.215985 0.190518 -0.121545 -0.221211 0.170241 -0.109644 -0.224961 0.173177 -0.1127 -0.24314 0.199606 -0.115408 -0.312513 0.199699 -0.126963 -0.166804 0.199657 -0.112393 -0.190913 0.196442 -0.114373 -0.111329 0.169745 -0.113619 -0.110661 0.145941 0.130576 -0.107991 0.237098 -0.114516 -0.086265 0.196986 -0.126614 -0.127548 0.20975 -0.108234 -0.078154 0.204633 -0.097426 -0.082141 0.208416 -0.119138 -0.184851 0.180038 -0.109638 -0.25618 0.169128 -0.117312 -0.278512 0.199625 -0.113455 -0.260501 0.17086 -0.112669 -0.111113 0.164612 -0.100151 -0.094042 0.164502 -0.117104 -0.343504 0.088851 -0.130817 -0.057226 0.102685 -0.150157 -0.054387 0.105089 -0.069605 -0.34999 0.084992 -0.07581 -0.094209 0.106972 -0.098073 -0.163121 0.208432 -0.114963 -0.313211 0.107013 -0.126645 -0.337438 0.111428 -0.138595 -0.332034 0.210097 -0.131205 -0.339598 0.111407 -0.083859 -0.317298 0.206288 -0.095783 -0.29685 0.171656 -0.114795 -0.294457 0.168587 -0.116897 -0.291871 0.16857 -0.110092 -0.249509 0.162323 -0.101474 -0.273109 0.208507 -0.118565 -0.29445 0.232327 -0.111375 -0.224765 0.21662 -0.114708 -0.243024 0.199497 -0.10815 -0.180457 0.213354 -0.103595 -0.390084 0.083953 -0.115114 -0.391538 0.085563 -0.107256 -0.161827 0.106974 -0.121731 -0.200276 0.10693 -0.102882 -0.140912 0.106962 -0.095459 -0.124627 0.106963 -0.117797 -0.238535 0.107168 -0.112836 -0.271118 0.109342 -0.121346 -0.201932 0.106944 -0.129763 -0.102341 0.109428 -0.12854 -0.192215 0.163107 -0.122791 -0.165701 0.163344 -0.111961 -0.277459 0.106916 -0.097206 -0.20622 -0.145332 0.060492 -0.283877 -0.136334 0.060615 -0.185067 -0.178447 0.060891 -0.290197 -0.165662 0.037998 -0.281971 -0.139908 0.021542 -0.198177 -0.176973 0.022837 -0.387006 0.081585 -0.106571 -0.397654 -0.040036 -0.161094 -0.198726 -0.145442 0.098722 -0.280329 -0.134259 0.100474 -0.285561 -0.130649 0.132151 -0.199297 -0.141289 0.135868 -0.286641 -0.143401 0.136774 -0.208254 -0.146325 0.104369 -0.200694 -0.143541 0.22942 -0.199027 -0.142249 0.191934 -0.204461 -0.136031 0.227687 -0.284426 -0.140793 0.228837 -0.28602 -0.130884 0.195394 -0.283932 -0.141692 0.190821 -0.208312 -0.146593 0.193135 0.21853 -0.071239 0.017681 -0.384249 -0.099017 -0.182656 -0.278089 -0.148555 0.193559 -0.207925 0.104682 0.08263 -0.180794 0.107861 0.061163 -0.201149 0.154734 0.071043 -0.21003 0.10479 0.118407 -0.239288 0.104751 0.085156 -0.240133 0.104711 0.120761 -0.270386 0.107842 0.106055 -0.271662 0.107877 0.144375 -0.250243 0.154148 0.102553 -0.175634 0.107848 0.091402 -0.203153 0.154572 0.10392 -0.250121 0.154615 0.169304 -0.266529 0.105838 0.187187 -0.226472 0.107798 0.185822 0.174921 0.276771 -0.025848 0.321661 0.283939 -0.016521 0.146782 0.302631 -0.009413 0.180939 0.164225 -0.017589 0.322544 0.165738 -0.009095 0.150043 0.146549 -0.00452 0.384196 0.305435 -0.009266 -0.221667 0.107626 0.148941 -0.272127 0.107766 0.162832 -0.252524 0.147641 0.13554 -0.183247 0.107958 0.179344 -0.200321 0.154469 0.169879 -0.176874 0.107772 0.136653 -0.202171 0.154629 0.136802 -0.150295 0.104674 0.117358 -0.126941 0.107756 0.110699 -0.155219 0.149964 0.103816 -0.136604 0.107854 0.068811 -0.15445 0.15475 0.170091 -0.141761 0.104664 0.15623 0.355645 0.230897 -0.007563 0.35809 0.25966 -0.009288 0.367248 0.250118 0.003673 0.348182 0.193754 -0.006355 0.361425 0.172777 -0.005348 0.381273 0.144309 -0.003454 0.343285 0.251983 -0.008088 0.346343 0.174347 -0.005392 -0.109844 0.104913 0.185096 -0.088101 0.107879 0.172278 -0.110224 0.154502 0.1701 -0.08943 0.107913 0.150343 -0.110062 0.154719 0.102397 -0.083673 0.107799 0.116446 -0.085234 0.107787 0.08678 -0.154223 0.154063 0.135656 -0.109583 0.153281 0.13711 0.463087 -0.296849 0.115945 0.459327 -0.311425 0.075658 0.464028 -0.239161 0.1476 0.463886 -0.260852 0.144547 0.280631 -0.276981 0.11652 0.456896 -0.251122 0.146128 0.418412 -0.32131 0.018095 0.384857 -0.31881 -0.007123 0.43768 -0.301062 0.041631 -0.200734 -0.130208 0.060554 -0.180357 -0.152901 0.156124 -0.277227 -0.151786 0.134907 -0.306758 -0.153089 0.156508 -0.180942 -0.15274 0.064843 -0.287634 -0.144358 0.099071 -0.307076 -0.160468 0.064692 -0.180678 -0.153007 0.163918 -0.18048 -0.153942 0.246974 -0.227657 -0.193023 0.248263 -0.290017 -0.216857 0.248147 -0.183094 -0.256233 0.246382 -0.280222 -0.196453 0.248309 -0.216759 -0.195576 0.249323 -0.296404 -0.152419 0.245974 -0.299662 -0.189383 0.249218 -0.261644 -0.184559 0.248796 -0.182623 -0.256212 0.159936 0.294331 -0.17787 0.260971 0.247325 -0.257097 0.253086 0.331107 -0.172361 0.26113 0.384054 -0.257086 0.254954 0.241234 -0.151907 0.243277 0.261726 -0.1785 0.262093 0.378768 -0.158575 0.259695 0.371243 -0.125519 0.260923 0.255202 -0.126637 0.261573 0.283371 -0.155533 0.262735 0.273701 -0.160072 0.265727 0.273622 -0.161028 0.26226 0.259124 -0.161113 0.262227 0.271157 -0.178853 0.265385 0.271808 -0.178362 0.263277 0.269537 -0.175492 0.264996 0.262905 -0.175294 0.264861 0.261443 -0.169296 0.262364 0.261193 -0.175483 0.262554 0.25943 -0.176181 0.264996 0.262599 -0.165548 0.263667 0.261443 -0.168746 0.262333 0.261638 -0.176702 0.262219 0.264203 -0.178599 0.262211 -0.204469 -0.144839 0.021879 -0.279396 -0.133067 0.021077 -0.180851 -0.179769 -0.002238 -0.306813 -0.179415 -0.002351 0.242638 -0.10235 0.204677 0.253012 -0.12487 0.202527 0.371372 -0.125006 0.204846 0.391782 -0.102353 0.204853 0.387386 -0.151429 0.213245 0.387985 -0.254326 0.222307 0.467348 -0.223183 0.080616 0.476257 -0.193912 0.092578 0.479041 -0.196474 0.083232 0.476203 -0.071028 0.079951 0.482362 -0.055028 0.080762 0.472 -0.083882 0.096759 0.295659 -0.007146 0.287863 0.293055 -0.011553 0.28432 0.340769 -0.01042 0.291129 -0.306742 -0.153606 0.16403 -0.218938 -0.008585 0.281791 -0.261699 -0.007002 0.282193 -0.261769 -0.007164 0.289059 -0.265146 -0.194737 0.255233 -0.302998 -0.226158 0.246843 -0.275641 -0.186864 0.248905 -0.37483 -0.099614 -0.207702 -0.21783 -0.18813 0.249127 0.47422 -0.113035 0.078881 0.491321 -0.011669 0.039781 0.501242 0.082038 -0.021311 0.501705 0.076401 -0.028006 0.507433 0.07335 -0.012916 0.479432 -0.111374 0.075202 0.463114 0.086394 -0.078141 0.461761 0.084968 -0.010274 0.468275 0.092242 -0.006992 0.396241 0.085125 -0.170193 0.459907 0.085116 -0.008302 0.458617 0.055465 0.292632 0.450812 0.052569 -0.231326 0.443806 0.085153 -0.092648 0.463975 0.080253 -0.120373 0.422552 0.092357 -0.136822 0.485209 -0.123689 0.071809 0.485027 -0.118084 0.080934 0.434188 0.085131 -0.129638 0.427701 0.08815 -0.147282 0.443959 0.094138 -0.141947 0.463423 0.093353 -0.009405 0.482056 0.072673 0.057456 0.485923 0.020545 0.098716 0.486524 0.071728 0.060782 0.458779 0.08243 0.29291 0.474059 0.048442 -0.114262 0.48136 -0.047 -0.04142 0.484123 0.03994 -0.109945 0.481461 -0.065203 -0.033757 0.47658 -0.064582 -0.034699 0.397171 0.116731 -0.195572 0.397156 0.090789 -0.19571 0.430137 0.08531 -0.152999 0.431799 0.08526 -0.149181 0.43364 0.085046 -0.149681 0.447207 0.085383 -0.142506 0.425516 0.08559 -0.152022 0.462819 0.083622 -0.134667 0.416215 0.085738 -0.164239 0.41677 0.084969 -0.165542 0.419123 0.085133 -0.159604 0.396093 0.085067 0.086996 -0.314439 0.111388 0.027007 -0.319754 0.085059 0.020197 -0.323293 0.100868 0.129441 -0.315282 0.111374 0.213857 -0.024538 0.0869 -0.146174 -0.038826 0.090161 -0.162216 -0.10866 0.088682 -0.170874 -0.361705 0.084974 -0.033014 -0.377494 0.088068 -0.036726 -0.376393 0.085012 -0.028663 -0.12738 0.089382 -0.004756 -0.23212 0.087599 -0.002395 -0.187956 0.087468 -0.003733 -0.173822 0.091122 0.006393 -0.112228 0.085685 0.007042 -0.382006 0.066378 -0.052929 -0.380255 0.084133 0.116006 -0.382013 0.08204 0.124143 -0.331 0.092666 0.125323 -0.410279 -0.055529 -0.123756 -0.405966 -0.032775 -0.111616 -0.411361 -0.013248 -0.101527 -0.377237 0.082505 -0.236065 -0.106845 0.085743 -0.003463 -0.107603 0.085492 0.007361 -0.021746 0.086441 -0.03075 -0.038236 0.089038 -0.017287 -0.320381 0.086869 0.133252 -0.376257 0.082184 0.293655 -0.35926 0.085596 0.124701 -0.314124 0.085081 0.226252 -0.32612 0.094379 0.137037 -0.310328 -0.256206 -0.011831 -0.17848 -0.256234 -0.012004 -0.30536 -0.256212 0.160892 -0.315055 -0.25682 0.273928 -0.288505 -0.124159 0.022699 -0.313041 -0.331601 0.084721 -0.372891 -0.325569 0.008433 -0.310557 -0.333848 0.07903 -0.365597 -0.324989 0.018668 -0.363197 -0.33332 0.012986 -0.320663 -0.331075 0.072131 -0.288732 -0.282831 0.11823 -0.280266 -0.276997 0.120345 -0.151746 -0.275481 -0.041674 -0.152044 -0.275715 0.274749 -0.35176 -0.271342 0.240008 -0.332684 -0.276375 0.276446 -0.343749 -0.268101 -0.040278 -0.284784 -0.277252 0.110678 -0.330558 -0.329713 0.239567 -0.330041 -0.328646 0.277995 -0.366 -0.329421 0.239356 -0.04914 0.111158 0.216487 -0.038304 0.09686 0.091504 -0.041042 0.085207 0.021247 -0.03344 0.098512 0.104096 -0.040126 0.08511 0.224598 -0.039646 0.085624 0.098564 0.110298 0.088612 -0.016112 0.066417 0.09365 0.029692 0.071624 0.095461 0.02905 0.097604 0.08756 -0.014288 0.067147 0.090405 0.031786 0.113963 0.090706 -0.011124 0.10402 0.085051 0.001283 0.098869 0.085067 0.129494 0.107336 0.085073 0.118826 0.104541 0.093556 0.118987 0.09937 0.087491 0.117231 0.107183 0.085399 0.112018 0.107851 0.085162 0.109658 0.109853 0.08529 0.106985 0.131102 0.085042 0.10579 0.11151 0.085102 0.114355 0.114489 0.085151 0.114425 0.119044 0.098882 0.109953 0.11358 0.085151 0.115743 -0.031329 0.091856 0.096035 0.030066 0.09053 0.102226 0.111714 0.085146 0.099775 0.265211 0.088879 0.266942 0.144304 0.094256 0.084845 0.126313 0.093249 0.088714 0.119486 0.085112 0.088125 0.265337 0.08814 0.11533 0.452941 -0.268346 -0.095249 0.446692 -0.25986 -0.0966 0.464441 -0.12645 -0.050462 0.44586 -0.246064 -0.08011 0.462727 -0.11911 -0.044647 0.435738 -0.30003 -0.121369 0.446307 -0.264531 -0.10175 0.445913 -0.258648 0.235364 0.422958 -0.268134 -0.039897 0.433328 -0.270419 -0.183119 0.447022 -0.329703 0.238848 0.419086 -0.277056 0.239307 0.446552 0.048907 -0.136872 0.476535 -0.012036 -0.122329 0.472334 -0.010334 -0.115589 0.460677 -0.097859 -0.054368 0.461825 0.053868 -0.134857 0.447883 0.052082 -0.15523 0.435556 -0.236609 -0.046404 0.440392 -0.199436 0.196023 0.435857 0.011357 -0.046214 0.442769 0.010391 -0.183177 0.446454 0.036377 0.237446 0.447692 -0.33134 0.278713 0.435442 0.043883 0.277492 0.44038 -0.200805 0.13411 -0.314728 -0.189934 -0.042287 -0.339335 -0.098944 -0.024102 -0.173617 -0.189567 -0.042147 -0.150425 0.052119 -0.04275 -0.313845 -0.190697 -0.01994 -0.174506 -0.190576 -0.017383 -0.174977 -0.19513 -0.019004 -0.356446 -0.236866 -0.046896 -0.339444 0.051623 -0.027298 -0.355489 0.012545 -0.047648 -0.316221 -0.101899 -0.04129 -0.35871 -0.269332 -0.183088 -0.342278 -0.237393 -0.182935 -0.284015 -0.186239 -0.018825 -0.301726 -0.19246 -0.009682 -0.314762 -0.196478 -0.016079 0.179965 -0.269358 -0.198406 0.414155 -0.268056 -0.218366 0.414303 -0.252967 -0.19381 -0.333857 -0.270409 -0.212441 0.154536 -0.314483 -0.217436 0.149949 -0.324077 -0.215605 0.154486 -0.327293 -0.221016 0.182177 -0.154106 -0.215697 0.186071 -0.251534 -0.188261 0.181254 -0.125476 -0.224457 0.181522 -0.241925 -0.193893 0.167647 -0.235621 -0.195829 0.193867 -0.230503 -0.197588 0.177815 -0.237169 -0.198156 -0.333809 -0.237303 -0.197607 -0.332745 -0.329141 -0.182002 -0.332096 -0.32791 -0.221018 -0.378781 0.052983 -0.064719 -0.366225 0.051587 -0.183985 -0.3732 0.051873 -0.060955 -0.388487 -0.050768 -0.073194 -0.368855 0.052482 -0.228238 -0.37956 0.052764 -0.171665 -0.383517 0.054221 -0.178368 -0.381981 0.057052 -0.171004 -0.38349 -0.054021 -0.12444 -0.380369 -0.074456 -0.100462 -0.366756 0.052153 0.275952 -0.390924 -0.067111 -0.059242 -0.387349 -0.01747 -0.06933 -0.305236 -0.058709 -0.023103 -0.385299 0.066504 0.119697 -0.393798 0.007436 0.090754 -0.397373 0.02003 0.103884 -0.382802 -0.038446 0.091627 -0.375711 0.055869 0.293686 -0.321673 0.039281 0.276396 -0.090055 0.085169 0.009857 -0.001563 0.085012 -0.01886 -0.01943 0.085975 -0.019044 -0.016018 0.085101 -0.054656 -0.017358 0.085229 -0.032013 -0.017503 0.085142 -0.036524 0.00488 0.088754 -0.142688 -0.083435 0.085732 0.002445 -0.087027 0.085953 0.00864 -0.06299 0.089884 0.007458 -0.077721 0.085149 0.008809 -0.062967 0.085536 0.004002 -0.074673 0.085499 0.007415 -0.078124 0.085767 0.009144 -0.078124 0.085519 0.009641 -0.061866 0.085743 0.00606 -0.00794 0.085749 -0.145343 -0.015448 0.085722 -0.114846 -0.02101 0.08647 -0.016786 -0.015421 0.08618 -0.144306 -0.010636 0.087725 -0.131706 -0.01284 0.089397 -0.140027 -0.013888 0.09648 -0.142 0.106633 0.085073 -0.005242 0.11751 0.087532 -0.018075 0.108311 0.085306 0.104883 0.11001 0.085622 0.102521 0.008343 0.08893 0.19334 0.02389 0.086301 0.19334 0.014836 0.087105 0.208412 0.027184 0.09292 0.186461 0.016348 0.092547 0.205933 0.050828 0.086165 0.175012 0.057829 0.087126 0.145692 0.046679 0.085054 0.167679 0.061959 0.086353 0.157973 0.057371 0.091085 0.15268 0.062879 0.084918 0.135282 0.066967 0.091071 0.158594 0.056801 0.090474 0.174309 0.039904 0.089099 0.118629 0.052421 0.085948 0.12232 0.033357 0.085257 0.112407 0.03736 0.085288 0.11239 -0.013759 0.08988 -0.164919 -0.010707 0.08913 -0.157816 -0.019779 0.089073 -0.173664 -0.010653 0.089618 -0.173412 -0.023722 0.088304 -0.179035 -0.020266 0.086657 -0.176092 -0.018399 0.086415 -0.171485 -0.02653 0.086448 -0.173777 -0.043768 0.085885 -0.179889 -0.03184 0.084974 -0.175013 -0.036064 0.085707 -0.184729 -0.034086 0.085973 -0.185874 0.000527 0.08789 -0.173799 0.014175 0.085782 -0.183819 -0.016157 0.08573 -0.174416 -0.036865 0.089448 -0.184995 -0.014674 0.087796 -0.174604 -0.008908 0.086238 -0.17257 -0.015144 0.087142 -0.165347 0.056745 0.085025 -0.159824 -0.06424 0.085993 -0.182966 -0.065641 0.085569 -0.177646 -0.059475 0.085541 -0.177886 -0.050386 0.087059 -0.185391 -0.054206 0.08591 -0.183142 -0.060975 0.089404 -0.180596 -0.049148 0.086312 -0.185259 -0.038515 0.090233 -0.178343 -0.076479 0.08683 -0.169143 -0.030217 0.088999 -0.168767 -0.061986 0.086754 -0.171485 -0.070188 0.087318 -0.169954 -0.06593 0.08858 -0.171247 -0.071207 0.086261 -0.166897 -0.054345 0.088234 -0.172266 -0.063037 0.088951 -0.173151 -0.040372 0.089367 -0.173916 -0.044485 0.086301 -0.172166 -0.024741 0.085442 -0.168461 -0.021529 0.088778 -0.162923 -0.015879 0.0858 -0.128033 -0.023345 0.085579 -0.159383 -0.015885 0.085149 -0.115707 -0.015209 0.085201 -0.1333 -0.007325 0.085752 -0.148071 -0.015257 0.087768 -0.157726 -0.010836 0.085004 -0.153061 -0.047555 0.089049 -0.168266 -0.069026 0.089662 -0.166857 -0.043225 0.086025 -0.166356 -0.029014 0.089497 -0.161464 -0.037241 0.085057 -0.166336 -0.014428 0.073322 -0.286733 -0.015924 0.068174 -0.282646 0.045195 0.08499 -0.238376 0.03057 0.091418 -0.259935 0.115122 0.088229 -0.165045 0.05768 0.084032 -0.240483 -0.042212 0.092011 -0.236991 -0.014224 0.073361 -0.286969 0.101404 0.087209 -0.163025 0.142665 0.092922 -0.197109 0.115546 0.085052 -0.037025 0.198581 0.085121 -0.189236 0.197815 0.118016 -0.186901 0.352672 0.089934 -0.198529 0.305872 0.085586 -0.238373 0.340574 0.119516 -0.189073 0.256934 0.054565 -0.262173 0.262882 0.070677 -0.265024 0.26843 0.072562 -0.265949 0.141675 -0.070042 -0.248277 -0.333028 0.051788 -0.219607 -0.367046 -0.328284 -0.222227 0.325486 0.049807 -0.227863 -0.333735 -0.237407 -0.218482 -0.333816 -0.000999 -0.218482 0.310516 0.05324 -0.239 -0.333756 -0.001037 -0.199147 -0.16869 0.04352 0.276418 -0.150482 -0.004982 0.267354 -0.175004 -0.065326 0.276343 -0.173918 -0.256659 0.274144 0.231265 0.045716 0.276456 -0.149663 0.05158 0.257187 0.021227 0.124657 -0.013024 0.043303 0.119224 -0.011472 0.056935 0.155511 -0.021041 0.07142 0.118898 -0.011441 0.101449 0.133358 -0.01506 0.116837 0.102942 -0.003883 0.367816 0.089372 0.263785 0.368106 0.089593 0.114336 -0.058878 0.089206 -0.240776 0.02579 0.085394 -0.183763 -0.016255 0.089798 -0.213664 0.045409 0.085431 -0.179062 0.062569 0.093992 -0.14199 0.02353 0.085055 -0.221255 -0.024229 0.086408 -0.259786 0.069148 0.086657 -0.13929 0.055083 0.094646 -0.152753 0.099496 0.085922 -0.14089 0.057183 0.086356 -0.171341 0.116247 0.096542 -0.141973 0.055655 0.172485 -0.147668 0.117091 0.184573 -0.142429 0.06095 0.178659 -0.152659 0.028037 0.085148 -0.201348 0.034606 0.085555 -0.194579 0.033588 0.085431 -0.199852 0.033185 0.085515 -0.19778 0.038341 0.085662 -0.193439 0.092879 0.088287 -0.163664 0.057948 0.085822 -0.178436 -0.03992 0.069321 -0.283435 -0.04751 0.030699 -0.29774 -0.01433 -0.064801 -0.271357 -0.04509 -0.004617 -0.291871 0.325978 0.052249 -0.235287 0.458501 0.082342 -0.236205 0.250063 0.059362 -0.285418 -0.065793 0.080718 -0.241265 -0.075632 0.052055 -0.275676 -0.080693 0.056988 -0.276602 -0.05571 -0.049279 -0.285212 -0.076816 -0.015334 -0.282735 -0.044564 0.085208 -0.233337 -0.301212 0.105073 0.183956 -0.285037 0.108126 0.201557 -0.249245 0.108346 0.208464 -0.30321 0.107864 0.099627 -0.29529 0.150151 0.170971 -0.290246 0.104786 0.121972 -0.295357 0.152853 0.137651 0.193262 0.131227 -0.012254 0.170393 0.126133 -0.020839 0.147677 0.140278 -0.135904 0.163024 0.127685 -0.08457 0.342883 0.130461 -0.018236 0.38901 -0.325022 -0.149864 0.35051 -0.313646 -0.172649 0.394778 -0.315629 -0.142436 0.438032 -0.324352 -0.085927 0.394091 -0.325358 -0.138145 0.464083 -0.305849 -0.06972 0.450616 -0.312947 -0.071676 -0.19601 -0.192859 0.25997 -0.306896 -0.256197 0.24407 -0.304843 -0.251514 0.246974 -0.300904 -0.236178 0.246775 -0.303765 -0.240356 0.246441 0.378207 0.139788 -0.137449 0.372519 0.283369 -0.138787 0.379922 0.306393 -0.13358 0.367927 0.130853 -0.084466 0.149743 0.305907 -0.13399 0.421963 0.051055 -0.044968 0.220003 -0.275368 -0.041735 -0.175876 0.052051 -0.029664 -0.33392 0.050211 -0.191433 -0.360372 0.011217 -0.183159 0.414383 0.048381 -0.190166 -0.015061 0.102482 -0.004175 -0.00252 0.154239 -0.020621 0.002052 0.121711 -0.011821 -0.208825 -0.187335 -0.013133 -0.186516 -0.191505 -0.010002 -0.198063 -0.124123 0.023677 -0.202434 -0.187123 -0.018238 -0.207034 -0.132495 0.020065 -0.279952 -0.187579 -0.010991 0.414221 -0.004079 -0.211998 0.413697 -0.326709 -0.181877 0.239699 0.06168 -0.279687 0.245796 0.042867 -0.287401 0.218582 0.041357 -0.30153 0.248986 0.033668 -0.289752 0.182008 0.075194 -0.322818 0.156067 0.143033 -0.30794 0.151657 0.176587 -0.269994 0.163596 0.118814 -0.319557 0.1751 0.201499 -0.213378 0.175412 0.214255 -0.206795 0.167879 0.190159 -0.249443 0.186845 0.212951 -0.206262 0.368038 0.163694 -0.193701 0.156285 0.16329 -0.190733 0.368799 0.26587 -0.201343 0.155141 0.266535 -0.200437 0.152536 0.283584 -0.139123 -0.364222 -0.237246 -0.18316 -0.363745 -0.237192 0.239918 -0.359219 -0.200515 0.132934 -0.35924 -0.200809 0.196683 -0.369086 -0.129099 0.015492 -0.378139 -0.237948 -0.033893 -0.368662 -0.115234 0.026261 -0.359339 -0.125727 0.008984 -0.381667 -0.226768 -0.022985 -0.375438 -0.251652 -0.028888 -0.359232 -0.117467 0.007414 -0.366368 -0.03943 0.105778 -0.359174 -0.034873 0.040855 -0.360424 0.012494 0.238017 -0.363026 -0.100132 -0.057607 -0.225561 0.108058 0.035252 -0.22402 0.10749 0.056634 -0.201244 0.153073 0.043331 -0.271646 0.107873 0.065159 -0.250784 0.153074 0.071626 -0.25102 0.148811 0.042764 -0.304794 0.105346 0.060353 -0.292317 0.15235 0.197785 -0.293835 0.154843 0.071008 -0.294208 0.150462 0.102194 -0.366214 -0.328613 -0.181442 0.447237 -0.330248 -0.181102 0.445656 -0.237415 -0.182843 0.449132 -0.328756 -0.221417 0.422468 -0.237102 -0.182829 0.091506 -0.308846 -0.228556 0.066755 -0.304852 -0.232418 0.041659 -0.264302 -0.22776 -0.041298 -0.054625 -0.27738 -0.021705 0.052249 -0.015163 0.063116 -0.166624 -0.232906 0.076943 -0.173304 -0.221785 0.143472 -0.32014 -0.193814 0.079287 -0.323474 -0.202273 0.124678 -0.330254 -0.186052 0.172202 -0.219636 -0.192575 0.134272 -0.328719 -0.190811 0.044003 -0.274504 -0.219567 0.068979 -0.320947 -0.205239 0.132852 -0.086822 -0.248102 0.133849 -0.098298 -0.234558 0.098635 0.000127 -0.264323 0.129652 -0.124607 -0.238925 0.129834 -0.105743 -0.246871 0.028989 -0.044511 -0.296875 0.042078 -0.249517 -0.228309 -0.250742 0.154531 0.199199 0.218774 0.052121 -0.043027 0.21793 0.051664 0.257244 0.412981 -0.329879 0.239651 0.412238 -0.328919 0.27764 0.226492 -0.268133 0.27643 0.414088 -0.276173 0.276136 0.109577 0.085099 -0.137708 0.109343 0.08735 -0.128581 0.109749 0.085364 -0.137554 0.11062 0.085845 -0.141079 0.116079 0.181592 -0.022712 -0.014675 0.183722 -0.023884 -0.153488 0.149398 0.070468 -0.110455 0.107882 0.036279 -0.084637 0.107952 0.057449 -0.155141 0.152811 0.042454 -0.109497 0.155164 0.071123 0.344268 0.122428 -0.138763 0.18697 0.122871 -0.137923 0.278605 0.109727 0.052288 0.304904 0.106498 0.058069 0.338161 0.109231 0.056879 0.182168 0.111241 0.049436 0.226558 0.106494 0.059179 0.393263 0.119847 0.032878 0.147708 0.120216 0.032233 0.257478 0.10365 0.064672 0.376512 0.10638 0.063469 -0.174269 0.107189 0.207772 -0.132623 0.107877 0.206297 -0.107945 0.154622 0.19898 -0.087292 0.108054 0.207051 -0.149289 0.104768 0.184258 -0.155617 0.154708 0.199137 -0.202794 0.153072 0.199696 -0.313998 -0.102065 -0.021047 -0.174966 -0.101588 -0.022774 -0.174439 -0.194366 0.267658 -0.175686 -0.101984 0.273305 0.414122 -0.237406 -0.218614 -0.051356 0.111417 0.03406 -0.066941 0.104816 0.184417 -0.05694 0.104973 0.126695 -0.053441 0.105982 0.077309 -0.06263 0.154539 0.102742 -0.064071 0.150075 0.070619 -0.064008 0.155076 0.169942 -0.0629 0.154876 0.136352 -0.06531 0.154339 0.198278 0.21861 -0.003877 0.267805 -0.301023 0.085119 0.282423 0.013303 0.09182 0.210179 0.060635 0.091572 0.158916 -0.057408 0.085318 -0.004609 -0.076104 0.087874 -0.00345 -0.091563 0.087285 0.001509 -0.179986 0.087791 -0.002005 -0.178131 0.088811 -0.001279 -0.178798 0.088769 -0.001585 -0.171402 0.088857 -0.000626 -0.148003 0.088564 0.00173 -0.089574 0.087898 0.001785 -0.088473 0.087803 0.001822 -0.062001 0.087627 -0.00037 -0.064143 0.085745 0.002656 -0.051542 0.08544 -0.00755 -0.056905 0.086197 -0.00776 -0.052617 0.088066 -0.006352 -0.06368 0.086525 0.004889 -0.043917 0.08657 0.000383 -0.059171 0.085753 0.001824 -0.03868 0.085686 0.000204 -0.043804 0.085888 -0.000782 -0.023941 0.085084 -0.026508 -0.043482 0.087135 -0.005543 -0.035224 0.086333 -0.0154 -0.049642 0.0851 0.000905 -0.043418 0.085643 0.000498 -0.028234 0.085466 -0.01933 -0.026085 0.087847 -0.022974 -0.029617 0.088217 -0.013785 -0.023669 0.086344 -0.023238 -0.01991 0.085381 -0.026552 -0.02284 0.088343 -0.027462 -0.022411 0.087785 -0.027816 -0.020271 0.089282 -0.030503 -0.021327 0.088481 -0.030233 -0.021734 0.087892 -0.029047 -0.071939 0.086405 -0.008558 0.394029 -0.100018 0.274412 0.402194 -0.052146 0.2754 0.237825 -0.05196 0.275301 0.2947 -0.006053 0.276434 0.298308 -0.011304 0.276602 0.340918 -0.011369 0.281976 0.299092 -0.009695 0.284272 0.345617 -0.007447 0.278676 0.346433 -0.012094 0.27661 0.239822 -0.100001 0.274477 -0.365275 0.035206 0.114508 -0.365309 0.047826 0.127153 -0.36588 -0.330734 0.278781 -0.365108 0.013541 0.114536 -0.366859 -0.038043 0.097756 0.063855 -0.249802 -0.218628 0.062877 -0.268517 -0.23388 0.071514 -0.266323 -0.23107 0.235863 -0.181098 -0.043261 0.073695 -0.273666 -0.235646 0.061225 -0.188656 -0.267557 0.062494 -0.182436 -0.266406 0.066848 -0.204672 -0.263285 0.116181 -0.325115 -0.21671 0.213225 0.071679 -0.277213 0.413827 0.051601 -0.219849 0.412351 -0.329988 -0.220792 0.472143 -0.198077 -0.019722 0.215271 0.156989 -0.278236 0.198026 0.161019 -0.267638 0.200145 0.162411 -0.27641 0.109757 -0.002936 -0.256262 0.177564 0.148838 -0.261114 0.105917 -0.008992 -0.265103 0.146398 -0.067618 -0.245452 0.06863 0.066757 -0.275723 0.081011 0.058652 -0.275926 0.064508 0.127713 -0.264673 0.065909 0.13314 -0.25182 0.137396 -0.115649 -0.244268 -0.014996 0.183868 -0.142926 0.065729 0.180043 -0.146246 0.147963 -0.079204 -0.246444 0.136693 -0.096613 -0.237774 0.026235 -0.050026 -0.296721 0.053698 0.168502 -0.223347 0.444948 -0.097817 0.146754 -0.004471 0.002478 -0.30747 -0.178285 -0.195814 0.259393 -0.314642 -0.189485 0.26221 -0.314764 -0.196445 0.266671 -0.305836 -0.192669 0.260255 -0.21981 -0.194381 0.259933 -0.269154 -0.190153 0.261682 -0.223963 -0.18974 0.259778 -0.226184 -0.19338 0.259564 -0.22337 -0.193877 0.259649 -0.220119 -0.190624 0.260851 -0.216248 -0.192818 0.259704 -0.215823 -0.192667 0.259559 -0.213349 -0.191725 0.259846 -0.209857 -0.192911 0.259643 -0.214115 -0.193886 0.259781 -0.271227 -0.195024 0.25644 -0.267705 -0.192537 0.259596 -0.269535 -0.192435 0.259394 -0.200322 -0.19384 0.259901 -0.215223 -0.194058 0.257835 -0.210315 -0.188784 0.255176 0.006058 0.087351 0.204734 0.008919 0.08867 0.20015 0.056157 -0.117181 -0.257147 -0.314527 -0.101707 0.274208 -0.333158 -0.054183 0.276304 -0.370663 -0.105903 0.022327 -0.261096 -0.012504 0.276822 -0.267109 -0.011018 0.276492 -0.237191 -0.009452 0.292621 -0.213238 -0.013431 0.276445 -0.320591 -0.051929 0.275539 -0.280819 -0.192175 0.259858 -0.275099 -0.195337 0.260589 -0.212821 -0.007935 0.276493 0.10257 0.092115 0.180172 0.100594 0.091306 0.168604 0.112814 0.085026 0.198955 0.115023 0.090175 0.167741 0.107795 0.093899 0.176293 0.117134 0.094621 0.191848 0.112246 0.10157 0.176592 0.114056 0.097746 0.166261 0.11435 0.090314 0.24298 0.127745 0.092439 0.242977 0.115282 0.088528 0.235043 0.123517 0.094227 0.229517 0.128471 0.090258 0.242502 0.122466 0.088933 0.242526 0.150272 0.094634 0.165716 0.108418 0.097092 0.165739 0.122017 0.094044 0.123413</float_array>
          <technique_common>
            <accessor source="#InstrumentTable26d-mesh-positions-array" count="897" stride="3">
              <param name="X" type="float"/>
              <param name="Y" type="float"/>
              <param name="Z" type="float"/>
            </accessor>
          </technique_common>
        </source>
        <source id="InstrumentTable26d-mesh-normals">
          <float_array id="InstrumentTable26d-mesh-normals-array" count="6702">0.184828 -0.067989 -0.980416 0.839955 -0.492469 -0.227927 0.720144 0.203676 0.663256 -0.528558 -0.152369 -0.835111 -0.0259 0.505144 -0.862646 0.02995 0.984661 -0.171887 -0.081769 0.889746 -0.449071 -0.047522 0.822834 -0.566292 -0.690644 -0.719964 -0.068292 0.251221 -0.025337 -0.967598 -0.470116 0.011545 -0.882529 -0.815736 0.577947 -0.023503 -0.168416 0.333508 0.927582 0.044278 0.965937 0.254963 0.741153 0.671063 -0.019176 0.328235 0.431254 -0.840406 -0.31101 -0.420556 -0.852294 -0.909622 -0.396991 0.122419 -0.122352 -0.990727 -0.059083 0.973027 0.222923 -0.059359 -0.679316 0.667655 0.304576 -0.305304 -0.302518 -0.902924 -0.054881 0.085628 -0.994815 -0.726974 -0.468897 -0.501642 -0.9989 -0.046847 -0.001834 0.974502 -0.218967 0.048979 -0.086037 -0.993059 -0.080192 0.77624 -0.628365 -0.051082 -0.255218 -0.214883 -0.942703 0.050137 -0.998349 0.028028 0.06899 -0.995706 -0.061719 0.484842 0.349465 -0.801749 -0.814729 -0.108691 -0.569564 0.961429 -0.156556 -0.226153 0.969731 0.240646 -0.041359 -0.576431 0.089381 0.812243 0.970777 0.191273 -0.144938 0.125045 0.611986 -0.78092 0.448163 0.042334 -0.892949 0.209835 -0.004935 -0.977724 -0.973821 0.22406 -0.038343 -0.92225 0.021601 0.38599 -0.829244 -0.534299 -0.163947 0.367676 -0.0862 -0.92595 0.855115 -0.403146 -0.325963 0.40284 -0.074503 0.912233 -0.867454 -0.49672 -0.028155 -0.500933 0.376777 0.779169 -0.816472 0.319274 0.48108 0.837859 -0.130303 0.530107 0.086917 0.954545 -0.285113 -0.448652 -0.135307 -0.883405 -0.147543 0.970306 -0.191672 -0.147758 -0.065552 0.986849 -0.043464 -0.962569 0.26753 0.02344 -0.339593 -0.94028 -0.160004 0.570452 0.805595 0.013089 0.924723 -0.380417 -0.12076 -0.039385 -0.9919 0.021473 0.829619 0.557917 -0.186571 -0.492766 -0.849925 -0.130802 -0.319262 -0.938596 -0.069389 -0.997453 -0.016485 0.201524 0.976502 0.076368 0.032523 0.934324 -0.354937 0.029216 0.469717 -0.882333 0.199478 0.442607 -0.874247 -0.000737 -0.999993 -0.003623 -0.603309 0.726438 0.329099 -0.000685 0.966095 0.258185 0.988185 -0.006917 0.153112 -0.346936 0.539637 0.76709 -0.854897 0.518354 0.021448 -0.739087 -0.569433 0.359856 -0.824124 -0.56639 0.004665 0.08442 -0.994633 -0.059824 -0.339378 0.907187 -0.248667 0.229819 -0.884598 0.405795 -0.048912 -0.31356 -0.948308 -0.96826 0.247022 -0.038115 -0.040762 0.305879 0.951197 -0.000662 0.999999 0.000984 -0.000221 1 -0.000116 0.014962 0.992178 -0.123929 0.003229 0.998102 0.061503 -0.011631 -0.994169 0.107204 -0.252834 -0.002109 0.967508 -0.044648 -0.995518 -0.083372 -0.00899 0.939788 -0.34164 0.011683 -0.930032 -0.367292 0.000452 0.999982 -0.005993 -0.029407 -0.998665 0.042469 -0.433309 -0.010043 -0.901189 -0.954827 0.095634 0.281354 0.185905 -0.029983 -0.98211 0.105156 0.017185 -0.994307 0.780914 0.060993 -0.621654 -0.80616 -0.06854 -0.587715 -0.164385 -0.985754 -0.035587 -0.417677 0.087754 -0.904348 -0.405941 0.093071 -0.909148 0.73328 0.307256 0.606543 0.99071 0.12156 -0.060969 -0.98478 0.162839 0.060752 -0.944277 0.221714 0.243277 0.436881 -0.124382 0.890878 0.193022 0.180425 -0.964463 0.377292 0.049523 -0.924769 -0.620688 -0.174518 -0.764388 0.370761 -0.116051 0.921449 -0.033706 0.889268 -0.456144 0.001229 0.999815 0.019181 -0.693968 -0.154361 0.703265 0.251192 -0.049663 -0.966662 -0.952924 0.196973 -0.230515 -0.535471 0.330002 0.777412 -0.674508 0.035538 0.737412 -0.635586 0.012764 0.771925 0.923561 0.272312 0.269964 0.057657 0.996103 -0.066739 -0.709693 -0.611292 0.350226 -0.421173 0.265573 -0.867228 0.022248 0.99975 -0.002029 0.926869 0.243304 -0.285861 0.117441 0.120291 -0.985768 -0.673286 0.21594 -0.707146 0.86972 0.367368 -0.329588 -0.539545 -0.128232 0.832135 -0.975366 0.200469 0.092047 0.687089 0.226392 0.690402 -0.128188 0.220115 -0.967015 -0.442792 0.152587 -0.883546 -0.960425 0.089988 0.263603 -0.047192 -0.242835 0.968919 0.792293 0.120117 -0.598201 0.13402 0.015859 0.990852 0.167819 0.055548 0.984252 0.378132 0.000472 -0.925752 0.003218 0.014103 0.999895 -0.240741 -0.559654 0.792989 0.199784 0.481475 0.853386 0.387808 -0.842754 -0.373325 -0.531599 -0.486206 0.693546 -0.540341 0.432513 0.721779 -0.968822 0.135959 -0.207122 0.133309 0.986938 -0.090456 0.12629 0.986064 -0.108303 0.145231 0.953164 0.265304 -0.02546 0.988243 -0.150759 -0.133938 -0.919424 -0.369756 0.887324 0.457827 0.055239 -0.061054 0.981766 -0.180024 0.135295 0.951721 0.275542 0.01463 0.392022 -0.91984 0.010668 -0.287579 -0.957697 0.891304 0.396204 -0.220454 -0.059777 0.997914 -0.024375 0.070823 0.951682 -0.298808 0.22059 0.083979 -0.971745 -0.943216 -0.141091 0.300728 0.017121 0.346731 -0.937808 -0.276483 -0.376687 0.884118 0.033531 0.977338 -0.209014 -0.028494 0.996559 -0.07784 -0.276277 -0.367249 0.888144 0.610242 0.099336 0.785963 -0.002541 0.999996 0.001063 0.101751 0.994807 0.00248 -0.40375 0.242348 0.882187 0.977724 0.20858 0.023438 -0.603001 -0.144983 -0.784455 -0.991059 0.119833 -0.058672 0.210251 0.36664 -0.906294 0.01543 0.339602 0.940443 -0.025652 -0.555936 0.830829 -0.06666 0.069478 0.995354 -0.060422 0.062137 0.996237 0.34545 0.087041 0.934392 0.529546 0.03763 0.847446 0.003293 -0.328369 0.944544 0.537722 -0.171478 0.8255 -0.010143 0.9953 -0.096309 0.004461 0.999971 0.006126 -0.086655 0.255645 0.962879 0.747635 0.398646 -0.531153 0.142708 0.247411 0.958344 0.61875 0.067871 -0.78265 -0.004645 0.999976 -0.00505 -0.882908 0.454698 -0.117149 -0.889674 0.27486 -0.364598 0.261597 0.138193 0.955233 -0.891769 0.386342 0.235557 0.001546 0.999989 -0.004462 -0.448076 0.087563 0.889697 -0.589294 0.105655 -0.80098 0.22444 0.301484 0.926679 -0.942497 -0.18558 -0.277955 0.044944 0.995947 0.077913 0.829681 0.524848 -0.190168 -0.089156 0.996017 -0.00077 0.450269 0.245819 -0.858388 -0.475836 0.120558 -0.871232 -0.774917 0.103269 0.62357 -0.12331 0.06985 0.989907 -0.022984 0.033455 0.999176 -0.042513 0.036785 0.998418 -0.053005 0.043097 0.997664 -0.04016 0.229459 0.97249 -0.367461 -0.003224 0.930033 -0.287687 0.662855 0.691274 -0.142162 0.080602 0.986556 -0.176492 0.065459 0.982123 0.009682 0.030561 0.999486 -0.442796 -0.238031 0.86445 0.002223 0.04935 0.998779 -0.123134 0.992015 0.027288 -0.463889 -0.259686 -0.846977 0.844911 0.160756 0.51018 -0.053333 0.997306 0.050367 -0.128733 0.217313 0.967576 0.497347 -0.025454 0.867178 0.96491 0.155209 -0.211797 -0.456134 0.241641 0.856476 -0.549203 0.251571 -0.796924 0.116118 0.46492 -0.877705 0.720791 0.121114 -0.682489 0.87653 0.479114 -0.046316 0.083659 0.996461 0.008147 0.993173 0.043249 -0.108341 0.12532 0.246193 -0.961085 -0.057865 -0.555405 0.829565 0.019739 0.805321 -0.592511 0.539164 -0.411893 0.734606 -0.126576 -0.958725 0.254606 0.104381 0.965482 -0.238638 -0.275642 -0.8954 0.349685 0.34423 0.861787 -0.372597 0.585484 0.312403 -0.748073 -0.016122 0.001749 0.999869 -0.001307 0.998291 0.058431 0.987506 -0.157442 -0.006606 -0.116294 0.810858 0.573573 -0.44268 0.896611 -0.011099 -0.56717 0.821109 -0.064026 -0.055635 0.915829 -0.397695 -0.008205 0.153228 -0.988157 0.011128 0.978702 -0.204984 0.012691 0.984425 0.175344 -0.995385 0.09295 0.023857 -0.781274 0.592433 -0.196556 0.141919 0.984625 -0.101846 0.378353 0.925661 -0.000792 0.582797 0.808527 -0.081436 0.451342 0.892306 0.008969 0.564579 0.823644 0.053495 -0.411425 0.727645 -0.548874 0.007492 -0.024467 0.999673 0.001438 -0.00863 0.999962 -0.123058 -0.116085 0.985587 0.073346 -0.007646 0.997277 0.007003 0.863816 0.503759 -0.000036 0.087428 0.996171 -0.007556 0.079352 0.996818 0.022921 0.819803 0.572187 0.999821 -0.018743 -0.002595 0.011552 -0.105812 0.994319 -0.013609 -0.081152 0.996609 -0.652546 0.032809 0.757039 0.036464 -0.120368 0.992059 0.04327 -0.045709 0.998017 0.038286 -0.028391 0.998863 0.07219 0.110236 0.99128 0.005605 -0.000384 0.999984 -0.592015 -0.231648 0.771918 -0.002385 0.018695 0.999822 -0.006265 0.897121 0.44174 0.873038 0.464647 -0.148016 0.990811 -0.134475 0.014504 0.957446 -0.083997 0.276117 -0.324887 0.507411 0.798112 0.211994 -0.010921 -0.97721 -0.196166 0.795676 0.573078 -0.003288 -0.08033 0.996763 -0.74994 -0.117248 0.651032 -0.429952 0.255676 0.865893 -0.8213 0.176989 -0.542348 0.178791 -0.174315 -0.968322 0.415974 -0.245205 -0.875694 0.24005 -0.124504 -0.962743 0.100497 0.016717 -0.994797 0.8102 -0.049226 -0.584084 0.535382 -0.04753 -0.843271 -0.229306 -0.056171 0.971732 0.807568 -0.046672 -0.587925 0.944662 0.01846 0.327524 0.803989 -0.050682 -0.59248 -0.524615 -0.085038 0.847082 -0.787913 -0.121743 -0.603632 0.782233 -0.005371 0.622963 -0.011584 -0.019879 0.999735 0.038646 -0.975773 -0.215345 0.208778 0.077973 -0.97485 -0.061996 -0.605064 0.79376 0.034647 0.63343 -0.773024 -0.248633 -0.340011 0.906959 -0.597143 -0.631301 0.494852 0.454859 -0.164323 0.875272 0.088826 0.562596 -0.821946 -0.134241 -0.117904 0.98391 0.140667 -0.072652 -0.987388 0.041717 -0.025148 0.998813 0.004494 0.810524 0.585689 0.006972 -0.075325 0.997135 -0.207637 -0.837766 0.50501 -0.864812 -0.107684 -0.490413 0.020705 0.070669 0.997285 0.394181 0.12394 0.910637 0.017302 0.057009 0.998224 -0.013859 0.203301 0.979018 0.435466 -0.899162 0.043335 -0.007591 0.111357 0.993751 0.063631 0.994101 -0.087826 -0.115108 -0.993192 -0.017901 -0.073226 0.994575 0.073882 0.002891 0.994055 -0.108845 0.002481 -0.029314 -0.999567 -0.019602 -0.103965 0.994388 -0.00118 0.000754 0.999999 0.796861 0.55719 0.233564 0.97508 0.221812 0.004272 -0.009583 0.999912 0.009125 -0.888155 0.457172 0.046623 0.000563 0.999553 0.029892 0.991238 0.047252 0.123349 0.756778 0.038359 -0.652545 0.767979 0.027749 -0.639873 -0.310228 0.497012 -0.810394 0.914833 -0.390386 -0.10334 -0.747846 0.256844 0.612174 -0.98287 0.031981 -0.181502 -0.997661 -0.00308 0.068285 0.612743 -0.274143 -0.74121 -0.012606 0.943912 -0.329956 0.668072 0.685738 0.288867 0.010936 0.979754 0.199905 -0.131072 0.984076 -0.120061 0.001514 0.340712 0.940167 -0.784723 0.52096 0.335872 -0.100753 -0.586542 0.803628 -0.004831 0.975763 -0.218778 -0.028683 0.989533 -0.141429 0.662234 0.287809 -0.691818 -0.509503 0.858906 0.051837 -0.037209 -0.99902 -0.023951 0.762471 0.646999 -0.005392 -0.438096 0.855989 0.274507 -0.967874 -0.087201 -0.23583 0.064847 -0.992382 0.10475 0.136833 0.49543 0.857803 -0.142704 0.060662 0.987905 0.022473 -0.066461 0.997536 0.022132 -0.0873 0.995936 -0.933311 -0.084544 -0.348973 -0.002219 0.065265 0.997865 -0.943575 0.24509 0.222705 -0.989182 0.071129 -0.128297 0.301067 -0.542959 -0.783935 -0.852025 0.345522 0.393279 -0.476786 -0.318541 -0.819272 -0.744766 0.667325 -0.000826 0.056223 0.998175 -0.022055 0.938578 -0.344857 -0.012075 -0.07862 0.996716 0.019375 -0.232334 0.945452 0.228344 0.559184 0.821963 -0.108122 0.827491 0.049207 -0.559319 -0.81406 0.09724 0.572583 0.703577 0.566823 -0.428592 -0.007194 0.979607 0.200794 0.481787 0.20779 0.851296 0.871838 -0.489438 0.018689 -0.821026 0.47249 0.32042 0.91367 -0.340451 -0.222036 -0.986582 0.154801 -0.051897 -0.957695 0.052417 -0.282972 -0.931357 -0.031845 -0.362713 -0.567729 -0.039778 -0.822254 0.783062 0.134154 -0.607302 -0.978461 0.173326 -0.112122 -0.067395 0.997583 0.01693 -0.329436 0.893807 0.30427 -0.401555 0.88695 0.228197 -0.663346 0.657955 0.356466 0.201421 0.969887 -0.136926 -0.704429 0.209895 -0.67803 0.446085 0.004335 -0.89498 -0.639212 0.687138 0.345326 -0.913665 0.248897 0.321352 0.08693 0.959743 0.26709 -0.02254 0.953314 0.30114 -0.839758 0.406634 0.359797 -0.962661 0.120471 0.242427 0.648734 -0.761002 -0.004357 -0.865271 -0.344287 -0.364379 0.62202 0.472406 0.624438 0.784237 0.244434 -0.570284 -0.964863 -0.026356 -0.261429 0.867062 -0.061882 -0.494342 -0.109972 0.163272 0.980433 0.99511 -0.074073 0.065347 0.289702 -0.033141 -0.956543 -0.590679 -0.076018 -0.803318 0.193746 0.01584 -0.980924 0.99933 -0.00935 -0.035383 -0.017887 -0.874855 -0.484055 -0.910643 -0.388162 -0.141634 0.998833 0.047407 -0.009198 0.477349 0.765934 0.430678 0.935797 -0.314959 -0.158383 -0.049984 0.989569 0.135107 0.753306 -0.425109 -0.501809 0.754142 0.003057 -0.656704 0.013529 0.925634 0.378179 0.106463 0.993758 -0.03333 0.150371 -0.931952 -0.329929 -0.016824 0.99965 0.020415 -0.022922 0.999731 -0.003613 0.117928 0.983306 0.138569 0.1135 0.993511 -0.007317 0.587909 0.794261 -0.153338 -0.55367 -0.830465 0.061465 -0.051229 0.972714 0.226281 -0.558564 -0.594413 0.578515 -0.433087 0.519813 0.736362 0.457436 0.169608 -0.872918 -0.037621 0.998677 0.035054 0.054295 0.998097 -0.029244 0.052364 0.998628 0.000191 -0.002148 0.999996 0.001862 -0.462445 0.868944 0.176297 -0.041318 0.975718 0.215098 -0.824657 0.19546 0.530788 -0.370289 -0.910524 0.183935 0.112892 0.876001 -0.46891 0.589296 -0.666441 -0.456714 -0.154857 -0.929284 0.335336 0.014505 0.988514 -0.150433 -0.641661 -0.511139 0.571845 0.040955 0.994968 -0.091443 0.052365 0.99211 -0.113907 0.000645 0.999612 -0.027864 0.548265 0.801311 -0.239387 0.999581 -0.028956 0.000569 -0.975062 0.212976 -0.062408 -0.781517 0.623875 -0.003479 -0.050521 0.968968 0.241968 0.008625 0.999051 0.042703 -0.050913 0.931552 0.360025 -0.01521 0.996835 0.078026 -0.229847 -0.005332 0.973212 -0.027162 0.361543 -0.93196 -0.155289 0.586164 0.795171 -0.006532 -0.992945 -0.118398 -0.948419 0.316155 -0.023398 -0.314819 0.933423 0.172078 0.113075 0.358917 -0.926495 0.126856 0.957618 0.258604 0.729438 0.209209 -0.651269 -0.445585 -0.425507 0.787653 0.980466 -0.172659 -0.094207 0.12587 0.482599 -0.86675 -0.960298 0.190863 0.203468 -0.529993 0.575509 -0.622814 -0.977948 0.208728 -0.007086 0.004422 0.999971 0.006194 -0.010111 0.99903 -0.042857 0.117463 0.898769 -0.422394 0.643585 -0.451661 0.617901 -0.178723 -0.746256 0.641218 0.205381 0.493428 -0.845191 0.205818 0.459509 -0.863997 -0.016212 0.999479 -0.027914 0.000641 -0.999732 -0.023138 -0.003117 0.999995 0.00086 -0.109725 -0.280347 0.953607 -0.027385 0.974759 -0.221572 -0.015341 0.99947 -0.028698 0.028638 0.999584 0.003282 -0.040979 0.999028 -0.016222 -0.978923 -0.204218 -0.00216 -0.007932 0.999958 0.004656 -0.154517 0.98798 0.004408 0.008932 0.982347 -0.186854 0.555978 -0.108686 -0.824061 -0.027731 0.999464 0.017394 -0.037491 0.999061 0.02173 -0.140438 0.944959 -0.295515 0.230116 -0.884015 -0.406897 -0.24164 0.969495 -0.041108 -0.29923 0.777635 0.552942 0.998795 -0.023497 -0.043095 0.001276 -0.122579 0.992458 -0.001246 -0.126727 0.991937 0.007782 0.042578 0.999063 0.999511 0.012328 -0.028748 -0.999444 0.033323 0.000783 -0.046609 0.998912 0.001375 -0.998701 0.047868 -0.017446 0.522954 0.422271 0.740409 -0.133587 0.953547 -0.270006 0.6777 0.229852 0.698491 -0.983916 0.095712 0.15083 0.14358 0.989576 -0.011134 -0.354093 -0.912317 0.20566 -0.738833 -0.391221 0.548701 -0.686801 -0.534095 0.492999 0.536271 -0.765006 -0.356621 -0.472064 -0.800225 0.369858 0.592543 0.315888 -0.741018 -0.852181 0.068328 0.518766 0.25044 -0.629942 0.735155 0.555221 -0.661855 0.503665 0.010876 -0.999941 -0.000729 -0.027258 -0.99915 0.030932 0.002322 -0.990427 -0.138018 0.480104 -0.814649 0.325342 0.573799 -0.772867 -0.270983 0.71147 -0.627679 -0.315958 0.877945 -0.464549 0.115785 0.893575 -0.175985 -0.412982 -0.211646 -0.977192 -0.017349 0.858082 0.314745 -0.405748 0.998636 0.050055 -0.014825 0.006033 0.009746 -0.999934 -0.038668 -0.998451 -0.040016 -0.375367 0.916635 -0.137407 -0.035244 0.992553 -0.116603 0.932049 0.35079 0.090729 0.991466 -0.129228 -0.017204 -0.34381 0.839045 -0.421662 -0.111075 0.970679 -0.213177 -0.74955 -0.469644 -0.466487 0.674649 0.296683 0.675891 -0.159534 0.946601 -0.280171 0.760491 0.23911 0.603722 0.282972 0.958313 0.039529 0.240142 0.97029 -0.029468 0.94972 0.313037 -0.006354 -0.298442 0.937563 -0.178628 -0.015438 0.998985 -0.042311 0.394773 -0.468343 -0.790449 -0.345383 -0.766031 0.542131 0.39386 0.667475 -0.631943 0.473199 0.175711 0.863255 0.719196 -0.572345 0.393928 0.027498 -0.317795 -0.947761 0.146371 -0.544062 -0.82618 0.178855 0.448524 -0.875692 0.024681 0.999167 0.032507 0.820021 -0.087834 0.565553 0.262252 0.480253 -0.837007 0.010227 0.999923 0.007053 -0.29463 0.929213 0.223063 -0.160338 0.808308 0.566507 -0.002159 -0.981992 -0.188912 0.163094 0.14356 -0.97611 0.001024 0.98101 0.193956 0.764349 0.638156 0.092345 -0.563114 0.633683 -0.530424 0.545151 0.713979 -0.439368 0.051679 0.998652 -0.004825 0.117772 0.97772 -0.173764 -0.281824 0.913888 0.292206 -0.830455 0.157921 0.534234 0.483577 -0.70726 -0.51569 0.192981 0.962769 -0.189298 -0.634083 0.488618 0.599326 -0.151753 0.538799 0.828653 0.489272 0.2262 -0.842286 0.636418 -0.284795 0.716843 0.954917 -0.202213 0.217357 0.811283 -0.234757 0.535452 0.580068 0.307039 -0.754485 0.999728 0.023306 0.000762 0.729698 0.527493 -0.435076 0.839885 -0.4318 0.328851 0.236211 -0.971155 0.032597 0.197182 -0.980214 0.017336 -0.111293 -0.050402 -0.992509 0.494398 0.424276 0.758657 0.677014 0.359159 0.642383 0.971744 0.043058 0.232077 -0.33329 -0.443882 -0.831797 0.890948 0.174564 0.419211 -0.953901 0.043797 0.296907 -0.801141 -0.023773 0.598003 -0.826163 0.033563 0.562431 0.563832 -0.825681 -0.018566 0.996897 0.072367 -0.030983 0.678126 -0.733889 0.039399 0.954899 0.000344 -0.296932 0.999859 0.001487 -0.016743 0.990124 -0.000826 -0.140195 0.965238 0.032356 0.25936 0.999668 -0.025764 0.000376 0.999287 -0.009699 -0.036476 -0.330001 0.09839 -0.938839 0.001006 -0.005249 -0.999986 0.008588 -0.003319 -0.999958 -0.00814 -0.022672 -0.99971 -0.002633 0.999411 0.034227 -0.001614 0.999172 0.040653 0.017006 0.33373 -0.942515 0.831056 -0.011202 -0.556076 0.789798 -0.00488 -0.613347 -0.596802 -0.001034 -0.802388 0.578237 0.0627 -0.813456 0.999093 0.017384 -0.038884 0.885871 -0.455338 -0.08888 -0.915211 -0.391906 -0.093798 -0.151443 0.928689 0.338528 0.114886 -0.564258 -0.817566 0.149653 -0.988713 -0.007155 0.927412 0.094586 0.361885 0.997029 0.075201 0.016654 0.04928 -0.851102 0.522682 0.002897 -0.999509 -0.031209 0.885898 -0.447132 -0.123524 0.237843 0.260571 -0.9357 0.946052 0.122306 0.300046 -0.288544 -0.139456 0.947256 -0.20223 -0.147788 0.968123 0.762461 -0.497004 0.414294 0.941052 -0.337251 0.026131 -0.70166 0.082625 0.707705 -0.562877 0.203121 0.801193 0.018601 0.014392 -0.999723 -0.000815 0.830955 -0.556339 0.999746 0.007999 -0.021088 0.999455 0.027997 0.017508 -0.027028 -0.085943 0.995933 -0.001864 -0.408901 0.912577 -0.189567 -0.981831 -0.008465 -0.561148 -0.015106 0.827577 -0.190305 -0.981688 -0.008544 -0.014944 -0.999886 0.002156 -0.273983 -0.960583 -0.047056 -0.560285 0.805545 -0.192816 -0.931936 -0.309461 -0.18902 -0.804049 0.264977 0.532253 -0.738314 -0.325819 -0.590537 -0.850557 -0.525618 0.016705 -0.988181 0.152797 -0.012278 -0.993364 0.070655 -0.090747 -0.997495 0.067621 -0.020746 -0.027672 -0.114292 0.993062 0.749605 -0.295009 -0.592504 -0.705864 0.354146 0.613463 -0.981482 0.081066 0.173555 0.957767 -0.145049 -0.24828 -0.962276 0.271441 -0.018554 -0.967978 -0.25027 0.019562 -0.870285 -0.492494 0.007348 -0.916078 0.11703 -0.383543 -0.461169 0.198548 -0.864813 -0.74706 0.366285 -0.55474 0.038924 -0.195694 0.979892 -0.96291 0.265854 -0.046108 0.963635 -0.220066 0.151588 0.635585 0.13787 -0.759621 -0.745494 -0.032829 0.665703 -0.979695 0.197742 0.033099 -0.998341 -0.020651 0.053753 -0.640357 -0.767989 -0.011655 -0.416708 -0.908821 -0.019987 -0.27458 -0.959537 0.06241 0.003515 0.249743 -0.968306 -0.000527 0.999999 -0.001069 -0.00053 0.999985 -0.005384 -0.458206 -0.888572 -0.022093 0.054009 0.998353 -0.019327 -0.025069 0.999597 -0.01334 -0.147634 0.988938 -0.014327 -0.060704 0.997791 0.026994 0.08741 0.988517 0.123266 0.004041 0.994944 0.100345 0.005287 -0.999726 -0.022813 -0.065865 0.37988 0.922688 -0.055147 0.581311 0.81181 0.007877 0.997251 0.073673 0.005952 0.998854 0.047493 0.010126 0.997235 0.073617 -0.000604 0.970207 0.242276 -0.07546 0.43672 -0.896427 0.003436 0.437738 0.899096 0.001047 -0.848795 -0.528721 -0.011654 0.853556 0.52087 0.143533 -0.955339 -0.258313 0.19014 -0.878463 -0.438348 0.867422 0.445221 0.222163 -0.325184 0.795514 -0.511285 0.00775 0.999965 0.003031 0.266825 -0.717218 0.643741 -0.026508 -0.994509 0.101242 0.247919 -0.667419 0.702203 -0.064047 0.105421 0.992363 -0.030999 0.994407 -0.100961 0.004684 0.999627 0.026901 -0.02799 0.99597 -0.085204 0.102268 0.117599 0.987781 0.00336 -0.993517 0.113635 0.000289 0.999989 -0.004578 0.009411 0.995446 0.094866 -0.225615 0.974128 -0.013136 -0.014307 -0.891707 0.452387 0.174582 0.984632 0.004656 -0.277233 -0.960659 0.016607 0.408371 0.9127 0.014564 0.053785 0.998547 0.003356 0.691626 0.721241 -0.038268 0.052256 0.998144 0.031259 -0.439241 0.896568 0.056871 -0.381728 -0.92304 -0.047756 -0.383604 0.911144 -0.150546 0.036176 -0.953777 -0.298329 -0.127442 0.990699 -0.047695 -0.202806 -0.976436 -0.07377 -0.338168 0.939199 0.059566 0.807896 -0.257768 0.529962 0.620539 -0.131101 0.773139 -0.010379 0.999831 -0.015168 0.291986 0.956385 -0.008416 -0.23041 0.973067 0.007148 -0.11646 0.99319 0.0031 0.040753 0.999161 -0.004147 0.003671 0.999944 0.009913 0.027802 0.999532 -0.012787 0.002622 0.999996 -0.001169 -0.022963 0.999266 0.030653 -0.0863 0.993745 0.070872 -0.01723 0.999805 -0.0096 -0.810947 -0.012473 -0.584987 0.31277 0.948012 0.05872 -0.724481 -0.514554 -0.458652 -0.810883 0.221655 -0.541607 0.093759 0.995586 0.004316 0.5804 -0.661563 0.474838 0.004409 0.999986 0.003079 -0.566285 0.691869 -0.447926 -0.020079 0.99968 -0.015374 0.82957 -0.558266 -0.012344 -0.69631 0.550908 0.460057 -0.313493 0.926121 0.209814 -0.024014 0.996134 0.084499 0.855104 0.102614 0.508201 -0.873783 0.021455 -0.485842 0.02598 0.995605 -0.089978 0.001927 0.999356 -0.035835 -0.539125 0.152047 -0.828387 0.335968 0.827968 0.448994 -0.817813 -0.522052 0.242164 -0.353056 0.918046 -0.180398 -0.31188 0.947623 -0.068858 0.235889 0.949026 0.209058 0.612454 -0.698755 0.36965 -0.572435 0.733803 -0.365856 0.677658 -0.683652 -0.270922 -0.162212 -0.959265 -0.231297 -0.471599 0.539978 -0.69715 0.069327 0.982179 -0.174693 -0.005236 0.999963 -0.006816 -0.010893 0.999835 -0.014547 0.067688 0.980066 -0.186785 0.273372 0.955435 -0.111411 0.219052 0.970616 -0.099607 0.002935 0.999935 0.011031 -0.028841 0.879809 0.474452 0.356248 0.725728 -0.588563 0.536531 0.604988 -0.588323 -0.007448 0.99781 0.065732 -0.598331 -0.225539 0.768851 0.451027 -0.619039 -0.642935 -0.061508 0.928914 0.365151 -0.010545 0.999714 -0.021461 -0.04979 0.980186 0.191717 -0.001306 0.999844 0.017616 -0.076148 0.997089 0.003776 -0.005457 0.919817 0.392309 -0.242948 -0.69007 0.681747 -0.131499 0.978351 0.159806 -0.056539 0.993308 -0.100711 -0.541849 -0.821752 0.17642 -0.023051 0.710976 -0.702838 0.079016 -0.952525 -0.29403 0.094905 -0.91058 -0.402291 -0.021344 0.997273 -0.070651 -0.084515 0.99282 0.084645 -0.006373 -0.90453 0.426363 0.421991 0.396197 -0.815445 0.011984 0.981672 -0.1902 -0.133419 0.957585 0.255401 0.402238 -0.112463 -0.908602 0.317267 -0.61863 -0.718776 0.074628 0.980226 -0.183268 -0.13343 0.956114 0.260851 0.405625 0.412594 0.815619 -0.404858 -0.492812 0.770212 -0.081944 -0.988372 -0.128084 0.414219 0.602292 -0.682398 0.095274 0.983014 -0.156862 0.232955 0.117457 -0.965368 0.172662 -0.034363 0.984382 0.668615 -0.424375 0.610622 -0.054935 0.99677 -0.058578 0.309035 -0.94966 -0.051402 0.030754 0.994717 -0.097943 -0.233505 -0.969033 -0.080317 -0.197483 -0.954367 0.224016 -0.366893 0.915972 -0.162434 0.076091 0.277836 0.95761 0.076491 0.991587 -0.104422 0.067527 0.997699 -0.006083 -0.006429 0.996951 0.077763 0.008838 0.993768 0.111116 0.065768 -0.995904 -0.062053 0.007957 0.999809 -0.017849 0.422728 0.170364 0.8901 0.399169 0.339783 0.851594 -0.011829 -0.976816 -0.213752 0.015481 0.958121 0.285946 0.009259 0.999714 -0.022028 0.05096 0.650754 -0.757576 -0.088843 -0.59492 -0.79886 0.272594 0.586539 0.762669 0.118849 -0.53889 -0.83395 -0.103022 -0.394528 0.91309 -0.022371 0.927029 -0.374322 0.068071 0.709936 0.700969 0.088283 0.23732 -0.967412 0.023438 0.990104 0.138362 0.034755 -0.11777 -0.992433 0.315106 -0.422577 -0.849786 0.026643 0.96259 0.26965 0.030243 0.943393 0.330295 0.017799 -0.28125 -0.95947 0.030883 0.754896 -0.655117 -0.029643 0.997011 -0.07135 -0.026221 0.400473 0.915933 0.038726 0.986978 -0.156123 0.007889 0.702502 0.711638 0.017481 0.660937 -0.750238 0.032964 0.984537 0.172045 0.087824 -0.672287 -0.735062 -0.146782 0.363101 -0.920116 -0.089322 -0.063373 -0.993985 -0.109907 0.566652 0.816594 0.005418 0.802351 0.596829 0.348341 0.666473 0.659145 0.090004 -0.637783 -0.764939 -0.011709 0.982246 0.187233 0.129929 0.622839 -0.771485 0.115175 0.483853 -0.867537 -0.044515 -0.276726 -0.959917 -0.092315 -0.260921 -0.960936 -0.059805 0.478728 0.875924 0.463744 0.812413 0.35345 0.362678 0.910877 -0.196897 -0.203855 -0.972179 -0.115372 0.198268 0.924719 -0.324939 -0.129985 -0.991401 -0.015118 -0.000336 0.335379 -0.942083 -0.04969 -0.998111 0.036127 0.008084 0.961258 0.275532 0.243004 -0.968681 -0.051043 0.279524 0.957335 -0.073317 0.060643 0.994336 0.08728 0.27308 0.959347 -0.071278 0.254886 0.96697 0.001316 -0.059748 0.998213 0.000655 -0.074346 0.997232 0.000503 0.847593 -0.336079 -0.410655 0.64734 0.761193 0.0392 -0.218479 0.974651 -0.048182 -0.710447 0.69722 -0.095651 0.95922 -0.182268 0.216046 0.488908 0.871145 0.045548 -0.917984 0.283831 0.277031 -0.016344 -0.998474 -0.052743 0.792481 -0.555923 -0.250847 0.599048 0.800575 -0.014844 -0.07354 -0.99697 -0.025351 0.275525 -0.961182 -0.01469 0.17529 0.984446 0.011817 -0.774195 0.632333 -0.027879 0.139824 -0.989236 -0.043156 0.31006 -0.93452 -0.174742 0.225428 -0.544995 -0.807566 -0.878106 -0.067593 0.473668 -0.276106 0.283237 -0.918446 -0.314336 0.752217 0.579104 0.285547 -0.73446 -0.615656 -0.362161 -0.815923 0.450676 0.249737 -0.932607 -0.260531 0.126678 -0.954678 -0.269337 0.444579 0.629619 -0.637125 -0.186872 0.982378 -0.003466 0.361713 -0.931693 0.033344 0.147601 -0.985546 0.083143 -0.793749 0.320725 0.516815 -0.141646 -0.952462 0.269726 -0.252205 0.967128 0.032481 -0.046738 0.936697 0.347008 -0.032122 -0.984854 -0.170386 -0.024096 -0.997477 0.066779 0.19189 -0.134489 0.972158 -0.019325 0.000634 0.999813 -0.009122 0.653493 0.756878 0.015141 -0.811711 0.583863 -0.105633 -0.645123 0.756741 -0.597012 -0.796984 0.091612 -0.530447 -0.247417 0.810809 0.06569 0.960257 -0.271275 0.075061 0.991775 -0.10367 0.101692 0.643784 -0.75842 0.149679 0.917684 -0.368038 -0.436702 -0.161851 0.884927 0.006241 0.998917 0.046099 -0.545974 -0.832224 0.096518 0.304647 -0.779156 -0.54782 -0.439392 0.794415 0.419331 0.067233 0.434183 0.898312 -0.057996 -0.998029 0.02398 -0.481443 0.746292 0.459632 0.089327 0.992239 -0.0865 0.379252 0.922271 0.074732 -0.48124 -0.735074 0.477571 -0.635095 0.692043 0.34312 0.532135 0.842621 -0.082595 -0.143477 0.988779 -0.041608 -0.10163 0.98382 0.147549 0.575664 0.817146 -0.029728 -0.429664 0.882771 0.190014 -0.661182 -0.584734 0.470026 0.084089 0.994722 -0.058804 -0.32611 0.911593 0.250299 0.639712 -0.704141 -0.308144 -0.892198 0.302924 0.334992 0.348348 -0.931358 -0.105951 -0.572972 -0.817473 0.058653 -0.25651 -0.958649 0.123263 -0.245878 0.851948 0.462308 -0.725915 -0.603118 0.3306 -0.267352 0.913418 0.306905 0.815059 -0.576442 -0.05825 0.038198 0.989986 -0.135897 0.089221 0.966142 0.242095 -0.569117 0.606323 0.555408 -0.633831 0.509558 0.581901 0.009528 0.93035 -0.366549 0.080414 0.996486 0.023416 0.511743 0.743201 -0.431013 -0.52104 0.242669 0.818309 -0.571828 0.627669 0.528247 -0.311735 0.943357 -0.113572 -0.574767 0.590917 0.566092 -0.070706 0.997223 0.023377 -0.123605 0.991567 0.038953 -0.139531 0.989901 0.025028 0.149092 0.073468 -0.98609 0.015221 0.762216 0.647144 -0.01328 -0.992209 0.123873 -0.015915 0.070428 -0.99739 -0.06649 0.279029 -0.957978 -0.293984 0.955806 -0.002813 -0.00451 0.981326 -0.192298 -0.096973 0.266841 -0.958849 0.063142 0.005272 -0.997991 0.603918 -0.445823 -0.6607 -0.604824 0.349868 0.715388 -0.29937 0.945167 0.130526 0.114208 -0.213832 -0.970171 0.233923 -0.014236 -0.972151 0.034531 0.003799 -0.999396 -0.00381 -0.997915 -0.064426 0.844539 0.000289 0.535494 0.821342 -0.000104 0.570436 -0.998236 -0.003807 0.059249 -0.00353 -0.956949 -0.290236 0.994592 0.015133 0.102756 0.999994 0.000343 0.003543 0.999995 -0.000245 -0.003104 0.489774 0.020982 0.871597 0.16725 -0.010381 0.98586 0.000913 -0.183367 0.983044 0.999885 -0.014939 -0.002567 -0.004781 0.256662 0.966489 0.001882 0.254325 0.967117 -0.004668 0.251897 0.967743 -0.042864 0.325426 0.944596 -0.004955 0.999976 -0.004878 -0.014123 0.999899 0.001451 -0.23268 0.906262 0.352916 0.054607 -0.973918 -0.22023 -0.007815 0.992186 0.12452 -0.048335 -0.968081 0.245931 0.060903 0.997323 -0.040469 0.853595 -0.125365 -0.505627 0.721678 -0.571581 -0.390482 0.453149 -0.81346 -0.364608 -0.091215 0.988145 0.123486 0.865787 0.217064 -0.450884 0.056158 0.996379 -0.063833 0.745974 0.512575 -0.425193 -0.057897 -0.390181 -0.918916 0.005545 -0.110102 -0.993905 0.000206 0.002323 -0.999997 0.000242 -0.074588 -0.997214 0.003273 0.096584 -0.995319 0.179959 -0.006821 -0.98365 -0.377139 -0.364745 -0.851309 0.150927 0.987353 -0.048538 -0.118724 0.992867 -0.010962 0.160613 0.963582 -0.213805 0.043863 0.998527 -0.03195 -0.047038 0.998789 -0.014407 -0.044243 0.998714 -0.024763 0.051632 -0.998268 0.028185 -0.009421 0.999832 -0.015717 -0.034535 -0.998833 0.033776 -0.067874 0.99759 0.014371 0.028714 -0.999588 -0.000256 -0.251599 0.930177 0.267337 -0.023562 0.99955 -0.018541 -0.036862 0.999109 -0.020563 -0.042164 0.998121 0.044458 0.143765 -0.973563 -0.1775 0.112651 0.993177 -0.030144 0.033508 0.999048 -0.027929 0.000251 0.999886 0.015088 0.221384 0.602061 -0.767145 -0.039235 0.99842 0.040218 -0.099218 0.992958 0.064732 -0.029917 0.999535 -0.005882 0.161872 -0.98097 -0.107213 -0.728495 -0.226051 0.64668 -0.29794 0.952503 0.063005 -0.278208 -0.932894 0.228711 -0.051518 -0.998629 0.009282 0.006414 0.999379 -0.034635 0.033618 0.997565 -0.061106 -0.619579 0.191849 0.761128 -0.936504 -0.3425 -0.075198 -0.036909 0.996194 -0.078957 -0.027859 0.999491 0.015551 -0.080606 0.988738 0.126097 0.314412 0.596847 -0.738186 0.04627 0.879534 0.473581 -0.536226 0.843862 -0.018932 0.61155 0.254763 -0.749068 -0.676156 -0.135361 0.724217 -0.762306 -0.0877 0.641247 -0.867056 0.023291 0.497666 -0.831509 -0.005237 0.555486 -0.615835 -0.046674 0.786491 0.012107 -0.9524 -0.304612 0.010517 -0.164352 -0.986346 -0.047006 -0.996425 -0.070198 -0.611775 -0.145021 0.777625 -0.268558 0.776507 -0.570012 -0.003779 0.360852 -0.932615 0.000208 0.996522 0.083328 -0.003535 -0.319918 -0.947439 0.021092 -0.596541 -0.802305 0.0306 0.733872 -0.678598 0.31807 0.150616 -0.936027 0.492704 0.356473 -0.793832 -0.896407 -0.084944 0.435017 -0.958474 -0.013001 0.284882 -0.768542 0.631892 -0.100278 -0.017607 -0.256829 -0.966296 0.009437 -0.168933 -0.985582 0.385898 -0.263448 -0.884125 0.43633 -0.538169 -0.721104 -0.500197 -0.246113 0.8302 -0.256819 0.955264 0.14668 -0.432506 0.723297 0.538312 0.423267 0.600369 -0.67853 -0.252257 0.891151 0.377116 0.050913 0.458849 0.887054 0.012417 0.994401 -0.104944 -0.009643 0.976781 -0.214022 0.151579 0.970378 0.188124 0.059382 0.996231 0.063231 0.133906 0.982585 -0.128825 0.003865 0.993913 -0.110097 0.03253 0.979305 -0.19976 -0.048916 0.998217 0.034197 -0.797139 -0.068096 -0.599944 0.879252 0.4757 0.025012 0.853448 0.241413 -0.461894 -0.074409 0.996923 0.024641 0.316951 -0.936977 -0.147025 0.570778 0.157167 0.805923 0.772711 0.325634 -0.544867 0.718476 0.283567 -0.635123 -0.052369 0.651265 0.757041 -0.115701 -0.687992 0.716436 -0.688458 -0.723755 0.046943 -0.767521 -0.636827 0.073238 -0.999614 -0.02029 0.01897 -0.008621 -0.46987 0.882694 0.022196 -0.757722 0.6522 -0.002049 0.249312 0.968421 0.549117 0.284296 -0.785905 -0.45195 -0.81832 0.355096 -0.108484 0.666756 -0.737338 0.298238 0.392144 -0.870217 0.230131 0.512764 -0.827111 0.577702 -0.769406 -0.272534 0.116348 -0.990075 -0.078832 -0.758432 0.307101 0.574865 0.658481 -0.120795 -0.74284 0.68171 -0.465183 -0.564691 0.479621 -0.840851 -0.250865 0.752098 -0.309693 -0.581756 -0.122055 0.962566 0.242011 0.783132 -0.096462 -0.614328 0.040259 0.999189 0.000842 0.454899 -0.440071 -0.774212 -0.33112 0.415109 0.847375 -0.000098 0.999783 0.020834 0.00349 -0.035318 0.99937 -0.082319 0.996605 -0.0017 -0.85333 0.052423 0.51873 -0.189156 -0.046187 0.98086 0.870964 -0.060856 0.487563 0.042386 0.002078 0.999099 -0.885084 0.107146 0.452931 -0.073405 -0.029426 0.996868 0.005312 0.011611 0.999918 -0.083084 -0.02372 0.99626 0.139557 -0.173501 0.974896 -0.018554 -0.128426 0.991546 -0.001071 0.038575 -0.999255 0.999658 -0.025577 0.00544 -0.001165 0.999876 0.015728 0.044904 0.998991 0.000487 -0.007785 0.030463 -0.999506 0.546121 0.013829 -0.837592 0.641723 0.726088 0.246957 -0.330941 0.94334 -0.024256 0.999698 -0.009767 -0.022545 0.999217 -0.019371 -0.034503 0.001273 0.220195 -0.975455 -0.011814 0.999897 0.008112 0.00962 -0.015854 -0.999828 -0.456954 0.041632 -0.888515 0.002742 -0.999958 0.008695 0.005671 -0.999967 0.005833 0.918115 -0.394828 0.034296 0.824922 -0.564728 -0.024191 -0.002038 -0.148852 0.988857 -0.003474 0.419986 0.907524 0.019988 0.263713 0.964394 0.001774 0.368126 0.929774 0.018676 0.344055 0.938764 0.003498 0.389274 0.921115 0.001494 0.249865 0.96828 0.934816 -0.346617 0.077306 0.220585 0.606642 -0.763759 -0.189358 0.552974 -0.811396 -0.941547 -0.151424 0.300933 0.629664 -0.258301 0.732669 -0.569547 0.439195 -0.694783 0.008662 -0.998446 0.055049 -0.976608 -0.209834 -0.046966 -0.932733 0.337818 0.12605 0.009815 0.387237 -0.921928 -0.015092 0.16416 -0.986318 0.224942 0.015 -0.974257 0.99932 0.027912 0.024076 0.108298 0.949129 0.295678 0.003999 -0.270221 -0.96279 0.010427 0.998458 0.054517 0.000814 -0.234144 -0.972202 0.022946 -0.337357 0.941097 0.172464 -0.550252 0.816994 0.00167 0.985827 0.167759 -0.504858 -0.453594 0.734419 -0.002661 0.591284 0.806459 0.029366 0.134624 0.990462 -0.069569 0.947309 0.312677 -0.002152 0.986681 0.162654 0.528239 0.278096 -0.802263 -0.529239 0.44495 -0.722444 0.386066 0.531998 -0.753612 0.878635 0.235421 -0.415424 0.837424 -0.283448 0.46731 0.058598 0.937284 -0.343605 0.945498 0.003136 -0.325612 0.94408 0.307449 0.119111 -0.0041 -0.99999 -0.001953 0.014298 -0.384219 0.923131 -0.999994 0.001892 0.002873 -0.504475 -0.462463 0.729132 -0.016334 -0.990394 0.137308 -0.415473 -0.611812 0.673104 0.397992 -0.878959 -0.262743 -0.886716 -0.39261 0.244116 -0.886785 -0.39255 0.243962 -0.708051 -0.398593 0.582914 -0.440455 -0.215873 0.871435 -0.666801 -0.48052 0.569629 -0.86639 -0.212114 0.45208 0.121026 0.854938 -0.504415 -0.135884 0.872657 -0.469047 0.320744 0.654029 -0.685105 -0.709749 -0.471637 0.523273 0.980738 -0.0034 -0.195296 -0.54988 -0.65639 0.516512 -0.012852 -0.291211 -0.956572 0.048697 -0.074856 -0.996005 0.04102 -0.048274 -0.997991 -0.70174 -0.074371 -0.70854 0.753902 -0.567462 -0.331087 -0.651356 -0.335333 0.680652 -0.003839 0.119257 -0.992856 0.662632 -0.742147 0.100681 0.574658 0.299502 -0.761621 0.28889 -0.266284 -0.919584 0.589538 0.385804 -0.709648 -0.985787 -0.026515 -0.165894 -0.998138 0.032687 -0.051496 0.985563 0.169306 -0.001133 -0.047518 0.99887 -0.000074 0.006731 0.999972 -0.003173 -0.992386 0.123165 0.000241 0.998464 -0.049258 0.025353 -0.975357 0.15317 -0.158803 -0.719015 0.349889 -0.600496 -0.364402 -0.300324 0.881485 -0.943932 -0.068061 0.323048 -0.963535 0.061959 0.26031 0.998237 -0.003652 0.059236 -0.986352 0.130708 -0.100121 0.994643 0.103221 -0.005528 -0.768474 0.271361 -0.579492 -0.998418 0.002256 -0.056176 -0.997569 -0.03529 0.060095 0.890693 0.155305 0.427253 -0.999504 0.031473 -0.001169 0.653599 0.735985 0.17645 -0.557903 -0.809423 -0.183243 0.995546 -0.092695 0.017182 -0.882928 0.463326 0.075941 0.032212 0.997922 0.05581 0.170348 -0.216169 0.961381 0.819842 0.326702 0.47024 0.843309 0.535409 -0.046554 0.010328 0.994826 0.101063 0.001966 0.999994 -0.002903 0.164005 0.408551 0.89788 0.534768 0.181973 0.825172 -0.104093 0.972917 0.206392 -0.514077 0.115668 0.849909 -0.815348 0.233072 0.529985 0.098907 0.24618 -0.964164 0.442339 0.896643 0.019195 0.729508 0.061991 -0.681157 -0.840316 0.291748 -0.456893 0.385921 0.141286 0.911649 0.712979 0.255504 0.652976 0.127521 0.181662 -0.975058 -0.846445 0.148052 0.51148 0.70002 0.710302 -0.073773 -0.97719 0.210782 0.025898 -0.156879 0.987599 -0.006126 0.097413 0.995242 -0.002247 -0.192161 -0.018519 0.981189 0.000525 1 0.000742 0.544785 0.37256 0.751271 0.017128 0.025585 0.999526 -0.024184 0.007653 0.999678 -0.010252 0.000155 0.999947 0.27072 0.02057 0.962438 0.144172 0.02504 0.989236 0.998291 0.00164 -0.058416 0.999762 -0.000082 0.021801 0.979129 -0.199951 0.036408 0.999252 -0.004289 0.038435 -0.069253 0.017527 0.997445 0.981453 0.09966 -0.163761 0.980376 0.01166 -0.196793 0.998898 -0.003184 0.046835 -0.955344 -0.010732 0.2953 0.999649 -0.001193 -0.026478 0.992659 -0.120943 -0.001225 -0.214974 0.019007 0.976435 -0.300781 -0.909125 0.288136 -0.041205 0.55075 0.833652 0.136444 -0.248266 -0.959034 0.19032 0.263547 -0.945686 0.178405 0.216795 -0.959777 -0.181361 -0.222285 0.957965 0.020741 0.085584 -0.996115 -0.25187 -0.096443 0.962944 0.52056 0.180866 -0.834449 0.490151 0.793756 -0.360142 -0.702598 -0.475486 0.529404 0.739751 0.640687 -0.205643 -0.733358 -0.600772 0.318213 0.125507 -0.740186 -0.660585 0.137976 -0.000873 0.990435 0.461527 -0.220741 0.859224 0.321396 -0.100939 -0.94155 -0.030776 -0.93148 -0.362489 0.13951 -0.457088 -0.878412 -0.827221 0.328513 -0.455835 -0.877484 -0.395837 -0.270804 0.452396 -0.215802 0.865314 0.908357 -0.169753 -0.382193 0.146945 -0.08754 -0.985263 -0.63078 0.568501 0.528131 0.277353 -0.24887 -0.927976 0.214665 -0.380901 -0.899352 -0.719759 0.270788 -0.639234 -0.303856 0.127854 0.9441 -0.138263 0.463377 0.875309 -0.084238 -0.334836 -0.938503 0.176113 0.150772 -0.972755 -0.065911 -0.86093 -0.504436 -0.805859 -0.591333 -0.03028 -0.906115 -0.392341 -0.158193 0.815186 0.464815 0.345569 -0.047851 -0.03571 -0.998216 -0.742364 -0.599229 0.299702 -0.682321 -0.438419 0.585002 0.518998 -0.254812 0.815912 -0.616532 0.217264 0.756759 -0.559347 0.186749 0.807623 -0.785293 0.267842 0.55819 -0.622196 0.417624 -0.662165 0.206026 0.006294 0.978526 0.080962 0.034693 0.996113 -0.045314 0.253087 -0.966382 -0.778039 0.099224 0.620331 -0.999989 -0.003764 -0.002816 -0.608615 0.265561 0.747706 0.003862 -0.999991 -0.001511 -0.993156 0.114638 -0.022321 -0.042783 -0.99892 0.018144 -0.990345 0.030882 -0.135138 -0.041735 -0.998851 0.023565 0.035887 -0.998862 -0.031421 -0.143349 0.988829 -0.040853 -0.109232 -0.984092 0.14011 0.08276 0.99656 -0.004441 -0.944231 -0.324516 0.055827 -0.522509 -0.852519 0.014003 0.124779 0.992124 -0.010972 -0.235658 -0.897906 -0.371792 0.210349 0.975884 0.058344 -0.810726 0.20825 0.547134 0.308835 0.320042 -0.895653 0.120908 0.970348 -0.209297 -0.061055 0.994297 0.087438 0.122147 0.991571 0.043208 -0.845623 0.512808 -0.148155 0.027196 -0.99133 -0.128551 -0.387753 0.898458 0.205964 -0.861555 0.486049 -0.14656 -0.008842 -0.994885 -0.100626 -0.210823 0.966166 0.148583 0.004144 0.999685 0.024755 -0.206977 0.978302 -0.00922 -0.477707 0.87834 -0.017732 0.659013 0.752097 -0.007141 -0.840467 0.54162 0.016225 -0.243545 0.223592 0.943765 -0.612954 0.789388 -0.033967 0.293957 0.224028 0.929194 0.117693 0.274714 0.954296 0.999947 -0.009607 -0.003827 0.004626 0.111885 0.99371 -0.007612 0.081119 0.996675 -0.047384 0.170511 0.984216 -0.102377 0.994585 0.017897 0.119308 0.992845 0.004937 -0.841407 0.520918 0.143802 -0.169555 -0.107981 0.979587 -0.00206 0.999998 -0.000795 -0.101306 0.325026 0.940263 -0.49728 0.114277 0.860031 -0.326856 -0.198083 -0.924082 0.001484 0.999986 0.005039 -0.152009 0.45249 0.878718 0.64166 0.567237 0.51625 -0.326691 0.141516 0.934476 -0.210864 0.167878 -0.962992 0.49392 0.166698 0.853379 0.887093 0.461128 0.02065 -0.00508 0.085346 -0.996338 0.04209 0.997261 -0.060813 0.556832 0.25701 -0.789863 0.017177 0.997973 0.06127 -0.42284 0.798272 0.428915 0.113408 -0.97753 -0.177691 -0.572737 0.681092 0.456165 -0.003044 0.969278 -0.245949 0.616685 -0.518247 -0.592554 0.023355 0.985147 -0.170116 -0.035372 0.98744 0.153983 0.457375 0.224619 -0.860439 0.124838 0.992017 -0.017814 0.291139 0.649757 -0.702178 -0.17566 0.034214 -0.983856 -0.009573 -0.003981 -0.999946 0.547884 -0.041282 -0.835535 0.475751 0.369033 -0.798421 0.179458 0.981106 -0.072292 0.456413 -0.887665 -0.06114 -0.041691 0.779478 0.625041 0.001344 0.901372 0.433043 0.000118 0.886692 0.462361 0.003301 0.895494 0.445062 0.000211 0.886203 0.463298 -0.020379 0.930813 0.364926 -0.001093 0.915458 0.402411 -0.087508 0.974129 -0.208364 0.220249 0.460457 -0.859924 0.094352 0.995467 -0.011964 0.146058 0.987389 0.061074 0.731494 -0.645884 -0.218518 0.001201 0.993785 0.11131 0.012673 0.981448 0.19131 0.010653 0.921939 -0.387189 -0.647318 0.227884 -0.727357 -0.017045 0.163402 0.986412 0.951779 0.170557 0.255004 -0.132744 0.99037 -0.039328 0.059893 0.995398 -0.07481 0.747862 0.274808 -0.604304 0.032155 0.166465 0.985523 -0.114329 0.259966 0.958826 0.093919 0.995576 -0.00273 -0.672648 0.131709 -0.728146 0.841019 0.47838 -0.252666 0.697648 0.162586 0.697749 0.015348 0.999844 -0.008762 -0.387175 -0.079015 0.918614 -0.139779 0.356224 -0.923887 0.175812 -0.145827 -0.973563 0.311569 -0.94995 -0.022778 0.999486 -0.006329 0.03144 -0.071297 -0.5174 -0.852769 0.079716 -0.996808 0.004322 0.992143 -0.077217 -0.098437 0.953573 0.301098 -0.006152 -0.182308 0.982482 0.038631 0.44354 -0.89623 0.006677 -0.706815 -0.704651 -0.062287 0.000345 -0.811442 0.584433 -0.010194 -0.786615 0.61736 0.019045 -0.691071 0.722536 0.004815 -0.884944 0.465672 0.080998 -0.586178 -0.806123 0.670781 -0.416854 -0.613421 0.993724 0.048039 0.101017 -0.13659 -0.572267 -0.808612 0.966019 -0.255682 -0.037858 -0.085562 0.458805 0.884408 0.850674 0.232397 0.471535 0.845474 0.275656 0.45737 0.88851 0.436979 0.139994 0.994024 0.000353 -0.109157 -0.014331 -0.04488 -0.99889 -0.999342 -0.00751 -0.035481 0.007736 -0.021215 -0.999745 -0.999908 -0.013347 -0.002449 0.12289 0.992406 -0.005357 -0.00608 -0.724268 -0.689492 -0.002482 -0.999752 0.022112 -0.797371 -0.602415 -0.035991 -0.995367 -0.007334 -0.095868 -0.999972 0.000214 0.007431 0.928687 0.370709 -0.010755 -0.006189 0.603819 0.797097 -0.013365 0.868808 0.494969 0.023928 0.446647 -0.89439 -0.057095 0.996162 0.066336 0.291261 0.956642 0.001386 0.029847 0.982106 -0.185948 0.105203 0.99423 0.020932 -0.492686 0.870039 -0.017131 0.004091 0.941603 -0.336699 -0.037633 0.165004 -0.985575 0.147986 0.988954 -0.00842 0.001593 0.947994 -0.318284 -0.265134 0.963238 -0.043318 -0.293801 0.388356 0.873419 0.064063 0.997635 0.024921 -0.795074 0.187475 0.57681 -0.016223 0.992162 0.123901 0.899427 -0.436919 -0.011546 0.290048 0.211536 0.933341 -0.807967 0.206127 0.551997 0.005414 0.4266 0.904424 -0.70611 -0.66382 0.246478 -0.902035 0.430473 0.032028 -0.997684 -0.012409 0.066885 -0.009205 0.294389 0.955641 -0.641328 -0.674453 0.365803 0.581069 -0.087189 0.809171 -0.136211 0.990678 -0.001817 -0.888243 0.456127 0.054524 -0.449078 0.271378 0.851283 0.85939 0.111374 -0.499044 -0.711676 0.210986 -0.670076 -0.251955 0.294395 0.921873 0.67424 0.174661 -0.717561 -0.537096 -0.001501 0.84352 -0.999354 -0.029121 0.021044 0.000596 0.96653 0.256554 0.900704 -0.434431 0.001659 0.131474 0.983731 0.122422 0.855995 0.087352 0.509551 -0.30761 0.894835 -0.323491 0.159773 0.958618 -0.235636 0.636042 0.021986 0.771341 -0.498252 0.48354 -0.719676 0.482453 0.58739 0.649778 0.091903 0.925688 0.366954 0.815653 -0.144548 0.560193 -0.429938 0.679491 -0.594512 -0.016735 0.997467 -0.069138 0.07252 0.990677 -0.115325 0.447057 0.842431 -0.300748 0.012358 0.999767 -0.017686 0.831304 0.112544 0.544304 0.42078 0.865835 -0.270692 0.632609 0.690894 -0.349959 -0.00007 0.970397 0.241517 0.116006 0.989731 0.083516 0.588239 -0.541188 0.600908 0.125034 0.992085 0.011558 -0.218149 0.952184 0.213907 0.216462 0.779901 -0.587281 -0.007575 0.999382 -0.034332 -0.00011 1 -0.000651 -0.037768 0.999253 0.008133 -0.095822 -0.000583 0.995398 -0.171209 0.060502 0.983375 -0.035172 -0.311256 0.949675 0.007909 0.999534 -0.029479 0.068792 -0.992952 0.096512 -0.021349 -0.96035 0.277978 -0.028521 -0.95056 0.309228 -0.069 0.965262 -0.252008 -0.039213 -0.921184 0.387146 0.086432 0.939648 -0.331045 -0.484372 0.87482 0.008531 -0.664036 0.719944 0.201832 -0.126363 -0.257864 0.957882 -0.207386 0.922546 0.325423 0.134522 0.482267 -0.865634 -0.000289 0.990796 -0.135362 -0.019257 -0.93667 0.349684 0.087362 0.956449 -0.278521 -0.133443 -0.402059 0.905837 0.021337 0.957594 -0.287328 0.117943 -0.28792 -0.950364 -0.088339 0.472205 0.877051 0.041544 0.954953 -0.293836 0.022172 0.99509 -0.096455 0.019706 0.932103 -0.361657 -0.114776 -0.879298 -0.462235 0.148365 0.914021 0.377563 0.147748 0.856306 0.494885 0.05217 0.824225 0.563855 0.056343 0.998391 -0.006448 0.052028 -0.725212 0.686557 0.129376 0.971571 0.198274 0.042529 -0.857301 0.513055 0.206585 0.749915 0.62845 0.167957 0.847933 0.502792 -0.010303 0.963597 0.267159 -0.092535 0.985286 -0.143695 0.021002 0.99304 0.115891 0.017646 0.994762 0.100684 -0.137472 0.962175 -0.235203 -0.002366 0.98784 0.155454 -0.086375 -0.742201 0.664587 -0.085101 0.996228 0.016941 -0.030726 0.945583 -0.323927 -0.00966 -0.838421 -0.544938 -0.009931 0.477535 0.878557 -0.079044 0.95515 -0.285379 -0.049352 -0.832087 -0.552445 -0.559796 -0.739274 0.374303 0.010002 0.998066 0.061353 0.048504 -0.704021 0.708521 0.182279 -0.580402 0.793667 -0.052774 0.998578 0.007512 -0.147539 -0.741524 -0.654503 0.077511 0.908411 -0.410831 -0.441145 0.880185 0.175115 0.094607 0.81394 0.573194 -0.23231 0.926365 -0.296444 0.090651 0.811972 0.576614 -0.008324 0.99916 -0.040137 -0.560191 0.655079 -0.507009 0.046059 0.998703 0.021696 -0.109268 0.963363 0.244934 0.0515 0.985167 0.163685 0.143533 -0.802102 0.579682 0.116076 0.964214 0.238364 -0.093957 0.855181 -0.509743 -0.094578 0.915823 -0.390286 -0.257467 0.822809 -0.506652 0.061491 0.042616 0.997197 0.089662 0.988134 0.124708 -0.121482 -0.404232 0.906553 -0.869468 -0.481645 -0.109745 0.131048 0.97626 0.172461 0.05146 0.150184 0.987318 0.18223 -0.954122 -0.237579 0.019042 -0.99511 0.096918 -0.049151 0.991332 -0.121836 0.097514 -0.106879 0.989479 -0.169715 -0.968113 -0.184268 0.324744 0.692615 0.64407 -0.104976 -0.989228 -0.102021 -0.016412 -0.883861 0.467461 0.626281 -0.382731 0.679183 -0.344239 0.248329 0.905446 0.1032 0.64382 0.758186 0.542163 -0.691028 0.478058 0.156506 -0.868678 0.470005 0.093682 0.948491 0.302637 -0.039997 0.996233 -0.076939 0.117041 -0.949808 0.290115 0.167672 0.981673 -0.09058 -0.110327 -0.896974 -0.428095 0.090455 0.963069 0.253606 0.008264 0.994496 -0.104451 -0.069262 0.956456 -0.283541 0.070672 0.997206 0.024219 -0.114818 0.991214 0.065661 0.066057 0.987816 -0.140912 -0.002701 -0.982317 -0.187207 0.038875 -0.998706 -0.0328 -0.054732 0.994819 -0.085676 -0.045741 0.955292 -0.292103 0.033909 0.998228 0.0489 -0.095833 0.99276 -0.072416 -0.074081 0.994507 -0.073945 -0.22757 0.964609 -0.133195 0.261974 0.964945 -0.015812 0.213257 0.942226 0.258325 0.096091 0.995368 -0.003144 0.447916 0.604255 0.658974 0.363366 0.682012 -0.634685 0.1142 0.99345 0.003894 0.022455 0.949741 0.312231 0.642179 0.007432 0.766519 0.811332 -0.105797 0.574933 0.517754 0.764979 0.383064 0.405583 0.718842 0.564596 0.179454 0.980398 -0.081339 -0.103669 -0.992423 -0.065954 -0.500459 -0.522985 -0.689948 -0.556586 -0.084933 -0.826437 0.84862 -0.513467 0.127261 0.419026 0.747704 0.515127 0.57293 0.25423 0.779178 -0.808671 0.423881 -0.407892 0.588494 0.71072 0.385424 -0.834949 0.533252 -0.136022 0.859231 -0.4647 0.213954 -0.571518 0.309943 -0.759804 0.596362 -0.801443 -0.045176 -0.55671 0.804161 0.208322 -0.325117 -0.940852 -0.095376 0.376347 0.923928 0.068697 0.886829 -0.276063 0.370573 -0.073869 0.996395 -0.041711 0.784428 -0.57972 0.220448 -0.014355 0.999891 -0.003437 0.489779 -0.180121 -0.853037 0.083691 -0.884794 0.458406 0.097835 0.774253 0.625268 0.059252 0.994597 0.085244 0.023207 -0.99058 0.134955 -0.030804 0.518031 -0.854807 0.019665 0.965367 0.260154 -0.165994 0.096744 0.98137 0.027638 0.997401 0.066542 0.010917 0.926724 -0.375584 -0.079029 0.717569 0.691989 0.009923 0.905612 0.423992 -0.195658 0.852834 -0.48414 0.014169 0.907661 -0.419464 0.025186 0.988053 0.152043 0.027398 0.943675 -0.329736 0.277081 0.960765 0.012536 -0.213287 0.976948 0.009044 0.258929 0.96552 -0.026944 -0.587783 0.008872 0.80897 -0.600723 -0.060603 0.797157 -0.718406 0.044991 0.694168 -0.106362 -0.00238 0.994325 -0.000625 -0.020527 0.999789 -0.062659 -0.000048 0.998035 -0.005134 -0.006716 0.999964 -0.015165 0.021563 0.999652 -0.000637 -0.031037 0.999518 -0.118643 -0.329349 0.936725 -0.893268 0.434173 0.116475 0.416066 0.880485 -0.227235 0.824324 0.565918 -0.015048 0.2912 -0.941829 0.16781 0.521772 -0.78678 0.329744 -0.088178 0.701056 0.707634 -0.030892 -0.994245 0.102582 0.528604 0.722466 0.445669 -0.052897 0.115446 0.991904 0.931701 0.00212 0.363221 0.219834 -0.36382 0.905157 0.004845 -0.023456 0.999713 -0.145795 -0.021487 0.989081 0.524857 0.642895 0.557863 0.00042 -0.017132 0.999853 -0.203725 -0.025255 0.978702 -0.427576 -0.015692 -0.903843 -0.005067 -0.999813 0.018677 -0.941875 -0.331384 0.055273 -0.99998 -0.005576 0.002877 -0.019695 -0.999805 0.001208 -0.955768 -0.294121 -0.000741 -0.986927 -0.003448 -0.16113 -0.999641 0.013118 -0.023342 -0.981007 -0.190677 0.035596 -0.999951 -0.002309 -0.009657 -0.999091 0.028791 -0.031421 -0.989525 0.062424 -0.130167 -0.989504 -0.143761 -0.01462 -0.999967 -0.007704 0.00276 0.988355 -0.047416 0.144591 0.997902 -0.013259 -0.063371 0.991937 0.007483 -0.126512 0.038345 -0.999229 0.008411 -0.148677 -0.988882 -0.002745 -0.650491 0.224223 -0.725662 0.834937 -0.373237 0.404443 -0.388433 -0.662455 0.640525 0.77806 -0.348176 -0.522873 -0.347634 0.193467 0.917454 -0.168429 -0.617412 0.768397 -0.587654 0.294976 -0.753427 -0.930278 0.126041 0.344525 0.967407 0.170873 0.186887 0.366516 -0.327438 -0.87089 0.929938 0.223115 0.292292 0.394537 0.586232 0.707582 0.234948 -0.172657 -0.956551 -0.122246 0.114439 0.98588 -0.488255 0.254108 -0.834887 0.010093 0.352714 0.935677 -0.117436 -0.387933 -0.914176 0.43574 0.371641 0.819765 -0.000173 -0.97544 0.220266 -0.008577 0.021434 0.999733 -0.017075 0.002537 -0.999851 -0.99902 -0.000831 0.044244 -0.809666 0.001681 0.586889 0.012326 -0.9501 -0.311703 0.021627 -0.999659 -0.01462 -0.000356 -0.139624 -0.990205 -0.29573 -0.023513 -0.954982 0.000229 -0.999998 -0.001798 0.604276 0.795769 0.040031 -0.932212 0.34736 0.1016 -0.020029 0.029036 0.999378 0.045555 0.006154 0.998943 -0.931222 0.357042 -0.073122 -0.946504 -0.309322 0.091921 0.998378 0.056858 0.002804 0.999158 0.040998 0.001468 -0.118587 0.022154 0.992697 0.000622 0.001355 0.999999 0.988853 -0.148861 0.0031 0.013494 0.999897 -0.004908 -0.086858 0.000869 -0.99622 0.179609 -0.002813 0.983734 -0.00006 -0.999434 0.033632 -0.000096 -0.999437 0.033553 -0.203095 0.182688 0.961965 0.982389 -0.075903 0.170736 0.822378 0.334926 0.459911 0.999187 0.003011 0.04021 0.716541 0.105785 0.689477 -0.842615 0.00345 0.538505 -0.999349 0.01362 0.033418 -0.999488 0.02959 -0.012158 0.032855 -0.998832 -0.035421 -0.106525 -0.990484 0.087143 -0.990641 0.076885 -0.112782 -0.994457 0.003466 0.105089 -0.995141 0.094097 0.028988 -0.005854 0.906055 0.423119 0.033829 0.765846 0.642134 0.982367 0.022069 0.185656 0.999992 -0.004034 -0.000559 0.012263 0.896391 0.443094 -0.015458 0.881765 0.471435 0.001208 0.90113 0.433546 0.004158 0.897391 0.441218 -0.018195 0.941551 0.336379 0.009664 0.891076 0.45375 -0.380895 0.908031 -0.17435 -0.47124 0.877281 -0.09116 0.002502 0.998315 -0.057967 -0.011993 0.994787 -0.101265 -0.990117 0.14015 0.005092 -0.454273 0.885737 -0.095423 -0.19894 -0.980011 -0.000863 0.021718 0.74987 0.661229 0.275131 0.815263 0.509557 -0.272109 -0.388141 0.880513 0.641452 0.21311 -0.736969 -0.093068 0.424734 -0.900522 0.000529 0.999997 0.002218 -0.896553 0.442657 -0.015758 0.903104 0.426005 -0.054057 -0.879284 0.451777 -0.150855 0.369384 0.218886 -0.90313 0.886799 0.437428 0.149141 -0.058691 0.996943 0.051585 -0.905536 0.421605 0.047478 0.578068 0.226949 0.783793 0.951506 -0.063837 0.300935 0.353472 -0.5619 0.747881 0.402031 -0.845461 0.351522 0.075255 0.099808 -0.992157 -0.874555 -0.399633 -0.274677 -0.541189 -0.13177 -0.830513 -0.101019 0.052765 -0.993484 0.915978 0.36509 -0.166416 0.50581 0.17111 0.845504 0.37449 -0.137996 0.916905 0.877579 -0.476276 -0.054923 0.87193 -0.470369 0.135986 0.447437 -0.300478 0.842326 0.273459 0.482681 0.832009 -0.111662 -0.004168 -0.993737 0.662592 -0.365777 0.653589 0.870122 0.46619 -0.159854 -0.519367 0.258077 0.81465 -0.579355 0.038929 0.814145 0.173822 0.241616 0.954677 0.25276 0.272653 0.928317 0.47178 0.306011 0.82691 -0.094229 0.19824 0.975614 0.757906 0.335872 -0.559258 0.706825 0.172175 -0.686116 -0.914519 -0.267924 0.303103 -0.868067 -0.372182 -0.328543 0.20684 0.338952 -0.917785 0.994335 0.105143 0.015576 0.161331 0.986899 0.001772 0.079756 0.996748 -0.011515 0.012618 0.99988 0.008963 -0.011403 0.970702 0.240017 0.037255 0.991334 -0.125974 -0.000431 1 0.000225 0.002248 0.974308 0.225208 -0.999923 -0.011226 0.005346 -0.000195 0.186798 0.982398 -0.000278 0.999891 -0.014792 0.077021 0.844836 0.529453 0.112989 -0.055969 -0.992019 -0.864829 -0.38096 0.327018 0.082517 -0.280197 0.956389 0.343755 0.271279 0.899022 -0.249314 0.531372 0.809621 0.067862 0.239935 0.968414 -0.903753 -0.056569 0.424301 -0.262639 -0.417455 -0.869915 0.496724 -0.240804 0.833834 -0.425412 0.100238 -0.899432 0.919637 -0.192344 -0.342449 0.950665 0.309754 -0.016993 -0.068799 -0.011443 -0.997565 -0.029524 0.222689 -0.974442 -0.000595 0.648298 -0.761386 0.07523 -0.984813 0.156473 -0.782775 -0.62197 0.020423 -0.999982 0.005407 0.002703 -0.999887 -0.012762 -0.007954 -0.94205 -0.259715 0.212346 0.000548 -0.643206 0.765693 -0.024996 -0.538487 0.842263 0.999893 0.01173 0.008744 0.206713 0.89307 -0.399619 -0.270557 -0.879533 0.391434 0.016059 0.999558 0.025025 -0.005342 0.999985 0.001241 0.491738 -0.128882 -0.861152 0.337053 -0.195151 -0.921038 -0.728408 0.395357 0.559566 -0.824802 0.562506 0.057342 0.854546 -0.14509 -0.498698 0.898415 0.134991 -0.417886 -0.058131 0.904498 0.422498 0.411913 0.512437 0.753482 0.418327 -0.434562 -0.797596 0.684188 0.153463 -0.712977 -0.150002 0.010817 -0.988627 0.52247 0.179828 -0.833479 -0.036678 0.291305 0.955927 0.20891 -0.055378 0.976366 0.611841 -0.620627 -0.49038 0.559657 0.419492 0.71471 0.947192 0.316365 -0.052347 0.696913 -0.372829 -0.612627 -0.219042 -0.376398 -0.900192 -0.695184 0.483445 -0.531978 -0.206117 -0.326044 -0.922611 0.4937 0.049884 -0.8682 -0.116939 -0.407373 -0.905744 -0.576588 -0.521544 -0.628918 0.065881 -0.552533 -0.830883 0.325827 -0.188576 -0.926432 0.501456 -0.719807 -0.480021 -0.972703 -0.023935 -0.230814 -0.813906 0.167012 -0.556474 -0.597496 0.801426 -0.026728 0.87639 0.437108 -0.202183 0.764618 -0.644329 0.014139 -0.889534 -0.43045 0.153109 0.000892 0.001197 0.999999 0.001258 -0.010317 0.999946 -0.023563 -0.003787 -0.999715 0.007895 0.008099 0.999936 -0.000002 0.999988 -0.004982 -0.000173 -0.180057 -0.983656 -0.596556 0.470425 0.650247 -0.625124 0.469478 0.623546 -0.001732 0.176938 0.98422 -0.00069 -0.171674 0.985154 -0.929266 -0.022679 -0.368714 0.775083 0.234855 0.586592 0.637863 0.29368 -0.711957 -0.769098 -0.338848 0.541914 -0.659852 -0.347146 0.666397 -0.623645 -0.307993 0.718476 0.160018 -0.107308 -0.981264 0.485776 -0.509578 0.710177 0.059041 0.934559 0.350877 -0.040094 0.987138 0.154761 -0.094343 -0.845527 -0.525531 0.004062 0.980356 0.197196 0.075157 0.499065 -0.863299 -0.135961 0.813844 -0.564954 -0.378324 0.800869 -0.464199 -0.058518 0.95891 -0.277611 0.016512 0.999545 0.025253 0.004196 -0.999146 -0.041099 -0.068826 -0.997343 0.023857 -0.075693 0.997128 0.002339 0.164775 0.986273 0.010741 0.064985 0.997798 0.013252 -0.013917 0.539741 0.841716 -0.007494 -0.535416 0.844555 -0.018329 -0.968041 0.250122 -0.013437 0.985953 -0.166483 -0.018715 -0.788179 -0.615162 0.014274 0.898872 0.437978 0.11079 -0.009173 -0.993801 0.100617 0.157105 -0.982443 0.090979 0.356065 -0.930022 0.283181 0.070416 -0.956478 -0.307798 -0.046246 -0.950327 -0.062193 0.436758 -0.897427 -0.099096 -0.912542 -0.396796 0.05915 0.846569 -0.528982 0.022098 0.231534 -0.972576 -0.023166 -0.040217 -0.998922 0.110919 0.986826 -0.11778 0.136812 0.698106 -0.702802 -0.11713 -0.693341 0.711027 0.032313 -0.805054 0.592321 0.006598 -0.179499 0.983736 0.004603 -0.223452 -0.974704 -0.96134 -0.011846 -0.275108 0.964924 0.144559 0.219144 0.111459 0.244523 -0.963216 -0.660341 -0.697861 -0.277379 -0.342159 0.685625 -0.64253 -0.377278 -0.85353 0.359372 -0.916925 -0.399049 0.002855 0.843517 -0.28531 -0.455058 -0.243779 0.884197 0.398457 -0.362115 0.66586 0.652306 0.74755 -0.66054 0.069683 -0.568336 -0.725709 0.387738 -0.042686 0.045151 -0.998068 -0.166546 -0.397676 -0.902284 0.364436 -0.826281 -0.429473 -0.017301 -0.106233 -0.994191 -0.018801 0.733416 0.67952 0.011928 -0.122235 0.99243 0.402394 -0.91507 -0.026931 -0.164373 -0.972043 -0.167671 0.416789 0.547056 0.725959 -0.239418 0.966228 -0.095308 -0.530915 0.847354 0.010956 0.071118 -0.969493 -0.234575 0.682782 -0.451403 -0.574494 0.334799 0.829218 0.447557 -0.328793 0.932546 -0.149177 0.384814 -0.915257 0.119258 -0.359491 -0.427695 0.829363 -0.4519 0.489108 0.74603 0.166869 -0.150501 -0.974425 -0.077596 -0.356958 -0.930892 0.004802 0.267834 0.963453 -0.717106 -0.253381 -0.649274 -0.943498 -0.331086 0.013926 -0.006453 0.100827 -0.994883 -0.407302 -0.907702 -0.100905 -0.84596 0.016711 -0.532985 -0.143871 0.002276 -0.989594 -0.114007 -0.000878 -0.99348 -0.513673 -0.000547 0.857986 -0.053154 0.005549 0.998571 0.021493 0.007436 0.999741 -0.008552 0.00454 0.999953 -0.001564 0.029939 0.999551 0.008889 0.119819 0.992756 0.006316 -0.082706 0.996554 -0.002004 -0.999997 -0.001342 -0.030096 0.00227 0.999544 0.991596 0.112507 0.063867 -0.760644 0.081606 -0.64402 0.979475 0.200214 -0.023318 0.654812 -0.288169 0.698698 -0.896697 0.179362 -0.404678 0.971207 0.231703 -0.055419 0.982421 -0.138685 0.124959 0.998012 0.028674 -0.056127 0.180743 -0.68475 0.706009 -0.894857 -0.133718 -0.425854 -0.993476 0.038365 -0.107392 0.002981 0.036808 0.999318 0.001708 0.224297 -0.974519 -0.999644 0.01274 -0.023425 -0.297505 -0.954715 0.003103 -0.998348 0.057431 0.001721 -0.999318 -0.007357 -0.036174 -0.999987 -0.005159 0.000166 0.008721 -0.923656 0.383124 0.085215 0.016874 0.99622 -0.999792 0.000107 0.020396 0.485215 0.005862 0.874375 0.048988 -0.133601 0.989824 -0.114112 0.755376 -0.64528 -0.067777 -0.593551 -0.801937 0.051981 0.966591 0.250998 0.001328 0.122917 0.992416 -0.002157 0.999653 0.026237 -0.99945 -0.011593 -0.031055 0.003446 -0.999993 0.001219 -0.016298 -0.999361 -0.031802 0.010987 -0.999905 -0.00829 -0.126498 0.001956 0.991965 0.008881 -0.994614 0.103268 0.345299 -0.662534 -0.664693 -0.974801 -0.133783 0.178508 0.351608 -0.637598 -0.68545 -0.793863 0.308665 -0.523934 -0.76073 0.314119 -0.567996 -0.725886 0.148541 -0.671584 0.140172 -0.271077 0.952297 -0.772196 -0.62646 -0.106121 0.654 -0.720595 -0.230276 -0.678324 0.4911 0.546532 0.912491 0.286501 0.292024 0.972599 0.203461 0.112496 0.078823 -0.429782 -0.899485 -0.66765 -0.524892 0.52795 0.999983 -0.005744 0.000938 -0.003464 0.119859 0.992785 -0.987609 0.097451 0.123008 -0.999746 -0.012901 -0.018459 -0.987549 0.097852 0.123171 0.996781 0.038834 -0.070139 0.982206 -0.021272 -0.186599 -0.390418 -0.799525 -0.456436 0.017401 -0.866999 0.498006 0.024464 0.846314 0.532122 -0.341184 -0.939978 -0.005923 0.147134 0.989109 -0.003833 0.999997 0.001749 0.00179 0.999995 -0.001697 0.002832 0.999774 -0.00416 0.020852 0.999927 -0.003425 0.011605 -0.134949 0.229535 0.9639 0.381315 -0.624022 0.682052 -0.604549 0.796468 0.012629 -0.13622 -0.929436 0.342919 -0.009197 -0.745734 0.666181 -0.007477 -0.021252 0.999746 0.007953 0.003894 0.999961 -0.045753 0.036557 0.998284 -0.010535 -0.00952 0.999899 -0.442954 -0.479067 0.757817 -0.232499 -0.827183 0.511579 -0.34506 -0.674725 0.652442 -0.124337 -0.990453 0.059518 -0.021651 -0.75211 0.658682 0.016502 0.23762 0.971218 -0.003446 -0.045409 0.998963 0.062303 -0.008638 0.99802 -0.94669 -0.009074 0.322018 -0.033726 -0.006984 0.999407 0.794878 -0.251431 -0.552224 -0.023696 0.508096 -0.860974 0.147789 0.03888 -0.988254 -0.046127 -0.303466 -0.951725 0.095227 0.910188 -0.4031 0.08623 0.990491 0.107201 0.001127 0.666222 -0.745752 -0.090456 0.91223 0.399568 0.024032 -0.937057 0.348348 -0.6259 0.617279 0.476672 0.888923 0.241705 -0.389095 0.878032 -0.432239 0.205499 0.001353 0.963009 -0.269466 0.001863 0.963466 -0.267823 -0.97515 -0.140967 -0.170913 -0.945974 -0.171524 -0.275158 -0.995569 0.012532 -0.09319 -0.999985 -0.005482 -0.000355 -0.003718 -0.920573 -0.390553 -0.004557 -0.921814 -0.387605 -0.999851 -0.006704 0.01593 0.001606 -0.000782 0.999998 0.593964 -0.508512 0.623395 0.553346 -0.049246 0.831494 0.013034 -0.009721 0.999868 -0.008036 -0.999414 -0.03326 0.058729 -0.997911 0.026918 0.999988 -0.004819 0.000008 -0.078272 -0.974576 -0.20994 -0.938508 0.132388 0.318866 0.979386 -0.01006 -0.201748 0.262765 -0.784901 -0.561146 0.488164 -0.816642 -0.307884 -0.003058 0.113987 0.993478 0.294499 -0.955652 0.000114 0.392736 -0.919636 0.005268 0.018872 -0.863536 0.503934 -0.325942 -0.840606 -0.4326 0.00659 -0.036642 0.999307 -0.064203 -0.980319 -0.186689 0.159753 -0.976405 0.145301 0.220795 -0.957428 -0.185963 0.100494 0.945002 -0.311244 -0.137464 0.979113 -0.149806 -0.227992 -0.973662 -0.001041 0.849592 0.135619 0.509707 -0.845287 -0.104827 -0.523929 0.933204 0.086029 0.348898 -0.861382 0.391388 0.323784 -0.018677 -0.137363 0.990345 -0.971204 0.238001 0.010882 -0.122144 0.991739 -0.039172 0.066809 -0.992686 0.100553 0.365446 0.857868 -0.361264 -0.241228 -0.653607 0.717362 0.48996 -0.775192 0.398768 0.100343 -0.645147 -0.757441 0.86554 0.00575 -0.500806 0.141372 -0.848129 0.510579 0.79343 -0.569325 0.215261 0.858088 0.028996 0.512684 -0.55144 0.598122 0.581519 -0.034954 -0.051178 0.998078 -0.434612 0.893215 -0.115238 -0.850036 0.511199 0.126945 0.175165 0.983287 -0.049641 -0.755131 -0.632279 0.173206 -0.05131 -0.930785 0.361947 -0.655188 0.642861 0.39681 -0.543 0.643809 0.539129 -0.813418 0.484521 -0.321856 -0.156231 0.98491 0.074456 -0.563281 -0.817813 0.117883 -0.916145 0.400522 -0.016144 0.521432 -0.847736 -0.097223 0.861749 0.363854 -0.353551 0.032329 -0.202404 0.978768 0.555838 -0.8176 -0.150247 -0.070988 -0.934058 -0.349996 -0.085175 -0.927466 -0.364078 -0.240699 0.176861 -0.95435 0.985137 0.144101 0.093488 0.189428 -0.97336 -0.129178 0.215448 -0.975705 0.039764 -0.153497 -0.967751 0.199741 0.033015 -0.13168 0.990742 0.628726 -0.77318 -0.083048 -0.125979 0.991996 -0.008549 0.169397 0.982511 0.077305 0.585971 -0.809418 0.038473 -0.845626 0.51477 0.141167 -0.569409 -0.678189 -0.464578 -0.632386 0.354425 -0.688818 -0.58381 0.810749 0.043025 -0.45484 0.859503 0.233184 -0.441457 0.87361 -0.204747 -0.946945 0.03525 0.319456 0.250232 -0.962414 -0.105564 -0.63364 0.729991 -0.256152 -0.111072 0.176981 0.977927 0.136129 -0.950443 -0.279511 0.259927 0.907467 0.330064 0.006929 0.999933 0.009285 -0.981939 0.036666 -0.185609 -0.083682 -0.991488 -0.099741 0.12141 -0.99032 -0.06728 0.084353 0.99396 -0.070204 -0.547908 0.789359 0.276963</float_array>
          <technique_common>
            <accessor source="#InstrumentTable26d-mesh-normals-array" count="2234" stride="3">
              <param name="X" type="float"/>
              <param name="Y" type="float"/>
              <param name="Z" type="float"/>
            </accessor>
          </technique_common>
        </source>
        <source id="InstrumentTable26d-mesh-map-0">
          <float_array id="InstrumentTable26d-mesh-map-0-array" count="13404">0.952738 0.985526 0.952927 0.983872 0.959346 0.985399 0.449264 0.305126 0.454869 0.302855 0.454614 0.304627 0.156473 0.143015 0.162633 0.146149 0.163473 0.14239 0.012938 0.37316 0.010068 0.371515 0.015439 0.369479 0.770567 0.081162 0.760844 0.081825 0.801343 0.084558 0.760844 0.081825 0.801343 0.084558 0.733237 0.083457 0.788155 0.08 0.770567 0.081162 0.779017 0.079426 0.801343 0.084558 0.770567 0.081162 0.788155 0.08 0.517999 0.188907 0.517996 0.194149 0.531439 0.189751 0.781587 0.156593 0.781419 0.163577 0.790687 0.173892 0.781587 0.156593 0.790687 0.173892 0.792495 0.157368 0.995645 0.984621 0.995324 0.995619 0.985408 0.990853 0.865544 0.622001 0.869737 0.63389 0.855182 0.629408 0.865544 0.622001 0.870682 0.622168 0.869737 0.63389 0.492212 0.723898 0.492863 0.714384 0.485318 0.725158 0.498966 0.724572 0.492863 0.714384 0.492212 0.723898 0.50384 0.521051 0.498989 0.523674 0.503278 0.525348 0.94885 0.779753 0.950136 0.782437 0.948139 0.781806 0.952098 0.988098 0.952738 0.985526 0.956829 0.988565 0.952738 0.985526 0.959346 0.985399 0.956829 0.988565 0.783206 0.075137 0.803513 0.075402 0.788155 0.08 0.688289 0.025876 0.686816 0.03088 0.692327 0.028068 0.54397 0.644736 0.548669 0.647263 0.549202 0.64247 0.68035 0.715956 0.681841 0.721062 0.676603 0.716617 0.370727 0.087077 0.369442 0.090705 0.374109 0.091877 0.734573 0.759853 0.739106 0.761448 0.739103 0.755915 0.739103 0.755915 0.734363 0.755915 0.734573 0.759853 0.348047 0.576562 0.342466 0.58459 0.340897 0.574946 0.299683 0.87807 0.295465 0.87671 0.298404 0.873431 0.253056 0.179743 0.364397 0.179813 0.363358 0.149005 0.252908 0.153716 0.253056 0.179743 0.363358 0.149005 0.300493 0.970744 0.260243 0.970765 0.296551 0.971109 0.260243 0.970765 0.260403 0.984477 0.296551 0.971109 0.260403 0.984477 0.296551 0.971109 0.299462 0.983705 0.88559 0.024052 0.885729 0.038231 0.925116 0.037901 0.933166 0.007053 0.934822 0.010647 0.974068 0.008027 0.924809 0.024054 0.88559 0.024052 0.925116 0.037901 0.679731 0.309543 0.67447 0.321902 0.66931 0.310801 0.694078 0.153433 0.692558 0.155659 0.70433 0.188188 0.694078 0.153433 0.70433 0.188188 0.705773 0.187552 0.870508 0.252054 0.856161 0.252134 0.855661 0.290922 0.870508 0.252054 0.855661 0.290922 0.869773 0.29097 0.251219 0.002217 0.255706 0.003225 0.247632 0.005311 0.252776 0.008281 0.247632 0.005311 0.255706 0.003225 0.635695 0.232035 0.628434 0.229099 0.636773 0.227422 0.636773 0.227422 0.628434 0.229099 0.628093 0.225158 0.59053 0.680216 0.589573 0.682889 0.594048 0.682372 0.209846 0.634899 0.20819 0.632098 0.207047 0.636797 0.569133 0.022506 0.565948 0.026149 0.573017 0.024701 0.979965 0.872343 0.994636 0.834494 0.994747 0.872398 0.679731 0.309543 0.679245 0.389987 0.673743 0.365491 0.672403 0.376343 0.673743 0.365491 0.665697 0.389689 0.673743 0.365491 0.665697 0.389689 0.672672 0.347874 0.676603 0.716617 0.681841 0.721062 0.676626 0.722237 0.733544 0.073807 0.745598 0.079385 0.75888 0.0759 0.705773 0.187552 0.70433 0.188188 0.781419 0.163577 0.672672 0.347874 0.673743 0.365491 0.670705 0.329851 0.673743 0.365491 0.670705 0.329851 0.67447 0.321902 0.81125 0.983266 0.808025 0.977691 0.812984 0.977666 0.864514 0.594893 0.863265 0.541377 0.865544 0.622001 0.75888 0.0759 0.783206 0.075137 0.733544 0.073807 0.75888 0.0759 0.779017 0.079426 0.783206 0.075137 0.670705 0.329851 0.672672 0.347874 0.66931 0.310801 0.783206 0.075137 0.733544 0.073807 0.803513 0.075402 0.670705 0.329851 0.66931 0.310801 0.67447 0.321902 0.679731 0.309543 0.673743 0.365491 0.67447 0.321902 0.673743 0.365491 0.679245 0.389987 0.672403 0.376343 0.733237 0.083457 0.760844 0.081825 0.745598 0.079385 0.672403 0.376343 0.679245 0.389987 0.665697 0.389689 0.863265 0.541377 0.870682 0.622168 0.865544 0.622001 0.979965 0.872343 0.980026 0.835935 0.994636 0.834494 0.881066 0.830113 0.875685 0.833042 0.875409 0.827467 0.422754 0.519521 0.428741 0.516167 0.426746 0.521578 0.808025 0.977691 0.806413 0.983833 0.81125 0.983266 0.68286 0.031004 0.686816 0.03088 0.688289 0.025876 0.956666 0.347602 0.956981 0.357131 0.952503 0.348333 0.597387 0.728137 0.597137 0.730915 0.588027 0.732033 0.597387 0.728137 0.588949 0.728028 0.588027 0.732033 0.878585 0.163408 0.884322 0.275831 0.876233 0.275449 0.865559 0.684434 0.886954 0.677981 0.859066 0.677496 0.855216 0.764251 0.863991 0.764556 0.857738 0.876898 0.849069 0.205657 0.851093 0.191402 0.853234 0.216385 0.846392 0.221318 0.853234 0.216385 0.851407 0.231428 0.858015 0.140539 0.853234 0.216385 0.851093 0.191402 0.851407 0.231428 0.853234 0.216385 0.859866 0.24355 0.840674 0.207783 0.838899 0.243352 0.846392 0.221318 0.045776 0.059412 0.045873 0.053233 0.066714 0.057039 0.844229 0.165385 0.844216 0.190583 0.844299 0.177705 0.842253 0.149395 0.844229 0.165385 0.844216 0.190583 0.842253 0.149395 0.837856 0.140238 0.840674 0.207783 0.844216 0.190583 0.842253 0.149395 0.840674 0.207783 0.837856 0.140238 0.838899 0.243352 0.840674 0.207783 0.838899 0.243352 0.846392 0.221318 0.842345 0.228635 0.650739 0.638365 0.653804 0.618047 0.650385 0.618015 0.650739 0.638365 0.650385 0.618015 0.643936 0.618017 0.643079 0.638267 0.650739 0.638365 0.643936 0.618017 0.788556 0.24052 0.78864 0.234621 0.808637 0.241395 0.161982 0.043557 0.182302 0.041183 0.182502 0.045796 0.842345 0.228635 0.838899 0.243352 0.851407 0.231428 0.702585 0.372258 0.707443 0.372245 0.706866 0.352189 0.699701 0.352238 0.702585 0.372258 0.706866 0.352189 0.872096 0.512447 0.86828 0.512881 0.870589 0.533896 0.694774 0.372128 0.702585 0.372258 0.699701 0.352238 0.393741 0.751355 0.393147 0.771526 0.398281 0.771224 0.393741 0.751355 0.398281 0.771224 0.398629 0.751282 0.79766 0.445651 0.804462 0.466386 0.799547 0.466588 0.799547 0.466588 0.791228 0.46671 0.79766 0.445651 0.006054 0.504223 0.006844 0.483082 0.001078 0.483091 0.979727 0.423067 0.958619 0.426018 0.958542 0.422146 0.267469 0.126162 0.26728 0.120425 0.288476 0.122627 0.851904 0.160647 0.858015 0.140539 0.851093 0.191402 0.849789 0.17645 0.851904 0.160647 0.851093 0.191402 0.863628 0.512952 0.870589 0.533896 0.86828 0.512881 0.864657 0.534036 0.863628 0.512952 0.870589 0.533896 0.516412 0.408152 0.496038 0.403746 0.495923 0.410489 0.289335 0.129731 0.267469 0.126162 0.288476 0.122627 0.517734 0.31237 0.51673 0.291465 0.522403 0.311778 0.606045 0.095439 0.584719 0.087934 0.584792 0.093967 0.584792 0.093967 0.584838 0.098561 0.606045 0.095439 0.851904 0.160647 0.842253 0.149395 0.858015 0.140539 0.594048 0.682372 0.591725 0.688568 0.595201 0.685725 0.51673 0.291465 0.517734 0.31237 0.512188 0.311794 0.797704 0.36204 0.79868 0.286379 0.79854 0.389469 0.109342 0.103232 0.113978 0.124435 0.10891 0.123409 0.412318 0.216553 0.416679 0.216501 0.415038 0.236538 0.516831 0.404071 0.496038 0.403746 0.516412 0.408152 0.482463 0.586832 0.460691 0.592139 0.461304 0.58565 0.782924 0.596807 0.786844 0.616998 0.782187 0.617028 0.790621 0.596728 0.786844 0.616998 0.782924 0.596807 0.23856 0.230624 0.230628 0.23055 0.235022 0.210232 0.601641 0.65506 0.604151 0.675364 0.594892 0.675364 0.790621 0.596728 0.793745 0.617078 0.786844 0.616998 0.601641 0.65506 0.594065 0.655016 0.594892 0.675364 0.458077 0.134835 0.462762 0.131794 0.462711 0.134763 0.067612 0.63683 0.062945 0.63683 0.065128 0.639174 0.396563 0.592047 0.393976 0.588526 0.398602 0.589077 0.616323 0.035656 0.595991 0.036151 0.616105 0.040577 0.458061 0.131309 0.458077 0.134835 0.462762 0.131794 0.624428 0.671484 0.655937 0.671247 0.624432 0.660592 0.655937 0.671247 0.655941 0.660503 0.624432 0.660592 0.880839 0.587145 0.870552 0.588603 0.880839 0.617114 0.40578 0.492542 0.409866 0.492508 0.416556 0.493901 0.741168 0.034306 0.744656 0.03194 0.733571 0.03194 0.526373 0.035308 0.522974 0.028535 0.522056 0.029813 0.76016 0.834461 0.710714 0.827886 0.761752 0.837151 0.999316 0.94894 0.998782 0.979956 0.987272 0.98073 0.999316 0.94894 0.987272 0.98073 0.987192 0.948183 0.6687 0.744212 0.659056 0.745237 0.668416 0.771267 0.668416 0.771267 0.659056 0.745237 0.657953 0.77127 0.044265 0.539161 0.018715 0.535461 0.048096 0.536507 0.337416 0.110471 0.346657 0.107383 0.33692 0.103247 0.792466 0.370813 0.781481 0.402222 0.781621 0.36958 0.792466 0.370813 0.79332 0.402239 0.781481 0.402222 0.301526 0.931586 0.304273 0.933181 0.303519 0.902852 0.301301 0.905432 0.301526 0.931586 0.303519 0.902852 0.772467 0.430048 0.775297 0.438994 0.776217 0.431102 0.500882 0.555246 0.500051 0.52896 0.486857 0.555048 0.486857 0.555048 0.500051 0.52896 0.486605 0.529069 0.532384 0.035555 0.543235 0.040108 0.563104 0.035753 0.904138 0.540593 0.902454 0.513179 0.903782 0.554562 0.903406 0.523265 0.904138 0.540593 0.902454 0.513179 0.902454 0.513179 0.899842 0.535687 0.903782 0.554562 0.661133 0.249966 0.635578 0.242829 0.634706 0.249204 0.661482 0.243448 0.635578 0.242829 0.661133 0.249966 0.962391 0.749325 0.960655 0.75944 0.961683 0.777149 0.981573 0.040877 0.985352 0.040615 0.983185 0.05457 0.786684 0.108397 0.796502 0.113321 0.796043 0.102999 0.796043 0.102999 0.805609 0.104829 0.802351 0.099738 0.449565 0.011119 0.435273 0.008534 0.435189 0.012545 0.768356 0.74143 0.768358 0.736775 0.753771 0.736712 0.748729 0.577807 0.748872 0.573659 0.763127 0.577222 0.542081 0.415221 0.542028 0.419393 0.556166 0.418102 0.326603 0.834645 0.323998 0.834733 0.323379 0.820548 0.882328 0.767183 0.868182 0.769921 0.868248 0.76544 0.792037 0.069006 0.800125 0.065835 0.788994 0.063486 0.393112 0.451498 0.385713 0.452159 0.388935 0.455442 0.32956 0.193536 0.256917 0.231665 0.331457 0.234597 0.256917 0.231665 0.274442 0.203127 0.25432 0.220809 0.272946 0.191705 0.25432 0.220809 0.274442 0.203127 0.332445 0.18464 0.274712 0.188383 0.32956 0.193536 0.768301 0.733833 0.768358 0.736775 0.753771 0.736712 0.534146 0.969118 0.541716 0.978877 0.540193 0.967707 0.731904 0.450148 0.736454 0.448548 0.72918 0.443459 0.786759 0.349641 0.788203 0.363959 0.784797 0.363805 0.33508 0.969592 0.332298 0.969608 0.334383 0.955086 0.218839 0.404196 0.214592 0.404336 0.217472 0.418694 0.890802 0.836733 0.891107 0.840242 0.87827 0.84142 0.555081 0.980179 0.556002 0.970326 0.541716 0.978877 0.87827 0.84142 0.891107 0.840242 0.891132 0.843454 0.588678 0.048274 0.585656 0.047768 0.585684 0.061502 0.065517 0.261456 0.069259 0.24724 0.065353 0.247283 0.995589 0.307938 0.991774 0.307965 0.995794 0.293032 0.736454 0.448548 0.732709 0.438051 0.72918 0.443459 0.995589 0.307938 0.998812 0.307764 0.995794 0.293032 0.962333 0.442112 0.960055 0.442062 0.960135 0.455915 0.813337 0.316669 0.816706 0.316891 0.814751 0.33199 0.953203 0.313498 0.951336 0.326554 0.954473 0.326893 0.806284 0.957019 0.804038 0.953697 0.8083 0.952051 0.481078 0.918095 0.485748 0.9187 0.482898 0.933441 0.24848 0.100535 0.254526 0.097293 0.255137 0.103903 0.943356 0.981337 0.943323 0.984793 0.92997 0.982533 0.375053 0.343743 0.376485 0.329259 0.372716 0.329672 0.499134 0.687798 0.504647 0.687802 0.503463 0.691751 0.425387 0.027805 0.434032 0.026589 0.412633 0.019574 0.449488 0.029397 0.458171 0.026317 0.412633 0.019574 0.458171 0.026317 0.463579 0.019788 0.412633 0.019574 0.449488 0.029397 0.412633 0.019574 0.434032 0.026589 0.430254 0.033562 0.425387 0.027805 0.41196 0.037143 0.41196 0.037143 0.449488 0.029397 0.430254 0.033562 0.087351 0.00917 0.089781 0.003789 0.092065 0.010436 0.41196 0.037143 0.425387 0.027805 0.412633 0.019574 0.459075 0.036809 0.458058 0.03242 0.449488 0.029397 0.430254 0.033562 0.449488 0.029397 0.434032 0.026589 0.942732 0.611078 0.945067 0.60436 0.950052 0.610098 0.798803 0.470577 0.80249 0.474273 0.804932 0.470147 0.878777 0.9626 0.870772 0.953669 0.875206 0.947314 0.256928 0.183703 0.254778 0.183497 0.253437 0.198055 0.254778 0.183497 0.251518 0.18336 0.253437 0.198055 0.256593 0.860016 0.259057 0.863401 0.258078 0.87111 0.03502 0.024888 0.034644 0.038189 0.031794 0.038054 0.034644 0.038189 0.037609 0.03811 0.03502 0.024888 0.933481 0.451985 0.934081 0.438098 0.937028 0.438091 0.601771 0.792927 0.597387 0.792981 0.601358 0.779241 0.842552 0.43336 0.84598 0.433606 0.842958 0.447472 0.055802 0.134778 0.05571 0.131309 0.041458 0.133645 0.636162 0.701042 0.636184 0.698138 0.622222 0.700282 0.78248 0.015425 0.782571 0.010647 0.768999 0.012495 0.349922 0.737535 0.342835 0.737674 0.345767 0.727421 0.642695 0.812738 0.660508 0.810538 0.637518 0.810197 0.618909 0.02231 0.671914 0.021727 0.620505 0.021095 0.877147 0.090093 0.853798 0.088621 0.866203 0.091659 0.671914 0.021727 0.618909 0.02231 0.648958 0.03028 0.834125 0.009858 0.821914 0.01254 0.831233 0.011657 0.162373 0.03146 0.164256 0.030938 0.149634 0.032302 0.078491 0.267346 0.074394 0.283127 0.067509 0.313233 0.342779 0.68689 0.344422 0.704345 0.344944 0.692234 0.078554 0.291642 0.078491 0.267346 0.067509 0.313233 0.268227 0.912926 0.269422 0.905286 0.270388 0.916798 0.070085 0.630815 0.077968 0.638589 0.063036 0.62662 0.442631 0.946968 0.435202 0.910246 0.442993 0.906436 0.895727 0.205708 0.907229 0.206837 0.907196 0.241427 0.435202 0.910246 0.442631 0.946968 0.434847 0.940195 0.420883 0.906881 0.436411 0.899533 0.436665 0.905061 0.420883 0.906881 0.40859 0.899634 0.4281 0.898659 0.407481 0.937345 0.40859 0.899634 0.420883 0.906881 0.975105 0.367553 0.984726 0.367391 0.977771 0.416394 0.420925 0.94001 0.407481 0.937345 0.420883 0.906881 0.420925 0.94001 0.420883 0.906881 0.424486 0.936533 0.937065 0.548457 0.951801 0.548818 0.950581 0.541315 0.939028 0.540771 0.937065 0.548457 0.950581 0.541315 0.224712 0.607266 0.215756 0.605284 0.25695 0.625377 0.407481 0.937345 0.420925 0.94001 0.442631 0.946968 0.442631 0.946968 0.420925 0.94001 0.434847 0.940195 0.97648 0.2087 0.952212 0.201145 0.94501 0.208847 0.97648 0.2087 0.965811 0.202825 0.952212 0.201145 0.965649 0.198194 0.965811 0.202825 0.97648 0.2087 0.955506 0.039624 0.975288 0.030558 0.939946 0.02052 0.973493 0.034192 0.975288 0.030558 0.955506 0.039624 0.939946 0.02052 0.945248 0.035127 0.955506 0.039624 0.94101 0.036231 0.939946 0.02052 0.936484 0.038289 0.94501 0.208847 0.952212 0.201145 0.947573 0.162248 0.564079 0.182427 0.564798 0.170577 0.574005 0.18758 0.574005 0.18758 0.564798 0.170577 0.57324 0.139993 0.952212 0.201145 0.952083 0.171086 0.947573 0.162248 0.171014 0.703378 0.187032 0.701841 0.186267 0.732109 0.918387 0.184508 0.889526 0.201133 0.920822 0.171077 0.920822 0.171077 0.889526 0.201133 0.889149 0.152859 0.926495 0.202098 0.889526 0.201133 0.918306 0.196528 0.918306 0.196528 0.889526 0.201133 0.918387 0.184508 0.920822 0.171077 0.889149 0.152859 0.926389 0.152074 0.939182 0.15206 0.920822 0.171077 0.926389 0.152074 0.938059 0.201823 0.929051 0.18859 0.920822 0.171077 0.938059 0.201823 0.920822 0.171077 0.939182 0.15206 0.825404 0.955673 0.825762 0.95607 0.825985 0.962148 0.951306 0.400237 0.951306 0.396293 0.950515 0.399872 0.925083 0.19293 0.926495 0.202098 0.925244 0.198448 0.824753 0.961741 0.825404 0.955673 0.825985 0.962148 0.630454 0.65609 0.636966 0.657214 0.63892 0.65646 0.630454 0.65609 0.629707 0.657071 0.636966 0.657214 0.929051 0.18859 0.926495 0.202098 0.925083 0.19293 0.578088 0.965407 0.581552 0.964905 0.577441 0.965879 0.929051 0.18859 0.926495 0.202098 0.927043 0.19249 0.929051 0.18859 0.925083 0.19293 0.918387 0.184508 0.926495 0.202098 0.918306 0.196528 0.925244 0.198448 0.75851 0.707572 0.755833 0.707218 0.75928 0.707152 0.660793 0.136557 0.660047 0.135993 0.663903 0.133749 0.663903 0.133749 0.660047 0.135993 0.665675 0.13113 0.8276 0.725691 0.826999 0.725209 0.827359 0.727325 0.663903 0.133749 0.665675 0.13113 0.66412 0.134225 0.82827 0.729101 0.828256 0.722232 0.8276 0.725691 0.663903 0.133749 0.660793 0.136557 0.663395 0.134378 0.663191 0.134571 0.660793 0.136557 0.663395 0.134378 0.828256 0.722232 0.8276 0.725691 0.826999 0.725209 0.906968 0.373423 0.908675 0.372634 0.909343 0.373423 0.368567 0.10765 0.371734 0.10765 0.371515 0.106861 0.660793 0.136557 0.663191 0.134571 0.661094 0.137309 0.925244 0.198448 0.918306 0.196528 0.918977 0.197372 0.660439 0.137027 0.660047 0.135993 0.660793 0.136557 0.660047 0.135993 0.659585 0.137621 0.660439 0.137027 0.918977 0.197372 0.918413 0.196262 0.921868 0.197467 0.852676 0.547235 0.851031 0.550757 0.851077 0.547259 0.918413 0.196262 0.921868 0.197467 0.923249 0.194339 0.659585 0.137621 0.660368 0.137836 0.662584 0.139485 0.662584 0.139485 0.660368 0.137836 0.661094 0.137309 0.660793 0.136557 0.660439 0.137027 0.660368 0.137836 0.660793 0.136557 0.660368 0.137836 0.661094 0.137309 0.66153 0.140696 0.665804 0.140465 0.662584 0.139485 0.66153 0.140696 0.659585 0.137621 0.662584 0.139485 0.918413 0.196262 0.919868 0.193147 0.923249 0.194339 0.919868 0.193147 0.918413 0.196262 0.925083 0.19293 0.918413 0.196262 0.918387 0.184508 0.925083 0.19293 0.918387 0.184508 0.918306 0.196528 0.918413 0.196262 0.929051 0.18859 0.918387 0.184508 0.920822 0.171077 0.851031 0.550757 0.852676 0.547235 0.85185 0.552414 0.665675 0.13113 0.660047 0.135993 0.665738 0.129164 0.740925 0.229035 0.750383 0.227972 0.749235 0.227301 0.740925 0.229035 0.749235 0.227301 0.746264 0.226967 0.740925 0.229035 0.746264 0.226967 0.739397 0.224294 0.749235 0.227301 0.750383 0.227972 0.750239 0.224506 0.74346 0.223601 0.746264 0.226967 0.739397 0.224294 0.750239 0.224506 0.750383 0.227972 0.751572 0.225651 0.814704 0.281729 0.81443 0.255462 0.825304 0.255537 0.825304 0.255537 0.814704 0.281729 0.826202 0.28258 0.682044 0.557965 0.677835 0.545591 0.703294 0.545909 0.742644 0.386528 0.748559 0.414107 0.750198 0.380521 0.997725 0.431297 0.98719 0.431123 0.997293 0.45984 0.970701 0.483134 0.979452 0.486681 0.977394 0.53223 0.970701 0.483134 0.977394 0.53223 0.968733 0.531645 0.035716 0.825431 0.024444 0.848349 0.025281 0.82982 0.024444 0.848349 0.035716 0.825431 0.036279 0.848155 0.973154 0.792265 0.951691 0.838361 0.951918 0.791574 0.011248 0.498731 0.018862 0.481672 0.011349 0.476364 0.973154 0.792265 0.972886 0.837903 0.951691 0.838361 0.006922 0.17995 0.041893 0.170423 0.005868 0.170623 0.97286 0.755041 0.973339 0.744933 0.976177 0.777617 0.292818 0.830814 0.27658 0.833666 0.311979 0.828972 0.27658 0.833666 0.292513 0.834768 0.311979 0.828972 0.976177 0.777617 0.973339 0.744933 0.975818 0.784767 0.690816 0.515053 0.682911 0.488586 0.687838 0.511331 0.687838 0.511331 0.682911 0.488586 0.680266 0.485809 0.690816 0.465694 0.685547 0.471511 0.680266 0.485809 0.018791 0.073646 0.022246 0.082622 0.023797 0.034558 0.27658 0.833666 0.261511 0.827681 0.26062 0.829241 0.075405 0.208248 0.088966 0.202573 0.075862 0.202969 0.424486 0.936533 0.420883 0.906881 0.435202 0.910246 0.424486 0.936533 0.435202 0.910246 0.434847 0.940195 0.547523 0.177679 0.552384 0.146191 0.553075 0.177758 0.089843 0.207876 0.075405 0.208248 0.088966 0.202573 0.586736 0.63683 0.585746 0.638453 0.599596 0.63779 0.97648 0.2087 0.977109 0.160375 0.965649 0.198194 0.977109 0.160375 0.96519 0.170889 0.965649 0.198194 0.96519 0.170889 0.977109 0.160375 0.962963 0.165763 0.977109 0.160375 0.947573 0.162248 0.962963 0.165763 0.787529 0.214198 0.787546 0.225605 0.788203 0.214117 0.928506 0.948006 0.923522 0.948292 0.925459 0.935078 0.765871 0.49753 0.777982 0.505685 0.778339 0.498876 0.765871 0.49753 0.764811 0.504403 0.777982 0.505685 0.963361 0.037803 0.973493 0.034192 0.955506 0.039624 0.965997 0.040409 0.963361 0.037803 0.955506 0.039624 0.014336 0.549002 0.011178 0.542993 0.007046 0.542969 0.005757 0.548568 0.014336 0.549002 0.007046 0.542969 0.564079 0.182427 0.563718 0.177457 0.564798 0.170577 0.993599 0.376021 0.990347 0.384523 0.992647 0.392307 0.564798 0.170577 0.563185 0.153202 0.57324 0.139993 0.710212 0.422001 0.715367 0.43632 0.701163 0.402796 0.70665 0.412253 0.710212 0.422001 0.701163 0.402796 0.265637 0.039827 0.237254 0.040448 0.245126 0.042325 0.510099 0.372511 0.53707 0.29876 0.510235 0.369629 0.536789 0.290614 0.53707 0.29876 0.510235 0.369629 0.012074 0.718157 0.011556 0.693113 0.01097 0.692114 0.011556 0.693113 0.036955 0.755308 0.012558 0.693207 0.373284 0.469022 0.567799 0.468361 0.48028 0.457898 0.857581 0.968013 0.859618 0.96111 0.861045 0.976735 0.738167 0.155343 0.747125 0.157154 0.715356 0.15675 0.48028 0.457898 0.524632 0.458626 0.5069 0.457019 0.480195 0.134474 0.516799 0.131663 0.489165 0.130903 0.509678 0.133647 0.516799 0.131663 0.480195 0.134474 0.738167 0.155343 0.715356 0.15675 0.727167 0.156344 0.521821 0.39416 0.510235 0.369629 0.510099 0.372511 0.870557 0.138661 0.916504 0.144632 0.880169 0.141916 0.567799 0.468361 0.524632 0.458626 0.48028 0.457898 0.715367 0.43632 0.725962 0.457276 0.71783 0.44386 0.764355 0.044558 0.74427 0.046251 0.773834 0.050447 0.384267 0.143858 0.405988 0.147471 0.376463 0.142161 0.808625 0.934286 0.805502 0.932847 0.783705 0.905951 0.773834 0.050447 0.733998 0.05059 0.74427 0.046251 0.814222 0.932001 0.817823 0.937558 0.815666 0.938596 0.729427 0.052699 0.733998 0.05059 0.74427 0.046251 0.945518 0.137789 0.935162 0.138858 0.916504 0.144632 0.859796 0.946533 0.861045 0.976735 0.859618 0.96111 0.736298 0.349591 0.720811 0.369184 0.706665 0.382434 0.530759 0.13573 0.509678 0.133647 0.526143 0.13952 0.532254 0.409663 0.521821 0.39416 0.536481 0.419728 0.989236 0.922388 0.990617 0.944534 0.981036 0.928832 0.010918 0.996451 0.009897 0.995849 0.012365 0.993552 0.013835 0.996416 0.010918 0.996451 0.012365 0.993552 0.211086 0.877263 0.213381 0.87844 0.211563 0.86617 0.780977 0.698137 0.781869 0.673778 0.777467 0.682052 0.779426 0.701737 0.777467 0.682052 0.780977 0.698137 0.038782 0.89305 0.04986 0.868395 0.046022 0.876571 0.04986 0.868395 0.052524 0.870716 0.046022 0.876571 0.577361 0.627861 0.554937 0.620262 0.582198 0.63056 0.012558 0.693207 0.011039 0.686139 0.013502 0.577281 0.796361 0.840828 0.811858 0.873701 0.794245 0.840712 0.501836 0.116647 0.467387 0.125341 0.493784 0.121838 0.526143 0.13952 0.515979 0.142758 0.514354 0.145416 0.935162 0.138858 0.870557 0.138661 0.916504 0.144632 0.877646 0.564924 0.885232 0.579376 0.878188 0.541135 0.877646 0.564924 0.875072 0.547937 0.878188 0.541135 0.480581 0.598468 0.458218 0.604669 0.464158 0.607021 0.946953 0.397735 0.944838 0.396313 0.944918 0.364912 0.458218 0.604669 0.480581 0.598468 0.471847 0.601358 0.870737 0.810292 0.869107 0.82052 0.87213 0.810911 0.420333 0.122867 0.433997 0.124211 0.401717 0.116397 0.458218 0.604669 0.427686 0.589569 0.41465 0.585232 0.35041 0.070732 0.332937 0.070584 0.354502 0.071992 0.458218 0.604669 0.41465 0.585232 0.464158 0.607021 0.826182 0.545159 0.829758 0.504095 0.831345 0.511238 0.824234 0.539068 0.826182 0.545159 0.829758 0.504095 0.509678 0.133647 0.526143 0.13952 0.516799 0.131663 0.736298 0.349591 0.745447 0.340416 0.744228 0.339022 0.549499 0.132297 0.545585 0.129684 0.526143 0.13952 0.545585 0.129684 0.516799 0.131663 0.526143 0.13952 0.985738 0.913269 0.985786 0.915143 0.985064 0.915355 0.822736 0.201812 0.818882 0.196639 0.822123 0.196708 0.822531 0.203715 0.822736 0.201812 0.818882 0.196639 0.985064 0.915355 0.989236 0.922388 0.983359 0.918419 0.983359 0.918419 0.989236 0.922388 0.981036 0.928832 0.985064 0.915355 0.985786 0.915143 0.989236 0.922388 0.829666 0.191075 0.828212 0.193481 0.827862 0.202774 0.827862 0.202774 0.825303 0.206981 0.828212 0.193481 0.822736 0.201812 0.824094 0.204179 0.822123 0.196708 0.525425 0.176832 0.524471 0.173959 0.524759 0.162918 0.52674 0.172165 0.525425 0.176832 0.524759 0.162918 0.896535 0.677552 0.892987 0.670967 0.890665 0.666445 0.98742 0.91295 0.990895 0.905757 0.989236 0.922388 0.824514 0.210006 0.824094 0.204179 0.822531 0.203715 0.985786 0.915143 0.98742 0.91295 0.989236 0.922388 0.023528 0.743865 0.036955 0.755308 0.011556 0.693113 0.82916 0.216749 0.827862 0.202774 0.826644 0.212965 0.902786 0.68414 0.913216 0.692524 0.901895 0.687498 0.825303 0.206981 0.826644 0.212965 0.824514 0.210006 0.827862 0.202774 0.826644 0.212965 0.825303 0.206981 0.901895 0.687498 0.901983 0.684529 0.902786 0.68414 0.824452 0.208039 0.824514 0.210006 0.824094 0.204179 0.900972 0.684623 0.901895 0.687498 0.900439 0.683223 0.901983 0.684529 0.901895 0.687498 0.900972 0.684623 0.825303 0.206981 0.824452 0.208039 0.824094 0.204179 0.897759 0.67922 0.901895 0.687498 0.89737 0.680825 0.897759 0.67922 0.900439 0.683223 0.901895 0.687498 0.902786 0.68414 0.900439 0.683223 0.897759 0.67922 0.902786 0.68414 0.901983 0.684529 0.900439 0.683223 0.667149 0.98031 0.676287 0.968084 0.568553 0.979353 0.658633 0.659677 0.668466 0.659293 0.663544 0.700389 0.658714 0.738256 0.658633 0.659677 0.663544 0.700389 0.097783 0.35593 0.094366 0.371275 0.095648 0.338275 0.233323 0.753807 0.331435 0.701326 0.199902 0.74169 0.440585 0.195054 0.46981 0.204314 0.537196 0.206086 0.910926 0.554491 0.90914 0.520541 0.908594 0.589983 0.395424 0.781838 0.39552 0.796709 0.396279 0.784036 0.417658 0.529777 0.435757 0.530037 0.407431 0.526508 0.706023 0.149353 0.765442 0.14968 0.785024 0.148665 0.435757 0.530037 0.417658 0.529777 0.418352 0.531322 0.610903 0.125656 0.618765 0.118691 0.58076 0.118691 0.265604 0.858945 0.272777 0.859742 0.28671 0.851503 0.265604 0.858945 0.28671 0.851503 0.283054 0.850532 0.233323 0.753807 0.337897 0.706105 0.331435 0.701326 0.36749 0.13151 0.347133 0.129073 0.300059 0.118259 0.083794 0.110674 0.072874 0.117979 0.092392 0.110065 0.091196 0.981766 0.050993 0.980299 0.040097 0.979518 0.277783 0.277186 0.317295 0.270591 0.29068 0.276238 0.083794 0.110674 0.092392 0.110065 0.101318 0.105224 0.277783 0.277186 0.320492 0.270669 0.317295 0.270591 0.217091 0.427897 0.21482 0.436184 0.289272 0.436009 0.331435 0.701326 0.337375 0.701058 0.337135 0.645172 0.083767 0.164455 0.138233 0.161257 0.13986 0.16183 0.04031 0.118966 0.026719 0.115387 0.008011 0.104335 0.36749 0.13151 0.390598 0.120832 0.347133 0.129073 0.390598 0.120832 0.377514 0.122198 0.347133 0.129073 0.277783 0.277186 0.237835 0.271064 0.2614 0.276524 0.05216 0.116885 0.026719 0.115387 0.04031 0.118966 0.233323 0.753807 0.335534 0.779758 0.337897 0.706105 0.313876 0.680563 0.260153 0.689679 0.237323 0.685878 0.331435 0.701326 0.313876 0.680563 0.260153 0.689679 0.24392 0.691889 0.331435 0.701326 0.260153 0.689679 0.409519 0.612946 0.394695 0.611593 0.404005 0.613098 0.199902 0.74169 0.331435 0.701326 0.24392 0.691889 0.199902 0.74169 0.24392 0.691889 0.200875 0.701829 0.337135 0.645172 0.314663 0.636805 0.313876 0.680563 0.668466 0.659293 0.667007 0.703423 0.663544 0.700389 0.313876 0.680563 0.331435 0.701326 0.337135 0.645172 0.337087 0.639688 0.335937 0.576421 0.329705 0.640249 0.337135 0.645172 0.329705 0.640249 0.314663 0.636805 0.322581 0.814109 0.324163 0.816618 0.320053 0.817096 0.312598 0.601281 0.329705 0.640249 0.335937 0.576421 0.329705 0.640249 0.312598 0.601281 0.314663 0.636805 0.321227 0.801289 0.31893 0.798123 0.3192 0.813067 0.321227 0.801289 0.323768 0.79854 0.322581 0.814109 0.322581 0.814109 0.321227 0.801289 0.3192 0.813067 0.272777 0.859742 0.278619 0.858189 0.28671 0.851503 0.895061 0.476645 0.918627 0.477921 0.888429 0.442485 0.415309 0.702583 0.415017 0.672499 0.462111 0.672398 0.415309 0.702583 0.462111 0.672398 0.463685 0.702674 0.37147 0.163282 0.371758 0.203678 0.420067 0.203498 0.498229 0.274528 0.498837 0.21302 0.459269 0.274557 0.462065 0.239394 0.498837 0.21302 0.459269 0.274557 0.340666 0.260096 0.450666 0.26199 0.407194 0.259025 0.469866 0.21301 0.498837 0.21302 0.462065 0.239394 0.036214 0.053222 0.035416 0.049004 0.029984 0.041645 0.839147 0.645638 0.832161 0.663003 0.832101 0.637403 0.994677 0.601464 0.980958 0.599501 0.983143 0.602129 0.002604 0.027134 0.015751 0.029357 0.011937 0.007093 0.881154 0.663205 0.874179 0.653209 0.879223 0.638318 0.99194 0.250136 0.991347 0.270303 0.989237 0.254565 0.820997 0.395313 0.82183 0.398018 0.812412 0.363615 0.900404 0.779197 0.896856 0.782591 0.900385 0.794743 0.900385 0.794743 0.896856 0.782591 0.899022 0.801113 0.814087 0.714196 0.808941 0.730502 0.81047 0.727628 0.808941 0.730502 0.81047 0.727628 0.811627 0.742654 0.813873 0.363142 0.812412 0.363615 0.825708 0.343486 0.825708 0.343486 0.812412 0.363615 0.819607 0.346616 0.555495 0.061049 0.537051 0.063256 0.546292 0.061235 0.700483 0.644632 0.750177 0.705567 0.749936 0.582812 0.678023 0.596251 0.700483 0.644632 0.749936 0.582812 0.678023 0.596251 0.749936 0.582812 0.680247 0.582777 0.678023 0.596251 0.697193 0.643398 0.700483 0.644632 0.697193 0.643398 0.677136 0.705711 0.699251 0.646681 0.677136 0.705711 0.700483 0.644632 0.699251 0.646681 0.811627 0.742654 0.808941 0.730502 0.813043 0.75524 0.811918 0.756382 0.808941 0.730502 0.813043 0.75524 0.678023 0.596251 0.677136 0.705711 0.697193 0.643398 0.497328 0.177395 0.518416 0.176406 0.51853 0.163796 0.497178 0.163181 0.497328 0.177395 0.51853 0.163796 0.555998 0.39959 0.537905 0.404352 0.556135 0.412406 0.677136 0.705711 0.750177 0.705567 0.700483 0.644632 0.35926 0.307572 0.308404 0.302259 0.28049 0.302733 0.312927 0.301697 0.308404 0.302259 0.35926 0.307572 0.359539 0.299197 0.312927 0.301697 0.35926 0.307572 0.311199 0.298302 0.28049 0.302733 0.308404 0.302259 0.531033 0.022277 0.514916 0.015587 0.513418 0.016852 0.43421 0.290215 0.426523 0.291705 0.446168 0.290756 0.286207 0.073505 0.275006 0.075833 0.286467 0.075066 0.200164 0.954136 0.182122 0.95405 0.196512 0.955258 0.531033 0.022277 0.513418 0.016852 0.533467 0.024154 0.553071 0.188349 0.556553 0.188469 0.556026 0.190794 0.996444 0.819959 0.998285 0.817082 0.995686 0.817333 0.9966 0.820958 0.998285 0.817082 0.996444 0.819959 0.556553 0.188469 0.559128 0.188006 0.556026 0.190794 0.561304 0.188188 0.56005 0.187839 0.559128 0.188006 0.960016 0.145505 0.960016 0.147871 0.959224 0.146216 0.559128 0.188006 0.560907 0.190505 0.55896 0.18996 0.559128 0.188006 0.55896 0.18996 0.558758 0.190943 0.559128 0.188006 0.556026 0.190794 0.558758 0.190943 0.556026 0.190794 0.558758 0.190943 0.560229 0.195259 0.559128 0.188006 0.561304 0.188188 0.560907 0.190505 0.55896 0.18996 0.560907 0.190505 0.559385 0.19105 0.83175 0.447274 0.835821 0.428219 0.833838 0.462112 0.835821 0.428219 0.833838 0.462112 0.83665 0.438798 0.140496 0.647432 0.146362 0.644264 0.151246 0.63967 0.558758 0.190943 0.559385 0.19105 0.560229 0.195259 0.546517 0.003863 0.540633 0.005763 0.546432 0.002843 0.140496 0.647432 0.146011 0.644774 0.146362 0.644264 0.140496 0.647432 0.087947 0.601873 0.13394 0.656759 0.002429 0.949084 0.004311 0.920235 0.005821 0.951012 0.601218 0.724515 0.601337 0.772837 0.60159 0.762591 0.347922 0.45899 0.328417 0.459223 0.340842 0.460962 0.601218 0.724515 0.60159 0.762591 0.60293 0.729148 0.738655 0.010042 0.747033 0.011781 0.744042 0.007202 0.75299 0.014753 0.75668 0.013664 0.747033 0.011781 0.385419 0.74809 0.385995 0.776662 0.388028 0.777808 0.13394 0.656759 0.087947 0.601873 0.08669 0.643926 0.835821 0.428219 0.838891 0.42818 0.83665 0.438798 0.432484 0.706776 0.428733 0.708 0.456219 0.706285 0.428733 0.708 0.430266 0.709699 0.455822 0.707484 0.385419 0.74809 0.387223 0.749325 0.388028 0.777808 0.428733 0.708 0.455822 0.707484 0.456219 0.706285 0.07672 0.095386 0.047425 0.098865 0.045837 0.097579 0.742877 0.766956 0.743577 0.770111 0.740059 0.769242 0.609398 0.729969 0.61685 0.74435 0.625545 0.769006 0.682967 0.745487 0.678841 0.759475 0.692301 0.713109 0.779751 0.460046 0.759577 0.406359 0.773729 0.452793 0.697439 0.983385 0.755577 0.981425 0.698422 0.979274 0.608982 0.706682 0.61685 0.74435 0.609398 0.729969 0.200936 0.949892 0.201652 0.947697 0.070506 0.947331 0.680656 0.760641 0.682967 0.745487 0.678841 0.759475 0.976693 0.318854 0.979494 0.317208 0.978873 0.322954 0.341816 0.294305 0.395892 0.290321 0.36348 0.285981 0.341816 0.294305 0.36348 0.285981 0.25343 0.285448 0.100703 0.723428 0.091959 0.701499 0.101146 0.698553 0.162605 0.127101 0.159843 0.091384 0.160746 0.126033 0.275041 0.059786 0.321347 0.064471 0.284219 0.059316 0.274514 0.061446 0.319651 0.067905 0.275041 0.059786 0.759577 0.406359 0.779276 0.337972 0.766348 0.382065 0.944845 0.430794 0.942756 0.442247 0.943127 0.475198 0.756032 0.402986 0.773729 0.452793 0.754474 0.416807 0.759577 0.406359 0.756032 0.402986 0.773729 0.452793 0.945143 0.498602 0.942718 0.499083 0.943127 0.475198 0.341816 0.294305 0.25343 0.285448 0.23177 0.293923 0.341088 0.31525 0.230642 0.315293 0.324019 0.329434 0.435366 0.282104 0.488587 0.280281 0.324702 0.279607 0.070506 0.947331 0.070496 0.833165 0.070157 0.975059 0.070157 0.975059 0.070496 0.833165 0.055749 0.975369 0.324019 0.329434 0.341485 0.411656 0.341088 0.31525 0.055749 0.975369 0.070496 0.833165 0.057276 0.827109 0.324019 0.329434 0.3009 0.329166 0.341485 0.411656 0.341485 0.411656 0.3009 0.329166 0.230933 0.41199 0.01297 0.412947 0.002773 0.445202 0.002654 0.378727 0.07605 0.445775 0.01297 0.412947 0.067841 0.413502 0.07605 0.445775 0.067841 0.413502 0.076083 0.319378 0.002773 0.445202 0.01297 0.412947 0.07605 0.445775 0.782474 0.129015 0.835861 0.129413 0.83552 0.12174 0.782474 0.129015 0.83552 0.12174 0.782591 0.121635 0.947274 0.980756 0.946486 0.927921 0.945794 0.980766 0.650966 0.735978 0.649764 0.790374 0.644489 0.678104 0.644489 0.678104 0.649764 0.790374 0.639513 0.69937 0.011459 0.378785 0.01297 0.412947 0.002654 0.378727 0.652191 0.801 0.649764 0.790374 0.650966 0.735978 0.743453 0.96622 0.742415 0.974389 0.708503 0.973891 0.652191 0.801 0.59882 0.807767 0.597546 0.796789 0.597546 0.796789 0.652191 0.801 0.649764 0.790374 0.593239 0.722732 0.58718 0.717959 0.591136 0.719043 0.360346 0.982168 0.346611 0.979532 0.346523 0.980852 0.667526 0.476934 0.674001 0.530263 0.669574 0.63051 0.745634 0.964571 0.768827 0.965325 0.743453 0.96622 0.768827 0.965325 0.745634 0.964571 0.767628 0.85256 0.15812 0.48806 0.0671 0.479749 0.067132 0.487823 0.15812 0.48806 0.357193 0.482456 0.0671 0.479749 0.49507 0.700341 0.492236 0.676647 0.48878 0.682182 0.534947 0.076085 0.532671 0.071377 0.516415 0.058405 0.282414 0.033209 0.260528 0.033329 0.298036 0.032567 0.48878 0.682182 0.492236 0.676647 0.494517 0.665155 0.519171 0.414957 0.514229 0.415036 0.516784 0.426608 0.635936 0.124808 0.624609 0.130374 0.61978 0.134588 0.624609 0.130374 0.607118 0.133872 0.61978 0.134588 0.494517 0.665155 0.48878 0.682182 0.493963 0.658846 0.502884 0.646804 0.494517 0.665155 0.493963 0.658846 0.925782 0.485541 0.914106 0.487899 0.919852 0.573407 0.438884 0.414445 0.318991 0.414728 0.514229 0.415036 0.076583 0.213905 0.101193 0.225241 0.112734 0.219365 0.076583 0.213905 0.077176 0.228982 0.101193 0.225241 0.319032 0.426166 0.516784 0.426608 0.514229 0.415036 0.318991 0.414728 0.319032 0.426166 0.514229 0.415036 0.012561 0.927121 0.021523 0.973999 0.013868 0.925846 0.891088 0.244482 0.889931 0.244529 0.888198 0.270605 0.012561 0.927121 0.020275 0.990057 0.021523 0.973999 0.012561 0.927121 0.015758 0.969284 0.020275 0.990057 0.016045 0.972394 0.020275 0.990057 0.015758 0.969284 0.759699 0.254338 0.741123 0.255624 0.756695 0.255915 0.289976 0.426305 0.264563 0.425406 0.289272 0.436009 0.926709 0.33278 0.918369 0.376307 0.929147 0.330453 0.935792 0.510695 0.934552 0.53765 0.93569 0.536678 0.011747 0.92275 0.013868 0.925846 0.006645 0.794511 0.289272 0.436009 0.264563 0.425406 0.217091 0.427897 0.825625 0.826268 0.831135 0.809685 0.837231 0.854979 0.496041 0.13937 0.462348 0.140797 0.481776 0.141427 0.09207 0.077797 0.065926 0.082156 0.06007 0.085458 0.897762 0.593902 0.887078 0.536098 0.887017 0.561198 0.728908 0.760779 0.732334 0.777326 0.729864 0.762029 0.732334 0.777326 0.729864 0.762029 0.735938 0.794447 0.351327 0.030432 0.386542 0.03213 0.403775 0.028132 0.217091 0.427897 0.152753 0.430226 0.155116 0.434757 0.264563 0.425406 0.222106 0.424216 0.217091 0.427897 0.264563 0.425406 0.26415 0.424422 0.222106 0.424216 0.833824 0.855487 0.825625 0.826268 0.837231 0.854979 0.065926 0.082156 0.087645 0.075925 0.09207 0.077797 0.068636 0.19776 0.056082 0.215804 0.057166 0.218611 0.950956 0.893386 0.9536 0.891284 0.957532 0.912435 0.957532 0.912435 0.950956 0.893386 0.954436 0.914133 0.713258 0.389701 0.713053 0.40422 0.716017 0.381058 0.757324 0.18209 0.756231 0.180994 0.74873 0.181223 0.081294 0.138791 0.107961 0.143432 0.08364 0.138049 0.150038 0.435734 0.152753 0.430226 0.086338 0.436004 0.152753 0.430226 0.086028 0.42518 0.086338 0.436004 0.152753 0.430226 0.217091 0.427897 0.086028 0.42518 0.009129 0.788373 0.011747 0.92275 0.006645 0.794511 0.006645 0.794511 0.018976 0.793776 0.009129 0.788373 0.578839 0.105111 0.579726 0.095444 0.471403 0.099934 0.225367 0.685003 0.313876 0.680563 0.207077 0.681085 0.540009 0.431486 0.574312 0.4239 0.531671 0.423896 0.967323 0.854865 0.975851 0.850552 0.969859 0.854165 0.196753 0.709739 0.196511 0.698691 0.194418 0.69294 0.152327 0.692337 0.194418 0.69294 0.203409 0.642265 0.196753 0.709739 0.197253 0.702908 0.197233 0.699385 0.189908 0.744495 0.196753 0.709739 0.194418 0.69294 0.150899 0.688865 0.152327 0.692337 0.203409 0.642265 0.237323 0.685878 0.313876 0.680563 0.225367 0.685003 0.237323 0.685878 0.260153 0.689679 0.231285 0.688272 0.378015 0.532316 0.435757 0.530037 0.377427 0.531746 0.435757 0.530037 0.378015 0.532316 0.372404 0.532768 0.220587 0.685418 0.237323 0.685878 0.225367 0.685003 0.217674 0.686781 0.231285 0.688272 0.220003 0.686479 0.220003 0.686479 0.231285 0.688272 0.233246 0.685957 0.081583 0.536263 0.070137 0.534663 0.068908 0.535111 0.965558 0.606073 0.971101 0.606073 0.965751 0.606861 0.831621 0.006703 0.823832 0.005915 0.828495 0.006048 0.081583 0.536263 0.069509 0.535841 0.068908 0.535111 0.613988 0.227932 0.614806 0.229101 0.614199 0.224467 0.692399 0.507492 0.691607 0.506285 0.692399 0.499606 0.614503 0.224483 0.614199 0.224467 0.614806 0.221339 0.760491 0.356861 0.761283 0.356861 0.760748 0.35765 0.068908 0.535111 0.070137 0.534663 0.070283 0.534306 0.065474 0.534306 0.068908 0.535111 0.070283 0.534306 0.614806 0.221339 0.614199 0.224467 0.613222 0.223132 0.614199 0.224467 0.613988 0.227932 0.613222 0.223132 0.614806 0.221339 0.613222 0.223132 0.61394 0.219637 0.373069 0.529852 0.377427 0.531746 0.378015 0.532316 0.828495 0.006048 0.833333 0.005915 0.823832 0.005915 0.069509 0.535841 0.068908 0.535111 0.06427 0.536077 0.06427 0.536077 0.068908 0.535111 0.063913 0.535183 0.028899 0.949921 0.028899 0.957019 0.028108 0.951859 0.378015 0.532316 0.373069 0.529852 0.369674 0.531253 0.194418 0.69294 0.225367 0.685003 0.207077 0.681085 0.237323 0.685878 0.231285 0.688272 0.233246 0.685957 0.189908 0.744495 0.193621 0.744968 0.196753 0.709739 0.052885 0.165151 0.083767 0.164455 0.021618 0.162855 0.775753 0.952406 0.777334 0.918824 0.776306 0.91408 0.777191 0.914018 0.777334 0.918824 0.776306 0.91408 0.775753 0.952406 0.776475 0.964694 0.776306 0.91408 0.514729 0.651918 0.558366 0.651939 0.557485 0.653261 0.181312 0.304469 0.183881 0.302571 0.140557 0.307784 0.183881 0.302571 0.144029 0.30629 0.140557 0.307784 0.514729 0.651918 0.557485 0.653261 0.516346 0.652565 0.769488 0.747914 0.758559 0.748027 0.76208 0.795824 0.270928 0.077384 0.272714 0.077806 0.263072 0.076881 0.267593 0.07518 0.270928 0.077384 0.275006 0.075833 0.13394 0.656759 0.149302 0.691002 0.150899 0.688865 0.286467 0.075066 0.275006 0.075833 0.272714 0.077806 0.13394 0.656759 0.150899 0.688865 0.142931 0.65406 0.986899 0.236685 0.9868 0.22832 0.987607 0.231343 0.284676 0.077011 0.286467 0.075066 0.272714 0.077806 0.087947 0.601873 0.140496 0.647432 0.151246 0.63967 0.589292 0.085568 0.600554 0.082413 0.587886 0.082413 0.542767 0.007261 0.535629 0.007185 0.54477 0.007492 0.592 0.084904 0.600554 0.082413 0.589292 0.085568 0.542767 0.007261 0.540633 0.005763 0.535629 0.007185 0.148587 0.646608 0.149221 0.643092 0.147166 0.644798 0.540633 0.005763 0.542767 0.007261 0.543686 0.006655 0.535629 0.007185 0.540633 0.005763 0.536746 0.00276 0.543686 0.006655 0.54477 0.007492 0.546714 0.005792 0.561867 0.187303 0.561304 0.188188 0.562913 0.187606 0.147166 0.644798 0.149221 0.643092 0.146362 0.644264 0.997378 0.822751 0.998285 0.817082 0.997479 0.823942 0.9966 0.820958 0.997378 0.822751 0.998285 0.817082 0.998285 0.817082 0.998474 0.829 0.997479 0.823942 0.998474 0.829 0.997455 0.825251 0.997479 0.823942 0.540633 0.005763 0.543686 0.006655 0.546714 0.005792 0.562913 0.187606 0.564133 0.187847 0.560907 0.190505 0.540633 0.005763 0.546714 0.005792 0.546517 0.003863 0.999494 0.828991 0.998474 0.829 0.998285 0.817082 0.146362 0.644264 0.149221 0.643092 0.151246 0.63967 0.561304 0.188188 0.562913 0.187606 0.560907 0.190505 0.388028 0.777808 0.389065 0.786236 0.391284 0.779988 0.13394 0.656759 0.142931 0.65406 0.140496 0.647432 0.206658 0.602224 0.087947 0.601873 0.175692 0.621363 0.731747 0.346145 0.731567 0.340719 0.729676 0.340451 0.729676 0.340451 0.731747 0.346145 0.729304 0.345683 0.174148 0.620198 0.175692 0.621363 0.087947 0.601873 0.203409 0.642265 0.175692 0.621363 0.16711 0.629614 0.334598 0.439346 0.332394 0.440285 0.3397 0.440091 0.344793 0.441758 0.332394 0.440285 0.3397 0.440091 0.34459 0.4402 0.3397 0.440091 0.344793 0.441758 0.991613 0.320072 0.997229 0.315002 0.995811 0.313608 0.416865 0.669953 0.417552 0.669164 0.41924 0.669953 0.172267 0.623701 0.16711 0.629614 0.175692 0.621363 0.98348 0.948977 0.9813 0.94725 0.981885 0.945978 0.9813 0.94725 0.981743 0.955948 0.98348 0.948977 0.153039 0.311409 0.15479 0.313486 0.151551 0.311767 0.980448 0.969005 0.976757 0.971826 0.981743 0.955948 0.206977 0.302618 0.20863 0.295214 0.207102 0.288328 0.166849 0.632774 0.203409 0.642265 0.16711 0.629614 0.574426 0.418375 0.560966 0.412382 0.561294 0.409056 0.574426 0.418375 0.561294 0.409056 0.574426 0.403391 0.172267 0.623701 0.174148 0.620198 0.087947 0.601873 0.724839 0.771333 0.721317 0.762059 0.721522 0.769166 0.721522 0.769166 0.721317 0.762059 0.719977 0.761695 0.481911 0.028286 0.474755 0.031795 0.491276 0.033829 0.995155 0.345397 0.991557 0.333755 0.989281 0.330445 0.990818 0.326513 0.991557 0.333755 0.992471 0.329021 0.485299 0.027997 0.484181 0.028783 0.491276 0.033829 0.175888 0.645281 0.203409 0.642265 0.178093 0.645571 0.484181 0.028783 0.481911 0.028286 0.491276 0.033829 0.990818 0.326513 0.991557 0.333755 0.989281 0.330445 0.203409 0.642265 0.175888 0.645281 0.153433 0.642274 0.150899 0.688865 0.203409 0.642265 0.153433 0.642274 0.153433 0.642274 0.175888 0.645281 0.151246 0.63967 0.485299 0.027997 0.491276 0.033829 0.507126 0.033914 0.563282 0.042995 0.519412 0.042981 0.539756 0.057965 0.995155 0.345397 0.993 0.335029 0.991557 0.333755 0.638792 0.786678 0.637683 0.76056 0.640096 0.756809 0.909888 0.01481 0.906752 0.014235 0.899647 0.015563 0.913716 0.015783 0.911309 0.018648 0.914868 0.015495 0.807168 0.383233 0.805845 0.384464 0.805098 0.382262 0.991461 0.624374 0.99105 0.622828 0.990895 0.623734 0.806696 0.382911 0.807168 0.383233 0.805098 0.382262 0.428766 0.228801 0.42533 0.23794 0.42778 0.234791 0.425215 0.231619 0.428766 0.228801 0.42533 0.23794 0.42411 0.231968 0.425215 0.231619 0.422259 0.246224 0.38044 0.598058 0.377491 0.599577 0.382969 0.599102 0.425215 0.231619 0.42533 0.23794 0.424712 0.240211 0.225126 0.365536 0.225104 0.377621 0.224275 0.374563 0.422259 0.246224 0.425215 0.231619 0.424712 0.240211 0.853586 0.92892 0.851058 0.927914 0.857409 0.92832 0.383981 0.596772 0.38044 0.598058 0.385457 0.596034 0.916537 0.018123 0.919793 0.0145 0.911309 0.018648 0.422259 0.246224 0.424712 0.240211 0.424604 0.243406 0.848099 0.760455 0.84858 0.764976 0.847585 0.762816 0.385457 0.596034 0.38044 0.598058 0.387229 0.59611 0.38044 0.598058 0.382969 0.599102 0.387229 0.59611 0.992418 0.623272 0.991461 0.624374 0.99105 0.622828 0.424712 0.240211 0.426247 0.240295 0.427981 0.245387 0.855309 0.929221 0.857409 0.92832 0.85717 0.928944 0.992418 0.623272 0.991616 0.621845 0.99105 0.622828 0.384628 0.594652 0.384883 0.595554 0.385457 0.596034 0.424604 0.243406 0.424712 0.240211 0.427981 0.245387 0.386108 0.592614 0.384628 0.594652 0.385457 0.596034 0.386108 0.592614 0.388511 0.592621 0.387229 0.59611 0.386108 0.592614 0.385457 0.596034 0.387229 0.59611 0.913716 0.015783 0.913264 0.016789 0.909888 0.01481 0.911309 0.018648 0.913264 0.016789 0.909888 0.01481 0.436989 0.205181 0.437355 0.20071 0.435867 0.202442 0.225104 0.377621 0.224254 0.386041 0.224275 0.374563 0.911309 0.018648 0.909888 0.01481 0.899647 0.015563 0.789068 0.000451 0.792637 0.00171 0.791508 0.000394 0.431789 0.224668 0.432683 0.222313 0.42778 0.234791 0.170625 0.085936 0.179646 0.085568 0.174838 0.087145 0.788214 0.000653 0.792637 0.00171 0.789068 0.000451 0.369708 0.598573 0.372353 0.599044 0.369824 0.597704 0.174838 0.087145 0.178037 0.086769 0.179646 0.085568 0.792637 0.00171 0.786056 0.001338 0.788214 0.000653 0.428766 0.228801 0.432683 0.222313 0.431789 0.224668 0.781869 0.000394 0.788214 0.000653 0.789068 0.000451 0.372353 0.599044 0.369824 0.597704 0.38044 0.598058 0.363235 0.588815 0.37191 0.591776 0.368856 0.590153 0.179646 0.085568 0.178037 0.086769 0.180127 0.085936 0.988106 0.827965 0.983577 0.828156 0.992654 0.827114 0.428977 0.229009 0.431789 0.224668 0.42778 0.234791 0.377491 0.599577 0.372353 0.599044 0.38044 0.598058 0.998313 0.593833 0.99742 0.581308 0.997937 0.587688 0.37191 0.591776 0.363235 0.588815 0.374678 0.593724 0.206226 0.760578 0.214124 0.758451 0.206704 0.759037 0.163478 0.823738 0.159341 0.823822 0.158844 0.824291 0.428977 0.229009 0.42778 0.234791 0.428766 0.228801 0.42411 0.231968 0.428567 0.224384 0.425215 0.231619 0.159341 0.823822 0.156374 0.823738 0.163478 0.823738 0.163478 0.823738 0.158844 0.824291 0.165875 0.824527 0.99742 0.581308 0.997937 0.587688 0.998627 0.576582 0.211592 0.757715 0.214124 0.758451 0.233323 0.753807 0.684969 0.803059 0.669871 0.803017 0.683051 0.803491 0.582344 0.822161 0.582344 0.826893 0.581552 0.825427 0.024149 0.855284 0.024489 0.85901 0.024941 0.856155 0.683051 0.803491 0.669871 0.803017 0.678292 0.803579 0.43779 0.733092 0.43958 0.732178 0.443502 0.733992 0.977711 0.826808 0.983577 0.828156 0.992654 0.827114 0.560003 0.111229 0.560174 0.10765 0.560174 0.11317 0.425062 0.411182 0.428166 0.412066 0.429982 0.411047 0.676726 0.804506 0.678292 0.803579 0.669871 0.803017 0.595155 0.472415 0.589469 0.473521 0.590994 0.473777 0.680023 0.804085 0.678292 0.803579 0.676726 0.804506 0.992654 0.827114 0.977711 0.826808 0.990517 0.826364 0.211592 0.757715 0.214968 0.756002 0.207684 0.75632 0.352732 0.971215 0.351079 0.970426 0.347189 0.971214 0.676726 0.804506 0.669871 0.803017 0.671682 0.803875 0.443502 0.733992 0.446474 0.734621 0.450245 0.734027 0.425062 0.411182 0.429982 0.411047 0.42245 0.410525 0.442091 0.666766 0.455187 0.667316 0.452076 0.668404 0.455187 0.667316 0.452076 0.668404 0.456402 0.668744 0.196152 0.291879 0.195279 0.296041 0.195535 0.293051 0.38105 0.591362 0.378764 0.591424 0.379957 0.593147 0.297308 0.056195 0.300283 0.056427 0.298669 0.055829 0.196152 0.291879 0.196214 0.297877 0.195279 0.296041 0.37191 0.591776 0.374678 0.593724 0.380514 0.59437 0.195279 0.296041 0.196214 0.297877 0.191878 0.297948 0.211592 0.757715 0.233323 0.753807 0.214968 0.756002 0.192003 0.934597 0.192802 0.934148 0.1977 0.934937 0.977435 0.845006 0.976835 0.846609 0.976643 0.845782 0.196168 0.740272 0.197589 0.747369 0.19674 0.740817 0.446952 0.147082 0.450911 0.147082 0.449059 0.147871 0.19661 0.73351 0.199849 0.747553 0.196753 0.709739 0.196168 0.740272 0.19661 0.73351 0.196753 0.709739 0.193621 0.744968 0.196168 0.740272 0.196753 0.709739 0.851105 0.847397 0.851726 0.848299 0.851499 0.853238 0.851499 0.853238 0.852336 0.851927 0.851752 0.858513 0.189908 0.744495 0.193674 0.747101 0.193621 0.744968 0.411727 0.895667 0.409547 0.89437 0.408679 0.895274 0.851752 0.858513 0.850752 0.854377 0.851499 0.853238 0.188463 0.303682 0.183881 0.302571 0.181312 0.304469 0.196136 0.934352 0.1977 0.934937 0.198337 0.934597 0.192802 0.934148 0.1977 0.934937 0.196136 0.934352 0.802958 0.1544 0.818515 0.153852 0.804089 0.155581 0.977435 0.845006 0.976643 0.845782 0.976835 0.8403 0.776655 0.95775 0.777139 0.960263 0.776475 0.964694 0.776655 0.95775 0.776475 0.964694 0.775753 0.952406 0.802958 0.1544 0.825416 0.151814 0.818515 0.153852 0.678147 0.792981 0.678939 0.797086 0.678147 0.797713 0.42778 0.234791 0.42533 0.23794 0.427981 0.245387 0.42533 0.23794 0.427981 0.245387 0.426247 0.240295 0.805098 0.382262 0.806696 0.382911 0.806434 0.381583 0.805098 0.382262 0.805845 0.380521 0.806434 0.381583 0.22716 0.93336 0.225784 0.934639 0.227745 0.934313 0.227043 0.27656 0.227719 0.281825 0.227875 0.274919 0.597977 0.474309 0.594111 0.473583 0.595155 0.472415 0.455187 0.667316 0.460777 0.667586 0.456402 0.668744 0.38105 0.591362 0.379957 0.593147 0.386108 0.592614 0.379957 0.593147 0.37191 0.591776 0.380514 0.59437 0.001592 0.353713 0.001084 0.352715 0.001392 0.358546 0.195448 0.299561 0.196214 0.297877 0.191878 0.297948 0.004355 0.069006 0.005146 0.067488 0.004355 0.065063 0.38105 0.591362 0.386108 0.592614 0.386114 0.590774 0.22716 0.93336 0.224487 0.934071 0.225784 0.934639 0.205463 0.00276 0.202803 0.001972 0.201504 0.00276 0.431129 0.246257 0.431166 0.24763 0.427981 0.245387 0.657506 0.044898 0.673593 0.043499 0.674036 0.041715 0.443502 0.733992 0.450245 0.734027 0.43958 0.732178 0.208985 0.753625 0.206627 0.754127 0.217427 0.753733 0.43958 0.732178 0.450245 0.734027 0.445912 0.731941 0.930158 0.515424 0.929501 0.524268 0.930705 0.519928 0.929501 0.524268 0.929137 0.520711 0.930158 0.515424 0.820037 0.74724 0.816706 0.746451 0.82304 0.746451 0.930705 0.519928 0.929501 0.524268 0.930721 0.525442 0.893508 0.986199 0.895085 0.988562 0.894701 0.986642 0.983769 0.02011 0.983769 0.017744 0.982977 0.018072 0.206627 0.754127 0.208985 0.753625 0.207018 0.753302 0.986991 0.294248 0.988241 0.291404 0.987298 0.297131 0.988519 0.292536 0.988241 0.291404 0.987298 0.297131 0.896194 0.987694 0.894701 0.986642 0.902488 0.990653 0.898713 0.988874 0.896194 0.987694 0.902488 0.990653 0.895085 0.988562 0.894701 0.986642 0.902488 0.990653 0.431241 0.235606 0.429176 0.237825 0.431992 0.241014 0.227043 0.27656 0.227719 0.281825 0.226049 0.28298 0.429176 0.237825 0.42778 0.234791 0.431129 0.246257 0.971461 0.472792 0.97839 0.474224 0.976012 0.474982 0.431992 0.241014 0.429176 0.237825 0.431129 0.246257 0.427981 0.245387 0.42778 0.234791 0.431129 0.246257 0.431992 0.241014 0.432847 0.243596 0.431129 0.246257 0.431129 0.246257 0.432847 0.243596 0.43469 0.246842 0.005146 0.203598 0.003901 0.202389 0.003115 0.203758 0.386108 0.592614 0.390076 0.588143 0.390736 0.588277 0.199619 0.74917 0.199849 0.747553 0.19661 0.73351 0.194695 0.747089 0.196168 0.740272 0.193621 0.744968 0.193716 0.300376 0.191878 0.297948 0.188463 0.303682 0.902488 0.990653 0.898713 0.988874 0.906194 0.989257 0.971461 0.472792 0.976012 0.474982 0.970309 0.473611 0.245792 0.268036 0.239787 0.266115 0.245805 0.268017 0.191878 0.297948 0.191371 0.296753 0.183881 0.302571 0.183881 0.302571 0.191371 0.296753 0.18685 0.298467 0.905425 0.991444 0.902488 0.990653 0.902581 0.992308 0.386 0.58876 0.38105 0.591362 0.388984 0.587145 0.388984 0.587145 0.38105 0.591362 0.386114 0.590774 0.386114 0.590774 0.386108 0.592614 0.390076 0.588143 0.669438 0.78194 0.668646 0.783637 0.669438 0.790615 0.417545 0.894062 0.415954 0.893927 0.411727 0.895667 0.926716 0.374203 0.92457 0.371293 0.924386 0.368903 0.925932 0.370208 0.926716 0.374203 0.924386 0.368903 0.712233 0.834779 0.715436 0.833293 0.708234 0.833769 0.924386 0.368903 0.926612 0.366129 0.926723 0.363941 0.924386 0.368903 0.925932 0.370208 0.926612 0.366129 0.830138 0.671726 0.827959 0.665379 0.84762 0.668611 0.810597 0.772052 0.811064 0.775324 0.79996 0.81094 0.736106 0.843709 0.756251 0.842666 0.758812 0.845293 0.323547 0.549601 0.283578 0.550138 0.320277 0.550593 0.79996 0.81094 0.804707 0.781709 0.810597 0.772052 0.748354 0.848186 0.736106 0.843709 0.758812 0.845293 0.941167 0.319649 0.943572 0.320167 0.949248 0.299164 0.821341 0.755815 0.822083 0.757195 0.810597 0.772052 0.810597 0.772052 0.822083 0.757195 0.811064 0.775324 0.811064 0.775324 0.806347 0.799436 0.79996 0.81094 0.134513 0.764588 0.165791 0.780353 0.145098 0.755941 0.134513 0.764588 0.145098 0.755941 0.146183 0.703781 0.618881 0.766507 0.611153 0.786474 0.605547 0.766507 0.053062 0.762927 0.134513 0.764588 0.113905 0.761218 0.134513 0.764588 0.072586 0.780092 0.053062 0.762927 0.819479 0.026692 0.874288 0.040376 0.874093 0.026877 0.874288 0.040376 0.819479 0.026692 0.819528 0.04007 0.134513 0.764588 0.146183 0.703781 0.13394 0.656759 0.165791 0.780353 0.134513 0.764588 0.072586 0.780092 0.446836 0.056931 0.432161 0.044472 0.426059 0.056697 0.446898 0.043229 0.432161 0.044472 0.446836 0.056931 0.484165 0.691246 0.483373 0.69911 0.484165 0.70623 0.383307 0.105298 0.388543 0.100951 0.358274 0.0903 0.365526 0.097611 0.383307 0.105298 0.358274 0.0903 0.388543 0.100951 0.452395 0.09618 0.383307 0.105298 0.553446 0.437554 0.405303 0.44416 0.553157 0.449442 0.405303 0.44416 0.553446 0.437554 0.405427 0.431371 0.035057 0.98802 0.020275 0.990057 0.273203 0.993982 0.112662 0.22765 0.077176 0.228982 0.204549 0.227315 0.077176 0.228982 0.224076 0.227783 0.204549 0.227315 0.709593 0.279626 0.561929 0.279723 0.70954 0.292349 0.273203 0.993982 0.020275 0.990057 0.235044 0.997809 0.101193 0.225241 0.077176 0.228982 0.112662 0.22765 0.112662 0.22765 0.204549 0.227315 0.112734 0.219365 0.112734 0.219365 0.204549 0.227315 0.204629 0.219843 0.363634 0.737738 0.481326 0.715645 0.378269 0.738384 0.402126 0.726228 0.472594 0.709513 0.363634 0.737738 0.693919 0.222024 0.694348 0.241417 0.724682 0.223848 0.657893 0.592047 0.539693 0.613663 0.653978 0.613011 0.953768 0.562894 0.950561 0.573321 0.959602 0.578687 0.959602 0.578687 0.950561 0.573321 0.952422 0.584297 0.959602 0.578687 0.952422 0.584297 0.95574 0.594684 0.947633 0.582412 0.94397 0.599684 0.95574 0.594684 0.927473 0.660918 0.892607 0.660699 0.928124 0.599549 0.88573 0.599005 0.928124 0.599549 0.892607 0.660699 0.735061 0.027632 0.75095 0.028321 0.722359 0.02698 0.384274 0.839721 0.385606 0.859057 0.381288 0.831754 0.735061 0.027632 0.722359 0.02698 0.714587 0.029943 0.722359 0.02698 0.714587 0.029943 0.696358 0.025631 0.371152 0.381625 0.366383 0.334278 0.372204 0.380294 0.138432 0.023385 0.125827 0.026747 0.127427 0.024153 0.138432 0.023385 0.125827 0.026747 0.12792 0.027593 0.774629 0.291452 0.768469 0.293281 0.774508 0.293022 0.843974 0.079626 0.846975 0.082793 0.864194 0.081436 0.372204 0.380294 0.371152 0.381625 0.375473 0.391184 0.818044 0.808724 0.808046 0.824485 0.81843 0.811512 0.162485 0.957019 0.150263 0.960647 0.162708 0.957917 0.832506 0.080666 0.841231 0.082237 0.843974 0.079626 0.714045 0.751203 0.724273 0.744874 0.707125 0.752185 0.843974 0.079626 0.874707 0.074414 0.82336 0.07614 0.82336 0.07614 0.874707 0.074414 0.846439 0.04789 0.864194 0.081436 0.874707 0.074414 0.843974 0.079626 0.824062 0.043806 0.82336 0.07614 0.842089 0.04895 0.82336 0.07614 0.846439 0.04789 0.842089 0.04895 0.907908 0.021399 0.911309 0.018648 0.899647 0.015563 0.789171 0.856208 0.789281 0.87502 0.781081 0.872006 0.179428 0.766676 0.197239 0.770508 0.177312 0.763755 0.135696 0.959462 0.134578 0.960734 0.135039 0.960043 0.179428 0.766676 0.177312 0.763755 0.177601 0.76604 0.171547 0.777276 0.179428 0.766676 0.177601 0.76604 0.111898 0.026613 0.10933 0.025654 0.111248 0.027912 0.228424 0.039454 0.226841 0.037461 0.226841 0.040615 0.135039 0.960043 0.150263 0.960647 0.134578 0.960734 0.150263 0.960647 0.134578 0.960734 0.137582 0.96054 0.133413 0.071124 0.131829 0.071372 0.133413 0.069006 0.111898 0.026613 0.10933 0.025654 0.114351 0.027339 0.171547 0.777276 0.177601 0.76604 0.17594 0.76373 0.822059 0.797663 0.807894 0.81507 0.821007 0.793456 0.822059 0.797663 0.825298 0.795482 0.818071 0.806294 0.818071 0.806294 0.822059 0.797663 0.807894 0.81507 0.178777 0.76763 0.197239 0.770508 0.179428 0.766676 0.192163 0.765199 0.190182 0.758346 0.166831 0.749969 0.166831 0.749969 0.177312 0.763755 0.192163 0.765199 0.795333 0.863085 0.789281 0.87502 0.789171 0.856208 0.401029 0.123542 0.403405 0.125 0.403405 0.122634 0.114351 0.027339 0.10933 0.025654 0.120998 0.024885 0.150263 0.960647 0.137582 0.96054 0.1493 0.960148 0.137582 0.96054 0.1493 0.960148 0.148733 0.959293 0.10933 0.025654 0.09354 0.024193 0.092386 0.026048 0.092386 0.026048 0.10933 0.025654 0.109257 0.027427 0.372204 0.380294 0.366383 0.334278 0.371208 0.364014 0.120998 0.024885 0.114351 0.027339 0.125827 0.026747 0.124582 0.022558 0.138432 0.023385 0.127427 0.024153 0.384274 0.839721 0.385495 0.8274 0.385544 0.81954 0.385495 0.8274 0.385544 0.81954 0.387912 0.816931 0.818044 0.808724 0.818071 0.806294 0.820198 0.810363 0.818071 0.806294 0.81915 0.809409 0.807894 0.81507 0.81843 0.811512 0.820198 0.810363 0.808046 0.824485 0.807894 0.81507 0.81915 0.809409 0.808046 0.824485 0.820198 0.810363 0.820848 0.822154 0.808046 0.824485 0.808046 0.824485 0.820848 0.822154 0.818339 0.823235 0.707125 0.752185 0.714045 0.751203 0.722114 0.797856 0.488747 0.959973 0.486429 0.950504 0.489498 0.938112 0.260102 0.899615 0.257916 0.908098 0.279333 0.871332 0.257916 0.908098 0.270764 0.928867 0.260102 0.899615 0.141696 0.295691 0.152711 0.297979 0.138163 0.292192 0.685459 0.176033 0.698946 0.193261 0.689293 0.182683 0.689293 0.182683 0.685459 0.176033 0.685409 0.140034 0.479965 0.539042 0.427789 0.53801 0.425992 0.538683 0.479965 0.539042 0.425904 0.549893 0.481144 0.54998 0.026506 0.205894 0.007853 0.201809 0.010218 0.200975 0.010218 0.200975 0.026506 0.205894 0.024115 0.202391 0.980474 0.28645 0.984296 0.290336 0.982291 0.272693 0.323547 0.549601 0.279878 0.549255 0.283578 0.550138 0.425992 0.538683 0.162967 0.53836 0.479965 0.539042 0.479965 0.539042 0.162967 0.53836 0.323547 0.549601 0.162967 0.53836 0.279878 0.549255 0.323547 0.549601 0.289405 0.926987 0.285911 0.907751 0.290829 0.902 0.294144 0.926217 0.30745 0.95272 0.289405 0.926987 0.290829 0.902 0.294144 0.926217 0.289405 0.926987 0.963542 0.995335 0.977028 0.989342 0.945097 0.991534 0.846875 0.389845 0.838714 0.374186 0.852336 0.399448 0.963542 0.995335 0.945097 0.991534 0.94155 0.99157 0.162967 0.53836 0.157568 0.549381 0.279878 0.549255 0.479965 0.539042 0.323547 0.549601 0.420738 0.549952 0.384892 0.871975 0.386016 0.875 0.386721 0.870001 0.384638 0.865426 0.384892 0.871975 0.382772 0.872908 0.386721 0.870001 0.384892 0.871975 0.384638 0.865426 0.197239 0.770508 0.20794 0.778872 0.228944 0.782439 0.197239 0.770508 0.228944 0.782439 0.207584 0.76472 0.384638 0.865426 0.386721 0.870001 0.385606 0.859057 0.385606 0.859057 0.386721 0.870001 0.388361 0.859882 0.894527 0.280579 0.914445 0.249666 0.914887 0.251179 0.228944 0.782439 0.233323 0.753807 0.207584 0.76472 0.20794 0.778872 0.197239 0.770508 0.171547 0.777276 0.171547 0.777276 0.197239 0.770508 0.178777 0.76763 0.197239 0.770508 0.192163 0.765199 0.177312 0.763755 0.171547 0.777276 0.162901 0.759863 0.167648 0.770906 0.228944 0.782439 0.335534 0.779758 0.233323 0.753807 0.034503 0.397341 0.03317 0.401088 0.02242 0.403734 0.286704 0.615536 0.27809 0.615536 0.283851 0.62245 0.09694 0.731131 0.099968 0.745468 0.094873 0.745606 0.099367 0.37566 0.103252 0.375765 0.100341 0.362161 0.513324 0.635457 0.513459 0.630684 0.499352 0.633942 0.026628 0.386306 0.034503 0.397341 0.02242 0.403734 0.022287 0.400373 0.026628 0.386306 0.02242 0.403734 0.692629 0.535389 0.678338 0.533517 0.678177 0.537482 0.308932 0.073738 0.309137 0.077102 0.295346 0.07655 0.571046 0.482408 0.554702 0.479884 0.571259 0.47786 0.8164 0.454833 0.821151 0.413416 0.820836 0.477059 0.168134 0.159182 0.148545 0.154659 0.156327 0.160295 0.148545 0.154659 0.150896 0.204821 0.156327 0.160295 0.150896 0.204821 0.155709 0.185527 0.156327 0.160295 0.168389 0.100015 0.168766 0.141012 0.232259 0.139127 0.148545 0.154659 0.168134 0.159182 0.232334 0.154483 0.232334 0.154483 0.168134 0.159182 0.226592 0.159244 0.82401 0.409714 0.824721 0.493717 0.820836 0.477059 0.618024 0.686156 0.632994 0.67858 0.618233 0.692661 0.789605 0.97161 0.785627 0.962768 0.786678 0.946254 0.679911 0.783046 0.689774 0.794398 0.678841 0.759475 0.608982 0.706682 0.618233 0.692661 0.609616 0.710933 0.618024 0.686156 0.618233 0.692661 0.608982 0.706682 0.609352 0.695254 0.618024 0.686156 0.608982 0.706682 0.225281 0.340544 0.212142 0.363234 0.223789 0.342373 0.140595 0.272417 0.146304 0.273851 0.172076 0.268778 0.163901 0.271322 0.146304 0.273851 0.172076 0.268778 0.212142 0.363234 0.223789 0.342373 0.212185 0.376165 0.84506 0.629747 0.846148 0.646649 0.846601 0.625512 0.846148 0.646649 0.844468 0.646754 0.84506 0.629747 0.11942 0.267907 0.13015 0.275353 0.140595 0.272417 0.923894 0.80189 0.927634 0.813388 0.926938 0.78112 0.340207 0.210137 0.4066 0.211031 0.450447 0.208086 0.825879 0.977251 0.830783 0.972678 0.823008 0.980324 0.827913 0.972285 0.825879 0.977251 0.823008 0.980324 0.438517 0.259226 0.450666 0.26199 0.43906 0.211261 0.802717 0.433971 0.810704 0.41898 0.812558 0.464283 0.407194 0.259025 0.450666 0.26199 0.438517 0.259226 0.811777 0.417182 0.810704 0.41898 0.786546 0.422361 0.844016 0.40418 0.843547 0.405583 0.837055 0.404238 0.909941 0.745277 0.918631 0.743953 0.91428 0.744761 0.844016 0.40418 0.849917 0.404333 0.843547 0.405583 0.918831 0.743514 0.918631 0.743953 0.91428 0.744761 0.91428 0.744761 0.913874 0.744505 0.910691 0.743146 0.843547 0.405583 0.849917 0.404333 0.849738 0.450464 0.909941 0.745277 0.91428 0.744761 0.910691 0.743146 0.91428 0.744761 0.918831 0.743514 0.913874 0.744505 0.918831 0.743514 0.910499 0.697636 0.913874 0.744505 0.401251 0.226174 0.352469 0.25314 0.40144 0.253266 0.212761 0.049988 0.213792 0.019347 0.190716 0.051543 0.450666 0.26199 0.450447 0.208086 0.43906 0.211261 0.4066 0.211031 0.43906 0.211261 0.450447 0.208086 0.35257 0.213514 0.352469 0.25314 0.401251 0.226174 0.05283 0.749107 0.107316 0.748155 0.115995 0.749035 0.235025 0.184984 0.238025 0.204955 0.226592 0.159244 0.238025 0.204955 0.226592 0.159244 0.232334 0.154483 0.778395 0.093819 0.713701 0.094185 0.777971 0.143014 0.713876 0.141648 0.777971 0.143014 0.713701 0.094185 0.107316 0.748155 0.116088 0.663109 0.115995 0.749035 0.584733 0.194206 0.679105 0.191404 0.675211 0.147466 0.201326 0.931076 0.075165 0.931335 0.075033 0.853186 0.067841 0.413502 0.06833 0.319277 0.076083 0.319378 0.512772 0.666401 0.576321 0.668278 0.513428 0.729682 0.513428 0.729682 0.576321 0.668278 0.518044 0.738719 0.929691 0.838189 0.914403 0.890676 0.914541 0.83823 0.914403 0.890676 0.929691 0.838189 0.929402 0.89071 0.315254 0.799541 0.026072 0.818689 0.315226 0.820003 0.896675 0.880817 0.895627 0.901684 0.895289 0.854807 0.963286 0.556242 0.949275 0.558321 0.953768 0.562894 0.949275 0.558321 0.943931 0.553033 0.950077 0.564641 0.950077 0.564641 0.943931 0.553033 0.950561 0.573321 0.950561 0.573321 0.943931 0.553033 0.947633 0.582412 0.959602 0.578687 0.963286 0.556242 0.953768 0.562894 0.023626 0.778676 0.024224 0.782918 0.037237 0.779563 0.71562 0.334122 0.722699 0.33641 0.717508 0.357214 0.9522 0.435341 0.982728 0.434562 0.954896 0.437481 0.718835 0.358438 0.722699 0.33641 0.717508 0.357214 0.015473 0.230093 0.037445 0.212499 0.032522 0.221289 0.058374 0.669502 0.059732 0.671637 0.084581 0.670521 0.061386 0.407931 0.061319 0.381415 0.052589 0.385576 0.530619 0.517664 0.530845 0.531747 0.52725 0.517803 0.52725 0.517803 0.530845 0.531747 0.52719 0.530693 0.954896 0.437481 0.953928 0.469408 0.9522 0.435341 0.954896 0.437481 0.955871 0.467021 0.953928 0.469408 0.03833 0.233536 0.032522 0.221289 0.037445 0.212499 0.889106 0.416244 0.918627 0.477921 0.918562 0.416383 0.673928 0.797258 0.661617 0.79924 0.66753 0.795395 0.390726 0.980982 0.346611 0.979532 0.360346 0.982168 0.390726 0.980982 0.360346 0.982168 0.387993 0.982406 0.346611 0.979532 0.390726 0.980982 0.40166 0.980893 0.346611 0.979532 0.401667 0.978919 0.40166 0.980893 0.34932 0.558723 0.326137 0.557589 0.327526 0.559341 0.499181 0.977073 0.497407 0.97796 0.498283 0.949756 0.013201 0.228247 0.015473 0.230093 0.037445 0.212499 0.498283 0.949756 0.495529 0.976404 0.496431 0.948589 0.498283 0.949756 0.497407 0.97796 0.495529 0.976404 0.473051 0.052407 0.46183 0.06596 0.496781 0.065263 0.496821 0.052713 0.473051 0.052407 0.496781 0.065263 0.034609 0.006231 0.015751 0.029357 0.017698 0.024218 0.036512 0.007358 0.034609 0.006231 0.015751 0.029357 0.982388 0.468337 0.953928 0.469408 0.955871 0.467021 0.925706 0.728316 0.927524 0.727781 0.927746 0.751994 0.924087 0.744477 0.925706 0.728316 0.927746 0.751994 0.832161 0.663003 0.839147 0.645638 0.874179 0.653209 0.050277 0.232484 0.03833 0.233536 0.037445 0.212499 0.050277 0.232484 0.037445 0.212499 0.048168 0.210837 0.293137 0.464611 0.293148 0.457377 0.003072 0.460012 0.315254 0.799541 0.025202 0.799903 0.026072 0.818689 0.354231 0.562737 0.374517 0.564979 0.500926 0.559973 0.377196 0.608581 0.381803 0.61163 0.409814 0.591684 0.409814 0.591684 0.387891 0.613309 0.381803 0.61163 0.279932 0.649102 0.290188 0.643138 0.302984 0.621814 0.862811 0.385442 0.862953 0.41929 0.858971 0.386086 0.585007 0.763165 0.583835 0.75614 0.589502 0.787498 0.589502 0.787498 0.581701 0.767462 0.583835 0.75614 0.257969 0.653563 0.279932 0.649102 0.25232 0.651376 0.25232 0.651376 0.279932 0.649102 0.272868 0.648804 0.272868 0.648804 0.25232 0.651376 0.263433 0.650598 0.739804 0.502706 0.719169 0.499341 0.720484 0.502312 0.085061 0.036673 0.101831 0.036924 0.100981 0.033473 0.085061 0.036673 0.083483 0.04042 0.101831 0.036924 0.085061 0.036673 0.05908 0.035295 0.070692 0.039732 0.968717 0.071609 0.967495 0.082594 0.97562 0.052883 0.257998 0.95284 0.256082 0.942743 0.258753 0.936883 0.258753 0.936883 0.260023 0.953099 0.257998 0.95284 0.857284 0.377079 0.856858 0.294418 0.871517 0.306438 0.871517 0.306438 0.893743 0.377139 0.857284 0.377079 0.871517 0.306438 0.875031 0.303366 0.893743 0.377139 0.871359 0.300179 0.856858 0.294418 0.893638 0.29455 0.871517 0.306438 0.856858 0.294418 0.871359 0.300179 0.893638 0.29455 0.871359 0.300179 0.875031 0.303366 0.893743 0.377139 0.875031 0.303366 0.893638 0.29455 0.006892 0.685873 0.007286 0.700919 0.001308 0.68608 0.50834 0.200626 0.516665 0.201002 0.502462 0.197203 0.872656 0.801119 0.876423 0.790699 0.877516 0.812303 0.885914 0.817341 0.877516 0.812303 0.876423 0.790699 0.598212 0.068764 0.63909 0.066482 0.644745 0.045156 0.598212 0.068764 0.644745 0.045156 0.592763 0.044611 0.351138 0.636238 0.349871 0.624379 0.516382 0.607662 0.426906 0.2648 0.264566 0.265589 0.373616 0.268192 0.426906 0.2648 0.373616 0.268192 0.426794 0.273566 0.420472 0.324206 0.379947 0.310575 0.397044 0.324648 0.379947 0.310575 0.490766 0.310568 0.420472 0.324206 0.602938 0.007651 0.593428 0.007265 0.620226 0.011562 0.593428 0.007265 0.620226 0.011562 0.607442 0.012302 0.711172 0.572294 0.709109 0.575659 0.730591 0.569866 0.709109 0.575659 0.730591 0.569866 0.72785 0.573482 0.34897 0.336478 0.371169 0.304061 0.362681 0.312777 0.490766 0.310568 0.490357 0.406974 0.467283 0.357106 0.615401 0.011005 0.635505 0.008181 0.638428 0.006168 0.490766 0.310568 0.463912 0.358015 0.420472 0.324206 0.469362 0.353852 0.490766 0.310568 0.463912 0.358015 0.467283 0.357106 0.490766 0.310568 0.469362 0.353852 0.420472 0.324206 0.379977 0.407125 0.463912 0.358015 0.467283 0.357106 0.490357 0.406974 0.463912 0.358015 0.620226 0.011562 0.615401 0.011005 0.635505 0.008181 0.11828 0.535271 0.118357 0.533876 0.091224 0.5336 0.11828 0.535271 0.092142 0.535534 0.091224 0.5336 0.463912 0.358015 0.490357 0.406974 0.379977 0.407125 0.130245 0.758487 0.130138 0.755507 0.116857 0.756953 0.785248 0.515602 0.785512 0.496905 0.797514 0.507974 0.623263 0.274018 0.626683 0.273801 0.623942 0.259462 0.93943 0.516792 0.942332 0.51685 0.941628 0.503549 0.366958 0.616308 0.366983 0.61948 0.353203 0.615581 0.791062 0.523421 0.802068 0.520923 0.800769 0.529457 0.800769 0.529457 0.802068 0.520923 0.811024 0.528733 0.366983 0.61317 0.366958 0.616308 0.353203 0.615581 0.710002 0.339516 0.713268 0.339514 0.712648 0.353446 0.797514 0.507974 0.785512 0.496905 0.788856 0.496281 0.315519 0.988377 0.312295 0.988508 0.313682 0.974262 0.775868 0.871 0.777036 0.858453 0.773352 0.858504 0.767813 0.468057 0.764449 0.468043 0.766781 0.455287 0.832271 0.020756 0.859476 0.021541 0.818485 0.019262 0.980858 0.256597 0.976643 0.256339 0.980208 0.243172 0.463675 0.920727 0.46027 0.920723 0.462758 0.907045 0.386045 0.792455 0.388809 0.806872 0.385103 0.807177 0.788773 0.997986 0.804001 0.999336 0.804018 0.996522 0.845383 0.613807 0.840657 0.613914 0.845061 0.599278 0.611614 0.61925 0.61148 0.616325 0.59722 0.620129 0.859476 0.021541 0.876299 0.020847 0.88575 0.019613 0.073541 0.030957 0.073909 0.028297 0.059615 0.02864 0.027868 0.370268 0.033952 0.373445 0.02646 0.376781 0.322787 0.088115 0.31136 0.087542 0.313998 0.094243 0.466771 0.106443 0.452698 0.103085 0.452571 0.106652 0.752153 0.492641 0.756526 0.483312 0.759604 0.489871 0.452527 0.109227 0.452571 0.106652 0.466771 0.106443 0.585393 0.296212 0.561185 0.2935 0.561237 0.306225 0.585393 0.296212 0.561237 0.306225 0.597164 0.302842 0.597348 0.294306 0.597164 0.302842 0.694612 0.295818 0.694612 0.295818 0.597164 0.302842 0.709571 0.303732 0.709571 0.303732 0.597164 0.302842 0.561237 0.306225 0.076583 0.213905 0.112734 0.219365 0.224776 0.217448 0.112734 0.219365 0.204629 0.219843 0.224776 0.217448 0.321444 0.996174 0.323622 0.967059 0.327456 0.963746 0.249856 0.827214 0.235379 0.827323 0.236614 0.975105 0.235607 0.938786 0.235783 0.949952 0.236614 0.975105 0.36348 0.285981 0.395892 0.290321 0.365575 0.285544 0.235379 0.827323 0.236614 0.975105 0.235445 0.841941 0.236614 0.975105 0.250913 0.974103 0.249856 0.827214 0.235445 0.841941 0.235607 0.938786 0.236614 0.975105 0.230642 0.315293 0.230933 0.41199 0.3009 0.329166 0.070496 0.833165 0.235445 0.841941 0.235379 0.827323 0.223335 0.246224 0.11599 0.248282 0.213491 0.254644 0.946481 0.116416 0.950066 0.115935 0.95586 0.137648 0.957322 0.132447 0.950066 0.115935 0.954346 0.130802 0.499929 0.70864 0.505287 0.714899 0.49507 0.700341 0.534947 0.076085 0.55668 0.069394 0.532671 0.071377 0.15199 0.982859 0.16516 0.985541 0.17812 0.984684 0.566894 0.059216 0.55668 0.069394 0.534947 0.076085 0.299341 0.94546 0.289405 0.926987 0.30745 0.95272 0.312725 0.95415 0.294144 0.926217 0.308685 0.946997 0.312725 0.95415 0.30745 0.95272 0.294144 0.926217 0.450161 0.998446 0.39025 0.995235 0.454048 0.996235 0.836627 0.34726 0.850008 0.305776 0.838714 0.374186 0.72533 0.308309 0.710236 0.313878 0.788289 0.292612 0.816737 0.309294 0.806537 0.264343 0.803355 0.264838 0.763749 0.663408 0.75751 0.677706 0.759138 0.675945 0.247282 0.636442 0.269728 0.63936 0.280381 0.635996 0.247282 0.636442 0.249758 0.640046 0.269728 0.63936 0.044379 0.144107 0.075394 0.13528 0.066477 0.139427 0.578146 0.049698 0.577245 0.05937 0.577294 0.038296 0.760435 0.665365 0.763749 0.663408 0.75751 0.677706 0.091233 0.185933 0.059639 0.176334 0.100425 0.187753 0.798095 0.619882 0.807458 0.608824 0.797466 0.629971 0.127156 0.74309 0.127845 0.695177 0.130245 0.744034 0.16406 0.317702 0.167055 0.317092 0.150142 0.319495 0.167055 0.317092 0.150142 0.319495 0.184051 0.318891 0.788949 0.329824 0.788289 0.292612 0.792544 0.324087 0.16406 0.317702 0.145758 0.317544 0.150142 0.319495 0.925181 0.894617 0.923005 0.894219 0.919426 0.942701 0.215258 0.06758 0.252032 0.069338 0.214585 0.069933 0.058982 0.147589 0.075394 0.13528 0.044379 0.144107 0.806581 0.032866 0.808011 0.034524 0.805102 0.054847 0.036212 0.142821 0.058982 0.147589 0.044379 0.144107 0.002861 0.752566 0.007548 0.762372 0.007876 0.776267 0.338229 0.087699 0.354893 0.084779 0.345935 0.08568 0.748956 0.313843 0.7515 0.310113 0.770122 0.311883 0.338229 0.087699 0.357381 0.086062 0.354893 0.084779 0.350298 0.823697 0.349162 0.845774 0.348389 0.822454 0.00296 0.770659 0.007876 0.776267 0.002861 0.752566 0.345622 0.024044 0.374729 0.021007 0.353414 0.021532 0.710236 0.313878 0.786738 0.290873 0.788289 0.292612 0.123771 0.69559 0.127845 0.695177 0.127156 0.74309 0.036212 0.142821 0.048439 0.143916 0.020698 0.126706 0.786738 0.290873 0.791197 0.282207 0.788289 0.292612 0.126471 0.686064 0.123771 0.69559 0.127845 0.695177 0.130245 0.317736 0.131974 0.319075 0.150142 0.319495 0.130245 0.317736 0.145758 0.317544 0.150142 0.319495 0.798351 0.183228 0.799748 0.187639 0.817835 0.163472 0.902272 0.578095 0.89905 0.565093 0.902582 0.565124 0.977435 0.867114 0.972218 0.867122 0.975311 0.87991 0.581396 0.961635 0.581677 0.835799 0.697937 0.96148 0.518044 0.738719 0.576321 0.668278 0.401176 0.87919 0.401176 0.87919 0.576321 0.668278 0.516905 0.881713 0.02126 0.774168 0.042822 0.774048 0.042078 0.760191 0.662055 0.318837 0.648398 0.395647 0.661893 0.393371 0.02126 0.774168 0.042078 0.760191 0.020561 0.760576 0.543573 0.317815 0.648398 0.395647 0.662055 0.318837 0.543573 0.317815 0.539454 0.39582 0.648398 0.395647 0.146183 0.703781 0.149302 0.691002 0.13394 0.656759 0.261645 0.074171 0.257864 0.073092 0.263072 0.076881 0.147982 0.73976 0.150987 0.741997 0.146183 0.703781 0.697543 0.052688 0.701847 0.053004 0.667854 0.048502 0.780662 0.945054 0.782507 0.916484 0.781464 0.940237 0.146183 0.703781 0.150987 0.741997 0.152327 0.692337 0.930302 0.347852 0.92958 0.345869 0.931512 0.341877 0.48526 0.086295 0.476948 0.083207 0.474429 0.083813 0.464282 0.078247 0.467944 0.078472 0.468343 0.078655 0.467944 0.078472 0.468377 0.077681 0.468343 0.078655 0.468343 0.078655 0.468377 0.077681 0.469913 0.078287 0.463931 0.078781 0.463807 0.079105 0.466942 0.079527 0.704818 0.053727 0.706265 0.052412 0.701847 0.053004 0.701847 0.053004 0.697543 0.052688 0.700921 0.054022 0.468343 0.078655 0.464282 0.078247 0.466942 0.079527 0.808046 0.824485 0.80603 0.8313 0.807894 0.81507 0.469913 0.078287 0.466942 0.079527 0.468343 0.078655 0.466942 0.079527 0.464282 0.078247 0.463931 0.078781 0.704818 0.053727 0.701847 0.053004 0.700921 0.054022 0.798492 0.818895 0.807894 0.81507 0.80603 0.8313 0.798492 0.818895 0.80603 0.8313 0.822848 0.86633 0.798492 0.818895 0.822848 0.86633 0.824016 0.871501 0.539048 0.024187 0.559382 0.015379 0.533467 0.024154 0.502036 0.244151 0.502963 0.222699 0.501584 0.221998 0.996367 0.927105 0.995312 0.934451 0.995248 0.904385 0.707125 0.752185 0.722114 0.797856 0.714946 0.798809 0.78507 0.990838 0.771805 0.990201 0.758412 0.991039 0.963286 0.556242 0.943931 0.553033 0.949275 0.558321 0.166487 0.207301 0.219288 0.209137 0.219168 0.177634 0.963286 0.556242 0.9688 0.578614 0.972926 0.55298 0.9688 0.578614 0.972359 0.599453 0.972926 0.55298 0.962837 0.122393 0.964318 0.107714 0.957653 0.107923 0.612064 0.024099 0.607448 0.024643 0.606714 0.019194 0.805282 0.545636 0.819542 0.542039 0.811635 0.551295 0.321926 0.03282 0.336739 0.03378 0.336896 0.030363 0.901128 0.826893 0.904963 0.826725 0.903164 0.813625 0.782138 0.571077 0.794241 0.560676 0.790954 0.582646 0.678939 0.465694 0.678937 0.468881 0.663959 0.467584 0.947901 0.682535 0.943819 0.682571 0.946875 0.668096 0.931148 0.22172 0.932379 0.207103 0.935471 0.20743 0.982565 0.058377 0.978226 0.057965 0.979322 0.062697 0.060241 0.611515 0.056693 0.596703 0.061886 0.596646 0.064452 0.472193 0.064529 0.4753 0.048943 0.472358 0.154674 0.133566 0.150831 0.133675 0.153462 0.119881 0.269945 0.616955 0.274347 0.616325 0.271788 0.629927 0.906968 0.972792 0.911437 0.95835 0.911039 0.972729 0.782068 0.729125 0.785827 0.729101 0.78428 0.742476 0.048402 0.737384 0.049433 0.675621 0.05283 0.749107 0.194186 0.399864 0.17291 0.400969 0.196451 0.421067 0.366033 0.99457 0.3543 0.993369 0.366309 0.99627 0.890665 0.666445 0.897759 0.67922 0.896535 0.677552 0.913216 0.692524 0.902786 0.68414 0.897759 0.67922 0.822531 0.203715 0.824514 0.210006 0.818882 0.196639 0.366309 0.99627 0.341439 0.993123 0.3543 0.993369 0.050087 0.844656 0.026063 0.894093 0.048745 0.842666 0.031764 0.864709 0.026687 0.873943 0.026063 0.894093 0.929642 0.66845 0.931728 0.720976 0.913216 0.692524 0.890665 0.666445 0.913216 0.692524 0.897759 0.67922 0.372827 0.994498 0.366033 0.99457 0.366309 0.99627 0.929642 0.66845 0.913216 0.692524 0.890665 0.666445 0.031764 0.864709 0.050087 0.844656 0.026063 0.894093 0.412849 0.105863 0.452395 0.09618 0.383307 0.105298 0.075033 0.853186 0.201383 0.854056 0.201326 0.931076 0.885914 0.817341 0.888543 0.811238 0.901187 0.841151 0.858971 0.386086 0.862953 0.41929 0.859005 0.403079 0.026506 0.205894 0.035439 0.20334 0.024115 0.202391 0.929132 0.304096 0.932704 0.325437 0.927152 0.326495 0.93198 0.254941 0.932703 0.248176 0.935799 0.240616 0.93198 0.254941 0.938628 0.296102 0.9332 0.277199 0.072002 0.056072 0.161127 0.056873 0.152035 0.055599 0.880617 0.890568 0.88104 0.873267 0.885662 0.886401 0.938638 0.218849 0.938628 0.296102 0.93198 0.254941 0.876366 0.907215 0.875142 0.912601 0.857895 0.917542 0.857895 0.917542 0.875142 0.912601 0.864413 0.919929 0.885397 0.902016 0.885662 0.886401 0.885572 0.916529 0.128357 0.344288 0.108535 0.418423 0.127995 0.333233 0.196451 0.421067 0.17291 0.400969 0.108535 0.418423 0.152823 0.40656 0.128301 0.400551 0.108535 0.418423 0.152823 0.40656 0.108535 0.418423 0.17291 0.400969 0.108146 0.325684 0.108535 0.418423 0.127995 0.333233 0.128301 0.400551 0.128357 0.344288 0.108535 0.418423 0.938677 0.828924 0.938689 0.857843 0.937794 0.877469 0.095783 0.412066 0.100087 0.411743 0.096399 0.397661 0.324228 0.872634 0.319363 0.87259 0.319833 0.858631 0.2308 0.533517 0.21734 0.534182 0.2308 0.535883 0.850699 0.101673 0.843852 0.106994 0.84772 0.117784 0.850699 0.101673 0.84772 0.117784 0.856036 0.107177 0.967701 0.277997 0.97127 0.291838 0.972121 0.278069 0.345398 0.07992 0.331394 0.079785 0.33148 0.07664 0.832542 0.776503 0.836393 0.776473 0.835194 0.790437 0.675189 0.121003 0.678736 0.130019 0.672856 0.12947 0.806058 0.189744 0.806958 0.2033 0.803246 0.202561 0.875834 0.673107 0.87604 0.667834 0.861329 0.670299 0.467538 0.530363 0.467426 0.533834 0.452653 0.533078 0.83303 0.113514 0.819704 0.101827 0.812978 0.106698 0.317988 0.253808 0.317927 0.258803 0.332518 0.257087 0.323495 0.14212 0.323524 0.145562 0.337579 0.14467 0.529798 0.480888 0.534016 0.469768 0.532574 0.469506 0.327456 0.963746 0.321444 0.996174 0.328309 0.960104 0.373284 0.469022 0.48028 0.457898 0.364825 0.46027 0.505432 0.084318 0.495679 0.082524 0.521306 0.088132 0.567799 0.468361 0.532574 0.469506 0.373284 0.469022 0.266862 0.303795 0.274208 0.310283 0.268366 0.309122 0.495679 0.082524 0.498397 0.081937 0.505432 0.084318 0.323622 0.967059 0.330854 0.807636 0.328309 0.960104 0.327486 0.794096 0.328309 0.960104 0.335808 0.788721 0.330854 0.807636 0.327486 0.794096 0.328309 0.960104 0.009129 0.788373 0.091061 0.793558 0.335808 0.788721 0.240203 0.793938 0.327486 0.794096 0.335808 0.788721 0.009129 0.788373 0.018976 0.793776 0.091061 0.793558 0.335808 0.788721 0.091061 0.793558 0.240203 0.793938 0.41465 0.585232 0.397548 0.5807 0.373556 0.582855 0.816709 0.884557 0.796361 0.840828 0.811858 0.873701 0.41465 0.585232 0.373556 0.582855 0.406621 0.586157 0.560205 0.083977 0.505432 0.084318 0.521306 0.088132 0.567799 0.468361 0.568806 0.458389 0.529111 0.45775 0.372827 0.994498 0.366309 0.99627 0.37772 0.992429 0.275041 0.059786 0.319651 0.067905 0.321347 0.064471 0.321347 0.064471 0.319651 0.067905 0.345432 0.060862 0.779276 0.337972 0.77741 0.350912 0.775924 0.335717 0.743453 0.96622 0.708503 0.973891 0.709081 0.96691 0.897637 0.751712 0.839205 0.688273 0.839317 0.751734 0.701974 0.455382 0.694368 0.463137 0.697445 0.521899 0.897804 0.688939 0.839205 0.688273 0.897637 0.751712 0.694368 0.463137 0.582657 0.42729 0.580134 0.462491 0.829751 0.612036 0.835279 0.620105 0.83668 0.610804 0.898991 0.698261 0.897804 0.688939 0.897637 0.751712 0.576321 0.668278 0.57617 0.95865 0.516905 0.881713 0.099786 0.315836 0.114253 0.315277 0.114251 0.26392 0.374328 0.572693 0.471935 0.565608 0.500926 0.559973 0.374328 0.572693 0.465874 0.573869 0.471935 0.565608 0.699312 0.713206 0.704208 0.718207 0.774866 0.71693 0.740283 0.041436 0.765341 0.040573 0.708139 0.039641 0.704208 0.718207 0.700883 0.818798 0.703164 0.785197 0.699312 0.713206 0.700883 0.818798 0.704208 0.718207 0.785061 0.5941 0.781242 0.588968 0.790954 0.582646 0.700883 0.818798 0.776218 0.819317 0.728334 0.816369 0.439731 0.004467 0.445439 0.002621 0.436871 0.001448 0.4268 0.195629 0.428439 0.20119 0.424522 0.200857 0.951262 0.723255 0.950511 0.704251 0.953045 0.681322 0.938564 0.811334 0.937794 0.877469 0.937911 0.780714 0.938677 0.828924 0.937794 0.877469 0.938564 0.811334 0.872582 0.12637 0.872982 0.113833 0.861084 0.129122 0.937911 0.780714 0.938861 0.795275 0.938564 0.811334 0.274861 0.953276 0.271032 0.959399 0.277514 0.960545 0.997253 0.692128 0.997411 0.705838 0.99224 0.705415 0.809559 0.594004 0.802916 0.581216 0.812989 0.591514 0.035103 0.098186 0.036817 0.098078 0.035705 0.084396 0.051758 0.635201 0.057034 0.626608 0.057948 0.63434 0.951262 0.723255 0.952941 0.739333 0.953045 0.681322 0.046554 0.371669 0.059377 0.374511 0.046409 0.376096 0.488595 0.174685 0.488721 0.178255 0.474297 0.177079 0.503337 0.993747 0.503783 0.885717 0.512982 0.993492 0.6639 0.705051 0.667007 0.703423 0.658714 0.738256 0.663544 0.700389 0.6639 0.705051 0.658714 0.738256 0.667007 0.703423 0.668415 0.737712 0.658714 0.738256 0.512982 0.993492 0.503783 0.885717 0.513133 0.885081 0.3192 0.813067 0.322581 0.814109 0.320053 0.817096 0.941009 0.972611 0.938049 0.972778 0.940569 0.959393 0.872982 0.113833 0.860903 0.121712 0.861084 0.129122 0.000396 0.558427 0.015095 0.558864 0.001342 0.55675 0.913909 0.347718 0.91704 0.333477 0.912469 0.333307 0.225342 0.198344 0.228575 0.198166 0.229249 0.183925 0.121284 0.077151 0.106619 0.074984 0.106864 0.079937 0.35434 0.405287 0.368844 0.408429 0.369256 0.403256 0.045537 0.186514 0.045583 0.18962 0.060489 0.188433 0.835651 0.628328 0.835622 0.623423 0.822434 0.628113 0.701727 0.941447 0.581677 0.835799 0.702595 0.835115 0.306463 0.580413 0.335937 0.576421 0.087947 0.601873 0.311199 0.298302 0.312927 0.301697 0.359539 0.299197 0.207077 0.917242 0.21643 0.919272 0.212299 0.920874 0.206354 0.281253 0.207102 0.288328 0.205609 0.28539 0.332394 0.440285 0.330705 0.442075 0.344793 0.441758 0.402422 0.074975 0.404621 0.075883 0.403986 0.074435 0.074448 0.170022 0.074857 0.171634 0.083838 0.17189 0.084148 0.169977 0.083838 0.17189 0.074448 0.170022 0.841279 0.575379 0.843626 0.5811 0.843626 0.572161 0.842991 0.583048 0.841279 0.575379 0.843626 0.5811 0.207102 0.288328 0.20583 0.288979 0.205609 0.28539 0.207102 0.288328 0.20583 0.288979 0.206977 0.302618 0.079364 0.173107 0.083838 0.17189 0.074857 0.171634 0.208277 0.916447 0.207077 0.917242 0.209101 0.914 0.204416 0.908434 0.212542 0.889569 0.207077 0.917242 0.207077 0.917242 0.212542 0.889569 0.209101 0.914 0.84141 0.58242 0.842991 0.583048 0.841279 0.575379 0.990818 0.326513 0.989281 0.330445 0.991613 0.320072 0.207837 0.905401 0.212542 0.889569 0.209101 0.914 0.470059 0.485303 0.510101 0.48466 0.426567 0.484056 0.225361 0.923913 0.226706 0.926963 0.212299 0.920874 0.742939 0.772784 0.743577 0.770111 0.740059 0.769242 0.212542 0.889569 0.228149 0.870212 0.208836 0.898335 0.208836 0.898335 0.207837 0.905401 0.212542 0.889569 0.638792 0.786678 0.640297 0.778055 0.640096 0.756809 0.087947 0.601873 0.206658 0.602224 0.306463 0.580413 0.58462 0.011467 0.568528 0.013045 0.587704 0.03072 0.312598 0.601281 0.335937 0.576421 0.306463 0.580413 0.819025 0.489815 0.820836 0.477059 0.824721 0.493717 0.837292 0.895886 0.836795 0.915221 0.837142 0.866209 0.817332 0.483043 0.820836 0.477059 0.819025 0.489815 0.964226 0.877197 0.972723 0.90363 0.964496 0.882734 0.393576 0.527675 0.382617 0.527092 0.38476 0.528467 0.417658 0.529777 0.393576 0.527675 0.414586 0.52963 0.87152 0.609227 0.873049 0.609408 0.871338 0.610016 0.201681 0.069006 0.200713 0.071942 0.202296 0.069184 0.201681 0.072161 0.200713 0.071942 0.202296 0.069184 0.340029 0.445323 0.338693 0.445418 0.342455 0.447285 0.414586 0.52963 0.414032 0.53046 0.413879 0.530076 0.338693 0.445418 0.338014 0.445204 0.342455 0.447285 0.873049 0.609408 0.873713 0.610016 0.871338 0.610016 0.051861 0.605008 0.051069 0.602918 0.051069 0.605284 0.979161 0.672891 0.979313 0.67605 0.978449 0.702524 0.04042 0.1597 0.037609 0.160489 0.040776 0.160489 0.414586 0.52963 0.393576 0.527675 0.38476 0.528467 0.342455 0.447285 0.340029 0.445323 0.341613 0.445671 0.413879 0.530076 0.414586 0.52963 0.412805 0.529934 0.837845 0.08996 0.835616 0.090513 0.832877 0.090592 0.412805 0.529934 0.414586 0.52963 0.410092 0.530114 0.835616 0.090513 0.834541 0.09099 0.832877 0.090592 0.341613 0.445671 0.342455 0.447285 0.352024 0.446285 0.832877 0.090592 0.831745 0.090869 0.805908 0.090759 0.414586 0.52963 0.410092 0.530114 0.38476 0.528467 0.628767 0.237334 0.631032 0.238617 0.633809 0.237599 0.560351 0.205681 0.557094 0.205925 0.55613 0.207232 0.631032 0.238617 0.633809 0.237599 0.6423 0.238218 0.909753 0.508849 0.90906 0.508438 0.908267 0.497782 0.964226 0.877197 0.963831 0.87773 0.962047 0.875387 0.629634 0.236442 0.628767 0.237334 0.640354 0.236303 0.157165 0.569996 0.160927 0.569274 0.161816 0.570388 0.372114 0.528206 0.366718 0.527414 0.368547 0.528174 0.57298 0.19845 0.557094 0.205925 0.56182 0.204834 0.560351 0.205681 0.57298 0.19845 0.55613 0.207232 0.56182 0.204834 0.560351 0.205681 0.57298 0.19845 0.964352 0.869714 0.964226 0.877197 0.962047 0.875387 0.910926 0.494085 0.909753 0.508849 0.909324 0.494334 0.909753 0.508849 0.908267 0.497782 0.909324 0.494334 0.979279 0.707911 0.978449 0.702524 0.979545 0.711346 0.215329 0.687707 0.231285 0.688272 0.217674 0.686781 0.374026 0.444962 0.38118 0.44612 0.371011 0.44518 0.374026 0.444962 0.377562 0.444634 0.38118 0.44612 0.369399 0.529678 0.373069 0.529852 0.369177 0.530579 0.373069 0.529852 0.369177 0.530579 0.369674 0.531253 0.963831 0.87773 0.964496 0.882734 0.962047 0.875387 0.377562 0.444634 0.38118 0.44612 0.384475 0.443715 0.373069 0.529852 0.368547 0.528174 0.369399 0.529678 0.369177 0.530579 0.369399 0.529678 0.367619 0.529689 0.964352 0.869714 0.972723 0.90363 0.964226 0.877197 0.102469 0.391089 0.104117 0.408912 0.104045 0.391048 0.367619 0.529689 0.361899 0.52865 0.369177 0.530579 0.367564 0.529255 0.367619 0.529689 0.361899 0.52865 0.369177 0.530579 0.361899 0.52865 0.359859 0.528564 0.366718 0.527414 0.368547 0.528174 0.364561 0.528359 0.639539 0.24001 0.6423 0.238218 0.644041 0.239717 0.367564 0.529255 0.368547 0.528174 0.369399 0.529678 0.909324 0.494334 0.908267 0.497782 0.907759 0.494225 0.364561 0.528359 0.368547 0.528174 0.367564 0.529255 0.961822 0.873436 0.964352 0.869714 0.962047 0.875387 0.348527 0.872805 0.348017 0.873984 0.349565 0.875 0.970167 0.856916 0.967103 0.872492 0.965737 0.868021 0.361055 0.526708 0.366718 0.527414 0.364561 0.528359 0.816706 0.567291 0.818962 0.565291 0.817135 0.564884 0.131463 0.299164 0.128161 0.294369 0.129584 0.302115 0.080364 0.402603 0.080364 0.408912 0.081125 0.408235 0.364561 0.528359 0.367564 0.529255 0.361899 0.52865 0.129584 0.302115 0.128161 0.294369 0.127121 0.295103 0.961185 0.869774 0.960832 0.867637 0.96126 0.867643 0.960583 0.867568 0.961185 0.869774 0.960244 0.865305 0.080364 0.402603 0.081125 0.408235 0.080631 0.403137 0.819807 0.564485 0.818962 0.565291 0.819833 0.559678 0.236342 0.635252 0.23555 0.635252 0.235801 0.636041 0.964352 0.869714 0.970167 0.856916 0.965737 0.868021 0.961185 0.869774 0.960583 0.867568 0.960832 0.867637 0.526128 0.151814 0.526128 0.151025 0.525337 0.151427 0.819833 0.559678 0.818044 0.557238 0.819873 0.557374 0.818044 0.557238 0.818962 0.565291 0.819833 0.559678 0.132058 0.299898 0.129584 0.302115 0.132842 0.301473 0.359859 0.528564 0.361899 0.52865 0.354125 0.524196 0.914312 0.004143 0.912515 0.005039 0.910707 0.003785 0.361899 0.52865 0.361055 0.526708 0.354125 0.524196 0.132842 0.301473 0.129584 0.302115 0.133753 0.303028 0.53059 0.220214 0.521984 0.219691 0.524154 0.221175 0.528694 0.00276 0.532752 0.001846 0.530823 0.001183 0.528694 0.00276 0.528504 0.002453 0.530823 0.001183 0.818722 0.555648 0.817244 0.554305 0.817459 0.553233 0.818044 0.557238 0.817244 0.554305 0.818722 0.555648 0.914312 0.004143 0.916469 0.00276 0.910707 0.003785 0.970167 0.856916 0.964352 0.869714 0.966354 0.859712 0.355058 0.522727 0.361055 0.526708 0.354125 0.524196 0.352732 0.518533 0.356346 0.52273 0.355058 0.522727 0.369674 0.531253 0.369177 0.530579 0.359859 0.528564 0.058987 0.536648 0.062709 0.536672 0.06427 0.536077 0.058987 0.536648 0.06427 0.536077 0.063913 0.535183 0.960244 0.865305 0.961185 0.869774 0.960354 0.871262 0.964352 0.869714 0.961822 0.873436 0.961185 0.869774 0.964352 0.869714 0.961185 0.869774 0.96126 0.867643 0.964352 0.869714 0.96126 0.867643 0.960244 0.865305 0.96126 0.867643 0.960244 0.865305 0.960583 0.867568 0.964352 0.869714 0.965468 0.861658 0.960244 0.865305 0.970167 0.856916 0.966354 0.859712 0.967323 0.854865 0.967323 0.854865 0.966354 0.859712 0.965468 0.861658 0.967323 0.854865 0.965468 0.861658 0.960244 0.865305 0.969859 0.854165 0.968109 0.855766 0.967323 0.854865 0.968109 0.855766 0.970167 0.856916 0.967323 0.854865 0.522169 0.127245 0.524855 0.126577 0.525367 0.127878 0.661307 0.516591 0.661296 0.519322 0.660728 0.516413 0.57298 0.19845 0.577168 0.197747 0.57833 0.195821 0.577168 0.197747 0.57298 0.19845 0.575878 0.201065 0.910707 0.003785 0.912515 0.005039 0.909925 0.00472 0.521172 0.22081 0.52145 0.220981 0.521456 0.222003 0.897466 0.001183 0.891688 0.00276 0.893387 0.001215 0.579177 0.194463 0.57833 0.195821 0.579055 0.196287 0.52145 0.220981 0.521984 0.219691 0.521172 0.22081 0.52145 0.220981 0.524154 0.221175 0.521984 0.219691 0.908105 0.003758 0.910707 0.003785 0.909925 0.00472 0.579177 0.194463 0.57298 0.19845 0.57833 0.195821 0.355007 0.520799 0.356346 0.52273 0.352732 0.518533 0.893387 0.001215 0.891132 0.001183 0.891688 0.00276 0.97981 0.911192 0.979018 0.912066 0.979018 0.9097 0.169936 0.036672 0.170625 0.037461 0.169042 0.037461 0.965558 0.986769 0.967113 0.987776 0.967867 0.986795 0.002025 0.363959 0.00258 0.36447 0.000396 0.364748 0.47308 0.998028 0.473872 0.997756 0.47308 0.996451 0.979018 0.9097 0.9798 0.910587 0.97981 0.911192 0.909925 0.00472 0.907529 0.003676 0.908105 0.003758 0.658353 0.640773 0.658353 0.639984 0.65677 0.640354 0.321061 0.101391 0.325587 0.10144 0.323688 0.100552 0.003563 0.364748 0.000396 0.364748 0.00258 0.36447 0.965558 0.986769 0.967867 0.986795 0.968229 0.986199 0.97967 0.91 0.9798 0.910587 0.979018 0.9097 0.909925 0.00472 0.906392 0.003428 0.907779 0.005116 0.907779 0.005116 0.904079 0.002909 0.906392 0.003428 0.967867 0.986795 0.967113 0.987776 0.968725 0.986769 0.970167 0.856916 0.968109 0.855766 0.970579 0.854586 0.77908 0.916762 0.776657 0.926357 0.777334 0.918824 0.196753 0.709739 0.197888 0.703344 0.197253 0.702908 0.144029 0.30629 0.141118 0.305572 0.140557 0.307784 0.852336 0.528785 0.852336 0.537461 0.851544 0.535042 0.99008 0.668755 0.989433 0.652152 0.990895 0.632098 0.906968 0.734621 0.906253 0.722797 0.905294 0.724634 0.905294 0.724634 0.906968 0.734621 0.905993 0.731611 0.906253 0.722797 0.905294 0.724634 0.906931 0.698764 0.906931 0.698764 0.905115 0.7166 0.905294 0.724634 0.806117 0.089511 0.805908 0.090759 0.797704 0.089663 0.557094 0.205925 0.537196 0.206086 0.55613 0.207232 0.371011 0.44518 0.352024 0.446285 0.38118 0.44612 0.837845 0.08996 0.805908 0.090759 0.806117 0.089511 0.9798 0.708206 0.978604 0.686292 0.978449 0.702524 0.978449 0.702524 0.9798 0.708206 0.979279 0.707911 0.38118 0.44612 0.352024 0.446285 0.342455 0.447285 0.57298 0.19845 0.537196 0.206086 0.557094 0.205925 0.837845 0.08996 0.832877 0.090592 0.805908 0.090759 0.776657 0.926357 0.775753 0.952406 0.777334 0.918824 0.183881 0.302571 0.18685 0.298467 0.144029 0.30629 0.661307 0.516591 0.66152 0.51887 0.661296 0.519322 0.701727 0.941447 0.702595 0.835115 0.704971 0.946376 0.403027 0.952762 0.462631 0.96122 0.468592 0.969606 0.345164 0.960528 0.468592 0.969606 0.489276 0.972332 0.403027 0.952762 0.468592 0.969606 0.383165 0.953328 0.77175 0.546106 0.711115 0.562751 0.707101 0.545194 0.383165 0.953328 0.468592 0.969606 0.345164 0.960528 0.357538 0.88152 0.373642 0.909751 0.345164 0.960528 0.043048 0.025485 0.04394 0.026317 0.063737 0.017744 0.393037 0.889904 0.388781 0.949241 0.37519 0.911074 0.37519 0.911074 0.388781 0.949241 0.374623 0.927914 0.005146 0.893866 0.003522 0.890738 0.004915 0.888305 0.536298 0.109662 0.53404 0.107839 0.535081 0.110357 0.535081 0.110357 0.53404 0.107839 0.533254 0.108975 0.435847 0.268504 0.435658 0.271722 0.437678 0.269544 0.375221 0.908947 0.393037 0.889904 0.37519 0.911074 0.37519 0.911074 0.374623 0.927914 0.371977 0.928656 0.937694 0.304567 0.936296 0.302481 0.941271 0.303133 0.375754 0.932707 0.374623 0.927914 0.388781 0.949241 0.04394 0.026317 0.060358 0.02001 0.063737 0.017744 0.941271 0.303133 0.936296 0.302481 0.939299 0.301928 0.371977 0.928656 0.375754 0.932707 0.345164 0.960528 0.345164 0.960528 0.375754 0.932707 0.388781 0.949241 0.357538 0.88152 0.393037 0.889904 0.375221 0.908947 0.357538 0.88152 0.375221 0.908947 0.373642 0.909751 0.770795 0.562971 0.711115 0.562751 0.77175 0.546106 0.776316 0.514345 0.770795 0.562971 0.77175 0.546106 0.099764 0.262171 0.210713 0.262895 0.222243 0.262034 0.517319 0.9614 0.516905 0.881713 0.57617 0.95865 0.099786 0.315836 0.114251 0.26392 0.099764 0.262171 0.345416 0.494231 0.45756 0.500641 0.461494 0.501033 0.006645 0.794511 0.013868 0.925846 0.021523 0.973999 0.006645 0.794511 0.021523 0.973999 0.011211 0.85321 0.505467 0.510024 0.534621 0.643041 0.518093 0.49418 0.505467 0.510024 0.516382 0.607662 0.534621 0.643041 0.518093 0.49418 0.4585 0.514207 0.505467 0.510024 0.461494 0.501033 0.4585 0.514207 0.518093 0.49418 0.136799 0.094666 0.124378 0.122952 0.141258 0.090909 0.124378 0.122952 0.141258 0.090909 0.12561 0.126244 0.345416 0.494231 0.345176 0.508586 0.45365 0.51228 0.345416 0.494231 0.45365 0.51228 0.45756 0.500641 0.640555 0.272135 0.635479 0.273276 0.665133 0.273761 0.560683 0.264763 0.551501 0.261373 0.536333 0.258778 0.551501 0.261373 0.531121 0.256064 0.536333 0.258778 0.344232 0.798528 0.342852 0.913543 0.340528 0.859411 0.342902 0.750329 0.344232 0.798528 0.340528 0.859411 0.407893 0.516172 0.371257 0.517883 0.411203 0.518425 0.384898 0.516136 0.407893 0.516172 0.371257 0.517883 0.197277 0.98308 0.255208 0.982882 0.22169 0.982397 0.255208 0.982882 0.197277 0.98308 0.224003 0.985173 0.209282 0.985922 0.197277 0.98308 0.224003 0.985173 0.916469 0.301219 0.915312 0.301656 0.914873 0.297573 0.915312 0.301656 0.914873 0.297573 0.912914 0.301053 0.763944 0.26203 0.770106 0.255859 0.737892 0.269666 0.597476 0.201232 0.594275 0.201664 0.612648 0.203828 0.597476 0.201232 0.591321 0.200547 0.614156 0.202542 0.612648 0.203828 0.614156 0.202542 0.597476 0.201232 0.712351 0.49834 0.713017 0.480248 0.7141 0.486469 0.105417 0.970216 0.108733 0.972902 0.228326 0.958087 0.737892 0.269666 0.724001 0.268447 0.625539 0.253452 0.697792 0.269292 0.737892 0.269666 0.625539 0.253452 0.957237 0.396321 0.958346 0.369544 0.958198 0.383189 0.954293 0.386761 0.958346 0.369544 0.957237 0.396321 0.108733 0.972902 0.085683 0.962711 0.105417 0.970216 0.273203 0.993982 0.308488 0.991991 0.035057 0.98802 0.034196 0.491023 0.323971 0.491142 0.034719 0.511322 0.272007 0.442281 0.123236 0.442337 0.271226 0.45378 0.353694 0.573776 0.465874 0.573869 0.374328 0.572693 0.503406 0.574997 0.465874 0.573869 0.353694 0.573776 0.273226 0.99782 0.321444 0.996174 0.273203 0.993982 0.273203 0.993982 0.321444 0.996174 0.308488 0.991991 0.323971 0.491142 0.034719 0.511322 0.323346 0.510739 0.271226 0.45378 0.123236 0.442337 0.123138 0.45314 0.402516 0.73821 0.518044 0.738719 0.401176 0.87919 0.576286 0.990099 0.668583 0.986899 0.523158 0.986378 0.235607 0.938786 0.235783 0.949952 0.204766 0.949865 0.104307 0.252565 0.080822 0.245708 0.079155 0.258589 0.11599 0.248282 0.080822 0.245708 0.104307 0.252565 0.210713 0.262895 0.222684 0.317341 0.222243 0.262034 0.210968 0.317379 0.222684 0.317341 0.210713 0.262895 0.201652 0.947697 0.204766 0.949865 0.235607 0.938786 0.201652 0.947697 0.235607 0.938786 0.070506 0.947331 0.223335 0.246224 0.080822 0.245708 0.11599 0.248282 0.213491 0.254644 0.11599 0.248282 0.116376 0.256812 0.230642 0.315293 0.3009 0.329166 0.324019 0.329434 0.523158 0.986378 0.523053 0.995164 0.576286 0.990099 0.210713 0.262895 0.099764 0.262171 0.114251 0.26392 0.776316 0.514345 0.776364 0.624278 0.770795 0.562971 0.948855 0.068936 0.948357 0.042973 0.890237 0.042741 0.948855 0.068936 0.890237 0.042741 0.890329 0.068961 0.956607 0.532798 0.957879 0.538434 0.942425 0.532313 0.706665 0.073479 0.720628 0.058674 0.661021 0.058661 0.706665 0.073479 0.710552 0.085837 0.720727 0.084975 0.706665 0.073479 0.720727 0.084975 0.720628 0.058674 0.661021 0.058661 0.661041 0.06984 0.706665 0.073479 0.465874 0.573869 0.503406 0.574997 0.477399 0.574015 0.503406 0.574997 0.500926 0.559973 0.471935 0.565608 0.477399 0.574015 0.503406 0.574997 0.471935 0.565608 0.40358 0.283392 0.403386 0.297224 0.418562 0.296993 0.418597 0.283735 0.40358 0.283392 0.418562 0.296993 0.708181 0.51274 0.768149 0.533445 0.768878 0.514144 0.723855 0.538154 0.768149 0.533445 0.708181 0.51274 0.723855 0.538154 0.708181 0.51274 0.709459 0.539719 0.695013 0.390875 0.684624 0.393107 0.690025 0.338932 0.462631 0.96122 0.476476 0.898086 0.468592 0.969606 0.5 0.991719 0.480881 0.993297 0.476247 0.991719 0.657893 0.592047 0.536192 0.486624 0.539693 0.613663 0.874783 0.84722 0.890577 0.847386 0.881012 0.857401 0.310722 0.054322 0.325396 0.055333 0.338876 0.05264 0.880494 0.856104 0.890577 0.847386 0.887428 0.873209 0.887428 0.873209 0.890577 0.847386 0.885662 0.886401 0.890577 0.847386 0.890939 0.932571 0.885662 0.886401 0.885397 0.902016 0.883777 0.894723 0.885662 0.886401 0.194388 0.343937 0.197202 0.323885 0.173192 0.339983 0.197202 0.323885 0.127995 0.333233 0.173192 0.339983 0.194186 0.399864 0.173192 0.339983 0.17291 0.400969 0.194186 0.399864 0.194388 0.343937 0.173192 0.339983 0.606714 0.830625 0.694844 0.824783 0.585661 0.816714 0.197202 0.323885 0.108146 0.325684 0.127995 0.333233 0.154015 0.333944 0.173192 0.339983 0.127995 0.333233 0.084936 0.420577 0.088666 0.416767 0.085192 0.324543 0.108535 0.418423 0.088666 0.416767 0.084936 0.420577 0.49373 0.020365 0.493777 0.01828 0.475445 0.019732 0.926938 0.78112 0.923966 0.784563 0.929985 0.761435 0.994704 0.500639 0.996045 0.490657 0.995358 0.515147 0.717651 0.733874 0.711555 0.735556 0.714483 0.724827 0.835651 0.628328 0.835629 0.631921 0.822434 0.628113 0.874679 0.289821 0.874506 0.286419 0.887129 0.288711 0.940569 0.959393 0.943389 0.972534 0.941009 0.972611 0.147285 0.546976 0.149309 0.541849 0.133721 0.544555 0.458113 0.496451 0.458036 0.494085 0.471496 0.494085 0.524608 0.355139 0.534838 0.353712 0.528639 0.362566 0.879909 0.152892 0.879729 0.147882 0.866309 0.149857 0.982421 0.100765 0.984561 0.071372 0.98384 0.113 0.485651 0.599859 0.480581 0.598468 0.464158 0.607021 0.817312 0.071688 0.816069 0.052383 0.815475 0.072344 0.485651 0.599859 0.50213 0.585154 0.480581 0.598468 0.831806 0.735894 0.834026 0.702963 0.8344 0.735883 0.344909 0.593366 0.355405 0.599232 0.354191 0.595584 0.354191 0.595584 0.344909 0.593366 0.344874 0.591551 0.348298 0.037002 0.315794 0.04008 0.333256 0.044008 0.377196 0.608581 0.360892 0.604787 0.355405 0.599232 0.355405 0.599232 0.377196 0.608581 0.354191 0.595584 0.839839 0.925818 0.801053 0.980625 0.79949 0.975009 0.711396 0.256193 0.753485 0.237476 0.716753 0.25266 0.753485 0.237476 0.711396 0.256193 0.771935 0.23094 0.801053 0.980625 0.79949 0.975009 0.803637 0.987869 0.814842 0.695352 0.815492 0.691923 0.81895 0.699455 0.237531 0.047112 0.223734 0.04874 0.293169 0.049361 0.223734 0.04874 0.293169 0.049361 0.275989 0.055407 0.404475 0.089432 0.433011 0.087518 0.4577 0.083852 0.815492 0.691923 0.797466 0.629971 0.799472 0.630186 0.799472 0.630186 0.797466 0.629971 0.807458 0.608824 0.776265 0.656834 0.797466 0.629971 0.783442 0.645474 0.776265 0.656834 0.792219 0.626139 0.797466 0.629971 0.852359 0.931834 0.851612 0.932927 0.875099 0.932781 0.4577 0.083852 0.452948 0.081625 0.404475 0.089432 0.685917 0.244943 0.711396 0.256193 0.716753 0.25266 0.856663 0.010013 0.865243 0.011564 0.871844 0.010877 0.856663 0.010013 0.871844 0.010877 0.865621 0.007199 0.271043 0.257146 0.281598 0.260866 0.295177 0.258014 0.776265 0.656834 0.772623 0.669676 0.783442 0.645474 0.568553 0.979353 0.676287 0.968084 0.589273 0.966737 0.048565 0.643974 0.048386 0.587972 0.038685 0.656905 0.038685 0.656905 0.048386 0.587972 0.013502 0.577281 0.012558 0.693207 0.038685 0.656905 0.013502 0.577281 0.048565 0.643974 0.13394 0.656759 0.08669 0.643926 0.038685 0.656905 0.13394 0.656759 0.048565 0.643974 0.036955 0.755308 0.038685 0.656905 0.012558 0.693207 0.048386 0.587972 0.086385 0.587757 0.1041 0.576554 0.697937 0.96148 0.581677 0.835799 0.701727 0.941447 0.778393 0.197688 0.63544 0.21812 0.635621 0.197656 0.032248 0.564996 0.322346 0.557189 0.125768 0.557061 0.032258 0.556592 0.032248 0.564996 0.118668 0.557052 0.75751 0.677706 0.767492 0.70343 0.767404 0.708805 0.758784 0.599532 0.757684 0.597813 0.756914 0.595923 0.125768 0.557061 0.032248 0.564996 0.118668 0.557052 0.298036 0.032567 0.260528 0.033329 0.272706 0.03705 0.118668 0.557052 0.125768 0.557061 0.122268 0.556651 0.161906 0.744011 0.158868 0.744054 0.15965 0.736768 0.107046 0.062382 0.15101 0.064691 0.137637 0.062262 0.759065 0.609363 0.761532 0.647486 0.758784 0.599532 0.767404 0.708805 0.755134 0.678349 0.75751 0.677706 0.75751 0.677706 0.759138 0.675945 0.767492 0.70343 0.15101 0.064691 0.107046 0.062382 0.134953 0.066493 0.905314 0.338334 0.905431 0.379849 0.904234 0.338604 0.846439 0.04789 0.874707 0.074414 0.873395 0.043539 0.846439 0.04789 0.873395 0.043539 0.843561 0.045015 0.843561 0.045015 0.873395 0.043539 0.824062 0.043806 0.843561 0.045015 0.842089 0.04895 0.824062 0.043806 0.135235 0.390349 0.133633 0.346004 0.137543 0.339922 0.137543 0.339922 0.168488 0.347632 0.169202 0.39274 0.135235 0.390349 0.137543 0.339922 0.169202 0.39274 0.815141 0.208165 0.821387 0.220454 0.816355 0.204002 0.767991 0.7989 0.76208 0.795824 0.714946 0.798809 0.76208 0.795824 0.722114 0.797856 0.714946 0.798809 0.166487 0.207301 0.219168 0.177634 0.173836 0.176322 0.816355 0.204002 0.815141 0.208165 0.828503 0.165738 0.828503 0.165738 0.815141 0.208165 0.818682 0.173943 0.893591 0.073123 0.894178 0.124849 0.939508 0.1246 0.939508 0.1246 0.939411 0.073353 0.893591 0.073123 0.984028 0.163942 0.982947 0.146395 0.98195 0.177958 0.607118 0.133872 0.545566 0.118991 0.569944 0.131332 0.86846 0.995612 0.908652 0.998565 0.918156 0.995266 0.101801 0.233451 0.089865 0.235403 0.094281 0.233044 0.045144 0.969362 0.04235 0.963882 0.050277 0.971215 0.137631 0.175018 0.100425 0.187753 0.144338 0.174831 0.918156 0.995266 0.908652 0.998565 0.921834 0.997103 0.904234 0.338604 0.905431 0.379849 0.90295 0.379614 0.846756 0.553518 0.842627 0.536054 0.844336 0.488935 0.569944 0.131332 0.545566 0.118991 0.541964 0.119395 0.167055 0.317092 0.184051 0.318891 0.193587 0.31664 0.069037 0.543069 0.113989 0.540023 0.067483 0.540098 0.807458 0.608824 0.819211 0.59633 0.810903 0.609928 0.451929 0.095205 0.452909 0.093122 0.388543 0.100951 0.452395 0.09618 0.388543 0.100951 0.451929 0.095205 0.233196 0.25476 0.271043 0.257146 0.24508 0.253315 0.233196 0.25476 0.241467 0.256329 0.271043 0.257146 0.458524 0.095287 0.452395 0.09618 0.460474 0.091198 0.982153 0.180988 0.984758 0.184595 0.982402 0.18888 0.842627 0.536054 0.848649 0.569467 0.846756 0.553518 0.460474 0.091198 0.452395 0.09618 0.454851 0.092047 0.684639 0.247029 0.711396 0.256193 0.685917 0.244943 0.982153 0.180988 0.984028 0.163942 0.984758 0.184595 0.982153 0.180988 0.98195 0.177958 0.984028 0.163942 0.307725 0.844651 0.311525 0.841976 0.271755 0.840093 0.113989 0.540023 0.069037 0.543069 0.104172 0.543352 0.137637 0.062262 0.15101 0.064691 0.153747 0.062998 0.717517 0.327166 0.724296 0.325981 0.701863 0.321564 0.044268 0.155704 0.023907 0.147195 0.024742 0.146056 0.7942 0.96824 0.79895 0.945915 0.798503 0.968277 0.827281 0.303988 0.826161 0.29563 0.828583 0.287461 0.46744 0.00716 0.464659 0.010125 0.483998 0.013427 0.46744 0.00716 0.483998 0.013427 0.502946 0.00861 0.314224 0.530022 0.32498 0.519167 0.00264 0.529296 0.00264 0.529296 0.32498 0.519167 0.004486 0.519008 0.087556 0.72355 0.091959 0.701499 0.100703 0.723428 0.0671 0.479749 0.069127 0.469749 0.357193 0.482456 0.322346 0.565444 0.322346 0.557189 0.032248 0.564996 0.357193 0.482456 0.356945 0.469121 0.069127 0.469749 0.582198 0.63056 0.577361 0.627861 0.619304 0.62474 0.935007 0.571175 0.93968 0.634411 0.933575 0.596557 0.778524 0.218441 0.63544 0.21812 0.778393 0.197688 0.357538 0.88152 0.378269 0.738384 0.374082 0.879119 0.810586 0.651439 0.827959 0.665379 0.818991 0.665991 0.920804 0.967538 0.919426 0.942701 0.924976 0.971617 0.826319 0.705626 0.822722 0.706248 0.836158 0.679833 0.713502 0.234957 0.73345 0.234143 0.719052 0.236818 0.920529 0.907614 0.920804 0.967538 0.919426 0.942701 0.73345 0.234143 0.732119 0.236573 0.719052 0.236818 0.104172 0.543352 0.119238 0.542254 0.113989 0.540023 0.950066 0.115935 0.946481 0.116416 0.953543 0.094523 0.850147 0.988675 0.866 0.987776 0.869678 0.988588 0.095648 0.338275 0.094366 0.371275 0.093088 0.357969 0.55384 0.218849 0.558649 0.220426 0.559382 0.218849 0.686065 0.002683 0.690095 0.003549 0.691958 0.002236 0.664245 0.032723 0.664643 0.03194 0.667063 0.032558 0.560174 0.11317 0.558591 0.110822 0.560003 0.111229 0.559536 0.110301 0.560003 0.111229 0.558591 0.110822 0.42245 0.410525 0.429982 0.411047 0.431116 0.4099 0.195307 0.287942 0.193617 0.279574 0.191878 0.297948 0.982033 0.442018 0.968872 0.441848 0.968621 0.457196 0.982226 0.45694 0.982033 0.442018 0.968621 0.457196 0.007122 0.675746 0.005537 0.673737 0.007302 0.572684 0.005537 0.673737 0.007302 0.572684 0.005681 0.57288 0.673928 0.797258 0.666026 0.652604 0.674022 0.65212 0.238527 0.083203 0.238468 0.081667 0.183491 0.081296 0.239755 0.013498 0.206712 0.013254 0.255968 0.013181 0.221805 0.013576 0.239755 0.013498 0.206712 0.013254 0.619765 0.214533 0.618011 0.269139 0.615985 0.267813 0.641982 0.645849 0.628106 0.641266 0.656754 0.649705 0.656754 0.649705 0.628106 0.641266 0.674022 0.65212 0.863077 0.451821 0.862872 0.436025 0.864209 0.452237 0.239755 0.013498 0.221805 0.013576 0.238834 0.013704 0.238834 0.013704 0.221805 0.013576 0.237652 0.013738 0.980602 0.64235 0.97949 0.640894 0.978781 0.6423 0.659374 0.651281 0.658359 0.650368 0.659645 0.651338 0.659645 0.651338 0.658359 0.650368 0.660452 0.651165 0.658359 0.650368 0.656754 0.649705 0.666026 0.652604 0.666026 0.652604 0.660452 0.651165 0.658359 0.650368 0.661478 0.651605 0.660452 0.651165 0.666026 0.652604 0.472786 0.532073 0.47074 0.531858 0.475067 0.532292 0.666026 0.652604 0.656754 0.649705 0.674022 0.65212 0.338781 0.463546 0.337251 0.465302 0.337384 0.463883 0.641634 0.646167 0.642412 0.646435 0.641982 0.645849 0.864212 0.435726 0.862872 0.436025 0.864209 0.452237 0.180127 0.975158 0.195021 0.975488 0.186507 0.976197 0.27593 0.535095 0.272421 0.534306 0.269596 0.535095 0.434362 0.523038 0.435219 0.520396 0.433492 0.522244 0.435219 0.520396 0.436505 0.522236 0.434362 0.523038 0.239755 0.013498 0.238834 0.013704 0.239443 0.01442 0.063504 0.002184 0.06644 0.000656 0.066885 0.001866 0.758116 0.361593 0.758116 0.360016 0.757324 0.36156 0.066885 0.001866 0.06644 0.000656 0.066904 0.000737 0.365179 0.013331 0.364841 0.013712 0.363811 0.010469 0.925178 0.472887 0.924546 0.472254 0.924754 0.473742 0.924754 0.473742 0.922078 0.472163 0.921711 0.473222 0.449992 0.594491 0.448537 0.596428 0.44956 0.596857 0.924546 0.472254 0.922078 0.472163 0.924754 0.473742 0.51658 0.033533 0.515593 0.033911 0.515044 0.033936 0.475067 0.532292 0.472786 0.532073 0.473186 0.533517 0.515485 0.034306 0.515593 0.033911 0.51658 0.033533 0.660452 0.651165 0.659645 0.651338 0.658587 0.652298 0.47074 0.531858 0.471791 0.5326 0.472786 0.532073 0.449992 0.594491 0.44956 0.596857 0.453084 0.594389 0.186507 0.976197 0.195021 0.975488 0.188644 0.977335 0.615985 0.267813 0.511443 0.266757 0.618011 0.269139 0.980448 0.969005 0.979813 0.976069 0.976757 0.971826 0.759245 0.569234 0.75374 0.56872 0.754944 0.570131 0.225361 0.923913 0.228779 0.923696 0.22765 0.927787 0.731435 0.287973 0.729554 0.287234 0.727479 0.288716 0.979813 0.976069 0.978859 0.974111 0.982249 0.975202 0.739358 0.358072 0.73676 0.357536 0.739456 0.355511 0.978859 0.974111 0.979813 0.976069 0.980448 0.969005 0.228443 0.925474 0.22765 0.927787 0.225361 0.923913 0.737114 0.355413 0.73676 0.357536 0.739456 0.355511 0.727479 0.288716 0.729554 0.287234 0.725741 0.287158 0.829882 0.8645 0.831707 0.902998 0.830771 0.914366 0.284214 0.953516 0.273149 0.940733 0.257916 0.908098 0.29717 0.086581 0.264628 0.084573 0.273266 0.089477 0.284214 0.953516 0.257916 0.908098 0.270764 0.928867 0.517482 0.619436 0.534621 0.643041 0.516382 0.607662 0.351138 0.636238 0.517482 0.619436 0.516382 0.607662 0.05283 0.749107 0.049433 0.675621 0.053328 0.661744 0.155709 0.185527 0.150896 0.204821 0.155496 0.205862 0.053328 0.661744 0.116088 0.663109 0.108757 0.663451 0.461522 0.656563 0.459806 0.649976 0.403416 0.668818 0.403416 0.668818 0.459806 0.649976 0.385086 0.666418 0.720122 0.38749 0.721722 0.392393 0.747808 0.445051 0.488848 0.642526 0.350791 0.674959 0.415747 0.658638 0.480846 0.631371 0.488848 0.642526 0.347772 0.661059 0.347772 0.661059 0.488848 0.642526 0.350791 0.674959 0.472594 0.709513 0.461522 0.656563 0.481326 0.715645 0.461522 0.656563 0.467561 0.656014 0.481326 0.715645 0.403416 0.668818 0.414867 0.720117 0.402126 0.726228 0.007935 0.252703 0.059554 0.252504 0.010649 0.366529 0.488014 0.984678 0.345164 0.960528 0.489276 0.972332 0.918627 0.477921 0.889106 0.416244 0.888429 0.442485 0.822722 0.706248 0.831297 0.684075 0.836158 0.679833 0.802444 0.755876 0.803457 0.761043 0.79972 0.747114 0.803457 0.761043 0.797297 0.745636 0.802952 0.717569 0.948342 0.857508 0.955895 0.846941 0.951516 0.858099 0.803457 0.761043 0.802952 0.717569 0.79972 0.747114 0.124378 0.122952 0.110897 0.136317 0.114455 0.135366 0.618595 0.089955 0.636494 0.093984 0.633847 0.092585 0.802952 0.717569 0.797297 0.745636 0.802131 0.713993 0.948342 0.857508 0.9536 0.891284 0.950956 0.893386 0.64007 0.097522 0.647741 0.095962 0.667604 0.08674 0.420434 0.163102 0.37147 0.163282 0.420067 0.203498 0.107316 0.748155 0.108757 0.663451 0.116088 0.663109 0.231846 0.090188 0.168389 0.100015 0.232259 0.139127 0.511443 0.266757 0.509674 0.268218 0.618011 0.269139 0.69306 0.404478 0.582657 0.42729 0.692767 0.427264 0.701974 0.455382 0.692243 0.42866 0.694368 0.463137 0.694368 0.463137 0.692243 0.42866 0.582657 0.42729 0.509587 0.215486 0.509674 0.268218 0.511443 0.266757 0.597348 0.294306 0.561185 0.2935 0.585393 0.296212 0.561929 0.279723 0.561185 0.2935 0.70954 0.292349 0.561185 0.2935 0.597348 0.294306 0.70954 0.292349 0.437678 0.269544 0.435847 0.268504 0.453503 0.270776 0.548448 0.31105 0.547785 0.312267 0.550101 0.292769 0.549466 0.295985 0.548448 0.31105 0.550101 0.292769 0.550101 0.292769 0.547785 0.312267 0.54667 0.294061 0.969712 0.927484 0.970904 0.98071 0.946486 0.927921 0.675211 0.147466 0.588775 0.147679 0.584733 0.194206 0.414867 0.720117 0.45102 0.713144 0.472594 0.709513 0.010649 0.366529 0.059554 0.252504 0.059464 0.366316 0.887496 0.412219 0.901406 0.396554 0.901529 0.411681 0.887496 0.412219 0.887229 0.39646 0.901406 0.396554 0.70954 0.292349 0.597348 0.294306 0.694612 0.295818 0.435847 0.268504 0.453503 0.270776 0.454388 0.269209 0.936012 0.908967 0.936269 0.888669 0.942827 0.919659 0.503928 0.291635 0.48783 0.293279 0.484766 0.291348 0.940749 0.921006 0.936012 0.908967 0.942827 0.919659 0.567068 0.644395 0.585973 0.646528 0.546926 0.632228 0.567068 0.644395 0.577697 0.648224 0.585973 0.646528 0.936269 0.888669 0.938465 0.885864 0.939323 0.894254 0.943389 0.881309 0.939323 0.894254 0.938465 0.885864 0.936269 0.888669 0.939323 0.894254 0.942827 0.919659 0.929235 0.911192 0.933309 0.926522 0.936269 0.888669 0.927781 0.406478 0.919977 0.396435 0.918369 0.376307 0.436961 0.455168 0.42369 0.453919 0.446518 0.452931 0.446518 0.452931 0.420575 0.450239 0.42369 0.453919 0.355222 0.386078 0.347345 0.375057 0.345084 0.356847 0.991347 0.270303 0.988817 0.271808 0.989237 0.254565 0.653435 0.486576 0.536192 0.486624 0.657893 0.592047 0.350791 0.674959 0.37781 0.696448 0.363634 0.737738 0.975466 0.622262 0.944905 0.661615 0.94356 0.638098 0.975466 0.622262 0.974459 0.661557 0.944905 0.661615 0.975466 0.622262 0.94356 0.638098 0.943785 0.621983 0.973896 0.270126 0.949836 0.225309 0.973291 0.219058 0.951973 0.264291 0.949836 0.225309 0.973896 0.270126 0.206712 0.013254 0.204478 0.014341 0.210726 0.014222 0.206712 0.013254 0.221805 0.013576 0.220022 0.013848 0.617482 0.215924 0.619765 0.214533 0.615985 0.267813 0.568512 0.11166 0.674666 0.110461 0.674817 0.111787 0.58718 0.717959 0.628106 0.641266 0.591136 0.719043 0.710477 0.852669 0.743453 0.96622 0.709081 0.96691 0.743223 0.855651 0.743453 0.96622 0.710477 0.852669 0.745077 0.855268 0.743223 0.855651 0.710477 0.852669 0.767628 0.85256 0.745077 0.855268 0.710477 0.852669 0.379906 0.696923 0.379923 0.713168 0.363634 0.737738 0.379906 0.696923 0.363634 0.737738 0.37781 0.696448 0.320806 0.451126 0.320413 0.452807 0.326193 0.452339 0.326193 0.452339 0.320413 0.452807 0.323043 0.453517 0.379923 0.713168 0.39216 0.709984 0.381191 0.715101 0.068481 0.737442 0.064445 0.679226 0.074176 0.703309 0.381191 0.715101 0.39216 0.709984 0.402126 0.726228 0.076122 0.71579 0.068481 0.737442 0.074176 0.703309 0.068481 0.737442 0.076122 0.71579 0.079979 0.720888 0.800871 0.042192 0.798496 0.038217 0.800871 0.036672 0.849116 0.27686 0.845101 0.279367 0.844937 0.277976 0.844937 0.277976 0.849116 0.27686 0.848625 0.276103 0.849116 0.27686 0.848625 0.276103 0.84537 0.257893 0.811109 0.096023 0.796312 0.095171 0.811415 0.094759 0.06262 0.736579 0.059801 0.736278 0.064204 0.681452 0.385086 0.666418 0.403416 0.668818 0.402126 0.726228 0.350791 0.674959 0.385086 0.666418 0.38378 0.670602 0.402126 0.726228 0.414867 0.720117 0.472594 0.709513 0.472594 0.709513 0.481326 0.715645 0.363634 0.737738 0.618347 0.639083 0.603773 0.644028 0.619875 0.63794 0.220022 0.013848 0.206712 0.013254 0.215825 0.013984 0.217826 0.01441 0.217754 0.013643 0.215825 0.013984 0.215825 0.013984 0.220022 0.013848 0.217754 0.013643 0.220022 0.013848 0.221158 0.014148 0.221805 0.013576 0.637843 0.644901 0.634104 0.645248 0.628106 0.641266 0.641982 0.645849 0.637843 0.644901 0.628106 0.641266 0.640041 0.64692 0.634104 0.645248 0.637843 0.644901 0.689978 0.273149 0.694062 0.276196 0.693753 0.271688 0.678981 0.399161 0.675899 0.396111 0.675772 0.397009 0.641634 0.646167 0.640041 0.64692 0.641982 0.645849 0.699181 0.034989 0.699788 0.032561 0.695718 0.03191 0.51562 0.225056 0.516525 0.250558 0.599428 0.225074 0.599496 0.250718 0.599428 0.225074 0.516525 0.250558 0.585973 0.646528 0.598518 0.649953 0.618347 0.639083 0.603773 0.644028 0.618347 0.639083 0.585973 0.646528 0.397044 0.324648 0.379947 0.310575 0.379977 0.407125 0.379977 0.407125 0.420472 0.324206 0.397044 0.324648 0.2179 0.677574 0.300971 0.677224 0.300597 0.657834 0.21726 0.658393 0.2179 0.677574 0.300597 0.657834 0.582657 0.42729 0.69306 0.404478 0.579974 0.40355 0.381191 0.715101 0.402126 0.726228 0.363634 0.737738 0.363634 0.737738 0.379923 0.713168 0.37945 0.715212 0.84537 0.257893 0.844419 0.256108 0.849281 0.257935 0.37945 0.715212 0.381191 0.715101 0.363634 0.737738 0.030579 0.496321 0.015271 0.496287 0.015256 0.510677 0.030579 0.496321 0.015256 0.510677 0.030617 0.510359 0.767628 0.85256 0.745634 0.964571 0.746053 0.860633 0.031708 0.094631 0.02913 0.095989 0.029576 0.099048 0.831135 0.809685 0.834129 0.807386 0.829913 0.823425 0.039655 0.076785 0.06007 0.085458 0.065926 0.082156 0.151473 0.096774 0.144919 0.108438 0.144203 0.128385 0.8946 0.511956 0.900633 0.500394 0.895085 0.51574 0.947274 0.980756 0.946486 0.927921 0.970904 0.98071 0.507664 0.215403 0.509587 0.215486 0.619765 0.214533 0.509587 0.215486 0.617482 0.215924 0.619765 0.214533 0.509587 0.215486 0.507664 0.215403 0.509674 0.268218 0.689978 0.273149 0.688639 0.276 0.694062 0.276196 0.7019 0.244257 0.708374 0.246504 0.715674 0.245237 0.011281 0.098235 0.02913 0.095989 0.029576 0.099048 0.541762 0.480388 0.540478 0.482782 0.544205 0.479753 0.994853 0.573944 0.991672 0.575697 0.993816 0.578035 0.540478 0.482782 0.544205 0.479753 0.547747 0.479561 0.540478 0.482782 0.54022 0.479429 0.541762 0.480388 0.611318 0.09468 0.609228 0.094361 0.610428 0.090447 0.776936 0.388799 0.774744 0.389234 0.775258 0.386057 0.776936 0.388799 0.777118 0.385777 0.775258 0.386057 0.010031 0.110962 0.008011 0.104335 0.04031 0.118966 0.680346 0.396022 0.675899 0.396111 0.678981 0.399161 0.834855 0.955936 0.830528 0.967718 0.829369 0.968646 0.520367 0.644573 0.534621 0.643041 0.517482 0.619436 0.319288 0.282189 0.318935 0.278038 0.316614 0.280544 0.788527 0.43161 0.789029 0.428325 0.788518 0.43441 0.453084 0.594389 0.44788 0.592621 0.449992 0.594491 0.008011 0.104335 0.02649 0.109864 0.035807 0.106313 0.318935 0.278038 0.316614 0.280544 0.317157 0.277587 0.96485 0.052618 0.967208 0.051771 0.965822 0.053725 0.967208 0.051771 0.965822 0.053725 0.968586 0.052178 0.315094 0.277309 0.316614 0.280544 0.314481 0.279777 0.338781 0.463546 0.341105 0.465122 0.337251 0.465302 0.644897 0.12662 0.643957 0.129702 0.647829 0.127173 0.927781 0.406478 0.918369 0.376307 0.92192 0.394672 0.837055 0.404238 0.843547 0.405583 0.837882 0.410204 0.774744 0.389234 0.77328 0.389984 0.775258 0.386057 0.832805 0.15013 0.82886 0.148758 0.829592 0.146805 0.609228 0.094361 0.610428 0.090447 0.609264 0.090533 0.0428 0.908086 0.042127 0.903201 0.046485 0.910067 0.042127 0.903201 0.04441 0.902772 0.044582 0.906574 0.634618 0.266868 0.636915 0.265268 0.635827 0.268533 0.034613 0.471628 0.032389 0.470196 0.031958 0.4721 0.856354 0.419576 0.853919 0.421581 0.855391 0.423714 0.993566 0.13725 0.995582 0.156192 0.992633 0.158905 0.009465 0.471316 0.032389 0.470196 0.012431 0.469637 0.032389 0.470196 0.009465 0.471316 0.031958 0.4721 0.440618 0.4097 0.437161 0.41118 0.438669 0.410032 0.00869 0.985229 0.006788 0.977774 0.009539 0.98266 0.044518 0.239031 0.047954 0.237111 0.044533 0.237446 0.991935 0.157332 0.993566 0.13725 0.992633 0.158905 0.85537 0.416798 0.856354 0.419576 0.8549 0.419004 0.880223 0.004376 0.880973 0.001784 0.884453 0.004367 0.853919 0.421581 0.8549 0.419004 0.856354 0.419576 0.884574 0.001683 0.884453 0.004367 0.880973 0.001784 0.141438 0.534446 0.138738 0.533517 0.135866 0.535034 0.013806 0.245305 0.006704 0.231701 0.015732 0.244756 0.011143 0.246476 0.011134 0.244717 0.013806 0.245305 0.011143 0.246476 0.013806 0.245305 0.015732 0.244756 0.006788 0.977774 0.007179 0.958977 0.009539 0.98266 0.007179 0.958977 0.009539 0.98266 0.009647 0.960414 0.988834 0.155122 0.991019 0.131392 0.990943 0.152587 0.437161 0.41118 0.439742 0.412066 0.440618 0.4097 0.654783 0.778084 0.657317 0.777856 0.656814 0.782182 0.933888 0.730678 0.932304 0.728568 0.933888 0.724369 0.994625 0.12995 0.994941 0.127366 0.995645 0.131492 0.17141 0.286143 0.170237 0.283395 0.165987 0.285136 0.132797 0.133261 0.130685 0.129382 0.132748 0.129029 0.134996 0.134464 0.132797 0.133261 0.134996 0.129446 0.132797 0.133261 0.132748 0.129029 0.134996 0.129446 0.995645 0.131492 0.994625 0.12995 0.993566 0.13725 0.186349 0.285377 0.170237 0.283395 0.17141 0.286143 0.789927 0.980286 0.790156 0.976925 0.792665 0.98018 0.856354 0.419576 0.857086 0.422694 0.855391 0.423714 0.87688 0.037187 0.878346 0.038249 0.878027 0.035367 0.991019 0.131392 0.993566 0.13725 0.990943 0.152587 0.293187 0.025115 0.288995 0.02397 0.308687 0.023255 0.046824 0.886896 0.04441 0.902772 0.042127 0.903201 0.851019 0.518473 0.848817 0.517941 0.851438 0.502796 0.294764 0.027452 0.308687 0.023255 0.293187 0.025115 0.654783 0.778084 0.656814 0.782182 0.655233 0.784306</float_array>
          <technique_common>
            <accessor source="#InstrumentTable26d-mesh-map-0-array" count="6702" stride="2">
              <param name="S" type="float"/>
              <param name="T" type="float"/>
            </accessor>
          </technique_common>
        </source>
        <vertices id="InstrumentTable26d-mesh-vertices">
          <input semantic="POSITION" source="#InstrumentTable26d-mesh-positions"/>
        </vertices>
        <polylist material="Material_-1-material" count="6">
          <input semantic="VERTEX" source="#InstrumentTable26d-mesh-vertices" offset="0"/>
          <input semantic="NORMAL" source="#InstrumentTable26d-mesh-normals" offset="1"/>
          <input semantic="TEXCOORD" source="#InstrumentTable26d-mesh-map-0" offset="2" set="0"/>
          <vcount>3 3 3 3 3 3 3 3 3 3 3 3 3 3 3 3 3 3 3 3 3 3 3 3 3 3 3 3 3 3 3 3 3 3 3 3 3 3 3 3 3 3 3 3 3 3 3 3 3 3 3 3 3 3 3 3 3 3 3 3 3 3 3 3 3 3 3 3 3 3 3 3 3 3 3 3 3 3 3 3 3 3 3 3 3 3 3 3 3 3 3 3 3 3 3 3 3 3 3 3 3 3 3 3 3 3 3 3 3 3 3 3 3 3 3 3 3 3 3 3 3 3 3 3 3 3 3 3 3 3 3 3 3 3 3 3 3 3 3 3 3 3 3 3 3 3 3 3 3 3 3 3 3 3 3 3 3 3 3 3 3 3 3 3 3 3 3 3 3 3 3 3 3 3 3 3 3 3 3 3 3 3 3 3 3 3 3 3 3 3 3 3 3 3 3 3 3 3 3 3 3 3 3 3 3 3 3 3 3 3 3 3 3 3 3 3 3 3 3 3 3 3 3 3 3 3 3 3 3 3 3 3 3 3 3 3 3 3 3 3 3 3 3 3 3 3 3 3 3 3 3 3 3 3 3 3 3 3 3 3 3 3 3 3 3 3 3 3 3 3 3 3 3 3 3 3 3 3 3 3 3 3 3 3 3 3 3 3 3 3 3 3 3 3 3 3 3 3 3 3 3 3 3 3 3 3 3 3 3 3 3 3 3 3 3 3 3 3 3 3 3 3 3 3 3 3 3 3 3 3 3 3 3 3 3 3 3 3 3 3 3 3 3 3 3 3 3 3 3 3 3 3 3 3 3 3 3 3 3 3 3 3 3 3 3 3 3 3 3 3 3 3 3 3 3 3 3 3 3 3 3 3 3 3 3 3 3 3 3 3 3 3 3 3 3 3 3 3 3 3 3 3 3 3 3 3 3 3 3 3 3 3 3 3 3 3 3 3 3 3 3 3 3 3 3 3 3 3 3 3 3 3 3 3 3 3 3 3 3 3 3 3 3 3 3 3 3 3 3 3 3 3 3 3 3 3 3 3 3 3 3 3 3 3 3 3 3 3 3 3 3 3 3 3 3 3 3 3 3 3 3 3 3 3 3 3 3 3 3 3 3 3 3 3 3 3 3 3 3 3 3 3 3 3 3 3 3 3 3 3 3 3 3 3 3 3 3 3 3 3 3 3 3 3 3 3 3 3 3 3 3 3 3 3 3 3 3 3 3 3 3 3 3 3 3 3 3 3 3 3 3 3 3 3 3 3 3 3 3 3 3 3 3 3 3 3 3 3 3 3 3 3 3 3 3 3 3 3 3 3 3 3 3 3 3 3 3 3 3 3 3 3 3 3 3 3 3 3 3 3 3 3 3 3 3 3 3 3 3 3 3 3 3 3 3 3 3 3 3 3 3 3 3 3 3 3 3 3 3 3 3 3 3 3 3 3 3 3 3 3 3 3 3 3 3 3 3 3 3 3 3 3 3 3 3 3 3 3 3 3 3 3 3 3 3 3 3 3 3 3 3 3 3 3 3 3 3 3 3 3 3 3 3 3 3 3 3 3 3 3 3 3 3 3 3 3 3 3 3 3 3 3 3 3 3 3 3 3 3 3 3 3 3 3 3 3 3 3 3 3 3 3 3 3 3 3 3 3 3 3 3 3 3 3 3 3 3 3 3 3 3 3 3 3 3 3 3 3 3 3 3 3 3 3 3 3 3 3 3 3 3 3 3 3 3 3 3 3 3 3 3 3 3 3 3 3 3 3 3 3 3 3 3 3 3 3 3 3 3 3 3 3 3 3 3 3 3 3 3 3 3 3 3 3 3 3 3 3 3 3 3 3 3 3 3 3 3 3 3 3 3 3 3 3 3 3 3 3 3 3 3 3 3 3 3 3 3 3 3 3 3 3 3 3 3 3 3 3 3 3 3 3 3 3 3 3 3 3 3 3 3 3 3 3 3 3 3 3 3 3 3 3 3 3 3 3 3 3 3 3 3 3 3 3 3 3 3 3 3 3 3 3 3 3 3 3 3 3 3 3 3 3 3 3 3 3 3 3 3 3 3 3 3 3 3 3 3 3 3 3 3 3 3 3 3 3 3 3 3 3 3 3 3 3 3 3 3 3 3 3 3 3 3 3 3 3 3 3 3 3 3 3 3 3 3 3 3 3 3 3 3 3 3 3 3 3 3 3 3 3 3 3 3 3 3 3 3 3 3 3 3 3 3 3 3 3 3 3 3 3 3 3 3 3 3 3 3 3 3 3 3 3 3 3 3 3 3 3 3 3 3 3 3 3 3 3 3 3 3 3 3 3 3 3 3 3 3 3 3 3 3 3 3 3 3 3 3 3 3 3 3 3 3 3 3 3 3 3 3 3 3 3 3 3 3 3 3 3 3 3 3 3 3 3 3 3 3 3 3 3 3 3 3 3 3 3 3 3 3 3 3 3 3 3 3 3 3 3 3 3 3 3 3 3 3 3 3 3 3 3 3 3 3 3 3 3 3 3 3 3 3 3 3 3 3 3 3 3 3 3 3 3 3 3 3 3 3 3 3 3 3 3 3 3 3 3 3 3 3 3 3 3 3 3 3 3 3 3 3 3 3 3 3 3 3 3 3 3 3 3 3 3 3 3 3 3 3 3 3 3 3 3 3 3 3 3 3 3 3 3 3 3 3 3 3 3 3 3 3 3 3 3 3 3 3 3 3 3 3 3 3 3 3 3 3 3 3 3 3 3 3 3 3 3 3 3 3 3 3 3 3 3 3 3 3 3 3 3 3 3 3 3 3 3 3 3 3 3 3 3 3 3 3 3 3 3 3 3 3 3 3 3 3 3 3 3 3 3 3 3 3 3 3 3 3 3 3 3 3 3 3 3 3 3 3 3 3 3 3 3 3 3 3 3 3 3 3 3 3 3 3 3 3 3 3 3 3 3 3 3 3 3 3 3 3 3 3 3 3 3 3 3 3 3 3 3 3 3 3 3 3 3 3 3 3 3 3 3 3 3 3 3 3 3 3 3 3 3 3 3 3 3 3 3 3 3 3 3 3 3 3 3 3 3 3 3 3 3 3 3 3 3 3 3 3 3 3 3 3 3 3 3 3 3 3 3 3 3 3 3 3 3 3 3 3 3 3 3 3 3 3 3 3 3 3 3 3 3 3 3 3 3 3 3 3 3 3 3 3 3 3 3 3 3 3 3 3 3 3 3 3 3 3 3 3 3 3 3 3 3 3 3 3 3 3 3 3 3 3 3 3 3 3 3 3 3 3 3 3 3 3 3 3 3 3 3 3 3 3 3 3 3 3 3 3 3 3 3 3 3 3 3 3 3 3 3 3 3 3 3 3 3 3 3 3 3 3 3 3 3 3 3 3 3 3 3 3 3 3 3 3 3 3 3 3 3 3 3 3 3 3 3 3 3 3 3 3 3 3 3 3 3 3 3 3 3 3 3 3 3 3 3 3 3 3 3 3 3 3 3 3 3 3 3 3 3 3 3 3 3 3 3 3 3 3 3 3 3 3 3 3 3 3 3 3 3 3 3 3 3 3 3 3 3 3 3 3 3 3 3 3 3 3 3 3 3 3 3 3 3 3 3 3 3 3 3 3 3 3 3 3 3 3 3 3 3 3 3 3 3 3 3 3 3 3 3 3 3 3 3 3 3 3 3 3 3 3 3 3 3 3 3 3 3 3 3 3 3 3 3 3 3 3 3 3 3 3 3 3 3 3 3 3 3 3 3 3 3 3 3 3 3 3 3 3 3 3 3 3 3 3 3 3 3 3 3 3 3 3 3 3 3 3 3 3 3 3 3 3 3 3 3 3 3 3 3 3 3 3 3 3 3 3 3 3 3 3 3 3 3 3 3 3 3 3 3 3 3 3 3 3 3 3 3 3 3 3 3 3 3 3 3 3 3 3 3 3 3 3 3 3 3 3 3 3 3 3 3 3 3 3 3 3 3 3 3 3 3 3 3 3 3 3 3 3 3 3 3 3 3 3 3 3 3 3 3 3 3 3 3 3 3 3 3 3 3 3 3 3 3 3 3 3 3 3 3 3 3 3 3 3 3 3 3 3 3 3 3 3 3 3 3 3 3 3 3 3 3 3 3 3 3 3 3 3 3 3 3 3 3 3 3 3 3 3 3 3 3 3 3 3 3 3 3 3 3 3 3 3 3 3 3 3 3 3 3 3 3 3 3 3 3 3 3 3 3 3 3 3 3 3 3 3 3 3 3 3 3 3 3 3 3 3 3 3 3 3 3 3 3 3 3 3 3 3 3 3 3 3 3 3 3 3 3 3 3 3 3 3 3 3 3 3 3 3 3 3 3 3 3 3 3 3 3 3 3 3 3 3 3 3 3 3 3 3 3 3 3 3 3 3 3 3 3 3 3 3 3 3 3 3 3 3 3 3 3 3 3 3 3 3 3 3 3 3 3 3 3 3 3 3 3 3 3 3 3 3 3 3 3 3 3 3 3 3 3 3 3 3 3 3 3 3 3 3 3 3 3 3 3 3 3 3 3 3 3 3 3 3 3 3 3 3 3 3 3 3 3 3 3 3 3 3 3 3 3 3 3 3 3 3 3 3 3 3 3 3 3 3 3 3 3 3 3 3 3 3 3 3 3 3 3 3 3 3 3 3 3 3 3 3 3 3 3 3 3 3 3 3 3 3 3 3 3 3 3 3 3 3 3 3 3 3 3 3 3 3 3 3 3 3 3 3 3 3 3 3 3 3 3 3 3 3 3 3 3 3 3 3 3 3 3 3 3 3 3 3 3 3 3 3 3 3 3 3 3 3 3 3 3 3 3 3 3 3 3 3 3 3 3 3 3 3 3 3 3 3 3 3 3 3 3 3 3 3 3 3 3 3 3 3 3 3 3 3 3 3 3 3 3 3 3 3 3 3 3 3 3 3 3 3 3 3 3 3 3 3 3 3 3 3 3 3 3 3 3 3 3 3 3 3 3 3 3 3 3 3 3 3 3 3 3 3 3 3 3 3 3 3 3 3 3 3 3 3 3 3 3 3 3 3 3 3 3</vcount>
          <p>0 0 0 1 0 1 2 0 2 1 1 3 2 1 4 3 1 5 4 2 6 5 2 7 6 2 8 7 3 9 5 3 10 4 3 11 5 4 12 8 4 13 2 4 14 8 5 15 2 5 16 9 5 17 10 6 18 5 6 19 11 6 20 2 7 21 5 7 22 10 7 23 2 8 24 12 8 25 13 8 26 12 9 27 2 9 28 14 9 29 12 10 30 14 10 31 15 10 32 2 11 33 16 11 34 14 11 35 16 12 36 17 12 37 14 12 38 16 13 39 13 13 40 17 13 41 18 14 42 14 14 43 17 14 44 15 15 45 14 15 46 18 15 47 2 16 48 3 16 49 10 16 50 3 17 51 13 17 52 10 17 53 3 18 54 0 18 55 13 18 56 0 19 57 2 19 58 13 19 59 19 20 60 13 20 61 10 20 62 7 21 63 8 21 64 5 21 65 8 22 66 20 22 67 21 22 68 20 23 69 22 23 70 21 23 71 12 24 72 23 24 73 13 24 74 24 25 75 15 25 76 13 25 77 13 26 78 23 26 79 24 26 80 13 27 81 15 27 82 17 27 83 24 28 84 12 28 85 15 28 86 25 29 87 26 29 88 27 29 89 28 30 90 25 30 91 27 30 92 18 31 93 26 31 94 15 31 95 26 32 96 29 32 97 15 32 98 29 33 99 15 33 100 17 33 101 27 34 102 26 34 103 18 34 104 29 35 105 27 35 106 17 35 107 17 36 108 27 36 109 18 36 110 2 37 111 30 37 112 16 37 113 31 38 114 32 38 115 33 38 116 31 39 117 33 39 118 9 39 119 32 40 120 34 40 121 35 40 122 32 41 123 35 41 124 33 41 125 36 42 126 9 42 127 37 42 128 21 43 129 37 43 130 9 43 131 37 44 132 21 44 133 38 44 134 38 45 135 21 45 136 35 45 137 9 46 138 36 46 139 35 46 140 22 47 141 39 47 142 8 47 143 20 48 144 39 48 145 8 48 146 31 49 147 35 49 148 34 49 149 2 50 150 33 50 151 40 50 152 41 51 153 40 51 154 35 51 155 40 52 156 35 52 157 42 52 158 21 53 159 22 53 160 43 53 161 35 54 162 21 54 163 43 54 164 9 55 165 33 55 166 2 55 167 42 56 168 40 56 169 44 56 170 40 57 171 44 57 172 30 57 173 6 58 174 43 58 175 11 58 176 42 59 177 35 59 178 16 59 179 43 60 180 19 60 181 35 60 182 43 61 183 11 61 184 19 61 185 44 62 186 42 62 187 16 62 188 19 63 189 35 63 190 13 63 191 44 64 192 16 64 193 30 64 194 2 65 195 40 65 196 30 65 197 40 66 198 33 66 199 41 66 200 9 67 201 8 67 202 21 67 203 41 68 204 33 68 205 35 68 206 35 69 207 13 69 208 16 69 209 31 70 210 9 70 211 35 70 212 5 71 213 6 71 214 11 71 215 8 72 216 22 72 217 43 72 218 43 73 219 7 73 220 6 73 221 43 74 222 8 74 223 7 74 224 28 75 225 45 75 226 25 75 227 45 76 228 46 76 229 34 76 230 45 77 231 25 77 232 34 77 233 26 78 234 25 78 235 32 78 236 25 79 237 34 79 238 32 79 239 34 80 240 28 80 241 27 80 242 47 81 243 48 81 244 49 81 245 50 82 246 49 82 247 29 82 248 34 83 249 49 83 250 48 83 251 29 84 252 49 84 253 27 84 254 47 85 255 26 85 256 50 85 257 52 86 258 51 86 259 20 86 260 52 87 261 53 87 262 51 87 263 31 88 264 52 88 265 53 88 266 31 89 267 32 89 268 47 89 269 53 90 270 31 90 271 47 90 272 32 91 273 26 91 274 47 91 275 26 92 276 50 92 277 54 92 278 47 93 279 3 93 280 1 93 281 47 94 282 1 94 283 0 94 284 50 95 285 47 95 286 0 95 287 49 96 288 47 96 289 3 96 290 0 97 291 50 97 292 49 97 293 54 98 294 26 98 295 29 98 296 53 99 297 51 99 298 7 99 299 4 100 300 53 100 301 7 100 302 4 101 303 6 101 304 48 101 305 48 102 306 53 102 307 4 102 308 55 103 309 53 103 310 48 103 311 55 104 312 48 104 313 19 104 314 56 105 315 48 105 316 47 105 317 47 106 318 53 106 319 56 106 320 53 107 321 55 107 322 56 107 323 49 108 324 3 108 325 0 108 326 57 109 327 51 109 328 39 109 329 57 110 330 34 110 331 48 110 332 51 111 333 57 111 334 48 111 335 7 112 336 48 112 337 6 112 338 51 113 339 7 113 340 48 113 341 22 114 342 52 114 343 57 114 344 22 115 345 57 115 346 39 115 347 36 116 348 31 116 349 38 116 350 38 117 351 31 117 352 57 117 353 57 118 354 52 118 355 38 118 356 57 119 357 31 119 358 34 119 359 35 120 360 36 120 361 38 120 362 31 121 363 36 121 364 37 121 365 49 122 366 34 122 367 27 122 368 51 123 369 20 123 370 39 123 371 52 124 372 31 124 373 37 124 374 20 125 375 52 125 376 22 125 377 52 126 378 37 126 379 38 126 380 23 127 381 50 127 382 29 127 383 12 128 384 50 128 385 23 128 386 24 129 387 23 129 388 29 129 389 54 130 390 12 130 391 24 130 392 12 131 393 54 131 394 50 131 395 54 132 396 29 132 397 24 132 398 55 133 399 10 133 400 11 133 401 55 134 402 11 134 403 19 134 404 19 135 405 56 135 406 10 135 407 19 136 408 48 136 409 56 136 410 56 137 411 55 137 412 10 137 413 58 138 414 59 138 415 60 138 416 59 139 417 61 139 418 60 139 419 62 140 420 61 140 421 63 140 422 64 141 423 45 141 424 28 141 425 46 142 426 64 142 427 28 142 428 46 143 429 28 143 430 34 143 431 45 144 432 65 144 433 46 144 434 66 145 435 67 145 436 68 145 437 66 146 438 68 146 439 69 146 440 67 147 441 70 147 442 71 147 443 71 148 444 70 148 445 69 148 446 71 149 447 67 149 448 66 149 449 72 150 450 73 150 451 74 150 452 73 151 453 75 151 454 74 151 455 73 152 456 76 152 457 75 152 458 77 153 459 76 153 460 73 153 461 78 154 462 77 154 463 73 154 464 72 155 465 78 155 466 74 155 467 75 156 468 74 156 469 77 156 470 77 157 471 74 157 472 78 157 473 64 158 474 46 158 475 79 158 476 45 159 477 80 159 478 64 159 479 65 160 480 45 160 481 80 160 482 80 161 483 79 161 484 64 161 485 72 162 486 81 162 487 75 162 488 78 163 489 81 163 490 72 163 491 65 164 492 79 164 493 46 164 494 82 165 495 83 165 496 84 165 497 85 166 498 86 166 499 87 166 500 87 167 501 88 167 502 89 167 503 90 168 504 88 168 505 87 168 506 87 169 507 86 169 508 90 169 509 91 170 510 85 170 511 92 170 512 82 171 513 85 171 514 92 171 515 91 172 516 82 172 517 92 172 518 93 173 519 94 173 520 95 173 521 96 174 522 97 174 523 98 174 524 96 175 525 99 175 526 97 175 527 97 176 528 99 176 529 100 176 530 99 177 531 96 177 532 101 177 533 98 178 534 101 178 535 96 178 536 102 179 537 98 179 538 97 179 539 88 180 540 86 180 541 90 180 542 87 181 543 103 181 544 85 181 545 89 182 546 104 182 547 103 182 548 105 183 549 89 183 550 103 183 551 103 184 552 87 184 553 105 184 554 95 185 555 106 185 556 107 185 557 106 186 558 103 186 559 107 186 560 106 187 561 108 187 562 103 187 563 107 188 564 103 188 565 95 188 566 85 189 567 103 189 568 109 189 569 109 190 570 103 190 571 108 190 572 104 191 573 94 191 574 93 191 575 104 192 576 95 192 577 103 192 578 104 193 579 95 193 580 93 193 581 87 194 582 89 194 583 105 194 584 110 195 585 111 195 586 112 195 587 112 196 588 113 196 589 110 196 590 91 197 591 110 197 592 113 197 593 111 198 594 113 198 595 112 198 596 91 199 597 85 199 598 108 199 599 108 200 600 85 200 601 109 200 602 114 201 603 115 201 604 106 201 605 117 202 606 116 202 607 118 202 608 117 203 609 116 203 610 102 203 611 119 204 612 120 204 613 102 204 614 120 205 615 121 205 616 102 205 617 119 206 618 102 206 619 116 206 620 122 207 621 117 207 622 97 207 623 97 208 624 119 208 625 122 208 626 117 209 627 122 209 628 118 209 629 97 210 630 117 210 631 102 210 632 100 211 633 123 211 634 119 211 635 122 212 636 119 212 637 116 212 638 116 213 639 118 213 640 122 213 641 123 214 642 120 214 643 119 214 644 111 215 645 110 215 646 115 215 647 125 216 648 124 216 649 126 216 650 124 217 651 127 217 652 126 217 653 111 218 654 115 218 655 124 218 656 128 219 657 111 219 658 129 219 659 111 220 660 130 220 661 128 220 662 131 221 663 115 221 664 110 221 665 108 222 666 115 222 667 131 222 668 110 223 669 108 223 670 131 223 671 129 224 672 111 224 673 132 224 674 127 225 675 111 225 676 132 225 677 129 226 678 130 226 679 128 226 680 108 227 681 106 227 682 115 227 683 133 228 684 134 228 685 135 228 686 136 229 687 137 229 688 138 229 689 138 230 690 137 230 691 133 230 692 137 231 693 136 231 694 134 231 695 138 232 696 133 232 697 135 232 698 137 233 699 139 233 700 134 233 701 140 234 702 137 234 703 133 234 704 133 235 705 139 235 706 134 235 707 139 236 708 140 236 709 133 236 710 139 237 711 140 237 712 141 237 713 58 238 714 60 238 715 142 238 716 143 239 717 144 239 718 145 239 719 60 240 720 146 240 721 143 240 722 144 241 723 143 241 724 69 241 725 147 242 726 145 242 727 70 242 728 147 243 729 148 243 730 145 243 731 146 244 732 148 244 733 147 244 734 146 245 735 60 245 736 148 245 737 66 246 738 146 246 739 147 246 740 66 247 741 147 247 742 71 247 743 147 248 744 70 248 745 68 248 746 67 249 747 147 249 748 68 249 749 61 250 750 148 250 751 60 250 752 146 251 753 66 251 754 143 251 755 143 252 756 66 252 757 69 252 758 149 253 759 72 253 760 150 253 761 149 254 762 73 254 763 72 254 764 78 255 765 73 255 766 149 255 767 151 256 768 152 256 769 153 256 770 154 257 771 152 257 772 151 257 773 153 258 774 155 258 775 151 258 776 155 259 777 153 259 778 150 259 779 150 260 780 72 260 781 156 260 782 157 261 783 158 261 784 156 261 785 156 262 786 158 262 787 150 262 788 72 263 789 75 263 790 156 263 791 159 264 792 149 264 793 150 264 794 160 265 795 161 265 796 162 265 797 162 266 798 161 266 799 163 266 800 164 267 801 161 267 802 165 267 803 165 268 804 161 268 805 160 268 806 162 269 807 163 269 808 166 269 809 167 270 810 162 270 811 166 270 812 168 271 813 169 271 814 162 271 815 168 272 816 162 272 817 167 272 818 168 273 819 164 273 820 170 273 821 172 274 822 171 274 823 168 274 824 171 275 825 164 275 826 172 275 827 171 276 828 168 276 829 170 276 830 173 277 831 171 277 832 170 277 833 173 278 834 174 278 835 171 278 836 169 279 837 164 279 838 171 279 839 175 280 840 170 280 841 173 280 842 169 281 843 164 281 844 170 281 845 169 282 846 171 282 847 160 282 848 164 283 849 165 283 850 172 283 851 177 284 852 176 284 853 170 284 854 178 285 855 179 285 856 180 285 857 180 286 858 179 286 859 172 286 860 181 287 861 170 287 862 176 287 863 180 288 864 172 288 865 170 288 866 182 289 867 172 289 868 181 289 869 180 290 870 178 290 871 181 290 872 177 291 873 178 291 874 181 291 875 172 292 876 181 292 877 170 292 878 176 293 879 181 293 880 180 293 881 182 294 882 181 294 883 177 294 884 178 295 885 177 295 886 176 295 887 172 296 888 165 296 889 182 296 890 182 297 891 179 297 892 178 297 893 179 298 894 165 298 895 182 298 896 182 299 897 183 299 898 177 299 899 173 300 900 165 300 901 174 300 902 183 301 903 177 301 904 170 301 905 165 302 906 183 302 907 175 302 908 175 303 909 183 303 910 176 303 911 178 304 912 182 304 913 183 304 914 178 305 915 183 305 916 176 305 917 174 306 918 170 306 919 175 306 920 174 307 921 165 307 922 175 307 923 183 308 924 174 308 925 170 308 926 174 309 927 183 309 928 171 309 929 183 310 930 160 310 931 171 310 932 160 311 933 165 311 934 183 311 935 169 312 936 160 312 937 162 312 938 165 313 939 173 313 940 179 313 941 172 314 942 179 314 943 168 314 944 168 315 945 179 315 946 176 315 947 168 316 948 176 316 949 180 316 950 168 317 951 180 317 952 169 317 953 176 318 954 179 318 955 175 318 956 170 319 957 180 319 958 169 319 959 175 320 960 179 320 961 173 320 962 184 321 963 62 321 964 59 321 965 59 322 966 184 322 967 58 322 968 185 323 969 59 323 970 142 323 971 186 324 972 187 324 973 63 324 974 184 325 975 63 325 976 62 325 977 188 326 978 189 326 979 190 326 980 188 327 981 190 327 982 191 327 983 190 328 984 166 328 985 192 328 986 166 329 987 190 329 988 167 329 989 190 330 990 168 330 991 167 330 992 189 331 993 164 331 994 168 331 995 190 332 996 189 332 997 168 332 998 193 333 999 166 333 1000 163 333 1001 141 334 1002 139 334 1003 194 334 1004 194 335 1005 141 335 1006 195 335 1007 141 336 1008 137 336 1009 195 336 1010 194 337 1011 139 337 1012 196 337 1013 197 338 1014 136 338 1015 198 338 1016 198 339 1017 136 339 1018 135 339 1019 134 340 1020 136 340 1021 135 340 1022 135 341 1023 138 341 1024 199 341 1025 141 342 1026 140 342 1027 137 342 1028 144 343 1029 67 343 1030 70 343 1031 71 344 1032 147 344 1033 144 344 1034 71 345 1035 144 345 1036 69 345 1037 70 346 1038 69 346 1039 68 346 1040 147 347 1041 144 347 1042 67 347 1043 200 348 1044 201 348 1045 202 348 1046 149 349 1047 203 349 1048 78 349 1049 203 350 1050 81 350 1051 78 350 1052 81 351 1053 203 351 1054 77 351 1055 203 352 1056 156 352 1057 77 352 1058 205 353 1059 204 353 1060 206 353 1061 81 354 1062 77 354 1063 75 354 1064 76 355 1065 156 355 1066 75 355 1067 76 356 1068 77 356 1069 156 356 1070 207 357 1071 154 357 1072 151 357 1073 158 358 1074 207 358 1075 151 358 1076 208 359 1077 152 359 1078 154 359 1079 157 360 1080 208 360 1081 154 360 1082 157 361 1083 209 361 1084 158 361 1085 210 362 1086 80 362 1087 65 362 1088 158 363 1089 211 363 1090 150 363 1091 212 364 1092 213 364 1093 214 364 1094 215 365 1095 212 365 1096 214 365 1097 213 366 1098 214 366 1099 216 366 1100 215 367 1101 212 367 1102 216 367 1103 217 368 1104 212 368 1105 216 368 1106 218 369 1107 219 369 1108 220 369 1109 219 370 1110 221 370 1111 222 370 1112 223 371 1113 224 371 1114 220 371 1115 218 372 1116 225 372 1117 219 372 1118 218 373 1119 225 373 1120 214 373 1121 220 374 1122 226 374 1123 218 374 1124 216 375 1125 227 375 1126 214 375 1127 218 376 1128 227 376 1129 216 376 1130 218 377 1131 214 377 1132 215 377 1133 218 378 1134 216 378 1135 215 378 1136 136 379 1137 199 379 1138 138 379 1139 224 380 1140 226 380 1141 220 380 1142 213 381 1143 199 381 1144 198 381 1145 198 382 1146 197 382 1147 216 382 1148 213 383 1149 198 383 1150 216 383 1151 212 384 1152 197 384 1153 213 384 1154 216 385 1155 217 385 1156 197 385 1157 217 386 1158 228 386 1159 212 386 1160 229 387 1161 217 387 1162 197 387 1163 213 388 1164 197 388 1165 199 388 1166 230 389 1167 219 389 1168 225 389 1169 227 390 1170 225 390 1171 214 390 1172 231 391 1173 218 391 1174 232 391 1175 230 392 1176 218 392 1177 231 392 1178 230 393 1179 218 393 1180 226 393 1181 219 394 1182 222 394 1183 233 394 1184 220 395 1185 219 395 1186 233 395 1187 220 396 1188 222 396 1189 234 396 1190 220 397 1191 235 397 1192 236 397 1193 233 398 1194 236 398 1195 220 398 1196 236 399 1197 233 399 1198 234 399 1199 233 400 1200 222 400 1201 234 400 1202 234 401 1203 220 401 1204 235 401 1205 222 402 1206 220 402 1207 237 402 1208 238 403 1209 239 403 1210 226 403 1211 226 404 1212 239 404 1213 240 404 1214 232 405 1215 226 405 1216 240 405 1217 197 406 1218 136 406 1219 199 406 1220 195 407 1221 194 407 1222 212 407 1223 195 408 1224 229 408 1225 212 408 1226 196 409 1227 228 409 1228 229 409 1229 196 410 1230 194 410 1231 212 410 1232 228 411 1233 196 411 1234 212 411 1235 212 412 1236 197 412 1237 229 412 1238 241 413 1239 239 413 1240 229 413 1241 228 414 1242 242 414 1243 241 414 1244 217 415 1245 242 415 1246 228 415 1247 228 416 1248 241 416 1249 229 416 1250 239 417 1251 217 417 1252 229 417 1253 242 418 1254 239 418 1255 217 418 1256 218 419 1257 232 419 1258 227 419 1259 227 420 1260 221 420 1261 243 420 1262 244 421 1263 243 421 1264 232 421 1265 243 422 1266 227 422 1267 232 422 1268 245 423 1269 246 423 1270 247 423 1271 246 424 1272 248 424 1273 226 424 1274 245 425 1275 246 425 1276 248 425 1277 247 426 1278 230 426 1279 248 426 1280 248 427 1281 230 427 1282 226 427 1283 247 428 1284 246 428 1285 230 428 1286 225 429 1287 230 429 1288 227 429 1289 227 430 1290 231 430 1291 230 430 1292 246 431 1293 249 431 1294 226 431 1295 231 432 1296 249 432 1297 226 432 1298 232 433 1299 231 433 1300 226 433 1301 247 434 1302 248 434 1303 250 434 1304 249 435 1305 221 435 1306 230 435 1307 251 436 1308 249 436 1309 245 436 1310 246 437 1311 249 437 1312 230 437 1313 230 438 1314 221 438 1315 219 438 1316 221 439 1317 227 439 1318 244 439 1319 252 440 1320 244 440 1321 221 440 1322 231 441 1323 244 441 1324 251 441 1325 227 442 1326 244 442 1327 231 442 1328 221 443 1329 251 443 1330 252 443 1331 253 444 1332 251 444 1333 249 444 1334 231 445 1335 221 445 1336 253 445 1337 251 446 1338 221 446 1339 231 446 1340 231 447 1341 253 447 1342 249 447 1343 245 448 1344 221 448 1345 249 448 1346 245 449 1347 253 449 1348 221 449 1349 252 450 1350 253 450 1351 245 450 1352 252 451 1353 251 451 1354 253 451 1355 221 452 1356 243 452 1357 254 452 1358 255 453 1359 256 453 1360 257 453 1361 258 454 1362 255 454 1363 257 454 1364 259 455 1365 260 455 1366 261 455 1367 261 456 1368 262 456 1369 259 456 1370 263 457 1371 264 457 1372 265 457 1373 266 458 1374 265 458 1375 263 458 1376 266 459 1377 263 459 1378 262 459 1379 267 460 1380 266 460 1381 265 460 1382 264 461 1383 266 461 1384 268 461 1385 266 462 1386 267 462 1387 269 462 1388 264 463 1389 270 463 1390 271 463 1391 271 464 1392 272 464 1393 257 464 1394 271 465 1395 257 465 1396 273 465 1397 261 466 1398 263 466 1399 262 466 1400 274 467 1401 275 467 1402 270 467 1403 276 468 1404 274 468 1405 264 468 1406 274 469 1407 270 469 1408 264 469 1409 276 470 1410 270 470 1411 275 470 1412 276 471 1413 264 471 1414 263 471 1415 276 472 1416 263 472 1417 270 472 1418 270 473 1419 263 473 1420 277 473 1421 262 474 1422 264 474 1423 271 474 1424 266 475 1425 262 475 1426 264 475 1427 274 476 1428 79 476 1429 210 476 1430 274 477 1431 80 477 1432 275 477 1433 80 478 1434 79 478 1435 275 478 1436 276 479 1437 79 479 1438 275 479 1439 276 480 1440 79 480 1441 274 480 1442 261 481 1443 277 481 1444 263 481 1445 256 482 1446 278 482 1447 279 482 1448 262 483 1449 256 483 1450 278 483 1451 265 484 1452 262 484 1453 278 484 1454 280 485 1455 265 485 1456 281 485 1457 259 486 1458 262 486 1459 265 486 1460 259 487 1461 265 487 1462 280 487 1463 271 488 1464 282 488 1465 256 488 1466 256 489 1467 282 489 1468 257 489 1469 256 490 1470 262 490 1471 271 490 1472 272 491 1473 283 491 1474 284 491 1475 271 492 1476 284 492 1477 282 492 1478 273 493 1479 257 493 1480 282 493 1481 285 494 1482 284 494 1483 283 494 1484 284 495 1485 285 495 1486 282 495 1487 284 496 1488 272 496 1489 286 496 1490 284 497 1491 271 497 1492 273 497 1493 273 498 1494 284 498 1495 286 498 1496 272 499 1497 286 499 1498 257 499 1499 143 500 1500 159 500 1501 60 500 1502 187 501 1503 287 501 1504 288 501 1505 187 502 1506 288 502 1507 186 502 1508 145 503 1509 289 503 1510 159 503 1511 289 504 1512 287 504 1513 145 504 1514 148 505 1515 287 505 1516 145 505 1517 287 506 1518 290 506 1519 289 506 1520 187 507 1521 287 507 1522 148 507 1523 144 508 1524 70 508 1525 145 508 1526 61 509 1527 187 509 1528 148 509 1529 61 510 1530 62 510 1531 291 510 1532 59 511 1533 291 511 1534 61 511 1535 186 512 1536 63 512 1537 60 512 1538 292 513 1539 293 513 1540 294 513 1541 295 514 1542 293 514 1543 292 514 1544 295 515 1545 296 515 1546 292 515 1547 292 516 1548 296 516 1549 297 516 1550 296 517 1551 294 517 1552 297 517 1553 294 518 1554 297 518 1555 298 518 1556 297 519 1557 292 519 1558 298 519 1559 298 520 1560 292 520 1561 299 520 1562 299 521 1563 292 521 1564 294 521 1565 299 522 1566 300 522 1567 301 522 1568 302 523 1569 299 523 1570 301 523 1571 302 524 1572 301 524 1573 303 524 1574 302 525 1575 298 525 1576 299 525 1577 298 526 1578 304 526 1579 305 526 1580 304 527 1581 299 527 1582 305 527 1583 298 528 1584 294 528 1585 305 528 1586 299 529 1587 294 529 1588 305 529 1589 302 530 1590 304 530 1591 298 530 1592 306 531 1593 302 531 1594 303 531 1595 307 532 1596 306 532 1597 303 532 1598 308 533 1599 302 533 1600 306 533 1601 304 534 1602 300 534 1603 299 534 1604 309 535 1605 310 535 1606 311 535 1607 312 536 1608 310 536 1609 309 536 1610 313 537 1611 312 537 1612 309 537 1613 314 538 1614 311 538 1615 310 538 1616 315 539 1617 316 539 1618 317 539 1619 318 540 1620 316 540 1621 315 540 1622 316 541 1623 318 541 1624 319 541 1625 320 542 1626 317 542 1627 321 542 1628 315 543 1629 317 543 1630 320 543 1631 322 544 1632 323 544 1633 324 544 1634 326 545 1635 325 545 1636 323 545 1637 327 546 1638 325 546 1639 326 546 1640 323 547 1641 326 547 1642 324 547 1643 328 548 1644 327 548 1645 326 548 1646 329 549 1647 330 549 1648 331 549 1649 326 550 1650 332 550 1651 330 550 1652 326 551 1653 330 551 1654 333 551 1655 326 552 1656 324 552 1657 333 552 1658 324 553 1659 333 553 1660 332 553 1661 326 554 1662 328 554 1663 332 554 1664 330 555 1665 332 555 1666 331 555 1667 334 556 1668 310 556 1669 324 556 1670 310 557 1671 324 557 1672 335 557 1673 329 558 1674 333 558 1675 322 558 1676 333 559 1677 331 559 1678 332 559 1679 329 560 1680 336 560 1681 332 560 1682 329 561 1683 331 561 1684 333 561 1685 329 562 1686 337 562 1687 338 562 1688 324 563 1689 335 563 1690 322 563 1691 325 564 1692 334 564 1693 335 564 1694 325 565 1695 334 565 1696 324 565 1697 325 566 1698 335 566 1699 322 566 1700 339 567 1701 332 567 1702 329 567 1703 325 568 1704 324 568 1705 332 568 1706 319 569 1707 332 569 1708 340 569 1709 338 570 1710 337 570 1711 341 570 1712 310 571 1713 312 571 1714 335 571 1715 317 572 1716 316 572 1717 339 572 1718 316 573 1719 319 573 1720 332 573 1721 319 574 1722 317 574 1723 340 574 1724 316 575 1725 332 575 1726 339 575 1727 317 576 1728 340 576 1729 339 576 1730 310 577 1731 314 577 1732 334 577 1733 342 578 1734 343 578 1735 344 578 1736 345 579 1737 342 579 1738 346 579 1739 343 580 1740 344 580 1741 345 580 1742 346 581 1743 342 581 1744 344 581 1745 347 582 1746 343 582 1747 342 582 1748 348 583 1749 345 583 1750 349 583 1751 348 584 1752 345 584 1753 342 584 1754 347 585 1755 348 585 1756 343 585 1757 350 586 1758 351 586 1759 348 586 1760 350 587 1761 348 587 1762 349 587 1763 352 588 1764 353 588 1765 349 588 1766 354 589 1767 344 589 1768 355 589 1769 346 590 1770 356 590 1771 357 590 1772 344 591 1773 355 591 1774 346 591 1775 344 592 1776 354 592 1777 356 592 1778 357 593 1779 344 593 1780 356 593 1781 357 594 1782 345 594 1783 346 594 1784 344 595 1785 357 595 1786 345 595 1787 358 596 1788 359 596 1789 356 596 1790 350 597 1791 349 597 1792 353 597 1793 349 598 1794 360 598 1795 361 598 1796 362 599 1797 363 599 1798 364 599 1799 349 600 1800 364 600 1801 352 600 1802 352 601 1803 364 601 1804 365 601 1805 361 602 1806 364 602 1807 349 602 1808 365 603 1809 364 603 1810 366 603 1811 361 604 1812 367 604 1813 364 604 1814 364 605 1815 367 605 1816 362 605 1817 368 606 1818 304 606 1819 369 606 1820 300 607 1821 368 607 1822 370 607 1823 300 608 1824 370 608 1825 371 608 1826 304 609 1827 368 609 1828 300 609 1829 370 610 1830 368 610 1831 372 610 1832 370 611 1833 372 611 1834 373 611 1835 374 612 1836 372 612 1837 373 612 1838 369 613 1839 375 613 1840 376 613 1841 376 614 1842 375 614 1843 377 614 1844 378 615 1845 368 615 1846 369 615 1847 304 616 1848 375 616 1849 369 616 1850 372 617 1851 368 617 1852 378 617 1853 304 618 1854 379 618 1855 380 618 1856 380 619 1857 304 619 1858 375 619 1859 381 620 1860 372 620 1861 382 620 1862 381 621 1863 383 621 1864 372 621 1865 379 622 1866 304 622 1867 302 622 1868 383 623 1869 287 623 1870 372 623 1871 287 624 1872 383 624 1873 290 624 1874 384 625 1875 385 625 1876 386 625 1877 384 626 1878 387 626 1879 385 626 1880 388 627 1881 384 627 1882 389 627 1883 390 628 1884 388 628 1885 384 628 1886 391 629 1887 392 629 1888 393 629 1889 389 630 1890 384 630 1891 394 630 1892 394 631 1893 395 631 1894 384 631 1895 390 632 1896 384 632 1897 392 632 1898 384 633 1899 396 633 1900 392 633 1901 394 634 1902 389 634 1903 392 634 1904 391 635 1905 394 635 1906 392 635 1907 384 636 1908 396 636 1909 386 636 1910 397 637 1911 398 637 1912 395 637 1913 399 638 1914 387 638 1915 398 638 1916 399 639 1917 400 639 1918 387 639 1919 387 640 1920 384 640 1921 395 640 1922 398 641 1923 387 641 1924 395 641 1925 401 642 1926 402 642 1927 403 642 1928 403 643 1929 401 643 1930 404 643 1931 401 644 1932 405 644 1933 402 644 1934 401 645 1935 406 645 1936 405 645 1937 407 646 1938 405 646 1939 406 646 1940 408 647 1941 405 647 1942 407 647 1943 405 648 1944 408 648 1945 277 648 1946 407 649 1947 409 649 1948 406 649 1949 410 650 1950 408 650 1951 406 650 1952 270 651 1953 403 651 1954 411 651 1955 277 652 1956 408 652 1957 270 652 1958 404 653 1959 412 653 1960 270 653 1961 412 654 1962 270 654 1963 413 654 1964 403 655 1965 413 655 1966 404 655 1967 407 656 1968 414 656 1969 409 656 1970 414 657 1971 407 657 1972 410 657 1973 407 658 1974 410 658 1975 408 658 1976 410 659 1977 409 659 1978 406 659 1979 270 660 1980 415 660 1981 271 660 1982 408 661 1983 401 661 1984 270 661 1985 408 662 1986 406 662 1987 401 662 1988 401 663 1989 404 663 1990 270 663 1991 413 664 1992 270 664 1993 403 664 1994 272 665 1995 416 665 1996 417 665 1997 417 666 1998 418 666 1999 271 666 2000 271 667 2001 417 667 2002 415 667 2003 272 668 2004 416 668 2005 271 668 2006 418 669 2007 416 669 2008 271 669 2009 272 670 2010 417 670 2011 415 670 2012 272 671 2013 415 671 2014 283 671 2015 415 672 2016 419 672 2017 283 672 2018 415 673 2019 270 673 2020 419 673 2021 419 674 2022 270 674 2023 411 674 2024 411 675 2025 420 675 2026 419 675 2027 256 676 2028 255 676 2029 311 676 2030 421 677 2031 256 677 2032 311 677 2033 311 678 2034 314 678 2035 422 678 2036 423 679 2037 424 679 2038 425 679 2039 424 680 2040 423 680 2041 422 680 2042 318 681 2043 422 681 2044 314 681 2045 424 682 2046 426 682 2047 425 682 2048 427 683 2049 424 683 2050 422 683 2051 321 684 2052 318 684 2053 314 684 2054 279 685 2055 256 685 2056 421 685 2057 279 686 2058 278 686 2059 428 686 2060 429 687 2061 266 687 2062 279 687 2063 266 688 2064 429 688 2065 430 688 2066 431 689 2067 279 689 2068 421 689 2069 432 690 2070 428 690 2071 269 690 2072 269 691 2073 428 691 2074 266 691 2075 279 692 2076 431 692 2077 433 692 2078 431 693 2079 421 693 2080 434 693 2081 430 694 2082 421 694 2083 435 694 2084 279 695 2085 269 695 2086 433 695 2087 429 696 2088 421 696 2089 434 696 2090 421 697 2091 429 697 2092 430 697 2093 435 698 2094 434 698 2095 430 698 2096 435 699 2097 431 699 2098 434 699 2099 433 700 2100 431 700 2101 435 700 2102 422 701 2103 433 701 2104 435 701 2105 430 702 2106 434 702 2107 433 702 2108 434 703 2109 429 703 2110 433 703 2111 430 704 2112 433 704 2113 422 704 2114 269 705 2115 279 705 2116 429 705 2117 435 706 2118 422 706 2119 421 706 2120 269 707 2121 433 707 2122 432 707 2123 432 708 2124 433 708 2125 436 708 2126 436 709 2127 429 709 2128 433 709 2129 429 710 2130 269 710 2131 436 710 2132 422 711 2133 421 711 2134 311 711 2135 279 712 2136 428 712 2137 266 712 2138 427 713 2139 437 713 2140 424 713 2141 268 714 2142 266 714 2143 430 714 2144 438 715 2145 280 715 2146 423 715 2147 439 716 2148 280 716 2149 423 716 2150 438 717 2151 440 717 2152 423 717 2153 440 718 2154 423 718 2155 422 718 2156 441 719 2157 442 719 2158 422 719 2159 442 720 2160 280 720 2161 422 720 2162 440 721 2163 422 721 2164 441 721 2165 443 722 2166 427 722 2167 422 722 2168 444 723 2169 321 723 2170 445 723 2171 315 724 2172 444 724 2173 318 724 2174 338 725 2175 444 725 2176 321 725 2177 319 726 2178 318 726 2179 321 726 2180 338 727 2181 321 727 2182 340 727 2183 321 728 2184 445 728 2185 320 728 2186 317 729 2187 319 729 2188 321 729 2189 337 730 2190 329 730 2191 322 730 2192 323 731 2193 321 731 2194 325 731 2195 446 732 2196 321 732 2197 327 732 2198 327 733 2199 321 733 2200 323 733 2201 446 734 2202 336 734 2203 321 734 2204 327 735 2205 323 735 2206 330 735 2207 336 736 2208 446 736 2209 328 736 2210 321 737 2211 336 737 2212 340 737 2213 328 738 2214 327 738 2215 330 738 2216 446 739 2217 328 739 2218 447 739 2219 330 740 2220 323 740 2221 333 740 2222 446 741 2223 325 741 2224 447 741 2225 327 742 2226 446 742 2227 325 742 2228 325 743 2229 340 743 2230 447 743 2231 340 744 2232 336 744 2233 447 744 2234 336 745 2235 328 745 2236 330 745 2237 447 746 2238 336 746 2239 332 746 2240 336 747 2241 330 747 2242 329 747 2243 332 748 2244 340 748 2245 325 748 2246 333 749 2247 323 749 2248 322 749 2249 328 750 2250 447 750 2251 332 750 2252 340 751 2253 329 751 2254 339 751 2255 338 752 2256 340 752 2257 329 752 2258 313 753 2259 337 753 2260 448 753 2261 450 754 2262 449 754 2263 451 754 2264 451 755 2265 450 755 2266 452 755 2267 453 756 2268 448 756 2269 337 756 2270 314 757 2271 448 757 2272 454 757 2273 455 758 2274 448 758 2275 456 758 2276 457 759 2277 448 759 2278 456 759 2279 454 760 2280 456 760 2281 457 760 2282 458 761 2283 455 761 2284 459 761 2285 454 762 2286 455 762 2287 459 762 2288 455 763 2289 454 763 2290 448 763 2291 460 764 2292 456 764 2293 459 764 2294 456 765 2295 453 765 2296 460 765 2297 456 766 2298 454 766 2299 459 766 2300 449 767 2301 448 767 2302 453 767 2303 460 768 2304 453 768 2305 449 768 2306 458 769 2307 314 769 2308 454 769 2309 322 770 2310 458 770 2311 455 770 2312 322 771 2313 455 771 2314 337 771 2315 455 772 2316 453 772 2317 337 772 2318 461 773 2319 454 773 2320 462 773 2321 462 774 2322 454 774 2323 458 774 2324 463 775 2325 314 775 2326 458 775 2327 334 776 2328 464 776 2329 335 776 2330 462 777 2331 464 777 2332 461 777 2333 464 778 2334 461 778 2335 458 778 2336 464 779 2337 314 779 2338 463 779 2339 461 780 2340 463 780 2341 458 780 2342 462 781 2343 464 781 2344 335 781 2345 314 782 2346 464 782 2347 325 782 2348 321 783 2349 314 783 2350 325 783 2351 325 784 2352 464 784 2353 322 784 2354 464 785 2355 458 785 2356 322 785 2357 314 786 2358 313 786 2359 448 786 2360 334 787 2361 463 787 2362 464 787 2363 334 788 2364 463 788 2365 461 788 2366 465 789 2367 466 789 2368 427 789 2369 467 790 2370 468 790 2371 469 790 2372 469 791 2373 470 791 2374 471 791 2375 470 792 2376 467 792 2377 468 792 2378 472 793 2379 469 793 2380 471 793 2381 473 794 2382 470 794 2383 474 794 2384 475 795 2385 473 795 2386 470 795 2387 476 796 2388 475 796 2389 477 796 2390 469 797 2391 475 797 2392 478 797 2393 475 798 2394 470 798 2395 479 798 2396 476 799 2397 477 799 2398 478 799 2399 477 800 2400 475 800 2401 479 800 2402 469 801 2403 480 801 2404 468 801 2405 470 802 2406 469 802 2407 481 802 2408 478 803 2409 480 803 2410 468 803 2411 477 804 2412 479 804 2413 482 804 2414 482 805 2415 478 805 2416 468 805 2417 481 806 2418 469 806 2419 482 806 2420 469 807 2421 478 807 2422 482 807 2423 479 808 2424 470 808 2425 467 808 2426 479 809 2427 471 809 2428 427 809 2429 470 810 2430 468 810 2431 481 810 2432 479 811 2433 481 811 2434 467 811 2435 471 812 2436 479 812 2437 481 812 2438 482 813 2439 479 813 2440 427 813 2441 483 814 2442 471 814 2443 481 814 2444 483 815 2445 427 815 2446 482 815 2447 483 816 2448 481 816 2449 482 816 2450 467 817 2451 481 817 2452 465 817 2453 468 818 2454 481 818 2455 465 818 2456 482 819 2457 477 819 2458 468 819 2459 477 820 2460 484 820 2461 478 820 2462 468 821 2463 465 821 2464 427 821 2465 473 822 2466 485 822 2467 486 822 2468 487 823 2469 486 823 2470 474 823 2471 485 824 2472 488 824 2473 486 824 2474 489 825 2475 485 825 2476 473 825 2477 486 826 2478 489 826 2479 490 826 2480 486 827 2481 489 827 2482 488 827 2483 485 828 2484 491 828 2485 489 828 2486 473 829 2487 486 829 2488 487 829 2489 475 830 2490 489 830 2491 473 830 2492 489 831 2493 490 831 2494 469 831 2495 490 832 2496 473 832 2497 487 832 2498 488 833 2499 489 833 2500 491 833 2501 487 834 2502 490 834 2503 472 834 2504 472 835 2505 487 835 2506 474 835 2507 475 836 2508 489 836 2509 469 836 2510 485 837 2511 476 837 2512 488 837 2513 473 838 2514 490 838 2515 492 838 2516 480 839 2517 490 839 2518 469 839 2519 475 840 2520 491 840 2521 488 840 2522 472 841 2523 474 841 2524 473 841 2525 476 842 2526 485 842 2527 475 842 2528 491 843 2529 485 843 2530 475 843 2531 475 844 2532 488 844 2533 478 844 2534 476 845 2535 488 845 2536 478 845 2537 492 846 2538 490 846 2539 261 846 2540 493 847 2541 494 847 2542 261 847 2543 495 848 2544 261 848 2545 496 848 2546 497 849 2547 261 849 2548 496 849 2549 261 850 2550 494 850 2551 495 850 2552 493 851 2553 498 851 2554 495 851 2555 486 852 2556 490 852 2557 472 852 2558 496 853 2559 495 853 2560 493 853 2561 499 854 2562 495 854 2563 497 854 2564 500 855 2565 495 855 2566 494 855 2567 501 856 2568 500 856 2569 499 856 2570 497 857 2571 495 857 2572 500 857 2573 472 858 2574 486 858 2575 492 858 2576 492 859 2577 500 859 2578 501 859 2579 500 860 2580 499 860 2581 502 860 2582 500 861 2583 494 861 2584 502 861 2585 495 862 2586 499 862 2587 502 862 2588 499 863 2589 497 863 2590 501 863 2591 486 864 2592 474 864 2593 492 864 2594 474 865 2595 492 865 2596 501 865 2597 492 866 2598 494 866 2599 472 866 2600 503 867 2601 501 867 2602 472 867 2603 494 868 2604 472 868 2605 501 868 2606 492 869 2607 469 869 2608 494 869 2609 473 870 2610 492 870 2611 469 870 2612 494 871 2613 469 871 2614 504 871 2615 492 872 2616 261 872 2617 500 872 2618 506 873 2619 505 873 2620 507 873 2621 508 874 2622 506 874 2623 505 874 2624 508 875 2625 440 875 2626 259 875 2627 259 876 2628 508 876 2629 506 876 2630 507 877 2631 494 877 2632 424 877 2633 508 878 2634 507 878 2635 424 878 2636 437 879 2637 508 879 2638 424 879 2639 483 880 2640 466 880 2641 509 880 2642 509 881 2643 466 881 2644 441 881 2645 427 882 2646 509 882 2647 437 882 2648 466 883 2649 440 883 2650 442 883 2651 441 884 2652 437 884 2653 509 884 2654 466 885 2655 442 885 2656 441 885 2657 259 886 2658 507 886 2659 438 886 2660 505 887 2661 507 887 2662 259 887 2663 494 888 2664 438 888 2665 259 888 2666 508 889 2667 505 889 2668 438 889 2669 505 890 2670 259 890 2671 440 890 2672 505 891 2673 440 891 2674 438 891 2675 494 892 2676 424 892 2677 438 892 2678 508 893 2679 507 893 2680 438 893 2681 474 894 2682 470 894 2683 427 894 2684 470 895 2685 427 895 2686 471 895 2687 471 896 2688 472 896 2689 467 896 2690 471 897 2691 483 897 2692 467 897 2693 465 898 2694 483 898 2695 504 898 2696 502 899 2697 504 899 2698 501 899 2699 494 900 2700 502 900 2701 501 900 2702 474 901 2703 503 901 2704 501 901 2705 503 902 2706 472 902 2707 483 902 2708 472 903 2709 473 903 2710 469 903 2711 503 904 2712 494 904 2713 504 904 2714 467 905 2715 469 905 2716 504 905 2717 472 906 2718 467 906 2719 504 906 2720 503 907 2721 483 907 2722 510 907 2723 465 908 2724 467 908 2725 483 908 2726 472 909 2727 483 909 2728 504 909 2729 511 910 2730 509 910 2731 427 910 2732 494 911 2733 493 911 2734 498 911 2735 495 912 2736 502 912 2737 498 912 2738 512 913 2739 504 913 2740 513 913 2741 498 914 2742 502 914 2743 513 914 2744 498 915 2745 514 915 2746 513 915 2747 514 916 2748 494 916 2749 498 916 2750 512 917 2751 513 917 2752 502 917 2753 513 918 2754 514 918 2755 260 918 2756 512 919 2757 502 919 2758 514 919 2759 512 920 2760 514 920 2761 260 920 2762 504 921 2763 512 921 2764 260 921 2765 504 922 2766 260 922 2767 515 922 2768 516 923 2769 260 923 2770 515 923 2771 516 924 2772 514 924 2773 506 924 2774 515 925 2775 516 925 2776 506 925 2777 502 926 2778 514 926 2779 506 926 2780 494 927 2781 503 927 2782 506 927 2783 502 928 2784 504 928 2785 506 928 2786 503 929 2787 474 929 2788 511 929 2789 494 930 2790 514 930 2791 516 930 2792 506 931 2793 503 931 2794 511 931 2795 427 932 2796 474 932 2797 511 932 2798 506 933 2799 440 933 2800 511 933 2801 511 934 2802 440 934 2803 508 934 2804 483 935 2805 427 935 2806 466 935 2807 483 936 2808 511 936 2809 509 936 2810 506 937 2811 494 937 2812 507 937 2813 511 938 2814 508 938 2815 437 938 2816 465 939 2817 504 939 2818 466 939 2819 506 940 2820 515 940 2821 259 940 2822 494 941 2823 516 941 2824 259 941 2825 516 942 2826 259 942 2827 260 942 2828 504 943 2829 515 943 2830 442 943 2831 442 944 2832 515 944 2833 259 944 2834 440 945 2835 506 945 2836 504 945 2837 504 946 2838 503 946 2839 440 946 2840 440 947 2841 503 947 2842 510 947 2843 510 948 2844 483 948 2845 511 948 2846 504 949 2847 510 949 2848 442 949 2849 504 950 2850 510 950 2851 466 950 2852 510 951 2853 511 951 2854 437 951 2855 466 952 2856 510 952 2857 437 952 2858 440 953 2859 510 953 2860 442 953 2861 437 954 2862 440 954 2863 441 954 2864 437 955 2865 466 955 2866 440 955 2867 517 956 2868 518 956 2869 519 956 2870 520 957 2871 519 957 2872 521 957 2873 518 958 2874 519 958 2875 522 958 2876 522 959 2877 523 959 2878 519 959 2879 521 960 2880 522 960 2881 520 960 2882 520 961 2883 518 961 2884 522 961 2885 524 962 2886 518 962 2887 520 962 2888 524 963 2889 517 963 2890 520 963 2891 520 964 2892 517 964 2893 519 964 2894 519 965 2895 525 965 2896 521 965 2897 526 966 2898 522 966 2899 521 966 2900 526 967 2901 521 967 2902 527 967 2903 528 968 2904 526 968 2905 529 968 2906 530 969 2907 526 969 2908 528 969 2909 526 970 2910 531 970 2911 530 970 2912 532 971 2913 528 971 2914 529 971 2915 528 972 2916 532 972 2917 530 972 2918 526 973 2919 527 973 2920 338 973 2921 522 974 2922 526 974 2923 531 974 2924 243 975 2925 530 975 2926 532 975 2927 244 976 2928 530 976 2929 243 976 2930 533 977 2931 531 977 2932 530 977 2933 534 978 2934 533 978 2935 530 978 2936 535 979 2937 534 979 2938 530 979 2939 533 980 2940 536 980 2941 534 980 2942 537 981 2943 538 981 2944 405 981 2945 538 982 2946 537 982 2947 400 982 2948 537 983 2949 405 983 2950 539 983 2951 540 984 2952 400 984 2953 541 984 2954 400 985 2955 537 985 2956 541 985 2957 405 986 2958 538 986 2959 402 986 2960 539 987 2961 405 987 2962 542 987 2963 387 988 2964 400 988 2965 540 988 2966 540 989 2967 541 989 2968 398 989 2969 398 990 2970 541 990 2971 543 990 2972 544 991 2973 301 991 2974 545 991 2975 546 992 2976 547 992 2977 544 992 2978 544 993 2979 545 993 2980 548 993 2981 545 994 2982 371 994 2983 549 994 2984 550 995 2985 551 995 2986 552 995 2987 552 996 2988 551 996 2989 553 996 2990 552 997 2991 553 997 2992 554 997 2993 553 998 2994 555 998 2995 554 998 2996 337 999 2997 556 999 2998 341 999 2999 557 1000 3000 341 1000 3001 556 1000 3002 523 1001 3003 558 1001 3004 478 1001 3005 559 1002 3006 560 1002 3007 561 1002 3008 523 1003 3009 478 1003 3010 561 1003 3011 478 1004 3012 561 1004 3013 562 1004 3014 563 1005 3015 564 1005 3016 561 1005 3017 565 1006 3018 484 1006 3019 561 1006 3020 565 1007 3021 484 1007 3022 563 1007 3023 562 1008 3024 478 1008 3025 566 1008 3026 562 1009 3027 566 1009 3028 427 1009 3029 561 1010 3030 563 1010 3031 562 1010 3032 568 1011 3033 567 1011 3034 563 1011 3035 565 1012 3036 563 1012 3037 562 1012 3038 567 1013 3039 565 1013 3040 562 1013 3041 567 1014 3042 562 1014 3043 569 1014 3044 562 1015 3045 443 1015 3046 569 1015 3047 569 1016 3048 443 1016 3049 570 1016 3050 427 1017 3051 443 1017 3052 562 1017 3053 571 1018 3054 569 1018 3055 572 1018 3056 569 1019 3057 570 1019 3058 572 1019 3059 477 1020 3060 468 1020 3061 427 1020 3062 566 1021 3063 477 1021 3064 427 1021 3065 573 1022 3066 560 1022 3067 574 1022 3068 574 1023 3069 575 1023 3070 576 1023 3071 573 1024 3072 574 1024 3073 575 1024 3074 519 1025 3075 573 1025 3076 575 1025 3077 576 1026 3078 573 1026 3079 519 1026 3080 519 1027 3081 563 1027 3082 576 1027 3083 576 1028 3084 563 1028 3085 575 1028 3086 563 1029 3087 575 1029 3088 577 1029 3089 574 1030 3090 576 1030 3091 577 1030 3092 576 1031 3093 573 1031 3094 577 1031 3095 519 1032 3096 575 1032 3097 577 1032 3098 577 1033 3099 578 1033 3100 519 1033 3101 577 1034 3102 574 1034 3103 579 1034 3104 579 1035 3105 577 1035 3106 578 1035 3107 563 1036 3108 560 1036 3109 573 1036 3110 559 1037 3111 478 1037 3112 484 1037 3113 484 1038 3114 574 1038 3115 559 1038 3116 484 1039 3117 477 1039 3118 566 1039 3119 579 1040 3120 574 1040 3121 484 1040 3122 577 1041 3123 573 1041 3124 561 1041 3125 563 1042 3126 577 1042 3127 568 1042 3128 577 1043 3129 568 1043 3130 484 1043 3131 573 1044 3132 564 1044 3133 580 1044 3134 580 1045 3135 573 1045 3136 563 1045 3137 561 1046 3138 564 1046 3139 573 1046 3140 561 1047 3141 577 1047 3142 484 1047 3143 559 1048 3144 565 1048 3145 561 1048 3146 559 1049 3147 478 1049 3148 565 1049 3149 478 1050 3150 565 1050 3151 566 1050 3152 568 1051 3153 579 1051 3154 484 1051 3155 579 1052 3156 568 1052 3157 578 1052 3158 563 1053 3159 484 1053 3160 567 1053 3161 578 1054 3162 568 1054 3163 567 1054 3164 484 1055 3165 566 1055 3166 567 1055 3167 567 1056 3168 566 1056 3169 565 1056 3170 569 1057 3171 567 1057 3172 318 1057 3173 581 1058 3174 564 1058 3175 563 1058 3176 580 1059 3177 581 1059 3178 563 1059 3179 581 1060 3180 582 1060 3181 580 1060 3182 581 1061 3183 583 1061 3184 564 1061 3185 583 1062 3186 564 1062 3187 580 1062 3188 580 1063 3189 583 1063 3190 582 1063 3191 224 1064 3192 584 1064 3193 542 1064 3194 224 1065 3195 531 1065 3196 585 1065 3197 586 1066 3198 584 1066 3199 542 1066 3200 542 1067 3201 586 1067 3202 539 1067 3203 587 1068 3204 523 1068 3205 588 1068 3206 522 1069 3207 587 1069 3208 523 1069 3209 542 1070 3210 405 1070 3211 224 1070 3212 224 1071 3213 405 1071 3214 522 1071 3215 405 1072 3216 587 1072 3217 522 1072 3218 589 1073 3219 558 1073 3220 523 1073 3221 588 1074 3222 590 1074 3223 589 1074 3224 523 1075 3225 588 1075 3226 589 1075 3227 589 1076 3228 591 1076 3229 587 1076 3230 588 1077 3231 591 1077 3232 587 1077 3233 589 1078 3234 587 1078 3235 558 1078 3236 405 1079 3237 277 1079 3238 587 1079 3239 224 1080 3240 522 1080 3241 531 1080 3242 592 1081 3243 587 1081 3244 558 1081 3245 561 1082 3246 592 1082 3247 523 1082 3248 558 1083 3249 592 1083 3250 561 1083 3251 560 1084 3252 592 1084 3253 587 1084 3254 560 1085 3255 587 1085 3256 478 1085 3257 561 1086 3258 558 1086 3259 560 1086 3260 560 1087 3261 558 1087 3262 478 1087 3263 519 1088 3264 523 1088 3265 592 1088 3266 587 1089 3267 261 1089 3268 478 1089 3269 592 1090 3270 560 1090 3271 519 1090 3272 519 1091 3273 560 1091 3274 563 1091 3275 560 1092 3276 559 1092 3277 574 1092 3278 519 1093 3279 578 1093 3280 525 1093 3281 587 1094 3282 277 1094 3283 261 1094 3284 593 1095 3285 594 1095 3286 595 1095 3287 596 1096 3288 593 1096 3289 89 1096 3290 597 1097 3291 89 1097 3292 593 1097 3293 104 1098 3294 89 1098 3295 597 1098 3296 598 1099 3297 596 1099 3298 599 1099 3299 104 1100 3300 593 1100 3301 595 1100 3302 94 1101 3303 104 1101 3304 595 1101 3305 597 1102 3306 593 1102 3307 104 1102 3308 89 1103 3309 596 1103 3310 599 1103 3311 598 1104 3312 599 1104 3313 89 1104 3314 99 1105 3315 101 1105 3316 100 1105 3317 600 1106 3318 101 1106 3319 601 1106 3320 101 1107 3321 602 1107 3322 601 1107 3323 602 1108 3324 603 1108 3325 601 1108 3326 602 1109 3327 101 1109 3328 98 1109 3329 101 1110 3330 600 1110 3331 121 1110 3332 121 1111 3333 600 1111 3334 604 1111 3335 101 1112 3336 121 1112 3337 100 1112 3338 605 1113 3339 606 1113 3340 607 1113 3341 606 1114 3342 605 1114 3343 608 1114 3344 347 1115 3345 609 1115 3346 342 1115 3347 347 1116 3348 607 1116 3349 348 1116 3350 605 1117 3351 607 1117 3352 347 1117 3353 609 1118 3354 605 1118 3355 347 1118 3356 605 1119 3357 608 1119 3358 609 1119 3359 607 1120 3360 609 1120 3361 348 1120 3362 342 1121 3363 609 1121 3364 348 1121 3365 608 1122 3366 609 1122 3367 610 1122 3368 611 1123 3369 609 1123 3370 610 1123 3371 609 1124 3372 607 1124 3373 611 1124 3374 606 1125 3375 608 1125 3376 607 1125 3377 608 1126 3378 607 1126 3379 611 1126 3380 288 1127 3381 159 1127 3382 547 1127 3383 612 1128 3384 155 1128 3385 150 1128 3386 211 1129 3387 612 1129 3388 150 1129 3389 613 1130 3390 290 1130 3391 153 1130 3392 152 1131 3393 614 1131 3394 153 1131 3395 289 1132 3396 290 1132 3397 613 1132 3398 613 1133 3399 614 1133 3400 157 1133 3401 208 1134 3402 615 1134 3403 157 1134 3404 208 1135 3405 614 1135 3406 616 1135 3407 208 1136 3408 614 1136 3409 615 1136 3410 613 1137 3411 614 1137 3412 616 1137 3413 616 1138 3414 615 1138 3415 152 1138 3416 615 1139 3417 614 1139 3418 153 1139 3419 208 1140 3420 616 1140 3421 152 1140 3422 616 1141 3423 613 1141 3424 615 1141 3425 613 1142 3426 153 1142 3427 615 1142 3428 159 1143 3429 203 1143 3430 149 1143 3431 153 1144 3432 159 1144 3433 150 1144 3434 290 1145 3435 547 1145 3436 153 1145 3437 159 1146 3438 153 1146 3439 547 1146 3440 289 1147 3441 203 1147 3442 159 1147 3443 617 1148 3444 618 1148 3445 619 1148 3446 620 1149 3447 617 1149 3448 604 1149 3449 617 1150 3450 604 1150 3451 121 1150 3452 617 1151 3453 619 1151 3454 121 1151 3455 102 1152 3456 121 1152 3457 619 1152 3458 618 1153 3459 621 1153 3460 619 1153 3461 98 1154 3462 102 1154 3463 619 1154 3464 622 1155 3465 350 1155 3466 623 1155 3467 370 1156 3468 624 1156 3469 371 1156 3470 376 1157 3471 625 1157 3472 624 1157 3473 624 1158 3474 625 1158 3475 371 1158 3476 377 1159 3477 625 1159 3478 376 1159 3479 625 1160 3480 377 1160 3481 626 1160 3482 543 1161 3483 627 1161 3484 625 1161 3485 553 1162 3486 628 1162 3487 555 1162 3488 629 1163 3489 630 1163 3490 550 1163 3491 630 1164 3492 628 1164 3493 550 1164 3494 550 1165 3495 628 1165 3496 551 1165 3497 551 1166 3498 628 1166 3499 553 1166 3500 552 1167 3501 629 1167 3502 550 1167 3503 62 1168 3504 185 1168 3505 59 1168 3506 632 1169 3507 631 1169 3508 184 1169 3509 633 1170 3510 634 1170 3511 635 1170 3512 635 1171 3513 631 1171 3514 184 1171 3515 632 1172 3516 633 1172 3517 184 1172 3518 634 1173 3519 631 1173 3520 635 1173 3521 185 1174 3522 635 1174 3523 142 1174 3524 184 1175 3525 58 1175 3526 635 1175 3527 635 1176 3528 58 1176 3529 142 1176 3530 635 1177 3531 291 1177 3532 633 1177 3533 635 1178 3534 185 1178 3535 291 1178 3536 63 1179 3537 184 1179 3538 633 1179 3539 186 1180 3540 159 1180 3541 288 1180 3542 373 1181 3543 634 1181 3544 632 1181 3545 634 1182 3546 383 1182 3547 381 1182 3548 634 1183 3549 381 1183 3550 631 1183 3551 383 1184 3552 634 1184 3553 373 1184 3554 383 1185 3555 374 1185 3556 373 1185 3557 62 1186 3558 382 1186 3559 636 1186 3560 381 1187 3561 636 1187 3562 631 1187 3563 634 1188 3564 632 1188 3565 633 1188 3566 631 1189 3567 382 1189 3568 632 1189 3569 631 1190 3570 636 1190 3571 382 1190 3572 291 1191 3573 59 1191 3574 142 1191 3575 633 1192 3576 291 1192 3577 142 1192 3578 382 1193 3579 291 1193 3580 62 1193 3581 381 1194 3582 382 1194 3583 291 1194 3584 381 1195 3585 291 1195 3586 185 1195 3587 636 1196 3588 381 1196 3589 185 1196 3590 62 1197 3591 636 1197 3592 185 1197 3593 187 1198 3594 61 1198 3595 63 1198 3596 60 1199 3597 63 1199 3598 633 1199 3599 60 1200 3600 633 1200 3601 142 1200 3602 543 1201 3603 541 1201 3604 637 1201 3605 543 1202 3606 637 1202 3607 627 1202 3608 627 1203 3609 637 1203 3610 638 1203 3611 639 1204 3612 640 1204 3613 539 1204 3614 539 1205 3615 641 1205 3616 640 1205 3617 641 1206 3618 642 1206 3619 539 1206 3620 539 1207 3621 642 1207 3622 584 1207 3623 644 1208 3624 643 1208 3625 645 1208 3626 645 1209 3627 646 1209 3628 643 1209 3629 643 1210 3630 641 1210 3631 644 1210 3632 644 1211 3633 641 1211 3634 640 1211 3635 640 1212 3636 644 1212 3637 646 1212 3638 645 1213 3639 647 1213 3640 648 1213 3641 649 1214 3642 648 1214 3643 650 1214 3644 649 1215 3645 645 1215 3646 648 1215 3647 649 1216 3648 646 1216 3649 645 1216 3650 644 1217 3651 646 1217 3652 649 1217 3653 644 1218 3654 649 1218 3655 647 1218 3656 647 1219 3657 645 1219 3658 644 1219 3659 651 1220 3660 652 1220 3661 650 1220 3662 650 1221 3663 653 1221 3664 651 1221 3665 650 1222 3666 648 1222 3667 653 1222 3668 647 1223 3669 652 1223 3670 654 1223 3671 650 1224 3672 652 1224 3673 647 1224 3674 654 1225 3675 647 1225 3676 648 1225 3677 653 1226 3678 648 1226 3679 654 1226 3680 647 1227 3681 649 1227 3682 650 1227 3683 643 1228 3684 646 1228 3685 640 1228 3686 641 1229 3687 643 1229 3688 642 1229 3689 640 1230 3690 642 1230 3691 643 1230 3692 654 1231 3693 652 1231 3694 602 1231 3695 654 1232 3696 602 1232 3697 655 1232 3698 379 1233 3699 656 1233 3700 657 1233 3701 656 1234 3702 657 1234 3703 375 1234 3704 656 1235 3705 375 1235 3706 380 1235 3707 658 1236 3708 657 1236 3709 659 1236 3710 657 1237 3711 375 1237 3712 658 1237 3713 660 1238 3714 661 1238 3715 662 1238 3716 661 1239 3717 662 1239 3718 663 1239 3719 664 1240 3720 665 1240 3721 660 1240 3722 665 1241 3723 660 1241 3724 661 1241 3725 661 1242 3726 663 1242 3727 666 1242 3728 375 1243 3729 377 1243 3730 666 1243 3731 660 1244 3732 667 1244 3733 668 1244 3734 375 1245 3735 662 1245 3736 658 1245 3737 663 1246 3738 375 1246 3739 662 1246 3740 666 1247 3741 375 1247 3742 663 1247 3743 658 1248 3744 669 1248 3745 662 1248 3746 666 1249 3747 377 1249 3748 662 1249 3749 662 1250 3750 660 1250 3751 667 1250 3752 670 1251 3753 410 1251 3754 662 1251 3755 670 1252 3756 666 1252 3757 662 1252 3758 662 1253 3759 377 1253 3760 669 1253 3761 671 1254 3762 672 1254 3763 673 1254 3764 671 1255 3765 255 1255 3766 674 1255 3767 674 1256 3768 672 1256 3769 675 1256 3770 86 1257 3771 672 1257 3772 675 1257 3773 672 1258 3774 671 1258 3775 676 1258 3776 672 1259 3777 86 1259 3778 82 1259 3779 82 1260 3780 86 1260 3781 85 1260 3782 674 1261 3783 672 1261 3784 676 1261 3785 674 1262 3786 671 1262 3787 676 1262 3788 674 1263 3789 255 1263 3790 677 1263 3791 674 1264 3792 86 1264 3793 675 1264 3794 84 1265 3795 672 1265 3796 82 1265 3797 83 1266 3798 672 1266 3799 84 1266 3800 593 1267 3801 596 1267 3802 258 1267 3803 594 1268 3804 593 1268 3805 678 1268 3806 593 1269 3807 258 1269 3808 678 1269 3809 678 1270 3810 258 1270 3811 594 1270 3812 679 1271 3813 596 1271 3814 674 1271 3815 674 1272 3816 677 1272 3817 679 1272 3818 596 1273 3819 598 1273 3820 680 1273 3821 596 1274 3822 677 1274 3823 255 1274 3824 677 1275 3825 596 1275 3826 679 1275 3827 88 1276 3828 598 1276 3829 89 1276 3830 86 1277 3831 674 1277 3832 88 1277 3833 680 1278 3834 596 1278 3835 88 1278 3836 674 1279 3837 596 1279 3838 88 1279 3839 598 1280 3840 88 1280 3841 680 1280 3842 379 1281 3843 681 1281 3844 399 1281 3845 379 1282 3846 399 1282 3847 380 1282 3848 656 1283 3849 380 1283 3850 626 1283 3851 626 1284 3852 380 1284 3853 625 1284 3854 625 1285 3855 380 1285 3856 399 1285 3857 399 1286 3858 398 1286 3859 625 1286 3860 398 1287 3861 543 1287 3862 625 1287 3863 224 1288 3864 359 1288 3865 354 1288 3866 224 1289 3867 359 1289 3868 682 1289 3869 683 1290 3870 351 1290 3871 682 1290 3872 348 1291 3873 351 1291 3874 343 1291 3875 359 1292 3876 682 1292 3877 363 1292 3878 682 1293 3879 684 1293 3880 224 1293 3881 363 1294 3882 683 1294 3883 682 1294 3884 360 1295 3885 362 1295 3886 367 1295 3887 364 1296 3888 363 1296 3889 359 1296 3890 627 1297 3891 685 1297 3892 363 1297 3893 390 1298 3894 389 1298 3895 686 1298 3896 687 1299 3897 389 1299 3898 686 1299 3899 389 1300 3900 687 1300 3901 388 1300 3902 390 1301 3903 687 1301 3904 388 1301 3905 390 1302 3906 686 1302 3907 688 1302 3908 688 1303 3909 687 1303 3910 390 1303 3911 591 1304 3912 589 1304 3913 590 1304 3914 689 1305 3915 588 1305 3916 591 1305 3917 689 1306 3918 590 1306 3919 588 1306 3920 590 1307 3921 690 1307 3922 689 1307 3923 590 1308 3924 691 1308 3925 591 1308 3926 689 1309 3927 591 1309 3928 692 1309 3929 590 1310 3930 691 1310 3931 690 1310 3932 694 1311 3933 693 1311 3934 695 1311 3935 695 1312 3936 394 1312 3937 696 1312 3938 695 1313 3939 697 1313 3940 394 1313 3941 698 1314 3942 695 1314 3943 694 1314 3944 695 1315 3945 699 1315 3946 697 1315 3947 697 1316 3948 694 1316 3949 693 1316 3950 395 1317 3951 695 1317 3952 696 1317 3953 700 1318 3954 701 1318 3955 702 1318 3956 701 1319 3957 688 1319 3958 703 1319 3959 703 1320 3960 704 1320 3961 700 1320 3962 704 1321 3963 700 1321 3964 536 1321 3965 700 1322 3966 692 1322 3967 701 1322 3968 703 1323 3969 688 1323 3970 700 1323 3971 704 1324 3972 703 1324 3973 705 1324 3974 690 1325 3975 700 1325 3976 692 1325 3977 699 1326 3978 695 1326 3979 698 1326 3980 699 1327 3981 694 1327 3982 697 1327 3983 706 1328 3984 699 1328 3985 698 1328 3986 686 1329 3987 687 1329 3988 706 1329 3989 699 1330 3990 687 1330 3991 694 1330 3992 698 1331 3993 687 1331 3994 694 1331 3995 699 1332 3996 706 1332 3997 687 1332 3998 698 1333 3999 687 1333 4000 688 1333 4001 688 1334 4002 706 1334 4003 686 1334 4004 690 1335 4005 689 1335 4006 692 1335 4007 591 1336 4008 691 1336 4009 692 1336 4010 692 1337 4011 688 1337 4012 701 1337 4013 706 1338 4014 698 1338 4015 692 1338 4016 691 1339 4017 706 1339 4018 692 1339 4019 698 1340 4020 692 1340 4021 688 1340 4022 691 1341 4023 690 1341 4024 700 1341 4025 691 1342 4026 688 1342 4027 700 1342 4028 706 1343 4029 688 1343 4030 691 1343 4031 707 1344 4032 95 1344 4033 94 1344 4034 94 1345 4035 595 1345 4036 707 1345 4037 708 1346 4038 623 1346 4039 709 1346 4040 371 1347 4041 625 1347 4042 709 1347 4043 709 1348 4044 625 1348 4045 708 1348 4046 353 1349 4047 710 1349 4048 711 1349 4049 712 1350 4050 353 1350 4051 713 1350 4052 353 1351 4053 711 1351 4054 713 1351 4055 623 1352 4056 353 1352 4057 712 1352 4058 623 1353 4059 350 1353 4060 353 1353 4061 527 1354 4062 444 1354 4063 338 1354 4064 315 1355 4065 527 1355 4066 445 1355 4067 714 1356 4068 567 1356 4069 527 1356 4070 715 1357 4071 714 1357 4072 527 1357 4073 315 1358 4074 715 1358 4075 527 1358 4076 527 1359 4077 567 1359 4078 318 1359 4079 315 1360 4080 445 1360 4081 444 1360 4082 527 1361 4083 318 1361 4084 444 1361 4085 578 1362 4086 714 1362 4087 716 1362 4088 714 1363 4089 567 1363 4090 716 1363 4091 716 1364 4092 567 1364 4093 715 1364 4094 521 1365 4095 525 1365 4096 717 1365 4097 525 1366 4098 578 1366 4099 714 1366 4100 714 1367 4101 715 1367 4102 717 1367 4103 716 1368 4104 578 1368 4105 717 1368 4106 567 1369 4107 715 1369 4108 578 1369 4109 715 1370 4110 717 1370 4111 716 1370 4112 717 1371 4113 578 1371 4114 521 1371 4115 525 1372 4116 714 1372 4117 717 1372 4118 521 1373 4119 578 1373 4120 715 1373 4121 521 1374 4122 715 1374 4123 315 1374 4124 521 1375 4125 315 1375 4126 320 1375 4127 445 1376 4128 521 1376 4129 320 1376 4130 521 1377 4131 527 1377 4132 445 1377 4133 554 1378 4134 555 1378 4135 718 1378 4136 569 1379 4137 318 1379 4138 555 1379 4139 628 1380 4140 629 1380 4141 719 1380 4142 629 1381 4143 628 1381 4144 630 1381 4145 555 1382 4146 569 1382 4147 571 1382 4148 629 1383 4149 552 1383 4150 719 1383 4151 552 1384 4152 718 1384 4153 719 1384 4154 552 1385 4155 554 1385 4156 718 1385 4157 91 1386 4158 83 1386 4159 82 1386 4160 91 1387 4161 108 1387 4162 110 1387 4163 720 1388 4164 83 1388 4165 91 1388 4166 83 1389 4167 113 1389 4168 720 1389 4169 721 1390 4170 113 1390 4171 722 1390 4172 672 1391 4173 83 1391 4174 673 1391 4175 671 1392 4176 83 1392 4177 673 1392 4178 723 1393 4179 721 1393 4180 83 1393 4181 721 1394 4182 671 1394 4183 83 1394 4184 723 1395 4185 83 1395 4186 113 1395 4187 113 1396 4188 721 1396 4189 723 1396 4190 113 1397 4191 130 1397 4192 724 1397 4193 722 1398 4194 113 1398 4195 724 1398 4196 113 1399 4197 720 1399 4198 91 1399 4199 130 1400 4200 722 1400 4201 724 1400 4202 725 1401 4203 726 1401 4204 617 1401 4205 532 1402 4206 725 1402 4207 243 1402 4208 248 1403 4209 251 1403 4210 232 1403 4211 250 1404 4212 245 1404 4213 247 1404 4214 244 1405 4215 252 1405 4216 245 1405 4217 245 1406 4218 251 1406 4219 248 1406 4220 232 1407 4221 244 1407 4222 251 1407 4223 244 1408 4224 535 1408 4225 530 1408 4226 531 1409 4227 533 1409 4228 535 1409 4229 585 1410 4230 531 1410 4231 244 1410 4232 250 1411 4233 244 1411 4234 245 1411 4235 250 1412 4236 248 1412 4237 232 1412 4238 585 1413 4239 244 1413 4240 250 1413 4241 531 1414 4242 244 1414 4243 535 1414 4244 535 1415 4245 536 1415 4246 534 1415 4247 623 1416 4248 708 1416 4249 622 1416 4250 640 1417 4251 586 1417 4252 584 1417 4253 584 1418 4254 642 1418 4255 640 1418 4256 586 1419 4257 639 1419 4258 539 1419 4259 620 1420 4260 725 1420 4261 617 1420 4262 727 1421 4263 728 1421 4264 729 1421 4265 727 1422 4266 730 1422 4267 731 1422 4268 732 1423 4269 733 1423 4270 730 1423 4271 727 1424 4272 731 1424 4273 734 1424 4274 732 1425 4275 730 1425 4276 727 1425 4277 727 1426 4278 729 1426 4279 732 1426 4280 732 1427 4281 729 1427 4282 735 1427 4283 728 1428 4284 734 1428 4285 729 1428 4286 600 1429 4287 732 1429 4288 601 1429 4289 243 1430 4290 725 1430 4291 732 1430 4292 620 1431 4293 604 1431 4294 732 1431 4295 620 1432 4296 732 1432 4297 725 1432 4298 733 1433 4299 732 1433 4300 601 1433 4301 604 1434 4302 600 1434 4303 732 1434 4304 736 1435 4305 595 1435 4306 258 1435 4307 124 1436 4308 737 1436 4309 738 1436 4310 737 1437 4311 739 1437 4312 738 1437 4313 115 1438 4314 114 1438 4315 740 1438 4316 115 1439 4317 740 1439 4318 737 1439 4319 115 1440 4320 737 1440 4321 124 1440 4322 740 1441 4323 741 1441 4324 737 1441 4325 741 1442 4326 736 1442 4327 737 1442 4328 106 1443 4329 740 1443 4330 114 1443 4331 740 1444 4332 106 1444 4333 736 1444 4334 741 1445 4335 740 1445 4336 736 1445 4337 736 1446 4338 106 1446 4339 742 1446 4340 595 1447 4341 95 1447 4342 707 1447 4343 736 1448 4344 95 1448 4345 595 1448 4346 95 1449 4347 736 1449 4348 742 1449 4349 106 1450 4350 95 1450 4351 742 1450 4352 355 1451 4353 354 1451 4354 358 1451 4355 354 1452 4356 224 1452 4357 358 1452 4358 223 1453 4359 220 1453 4360 237 1453 4361 238 1454 4362 250 1454 4363 240 1454 4364 224 1455 4365 358 1455 4366 223 1455 4367 224 1456 4368 250 1456 4369 226 1456 4370 250 1457 4371 226 1457 4372 238 1457 4373 359 1458 4374 364 1458 4375 358 1458 4376 366 1459 4377 358 1459 4378 223 1459 4379 364 1460 4380 366 1460 4381 358 1460 4382 419 1461 4383 544 1461 4384 223 1461 4385 548 1462 4386 366 1462 4387 223 1462 4388 419 1463 4389 420 1463 4390 544 1463 4391 223 1464 4392 544 1464 4393 548 1464 4394 241 1465 4395 242 1465 4396 240 1465 4397 242 1466 4398 238 1466 4399 239 1466 4400 241 1467 4401 240 1467 4402 239 1467 4403 242 1468 4404 238 1468 4405 240 1468 4406 224 1469 4407 585 1469 4408 250 1469 4409 250 1470 4410 232 1470 4411 240 1470 4412 346 1471 4413 355 1471 4414 356 1471 4415 356 1472 4416 355 1472 4417 358 1472 4418 354 1473 4419 356 1473 4420 359 1473 4421 372 1474 4422 378 1474 4423 743 1474 4424 744 1475 4425 376 1475 4426 624 1475 4427 370 1476 4428 744 1476 4429 624 1476 4430 369 1477 4431 376 1477 4432 744 1477 4433 744 1478 4434 745 1478 4435 746 1478 4436 378 1479 4437 369 1479 4438 743 1479 4439 743 1480 4440 369 1480 4441 744 1480 4442 625 1481 4443 627 1481 4444 708 1481 4445 627 1482 4446 363 1482 4447 362 1482 4448 637 1483 4449 386 1483 4450 638 1483 4451 637 1484 4452 747 1484 4453 386 1484 4454 311 1485 4455 748 1485 4456 309 1485 4457 721 1486 4458 748 1486 4459 671 1486 4460 748 1487 4461 255 1487 4462 671 1487 4463 311 1488 4464 255 1488 4465 748 1488 4466 748 1489 4467 721 1489 4468 722 1489 4469 255 1490 4470 258 1490 4471 596 1490 4472 594 1491 4473 258 1491 4474 595 1491 4475 127 1492 4476 749 1492 4477 750 1492 4478 751 1493 4479 750 1493 4480 309 1493 4481 737 1494 4482 258 1494 4483 309 1494 4484 736 1495 4485 258 1495 4486 737 1495 4487 749 1496 4488 125 1496 4489 739 1496 4490 309 1497 4491 739 1497 4492 737 1497 4493 750 1498 4494 749 1498 4495 309 1498 4496 752 1499 4497 129 1499 4498 750 1499 4499 751 1500 4500 130 1500 4501 750 1500 4502 130 1501 4503 750 1501 4504 752 1501 4505 748 1502 4506 722 1502 4507 751 1502 4508 751 1503 4509 748 1503 4510 309 1503 4511 751 1504 4512 753 1504 4513 130 1504 4514 127 1505 4515 749 1505 4516 754 1505 4517 285 1506 4518 313 1506 4519 258 1506 4520 286 1507 4521 282 1507 4522 258 1507 4523 257 1508 4524 286 1508 4525 258 1508 4526 282 1509 4527 285 1509 4528 258 1509 4529 258 1510 4530 313 1510 4531 309 1510 4532 286 1511 4533 273 1511 4534 282 1511 4535 127 1512 4536 750 1512 4537 755 1512 4538 125 1513 4539 124 1513 4540 739 1513 4541 125 1514 4542 754 1514 4543 127 1514 4544 754 1515 4545 125 1515 4546 749 1515 4547 309 1516 4548 749 1516 4549 756 1516 4550 756 1517 4551 749 1517 4552 739 1517 4553 756 1518 4554 739 1518 4555 309 1518 4556 739 1519 4557 124 1519 4558 738 1519 4559 722 1520 4560 751 1520 4561 753 1520 4562 757 1521 4563 623 1521 4564 712 1521 4565 758 1522 4566 283 1522 4567 337 1522 4568 314 1523 4569 312 1523 4570 313 1523 4571 459 1524 4572 451 1524 4573 460 1524 4574 450 1525 4575 449 1525 4576 759 1525 4577 448 1526 4578 451 1526 4579 457 1526 4580 455 1527 4581 451 1527 4582 453 1527 4583 456 1528 4584 760 1528 4585 451 1528 4586 455 1529 4587 451 1529 4588 456 1529 4589 453 1530 4590 459 1530 4591 451 1530 4592 760 1531 4593 453 1531 4594 459 1531 4595 449 1532 4596 452 1532 4597 759 1532 4598 449 1533 4599 452 1533 4600 460 1533 4601 457 1534 4602 451 1534 4603 760 1534 4604 760 1535 4605 459 1535 4606 457 1535 4607 458 1536 4608 335 1536 4609 459 1536 4610 459 1537 4611 335 1537 4612 457 1537 4613 456 1538 4614 760 1538 4615 453 1538 4616 462 1539 4617 335 1539 4618 458 1539 4619 454 1540 4620 335 1540 4621 457 1540 4622 337 1541 4623 283 1541 4624 237 1541 4625 451 1542 4626 452 1542 4627 460 1542 4628 312 1543 4629 314 1543 4630 334 1543 4631 335 1544 4632 312 1544 4633 461 1544 4634 461 1545 4635 454 1545 4636 335 1545 4637 334 1546 4638 312 1546 4639 461 1546 4640 337 1547 4641 313 1547 4642 758 1547 4643 313 1548 4644 285 1548 4645 758 1548 4646 285 1549 4647 283 1549 4648 758 1549 4649 120 1550 4650 100 1550 4651 121 1550 4652 119 1551 4653 97 1551 4654 100 1551 4655 123 1552 4656 100 1552 4657 120 1552 4658 761 1553 4659 278 1553 4660 428 1553 4661 278 1554 4662 762 1554 4663 763 1554 4664 267 1555 4665 278 1555 4666 764 1555 4667 267 1556 4668 764 1556 4669 264 1556 4670 765 1557 4671 267 1557 4672 268 1557 4673 264 1558 4674 267 1558 4675 268 1558 4676 269 1559 4677 766 1559 4678 268 1559 4679 764 1560 4680 268 1560 4681 765 1560 4682 766 1561 4683 764 1561 4684 268 1561 4685 764 1562 4686 766 1562 4687 264 1562 4688 766 1563 4689 267 1563 4690 765 1563 4691 267 1564 4692 766 1564 4693 269 1564 4694 766 1565 4695 264 1565 4696 765 1565 4697 764 1566 4698 278 1566 4699 763 1566 4700 268 1567 4701 269 1567 4702 767 1567 4703 765 1568 4704 764 1568 4705 269 1568 4706 264 1569 4707 765 1569 4708 767 1569 4709 269 1570 4710 764 1570 4711 768 1570 4712 765 1571 4713 269 1571 4714 767 1571 4715 767 1572 4716 268 1572 4717 768 1572 4718 767 1573 4719 768 1573 4720 763 1573 4721 764 1574 4722 768 1574 4723 763 1574 4724 763 1575 4725 762 1575 4726 428 1575 4727 761 1576 4728 762 1576 4729 769 1576 4730 762 1577 4731 428 1577 4732 761 1577 4733 769 1578 4734 770 1578 4735 771 1578 4736 761 1579 4737 763 1579 4738 772 1579 4739 770 1580 4740 763 1580 4741 771 1580 4742 762 1581 4743 773 1581 4744 774 1581 4745 763 1582 4746 761 1582 4747 771 1582 4748 281 1583 4749 762 1583 4750 774 1583 4751 761 1584 4752 281 1584 4753 769 1584 4754 774 1585 4755 761 1585 4756 281 1585 4757 773 1586 4758 761 1586 4759 772 1586 4760 281 1587 4761 769 1587 4762 775 1587 4763 769 1588 4764 771 1588 4765 775 1588 4766 763 1589 4767 269 1589 4768 770 1589 4769 772 1590 4770 428 1590 4771 432 1590 4772 770 1591 4773 430 1591 4774 769 1591 4775 770 1592 4776 269 1592 4777 430 1592 4778 772 1593 4779 269 1593 4780 776 1593 4781 269 1594 4782 776 1594 4783 436 1594 4784 763 1595 4785 428 1595 4786 772 1595 4787 269 1596 4788 430 1596 4789 771 1596 4790 269 1597 4791 771 1597 4792 772 1597 4793 776 1598 4794 772 1598 4795 432 1598 4796 773 1599 4797 278 1599 4798 761 1599 4799 762 1600 4800 278 1600 4801 773 1600 4802 432 1601 4803 777 1601 4804 776 1601 4805 778 1602 4806 432 1602 4807 777 1602 4808 776 1603 4809 777 1603 4810 779 1603 4811 761 1604 4812 771 1604 4813 780 1604 4814 774 1605 4815 761 1605 4816 775 1605 4817 778 1606 4818 771 1606 4819 772 1606 4820 775 1607 4821 771 1607 4822 430 1607 4823 780 1608 4824 771 1608 4825 778 1608 4826 778 1609 4827 773 1609 4828 772 1609 4829 775 1610 4830 761 1610 4831 430 1610 4832 781 1611 4833 265 1611 4834 774 1611 4835 782 1612 4836 761 1612 4837 780 1612 4838 265 1613 4839 774 1613 4840 783 1613 4841 782 1614 4842 761 1614 4843 422 1614 4844 422 1615 4845 281 1615 4846 775 1615 4847 780 1616 4848 778 1616 4849 777 1616 4850 422 1617 4851 761 1617 4852 430 1617 4853 784 1618 4854 777 1618 4855 780 1618 4856 785 1619 4857 784 1619 4858 779 1619 4859 422 1620 4860 775 1620 4861 782 1620 4862 775 1621 4863 774 1621 4864 782 1621 4865 785 1622 4866 777 1622 4867 782 1622 4868 773 1623 4869 781 1623 4870 774 1623 4871 784 1624 4872 785 1624 4873 777 1624 4874 782 1625 4875 785 1625 4876 780 1625 4877 782 1626 4878 783 1626 4879 439 1626 4880 783 1627 4881 774 1627 4882 782 1627 4883 783 1628 4884 422 1628 4885 439 1628 4886 779 1629 4887 777 1629 4888 423 1629 4889 773 1630 4890 786 1630 4891 787 1630 4892 777 1631 4893 782 1631 4894 423 1631 4895 439 1632 4896 422 1632 4897 788 1632 4898 783 1633 4899 781 1633 4900 787 1633 4901 783 1634 4902 788 1634 4903 281 1634 4904 783 1635 4905 422 1635 4906 281 1635 4907 788 1636 4908 786 1636 4909 789 1636 4910 783 1637 4911 786 1637 4912 788 1637 4913 773 1638 4914 783 1638 4915 787 1638 4916 781 1639 4917 773 1639 4918 786 1639 4919 439 1640 4920 782 1640 4921 423 1640 4922 790 1641 4923 788 1641 4924 439 1641 4925 436 1642 4926 776 1642 4927 779 1642 4928 784 1643 4929 778 1643 4930 432 1643 4931 784 1644 4932 432 1644 4933 436 1644 4934 779 1645 4935 784 1645 4936 436 1645 4937 773 1646 4938 778 1646 4939 784 1646 4940 773 1647 4941 784 1647 4942 780 1647 4943 773 1648 4944 780 1648 4945 779 1648 4946 780 1649 4947 779 1649 4948 785 1649 4949 773 1650 4950 783 1650 4951 779 1650 4952 781 1651 4953 786 1651 4954 423 1651 4955 423 1652 4956 786 1652 4957 783 1652 4958 423 1653 4959 783 1653 4960 779 1653 4961 425 1654 4962 790 1654 4963 423 1654 4964 790 1655 4965 781 1655 4966 423 1655 4967 425 1656 4968 790 1656 4969 439 1656 4970 425 1657 4971 280 1657 4972 439 1657 4973 281 1658 4974 787 1658 4975 791 1658 4976 787 1659 4977 281 1659 4978 788 1659 4979 787 1660 4980 786 1660 4981 789 1660 4982 792 1661 4983 791 1661 4984 422 1661 4985 788 1662 4986 422 1662 4987 787 1662 4988 793 1663 4989 791 1663 4990 422 1663 4991 791 1664 4992 781 1664 4993 792 1664 4994 791 1665 4995 787 1665 4996 781 1665 4997 792 1666 4998 787 1666 4999 789 1666 5000 793 1667 5001 281 1667 5002 791 1667 5003 789 1668 5004 788 1668 5005 790 1668 5006 787 1669 5007 792 1669 5008 422 1669 5009 792 1670 5010 281 1670 5011 793 1670 5012 792 1671 5013 781 1671 5014 281 1671 5015 789 1672 5016 781 1672 5017 794 1672 5018 795 1673 5019 794 1673 5020 281 1673 5021 781 1674 5022 795 1674 5023 281 1674 5024 793 1675 5025 795 1675 5026 792 1675 5027 789 1676 5028 795 1676 5029 792 1676 5030 795 1677 5031 781 1677 5032 789 1677 5033 789 1678 5034 280 1678 5035 793 1678 5036 280 1679 5037 281 1679 5038 794 1679 5039 789 1680 5040 794 1680 5041 793 1680 5042 794 1681 5043 795 1681 5044 793 1681 5045 789 1682 5046 280 1682 5047 790 1682 5048 790 1683 5049 426 1683 5050 280 1683 5051 794 1684 5052 781 1684 5053 280 1684 5054 781 1685 5055 790 1685 5056 426 1685 5057 781 1686 5058 424 1686 5059 280 1686 5060 424 1687 5061 781 1687 5062 426 1687 5063 280 1688 5064 793 1688 5065 422 1688 5066 278 1689 5067 783 1689 5068 796 1689 5069 265 1690 5070 278 1690 5071 783 1690 5072 781 1691 5073 265 1691 5074 796 1691 5075 796 1692 5076 781 1692 5077 783 1692 5078 265 1693 5079 796 1693 5080 267 1693 5081 267 1694 5082 278 1694 5083 796 1694 5084 265 1695 5085 763 1695 5086 769 1695 5087 762 1696 5088 265 1696 5089 769 1696 5090 769 1697 5091 768 1697 5092 430 1697 5093 264 1698 5094 763 1698 5095 265 1698 5096 769 1699 5097 768 1699 5098 269 1699 5099 269 1700 5100 769 1700 5101 763 1700 5102 430 1701 5103 768 1701 5104 268 1701 5105 281 1702 5106 265 1702 5107 762 1702 5108 264 1703 5109 767 1703 5110 763 1703 5111 424 1704 5112 438 1704 5113 280 1704 5114 442 1705 5115 259 1705 5116 280 1705 5117 425 1706 5118 426 1706 5119 280 1706 5120 757 1707 5121 712 1707 5122 548 1707 5123 797 1708 5124 163 1708 5125 713 1708 5126 366 1709 5127 713 1709 5128 711 1709 5129 797 1710 5130 713 1710 5131 798 1710 5132 799 1711 5133 797 1711 5134 798 1711 5135 798 1712 5136 713 1712 5137 366 1712 5138 548 1713 5139 800 1713 5140 366 1713 5141 800 1714 5142 801 1714 5143 366 1714 5144 799 1715 5145 798 1715 5146 801 1715 5147 801 1716 5148 798 1716 5149 802 1716 5150 800 1717 5151 201 1717 5152 200 1717 5153 803 1718 5154 801 1718 5155 200 1718 5156 200 1719 5157 801 1719 5158 800 1719 5159 201 1720 5160 801 1720 5161 803 1720 5162 201 1721 5163 799 1721 5164 801 1721 5165 801 1722 5166 802 1722 5167 804 1722 5168 802 1723 5169 805 1723 5170 202 1723 5171 805 1724 5172 802 1724 5173 798 1724 5174 801 1725 5175 804 1725 5176 366 1725 5177 202 1726 5178 805 1726 5179 804 1726 5180 804 1727 5181 805 1727 5182 366 1727 5183 366 1728 5184 805 1728 5185 798 1728 5186 548 1729 5187 799 1729 5188 201 1729 5189 548 1730 5190 201 1730 5191 800 1730 5192 806 1731 5193 797 1731 5194 799 1731 5195 548 1732 5196 806 1732 5197 799 1732 5198 622 1733 5199 360 1733 5200 350 1733 5201 622 1734 5202 708 1734 5203 627 1734 5204 627 1735 5205 362 1735 5206 622 1735 5207 402 1736 5208 807 1736 5209 808 1736 5210 411 1737 5211 403 1737 5212 402 1737 5213 411 1738 5214 402 1738 5215 808 1738 5216 669 1739 5217 809 1739 5218 411 1739 5219 669 1740 5220 657 1740 5221 809 1740 5222 411 1741 5223 810 1741 5224 669 1741 5225 808 1742 5226 810 1742 5227 411 1742 5228 807 1743 5229 811 1743 5230 808 1743 5231 811 1744 5232 808 1744 5233 668 1744 5234 402 1745 5235 626 1745 5236 810 1745 5237 402 1746 5238 810 1746 5239 807 1746 5240 810 1747 5241 808 1747 5242 667 1747 5243 667 1748 5244 811 1748 5245 810 1748 5246 811 1749 5247 807 1749 5248 810 1749 5249 810 1750 5250 626 1750 5251 377 1750 5252 669 1751 5253 810 1751 5254 377 1751 5255 703 1752 5256 812 1752 5257 701 1752 5258 813 1753 5259 703 1753 5260 812 1753 5261 814 1754 5262 815 1754 5263 812 1754 5264 815 1755 5265 814 1755 5266 703 1755 5267 813 1756 5268 814 1756 5269 703 1756 5270 813 1757 5271 816 1757 5272 812 1757 5273 816 1758 5274 812 1758 5275 814 1758 5276 817 1759 5277 813 1759 5278 818 1759 5279 814 1760 5280 816 1760 5281 819 1760 5282 814 1761 5283 813 1761 5284 818 1761 5285 819 1762 5286 818 1762 5287 814 1762 5288 820 1763 5289 816 1763 5290 813 1763 5291 819 1764 5292 817 1764 5293 821 1764 5294 818 1765 5295 819 1765 5296 821 1765 5297 817 1766 5298 818 1766 5299 821 1766 5300 820 1767 5301 817 1767 5302 816 1767 5303 813 1768 5304 817 1768 5305 820 1768 5306 817 1769 5307 816 1769 5308 819 1769 5309 539 1770 5310 822 1770 5311 537 1770 5312 541 1771 5313 637 1771 5314 537 1771 5315 823 1772 5316 822 1772 5317 684 1772 5318 822 1773 5319 747 1773 5320 637 1773 5321 823 1774 5322 747 1774 5323 822 1774 5324 584 1775 5325 224 1775 5326 539 1775 5327 539 1776 5328 224 1776 5329 822 1776 5330 637 1777 5331 537 1777 5332 822 1777 5333 684 1778 5334 822 1778 5335 224 1778 5336 549 1779 5337 371 1779 5338 709 1779 5339 360 1780 5340 349 1780 5341 683 1780 5342 683 1781 5343 351 1781 5344 343 1781 5345 351 1782 5346 638 1782 5347 682 1782 5348 685 1783 5349 638 1783 5350 351 1783 5351 360 1784 5352 351 1784 5353 350 1784 5354 685 1785 5355 351 1785 5356 360 1785 5357 345 1786 5358 343 1786 5359 683 1786 5360 345 1787 5361 683 1787 5362 349 1787 5363 627 1788 5364 638 1788 5365 685 1788 5366 363 1789 5367 685 1789 5368 683 1789 5369 360 1790 5370 367 1790 5371 361 1790 5372 683 1791 5373 685 1791 5374 360 1791 5375 360 1792 5376 622 1792 5377 362 1792 5378 548 1793 5379 712 1793 5380 806 1793 5381 806 1794 5382 188 1794 5383 191 1794 5384 806 1795 5385 191 1795 5386 797 1795 5387 190 1796 5388 192 1796 5389 191 1796 5390 164 1797 5391 806 1797 5392 712 1797 5393 164 1798 5394 189 1798 5395 188 1798 5396 164 1799 5397 188 1799 5398 806 1799 5399 712 1800 5400 161 1800 5401 164 1800 5402 747 1801 5403 823 1801 5404 385 1801 5405 823 1802 5406 638 1802 5407 386 1802 5408 385 1803 5409 823 1803 5410 386 1803 5411 823 1804 5412 684 1804 5413 682 1804 5414 638 1805 5415 823 1805 5416 682 1805 5417 797 1806 5418 193 1806 5419 163 1806 5420 192 1807 5421 193 1807 5422 797 1807 5423 192 1808 5424 797 1808 5425 191 1808 5426 161 1809 5427 712 1809 5428 163 1809 5429 163 1810 5430 712 1810 5431 713 1810 5432 193 1811 5433 192 1811 5434 166 1811 5435 545 1812 5436 300 1812 5437 371 1812 5438 733 1813 5439 338 1813 5440 730 1813 5441 735 1814 5442 729 1814 5443 734 1814 5444 730 1815 5445 338 1815 5446 731 1815 5447 731 1816 5448 338 1816 5449 734 1816 5450 338 1817 5451 735 1817 5452 734 1817 5453 728 1818 5454 727 1818 5455 734 1818 5456 529 1819 5457 526 1819 5458 726 1819 5459 526 1820 5460 601 1820 5461 726 1820 5462 532 1821 5463 726 1821 5464 725 1821 5465 532 1822 5466 529 1822 5467 726 1822 5468 733 1823 5469 526 1823 5470 338 1823 5471 526 1824 5472 733 1824 5473 601 1824 5474 603 1825 5475 726 1825 5476 601 1825 5477 254 1826 5478 735 1826 5479 338 1826 5480 732 1827 5481 735 1827 5482 254 1827 5483 608 1828 5484 610 1828 5485 824 1828 5486 611 1829 5487 608 1829 5488 824 1829 5489 610 1830 5490 611 1830 5491 824 1830 5492 113 1831 5493 111 1831 5494 130 1831 5495 722 1832 5496 130 1832 5497 753 1832 5498 125 1833 5499 127 1833 5500 126 1833 5501 755 1834 5502 129 1834 5503 127 1834 5504 750 1835 5505 129 1835 5506 755 1835 5507 127 1836 5508 129 1836 5509 132 1836 5510 111 1837 5511 124 1837 5512 127 1837 5513 130 1838 5514 129 1838 5515 752 1838 5516 199 1839 5517 135 1839 5518 198 1839 5519 195 1840 5520 196 1840 5521 229 1840 5522 139 1841 5523 196 1841 5524 137 1841 5525 195 1842 5526 137 1842 5527 196 1842 5528 640 1843 5529 825 1843 5530 586 1843 5531 826 1844 5532 827 1844 5533 586 1844 5534 586 1845 5535 826 1845 5536 825 1845 5537 640 1846 5538 827 1846 5539 825 1846 5540 639 1847 5541 640 1847 5542 827 1847 5543 827 1848 5544 639 1848 5545 586 1848 5546 828 1849 5547 826 1849 5548 829 1849 5549 830 1850 5550 826 1850 5551 828 1850 5552 826 1851 5553 830 1851 5554 827 1851 5555 826 1852 5556 829 1852 5557 825 1852 5558 827 1853 5559 829 1853 5560 825 1853 5561 830 1854 5562 702 1854 5563 827 1854 5564 702 1855 5565 827 1855 5566 829 1855 5567 393 1856 5568 831 1856 5569 828 1856 5570 829 1857 5571 702 1857 5572 828 1857 5573 828 1858 5574 702 1858 5575 701 1858 5576 832 1859 5577 702 1859 5578 833 1859 5579 832 1860 5580 700 1860 5581 702 1860 5582 702 1861 5583 830 1861 5584 833 1861 5585 828 1862 5586 701 1862 5587 393 1862 5588 831 1863 5589 830 1863 5590 828 1863 5591 700 1864 5592 832 1864 5593 834 1864 5594 700 1865 5595 834 1865 5596 833 1865 5597 830 1866 5598 700 1866 5599 833 1866 5600 832 1867 5601 835 1867 5602 833 1867 5603 254 1868 5604 243 1868 5605 732 1868 5606 557 1869 5607 556 1869 5608 254 1869 5609 254 1870 5610 556 1870 5611 237 1870 5612 222 1871 5613 254 1871 5614 237 1871 5615 557 1872 5616 338 1872 5617 341 1872 5618 254 1873 5619 338 1873 5620 557 1873 5621 221 1874 5622 254 1874 5623 222 1874 5624 556 1875 5625 337 1875 5626 237 1875 5627 709 1876 5628 623 1876 5629 757 1876 5630 549 1877 5631 757 1877 5632 709 1877 5633 747 1878 5634 398 1878 5635 397 1878 5636 386 1879 5637 747 1879 5638 396 1879 5639 693 1880 5640 395 1880 5641 394 1880 5642 397 1881 5643 394 1881 5644 696 1881 5645 397 1882 5646 747 1882 5647 396 1882 5648 393 1883 5649 392 1883 5650 396 1883 5651 396 1884 5652 397 1884 5653 394 1884 5654 394 1885 5655 396 1885 5656 391 1885 5657 395 1886 5658 815 1886 5659 836 1886 5660 395 1887 5661 836 1887 5662 397 1887 5663 394 1888 5664 697 1888 5665 693 1888 5666 693 1889 5667 695 1889 5668 395 1889 5669 815 1890 5670 395 1890 5671 696 1890 5672 397 1891 5673 836 1891 5674 696 1891 5675 570 1892 5676 443 1892 5677 837 1892 5678 570 1893 5679 837 1893 5680 838 1893 5681 838 1894 5682 837 1894 5683 571 1894 5684 838 1895 5685 572 1895 5686 571 1895 5687 443 1896 5688 422 1896 5689 628 1896 5690 628 1897 5691 719 1897 5692 837 1897 5693 443 1898 5694 628 1898 5695 837 1898 5696 834 1899 5697 833 1899 5698 835 1899 5699 628 1900 5700 422 1900 5701 555 1900 5702 422 1901 5703 318 1901 5704 555 1901 5705 555 1902 5706 571 1902 5707 718 1902 5708 835 1903 5709 834 1903 5710 572 1903 5711 572 1904 5712 834 1904 5713 838 1904 5714 719 1905 5715 718 1905 5716 571 1905 5717 571 1906 5718 837 1906 5719 719 1906 5720 391 1907 5721 396 1907 5722 839 1907 5723 396 1908 5724 839 1908 5725 393 1908 5726 812 1909 5727 815 1909 5728 701 1909 5729 839 1910 5730 704 1910 5731 840 1910 5732 704 1911 5733 840 1911 5734 815 1911 5735 815 1912 5736 696 1912 5737 704 1912 5738 701 1913 5739 815 1913 5740 840 1913 5741 696 1914 5742 836 1914 5743 704 1914 5744 839 1915 5745 535 1915 5746 533 1915 5747 393 1916 5748 839 1916 5749 831 1916 5750 704 1917 5751 536 1917 5752 535 1917 5753 836 1918 5754 705 1918 5755 704 1918 5756 701 1919 5757 391 1919 5758 393 1919 5759 831 1920 5760 839 1920 5761 533 1920 5762 536 1921 5763 533 1921 5764 831 1921 5765 840 1922 5766 830 1922 5767 701 1922 5768 840 1923 5769 700 1923 5770 830 1923 5771 700 1924 5772 536 1924 5773 840 1924 5774 536 1925 5775 701 1925 5776 830 1925 5777 535 1926 5778 704 1926 5779 839 1926 5780 840 1927 5781 536 1927 5782 839 1927 5783 536 1928 5784 830 1928 5785 831 1928 5786 536 1929 5787 391 1929 5788 701 1929 5789 536 1930 5790 839 1930 5791 391 1930 5792 836 1931 5793 703 1931 5794 841 1931 5795 705 1932 5796 836 1932 5797 841 1932 5798 836 1933 5799 815 1933 5800 703 1933 5801 834 1934 5802 832 1934 5803 842 1934 5804 832 1935 5805 842 1935 5806 835 1935 5807 838 1936 5808 842 1936 5809 570 1936 5810 834 1937 5811 842 1937 5812 838 1937 5813 572 1938 5814 570 1938 5815 842 1938 5816 572 1939 5817 842 1939 5818 835 1939 5819 283 1940 5820 419 1940 5821 237 1940 5822 237 1941 5823 419 1941 5824 223 1941 5825 710 1942 5826 353 1942 5827 352 1942 5828 385 1943 5829 747 1943 5830 387 1943 5831 540 1944 5832 398 1944 5833 747 1944 5834 387 1945 5835 540 1945 5836 747 1945 5837 235 1946 5838 234 1946 5839 843 1946 5840 236 1947 5841 843 1947 5842 235 1947 5843 545 1948 5844 757 1948 5845 549 1948 5846 548 1949 5847 545 1949 5848 757 1949 5849 844 1950 5850 518 1950 5851 517 1950 5852 518 1951 5853 705 1951 5854 524 1951 5855 705 1952 5856 844 1952 5857 524 1952 5858 844 1953 5859 841 1953 5860 518 1953 5861 703 1954 5862 518 1954 5863 705 1954 5864 841 1955 5865 703 1955 5866 518 1955 5867 841 1956 5868 844 1956 5869 705 1956 5870 389 1957 5871 390 1957 5872 392 1957 5873 261 1958 5874 478 1958 5875 480 1958 5876 261 1959 5877 260 1959 5878 513 1959 5879 480 1960 5880 261 1960 5881 490 1960 5882 497 1961 5883 500 1961 5884 261 1961 5885 493 1962 5886 261 1962 5887 513 1962 5888 493 1963 5889 513 1963 5890 496 1963 5891 497 1964 5892 496 1964 5893 513 1964 5894 501 1965 5895 497 1965 5896 513 1965 5897 501 1966 5898 513 1966 5899 504 1966 5900 710 1967 5901 352 1967 5902 365 1967 5903 711 1968 5904 710 1968 5905 365 1968 5906 373 1969 5907 632 1969 5908 612 1969 5909 632 1970 5910 612 1970 5911 845 1970 5912 373 1971 5913 612 1971 5914 745 1971 5915 846 1972 5916 847 1972 5917 745 1972 5918 849 1973 5919 848 1973 5920 845 1973 5921 207 1974 5922 849 1974 5923 848 1974 5924 847 1975 5925 745 1975 5926 845 1975 5927 850 1976 5928 846 1976 5929 851 1976 5930 851 1977 5931 846 1977 5932 745 1977 5933 852 1978 5934 207 1978 5935 851 1978 5936 849 1979 5937 207 1979 5938 853 1979 5939 853 1980 5940 207 1980 5941 852 1980 5942 854 1981 5943 853 1981 5944 851 1981 5945 855 1982 5946 854 1982 5947 856 1982 5948 856 1983 5949 854 1983 5950 857 1983 5951 854 1984 5952 851 1984 5953 612 1984 5954 612 1985 5955 857 1985 5956 854 1985 5957 858 1986 5958 857 1986 5959 612 1986 5960 859 1987 5961 849 1987 5962 858 1987 5963 612 1988 5964 851 1988 5965 745 1988 5966 860 1989 5967 850 1989 5968 861 1989 5969 862 1990 5970 861 1990 5971 850 1990 5972 850 1991 5973 207 1991 5974 851 1991 5975 849 1992 5976 845 1992 5977 863 1992 5978 849 1993 5979 858 1993 5980 863 1993 5981 854 1994 5982 155 1994 5983 849 1994 5984 155 1995 5985 211 1995 5986 854 1995 5987 849 1996 5988 853 1996 5989 854 1996 5990 211 1997 5991 864 1997 5992 854 1997 5993 864 1998 5994 849 1998 5995 855 1998 5996 854 1999 5997 864 1999 5998 855 1999 5999 864 2000 6000 856 2000 6001 211 2000 6002 859 2001 6003 864 2001 6004 857 2001 6005 857 2002 6006 865 2002 6007 211 2002 6008 865 2003 6009 864 2003 6010 858 2003 6011 864 2004 6012 865 2004 6013 857 2004 6014 859 2005 6015 856 2005 6016 864 2005 6017 858 2006 6018 859 2006 6019 857 2006 6020 855 2007 6021 856 2007 6022 859 2007 6023 857 2008 6024 856 2008 6025 211 2008 6026 849 2009 6027 855 2009 6028 859 2009 6029 865 2010 6030 858 2010 6031 612 2010 6032 863 2011 6033 845 2011 6034 612 2011 6035 845 2012 6036 632 2012 6037 745 2012 6038 449 2013 6039 866 2013 6040 448 2013 6041 867 2014 6042 449 2014 6043 451 2014 6044 451 2015 6045 448 2015 6046 759 2015 6047 448 2016 6048 866 2016 6049 759 2016 6050 866 2017 6051 867 2017 6052 450 2017 6053 450 2018 6054 867 2018 6055 452 2018 6056 867 2019 6057 866 2019 6058 449 2019 6059 867 2020 6060 759 2020 6061 451 2020 6062 759 2021 6063 867 2021 6064 452 2021 6065 759 2022 6066 866 2022 6067 450 2022 6068 843 2023 6069 236 2023 6070 234 2023 6071 868 2024 6072 583 2024 6073 581 2024 6074 583 2025 6075 868 2025 6076 582 2025 6077 868 2026 6078 581 2026 6079 582 2026 6080 302 2027 6081 809 2027 6082 657 2027 6083 379 2028 6084 302 2028 6085 657 2028 6086 617 2029 6087 726 2029 6088 602 2029 6089 603 2030 6090 602 2030 6091 726 2030 6092 602 2031 6093 621 2031 6094 655 2031 6095 290 2032 6096 303 2032 6097 869 2032 6098 869 2033 6099 303 2033 6100 870 2033 6101 303 2034 6102 307 2034 6103 870 2034 6104 307 2035 6105 420 2035 6106 870 2035 6107 809 2036 6108 307 2036 6109 411 2036 6110 411 2037 6111 307 2037 6112 420 2037 6113 547 2038 6114 290 2038 6115 301 2038 6116 290 2039 6117 303 2039 6118 301 2039 6119 869 2040 6120 746 2040 6121 546 2040 6122 746 2041 6123 869 2041 6124 744 2041 6125 365 2042 6126 366 2042 6127 711 2042 6128 159 2043 6129 186 2043 6130 60 2043 6131 844 2044 6132 517 2044 6133 524 2044 6134 662 2045 6135 871 2045 6136 418 2045 6137 871 2046 6138 668 2046 6139 416 2046 6140 668 2047 6141 662 2047 6142 418 2047 6143 871 2048 6144 416 2048 6145 418 2048 6146 811 2049 6147 662 2049 6148 668 2049 6149 662 2050 6150 811 2050 6151 667 2050 6152 416 2051 6153 668 2051 6154 417 2051 6155 668 2052 6156 418 2052 6157 417 2052 6158 668 2053 6159 667 2053 6160 808 2053 6161 143 2054 6162 145 2054 6163 159 2054 6164 618 2055 6165 655 2055 6166 621 2055 6167 621 2056 6168 602 2056 6169 98 2056 6170 632 2057 6171 374 2057 6172 745 2057 6173 288 2058 6174 745 2058 6175 374 2058 6176 370 2059 6177 373 2059 6178 744 2059 6179 744 2060 6180 373 2060 6181 745 2060 6182 382 2061 6183 374 2061 6184 632 2061 6185 656 2062 6186 681 2062 6187 379 2062 6188 538 2063 6189 681 2063 6190 402 2063 6191 681 2064 6192 656 2064 6193 402 2064 6194 803 2065 6195 201 2065 6196 802 2065 6197 803 2066 6198 200 2066 6199 804 2066 6200 802 2067 6201 803 2067 6202 804 2067 6203 804 2068 6204 200 2068 6205 202 2068 6206 287 2069 6207 288 2069 6208 372 2069 6209 619 2070 6210 621 2070 6211 98 2070 6212 746 2071 6213 745 2071 6214 547 2071 6215 744 2072 6216 869 2072 6217 743 2072 6218 681 2073 6219 400 2073 6220 399 2073 6221 681 2074 6222 538 2074 6223 400 2074 6224 402 2075 6225 656 2075 6226 626 2075 6227 201 2076 6228 802 2076 6229 202 2076 6230 414 2077 6231 666 2077 6232 412 2077 6233 871 2078 6234 412 2078 6235 662 2078 6236 404 2079 6237 414 2079 6238 412 2079 6239 666 2080 6240 664 2080 6241 660 2080 6242 666 2081 6243 661 2081 6244 664 2081 6245 666 2082 6246 660 2082 6247 871 2082 6248 668 2083 6249 871 2083 6250 660 2083 6251 666 2084 6252 871 2084 6253 412 2084 6254 670 2085 6255 414 2085 6256 666 2085 6257 670 2086 6258 414 2086 6259 409 2086 6260 661 2087 6261 296 2087 6262 665 2087 6263 665 2088 6264 295 2088 6265 296 2088 6266 296 2089 6267 293 2089 6268 661 2089 6269 293 2090 6270 296 2090 6271 294 2090 6272 301 2091 6273 300 2091 6274 545 2091 6275 420 2092 6276 205 2092 6277 544 2092 6278 203 2093 6279 613 2093 6280 157 2093 6281 203 2094 6282 289 2094 6283 613 2094 6284 203 2095 6285 157 2095 6286 156 2095 6287 617 2096 6288 653 2096 6289 618 2096 6290 651 2097 6291 653 2097 6292 617 2097 6293 848 2098 6294 846 2098 6295 157 2098 6296 848 2099 6297 207 2099 6298 862 2099 6299 848 2100 6300 847 2100 6301 845 2100 6302 382 2101 6303 848 2101 6304 846 2101 6305 372 2102 6306 846 2102 6307 382 2102 6308 869 2103 6309 372 2103 6310 743 2103 6311 846 2104 6312 372 2104 6313 869 2104 6314 847 2105 6315 846 2105 6316 869 2105 6317 290 2106 6318 847 2106 6319 869 2106 6320 872 2107 6321 204 2107 6322 544 2107 6323 872 2108 6324 544 2108 6325 205 2108 6326 205 2109 6327 873 2109 6328 206 2109 6329 206 2110 6330 873 2110 6331 874 2110 6332 204 2111 6333 872 2111 6334 875 2111 6335 876 2112 6336 546 2112 6337 872 2112 6338 875 2113 6339 872 2113 6340 546 2113 6341 873 2114 6342 876 2114 6343 872 2114 6344 876 2115 6345 873 2115 6346 420 2115 6347 420 2116 6348 873 2116 6349 205 2116 6350 874 2117 6351 873 2117 6352 872 2117 6353 872 2118 6354 874 2118 6355 205 2118 6356 874 2119 6357 205 2119 6358 875 2119 6359 204 2120 6360 205 2120 6361 875 2120 6362 876 2121 6363 870 2121 6364 546 2121 6365 870 2122 6366 869 2122 6367 546 2122 6368 420 2123 6369 870 2123 6370 876 2123 6371 546 2124 6372 746 2124 6373 547 2124 6374 547 2125 6375 301 2125 6376 544 2125 6377 293 2126 6378 665 2126 6379 295 2126 6380 862 2127 6381 848 2127 6382 877 2127 6383 850 2128 6384 878 2128 6385 877 2128 6386 877 2129 6387 862 2129 6388 878 2129 6389 862 2130 6390 861 2130 6391 207 2130 6392 877 2131 6393 157 2131 6394 846 2131 6395 850 2132 6396 877 2132 6397 846 2132 6398 209 2133 6399 157 2133 6400 877 2133 6401 848 2134 6402 154 2134 6403 877 2134 6404 209 2135 6405 878 2135 6406 850 2135 6407 862 2136 6408 209 2136 6409 850 2136 6410 154 2137 6411 209 2137 6412 877 2137 6413 618 2138 6414 653 2138 6415 655 2138 6416 654 2139 6417 655 2139 6418 653 2139 6419 664 2140 6420 661 2140 6421 293 2140 6422 665 2141 6423 293 2141 6424 664 2141 6425 659 2142 6426 657 2142 6427 669 2142 6428 669 2143 6429 658 2143 6430 659 2143 6431 652 2144 6432 651 2144 6433 617 2144 6434 602 2145 6435 652 2145 6436 617 2145 6437 745 2146 6438 288 2146 6439 547 2146 6440 875 2147 6441 546 2147 6442 544 2147 6443 544 2148 6444 204 2148 6445 879 2148 6446 875 2149 6447 879 2149 6448 874 2149 6449 879 2150 6450 875 2150 6451 544 2150 6452 809 2151 6453 308 2151 6454 306 2151 6455 809 2152 6456 306 2152 6457 307 2152 6458 290 2153 6459 383 2153 6460 847 2153 6461 879 2154 6462 204 2154 6463 874 2154 6464 412 2155 6465 662 2155 6466 413 2155 6467 662 2156 6468 404 2156 6469 413 2156 6470 404 2157 6471 414 2157 6472 662 2157 6473 414 2158 6474 662 2158 6475 410 2158 6476 374 2159 6477 372 2159 6478 288 2159 6479 383 2160 6480 382 2160 6481 847 2160 6482 382 2161 6483 848 2161 6484 847 2161 6485 382 2162 6486 383 2162 6487 374 2162 6488 848 2163 6489 157 2163 6490 154 2163 6491 614 2164 6492 152 2164 6493 157 2164 6494 206 2165 6495 204 2165 6496 874 2165 6497 864 2166 6498 155 2166 6499 858 2166 6500 155 2167 6501 612 2167 6502 863 2167 6503 155 2168 6504 858 2168 6505 863 2168 6506 155 2169 6507 849 2169 6508 864 2169 6509 151 2170 6510 155 2170 6511 852 2170 6512 155 2171 6513 211 2171 6514 851 2171 6515 155 2172 6516 853 2172 6517 851 2172 6518 80 2173 6519 210 2173 6520 274 2173 6521 154 2174 6522 878 2174 6523 209 2174 6524 158 2175 6525 151 2175 6526 211 2175 6527 308 2176 6528 809 2176 6529 302 2176 6530 154 2177 6531 878 2177 6532 860 2177 6533 860 2178 6534 154 2178 6535 207 2178 6536 612 2179 6537 211 2179 6538 865 2179 6539 210 2180 6540 79 2180 6541 65 2180 6542 878 2181 6543 860 2181 6544 862 2181 6545 158 2182 6546 860 2182 6547 209 2182 6548 860 2183 6549 209 2183 6550 862 2183 6551 861 2184 6552 860 2184 6553 207 2184 6554 860 2185 6555 158 2185 6556 850 2185 6557 207 2186 6558 158 2186 6559 850 2186 6560 670 2187 6561 409 2187 6562 410 2187 6563 157 2188 6564 615 2188 6565 152 2188 6566 211 2189 6567 151 2189 6568 851 2189 6569 151 2190 6570 852 2190 6571 851 2190 6572 155 2191 6573 852 2191 6574 853 2191 6575 880 2192 6576 881 2192 6577 882 2192 6578 881 2193 6579 883 2193 6580 884 2193 6581 884 2194 6582 881 2194 6583 882 2194 6584 880 2195 6585 882 2195 6586 885 2195 6587 884 2196 6588 886 2196 6589 887 2196 6590 885 2197 6591 888 2197 6592 889 2197 6593 888 2198 6594 882 2198 6595 890 2198 6596 882 2199 6597 888 2199 6598 885 2199 6599 891 2200 6600 890 2200 6601 885 2200 6602 892 2201 6603 882 2201 6604 889 2201 6605 889 2202 6606 888 2202 6607 892 2202 6608 893 2203 6609 885 2203 6610 889 2203 6611 882 2204 6612 884 2204 6613 894 2204 6614 894 2205 6615 882 2205 6616 887 2205 6617 886 2206 6618 894 2206 6619 884 2206 6620 883 2207 6621 887 2207 6622 882 2207 6623 893 2208 6624 890 2208 6625 885 2208 6626 893 2209 6627 882 2209 6628 892 2209 6629 888 2210 6630 890 2210 6631 893 2210 6632 888 2211 6633 893 2211 6634 892 2211 6635 882 2212 6636 883 2212 6637 889 2212 6638 883 2213 6639 889 2213 6640 894 2213 6641 889 2214 6642 894 2214 6643 891 2214 6644 890 2215 6645 882 2215 6646 891 2215 6647 891 2216 6648 882 2216 6649 893 2216 6650 895 2217 6651 883 2217 6652 880 2217 6653 884 2218 6654 883 2218 6655 880 2218 6656 895 2219 6657 881 2219 6658 880 2219 6659 895 2220 6660 884 2220 6661 885 2220 6662 896 2221 6663 895 2221 6664 886 2221 6665 895 2222 6666 885 2222 6667 886 2222 6668 880 2223 6669 884 2223 6670 885 2223 6671 896 2224 6672 881 2224 6673 895 2224 6674 895 2225 6675 883 2225 6676 887 2225 6677 884 2226 6678 895 2226 6679 887 2226 6680 885 2227 6681 894 2227 6682 886 2227 6683 894 2228 6684 885 2228 6685 891 2228 6686 887 2229 6687 886 2229 6688 896 2229 6689 896 2230 6690 883 2230 6691 881 2230 6692 894 2231 6693 883 2231 6694 896 2231 6695 894 2232 6696 896 2232 6697 887 2232 6698 891 2233 6699 893 2233 6700 889 2233 6701</p>
        </polylist>
      </mesh>
    </geometry>
  </library_geometries>
  <library_visual_scenes>
    <visual_scene id="Scene" name="Scene">
      <node id="InstrumentTable26d" name="InstrumentTable2" type="NODE">
        <scale sid="scale">1 1 1</scale>
        <translate sid="location">-0.015770409141583057 0.3426326967670012 0.006953532887402467</translate>
        <rotate sid="rotationX">1 0 0 0</rotate>
        <rotate sid="rotationY">0 1 0 0</rotate>
        <rotate sid="rotationZ">0 0 1 0</rotate>
        <instance_geometry url="#InstrumentTable26d-mesh" name="InstrumentTable2">
          <bind_material>
            <technique_common>
            </technique_common>
          </bind_material>
        </instance_geometry>
      </node>
    </visual_scene>
  </library_visual_scenes>
  <scene>
    <instance_visual_scene url="#Scene"/>
  </scene>
</COLLADA>
