<?xml version="1.0" encoding="utf-8"?>
<COLLADA xmlns="http://www.collada.org/2005/11/COLLADASchema" version="1.4.1" xmlns:xsi="http://www.w3.org/2001/XMLSchema-instance">
  <asset>
    <contributor>
      <author>Blockbench user</author>
      <authoring_tool>Blockbench</authoring_tool>
    </contributor>
    <created>2026-08-01T10:16:33.066Z</created>
    <modified>2026-08-01T10:16:33.075Z</modified>
    <unit name="meter" meter="1.0"/>
    <up_axis>Y_UP</up_axis>
  </asset>
  <library_effects>
  </library_effects>
  <library_images>
  </library_images>
  <library_materials>
  </library_materials>
  <library_geometries>
    <geometry id="InstrumentTable1-mesh" name="InstrumentTable1">
      <mesh>
        <source id="InstrumentTable1-mesh-positions">
          <float_array id="InstrumentTable1-mesh-positions-array" count="2124">0.428839 0.095737 0.077587 0.435759 0.11413 0.045456 0.430019 0.150391 0.083979 0.432897 0.157477 0.060013 0.433783 0.168467 0.068715 0.421497 0.12171 0.04122 0.425512 0.158282 0.060929 0.434333 0.085157 0.069268 0.431814 0.104116 0.055782 0.413407 0.125175 0.001107 0.425236 0.104207 0.005619 0.430328 0.115849 -0.008015 0.419715 0.18708 0.033917 0.420107 0.140287 0.000561 0.442563 0.131258 0.018364 0.449594 0.13779 0.010545 0.456994 0.049776 0.016541 0.446319 0.052602 0.013175 0.456214 0.130107 0.02265 0.422878 0.19148 0.040032 0.415192 0.123138 -0.013166 0.449488 0.043831 0.013449 0.405447 0.009786 -0.007407 0.416419 0.040286 -0.107353 0.424211 0.036583 -0.069392 0.430059 0.03299 -0.084343 0.179883 0.069263 0.014185 0.286993 0.180362 0.009017 0.133421 0.174428 0.005601 0.287813 0.065651 0.00633 -0.372715 -0.137257 0.25335 -0.373284 -0.209401 0.252894 -0.321844 -0.177794 0.253324 -0.208674 -0.13549 0.253285 -0.267236 -0.176341 0.25329 -0.206564 -0.212699 0.251649 0.383239 -0.03596 0.234014 0.387148 -0.403 0.241058 0.422769 -0.035791 0.238183 0.425271 -0.400287 0.238202 0.385583 -0.082104 0.202331 0.386295 -0.402045 0.201114 -0.207387 -0.399555 -0.15979 -0.373981 -0.400113 -0.158237 -0.388299 -0.358653 -0.172156 -0.19702 -0.360046 -0.171193 0.392979 -0.324818 -0.11112 0.391719 -0.324274 0.074082 0.392773 -0.324474 -0.133383 0.392706 -0.358541 0.20204 0.392421 -0.324495 0.202068 0.41649 -0.344801 0.198074 0.416419 -0.324563 -0.13349 0.39204 -0.354212 0.084197 0.391512 -0.337995 0.064565 0.416682 -0.082022 0.202039 -0.190923 -0.321892 0.078183 -0.190905 -0.354054 0.084206 -0.385733 -0.409059 0.203401 -0.41102 -0.398305 0.20156 -0.373352 -0.394098 0.23577 0.409937 -0.358849 -0.123286 -0.190857 -0.353999 -0.129378 -0.190782 -0.337491 -0.109599 -0.18996 -0.337936 0.064797 -0.321993 -0.098924 0.253223 -0.206682 -0.065529 0.253039 -0.381126 -0.060714 0.25319 -0.266978 -0.09918 0.253328 -0.374771 -0.213455 0.251292 -0.374331 -0.343983 0.25197 -0.321977 -0.245888 0.253284 -0.267148 -0.24737 0.253206 -0.207352 -0.344038 0.250654 -0.406884 -0.399366 -0.123255 -0.40239 -0.392746 -0.1713 -0.379616 -0.404058 -0.130094 -0.190933 -0.085757 0.208368 -0.190076 -0.036405 0.20087 0.384002 -0.036587 0.200762 -0.190398 -0.036442 -0.132806 0.384101 -0.036613 -0.132504 0.38507 -0.082016 0.231753 -0.207437 -0.39955 0.235284 -0.195351 -0.360139 0.248873 0.416221 -0.082251 -0.133447 0.3856 -0.081988 -0.133976 0.392831 -0.324958 -0.12936 0.419142 -0.403739 0.198182 0.391387 -0.337892 -0.109812 0.383552 -0.400708 -0.168499 0.42219 -0.403686 -0.172516 0.387024 -0.403871 -0.131382 0.424856 -0.401081 -0.133632 0.412949 0.035009 0.021539 0.407824 0.034267 0.017668 0.402565 0.035558 -0.028583 0.427195 0.007229 0.003399 0.415353 0.008274 -0.019954 0.355915 0.148682 -0.106118 0.349004 0.005832 -0.168032 0.349542 0.207185 -0.167996 0.095072 0.206895 -0.169049 0.095734 0.20701 0.029122 0.151213 0.222128 -0.127219 0.288314 0.212656 -0.004011 0.15859 0.214889 -0.004739 0.348678 0.207324 0.028504 0.160739 0.239039 -0.009163 0.385466 0.042122 -0.121332 0.374352 0.001598 -0.091027 0.386636 0.030034 -0.114254 0.386712 -0.001673 -0.117879 0.443821 -0.000939 -0.127678 0.403865 0.004345 -0.16575 0.378498 -0.0037 -0.165939 0.308737 0.158428 -0.177924 0.167365 0.099753 -0.218244 0.168519 0.018666 -0.218421 0.167054 0.016694 -0.174386 0.14084 0.156663 -0.174042 0.166978 0.087107 -0.216476 0.168732 0.16782 -0.2183 0.177355 0.095352 -0.220179 0.306986 0.02555 -0.21901 0.306472 0.157849 -0.219405 0.293004 0.225579 -0.126569 0.308579 0.027216 -0.180231 0.128816 0.064291 0.007013 0.275737 0.235437 -0.007072 0.201119 0.218069 -0.004866 0.180726 0.219535 -0.005109 0.243943 0.224684 -0.006296 0.236564 0.219524 -0.00488 0.212707 0.220559 -0.001986 0.227719 0.222121 -0.005823 0.21301 0.222357 -0.00551 0.211227 0.221886 -0.004756 0.199259 0.222388 -0.001845 0.207564 0.223757 -0.00601 0.206641 0.221703 -0.001963 0.181866 0.224385 -0.000635 0.206197 0.223166 -0.000374 0.342304 0.16829 0.024757 0.315711 0.15267 0.024811 0.308584 0.055997 0.024889 0.34064 0.035419 0.025799 0.334232 0.069112 0.033668 0.354103 0.051351 -0.040635 0.381347 0.019548 -0.0345 0.355643 0.023797 -0.036798 0.434051 0.004387 -0.04048 0.433459 0.013437 -0.031953 0.369783 0.033441 -0.047747 0.416879 0.040767 -0.04621 0.437483 0.006965 -0.035419 0.347471 0.005623 0.028094 0.375709 0.00676 -0.04722 0.373634 0.007546 0.020581 0.362159 0.003949 -0.041483 0.438686 0.004163 -0.049874 0.111971 -0.003779 0.020527 0.136501 0.018916 0.024905 0.109455 0.032973 0.024855 0.161734 0.025356 0.024972 0.286041 0.02145 0.024897 0.141464 0.004412 0.040348 0.318072 0.020197 0.029878 0.054596 0.050739 -0.037225 0.05564 0.028511 -0.031854 0.086926 0.024757 -0.035741 0.091043 0.051307 -0.038053 0.069016 0.029841 -0.04621 0.092789 0.010609 0.00875 0.092775 0.008654 -0.032544 0.093811 0.007826 -0.167913 0.108196 0.004081 0.005924 0.089242 -0.000393 -0.050564 0.108918 0.00169 -0.156414 0.125302 -0.002789 -0.138781 0.133316 0.003774 -0.150115 0.45988 -0.03205 0.283925 0.460309 -0.031493 -0.214424 0.461227 -0.008716 -0.21386 0.448377 -0.001976 -0.029781 0.417253 -0.003808 0.090326 0.464513 -0.000068 -0.084168 0.45141 0.000842 -0.0418 0.447262 0.002453 -0.035912 0.46044 -0.006846 0.283088 0.436532 -0.003687 -0.192661 0.383908 -0.035897 -0.167737 0.425324 -0.035651 -0.15703 0.338441 -0.002516 -0.043647 0.336317 -0.001178 -0.040204 0.323582 -0.002763 -0.013997 0.340723 0.003116 0.00172 0.277922 -0.003714 0.100592 0.345847 0.014391 0.173826 0.316169 0.014275 0.184735 0.372016 0.016502 0.18338 0.278071 -0.003545 0.210605 0.414438 0.014038 0.208823 0.300533 0.014382 0.169633 0.301951 0.014263 0.140407 0.335379 0.014353 0.142481 0.314319 0.014268 0.132243 0.32649 0.039233 0.1298 0.316872 0.014318 0.141073 0.370321 0.014499 0.127143 0.35706 0.057015 0.125261 0.335964 0.014453 0.160788 0.300412 0.049979 0.131773 0.3044 0.057445 0.155807 0.388531 0.014275 0.124646 0.342053 0.000197 -0.221671 0.18424 0.013546 0.104791 0.317345 0.003321 0.008874 0.406682 0.014534 0.161572 0.399375 0.014263 0.168144 0.404525 0.057463 0.152755 0.406218 0.057329 0.124697 0.388204 0.014379 0.138656 -0.432097 -0.032991 0.286086 -0.190931 -0.03817 0.246655 -0.419529 -0.035715 0.239243 -0.436846 -0.00723 0.284379 0.185414 -0.003554 0.208879 -0.069193 -0.003637 0.274224 -0.355358 -0.00364 0.065939 -0.334593 -0.002119 0.054213 -0.263084 -0.001938 0.061443 -0.355778 0.029624 0.095188 -0.373432 0.008139 0.125011 -0.366318 -0.003599 0.136314 -0.203899 0.020198 0.203055 -0.263878 0.01486 0.203976 -0.146518 0.012774 0.219889 -0.330454 0.018779 0.207035 -0.36079 -0.003595 0.222674 -0.331211 0.028617 0.17698 -0.420944 0.001965 0.141376 -0.368062 0.022285 0.142219 -0.33717 0.034633 0.133973 -0.144486 0.02954 0.095089 -0.20391 0.028902 0.108568 -0.294464 0.040352 0.104506 -0.190275 0.026659 0.117244 -0.414666 0.019146 0.136662 -0.44423 -0.000444 0.129306 -0.452551 -0.001987 0.134476 -0.252977 0.031083 0.135281 -0.215919 0.030331 0.132313 -0.399486 -0.003669 0.030843 -0.445525 -0.004993 0.115208 -0.444483 -0.032265 0.270522 -0.440361 -0.003669 0.134453 -0.446751 -0.005209 0.130642 -0.44445 -0.005274 0.143848 -0.190815 -0.082209 -0.134018 -0.190819 -0.08189 -0.165888 0.385123 -0.082119 -0.165788 -0.189995 -0.03585 -0.16987 0.018962 0.000493 -0.09975 -0.109276 -0.003761 -0.197964 0.017132 -0.003242 -0.100298 0.046439 0.161607 0.02574 0.043115 0.010589 -0.122092 0.038699 -0.003862 -0.107031 0.0356 0.003626 -0.114417 0.035979 0.003499 -0.099821 0.034979 0.00006 0.00245 0.040811 -0.003872 0.02432 0.03259 0.000584 -0.058751 0.023418 0.001893 -0.04195 0.027336 0.001969 -0.042654 0.015243 0.003857 0.009357 0.025527 -0.002842 -0.023361 0.032677 -0.002166 -0.042798 0.021513 -0.00124 -0.043156 0.020793 0.002848 -0.056322 -0.118492 0.011233 -0.19992 0.03635 0.015446 -0.200232 -0.119539 0.001126 -0.112582 0.038211 0.083773 -0.126405 0.036564 0.074336 -0.200181 0.046184 0.148673 -0.121391 0.019092 -0.002845 -0.062402 -0.107154 -0.001046 -0.100486 0.020255 -0.002323 -0.057757 0.052775 -0.003243 -0.208653 -0.132972 0.008512 0.030473 -0.10601 -0.00017 0.01695 0.036717 0.116546 -0.200087 -0.008573 0.160635 -0.11217 -0.020286 0.164189 -0.028684 -0.106017 0.00372 0.002416 -0.110634 0.002625 -0.059742 -0.347706 0.002799 0.006758 -0.334592 0.02719 0.024836 -0.35948 0.13884 0.02668 -0.331584 0.116111 0.012221 -0.330517 0.054124 0.013325 -0.232988 0.060716 0.018118 -0.192784 0.039381 0.026097 -0.200389 0.056481 0.031089 -0.23931 0.116215 0.012913 -0.182631 0.138683 0.026053 -0.210752 0.083991 0.024746 -0.19177 0.015201 0.024949 -0.185709 0.004959 0.022302 -0.228058 0.029524 0.025349 -0.387094 0.039822 -0.028583 -0.383848 0.01718 -0.0843 -0.345634 -0.003503 0.00175 -0.37157 -0.001742 0.031069 -0.323077 -0.002737 0.008984 -0.212513 0.016538 0.028135 -0.233186 0.025312 0.032998 -0.220978 0.026382 0.025573 -0.213467 0.018669 0.03873 -0.214933 0.026258 0.031541 -0.221116 0.024947 0.025167 -0.207427 0.008314 0.048655 -0.207505 -0.00369 0.042229 -0.200471 -0.003722 0.051163 -0.272118 -0.002678 0.049096 -0.258922 0.004165 0.051779 -0.417946 -0.406572 0.250125 -0.388646 -0.360024 0.250026 -0.397204 -0.035343 -0.205695 -0.386286 -0.060063 -0.218803 -0.422012 -0.035565 -0.174105 -0.437263 -0.031363 -0.215324 -0.353581 -0.060392 -0.227343 -0.348202 -0.067647 -0.238979 -0.291054 -0.018054 -0.250571 -0.396418 -0.036669 -0.17416 -0.331667 -0.022959 -0.239747 -0.328981 -0.027007 -0.239544 -0.303821 -0.020338 -0.250084 -0.291596 0.048138 -0.227875 -0.282317 -0.005313 -0.234299 -0.285728 0.066786 -0.192645 -0.261991 0.03696 -0.201769 -0.420226 -0.354921 -0.170947 -0.071005 -0.001333 0.22811 -0.097099 -0.003576 0.143812 -0.074475 0.000095 0.213314 -0.087124 -0.003661 0.206735 -0.096804 -0.003535 0.147354 -0.097963 -0.003445 0.150639 -0.094898 -0.003553 0.140413 -0.101567 -0.00371 0.117936 -0.089107 -0.001328 0.076352 -0.095893 -0.003527 0.135645 -0.123937 -0.003689 0.158705 -0.096472 -0.003752 0.120404 -0.123824 -0.003645 0.060865 -0.091617 -0.003827 0.081045 0.05356 -0.003616 0.207349 -0.113897 -0.001067 0.126364 -0.123335 0.001775 0.157822 -0.125446 -0.002394 0.097445 -0.122714 -0.003769 0.086868 -0.028762 0.002415 0.176027 0.006943 -0.003665 0.121495 0.011279 0.003075 0.163136 0.046598 -0.003801 0.102247 0.006335 -0.003402 0.101104 -0.015807 -0.003533 0.093461 -0.01675 0.007966 0.135894 -0.040693 -0.003026 0.104009 -0.029725 0.017627 0.157942 -0.141515 -0.000439 0.159351 -0.141418 -0.002523 0.149469 -0.141297 -0.00369 0.071595 -0.127421 0.001148 0.151245 -0.17381 0.047907 -0.028612 -0.16961 0.037219 -0.048459 -0.182544 0.134991 -0.170532 -0.179351 0.022603 -0.034391 -0.233332 0.149069 -0.040251 -0.306603 0.145332 -0.043472 -0.139518 0.037959 -0.02366 -0.182022 0.006138 -0.03496 -0.182096 0.00234 -0.046538 -0.188624 -0.003691 -0.171851 -0.186294 -0.00369 -0.032328 -0.143513 0.031042 -0.046637 -0.141102 0.049739 -0.049027 -0.358753 0.135013 -0.171061 -0.320862 0.147236 -0.14264 -0.216317 0.146526 -0.143501 -0.322917 0.003613 -0.158417 -0.223027 0.003776 -0.159679 -0.35524 -0.003727 -0.166719 -0.251148 0.061864 -0.180872 0.292893 0.004438 -0.199886 0.322498 -0.003548 -0.210429 0.159853 0.003823 -0.189151 0.131936 -0.003411 -0.194 0.085585 0.004872 -0.17691 0.133694 0.000128 -0.164528 0.317176 -0.003285 -0.156012 0.317395 0.003609 -0.155248 0.33957 0.001263 -0.149401 0.324707 -0.002408 -0.100971 0.324791 0.000751 -0.105134 0.135118 -0.001435 0.004991 0.129818 -0.002512 -0.058994 0.074231 0.004811 -0.176048 0.336979 0.001281 -0.061341 0.336934 0.00093 -0.058213 0.337877 -0.002574 -0.102104 0.325167 -0.000292 -0.059269 0.324449 0.002902 -0.10108 0.33691 0.002704 -0.043597 0.33728 0.002757 -0.103228 0.146584 -0.003608 -0.203043 0.325058 0.002345 -0.042409 -0.420532 -0.35596 0.210335 0.418626 -0.035795 0.200457 0.451417 0.001546 -0.058528 -0.408045 -0.35884 -0.128545 0.441438 0.008336 -0.047008 0.446313 0.003885 -0.042993 -0.427743 -0.039919 0.077149 -0.439402 -0.036304 0.079418 -0.43214 -0.035503 0.088969 -0.448682 -0.034798 -0.070391 -0.411075 0.017501 -0.089097 -0.445119 -0.001941 -0.09776 -0.373761 0.027657 -0.095637 -0.48453 -0.08508 -0.000817 -0.460744 -0.073938 0.0844 -0.43365 0.00225 -0.068168 -0.413626 -0.000929 -0.053759 -0.405663 0.002313 -0.14534 -0.442444 -0.00388 -0.083063 -0.382906 -0.003721 -0.210932 -0.437304 -0.007354 -0.215235 -0.383015 0.007176 -0.203937 -0.360424 0.010318 -0.200811 -0.493215 -0.152244 -0.034807 -0.488891 -0.107781 -0.068719 -0.446615 -0.018388 -0.089166 -0.410832 0.027892 -0.083477 -0.444217 0.008558 -0.092877 -0.470719 -0.083916 -0.054319 -0.423502 -0.078563 0.028716 -0.447559 -0.027905 0.11326 -0.469595 -0.142022 0.004396 -0.487787 -0.151749 -0.021127 0.1285 -0.003553 -0.208004 0.116974 -0.003519 -0.195534 0.162377 0.065535 -0.235284 0.166111 0.081494 -0.243533 0.16473 0.028533 -0.241402 0.122215 0.146416 -0.196542 0.124867 0.139112 -0.183876 0.134127 0.141436 -0.194681 0.065892 -0.004039 -0.217593 0.125196 0.067138 -0.203325 0.064531 0.005189 -0.228044 0.128739 0.069441 -0.210319 0.069153 -0.0035 -0.207293 0.077899 -0.003614 -0.174163 0.078181 -0.003364 -0.170547 0.079039 -0.003233 -0.1655 0.117468 0.223487 -0.199336 0.118777 0.137121 -0.204227 0.108133 0.240012 -0.19648 0.121646 0.237861 -0.195005 0.111441 0.105809 -0.22827 0.082772 0.246558 -0.194497 0.10805 0.246618 -0.197832 0.085767 0.179246 -0.196404 0.153414 0.227328 -0.193968 0.157421 0.245867 -0.199656 0.15434 0.23564 -0.19373 0.131418 0.095849 -0.176801 0.118324 0.086517 -0.174053 0.141812 0.088596 -0.174084 -0.144266 -0.003711 -0.138278 -0.158126 0.000555 -0.034534 -0.14184 -0.003779 -0.089279 -0.162353 0.002904 -0.006184 -0.149746 0.004473 0.022938 -0.164168 -0.002535 -0.012065 -0.288064 0.000532 -0.204963 0.03127 0.004406 -0.241838 0.058436 0.014594 -0.236896 0.08436 0.040055 -0.236921 -0.116366 -0.003703 -0.20545 -0.342113 0.000517 -0.104119 -0.342733 -0.00256 -0.101188 -0.328186 -0.002279 -0.062341 -0.34176 -0.002624 -0.053894 -0.328676 -0.001072 -0.103129 -0.163657 -0.003691 -0.178683 -0.221849 -0.000844 -0.155217 -0.325005 -0.003576 -0.149309 -0.173085 -0.003732 -0.015317 -0.162561 -0.003604 -0.156928 -0.159608 0.001758 0.021387 -0.190863 -0.324607 -0.12943 0.066527 0.014329 0.1685 0.06573 0.01427 0.136974 0.08288 0.014296 0.124179 0.084133 0.004946 -0.072484 0.084076 -0.003511 -0.140601 0.085955 -0.002214 -0.148014 0.116383 -0.000662 -0.104159 0.116682 -0.000868 -0.061514 0.117248 -0.002559 -0.049808 0.093389 0.004951 -0.03127 0.071341 -0.003779 0.049864 0.096339 0.000268 -0.037316 0.081991 0.002219 0.048284 0.098176 -0.003781 -0.08426 0.079019 0.002485 0.057095 0.111951 -0.003585 0.002043 0.115764 0.002615 -0.044002 0.116538 -0.000806 -0.1012 0.115268 0.002895 -0.059043 0.117118 0.000029 -0.040618 0.129006 0.000875 -0.042003 0.135265 0.000115 0.005384 0.08378 0.003513 -0.143991 0.067968 0.002677 0.015869 0.040153 -0.003849 0.047748 0.07108 0.00274 -0.012779 0.084458 0.000729 -0.149851 0.084628 0.000222 -0.147299 0.022428 0.004232 0.052484 0.12876 0.002477 -0.060618 0.154531 0.003818 0.022736 0.134299 -0.003708 0.0659 0.106912 0.014234 0.127811 0.1293 0.014337 0.143006 0.154235 0.014273 0.131265 0.160709 0.014307 0.143608 0.085074 0.014287 0.18305 -0.030106 0.00098 0.055107 -0.028854 -0.000483 0.05632 -0.029641 0.00131 0.055351 -0.055402 0.003769 0.052437 -0.038892 -0.003002 0.058874 -0.031883 0.004437 0.052298 0.017376 0.000651 0.0812 0.012643 0.000757 0.058335 0.081266 0.01429 0.13553 0.068052 0.057266 0.128006 -0.132759 0.159566 -0.119315 -0.11979 0.130732 -0.126193 -0.119103 0.056822 -0.199698 -0.118238 0.10681 -0.200738 -0.123324 -0.002385 -0.041885 -0.110905 0.001753 -0.042248 -0.122628 0.002385 -0.040877 -0.111112 -0.00249 -0.049918 -0.121885 0.002433 -0.04387 -0.126456 0.001332 0.005315 -0.122968 0.0024 -0.058517 -0.122643 -0.000783 -0.060445 -0.12441 0.00305 -0.099739 -0.085157 0.160785 -0.115781 -0.133536 0.16126 0.027162 0.103038 0.076083 -0.177248 0.110972 0.074002 -0.179309 -0.192471 0.003913 -0.000998 -0.216226 0.002934 -0.054578 -0.209927 -0.001015 -0.100838 -0.203933 0.002806 -0.089021 -0.198477 0.003711 -0.149639 -0.204384 -0.002048 -0.057606 -0.204583 0.002599 -0.044875 -0.204451 -0.002011 -0.061822 -0.223649 0.004182 0.010623 -0.222691 -0.00376 0.021928 -0.13622 -0.003785 0.035157 -0.277748 -0.003552 0.058749 -0.154692 -0.003405 0.020777 -0.155508 -0.003585 0.020421 -0.151394 -0.003603 0.027636 -0.154901 -0.003505 0.022687 -0.150048 -0.003545 0.029947 -0.146841 -0.003659 0.022301 -0.324496 0.003693 0.001699 -0.217469 -0.000477 -0.1042 -0.219089 -0.002529 -0.060198 -0.216625 -0.002155 -0.043371 -0.20443 -0.001713 -0.04152 -0.216714 -0.002256 -0.040278 -0.362827 0.034611 -0.070364 -0.42567 0.030691 -0.041606 -0.369746 0.046475 -0.045044 -0.420926 0.034069 -0.041417 -0.480786 -0.033666 -0.032884 -0.474104 -0.028767 -0.060921 -0.500859 -0.078805 -0.046877 -0.494214 -0.114828 -0.031643 -0.501487 -0.127463 -0.028106 -0.483695 -0.064169 -0.026207 -0.107102 -0.00298 0.001502 -0.08776 -0.003837 0.071864 -0.060614 -0.003708 0.057719 -0.063785 -0.003521 0.060647 -0.063506 -0.00349 0.060643 0.021498 0.001545 0.090235 0.034574 -0.000175 0.121867 -0.008855 -0.003582 0.09967 0.005592 -0.002315 0.101503 0.005743 -0.001785 0.097559 0.010257 -0.003519 0.097299 0.005765 -0.000288 0.099125 -0.067278 -0.001884 0.057144 -0.487175 -0.139519 0.040572 -0.47615 -0.117466 0.054127 -0.466696 -0.109289 0.074577 -0.485197 -0.142774 0.035305 -0.481161 -0.130886 0.067147 -0.48502 -0.148135 0.062059 -0.47189 -0.12743 0.084311 -0.169582 0.004153 0.018301 -0.179494 0.014239 0.010217 -0.151589 0.02607 -0.004756 -0.164567 0.007413 0.020977 -0.136847 0.043386 -0.005215 0.019668 0.016229 0.044231 -0.085032 0.019747 0.02479 -0.119948 0.033663 0.024868 0.120999 0.017289 0.184267 0.091535 0.057145 0.181393 0.102815 0.014361 0.17069 0.154866 0.014358 0.184377 0.141908 0.057308 0.181905 0.120797 0.014314 0.141509 0.147745 0.014363 0.169413 0.118385 0.056752 0.155013 0.076006 0.014289 0.166853 0.095552 0.057272 0.153245 0.117752 0.056959 0.125149 -0.34536 0.003026 -0.149022 -0.329094 0.002855 -0.080321 -0.220285 0.163123 -0.04829 -0.329658 -0.000253 -0.057966 -0.331352 0.000578 -0.042906 0.117587 0.056976 0.182556 0.369929 0.014379 0.170608 0.379619 0.057492 0.183918 0.012325 0.133144 0.02116 0.033188 0.087906 0.024736 0.030973 0.036891 0.027624 0.140132 0.057116 0.155375 -0.316076 0.162282 -0.047365 -0.271174 0.147578 -0.044213 -0.323672 0.026926 0.11507 -0.278484 0.042149 0.104176 -0.299201 0.018577 0.173819 -0.285365 0.030888 0.135138 -0.100474 0.000881 0.108893 0.020129 0.002352 0.084589 -0.043832 0.001776 0.236445 -0.036464 0.002788 0.243626 -0.096262 0.138208 0.014363 -0.095668 0.056388 0.014088 0.006633 0.054819 0.01608 0.140884 0.052778 0.123287 0.096246 0.057149 0.1289 -0.271296 0.007717 0.059457 -0.326122 0.003927 0.05172 0.166662 0.057407 0.127333 0.029515 0.002164 0.196269 0.002282 0.000629 0.222763 -0.015395 -0.003615 0.244529 0.03435 -0.003693 0.191476 -0.25006 0.023956 0.180046 -0.269506 0.019663 0.164389 0.068026 0.056731 0.183932 0.328959 0.057385 0.157484 0.353886 0.038425 0.157965 0.328981 0.05747 0.182755 -0.296632 0.075971 -0.190452 -0.272891 0.080816 -0.174301 -0.259306 0.066098 -0.214385 -0.250985 0.082729 -0.184976 -0.152778 0.004819 0.001284 -0.342479 0.002664 -0.060785 0.389899 0.014439 0.153701 0.37695 0.057113 0.155054 0.378506 0.05746 0.126689 0.403941 0.05751 0.180727 -0.331734 0.001897 -0.043116 -0.34068 0.000335 -0.042261 -0.204785 0.02421 0.179637 0.022727 -0.001586 0.079597 0.033332 0.003247 0.061739 0.042249 0.001959 0.057388 0.064571 -0.002132 0.078597 0.102079 -0.000228 0.073088 0.162486 0.038241 0.178216 -0.178713 0.033554 0.136451 -0.17394 0.02261 0.176103 0.353069 0.057443 0.183422 0.068578 0.057148 0.153661 0.301568 0.057463 0.183505</float_array>
          <technique_common>
            <accessor source="#InstrumentTable1-mesh-positions-array" count="708" stride="3">
              <param name="X" type="float"/>
              <param name="Y" type="float"/>
              <param name="Z" type="float"/>
            </accessor>
          </technique_common>
        </source>
        <source id="InstrumentTable1-mesh-normals">
          <float_array id="InstrumentTable1-mesh-normals-array" count="5232">0.981466 -0.043031 0.186744 0.991765 0.023184 0.125953 0.987078 -0.140534 0.076984 -0.056538 0.47845 -0.876293 0.419714 0.313737 -0.851709 0.429738 0.560606 0.707846 0.919328 0.221852 0.32499 -0.901468 -0.407254 0.146629 -0.875583 -0.469432 0.113966 -0.883887 0.455892 0.104432 0.474352 0.88011 -0.019885 0.473733 0.880453 -0.019488 0.854922 -0.506293 -0.113027 -0.84017 0.441226 0.31533 -0.991934 0.035642 -0.12164 -0.980668 -0.128149 0.147881 -0.881592 -0.145245 0.44911 0.941938 0.15847 -0.29604 0.531485 -0.264709 -0.804644 -0.389307 0.848402 0.358684 -0.036676 0.663974 -0.746856 0.693299 0.106843 0.712685 -0.318427 -0.077533 0.944771 0.887893 0.043451 -0.457994 0.321955 0.430555 -0.843189 -0.812867 0.262721 0.519831 0.954936 0.107853 -0.276524 -0.941923 -0.153364 0.298765 -0.918635 0.155696 0.363137 -0.162666 -0.692238 -0.703098 -0.102806 0.828804 0.550013 -0.295246 -0.076924 0.952319 -0.304593 -0.077496 0.949325 -0.328604 -0.07479 0.941502 0.476919 0.461892 -0.747799 0.234814 0.565533 -0.790591 0.792437 0.22064 -0.56865 -0.961844 0.227028 -0.15269 -0.805433 0.339542 -0.485787 -0.987808 0.07808 -0.13468 -0.128491 0.804008 0.58057 0.798695 -0.560613 -0.218629 0.323544 0.908935 -0.262976 0.791106 0.533104 -0.29992 0.630291 -0.775365 -0.039269 -0.024902 0.070395 0.997208 0.071807 -0.022844 0.997157 -0.289454 0.073373 0.954376 -0.004497 -0.006285 0.99997 0.000398 -0.000142 1 0.000644 -0.000801 0.999999 0.014584 -0.020784 0.999678 0.006795 -0.033768 0.999407 0.001029 -0.015278 0.999883 -0.104942 0.017965 0.994316 0.074666 0.000565 0.997208 -0.999771 -0.002306 0.021295 -0.007755 -0.320661 -0.947162 0.002812 -0.277979 -0.960583 -0.753262 -0.657713 -0.003193 -0.99995 -0.008375 0.00547 0.46326 0.884582 0.053894 0.644613 0.764506 -0.002216 -0.999946 -0.008923 0.005323 0.00376 0.999992 -0.000945 -0.99978 0.019841 -0.00686 0.130275 0.001906 -0.991476 -0.151335 0.015024 -0.988368 0.000065 0.184071 0.982913 0.007977 0.320156 0.947331 0.369078 0.781822 -0.50253 -0.000271 -0.999751 0.02232 -0.00807 -0.999967 -0.000259 0.000102 0.999997 0.002551 -0.002786 0.640535 -0.767924 -0.00027 0.569935 -0.82169 0.000929 0.002302 0.999997 0.000853 0.002184 0.999997 0.000366 0.002829 0.999996 -0.001928 -0.004281 0.999989 0.002876 0.003434 0.99999 -0.001853 0.011908 0.999927 -0.034591 0.005075 0.999389 -0.00234 0.048942 0.998799 0.003217 0.06652 0.99778 0.007872 -0.021523 0.999737 0.001045 -0.013952 0.999902 0.030124 -0.007753 0.999516 0.10686 -0.994263 0.004608 -0.173084 -0.970014 -0.17063 -0.204592 -0.966916 -0.152366 -0.000234 -0.150201 -0.988655 -0.000298 -1 0.000111 0.006369 -0.999975 0.003102 -0.000317 -1 0.000078 -0.000323 -0.367409 0.930059 -0.378121 0.009282 -0.92571 0.956042 -0.293228 0.000125 0.966972 -0.254855 -0.003898 0.002643 -0.999996 0.000679 -0.008583 -0.999963 -0.000345 -0.999397 -0.034715 -0.000062 -0.010244 -0.034804 -0.999342 0.888886 0.456192 0.042069 -0.540546 -0.840854 -0.027834 -0.087116 0.03403 -0.995617 -0.159422 -0.008982 -0.98717 0.50347 -0.863576 0.027484 0.167552 -0.362546 0.916781 0.002027 -0.990371 -0.138421 -0.032842 -0.999461 0.000008 0.00171 -0.999893 0.014512 0.000433 0.099497 0.995038 0.000689 1 0.00059 -0.992658 0.120953 0.000783 -0.998754 -0.049188 0.008481 -0.999455 -0.033008 -0.000294 0.981882 -0.18913 -0.011754 0.10406 0.004015 -0.994563 -0.009391 0.00082 -0.999956 0.076311 -0.994328 0.074081 -0.08455 -0.993459 -0.076751 0.077039 -0.995137 0.061386 -0.053514 -0.998308 -0.022725 -0.961112 0.274984 -0.025463 -0.130414 -0.653789 0.745354 0.927567 -0.126782 -0.351491 -0.563135 -0.238342 0.791247 0.924048 -0.364492 -0.115243 0.933723 0.01067 0.357836 -0.447558 -0.029501 0.893768 -0.762338 0.175263 -0.622995 0.888159 -0.073289 -0.453654 -0.414905 -0.038453 0.909052 0.994477 -0.002638 -0.104919 -0.262085 0.965045 0.000315 0.015228 0.967258 0.253336 -0.000826 0.986573 0.163317 -0.090017 0.993871 0.064163 -0.992775 0.100383 0.065728 -0.899535 -0.315569 0.302082 -0.347355 -0.498638 -0.794169 0.016744 0.995463 0.093668 -0.756545 0.274354 0.593607 0.90952 0.058325 0.411548 -0.278196 0.867504 0.412364 0.124927 0.990157 -0.063113 -0.019499 0.999057 -0.038804 -0.211989 -0.965818 0.149186 0.074923 0.975846 -0.205208 0.382866 -0.790719 -0.477679 0.407876 -0.060227 -0.911049 -0.187554 -0.112016 0.975846 0.236925 -0.000459 -0.971528 -0.999326 -0.014148 -0.03388 -0.926715 -0.172739 -0.333707 0.953512 0.012913 0.301077 -0.847775 0.01659 -0.530097 -0.004612 0.970339 0.241706 -0.188891 0.002986 -0.981994 0.024535 0.02883 -0.999283 0.072047 0.997241 -0.017854 0.088158 0.996106 -0.000317 0.380304 0.918132 0.111365 0.000347 0.939484 -0.342592 -0.020022 0.903356 -0.428425 0.075714 -0.996339 0.039694 0.998513 -0.000244 -0.054519 0.296818 0.01643 -0.954793 0.999144 0.003759 -0.041205 0.049426 -0.99785 -0.043042 -0.003131 -0.022558 -0.999741 -0.00824 -0.003018 -0.999961 -0.140828 0.018579 0.98986 -0.02385 0.996043 -0.085616 0.033601 0.988952 -0.144374 -0.004588 0.101088 0.994867 -0.017588 0.123605 0.992176 -0.015193 0.284752 0.958481 -0.046188 0.757194 -0.651556 -0.001229 0.189 0.981976 -0.118063 -0.668674 -0.734123 -0.003986 0.093066 0.995652 0.073833 0.757982 0.648083 -0.003647 0.09843 0.995137 0.026032 0.418337 0.907919 0.015999 0.24326 0.969829 0.003196 0.206643 0.978411 -0.399979 -0.63472 0.661171 0.009674 0.230402 0.973048 0.041291 0.58456 -0.810299 0.618342 -0.748698 -0.238966 -0.140781 0.346077 0.927584 0.055617 -0.891307 -0.449977 -0.001063 0.332666 0.943044 -0.175032 -0.921106 -0.347747 0.026071 0.424627 0.904993 -0.088701 0.992792 -0.080595 0.001769 -0.033488 0.999438 -0.044773 0.891418 0.450966 -0.00735 0.546763 0.837255 -0.014476 0.114484 0.99332 -0.193206 0.942305 0.273372 -0.023418 -0.246865 0.968767 0.026113 0.674487 -0.737825 -0.038987 -0.879668 -0.473988 0.045692 0.777783 -0.62687 0.137002 -0.709366 0.691398 0.198948 0.741738 0.640504 -0.126427 0.989281 0.073073 0.970387 0.034889 0.239024 -0.247217 0.195838 0.948963 -0.158407 0.960513 -0.228741 0.078408 -0.551195 0.830684 -0.590154 -0.46805 0.65776 -0.027563 -0.126213 -0.99162 0.522615 -0.010922 0.852499 0.004398 -0.581964 0.813202 -0.282657 -0.045818 0.958126 0.001627 0.000687 0.999998 -0.671825 -0.022145 0.740379 -0.192322 -0.257722 0.946885 -0.107659 -0.273148 0.955929 0.060116 0.911508 0.406866 -0.455991 0.034334 0.889322 -0.191356 0.328979 0.924746 0.867414 0.490291 0.084892 0.311843 0.950092 -0.008938 -0.104387 -0.942063 0.318779 0.95545 -0.216765 -0.200319 0.70313 0.505957 -0.499616 0.620708 -0.771971 -0.13705 -0.066249 0.133987 0.988766 0.390023 0.644841 -0.657314 0.361942 0.6284 -0.688557 0.052694 -0.131052 -0.989974 0.489023 -0.353364 -0.79749 -0.46631 0.875085 -0.129538 0.998766 0.013556 0.047786 0.993611 0.112775 0.004289 0.995741 -0.006146 0.091995 0.602386 -0.794358 0.078268 0.920854 -0.389848 0.006782 0.986506 0.075376 0.145343 0.998966 -0.03668 -0.026877 0.666949 0.692803 -0.274233 -0.902159 0.430169 -0.032597 0.824535 0.17249 -0.538878 -0.607157 -0.011791 -0.794494 -0.370171 -0.100458 -0.923516 -0.085212 0.99548 -0.04194 0.645365 -0.760157 -0.075266 0.129637 0.267906 -0.954683 0.808274 0.44267 0.388247 -0.275075 0.010984 0.96136 -0.512788 0.001323 0.858514 -0.064762 -0.12108 0.990528 -0.00239 -0.001041 0.999997 0.003321 -0.192872 0.981218 0.000246 -0.011367 0.999935 -0.034705 0.066724 0.997168 -0.026221 0.937047 -0.348217 0.648404 0.032472 0.760604 -0.003958 -0.011807 0.999922 -0.06051 0.522082 0.850746 -0.001267 -0.059503 0.998227 -0.155378 -0.422724 0.892839 -0.123055 0.423004 0.897733 0.110283 0.101438 0.98871 -0.99061 -0.080803 0.110282 0.147897 0.238848 0.959728 0.021333 0.083449 0.996284 -0.026921 0.379107 -0.924961 -0.999583 0.028682 0.003323 -0.562932 -0.076917 0.822916 -0.998884 0.010193 0.046127 0.148358 0.244147 0.958323 -0.981686 0.190309 -0.008677 -0.924543 -0.381077 0.000655 -0.969446 0.166051 0.180557 -0.419111 -0.840273 -0.343929 -0.924963 0.379942 -0.009403 -0.327027 -0.939353 0.103294 -0.622688 0.73789 -0.26034 -0.999707 0.006199 -0.023385 -0.004474 0.037221 0.999297 -0.178985 0.901001 0.395172 -0.910829 -0.268608 0.313433 0.999188 -0.040291 0.000815 -0.464253 0.879228 -0.106894 0.706321 0.628559 0.325614 0.602262 0.780427 0.167972 0.919375 -0.393371 0.002936 0.999753 -0.022158 0.001667 -0.011461 0.999766 0.018324 0.141496 0.987501 -0.069433 0.021268 -0.998011 -0.059338 0.047951 0.990195 0.131208 0.343536 0.927333 -0.148446 -0.238965 0.969324 -0.057497 -0.316981 0.948389 -0.009048 -0.050177 0.995525 0.080078 0.011967 0.988096 0.153371 -0.04215 0.993673 -0.104104 -0.108355 0.886044 0.450761 -0.035609 0.987275 0.154984 -0.624186 0.781276 -0.000355 -0.565546 0.824142 -0.030795 0.41953 -0.288745 -0.860593 -0.069184 0.433285 0.898597 -0.004111 0.999992 0.000154 -0.886937 0.461168 0.025823 0.678639 0.242363 0.693332 -0.395956 -0.163499 -0.903597 -0.199044 0.93263 -0.300969 0.900372 0.347181 -0.262289 0.044221 -0.232942 -0.971485 -0.045003 0.889939 -0.453854 -0.00299 0.999988 -0.003952 -0.996084 0.073834 -0.048629 -0.865209 -0.081168 -0.494799 -0.252695 0.929626 0.268217 -0.861401 0.444078 0.246541 -0.034788 0.876485 -0.480171 -0.058389 0.862217 -0.503162 -0.537339 -0.219973 -0.814174 0.935697 0.20808 0.28491 0.08284 0.987011 -0.137645 0.181114 0.98346 -0.001756 0.185849 0.936031 0.298841 -0.135489 0.94768 -0.289044 -0.004428 0.99369 -0.112075 0.35831 0.915582 -0.182549 0.647732 0.755488 -0.098391 -0.653576 -0.183643 -0.734244 -0.924703 0.379906 -0.024403 -0.689219 0.46866 0.552572 0.843022 -0.345834 -0.411962 -0.075941 0.958262 -0.27562 0.070212 0.997322 -0.020482 0.553946 0.825106 -0.111104 0.00138 -0.990359 0.13852 -0.012496 -0.998424 0.054707 0.002347 0.066549 0.99778 0.005666 0.999711 0.023348 -0.000991 0.998848 0.047982 -0.116188 0.935057 0.334917 0.001424 0.033159 0.999449 -0.013195 0.99432 0.105609 -0.900911 0.280115 -0.331503 -0.791793 -0.598285 -0.122963 -0.063661 0.814747 0.576311 0.047217 0.97424 -0.220516 -0.579999 0.79357 0.183978 -0.46924 0.835691 0.285368 -0.035857 0.604738 0.795617 0.136412 0.728804 0.670996 0.413204 0.877119 0.244795 -0.607632 0.770662 0.191996 0.00042 0.998792 0.049128 -0.85364 0.500306 -0.144891 -0.165064 0.985113 -0.048032 -0.02008 0.959874 0.279713 0.024478 0.768495 -0.639387 0.11256 0.224453 0.967962 -0.100153 -0.22771 0.968565 -0.994634 -0.081542 0.063671 -0.418918 0.796157 -0.436625 0.000873 0.971911 -0.235348 -0.009161 0.999901 0.010693 -0.016747 0.999855 -0.003191 -0.780635 -0.103062 0.616431 0.11479 0.839191 -0.531583 -0.065479 0.822693 0.564702 -0.532078 0.477538 0.699178 -0.112818 0.987164 0.113043 0.022501 0.256873 0.966183 -0.086798 -0.6395 0.763875 -0.176489 0.984092 -0.020345 -0.290579 0.95614 0.036874 -0.125925 0.992002 0.008656 -0.305219 0.951817 0.029763 0.000787 0.997627 -0.068845 -0.000946 1 0.000014 -0.027972 0.999311 0.024391 -0.024706 0.681571 -0.731335 -0.000063 -0.026472 0.99965 -0.000396 -0.99995 -0.010009 0.998904 -0.021475 -0.041596 0.000383 -0.999991 0.004112 -0.000535 -0.032441 0.999473 -0.601795 0.180716 0.777936 0.955031 0.196414 -0.222121 0.373424 0.725176 0.57851 -0.930941 -0.364566 0.021001 -0.571853 0.820061 0.021984 0.641439 -0.764381 -0.065403 0.971086 -0.035053 0.236143 0.997959 0.054797 0.032798 -0.498289 -0.687705 -0.527986 -0.480938 -0.876265 -0.029293 0.45663 -0.889293 -0.025439 -0.701289 0.710421 0.059132 0.671443 0.630635 -0.389184 0.011432 -0.998957 -0.044217 -0.186241 -0.982472 0.007934 -0.250618 -0.968085 0.001494 0.132723 0.978381 -0.158605 -0.196487 0.979762 -0.038204 -0.235713 -0.931689 -0.276396 0.170258 0.186216 0.967644 -0.408726 -0.894436 -0.18146 0.455701 -0.861776 0.222887 0.032495 -0.160657 0.986475 -0.211338 0.642966 -0.73616 0.027012 -0.997562 -0.064345 0.051045 -0.992145 -0.114202 0.994691 0.061805 -0.082274 0.999755 -0.003614 -0.021857 0.582849 -0.008829 -0.812532 -0.155539 0.986993 -0.040643 0.21483 -0.969681 0.116479 0.892447 0.445385 0.071909 0.004045 -0.742587 -0.669738 0.013509 -0.980869 -0.194198 -0.013087 0.981757 0.189688 -0.292801 -0.956121 -0.010054 0.173461 -0.983277 -0.055476 0.142155 -0.278393 0.949889 -0.869109 0.4467 0.212388 0.869658 -0.455983 -0.18914 0.038979 0.085019 -0.995617 0.267257 -0.959717 -0.086706 0.228516 0.972815 0.037578 -0.045937 -0.879744 0.473223 -0.000694 0.887987 0.459868 0.999753 -0.022221 0.000221 0.990636 -0.116157 -0.071752 0.999755 -0.003575 -0.021862 0.065701 0.997286 -0.033237 0.198758 0.976253 -0.086165 -0.00557 0.999336 -0.036012 -0.412863 -0.909596 0.046691 0.293111 -0.955265 0.039444 0.001521 0.998927 -0.046283 -0.012014 0.99944 -0.031224 -0.994956 0.093279 0.036891 -0.631158 0.772377 0.071229 0.084969 0.993087 -0.080981 0.213385 -0.962573 -0.167093 0.004154 0.999934 -0.01069 0.025063 0.999617 -0.011768 -0.680527 -0.163493 0.71425 0.522274 0.102438 0.846603 0.924549 0.022689 0.380388 -0.382596 -0.411626 0.827154 -0.033743 0.293686 0.955306 -0.071992 0.401162 0.913174 -0.005693 -0.541702 0.840551 0.002598 -0.509709 0.860343 -0.267219 0.114531 0.956805 -0.35969 0.078874 0.929732 0.350712 -0.034324 0.935854 -0.33331 0.050329 0.941473 0.919648 0.374042 0.119752 0.315242 -0.031811 0.948478 -0.058985 0.006473 0.998238 -0.003414 -0.063514 0.997975 -0.007837 -0.04775 0.998829 -0.761774 -0.614447 0.205316 -0.710801 0.279306 -0.645561 0.176046 0.921939 0.345016 -0.082897 -0.988712 -0.124806 -0.074693 -0.612254 0.787125 0.021588 -0.881812 -0.471106 -0.087264 -0.297363 0.950768 -0.049127 -0.577552 0.814875 -0.402754 -0.538889 -0.739856 -0.611963 0.478388 0.629799 0.692855 -0.420832 -0.585536 0.144089 0.256545 -0.955732 0.441524 0.692359 -0.570697 0.25819 0.633774 0.729156 0.332909 0.887446 -0.318766 -0.196068 0.632588 0.74926 -0.277258 0.575615 0.769283 -0.974361 -0.101231 0.20093 -0.871821 -0.489418 0.019937 0.835236 0.519984 0.178878 0.927242 0.306327 -0.215376 -0.764128 0.230578 0.602447 0.125901 -0.300001 0.945594 0.516765 -0.278721 0.809486 -0.224204 -0.926442 -0.302387 -0.764537 -0.641759 0.060238 -0.054829 0.554023 0.830694 -0.374375 0.858933 -0.349395 -0.007518 0.017677 0.999815 -0.054767 0.087049 0.994697 0.393447 -0.009104 0.919302 0.387198 -0.007783 0.921964 0.021005 -0.011096 0.999718 -0.093367 -0.008179 0.995598 0.354332 -0.221104 0.908604 0.005279 -0.383942 0.923342 -0.007869 -0.323802 0.946092 0.00701 0.223403 0.974701 -0.786251 -0.019778 -0.617591 -0.081673 -0.994118 -0.071125 0.58795 -0.53589 0.605918 -0.039034 -0.923886 0.380672 -0.506607 -0.861853 -0.023613 0.153704 -0.805025 0.572983 0.13005 -0.821987 0.554459 -0.456843 -0.027183 -0.889132 -0.482723 0.234262 -0.84386 -0.229408 -0.19999 -0.952563 0.250778 0.163891 0.95407 -0.428562 0.194949 -0.88223 -0.248223 -0.226387 -0.941878 0.004498 -0.232517 -0.972582 0.173853 0.066084 -0.982552 0.807165 -0.459179 0.370998 -0.605668 0.792571 0.070693 0.605984 -0.750891 0.262575 -0.871187 0.485216 -0.074822 0.862657 -0.492119 0.116803 -0.243009 -0.515485 0.821719 0.003575 -0.996104 -0.088112 0.00025 -0.923799 -0.382879 -0.00003 -0.999902 -0.013978 -0.002576 -0.009903 -0.999948 -0.038679 -0.007194 -0.999226 0.00484 -0.9991 -0.042131 0.0208 -0.005698 -0.999767 0.999846 -0.017509 -0.000963 0.828362 -0.504752 -0.242985 -0.184522 0.982302 0.032164 0.049741 -0.998438 0.025454 0.301311 0.950141 0.080276 -0.071373 -0.997296 0.017488 0.131084 -0.991217 -0.017501 -0.0974 0.994912 0.025751 0.679537 0.726132 0.104702 0.041631 0.999053 -0.012683 0.14248 0.989513 -0.02372 0.222996 -0.974723 -0.013696 -0.066293 0.997782 -0.006028 0.061088 -0.997593 0.032806 0.300509 0.943023 -0.142835 0.006902 0.999976 -0.000698 -0.000454 1 -0.000235 0.000081 0.94181 0.336145 -0.076584 0.996424 -0.035697 -0.001317 0.956768 0.29085 0.023485 0.999684 -0.008992 0.006354 0.999979 -0.001122 0.116172 0.99322 -0.004356 -0.000464 1 -0.000538 0.95475 -0.058053 0.291688 -0.126281 -0.987364 0.095738 -0.111134 0.993751 -0.010449 0.11759 0.992878 -0.019125 0.092794 0.995537 -0.017201 0.042891 0.995948 0.079041 0.339035 0.922482 -0.184616 0.002495 0.999995 -0.001925 0.024444 0.99164 0.126695 0.009551 0.999875 0.012611 -0.816343 0.552625 -0.167899 0.078864 0.995119 -0.059314 -0.065445 0.986089 -0.152793 -0.231008 0.972315 -0.035189 -0.980816 0.120283 0.153401 0.003851 0.999992 -0.001431 -0.016128 0.99987 0.000889 0.848935 0.425846 0.312991 -0.471166 -0.882016 -0.007039 -0.045773 0.998871 0.012691 0.000677 0.999999 -0.001102 0.171273 0.965417 -0.196557 0.024123 -0.999691 -0.006054 0.981928 0.1848 0.040814 0.999111 0.042137 0.000921 0.074343 0.997123 -0.014827 -0.224193 0.953124 -0.203204 0.0644 0.152284 0.986236 -0.272558 0.744197 0.609822 -0.122406 0.992307 -0.018554 -0.120188 0.992462 0.023941 -0.028501 0.999576 0.005983 0.000344 0.999989 0.004754 -0.995352 -0.096295 0.001095 0.978392 -0.028265 0.204815 0.969797 0.22993 0.081405 0.223337 -0.749117 -0.623654 0.974123 -0.222449 0.040015 0.001422 0.988118 0.153693 -0.053156 0.99722 0.052218 -0.191179 -0.178566 0.965176 0.425402 -0.758571 -0.493562 0.984982 -0.161863 0.060089 0.985763 -0.161527 0.046686 0.99523 0.097548 -0.001392 0.22344 0.974548 -0.018204 0.993208 -0.106608 -0.046609 0.997323 -0.043163 -0.059023 0.648847 -0.752379 0.113682 0.588699 -0.791925 -0.162136 0.038027 -0.131528 -0.990583 -0.515155 0.423486 0.745168 0.938324 -0.330265 0.102342 0.052132 -0.073514 -0.995931 0.555276 -0.507804 -0.658639 0.201028 0.893195 0.402232 -0.356491 0.789029 -0.500348 0.001305 0.918013 -0.396549 0.00305 0.921122 -0.389262 0.008191 -0.841877 0.539607 0.01924 -0.785033 0.619156 0.347408 0.937091 0.034171 0.145895 0.003013 -0.989295 -0.081405 0.996204 0.030832 -0.293617 0.955723 -0.019576 -0.217762 0.669959 0.709742 0.115507 0.920617 -0.372992 -0.024104 0.969685 -0.243166 -0.092141 0.774818 -0.625433 -0.022056 0.975824 -0.217444 0.082524 0.994752 0.060489 0.010554 0.985784 0.167683 0.03195 0.987225 0.156095 0.030114 0.966881 0.253445 -0.37937 0.113809 -0.918219 0.133198 0.587419 0.798247 -0.264764 -0.896972 -0.354036 -0.132471 0.991184 0.002332 -0.761602 0.623226 -0.177629 -0.971784 0.196929 0.129827 0.263414 0.097986 -0.959694 0.109033 0.994001 -0.008572 -0.314959 0.949022 0.012566 0.021062 0.998335 -0.053692 -0.453736 0.89085 0.022589 -0.302671 0.95305 0.009323 -0.02711 0.956833 -0.289372 -0.737565 0.67508 0.016249 0.723107 0.685199 0.08729 -0.147977 0.984287 -0.096345 -0.947158 -0.320628 0.009456 0.874933 -0.484179 -0.007961 -0.421676 0.899967 -0.110671 0.226405 0.970157 0.086809 0.114083 0.993034 -0.029471 -0.098572 -0.993457 -0.057675 0.008221 0.998677 -0.050765 0.085994 0.024623 0.995991 -0.997095 -0.049633 -0.057782 -0.864909 -0.249502 -0.435525 -0.121585 0.963026 0.24041 0.163455 0.221024 0.961473 -0.17711 0.184016 0.966835 -0.184509 0.981546 -0.050247 -0.058261 0.902357 -0.427033 -0.400713 -0.392619 -0.827816 -0.038531 0.966213 0.254848 -0.912538 -0.404939 0.057435 -0.916228 0.400526 -0.010217 -0.260544 -0.94778 -0.18393 -0.923929 -0.364694 0.115558 -0.487411 0.869961 0.074828 0.01214 -0.984258 -0.176322 -0.137178 -0.990545 -0.00178 -0.170122 0.982079 0.081115 -0.112099 -0.993341 0.026581 -0.003087 -0.999823 0.018564 -0.999979 0.00259 0.006008 -0.999984 -0.005601 -0.000818 -0.999824 -0.006977 -0.017412 -0.919779 -0.01732 -0.392055 0.005378 -0.99754 0.069888 0.988365 0.006776 -0.151951 0.994022 0.002069 -0.109162 -0.00474 -0.996341 0.085331 0.049752 -0.998747 -0.005358 0.101547 -0.99483 -0.001024 0.014186 0.999197 -0.037466 0.303526 0.951685 -0.046559 0.038908 0.969465 -0.242122 0.189307 0.979916 -0.062673 0.049207 0.989605 0.135134 -0.08255 0.996487 -0.014078 0.162775 0.985915 -0.038423 0.028815 0.994854 -0.097137 0.055977 0.989083 -0.13631 0.041052 0.999151 -0.00357 -0.922792 0.384934 -0.016774 -0.244808 0.963762 -0.105982 0.165964 0.984673 -0.053616 -0.024318 0.997456 -0.067013 0.987693 -0.015427 0.155644 0.03619 0.99295 -0.112871 -0.120733 0.989719 -0.076678 -0.038891 -0.009014 -0.999203 -0.895855 -0.421108 -0.141819 -0.96088 0.008608 0.276832 -0.297295 -0.954781 -0.00284 0.372916 -0.176999 -0.910826 0.005063 0.003971 -0.999979 0.186976 0.890418 0.414964 -0.024006 0.350732 -0.936168 -0.460977 -0.624342 0.630632 -0.47062 -0.552455 -0.687975 0.516376 0.611113 0.599914 -0.670566 0.74055 0.0439 -0.588251 0.807973 0.033758 0.702324 0.698854 0.135436 0.521629 0.808107 0.273618 -0.85208 -0.52327 -0.012167 0.58038 0.800715 0.148373 0.383784 0.813871 0.436262 0.542678 0.826423 0.150082 0.641267 0.764244 0.068611 0.792345 0.602393 -0.096498 0.692026 0.639026 0.335775 -0.318025 0.670253 -0.670538 0.604527 0.79263 0.079276 0.505962 0.861784 0.03648 -0.772629 -0.521681 -0.361792 0.038433 0.998326 -0.043213 -0.75751 0.626229 -0.184433 0.857512 0.51369 -0.02821 -0.781049 -0.586166 -0.215341 -0.210528 -0.977346 -0.021739 0.609947 -0.792393 -0.008857 0.093152 -0.995571 0.012667 -0.634393 -0.77125 0.05215 -0.055166 -0.998474 -0.002674 -0.166725 -0.985923 0.012601 0.299326 0.953978 0.018165 0.323343 -0.946277 0.003048 0.507356 -0.86173 -0.00336 0.307814 -0.78108 0.543291 0.023871 -0.458854 -0.888191 -0.139862 -0.809227 0.570606 0.719237 -0.474995 -0.507028 -0.847227 0.503055 0.170707 0.168418 -0.9012 0.399343 0.049389 0.99787 0.042612 0.138451 0.989251 0.047058 -0.593883 0.755882 -0.275582 -0.222057 0.974432 -0.034247 -0.418325 0.899881 -0.123365 0.437997 -0.868561 0.231863 -0.335981 0.924125 -0.181958 0.033904 0.999399 -0.007231 0.062253 0.998049 -0.004877 -0.524154 0.826713 0.204471 0.582287 0.812982 0.001276 0.726099 -0.460235 -0.510846 0.025562 -0.012408 0.999596 -0.028207 0.47605 -0.878965 0.158782 0.466819 -0.869982 -0.997274 -0.00143 -0.07378 -0.996307 0.036679 -0.077628 -0.950561 0.302611 -0.069719 0.625263 -0.426535 -0.653539 -0.883336 0.257926 -0.391397 -0.966634 0.235927 0.099788 -0.2449 0.578814 0.777817 0.289178 -0.412413 -0.863881 -0.996133 0.054664 -0.068786 -0.606327 0.609923 0.510256 0.979339 0.201771 -0.013562 -0.795171 0.433276 0.424234 0.721356 -0.48531 -0.494085 0.869449 -0.330755 -0.366959 0.551853 -0.425091 -0.717465 0.808171 -0.434744 -0.397311 -0.150806 0.427512 -0.891342 -0.217323 0.703995 -0.676138 -0.830401 0.399516 0.388357 -0.86369 0.381942 0.328878 -0.003023 -0.999995 -0.000067 -0.84533 0.494422 0.202396 0.373822 -0.493411 -0.785368 -0.671833 -0.012281 -0.7406 0.159106 -0.792492 -0.588763 0.774537 -0.464083 -0.429791 0.382038 0.679927 -0.625896 -0.457364 0.52496 -0.717798 0.664726 -0.514955 -0.541259 0.741996 -0.650626 0.161639 0.004336 0.998552 -0.053627 -0.591214 0.677248 0.437951 0.058153 0.951131 -0.303262 0.121541 0.989525 -0.077892 0.422896 0.901155 -0.095284 -0.728853 0.681488 0.065941 0.001681 0.999985 -0.005222 -0.023381 -0.995347 0.093476 -0.206516 0.052201 -0.97705 -0.762329 -0.030186 -0.646485 0.691792 0.016438 -0.72191 0.111229 0.017393 -0.993643 -0.101993 0.000162 0.994785 -0.20168 -0.029695 -0.979001 0.018693 -0.99349 -0.112376 -0.968988 -0.064996 0.238408 0.340196 0.521262 -0.782657 -0.734012 -0.032519 -0.678357 -0.953411 -0.073751 0.292522 0.261198 -0.965148 0.01626 0.983424 0.060908 -0.170785 0.893773 0.038851 -0.446833 0.831727 0.028791 -0.554437 -0.058764 -0.576703 -0.814838 0.1883 0.868457 -0.458613 0.114907 0.462256 0.87927 -0.555706 -0.173392 -0.813097 0.071496 -0.025068 0.997126 0.464301 -0.171981 -0.868819 -0.524207 0.048913 -0.850185 0.916141 -0.045204 0.3983 0.722192 0.003512 -0.691684 0.014561 -0.998584 -0.051175 -0.175175 0.016169 0.984405 0.879384 -0.044635 0.474016 -0.336966 0.010583 0.941458 0.433968 0.578883 0.690338 0.83361 -0.0381 0.551039 -0.508699 -0.171835 0.843622 -0.056004 -0.273085 0.960358 -0.018306 0.281313 0.959442 0.039718 0.28523 0.957636 -0.134243 -0.118627 0.983822 0.146431 0.012009 -0.989148 0.039615 0.492005 0.869691 -0.130819 0.02226 -0.991156 -0.979031 0.185087 -0.085089 -0.00776 -0.981772 -0.189906 0.000848 -0.494303 -0.869289 -0.004788 -0.563466 -0.826125 -0.024857 0.219399 -0.975318 -0.559488 0.624592 -0.544847 0.698038 -0.705724 0.121228 0.573059 0.620837 -0.534945 -0.073635 0.823522 -0.562485 -0.001641 0.003624 -0.999992 -0.205998 0.000887 -0.978552 -0.672062 -0.351745 -0.65162 0.233677 0.30469 -0.923341 -0.908556 -0.349212 -0.229299 -0.010639 0.000465 -0.999943 0.366574 0.183653 -0.912083 0.947848 0.013732 -0.318426 -0.081637 -0.052229 -0.995293 0.003999 0.102518 -0.994723 -0.424782 0.662264 -0.617225 -0.544241 0.679572 -0.491918 0.639934 -0.577985 0.506377 -0.982602 0.054876 0.177433 0.233168 0.782888 -0.576818 -0.088522 0.994678 -0.052728 -0.957611 0.025709 -0.286914 0.038929 0.996748 -0.070554 -0.252946 0.963409 -0.088666 0.001835 0.971516 -0.236968 0.010995 0.996405 0.084004 0.014469 0.973649 0.227593 0.001567 0.024691 -0.999694 -0.184045 0.014006 0.982818 0.005856 0.128069 -0.991748 0.001003 0.003709 -0.999993 0.906185 -0.340161 -0.251237 -0.860247 0.473845 -0.18827 0.5022 0.1108 -0.857624 0.411974 -0.418671 0.809316 -0.790196 0.493542 -0.363328 -0.688994 0.716984 -0.105936 -0.188111 0.786766 -0.587889 0.074544 0.752316 0.654571 -0.024194 -0.911335 -0.410954 -0.087541 0.992033 0.090596 -0.244744 0.248275 -0.937262 -0.280784 0.528644 -0.801059 0.02432 0.950282 0.31044 -0.00082 -0.665266 -0.746606 -0.922153 0.347561 0.169809 -0.122201 0.992489 0.005648 -0.024256 0.999704 0.001852 -0.101032 0.994411 0.03064 -0.158122 0.987409 0.004589 0.00042 1 0.000293 -0.144564 0.987679 -0.059927 0.024758 0.998756 0.043293 0.117489 0.966164 -0.229615 0.02871 0.54018 -0.84106 0.067187 0.984861 -0.159797 -0.027409 -0.555324 0.831183 0.051599 0.998667 -0.001169 0.008282 0.999827 0.016632 0.059546 0.996887 -0.051685 0.045123 0.359913 -0.931894 0.376667 0.575704 0.725732 -0.170311 0.966602 -0.191508 0.731097 0.443989 0.518046 -0.044363 0.992125 -0.117136 -0.507675 0.861058 -0.029082 0.039289 -0.999226 0.002017 0.081652 0.99591 -0.038693 -0.578777 0.810358 0.091307 -0.024768 0.995969 -0.086216 0.881886 -0.449174 0.143246 -0.999462 -0.030281 -0.012628 -0.370088 -0.905654 -0.206945 -0.968538 -0.182503 -0.169193 0.341856 -0.896009 0.283378 -0.976608 -0.212293 -0.034182 0.989527 -0.019332 -0.143048 0.999997 0.000209 0.002596 0.999989 -0.000881 -0.004657 0.999614 0.005653 0.027198 0.764487 -0.644631 -0.00318 0.700449 -0.713703 -0.000026 -0.756261 0.652436 0.048947 -0.702158 0.711832 0.016419 -0.250912 0.908391 -0.334468 -0.122958 0.988514 -0.087865 -0.173631 0.984738 0.011997 0.24843 0.941507 0.227699 0.123441 0.992344 0.003928 -0.958842 -0.283891 0.005351 -0.005858 -0.999761 -0.021053 -0.499689 0.860017 -0.103358 0.339146 -0.922821 0.182706 -0.314633 -0.946039 -0.077567 0.910419 0.387905 0.14376 -0.470197 0.877532 -0.094088 -0.926933 0.347712 -0.141035 0.503568 0.798675 -0.32945 -0.005453 0.999984 -0.001401 -0.367589 -0.921579 0.124781 -0.986937 -0.160909 0.007953 -0.859975 -0.509988 0.018865 0.214963 -0.974702 0.061206 -0.955829 0.279115 -0.092123 0.061869 -0.995125 -0.076808 -0.925925 -0.366781 0.090191 -0.816345 -0.567552 -0.10708 0.193701 0.756503 -0.624646 -0.149903 0.968226 -0.200171 0.067294 0.476695 -0.876489 0.100028 -0.993062 -0.061824 0.012765 0.999864 0.01048 0.898771 0.438404 0.003629 -0.556669 0.253388 -0.791148 -0.210241 0.96312 -0.167926 -0.031128 0.999512 0.002699 0.162281 0.981805 0.098604 -0.380668 -0.923788 -0.041311 0.126913 0.991379 0.032582 -0.03138 0.998245 0.050223 0.456449 0.882924 -0.11 -0.318909 0.944026 0.084335 -0.264075 -0.964126 0.026923 0.843605 0.532787 -0.066854 -0.226309 -0.973668 -0.027476 -0.251243 0.967694 -0.021116 0.461282 0.880776 0.107015 -0.238838 0.970922 -0.016342 0.619727 0.765858 0.171466 0.979356 -0.196014 -0.049404 -0.994107 -0.097788 0.046795 0.462922 0.824173 0.326255 0.167673 0.985758 -0.012913 0.061362 0.994528 0.084544 -0.471306 0.869919 0.145296 -0.384042 -0.923239 0.01189 0.926598 0.376035 0.003826 0.853854 0.520336 0.013585 -0.387771 -0.921679 0.01185 0.937175 0.348823 0.005076 0.935474 0.353384 -0.002842 0.312816 0.845692 0.43238 -0.147348 0.277759 0.949283 0.20336 0.348513 0.914977 0.141864 -0.989885 0.001576 -0.662567 0.735372 0.142246 0.653698 -0.733 -0.18812 -0.900901 -0.227566 0.369583 0.863832 -0.470524 -0.180004 -0.000193 -0.999437 0.033565 0.011833 -0.994856 0.100608 -0.562359 0.819201 -0.112527 0.119532 0.33014 0.936333 0.033004 0.999302 0.017514 -0.117406 -0.989558 -0.083609 0.016448 0.244272 -0.969567 0.082445 -0.99135 0.102113 -0.144902 -0.989441 0.00327 0.810779 0.580276 -0.076926 -0.215568 0.973093 -0.081372 0.693172 -0.71995 -0.034417 -0.238091 0.969542 0.057449 0.203309 -0.57059 -0.795671 -0.190435 -0.632887 0.750459 0.042748 -0.998092 0.044551 0.005473 0.952577 0.304248 0.049632 -0.996282 0.070425 0.076489 0.975568 0.205951 0.267073 -0.963673 -0.002475 -0.019622 0.997604 -0.066343 -0.100071 0.993229 0.059001 0.052462 -0.996517 0.064816 0.668128 0.352612 0.655186 -0.872711 -0.486715 0.038532 -0.822068 -0.307082 -0.479485 -0.909029 -0.407267 0.088312 -0.96521 -0.261181 0.012409 0.27795 -0.958942 -0.056341 -0.922642 0.127954 -0.363814 0.280191 -0.896975 -0.341949 -0.844106 -0.48345 0.231864 0.040314 -0.997901 -0.050675 -0.541552 -0.463308 0.701475 0.113099 0.666396 -0.73697 -0.108026 0.914369 -0.390204 0.004781 0.999893 -0.013823 -0.022188 0.998371 -0.052563 0.282081 0.947204 0.152429 -0.003116 0.986762 0.162144 -0.258808 0.906889 0.332522 -0.558878 0.190821 0.806996 0.000729 -0.688071 -0.725643 0.021888 -0.66029 -0.750691 0.013187 -0.626471 -0.779333 0.11383 0.97666 -0.182148 -0.091891 -0.504349 -0.858597 -0.124268 -0.52332 -0.843026 -0.063619 -0.993873 0.09038 -0.034797 -0.99333 0.109931 -0.122042 -0.693308 -0.710232 0.126752 0.737992 0.662798 0.599928 -0.29568 -0.74341 0.002237 -0.278619 -0.960399 0.102825 0.981757 -0.159936 0.311469 0.840268 0.443775 0.570497 -0.384236 0.725876 0.001486 0.858698 0.51248 0.002462 -0.501603 0.865094 0.090448 0.198663 0.975885 0.02217 -0.048142 0.998594 -0.02755 -0.626624 0.778834 -0.606502 -0.084203 -0.79061 -0.999974 -0.002639 -0.006692 -0.99982 -0.013334 -0.013529 -0.999517 0.016751 -0.026185 -0.003645 0.004821 -0.999982 -0.002039 0.000873 -0.999998 -0.101615 0.219856 -0.970226 0.125005 0.866736 -0.482847 0.541978 0.176632 0.821621 -0.120264 0.992272 -0.030538 -0.638752 -0.445288 0.627467 -0.276611 0.957242 0.084699 0.186405 0.651131 0.735719 -0.51428 0.770685 0.376245 -0.203391 0.979031 0.011429 -0.502842 0.806297 -0.311505 -0.419161 -0.907621 -0.023006 0.056678 -0.998391 -0.001941 0.210052 -0.977678 -0.00488 -0.057016 -0.997995 -0.027475 -0.010744 0.999812 0.016141 0.992091 0.121161 -0.032794 -0.953832 0.188574 -0.233761 -0.054293 -0.997245 -0.050549 0.233574 0.968705 0.08399 -0.029798 -0.885987 -0.462751 -0.265471 0.957939 -0.108984 0.018328 -0.999832 0.000897 0.06491 0.259068 -0.963675 -0.09356 0.947428 -0.305984 -0.009161 0.33676 -0.941546 0.034775 0.705127 -0.708228 -0.056665 0.926701 -0.371502 0.004062 0.002212 -0.999989 -0.03299 0.999351 -0.014486 -0.024731 0.999626 -0.011692 -0.001536 0.998784 0.049268 0.704343 0.117969 -0.699989 -0.000763 -0.020787 -0.999784 -0.734248 0.001051 0.67888 0.007775 -0.127141 0.991854 0.005869 -0.105619 0.994389 0.152972 0.004708 0.988219 0.999765 -0.013609 0.016862 0.999653 -0.012687 0.02309 0.981106 -0.00896 0.193265 -0.128382 -0.005617 0.991709 0.997668 -0.005633 -0.068026 0.915372 0.024558 0.401859 0.015333 -0.000165 0.999882 0.004524 -0.000174 0.99999 -0.017257 0.001935 0.999849 0.121041 -0.992646 0.001868 0.982991 -0.182737 0.018344 -0.999114 0.042062 0.001344 -0.713094 0.000516 -0.701068 0.157202 0.07131 -0.984989 -0.27333 -0.093977 -0.957319 -0.835403 0.296354 0.4629 -0.003202 -0.999993 -0.001756 -0.000886 -1 0.000363 -0.141016 -0.989773 -0.021523 0.505904 -0.858816 -0.080595 0.210906 -0.97717 -0.025637 -0.885867 0.383987 0.260373 0.083635 0.298194 -0.950834 -0.119645 0.430072 -0.894831 0.834377 -0.538859 0.11596 0.433623 -0.581879 0.688032 -0.097381 0.419084 -0.90271 0.052824 -0.159775 -0.985739 0.250122 -0.968213 -0.001299 -0.156618 -0.94198 -0.296892 0.005974 -0.969408 0.245384 -0.864502 -0.249374 -0.436404 -0.088329 0.98404 -0.15448 -0.023944 -0.99684 -0.075739 0.972596 -0.218361 -0.07985 0.042116 -0.991826 0.120451 0.885829 -0.462358 -0.039139 -0.12606 0.991439 0.03403 -0.792559 -0.605507 0.072191 0.694867 -0.718851 -0.020337 -0.331285 -0.943426 0.014096 0.342497 -0.939517 0.001676 0.447901 -0.894051 0.007545 -0.319151 -0.938787 0.129695 -0.34922 0.018761 -0.936853 0.073632 -0.212683 0.974343 -0.995676 -0.003657 0.092826 -0.326051 0.026337 0.944985 -0.998088 -0.002448 0.061753 0.999146 0.037813 -0.016686 0.001235 -0.999009 0.04449 0.344134 -0.930389 0.126282 0.123936 -0.992283 -0.003659 -0.295461 -0.898917 0.323499 0.465551 0.869895 0.162927 0.99958 -0.025051 0.0146 0.996349 0.084025 -0.015096 0.118283 -0.992976 -0.002914 -0.565368 -0.82449 0.023965 0.805489 -0.592459 -0.013447 0.19326 -0.795057 -0.574921 -0.032914 0.243353 0.969379 0.92085 -0.386524 0.051334 0.010091 -0.999381 0.033707 -0.227793 -0.776 -0.588162 0.692333 0.639536 -0.334169 0.38547 0.922249 0.02948 0.219568 -0.959534 -0.176309 -0.282867 -0.951007 0.124785 0.012868 0.98845 0.151002 0.012504 0.999776 -0.01707 0.113664 -0.993238 -0.023637 0.103709 0.983305 0.149517 -0.000428 1 -0.000327 0.960464 -0.020281 -0.277663 0.399796 0.00043 -0.916604 0.823812 -0.51528 -0.236263 0.820016 -0.403475 -0.405934 -0.934125 -0.245725 0.258902 0.037187 0.999287 -0.006564 0.039717 -0.998062 -0.047908 0.908127 -0.333709 -0.252871 -0.060051 0.997152 0.045636 0.060295 0.997574 -0.034808 -0.152643 0.98673 0.055352 -0.158372 0.984767 0.071782 0.266177 -0.955524 -0.126983 0.137587 0.987889 -0.071733 -0.613391 -0.777389 0.139352 -0.271874 0.952897 0.134433 -0.683277 -0.642447 0.34698 0.74379 0.216159 0.632497 0.658649 -0.669325 -0.343781 -0.010166 0.999765 -0.01917 0.05606 -0.979417 -0.193908 0.029201 0.99957 -0.002656 0.017421 0.999848 -0.000179 0.215202 0.976184 0.02744 -0.002048 0.999998 0.000859 0.389829 0.865856 -0.313571 0.39385 0.888523 -0.235392 0.001928 0.999994 -0.002765 0.227845 -0.959247 -0.16713 0.884177 -0.292464 0.364275 -0.00007 0.999934 0.011484 0.001593 0.99998 -0.00618 0.021679 0.578549 -0.815359 -0.025129 -0.999476 0.020398 0.024086 0.999479 -0.021464 -0.000089 0.66033 -0.750975 0.012467 0.999766 -0.017669 -0.062646 0.742175 0.667272 0.072591 0.997245 0.015269 0.003335 -0.999887 -0.014628 -0.053152 -0.700697 -0.711476 -0.129066 -0.942101 0.309496 0.080121 -0.986627 0.141945 0.196405 -0.957757 0.210065 0.142957 0.956248 -0.255249 0.046178 0.998871 -0.01115 0.00821 0.999849 0.015347 0.369511 0.692562 0.619532 -0.345116 0.932548 0.106063 -0.887118 -0.458404 0.053732 -0.150336 -0.988633 0.001808 0.672886 -0.682281 -0.285861 -0.001559 -0.999819 0.01896 -0.100113 0.738457 -0.666827 -0.104484 -0.685999 0.720062 0.102326 0.99223 -0.070769 -0.211866 -0.808041 -0.549712 0.182361 -0.979789 0.082213 -0.281705 0.95922 0.023217 -0.033594 0.999286 -0.017291 -0.042123 0.99891 0.020104 -0.173277 0.984847 0.007162 -0.298837 0.954037 0.022555 -0.296616 0.873477 0.386078 0.052439 0.614393 0.787255 -0.140888 0.604836 0.783788 0.348329 -0.934891 -0.068157 -0.012333 0.999706 -0.020855 -0.029006 0.999361 -0.020895 -0.032025 0.999037 0.029998 0.055846 0.998408 0.007875 -0.281283 0.95832 -0.050038 1 0.000117 -0.000124 0.997959 0.063689 -0.004541 0.999999 -0.00121 0.000851 0.999999 -0.000761 0.001458 0.997125 -0.007087 -0.07544 -0.266601 0.842713 -0.467716 -0.156952 0.964698 -0.211479 -0.222373 0.96261 0.1547 0.305164 -0.379703 -0.873327 -0.16435 0.416615 -0.894104 0.176029 -0.430905 0.885062 -0.757237 0.516935 0.399211 0.699321 -0.371224 -0.610854 -0.131027 0.129016 0.982948 -0.448665 0.27662 0.849813 0.162478 -0.351611 -0.921939 0.184548 -0.355811 -0.916155 0.218972 0.912404 -0.345788 -0.836965 0.385604 -0.388329 -0.483373 -0.873756 0.053862 -0.691671 0.489341 -0.531166 -0.811133 0.412283 -0.414832 -0.442726 0.821396 -0.359587 -0.738245 -0.159859 0.655317 -0.071223 0.969174 -0.23586 -0.427261 0.500666 0.752849 -0.382923 0.440683 0.811892 -0.748403 0.52383 0.40681 -0.380279 0.473296 0.794594 0.872472 -0.390896 -0.293246 0.795517 -0.566467 -0.215101 -0.947344 0.216272 0.236148 -0.967148 0.138848 0.212947 0.106173 -0.222277 -0.969185 0.000602 0.99997 -0.00768 0.000119 -0.001769 -0.999998 -0.008598 0.172198 0.985025 -0.016782 0.838413 0.544777 0.121962 0.982028 0.144035 -0.160193 0.986243 -0.040774 -0.30263 0.952424 -0.036117 -0.203602 0.978885 0.018191 -0.944018 0.329826 0.006736 0.023004 0.995843 0.088133 -0.987163 0.154168 0.041738 -0.016693 0.997255 0.072141 0.005014 0.999987 0.001017 0.017971 0.999809 -0.007633 -0.085896 0.984035 -0.155872 0.036929 0.997838 0.05436 0.001822 0.999919 0.012616 -0.928653 0.174115 -0.327547 -0.111159 0.976851 -0.182772 -0.006726 0.999971 0.003535 0.199486 0.966978 0.158613 0.129946 -0.985696 -0.107315 0.185135 -0.958329 -0.217557 0.081846 0.392253 -0.916209 -0.354353 -0.871716 -0.338445 0.015774 0.760377 0.649291 -0.008147 0.999201 -0.039122 0.230736 0.701726 -0.674049 0.002778 -0.909642 -0.415384 -0.033452 -0.990367 -0.134368 0.112254 0.602596 -0.790112 0.004469 0.999989 -0.001243 -0.002035 0.999946 0.010169 0.087404 0.797857 -0.596477 0.010329 0.99994 -0.003674 0.822495 0.568513 -0.017192 0.002878 0.999145 -0.041234 -0.005178 0.999955 0.007936 -0.091629 0.960611 -0.262354 -0.102821 0.98635 0.128611 -0.211515 0.964719 0.156773 -0.185589 0.711596 -0.677635 -0.981378 0.175461 0.078167 0.131971 0.941989 0.30861 0.217269 0.808596 0.546778 0.181542 0.94786 0.261924 -0.034498 0.998668 0.038358 0.017856 -0.999469 -0.027263 -0.106851 0.981867 0.156589 -0.246183 -0.953771 -0.17238 -0.020682 0.999714 -0.011983 0.171584 0.952355 0.252149 0.056269 -0.107339 -0.992629 -0.030403 -0.989591 -0.140663 -0.044372 0.998654 -0.026849 0.297544 0.954087 0.03442 -0.246971 0.968852 -0.018197 0.202313 0.979104 -0.02062 0.015018 0.999884 -0.002552 0.895619 0.419601 -0.147654 -0.226287 0.972637 -0.052647 0.022787 0.999339 -0.02833 -0.037788 -0.992594 0.115455 -0.520806 0.55167 -0.651476 0.01247 -0.991334 0.130775 -0.08357 -0.528086 -0.845069 0.03932 0.999206 0.006469 -0.087218 0.994552 0.057085 -0.385117 0.813234 -0.436276 -0.953746 0.300469 -0.009344 0.274932 0.399961 -0.874325 -0.789638 -0.137664 0.59793 0.636741 -0.708548 0.304171 0.219226 -0.791012 0.571174 -0.141477 -0.894906 0.423235 -0.513633 -0.825577 0.233674 0.993781 -0.09338 0.060667 -0.366467 0.69526 0.618316 0.92642 -0.376397 0.008462 -0.963195 0.262952 0.055778 -0.41603 0.683808 0.599438 -0.772595 -0.135683 0.620231 -0.975369 0.220448 -0.007578 -0.993902 0.108262 0.020922 -0.994082 0.106301 0.022391 -0.616881 0.451485 -0.644685 0.855522 -0.495105 -0.151502 -0.272888 0.492304 -0.82654 -0.969265 0.178065 0.16976 -0.851215 -0.023661 0.524283 -0.879927 0.000886 0.475107 -0.01886 -0.978131 0.207135 0.91018 -0.017314 -0.413851 -0.927077 0.050722 0.371423 -0.498902 0.837132 -0.22429 -0.282063 0.664277 0.692226 0.86789 -0.493978 -0.05247 0.705216 0.07645 0.704859 -0.424516 0.053517 0.903838 0.217767 0.008828 0.975961 -0.100781 -0.68065 -0.725643 0.61491 -0.752602 -0.235534 -0.203674 0.673983 0.710116 0.757389 -0.647116 -0.087197 -0.572058 -0.783962 -0.241149 -0.196563 0.949627 0.244074 -0.851763 -0.022729 0.523434 -0.045608 -0.99691 0.063959 0.493283 0.853393 -0.168502 -0.495245 -0.856823 0.14348 -0.643412 0.574312 0.506149 0.387787 -0.908746 -0.154282 0.333271 0.941518 -0.049752 0.213639 0.976614 -0.024134 -0.792825 -0.500982 0.347053 0.347014 0.013896 -0.937757 -0.680932 0.003573 -0.732338 -0.156774 0.158375 -0.974853 -0.260667 0.962625 0.073524 -0.41811 0.908199 0.018927 0.107055 0.991715 -0.070994 0.20513 0.976685 -0.063302 -0.21253 0.97231 0.097184 0.066582 0.993872 0.088229 0.310086 -0.941936 -0.128856 0.992994 0.08999 -0.076581 0.026476 0.717413 -0.696145 -0.828044 -0.558638 -0.047605 0.015889 -0.965875 -0.258522 -0.968636 -0.008959 -0.248323 0.196347 0.955134 -0.221737 0.012487 0.999922 -0.000516 0.07403 0.180247 0.980832 0.359817 0.021548 0.932774 0.114804 -0.872303 -0.475297 -0.380972 -0.653378 -0.654185 -0.996513 -0.083331 -0.004322 -0.960962 -0.170032 0.218268 -0.593797 0.791113 -0.146779 -0.997285 0.019066 0.071128 -0.695863 0.436715 -0.570135 -0.926399 0.072221 -0.369551 -0.989068 -0.012574 0.146926 -0.881106 -0.102087 0.461769 -0.195986 0.192341 0.961558 -0.088712 0.853374 0.513695 -0.007993 0.752681 0.658337 -0.037517 0.044253 0.998316 -0.528629 -0.334538 0.780151 0.071461 0.845573 0.529055 -0.570945 0.0544 -0.819184 0.001777 0.057994 0.998315 -0.999876 0.004803 0.014973 0.851415 0.000265 -0.524492 -0.103241 0.002178 -0.994654 0.249893 0.038582 -0.967504 0.000139 -0.086171 -0.99628 -0.00371 0.042031 0.999109 0.909428 -0.040368 -0.413898 0.662488 -0.670749 -0.333476 -0.799903 -0.434147 -0.414331 0.659932 -0.585798 0.470458 0.661679 -0.634006 0.400272 -0.970794 0.097153 0.219361 0.985492 0.165028 -0.039634 0.920029 -0.334528 -0.204056 -0.803798 -0.591485 0.063674 0.959814 -0.18846 -0.207943 0.77555 -0.538604 -0.329285 0.000326 0.999981 -0.006171 -0.000333 0.999998 -0.001816 -0.000071 1 -0.000935 -0.84533 0.117772 -0.521101 0.164177 0.307571 -0.937255 -0.002939 0.999994 0.001769 -0.001305 0.999999 -0.000187 -0.916907 0.368209 -0.153962 -0.133449 0.353772 0.925763 -0.460785 0.189576 -0.867029 -0.551886 0.190604 0.811845 -0.163762 0.343129 0.924902 -0.686143 0.21734 0.694241 0.722543 -0.009746 0.691258 0.002705 -0.589832 0.807522 -0.401663 0.915363 0.027899 0.04961 0.997598 0.048349 0.00961 0.999802 0.017451 -0.246511 -0.732443 -0.634634 -0.009706 -0.996296 -0.085435 -0.113875 -0.992373 -0.047215 -0.126986 0.977129 -0.170566 0.946018 -0.316071 0.071757 0.001638 -0.999999 0.000516 0.004636 -0.999986 0.002401 -0.764553 0.628842 -0.141482 0.038579 0.996389 -0.075641 0.120533 0.991725 -0.044192 -0.266345 -0.841608 0.469846 0.87429 0.480056 0.071854 0.67537 0.737351 0.013706 0.193438 0.981083 -0.007556 -0.116248 0.993213 -0.003848 0.547127 0.836366 -0.03382 -0.027312 0.276917 -0.960506 0.850701 -0.067919 -0.521244 -0.975244 0.179192 0.129573 0.477827 -0.100084 0.872734 -0.078064 0.310063 -0.947506 -0.14308 0.012243 0.989635 0.254491 -0.016953 0.966927 0.740692 0.125262 0.660065 -0.456726 0.070035 0.886846 0.876512 0.240441 -0.41703 0.854625 0.292951 0.428714 0.018694 0.27334 -0.961736 -0.81911 0.041991 0.572098 0.004063 0.493669 0.86964 0.490621 0.07959 0.867731 0.141431 -0.989567 -0.027461 -0.87713 0.253189 -0.408092 -0.156867 0.98739 0.021314 0.154092 -0.133975 -0.978931 0.034569 0.991386 0.126331 -0.001079 0.999992 -0.003945 0.005977 0.227015 0.973873 -0.100045 -0.093159 0.990612 -0.502397 0.613781 -0.608991 -0.192964 0.881377 0.431207 0.300204 0.953817 0.010504 0.5399 0.840641 0.042784 -0.216164 0.950065 0.225056 0.034294 0.991687 -0.124019 -0.005104 0.982856 -0.184302 -0.164376 0.906679 0.388475 0.229035 0.973318 0.013933 -0.294887 0.955288 0.021578 0.870862 -0.431029 0.23625 0.929623 0.270861 0.249873 -0.804201 0.488629 -0.338382 -0.937886 0.093909 -0.333991 -0.483334 0.694311 -0.533217 -0.026173 0.984582 0.172956 -0.756366 0.564036 0.331322 -0.501791 0.602141 0.620993 -0.097055 0.994452 -0.040563 0.008113 -0.168332 0.985697 0.335057 0.018745 0.942011 -0.010787 0.43795 0.898934 -0.077801 -0.577153 0.812922 -0.385671 0.068831 0.920065 -0.260023 -0.043667 0.964615 -0.026665 0.515349 0.856565 0.005278 0.985168 -0.171513 -0.010174 0.987786 -0.155482 0.866327 0.20612 -0.454963 -0.016573 0.460307 0.887605 -0.941781 0.30848 -0.133749 0.149303 0.062149 -0.986836 0.287983 0.047304 0.956466 -0.59248 -0.1337 -0.794413 0.940406 0.31259 0.133882 0.007437 0.999971 -0.001761 -0.371506 0.923704 0.09357 0.173246 -0.889868 -0.422043 -0.153783 0.553089 0.818806 0.152176 0.988332 0.006575 -0.069152 0.996643 0.043836 -0.06933 0.989491 0.126887 0.853279 0.076898 0.515753 -0.655119 0.120755 -0.745813 -0.84913 0.285164 0.44459 -0.058245 0.980574 0.187302 0.878126 0.463812 -0.117357 0.977053 -0.211716 -0.023302 -0.999408 0.0104 0.032791 0.91596 -0.155887 -0.369751 -0.15179 0.699586 -0.698241 0.185221 0.951533 0.245517 0.728857 0.042468 0.683348 -0.012881 0.991875 -0.126566 0.258809 0.900788 0.348711 0.378124 -0.916818 0.128325 -0.055502 -0.997177 -0.050575 0.104282 0.956841 0.271259 -0.092642 0.99499 -0.037579 -0.152041 0.979759 0.130216 0.285126 0.070627 -0.955885 -0.234657 -0.673248 0.701194 -0.139489 0.949683 0.280437 0.312373 0.905121 0.288408 0.061038 0.996813 0.051368 -0.087168 0.983052 -0.16128 0.05151 0.702964 -0.709358 0.629153 -0.573113 0.525079 0.54242 0.08239 0.836058 0.635 -0.772512 0.000321 0.088015 0.894095 -0.439143 0.486568 -0.81793 -0.306988 0.090777 0.951518 -0.293894 0.049157 -0.748761 -0.661015 -0.159424 0.342597 -0.925857 -0.597079 -0.255623 0.760364 -0.820833 -0.339243 0.459507 -0.716699 -0.063493 0.694486 0.986824 0.158522 -0.0324 -0.662004 0.554334 0.504445 0.263894 -0.305051 -0.915043 0.113343 0.520571 0.846262 0.731069 0.400689 -0.552256 -0.756556 0.195801 -0.623927 0.070766 0.337784 -0.93856 0.341103 0.198904 -0.918741 -0.267749 -0.088797 -0.959388 0.32996 0.624113 -0.708243 -0.029104 -0.319545 -0.947124 -0.645329 -0.761475 0.060887 -0.276798 0.867894 -0.412483 0.931199 0.342438 -0.124915 0.776902 0.628695 0.034144 0.562458 0.824221 -0.065586 -0.071209 0.997042 0.028906 0.659434 -0.699494 -0.275419 -0.459346 -0.835327 0.302041 -0.137976 0.985054 0.103113 -0.243839 0.967669 0.064498 -0.119791 0.98778 -0.099705 0.899493 0.01146 -0.436785 -0.231817 0.969399 -0.080791 -0.464956 0.874328 -0.139165 0.043531 0.99849 -0.033493 -0.555505 0.831482 -0.007154 -0.774038 0.511457 0.3732 0.08722 -0.994932 0.050031 -0.793627 -0.607954 0.023418 -0.055362 -0.998464 -0.002289 -0.373045 0.113103 0.920894 0.765788 -0.004547 0.643077 -0.004002 0.999986 -0.003537 0.004701 0.999948 0.009101 -0.867418 -0.038062 -0.496121 0.636527 0.169291 0.752446 0.00187 0.999998 0.001069 0.003517 0.999982 0.004959 -0.974101 -0.225132 -0.021065 0.419731 -0.162323 -0.893016 -0.937775 -0.002021 0.347237 0.648561 -0.274983 0.709756 0.978206 0.133333 -0.159168 -0.537429 0.111226 0.835942 -0.997334 -0.02737 -0.06764 -0.999336 0.036163 -0.004374 -0.985026 0.154359 0.076787 -0.15168 0.467258 -0.871013 0.157096 0.287656 0.944762 0.042943 0.236205 0.970754 0.162109 0.329226 0.930232 -0.120889 0.981085 0.151189 0.924668 0.37327 0.075224 0.145833 -0.989307 0.001932 -0.051829 0.996752 -0.061642 -0.195904 0.569805 -0.798088 -0.23827 0.704646 0.668357 0.029764 -0.998074 0.054436 -0.59006 -0.806157 -0.044052 0.954177 0.25021 -0.164135 0.272444 -0.962156 -0.005443 0.157514 -0.977794 -0.138234 0.002929 0.262823 -0.96484 -0.344358 -0.497972 -0.79589 0.335701 -0.18432 -0.923759 0.357547 0.608784 -0.708197 -0.330386 -0.03788 -0.943085 0.745035 0.664303 -0.060208 0.664487 0.745303 -0.054591 -0.079388 0.946163 0.313804 -0.004003 0.985607 0.169007 -0.105799 0.99398 -0.028473 -0.314341 -0.919908 0.234434 -0.86531 0.059962 -0.497638 -0.146635 -0.983598 -0.105034 0.141495 -0.664615 0.733666 -0.002914 0.951099 0.308874 0.15564 0.987454 0.026662 -0.110139 -0.991064 -0.075247 0.028494 0.999126 0.030594 -0.357408 0.918244 -0.170548 -0.457362 -0.72322 -0.517468 -0.306535 -0.877675 -0.368405 0.004281 -0.988069 -0.153952 -0.005156 -0.964485 -0.264086 -0.950336 -0.291801 0.10823 0.027382 0.999248 -0.027471 0.207515 0.725747 -0.655919 -0.08924 0.483981 0.870517 -0.163762 -0.141679 0.976273 0.22033 0.796651 -0.562852 -0.735695 0.492319 -0.46516 0.152396 0.397012 -0.905073 -0.120849 0.992491 0.018882 -0.071171 0.997201 0.022905 0.600489 -0.79905 -0.030527 -0.725615 0.582814 -0.365802 0.953393 -0.26885 0.136976 0.46508 0.882838 0.065551 -0.838641 0.370556 0.399212 0.003936 0.999111 -0.04198 0.101037 -0.773853 -0.625254 -0.340588 0.92482 0.169433 -0.004395 0.991597 0.12929 0.188458 0.978632 0.08224 0.032457 0.987368 0.155083 -0.429776 0.900622 -0.064597 0.079338 0.963328 0.25633 0.358205 0.910159 0.208087 0.3729 -0.844317 0.384804 0.009196 0.998682 0.050502 0.103726 0.991799 0.074669 -0.020399 -0.063232 0.99779 -0.062649 -0.003809 0.998028 0.886596 0.410525 -0.213112 -0.128585 0.236249 -0.963147 -0.328025 -0.152763 0.932235 0.596469 0.016684 -0.802463 0.064702 0.927448 -0.368313 0.137901 0.981329 0.13408 -0.175079 0.955454 -0.2376 0.076366 0.981998 0.172768 0.070029 0.983658 0.165872 -0.998086 0.056515 0.025127 0.163709 0.316019 0.934522 -0.943707 -0.063644 0.324601 -0.231376 0.303215 -0.924405 -0.679987 -0.209881 0.702544 0.74154 0.268214 0.614963 -0.097053 0.746881 0.657836 -0.017194 -0.048739 0.998664 -0.115667 0.659949 0.742353 0.344607 -0.059268 0.936874 0.212823 0.976956 -0.016242 -0.112055 0.93432 -0.338363 0.097553 0.371235 0.9234 -0.011341 0.633447 0.773703 -0.039007 0.505194 0.862124 -0.002196 0.967324 0.253532 -0.0183 0.999275 -0.033377 -0.00721 0.932279 0.361669 0.068638 0.943298 0.324775 -0.855847 0.514664 -0.051455 0.05947 -0.995013 -0.080077 -0.021344 0.997516 0.06713 0.708964 0.094045 -0.698947 -0.188452 0.955813 -0.225627 0.623852 0.650107 0.433785 0.140819 0.953841 0.265248 0.885059 0.457479 0.085932 -0.047826 -0.79483 -0.604945 -0.242644 -0.96434 0.105697 -0.216916 0.973062 -0.078092 -0.80018 0.28364 0.528451 -0.404565 -0.317938 -0.857463 0.96851 -0.055314 -0.242751 0.405887 -0.000125 0.913923 0.111287 0.929773 0.350909 0.04081 0.333574 -0.94184 -0.005787 -0.959477 0.281727 0.004607 -0.783941 0.620819 -0.13565 0.015375 -0.990638</float_array>
          <technique_common>
            <accessor source="#InstrumentTable1-mesh-normals-array" count="1744" stride="3">
              <param name="X" type="float"/>
              <param name="Y" type="float"/>
              <param name="Z" type="float"/>
            </accessor>
          </technique_common>
        </source>
        <source id="InstrumentTable1-mesh-map-0">
          <float_array id="InstrumentTable1-mesh-map-0-array" count="10464">0.886619 0.761439 0.902743 0.761319 0.886577 0.778742 0.886577 0.778742 0.902743 0.761319 0.902517 0.779123 0.928639 0.485067 0.938622 0.481686 0.942269 0.480761 0.605237 0.010753 0.59444 0.006202 0.59476 0.019492 0.611346 0.018822 0.605237 0.010753 0.59476 0.019492 0.969997 0.760991 0.978388 0.757645 0.981307 0.76402 0.974313 0.749785 0.978388 0.757645 0.981307 0.76402 0.932323 0.826216 0.948426 0.827298 0.93196 0.822361 0.948426 0.827298 0.947099 0.822557 0.93196 0.822361 0.963303 0.330281 0.971997 0.317293 0.970227 0.316142 0.91102 0.637513 0.913375 0.643452 0.924748 0.636727 0.924748 0.636727 0.913375 0.643452 0.92473 0.640793 0.967416 0.329609 0.963303 0.330281 0.971997 0.317293 0.930522 0.475858 0.942269 0.480761 0.938622 0.481686 0.983087 0.643678 0.998749 0.643208 0.999287 0.660342 0.983087 0.643678 0.999287 0.660342 0.983254 0.660838 0.610766 0.007958 0.59444 0.006202 0.605237 0.010753 0.297971 0.405012 0.300731 0.404216 0.297526 0.417682 0.421948 0.088236 0.426773 0.089715 0.420535 0.098368 0.898709 0.735639 0.901347 0.731955 0.900522 0.738069 0.901347 0.731955 0.898709 0.735639 0.897788 0.732047 0.938457 0.225034 0.952795 0.251189 0.951646 0.246584 0.436036 0.232546 0.445305 0.232333 0.457142 0.234621 0.943239 0.246751 0.938457 0.225034 0.952795 0.251189 0.841765 0.993515 0.846194 0.996984 0.840859 0.997502 0.54099 0.216669 0.540844 0.218573 0.529907 0.204172 0.293745 0.42601 0.297971 0.405012 0.296956 0.428342 0.297526 0.417682 0.296956 0.428342 0.297971 0.405012 0.529907 0.204172 0.534045 0.211686 0.54099 0.216669 0.074186 0.915819 0.064935 0.914293 0.062906 0.917428 0.41814 0.101397 0.426773 0.089715 0.420535 0.098368 0.457142 0.234621 0.436036 0.232546 0.441549 0.236047 0.420535 0.098368 0.386177 0.10101 0.41814 0.101397 0.41814 0.101397 0.386177 0.10101 0.393044 0.107461 0.310998 0.419696 0.301542 0.417275 0.303557 0.42149 0.885874 0.700793 0.886824 0.706426 0.884542 0.706888 0.529907 0.204172 0.539656 0.181443 0.531375 0.200911 0.127769 0.926702 0.12755 0.929846 0.14099 0.927525 0.717127 0.565818 0.713912 0.567453 0.714357 0.576862 0.933986 0.357114 0.935518 0.368125 0.936833 0.356749 0.494316 0.302744 0.488975 0.304089 0.494076 0.304345 0.955285 0.199066 0.955896 0.191835 0.938457 0.225034 0.794233 0.021768 0.778614 0.019961 0.805534 0.023833 0.949349 0.197064 0.955896 0.191835 0.938457 0.225034 0.935924 0.220183 0.949349 0.197064 0.938457 0.225034 0.854248 0.053739 0.874351 0.079094 0.845443 0.080305 0.874351 0.079094 0.854248 0.053739 0.900056 0.054119 0.589702 0.120645 0.600195 0.119627 0.590153 0.123596 0.931266 0.180291 0.957103 0.180561 0.942577 0.158285 0.931266 0.180291 0.942577 0.158285 0.930953 0.113395 0.942577 0.158285 0.942435 0.138776 0.930953 0.113395 0.942435 0.138776 0.957151 0.113311 0.930953 0.113395 0.957103 0.180561 0.957151 0.113311 0.942435 0.138776 0.942577 0.158285 0.957103 0.180561 0.942435 0.138776 0.897568 0.900649 0.903472 0.787348 0.890694 0.876302 0.903472 0.787348 0.889297 0.787244 0.890694 0.876302 0.457708 0.118109 0.583114 0.118181 0.583106 0.132061 0.653513 0.402977 0.654208 0.335318 0.669112 0.359004 0.653513 0.402977 0.669112 0.359004 0.668568 0.400431 0.281061 0.88711 0.281531 0.810431 0.281646 0.896607 0.134077 0.201794 0.181324 0.214905 0.181363 0.201888 0.290692 0.760614 0.29046 0.896524 0.281531 0.810431 0.281531 0.810431 0.281924 0.760675 0.290692 0.760614 0.134077 0.201794 0.133793 0.213131 0.181324 0.214905 0.29046 0.896524 0.281646 0.896607 0.281531 0.810431 0.958826 0.746909 0.963653 0.817725 0.95852 0.818158 0.72123 0.149151 0.705691 0.152075 0.734692 0.149122 0.726813 0.13954 0.734692 0.149122 0.742181 0.138165 0.00797 0.328272 0.061417 0.339954 0.243675 0.339831 0.243675 0.339831 0.243757 0.3283 0.00797 0.328272 0.489328 0.549073 0.485923 0.557496 0.486045 0.54594 0.070264 0.390767 0.125354 0.420385 0.282336 0.343322 0.070264 0.390767 0.08057 0.421016 0.125354 0.420385 0.073817 0.434796 0.234052 0.505311 0.309521 0.434683 0.650826 0.761453 0.656099 0.99695 0.650814 0.996928 0.656099 0.99695 0.650826 0.761453 0.655979 0.761244 0.9338 0.323757 0.946889 0.278669 0.943567 0.345998 0.9338 0.323757 0.943567 0.345998 0.921338 0.333643 0.921338 0.333643 0.921727 0.279299 0.9338 0.323757 0.9338 0.323757 0.921727 0.279299 0.935609 0.304651 0.935609 0.304651 0.921727 0.279299 0.946889 0.278669 0.9338 0.323757 0.935609 0.304651 0.946889 0.278669 0.588291 0.100664 0.588576 0.048832 0.610944 0.08688 0.588291 0.100664 0.63044 0.08858 0.655866 0.100707 0.588291 0.100664 0.610944 0.08688 0.63044 0.08858 0.63044 0.08858 0.588576 0.048832 0.655238 0.0484 0.610944 0.08688 0.588576 0.048832 0.63044 0.08858 0.63044 0.08858 0.655238 0.0484 0.655866 0.100707 0.011576 0.677154 0.015695 0.60619 0.032554 0.706866 0.888571 0.261787 0.890695 0.276292 0.90507 0.274343 0.904141 0.26114 0.888571 0.261787 0.90507 0.274343 0.406125 0.980145 0.395186 0.998471 0.620006 0.998301 0.623532 0.623664 0.623616 0.855016 0.489104 0.623724 0.574449 0.262956 0.467543 0.259304 0.469314 0.264743 0.623616 0.855016 0.488781 0.855659 0.489104 0.623724 0.25029 0.031697 0.182879 0.031879 0.250025 0.033385 0.378851 0.907871 0.379979 0.855059 0.38059 0.936049 0.634113 0.230767 0.473718 0.230771 0.634007 0.246922 0.473718 0.230771 0.510464 0.245953 0.634007 0.246922 0.357642 0.87472 0.349969 0.808917 0.348548 0.86285 0.357642 0.87472 0.35608 0.795215 0.349969 0.808917 0.843996 0.181055 0.719266 0.17389 0.719799 0.191351 0.626084 0.980069 0.406125 0.980145 0.620006 0.998301 0.047395 0.213261 0.04586 0.202352 0.046999 0.202162 0.133793 0.213131 0.047395 0.213261 0.181324 0.214905 0.705597 0.140479 0.705691 0.152075 0.72123 0.149151 0.71711 0.13747 0.72123 0.149151 0.726813 0.13954 0.781035 0.871985 0.787155 0.758722 0.790674 0.872094 0.011338 0.566327 0.020974 0.561644 0.091808 0.580955 0.091808 0.580955 0.020974 0.561644 0.023381 0.550242 0.032554 0.706866 0.091808 0.580955 0.092727 0.708912 0.011338 0.566327 0.091808 0.580955 0.032554 0.706866 0.659432 0.156062 0.549919 0.152352 0.659273 0.151464 0.234052 0.505311 0.073817 0.434796 0.073621 0.504344 0.958826 0.746909 0.963431 0.747167 0.963653 0.817725 0.281225 0.894723 0.281061 0.88711 0.281646 0.896607 0.854915 0.190096 0.843996 0.181055 0.719799 0.191351 0.30208 0.763053 0.307309 0.898483 0.293731 0.86976 0.734692 0.149122 0.705691 0.152075 0.832926 0.151324 0.734692 0.149122 0.832926 0.151324 0.742181 0.138165 0.249656 0.580103 0.243878 0.597638 0.23661 0.586301 0.715826 0.538924 0.716133 0.524797 0.704665 0.539371 0.701446 0.52716 0.704665 0.539371 0.716133 0.524797 0.255933 0.592339 0.243878 0.597638 0.249656 0.580103 0.412801 0.159987 0.411134 0.162926 0.410186 0.149274 0.99908 0.476851 0.997321 0.498946 0.996999 0.475831 0.72362 0.443237 0.726508 0.437551 0.726037 0.457872 0.683149 0.353085 0.683272 0.333598 0.685785 0.331996 0.68623 0.361848 0.686048 0.346199 0.683149 0.353085 0.475621 0.247559 0.444456 0.250106 0.465727 0.251143 0.465623 0.243873 0.444456 0.250106 0.475621 0.247559 0.899255 0.217005 0.878923 0.213807 0.874536 0.218117 0.898478 0.222328 0.899255 0.217005 0.874536 0.218117 0.465623 0.243873 0.475621 0.247559 0.483263 0.243899 0.971752 0.592954 0.98823 0.562467 0.987751 0.600838 0.763024 0.320867 0.756896 0.257172 0.741107 0.305071 0.681403 0.25605 0.740202 0.255105 0.713642 0.250362 0.681403 0.25605 0.713642 0.250362 0.659964 0.243999 0.741107 0.305071 0.756896 0.257172 0.740202 0.255105 0.19807 0.177541 0.209389 0.179173 0.205185 0.226275 0.116179 0.291843 0.109853 0.288702 0.095373 0.28751 0.580763 0.032674 0.570724 0.035973 0.572275 0.038541 0.740919 0.59788 0.744571 0.589547 0.745109 0.616675 0.572275 0.038541 0.578545 0.055868 0.570724 0.035973 0.143263 0.28219 0.13616 0.285864 0.129455 0.283573 0.682005 0.05601 0.671071 0.043848 0.68022 0.035222 0.68022 0.035222 0.695211 0.032847 0.69453 0.035915 0.68022 0.035222 0.69453 0.035915 0.682005 0.05601 0.639225 0.699214 0.633734 0.703599 0.641542 0.674447 0.633734 0.703599 0.642018 0.719904 0.639225 0.699214 0.633734 0.703599 0.642018 0.719904 0.63512 0.719408 0.740919 0.59788 0.744373 0.584101 0.744571 0.589547 0.642018 0.719904 0.639587 0.724655 0.63512 0.719408 0.396743 0.237152 0.389141 0.175161 0.406967 0.162723 0.408529 0.023367 0.376662 0.024096 0.375752 0.037391 0.408529 0.023367 0.375752 0.037391 0.43622 0.041399 0.40444 0.023332 0.376662 0.024096 0.408529 0.023367 0.43622 0.041399 0.436733 0.023583 0.408529 0.023367 0.916534 0.976733 0.916661 0.994653 0.972888 0.994627 0.863412 0.359995 0.861616 0.360027 0.861771 0.386947 0.916767 0.32725 0.865565 0.356422 0.861771 0.386947 0.972888 0.994627 0.972946 0.976906 0.916534 0.976733 0.660345 0.322485 0.681403 0.25605 0.659964 0.243999 0.681907 0.306215 0.681403 0.25605 0.660345 0.322485 0.660345 0.322485 0.763024 0.320867 0.741107 0.305071 0.681907 0.306215 0.660345 0.322485 0.741107 0.305071 0.659584 0.501386 0.677826 0.557335 0.659775 0.557991 0.007111 0.024854 0.058933 0.039713 0.058449 0.02452 0.386524 0.236348 0.389141 0.175161 0.396743 0.237152 0.006989 0.040466 0.058933 0.039713 0.007111 0.024854 0.677485 0.501212 0.677826 0.557335 0.659584 0.501386 0.916767 0.32725 0.861346 0.329065 0.865565 0.356422 0.916767 0.32725 0.861771 0.386947 0.917858 0.377786 0.809936 0.345925 0.78906 0.351665 0.809091 0.386659 0.105502 0.104119 0.051529 0.104309 0.105921 0.15034 0.051529 0.104309 0.051968 0.150483 0.105921 0.15034 0.844071 0.720585 0.845206 0.702931 0.845638 0.712167 0.847519 0.684314 0.842251 0.668421 0.850826 0.681877 0.074291 0.280787 0.075446 0.302808 0.073175 0.302531 0.246455 0.159909 0.260035 0.161842 0.266663 0.159975 0.852451 0.719409 0.847566 0.692599 0.847519 0.684314 0.260035 0.161842 0.266453 0.161796 0.266663 0.159975 0.845206 0.702931 0.844071 0.720585 0.842251 0.668421 0.846291 0.69857 0.846368 0.699224 0.845858 0.688259 0.845206 0.702931 0.842251 0.668421 0.845858 0.688259 0.846291 0.69857 0.845858 0.688259 0.847566 0.692599 0.679217 0.415252 0.678977 0.418086 0.682126 0.416988 0.852451 0.719409 0.845638 0.712167 0.845206 0.702931 0.750759 0.661832 0.749594 0.659664 0.751241 0.659591 0.852451 0.719409 0.847092 0.700726 0.847566 0.692599 0.000752 0.177636 0.002011 0.178102 0.001338 0.175588 0.412243 0.873124 0.412655 0.871452 0.414023 0.873208 0.847092 0.700726 0.845206 0.702931 0.846368 0.699224 0.464625 0.338605 0.465503 0.339795 0.46388 0.339074 0.465503 0.339795 0.46388 0.339074 0.464625 0.340227 0.102065 0.073398 0.101055 0.07412 0.102679 0.07412 0.847566 0.692599 0.847092 0.700726 0.846291 0.69857 0.679902 0.153279 0.68076 0.153575 0.682057 0.149143 0.846368 0.699224 0.845206 0.702931 0.845858 0.688259 0.10132 0.07502 0.101055 0.07412 0.102679 0.07412 0.679902 0.153279 0.682057 0.149143 0.679789 0.152668 0.850826 0.681877 0.852451 0.719409 0.847519 0.684314 0.246758 0.161693 0.246455 0.159909 0.254793 0.161861 0.254793 0.161861 0.246455 0.159909 0.260035 0.161842 0.482038 0.420467 0.480925 0.412646 0.482258 0.413037 0.681524 0.155772 0.681498 0.16568 0.682057 0.149143 0.681137 0.158042 0.681498 0.16568 0.681524 0.155772 0.68076 0.153575 0.682057 0.149143 0.681524 0.155772 0.870356 0.629304 0.868424 0.631387 0.867548 0.629652 0.870356 0.629304 0.867548 0.629652 0.868639 0.627481 0.412243 0.873124 0.414023 0.873208 0.412196 0.874223 0.923295 0.560604 0.925606 0.558588 0.925538 0.563214 0.266453 0.161796 0.260035 0.161842 0.263225 0.162612 0.927354 0.574615 0.925538 0.563214 0.925606 0.558588 0.00801 0.946355 0.010492 0.94534 0.008218 0.944444 0.254793 0.161861 0.256966 0.16194 0.260035 0.161842 0.809936 0.345925 0.808617 0.390054 0.815253 0.403804 0.815253 0.403804 0.808617 0.390054 0.760977 0.428589 0.6191 0.294386 0.630647 0.310696 0.615856 0.308506 0.633633 0.30178 0.653336 0.293287 0.630647 0.310696 0.499209 0.341557 0.506159 0.341517 0.50289 0.389715 0.712821 0.276852 0.715299 0.285431 0.724335 0.283028 0.888977 0.20521 0.82241 0.195551 0.85493 0.201877 0.825515 0.202879 0.85493 0.201877 0.82241 0.195551 0.6191 0.294386 0.653336 0.293287 0.633633 0.30178 0.6191 0.294386 0.633633 0.30178 0.630647 0.310696 0.331731 0.135749 0.342556 0.134252 0.335035 0.182988 0.919228 0.002907 0.927886 0.002028 0.92102 0.005606 0.597517 0.312015 0.583214 0.311739 0.586139 0.315478 0.537799 0.954396 0.539249 0.947472 0.540966 0.96216 0.799291 0.384495 0.802354 0.384621 0.799085 0.373894 0.583214 0.311739 0.597517 0.312015 0.59699 0.309408 0.034759 0.448444 0.048255 0.449432 0.035458 0.444675 0.446726 0.932031 0.442642 0.920613 0.442634 0.929737 0.446056 0.920346 0.442642 0.920613 0.446726 0.932031 0.027424 0.347289 0.029854 0.352674 0.026857 0.35807 0.453611 0.967876 0.447785 0.963085 0.445388 0.969692 0.979297 0.009239 0.983285 0.007734 0.960795 0.007319 0.835248 0.605287 0.808012 0.561835 0.862077 0.542197 0.808012 0.561835 0.792657 0.541744 0.862077 0.542197 0.859731 0.620903 0.835248 0.605287 0.862077 0.542197 0.840182 0.613564 0.790749 0.621628 0.831016 0.614478 0.790749 0.621628 0.840182 0.613564 0.859731 0.620903 0.840182 0.613564 0.835248 0.605287 0.859731 0.620903 0.790749 0.621628 0.808012 0.561835 0.835248 0.605287 0.831016 0.614478 0.790749 0.621628 0.835248 0.605287 0.402292 0.967897 0.396177 0.965774 0.42329 0.965094 0.868653 0.248581 0.875312 0.248097 0.872311 0.242949 0.004462 0.055556 0.013401 0.055373 0.001096 0.053798 0.782873 0.009165 0.792156 0.012924 0.785369 0.008143 0.137641 0.657568 0.147047 0.639165 0.136276 0.633229 0.755469 0.667083 0.759863 0.670238 0.758947 0.647608 0.006534 0.048616 0.013401 0.055373 0.001096 0.053798 0.550555 0.012571 0.552354 0.013766 0.550323 0.014193 0.931931 0.721582 0.931594 0.672558 0.932659 0.661523 0.931931 0.721582 0.932659 0.661523 0.932569 0.73781 0.417506 0.234322 0.419175 0.21999 0.424767 0.2305 0.424767 0.2305 0.419175 0.21999 0.42465 0.219866 0.419175 0.21999 0.417506 0.234322 0.424011 0.16215 0.420781 0.219764 0.424011 0.16215 0.423128 0.206599 0.752804 0.455622 0.750722 0.523994 0.750899 0.426584 0.188228 0.322132 0.206423 0.324015 0.291318 0.320491 0.828307 0.945879 0.820892 0.940561 0.826307 0.880617 0.534753 0.144397 0.526308 0.140524 0.458224 0.139807 0.820892 0.940561 0.828307 0.945879 0.76321 0.941564 0.423128 0.206599 0.424011 0.16215 0.426918 0.138806 0.424011 0.16215 0.41816 0.138391 0.421764 0.147124 0.426918 0.138806 0.422873 0.159938 0.421764 0.147124 0.978451 0.173241 0.968347 0.182887 0.968896 0.174042 0.188474 0.246065 0.188228 0.322132 0.188276 0.307748 0.032091 0.810827 0.038397 0.808605 0.040269 0.802409 0.040269 0.802409 0.033552 0.801195 0.032091 0.810827 0.950027 0.019149 0.945293 0.012689 0.950697 0.007056 0.852947 0.220956 0.78972 0.273683 0.85265 0.299583 0.774089 0.292354 0.774825 0.300742 0.85265 0.299583 0.78972 0.273683 0.774089 0.292354 0.85265 0.299583 0.802601 0.41564 0.8054 0.426533 0.802354 0.421211 0.774235 0.220052 0.773131 0.275514 0.774089 0.292354 0.780742 0.277843 0.774235 0.220052 0.774089 0.292354 0.780742 0.277843 0.774089 0.292354 0.78972 0.273683 0.774089 0.292354 0.771927 0.292514 0.774825 0.300742 0.774235 0.220052 0.772573 0.269239 0.773131 0.275514 0.774235 0.220052 0.780742 0.277843 0.780754 0.268615 0.78972 0.273683 0.774235 0.220052 0.780754 0.268615 0.78972 0.273683 0.852947 0.220956 0.774235 0.220052 0.828307 0.945879 0.727683 0.946044 0.76321 0.941564 0.247918 0.929034 0.252349 0.926277 0.254954 0.928705 0.8054 0.426533 0.808847 0.416046 0.802601 0.41564 0.775691 0.463483 0.775294 0.658951 0.76444 0.658149 0.103535 0.654252 0.114082 0.605626 0.098531 0.692483 0.092579 0.427178 0.086356 0.425902 0.088622 0.427967 0.112962 0.425411 0.092579 0.427178 0.111788 0.430075 0.099474 0.728659 0.098531 0.692483 0.10303 0.531187 0.764051 0.464168 0.775691 0.463483 0.76444 0.658149 0.098531 0.692483 0.114082 0.605626 0.10303 0.531187 0.112141 0.720985 0.098531 0.692483 0.099474 0.728659 0.035956 0.757113 0.010569 0.737647 0.020745 0.761483 0.778372 0.731469 0.779622 0.701814 0.783685 0.731955 0.824414 0.640283 0.827836 0.641715 0.842725 0.638906 0.154089 0.657357 0.155681 0.641954 0.147047 0.639165 0.969272 0.001248 0.976867 0.001217 0.976844 0.003424 0.147047 0.639165 0.172406 0.602288 0.136276 0.633229 0.136276 0.633229 0.172406 0.602288 0.114082 0.605626 0.9337 0.443454 0.938783 0.430199 0.938517 0.451646 0.938783 0.430199 0.936631 0.415684 0.945612 0.455274 0.938517 0.451646 0.938783 0.430199 0.945612 0.455274 0.936631 0.415684 0.931828 0.423067 0.904591 0.417646 0.919478 0.423254 0.904591 0.417646 0.931828 0.423067 0.786913 0.693215 0.786925 0.695296 0.7773 0.695585 0.998782 0.533252 0.996332 0.533129 0.997018 0.523592 0.912475 0.430187 0.914088 0.441383 0.913344 0.45256 0.654785 0.740789 0.653819 0.731185 0.657062 0.731144 0.902664 0.075144 0.905438 0.075181 0.902626 0.085203 0.061242 0.953127 0.051607 0.955106 0.061254 0.956062 0.912475 0.430187 0.904591 0.417646 0.919478 0.423254 0.45425 0.357291 0.455168 0.366952 0.452516 0.366877 0.27 0.160917 0.26997 0.159271 0.279311 0.159615 0.913344 0.45256 0.904591 0.417646 0.912475 0.430187 0.92812 0.42812 0.931828 0.423067 0.934046 0.431531 0.98649 0.240085 0.976905 0.238704 0.976869 0.241344 0.955306 0.232386 0.952516 0.23252 0.954023 0.242043 0.938783 0.430199 0.931828 0.423067 0.936631 0.415684 0.7773 0.695585 0.786925 0.695296 0.786795 0.697704 0.904591 0.417646 0.913344 0.45256 0.903921 0.471338 0.903921 0.471338 0.913344 0.45256 0.913609 0.459727 0.414915 0.938109 0.405467 0.936334 0.405441 0.939079 0.282119 0.908055 0.265025 0.910437 0.283685 0.909697 0.470215 0.639056 0.474563 0.603212 0.47324 0.657401 0.172406 0.602288 0.210735 0.602148 0.172736 0.558464 0.210735 0.602148 0.172406 0.602288 0.147047 0.639165 0.157002 0.636415 0.155681 0.641954 0.210735 0.602148 0.147047 0.639165 0.157002 0.636415 0.210735 0.602148 0.750113 0.382377 0.765066 0.373942 0.745783 0.371132 0.785308 0.371046 0.745783 0.371132 0.765066 0.373942 0.044273 0.898928 0.044385 0.896594 0.053839 0.89831 0.418842 0.813361 0.418486 0.823493 0.420125 0.823519 0.571165 0.425385 0.571023 0.427172 0.580686 0.426691 0.243912 0.017437 0.244063 0.019638 0.253727 0.01818 0.969272 0.001248 0.968983 0.003437 0.976844 0.003424 0.44524 0.0787 0.451298 0.075305 0.441942 0.070707 0.10303 0.531187 0.114082 0.605626 0.116355 0.558264 0.35547 0.998329 0.264277 0.966336 0.005557 0.93641 0.35547 0.998329 0.351353 0.981928 0.264277 0.966336 0.368985 0.51231 0.009432 0.512198 0.368398 0.522859 0.210754 0.559642 0.305675 0.543682 0.10303 0.531187 0.210754 0.559642 0.10303 0.531187 0.172108 0.558043 0.116355 0.558264 0.172108 0.558043 0.10303 0.531187 0.368398 0.522859 0.009432 0.512198 0.012001 0.523044 0.505876 0.027896 0.513589 0.029238 0.485503 0.030743 0.956439 0.351783 0.970373 0.346735 0.96217 0.366636 0.96217 0.366636 0.970373 0.346735 0.968914 0.371343 0.315324 0.072085 0.340278 0.070904 0.300324 0.070328 0.340278 0.070904 0.366654 0.070203 0.300324 0.070328 0.0439 0.951841 0.007486 0.950772 0.016443 0.955731 0.016443 0.955731 0.007486 0.950772 0.004719 0.956104 0.300324 0.070328 0.366654 0.070203 0.375385 0.068338 0.39098 0.015857 0.37312 0.007721 0.395366 0.00961 0.303249 0.1274 0.325289 0.124033 0.356486 0.123967 0.037065 0.95577 0.0439 0.951841 0.016443 0.955731 0.303665 0.210604 0.303249 0.1274 0.31054 0.188167 0.958179 0.37218 0.956439 0.351783 0.96217 0.366636 0.941153 0.352808 0.942644 0.350072 0.942942 0.359128 0.315611 0.110416 0.35935 0.108691 0.30941 0.104654 0.683004 0.455942 0.688224 0.444405 0.692257 0.444645 0.834744 0.418491 0.835263 0.41488 0.851395 0.428151 0.834744 0.418491 0.851395 0.428151 0.848929 0.431389 0.968914 0.371343 0.966154 0.40632 0.961707 0.375534 0.683004 0.455942 0.683156 0.478406 0.677641 0.469707 0.30941 0.104654 0.335189 0.104977 0.322684 0.105468 0.45315 0.646251 0.464488 0.596441 0.436077 0.622062 0.436077 0.622062 0.464488 0.596441 0.433568 0.583532 0.731936 0.531462 0.74271 0.528583 0.74269 0.534506 0.401755 0.072244 0.403815 0.069343 0.398945 0.069343 0.804087 0.867698 0.803885 0.864668 0.798948 0.86199 0.778684 0.760279 0.777864 0.760431 0.777577 0.756828 0.798948 0.86199 0.804087 0.867698 0.799385 0.865235 0.834744 0.418491 0.828323 0.407706 0.835263 0.41488 0.366214 0.008845 0.37312 0.007721 0.368772 0.010437 0.365611 0.014798 0.36633 0.011048 0.39098 0.015857 0.366214 0.008845 0.365138 0.006807 0.37312 0.007721 0.39098 0.015857 0.368772 0.010437 0.37312 0.007721 0.460948 0.53088 0.462259 0.588469 0.464965 0.584021 0.464488 0.596441 0.462259 0.588469 0.433568 0.583532 0.999597 0.396188 0.988231 0.38574 0.999594 0.375101 0.462259 0.588469 0.460948 0.53088 0.431499 0.55364 0.758523 0.552688 0.750456 0.563974 0.75524 0.552123 0.268751 0.776119 0.035708 0.775172 0.21903 0.794289 0.045436 0.843292 0.27824 0.843293 0.045116 0.830824 0.427989 0.50324 0.31631 0.505881 0.445727 0.504456 0.045116 0.830824 0.27824 0.843293 0.278183 0.830855 0.037254 0.79368 0.21903 0.794289 0.035708 0.775172 0.278337 0.689065 0.316334 0.723197 0.279207 0.687474 0.181201 0.118675 0.136804 0.0932 0.121478 0.059791 0.521401 0.390374 0.513116 0.392868 0.512977 0.3901 0.474271 0.803875 0.471202 0.806678 0.471185 0.801703 0.410069 0.804811 0.413221 0.799453 0.410025 0.845834 0.413221 0.799453 0.414889 0.799509 0.413857 0.835236 0.121223 0.118214 0.127653 0.097331 0.181201 0.118675 0.127653 0.097331 0.136804 0.0932 0.181201 0.118675 0.127653 0.097331 0.127529 0.087862 0.121223 0.118214 0.410025 0.845834 0.413221 0.799453 0.413857 0.835236 0.409438 0.828137 0.410069 0.804811 0.410025 0.845834 0.121478 0.059791 0.121223 0.118214 0.127529 0.087862 0.127529 0.087862 0.121478 0.059791 0.136804 0.0932 0.403815 0.829443 0.405893 0.828551 0.410025 0.845834 0.843713 0.447071 0.831449 0.433629 0.847651 0.441548 0.405893 0.828551 0.409438 0.828137 0.410025 0.845834 0.913555 0.092863 0.913856 0.095268 0.92059 0.093975 0.272878 0.660732 0.277905 0.64348 0.270626 0.641647 0.830978 0.433413 0.826253 0.430856 0.828741 0.426746 0.025568 0.361314 0.028003 0.361314 0.026817 0.362936 0.21868 0.295582 0.217127 0.2942 0.21875 0.291565 0.832022 0.43223 0.830978 0.433413 0.828741 0.426746 0.95383 0.382466 0.951269 0.383086 0.953955 0.375093 0.951268 0.375594 0.951269 0.383086 0.953955 0.375093 0.928298 0.595159 0.928308 0.656299 0.958922 0.657329 0.958984 0.600604 0.928298 0.595159 0.958922 0.657329 0.952284 0.087869 0.9214 0.086283 0.950313 0.057219 0.950313 0.057219 0.9214 0.086283 0.921156 0.061321 0.952284 0.087869 0.950313 0.057219 0.95216 0.034012 0.270626 0.641647 0.270834 0.686623 0.272878 0.660732 0.894886 0.486212 0.890042 0.494672 0.894438 0.496446 0.270834 0.686623 0.272467 0.667803 0.272878 0.660732 0.276046 0.313097 0.214248 0.317096 0.277619 0.311609 0.802178 0.511764 0.80176 0.44466 0.802174 0.452855 0.802178 0.511764 0.806776 0.502877 0.802174 0.452855 0.826253 0.430856 0.831449 0.433629 0.843713 0.447071 0.813835 0.42169 0.816523 0.415332 0.828741 0.426746 0.411173 0.226866 0.41345 0.226714 0.412177 0.23142 0.867815 0.760241 0.866551 0.760811 0.867418 0.758719 0.830978 0.433413 0.826253 0.430856 0.831449 0.433629 0.020816 0.002231 0.021344 0.004964 0.022169 0.002518 0.671157 0.461081 0.666484 0.459449 0.666566 0.461813 0.266944 0.722103 0.278337 0.689065 0.270834 0.686623 0.860413 0.511584 0.855386 0.50141 0.859029 0.441264 0.853887 0.468827 0.855386 0.50141 0.859029 0.441264 0.121478 0.059791 0.179468 0.059878 0.181201 0.118675 0.950313 0.057219 0.921356 0.043505 0.95216 0.034012 0.921156 0.061321 0.921356 0.043505 0.950313 0.057219 0.271159 0.146232 0.264945 0.11426 0.292271 0.089933 0.292334 0.14812 0.271159 0.146232 0.292271 0.089933 0.266944 0.722103 0.316334 0.723197 0.278337 0.689065 0.849615 0.502122 0.824277 0.504255 0.806776 0.502877 0.813835 0.42169 0.826253 0.430856 0.843713 0.447071 0.85167 0.452989 0.806776 0.502877 0.849615 0.502122 0.802174 0.452855 0.806776 0.502877 0.85167 0.452989 0.029886 0.816344 0.032648 0.816156 0.031277 0.81787 0.031265 0.81468 0.032648 0.816156 0.029886 0.816344 0.307852 0.012263 0.302934 0.014027 0.303733 0.00846 0.274804 0.665849 0.272467 0.667803 0.272878 0.660732 0.46875 0.124493 0.441964 0.124493 0.45996 0.134131 0.270834 0.686623 0.278654 0.682829 0.273519 0.668851 0.002229 0.40657 0.004118 0.416877 0.002368 0.454934 0.442994 0.776089 0.440926 0.739062 0.438891 0.770238 0.560076 0.006745 0.564042 0.013926 0.587496 0.012406 0.395757 0.745018 0.374461 0.737685 0.379122 0.747207 0.395757 0.745018 0.440926 0.739062 0.374461 0.737685 0.925517 0.712728 0.9265 0.747139 0.919765 0.752704 0.439925 0.776608 0.437744 0.773044 0.399121 0.764765 0.439925 0.776608 0.399121 0.764765 0.375819 0.776198 0.399121 0.764765 0.382774 0.76387 0.375819 0.776198 0.997861 0.826002 0.993984 0.829215 0.995799 0.823288 0.903991 0.232839 0.867382 0.267085 0.865658 0.267423 0.399121 0.764765 0.395757 0.745018 0.386869 0.756649 0.379122 0.747207 0.374461 0.737685 0.379702 0.757165 0.616861 0.9249 0.616783 0.914281 0.616817 0.963088 0.763163 0.002124 0.777636 0.004928 0.784497 0.002028 0.321415 0.195387 0.322669 0.151705 0.326691 0.135181 0.316878 0.137413 0.326691 0.135181 0.322669 0.151705 0.877373 0.150069 0.887092 0.12548 0.889138 0.172669 0.198458 0.28751 0.195472 0.299682 0.192776 0.289309 0.416405 0.639506 0.425819 0.636583 0.428919 0.629339 0.321415 0.195387 0.316878 0.137413 0.317235 0.144863 0.320047 0.158237 0.321415 0.195387 0.317235 0.144863 0.322669 0.151705 0.320047 0.158237 0.321415 0.195387 0.86826 0.269872 0.905696 0.322733 0.865658 0.267423 0.316877 0.202814 0.316878 0.137413 0.321415 0.195387 0.321226 0.148492 0.317235 0.144863 0.320555 0.151809 0.323761 0.056217 0.324562 0.054622 0.321864 0.053845 0.479058 0.105111 0.475242 0.100012 0.474565 0.101719 0.155249 0.197486 0.154761 0.198519 0.157062 0.199108 0.685296 0.98648 0.68502 0.9881 0.681044 0.987511 0.322669 0.151705 0.321226 0.148492 0.316878 0.137413 0.323761 0.056217 0.321864 0.053845 0.317147 0.053923 0.685296 0.98648 0.681044 0.987511 0.685471 0.98497 0.681044 0.987511 0.685471 0.98497 0.684482 0.9813 0.618064 0.219887 0.623941 0.217134 0.624246 0.214629 0.614014 0.214512 0.618064 0.219887 0.624246 0.214629 0.759545 0.461854 0.759538 0.474047 0.757301 0.470069 0.759545 0.461854 0.760693 0.472245 0.759538 0.474047 0.891456 0.521609 0.888772 0.520196 0.887661 0.513937 0.130228 0.561444 0.134206 0.560827 0.133315 0.563614 0.474432 0.099877 0.479754 0.100745 0.475242 0.100012 0.479754 0.100745 0.475242 0.100012 0.479058 0.105111 0.614014 0.214512 0.612633 0.214872 0.618064 0.219887 0.512833 0.271516 0.492627 0.269392 0.515016 0.268856 0.479058 0.105111 0.500383 0.098709 0.496465 0.101732 0.433307 0.744365 0.399434 0.768233 0.43245 0.766314 0.399434 0.768233 0.433307 0.744365 0.395757 0.745018 0.525806 0.345277 0.608727 0.332735 0.472279 0.328132 0.525806 0.345277 0.472279 0.328132 0.480263 0.332071 0.628589 0.424025 0.614023 0.413166 0.498315 0.399362 0.498315 0.399362 0.614023 0.413166 0.52664 0.400401 0.614023 0.413166 0.628589 0.424025 0.629098 0.415209 0.700116 0.034026 0.703705 0.049694 0.772068 0.033651 0.703705 0.049694 0.772143 0.049502 0.772068 0.033651 0.472279 0.328132 0.494823 0.394121 0.480263 0.332071 0.342127 0.83042 0.337928 0.839869 0.340941 0.826714 0.364385 0.73968 0.351298 0.744518 0.357939 0.755133 0.939419 0.105687 0.945395 0.108261 0.954951 0.097771 0.912982 0.098139 0.916557 0.102762 0.918317 0.101138 0.034254 0.174424 0.035081 0.177306 0.032062 0.17734 0.916557 0.102762 0.945395 0.108261 0.918317 0.101138 0.916557 0.102762 0.931374 0.10941 0.945395 0.108261 0.034254 0.174424 0.044911 0.176856 0.035081 0.177306 0.138022 0.272037 0.158723 0.26837 0.162034 0.251736 0.138912 0.276574 0.158723 0.26837 0.138022 0.272037 0.752534 0.998621 0.748516 0.996374 0.761369 0.998346 0.70419 0.642148 0.717924 0.63065 0.705229 0.669806 0.717924 0.63065 0.705229 0.669806 0.714118 0.6388 0.70228 0.659597 0.70419 0.642148 0.705229 0.669806 0.100902 0.270257 0.138912 0.276574 0.138022 0.272037 0.782547 0.968597 0.807176 0.965484 0.775133 0.964253 0.331082 0.007983 0.323884 0.00924 0.343215 0.009321 0.323884 0.00924 0.327111 0.012552 0.343215 0.009321 0.971446 0.063917 0.96477 0.110321 0.970444 0.063113 0.822547 0.951777 0.775133 0.964253 0.807176 0.965484 0.541687 0.080238 0.55945 0.08322 0.554581 0.08063 0.347651 0.743723 0.139641 0.744991 0.175631 0.75791 0.355568 0.903673 0.303698 0.902671 0.067597 0.903273 0.266505 0.75902 0.347651 0.743723 0.175631 0.75791 0.68101 0.826883 0.680357 0.698871 0.693492 0.698999 0.694219 0.828001 0.68101 0.826883 0.693492 0.698999 0.34847 0.752104 0.347651 0.743723 0.266505 0.75902 0.772936 0.698783 0.694219 0.828001 0.693492 0.698999 0.42827 0.351639 0.446374 0.489923 0.44633 0.354759 0.250822 0.726795 0.226738 0.72882 0.252052 0.728343 0.450027 0.273098 0.44325 0.291594 0.442611 0.302312 0.324888 0.582269 0.324397 0.585349 0.323745 0.586918 0.323745 0.586918 0.324888 0.582269 0.324184 0.580603 0.883224 0.520276 0.875597 0.513381 0.883523 0.520191 0.044246 0.187753 0.045473 0.185053 0.027973 0.187129 0.045473 0.185053 0.031033 0.186836 0.024636 0.185065 0.045473 0.185053 0.027973 0.187129 0.031033 0.186836 0.219679 0.729432 0.229449 0.727125 0.228036 0.7281 0.22973 0.726677 0.219679 0.729432 0.229449 0.727125 0.024636 0.185065 0.045473 0.185053 0.009458 0.181898 0.228036 0.7281 0.250822 0.726795 0.226738 0.72882 0.226738 0.72882 0.225656 0.72999 0.252052 0.728343 0.343034 0.553598 0.305675 0.543682 0.336806 0.579795 0.323745 0.586918 0.324184 0.580603 0.305675 0.543682 0.336806 0.579795 0.305675 0.543682 0.324553 0.58057 0.305675 0.543682 0.460948 0.53088 0.10303 0.531187 0.343034 0.553598 0.431499 0.55364 0.460948 0.53088 0.305675 0.543682 0.343034 0.553598 0.460948 0.53088 0.324445 0.594517 0.338601 0.623058 0.324888 0.582269 0.316636 0.615252 0.338601 0.623058 0.324445 0.594517 0.324445 0.594517 0.324888 0.582269 0.324397 0.585349 0.210754 0.559642 0.253056 0.559375 0.305675 0.543682 0.187811 0.076393 0.188244 0.085597 0.186665 0.079057 0.961199 0.735439 0.962256 0.743309 0.958423 0.729117 0.324445 0.594517 0.324397 0.585349 0.324058 0.588401 0.324445 0.594517 0.324058 0.588401 0.323745 0.586918 0.404644 0.11395 0.390016 0.120399 0.395525 0.120455 0.262699 0.559802 0.294823 0.571701 0.305675 0.543682 0.282371 0.591744 0.282048 0.578614 0.262699 0.559802 0.262699 0.559802 0.26579 0.602312 0.282371 0.591744 0.282048 0.578614 0.294823 0.571701 0.262699 0.559802 0.26579 0.602312 0.2827 0.602372 0.282371 0.591744 0.347273 0.940308 0.313814 0.939892 0.330574 0.939286 0.169008 0.318578 0.145698 0.318329 0.158945 0.3237 0.158945 0.3237 0.145698 0.318329 0.149801 0.323293 0.301095 0.604572 0.305675 0.543682 0.294823 0.571701 0.30224 0.583029 0.301095 0.604572 0.294823 0.571701 0.324445 0.594517 0.305675 0.543682 0.316636 0.615252 0.316636 0.615252 0.305675 0.543682 0.301095 0.604572 0.480227 0.014356 0.484984 0.016201 0.479361 0.01793 0.639701 0.999413 0.640436 0.973332 0.640655 0.968737 0.328184 0.591631 0.336157 0.609082 0.324553 0.58057 0.336157 0.609082 0.336806 0.579795 0.324553 0.58057 0.336806 0.579795 0.342398 0.580187 0.343034 0.553598 0.324553 0.58057 0.324184 0.580603 0.305675 0.543682 0.981144 0.801616 0.968512 0.829738 0.977816 0.775295 0.981718 0.804097 0.982574 0.834963 0.981144 0.801616 0.645258 0.965799 0.6457 0.997601 0.639701 0.999413 0.971849 0.244758 0.971913 0.248143 0.96638 0.246379 0.893489 0.719877 0.893033 0.727186 0.891062 0.724187 0.692314 0.850672 0.687325 0.849007 0.694004 0.847932 0.971913 0.248143 0.965465 0.247739 0.96638 0.246379 0.645258 0.965799 0.639701 0.999413 0.640436 0.973332 0.338601 0.623058 0.336157 0.609082 0.328184 0.591631 0.871347 0.448094 0.871347 0.462315 0.866979 0.460042 0.968512 0.829738 0.982574 0.834963 0.981144 0.801616 0.907013 0.917678 0.890422 0.937329 0.854949 0.916036 0.890422 0.937329 0.890573 0.94713 0.855932 0.996031 0.899381 0.940676 0.855932 0.996031 0.890573 0.94713 0.907013 0.917678 0.899381 0.940676 0.890422 0.937329 0.214926 0.236313 0.24575 0.22451 0.214612 0.167673 0.243395 0.180166 0.214612 0.167673 0.24575 0.22451 0.306993 0.233689 0.3032 0.233689 0.305367 0.222113 0.750677 0.868961 0.754124 0.874833 0.756303 0.867812 0.908044 0.942013 0.899381 0.940676 0.907013 0.917678 0.908044 0.942013 0.908135 0.943419 0.899381 0.940676 0.890422 0.937329 0.855932 0.996031 0.854949 0.916036 0.294465 0.236429 0.24575 0.22451 0.214926 0.236313 0.908135 0.943419 0.906265 0.995714 0.899381 0.940676 0.906265 0.995714 0.855932 0.996031 0.899381 0.940676 0.706667 0.497379 0.710954 0.513619 0.707086 0.51616 0.706667 0.497379 0.712651 0.497916 0.710954 0.513619 0.999265 0.756325 0.99633 0.769655 0.99406 0.756676 0.968763 0.999551 0.970115 0.998912 0.954534 0.998401 0.070999 0.804341 0.055754 0.804505 0.069526 0.800006 0.712651 0.497916 0.712998 0.514699 0.710954 0.513619 0.069526 0.800006 0.055754 0.804505 0.055807 0.799229 0.257376 0.036418 0.261962 0.024354 0.262503 0.036603 0.257376 0.036418 0.257027 0.024552 0.261962 0.024354 0.294465 0.236429 0.294474 0.165578 0.284013 0.180817 0.294465 0.236429 0.284013 0.180817 0.284029 0.224601 0.438631 0.21264 0.434791 0.157378 0.438105 0.170551 0.438631 0.21264 0.434708 0.225201 0.434791 0.157378 0.284029 0.224601 0.24575 0.22451 0.294465 0.236429 0.822197 0.08121 0.796736 0.104394 0.821355 0.131265 0.214612 0.167673 0.243395 0.180166 0.284013 0.180817 0.294474 0.165578 0.214612 0.167673 0.284013 0.180817 0.678734 0.964982 0.669557 0.921103 0.6817 0.963239 0.764199 0.258741 0.766806 0.264857 0.764452 0.272909 0.660499 0.944903 0.671823 0.897197 0.669557 0.921103 0.675466 0.884573 0.676795 0.859166 0.680645 0.865646 0.669557 0.921103 0.675466 0.884573 0.680645 0.865646 0.250561 0.713078 0.241266 0.707045 0.230722 0.70946 0.158503 0.720373 0.230722 0.70946 0.15699 0.706469 0.129595 0.70941 0.158503 0.720373 0.15699 0.706469 0.158503 0.720373 0.250561 0.713078 0.230722 0.70946 0.628642 0.716043 0.630196 0.725912 0.627079 0.726075 0.15699 0.706469 0.129595 0.70941 0.146656 0.709649 0.147029 0.704063 0.146656 0.709649 0.129595 0.70941 0.153544 0.683982 0.15699 0.706469 0.154962 0.670247 0.622545 0.429604 0.628363 0.428229 0.628368 0.431543 0.15699 0.706469 0.153544 0.683982 0.153505 0.68597 0.209843 0.76356 0.216994 0.761963 0.217075 0.764394 0.155681 0.641954 0.15699 0.706469 0.210735 0.602148 0.233886 0.700073 0.231159 0.640875 0.210735 0.602148 0.15699 0.706469 0.230722 0.70946 0.210735 0.602148 0.231159 0.640875 0.233886 0.700073 0.233121 0.667189 0.230722 0.70946 0.233886 0.700073 0.210735 0.602148 0.680645 0.865646 0.683812 0.839226 0.705348 0.846322 0.842725 0.638906 0.782398 0.639091 0.824414 0.640283 0.824414 0.640283 0.816967 0.640085 0.81937 0.640387 0.149263 0.684164 0.153709 0.667114 0.148397 0.668739 0.816967 0.640085 0.800874 0.640232 0.824414 0.640283 0.800874 0.640232 0.782398 0.639091 0.824414 0.640283 0.731258 0.020629 0.683036 0.015815 0.698455 0.022303 0.147029 0.704063 0.153505 0.68597 0.148351 0.685848 0.731258 0.020629 0.73336 0.015815 0.683036 0.015815 0.836759 0.646488 0.81916 0.64553 0.824414 0.640283 0.149263 0.684164 0.153544 0.683982 0.153709 0.667114 0.868992 0.881301 0.871321 0.881549 0.871268 0.886658 0.974432 0.676805 0.973614 0.678795 0.971997 0.676805 0.986684 0.405109 0.991424 0.404537 0.986662 0.402859 0.81937 0.640387 0.81916 0.64553 0.824414 0.640283 0.868992 0.881301 0.871268 0.886658 0.869272 0.886427 0.031876 0.439148 0.02638 0.437551 0.026809 0.439832 0.15699 0.706469 0.153505 0.68597 0.147029 0.704063 0.148082 0.183403 0.176363 0.176007 0.11334 0.181508 0.669557 0.921103 0.660499 0.944903 0.664502 0.949091 0.660499 0.944903 0.664502 0.949091 0.663625 0.96152 0.340127 0.298183 0.343583 0.252664 0.340391 0.291669 0.153544 0.683982 0.154962 0.670247 0.153709 0.667114 0.313864 0.829278 0.313718 0.826845 0.318475 0.828551 0.055601 0.161801 0.042614 0.161801 0.048398 0.162128 0.343583 0.252664 0.340391 0.291669 0.340635 0.274681 0.986662 0.402859 0.991424 0.404537 0.991477 0.402676 0.342893 0.319694 0.343583 0.252664 0.340127 0.298183 0.343583 0.252664 0.340391 0.273009 0.335627 0.270073 0.343583 0.252664 0.334182 0.255111 0.335627 0.270073 0.340127 0.298183 0.333938 0.316241 0.342893 0.319694 0.624756 0.441799 0.624553 0.606686 0.495471 0.454149 0.624553 0.606686 0.497119 0.60754 0.495471 0.454149 0.293869 0.395664 0.306871 0.270513 0.304283 0.396293 0.304283 0.396293 0.306871 0.270513 0.305448 0.414346 0.005557 0.93641 0.264277 0.966336 0.037249 0.922296 0.838613 0.798437 0.824097 0.797354 0.838205 0.663938 0.824097 0.797354 0.82382 0.651921 0.838205 0.663938 0.005557 0.93641 0.037249 0.922296 0.022815 0.920137 0.021096 0.905098 0.010569 0.737647 0.019042 0.920643 0.010569 0.737647 0.005557 0.93641 0.019042 0.920643 0.160164 0.009917 0.18472 0.009844 0.177273 0.011572 0.722837 0.414992 0.724903 0.428722 0.725016 0.412608 0.891245 0.555419 0.884547 0.578666 0.875094 0.588025 0.875094 0.588025 0.884547 0.578666 0.883676 0.596091 0.649566 0.240708 0.638904 0.245119 0.654532 0.230972 0.651731 0.258161 0.638904 0.245119 0.649566 0.240708 0.256175 0.28058 0.265404 0.273725 0.248488 0.271656 0.243729 0.291224 0.262773 0.284349 0.256175 0.28058 0.248488 0.271656 0.243729 0.291224 0.256175 0.28058 0.241414 0.271135 0.243729 0.291224 0.248488 0.271656 0.373375 0.965086 0.375648 0.966787 0.396177 0.965774 0.034721 0.543633 0.05391 0.541991 0.053099 0.539113 0.756445 0.934693 0.737668 0.935127 0.741746 0.937335 0.217127 0.273963 0.223723 0.294879 0.241414 0.271135 0.789556 0.704926 0.789354 0.720874 0.788378 0.702171 0.223723 0.294879 0.243729 0.291224 0.241414 0.271135 0.003663 0.214869 0.040848 0.213021 0.019839 0.213039 0.917476 0.214724 0.902239 0.210656 0.918304 0.204413 0.665108 0.019593 0.665513 0.003745 0.651195 0.003729 0.665108 0.019593 0.651195 0.003729 0.651273 0.0197 0.00145 0.22604 0.15484 0.232344 0.139245 0.226689 0.902257 0.221773 0.902239 0.210656 0.917476 0.214724 0.694219 0.828001 0.772936 0.698783 0.772219 0.82823 0.045995 0.442951 0.035458 0.444675 0.060121 0.445814 0.915887 0.749671 0.915763 0.747364 0.90138 0.747364 0.442634 0.929737 0.446726 0.932031 0.44431 0.932243 0.437 0.963655 0.430784 0.960745 0.445388 0.969692 0.868616 0.546947 0.868701 0.542412 0.868835 0.556318 0.883676 0.596091 0.875094 0.588025 0.907973 0.62387 0.457861 0.352001 0.457581 0.331025 0.460092 0.326967 0.032873 0.344882 0.026022 0.344797 0.032143 0.348318 0.265558 0.729526 0.270249 0.73309 0.272426 0.732681 0.270249 0.73309 0.269399 0.733069 0.266136 0.731445 0.253179 0.269065 0.252146 0.271235 0.265404 0.273725 0.724116 0.478763 0.727311 0.474736 0.726599 0.476509 0.727311 0.474736 0.724116 0.478763 0.716391 0.460268 0.870128 0.538665 0.873977 0.538353 0.874765 0.541628 0.874765 0.541628 0.868835 0.556318 0.870128 0.538665 0.868835 0.556318 0.868701 0.542412 0.870128 0.538665 0.724168 0.470416 0.727628 0.472809 0.727311 0.474736 0.182868 0.010168 0.18472 0.009844 0.177273 0.011572 0.024896 0.206601 0.019126 0.206648 0.021424 0.204399 0.724168 0.470416 0.727311 0.474736 0.716391 0.460268 0.909025 0.010705 0.894696 0.009327 0.897199 0.011461 0.266161 0.730346 0.270249 0.73309 0.265558 0.729526 0.270249 0.73309 0.266161 0.730346 0.266136 0.731445 0.032143 0.348318 0.027424 0.347289 0.026022 0.344797 0.357939 0.755133 0.364448 0.855731 0.364385 0.73968 0.690207 0.600403 0.691079 0.592211 0.689917 0.520518 0.689917 0.520518 0.690207 0.600403 0.687248 0.597114 0.364241 0.901381 0.364563 0.85872 0.364448 0.855731 0.690875 0.522173 0.691079 0.592211 0.689917 0.520518 0.688583 0.534184 0.687248 0.597114 0.681384 0.536608 0.364385 0.73968 0.369639 0.854753 0.364448 0.855731 0.375699 0.926733 0.370609 0.797624 0.364385 0.73968 0.364448 0.855731 0.357939 0.755133 0.364241 0.901381 0.878968 0.840319 0.872809 0.856944 0.882267 0.827992 0.498315 0.399362 0.480524 0.389995 0.472279 0.328132 0.827303 0.846964 0.827484 0.817069 0.825773 0.816274 0.398945 0.075379 0.385009 0.072055 0.398945 0.076592 0.827303 0.846964 0.823204 0.839445 0.825773 0.816274 0.329919 0.920546 0.352025 0.915652 0.314839 0.910593 0.459174 0.674769 0.464488 0.596441 0.45315 0.646251 0.445956 0.651019 0.425878 0.708442 0.450024 0.704452 0.318523 0.854426 0.327733 0.87354 0.330527 0.872198 0.450024 0.704452 0.461613 0.728705 0.461693 0.680246 0.489213 0.493131 0.487743 0.513042 0.488712 0.482127 0.318523 0.854426 0.323684 0.8473 0.330527 0.872198 0.974219 0.89574 0.961075 0.899737 0.959272 0.896515 0.425878 0.708442 0.445956 0.651019 0.428919 0.629339 0.425803 0.642239 0.425878 0.708442 0.428919 0.629339 0.872809 0.856944 0.875869 0.855504 0.878968 0.840319 0.461693 0.680246 0.461613 0.728705 0.464556 0.68305 0.877254 0.634228 0.865876 0.638372 0.910093 0.627027 0.698702 0.458486 0.698757 0.476734 0.700528 0.459814 0.009037 0.196959 0.019924 0.200942 0.002149 0.196793 0.009037 0.196959 0.002149 0.196793 0.001891 0.193348 0.732408 0.334594 0.74276 0.336537 0.736045 0.382553 0.74276 0.336537 0.740267 0.391156 0.736045 0.382553 0.018995 0.199171 0.022474 0.197927 0.060633 0.192755 0.018995 0.199171 0.060633 0.192755 0.019924 0.200942 0.712423 0.942839 0.754367 0.970912 0.752252 0.973792 0.729908 0.38636 0.736045 0.382553 0.740267 0.391156 0.019924 0.200942 0.018995 0.199171 0.009037 0.196959 0.814526 0.982559 0.802467 0.98456 0.818485 0.98419 0.732408 0.334594 0.736045 0.382553 0.730759 0.379082 0.949696 0.742089 0.943178 0.718052 0.949099 0.736537 0.74271 0.528583 0.740267 0.391156 0.739525 0.465513 0.698757 0.476734 0.701791 0.489994 0.700883 0.490726 0.208308 0.129401 0.178492 0.168597 0.202497 0.150955 0.647307 0.028117 0.639951 0.027256 0.613894 0.026829 0.865876 0.638372 0.913528 0.629053 0.910093 0.627027 0.76134 0.903082 0.784404 0.90092 0.765619 0.90028 0.872809 0.856944 0.870563 0.844293 0.882267 0.827992 0.992723 0.26776 0.991134 0.278928 0.98941 0.265566 0.712423 0.942839 0.706419 0.92708 0.754367 0.970912 0.706419 0.92708 0.754367 0.970912 0.722889 0.947796 0.103344 0.183562 0.11334 0.181508 0.100683 0.184951 0.525892 0.223243 0.531958 0.226513 0.546594 0.221735 0.050777 0.289433 0.054501 0.251972 0.047629 0.295084 0.042614 0.280367 0.054501 0.251972 0.047629 0.295084 0.96106 0.684476 0.962512 0.675311 0.96266 0.691181 0.075884 0.353706 0.072733 0.349506 0.0736 0.357566 0.27451 0.956672 0.275322 0.953707 0.269481 0.947423 0.115354 0.71349 0.121184 0.718796 0.118025 0.688732 0.280786 0.030699 0.281166 0.033658 0.313261 0.033971 0.118025 0.688732 0.115354 0.71349 0.113077 0.690334 0.11334 0.181508 0.074281 0.176676 0.07924 0.179395 0.087262 0.192637 0.070392 0.180193 0.084612 0.193951 0.107392 0.184905 0.070392 0.180193 0.087262 0.192637 0.084612 0.193951 0.070392 0.180193 0.084723 0.19545 0.084612 0.193951 0.084723 0.19545 0.085081 0.197537 0.087262 0.192637 0.084612 0.193951 0.085081 0.197537 0.11334 0.181508 0.07924 0.179395 0.100683 0.184951 0.07924 0.179395 0.100683 0.184951 0.070392 0.180193 0.239822 0.896717 0.212206 0.896306 0.248469 0.897282 0.248469 0.897282 0.212206 0.896306 0.154242 0.898553 0.772256 0.009367 0.739255 0.010025 0.748042 0.011009 0.793894 0.723829 0.794676 0.676851 0.793706 0.673917 0.799505 0.81849 0.796589 0.8182 0.794676 0.676851 0.796589 0.8182 0.794676 0.676851 0.793894 0.723829 0.100683 0.184951 0.070392 0.180193 0.107392 0.184905 0.311624 0.889666 0.312906 0.889506 0.312625 0.833791 0.683921 0.49858 0.695606 0.509239 0.697216 0.514092 0.154242 0.898553 0.212206 0.896306 0.154073 0.896289 0.310784 0.834156 0.311624 0.889666 0.312625 0.833791 0.72264 0.349115 0.718667 0.349778 0.725417 0.345963 0.769922 0.169531 0.829977 0.1691 0.826276 0.170276 0.772256 0.009367 0.772713 0.007714 0.739255 0.010025 0.854302 0.868208 0.853876 0.879303 0.852184 0.871332 0.005639 0.728309 0.003393 0.726667 0.004912 0.721854 0.79866 0.672294 0.798941 0.670652 0.793706 0.673917 0.814735 0.778503 0.812341 0.785119 0.812973 0.774133 0.005263 0.164912 0.00364 0.165881 0.002625 0.165421 0.79928 0.672655 0.798965 0.679511 0.79866 0.672294 0.214113 0.001886 0.239129 0.004407 0.238662 0.002581 0.120494 0.824123 0.215461 0.824309 0.216165 0.823545 0.293271 0.072287 0.196399 0.072655 0.20734 0.075296 0.293271 0.072287 0.20734 0.075296 0.293288 0.07394 0.11334 0.181508 0.074281 0.176676 0.176363 0.176007 0.78871 0.673749 0.780562 0.690319 0.780438 0.690197 0.215461 0.824309 0.131096 0.82587 0.120494 0.824123 0.78871 0.673749 0.780438 0.690197 0.789512 0.671168 0.923269 0.258274 0.925003 0.264077 0.943122 0.269846 0.727782 0.676361 0.731739 0.651684 0.736293 0.664252 0.727782 0.676361 0.736293 0.664252 0.730163 0.682507 0.999389 0.690343 0.998281 0.692338 0.986801 0.68897 0.793706 0.673917 0.789512 0.671168 0.794045 0.669983 0.002625 0.165421 0.01162 0.1712 0.006522 0.172567 0.998281 0.692338 0.986652 0.690819 0.99849 0.694337 0.986652 0.690819 0.998281 0.692338 0.986801 0.68897 0.655436 0.450326 0.65564 0.438326 0.657062 0.450031 0.62897 0.613349 0.628967 0.637403 0.627543 0.612416 0.047629 0.295084 0.050777 0.289433 0.055618 0.301292 0.343583 0.252664 0.433211 0.247389 0.343342 0.247757 0.311621 0.402061 0.312906 0.345093 0.312906 0.397782 0.108319 0.243161 0.009472 0.242925 0.036682 0.246666 0.091474 0.309952 0.025623 0.301857 0.107083 0.322755 0.630359 0.456207 0.632785 0.459084 0.635627 0.474362 0.319326 0.02975 0.313261 0.033971 0.326637 0.024462 0.446827 0.512771 0.438856 0.517707 0.447563 0.517051 0.319326 0.02975 0.325509 0.023925 0.326637 0.024462 0.036682 0.246666 0.017976 0.272886 0.025609 0.27565 0.017976 0.272886 0.007803 0.311527 0.023339 0.278782 0.025609 0.27565 0.019863 0.295375 0.023854 0.297437 0.019863 0.295375 0.007803 0.311527 0.025623 0.301857 0.019863 0.295375 0.025609 0.27565 0.007803 0.311527 0.036682 0.246666 0.025609 0.27565 0.025623 0.301857 0.023339 0.278782 0.007803 0.311527 0.025609 0.27565 0.025609 0.27565 0.023854 0.297437 0.025623 0.301857 0.009472 0.242925 0.017976 0.272886 0.036682 0.246666 0.025623 0.301857 0.007803 0.311527 0.107083 0.322755 0.422802 0.917001 0.413545 0.905544 0.446353 0.943994 0.43152 0.937465 0.413545 0.905544 0.446353 0.943994 0.575094 0.939644 0.571136 0.936406 0.572721 0.940512 0.055618 0.301292 0.050777 0.289433 0.055556 0.2983 0.047629 0.295084 0.055618 0.301292 0.054449 0.303471 0.17086 0.234956 0.170049 0.235604 0.170049 0.233982 0.148679 0.038487 0.169567 0.034172 0.132459 0.038262 0.909643 0.162531 0.910354 0.17516 0.913782 0.178516 0.34835 0.651164 0.35172 0.648354 0.346271 0.635122 0.038532 0.892103 0.250119 0.891505 0.094623 0.891057 0.094623 0.891057 0.038532 0.892103 0.069796 0.891232 0.207022 0.941605 0.335285 0.928606 0.245952 0.944404 0.038532 0.892103 0.087627 0.899838 0.250119 0.891505 0.661276 0.444961 0.665401 0.473007 0.683921 0.49858 0.667542 0.483083 0.661276 0.444961 0.683921 0.49858 0.483872 0.963309 0.473924 0.959842 0.484968 0.609447 0.966773 0.926644 0.968722 0.95919 0.965215 0.951835 0.279887 0.953834 0.330743 0.953364 0.275322 0.953707 0.699759 0.37715 0.72264 0.349115 0.718667 0.349778 0.72264 0.349115 0.699344 0.396013 0.699759 0.37715 0.296981 0.960809 0.330743 0.953364 0.275322 0.953707 0.413545 0.905544 0.41783 0.90104 0.422802 0.917001 0.630064 0.104599 0.578627 0.111943 0.631013 0.107258 0.469751 0.767219 0.477144 0.787208 0.472774 0.758568 0.425368 0.851063 0.413545 0.905544 0.41783 0.90104 0.699344 0.396013 0.708705 0.462009 0.698031 0.429781 0.699344 0.396013 0.698031 0.429781 0.699759 0.37715 0.877481 0.717648 0.888486 0.738888 0.873447 0.694458 0.630064 0.104599 0.505664 0.104826 0.578627 0.111943 0.474563 0.603212 0.472774 0.758568 0.47324 0.657401 0.965289 0.482838 0.96352 0.49722 0.965548 0.480744 0.965548 0.480744 0.96352 0.49722 0.964857 0.43902 0.971378 0.465297 0.965548 0.480744 0.965655 0.464412 0.971127 0.481424 0.965548 0.480744 0.971378 0.465297 0.965655 0.464412 0.965548 0.480744 0.964857 0.43902 0.355155 0.712662 0.345547 0.680989 0.34907 0.724576 0.34907 0.724576 0.345547 0.680989 0.345104 0.67737 0.34907 0.724576 0.399271 0.726712 0.355155 0.712662 0.614894 0.041574 0.656096 0.040629 0.627228 0.044201 0.434567 0.879266 0.436792 0.842865 0.436944 0.853841 0.437464 0.908896 0.434567 0.879266 0.436944 0.853841 0.323684 0.8473 0.318523 0.854426 0.337366 0.812434 0.345547 0.680989 0.35172 0.648354 0.34835 0.651164 0.379678 0.708401 0.399271 0.726712 0.410909 0.66123 0.361903 0.712875 0.399271 0.726712 0.379678 0.708401 0.094623 0.891057 0.250119 0.891505 0.136773 0.890919 0.450024 0.704452 0.425878 0.708442 0.399271 0.726712 0.399271 0.726712 0.425878 0.708442 0.416054 0.710171 0.416054 0.710171 0.416395 0.703869 0.399271 0.726712 0.399271 0.726712 0.461613 0.728705 0.450024 0.704452 0.009483 0.411871 0.045699 0.468859 0.046116 0.477649 0.012214 0.42572 0.045699 0.468859 0.009483 0.411871 0.774607 0.213366 0.824024 0.214828 0.781345 0.211805 0.046116 0.477649 0.045699 0.468859 0.051781 0.484716 0.907222 0.157369 0.910354 0.17516 0.909643 0.162531 0.59722 0.024989 0.553107 0.026948 0.601118 0.026855 0.598833 0.168981 0.666609 0.175843 0.529955 0.16044 0.869146 0.321481 0.881637 0.310309 0.869016 0.302805 0.495471 0.454149 0.477818 0.458655 0.472575 0.436968 0.859909 0.30826 0.869146 0.321481 0.869016 0.302805 0.529955 0.16044 0.666609 0.175843 0.666639 0.161005 0.31631 0.505881 0.427989 0.50324 0.317976 0.488453 0.317976 0.488453 0.427989 0.50324 0.329343 0.488148 0.329343 0.488148 0.427989 0.50324 0.324722 0.480619 0.316248 0.334389 0.31781 0.40201 0.329599 0.40437 0.316248 0.334389 0.31631 0.505881 0.31781 0.40201 0.31631 0.505881 0.317976 0.488453 0.31781 0.40201 0.927319 0.966288 0.959599 0.969271 0.917162 0.9694 0.715663 0.658764 0.716208 0.668694 0.712657 0.650372 0.952569 0.964539 0.959599 0.969271 0.950114 0.966983 0.231159 0.640875 0.26579 0.602312 0.218674 0.603822 0.25171 0.671955 0.270521 0.636516 0.26579 0.602312 0.087262 0.192637 0.085759 0.201541 0.086065 0.19794 0.233121 0.667189 0.238291 0.686001 0.238191 0.66852 0.932351 0.031658 0.916664 0.031212 0.934344 0.031797 0.435538 0.302535 0.433211 0.247389 0.431856 0.318083 0.026407 0.862882 0.03255 0.835872 0.030557 0.837759 0.964534 0.703646 0.967484 0.710303 0.964648 0.71049 0.534299 0.91881 0.558056 0.952102 0.535846 0.923882 0.625905 0.922834 0.624345 0.928508 0.623372 0.900229 0.985708 0.066707 0.982158 0.094541 0.986245 0.070801 0.964648 0.71049 0.967484 0.710303 0.96827 0.736021 0.707053 0.291919 0.72019 0.298408 0.707036 0.298346 0.247001 0.678282 0.26579 0.602312 0.239957 0.642895 0.436376 0.318565 0.435538 0.302535 0.431856 0.318083 0.774089 0.292354 0.773131 0.275514 0.771824 0.275718 0.425827 0.278764 0.425179 0.29778 0.424961 0.291953 0.425827 0.278764 0.425179 0.29778 0.426382 0.31483 0.23786 0.659404 0.23825 0.663374 0.239957 0.642895 0.239957 0.642895 0.23786 0.659404 0.233547 0.660116 0.407568 0.12206 0.405438 0.123471 0.407541 0.12397 0.426382 0.31483 0.425179 0.29778 0.424593 0.298796 0.253653 0.553528 0.253793 0.551095 0.259047 0.551931 0.945211 0.474047 0.949018 0.478913 0.950081 0.474047 0.380098 0.044434 0.388393 0.044416 0.388393 0.04697 0.239957 0.642895 0.233547 0.660116 0.231159 0.640875 0.239957 0.642895 0.26579 0.602312 0.241363 0.636394 0.749965 0.073888 0.743937 0.075612 0.74417 0.072627 0.217144 0.044205 0.228123 0.046147 0.217212 0.047445 0.241363 0.636394 0.26579 0.602312 0.231159 0.640875 0.233886 0.700073 0.247001 0.678282 0.239957 0.642895 0.241266 0.707045 0.247001 0.678282 0.233886 0.700073 0.916664 0.031212 0.908356 0.032461 0.95799 0.028924 0.95799 0.028924 0.934344 0.031797 0.916664 0.031212 0.238188 0.684009 0.233121 0.667189 0.238291 0.686001 0.251599 0.700204 0.25171 0.671955 0.247001 0.678282 0.249452 0.701848 0.251599 0.700204 0.247001 0.678282 0.160844 0.19013 0.150788 0.190457 0.17885 0.191683 0.678166 0.391322 0.675931 0.361014 0.675394 0.380033 0.248845 0.067081 0.218913 0.067721 0.191307 0.059412 0.675931 0.361014 0.677907 0.339579 0.674603 0.356544 0.675931 0.361014 0.674603 0.356544 0.675394 0.380033 0.618394 0.615772 0.612313 0.614669 0.590248 0.618479 0.247001 0.678282 0.25171 0.671955 0.26579 0.602312 0.98877 0.789752 0.987145 0.793394 0.986597 0.788225 0.986597 0.788225 0.987145 0.793394 0.986878 0.792436 0.08775 0.021188 0.095249 0.020787 0.091468 0.024032 0.233121 0.667189 0.233886 0.700073 0.238188 0.684009 0.250561 0.713078 0.247001 0.678282 0.241266 0.707045 0.988838 0.490732 0.985251 0.506969 0.986802 0.508691 0.433211 0.247389 0.427167 0.252139 0.431856 0.318083 0.988449 0.540409 0.985251 0.506969 0.986802 0.508691 0.988449 0.540409 0.986802 0.508691 0.989748 0.540567 0.427404 0.289909 0.427167 0.252139 0.426428 0.274313 0.774875 0.04081 0.773133 0.038841 0.775568 0.038524 0.425827 0.278764 0.424961 0.291953 0.42484 0.290204 0.465705 0.049878 0.460747 0.049878 0.465996 0.052051 0.478579 0.277879 0.479302 0.282644 0.47707 0.282421 0.766571 0.023651 0.775453 0.026338 0.762581 0.023114 0.006952 0.729994 0.005639 0.728309 0.008035 0.729917 0.087262 0.192637 0.085081 0.197537 0.085759 0.201541 0.005639 0.728309 0.004912 0.721854 0.008035 0.729917 0.006952 0.729994 0.008035 0.729917 0.010958 0.733577 0.98877 0.789752 0.989004 0.800081 0.987145 0.793394 0.413137 0.320339 0.342893 0.319694 0.413686 0.328396 0.413686 0.328396 0.342893 0.319694 0.332438 0.326556 0.967484 0.710303 0.969423 0.73262 0.96827 0.736021 0.465996 0.052051 0.460747 0.049878 0.460633 0.051925 0.420449 0.291316 0.424961 0.291953 0.425179 0.29778 0.425179 0.29778 0.420449 0.291316 0.420465 0.298847 0.380098 0.044434 0.388393 0.04697 0.380008 0.047342 0.426382 0.31483 0.424593 0.298796 0.420465 0.298847 0.417819 0.317263 0.426382 0.31483 0.420465 0.298847 0.233121 0.667189 0.233547 0.660116 0.231159 0.640875 0.41986 0.322651 0.435212 0.327429 0.418007 0.328657 0.489574 0.928325 0.4903 0.937936 0.491429 0.92859 0.850611 0.411615 0.841196 0.395738 0.844876 0.407574 0.84715 0.37717 0.848912 0.37856 0.841196 0.395738 0.990203 0.027159 0.990802 0.013151 0.9923 0.023505 0.902274 0.649536 0.90286 0.639247 0.900597 0.643235 0.848912 0.37856 0.841196 0.395738 0.841567 0.3893 0.555529 0.907727 0.534299 0.91881 0.553614 0.904855 0.534299 0.91881 0.539133 0.906981 0.553614 0.904855 0.42484 0.290204 0.425827 0.278764 0.420449 0.291316 0.420415 0.274226 0.424945 0.273058 0.420449 0.291316 0.417933 0.254685 0.427167 0.252139 0.424945 0.273058 0.420449 0.291316 0.425827 0.278764 0.420415 0.274226 0.72345 0.292995 0.72019 0.298408 0.707053 0.291919 0.160844 0.19013 0.151173 0.190375 0.150788 0.190457 0.905598 0.038667 0.906718 0.038524 0.905881 0.040681 0.53125 0.004461 0.532 0.00365 0.532873 0.004461 0.986071 0.793573 0.987145 0.793394 0.986878 0.792436 0.150119 0.189764 0.151784 0.188564 0.160844 0.19013 0.986878 0.792436 0.986071 0.793573 0.984984 0.791729 0.898271 0.03853 0.905881 0.040681 0.905598 0.038667 0.360833 0.971262 0.354129 0.973289 0.351565 0.972522 0.426428 0.274313 0.427167 0.252139 0.424945 0.273058 0.808247 0.427889 0.808847 0.416046 0.8054 0.426533 0.959599 0.969271 0.95 0.954976 0.952319 0.943929 0.955521 0.920448 0.959599 0.969271 0.952352 0.942933 0.955521 0.920448 0.952352 0.942933 0.944484 0.938445 0.955521 0.920448 0.944484 0.938445 0.948742 0.929184 0.955521 0.920448 0.941782 0.925859 0.917173 0.917163 0.122768 0.257903 0.168425 0.238848 0.128858 0.239313 0.927319 0.966288 0.917097 0.960356 0.924225 0.956759 0.107037 0.418897 0.107549 0.419708 0.106737 0.419708 0.963063 0.148824 0.964222 0.148524 0.962848 0.14694 0.056508 0.434341 0.054299 0.435915 0.052817 0.434655 0.962848 0.14694 0.964222 0.148524 0.964692 0.146391 0.978566 0.705275 0.976449 0.695369 0.981268 0.706211 0.052703 0.433961 0.056508 0.434341 0.052817 0.434655 0.962256 0.146391 0.963063 0.148824 0.962848 0.14694 0.978566 0.705275 0.978527 0.705818 0.981268 0.706211 0.980925 0.172344 0.981737 0.171786 0.980925 0.1691 0.874849 0.030414 0.874594 0.029603 0.875406 0.029603 0.978566 0.705275 0.978527 0.705818 0.977087 0.704349 0.962848 0.14694 0.964692 0.146391 0.962808 0.14666 0.976449 0.695369 0.977087 0.704349 0.978321 0.72149 0.680396 0.027981 0.678977 0.025547 0.692707 0.026447 0.109029 0.020801 0.091468 0.024032 0.097736 0.024693 0.977477 0.732925 0.978321 0.72149 0.980631 0.717349 0.978321 0.72149 0.977087 0.704349 0.980631 0.717349 0.976449 0.695369 0.974046 0.702008 0.978321 0.72149 0.375898 0.204016 0.373005 0.204049 0.37457 0.21399 0.038855 0.881852 0.271975 0.880269 0.038812 0.863967 0.272208 0.863759 0.038812 0.863967 0.271975 0.880269 0.263393 0.009286 0.235635 0.009419 0.234796 0.013559 0.919085 0.858976 0.947646 0.841957 0.947537 0.886885 0.918404 0.841431 0.946778 0.842456 0.919085 0.858976 0.917362 0.879945 0.919085 0.858976 0.947537 0.886885 0.536194 0.366735 0.598984 0.341217 0.599098 0.36097 0.536194 0.366735 0.536618 0.342471 0.598984 0.341217 0.869274 0.908438 0.871338 0.90318 0.869289 0.903288 0.078741 0.217972 0.074037 0.220104 0.078614 0.220074 0.073791 0.217819 0.078741 0.217972 0.074037 0.220104 0.052441 0.207414 0.070211 0.207218 0.067645 0.210462 0.987792 0.480966 0.98985 0.481157 0.989445 0.486604 0.981786 0.895352 0.986485 0.89517 0.981737 0.89335 0.879154 0.267581 0.881174 0.267234 0.88034 0.274489 0.682098 0.438571 0.683847 0.437811 0.682528 0.436431 0.335853 0.688888 0.334743 0.711749 0.337233 0.681921 0.284202 0.946923 0.288023 0.945383 0.287146 0.943734 0.845415 0.804813 0.847808 0.809813 0.845646 0.760928 0.825483 0.509656 0.830998 0.508285 0.832278 0.50831 0.825483 0.509656 0.832278 0.50831 0.853832 0.510322 0.831948 0.50382 0.853832 0.510322 0.832278 0.50831 0.845415 0.804813 0.845646 0.760928 0.844033 0.788397 0.843828 0.789327 0.845415 0.804813 0.844033 0.788397 0.209821 0.887197 0.212074 0.886753 0.210641 0.888483 0.830998 0.508285 0.824277 0.504255 0.830706 0.504305 0.809431 0.50924 0.824213 0.507069 0.808433 0.503633 0.987792 0.480966 0.987544 0.486272 0.989445 0.486604 0.505714 0.248386 0.490706 0.24825 0.506088 0.254258 0.830998 0.508285 0.825483 0.509656 0.824277 0.504255 0.216555 0.26113 0.211126 0.25193 0.22901 0.253439 0.096855 0.084695 0.039122 0.052497 0.035547 0.085299 0.277576 0.257786 0.216555 0.26113 0.22901 0.253439 0.277576 0.257786 0.22901 0.253439 0.260719 0.252929 0.097947 0.054568 0.039122 0.052497 0.096855 0.084695 0.598965 0.38099 0.536084 0.384123 0.536194 0.366735 0.238136 0.14713 0.219989 0.089478 0.264945 0.11426 0.219989 0.089478 0.238136 0.14713 0.22003 0.148658 0.264945 0.11426 0.219989 0.089478 0.292271 0.089933 0.334743 0.711749 0.335853 0.688888 0.327906 0.683471 0.536194 0.366735 0.599098 0.36097 0.598965 0.38099 0.833707 0.042271 0.78146 0.041574 0.835942 0.042015 0.609853 0.401704 0.614023 0.413166 0.609554 0.339652 0.614023 0.413166 0.614018 0.327593 0.609554 0.339652 0.472279 0.328132 0.608727 0.332735 0.614018 0.327593 0.444232 0.336208 0.316248 0.334389 0.42827 0.351639 0.316248 0.334389 0.329599 0.40437 0.42827 0.351639 0.835942 0.042015 0.78146 0.041574 0.86216 0.041773 0.52664 0.400401 0.614023 0.413166 0.608787 0.407173 0.399416 0.946428 0.385147 0.946616 0.389705 0.801019 0.845532 0.954986 0.847738 0.836744 0.847702 0.973235 0.845532 0.954986 0.844792 0.85626 0.847738 0.836744 0.83544 0.856135 0.844792 0.85626 0.845532 0.954986 0.833201 0.954492 0.83544 0.856135 0.845532 0.954986 0.021096 0.905098 0.020745 0.761483 0.010569 0.737647 0.737406 0.218227 0.765535 0.19969 0.629657 0.199654 0.737406 0.218227 0.629739 0.218124 0.629657 0.199654 0.290887 0.33281 0.297484 0.330495 0.262127 0.330934 0.010486 0.272448 0.007803 0.311527 0.017976 0.272886 0.009472 0.242925 0.009764 0.269663 0.012391 0.267458 0.012391 0.267458 0.009472 0.242925 0.017976 0.272886 0.413137 0.320339 0.343583 0.252664 0.342893 0.319694 0.413137 0.320339 0.417933 0.254685 0.343583 0.252664 0.49134 0.114181 0.507507 0.112621 0.462239 0.113382 0.49134 0.114181 0.462239 0.113382 0.477815 0.115257 0.417933 0.254685 0.413137 0.320339 0.417819 0.317263 0.599872 0.880339 0.599486 0.883948 0.562715 0.882965 0.908024 0.711846 0.905161 0.677796 0.905122 0.711728 0.908024 0.711846 0.909011 0.677819 0.905161 0.677796 0.052534 0.378197 0.052628 0.406912 0.050438 0.378411 0.261725 0.822439 0.262038 0.825473 0.225675 0.825117 0.225675 0.825117 0.261725 0.822439 0.225345 0.822565 0.777789 0.800219 0.77808 0.850894 0.777175 0.814396 0.420449 0.291316 0.424945 0.273058 0.417933 0.254685 0.433211 0.247389 0.418015 0.248224 0.427167 0.252139 0.417933 0.254685 0.417708 0.24889 0.343583 0.252664 0.946256 0.592344 0.946133 0.590024 0.947994 0.590752 0.335583 0.292178 0.340391 0.291669 0.340127 0.298183 0.340391 0.291669 0.340635 0.274681 0.335833 0.274946 0.335956 0.29998 0.335621 0.298006 0.333938 0.316241 0.340127 0.298183 0.335583 0.292178 0.335621 0.298006 0.969561 0.220108 0.970232 0.218227 0.970948 0.225872 0.335833 0.274946 0.340391 0.291669 0.335503 0.290372 0.335621 0.298006 0.335583 0.292178 0.333938 0.316241 0.745444 0.127613 0.745055 0.112094 0.74652 0.134541 0.745055 0.112094 0.747057 0.097002 0.74652 0.134541 0.333938 0.316241 0.343342 0.247757 0.330705 0.319257 0.333938 0.316241 0.334182 0.255111 0.343342 0.247757 0.340127 0.298183 0.335956 0.29998 0.333938 0.316241 0.617289 0.427818 0.599871 0.431062 0.596997 0.427818 0.841113 0.842674 0.832752 0.832945 0.847738 0.836744 0.1667 0.98717 0.166602 0.972807 0.039686 0.972411 0.485275 0.411673 0.628589 0.424025 0.498315 0.399362 0.495471 0.454149 0.472575 0.436968 0.624756 0.441799 0.434791 0.157378 0.512465 0.155717 0.486915 0.15504 0.499759 0.162973 0.434791 0.157378 0.512465 0.155717 0.480573 0.168151 0.461718 0.168601 0.466837 0.163815 0.466837 0.163815 0.441936 0.16135 0.499759 0.162973 0.2939 0.053388 0.299735 0.055238 0.299636 0.053454 0.848336 0.976412 0.843967 0.978199 0.843748 0.976412 0.357471 0.9644 0.355925 0.965524 0.357183 0.967153 0.358937 0.965697 0.357471 0.9644 0.357183 0.967153 0.484445 0.163968 0.466837 0.163815 0.499759 0.162973 0.499759 0.162973 0.441936 0.16135 0.434791 0.157378 0.486915 0.15504 0.434791 0.157378 0.486268 0.154183 0.716213 0.614783 0.713209 0.614556 0.714638 0.624047 0.509569 0.212382 0.507116 0.170406 0.512028 0.225369 0.512465 0.155717 0.486915 0.15504 0.487764 0.154587 0.507116 0.170406 0.512465 0.155717 0.512028 0.225369 0.912018 0.513946 0.891456 0.521609 0.912646 0.516023 0.910354 0.17516 0.913782 0.178516 0.91599 0.182076 0.352066 0.703241 0.365061 0.642057 0.351631 0.645216 0.804237 0.68975 0.81517 0.695831 0.804193 0.687965 0.81517 0.695831 0.818711 0.700324 0.819399 0.693209 0.398635 0.619178 0.419218 0.620949 0.436077 0.622062 0.376109 0.633564 0.428919 0.629339 0.395443 0.622866 0.49893 0.100788 0.502841 0.1001 0.500383 0.098709 0.395443 0.622866 0.398635 0.619178 0.376109 0.633564 0.351631 0.645216 0.353776 0.627614 0.343159 0.614198 0.873194 0.613294 0.874728 0.61522 0.873664 0.623078 0.347822 0.634914 0.348136 0.635105 0.346271 0.635122 0.348136 0.635105 0.35172 0.648354 0.346271 0.635122 0.346373 0.632194 0.347822 0.634914 0.346271 0.635122 0.921838 0.785075 0.918969 0.783935 0.920833 0.784787 0.920833 0.784787 0.918969 0.783935 0.918219 0.785361 0.347874 0.634137 0.347822 0.634914 0.346373 0.632194 0.926542 0.785483 0.918969 0.783935 0.921838 0.785075 0.873664 0.623078 0.873259 0.623778 0.87473 0.62703 0.90138 0.089619 0.900568 0.093534 0.90138 0.095296 0.35172 0.648354 0.351631 0.645216 0.343159 0.614198 0.873194 0.613294 0.872159 0.620549 0.873664 0.623078 0.873349 0.622837 0.872159 0.620549 0.873664 0.623078 0.873349 0.622837 0.872159 0.620549 0.873259 0.623778 0.996859 0.718259 0.996717 0.71957 0.994494 0.721934 0.997198 0.717306 0.995763 0.706372 0.996859 0.718259 0.994494 0.721934 0.995763 0.706372 0.996859 0.718259 0.032652 0.469491 0.02948 0.469181 0.029206 0.470803 0.87473 0.62703 0.873664 0.623078 0.874728 0.61522 0.029206 0.470803 0.02948 0.469181 0.028692 0.470325 0.87473 0.62703 0.874728 0.61522 0.876218 0.627601 0.029206 0.470803 0.028692 0.470325 0.028003 0.46993 0.87473 0.62703 0.874204 0.62746 0.876218 0.627601 0.874204 0.62746 0.876218 0.627601 0.87497 0.628143 0.041063 0.829278 0.036932 0.827656 0.041802 0.827656 0.341366 0.628007 0.345143 0.633685 0.344945 0.630613 0.996583 0.726837 0.997971 0.719012 0.994494 0.721934 0.376109 0.633564 0.398635 0.619178 0.369439 0.622633 0.376109 0.633564 0.365562 0.636413 0.370643 0.625187 0.81517 0.695831 0.804193 0.687965 0.819399 0.693209 0.343159 0.614198 0.398635 0.619178 0.436077 0.622062 0.369439 0.622633 0.398635 0.619178 0.343159 0.614198 0.562749 0.044359 0.472245 0.044312 0.562266 0.059225 0.485503 0.030743 0.462438 0.024364 0.457774 0.024721 0.660731 0.851852 0.661355 0.839677 0.663312 0.857948 0.562266 0.059225 0.472245 0.044312 0.473405 0.05914 0.376109 0.633564 0.416405 0.639506 0.428919 0.629339 0.50358 0.213057 0.509569 0.212382 0.507116 0.170406 0.872782 0.743515 0.874329 0.762937 0.874413 0.778515 0.438105 0.170551 0.441936 0.16135 0.466837 0.163815 0.063415 0.352291 0.06118 0.352084 0.063196 0.344201 0.0606 0.343591 0.06118 0.352084 0.063196 0.344201 0.879661 0.761879 0.872782 0.743515 0.874586 0.760622 0.872782 0.743515 0.874586 0.760622 0.874329 0.762937 0.759057 0.333062 0.753165 0.334929 0.759033 0.336066 0.872782 0.743515 0.880961 0.743277 0.879661 0.761879 0.410909 0.66123 0.376109 0.633564 0.375185 0.657879 0.103209 0.234838 0.113158 0.236696 0.103042 0.237828 0.438105 0.170551 0.460511 0.168785 0.466837 0.163815 0.480573 0.168151 0.438105 0.170551 0.460511 0.168785 0.507116 0.170406 0.438105 0.170551 0.480573 0.168151 0.002087 0.996336 0.003014 0.993917 0.004191 0.995143 0.507116 0.170406 0.480573 0.168151 0.499759 0.162973 0.960633 0.443228 0.95901 0.440392 0.960633 0.439173 0.2939 0.053388 0.293276 0.055716 0.299735 0.055238 0.461718 0.168601 0.460511 0.168785 0.480573 0.168151 0.758371 0.478212 0.760146 0.487024 0.757197 0.486442 0.874488 0.787194 0.872782 0.743515 0.872548 0.804606 0.002087 0.996336 0.003014 0.997161 0.004191 0.995143 0.881086 0.793333 0.87943 0.786425 0.874488 0.787194 0.879477 0.787618 0.881475 0.807431 0.874488 0.787194 0.881086 0.793333 0.881475 0.807431 0.879477 0.787618 0.879477 0.787618 0.87943 0.786425 0.881086 0.793333 0.912238 0.15515 0.912186 0.152968 0.916682 0.154495 0.061329 0.508782 0.066872 0.508606 0.066664 0.506521 0.912186 0.152968 0.916802 0.152963 0.916682 0.154495 0.061545 0.506555 0.061329 0.508782 0.066664 0.506521 0.874274 0.780784 0.874488 0.787194 0.872782 0.743515 0.874274 0.780784 0.881086 0.793333 0.874488 0.787194 0.874329 0.762937 0.88017 0.77923 0.874413 0.778515 0.874413 0.778515 0.874274 0.780784 0.872782 0.743515 0.874488 0.787194 0.881475 0.807431 0.872548 0.804606 0.427989 0.50324 0.428261 0.490353 0.324722 0.480619 0.324722 0.480619 0.329599 0.40437 0.324231 0.410316 0.329599 0.40437 0.324722 0.480619 0.446374 0.489923 0.329599 0.40437 0.446374 0.489923 0.42827 0.351639 0.446374 0.489923 0.324722 0.480619 0.428261 0.490353 0.834491 0.975372 0.828811 0.980988 0.837029 0.979213 0.570331 0.065464 0.558517 0.067727 0.556783 0.063438 0.947101 0.556433 0.946267 0.551426 0.953382 0.555771 0.448394 0.029711 0.45379 0.018772 0.448992 0.021127 0.837029 0.979213 0.793261 0.994354 0.825592 0.990128 0.804558 0.993199 0.793261 0.994354 0.837029 0.979213 0.727241 0.579162 0.731398 0.610081 0.725859 0.600377 0.003677 0.092223 0.021498 0.059582 0.011036 0.12048 0.028714 0.391161 0.024847 0.41967 0.030449 0.428397 0.731398 0.610081 0.727241 0.579162 0.737736 0.565812 0.006977 0.122974 0.003677 0.092223 0.011036 0.12048 0.988123 0.809229 0.986973 0.819035 0.987029 0.833639 0.880328 0.12149 0.880763 0.133986 0.88913 0.092922 0.880328 0.12149 0.88913 0.092922 0.887092 0.12548 0.887092 0.12548 0.88913 0.092922 0.889138 0.172669 0.838378 0.172396 0.875319 0.141241 0.877373 0.150069 0.880763 0.133986 0.875319 0.141241 0.838378 0.172396 0.880763 0.133986 0.887092 0.12548 0.877373 0.150069 0.838378 0.172396 0.877373 0.150069 0.889138 0.172669 0.02282 0.156873 0.012839 0.151131 0.026773 0.150293 0.948185 0.50358 0.955921 0.493171 0.953382 0.555771 0.948185 0.50358 0.953382 0.555771 0.946267 0.551426 0.897391 0.594264 0.898028 0.590861 0.901008 0.547232 0.898028 0.590861 0.900576 0.557247 0.901008 0.547232 0.352025 0.915652 0.354018 0.920244 0.329919 0.920546 0.344678 0.924007 0.354018 0.920244 0.329919 0.920546 0.51253 0.882696 0.497828 0.904927 0.507578 0.892199 0.497828 0.904927 0.498796 0.893309 0.51253 0.882696 0.452124 0.045247 0.448394 0.029711 0.45379 0.018772 0.650281 0.581267 0.656916 0.627518 0.649856 0.724642 0.276282 0.859804 0.056968 0.848254 0.039808 0.859819 0.056968 0.848254 0.272375 0.848161 0.276282 0.859804 0.650281 0.581267 0.656653 0.488741 0.656916 0.627518 0.25171 0.671955 0.270626 0.641647 0.270521 0.636516 0.25171 0.671955 0.270834 0.686623 0.270626 0.641647 0.266944 0.722103 0.270834 0.686623 0.255054 0.708823 0.255054 0.708823 0.270834 0.686623 0.25171 0.671955 0.330038 0.63622 0.327906 0.683471 0.327946 0.642839 0.336196 0.639235 0.338601 0.623058 0.330038 0.63622 0.628554 0.547377 0.630267 0.553251 0.631693 0.547411 0.330038 0.63622 0.338601 0.623058 0.315532 0.61699 0.338601 0.623058 0.316636 0.615252 0.315532 0.61699 0.714144 0.851987 0.69721 0.854011 0.709744 0.874696 0.583198 0.045823 0.583198 0.053122 0.582467 0.047703 0.709744 0.874696 0.69721 0.854011 0.687906 0.86883 0.709744 0.874696 0.687906 0.86883 0.689334 0.872332 0.278828 0.636588 0.279126 0.641962 0.292436 0.604939 0.583198 0.045823 0.582467 0.047703 0.582386 0.04759 0.279126 0.641962 0.309768 0.619983 0.292436 0.604939 0.270521 0.636516 0.278828 0.636588 0.292436 0.604939 0.624939 0.965178 0.622986 0.955784 0.625116 0.949988 0.052703 0.433961 0.035013 0.410103 0.056508 0.434341 0.288389 0.602835 0.283756 0.602075 0.2827 0.602372 0.557407 0.014622 0.556412 0.012571 0.558847 0.01382 0.367818 0.159595 0.369535 0.159938 0.370345 0.162316 0.281357 0.604158 0.288389 0.602835 0.2827 0.602372 0.946834 0.564882 0.945157 0.564749 0.944899 0.563355 0.700893 0.960665 0.700893 0.961476 0.698458 0.960953 0.178986 0.98675 0.180601 0.98824 0.179751 0.986053 0.944899 0.563355 0.945157 0.564749 0.941288 0.563451 0.270521 0.636516 0.292436 0.604939 0.26579 0.602312 0.292436 0.604939 0.288389 0.602835 0.281357 0.604158 0.26579 0.602312 0.292436 0.604939 0.281357 0.604158 0.170049 0.320601 0.169008 0.318578 0.158945 0.3237 0.283756 0.602075 0.282371 0.591744 0.2827 0.602372 0.292436 0.604939 0.316636 0.615252 0.301095 0.604572 0.311055 0.618773 0.316636 0.615252 0.292436 0.604939 0.115611 0.07837 0.107728 0.074485 0.115469 0.068295 0.178986 0.98675 0.176542 0.981752 0.179751 0.986053 0.367818 0.159595 0.367158 0.153957 0.370536 0.155068 0.36689 0.158685 0.367158 0.153957 0.367818 0.159595 0.370536 0.155068 0.367818 0.159595 0.369535 0.159938 0.867654 0.491176 0.871717 0.48476 0.869404 0.483918 0.128983 0.304267 0.139528 0.300702 0.125327 0.301459 0.739042 0.9485 0.738231 0.953101 0.739042 0.954177 0.137346 0.303781 0.135678 0.303135 0.139528 0.300702 0.851364 0.405109 0.85118 0.405921 0.852679 0.405832 0.85118 0.405921 0.851055 0.405832 0.851364 0.405109 0.845109 0.311923 0.846185 0.310914 0.845228 0.310219 0.845109 0.311923 0.846185 0.316707 0.84375 0.311082 0.846185 0.310914 0.846185 0.316707 0.845109 0.311923 0.657062 0.409976 0.663555 0.409976 0.658067 0.410787 0.869404 0.483918 0.879554 0.467157 0.873304 0.4762 0.316334 0.723197 0.334743 0.711749 0.327906 0.683471 0.248845 0.067081 0.191307 0.059412 0.200625 0.061044 0.612313 0.614669 0.590248 0.618479 0.578724 0.614877 0.552328 0.614755 0.590248 0.618479 0.578724 0.614877 0.73336 0.851987 0.714144 0.851987 0.709744 0.874696 0.297632 0.015096 0.310146 0.013549 0.302934 0.014027 0.310146 0.013549 0.302934 0.014027 0.307852 0.012263 0.316334 0.723197 0.327906 0.683471 0.273519 0.668851 0.788976 0.370251 0.791682 0.392181 0.788154 0.372311 0.975064 0.689922 0.979999 0.68147 0.976449 0.695369 0.179296 0.130397 0.169018 0.131518 0.181793 0.132952 0.869404 0.483918 0.869771 0.479474 0.879554 0.467157 0.016712 0.118563 0.017765 0.09748 0.020717 0.122977 0.763122 0.234786 0.767186 0.229927 0.741799 0.234972 0.959272 0.896515 0.964649 0.894517 0.974219 0.89574 0.44774 0.10511 0.402315 0.125277 0.462084 0.098739 0.44774 0.10511 0.417122 0.123629 0.402315 0.125277 0.985137 0.435706 0.988391 0.428888 0.99041 0.476869 0.970046 0.551632 0.96402 0.541663 0.967637 0.53328 0.976899 0.842946 0.988127 0.842582 0.982972 0.840633 0.161086 0.166309 0.178492 0.168597 0.142629 0.154933 0.932298 0.409592 0.91835 0.410961 0.937669 0.41225 0.739525 0.465513 0.73075 0.393048 0.731372 0.465577 0.647307 0.028117 0.609984 0.026626 0.613894 0.026829 0.739525 0.465513 0.740267 0.391156 0.73075 0.393048 0.731936 0.531462 0.731997 0.476949 0.74271 0.528583 0.677641 0.469707 0.675302 0.471294 0.678549 0.463376 0.766174 0.854995 0.708943 0.892905 0.769122 0.850782 0.721479 0.878638 0.708943 0.892905 0.766174 0.854995 0.731997 0.476949 0.731506 0.471381 0.739525 0.465513 0.739525 0.465513 0.74271 0.528583 0.731997 0.476949 0.988391 0.428888 0.99041 0.476869 0.991477 0.469985 0.731786 0.472322 0.731506 0.471381 0.731997 0.476949 0.933627 0.56045 0.927237 0.502669 0.930869 0.502201 0.831561 0.393594 0.845333 0.338353 0.828323 0.407706 0.845333 0.338353 0.843832 0.352158 0.831561 0.393594 0.094401 0.294695 0.095218 0.301274 0.071688 0.256269 0.139979 0.310235 0.095218 0.301274 0.094401 0.294695 0.142629 0.154933 0.134215 0.139447 0.120626 0.125713 0.134215 0.139447 0.120626 0.125713 0.121812 0.123307 0.750456 0.563974 0.750002 0.556136 0.75524 0.552123 0.831165 0.322537 0.836962 0.319061 0.813789 0.319969 0.112683 0.314078 0.139979 0.310235 0.095218 0.301274 0.841113 0.842674 0.847738 0.836744 0.844792 0.85626 0.83544 0.856135 0.832752 0.832945 0.841113 0.842674 0.833201 0.954492 0.832752 0.832945 0.83544 0.856135 0.453506 0.289487 0.459458 0.293068 0.468347 0.288294 0.96219 0.570512 0.948999 0.570726 0.960404 0.572416 0.705192 0.395049 0.709466 0.38969 0.707103 0.407059 0.960404 0.572416 0.948999 0.570726 0.949332 0.575066 0.960907 0.719056 0.958423 0.729117 0.958198 0.722333 0.787031 0.632379 0.813247 0.632894 0.817261 0.634697 0.250551 0.307839 0.22849 0.306164 0.242074 0.308756 0.958423 0.729117 0.960907 0.719056 0.961199 0.735439 0.682799 0.236595 0.713444 0.232793 0.66926 0.2339 0.98692 0.249356 0.973703 0.284806 0.989531 0.248355 0.705664 0.235939 0.682799 0.236595 0.713444 0.232793 0.961312 0.237593 0.96927 0.190629 0.965465 0.247739 0.155023 0.802825 0.157997 0.804034 0.144247 0.804205 0.958386 0.232597 0.96927 0.190629 0.965465 0.247739 0.782602 0.631663 0.787031 0.632379 0.813247 0.632894 0.860804 0.8419 0.860188 0.729399 0.863133 0.857573 0.863133 0.857573 0.860188 0.729399 0.861117 0.711105 0.993343 0.222211 0.986928 0.223166 0.993748 0.224808 0.304497 0.945041 0.288023 0.945383 0.314081 0.94488 0.336196 0.639235 0.337233 0.681921 0.341366 0.628007 0.314081 0.94488 0.288023 0.945383 0.33787 0.944338 0.511946 0.356997 0.511128 0.339486 0.518367 0.339206 0.338601 0.623058 0.336196 0.639235 0.341366 0.628007 0.517066 0.360123 0.511918 0.364685 0.511946 0.356997 0.511946 0.356997 0.51557 0.356214 0.518367 0.339206 0.517066 0.360123 0.51557 0.356214 0.518367 0.339206 0.262214 0.931933 0.271076 0.933742 0.202573 0.932572 0.730991 0.095787 0.737515 0.124549 0.738109 0.072701 0.849615 0.502122 0.853887 0.468827 0.855386 0.50141 0.676814 0.065268 0.738109 0.072701 0.738294 0.06505 0.855386 0.50141 0.853832 0.510322 0.860413 0.511584 0.337233 0.681921 0.345143 0.633685 0.341366 0.628007 0.510384 0.098727 0.527689 0.095128 0.513671 0.089512 0.737718 0.993034 0.727538 0.992062 0.67995 0.992773 0.468347 0.288294 0.459458 0.293068 0.475572 0.286242 0.472429 0.284504 0.468347 0.288294 0.475572 0.286242 0.676981 0.123735 0.737515 0.124549 0.676814 0.065268 0.730991 0.095787 0.738109 0.072701 0.724902 0.08535 0.801237 0.047035 0.801631 0.050544 0.817617 0.048086 0.721364 0.096035 0.724902 0.08535 0.676814 0.065268 0.737515 0.124549 0.721364 0.096035 0.676814 0.065268 0.721364 0.096035 0.737515 0.124549 0.730991 0.095787 0.676814 0.065268 0.724902 0.08535 0.724078 0.079567 0.724078 0.079567 0.738109 0.072701 0.676814 0.065268 0.949332 0.575066 0.948999 0.570726 0.943756 0.573401 0.924225 0.956759 0.917097 0.960356 0.925546 0.942994 0.925546 0.942994 0.917097 0.960356 0.917173 0.917163 0.789042 0.653873 0.789237 0.651571 0.779168 0.653816 0.216752 0.587535 0.214233 0.587499 0.216073 0.577275 0.925129 0.927989 0.925546 0.942994 0.917173 0.917163 0.930314 0.016977 0.920494 0.016553 0.920178 0.019796 0.629763 0.578938 0.631796 0.589166 0.628596 0.588925 0.1667 0.98717 0.039686 0.972411 0.039245 0.985303 0.1667 0.98717 0.020997 0.985914 0.039245 0.985303 0.467134 0.369533 0.467351 0.508449 0.452539 0.369629 0.452539 0.369629 0.467351 0.508449 0.45318 0.515257 0.629328 0.954783 0.629283 0.729844 0.647738 0.729884 0.647738 0.729884 0.629328 0.954783 0.64778 0.961914 0.943122 0.269846 0.965893 0.266754 0.969523 0.259797 0.49984 0.08207 0.479196 0.093544 0.491569 0.08378 0.949411 0.672877 0.939012 0.702366 0.941574 0.681322 0.49984 0.08207 0.491569 0.08378 0.500053 0.07376 0.178492 0.168597 0.176415 0.164637 0.161086 0.166309 0.373562 0.102077 0.37805 0.118722 0.402315 0.125277 0.737736 0.565812 0.727241 0.579162 0.740306 0.552476 0.740306 0.552476 0.737736 0.565812 0.748425 0.544607 0.402315 0.125277 0.37805 0.118722 0.40158 0.1325 0.754532 0.635442 0.756053 0.617481 0.757708 0.633154 0.006977 0.122974 0.011036 0.12048 0.023879 0.140099 0.029522 0.483679 0.033394 0.492722 0.026262 0.488258 0.026262 0.488258 0.033394 0.492722 0.031778 0.501574 0.335537 0.189874 0.338472 0.19856 0.334152 0.201541 0.62413 0.409021 0.623356 0.395675 0.626218 0.408967 0.463546 0.036309 0.465291 0.047225 0.462576 0.047445 0.031778 0.501574 0.039367 0.494946 0.039367 0.503458 0.944175 0.958152 0.941764 0.965441 0.932699 0.961375 0.37551 0.834955 0.377897 0.834955 0.377406 0.845257 0.170049 0.245337 0.166731 0.245336 0.168457 0.25487 0.338843 0.860789 0.338739 0.862972 0.329354 0.861274 0.985036 0.616954 0.982549 0.616981 0.985209 0.626965 0.091965 0.236768 0.082194 0.236743 0.082407 0.238743 0.08205 0.234465 0.082194 0.236743 0.091965 0.236768 0.623356 0.395675 0.62413 0.409021 0.621982 0.409165 0.826307 0.880617 0.749428 0.883624 0.729856 0.878887 0.374727 0.701161 0.375185 0.657879 0.374066 0.681901 0.879661 0.761879 0.88017 0.77923 0.874329 0.762937 0.374727 0.701161 0.410909 0.66123 0.375185 0.657879 0.694702 0.19653 0.686792 0.193878 0.695277 0.193732 0.442445 0.221282 0.438631 0.21264 0.460101 0.215101 0.461158 0.219821 0.442445 0.221282 0.460101 0.215101 0.259433 0.336209 0.264707 0.336339 0.259533 0.338197 0.470307 0.214607 0.460101 0.215101 0.438631 0.21264 0.438105 0.170551 0.50358 0.213057 0.438631 0.21264 0.438105 0.170551 0.507116 0.170406 0.50358 0.213057 0.365231 0.14694 0.405526 0.142855 0.402753 0.15218 0.96352 0.49722 0.965289 0.482838 0.971451 0.500537 0.971451 0.500537 0.965289 0.482838 0.971127 0.481424 0.686792 0.193878 0.686646 0.196307 0.694702 0.19653 0.969889 0.462862 0.971046 0.457345 0.971378 0.465297 0.971451 0.500537 0.971127 0.481424 0.971378 0.465297 0.971451 0.500537 0.971378 0.465297 0.973181 0.441732 0.410909 0.66123 0.399271 0.726712 0.416395 0.703869 0.971378 0.465297 0.971046 0.457345 0.973181 0.441732 0.630707 0.996873 0.628837 0.997071 0.630615 0.987639 0.491535 0.349153 0.48876 0.34824 0.490422 0.339474 0.143981 0.141188 0.14429 0.144238 0.153591 0.144197 0.854842 0.20836 0.844997 0.206407 0.844899 0.208655 0.844899 0.208655 0.845401 0.210178 0.854842 0.20836 0.407391 0.570372 0.418508 0.587574 0.419987 0.560158 0.629323 0.362145 0.631245 0.358489 0.630261 0.408933 0.503954 0.955276 0.502398 0.960305 0.511329 0.957586 0.418508 0.587574 0.424277 0.605855 0.419987 0.560158 0.33011 0.025077 0.330133 0.02689 0.340342 0.025832 0.003982 0.391322 0.00103 0.3914 0.004284 0.401717 0.885146 0.527085 0.887356 0.527087 0.887161 0.536407 0.824736 0.447435 0.833917 0.447601 0.833904 0.446302 0.898783 0.189497 0.865381 0.182033 0.859491 0.189168 0.623398 0.25187 0.623129 0.254561 0.6357 0.252865 0.479522 0.565989 0.485795 0.573804 0.479325 0.557733 0.788468 0.515871 0.781525 0.499975 0.787771 0.508724 0.479522 0.565989 0.479325 0.557733 0.477158 0.522565 0.044173 0.355148 0.027881 0.38159 0.012539 0.409011 0.009483 0.411871 0.044173 0.355148 0.012539 0.409011 0.009483 0.411871 0.012539 0.409011 0.012214 0.42572 0.444399 0.047445 0.442381 0.041297 0.444018 0.038853 0.880947 0.182893 0.865381 0.182033 0.898783 0.189497 0.85836 0.029678 0.845258 0.035774 0.85351 0.030985 0.944073 0.258789 0.938998 0.259046 0.9382 0.256924 0.031657 0.96192 0.016443 0.955731 0.022497 0.964342 0.047877 0.772475 0.052494 0.770313 0.045983 0.76764 0.820211 0.441606 0.819298 0.44473 0.812977 0.44186 0.35935 0.108691 0.335189 0.104977 0.30941 0.104654 0.35919 0.1003 0.346605 0.104585 0.335189 0.104977 0.35935 0.108691 0.35919 0.1003 0.335189 0.104977 0.611266 0.298072 0.583903 0.2979 0.576113 0.300097 0.492961 0.575438 0.491508 0.595702 0.491097 0.572432 0.044246 0.187753 0.048995 0.185774 0.045473 0.185053 0.875597 0.513381 0.869426 0.499369 0.870016 0.504841 0.999394 0.180168 0.998005 0.176499 0.998751 0.164627 0.983175 0.68352 0.979999 0.68147 0.990666 0.67356 0.983175 0.68352 0.976449 0.695369 0.979999 0.68147 0.981268 0.706211 0.976449 0.695369 0.983175 0.68352 0.763122 0.234786 0.741799 0.234972 0.747397 0.237589 0.93805 0.524917 0.935627 0.522027 0.937207 0.51541 0.88979 0.447267 0.88921 0.427636 0.889157 0.434425 0.349571 0.55987 0.407391 0.570372 0.419987 0.560158 0.344727 0.6089 0.365474 0.570596 0.349571 0.55987 0.363513 0.602179 0.344727 0.6089 0.405223 0.601603 0.365474 0.570596 0.407391 0.570372 0.349571 0.55987 0.418508 0.587574 0.405223 0.601603 0.424277 0.605855 0.407391 0.570372 0.405223 0.601603 0.418508 0.587574 0.405223 0.601603 0.344727 0.6089 0.424277 0.605855 0.953133 0.849822 0.953656 0.884715 0.990429 0.849654 0.990429 0.849654 0.953656 0.884715 0.990526 0.888773 0.950388 0.724593 0.948458 0.724578 0.949956 0.714996 0.711273 0.831816 0.714692 0.831711 0.711018 0.841175 0.672484 0.995651 0.672371 0.993106 0.66239 0.994409 0.958549 0.069084 0.955909 0.06913 0.957593 0.059088 0.727295 0.013305 0.727276 0.002967 0.729302 0.002839 0.77653 0.387696 0.786036 0.385876 0.776444 0.385458 0.792516 0.033673 0.792549 0.031225 0.78292 0.032118 0.219679 0.729432 0.192082 0.72696 0.22973 0.726677 0.916773 0.497862 0.919902 0.483896 0.921191 0.544876 0.755652 0.918218 0.733048 0.915844 0.781628 0.913176 0.82937 0.091892 0.829387 0.082254 0.830935 0.104762 0.474609 0.519529 0.471121 0.517672 0.48191 0.48517 0.683529 0.940353 0.680425 0.909624 0.685731 0.908098 0.685731 0.908098 0.680425 0.909624 0.690899 0.891856 0.030438 0.463504 0.020508 0.464073 0.030308 0.46544 0.413233 0.867911 0.410498 0.858525 0.413528 0.858601 0.995321 0.550221 0.998096 0.550273 0.996333 0.540642 0.896103 0.182896 0.865381 0.182033 0.880947 0.182893 0.671001 0.067416 0.662192 0.06642 0.668061 0.106098 0.708943 0.892905 0.706419 0.92708 0.705459 0.897918 0.706419 0.92708 0.708943 0.892905 0.712423 0.942839 0.115182 0.921219 0.101169 0.922983 0.123625 0.918697 0.707547 0.677604 0.705229 0.669806 0.722901 0.69192 0.028959 0.728225 0.035059 0.73026 0.016123 0.719127 0.327186 0.113664 0.310576 0.115219 0.324071 0.11565 0.330998 0.059427 0.324821 0.060249 0.325298 0.061137 0.33401 0.113728 0.327186 0.113664 0.324071 0.11565 0.052783 0.362591 0.059168 0.358168 0.03719 0.399262 0.059168 0.358168 0.03719 0.399262 0.044333 0.366446 0.978733 0.563038 0.975579 0.55143 0.973935 0.552675 0.954628 0.311589 0.95247 0.312509 0.952482 0.295626 0.975579 0.55143 0.976869 0.54042 0.978826 0.533618 0.978826 0.533618 0.975579 0.55143 0.973935 0.552675 0.976554 0.947806 0.979495 0.942515 0.976004 0.955538 0.955474 0.042144 0.961285 0.042031 0.957165 0.04735 0.090567 0.546638 0.09375 0.54704 0.093136 0.540686 0.635767 0.496919 0.629865 0.49384 0.629996 0.499117 0.123831 0.219695 0.131088 0.219384 0.13023 0.222477 0.812968 0.194256 0.788815 0.197446 0.814622 0.196388 0.771134 0.671762 0.768273 0.688373 0.773133 0.669673 0.825893 0.126424 0.826556 0.115572 0.829635 0.119402 0.825893 0.126424 0.829635 0.119402 0.827272 0.135965 0.081002 0.802632 0.113728 0.802191 0.106245 0.802862 0.49893 0.100788 0.500383 0.098709 0.496465 0.101732 0.803748 0.901575 0.787082 0.908967 0.781628 0.913176 0.830286 0.138162 0.829635 0.119402 0.827272 0.135965 0.668425 0.126926 0.67086 0.12675 0.669212 0.117194 0.999594 0.746376 0.997112 0.746454 0.996907 0.736497 0.994724 0.746553 0.997112 0.746454 0.996907 0.736497 0.440074 0.143023 0.437342 0.143147 0.43989 0.132924 0.434551 0.138769 0.43679 0.127462 0.437342 0.143147 0.892431 0.903947 0.892392 0.906808 0.902561 0.906797 0.751027 0.689002 0.750684 0.685726 0.740918 0.688663 0.454121 0.120061 0.45414 0.118005 0.444461 0.119087 0.312117 0.326828 0.321814 0.326879 0.312142 0.329586 0.851078 0.627903 0.860794 0.627332 0.860795 0.628954 0.007842 0.989653 0.005023 0.983463 0.008523 0.980487 0.822197 0.08121 0.77699 0.102927 0.796736 0.104394 0.77699 0.102927 0.751962 0.080627 0.775337 0.111054 0.796736 0.104394 0.77699 0.102927 0.785516 0.103825 0.77699 0.102927 0.822197 0.08121 0.751962 0.080627 0.42078 0.017326 0.412403 0.009316 0.405614 0.015064 0.889972 0.624092 0.881678 0.625467 0.889919 0.627354 0.979915 0.653281 0.97859 0.656246 0.976931 0.65535 0.132459 0.038262 0.117676 0.036039 0.106824 0.034853 0.976931 0.65535 0.979915 0.653281 0.978772 0.646504 0.977731 0.636945 0.978772 0.646504 0.976248 0.62695 0.997711 0.459574 0.998642 0.432684 0.999593 0.459166 0.051781 0.484716 0.054789 0.504866 0.053555 0.504647 0.532748 0.315915 0.545253 0.317723 0.576113 0.300097 0.532748 0.315915 0.536249 0.31877 0.545253 0.317723 0.532748 0.315915 0.518337 0.319115 0.536249 0.31877 0.556333 0.306883 0.532748 0.315915 0.576113 0.300097 0.462234 0.304858 0.518337 0.319115 0.532748 0.315915 0.866913 0.795261 0.867285 0.822217 0.866592 0.828631 0.532748 0.315915 0.476553 0.307091 0.462234 0.304858 0.434708 0.225201 0.512028 0.225369 0.442445 0.221282 0.264469 0.338605 0.264707 0.336339 0.259533 0.338197 0.478109 0.220013 0.461158 0.219821 0.470307 0.214607 0.442445 0.221282 0.461158 0.219821 0.478109 0.220013 0.442445 0.221282 0.478109 0.220013 0.512028 0.225369 0.912949 0.697643 0.926005 0.689281 0.931931 0.721582 0.926005 0.689281 0.930961 0.678383 0.931931 0.721582 0.765066 0.373942 0.755721 0.382912 0.761747 0.381951 0.761747 0.381951 0.767371 0.389173 0.769269 0.377558 0.660681 0.488284 0.664367 0.487576 0.662634 0.498089 0.271979 0.765578 0.261167 0.763585 0.261697 0.76839 0.754666 0.395169 0.767371 0.389173 0.755721 0.382912 0.750931 0.389052 0.754666 0.395169 0.755721 0.382912 0.495825 0.9343 0.498782 0.934223 0.49582 0.924419 0.877029 0.738385 0.875404 0.738423 0.875267 0.728972 0.53612 0.030389 0.525599 0.030425 0.525568 0.032326 0.226055 0.576237 0.223437 0.576274 0.224466 0.590878 0.818262 0.914558 0.815642 0.914552 0.815793 0.928744 0.209622 0.05784 0.208246 0.048296 0.210633 0.048256 0.837826 0.094245 0.88913 0.092922 0.880763 0.133986 0.837826 0.094245 0.880763 0.133986 0.838378 0.172396 0.712423 0.942839 0.697109 0.920229 0.708943 0.892905 0.803748 0.901575 0.781628 0.913176 0.80658 0.902537 0.80658 0.902537 0.781628 0.913176 0.801971 0.906376 0.781628 0.913176 0.75711 0.92348 0.77831 0.918215 0.32259 0.040967 0.347745 0.042535 0.356551 0.040569 0.733048 0.915844 0.75711 0.92348 0.781628 0.913176 0.47913 0.214997 0.470307 0.214607 0.485451 0.215774 0.470307 0.214607 0.438631 0.21264 0.50358 0.213057 0.50358 0.213057 0.485921 0.218896 0.512028 0.225369 0.367084 0.998281 0.365154 0.997844 0.365182 0.990855 0.367084 0.998281 0.367286 0.991001 0.365182 0.990855 0.485535 0.218895 0.485921 0.218896 0.512028 0.225369 0.512028 0.225369 0.478109 0.220013 0.485535 0.218895 0.485451 0.215774 0.50358 0.213057 0.485921 0.218896 0.485451 0.215774 0.470307 0.214607 0.50358 0.213057 0.485535 0.218895 0.478109 0.220013 0.485451 0.215774 0.795619 0.111686 0.750753 0.131158 0.821355 0.131265 0.786948 0.112128 0.750753 0.131158 0.795619 0.111686 0.821355 0.131265 0.796736 0.104394 0.795619 0.111686 0.786948 0.112128 0.775337 0.111054 0.750753 0.131158 0.775337 0.111054 0.751962 0.080627 0.750753 0.131158 0.02108 0.366824 0.021379 0.352503 0.022606 0.359183 0.07678 0.724639 0.079392 0.721809 0.035059 0.73026 0.777325 0.045197 0.782873 0.045012 0.782842 0.050635 0.777579 0.050689 0.777325 0.045197 0.782842 0.050635 0.88979 0.447267 0.886667 0.441249 0.88921 0.427636 0.009284 0.376643 0.01192 0.377124 0.008021 0.378621 0.330013 0.800262 0.336743 0.79906 0.332002 0.799293 0.330013 0.800262 0.335919 0.779197 0.329491 0.792909 0.589367 0.401021 0.591715 0.402676 0.604612 0.401957 0.725139 0.132774 0.72478 0.130684 0.735574 0.132703 0.72478 0.130684 0.735574 0.132703 0.736607 0.130869 0.062974 0.38978 0.064993 0.379792 0.064394 0.391839 0.602937 0.400243 0.589367 0.401021 0.604612 0.401957 0.336743 0.79906 0.331258 0.801463 0.330013 0.800262 0.009284 0.376643 0.008021 0.378621 0.001653 0.370837 0.908471 0.286017 0.903648 0.285211 0.898025 0.285976 0.001653 0.370837 0.010505 0.347302 0.009284 0.376643 0.91599 0.186489 0.906914 0.18622 0.915846 0.184509 0.027683 0.235269 0.018225 0.237472 0.01756 0.233966 0.696574 0.888767 0.685731 0.908098 0.690899 0.891856 0.790735 0.498035 0.790332 0.462668 0.788663 0.480476 0.663419 0.815984 0.661355 0.839677 0.66225 0.823782 0.788663 0.480476 0.790735 0.498035 0.789713 0.499298 0.100902 0.270257 0.092129 0.254254 0.08649 0.252981 0.100902 0.270257 0.10638 0.267044 0.092129 0.254254 0.812291 0.957741 0.81766 0.95331 0.822547 0.951777 0.518131 0.380414 0.517066 0.360123 0.518367 0.339206 0.513592 0.374207 0.517066 0.360123 0.518131 0.380414 0.052441 0.207414 0.051542 0.207888 0.053873 0.209372 0.941782 0.925859 0.932347 0.929011 0.928577 0.921562 0.066901 0.501766 0.063015 0.496378 0.061597 0.493054 0.066901 0.501766 0.061597 0.493054 0.066892 0.486212 0.673047 0.83669 0.675731 0.84631 0.67203 0.846204 0.271159 0.146232 0.238136 0.14713 0.264945 0.11426 0.878968 0.840319 0.882267 0.827992 0.886295 0.830107 0.037121 0.205661 0.042527 0.207865 0.042614 0.202352 0.913878 0.963652 0.914367 0.955799 0.911273 0.956396 0.101596 0.31824 0.09645 0.318329 0.099873 0.312652 0.826823 0.162474 0.826705 0.156934 0.832305 0.159569 0.308495 0.098601 0.30941 0.104654 0.312755 0.081295 0.124731 0.202352 0.129464 0.202804 0.125637 0.209581 0.303199 0.096933 0.302138 0.083339 0.299502 0.109685 0.822547 0.951777 0.807176 0.965484 0.822555 0.956563 0.03719 0.399262 0.035013 0.410103 0.037714 0.378472 0.479522 0.565989 0.471121 0.517672 0.474609 0.519529 0.363513 0.602179 0.405223 0.601603 0.407391 0.570372 0.365474 0.570596 0.363513 0.602179 0.407391 0.570372 0.508678 0.133414 0.508574 0.135585 0.517999 0.134839 0.623782 0.211273 0.621669 0.211206 0.622422 0.20175 0.724684 0.569958 0.72213 0.569104 0.722745 0.559386 0.097779 0.771291 0.097764 0.7685 0.086599 0.769902 0.690729 0.688831 0.681086 0.688661 0.687806 0.67387 0.302138 0.083339 0.300324 0.070328 0.299502 0.109685 0.299502 0.109685 0.30941 0.104654 0.303199 0.096933 0.13072 0.635924 0.127357 0.644091 0.12595 0.635637 0.312755 0.081295 0.315324 0.072085 0.302138 0.083339 0.506899 0.09854 0.504877 0.094807 0.504593 0.089573 0.041802 0.133803 0.044133 0.133195 0.045936 0.143634 0.045936 0.143634 0.048295 0.132745 0.044133 0.133195 0.124465 0.170071 0.124532 0.167792 0.115056 0.168513 0.146609 0.72816 0.14651 0.725466 0.156168 0.72677 0.553929 0.006582 0.553977 0.009327 0.544345 0.007783 0.527689 0.095128 0.510384 0.098727 0.565715 0.098261 0.527689 0.095128 0.573927 0.088416 0.513671 0.089512 0.527689 0.095128 0.565715 0.098261 0.573927 0.088416 0.020291 0.418268 0.016902 0.418101 0.020135 0.408468 0.741799 0.234972 0.747397 0.237589 0.731118 0.234147 0.941304 0.358359 0.941153 0.352808 0.942942 0.359128 0.426153 0.900633 0.42708 0.900943 0.430311 0.866682 0.845258 0.035774 0.85351 0.030985 0.801924 0.027804 0.816915 0.033562 0.845258 0.035774 0.801924 0.027804 0.55502 0.138128 0.563359 0.136772 0.592416 0.138066 0.430311 0.866682 0.42708 0.900943 0.430602 0.870564 0.339096 0.094017 0.342019 0.099898 0.336738 0.099979 0.928855 0.468767 0.925013 0.462849 0.931126 0.462865 0.965655 0.464412 0.964857 0.43902 0.966332 0.456161 0.964857 0.43902 0.966332 0.456161 0.973181 0.441732 0.973181 0.441732 0.971046 0.457345 0.966332 0.456161 0.356737 0.926588 0.352293 0.925926 0.35601 0.928105 0.352293 0.925926 0.352485 0.927469 0.35601 0.928105 0.594107 0.28112 0.594108 0.283138 0.588556 0.281029 0.594108 0.283138 0.588283 0.282795 0.588556 0.281029 0.360795 0.881681 0.359077 0.880373 0.35874 0.882298 0.484187 0.591313 0.486607 0.591646 0.485292 0.586184 0.478109 0.220013 0.47913 0.214997 0.485451 0.215774 0.969889 0.462862 0.966139 0.458021 0.971046 0.457345 0.875404 0.738423 0.873194 0.738388 0.875267 0.728972 0.777913 0.321622 0.77797 0.318494 0.768354 0.320635 0.906826 0.300772 0.908094 0.313462 0.903159 0.303243 0.344727 0.6089 0.363513 0.602179 0.365474 0.570596 0.089773 0.008053 0.054557 0.008089 0.085785 0.00979 0.085518 0.759429 0.085622 0.756788 0.075964 0.758437 0.01192 0.377124 0.009284 0.376643 0.009658 0.359115 0.465441 0.322293 0.45824 0.322754 0.459736 0.321982 0.881619 0.428329 0.88021 0.437942 0.878901 0.428397</float_array>
          <technique_common>
            <accessor source="#InstrumentTable1-mesh-map-0-array" count="5232" stride="2">
              <param name="S" type="float"/>
              <param name="T" type="float"/>
            </accessor>
          </technique_common>
        </source>
        <vertices id="InstrumentTable1-mesh-vertices">
          <input semantic="POSITION" source="#InstrumentTable1-mesh-positions"/>
        </vertices>
        <polylist material="Material_-1-material" count="6">
          <input semantic="VERTEX" source="#InstrumentTable1-mesh-vertices" offset="0"/>
          <input semantic="NORMAL" source="#InstrumentTable1-mesh-normals" offset="1"/>
          <input semantic="TEXCOORD" source="#InstrumentTable1-mesh-map-0" offset="2" set="0"/>
          <vcount>3 3 3 3 3 3 3 3 3 3 3 3 3 3 3 3 3 3 3 3 3 3 3 3 3 3 3 3 3 3 3 3 3 3 3 3 3 3 3 3 3 3 3 3 3 3 3 3 3 3 3 3 3 3 3 3 3 3 3 3 3 3 3 3 3 3 3 3 3 3 3 3 3 3 3 3 3 3 3 3 3 3 3 3 3 3 3 3 3 3 3 3 3 3 3 3 3 3 3 3 3 3 3 3 3 3 3 3 3 3 3 3 3 3 3 3 3 3 3 3 3 3 3 3 3 3 3 3 3 3 3 3 3 3 3 3 3 3 3 3 3 3 3 3 3 3 3 3 3 3 3 3 3 3 3 3 3 3 3 3 3 3 3 3 3 3 3 3 3 3 3 3 3 3 3 3 3 3 3 3 3 3 3 3 3 3 3 3 3 3 3 3 3 3 3 3 3 3 3 3 3 3 3 3 3 3 3 3 3 3 3 3 3 3 3 3 3 3 3 3 3 3 3 3 3 3 3 3 3 3 3 3 3 3 3 3 3 3 3 3 3 3 3 3 3 3 3 3 3 3 3 3 3 3 3 3 3 3 3 3 3 3 3 3 3 3 3 3 3 3 3 3 3 3 3 3 3 3 3 3 3 3 3 3 3 3 3 3 3 3 3 3 3 3 3 3 3 3 3 3 3 3 3 3 3 3 3 3 3 3 3 3 3 3 3 3 3 3 3 3 3 3 3 3 3 3 3 3 3 3 3 3 3 3 3 3 3 3 3 3 3 3 3 3 3 3 3 3 3 3 3 3 3 3 3 3 3 3 3 3 3 3 3 3 3 3 3 3 3 3 3 3 3 3 3 3 3 3 3 3 3 3 3 3 3 3 3 3 3 3 3 3 3 3 3 3 3 3 3 3 3 3 3 3 3 3 3 3 3 3 3 3 3 3 3 3 3 3 3 3 3 3 3 3 3 3 3 3 3 3 3 3 3 3 3 3 3 3 3 3 3 3 3 3 3 3 3 3 3 3 3 3 3 3 3 3 3 3 3 3 3 3 3 3 3 3 3 3 3 3 3 3 3 3 3 3 3 3 3 3 3 3 3 3 3 3 3 3 3 3 3 3 3 3 3 3 3 3 3 3 3 3 3 3 3 3 3 3 3 3 3 3 3 3 3 3 3 3 3 3 3 3 3 3 3 3 3 3 3 3 3 3 3 3 3 3 3 3 3 3 3 3 3 3 3 3 3 3 3 3 3 3 3 3 3 3 3 3 3 3 3 3 3 3 3 3 3 3 3 3 3 3 3 3 3 3 3 3 3 3 3 3 3 3 3 3 3 3 3 3 3 3 3 3 3 3 3 3 3 3 3 3 3 3 3 3 3 3 3 3 3 3 3 3 3 3 3 3 3 3 3 3 3 3 3 3 3 3 3 3 3 3 3 3 3 3 3 3 3 3 3 3 3 3 3 3 3 3 3 3 3 3 3 3 3 3 3 3 3 3 3 3 3 3 3 3 3 3 3 3 3 3 3 3 3 3 3 3 3 3 3 3 3 3 3 3 3 3 3 3 3 3 3 3 3 3 3 3 3 3 3 3 3 3 3 3 3 3 3 3 3 3 3 3 3 3 3 3 3 3 3 3 3 3 3 3 3 3 3 3 3 3 3 3 3 3 3 3 3 3 3 3 3 3 3 3 3 3 3 3 3 3 3 3 3 3 3 3 3 3 3 3 3 3 3 3 3 3 3 3 3 3 3 3 3 3 3 3 3 3 3 3 3 3 3 3 3 3 3 3 3 3 3 3 3 3 3 3 3 3 3 3 3 3 3 3 3 3 3 3 3 3 3 3 3 3 3 3 3 3 3 3 3 3 3 3 3 3 3 3 3 3 3 3 3 3 3 3 3 3 3 3 3 3 3 3 3 3 3 3 3 3 3 3 3 3 3 3 3 3 3 3 3 3 3 3 3 3 3 3 3 3 3 3 3 3 3 3 3 3 3 3 3 3 3 3 3 3 3 3 3 3 3 3 3 3 3 3 3 3 3 3 3 3 3 3 3 3 3 3 3 3 3 3 3 3 3 3 3 3 3 3 3 3 3 3 3 3 3 3 3 3 3 3 3 3 3 3 3 3 3 3 3 3 3 3 3 3 3 3 3 3 3 3 3 3 3 3 3 3 3 3 3 3 3 3 3 3 3 3 3 3 3 3 3 3 3 3 3 3 3 3 3 3 3 3 3 3 3 3 3 3 3 3 3 3 3 3 3 3 3 3 3 3 3 3 3 3 3 3 3 3 3 3 3 3 3 3 3 3 3 3 3 3 3 3 3 3 3 3 3 3 3 3 3 3 3 3 3 3 3 3 3 3 3 3 3 3 3 3 3 3 3 3 3 3 3 3 3 3 3 3 3 3 3 3 3 3 3 3 3 3 3 3 3 3 3 3 3 3 3 3 3 3 3 3 3 3 3 3 3 3 3 3 3 3 3 3 3 3 3 3 3 3 3 3 3 3 3 3 3 3 3 3 3 3 3 3 3 3 3 3 3 3 3 3 3 3 3 3 3 3 3 3 3 3 3 3 3 3 3 3 3 3 3 3 3 3 3 3 3 3 3 3 3 3 3 3 3 3 3 3 3 3 3 3 3 3 3 3 3 3 3 3 3 3 3 3 3 3 3 3 3 3 3 3 3 3 3 3 3 3 3 3 3 3 3 3 3 3 3 3 3 3 3 3 3 3 3 3 3 3 3 3 3 3 3 3 3 3 3 3 3 3 3 3 3 3 3 3 3 3 3 3 3 3 3 3 3 3 3 3 3 3 3 3 3 3 3 3 3 3 3 3 3 3 3 3 3 3 3 3 3 3 3 3 3 3 3 3 3 3 3 3 3 3 3 3 3 3 3 3 3 3 3 3 3 3 3 3 3 3 3 3 3 3 3 3 3 3 3 3 3 3 3 3 3 3 3 3 3 3 3 3 3 3 3 3 3 3 3 3 3 3 3 3 3 3 3 3 3 3 3 3 3 3 3 3 3 3 3 3 3 3 3 3 3 3 3 3 3 3 3 3 3 3 3 3 3 3 3 3 3 3 3 3 3 3 3 3 3 3 3 3 3 3 3 3 3 3 3 3 3 3 3 3 3 3 3 3 3 3 3 3 3 3 3 3 3 3 3 3 3 3 3 3 3 3 3 3 3 3 3 3 3 3 3 3 3 3 3 3 3 3 3 3 3 3 3 3 3 3 3 3 3 3 3 3 3 3 3 3 3 3 3 3 3 3 3 3 3 3 3 3 3 3 3 3 3 3 3 3 3 3 3 3 3 3 3 3 3 3 3 3 3 3 3 3 3 3 3 3 3 3 3 3 3 3 3 3 3 3 3 3 3 3 3 3 3 3 3 3 3 3 3 3 3 3 3 3 3 3 3 3 3 3 3 3 3 3 3 3 3 3 3 3 3 3 3 3 3 3 3 3 3 3 3 3 3 3 3 3 3 3 3 3 3 3 3 3 3 3 3 3 3 3 3 3 3 3 3 3 3 3 3 3 3 3 3 3 3 3 3 3 3 3 3 3 3 3 3 3 3 3 3 3 3 3 3 3 3 3 3 3 3 3 3 3 3 3 3 3 3 3 3 3 3 3 3 3 3 3 3 3 3 3 3 3 3 3 3 3 3 3 3 3 3 3 3 3 3 3 3 3 3 3 3 3 3 3 3 3 3 3 3 3 3 3 3 3 3 3 3 3 3 3 3 3 3 3 3 3 3 3 3 3 3 3 3 3 3 3 3 3 3 3 3 3 3 3 3 3 3 3 3 3 3 3 3 3 3 3 3 3 3 3 3 3 3 3 3 3 3 3 3 3 3 3 3 3 3 3 3 3 3 3 3 3 3 3 3 3 3 3 3 3 3 3 3 3 3 3 3 3 3 3 3 3 3 3 3 3 3 3</vcount>
          <p>0 0 0 1 0 1 2 0 2 2 1 3 1 1 4 3 1 5 3 2 6 4 2 7 2 2 8 5 3 9 6 3 10 3 3 11 1 4 12 5 4 13 3 4 14 8 5 15 7 5 16 1 5 17 0 6 18 7 6 19 1 6 20 5 7 21 9 7 22 8 7 23 9 8 24 10 8 25 8 8 26 11 9 27 8 9 28 1 9 29 11 10 30 9 10 31 1 10 32 1 11 33 9 11 34 5 11 35 10 12 36 11 12 37 8 12 38 6 13 39 2 13 40 4 13 41 8 14 42 0 14 43 2 14 44 8 15 45 2 15 46 6 15 47 8 16 48 6 16 49 5 16 50 4 17 51 3 17 52 12 17 53 9 18 54 13 18 55 14 18 56 15 19 57 9 19 58 14 19 59 9 20 60 15 20 61 11 20 62 16 21 63 15 21 64 14 21 65 17 22 66 16 22 67 14 22 68 18 23 69 16 23 70 15 23 71 15 24 72 11 24 73 13 24 74 6 25 75 4 25 76 19 25 77 19 26 78 4 26 79 20 26 80 12 27 81 20 27 82 4 27 83 19 28 84 12 28 85 6 28 86 12 29 87 3 29 88 6 29 89 18 30 90 13 30 91 14 30 92 14 31 93 17 31 94 21 31 95 14 32 96 21 32 97 18 32 98 18 33 99 21 33 100 16 33 101 11 34 102 20 34 103 13 34 104 12 35 105 13 35 106 20 35 107 19 36 108 9 36 109 12 36 110 20 37 111 9 37 112 19 37 113 13 38 114 9 38 115 12 38 116 20 39 117 22 39 118 9 39 119 15 40 120 13 40 121 18 40 122 24 41 123 23 41 124 16 41 125 16 42 126 24 42 127 17 42 128 25 43 129 23 43 130 16 43 131 21 44 132 25 44 133 16 44 134 26 45 135 27 45 136 28 45 137 27 46 138 26 46 139 29 46 140 20 47 141 22 47 142 11 47 143 30 48 144 31 48 145 32 48 146 30 49 147 32 49 148 33 49 149 32 50 150 34 50 151 33 50 152 34 51 153 35 51 154 33 51 155 31 52 156 35 52 157 34 52 158 32 53 159 31 53 160 34 53 161 36 54 162 37 54 163 38 54 164 37 55 165 39 55 166 38 55 167 40 56 168 41 56 169 37 56 170 42 57 171 43 57 172 44 57 173 42 58 174 44 58 175 45 58 176 46 59 177 47 59 178 48 59 179 47 60 180 49 60 181 50 60 182 51 61 183 52 61 184 47 61 185 47 62 186 50 62 187 51 62 188 47 63 189 53 63 190 49 63 191 52 64 192 48 64 193 47 64 194 46 65 195 54 65 196 47 65 197 49 66 198 41 66 199 50 66 200 51 67 201 50 67 202 55 67 203 56 68 204 57 68 205 53 68 206 53 69 207 47 69 208 56 69 209 58 70 210 59 70 211 60 70 212 57 71 213 61 71 214 53 71 215 57 72 216 62 72 217 61 72 218 54 73 219 63 73 220 64 73 221 47 74 222 64 74 223 56 74 224 64 75 225 47 75 226 54 75 227 65 76 228 66 76 229 67 76 230 65 77 231 67 77 232 30 77 233 30 78 234 33 78 235 65 78 236 65 79 237 33 79 238 68 79 239 68 80 240 33 80 241 66 80 242 65 81 243 68 81 244 66 81 245 69 82 246 70 82 247 71 82 248 69 83 249 72 83 250 35 83 251 69 84 252 71 84 253 72 84 254 72 85 255 70 85 256 73 85 257 71 86 258 70 86 259 72 86 260 72 87 261 73 87 262 35 87 263 59 88 264 74 88 265 60 88 266 75 89 267 43 89 268 76 89 269 74 90 270 75 90 271 76 90 272 77 91 273 78 91 274 79 91 275 80 92 276 81 92 277 78 92 278 77 93 279 40 93 280 82 93 281 81 94 282 79 94 283 78 94 284 69 95 285 35 95 286 31 95 287 35 96 288 73 96 289 33 96 290 83 97 291 42 97 292 84 97 293 42 98 294 45 98 295 84 98 296 40 99 297 85 99 298 55 99 299 40 100 300 86 100 301 85 100 302 86 101 303 40 101 304 79 101 305 40 102 306 77 102 307 79 102 308 61 103 309 48 103 310 87 103 311 53 104 312 61 104 313 49 104 314 88 105 315 41 105 316 49 105 317 88 106 318 49 106 319 51 106 320 49 107 321 61 107 322 51 107 323 74 108 324 76 108 325 42 108 326 42 109 327 76 109 328 43 109 329 60 110 330 42 110 331 83 110 332 74 111 333 42 111 334 60 111 335 46 112 336 63 112 337 89 112 338 63 113 339 54 113 340 89 113 341 46 114 342 89 114 343 54 114 344 87 115 345 46 115 346 48 115 347 81 116 348 86 116 349 79 116 350 51 117 351 61 117 352 52 117 353 50 118 354 41 118 355 40 118 356 50 119 357 40 119 358 55 119 359 37 120 360 88 120 361 39 120 362 90 121 363 91 121 364 92 121 365 93 122 366 92 122 367 91 122 368 41 123 369 88 123 370 37 123 371 8 124 372 94 124 373 0 124 374 0 125 375 94 125 376 7 125 377 7 126 378 95 126 379 8 126 380 95 127 381 94 127 382 8 127 383 96 128 384 7 128 385 95 128 386 10 129 387 97 129 388 11 129 389 22 130 390 97 130 391 10 130 392 98 131 393 22 131 394 11 131 395 97 132 396 98 132 397 11 132 398 22 133 399 10 133 400 9 133 401 99 134 402 100 134 403 101 134 404 102 135 405 103 135 406 104 135 407 105 136 408 106 136 409 103 136 410 105 137 411 103 137 412 107 137 413 104 138 414 103 138 415 106 138 416 106 139 417 108 139 418 104 139 419 24 140 420 21 140 421 17 140 422 110 141 423 109 141 424 111 141 425 23 142 426 109 142 427 24 142 428 111 143 429 24 143 430 109 143 431 110 144 432 112 144 433 109 144 434 113 145 435 114 145 436 115 145 437 115 146 438 110 146 439 112 146 440 115 147 441 112 147 442 113 147 443 24 148 444 25 148 445 21 148 446 25 149 447 111 149 448 24 149 449 25 150 450 111 150 451 23 150 452 23 151 453 112 151 454 109 151 455 111 152 456 112 152 457 23 152 458 100 153 459 116 153 460 101 153 461 117 154 462 118 154 463 119 154 464 117 155 465 119 155 466 120 155 467 121 156 468 118 156 469 117 156 470 120 157 471 122 157 472 117 157 473 122 158 474 120 158 475 116 158 476 123 159 477 117 159 478 122 159 479 124 160 480 123 160 481 122 160 482 116 161 483 125 161 484 122 161 485 101 162 486 105 162 487 107 162 488 126 163 489 105 163 490 101 163 491 101 164 492 102 164 493 104 164 494 126 165 495 101 165 496 104 165 497 119 166 498 124 166 499 127 166 500 127 167 501 125 167 502 116 167 503 127 168 504 116 168 505 100 168 506 124 169 507 125 169 508 127 169 509 118 170 510 124 170 511 119 170 512 124 171 513 118 171 514 123 171 515 124 172 516 122 172 517 125 172 518 128 173 519 26 173 520 28 173 521 126 174 522 104 174 523 129 174 524 104 175 525 108 175 526 129 175 527 106 176 528 130 176 529 131 176 530 132 177 531 105 177 532 129 177 533 106 178 534 133 178 535 132 178 536 106 179 537 134 179 538 133 179 539 108 180 540 135 180 541 132 180 542 134 181 543 135 181 544 133 181 545 130 182 546 106 182 547 105 182 548 136 183 549 137 183 550 133 183 551 130 184 552 105 184 553 133 184 554 136 185 555 133 185 556 135 185 557 133 186 558 105 186 559 132 186 560 108 187 561 131 187 562 130 187 563 108 188 564 130 188 565 138 188 566 108 189 567 139 189 568 135 189 569 130 190 570 138 190 571 140 190 572 140 191 573 130 191 574 139 191 575 139 192 576 130 192 577 137 192 578 134 193 579 136 193 580 132 193 581 136 194 582 132 194 583 139 194 584 140 195 585 137 195 586 134 195 587 135 196 588 139 196 589 136 196 590 137 197 591 140 197 592 132 197 593 137 198 594 130 198 595 133 198 596 136 199 597 137 199 598 134 199 599 137 200 600 132 200 601 139 200 602 129 201 603 108 201 604 132 201 605 131 202 606 106 202 607 138 202 608 138 203 609 106 203 610 134 203 611 138 204 612 131 204 613 141 204 614 142 205 615 141 205 616 132 205 617 138 206 618 141 206 619 142 206 620 140 207 621 132 207 622 142 207 623 139 208 624 108 208 625 138 208 626 139 209 627 138 209 628 142 209 629 140 210 630 139 210 631 142 210 632 108 211 633 106 211 634 141 211 635 135 212 636 134 212 637 132 212 638 132 213 639 141 213 640 106 213 641 141 214 642 108 214 643 131 214 644 138 215 645 140 215 646 134 215 647 128 216 648 28 216 649 103 216 650 103 217 651 28 217 652 27 217 653 27 218 654 143 218 655 107 218 656 144 219 657 145 219 658 143 219 659 29 220 660 145 220 661 27 220 662 145 221 663 146 221 664 147 221 665 128 222 666 145 222 667 26 222 668 29 223 669 26 223 670 145 223 671 27 224 672 145 224 673 144 224 674 27 225 675 144 225 676 143 225 677 129 226 678 105 226 679 126 226 680 148 227 681 95 227 682 96 227 683 149 228 684 94 228 685 95 228 686 94 229 687 96 229 688 7 229 689 149 230 690 148 230 691 95 230 692 94 231 693 149 231 694 96 231 695 150 232 696 149 232 697 148 232 698 151 233 699 96 233 700 152 233 701 153 234 702 96 234 703 151 234 704 154 235 705 151 235 706 153 235 707 149 236 708 153 236 709 96 236 710 155 237 711 151 237 712 97 237 713 148 238 714 99 238 715 107 238 716 99 239 717 101 239 718 107 239 719 156 240 720 148 240 721 107 240 722 150 241 723 100 241 724 153 241 725 100 242 726 150 242 727 156 242 728 150 243 729 148 243 730 156 243 731 100 244 732 99 244 733 148 244 734 153 245 735 100 245 736 148 245 737 149 246 738 157 246 739 158 246 740 157 247 741 153 247 742 149 247 743 153 248 744 159 248 745 150 248 746 159 249 747 153 249 748 157 249 749 159 250 750 156 250 751 158 250 752 159 251 753 149 251 754 158 251 755 149 252 756 159 252 757 150 252 758 151 253 759 160 253 760 154 253 761 143 254 762 146 254 763 156 254 764 143 255 765 156 255 766 107 255 767 161 256 768 162 256 769 163 256 770 163 257 771 162 257 772 164 257 773 162 258 774 161 258 775 165 258 776 162 259 777 165 259 778 164 259 779 165 260 780 161 260 781 156 260 782 161 261 783 166 261 784 156 261 785 163 262 786 128 262 787 103 262 788 163 263 789 164 263 790 146 263 791 128 264 792 163 264 793 145 264 794 164 265 795 165 265 796 146 265 797 165 266 798 156 266 799 167 266 800 146 267 801 165 267 802 167 267 803 146 268 804 167 268 805 156 268 806 103 269 807 161 269 808 163 269 809 168 270 810 169 270 811 170 270 812 170 271 813 171 271 814 168 271 815 171 272 816 172 272 817 168 272 818 102 273 819 171 273 820 103 273 821 173 274 822 161 274 823 103 274 824 171 275 825 173 275 826 103 275 827 174 276 828 170 276 829 169 276 830 175 277 831 174 277 832 173 277 833 170 278 834 175 278 835 173 278 836 170 279 837 173 279 838 171 279 839 173 280 840 176 280 841 161 280 842 175 281 843 177 281 844 174 281 845 175 282 846 170 282 847 172 282 848 171 283 849 175 283 850 172 283 851 171 284 852 102 284 853 175 284 854 163 285 855 146 285 856 145 285 857 178 286 858 179 286 859 180 286 860 170 287 861 177 287 862 174 287 863 181 288 864 182 288 865 183 288 866 184 289 867 185 289 868 186 289 869 184 290 870 187 290 871 188 290 872 185 291 873 184 291 874 97 291 875 183 292 876 186 292 877 189 292 878 189 293 879 181 293 880 183 293 881 186 294 882 185 294 883 189 294 884 190 295 885 186 295 886 183 295 887 191 296 888 182 296 889 192 296 890 97 297 891 158 297 892 185 297 893 193 298 894 194 298 895 156 298 896 194 299 897 195 299 898 156 299 899 195 300 900 156 300 901 196 300 902 156 301 903 197 301 904 158 301 905 158 302 906 197 302 907 185 302 908 198 303 909 199 303 910 200 303 911 199 304 912 201 304 913 202 304 914 200 305 915 199 305 916 202 305 917 201 306 918 203 306 919 197 306 920 204 307 921 197 307 922 203 307 923 205 308 924 206 308 925 207 308 926 208 309 927 205 309 928 207 309 929 206 310 930 205 310 931 209 310 932 210 311 933 205 311 934 211 311 935 211 312 936 209 312 937 210 312 938 205 313 939 210 313 940 209 313 941 206 314 942 197 314 943 204 314 944 208 315 945 206 315 946 212 315 947 208 316 948 204 316 949 212 316 950 209 317 951 197 317 952 206 317 953 208 318 954 203 318 955 211 318 956 213 319 957 204 319 958 203 319 959 208 320 960 203 320 961 213 320 962 199 321 963 203 321 964 201 321 965 207 322 966 206 322 967 208 322 968 197 323 969 209 323 970 185 323 971 185 324 972 209 324 973 214 324 974 212 325 975 206 325 976 204 325 977 184 326 978 186 326 979 187 326 980 190 327 981 183 327 982 215 327 983 197 328 984 216 328 985 201 328 986 216 329 987 197 329 988 156 329 989 217 330 990 195 330 991 216 330 992 156 331 993 217 331 994 216 331 995 214 332 996 218 332 997 185 332 998 202 333 999 185 333 1000 218 333 1001 218 334 1002 219 334 1003 220 334 1004 221 335 1005 214 335 1006 222 335 1007 222 336 1008 218 336 1009 221 336 1010 218 337 1011 214 337 1012 221 337 1013 195 338 1014 217 338 1015 196 338 1016 219 339 1017 200 339 1018 202 339 1019 189 340 1020 185 340 1021 202 340 1022 223 341 1023 224 341 1024 181 341 1025 223 342 1026 225 342 1027 224 342 1028 223 343 1029 181 343 1030 226 343 1031 227 344 1032 228 344 1033 189 344 1034 227 345 1035 189 345 1036 201 345 1037 202 346 1038 201 346 1039 189 346 1040 226 347 1041 181 347 1042 189 347 1043 230 348 1044 229 348 1045 231 348 1046 232 349 1047 229 349 1048 233 349 1049 233 350 1050 229 350 1051 234 350 1052 235 351 1053 236 351 1054 237 351 1055 236 352 1056 238 352 1057 237 352 1058 232 353 1059 239 353 1060 240 353 1061 240 354 1062 239 354 1063 238 354 1064 237 355 1065 238 355 1066 239 355 1067 233 356 1068 241 356 1069 234 356 1070 232 357 1071 242 357 1072 239 357 1073 243 358 1074 232 358 1075 240 358 1076 244 359 1077 232 359 1078 245 359 1079 242 360 1080 232 360 1081 233 360 1082 232 361 1083 243 361 1084 246 361 1085 245 362 1086 232 362 1087 247 362 1088 248 363 1089 242 363 1090 233 363 1091 248 364 1092 241 364 1093 234 364 1094 248 365 1095 234 365 1096 242 365 1097 234 366 1098 239 366 1099 242 366 1100 248 367 1101 249 367 1102 250 367 1103 247 368 1104 251 368 1105 252 368 1106 253 369 1107 254 369 1108 229 369 1109 229 370 1110 254 370 1111 234 370 1112 226 371 1113 255 371 1114 223 371 1115 256 372 1116 257 372 1117 250 372 1118 249 373 1119 256 373 1120 233 373 1121 249 374 1122 257 374 1123 256 374 1124 233 375 1125 249 375 1126 250 375 1127 248 376 1128 258 376 1129 241 376 1130 256 377 1131 241 377 1132 250 377 1133 254 378 1134 256 378 1135 233 378 1136 256 379 1137 258 379 1138 241 379 1139 233 380 1140 250 380 1141 241 380 1142 226 381 1143 256 381 1144 258 381 1145 254 382 1146 256 382 1147 234 382 1148 234 383 1149 256 383 1150 239 383 1151 256 384 1152 226 384 1153 239 384 1154 233 385 1155 254 385 1156 248 385 1157 259 386 1158 86 386 1159 80 386 1160 260 387 1161 261 387 1162 259 387 1163 260 388 1164 45 388 1165 262 388 1166 259 389 1167 261 389 1168 86 389 1169 81 390 1170 80 390 1171 86 390 1172 263 391 1173 264 391 1174 265 391 1175 266 392 1176 168 392 1177 267 392 1178 263 393 1179 268 393 1180 269 393 1181 268 394 1182 270 394 1183 269 394 1184 270 395 1185 269 395 1186 271 395 1187 269 396 1188 267 396 1189 272 396 1190 272 397 1191 169 397 1192 266 397 1193 169 398 1194 168 398 1195 266 398 1196 169 399 1197 172 399 1198 272 399 1199 271 400 1200 269 400 1201 272 400 1202 273 401 1203 270 401 1204 271 401 1205 267 402 1206 272 402 1207 172 402 1208 172 403 1209 267 403 1210 168 403 1211 274 404 1212 275 404 1213 271 404 1214 276 405 1215 274 405 1216 271 405 1217 275 406 1218 273 406 1219 271 406 1220 277 407 1221 276 407 1222 271 407 1223 278 408 1224 277 408 1225 271 408 1226 279 409 1227 280 409 1228 273 409 1229 274 410 1230 278 410 1231 275 410 1232 277 411 1233 274 411 1234 278 411 1235 275 412 1236 279 412 1237 273 412 1238 263 413 1239 265 413 1240 270 413 1241 268 414 1242 265 414 1243 270 414 1244 281 415 1245 282 415 1246 267 415 1247 283 416 1248 281 416 1249 267 416 1250 267 417 1251 282 417 1252 284 417 1253 284 418 1254 282 418 1255 285 418 1256 267 419 1257 284 419 1258 286 419 1259 271 420 1260 268 420 1261 278 420 1262 268 421 1263 273 421 1264 287 421 1265 268 422 1266 273 422 1267 278 422 1268 269 423 1269 283 423 1270 267 423 1271 283 424 1272 269 424 1273 263 424 1274 283 425 1275 288 425 1276 263 425 1277 280 426 1278 274 426 1279 276 426 1280 263 427 1281 270 427 1282 273 427 1283 280 428 1284 289 428 1285 273 428 1286 279 429 1287 277 429 1288 274 429 1289 279 430 1290 280 430 1291 274 430 1292 278 431 1293 279 431 1294 275 431 1295 273 432 1296 287 432 1297 263 432 1298 290 433 1299 263 433 1300 268 433 1301 291 434 1302 292 434 1303 272 434 1304 276 435 1305 292 435 1306 272 435 1307 267 436 1308 286 436 1309 266 436 1310 284 437 1311 293 437 1312 286 437 1313 285 438 1314 293 438 1315 284 438 1316 294 439 1317 295 439 1318 266 439 1319 286 440 1320 294 440 1321 266 440 1322 290 441 1323 264 441 1324 263 441 1325 296 442 1326 297 442 1327 288 442 1328 263 443 1329 280 443 1330 276 443 1331 276 444 1332 288 444 1333 296 444 1334 263 445 1335 288 445 1336 276 445 1337 263 446 1338 289 446 1339 280 446 1340 287 447 1341 289 447 1342 263 447 1343 289 448 1344 279 448 1345 278 448 1346 289 449 1347 273 449 1348 278 449 1349 264 450 1350 287 450 1351 265 450 1352 268 451 1353 265 451 1354 287 451 1355 298 452 1356 299 452 1357 300 452 1358 300 453 1359 299 453 1360 301 453 1361 299 454 1362 302 454 1363 301 454 1364 303 455 1365 304 455 1366 305 455 1367 303 456 1368 299 456 1369 304 456 1370 303 457 1371 302 457 1372 299 457 1373 300 458 1374 301 458 1375 306 458 1376 300 459 1377 306 459 1378 307 459 1379 306 460 1380 308 460 1381 307 460 1382 303 461 1383 305 461 1384 308 461 1385 307 462 1386 309 462 1387 310 462 1388 306 463 1389 303 463 1390 308 463 1391 305 464 1392 304 464 1393 308 464 1394 304 465 1395 309 465 1396 307 465 1397 307 466 1398 308 466 1399 304 466 1400 299 467 1401 311 467 1402 304 467 1403 309 468 1404 304 468 1405 311 468 1406 312 469 1407 313 469 1408 298 469 1409 314 470 1410 315 470 1411 298 470 1412 316 471 1413 298 471 1414 315 471 1415 299 472 1416 309 472 1417 317 472 1418 318 473 1419 299 473 1420 317 473 1421 311 474 1422 318 474 1423 299 474 1424 309 475 1425 298 475 1426 310 475 1427 298 476 1428 309 476 1429 299 476 1430 319 477 1431 317 477 1432 318 477 1433 319 478 1434 320 478 1435 321 478 1436 320 479 1437 322 479 1438 321 479 1439 319 480 1440 322 480 1441 311 480 1442 321 481 1443 322 481 1444 311 481 1445 311 482 1446 319 482 1447 309 482 1448 319 483 1449 321 483 1450 309 483 1451 321 484 1452 311 484 1453 323 484 1454 311 485 1455 323 485 1456 320 485 1457 317 486 1458 324 486 1459 323 486 1460 320 487 1461 317 487 1462 323 487 1463 325 488 1464 321 488 1465 323 488 1466 325 489 1467 317 489 1468 321 489 1469 324 490 1470 325 490 1471 317 490 1472 321 491 1473 317 491 1474 309 491 1475 319 492 1476 318 492 1477 322 492 1478 318 493 1479 322 493 1480 320 493 1481 320 494 1482 319 494 1483 317 494 1484 318 495 1485 326 495 1486 320 495 1487 320 496 1488 326 496 1489 327 496 1490 302 497 1491 306 497 1492 301 497 1493 306 498 1494 302 498 1495 303 498 1496 33 499 1497 73 499 1498 224 499 1499 33 500 1500 224 500 1501 66 500 1502 328 501 1503 329 501 1504 67 501 1505 67 502 1506 329 502 1507 30 502 1508 329 503 1509 328 503 1510 60 503 1511 329 504 1512 60 504 1513 84 504 1514 60 505 1515 83 505 1516 84 505 1517 224 506 1518 67 506 1519 66 506 1520 330 507 1521 331 507 1522 332 507 1523 333 508 1524 330 508 1525 332 508 1526 334 509 1527 335 509 1528 336 509 1529 337 510 1530 332 510 1531 334 510 1532 330 511 1533 334 511 1534 337 511 1535 332 512 1536 335 512 1537 334 512 1538 332 513 1539 331 513 1540 335 513 1541 330 514 1542 338 514 1543 334 514 1544 338 515 1545 331 515 1546 330 515 1547 339 516 1548 331 516 1549 338 516 1550 331 517 1551 334 517 1552 339 517 1553 335 518 1554 331 518 1555 340 518 1556 331 519 1557 340 519 1558 334 519 1559 336 520 1560 335 520 1561 340 520 1562 341 521 1563 339 521 1564 338 521 1565 339 522 1566 341 522 1567 334 522 1568 340 523 1569 334 523 1570 342 523 1571 334 524 1572 336 524 1573 342 524 1574 338 525 1575 334 525 1576 343 525 1577 343 526 1578 334 526 1579 341 526 1580 344 527 1581 340 527 1582 342 527 1583 330 528 1584 182 528 1585 191 528 1586 330 529 1587 333 529 1588 182 529 1589 262 530 1590 330 530 1591 191 530 1592 345 531 1593 332 531 1594 337 531 1595 44 532 1596 345 532 1597 337 532 1598 337 533 1599 330 533 1600 262 533 1601 262 534 1602 44 534 1603 337 534 1604 77 535 1605 80 535 1606 78 535 1607 346 536 1608 347 536 1609 348 536 1610 350 537 1611 349 537 1612 346 537 1613 351 538 1614 347 538 1615 352 538 1616 352 539 1617 351 539 1618 350 539 1619 350 540 1620 353 540 1621 347 540 1622 353 541 1623 354 541 1624 347 541 1625 354 542 1626 355 542 1627 352 542 1628 354 543 1629 347 543 1630 355 543 1631 353 544 1632 351 544 1633 350 544 1634 349 545 1635 353 545 1636 351 545 1637 352 546 1638 354 546 1639 348 546 1640 350 547 1641 346 547 1642 347 547 1643 347 548 1644 352 548 1645 348 548 1646 237 549 1647 228 549 1648 356 549 1649 352 550 1650 350 550 1651 228 550 1652 356 551 1653 228 551 1654 349 551 1655 228 552 1656 226 552 1657 189 552 1658 237 553 1659 239 553 1660 226 553 1661 228 554 1662 237 554 1663 226 554 1664 357 555 1665 358 555 1666 351 555 1667 359 556 1668 358 556 1669 357 556 1670 357 557 1671 351 557 1672 347 557 1673 227 558 1674 360 558 1675 228 558 1676 356 559 1677 361 559 1678 362 559 1679 363 560 1680 364 560 1681 361 560 1682 357 561 1683 347 561 1684 355 561 1685 357 562 1686 355 562 1687 352 562 1688 228 563 1689 357 563 1690 352 563 1691 360 564 1692 365 564 1693 228 564 1694 366 565 1695 367 565 1696 360 565 1697 360 566 1698 368 566 1699 366 566 1700 367 567 1701 365 567 1702 360 567 1703 368 568 1704 369 568 1705 366 568 1706 370 569 1707 365 569 1708 371 569 1709 370 570 1710 365 570 1711 366 570 1712 366 571 1713 365 571 1714 367 571 1715 372 572 1716 228 572 1717 365 572 1718 373 573 1719 372 573 1720 365 573 1721 357 574 1722 228 574 1723 359 574 1724 359 575 1725 228 575 1726 372 575 1727 371 576 1728 373 576 1729 365 576 1730 356 577 1731 363 577 1732 364 577 1733 351 578 1734 364 578 1735 349 578 1736 364 579 1737 356 579 1738 349 579 1739 356 580 1740 374 580 1741 237 580 1742 349 581 1743 350 581 1744 228 581 1745 374 582 1746 244 582 1747 237 582 1748 375 583 1749 376 583 1750 374 583 1751 376 584 1752 375 584 1753 356 584 1754 375 585 1755 374 585 1756 377 585 1757 374 586 1758 356 586 1759 362 586 1760 377 587 1761 375 587 1762 356 587 1763 374 588 1764 362 588 1765 377 588 1766 376 589 1767 356 589 1768 363 589 1769 358 590 1770 364 590 1771 351 590 1772 376 591 1773 364 591 1774 358 591 1775 244 592 1776 376 592 1777 374 592 1778 310 593 1779 378 593 1780 307 593 1781 378 594 1782 379 594 1783 380 594 1784 381 595 1785 380 595 1786 379 595 1787 310 596 1788 381 596 1789 378 596 1790 307 597 1791 382 597 1792 300 597 1793 383 598 1794 300 598 1795 382 598 1796 378 599 1797 381 599 1798 384 599 1799 381 600 1800 379 600 1801 384 600 1802 385 601 1803 381 601 1804 310 601 1805 385 602 1806 386 602 1807 381 602 1808 378 603 1809 380 603 1810 307 603 1811 380 604 1812 382 604 1813 307 604 1814 386 605 1815 387 605 1816 381 605 1817 387 606 1818 380 606 1819 381 606 1820 388 607 1821 389 607 1822 384 607 1823 388 608 1824 386 608 1825 389 608 1826 389 609 1827 379 609 1828 390 609 1829 385 610 1830 388 610 1831 384 610 1832 386 611 1833 379 611 1834 385 611 1835 386 612 1836 379 612 1837 389 612 1838 385 613 1839 379 613 1840 384 613 1841 390 614 1842 378 614 1843 384 614 1844 390 615 1845 379 615 1846 378 615 1847 380 616 1848 391 616 1849 392 616 1850 380 617 1851 392 617 1852 393 617 1853 394 618 1854 387 618 1855 395 618 1856 394 619 1857 396 619 1858 387 619 1859 393 620 1860 382 620 1861 380 620 1862 387 621 1863 397 621 1864 380 621 1865 300 622 1866 383 622 1867 392 622 1868 391 623 1869 300 623 1870 392 623 1871 114 624 1872 398 624 1873 115 624 1874 114 625 1875 399 625 1876 398 625 1877 215 626 1878 400 626 1879 398 626 1880 400 627 1881 401 627 1882 402 627 1883 398 628 1884 400 628 1885 402 628 1886 402 629 1887 178 629 1888 403 629 1889 398 630 1890 403 630 1891 404 630 1892 115 631 1893 398 631 1894 404 631 1895 398 632 1896 402 632 1897 403 632 1898 100 633 1899 404 633 1900 405 633 1901 404 634 1902 115 634 1903 100 634 1904 406 635 1905 100 635 1906 115 635 1907 407 636 1908 404 636 1909 195 636 1910 403 637 1911 179 637 1912 180 637 1913 404 638 1914 407 638 1915 408 638 1916 406 639 1917 404 639 1918 405 639 1919 195 640 1920 404 640 1921 216 640 1922 179 641 1923 409 641 1924 216 641 1925 404 642 1926 403 642 1927 216 642 1928 409 643 1929 179 643 1930 410 643 1931 403 644 1932 179 644 1933 216 644 1934 402 645 1935 411 645 1936 175 645 1937 156 646 1938 406 646 1939 193 646 1940 193 647 1941 412 647 1942 413 647 1943 414 648 1944 415 648 1945 412 648 1946 412 649 1947 414 649 1948 193 649 1949 414 650 1950 406 650 1951 193 650 1952 115 651 1953 156 651 1954 159 651 1955 406 652 1956 408 652 1957 414 652 1958 115 653 1959 406 653 1960 156 653 1961 195 654 1962 415 654 1963 193 654 1964 414 655 1965 407 655 1966 415 655 1967 416 656 1968 407 656 1969 414 656 1970 416 657 1971 408 657 1972 407 657 1973 193 658 1974 195 658 1975 417 658 1976 413 659 1977 415 659 1978 193 659 1979 416 660 1980 414 660 1981 418 660 1982 408 661 1983 414 661 1984 418 661 1985 404 662 1986 408 662 1987 406 662 1988 400 663 1989 215 663 1990 419 663 1991 398 664 1992 215 664 1993 399 664 1994 215 665 1995 399 665 1996 190 665 1997 420 666 1998 405 666 1999 415 666 2000 407 667 2001 195 667 2002 415 667 2003 195 668 2004 420 668 2005 194 668 2006 416 669 2007 405 669 2008 408 669 2009 405 670 2010 415 670 2011 416 670 2012 417 671 2013 195 671 2014 420 671 2015 217 672 2016 405 672 2017 420 672 2018 405 673 2019 408 673 2020 418 673 2021 405 674 2022 406 674 2023 418 674 2024 420 675 2025 196 675 2026 217 675 2027 225 676 2028 332 676 2029 421 676 2030 332 677 2031 345 677 2032 421 677 2033 40 678 2034 37 678 2035 82 678 2036 82 679 2037 37 679 2038 36 679 2039 181 680 2040 224 680 2041 36 680 2042 39 681 2043 88 681 2044 38 681 2045 88 682 2046 422 682 2047 38 682 2048 181 683 2049 36 683 2050 38 683 2051 422 684 2052 182 684 2053 38 684 2054 182 685 2055 181 685 2056 38 685 2057 113 686 2058 188 686 2059 423 686 2060 187 687 2061 113 687 2062 188 687 2063 399 688 2064 114 688 2065 190 688 2066 190 689 2067 114 689 2068 113 689 2069 22 690 2070 158 690 2071 97 690 2072 157 691 2073 158 691 2074 22 691 2075 98 692 2076 97 692 2077 151 692 2078 157 693 2079 22 693 2080 98 693 2081 151 694 2082 157 694 2083 98 694 2084 160 695 2085 157 695 2086 151 695 2087 111 696 2088 110 696 2089 157 696 2090 110 697 2091 159 697 2092 157 697 2093 113 698 2094 160 698 2095 423 698 2096 113 699 2097 112 699 2098 160 699 2099 111 700 2100 157 700 2101 112 700 2102 112 701 2103 157 701 2104 160 701 2105 115 702 2106 159 702 2107 110 702 2108 44 703 2109 75 703 2110 345 703 2111 345 704 2112 75 704 2113 74 704 2114 345 705 2115 74 705 2116 424 705 2117 421 706 2118 345 706 2119 424 706 2120 43 707 2121 75 707 2122 44 707 2123 44 708 2124 262 708 2125 45 708 2126 154 709 2127 148 709 2128 96 709 2129 153 710 2130 148 710 2131 154 710 2132 152 711 2133 151 711 2134 155 711 2135 152 712 2136 184 712 2137 96 712 2138 96 713 2139 184 713 2140 154 713 2141 113 714 2142 190 714 2143 187 714 2144 190 715 2145 187 715 2146 423 715 2147 184 716 2148 425 716 2149 152 716 2150 425 717 2151 155 717 2152 184 717 2153 155 718 2154 152 718 2155 154 718 2156 184 719 2157 155 719 2158 97 719 2159 187 720 2160 425 720 2161 426 720 2162 425 721 2163 187 721 2164 186 721 2165 188 722 2166 426 722 2167 425 722 2168 425 723 2169 154 723 2170 188 723 2171 154 724 2172 184 724 2173 188 724 2174 423 725 2175 160 725 2176 425 725 2177 426 726 2178 188 726 2179 423 726 2180 423 727 2181 426 727 2182 187 727 2183 423 728 2184 425 728 2185 186 728 2186 190 729 2187 423 729 2188 186 729 2189 160 730 2190 155 730 2191 425 730 2192 155 731 2193 160 731 2194 154 731 2195 152 732 2196 154 732 2197 425 732 2198 332 733 2199 427 733 2200 333 733 2201 428 734 2202 333 734 2203 223 734 2204 223 735 2205 428 735 2206 429 735 2207 225 736 2208 429 736 2209 427 736 2210 255 737 2211 333 737 2212 223 737 2213 223 738 2214 429 738 2215 225 738 2216 333 739 2217 428 739 2218 427 739 2219 255 740 2220 430 740 2221 333 740 2222 427 741 2223 332 741 2224 225 741 2225 431 742 2226 432 742 2227 433 742 2228 67 743 2229 225 743 2230 224 743 2231 434 744 2232 427 744 2233 428 744 2234 429 745 2235 435 745 2236 428 745 2237 434 746 2238 435 746 2239 428 746 2240 429 747 2241 434 747 2242 427 747 2243 436 748 2244 254 748 2245 253 748 2246 437 749 2247 396 749 2248 438 749 2249 440 750 2250 439 750 2251 438 750 2252 438 751 2253 441 751 2254 439 751 2255 442 752 2256 439 752 2257 436 752 2258 440 753 2259 443 753 2260 438 753 2261 313 754 2262 439 754 2263 436 754 2264 396 755 2265 437 755 2266 315 755 2267 314 756 2268 396 756 2269 315 756 2270 432 757 2271 439 757 2272 431 757 2273 439 758 2274 441 758 2275 432 758 2276 444 759 2277 445 759 2278 446 759 2279 447 760 2280 439 760 2281 313 760 2282 431 761 2283 448 761 2284 447 761 2285 431 762 2286 447 762 2287 313 762 2288 441 763 2289 333 763 2290 446 763 2291 333 764 2292 430 764 2293 446 764 2294 439 765 2295 446 765 2296 444 765 2297 439 766 2298 444 766 2299 448 766 2300 445 767 2301 448 767 2302 432 767 2303 439 768 2304 446 768 2305 430 768 2306 448 769 2307 439 769 2308 431 769 2309 430 770 2310 449 770 2311 439 770 2312 441 771 2313 446 771 2314 432 771 2315 439 772 2316 450 772 2317 447 772 2318 255 773 2319 430 773 2320 451 773 2321 439 774 2322 449 774 2323 450 774 2324 430 775 2325 452 775 2326 449 775 2327 450 776 2328 430 776 2329 436 776 2330 445 777 2331 432 777 2332 446 777 2333 452 778 2334 430 778 2335 450 778 2336 432 779 2337 448 779 2338 433 779 2339 433 780 2340 448 780 2341 447 780 2342 445 781 2343 453 781 2344 448 781 2345 453 782 2346 448 782 2347 444 782 2348 454 783 2349 419 783 2350 455 783 2351 456 784 2352 454 784 2353 401 784 2354 456 785 2355 454 785 2356 457 785 2357 458 786 2358 454 786 2359 457 786 2360 454 787 2361 458 787 2362 419 787 2363 460 788 2364 459 788 2365 120 788 2366 461 789 2367 459 789 2368 120 789 2369 462 790 2370 290 790 2371 463 790 2372 462 791 2373 464 791 2374 465 791 2375 463 792 2376 462 792 2377 465 792 2378 419 793 2379 462 793 2380 466 793 2381 402 794 2382 290 794 2383 467 794 2384 401 795 2385 290 795 2386 402 795 2387 467 796 2388 290 796 2389 468 796 2390 467 797 2391 468 797 2392 469 797 2393 402 798 2394 467 798 2395 469 798 2396 419 799 2397 466 799 2398 455 799 2399 466 800 2400 455 800 2401 290 800 2402 470 801 2403 471 801 2404 472 801 2405 472 802 2406 471 802 2407 455 802 2408 459 803 2409 470 803 2410 473 803 2411 459 804 2412 472 804 2413 473 804 2414 455 805 2415 401 805 2416 472 805 2417 401 806 2418 472 806 2419 459 806 2420 455 807 2421 290 807 2422 401 807 2423 454 808 2424 401 808 2425 460 808 2426 474 809 2427 459 809 2428 461 809 2429 455 810 2430 471 810 2431 454 810 2432 471 811 2433 454 811 2434 460 811 2435 471 812 2436 461 812 2437 460 812 2438 401 813 2439 459 813 2440 460 813 2441 459 814 2442 471 814 2443 470 814 2444 468 815 2445 290 815 2446 411 815 2447 468 816 2448 411 816 2449 402 816 2450 472 817 2451 475 817 2452 473 817 2453 476 818 2454 475 818 2455 473 818 2456 470 819 2457 472 819 2458 476 819 2459 475 820 2460 477 820 2461 472 820 2462 477 821 2463 476 821 2464 472 821 2465 478 822 2466 419 822 2467 401 822 2468 419 823 2469 479 823 2470 480 823 2471 419 824 2472 480 824 2473 400 824 2474 419 825 2475 462 825 2476 215 825 2477 478 826 2478 401 826 2479 400 826 2480 419 827 2481 479 827 2482 478 827 2483 478 828 2484 400 828 2485 480 828 2486 401 829 2487 419 829 2488 458 829 2489 456 830 2490 401 830 2491 458 830 2492 456 831 2493 458 831 2494 123 831 2495 473 832 2496 470 832 2497 480 832 2498 473 833 2499 480 833 2500 476 833 2501 476 834 2502 478 834 2503 479 834 2504 470 835 2505 478 835 2506 476 835 2507 478 836 2508 470 836 2509 480 836 2510 479 837 2511 476 837 2512 480 837 2513 476 838 2514 477 838 2515 475 838 2516 457 839 2517 456 839 2518 117 839 2519 405 840 2520 175 840 2521 100 840 2522 100 841 2523 119 841 2524 127 841 2525 100 842 2526 175 842 2527 119 842 2528 116 843 2529 120 843 2530 101 843 2531 481 844 2532 463 844 2533 482 844 2534 463 845 2535 465 845 2536 483 845 2537 483 846 2538 465 846 2539 481 846 2540 463 847 2541 482 847 2542 483 847 2543 119 848 2544 482 848 2545 483 848 2546 482 849 2547 102 849 2548 481 849 2549 483 850 2550 460 850 2551 461 850 2552 460 851 2553 102 851 2554 120 851 2555 460 852 2556 483 852 2557 102 852 2558 119 853 2559 483 853 2560 120 853 2561 481 854 2562 102 854 2563 483 854 2564 483 855 2565 461 855 2566 120 855 2567 175 856 2568 482 856 2569 119 856 2570 120 857 2571 102 857 2572 101 857 2573 463 858 2574 464 858 2575 481 858 2576 465 859 2577 464 859 2578 481 859 2579 456 860 2580 123 860 2581 121 860 2582 117 861 2583 456 861 2584 121 861 2585 457 862 2586 117 862 2587 123 862 2588 264 863 2589 484 863 2590 485 863 2591 485 864 2592 264 864 2593 486 864 2594 486 865 2595 487 865 2596 488 865 2597 486 866 2598 489 866 2599 488 866 2600 183 867 2601 441 867 2602 264 867 2603 264 868 2604 183 868 2605 462 868 2606 491 869 2607 490 869 2608 264 869 2609 183 870 2610 182 870 2611 441 870 2612 491 871 2613 492 871 2614 474 871 2615 493 872 2616 491 872 2617 474 872 2618 333 873 2619 441 873 2620 182 873 2621 461 874 2622 493 874 2623 474 874 2624 471 875 2625 492 875 2626 459 875 2627 493 876 2628 471 876 2629 461 876 2630 471 877 2631 492 877 2632 493 877 2633 474 878 2634 492 878 2635 459 878 2636 464 879 2637 290 879 2638 463 879 2639 491 880 2640 494 880 2641 492 880 2642 464 881 2643 264 881 2644 462 881 2645 264 882 2646 464 882 2647 290 882 2648 492 883 2649 494 883 2650 264 883 2651 492 884 2652 264 884 2653 493 884 2654 491 885 2655 264 885 2656 493 885 2657 491 886 2658 490 886 2659 494 886 2660 183 887 2661 462 887 2662 215 887 2663 495 888 2664 396 888 2665 496 888 2666 496 889 2667 396 889 2668 314 889 2669 497 890 2670 496 890 2671 498 890 2672 499 891 2673 496 891 2674 497 891 2675 498 892 2676 496 892 2677 314 892 2678 500 893 2679 484 893 2680 494 893 2681 494 894 2682 484 894 2683 485 894 2684 494 895 2685 490 895 2686 500 895 2687 443 896 2688 387 896 2689 490 896 2690 490 897 2691 440 897 2692 442 897 2693 500 898 2694 490 898 2695 442 898 2696 443 899 2697 440 899 2698 490 899 2699 484 900 2700 489 900 2701 486 900 2702 501 901 2703 490 901 2704 316 901 2705 387 902 2706 490 902 2707 501 902 2708 264 903 2709 441 903 2710 490 903 2711 438 904 2712 396 904 2713 490 904 2714 490 905 2715 396 905 2716 394 905 2717 394 906 2718 502 906 2719 490 906 2720 490 907 2721 441 907 2722 438 907 2723 500 908 2724 503 908 2725 487 908 2726 504 909 2727 503 909 2728 500 909 2729 500 910 2730 487 910 2731 484 910 2732 487 911 2733 503 911 2734 505 911 2735 485 912 2736 487 912 2737 486 912 2738 489 913 2739 484 913 2740 487 913 2741 74 914 2742 59 914 2743 424 914 2744 328 915 2745 59 915 2746 58 915 2747 421 916 2748 59 916 2749 328 916 2750 60 917 2751 328 917 2752 58 917 2753 424 918 2754 59 918 2755 421 918 2756 45 919 2757 260 919 2758 62 919 2759 62 920 2760 260 920 2761 506 920 2762 506 921 2763 260 921 2764 63 921 2765 84 922 2766 57 922 2767 56 922 2768 84 923 2769 45 923 2770 57 923 2771 45 924 2772 62 924 2773 57 924 2774 507 925 2775 368 925 2776 360 925 2777 508 926 2778 368 926 2779 507 926 2780 509 927 2781 368 927 2782 508 927 2783 409 928 2784 368 928 2785 216 928 2786 510 929 2787 272 929 2788 368 929 2789 402 930 2790 511 930 2791 512 930 2792 410 931 2793 513 931 2794 514 931 2795 514 932 2796 513 932 2797 515 932 2798 516 933 2799 175 933 2800 176 933 2801 518 934 2802 517 934 2803 519 934 2804 177 935 2805 520 935 2806 516 935 2807 521 936 2808 516 936 2809 519 936 2810 518 937 2811 516 937 2812 519 937 2813 520 938 2814 517 938 2815 518 938 2816 516 939 2817 520 939 2818 521 939 2819 177 940 2820 169 940 2821 516 940 2822 520 941 2823 368 941 2824 522 941 2825 173 942 2826 516 942 2827 176 942 2828 173 943 2829 174 943 2830 516 943 2831 524 944 2832 523 944 2833 525 944 2834 524 945 2835 523 945 2836 176 945 2837 526 946 2838 515 946 2839 522 946 2840 522 947 2841 526 947 2842 527 947 2843 523 948 2844 515 948 2845 526 948 2846 176 949 2847 523 949 2848 526 949 2849 515 950 2850 523 950 2851 527 950 2852 410 951 2853 515 951 2854 527 951 2855 409 952 2856 522 952 2857 176 952 2858 522 953 2859 527 953 2860 409 953 2861 522 954 2862 368 954 2863 161 954 2864 161 955 2865 522 955 2866 176 955 2867 409 956 2868 161 956 2869 528 956 2870 161 957 2871 368 957 2872 409 957 2873 179 958 2874 520 958 2875 522 958 2876 178 959 2877 520 959 2878 179 959 2879 513 960 2880 179 960 2881 522 960 2882 522 961 2883 515 961 2884 513 961 2885 524 962 2886 410 962 2887 513 962 2888 511 963 2889 510 963 2890 520 963 2891 512 964 2892 511 964 2893 520 964 2894 177 965 2895 512 965 2896 520 965 2897 511 966 2898 510 966 2899 177 966 2900 529 967 2901 177 967 2902 530 967 2903 510 968 2904 531 968 2905 530 968 2906 510 969 2907 530 969 2908 177 969 2909 531 970 2910 532 970 2911 510 970 2912 520 971 2913 510 971 2914 368 971 2915 511 972 2916 533 972 2917 177 972 2918 177 973 2919 533 973 2920 534 973 2921 532 974 2922 535 974 2923 531 974 2924 410 975 2925 179 975 2926 524 975 2927 402 976 2928 520 976 2929 178 976 2930 402 977 2931 520 977 2932 175 977 2933 175 978 2934 178 978 2935 176 978 2936 518 979 2937 520 979 2938 175 979 2939 518 980 2940 175 980 2941 516 980 2942 176 981 2943 178 981 2944 524 981 2945 514 982 2946 525 982 2947 515 982 2948 524 983 2949 525 983 2950 514 983 2951 515 984 2952 410 984 2953 525 984 2954 514 985 2955 410 985 2956 536 985 2957 174 986 2958 169 986 2959 516 986 2960 469 987 2961 468 987 2962 512 987 2963 402 988 2964 469 988 2965 511 988 2966 468 989 2967 402 989 2968 512 989 2969 469 990 2970 512 990 2971 533 990 2972 511 991 2973 469 991 2974 533 991 2975 537 992 2976 217 992 2977 166 992 2978 166 993 2979 217 993 2980 156 993 2981 520 994 2982 517 994 2983 521 994 2984 525 995 2985 410 995 2986 536 995 2987 536 996 2988 525 996 2989 523 996 2990 523 997 2991 536 997 2992 527 997 2993 409 998 2994 176 998 2995 528 998 2996 176 999 2997 526 999 2998 527 999 2999 528 1000 3000 176 1000 3001 527 1000 3002 410 1001 3003 527 1001 3004 409 1001 3005 528 1002 3006 161 1002 3007 166 1002 3008 538 1003 3009 528 1003 3010 166 1003 3011 528 1004 3012 538 1004 3013 537 1004 3014 517 1005 3015 519 1005 3016 538 1005 3017 517 1006 3018 538 1006 3019 521 1006 3020 519 1007 3021 166 1007 3022 521 1007 3023 519 1008 3024 538 1008 3025 166 1008 3026 166 1009 3027 521 1009 3028 537 1009 3029 521 1010 3030 538 1010 3031 537 1010 3032 514 1011 3033 524 1011 3034 536 1011 3035 179 1012 3036 513 1012 3037 536 1012 3038 180 1013 3039 178 1013 3040 513 1013 3041 536 1014 3042 524 1014 3043 179 1014 3044 172 1015 3045 169 1015 3046 177 1015 3047 177 1016 3048 534 1016 3049 512 1016 3050 512 1017 3051 534 1017 3052 175 1017 3053 533 1018 3054 512 1018 3055 529 1018 3056 529 1019 3057 533 1019 3058 534 1019 3059 529 1020 3060 175 1020 3061 177 1020 3062 534 1021 3063 529 1021 3064 175 1021 3065 411 1022 3066 175 1022 3067 512 1022 3068 411 1023 3069 512 1023 3070 529 1023 3071 524 1024 3072 178 1024 3073 513 1024 3074 172 1025 3075 177 1025 3076 170 1025 3077 368 1026 3078 509 1026 3079 539 1026 3080 216 1027 3081 368 1027 3082 539 1027 3083 216 1028 3084 539 1028 3085 540 1028 3086 216 1029 3087 540 1029 3088 541 1029 3089 216 1030 3090 542 1030 3091 227 1030 3092 201 1031 3093 216 1031 3094 227 1031 3095 507 1032 3096 360 1032 3097 543 1032 3098 544 1033 3099 545 1033 3100 546 1033 3101 548 1034 3102 547 1034 3103 544 1034 3104 548 1035 3105 547 1035 3106 546 1035 3107 544 1036 3108 547 1036 3109 549 1036 3110 546 1037 3111 547 1037 3112 550 1037 3113 545 1038 3114 548 1038 3115 546 1038 3116 531 1039 3117 548 1039 3118 544 1039 3119 546 1040 3120 531 1040 3121 550 1040 3122 545 1041 3123 531 1041 3124 550 1041 3125 545 1042 3126 544 1042 3127 531 1042 3128 546 1043 3129 531 1043 3130 549 1043 3131 544 1044 3132 549 1044 3133 546 1044 3134 547 1045 3135 549 1045 3136 535 1045 3137 531 1046 3138 549 1046 3139 551 1046 3140 551 1047 3141 531 1047 3142 530 1047 3143 530 1048 3144 535 1048 3145 551 1048 3146 535 1049 3147 549 1049 3148 551 1049 3149 547 1050 3150 531 1050 3151 535 1050 3152 508 1051 3153 552 1051 3154 553 1051 3155 36 1052 3156 224 1052 3157 82 1052 3158 77 1053 3159 82 1053 3160 224 1053 3161 283 1054 3162 554 1054 3163 555 1054 3164 556 1055 3165 283 1055 3166 555 1055 3167 281 1056 3168 283 1056 3169 556 1056 3170 557 1057 3171 556 1057 3172 555 1057 3173 285 1058 3174 281 1058 3175 556 1058 3176 285 1059 3177 282 1059 3178 281 1059 3179 559 1060 3180 558 1060 3181 560 1060 3182 561 1061 3183 562 1061 3184 559 1061 3185 558 1062 3186 561 1062 3187 562 1062 3188 559 1063 3189 563 1063 3190 296 1063 3191 564 1064 3192 565 1064 3193 561 1064 3194 486 1065 3195 565 1065 3196 297 1065 3197 566 1066 3198 486 1066 3199 288 1066 3200 297 1067 3201 486 1067 3202 561 1067 3203 283 1068 3204 484 1068 3205 486 1068 3206 283 1069 3207 486 1069 3208 566 1069 3209 566 1070 3210 283 1070 3211 563 1070 3212 564 1071 3213 562 1071 3214 560 1071 3215 564 1072 3216 560 1072 3217 563 1072 3218 559 1073 3219 563 1073 3220 560 1073 3221 566 1074 3222 563 1074 3223 564 1074 3224 565 1075 3225 566 1075 3226 564 1075 3227 562 1076 3228 558 1076 3229 560 1076 3230 562 1077 3231 297 1077 3232 559 1077 3233 566 1078 3234 565 1078 3235 288 1078 3236 564 1079 3237 297 1079 3238 561 1079 3239 297 1080 3240 288 1080 3241 565 1080 3242 562 1081 3243 564 1081 3244 297 1081 3245 555 1082 3246 554 1082 3247 567 1082 3248 286 1083 3249 557 1083 3250 555 1083 3251 286 1084 3252 555 1084 3253 567 1084 3254 286 1085 3255 567 1085 3256 294 1085 3257 293 1086 3258 557 1086 3259 286 1086 3260 557 1087 3261 293 1087 3262 285 1087 3263 567 1088 3264 568 1088 3265 295 1088 3266 568 1089 3267 567 1089 3268 554 1089 3269 295 1090 3270 568 1090 3271 266 1090 3272 484 1091 3273 283 1091 3274 288 1091 3275 285 1092 3276 556 1092 3277 557 1092 3278 69 1093 3279 70 1093 3280 31 1093 3281 70 1094 3282 329 1094 3283 73 1094 3284 329 1095 3285 84 1095 3286 73 1095 3287 224 1096 3288 73 1096 3289 84 1096 3290 224 1097 3291 84 1097 3292 77 1097 3293 84 1098 3294 56 1098 3295 77 1098 3296 31 1099 3297 70 1099 3298 30 1099 3299 30 1100 3300 329 1100 3301 70 1100 3302 93 1101 3303 91 1101 3304 192 1101 3305 85 1102 3306 93 1102 3307 192 1102 3308 85 1103 3309 52 1103 3310 93 1103 3311 48 1104 3312 52 1104 3313 85 1104 3314 86 1105 3315 48 1105 3316 85 1105 3317 422 1106 3318 192 1106 3319 182 1106 3320 85 1107 3321 192 1107 3322 422 1107 3323 85 1108 3324 55 1108 3325 422 1108 3326 569 1109 3327 175 1109 3328 102 1109 3329 569 1110 3330 102 1110 3331 482 1110 3332 175 1111 3333 569 1111 3334 570 1111 3335 570 1112 3336 175 1112 3337 482 1112 3338 537 1113 3339 405 1113 3340 217 1113 3341 537 1114 3342 180 1114 3343 405 1114 3344 536 1115 3345 180 1115 3346 528 1115 3347 536 1116 3348 528 1116 3349 527 1116 3350 180 1117 3351 537 1117 3352 528 1117 3353 462 1118 3354 466 1118 3355 570 1118 3356 290 1119 3357 570 1119 3358 466 1119 3359 290 1120 3360 569 1120 3361 570 1120 3362 570 1121 3363 462 1121 3364 482 1121 3365 290 1122 3366 462 1122 3367 482 1122 3368 482 1123 3369 290 1123 3370 569 1123 3371 175 1124 3372 405 1124 3373 403 1124 3374 536 1125 3375 513 1125 3376 180 1125 3377 175 1126 3378 403 1126 3379 178 1126 3380 180 1127 3381 403 1127 3382 405 1127 3383 417 1128 3384 193 1128 3385 194 1128 3386 413 1129 3387 415 1129 3388 420 1129 3389 415 1130 3390 416 1130 3391 418 1130 3392 194 1131 3393 417 1131 3394 196 1131 3395 420 1132 3396 413 1132 3397 417 1132 3398 413 1133 3399 412 1133 3400 196 1133 3401 418 1134 3402 415 1134 3403 412 1134 3404 417 1135 3405 413 1135 3406 196 1135 3407 412 1136 3408 418 1136 3409 196 1136 3410 418 1137 3411 406 1137 3412 196 1137 3413 196 1138 3414 100 1138 3415 156 1138 3416 196 1139 3417 406 1139 3418 100 1139 3419 420 1140 3420 194 1140 3421 196 1140 3422 118 1141 3423 121 1141 3424 123 1141 3425 61 1142 3426 92 1142 3427 93 1142 3428 90 1143 3429 92 1143 3430 86 1143 3431 225 1144 3432 328 1144 3433 67 1144 3434 421 1145 3435 328 1145 3436 225 1145 3437 387 1146 3438 310 1146 3439 388 1146 3440 571 1147 3441 387 1147 3442 310 1147 3443 572 1148 3444 573 1148 3445 574 1148 3446 574 1149 3447 575 1149 3448 571 1149 3449 572 1150 3450 576 1150 3451 577 1150 3452 572 1151 3453 578 1151 3454 574 1151 3455 578 1152 3456 574 1152 3457 577 1152 3458 576 1153 3459 578 1153 3460 577 1153 3461 577 1154 3462 574 1154 3463 571 1154 3464 571 1155 3465 575 1155 3466 387 1155 3467 388 1156 3468 387 1156 3469 386 1156 3470 580 1157 3471 579 1157 3472 310 1157 3473 316 1158 3474 579 1158 3475 298 1158 3476 310 1159 3477 388 1159 3478 385 1159 3479 579 1160 3480 310 1160 3481 298 1160 3482 327 1161 3483 324 1161 3484 231 1161 3485 487 1162 3486 488 1162 3487 581 1162 3488 504 1163 3489 571 1163 3490 503 1163 3491 324 1164 3492 310 1164 3493 325 1164 3494 310 1165 3495 571 1165 3496 503 1165 3497 582 1166 3498 230 1166 3499 229 1166 3500 580 1167 3501 315 1167 3502 326 1167 3503 231 1168 3504 582 1168 3505 326 1168 3506 326 1169 3507 582 1169 3508 580 1169 3509 503 1170 3510 325 1170 3511 376 1170 3512 489 1171 3513 487 1171 3514 583 1171 3515 583 1172 3516 584 1172 3517 488 1172 3518 584 1173 3519 489 1173 3520 488 1173 3521 585 1174 3522 583 1174 3523 488 1174 3524 584 1175 3525 376 1175 3526 586 1175 3527 586 1176 3528 376 1176 3529 585 1176 3530 586 1177 3531 583 1177 3532 585 1177 3533 489 1178 3534 376 1178 3535 584 1178 3536 583 1179 3537 586 1179 3538 587 1179 3539 503 1180 3540 586 1180 3541 587 1180 3542 489 1181 3543 503 1181 3544 376 1181 3545 489 1182 3546 503 1182 3547 583 1182 3548 584 1183 3549 503 1183 3550 583 1183 3551 584 1184 3552 503 1184 3553 586 1184 3554 585 1185 3555 376 1185 3556 505 1185 3557 587 1186 3558 503 1186 3559 585 1186 3560 505 1187 3561 503 1187 3562 585 1187 3563 488 1188 3564 585 1188 3565 588 1188 3566 587 1189 3567 583 1189 3568 487 1189 3569 588 1190 3570 585 1190 3571 587 1190 3572 587 1191 3573 487 1191 3574 581 1191 3575 588 1192 3576 587 1192 3577 376 1192 3578 587 1193 3579 376 1193 3580 581 1193 3581 376 1194 3582 581 1194 3583 505 1194 3584 376 1195 3585 358 1195 3586 588 1195 3587 581 1196 3588 588 1196 3589 505 1196 3590 358 1197 3591 588 1197 3592 505 1197 3593 580 1198 3594 582 1198 3595 325 1198 3596 580 1199 3597 310 1199 3598 324 1199 3599 310 1200 3600 325 1200 3601 503 1200 3602 376 1201 3603 582 1201 3604 229 1201 3605 325 1202 3606 582 1202 3607 376 1202 3608 376 1203 3609 229 1203 3610 244 1203 3611 231 1204 3612 580 1204 3613 325 1204 3614 580 1205 3615 231 1205 3616 324 1205 3617 244 1206 3618 229 1206 3619 232 1206 3620 580 1207 3621 316 1207 3622 315 1207 3623 589 1208 3624 316 1208 3625 579 1208 3626 504 1209 3627 573 1209 3628 578 1209 3629 395 1210 3630 575 1210 3631 574 1210 3632 501 1211 3633 395 1211 3634 504 1211 3635 575 1212 3636 395 1212 3637 504 1212 3638 590 1213 3639 504 1213 3640 574 1213 3641 504 1214 3642 574 1214 3643 573 1214 3644 504 1215 3645 387 1215 3646 575 1215 3647 504 1216 3648 501 1216 3649 590 1216 3650 316 1217 3651 580 1217 3652 591 1217 3653 501 1218 3654 387 1218 3655 395 1218 3656 395 1219 3657 590 1219 3658 574 1219 3659 572 1220 3660 395 1220 3661 590 1220 3662 579 1221 3663 395 1221 3664 572 1221 3665 592 1222 3666 572 1222 3667 571 1222 3668 579 1223 3669 572 1223 3670 571 1223 3671 578 1224 3672 591 1224 3673 572 1224 3674 572 1225 3675 591 1225 3676 576 1225 3677 573 1226 3678 590 1226 3679 572 1226 3680 571 1227 3681 580 1227 3682 579 1227 3683 593 1228 3684 504 1228 3685 571 1228 3686 592 1229 3687 594 1229 3688 571 1229 3689 591 1230 3690 592 1230 3691 593 1230 3692 594 1231 3693 580 1231 3694 593 1231 3695 591 1232 3696 580 1232 3697 594 1232 3698 594 1233 3699 592 1233 3700 591 1233 3701 572 1234 3702 592 1234 3703 577 1234 3704 594 1235 3705 593 1235 3706 577 1235 3707 592 1236 3708 593 1236 3709 577 1236 3710 571 1237 3711 594 1237 3712 577 1237 3713 576 1238 3714 593 1238 3715 504 1238 3716 576 1239 3717 591 1239 3718 593 1239 3719 573 1240 3720 591 1240 3721 578 1240 3722 578 1241 3723 576 1241 3724 504 1241 3725 593 1242 3726 580 1242 3727 571 1242 3728 260 1243 3729 259 1243 3730 63 1243 3731 63 1244 3732 56 1244 3733 64 1244 3734 56 1245 3735 63 1245 3736 80 1245 3737 56 1246 3738 80 1246 3739 77 1246 3740 80 1247 3741 63 1247 3742 259 1247 3743 595 1248 3744 596 1248 3745 597 1248 3746 596 1249 3747 312 1249 3748 595 1249 3749 597 1250 3750 598 1250 3751 312 1250 3752 599 1251 3753 596 1251 3754 598 1251 3755 597 1252 3756 600 1252 3757 598 1252 3758 596 1253 3759 600 1253 3760 597 1253 3761 601 1254 3762 598 1254 3763 600 1254 3764 600 1255 3765 596 1255 3766 602 1255 3767 602 1256 3768 598 1256 3769 596 1256 3770 598 1257 3771 601 1257 3772 602 1257 3773 603 1258 3774 600 1258 3775 602 1258 3776 603 1259 3777 601 1259 3778 600 1259 3779 433 1260 3780 595 1260 3781 396 1260 3782 433 1261 3783 396 1261 3784 313 1261 3785 313 1262 3786 396 1262 3787 298 1262 3788 300 1263 3789 597 1263 3790 312 1263 3791 595 1264 3792 597 1264 3793 300 1264 3794 595 1265 3795 313 1265 3796 312 1265 3797 300 1266 3798 312 1266 3799 298 1266 3800 433 1267 3801 447 1267 3802 595 1267 3803 599 1268 3804 434 1268 3805 312 1268 3806 599 1269 3807 312 1269 3808 598 1269 3809 604 1270 3810 434 1270 3811 596 1270 3812 434 1271 3813 312 1271 3814 596 1271 3815 434 1272 3816 604 1272 3817 429 1272 3818 435 1273 3819 604 1273 3820 429 1273 3821 435 1274 3822 599 1274 3823 434 1274 3824 599 1275 3825 604 1275 3826 435 1275 3827 604 1276 3828 599 1276 3829 596 1276 3830 506 1277 3831 46 1277 3832 87 1277 3833 87 1278 3834 62 1278 3835 506 1278 3836 62 1279 3837 61 1279 3838 87 1279 3839 506 1280 3840 63 1280 3841 46 1280 3842 510 1281 3843 271 1281 3844 272 1281 3845 510 1282 3846 268 1282 3847 271 1282 3848 290 1283 3849 268 1283 3850 411 1283 3851 411 1284 3852 268 1284 3853 510 1284 3854 292 1285 3855 288 1285 3856 605 1285 3857 563 1286 3858 358 1286 3859 292 1286 3860 605 1287 3861 292 1287 3862 296 1287 3863 292 1288 3864 358 1288 3865 606 1288 3866 358 1289 3867 359 1289 3868 606 1289 3869 288 1290 3870 292 1290 3871 277 1290 3872 607 1291 3873 606 1291 3874 608 1291 3875 277 1292 3876 292 1292 3877 606 1292 3878 277 1293 3879 606 1293 3880 607 1293 3881 276 1294 3882 277 1294 3883 370 1294 3884 607 1295 3885 608 1295 3886 609 1295 3887 277 1296 3888 607 1296 3889 370 1296 3890 272 1297 3891 276 1297 3892 370 1297 3893 548 1298 3894 610 1298 3895 611 1298 3896 545 1299 3897 610 1299 3898 548 1299 3899 612 1300 3900 613 1300 3901 369 1300 3902 614 1301 3903 615 1301 3904 369 1301 3905 616 1302 3906 613 1302 3907 368 1302 3908 615 1303 3909 612 1303 3910 369 1303 3911 614 1304 3912 616 1304 3913 615 1304 3914 369 1305 3915 614 1305 3916 368 1305 3917 614 1306 3918 368 1306 3919 613 1306 3920 615 1307 3921 616 1307 3922 368 1307 3923 272 1308 3924 370 1308 3925 368 1308 3926 370 1309 3927 612 1309 3928 615 1309 3929 368 1310 3930 370 1310 3931 615 1310 3932 612 1311 3933 370 1311 3934 366 1311 3935 613 1312 3936 366 1312 3937 369 1312 3938 370 1313 3939 359 1313 3940 372 1313 3941 608 1314 3942 359 1314 3943 370 1314 3944 370 1315 3945 372 1315 3946 371 1315 3947 614 1316 3948 612 1316 3949 613 1316 3950 616 1317 3951 612 1317 3952 366 1317 3953 614 1318 3954 612 1318 3955 616 1318 3956 366 1319 3957 616 1319 3958 613 1319 3959 606 1320 3960 608 1320 3961 617 1320 3962 359 1321 3963 548 1321 3964 354 1321 3965 359 1322 3966 608 1322 3967 617 1322 3968 607 1323 3969 370 1323 3970 548 1323 3971 370 1324 3972 609 1324 3973 548 1324 3974 609 1325 3975 608 1325 3976 370 1325 3977 609 1326 3978 617 1326 3979 607 1326 3980 609 1327 3981 359 1327 3982 548 1327 3983 617 1328 3984 359 1328 3985 609 1328 3986 617 1329 3987 548 1329 3988 607 1329 3989 617 1330 3990 531 1330 3991 548 1330 3992 264 1331 3993 484 1331 3994 288 1331 3995 529 1332 3996 530 1332 3997 532 1332 3998 532 1333 3999 510 1333 4000 529 1333 4001 411 1334 4002 510 1334 4003 529 1334 4004 287 1335 4005 288 1335 4006 277 1335 4007 277 1336 4008 287 1336 4009 279 1336 4010 287 1337 4011 279 1337 4012 289 1337 4013 264 1338 4014 288 1338 4015 287 1338 4016 610 1339 4017 545 1339 4018 550 1339 4019 617 1340 4020 606 1340 4021 547 1340 4022 550 1341 4023 354 1341 4024 548 1341 4025 617 1342 4026 547 1342 4027 531 1342 4028 530 1343 4029 532 1343 4030 535 1343 4031 550 1344 4032 548 1344 4033 611 1344 4034 436 1345 4035 595 1345 4036 313 1345 4037 254 1346 4038 618 1346 4039 249 1346 4040 254 1347 4041 619 1347 4042 618 1347 4043 618 1348 4044 620 1348 4045 249 1348 4046 620 1349 4047 621 1349 4048 452 1349 4049 618 1350 4050 621 1350 4051 620 1350 4052 619 1351 4053 452 1351 4054 620 1351 4055 444 1352 4056 453 1352 4057 622 1352 4058 451 1353 4059 436 1353 4060 254 1353 4061 450 1354 4062 447 1354 4063 436 1354 4064 451 1355 4065 430 1355 4066 436 1355 4067 226 1356 4068 258 1356 4069 255 1356 4070 250 1357 4071 258 1357 4072 248 1357 4073 250 1358 4074 623 1358 4075 258 1358 4076 622 1359 4077 623 1359 4078 250 1359 4079 258 1360 4080 249 1360 4081 451 1360 4082 451 1361 4083 255 1361 4084 258 1361 4085 620 1362 4086 249 1362 4087 451 1362 4088 257 1363 4089 249 1363 4090 258 1363 4091 622 1364 4092 250 1364 4093 257 1364 4094 257 1365 4095 623 1365 4096 258 1365 4097 623 1366 4098 624 1366 4099 257 1366 4100 622 1367 4101 624 1367 4102 257 1367 4103 444 1368 4104 624 1368 4105 622 1368 4106 620 1369 4107 619 1369 4108 451 1369 4109 619 1370 4110 451 1370 4111 254 1370 4112 254 1371 4113 249 1371 4114 248 1371 4115 447 1372 4116 436 1372 4117 595 1372 4118 623 1373 4119 444 1373 4120 624 1373 4121 61 1374 4122 93 1374 4123 52 1374 4124 48 1375 4125 92 1375 4126 61 1375 4127 86 1376 4128 92 1376 4129 48 1376 4130 625 1377 4131 626 1377 4132 627 1377 4133 625 1378 4134 627 1378 4135 628 1378 4136 626 1379 4137 628 1379 4138 629 1379 4139 628 1380 4140 627 1380 4141 629 1380 4142 377 1381 4143 361 1381 4144 356 1381 4145 625 1382 4146 376 1382 4147 364 1382 4148 363 1383 4149 626 1383 4150 376 1383 4151 361 1384 4152 377 1384 4153 363 1384 4154 364 1385 4155 628 1385 4156 361 1385 4157 363 1386 4158 626 1386 4159 628 1386 4160 625 1387 4161 364 1387 4162 628 1387 4163 377 1388 4164 628 1388 4165 362 1388 4166 363 1389 4167 628 1389 4168 377 1389 4169 361 1390 4170 628 1390 4171 362 1390 4172 626 1391 4173 625 1391 4174 376 1391 4175 51 1392 4176 55 1392 4177 88 1392 4178 88 1393 4179 55 1393 4180 422 1393 4181 605 1394 4182 563 1394 4183 296 1394 4184 565 1395 4185 486 1395 4186 558 1395 4187 563 1396 4188 486 1396 4189 581 1396 4190 558 1397 4191 486 1397 4192 563 1397 4193 558 1398 4194 563 1398 4195 605 1398 4196 358 1399 4197 563 1399 4198 581 1399 4199 561 1400 4200 565 1400 4201 558 1400 4202 558 1401 4203 559 1401 4204 605 1401 4205 561 1402 4206 559 1402 4207 605 1402 4208 630 1403 4209 272 1403 4210 291 1403 4211 389 1404 4212 283 1404 4213 563 1404 4214 296 1405 4215 276 1405 4216 292 1405 4217 568 1406 4218 563 1406 4219 291 1406 4220 292 1407 4221 563 1407 4222 291 1407 4223 486 1408 4224 588 1408 4225 581 1408 4226 291 1409 4227 631 1409 4228 632 1409 4229 291 1410 4230 632 1410 4231 568 1410 4232 627 1411 4233 626 1411 4234 384 1411 4235 563 1412 4236 627 1412 4237 384 1412 4238 554 1413 4239 283 1413 4240 568 1413 4241 389 1414 4242 563 1414 4243 384 1414 4244 629 1415 4245 384 1415 4246 626 1415 4247 390 1416 4248 384 1416 4249 568 1416 4250 283 1417 4251 390 1417 4252 568 1417 4253 390 1418 4254 283 1418 4255 389 1418 4256 568 1419 4257 384 1419 4258 629 1419 4259 629 1420 4260 563 1420 4261 568 1420 4262 629 1421 4263 627 1421 4264 563 1421 4265 543 1422 4266 360 1422 4267 633 1422 4268 633 1423 4269 360 1423 4270 227 1423 4271 543 1424 4272 633 1424 4273 634 1424 4274 635 1425 4275 633 1425 4276 634 1425 4277 636 1426 4278 633 1426 4279 227 1426 4280 634 1427 4281 635 1427 4282 543 1427 4283 637 1428 4284 633 1428 4285 636 1428 4286 90 1429 4287 86 1429 4288 261 1429 4289 90 1430 4290 191 1430 4291 261 1430 4292 90 1431 4293 191 1431 4294 91 1431 4295 91 1432 4296 191 1432 4297 192 1432 4298 261 1433 4299 260 1433 4300 262 1433 4301 262 1434 4302 261 1434 4303 191 1434 4304 458 1435 4305 457 1435 4306 123 1435 4307 621 1436 4308 449 1436 4309 450 1436 4310 621 1437 4311 449 1437 4312 452 1437 4313 621 1438 4314 450 1438 4315 619 1438 4316 452 1439 4317 450 1439 4318 619 1439 4319 601 1440 4320 603 1440 4321 618 1440 4322 602 1441 4323 601 1441 4324 618 1441 4325 618 1442 4326 602 1442 4327 619 1442 4328 618 1443 4329 603 1443 4330 621 1443 4331 602 1444 4332 619 1444 4333 621 1444 4334 603 1445 4335 602 1445 4336 621 1445 4337 539 1446 4338 552 1446 4339 638 1446 4340 638 1447 4341 552 1447 4342 635 1447 4343 639 1448 4344 540 1448 4345 635 1448 4346 635 1449 4347 640 1449 4348 638 1449 4349 640 1450 4350 540 1450 4351 638 1450 4352 635 1451 4353 641 1451 4354 543 1451 4355 552 1452 4356 508 1452 4357 641 1452 4358 552 1453 4359 641 1453 4360 642 1453 4361 641 1454 4362 635 1454 4363 642 1454 4364 639 1455 4365 633 1455 4366 637 1455 4367 539 1456 4368 540 1456 4369 643 1456 4370 643 1457 4371 638 1457 4372 540 1457 4373 539 1458 4374 638 1458 4375 643 1458 4376 640 1459 4377 635 1459 4378 540 1459 4379 103 1460 4380 27 1460 4381 107 1460 4382 501 1461 4383 591 1461 4384 590 1461 4385 590 1462 4386 591 1462 4387 573 1462 4388 501 1463 4389 316 1463 4390 591 1463 4391 502 1464 4392 644 1464 4393 394 1464 4394 644 1465 4395 394 1465 4396 499 1465 4397 495 1466 4398 644 1466 4399 499 1466 4400 499 1467 4401 496 1467 4402 645 1467 4403 645 1468 4404 499 1468 4405 394 1468 4406 395 1469 4407 589 1469 4408 394 1469 4409 395 1470 4410 579 1470 4411 589 1470 4412 393 1471 4413 382 1471 4414 646 1471 4415 396 1472 4416 495 1472 4417 502 1472 4418 502 1473 4419 495 1473 4420 499 1473 4421 644 1474 4422 396 1474 4423 502 1474 4424 647 1475 4425 648 1475 4426 497 1475 4427 502 1476 4428 499 1476 4429 497 1476 4430 502 1477 4431 497 1477 4432 316 1477 4433 316 1478 4434 490 1478 4435 502 1478 4436 497 1479 4437 648 1479 4438 316 1479 4439 639 1480 4440 635 1480 4441 649 1480 4442 635 1481 4443 552 1481 4444 642 1481 4445 650 1482 4446 200 1482 4447 651 1482 4448 651 1483 4449 200 1483 4450 219 1483 4451 219 1484 4452 650 1484 4453 651 1484 4454 652 1485 4455 653 1485 4456 266 1485 4457 654 1486 4458 272 1486 4459 266 1486 4460 630 1487 4461 272 1487 4462 654 1487 4463 653 1488 4464 654 1488 4465 266 1488 4466 636 1489 4467 639 1489 4468 637 1489 4469 639 1490 4470 542 1490 4471 655 1490 4472 542 1491 4473 540 1491 4474 655 1491 4475 655 1492 4476 540 1492 4477 639 1492 4478 656 1493 4479 382 1493 4480 646 1493 4481 633 1494 4482 639 1494 4483 649 1494 4484 442 1495 4485 443 1495 4486 438 1495 4487 440 1496 4488 439 1496 4489 442 1496 4490 442 1497 4491 438 1497 4492 437 1497 4493 442 1498 4494 443 1498 4495 387 1498 4496 500 1499 4497 442 1499 4498 387 1499 4499 500 1500 4500 387 1500 4501 504 1500 4502 656 1501 4503 383 1501 4504 657 1501 4505 657 1502 4506 382 1502 4507 656 1502 4508 243 1503 4509 246 1503 4510 658 1503 4511 659 1504 4512 232 1504 4513 658 1504 4514 658 1505 4515 240 1505 4516 660 1505 4517 658 1506 4518 243 1506 4519 240 1506 4520 658 1507 4521 660 1507 4522 661 1507 4523 232 1508 4524 251 1508 4525 247 1508 4526 658 1509 4527 661 1509 4528 251 1509 4529 232 1510 4530 658 1510 4531 251 1510 4532 349 1511 4533 354 1511 4534 662 1511 4535 348 1512 4536 354 1512 4537 349 1512 4538 353 1513 4539 359 1513 4540 354 1513 4541 353 1514 4542 359 1514 4543 662 1514 4544 606 1515 4545 359 1515 4546 662 1515 4547 354 1516 4548 606 1516 4549 662 1516 4550 354 1517 4551 547 1517 4552 606 1517 4553 550 1518 4554 547 1518 4555 354 1518 4556 550 1519 4557 611 1519 4558 663 1519 4559 348 1520 4560 349 1520 4561 664 1520 4562 349 1521 4563 665 1521 4564 664 1521 4565 568 1522 4566 652 1522 4567 266 1522 4568 632 1523 4569 666 1523 4570 568 1523 4571 667 1524 4572 632 1524 4573 668 1524 4574 666 1525 4575 652 1525 4576 568 1525 4577 653 1526 4578 668 1526 4579 654 1526 4580 652 1527 4581 668 1527 4582 653 1527 4583 668 1528 4584 632 1528 4585 654 1528 4586 393 1529 4587 392 1529 4588 646 1529 4589 646 1530 4590 392 1530 4591 656 1530 4592 542 1531 4593 541 1531 4594 669 1531 4595 540 1532 4596 542 1532 4597 669 1532 4598 509 1533 4599 552 1533 4600 670 1533 4601 539 1534 4602 509 1534 4603 670 1534 4604 670 1535 4605 552 1535 4606 539 1535 4607 508 1536 4608 553 1536 4609 509 1536 4610 552 1537 4611 509 1537 4612 553 1537 4613 353 1538 4614 358 1538 4615 349 1538 4616 662 1539 4617 358 1539 4618 349 1539 4619 230 1540 4620 253 1540 4621 671 1540 4622 672 1541 4623 230 1541 4624 671 1541 4625 437 1542 4626 436 1542 4627 253 1542 4628 437 1543 4629 253 1543 4630 315 1543 4631 315 1544 4632 253 1544 4633 230 1544 4634 216 1545 4635 673 1545 4636 542 1545 4637 673 1546 4638 216 1546 4639 541 1546 4640 541 1547 4641 542 1547 4642 673 1547 4643 383 1548 4644 382 1548 4645 657 1548 4646 656 1549 4647 383 1549 4648 392 1549 4649 623 1550 4650 453 1550 4651 622 1550 4652 453 1551 4653 623 1551 4654 445 1551 4655 342 1552 4656 336 1552 4657 344 1552 4658 336 1553 4659 340 1553 4660 344 1553 4661 675 1554 4662 674 1554 4663 665 1554 4664 676 1555 4665 677 1555 4666 674 1555 4667 675 1556 4668 664 1556 4669 665 1556 4670 665 1557 4671 676 1557 4672 674 1557 4673 675 1558 4674 676 1558 4675 611 1558 4676 676 1559 4677 611 1559 4678 677 1559 4679 675 1560 4680 664 1560 4681 676 1560 4682 674 1561 4683 611 1561 4684 675 1561 4685 664 1562 4686 348 1562 4687 346 1562 4688 346 1563 4689 664 1563 4690 676 1563 4691 665 1564 4692 346 1564 4693 676 1564 4694 678 1565 4695 660 1565 4696 236 1565 4697 660 1566 4698 240 1566 4699 238 1566 4700 660 1567 4701 238 1567 4702 236 1567 4703 660 1568 4704 678 1568 4705 679 1568 4706 326 1569 4707 672 1569 4708 671 1569 4709 326 1570 4710 318 1570 4711 671 1570 4712 318 1571 4713 671 1571 4714 327 1571 4715 318 1572 4716 327 1572 4717 311 1572 4718 326 1573 4719 315 1573 4720 672 1573 4721 231 1574 4722 326 1574 4723 327 1574 4724 324 1575 4725 327 1575 4726 671 1575 4727 320 1576 4728 327 1576 4729 311 1576 4730 641 1577 4731 507 1577 4732 680 1577 4733 507 1578 4734 543 1578 4735 680 1578 4736 641 1579 4737 543 1579 4738 680 1579 4739 208 1580 4740 211 1580 4741 681 1580 4742 205 1581 4743 681 1581 4744 211 1581 4745 211 1582 4746 198 1582 4747 682 1582 4748 650 1583 4749 211 1583 4750 682 1583 4751 198 1584 4752 650 1584 4753 682 1584 4754 211 1585 4755 683 1585 4756 198 1585 4757 683 1586 4758 211 1586 4759 199 1586 4760 681 1587 4761 205 1587 4762 208 1587 4763 387 1588 4764 343 1588 4765 397 1588 4766 343 1589 4767 396 1589 4768 684 1589 4769 397 1590 4770 343 1590 4771 685 1590 4772 343 1591 4773 387 1591 4774 396 1591 4775 686 1592 4776 397 1592 4777 685 1592 4778 687 1593 4779 686 1593 4780 685 1593 4781 488 1594 4782 588 1594 4783 688 1594 4784 486 1595 4785 688 1595 4786 588 1595 4787 688 1596 4788 488 1596 4789 581 1596 4790 358 1597 4791 581 1597 4792 353 1597 4793 353 1598 4794 581 1598 4795 662 1598 4796 505 1599 4797 358 1599 4798 662 1599 4799 688 1600 4800 505 1600 4801 662 1600 4802 688 1601 4803 487 1601 4804 505 1601 4805 688 1602 4806 485 1602 4807 487 1602 4808 581 1603 4809 688 1603 4810 662 1603 4811 494 1604 4812 485 1604 4813 688 1604 4814 264 1605 4815 486 1605 4816 688 1605 4817 688 1606 4818 264 1606 4819 494 1606 4820 396 1607 4821 298 1607 4822 644 1607 4823 495 1608 4824 496 1608 4825 645 1608 4826 689 1609 4827 495 1609 4828 645 1609 4829 644 1610 4830 495 1610 4831 689 1610 4832 644 1611 4833 689 1611 4834 298 1611 4835 145 1612 4836 147 1612 4837 143 1612 4838 147 1613 4839 146 1613 4840 143 1613 4841 218 1614 4842 222 1614 4843 690 1614 4844 690 1615 4845 650 1615 4846 219 1615 4847 222 1616 4848 650 1616 4849 691 1616 4850 691 1617 4851 650 1617 4852 690 1617 4853 211 1618 4854 650 1618 4855 222 1618 4856 209 1619 4857 211 1619 4858 222 1619 4859 214 1620 4860 222 1620 4861 692 1620 4862 218 1621 4863 690 1621 4864 220 1621 4865 693 1622 4866 219 1622 4867 202 1622 4868 219 1623 4869 218 1623 4870 693 1623 4871 202 1624 4872 218 1624 4873 693 1624 4874 692 1625 4875 209 1625 4876 222 1625 4877 391 1626 4878 396 1626 4879 595 1626 4880 391 1627 4881 595 1627 4882 300 1627 4883 445 1628 4884 444 1628 4885 623 1628 4886 324 1629 4887 671 1629 4888 323 1629 4889 323 1630 4890 671 1630 4891 325 1630 4892 671 1631 4893 229 1631 4894 231 1631 4895 325 1632 4896 671 1632 4897 231 1632 4898 253 1633 4899 229 1633 4900 671 1633 4901 647 1634 4902 645 1634 4903 694 1634 4904 645 1635 4905 394 1635 4906 589 1635 4907 589 1636 4908 648 1636 4909 298 1636 4910 314 1637 4911 298 1637 4912 589 1637 4913 314 1638 4914 316 1638 4915 589 1638 4916 695 1639 4917 648 1639 4918 298 1639 4919 298 1640 4920 689 1640 4921 695 1640 4922 694 1641 4923 589 1641 4924 648 1641 4925 694 1642 4926 645 1642 4927 589 1642 4928 695 1643 4929 689 1643 4930 694 1643 4931 687 1644 4932 391 1644 4933 380 1644 4934 685 1645 4935 391 1645 4936 687 1645 4937 380 1646 4938 397 1646 4939 687 1646 4940 685 1647 4941 684 1647 4942 391 1647 4943 684 1648 4944 396 1648 4945 391 1648 4946 677 1649 4947 610 1649 4948 674 1649 4949 610 1650 4950 663 1650 4951 674 1650 4952 678 1651 4953 236 1651 4954 235 1651 4955 696 1652 4956 678 1652 4957 235 1652 4958 349 1653 4959 346 1653 4960 665 1653 4961 697 1654 4962 610 1654 4963 550 1654 4964 663 1655 4965 698 1655 4966 697 1655 4967 663 1656 4968 699 1656 4969 610 1656 4970 610 1657 4971 700 1657 4972 701 1657 4973 701 1658 4974 698 1658 4975 700 1658 4976 698 1659 4977 700 1659 4978 699 1659 4979 700 1660 4980 663 1660 4981 699 1660 4982 699 1661 4983 610 1661 4984 701 1661 4985 698 1662 4986 550 1662 4987 663 1662 4988 697 1663 4989 550 1663 4990 699 1663 4991 550 1664 4992 698 1664 4993 699 1664 4994 699 1665 4995 701 1665 4996 697 1665 4997 701 1666 4998 697 1666 4999 698 1666 5000 691 1667 5001 222 1667 5002 690 1667 5003 582 1668 5004 315 1668 5005 230 1668 5006 582 1669 5007 315 1669 5008 672 1669 5009 230 1670 5010 231 1670 5011 672 1670 5012 672 1671 5013 582 1671 5014 231 1671 5015 341 1672 5016 684 1672 5017 685 1672 5018 341 1673 5019 338 1673 5020 684 1673 5021 338 1674 5022 684 1674 5023 343 1674 5024 288 1675 5025 561 1675 5026 605 1675 5027 486 1676 5028 561 1676 5029 288 1676 5030 559 1677 5031 297 1677 5032 296 1677 5033 542 1678 5034 639 1678 5035 702 1678 5036 542 1679 5037 702 1679 5038 636 1679 5039 542 1680 5040 636 1680 5041 227 1680 5042 702 1681 5043 639 1681 5044 636 1681 5045 294 1682 5046 567 1682 5047 295 1682 5048 431 1683 5049 433 1683 5050 313 1683 5051 251 1684 5052 679 1684 5053 678 1684 5054 678 1685 5055 696 1685 5056 252 1685 5057 247 1686 5058 252 1686 5059 696 1686 5060 251 1687 5061 678 1687 5062 252 1687 5063 703 1688 5064 247 1688 5065 696 1688 5066 696 1689 5067 704 1689 5068 703 1689 5069 703 1690 5070 704 1690 5071 244 1690 5072 343 1691 5073 341 1691 5074 685 1691 5075 611 1692 5076 610 1692 5077 677 1692 5078 442 1693 5079 436 1693 5080 437 1693 5081 667 1694 5082 668 1694 5083 652 1694 5084 666 1695 5085 667 1695 5086 652 1695 5087 200 1696 5088 650 1696 5089 705 1696 5090 650 1697 5091 198 1697 5092 705 1697 5093 198 1698 5094 200 1698 5095 705 1698 5096 633 1699 5097 635 1699 5098 649 1699 5099 371 1700 5100 372 1700 5101 373 1700 5102 704 1701 5103 237 1701 5104 244 1701 5105 244 1702 5106 247 1702 5107 703 1702 5108 704 1703 5109 235 1703 5110 237 1703 5111 696 1704 5112 235 1704 5113 704 1704 5114 508 1705 5115 507 1705 5116 706 1705 5117 507 1706 5118 641 1706 5119 706 1706 5120 706 1707 5121 508 1707 5122 641 1707 5123 211 1708 5124 203 1708 5125 707 1708 5126 203 1709 5127 199 1709 5128 707 1709 5129 199 1710 5130 211 1710 5131 707 1710 5132 631 1711 5133 291 1711 5134 630 1711 5135 631 1712 5136 654 1712 5137 632 1712 5138 631 1713 5139 630 1713 5140 654 1713 5141 199 1714 5142 198 1714 5143 683 1714 5144 611 1715 5145 663 1715 5146 674 1715 5147 659 1716 5148 232 1716 5149 246 1716 5150 659 1717 5151 658 1717 5152 244 1717 5153 246 1718 5154 658 1718 5155 247 1718 5156 659 1719 5157 246 1719 5158 247 1719 5159 247 1720 5160 245 1720 5161 658 1720 5162 244 1721 5163 658 1721 5164 245 1721 5165 679 1722 5166 251 1722 5167 661 1722 5168 661 1723 5169 660 1723 5170 679 1723 5171 498 1724 5172 314 1724 5173 695 1724 5174 314 1725 5175 695 1725 5176 316 1725 5177 316 1726 5178 648 1726 5179 695 1726 5180 648 1727 5181 498 1727 5182 694 1727 5183 498 1728 5184 695 1728 5185 694 1728 5186 689 1729 5187 498 1729 5188 645 1729 5189 498 1730 5190 497 1730 5191 645 1730 5192 497 1731 5193 645 1731 5194 647 1731 5195 498 1732 5196 689 1732 5197 647 1732 5198 689 1733 5199 647 1733 5200 694 1733 5201 647 1734 5202 498 1734 5203 648 1734 5204 690 1735 5205 219 1735 5206 220 1735 5207 541 1736 5208 540 1736 5209 669 1736 5210 397 1737 5211 686 1737 5212 687 1737 5213 632 1738 5214 667 1738 5215 666 1738 5216 244 1739 5217 659 1739 5218 247 1739 5219 208 1740 5220 204 1740 5221 213 1740 5222 610 1741 5223 697 1741 5224 700 1741 5225 697 1742 5226 700 1742 5227 663 1742 5228 209 1743 5229 692 1743 5230 214 1743 5231</p>
        </polylist>
      </mesh>
    </geometry>
  </library_geometries>
  <library_visual_scenes>
    <visual_scene id="Scene" name="Scene">
      <node id="InstrumentTable1" name="InstrumentTable1" type="NODE">
        <scale sid="scale">1 1 1</scale>
        <translate sid="location">0.007430737288135613 0.4114094745762711 0.0023331440677965966</translate>
        <rotate sid="rotationX">1 0 0 0</rotate>
        <rotate sid="rotationY">0 1 0 0</rotate>
        <rotate sid="rotationZ">0 0 1 0</rotate>
        <instance_geometry url="#InstrumentTable1-mesh" name="InstrumentTable1">
          <bind_material>
            <technique_common>
            </technique_common>
          </bind_material>
        </instance_geometry>
      </node>
    </visual_scene>
  </library_visual_scenes>
  <scene>
    <instance_visual_scene url="#Scene"/>
  </scene>
</COLLADA>
