<?xml version="1.0" encoding="utf-8"?>
<COLLADA xmlns="http://www.collada.org/2005/11/COLLADASchema" version="1.4.1" xmlns:xsi="http://www.w3.org/2001/XMLSchema-instance">
  <asset>
    <contributor>
      <author>Blockbench user</author>
      <authoring_tool>Blockbench</authoring_tool>
    </contributor>
    <created>2026-05-10T06:24:37.258Z</created>
    <modified>2026-05-10T06:24:37.267Z</modified>
    <unit name="meter" meter="1.0"/>
    <up_axis>Y_UP</up_axis>
  </asset>
  <library_effects>
  </library_effects>
  <library_images>
  </library_images>
  <library_materials>
  </library_materials>
  <library_geometries>
    <geometry id="MedicineTable1-mesh" name="MedicineTable1">
      <mesh>
        <source id="MedicineTable1-mesh-positions">
          <float_array id="MedicineTable1-mesh-positions-array" count="6552">0.126672 -0.310484 0.339875 -0.138601 -0.374322 -0.470488 -0.161834 -0.377293 -0.443976 -0.162569 -0.354893 -0.48193 -0.159907 -0.349603 -0.469246 -0.135286 -0.370665 -0.443355 -0.136772 -0.356101 -0.469442 -0.137294 -0.263854 -0.469573 -0.134584 -0.317308 -0.464506 -0.132641 -0.317145 -0.445088 0.0398 -0.317668 -0.446232 0.044523 -0.317374 -0.462283 -0.013597 -0.314108 -0.465192 -0.042251 -0.291447 -0.464669 -0.131727 -0.286745 -0.462773 -0.1338 -0.271724 -0.46261 -0.029928 -0.287594 -0.462577 -0.155728 -0.296541 -0.487029 -0.160658 -0.351856 -0.469638 -0.16345 -0.353423 -0.483695 -0.153703 -0.292785 -0.47853 -0.16523 -0.296312 -0.480949 -0.16345 -0.353423 -0.483695 -0.160658 -0.351856 -0.469638 -0.155728 -0.296541 -0.487029 -0.153703 -0.292785 -0.47853 -0.159907 -0.349603 -0.469246 -0.160593 -0.278516 -0.469442 -0.137294 -0.263854 -0.469573 -0.161344 -0.316459 -0.452312 -0.161834 -0.377293 -0.443976 -0.142274 -0.316819 -0.438876 -0.139368 -0.317308 -0.253178 -0.135286 -0.370665 -0.443355 -0.128159 -0.31081 -0.442276 -0.132641 -0.317145 -0.445088 -0.161344 -0.316459 -0.452312 -0.160022 -0.316884 -0.243339 -0.159875 -0.288638 -0.443159 -0.161148 -0.276557 -0.446297 -0.160593 -0.278516 -0.469442 -0.161344 -0.316459 -0.452312 -0.139368 -0.317308 -0.253178 -0.160022 -0.316884 -0.243339 -0.144821 -0.328607 -0.240805 -0.160446 -0.289128 -0.240184 -0.16025 -0.366844 -0.213819 -0.160217 -0.379579 -0.238827 -0.135417 -0.377718 -0.239563 -0.134323 -0.316884 -0.240674 -0.134747 -0.375073 -0.215012 -0.137523 -0.276655 -0.213868 -0.134339 -0.317178 -0.217922 -0.010775 -0.310614 -0.442538 -0.063627 -0.310582 -0.343486 -0.128159 -0.31081 -0.442276 -0.132641 -0.317145 -0.445088 -0.128159 -0.31081 -0.442276 -0.063627 -0.310582 -0.343486 -0.128315 -0.31081 -0.247262 -0.139368 -0.317308 -0.253178 -0.134323 -0.316884 -0.240674 -0.144821 -0.328607 -0.240805 -0.121172 -0.310614 -0.246314 0.028059 -0.310582 -0.338844 -0.010775 -0.310614 -0.442538 0.127039 -0.310582 -0.246428 0.126418 -0.310582 -0.44038 0.074009 -0.317635 -0.238533 0.134386 -0.316884 -0.239563 0.135104 -0.317015 -0.217938 -0.010751 -0.317374 -0.217906 -0.134339 -0.317178 -0.217922 0.054208 -0.127394 -0.21784 -0.133629 -0.04816 -0.217889 -0.137523 -0.276655 -0.213868 -0.162111 -0.198971 -0.48327 -0.17132 -0.28041 -0.479543 -0.179777 -0.249274 -0.484774 -0.172577 -0.197992 -0.481636 -0.162111 -0.198971 -0.48327 -0.179777 -0.249274 -0.484774 -0.172577 -0.197992 -0.481636 -0.164675 -0.131696 -0.486081 -0.170161 -0.056556 -0.485035 -0.163564 -0.172016 -0.476013 -0.164169 -0.054091 -0.480589 -0.17132 -0.28041 -0.479543 -0.162111 -0.198971 -0.48327 -0.163564 -0.172016 -0.476013 -0.172577 -0.197992 -0.481636 -0.155352 -0.283806 -0.440871 -0.161148 -0.276557 -0.446297 -0.159875 -0.288638 -0.443159 -0.155466 -0.28374 -0.24481 -0.155483 -0.049964 -0.440936 -0.15545 -0.132749 -0.320374 -0.160985 -0.113386 -0.445807 -0.160593 -0.278516 -0.469442 -0.161132 0.016885 -0.44718 -0.160168 -0.111892 -0.469279 -0.15545 -0.132749 -0.320374 -0.155352 -0.283806 -0.440871 -0.155466 -0.28374 -0.24481 -0.155564 -0.117304 -0.244875 -0.160446 -0.289128 -0.240184 -0.160544 -0.165681 -0.238876 -0.16043 -0.207624 -0.217922 -0.16025 -0.366844 -0.213819 -0.159973 -0.099541 -0.214015 -0.158438 -0.197534 -0.213983 -0.137523 -0.276655 -0.213868 -0.136723 0.015814 -0.469377 -0.1338 -0.271724 -0.46261 -0.137294 -0.263854 -0.469573 -0.133915 0.01664 -0.46261 -0.140919 -0.145697 -0.469965 -0.160054 0.016723 -0.469475 -0.160168 -0.111892 -0.469279 -0.160593 -0.278516 -0.469442 -0.008436 -0.255446 -0.47719 -0.006433 -0.29112 -0.489939 0.011144 -0.337488 -0.477124 0.018791 -0.343791 -0.490168 0.017116 -0.302941 -0.485754 0.003152 -0.244735 -0.486245 -0.006433 -0.29112 -0.489939 0.018791 -0.343791 -0.490168 -0.016612 -0.224 -0.494091 -0.006433 -0.29112 -0.489939 -0.038602 -0.184914 -0.489972 0.003152 -0.244735 -0.486245 -0.008436 -0.255446 -0.47719 -0.026447 -0.156619 -0.479576 0.003152 -0.244735 -0.486245 -0.016612 -0.224 -0.494091 -0.020902 -0.158432 -0.491083 -0.038602 -0.184914 -0.489972 -0.063346 -0.162709 -0.493208 -0.072566 -0.167281 -0.481962 -0.163564 -0.172016 -0.476013 -0.170161 -0.056556 -0.485035 -0.172577 -0.197992 -0.481636 -0.164169 -0.054091 -0.480589 -0.038602 -0.184914 -0.489972 -0.072566 -0.167281 -0.481962 -0.063346 -0.162709 -0.493208 -0.026447 -0.156619 -0.479576 -0.002749 -0.103712 -0.462544 -0.1338 -0.271724 -0.46261 -0.133915 0.01664 -0.46261 -0.029928 -0.287594 -0.462577 0.13281 -0.287038 -0.46261 -0.155499 0.011092 -0.440217 -0.155483 -0.049964 -0.440936 -0.155532 0.015891 -0.370161 -0.15545 -0.132749 -0.320374 -0.161132 0.016885 -0.44718 -0.161066 0.016404 -0.373103 -0.177116 0.017242 -0.398242 -0.155776 0.015506 -0.263296 -0.172414 0.016927 -0.483205 -0.160054 0.016723 -0.469475 0.018791 -0.343791 -0.490168 0.032924 -0.339056 -0.490397 0.011144 -0.337488 -0.477124 0.037404 -0.315251 -0.476993 0.053731 -0.26312 -0.48072 0.017116 -0.302941 -0.485754 0.02931 -0.290761 -0.484806 0.018791 -0.343791 -0.490168 0.032924 -0.339056 -0.490397 0.134762 -0.292002 -0.464669 -0.013597 -0.314108 -0.465192 -0.042251 -0.291447 -0.464669 -0.029928 -0.287594 -0.462577 0.13281 -0.287038 -0.46261 0.096124 -0.314206 -0.464963 -0.013597 -0.314108 -0.465192 0.134762 -0.292002 -0.464669 0.044523 -0.317374 -0.462283 0.134402 -0.317113 -0.464963 0.0398 -0.317668 -0.446232 0.134843 -0.317766 -0.443355 0.132974 -0.312965 -0.443192 -0.132641 -0.317145 -0.445088 -0.010775 -0.310614 -0.442538 0.126418 -0.310582 -0.44038 0.028059 -0.310582 -0.338844 0.134762 -0.292002 -0.464669 0.134402 -0.317113 -0.464963 0.096124 -0.314206 -0.464963 0.133308 -0.179526 -0.462773 0.13281 -0.287038 -0.46261 0.136998 -0.310778 -0.469507 0.136117 -0.376346 -0.469638 0.156917 -0.358485 -0.469671 0.160672 -0.376967 -0.467317 0.137717 0.013043 -0.469573 0.053731 -0.26312 -0.48072 0.043514 -0.203363 -0.483499 0.02931 -0.290761 -0.484806 0.032924 -0.339056 -0.490397 0.060388 -0.189861 -0.494385 0.032924 -0.339056 -0.490397 0.043514 -0.203363 -0.483499 0.053731 -0.26312 -0.48072 0.121104 -0.289945 -0.483009 0.122182 -0.249225 -0.479641 0.137341 -0.26934 -0.492031 0.127823 -0.348362 -0.490462 0.112181 -0.165109 -0.4919 0.133815 -0.213845 -0.48242 0.121104 -0.289945 -0.483009 0.127823 -0.348362 -0.490462 0.13237 -0.356852 -0.476078 0.137341 -0.26934 -0.492031 0.122182 -0.249225 -0.479641 0.134402 -0.317113 -0.464963 0.136117 -0.376346 -0.469638 0.134451 -0.377195 -0.444695 0.160672 -0.376967 -0.467317 0.16077 -0.374779 -0.444532 0.160623 -0.318288 -0.44329 0.134843 -0.317766 -0.443355 0.134451 -0.377195 -0.444695 0.134402 -0.317113 -0.464963 0.16077 -0.374779 -0.444532 0.16113 -0.287071 -0.451364 0.160672 -0.376967 -0.467317 0.160852 -0.137794 -0.467056 0.156917 -0.358485 -0.469671 0.157929 -0.120765 -0.469573 0.134843 -0.317766 -0.443355 0.138239 -0.315872 -0.434627 0.132974 -0.312965 -0.443192 0.129896 -0.311986 -0.38376 0.160623 -0.318288 -0.44329 0.138517 -0.316917 -0.322891 0.160117 -0.316198 -0.39736 0.129039 -0.312214 -0.281995 0.160428 -0.288606 -0.414097 0.16113 -0.287071 -0.451364 0.160787 -0.31659 -0.249926 0.156199 -0.2857 -0.431521 0.16224 -0.279789 -0.446951 0.160983 -0.135313 -0.445905 0.16224 -0.165044 -0.442538 0.156166 -0.285732 -0.243747 0.161195 -0.289194 -0.238991 0.162158 -0.279691 -0.245284 0.160819 -0.371154 -0.239955 0.161211 -0.339578 -0.218265 0.159676 -0.377359 -0.216124 0.138337 -0.317766 -0.241982 0.135986 -0.378077 -0.239073 0.134386 -0.316884 -0.239563 0.133717 -0.302582 -0.264015 0.127039 -0.310582 -0.246428 0.133308 -0.307088 -0.345905 0.134402 -0.288345 -0.248455 0.133815 -0.213845 -0.48242 0.13237 -0.356852 -0.476078 0.137341 -0.26934 -0.492031 0.122182 -0.249225 -0.479641 0.105447 -0.155085 -0.480687 0.132974 -0.312965 -0.443192 0.133366 -0.299741 -0.442342 0.126418 -0.310582 -0.44038 0.133717 -0.302582 -0.264015 0.127039 -0.310582 -0.246428 0.127121 -0.2905 -0.431652 0.134615 -0.288247 -0.435444 0.133308 -0.307088 -0.345905 0.129896 -0.311986 -0.38376 0.129039 -0.312214 -0.281995 0.157929 -0.120765 -0.469573 0.156917 -0.358485 -0.469671 0.137717 0.013043 -0.469573 0.160852 0.016817 -0.469082 0.127121 -0.2905 -0.431652 0.128925 -0.291447 -0.246052 0.133717 -0.302582 -0.264015 0.134402 -0.288345 -0.248455 0.134615 -0.288247 -0.435444 0.133308 -0.307088 -0.345905 0.16224 -0.279789 -0.446951 0.162158 -0.279691 -0.245284 0.156199 -0.2857 -0.431521 0.156166 -0.285732 -0.243747 0.16237 -0.196718 -0.354699 0.071446 -0.173893 -0.481537 0.043514 -0.203363 -0.483499 0.053731 -0.26312 -0.48072 0.060388 -0.189861 -0.494385 0.043514 -0.203363 -0.483499 0.063568 -0.153191 -0.483924 0.060388 -0.189861 -0.494385 0.071446 -0.173893 -0.481537 0.105447 -0.155085 -0.480687 0.088066 -0.155868 -0.489808 0.071446 -0.173893 -0.481537 0.105447 -0.155085 -0.480687 0.112181 -0.165109 -0.4919 0.133815 -0.213845 -0.48242 0.122182 -0.249225 -0.479641 0.088066 -0.155868 -0.489808 0.112181 -0.165109 -0.4919 0.105447 -0.155085 -0.480687 0.133308 -0.179526 -0.462773 0.13281 -0.287038 -0.46261 -0.002749 -0.103712 -0.462544 0.133749 0.016685 -0.462642 0.137717 0.013043 -0.469573 0.160852 0.016817 -0.469082 -0.029726 0.016712 -0.462708 -0.133915 0.01664 -0.46261 0.136998 -0.310778 -0.469507 0.133308 -0.179526 -0.462773 0.137717 0.013043 -0.469573 0.160852 -0.137794 -0.467056 0.160983 -0.135313 -0.445905 0.16113 -0.287071 -0.451364 0.161587 -0.080928 -0.450547 0.16224 -0.165044 -0.442538 0.162158 -0.152407 -0.440086 0.16224 -0.081777 -0.242407 0.162223 -0.152227 -0.243878 0.156754 -0.076079 -0.246788 0.157048 -0.075116 -0.436196 0.162109 -0.070609 -0.443061 0.161979 -0.070707 -0.238975 0.161456 -0.157305 -0.238255 0.162093 -0.034143 -0.321943 0.162354 0.009453 -0.378661 0.162452 0.009553 -0.24445 0.15695 0.014601 -0.387324 0.16224 -0.165044 -0.442538 0.16237 -0.196718 -0.354699 0.16224 -0.279789 -0.446951 0.162321 -0.164652 -0.241361 0.16224 -0.165044 -0.442538 0.162158 -0.152407 -0.440086 0.155236 -0.158644 -0.43126 0.155301 -0.158579 -0.246559 0.162321 -0.164652 -0.241361 0.162321 -0.164652 -0.241361 0.155236 -0.158644 -0.43126 0.155301 -0.158579 -0.246559 0.161456 -0.157305 -0.238255 0.162223 -0.152227 -0.243878 0.16224 -0.081777 -0.242407 0.162158 -0.152407 -0.440086 0.160852 -0.137794 -0.467056 0.157929 -0.120765 -0.469573 0.160852 0.016817 -0.469082 0.161587 -0.080928 -0.450547 0.161995 0.010963 -0.443747 0.162109 -0.070609 -0.443061 0.15695 0.014601 -0.387324 0.162354 0.009453 -0.378661 -0.160446 -0.289128 -0.240184 -0.159875 -0.288638 -0.443159 -0.160022 -0.316884 -0.243339 -0.155466 -0.28374 -0.24481 -0.161377 -0.094145 -0.224166 -0.160544 -0.165681 -0.238876 -0.159973 -0.099541 -0.214015 -0.160887 -0.049111 -0.222499 -0.160266 0.013724 -0.240691 -0.172642 0.017264 -0.224885 -0.155564 -0.117304 -0.244875 -0.155776 0.015506 -0.263296 -0.15545 -0.132749 -0.320374 -0.155532 0.015891 -0.370161 -0.172642 0.017264 -0.224885 -0.160887 -0.049111 -0.222499 -0.181034 -0.049033 -0.222825 -0.17132 -0.050707 -0.182747 -0.186357 -0.049964 -0.207412 -0.13865 -0.050584 -0.213819 -0.186683 0.016943 -0.206464 -0.159973 -0.099541 -0.214015 -0.137523 -0.276655 -0.213868 -0.133629 -0.04816 -0.217889 -0.196773 0.016956 -0.243878 -0.178226 0.017954 -0.278497 -0.200333 0.018601 -0.269377 -0.183516 -0.053042 -0.048042 -0.186634 -0.050784 -0.060268 -0.186357 -0.049964 -0.207412 -0.186683 0.016943 -0.206464 -0.17132 -0.050707 -0.182747 -0.182945 -0.051511 0.068324 -0.173393 -0.052956 -0.036494 -0.187173 -0.015802 -0.047368 -0.186749 0.016928 -0.049423 -0.196773 0.016956 -0.243878 -0.167287 -0.050686 -0.119687 -0.170683 -0.05058 0.086287 -0.13865 -0.050584 -0.213819 -0.035516 -0.050723 -0.062356 0.138402 -0.050572 -0.213688 -0.133629 -0.04816 -0.217889 -0.170683 -0.05058 0.086287 -0.182945 -0.051511 0.068324 -0.173393 -0.052956 -0.036494 -0.186602 -0.048719 0.110494 -0.186634 -0.050784 -0.060268 -0.186749 0.016928 -0.049423 -0.156772 -0.049829 0.126202 -0.186569 0.01695 0.118078 -0.179908 -0.043343 0.125834 -0.160266 -0.058434 0.126954 -0.137458 -0.046327 0.126668 -0.160919 0.016759 0.129635 -0.197492 0.017227 0.154095 -0.160691 0.016636 0.151872 -0.156838 0.014889 0.171552 -0.160854 -0.147672 0.151447 -0.155515 0.00359 0.158476 -0.155417 -0.108504 0.158312 0.136607 -0.050593 0.122712 0.001992 -0.050597 0.123521 -0.035516 -0.050723 -0.062356 0.13419 -0.050646 -0.030346 0.140623 -0.05307 -0.055009 0.153962 -0.052638 -0.006088 0.137015 -0.376542 -0.214064 0.135986 -0.378077 -0.239073 0.159676 -0.377359 -0.216124 0.160819 -0.371154 -0.239955 0.159105 -0.363187 -0.214342 0.134386 -0.316884 -0.239563 0.135104 -0.317015 -0.217938 0.134386 -0.316884 -0.239563 0.137015 -0.376542 -0.214064 0.161456 -0.157305 -0.238255 0.161211 -0.339578 -0.218265 0.161195 -0.289194 -0.238991 0.162158 -0.279691 -0.245284 0.161358 -0.125157 -0.216794 0.161979 -0.070707 -0.238975 0.161456 -0.157305 -0.238255 0.162158 -0.279691 -0.245284 0.162321 -0.164652 -0.241361 0.16237 -0.196718 -0.354699 0.134892 -0.047466 -0.217873 0.054208 -0.127394 -0.21784 0.135104 -0.317015 -0.217938 0.137211 -0.159885 -0.21395 0.161979 -0.070707 -0.238975 0.161407 0.01685 -0.219082 0.161358 -0.125157 -0.216794 0.162452 0.009553 -0.24445 0.16095 0.016829 -0.239301 0.161979 -0.070707 -0.238975 0.157456 0.014508 -0.242767 0.15695 0.014601 -0.387324 0.137211 -0.159885 -0.21395 0.135104 -0.317015 -0.217938 0.137015 -0.376542 -0.214064 0.156705 -0.04749 -0.213901 0.159676 -0.377359 -0.216124 0.161211 -0.339578 -0.218265 0.159105 -0.363187 -0.214342 0.161358 -0.125157 -0.216794 0.156705 -0.04749 -0.213901 0.156705 -0.04749 -0.213901 0.137015 -0.376542 -0.214064 0.159105 -0.363187 -0.214342 0.138402 -0.050572 -0.213688 0.134892 -0.047466 -0.217873 0.137211 -0.159885 -0.21395 0.156705 -0.04749 -0.213901 0.134892 -0.047466 -0.217873 -0.133629 -0.04816 -0.217889 0.054208 -0.127394 -0.21784 0.138402 -0.050572 -0.213688 0.154289 -0.051629 -0.154502 0.138402 -0.050572 -0.213688 0.156705 -0.04749 -0.213901 0.13419 -0.050646 -0.030346 -0.035516 -0.050723 -0.062356 0.140623 -0.05307 -0.055009 0.153962 -0.052638 -0.006088 0.156868 -0.048372 -0.037503 0.156868 0.016918 -0.068715 0.156721 0.01688 -0.212626 0.158844 -0.012788 -0.049292 0.156852 0.016912 -0.029739 0.161358 -0.125157 -0.216794 0.156721 0.01688 -0.212626 0.156705 -0.04749 -0.213901 0.156868 -0.048372 -0.037503 0.156525 -0.046695 0.11266 0.153962 -0.052638 -0.006088 0.156689 0.016868 0.12505 0.153554 -0.047927 0.126365 0.136607 -0.050593 0.122712 0.156689 0.016868 0.12505 0.156868 -0.048372 -0.037503 0.156852 0.016912 -0.029739 0.190763 0.016925 -0.000806 0.160444 0.016884 0.127755 -0.175483 0.043283 -0.476209 -0.161573 0.019817 -0.490266 -0.172414 0.016927 -0.483205 -0.024692 0.016929 -0.48801 -0.029726 0.016712 -0.462708 -0.158666 0.043614 -0.489873 -0.166634 0.044316 -0.442276 -0.133915 0.01664 -0.46261 -0.160054 0.016723 -0.469475 -0.136723 0.015814 -0.469377 -0.177116 0.017242 -0.398242 -0.176316 0.044577 -0.419654 -0.178128 0.044295 -0.384905 -0.194292 0.054863 -0.410534 -0.178226 0.017954 -0.278497 -0.166634 0.044316 -0.442276 -0.176316 0.044577 -0.419654 -0.154601 0.065267 -0.428448 -0.14838 0.051381 -0.434529 -0.117653 0.04414 -0.418903 -0.157785 0.051993 -0.410763 -0.141164 0.105974 -0.42956 -0.141703 0.065847 -0.41292 -0.194292 0.054863 -0.410534 -0.168495 0.068953 -0.402819 -0.172446 0.050026 -0.388174 -0.178128 0.044295 -0.384905 -0.165311 0.066487 -0.369769 -0.143074 0.045193 -0.34767 -0.17741 0.044932 -0.301969 -0.165001 0.063712 -0.346493 -0.160087 0.0815 -0.341426 -0.122421 0.078357 -0.375097 -0.160054 0.016723 -0.469475 -0.160168 -0.111892 -0.469279 -0.161132 0.016885 -0.44718 0.010667 0.04103 -0.490462 -0.161573 0.019817 -0.490266 -0.158666 0.043614 -0.489873 -0.013796 0.043854 -0.486833 -0.166634 0.044316 -0.442276 -0.117653 0.04414 -0.418903 -0.100755 0.044144 -0.360093 -0.030698 0.044071 -0.342636 -0.073709 0.043883 -0.281047 -0.101514 0.056295 -0.391181 -0.114053 0.066071 -0.413705 -0.14838 0.051381 -0.434529 -0.105824 0.070659 -0.362708 -0.131898 0.044781 -0.33309 -0.122421 0.078357 -0.375097 -0.135825 0.063732 -0.347572 -0.136217 0.070504 -0.330181 -0.160087 0.0815 -0.341426 -0.121955 0.064002 -0.445186 -0.154601 0.065267 -0.428448 -0.141703 0.065847 -0.41292 -0.141164 0.105974 -0.42956 -0.141507 0.058683 -0.381766 -0.165311 0.066487 -0.369769 -0.168495 0.068953 -0.402819 -0.143074 0.045193 -0.34767 -0.17741 0.044932 -0.301969 -0.165001 0.063712 -0.346493 -0.16892 0.060034 -0.309161 -0.184267 0.078071 -0.292979 -0.1819 0.044552 -0.280001 -0.144021 0.068332 -0.314489 -0.160087 0.0815 -0.341426 -0.136217 0.070504 -0.330181 -0.163826 0.064785 -0.28193 -0.141017 0.069255 -0.281472 -0.124984 0.054193 -0.303832 -0.131898 0.044781 -0.33309 -0.14598 0.045769 -0.27428 -0.178895 0.044548 -0.258147 -0.199043 0.043026 -0.275555 -0.200447 0.043736 -0.208605 -0.200333 0.018601 -0.269377 -0.200757 0.040438 -0.148111 -0.19421 0.044307 -0.181178 -0.176022 0.04412 -0.173937 -0.065039 0.044058 -0.197033 -0.158389 0.044095 -0.236506 -0.059431 0.044062 -0.255532 -0.073709 0.043883 -0.281047 -0.100755 0.044144 -0.360093 -0.178128 0.044295 -0.384905 -0.178226 0.017954 -0.278497 -0.17741 0.044932 -0.301969 -0.1819 0.044552 -0.280001 -0.199043 0.043026 -0.275555 -0.200333 0.018601 -0.269377 -0.178226 0.017954 -0.278497 -0.177116 0.017242 -0.398242 -0.155776 0.015506 -0.263296 -0.172642 0.017264 -0.224885 -0.184822 0.111003 -0.24105 -0.179598 0.044356 -0.257314 -0.172822 0.077843 -0.238435 -0.180773 0.137101 -0.252018 -0.183418 0.17289 -0.252476 -0.203516 0.17111 -0.254829 -0.203516 0.17111 -0.254829 -0.183418 0.17289 -0.252476 -0.180773 0.137101 -0.252018 -0.276416 0.264157 -0.242701 -0.251926 0.226295 -0.234659 -0.279584 0.251928 -0.232011 -0.292841 0.272288 -0.232682 -0.179598 0.044356 -0.257314 -0.180773 0.137101 -0.252018 -0.172822 0.077843 -0.238435 -0.183418 0.17289 -0.252476 -0.075995 0.131019 -0.292587 -0.066105 0.132995 -0.302165 -0.066578 0.055895 -0.306644 -0.0517 0.134603 -0.296248 -0.047243 0.043973 -0.287324 -0.071685 0.134293 -0.282747 -0.056305 0.13524 -0.275424 -0.055019 0.137428 -0.280066 -0.059231 0.272059 -0.278595 -0.07295 0.26961 -0.286637 -0.061003 0.282966 -0.302034 -0.067774 0.282672 -0.295594 -0.053202 0.283553 -0.285526 -0.050545 0.268826 -0.288566 -0.059231 0.272059 -0.278595 -0.055019 0.137428 -0.280066 -0.056305 0.13524 -0.275424 -0.075995 0.131019 -0.292587 -0.066578 0.055895 -0.306644 -0.073709 0.043883 -0.281047 -0.056305 0.13524 -0.275424 -0.047243 0.043973 -0.287324 -0.0517 0.134603 -0.296248 -0.079268 0.050695 -0.222286 -0.073962 0.127623 -0.237814 -0.059431 0.044062 -0.255532 -0.065039 0.044058 -0.197033 -0.073889 0.127648 -0.21006 -0.046912 0.142489 -0.218478 -0.040704 0.127762 -0.266009 -0.035063 0.140497 -0.240789 -0.03401 0.069418 -0.266369 -0.032133 0.044299 -0.260648 -0.001603 0.050344 -0.242456 -0.017322 0.127623 -0.257641 0.001184 0.126072 -0.241132 0.000285 0.128783 -0.21614 -0.023908 0.142603 -0.218478 -0.024543 0.173543 -0.224721 -0.074787 0.288745 -0.280655 -0.067774 0.282672 -0.295594 -0.07295 0.26961 -0.286637 -0.053202 0.283553 -0.285526 -0.059231 0.272059 -0.278595 0.170779 0.021978 -0.490495 -0.024692 0.016929 -0.48801 -0.161573 0.019817 -0.490266 0.010667 0.04103 -0.490462 0.180967 0.01708 -0.488402 0.179612 0.04065 -0.490331 0.192837 0.024644 -0.47853 0.190094 0.04385 -0.482191 0.193702 0.041091 -0.465258 0.194028 0.019799 -0.291737 0.133749 0.016685 -0.462642 -0.029726 0.016712 -0.462708 -0.024692 0.016929 -0.48801 0.180967 0.01708 -0.488402 0.160852 0.016817 -0.469082 0.190616 0.016872 -0.473332 -0.013796 0.043854 -0.486833 0.026032 0.043948 -0.372548 0.190094 0.04385 -0.482191 0.179612 0.04065 -0.490331 0.010667 0.04103 -0.490462 -0.013796 0.043854 -0.486833 -0.030698 0.044071 -0.342636 0.026032 0.043948 -0.372548 -0.028912 0.060193 -0.37889 0.007064 0.066708 -0.389939 0.039514 0.056136 -0.376928 0.033665 0.090684 -0.369867 0.046976 0.054626 -0.320635 -0.008244 0.13893 -0.353064 -0.04237 0.065659 -0.353554 0.016212 0.133354 -0.353129 -0.033555 0.070888 -0.312691 -0.00959 0.128766 -0.357085 -0.007059 0.129615 -0.324754 -0.003531 0.087043 -0.298961 -0.012481 0.175388 -0.337373 0.020526 0.13213 -0.328154 0.084646 0.044181 -0.29311 -0.014373 0.044156 -0.308899 -0.047243 0.043973 -0.287324 -0.032133 0.044299 -0.260648 -0.002686 0.043834 -0.206856 -0.059431 0.044062 -0.255532 -0.066578 0.055895 -0.306644 0.034371 0.044054 -0.32665 0.046976 0.054626 -0.320635 0.039514 0.056136 -0.376928 0.011737 0.061696 -0.292162 -0.003531 0.087043 -0.298961 -0.033555 0.070888 -0.312691 -0.030698 0.044071 -0.342636 -0.073709 0.043883 -0.281047 -0.04237 0.065659 -0.353554 -0.028912 0.060193 -0.37889 0.190094 0.04385 -0.482191 0.026032 0.043948 -0.372548 0.084646 0.044181 -0.29311 0.034371 0.044054 -0.32665 0.039514 0.056136 -0.376928 0.127921 0.043903 -0.270161 0.190975 0.043867 -0.191148 0.190616 0.016872 -0.473332 0.180967 0.01708 -0.488402 0.192837 0.024644 -0.47853 0.194028 0.019799 -0.291737 0.19073 0.016893 -0.28363 0.160852 0.016817 -0.469082 0.190094 0.04385 -0.482191 0.190975 0.043867 -0.191148 0.193702 0.041091 -0.465258 0.16095 0.016829 -0.239301 0.160852 0.016817 -0.469082 0.19073 0.016893 -0.28363 0.15695 0.014601 -0.387324 0.127921 0.043903 -0.270161 0.131757 0.044014 -0.207984 0.190975 0.043867 -0.191148 0.115186 0.043826 -0.155271 0.103185 0.044279 -0.239203 0.084646 0.044181 -0.29311 0.044653 0.044062 -0.223855 -0.002686 0.043834 -0.206856 -0.018816 0.043977 -0.18953 -0.010576 0.044067 -0.131725 0.09205 0.044311 -0.198504 0.117577 0.051308 -0.159635 0.119259 0.044789 -0.189089 0.144509 0.051369 -0.175522 0.194028 0.019799 -0.291737 0.193702 0.041091 -0.465258 0.194143 0.040952 -0.142995 0.190975 0.043867 -0.191148 -0.004214 0.18298 -0.343943 -0.000478 0.187927 -0.364865 -0.012481 0.175388 -0.337373 0.011324 0.158342 -0.343453 -0.006013 0.132268 -0.338844 0.009457 0.142195 -0.333156 0.006125 0.17529 -0.357445 -0.00959 0.128766 -0.357085 0.023534 0.183698 -0.342276 0.016212 0.133354 -0.353129 -0.004214 0.18298 -0.343943 -0.012481 0.175388 -0.337373 0.013528 0.185984 -0.323806 0.009457 0.142195 -0.333156 0.011324 0.158342 -0.343453 -0.000478 0.187927 -0.364865 0.023534 0.183698 -0.342276 0.020526 0.13213 -0.328154 0.016212 0.133354 -0.353129 0.033665 0.090684 -0.369867 0.033343 0.085378 -0.309194 -0.003531 0.087043 -0.298961 0.046976 0.054626 -0.320635 0.011737 0.061696 -0.292162 -0.001603 0.050344 -0.242456 -0.002686 0.043834 -0.206856 -0.032133 0.044299 -0.260648 0.000285 0.128783 -0.21614 0.001184 0.126072 -0.241132 -0.017757 0.128244 -0.190233 -0.024543 0.173543 -0.224721 -0.037194 0.163861 -0.234594 -0.049125 0.197576 -0.248994 -0.035063 0.140497 -0.240789 -0.026708 0.200956 -0.243551 -0.024963 0.198931 -0.202508 -0.200676 0.019305 0.049907 -0.200333 0.018601 -0.269377 -0.196773 0.016956 -0.243878 -0.200757 0.040438 -0.148111 -0.197492 0.017227 0.154095 -0.19421 0.044307 -0.181178 -0.200757 0.040438 -0.148111 -0.19759 0.043891 -0.062732 -0.200414 0.041475 0.146642 -0.165116 0.044234 -0.120938 -0.127074 0.043981 -0.081415 -0.176022 0.04412 -0.173937 -0.106845 0.043944 -0.145611 -0.064117 0.044136 -0.154715 -0.065039 0.044058 -0.197033 -0.064117 0.044136 -0.154715 -0.106845 0.043944 -0.145611 -0.0994 0.079075 -0.160419 -0.075521 0.044099 -0.107167 -0.064742 0.071296 -0.107085 -0.055819 0.075043 -0.149337 -0.079758 0.083908 -0.157804 -0.108249 0.084627 -0.138484 -0.111922 0.06659 -0.122131 -0.075521 0.044099 -0.107167 -0.095187 0.084374 -0.109561 -0.064742 0.071296 -0.107085 -0.065039 0.044058 -0.197033 -0.064117 0.044136 -0.154715 -0.018816 0.043977 -0.18953 -0.010576 0.044067 -0.131725 -0.075521 0.044099 -0.107167 -0.042929 0.052806 -0.183548 0.00869 0.043826 0.016346 -0.003886 0.043842 -0.00488 -0.106845 0.043944 -0.145611 -0.127074 0.043981 -0.081415 -0.109351 0.04412 -0.038239 -0.041872 0.043834 0.009659 -0.086681 0.043891 0.006862 -0.15305 0.04394 0.005843 -0.18812 0.04434 -0.036956 -0.024304 0.079263 -0.021083 0.012554 0.082365 0.004132 -0.053051 0.083745 0.007525 -0.011339 0.045744 -0.002605 -0.034071 0.045679 0.006919 -0.127074 0.043981 -0.081415 -0.19759 0.043891 -0.062732 -0.18812 0.04434 -0.036956 -0.15305 0.04394 0.005843 -0.127074 0.043981 -0.081415 -0.18812 0.04434 -0.036956 -0.191451 0.052377 -0.075114 -0.128568 0.061957 -0.083368 -0.091342 0.063394 -0.079903 -0.109351 0.04412 -0.038239 -0.158258 0.071288 -0.076658 -0.191451 0.052377 -0.075114 -0.195239 0.061696 -0.03526 -0.18812 0.04434 -0.036956 -0.128568 0.061957 -0.083368 -0.170438 0.069524 -0.036903 -0.109351 0.04412 -0.038239 -0.129286 0.077606 -0.074239 -0.091342 0.063394 -0.079903 -0.104894 0.0715 -0.036073 -0.090665 0.045275 -0.155352 -0.108249 0.084627 -0.138484 -0.09931 0.065781 -0.116729 -0.095187 0.084374 -0.109561 -0.079758 0.083908 -0.157804 -0.068533 0.086039 -0.113533 -0.064742 0.071296 -0.107085 -0.055819 0.075043 -0.149337 -0.067342 0.046116 -0.119221 -0.059811 0.085125 -0.142685 -0.200757 0.040438 -0.148111 -0.200676 0.019305 0.049907 -0.200414 0.041475 0.146642 -0.197492 0.017227 0.154095 -0.156838 0.014889 0.171552 -0.177328 0.017544 0.165978 -0.177802 0.043993 0.168005 -0.19759 0.043891 -0.062732 -0.158356 0.043838 0.170179 -0.170732 0.065614 0.167498 -0.109294 0.043969 0.121364 -0.135335 0.044152 0.11226 -0.143841 0.044058 0.087586 -0.15305 0.04394 0.005843 -0.122151 0.043952 0.059902 -0.140511 0.072202 0.069901 -0.15994 0.0695 0.018581 -0.156005 0.068161 -0.000698 -0.15305 0.04394 0.005843 -0.145066 0.046152 0.017327 -0.100665 0.04252 -0.00052 -0.149523 0.065353 0.047496 -0.122151 0.043952 0.059902 -0.121278 0.046769 0.045056 -0.08535 0.064357 -0.001973 -0.1006 0.070528 0.05488 -0.114012 0.04432 0.047238 -0.086681 0.043891 0.006862 -0.086681 0.043891 0.006862 -0.15305 0.04394 0.005843 -0.13047 0.064328 -0.019044 -0.156005 0.068161 -0.000698 -0.08535 0.064357 -0.001973 -0.100665 0.04252 -0.00052 -0.186569 0.01695 0.118078 -0.196773 0.016956 -0.243878 -0.186749 0.016928 -0.049423 -0.143841 0.044058 0.087586 -0.135335 0.044152 0.11226 -0.140511 0.072202 0.069901 -0.098077 0.078039 0.063408 -0.122151 0.043952 0.059902 -0.143368 0.075492 0.097377 -0.122355 0.047605 0.067433 -0.127678 0.047895 0.111026 -0.095734 0.047875 0.102926 -0.087611 0.075908 0.101946 -0.109604 0.076275 0.119664 -0.109294 0.043969 0.121364 -0.149523 0.065353 0.047496 -0.122151 0.043952 0.059902 -0.114012 0.04432 0.047238 -0.086191 0.043907 0.075099 -0.086681 0.043891 0.006862 -0.086191 0.043907 0.075099 -0.122151 0.043952 0.059902 -0.098077 0.078039 0.063408 -0.087611 0.075908 0.101946 -0.109294 0.043969 0.121364 -0.041316 0.043985 0.090708 -0.041872 0.043834 0.009659 -0.086681 0.043891 0.006862 -0.086191 0.043907 0.075099 -0.016927 0.043838 0.037938 -0.041316 0.043985 0.090708 -0.023416 0.043993 0.123848 -0.046063 0.044197 0.183435 0.00869 0.043826 0.016346 -0.161246 0.044091 -0.23515 -0.172952 0.090823 -0.224264 -0.172234 0.077394 -0.237471 -0.059431 0.051752 0.089793 -0.067978 0.081704 0.116885 -0.061435 0.08541 0.078817 -0.040435 0.135501 0.107005 -0.025628 0.128872 0.08645 -0.016648 0.062842 0.062345 -0.031547 0.12697 0.12174 -0.039647 0.043989 0.088387 0.002958 0.050985 0.092621 -0.024698 0.043993 0.125499 -0.060256 0.068504 0.134105 -0.031151 0.066296 0.146119 -0.010045 0.052185 0.130035 -0.176708 0.122464 -0.232093 -0.176283 0.103174 -0.232812 -0.211468 0.170865 -0.235902 -0.249869 0.203911 -0.227549 -0.139694 0.134554 -0.210877 -0.176283 0.103174 -0.232812 -0.173393 0.09297 -0.223398 -0.190422 0.147126 -0.219622 -0.249869 0.203911 -0.227549 -0.176708 0.122464 -0.232093 -0.211468 0.170865 -0.235902 -0.139694 0.134554 -0.210877 -0.217558 0.182294 -0.223447 -0.249869 0.203911 -0.227549 -0.190422 0.147126 -0.219622 -0.211468 0.170865 -0.235902 -0.250065 0.224025 -0.234463 -0.139694 0.134554 -0.210877 -0.176283 0.103174 -0.232812 -0.173393 0.09297 -0.223398 -0.046912 0.142489 -0.218478 -0.073889 0.127648 -0.21006 -0.046831 0.12795 -0.186768 -0.057439 0.122513 -0.188484 -0.041088 0.145591 -0.177892 -0.036704 0.127142 -0.184937 -0.017757 0.128244 -0.190233 -0.002686 0.043834 -0.206856 -0.023908 0.142603 -0.218478 0.000285 0.128783 -0.21614 -0.046912 0.142489 -0.218478 -0.037194 0.163861 -0.234594 -0.035063 0.140497 -0.240789 -0.024543 0.173543 -0.224721 -0.023908 0.142603 -0.218478 -0.045521 0.172253 -0.216108 -0.024963 0.198931 -0.202508 -0.064991 0.196302 -0.219442 -0.049125 0.197576 -0.248994 -0.049125 0.197576 -0.248994 -0.037194 0.162555 -0.225637 -0.026708 0.200956 -0.243551 -0.024963 0.198931 -0.202508 0.161407 0.01685 -0.219082 0.161979 -0.070707 -0.238975 0.16095 0.016829 -0.239301 0.19073 0.016893 -0.28363 0.156721 0.01688 -0.212626 0.161358 -0.125157 -0.216794 0.19073 0.016893 -0.28363 0.156868 0.016918 -0.068715 0.156721 0.01688 -0.212626 0.190763 0.016925 -0.000806 0.156852 0.016912 -0.029739 0.194028 0.019799 -0.291737 0.194061 0.01987 0.178597 -0.010576 0.044067 -0.131725 0.00869 0.043826 0.016346 0.115186 0.043826 -0.155271 0.190975 0.043867 -0.191148 0.191057 0.043858 0.073619 0.194175 0.040944 0.067278 -0.041872 0.043834 0.009659 -0.034467 0.078912 0.047475 -0.053051 0.083745 0.007525 -0.016927 0.043838 0.037938 -0.006212 0.080618 0.052452 0.011549 0.067304 0.025426 0.00869 0.043826 0.016346 -0.003886 0.043842 -0.00488 -0.019049 0.044989 0.037096 0.009709 0.083296 0.036663 -0.034071 0.045679 0.006919 -0.011339 0.045744 -0.002605 0.012554 0.082365 0.004132 0.012554 0.082365 0.004132 0.011549 0.067304 0.025426 -0.003886 0.043842 -0.00488 0.009709 0.083296 0.036663 -0.019049 0.044989 0.037096 -0.006212 0.080618 0.052452 -0.034467 0.078912 0.047475 0.00869 0.043826 0.016346 -0.023416 0.043993 0.123848 0.052486 0.044026 0.094754 0.083136 0.043871 0.061054 0.072058 0.050475 0.064928 0.05649 0.053104 0.108239 0.110418 0.043903 0.114221 0.010241 0.043973 0.181751 -0.046063 0.044197 0.183435 -0.024643 0.054116 0.153065 0.005344 0.043973 0.228793 0.037877 0.05514 0.207626 0.027345 0.069149 0.158198 0.04422 0.078896 0.203605 0.041747 0.072847 0.228074 0.018681 0.137542 0.179741 0.016861 0.137705 0.225148 -0.011714 0.077475 0.144958 -0.053623 0.070088 0.156874 -0.001831 0.154734 0.195661 -0.036953 0.139142 0.172958 -0.055264 0.131444 0.20045 -0.031037 0.152857 0.204929 -0.01701 0.153069 0.188077 -0.024226 0.189282 0.191297 -0.010197 0.265039 0.187472 0.002357 0.268892 0.204422 -0.028898 0.273725 0.192735 -0.012648 0.259618 0.191395 -0.028304 0.268271 0.20403 -0.016648 0.062842 0.062345 0.009792 0.092308 0.089074 0.002958 0.050985 0.092621 -0.025628 0.128872 0.08645 -0.010045 0.052185 0.130035 -0.024698 0.043993 0.125499 0.011559 0.07221 0.122345 -0.031151 0.066296 0.146119 -0.015239 0.135273 0.107756 -0.00711 0.084651 0.137979 -0.031547 0.12697 0.12174 -0.036647 0.162081 0.086303 -0.032947 0.159747 0.122835 -0.005795 0.162196 0.101161 -0.021587 0.135289 0.102559 -0.025628 0.128872 0.08645 -0.040435 0.135501 0.107005 -0.036647 0.162081 0.086303 -0.032947 0.159747 0.122835 -0.031547 0.12697 0.12174 0.072058 0.050475 0.064928 0.05649 0.053104 0.108239 0.089438 0.043785 0.100802 0.100075 0.052181 0.114809 0.114541 0.052332 0.086875 0.083136 0.043871 0.061054 0.110418 0.043903 0.114221 0.00869 0.043826 0.016346 0.191057 0.043858 0.073619 0.194143 0.040952 -0.142995 0.194175 0.040944 0.067278 0.194028 0.019799 -0.291737 0.194061 0.01987 0.178597 0.190975 0.043867 -0.191148 0.190681 0.016873 0.245628 0.190763 0.016925 -0.000806 0.194061 0.01987 0.178597 0.193767 0.019801 0.359424 0.187563 0.016842 0.380084 0.159725 0.016875 0.342392 0.160444 0.016884 0.127755 0.157978 0.014539 0.177371 0.16224 0.011123 0.340627 0.162223 0.009932 0.15336 0.161228 -0.159966 0.130068 -0.159907 -0.37295 0.126635 -0.160511 -0.321553 0.154046 -0.160854 -0.147672 0.151447 -0.159924 -0.317047 0.163036 -0.160022 -0.289683 0.153163 -0.135923 -0.318092 0.155926 -0.135792 -0.373048 0.153147 -0.160397 -0.377195 0.152967 -0.135139 -0.379024 0.128458 -0.137164 -0.350648 0.126709 -0.159907 -0.37295 0.126635 -0.160854 -0.147672 0.151447 -0.160266 -0.058434 0.126954 -0.137164 -0.350648 0.126709 -0.137458 -0.046327 0.126668 -0.13358 -0.314925 0.131424 -0.133327 -0.04996 0.13122 -0.007284 -0.168505 0.131392 0.13406 -0.317113 0.131408 0.133537 -0.051189 0.131318 -0.137164 -0.350648 0.126709 -0.134356 -0.317439 0.133378 -0.135139 -0.379024 0.128458 -0.13358 -0.314925 0.131424 -0.134274 -0.317276 0.148096 -0.135792 -0.373048 0.153147 -0.135923 -0.318092 0.155926 -0.133262 -0.310712 0.155321 -0.160854 -0.147672 0.151447 -0.160022 -0.289683 0.153163 -0.155434 -0.285504 0.157593 -0.155417 -0.108504 0.158312 -0.155515 -0.141076 0.313363 -0.125114 -0.255609 0.159538 -0.112918 -0.289749 0.153686 -0.111302 -0.290075 0.148244 -0.055721 -0.290206 0.164572 -0.083358 -0.251168 0.16011 0.026228 -0.290336 0.148374 -0.026098 -0.290238 0.214638 -0.03741 -0.280704 0.162791 -0.013764 -0.281259 0.187717 -0.0485 -0.263413 0.156514 -0.133621 -0.312835 0.225981 -0.135923 -0.318092 0.155926 -0.133262 -0.310712 0.155321 -0.128519 -0.310778 0.223775 -0.131253 -0.310549 0.244419 0.012752 -0.31068 0.259832 -0.128543 -0.310549 0.339842 0.126672 -0.310484 0.339875 -0.160022 -0.289683 0.153163 -0.159924 -0.317047 0.163036 -0.159352 -0.317962 0.343046 -0.135923 -0.318092 0.155926 -0.136364 -0.317635 0.34285 -0.15945 -0.29272 0.340692 -0.155434 -0.285504 0.157593 -0.155434 -0.287887 0.341934 -0.155515 -0.141076 0.313363 -0.136364 -0.317635 0.34285 -0.135923 -0.318092 0.155926 -0.133621 -0.312835 0.225981 -0.131253 -0.310549 0.244419 -0.13367 -0.303431 0.186835 -0.133621 -0.312835 0.225981 -0.13447 -0.301929 0.350107 -0.128543 -0.310549 0.339842 -0.133262 -0.310712 0.155321 -0.134274 -0.317276 0.148096 0.029014 -0.317243 0.14929 -0.134356 -0.317439 0.133378 0.131488 -0.310321 0.155076 0.012752 -0.31068 0.259832 0.13406 -0.317113 0.131408 -0.13358 -0.314925 0.131424 -0.026098 -0.290238 0.214638 -0.057484 -0.289651 0.261173 -0.028236 -0.290043 0.248113 -0.074297 -0.286222 0.244108 -0.039712 -0.268785 0.242588 -0.039427 -0.206808 0.242441 -0.011661 -0.290434 0.280607 0.026228 -0.290336 0.148374 -0.0485 -0.263413 0.156514 -0.055721 -0.290206 0.164572 -0.083358 -0.251168 0.16011 -0.058207 -0.229045 0.157021 -0.03741 -0.280704 0.162791 -0.080624 -0.171265 0.159816 -0.133335 -0.18431 0.158427 -0.125114 -0.255609 0.159538 -0.111302 -0.290075 0.148244 -0.132486 -0.213274 0.148489 -0.13416 -0.072601 0.148342 -0.134045 -0.145713 0.165439 -0.133956 -0.187755 0.259162 -0.106134 -0.14426 0.165586 -0.068615 -0.141354 0.15743 -0.133245 -0.144684 0.235184 -0.100722 -0.141517 0.218871 -0.07837 -0.157795 0.24571 -0.052309 -0.141566 0.247492 -0.030192 -0.141435 0.237227 -0.064064 -0.19151 0.249682 -0.039427 -0.206808 0.242441 -0.106232 -0.193796 0.25689 -0.074305 -0.189959 0.282013 -0.110584 -0.223592 0.291101 -0.040463 -0.201012 0.310878 -0.017251 -0.221045 0.220244 -0.039712 -0.268785 0.242588 -0.015409 -0.141435 0.211532 -0.017687 -0.141403 0.186361 -0.016509 -0.218857 0.185674 -0.035839 -0.141452 0.162742 -0.013764 -0.281259 0.187717 0.000279 -0.227853 0.20148 -0.019006 -0.273912 0.229267 -0.019006 -0.273912 0.229267 -0.074297 -0.286222 0.244108 -0.026098 -0.290238 0.214638 -0.013764 -0.281259 0.187717 -0.039712 -0.268785 0.242588 -0.017251 -0.221045 0.220244 -0.003462 -0.072797 0.148276 -0.132486 -0.213274 0.148489 -0.111302 -0.290075 0.148244 -0.13416 -0.072601 0.148342 0.026228 -0.290336 0.148374 -0.039427 -0.206808 0.242441 -0.064064 -0.19151 0.249682 -0.051945 -0.171248 0.257135 -0.074305 -0.189959 0.282013 -0.064713 -0.163052 0.284465 -0.039186 -0.188947 0.296331 -0.031569 -0.168783 0.282405 -0.030986 -0.188065 0.266452 -0.039186 -0.188947 0.296331 -0.011609 -0.215249 0.285772 -0.020073 -0.207265 0.255779 -0.028236 -0.290043 0.248113 -0.13367 -0.303431 0.186835 -0.13447 -0.301929 0.350107 -0.133621 -0.312835 0.225981 -0.136364 -0.317635 0.34285 -0.136364 -0.317635 0.34285 -0.135825 -0.371775 0.345073 -0.159352 -0.317962 0.343046 -0.135156 -0.31721 0.346969 -0.13496 -0.316819 0.364916 -0.135156 -0.373048 0.366714 -0.160577 -0.375693 0.349911 -0.160528 -0.331252 0.367008 -0.135156 -0.31721 0.346969 -0.136364 -0.317635 0.34285 -0.13447 -0.301929 0.350107 -0.128543 -0.310549 0.339842 0.065592 -0.317406 0.347851 -0.000741 -0.316623 0.364687 0.135104 -0.316917 0.364523 -0.13496 -0.316819 0.364916 -0.134013 -0.237976 0.293585 -0.134062 -0.273944 0.350009 -0.133564 -0.272475 0.311565 -0.096722 -0.290336 0.309669 -0.097089 -0.270744 0.303163 -0.134062 -0.187853 0.350303 -0.134062 -0.273944 0.350009 -0.134013 -0.237976 0.293585 -0.093473 -0.289553 0.350238 -0.096722 -0.290336 0.309669 0.107153 -0.290336 0.35014 0.134141 -0.291871 0.350303 0.049694 -0.072724 0.350434 -0.134013 -0.072642 0.35027 -0.003462 -0.072797 0.148276 -0.133956 -0.187755 0.259162 -0.057272 -0.246156 0.31199 -0.097089 -0.270744 0.303163 -0.096722 -0.290336 0.309669 -0.033524 -0.290043 0.313526 -0.011661 -0.290434 0.280607 -0.110584 -0.223592 0.291101 -0.040463 -0.201012 0.310878 -0.134013 -0.237976 0.293585 -0.133956 -0.187755 0.259162 -0.134062 -0.187853 0.350303 0.107153 -0.290336 0.35014 0.054249 -0.290369 0.267989 0.069846 -0.290434 0.249044 -0.13736 -0.293341 0.367171 -0.160528 -0.331252 0.367008 -0.135156 -0.373048 0.366714 -0.13496 -0.316819 0.364916 -0.134307 -0.290434 0.364491 -0.000741 -0.316623 0.364687 -0.16056 -0.188506 0.366942 -0.159679 -0.047168 0.36691 -0.16043 -0.047793 0.345138 -0.160136 -0.185959 0.34504 -0.155499 -0.118725 0.342196 -0.15945 -0.29272 0.340692 -0.159352 -0.317962 0.343046 -0.155434 -0.287887 0.341934 -0.155532 -0.159003 0.326635 -0.155515 -0.141076 0.313363 -0.157197 -0.133002 0.324412 -0.166503 -0.1083 0.318397 -0.071693 -0.321162 0.414932 -0.074648 -0.272867 0.414605 -0.077383 -0.310157 0.39911 -0.077742 -0.224637 0.406563 -0.050545 -0.302582 0.384791 -0.07517 -0.269536 0.383517 -0.133637 -0.25943 0.362235 -0.134307 -0.290434 0.364491 -0.115547 -0.279071 0.362431 -0.13736 -0.293341 0.367171 0.006837 -0.285177 0.362137 -0.114592 -0.176081 0.362431 -0.127988 -0.297749 0.390676 -0.131115 -0.237372 0.392703 -0.121776 -0.261487 0.394402 -0.123784 -0.162595 0.392866 -0.128543 -0.252703 0.401071 -0.129237 -0.113614 0.393095 -0.124951 -0.122635 0.398783 -0.127988 -0.297749 0.390676 -0.121776 -0.261487 0.394402 -0.128543 -0.252703 0.401071 -0.124951 -0.122635 0.398783 -0.123784 -0.162595 0.392866 -0.129237 -0.113614 0.393095 -0.011609 -0.215249 0.285772 -0.033524 -0.290043 0.313526 -0.011661 -0.290434 0.280607 -0.020073 -0.207265 0.255779 -0.028236 -0.290043 0.248113 -0.033645 -0.231576 0.318495 -0.044047 -0.245111 0.311009 -0.057272 -0.246156 0.31199 -0.050945 -0.311137 0.413003 -0.071693 -0.321162 0.414932 -0.050545 -0.302582 0.384791 -0.074648 -0.272867 0.414605 -0.053586 -0.227217 0.416207 -0.077742 -0.224637 0.406563 -0.052823 -0.223919 0.384497 -0.07517 -0.269536 0.383517 -0.134307 -0.290434 0.364491 -0.000741 -0.316623 0.364687 0.095887 -0.29099 0.364785 0.006837 -0.285177 0.362137 -0.057272 -0.246156 0.31199 -0.044047 -0.245111 0.311009 -0.040463 -0.201012 0.310878 -0.033645 -0.231576 0.318495 -0.011609 -0.215249 0.285772 -0.039186 -0.188947 0.296331 -0.074305 -0.189959 0.282013 -0.064713 -0.163052 0.284465 -0.039186 -0.188947 0.296331 -0.031569 -0.168783 0.282405 -0.133564 -0.075875 0.3623 -0.133637 -0.25943 0.362235 -0.114592 -0.176081 0.362431 -0.13736 -0.293341 0.367171 -0.137931 0.013907 0.367041 -0.16056 -0.188506 0.366942 0.013113 -0.076267 0.362333 0.033971 -0.131615 0.362366 0.082483 -0.140015 0.362398 0.133798 0.01675 0.362497 -0.117539 -0.133092 0.439744 -0.089897 -0.237307 0.428989 -0.08615 -0.209388 0.444059 -0.114616 -0.165893 0.432356 -0.134486 -0.133827 0.429839 -0.115669 -0.163722 0.432683 -0.123506 -0.170203 0.435821 -0.133515 -0.096389 0.446053 -0.136723 -0.129362 0.443798 -0.14167 -0.078479 0.462987 -0.094689 -0.174236 0.431833 -0.114616 -0.165893 0.432356 -0.116829 -0.101149 0.430983 -0.08615 -0.209388 0.444059 -0.094689 -0.174236 0.431833 -0.089897 -0.237307 0.428989 -0.117539 -0.133092 0.439744 -0.08615 -0.209388 0.444059 -0.094689 -0.174236 0.431833 -0.116829 -0.101149 0.430983 -0.117539 -0.133092 0.439744 -0.114616 -0.165893 0.432356 0.006837 -0.285177 0.362137 0.033971 -0.131615 0.362366 -0.114592 -0.176081 0.362431 0.024363 -0.23316 0.3623 0.03129 -0.21182 0.367433 0.026275 -0.280246 0.362431 0.095887 -0.29099 0.364785 0.078744 -0.282434 0.362333 0.033132 -0.275479 0.362562 0.082483 -0.140015 0.362398 -0.085301 -0.210384 0.444909 -0.046496 -0.134398 0.469787 -0.08882 -0.201894 0.458541 -0.055619 -0.146497 0.453441 -0.047574 -0.115843 0.477273 -0.049651 -0.066919 0.473611 -0.050537 -0.039086 0.505615 -0.085301 -0.210384 0.444909 -0.08882 -0.201894 0.458541 -0.066093 -0.14155 0.460633 -0.047574 -0.115843 0.477273 -0.055619 -0.146497 0.453441 -0.050537 -0.039086 0.505615 -0.049651 -0.066919 0.473611 0.1345 -0.317243 0.150074 0.029014 -0.317243 0.14929 0.13406 -0.317113 0.131408 0.131488 -0.310321 0.155076 0.13486 -0.375791 0.152984 0.16064 -0.319529 0.155109 0.136623 -0.377816 0.127166 0.161048 -0.375726 0.152052 0.161064 -0.377163 0.129896 0.125725 -0.290238 0.148391 0.026228 -0.290336 0.148374 -0.011661 -0.290434 0.280607 0.069846 -0.290434 0.249044 0.099471 -0.290369 0.253131 0.113259 -0.289847 0.293095 0.133292 -0.072707 0.148244 0.026228 -0.290336 0.148374 0.125725 -0.290238 0.148391 0.13188 -0.294679 0.148276 0.137945 -0.2857 0.152935 0.135121 -0.287594 0.215373 0.131488 -0.310321 0.155076 0.142974 -0.286222 0.242899 0.142958 -0.286059 0.28368 0.1345 -0.317243 0.150074 0.135235 -0.317113 0.173366 0.069846 -0.290434 0.249044 0.054249 -0.290369 0.267989 0.0556 -0.211053 0.263265 0.075168 -0.207412 0.246887 0.099471 -0.290369 0.253131 0.079013 -0.197616 0.260306 0.080311 -0.191722 0.288453 0.108777 -0.210939 0.278351 0.100957 -0.21071 0.254847 0.113259 -0.289847 0.293095 0.131488 -0.310321 0.155076 0.126672 -0.310484 0.339875 0.012752 -0.31068 0.259832 0.133235 -0.29801 0.297966 0.133831 -0.297128 0.328825 0.135202 -0.316296 0.345923 0.133537 -0.051189 0.131318 0.13406 -0.317113 0.131408 -0.007284 -0.168505 0.131392 0.133292 -0.072707 0.148244 -0.003462 -0.072797 0.148276 0.026228 -0.290336 0.148374 0.049694 -0.072724 0.350434 0.133815 -0.072732 0.350205 0.137864 -0.081287 0.15282 0.136655 -0.080299 0.343209 0.146435 -0.086438 0.153082 0.149293 -0.086348 0.343013 0.156395 -0.081328 0.153621 0.161995 -0.070046 0.152559 0.161505 -0.071956 0.344909 0.161995 -0.011943 0.249715 0.16224 0.011123 0.340627 0.162223 0.009932 0.15336 0.161064 -0.377163 0.129896 0.136623 -0.377816 0.127166 0.158517 -0.367693 0.126423 0.161228 -0.159966 0.130068 0.158779 -0.120129 0.126545 0.137994 -0.202596 0.126553 0.13406 -0.317113 0.131408 0.133537 -0.051189 0.131318 0.160999 -0.286287 0.151938 0.16064 -0.319529 0.155109 0.161064 -0.377163 0.129896 0.160885 -0.31721 0.216616 0.160558 -0.286581 0.210192 0.1345 -0.317243 0.150074 0.135235 -0.317113 0.173366 0.139366 -0.317472 0.273121 0.141717 -0.323447 0.25519 0.170779 -0.301406 0.197933 0.193881 -0.286222 0.186638 0.166648 -0.337423 0.220015 0.178681 -0.35793 0.258312 0.197163 -0.327823 0.188878 0.239385 -0.317047 0.184742 0.24683 -0.289716 0.185854 0.237295 -0.351464 0.208247 0.199367 -0.356558 0.21418 0.197702 -0.368477 0.270669 0.236038 -0.369391 0.25841 0.135202 -0.316296 0.345923 0.135235 -0.317113 0.173366 0.139366 -0.317472 0.273121 0.135888 -0.317766 0.342784 0.160885 -0.3177 0.31794 0.131488 -0.310321 0.155076 0.13188 -0.294679 0.148276 0.133235 -0.29801 0.297966 0.125725 -0.290238 0.148391 0.135121 -0.287594 0.215373 0.135235 -0.317113 0.173366 0.135202 -0.316296 0.345923 0.133235 -0.29801 0.297966 0.125725 -0.290238 0.148391 0.113259 -0.289847 0.293095 0.133831 -0.297128 0.328825 0.134141 -0.291871 0.350303 0.107153 -0.290336 0.35014 0.104353 -0.290336 0.293062 0.072548 -0.290402 0.304111 0.054249 -0.290369 0.267989 0.053041 -0.289585 0.28234 0.239385 -0.317047 0.184742 0.275239 -0.342746 0.232781 0.237295 -0.351464 0.208247 0.236038 -0.369391 0.25841 0.281312 -0.342844 0.280444 0.29937 -0.309798 0.258754 0.285525 -0.314272 0.219247 0.24683 -0.289716 0.185854 0.290259 -0.285765 0.225066 0.299403 -0.293504 0.288747 0.261997 -0.265552 0.216959 0.28079 -0.266385 0.275638 0.161554 -0.210808 0.150172 0.157897 -0.28423 0.152902 0.160999 -0.286287 0.151938 0.161995 -0.070046 0.152559 0.137945 -0.2857 0.152935 0.137864 -0.081287 0.15282 0.161064 -0.377163 0.129896 0.161228 -0.159966 0.130068 0.160999 -0.286287 0.151938 0.161554 -0.210808 0.150172 0.160999 -0.286287 0.151938 0.137945 -0.2857 0.152935 0.160558 -0.286581 0.210192 0.142974 -0.286222 0.242899 0.161064 -0.274499 0.221307 0.193881 -0.286222 0.186638 0.152101 -0.269797 0.265896 0.189751 -0.26872 0.206187 0.173473 -0.263626 0.233745 0.133292 -0.072707 0.148244 0.137945 -0.2857 0.152935 0.137864 -0.081287 0.15282 0.137994 -0.202596 0.126553 0.153554 -0.047927 0.126365 0.158779 -0.120129 0.126545 0.156689 0.016868 0.12505 0.160444 0.016884 0.127755 0.161228 -0.159966 0.130068 0.135333 -0.04729 0.127583 0.133537 -0.051189 0.131318 0.136607 -0.050593 0.122712 0.001992 -0.050597 0.123521 0.24683 -0.289716 0.185854 0.193881 -0.286222 0.186638 0.221474 -0.266271 0.201741 0.189751 -0.26872 0.206187 0.173473 -0.263626 0.233745 0.198959 -0.258123 0.257184 0.261997 -0.265552 0.216959 0.222225 -0.256964 0.251316 0.28079 -0.266385 0.275638 0.198959 -0.258123 0.257184 0.173473 -0.263626 0.233745 0.180477 -0.26196 0.287309 0.219351 -0.254923 0.281097 0.152101 -0.269797 0.265896 0.22549 -0.264981 0.325197 0.167513 -0.269275 0.306531 0.216184 -0.275381 0.341542 0.161374 -0.286385 0.319476 0.142958 -0.286059 0.28368 0.142974 -0.286222 0.242899 0.209049 -0.3081 0.349388 0.138337 -0.286614 0.342948 0.135121 -0.287594 0.215373 0.133831 -0.297128 0.328825 0.135202 -0.316296 0.345923 0.134141 -0.291871 0.350303 0.161195 -0.286647 0.343111 0.160885 -0.3177 0.31794 0.161179 -0.320639 0.342817 0.187432 -0.333603 0.332519 0.16206 -0.340982 0.297802 0.139366 -0.317472 0.273121 0.197702 -0.368477 0.270669 0.141717 -0.323447 0.25519 0.178681 -0.35793 0.258312 0.222225 -0.256964 0.251316 0.198959 -0.258123 0.257184 0.212968 -0.214172 0.250777 0.228642 -0.186808 0.260077 0.21816 -0.157893 0.25179 0.219351 -0.254923 0.281097 0.28079 -0.266385 0.275638 0.215662 -0.223935 0.285576 0.219923 -0.160701 0.282013 0.213653 -0.221208 0.267694 0.22549 -0.264981 0.325197 0.270471 -0.281455 0.325491 0.216184 -0.275381 0.341542 0.299403 -0.293504 0.288747 0.209049 -0.3081 0.349388 0.270047 -0.310908 0.328858 0.281312 -0.342844 0.280444 0.29937 -0.309798 0.258754 0.245458 -0.347807 0.319051 0.187432 -0.333603 0.332519 0.236038 -0.369391 0.25841 0.199384 -0.360248 0.304046 0.197702 -0.368477 0.270669 0.20118 -0.218645 0.262578 0.21816 -0.157893 0.25179 0.212968 -0.214172 0.250777 0.198959 -0.258123 0.257184 0.219351 -0.254923 0.281097 0.215662 -0.223935 0.285576 0.197637 -0.158301 0.267024 0.213653 -0.221208 0.267694 0.219923 -0.160701 0.282013 0.113259 -0.289847 0.293095 0.108777 -0.210939 0.278351 0.104353 -0.290336 0.293062 0.090777 -0.210253 0.303621 0.072548 -0.290402 0.304111 0.080311 -0.191722 0.288453 0.059339 -0.210792 0.295743 0.053041 -0.289585 0.28234 0.0556 -0.211053 0.263265 0.053041 -0.289585 0.28234 0.0556 -0.211053 0.263265 0.054249 -0.290369 0.267989 0.0556 -0.211053 0.263265 0.053041 -0.289585 0.28234 0.059339 -0.210792 0.295743 0.06827 -0.152064 0.27809 0.078197 -0.156685 0.258901 0.078507 -0.196751 0.260502 0.097348 -0.154725 0.273284 0.080515 -0.190367 0.288355 0.084148 -0.200702 0.271323 0.086066 -0.152195 0.290055 0.086066 -0.152195 0.290055 0.079723 -0.19502 0.281751 0.097348 -0.154725 0.273284 0.084148 -0.200702 0.271323 0.06827 -0.152064 0.27809 0.079723 -0.19502 0.281751 0.086066 -0.152195 0.290055 0.078507 -0.196751 0.260502 0.097348 -0.154725 0.273284 0.080515 -0.190367 0.288355 0.078744 -0.282434 0.362333 0.095887 -0.29099 0.364785 0.133472 -0.287169 0.3623 0.133798 0.01675 0.362497 0.135104 -0.316917 0.364523 0.137145 -0.333178 0.367367 -0.000741 -0.316623 0.364687 0.161407 -0.378959 0.356253 0.135006 -0.37393 0.365406 0.135921 -0.380069 0.34383 0.135888 -0.317766 0.342784 0.137145 -0.333178 0.367367 0.161179 -0.320639 0.342817 0.160885 -0.3177 0.31794 0.160803 -0.336313 0.367302 0.158632 -0.261797 0.367367 0.160983 -0.256621 0.365537 0.161195 -0.286647 0.343111 0.161162 0.016854 0.36436 0.135202 -0.316296 0.345923 0.135888 -0.317766 0.342784 0.135006 -0.37393 0.365406 0.135104 -0.316917 0.364523 0.137145 -0.333178 0.367367 0.065592 -0.317406 0.347851 0.126672 -0.310484 0.339875 0.161195 -0.286647 0.343111 0.138337 -0.286614 0.342948 0.136655 -0.080299 0.343209 0.134141 -0.291871 0.350303 0.137456 -0.126317 0.367106 0.133798 0.01675 0.362497 0.133472 -0.287169 0.3623 0.137668 0.016748 0.367302 0.161162 0.016854 0.36436 0.187563 0.016842 0.380084 0.159268 0.014102 0.367073 0.156999 -0.106373 0.367204 0.160983 -0.256621 0.365537 0.133472 -0.287169 0.3623 0.137145 -0.333178 0.367367 0.137456 -0.126317 0.367106 0.158632 -0.261797 0.367367 0.156999 -0.106373 0.367204 0.160983 -0.256621 0.365537 0.133815 -0.072732 0.350205 0.134141 -0.291871 0.350303 0.049694 -0.072724 0.350434 0.082483 -0.140015 0.362398 0.078744 -0.282434 0.362333 0.133798 0.01675 0.362497 0.149293 -0.086348 0.343013 0.161195 -0.286647 0.343111 0.136655 -0.080299 0.343209 0.161505 -0.071956 0.344909 0.161162 0.016854 0.36436 0.16224 0.011123 0.340627 0.159725 0.016875 0.342392 0.187563 0.016842 0.380084 -0.13416 -0.072601 0.148342 -0.134013 -0.072642 0.35027 -0.133956 -0.187755 0.259162 0.001992 -0.050597 0.123521 -0.156772 -0.049829 0.126202 -0.170683 -0.05058 0.086287 -0.137458 -0.046327 0.126668 0.135333 -0.04729 0.127583 -0.170144 -0.181485 0.265422 -0.17452 -0.109075 0.252068 -0.16283 -0.176407 0.258116 -0.17163 -0.078177 0.259914 -0.16283 -0.176407 0.258116 -0.17452 -0.109075 0.252068 -0.173328 -0.015605 0.248783 -0.17163 -0.078177 0.259914 -0.181263 -0.010552 0.250957 -0.17163 -0.078177 0.259914 -0.176593 -0.00225 0.255256 -0.173328 -0.015605 0.248783 -0.156838 0.014889 0.171552 -0.155548 0.016299 0.261581 -0.177328 0.017544 0.165978 -0.160462 0.016425 0.344811 -0.176724 0.017417 0.347099 -0.176626 0.043805 0.323791 -0.155548 0.016299 0.261581 -0.156838 0.014889 0.171552 -0.155515 0.00359 0.158476 -0.155417 -0.108504 0.158312 -0.155483 0.012327 0.342032 -0.155515 -0.141076 0.313363 -0.155499 -0.118725 0.342196 -0.176593 -0.00225 0.255256 -0.195043 0.006499 0.2496 -0.181263 -0.010552 0.250957 -0.173328 -0.015605 0.248783 -0.035516 -0.050723 -0.062356 0.001992 -0.050597 0.123521 -0.170683 -0.05058 0.086287 -0.137458 -0.046327 0.126668 0.133537 -0.051189 0.131318 -0.133327 -0.04996 0.13122 -0.134013 -0.072642 0.35027 -0.13416 -0.072601 0.148342 -0.003462 -0.072797 0.148276 0.135333 -0.04729 0.127583 0.133537 -0.051189 0.131318 -0.137458 -0.046327 0.126668 0.161995 -0.070046 0.152559 0.161554 -0.210808 0.150172 0.161228 -0.159966 0.130068 0.162223 0.009932 0.15336 0.146435 -0.086438 0.153082 0.137864 -0.081287 0.15282 0.161995 -0.070046 0.152559 0.157897 -0.28423 0.152902 -0.158291 -0.127631 0.324478 -0.167303 -0.105312 0.318266 -0.17212 -0.020118 0.332944 -0.196365 0.024231 0.3318 -0.158291 -0.127631 0.324478 -0.181002 -0.032153 0.324608 -0.167303 -0.105312 0.318266 -0.196365 0.024231 0.3318 -0.17212 -0.020118 0.332944 -0.216937 0.027848 0.338665 -0.155483 0.012327 0.342032 -0.155499 -0.118725 0.342196 -0.16043 -0.047793 0.345138 -0.160462 0.016425 0.344811 -0.155548 0.016299 0.261581 -0.160152 0.016707 0.366779 -0.176724 0.017417 0.347099 -0.159679 -0.047168 0.36691 -0.163189 0.017015 0.383713 -0.137931 0.013907 0.367041 -0.16056 -0.188506 0.366942 -0.132788 0.016678 0.362464 -0.079562 0.017184 0.386132 -0.133564 -0.075875 0.3623 -0.216937 0.027848 0.338665 -0.17212 -0.020118 0.332944 -0.196365 0.024231 0.3318 -0.181002 -0.032153 0.324608 -0.133515 -0.096389 0.446053 -0.115669 -0.163722 0.432683 -0.134486 -0.133827 0.429839 -0.159238 -0.052793 0.465602 -0.136723 -0.129362 0.443798 -0.14167 -0.078479 0.462987 -0.132788 0.016678 0.362464 -0.133564 -0.075875 0.3623 0.013113 -0.076267 0.362333 0.133798 0.01675 0.362497 -0.079562 0.017184 0.386132 -0.126445 -0.043111 0.408655 -0.104738 0.043924 0.39012 -0.112233 -0.020265 0.400189 -0.095579 0.070161 0.375311 -0.127596 -0.073156 0.419378 -0.104738 0.043924 0.39012 -0.126445 -0.043111 0.408655 -0.115735 -0.02729 0.411369 -0.093685 0.057112 0.396887 -0.117392 -0.097108 0.430721 -0.094616 0.090839 0.383876 -0.095579 0.070161 0.375311 -0.127596 -0.073156 0.419378 -0.117392 -0.097108 0.430721 -0.115735 -0.02729 0.411369 -0.112233 -0.020265 0.400189 -0.127596 -0.073156 0.419378 -0.126445 -0.043111 0.408655 -0.115735 -0.02729 0.411369 0.134141 -0.291871 0.350303 0.133815 -0.072732 0.350205 0.136655 -0.080299 0.343209 -0.186569 0.01695 0.118078 -0.197492 0.017227 0.154095 -0.196773 0.016956 -0.243878 -0.109294 0.043969 0.121364 -0.158356 0.043838 0.170179 -0.105041 0.043907 0.195873 -0.041316 0.043985 0.090708 -0.046063 0.044197 0.183435 -0.177279 0.043871 0.239581 -0.177802 0.043993 0.168005 -0.177328 0.017544 0.165978 -0.176626 0.043805 0.323791 -0.159711 0.04436 0.187701 -0.115824 0.043911 0.201218 -0.112943 0.043907 0.21248 -0.150372 0.045348 0.289826 -0.110298 0.044173 0.286393 -0.105041 0.043907 0.195873 -0.149817 0.044801 0.271192 -0.120747 0.053446 0.264131 -0.099326 0.066843 0.28332 -0.124682 0.067745 0.279757 -0.145148 0.063206 0.286393 -0.166536 0.063867 0.302444 -0.159711 0.04436 0.187701 -0.184316 0.056471 0.194468 -0.177802 0.043993 0.168005 -0.170732 0.065614 0.167498 -0.158356 0.043838 0.170179 -0.105041 0.043907 0.195873 -0.115824 0.043911 0.201218 -0.113326 0.130644 0.197214 -0.112943 0.043907 0.21248 -0.116094 0.137346 0.20841 -0.115824 0.043911 0.201218 -0.074574 0.075492 0.20282 -0.046063 0.044197 0.183435 -0.051472 0.044483 0.214474 -0.042725 0.056773 0.248309 -0.039814 0.077998 0.255027 -0.03981 0.135371 0.232993 -0.055264 0.131444 0.20045 -0.005382 0.114962 0.250368 0.016861 0.137705 0.225148 0.028753 0.064385 0.243552 -0.016562 0.155665 0.21807 -0.031037 0.152857 0.204929 -0.001831 0.154734 0.195661 -0.023442 0.270851 0.216681 -0.028898 0.273725 0.192735 -0.00514 0.204401 0.214033 0.002357 0.268892 0.204422 -0.074574 0.075492 0.20282 -0.053623 0.070088 0.156874 -0.046063 0.044197 0.183435 -0.024643 0.054116 0.153065 -0.055264 0.131444 0.20045 -0.094812 0.043956 0.204144 -0.100755 0.118113 0.212088 -0.112943 0.043907 0.21248 -0.105041 0.043907 0.195873 -0.100755 0.118113 0.212088 -0.111392 0.112031 0.212219 -0.112943 0.043907 0.21248 -0.116094 0.137346 0.20841 -0.109375 0.199878 0.212251 -0.095179 0.135256 0.202379 -0.098869 0.309513 0.211483 -0.112608 0.306411 0.21199 -0.11589 0.308566 0.199077 -0.051472 0.044483 0.214474 -0.105041 0.043907 0.195873 -0.110298 0.044173 0.286393 -0.046063 0.044197 0.183435 -0.021338 0.044001 0.288878 -0.021338 0.044001 0.288878 0.005344 0.043973 0.228793 -0.051472 0.044483 0.214474 -0.042725 0.056773 0.248309 -0.010861 0.055438 0.251251 0.017338 0.043977 0.257479 0.010241 0.043973 0.181751 -0.010861 0.055438 0.251251 0.052331 0.058936 0.255435 0.053849 0.044103 0.286263 0.028753 0.064385 0.243552 0.005344 0.043973 0.228793 0.037877 0.05514 0.207626 0.041747 0.072847 0.228074 -0.115824 0.043911 0.201218 -0.116094 0.137346 0.20841 -0.113326 0.130644 0.197214 -0.11589 0.308566 0.199077 -0.102714 0.309676 0.196429 -0.098869 0.309513 0.211483 -0.096771 0.304158 0.200205 -0.095179 0.135256 0.202379 -0.105041 0.043907 0.195873 -0.094812 0.043956 0.204144 -0.100755 0.118113 0.212088 -0.023442 0.270851 0.216681 -0.028304 0.268271 0.20403 -0.028898 0.273725 0.192735 -0.020098 0.172155 0.20823 -0.012648 0.259618 0.191395 -0.018422 0.260516 0.212317 -0.008851 0.172612 0.201382 -0.012648 0.259618 0.191395 0.002357 0.268892 0.204422 -0.010861 0.055438 0.251251 -0.019518 0.069508 0.259898 -0.042725 0.056773 0.248309 -0.039814 0.077998 0.255027 -0.005382 0.114962 0.250368 0.028753 0.064385 0.243552 -0.010299 0.118382 0.279921 0.017848 0.133362 0.271585 0.052331 0.058936 0.255435 0.038273 0.122913 0.279561 -0.033757 0.05981 0.283157 -0.021338 0.044001 0.288878 -0.008809 0.110782 0.310159 -0.025355 0.056557 0.320587 0.190877 0.043883 0.269002 0.110418 0.043903 0.114221 0.010241 0.043973 0.181751 0.191057 0.043858 0.073619 0.194175 0.040944 0.067278 0.193914 0.04105 0.30944 0.010241 0.043973 0.181751 0.017338 0.043977 0.257479 0.190877 0.043883 0.269002 0.053849 0.044103 0.286263 0.026377 0.043956 0.334056 0.045376 0.057622 0.333598 0.003856 0.05912 0.340267 0.06209 0.065038 0.304144 0.052331 0.058936 0.255435 0.038273 0.122913 0.279561 0.025832 0.128007 0.312611 0.025987 0.156334 0.305452 0.004289 0.153346 0.300091 -0.008809 0.110782 0.310159 -0.025355 0.056557 0.320587 0.003174 0.142979 0.289826 -0.010299 0.118382 0.279921 0.017848 0.133362 0.271585 0.041747 0.072847 0.228074 0.04422 0.078896 0.203605 0.016861 0.137705 0.225148 0.028753 0.064385 0.243552 -0.012648 0.259618 0.191395 -0.020098 0.172155 0.20823 -0.008851 0.172612 0.201382 -0.176626 0.043805 0.323791 -0.157311 0.048434 0.324968 -0.150372 0.045348 0.289826 -0.166536 0.063867 0.302444 -0.145148 0.063206 0.286393 -0.127131 0.073279 0.301169 -0.156495 0.056393 0.343765 -0.119661 0.064851 0.341052 -0.128266 0.073696 0.36606 -0.127131 0.073279 0.301169 -0.119661 0.064851 0.341052 -0.10362 0.071932 0.33811 -0.092183 0.051985 0.349649 -0.115522 0.051814 0.358541 -0.128266 0.073696 0.36606 -0.14278 0.0647 0.376913 -0.084697 0.044099 0.330493 -0.110298 0.044173 0.286393 -0.099326 0.066843 0.28332 -0.099555 0.080904 0.304079 -0.127131 0.073279 0.301169 -0.124682 0.067745 0.279757 -0.145148 0.063206 0.286393 -0.10362 0.071932 0.33811 -0.078819 0.059753 0.333075 -0.092183 0.051985 0.349649 -0.064003 0.063055 0.36485 -0.136658 0.045124 0.351513 -0.084697 0.044099 0.330493 -0.092183 0.051985 0.349649 -0.115522 0.051814 0.358541 -0.14278 0.0647 0.376913 -0.15607 0.06172 0.363771 -0.131066 0.095753 0.380313 -0.128266 0.073696 0.36606 -0.164185 0.171094 0.395383 -0.175614 0.043177 0.372402 -0.176626 0.043805 0.323791 -0.176724 0.017417 0.347099 -0.163189 0.017015 0.383713 -0.156266 0.04034 0.385903 -0.079562 0.017184 0.386132 -0.140739 0.044144 0.382863 0.069307 0.043965 0.383222 -0.084697 0.044099 0.330493 -0.136658 0.045124 0.351513 -0.156495 0.056393 0.343765 -0.15607 0.06172 0.363771 -0.128266 0.073696 0.36606 -0.14087 0.121525 0.352461 -0.092183 0.051985 0.349649 -0.089073 0.070292 0.369917 -0.10362 0.071932 0.33811 -0.064003 0.063055 0.36485 0.036049 0.040507 0.386328 -0.156266 0.04034 0.385903 -0.079562 0.017184 0.386132 0.069307 0.043965 0.383222 0.167317 0.036336 0.386393 -0.095579 0.070161 0.375311 -0.093685 0.057112 0.396887 -0.104738 0.043924 0.39012 -0.138715 0.095664 0.369917 -0.128266 0.073696 0.36606 -0.131066 0.095753 0.380313 -0.14087 0.121525 0.352461 -0.155385 0.131844 0.352199 -0.138715 0.095664 0.369917 -0.14087 0.121525 0.352461 -0.148315 0.141477 0.378123 -0.131066 0.095753 0.380313 -0.164185 0.171094 0.395383 -0.148315 0.141477 0.378123 -0.131066 0.095753 0.380313 -0.174471 0.188449 0.374723 -0.167418 0.190817 0.383092 -0.167565 0.192139 0.383255 -0.155499 0.284304 0.385216 -0.179108 0.210915 0.380346 -0.15674 0.311048 0.370212 -0.14265 0.365808 0.363543 -0.154291 0.372012 0.35586 -0.021338 0.044001 0.288878 -0.110298 0.044173 0.286393 -0.084697 0.044099 0.330493 0.026377 0.043956 0.334056 0.069307 0.043965 0.383222 -0.025355 0.056557 0.320587 0.003856 0.05912 0.340267 -0.033757 0.05981 0.283157 0.038273 0.122913 0.279561 0.017848 0.133362 0.271585 0.031379 0.161461 0.280476 0.003174 0.142979 0.289826 0.025987 0.156334 0.305452 0.006617 0.167779 0.296233 0.019201 0.127517 0.303425 0.014892 0.128252 0.280444 0.027777 0.171028 0.28587 -0.008472 0.174571 0.296364 0.003174 0.142979 0.289826 0.004289 0.153346 0.300091 0.014918 0.175355 0.264507 0.031379 0.161461 0.280476 0.005592 0.169559 0.296691 0.024812 0.175616 0.315651 0.028791 0.173167 0.285314 0.004289 0.153346 0.300091 0.025987 0.156334 0.305452 -0.008472 0.174571 0.296364 0.024812 0.175616 0.315651 0.031379 0.161461 0.280476 0.027777 0.171028 0.28587 0.019201 0.127517 0.303425 0.006617 0.167779 0.296233 0.014892 0.128252 0.280444 0.194175 0.040944 0.067278 0.193914 0.04105 0.30944 0.194061 0.01987 0.178597 0.193914 0.04105 0.30944 0.193767 0.019801 0.359424 0.194061 0.01987 0.178597 0.193702 0.043809 0.354389 0.190877 0.043883 0.269002 0.185849 0.043744 0.382242 0.069307 0.043965 0.383222 0.187563 0.016842 0.380084 0.172363 0.019658 0.386132 -0.079562 0.017184 0.386132 0.167317 0.036336 0.386393 -0.079562 0.017184 0.386132 0.172363 0.019658 0.386132 0.167317 0.036336 0.386393 -0.079562 0.017184 0.386132 0.133798 0.01675 0.362497 0.187563 0.016842 0.380084 0.185849 0.043744 0.382242 0.069307 0.043965 0.383222 0.036049 0.040507 0.386328 0.167317 0.036336 0.386393 0.069307 0.043965 0.383222 0.190877 0.043883 0.269002 0.026377 0.043956 0.334056 0.193702 0.043809 0.354389 -0.251926 0.226295 -0.234659 -0.276416 0.264157 -0.242701 -0.292841 0.272288 -0.232682 -0.279584 0.251928 -0.232011 -0.117392 -0.097108 0.430721 -0.112233 -0.020265 0.400189 -0.095579 0.070161 0.375311 -0.148315 0.141477 0.378123 -0.155385 0.131844 0.352199 -0.14087 0.121525 0.352461 -0.167418 0.190817 0.383092 -0.154291 0.372012 0.35586 -0.14265 0.365808 0.363543 -0.155499 0.284304 0.385216 -0.167565 0.192139 0.383255 -0.179108 0.210915 0.380346 -0.073709 0.043883 -0.281047 -0.059431 0.044062 -0.255532 -0.066578 0.055895 -0.306644 -0.094616 0.090839 0.383876 -0.117392 -0.097108 0.430721 -0.095579 0.070161 0.375311 -0.14087 0.121525 0.352461 -0.167418 0.190817 0.383092 -0.164185 0.171094 0.395383 -0.15607 0.06172 0.363771</float_array>
          <technique_common>
            <accessor source="#MedicineTable1-mesh-positions-array" count="2184" stride="3">
              <param name="X" type="float"/>
              <param name="Y" type="float"/>
              <param name="Z" type="float"/>
            </accessor>
          </technique_common>
        </source>
        <source id="MedicineTable1-mesh-normals">
          <float_array id="MedicineTable1-mesh-normals-array" count="5649">-0.419243 -0.785383 -0.455423 -0.974554 0.184273 0.127625 -0.684813 -0.610293 0.398213 0.23879 -0.965804 0.10101 0.007426 0.056573 -0.998371 0.989743 -0.093109 -0.10835 -0.00889 -0.001468 -0.999959 0.995568 -0.045687 -0.082207 0.900687 0.004485 -0.434445 0.993713 -0.052314 -0.098988 -0.002972 -0.999958 0.008705 -0.000137 -0.999832 -0.018347 0.010085 -0.559143 -0.82901 -0.00608 0.01539 -0.999863 0.724033 -0.028617 -0.689172 -0.018089 0.058273 -0.998137 0.937917 0.132959 -0.320365 0.005572 0.463349 -0.886159 0.00202 0.011159 -0.999936 0.973735 -0.142603 -0.177497 0.975336 -0.14047 -0.170259 -0.97919 -0.040078 0.19895 -0.538432 0.023723 -0.842335 -0.252724 0.17305 0.951937 -0.204789 0.912418 -0.354338 -0.003853 -0.002796 -0.999989 -0.997806 -0.009806 -0.065468 -0.996864 -0.00281 -0.079081 -0.570609 0.115998 0.812988 -0.017164 -0.99985 -0.002369 -0.002537 -0.083214 0.996528 0.389914 -0.920812 -0.008531 0.252989 -0.047539 0.9663 0.585334 -0.055115 -0.808917 -0.998697 0.050635 0.006423 -0.965165 -0.03436 0.259378 -0.999657 0.008633 -0.024707 -0.021451 -0.999768 -0.001895 -0.351267 -0.609142 -0.711025 -0.99953 -0.012083 -0.02819 -0.109954 0.071677 0.991349 -0.999992 0.002924 -0.002795 -0.027343 -0.030509 -0.99916 0.033506 -0.01886 -0.999261 -0.257381 -0.861226 0.438228 0.077515 -0.991478 0.104703 0.999511 -0.018435 -0.025267 0.043388 -0.01039 0.999004 0.999975 -0.007019 0.000627 0.868739 0.018746 0.494915 0.001672 -0.999998 0.001222 0.002715 -0.407247 0.913314 0.003538 -0.999994 0.000003 0.506635 -0.862161 0.000403 0.57533 -0.79175 -0.20525 0.719098 -0.640993 -0.268375 0.025461 -0.999567 0.014742 0.103773 -0.776593 -0.621397 0.000017 -1 -0.000326 -0.000016 -1 0.000321 0.000132 -1 -0.000141 -0.000255 -0.668441 -0.743765 0 -1 0 0.003959 -0.758793 -0.65132 -0.002332 -0.737898 -0.674908 0.012328 -0.999903 -0.006449 -0.003584 -0.999991 -0.002062 0.002467 -0.999737 0.022798 -0.001583 -0.999915 -0.012916 0.000225 -0.000421 1 -0.000133 -0.000299 1 -0.000312 -0.000121 1 0.776 -0.002125 0.630729 0.301896 -0.077617 -0.950176 0.486043 -0.014768 -0.87381 -0.146409 0.08089 -0.985911 -0.158454 -0.047252 -0.986235 -0.388234 -0.015516 -0.92143 0.997906 0.040142 0.05071 0.580662 0.053703 -0.812372 0.994401 0.000993 -0.105672 0.880826 -0.078229 0.466932 -0.555249 0.01264 0.831588 -0.569267 0.149968 0.808359 -0.729996 0.683451 -0.000653 -0.683577 -0.000178 0.729879 -1 -0.000559 -0.000113 -0.652277 -0.001625 0.757979 -0.99971 0.001073 -0.024068 -0.704898 0.00668 0.709277 -0.999398 0.00258 -0.034595 -0.999391 -0.001495 -0.034854 -1 -0.000184 -0.000583 -0.999999 -0.000589 -0.001393 -0.680182 -0.000688 -0.733043 -0.792049 0.005837 -0.61043 -0.999992 -0.000834 0.003785 -0.99999 -0.001013 0.004444 -0.999909 0.00376 0.01298 -0.902509 0.010076 0.430553 -0.877868 -0.013589 0.478709 -0.001748 0.000984 0.999998 -0.004474 0.000263 0.99999 0.893102 -0.001509 -0.449852 0.923608 0.000366 -0.383338 0.121986 0.000447 -0.992532 0.004341 0.00353 -0.999984 -0.038254 -0.00149 -0.999267 -0.043814 -0.004661 -0.999029 -0.00624 0.000997 -0.99998 -0.871564 -0.207652 0.444136 -0.859278 -0.410192 -0.305587 0.513761 0.12329 0.849028 0.530155 0.134241 0.837207 0.19334 0.038124 -0.980391 0.228922 0.113834 -0.966766 -0.374479 -0.113709 -0.920237 0.367308 -0.001831 -0.930098 -0.79872 -0.241754 0.551001 -0.537396 -0.07766 0.839746 0.540954 0.118692 0.832635 -0.573497 -0.251641 0.779601 0.902573 0.039387 0.428732 -0.118768 0.03774 -0.992205 0.057928 -0.080482 -0.995071 -0.088579 0.976499 -0.196477 -0.230486 0.952658 0.19829 -0.588865 0.029476 0.807694 -0.603001 0.027852 0.797254 -0.46875 -0.614794 -0.634273 0.034388 -0.357645 0.933224 0.000499 0 -1 0.000334 0.000128 -1 -0.000202 0.000208 -1 -1 -0.000262 -0.000448 -1 -0.000595 -0.000138 -0.780509 -0.007572 0.625098 -0.127581 -0.989513 0.067726 -0.714585 -0.699538 -0.003918 -0.112474 -0.9929 0.038717 -0.057583 -0.998334 -0.003735 -0.053292 -0.998579 0.000745 0.017098 -0.999833 -0.006516 -0.023337 -0.999709 0.006147 -0.27445 0.79292 -0.544017 0.422808 -0.503723 0.753324 0.941442 -0.281589 0.185459 -0.236469 0.273763 0.932275 -0.353311 0.17633 0.918738 -0.27943 0.206777 0.937637 0.028801 -0.106198 0.993928 -0.053217 0.110887 -0.992407 0.000073 0.023167 -0.999732 0.001485 0.473504 -0.880791 -0.001491 0.382754 -0.923849 0.002094 0.009606 -0.999952 0.00099 -0.655361 -0.755315 -0.026856 -0.353737 -0.934959 0.002381 -0.999842 -0.017606 -0.000116 -0.999544 -0.030207 -0.030269 -0.045787 0.998492 0.003556 -0.591693 0.806156 -0.001323 -0.342185 0.939632 -0.009776 -0.773827 0.633322 0.000234 -1 0.000227 0.000889 0.011703 -0.999931 -0.723181 0.0023 -0.690655 -0.914954 -0.005018 -0.403527 -0.87884 0.018158 -0.47677 -0.875765 0.012738 -0.482569 -0.003322 0.002039 -0.999992 0.090859 -0.107621 -0.990032 -0.008643 -0.000183 -0.999963 -0.181223 0.014741 0.983332 0.38967 -0.077062 0.917725 -0.588169 0.086777 -0.804069 0.851224 -0.169967 -0.496516 -0.562376 0.082914 -0.822714 -0.530137 0.047047 -0.846606 -0.755439 -0.181562 -0.629561 0.685386 0.166332 -0.708928 -0.964861 -0.139387 0.222743 0.924515 -0.118556 -0.362239 -0.690443 -0.041448 0.722198 -0.997448 -0.023549 -0.067398 -0.021891 -0.999131 -0.03547 0.090431 -0.99138 0.094802 -0.002992 -0.022527 0.999742 -0.999769 0.006128 0.020581 -0.004189 -0.021995 0.999749 0.99776 0.001124 0.066889 0.999983 -0.004397 -0.003877 0.999698 -0.000724 -0.024569 0.53294 0.000525 -0.846153 0.64444 -0.002429 -0.764651 -0.84751 -0.343837 0.404355 -0.470875 -0.882145 -0.009844 -0.020324 -0.975389 0.219552 -0.457816 -0.889018 -0.007177 -0.090268 -0.994933 0.044275 0.001008 -0.999956 -0.009354 -0.464749 -0.885423 -0.005903 0.999927 -0.004435 0.011221 0.999766 -0.01146 0.018362 0.023716 -0.999715 -0.002765 0.432499 0.900499 0.045232 0.923261 -0.292041 0.249602 0.965586 0.010284 -0.259882 0.963233 0.010326 -0.268469 0.565715 0.824601 0.000242 0.999893 -0.013928 -0.004429 0.5668 0.823856 0.000281 0.999904 -0.013071 -0.004575 0.350079 -0.541623 -0.764257 0.999636 -0.004267 -0.026624 0.999923 -0.004445 -0.011593 0.998543 -0.038416 0.037886 -0.320757 -0.170442 -0.9317 0.048628 -0.998763 -0.010372 -0.022307 -0.047305 -0.998631 -0.479625 -0.877414 -0.010272 -0.525382 -0.020554 -0.850618 -0.259702 -0.962908 -0.073238 -0.968861 0.201255 0.144238 0.266744 0.835077 0.481138 -0.883074 0.468747 -0.021393 -0.998966 0.045403 0.002481 0.947172 0.004652 0.320693 0.106572 0.042976 0.993376 0.131862 0.034449 0.990669 0.371409 -0.070505 0.925789 0.76505 -0.643966 -0.002447 0.84107 -0.540829 -0.010271 0.832359 0.554189 0.00719 0.506588 -0.483457 0.713889 -0.994583 0.10369 0.00731 -0.999563 0.02951 0.001656 -0.621923 0.781779 -0.045092 -0.800461 0.599361 -0.005396 0.002656 0.000401 -0.999996 0.020681 0.003124 -0.999781 0.914485 0.404563 -0.006825 0.581671 -0.612739 0.534986 -0.4897 0.871842 0.009208 0.287839 -0.957679 -0.000175 -0.997952 0.063958 -0.001099 0.700157 -0.713988 0.00063 0.709978 -0.704224 0.000001 0.999998 -0.002023 0.000406 -0.100501 0.029062 0.994512 -0.842117 0.171873 0.511174 -0.661119 0.258278 -0.704425 -0.135357 0.062477 0.988825 -0.072856 0.086806 0.993558 -0.19436 0.284644 -0.938724 0.758868 -0.636473 0.137918 -0.375971 0.649803 0.660607 -0.25432 -0.472629 -0.843767 0.08383 0.767367 -0.635704 -0.891475 -0.425819 -0.154757 0.145879 0.159633 0.976338 0.460917 0.072107 -0.884509 -0.002522 -0.001509 -0.999996 -0.001309 0.000669 -0.999999 -0.867333 0.00228 -0.497723 -0.127061 0.846236 -0.517436 0.0004 -0.001268 -0.999999 -0.00094 -0.001568 -0.999998 -0.861701 0.001809 -0.507413 0.999979 0.001195 -0.006316 0.999922 -0.011519 -0.004823 0.992857 0.028873 -0.11576 0.953672 -0.036087 -0.298677 0.999967 0.00754 -0.003107 1 -0.000225 -0.000333 0.720176 0.693792 0.00057 0.793305 0.608809 0.004327 0.84979 -0.337056 0.405279 0.736419 0.21616 -0.641063 0.718599 -0.69542 -0.002422 0.995683 -0.005238 0.092668 0.665012 -0.746833 0.000067 0.999998 -0.001675 0.000639 0.99999 -0.00418 0.001393 0.999981 -0.005985 -0.00126 0.999976 -0.006935 -0.000725 0.690615 0.723222 -0.001043 0.999999 0.000056 -0.001467 0.999995 0.002982 -0.000412 0.817116 -0.104706 0.566884 0.669368 -0.742931 0.000026 0.673047 0.739597 -0.001714 0.65447 0.756088 -0.000499 0.730905 0.336953 -0.593498 0.695518 -0.577898 -0.426953 0.99117 -0.002998 0.132563 0.675943 -0.736954 0.00045 0.617399 -0.010311 -0.786582 0.999094 -0.000558 -0.042544 0.998972 -0.001084 -0.045315 0.997496 0.000802 -0.070722 0.908794 0.41366 0.054588 0.999984 0.001355 -0.005487 0.678418 0.734555 0.0133 -0.999884 -0.014968 -0.002851 -0.734559 0.678544 -0.000431 -0.992341 -0.035859 0.118209 -0.990144 0.005589 0.13994 -0.99108 0.015679 -0.132345 -0.999555 0.001245 -0.029788 -0.794251 -0.161724 -0.585672 -0.746888 -0.005569 -0.664927 -0.454167 -0.87656 -0.159294 -0.979993 -0.02888 -0.196924 -0.999998 -0.001758 -0.001154 -0.999996 -0.001318 -0.002296 0.016087 -0.03308 -0.999323 -0.003182 -0.999156 -0.040949 0.031631 -0.998281 -0.049351 -0.045781 -0.997594 -0.052067 -0.94523 0.000012 -0.326405 -0.793334 0.081681 -0.603282 0.350933 -0.149146 -0.924447 -0.008602 -0.00026 0.999963 0.628866 0.002965 0.777508 0.016564 -0.999851 -0.004822 0.024931 -0.99957 -0.015458 -0.052678 -0.996986 -0.056963 -0.571694 -0.820447 -0.005653 -0.999986 -0.004853 -0.001913 -0.018255 -0.999653 -0.018979 -0.62014 -0.784377 0.013363 -0.006574 -0.999891 0.013185 0.025585 -0.99956 -0.015008 -0.999895 -0.013259 -0.005807 -0.997807 0.008822 -0.065595 -0.999916 0.012942 -0.000415 -0.000976 -1 -0.000091 0.197014 -0.980324 -0.012282 0.438829 -0.898538 0.007698 0.003823 -0.999993 0.000079 -0.000499 -1 0.000507 0.00017 -0.999999 -0.001032 0.000045 -1 -0.000947 0.000279 -0.859264 -0.511533 0.049075 -0.998629 0.018238 -0.018673 -0.997747 0.064436 -0.528476 -0.848885 0.010368 -0.999998 -0.001722 0.000212 -0.057581 -0.997585 0.038838 -0.999999 0.000373 0.001072 -0.251595 -0.873858 0.416019 -0.909328 -0.04729 0.413384 0.007695 0.083948 0.99644 0.042864 -0.104233 -0.993629 -0.409267 0.071787 0.909586 -0.0846 -0.036234 0.995756 -0.009599 -0.999942 0.004795 -0.999907 -0.009049 0.010228 -0.016375 -0.999852 -0.005337 -0.021087 -0.996217 -0.084306 -0.999796 0.001046 -0.020183 -0.942655 -0.293739 0.158491 -0.787835 -0.00081 0.615886 -0.77948 -0.001595 0.626425 0.000034 -1 0.000674 0.000393 -1 0.00034 -0.333818 -0.942621 0.005597 -0.017258 -0.999759 0.013548 -0.030259 -0.997588 0.062466 0.253508 -0.939025 -0.232307 0.085523 -0.120883 0.988976 -0.998757 -0.025773 0.042661 -0.999007 -0.02991 0.033007 0.999983 -0.00195 -0.005528 0.989101 -0.00278 0.147209 0.999984 -0.000724 0.005649 0.999892 -0.005921 0.013433 0.955974 -0.011356 0.293232 0.999999 -0.001448 0.000842 0.000645 -0.000242 1 -0.870824 -0.000805 0.491595 0.999601 0.00011 0.028231 0.964456 0.012319 0.263956 -0.33689 -0.589188 0.734413 0.555108 -0.831775 -0.002478 0.703856 0.71034 -0.002008 -0.893376 0.000571 0.44931 0.000532 -0.000529 1 0.913939 -0.014139 0.405605 0.890234 -0.003735 0.455489 0.565341 0.003145 0.824851 0.013361 -0.001296 0.99991 -0.763616 0.006781 0.645635 0.012034 -0.002523 0.999924 -0.000062 0.000472 1 -0.002109 0.802097 0.59719 0.165021 -0.984347 -0.061876 0.00053 -1 -0.000389 -0.383282 -0.923586 -0.009176 -0.008329 -0.999843 -0.015624 0.056797 -0.998364 -0.006657 0.819165 -0.573554 -0.002094 0.841022 -0.54099 -0.003482 0.999999 -0.000444 -0.000928 0.999999 -0.000233 -0.001021 0.922199 -0.166787 -0.348899 0.992313 -0.01437 0.122915 0.997777 0.066637 0.000428 0.278418 -0.01909 0.96027 0.852157 -0.523229 0.007791 0.999993 -0.00302 0.002317 0.977183 -0.043052 0.207992 0.506095 -0.861876 0.03221 0.147771 -0.988381 0.035604 0.999999 0.000125 0.001055 0.000633 -1 -0.000283 0.003912 -0.999992 0.000605 -0.567254 0.14893 -0.809965 -0.012856 -0.918342 -0.39558 -0.000267 -0.999963 -0.008643 -0.629146 0.089564 -0.77211 -0.036595 0.999112 -0.020862 0.000671 -0.999885 -0.015176 0.000971 -0.999876 -0.015737 0.039147 0.989778 -0.137142 -0.993367 -0.101197 -0.054603 -0.027401 0.999354 -0.023267 -0.999734 0.017417 -0.015118 -0.99857 -0.011642 -0.052172 -0.509127 -0.860039 -0.033523 -0.999417 -0.032924 -0.00907 -0.718471 0.620313 -0.314661 0.188144 0.463453 -0.865918 -0.427158 0.121002 0.896044 -0.510463 0.729341 0.455509 -0.947031 0.314396 0.065483 -0.203844 0.377331 0.903365 0.051529 0.711475 -0.700819 -0.320149 0.228462 -0.919407 0.028867 0.438886 -0.898079 -0.509679 0.590544 0.625687 -0.409314 0.723166 0.556321 -0.951521 0.286075 0.113001 -0.494319 0.745309 0.447397 -0.795383 -0.264813 0.545197 -0.017621 0.999816 -0.007524 -0.645627 -0.759245 -0.081934 -0.966082 0.254589 0.043235 -0.290252 0.866745 -0.405595 -0.998833 0.000814 -0.048283 -0.003217 0.016875 -0.999852 0.010571 0.822363 -0.568865 -0.001348 0.999887 -0.014974 0.003232 0.999995 0.000736 0.002278 0.999997 -0.000724 0.001382 0.999998 -0.001338 0.000246 0.999995 0.003221 -0.807173 0.54286 0.231894 0.868728 -0.025374 -0.494639 0.473463 0.128793 -0.871347 0.979971 0.192424 0.051279 0.644647 0.196133 0.738892 0.57536 0.761962 -0.297279 0.695158 0.714744 -0.076787 0.234329 0.620457 0.748414 0.043044 0.873434 0.485036 0.984412 0.170256 -0.044112 0.512447 0.804042 -0.30152 0.570575 0.576973 0.58442 -0.415816 0.908351 0.044665 -0.442567 0.185877 -0.877259 0.013744 0.998719 -0.048695 -0.009894 0.997957 -0.063118 -0.746915 0.263223 0.610599 -0.606864 0.709897 -0.357438 -0.001554 0.974566 0.224097 -0.244727 0.515729 -0.821056 0.193342 0.956445 0.218705 0.328858 0.943586 0.038707 -0.590847 -0.671137 -0.447743 -0.879941 0.472872 -0.045777 -0.696083 0.050251 -0.716201 -0.968741 -0.146059 -0.20052 -0.303649 0.950778 0.06179 -0.838895 0.078336 0.538627 0.293548 0.916196 0.272788 0.618171 0.746591 -0.245899 -0.273515 0.330437 0.903328 -0.315752 0.948839 0.00222 -0.187946 0.972914 -0.13459 0.435368 0.836671 0.332319 0.62232 0.778829 -0.078383 0.940068 0.189859 -0.283243 0.814433 0.005561 0.580231 -0.079215 0.307146 0.94836 0.534113 -0.833421 0.141891 -0.737106 0.668118 0.101453 0.332717 0.603656 0.724499 0.051246 -0.998264 0.029038 -0.085614 0.996257 0.011955 -0.065076 0.997809 -0.01195 -0.99865 0.047312 -0.021446 -0.999965 0.006937 -0.00475 -0.307891 0.950095 0.050219 0.020459 0.999466 -0.025476 -0.001527 0.999949 -0.009991 0.003283 0.999836 0.017821 -0.003084 0.999961 0.008224 0.011322 0.999884 0.010204 0.00035 1 0.000103 -0.000924 0.999978 -0.006521 0.007293 0.999932 0.0091 0.017975 0.999834 -0.002846 -0.999261 0.037517 0.008368 -0.968875 -0.14515 -0.200531 -0.242695 -0.088137 -0.966091 -0.378232 -0.208193 -0.901996 -0.111663 -0.993734 0.004876 -0.107322 -0.994223 -0.001614 -0.733923 -0.214781 0.64438 -0.943371 0.006981 -0.331665 0.261293 0.169504 0.95026 -0.360036 -0.313414 -0.878718 0.13031 -0.182858 -0.974465 0.116669 -0.004078 -0.993162 -0.5162 -0.483979 -0.706612 -0.615188 -0.422499 -0.665611 -0.920009 -0.033955 0.390425 0.961135 0.06761 -0.267671 -0.699664 0.045714 -0.713008 0.694996 -0.03653 -0.718085 0.374539 0.051477 -0.925781 -0.339687 0.926904 -0.159566 -0.113386 -0.92681 0.358003 -0.228279 0.903548 0.362615 -0.155911 -0.01567 0.987647 -0.508265 0.019999 0.860968 -0.96127 -0.016897 -0.275089 -0.80128 0.027782 -0.597645 0.381099 -0.012159 -0.924454 -0.666595 -0.223523 -0.711118 -0.053227 0.998528 -0.010402 0.873308 0.244555 -0.421338 0.80318 0.027149 -0.595118 0.754088 0.000478 0.656774 0.756556 0.016528 0.65372 0.978718 -0.020111 0.20422 0.970006 -0.107994 0.217773 -0.953143 -0.064155 -0.295638 -0.664706 0.080922 0.742709 0.229851 -0.10335 0.967723 0.974537 0.068939 0.213365 -0.861688 -0.042628 -0.505645 -0.369961 -0.928368 -0.035533 -0.872946 -0.016433 0.48754 -0.99759 0.069331 0.00258 -0.481903 0.876224 0.000503 -0.27258 0.908393 -0.317051 -0.646002 0.049183 -0.76175 -0.457506 0.830728 -0.317142 -0.361525 -0.035737 -0.931677 -0.177279 -0.231125 -0.956636 0.527913 -0.15089 -0.835787 0.336878 0.044448 -0.940499 0.576687 -0.043003 -0.815833 0.175017 0.862574 -0.474695 0.665121 -0.011421 -0.746648 0.34922 0.884862 -0.308326 0.367635 0.925874 -0.087184 0.492819 0.808086 -0.322687 0.894849 -0.070591 -0.440752 -0.895697 0.052084 -0.441604 0.156179 0.938414 -0.3082 -0.440162 -0.306152 0.844114 0.289427 0.37834 0.879256 0.00285 -0.528163 -0.849138 -0.000663 -0.003859 -0.999992 -0.001462 -0.39538 -0.918516 0.000793 0.008379 -0.999965 0.167878 -0.070808 -0.983262 0.648615 -0.024957 -0.760708 0.623535 -0.059552 -0.779524 0.976133 0.102951 -0.191221 0.998892 -0.046439 -0.007578 -0.000159 -0.999963 -0.008621 0.000708 -0.999901 -0.014032 0.002151 -0.999933 -0.011386 -0.000111 -0.999906 -0.013741 0.000039 1 -0.000835 0.008565 0.926825 -0.375395 0.002258 0.79643 -0.604726 0.001458 0.999998 -0.001329 0.215792 0.888199 0.405631 0.109081 0.659337 0.743893 -0.176865 0.500282 0.847607 0.429413 0.250069 -0.867796 0.973881 0.190224 -0.123981 -0.333406 0.371703 -0.866416 0.210539 0.479571 -0.851872 -0.785426 0.369136 -0.496835 0.087517 0.394583 -0.914683 -0.897895 0.417255 0.140293 0.079055 0.357656 -0.930501 -0.882236 0.435019 0.180049 -0.99198 0.10175 0.07499 -0.550128 0.398893 0.733651 -0.992202 -0.095428 0.080185 0.057506 0.520799 0.85174 0.092898 0.274828 0.956995 -0.001291 0.999978 0.006546 0.002967 0.999971 0.007026 -0.002064 0.999937 -0.011071 -0.009913 0.999929 -0.006625 0.403986 0.901993 0.152331 0.000466 0.99999 -0.00447 0.668687 -0.735605 -0.108367 -0.247945 0.685255 -0.684798 -0.237846 0.832142 -0.500968 -0.503416 -0.072248 0.861018 -0.35648 -0.124448 0.925978 -0.005507 0.999985 0.000124 0.776951 0.504019 -0.377243 -0.0032 0.999995 0.000814 0.899521 0.364597 -0.240687 0.773325 0.564289 0.289043 -0.000911 0.999997 -0.002257 -0.001109 0.999997 -0.002111 -0.645216 0.755222 0.115482 0.005665 0.999983 0.001411 0.000655 1 -0.000058 0.717574 -0.517087 -0.466592 0.959023 -0.283009 -0.01346 0.660689 -0.750659 -0.000317 0.001867 -0.999998 0.000106 0.613063 0.790032 -0.001901 0.002202 -0.999998 0.000052 0.491297 -0.870992 -0.000163 0.003039 0.999993 -0.00196 0.001348 0.999991 0.003986 0.012033 0.999924 -0.002515 0.009023 0.999947 -0.00492 -0.003827 0.999993 -0.000501 -0.005317 0.999985 -0.001361 -0.011698 0.999748 -0.019134 -0.002034 0.999997 -0.001264 0.002148 0.999997 0.001243 -0.004208 0.999989 -0.001954 -0.015774 0.999682 0.019673 0.007823 0.999969 0.001338 -0.767288 0.488001 0.416081 -0.002723 0.99908 -0.042807 0.056464 0.975493 -0.212663 -0.308106 0.946747 -0.093489 0.480465 0.322192 0.815687 -0.171278 0.973233 -0.153238 -0.132801 0.9661 -0.221391 0.99999 0.004203 -0.001366 0.682171 0.731192 -0.000618 0.646851 -0.759911 -0.064178 -0.812597 -0.517794 -0.267535 0.119662 0.095135 0.988246 -0.402206 0.105728 0.909424 -0.560157 0.490474 0.667578 -0.579151 -0.616108 -0.533849 -0.712186 0.235458 -0.661325 0.675898 -0.077225 -0.732938 0.162064 -0.062356 -0.984808 0.634722 0.073511 -0.769236 0.494242 -0.810423 -0.314546 0.742895 0.073016 -0.665414 0.994823 -0.098123 0.026443 -0.938186 -0.147691 0.31304 0.190199 0.981573 -0.018432 -0.417605 -0.126904 0.899723 0.880612 0.076682 0.467592 0.9791 -0.104842 -0.174275 0.897565 0.419877 -0.134464 0.960926 0.275264 0.02918 0.259958 0.423252 0.867917 0.918814 0.392737 0.03923 0.262225 0.394227 0.880808 0.627006 -0.011843 0.778924 0.284765 -0.944455 -0.164055 0.999179 -0.032263 0.024494 0.998499 -0.03744 0.039974 0.819824 0.033804 0.571617 0.654288 -0.089211 -0.750965 0.457797 0.266629 -0.848134 0.274705 -0.52957 -0.802554 0.99788 0.051424 -0.039888 -0.428542 -0.903521 0.001532 -0.999906 -0.013642 -0.001044 -0.5374 -0.843327 -0.000395 -0.556449 0.830781 -0.012957 -0.716669 0.697412 -0.001619 -0.004487 0.999984 0.003387 0.000337 0.999981 0.006078 0.012178 0.999915 -0.004662 0.005459 0.999984 0.001148 0.003735 0.999989 -0.002925 -0.002085 0.999934 0.011287 0.00017 0.999998 -0.001836 0.194054 0.345839 0.918008 -0.907196 0.360238 -0.217311 0.943059 -0.283479 0.174012 0.253845 0.099251 -0.962139 0.203879 -0.329792 -0.921776 -0.18773 0.931526 -0.311475 -0.954848 0.081982 -0.28556 -0.930756 -0.122717 -0.344433 -0.595134 -0.638889 0.48748 0.792853 -0.489994 -0.36234 -0.465141 -0.175539 0.867657 -0.070407 0.024911 0.997207 0.002071 0.999996 -0.001878 0.002091 0.999996 -0.001852 0.000874 0.999999 0.000982 0.108438 0.743387 -0.660013 -0.001854 0.999997 0.001868 0.001149 0.999998 0.001709 -0.003064 0.999994 -0.001538 -0.003238 0.999993 -0.001885 0.000589 0.999998 0.002101 0.003296 0.999994 0.001322 0.00099 0.999989 0.00457 0.000665 0.999989 0.004734 0.002911 0.999972 0.00696 0.301897 0.534977 0.789087 0.566763 -0.049484 -0.822394 -0.703963 -0.233068 -0.670907 -0.563259 0.221042 0.796166 -0.690504 -0.334081 -0.641556 -0.321497 -0.549476 -0.771178 -0.005365 0.999866 -0.015445 0.059058 0.99749 -0.039071 0.145356 0.970621 0.191747 -0.11179 -0.116524 -0.986876 0.096036 -0.099633 -0.990379 -0.474758 0.858892 0.192119 -0.488748 0.838071 -0.24241 -0.925171 -0.37955 0.000814 -0.156978 0.196479 -0.967861 -0.08547 0.062107 -0.994403 -0.303696 0.951411 -0.050845 0.016248 -0.013517 0.999777 -0.037398 0.502239 -0.86392 -0.211325 0.977181 -0.021402 0.060653 0.505021 -0.860973 -0.010291 -0.077183 0.996964 -0.031895 0.983559 0.177745 0.930616 -0.176843 0.320437 0.341046 0.937587 -0.067961 0.910341 0.413557 -0.01581 0.910381 -0.043226 -0.411506 0.556348 -0.104746 0.824321 -0.159516 0.385691 -0.908734 -0.107835 -0.421532 -0.900379 -0.916118 -0.333161 -0.223007 0.009755 0.141331 -0.989914 0.476612 0.816173 -0.326653 -0.942031 -0.19096 -0.275882 -0.455246 -0.608901 0.649608 -0.957854 0.012294 -0.286991 -0.597954 0.217759 0.771383 -0.760658 0.436083 0.480865 -0.999976 0.006812 0.001139 -0.993412 -0.111085 0.028141 -0.225056 -0.885968 0.405475 -0.505416 -0.074919 0.859617 -0.688315 0.136065 0.712537 -0.11986 0.992742 0.00984 0.11044 -0.059362 -0.992108 0.006901 0.99993 0.009612 0.004782 0.999967 0.006498 -0.006019 0.99998 -0.00173 -0.002469 0.999997 -0.00023 0.001367 0.999998 -0.001602 0.002662 0.999995 -0.001748 -0.755756 -0.28197 -0.591038 0.968049 0.168308 0.185886 0.838978 0.527251 0.134618 0.317749 0.690292 0.650025 0.888839 0.372554 -0.266774 -0.670426 -0.635279 0.383341 0.669638 0.458017 -0.584641 0.053989 0.996192 -0.068457 0.543478 0.835986 -0.07589 -0.764795 0.510176 -0.393457 0.112032 0.294845 -0.948955 -0.674267 0.692678 -0.256047 -0.12288 -0.219311 0.967886 -0.966059 -0.046859 -0.254034 -0.711663 0.506222 -0.487109 -0.009085 0.777542 0.628766 -0.587713 -0.276986 -0.760179 -0.325675 0.392516 0.860155 -0.390162 -0.844609 -0.366617 0.338103 -0.296554 -0.893164 -0.005341 -0.999986 0.000134 -0.901789 0.301376 0.309756 -0.177438 0.223889 -0.958326 -0.958496 -0.277247 -0.066476 -0.149727 -0.011312 -0.988663 0.805102 0.593 0.012718 0.843083 0.528513 0.099425 -0.651596 0.583861 0.484282 -0.00108 0.999976 -0.00678 -0.923347 0.276848 0.266055 0.549828 -0.097657 -0.82955 -0.538038 0.24508 0.806505 -0.223753 0.411434 -0.883548 -0.618518 0.152248 -0.77088 -0.329372 0.046458 0.943057 -0.627159 -0.046931 -0.777476 -0.482237 -0.810101 -0.333441 -0.008656 0.999688 0.023436 0.015165 0.999885 -0.000348 -0.382925 0.177193 0.906626 0.939134 0.244317 -0.241529 -0.848053 0.317987 -0.423899 -0.00108 0.999998 -0.001863 0.001291 0.999999 -0.000248 0.000628 1 -0.000698 -0.000654 0.999995 -0.003087 0.002532 0.999995 -0.001614 0.003454 0.999992 -0.002112 -0.001115 0.999998 -0.00189 -0.926074 -0.28861 0.243086 -0.976866 -0.116622 -0.179255 -0.892741 0.436702 -0.110926 -0.567272 0.571497 -0.592953 -0.183767 0.314937 -0.931152 -0.45879 -0.300052 -0.83635 -0.632591 0.440836 0.636783 -0.297793 -0.62884 -0.718248 0.188214 -0.866976 -0.461441 0.168208 -0.983428 -0.067649 -0.352803 -0.924827 0.142217 -0.63781 0.445986 0.627928 -0.918659 -0.374879 0.124623 -0.491112 -0.817801 0.300018 -0.334719 0.34944 0.875131 -0.319845 -0.691438 0.647775 0.133252 -0.651742 0.746643 0.164184 0.040359 -0.985604 -0.407736 -0.251986 -0.877642 -0.486166 -0.043239 0.872796 -0.954118 -0.297921 -0.030038 -0.477454 -0.389906 0.787408 0.850233 0.234491 0.471294 -0.800178 -0.557202 0.221902 0.533291 -0.183532 -0.825783 -0.111334 0.02215 0.993536 0.790059 0.592488 -0.157367 0.097537 0.324362 0.940891 0.79876 0.583866 -0.145201 0.439119 0.295868 0.848314 -0.691448 0.374285 0.617908 -0.346676 0.852295 0.391675 -0.45486 0.723687 0.519018 -0.793967 0.01068 0.607866 -0.507231 -0.044641 0.860653 -0.176084 0.033014 0.983821 -0.822405 -0.018341 0.568606 0.778874 -0.053541 0.62489 -0.193853 -0.38982 0.900257 0.24012 -0.001964 0.970741 0.040442 0.908301 0.416357 0.024532 0.957602 0.287047 0.268932 0.004653 0.963148 0.731896 -0.003516 0.681407 -0.004427 0.891014 0.453955 0.444741 0.833812 0.327052 -0.880628 0.044758 -0.471689 0.000983 -0.197802 -0.980242 -0.383049 0.091109 -0.919224 -0.895573 0.076777 -0.438241 0.330763 -0.618306 0.712947 -0.771717 -0.63311 -0.060197 -0.373678 -0.17626 0.910658 -0.773974 -0.45983 -0.43534 -0.068212 0.997651 0.006371 0.274503 -0.467073 -0.84053 -0.956439 0.28674 0.054807 0.887351 -0.005206 -0.461065 0.999676 0.011662 -0.022614 0.003509 -0.999993 0.00093 -0.019906 -0.999755 -0.009707 0.809301 0.009185 0.587323 0.000906 -1 0.000261 -0.00002 -1 0.000115 0.000525 -1 -0.000157 0.661143 -0.75026 0.00001 0.664006 -0.747728 0.000067 0.002167 0.999997 0.001344 -0.000763 1 -0.000473 -0.000189 1 0.000031 0.68259 0.730801 -0.000188 0.892842 0.229378 -0.387582 -0.655711 -0.48521 0.578459 -0.144824 -0.326417 0.934065 0.638211 -0.43625 0.634328 0.603505 -0.350478 0.716203 0.856726 0.091937 -0.507511 0.819861 0.471867 -0.324299 -0.250535 0.17732 -0.95173 0.818458 0.414423 -0.39797 0.005545 0.999783 0.020093 -0.815656 0.559353 -0.147751 -0.917143 0.344516 0.200392 0.994856 0.054412 0.085447 -0.797175 0.597475 -0.086808 0.686039 -0.363811 0.630073 0.076096 -0.99288 -0.091643 -0.00116 0.999998 -0.001903 0.001398 0.999993 -0.003331 0.564943 0.647991 0.51083 -0.655312 0.702273 -0.27817 0.198993 0.784566 -0.587246 0.001641 0.999998 0.001407 -0.000241 1 0.000493 0.003929 0.99999 -0.001932 0.013314 0.947693 0.318905 0.345305 -0.937802 0.035943 -0.276204 0.749961 0.601058 -0.604722 0.72311 0.333802 0.91541 -0.291423 -0.277663 0.967024 -0.252214 0.035404 0.893952 0.233693 -0.38241 0.910973 0.410974 0.035045 0.209096 -0.421905 -0.882199 0.364744 0.321456 -0.873858 -0.235189 -0.199941 -0.951162 0.652806 0.757162 0.02345 -0.30835 0.285766 -0.907336 0.120793 0.450964 -0.884331 -0.829262 0.308691 -0.46587 -0.626239 0.751761 -0.20659 0.110026 0.654502 -0.748011 0.205441 0.785586 -0.583651 -0.379201 0.873732 -0.304628 -0.764471 -0.095656 -0.637522 0.449569 -0.032174 -0.892666 -0.34084 0.01566 -0.939991 0.801683 0.016443 -0.597523 -0.84958 -0.038039 -0.526086 -0.270297 0.001446 -0.962776 0.287006 0.866015 -0.409444 0.370036 0.500609 -0.782601 0.638169 0.705921 0.307273 0.791638 -0.181006 -0.583563 0.433296 0.360476 -0.826022 0.436947 -0.881267 0.180128 0.704523 -0.65796 0.265962 0.972126 -0.174232 -0.156892 0.497555 -0.213968 0.840629 0.643306 0.588004 -0.490315 0.881779 0.422988 0.20868 0.49598 -0.286024 0.819874 0.730635 0.432668 0.528178 0.029356 0.372831 0.927435 0.389807 0.517411 0.761798 0.829781 0.273164 -0.486667 0.650233 0.002391 0.759731 0.407554 -0.349626 -0.8436 0.625157 -0.028234 0.779988 0.885307 0.461093 -0.0602 0.41623 -0.28908 -0.862082 -0.608591 0.319485 -0.726324 -0.820047 -0.274315 -0.502269 -0.967741 0.225471 0.112427 -0.868472 -0.053564 0.492835 0.280827 0.958806 0.042749 0.102871 0.81679 -0.567689 -0.17719 0.948463 0.26272 -0.418257 0.883285 -0.21182 0.262263 0.776214 -0.573332 0.149427 0.254627 -0.955425 0.603625 0.731735 0.316545 -0.412292 0.886276 0.211021 -0.000339 1 -0.000441 0.000104 1 -0.0009 0.999991 -0.004309 -0.000155 0.999983 -0.005785 -0.000069 0.677729 0.735312 -0.000077 0.664168 -0.747584 0.000062 0.67241 -0.740178 0.000809 0.458558 -0.888603 0.010426 -0.000864 -1 -0.000255 0.000451 -1 -0.000211 -0.000202 -1 -0.000043 0.713703 -0.700445 0.002359 0.914435 0.404439 -0.015405 0.723752 0.690046 -0.004451 0.881103 0.468308 0.065914 0.997653 0.003527 -0.068384 -0.999838 -0.002238 -0.017838 -0.999961 -0.005942 -0.006549 -0.997837 -0.000985 0.065733 0.091905 -0.892588 0.441406 -0.069052 -0.050541 0.996332 -0.004037 -0.019392 0.999804 -0.999821 -0.001688 -0.01887 0.15982 -0.958469 0.236208 -0.224064 -0.961489 -0.159169 0.059307 -0.057193 -0.9966 -0.999606 -0.001113 -0.028044 0.002238 0.001016 -0.999997 -0.012462 -0.000146 -0.999922 0.793663 0.000685 -0.608357 0.740067 -0.001225 -0.672532 0.000636 -0.000772 -1 -0.000062 -0.000169 -1 0.000363 -0.001062 -0.999999 0.859357 0.029848 -0.510505 0.966971 -0.126236 0.22143 0.99991 -0.012292 -0.005409 0.999183 -0.024277 0.032306 0.978668 -0.008054 0.205288 0.932346 -0.32289 0.162704 -0.696736 0.004584 0.717313 -0.776975 -0.002486 0.629527 -1 0.000095 -0.000612 0.923194 0.285756 0.257014 0.018342 0.998348 -0.054446 0.183746 0.229472 -0.955814 0.023927 -0.096797 -0.995016 0.001898 0.999997 0.001539 0.001542 0.999999 -0.000261 -0.426176 0.86862 0.252731 -0.210704 0.95222 0.221091 0.064964 -0.303425 -0.950638 0.940545 -0.339625 -0.00542 0.364084 -0.931 -0.026115 0.396401 -0.915937 0.062654 0.000954 -0.999999 -0.00102 -0.002063 -0.99994 0.010798 -0.00091 -1 0.000026 0.000256 -0.999998 0.002084 -0.999992 -0.002439 0.003162 -0.044954 -0.998977 -0.004931 0.014224 -0.999896 0.002479 -0.999989 -0.003602 0.002989 -0.68071 0.732421 0.013935 -0.770086 0.637887 0.008249 -1 -0.000557 -0.000007 0.899712 -0.436473 0.003189 0.941083 -0.328552 -0.080106 -0.943022 -0.332726 -0.00156 0.81081 0.584856 -0.023029 -0.004768 -0.739823 0.672785 0.000119 -0.999938 0.011091 0.00167 -0.655754 0.754972 0.001478 -0.999997 -0.001753 0.001215 -0.999999 -0.000165 -0.005055 -0.612501 -0.790454 0.0111 0.999925 -0.005143 0.127273 0.989152 0.073349 -0.367121 0.773219 0.517064 -0.375131 -0.417594 -0.827582 0.427566 -0.004117 -0.903975 0.031189 0.999506 -0.003857 0.004411 0.999988 0.002005 -0.181996 -0.237906 -0.954085 -0.108121 -0.015881 -0.994011 0.70871 0.210086 -0.673494 -0.122371 0.000534 -0.992484 0.027491 -0.004622 -0.999611 0.015169 -0.013837 -0.999789 0.904019 0.248245 0.34803 0.966779 0.107854 -0.231747 0.998651 0.011933 0.050536 0.999119 0.01103 0.040487 0.999999 0.001496 -0.000287 -0.021099 0.189797 -0.981597 -0.004116 0.178675 -0.9839 -0.212979 0.007555 -0.977028 -0.160224 -0.014418 -0.986975 -0.051912 0.998552 -0.014131 -0.999681 0.022682 0.011133 -0.116348 0.992432 -0.039269 -0.086331 0.995361 -0.042468 -0.051097 0.486433 0.872223 -0.051942 0.994625 0.089567 -0.154132 0.140147 0.97806 -0.002863 0.999974 0.006555 -0.001628 0.999997 0.001807 -0.111132 0.069633 0.991363 0.269731 -0.021269 0.962701 0.420886 0.012887 0.907022 0.156199 0.180679 0.97106 0.12429 0.205286 0.970778 -0.065681 0.995482 -0.068563 0.21151 0.723536 0.657084 -0.500404 0.683393 0.531574 -0.390737 0.608173 0.690978 0.693699 -0.040639 0.719117 0.706929 -0.00158 0.707283 0.866265 0.034499 0.498392 0.000968 0.999999 0.000557 0.000237 0.999999 0.001276 0.999578 -0.020924 0.020126 0.995803 0.015952 -0.090123 0.003798 0.99998 -0.004993 0.792759 0.017463 -0.609285 0.16001 0.023591 -0.986833 0.25979 -0.003272 -0.96566 0.749919 -0.008696 -0.661473 0.72556 0.009387 -0.688095 0.422099 0.904124 0.066276 0.687312 0.006453 -0.726333 0.74368 0.088405 0.662664 0.941323 -0.2914 0.170287 0.325994 -0.705473 0.629314 0.821636 -0.534457 0.198166 0.32924 -0.588647 0.738306 0.558141 0.121553 0.820794 0.003939 -0.002106 0.99999 0.000502 0.001052 0.999999 -0.00095 0.000321 0.999999 0.044345 -0.368155 0.928706 -0.777821 0.565841 -0.273528 -0.811991 0.333141 -0.479257 -0.378302 0.050639 0.924296 0.153156 0.96396 -0.217542 0.652252 0.494819 -0.574214 0.64633 0.474481 -0.597599 0.949524 -0.182405 0.255212 0.715936 0.663888 0.216076 0.841522 0.53163 -0.095975 0.456722 0.616241 -0.641601 0.567664 0.020235 -0.823011 0.999685 0.024652 0.004672 0.991623 -0.127899 0.01802 -0.007941 -0.041102 -0.999123 0.959626 -0.001999 -0.281273 0.999872 -0.011896 -0.010655 0.999504 -0.00448 -0.03118 -0.173408 -0.112663 -0.978385 0.144113 -0.987581 -0.062573 -0.999069 0.016447 -0.03989 -0.501554 -0.310146 0.807622 0.959043 0.015053 -0.28286 0.792696 -0.156561 0.58917 0.000274 -0.730674 -0.682727 0.002097 -0.763126 -0.646246 -0.00116 -0.999119 0.04194 -0.002116 -0.999269 0.038179 0.001497 -0.999761 0.021812 0.999703 0.020161 0.01372 0.437569 0.898294 0.040003 0.179078 0.456531 0.871499 0.199153 0.312171 0.928917 1 -0.000003 0.000866 0.006952 0.003417 -0.99997 0.358765 0.932257 -0.046742 0.003896 0.9998 -0.019626 -0.000487 0.000449 -1 0.007096 0.018296 -0.999807 0.000272 0.000702 -1 0.00089 -0.000284 -1 -0.000445 -1 0.00048 0.999999 -0.000425 0.001164 -0.372413 0.286157 0.882849 -0.060934 0.001972 0.99814 0.00377 -0.999889 0.014406 -0.303398 0.153746 0.940378 -0.309921 0.138553 0.940613 -0.042126 0.236293 0.970768 -0.251423 0.547399 0.798211 0.999999 -0.00034 0.001164 0.000423 0.999998 -0.002132 -0.00095 1 0.000214 -0.00196 0.999985 -0.005061 0.002239 -0.00568 0.999981 0.771049 0.017667 0.636531 0.662086 -0.004317 0.749415 0.001681 0.016064 0.99987 -0.007801 0.000456 0.999969 -0.999392 0.006242 0.034296 -0.999805 -0.002113 -0.019623 -0.999812 -0.000238 -0.019405 -0.517634 -0.000494 -0.855602 -0.998863 -0.004483 -0.047465 -0.998505 -0.008903 -0.053923 -0.249874 -0.041002 0.96741 -0.534391 0.0011 -0.845237 -0.999995 -0.000391 0.00311 -0.999996 -0.001079 -0.002688 -0.22446 0.770231 -0.596961 -0.989356 -0.051741 0.136007 -0.938926 -0.329839 0.098108 -0.450494 0.047367 0.891522 -0.905952 -0.25139 -0.340667 -0.951318 -0.05616 0.303052 -0.972954 -0.024109 0.229737 -0.061805 -0.829676 -0.554813 -0.992312 0.006603 -0.123583 -0.376363 -0.314088 -0.871608 0.066271 0.070977 0.995274 0.636137 0.042315 0.770415 0.010436 0.161617 0.986798 -0.010734 0.0001 0.999942 0.002403 -0.000022 0.999997 0.295922 0.047351 -0.954038 0.148093 -0.012357 -0.988896 -0.978952 -0.057271 0.19589 -0.011874 0.00335 -0.999924 -0.948655 0.013391 0.316028 -0.772805 0.032492 0.633811 -0.562559 0.179322 -0.807075 0.697485 -0.006655 0.716569 0.998299 0.021117 0.054344 0.863565 0.098454 -0.494533 0.832179 -0.038577 0.553164 0.96348 0.017689 -0.267197 0.889641 -0.045657 -0.454373 0.838762 -0.044394 0.542686 -0.517764 -0.073506 0.85236 0.068128 0.071703 0.995097 0.400247 -0.878531 -0.260741 0.086781 0.012053 0.996154 0.006256 -0.03795 0.99926 0.999258 0.030551 0.023433 -0.355409 0.131505 0.925414 0.999212 0.029032 0.027072 0.064159 0.992425 0.104764 0.048586 -0.002329 -0.998816 -0.632228 0.324845 -0.703394 -0.001276 0.000983 0.999999 -0.00017 0.412419 0.910994 0.074195 -0.003073 0.997239 -0.628088 0.053345 0.776312 0.706685 0.31548 0.633299 0.691105 0.525321 0.496399 -0.266847 0.753181 0.601257 0.142954 0.525326 0.838807 -0.008755 -0.000353 0.999962 0.800178 -0.000534 0.599763 0.751059 0.001678 0.660233 -0.008007 0.000411 0.999968 -0.00022 0.001263 0.999999 0.000237 0.00068 1 -0.000612 0.00036 1 -0.001166 -0.000244 0.999999 -0.71311 -0.256478 0.652452 -0.641713 -0.222494 0.733963 -0.202038 -0.218008 -0.954805 0.419277 -0.068638 0.90526 -0.953084 -0.297163 -0.057663 0.287383 -0.093177 0.953273 -0.840141 0.117963 -0.529384 -0.035605 -0.022404 -0.999115 -0.175238 -0.36113 -0.915902 -0.293446 0.020803 -0.955749 -0.91686 -0.087227 0.389562 -0.61623 -0.195538 -0.762906 -0.975347 -0.037937 -0.217391 0.000936 -0.001655 0.999998 -0.010311 0.000332 0.999947 -0.72018 0.0677 0.690476 -0.015677 0.00214 0.999875 -0.554298 -0.020201 0.832073 -0.02671 0.045712 0.998598 0.014373 0.301973 0.953208 0.033341 -0.075291 0.996604 0.000684 -0.028401 0.999596 0.913071 -0.004768 0.407773 0.00522 0.001333 0.999985 -0.00075 -0.000439 1 0.692915 -0.518052 0.501489 0.896623 -0.388109 -0.213162 0.307164 -0.34066 0.888595 -0.725936 -0.293161 0.622152 0.941452 0.014773 -0.336823 0.999089 0.041778 -0.008683 0.842494 -0.332013 0.42423 -0.832623 0.297387 0.467226 -0.432298 0.313751 -0.845386 -0.323627 -0.338721 0.883478 -0.465 0.250123 -0.849243 -0.937785 0.248727 -0.242267 0.000052 -0.999976 -0.006998 -0.006019 -0.587352 0.809309 -0.99971 -0.004962 0.023575 -0.184886 0.047645 0.981604 -0.997168 -0.037555 -0.065161 0.035636 -0.054017 0.997904 0.00528 -0.996897 0.078535 0.999974 0.007249 0.000267 0.019431 -0.997715 0.064714 -0.000985 0.999999 0.000459 0.00096 0.999996 0.00248 -0.002297 0.999997 0.000671 -0.024033 0.9997 -0.004777 -0.000165 0.000682 1 0.018606 0.000029 0.999827 -0.612834 0.004016 0.790202 -0.823646 0.566749 -0.020069 -0.998084 0.043944 0.043568 -0.235628 0.971661 0.018814 -0.158353 0.987374 -0.004016 -0.809062 -0.53221 0.249341 -0.99829 -0.049068 0.031765 -0.771831 -0.024692 -0.635348 -0.644026 0.021416 -0.764703 0.136633 -0.034488 -0.990021 -0.491455 0.764453 -0.417234 -0.506398 0.848382 -0.154302 0.498605 0.843528 -0.199632 0.284313 0.733737 -0.617088 0.296662 0.015039 -0.954864 0.47862 0.864969 -0.150839 0.945309 -0.010608 -0.326005 0.948828 -0.005105 -0.315753 0.002299 -0.999997 -0.000824 0.91509 -0.402566 0.023494 0.880159 -0.474666 -0.003436 0.079436 -0.660373 -0.746724 -0.00024 -0.000339 -1 0.000239 0.000483 1 0.000657 -1 0.000191 -0.000097 -1 -0.000121 -0.883028 -0.469314 0.002227 -0.93745 -0.348095 -0.004143 -0.515121 -0.857117 0.001178 -0.431665 -0.902007 0.00692 0.456789 -0.889552 -0.006451 0.13449 -0.158868 -0.978097 0.761692 -0.64784 0.01139 0.895637 -0.444781 -0.002136 0.999988 -0.004188 0.002505 0.999961 -0.008866 -0.000444 0.999994 -0.002875 0.001719 0.999944 -0.010537 -0.00002 0.113649 -0.315041 -0.942249 0.806239 -0.000139 -0.59159 0.817971 -0.000578 -0.575259 -0.002368 0.000498 -0.999997 -0.032451 -0.003242 -0.999468 -0.826073 0.004494 -0.563545 -0.75677 -0.001708 -0.653679 0.999391 -0.007548 0.034081 0.999932 -0.011144 -0.003561 0.999896 0.01226 0.007628 -0.088712 -0.996022 0.008384 -0.067628 -0.996992 0.037849 0.002421 -0.99999 -0.003701 0.769547 -0.568721 0.290437 0.830274 0.122867 0.543644 -0.558461 0.264993 -0.786066 -0.828961 -0.314198 -0.462713 -0.707466 -0.308665 -0.635782 -0.66266 -0.726736 -0.180931 -0.39464 -0.080401 -0.915311 -0.606761 -0.363742 -0.706777 -0.082116 -0.060027 -0.994813 -0.011908 0.043869 -0.998966 0.063774 -0.565453 -0.822311 -0.468215 -0.603897 -0.645045 -0.521516 -0.809526 -0.26961 -0.028307 -0.661811 -0.749136 -0.371202 -0.906279 -0.202159 0.073963 -0.939681 -0.33396 -0.089789 -0.973968 -0.208145 -0.196386 -0.980516 0.004602 -0.940732 -0.335682 -0.048378 -0.001663 -0.999989 -0.004302 0.999525 -0.029257 -0.0097 0.585205 0.810786 0.012743 -0.999993 -0.003627 -0.000172 0.371949 0.927783 0.029529 0.385125 0.922246 -0.033786 -0.612144 -0.765984 0.196338 0.05668 0.998285 0.014639 -0.054923 0.998487 0.002694 -0.002019 0.999998 0.000099 -0.00947 0.999939 0.005701 0.093456 0.99454 -0.046442 0.549336 -0.49374 -0.67413 0.393918 -0.86862 -0.300546 0.529458 -0.845509 -0.069206 0.840766 -0.53047 -0.108229 0.53381 -0.512517 -0.672587 0.864792 -0.433136 -0.254025 0.598768 -0.130973 -0.790141 0.942966 -0.091275 -0.320132 0.667537 0.040882 -0.743454 0.971399 0.208206 -0.114167 0.552103 0.506243 -0.662496 0.835167 0.547399 -0.053387 0.606102 0.77402 -0.183123 0.308852 0.019968 0.9509 0.757239 -0.013442 0.652999 0.029999 -0.386821 0.921667 0.001597 0.00056 0.999999 0.999981 -0.000757 0.006082 0.999281 -0.008215 -0.037004 0.025714 0.999656 0.005238 0.028276 0.999591 0.004224 -0.793251 0.429911 -0.431196 -0.46126 0.6111 -0.64327 -0.697173 0.68473 -0.212354 -0.462169 0.609925 -0.643732 -0.529656 0.825833 -0.193559 -0.369058 0.850319 -0.375173 -0.707396 0.000113 0.706818 0.007371 -0.001957 -0.999971 -0.145967 -0.013026 -0.989204 0.584503 0.000059 -0.811392 0.797247 -0.004361 -0.603637 -0.066491 0.005476 -0.997772 -0.896029 -0.012411 -0.443822 -0.008717 0.826631 -0.562677 0.003401 -0.827304 0.561744 0.026213 0.580054 -0.814156 -0.15049 0.720528 -0.676899 -0.10838 0.964145 -0.242236 -0.057853 0.984071 -0.168099 0.23736 0.707662 -0.665489 -0.094735 0.978672 -0.182283 0.052078 0.981356 -0.185011 0.175791 0.983517 -0.042341 -0.208229 0.978075 -0.00318 -0.175339 0.984347 0.017798 -0.269969 0.962854 0.005367 -0.136005 0.961635 0.238245 -0.154002 0.953527 0.258979 -0.347233 0.930102 0.119748 -0.206128 0.874491 0.439064 -0.394021 0.640257 0.659407 -0.696231 0.670824 0.255457 -0.87274 0.48818 -0.002304 -0.737375 0.555413 0.384441 -0.407274 0.295993 0.864011 -0.000412 0.999956 0.009334 -0.162999 0.98662 -0.003467 -0.928657 0.37037 0.020569 -0.995949 -0.087954 -0.018715 -0.848263 0.517089 -0.114321 0.001349 0.999938 0.011062 -0.541838 -0.032731 0.839845 -0.999844 0.016003 -0.00742 -0.99993 0.000378 0.011857 -0.528047 -0.109425 0.842136 -0.629308 -0.526332 0.571792 -0.832379 -0.385995 0.397685 -0.330766 -0.844483 0.42124 -0.769791 -0.628975 0.108679 -0.543086 -0.829927 0.127588 -0.683068 -0.729901 0.025745 -0.241031 -0.064349 -0.968382 0.406646 0.076495 -0.910378 0.556142 -0.036356 -0.830292 0.989352 -0.103291 0.10254 0.178856 0.9826 -0.050079 0.870631 0.032729 0.490847 0.912047 -0.038456 0.40828 0.942038 0.334657 -0.023867 0.993982 -0.087348 -0.06611 0.196435 0.961546 0.191946 0.322175 0.885651 0.334402 0.266043 0.737501 0.620736 0.692751 0.637994 0.336242 0.296364 0.161109 0.941389 0.793498 0.05782 0.60582 0.321542 0.102972 0.94128 0.818324 -0.373547 0.436817 0.909009 -0.366638 0.19819 0.273362 -0.413052 0.868713 0.63963 -0.564814 0.521401 0.047332 -0.578657 0.814196 0.394757 -0.88325 0.253053 -0.022452 -0.734655 0.678069 0.15231 -0.938348 0.310329 -0.812989 -0.554511 0.177671 0.052504 -0.9702 0.236548 -0.720085 0.078845 -0.689392 -0.725973 0.133021 -0.674736 -0.756997 -0.046473 0.651764 -0.850897 -0.173007 0.496028 -0.59616 0.024123 -0.802503 -0.851921 -0.088051 0.516214 -0.586531 -0.157798 -0.794406 -0.54987 0.083884 0.831027 -0.562935 -0.134641 0.815461 -0.013667 0.182897 0.983037 0.813722 0.061738 0.577966 0.327521 -0.068726 0.942341 0.605691 0.680126 0.412998 -0.243619 0.061331 0.96793 -0.212708 0.544168 0.811564 -0.744716 -0.05363 0.665223 -0.657753 0.750003 0.069688 -0.996349 0.011937 -0.084533 -0.991708 0.059931 0.113684 -0.890365 -0.025067 -0.454558 0.602096 -0.02724 -0.797959 -0.953965 -0.269962 0.130659 0.603744 -0.13986 -0.784814 0.885489 0.233151 0.401932 0.785567 -0.249698 0.566159 -0.557173 0.044099 0.829225 -0.556636 -0.077919 0.827094 -0.811024 0.143202 -0.567215 -0.930556 -0.269262 -0.24812 -0.849667 0.218866 -0.479753 0.90865 -0.416483 0.029943 0.028996 0.328639 0.94401 0.000541 -0.000646 1 0.05791 0.077554 0.995305 -0.81731 -0.001801 0.576196 0.001185 -0.008294 0.999965 -0.089372 -0.958966 0.269066 -0.999117 -0.001229 -0.04199 0.316354 -0.062164 0.946602 -0.000615 -0.016788 -0.999859 0.436291 -0.200383 -0.877209 -0.111995 -0.987 -0.115274 -0.030599 -0.251103 0.967477 0.999743 0.00874 0.020927 0.002657 -0.0008 0.999996 0.591382 0.016526 0.806222 0.999899 -0.001941 0.014092 0.999948 -0.000569 0.010226 0.999947 -0.000612 0.010284 -0.980671 -0.059661 -0.186345 -0.999985 0.001637 -0.005212 -0.781563 0.010999 0.62373 0.015017 -0.999334 -0.033253 -0.007464 -0.726217 -0.687426 0.007153 0.001326 -0.999974 -0.866597 -0.006431 -0.498967 -0.776854 0.000428 0.62968 -0.778881 0.000296 0.627171 0.004055 -0.999985 -0.00369 0.004354 -0.999958 -0.008089 0.010423 -0.001386 0.999945 0.089575 0.667309 0.739375 -0.006246 0.001203 0.99998 0.819074 0.001931 0.573684 0.259408 -0.003838 0.96576 -0.801077 0.001958 0.598558 -0.004221 0.001271 0.99999 -0.006027 0.000988 0.999981 0.604454 0.007187 0.796607 -0.00272 -0.000452 -0.999996 -0.000553 -0.000445 1 -0.016214 -0.001453 -0.999867 0.144107 0.008079 -0.989529 0.999682 -0.001655 0.025179 0.998879 -0.006416 0.046902 0.907924 0.414965 -0.058976 0.000122 -1 -0.000984 0.999999 0.001072 -0.000727 -0.004488 -0.999782 0.020376 0.015447 -0.215084 0.976473 0.004866 0.691369 -0.722486 -0.631128 -0.1774 -0.75512 -0.94349 0.0041 0.331377 0.688837 0.048472 0.723294 0.281287 -0.037291 -0.958899 0.949871 0.079562 0.302349 -0.281904 -0.030112 -0.95897 -0.852247 -0.052456 0.520503 -0.678042 0.000772 0.735023 0.94705 0.080973 0.310709 -0.133097 -0.99095 0.017418 -0.050628 -0.998716 -0.001471 -0.06095 -0.998141 -0.000494 -0.999972 0.006662 0.00334 -0.990736 -0.134823 0.016304 -1 -0.000874 -0.000209 -0.999998 -0.001651 0.00073 -1 0.000318 -0.000565 -1 0.000125 0.000469 -0.387622 -0.242502 0.889349 -0.494191 -0.458173 -0.738818 0.456204 0.475971 -0.751885 -0.000252 -1 0.000732 -0.003377 -0.783108 -0.621877 -0.001499 -0.999999 -0.000201 -0.00002 -0.691829 -0.722061 0.999728 -0.002738 -0.023162 0.999717 -0.00262 -0.023632 0.007212 -0.038729 -0.999224 0.010181 0.001408 0.999947 -0.783298 -0.148295 0.603699 -0.368709 -0.178031 0.912337 -0.842438 -0.201071 0.499869 -0.432288 -0.002773 -0.901731 -0.572567 -0.137301 0.80828 -0.299465 -0.383978 0.873431 -0.522954 -0.000998 -0.852361 -0.490206 -0.004686 -0.871594 -0.647252 -0.761375 -0.03706 -0.9999 -0.000437 0.014125 -0.058964 -0.998167 0.013629 -0.999371 -0.007337 0.034685 -0.053073 -0.998553 0.008655 -0.011521 0.001962 0.999932 -0.006781 0.000274 0.999977 0.001879 -0.999826 0.018532 0.094014 0.801269 0.590872 0.001505 -0.999837 0.017998 0.666836 -0.006904 0.745172 0.342586 0.210906 0.915507 0.310549 -0.036536 0.949855 0.597523 0.305576 -0.741343 -0.022774 0.397827 -0.917178 -0.96225 -0.262995 -0.070062 0.795634 0.566115 -0.215594 -0.39674 -0.357428 0.845483 -0.000228 -0.001764 0.999998 -0.000122 -0.001599 0.999999 0.000265 -0.999784 0.020783 -0.387659 -0.098506 -0.916525 -0.868494 0.023731 -0.495131 -0.022168 -0.335275 -0.941859 -0.635858 0.309189 0.707168 -0.730379 0.296397 0.615382 -0.392936 0.254281 0.88371 -0.653445 0.256683 0.712126 -0.995695 0.008143 0.092327 0.38699 -0.254823 -0.886174 0.141742 -0.373738 -0.91664 0.610653 -0.286814 -0.738133 -0.927101 -0.001549 -0.374808 -0.023294 -0.999728 0.00064 -0.001746 0.999998 0.000921 0.000127 1 0.000814 -0.005456 0.999982 -0.002568 -0.999803 -0.018455 0.007266 -0.999775 -0.019774 0.007738 -0.022342 0.999749 0.001873 0.010984 0.999937 -0.002448 0.003972 0.999934 0.010786 -0.057098 0.998368 0.001217 -0.002052 0.999992 -0.003516 -0.007016 0.99997 -0.003338 -0.000096 0.999569 -0.029343 0.040775 0.997066 -0.064775 -0.155657 0.883796 0.44122 -0.293053 0.955389 -0.036774 -0.7367 0.42756 0.523894 0.118478 0.747238 -0.65391 -0.361701 0.640655 -0.677298 -0.662161 0.050012 -0.747691 -0.599664 0.02168 -0.799958 0.342039 0.879624 -0.330561 -0.891675 0.283284 -0.353081 0.489678 0.720564 0.490921 0.865456 0.498271 0.052076 0.012593 0.999505 -0.028829 0.006454 0.999904 0.012258 -0.443908 -0.028567 -0.895617 -0.968557 -0.021869 0.247829 -0.771461 -0.623128 -0.128683 -0.80537 -0.459101 0.374974 -0.829399 -0.062004 0.555205 -0.819101 0.20571 0.535497 -0.871108 0.316548 0.375458 -0.250355 0.347109 0.903791 0.067697 0.71051 0.700423 0.576189 0.285677 0.765764 -0.57923 0.795246 0.179099 0.096647 0.515408 0.851478 -0.608639 0.57408 0.547715 0.419717 0.875477 0.239535 -0.668561 -0.030975 0.743012 -0.973183 0.040073 0.226516 0.823646 -0.147663 0.547542 0.233913 0.025696 0.971918 0.941444 -0.060005 0.331788 0.432839 0.083446 0.897601 -0.790267 -0.535785 -0.297343 0.457255 0.698385 0.550615 -0.860895 0.2791 -0.425396 0.417024 -0.063702 0.90666 0.003458 -0.999993 0.001646 0.010231 0.003606 0.999941 -0.575079 0.016233 0.817937 0.012671 -0.000663 0.999919 -0.585661 0.013141 0.810449 0.794302 0.082541 0.601889 0.451477 -0.037018 0.891514 -0.420595 -0.010536 0.907187 0.036056 0.003547 0.999343 -0.968496 0.014705 0.248593 -0.207775 0.954888 0.212178 -0.009533 0.999948 -0.003485 -0.007116 0.99992 -0.010444 0.001766 0.999982 0.005758 0.008184 0.999962 0.003159 0.099644 0.926692 -0.362372 -0.075887 -0.90919 0.409408 0.000387 1 -0.000304 -0.000272 1 -0.000028 0.285165 0.892069 0.350562 0.33547 -0.842332 -0.421826 0.227106 -0.632389 -0.740613 -0.038456 -0.548464 -0.835289 -0.28528 0.754509 -0.591043 0.492261 -0.804614 0.332077 0.761348 -0.554456 0.336047 -0.968327 0.016386 -0.249149 -0.972311 -0.011564 -0.233403 -0.197624 0.007419 -0.98025 0.077801 -0.996497 -0.030679 0.728081 0.661766 -0.178786 0.984041 0.01156 0.177566 0.532348 -0.005878 -0.846505 0.278556 -0.02072 -0.960196 0.264081 0.040119 -0.963666 0.628735 -0.012504 -0.777519 0.856687 0.013417 0.515663 -0.87206 0.421194 0.249214 0.654794 0.08871 0.750583 0.652774 0.02264 -0.757215 -0.749004 -0.531121 0.396111 0.520948 -0.049287 0.852164 -0.962248 -0.072119 -0.262447 0.909492 0.342031 0.236304 0.148936 -0.878541 0.453855 -0.099305 -0.564637 0.819343 -0.322038 -0.245261 0.914406 -0.129587 0.241899 0.961609 0.328302 0.094923 0.939791 -0.253848 0.407296 -0.877309 0.409329 -0.287229 0.865996 0.484642 0.393993 -0.780955 0.503548 0.399517 -0.766045 -0.861134 0.323192 -0.392422 -0.812588 -0.154654 -0.561946 -0.655184 -0.65249 -0.380778 -0.91658 0.374781 0.139357 -0.916459 0.324619 0.233936 0.000579 1 -0.000169 0.000494 1 -0.000125 0.683376 0.730066 0.000537 0.679175 0.733976 0.000411 0.000548 1 -0.000105 0.000909 0.999984 -0.00555 0.002152 0.999988 0.004311 -0.558531 0.765818 -0.318695 -0.149926 0.175849 -0.972933 0.773558 -0.559195 0.298177 0.957521 -0.238585 -0.161962 0.931183 0.288598 -0.22273 0.765089 0.369652 0.527254 0.853135 0.457545 0.250627 0.161436 0.322895 0.932565 0.936868 0.080852 0.340207 -0.263714 0.237712 0.934852 -0.275853 0.432603 0.858347 -0.208097 0.285347 0.93556 -0.548992 0.316295 0.77367 -0.953866 0.256703 -0.1557 -0.891344 0.427327 0.15132 -0.490822 0.543191 -0.681202 0.915379 0.359415 0.181389 0.653153 0.282312 0.702631 0.512803 0.119956 0.850085 -0.223659 0.966094 -0.128993 0.782502 0.614475 0.100552 -0.347653 -0.833772 -0.428907 -0.564907 0.814254 0.13368 -0.19432 0.906297 -0.375321 -0.478619 0.836616 0.266452 -0.2337 0.898951 -0.3705 -0.233141 0.888796 -0.394571 -0.350714 0.900796 0.25606 -0.050364 0.478324 0.876738 -0.204881 -0.807363 -0.553343 0.87576 0.462703 0.137661 0.575825 0.055051 0.815717 -0.777361 0.437495 0.452004 0.950064 0.263119 -0.167773 -0.166994 0.81545 -0.554215 0.068484 0.967775 -0.242326 -0.291219 0.917617 -0.270502 -0.281195 0.935694 0.213087 -0.738798 0.169813 0.652182 0.468291 0.838989 0.277128 -0.799329 0.377299 -0.467674 0.379982 0.884969 -0.269153 0.40841 -0.907725 -0.09611 0.155311 -0.890655 0.427333 0.156272 -0.906287 0.392713 0.043844 -0.786165 0.616459 -0.339978 -0.78273 0.521295 -0.711399 0.194426 0.675359 0.68794 -0.33027 0.646266 -0.226756 -0.285916 0.931039 -0.999527 0.022351 0.021103 -0.900084 -0.284965 0.32961 -0.561145 0.089271 0.82289 -0.028638 -0.085024 0.995967 -0.144282 0.906323 0.397191 -0.031797 0.999402 0.013586 -0.000799 0.626292 0.779589 0.000855 1 0.000058 0.034115 0.998782 0.035651 -0.050053 0.998442 0.024682 -0.517317 -0.385243 0.76418 0.546459 0.806338 -0.226278 -0.36864 0.900194 -0.23185 0.176179 -0.225976 -0.958069 -0.878505 -0.279608 0.387361 0.263404 0.962081 -0.070838 0.075563 0.734188 -0.674729 -0.002212 0.002555 0.999994 -0.002212 0.679953 0.733252 -0.000661 -0.005133 0.999987 0.797498 -0.482693 -0.361944 0.722417 0.437631 -0.535343 0.854824 0.337373 0.394278 0.370732 0.540631 0.755166 0.906219 0.250858 -0.340349 0.775532 0.265129 -0.572936 0.907303 0.353213 0.228128 0.874201 0.484756 -0.028018 0.674662 0.327807 -0.661342 0.774807 -0.23801 -0.585684 0.229994 -0.009399 -0.973147 -0.837968 0.23694 0.491598 -0.791907 0.270437 0.547491 -0.577864 0.20893 0.788937 0.452105 -0.221551 -0.864012 0.001912 0.999998 0.000556 0.001298 0.999999 -0.000377 0.001329 0.999998 -0.001326 0.301666 0.898919 -0.317715 -0.332771 -0.73582 0.589773 0.801968 0.583197 -0.129336 0.403422 0.093763 -0.910197 -0.5428 0.479572 -0.689477 0.956478 0.165351 0.240436 0.948879 0.266324 -0.169412 0.45651 -0.245979 0.85504 -0.787101 -0.389185 0.478546 -0.792218 -0.170794 -0.58585 0.176438 -0.645271 -0.7433 0.319153 0.912257 0.256765 0.292302 0.7845 -0.546918 -0.357147 0.93183 0.064333 0.978916 0.168963 0.114778 0.226593 0.972766 -0.048804 0.788874 0.375466 -0.486521 -0.242936 0.024215 0.96974 -0.439658 -0.440758 0.782581 0.978346 -0.046979 0.201573 -0.38768 -0.278157 -0.878825 -0.94707 0.261685 0.185954 0.999999 0.000274 0.001079 0.999994 -0.003095 0.001624 0.999983 0.003663 0.004497 0.854402 0.518868 -0.027817 0.960734 0.059445 0.27103 0.001916 0.999994 0.002885 0.955586 0.037449 0.292324 0.360906 -0.051681 0.931169 0.008815 -0.897824 0.440267 0.201048 0.045473 0.978525 0.000153 -0.015632 0.999878 -0.00109 -0.999963 0.008553 0.007746 0.625976 0.779804 0.014224 0.461512 0.88702 0.000283 1 -0.000413 0.001435 0.999999 0.000813 0.617346 0.523959 0.586814 0.295739 0.223149 0.92884 0.687301 -0.307608 -0.658023 0.531209 0.736617 -0.418583 0.932117 0.361989 -0.011009 0.412191 -0.294279 -0.862264 0.943383 -0.116895 -0.310424 0.003815 -0.150837 -0.988551 -0.476965 0.839276 0.260998 0.989507 -0.092181 0.11126 0.941677 0.27512 0.193787 0.820051 -0.101922 0.563142</float_array>
          <technique_common>
            <accessor source="#MedicineTable1-mesh-normals-array" count="1883" stride="3">
              <param name="X" type="float"/>
              <param name="Y" type="float"/>
              <param name="Z" type="float"/>
            </accessor>
          </technique_common>
        </source>
        <source id="MedicineTable1-mesh-map-0">
          <float_array id="MedicineTable1-mesh-map-0-array" count="11298">0.225342 0.083984 0.211182 0.103271 0.21875 0.080811 0.21875 0.080811 0.211182 0.103271 0.217041 0.075195 0.217041 0.075195 0.21875 0.080811 0.225342 0.083984 0.211182 0.103271 0.225342 0.083984 0.23291 0.087891 0.225342 0.083984 0.217041 0.075195 0.229004 0.076172 0.225342 0.083984 0.229004 0.076172 0.23291 0.087891 0.229004 0.076172 0.217041 0.075195 0.234619 0.044678 0.23291 0.087891 0.229004 0.076172 0.24292 0.063477 0.24292 0.063477 0.229004 0.076172 0.234619 0.044678 0.23291 0.087891 0.24292 0.063477 0.245117 0.07251 0.245117 0.07251 0.24292 0.063477 0.314941 0.062744 0.314941 0.062744 0.24292 0.063477 0.314209 0.049805 0.314209 0.049805 0.24292 0.063477 0.288818 0.051514 0.288818 0.051514 0.24292 0.063477 0.272949 0.04248 0.24292 0.063477 0.234619 0.044678 0.240967 0.049316 0.24292 0.063477 0.240967 0.049316 0.272949 0.04248 0.240967 0.049316 0.234619 0.044678 0.23584 0.041504 0.272949 0.04248 0.240967 0.049316 0.276855 0.038574 0.276855 0.038574 0.240967 0.049316 0.23584 0.041504 0.509521 0.980957 0.503418 0.959717 0.509766 0.958984 0.503418 0.959717 0.509521 0.980957 0.504395 0.98291 0.889648 0.968018 0.88501 0.945068 0.894287 0.945313 0.88501 0.945068 0.889648 0.968018 0.885742 0.970459 0.889648 0.968018 0.894287 0.945313 0.893799 0.971436 0.889648 0.968018 0.893799 0.971436 0.885742 0.970459 0.880615 0.674561 0.907715 0.662598 0.921631 0.668945 0.907715 0.662598 0.880615 0.674561 0.884766 0.656982 0.884766 0.656982 0.880615 0.674561 0.865723 0.688477 0.884766 0.656982 0.865723 0.688477 0.874023 0.651855 0.884766 0.656982 0.874023 0.651855 0.844482 0.563965 0.874023 0.651855 0.865723 0.688477 0.859619 0.685059 0.844482 0.563965 0.874023 0.651855 0.869141 0.652344 0.869141 0.652344 0.874023 0.651855 0.859619 0.685059 0.869141 0.652344 0.859619 0.685059 0.866943 0.655029 0.980225 0.665283 0.991211 0.578125 0.992432 0.662842 0.980225 0.665283 0.992432 0.662842 0.996826 0.668213 0.980225 0.665283 0.996826 0.668213 0.992676 0.677246 0.599121 0.415039 0.565674 0.275391 0.580811 0.261719 0.580811 0.261719 0.565674 0.275391 0.572266 0.263184 0.585693 0.268311 0.580811 0.261719 0.595703 0.219971 0.572266 0.263184 0.580811 0.261719 0.578369 0.240723 0.580811 0.261719 0.578369 0.240723 0.595703 0.219971 0.578369 0.240723 0.572266 0.263184 0.570313 0.246826 0.570313 0.246826 0.572266 0.263184 0.558105 0.257324 0.595703 0.219971 0.578369 0.240723 0.567139 0.236572 0.567139 0.236572 0.578369 0.240723 0.570313 0.246826 0.567139 0.236572 0.570313 0.246826 0.558105 0.257324 0.595703 0.219971 0.567139 0.236572 0.527344 0.220459 0.567139 0.236572 0.558105 0.257324 0.545166 0.22998 0.567139 0.236572 0.545166 0.22998 0.527344 0.220459 0.2771 0.973145 0.234863 0.99585 0.235352 0.945313 0.2771 0.973145 0.235352 0.945313 0.235596 0.941895 0.341309 0.406494 0.37207 0.364502 0.420898 0.38501 0.341309 0.406494 0.420898 0.38501 0.422607 0.389648 0.422607 0.389648 0.420898 0.38501 0.427246 0.385986 0.422607 0.389648 0.427246 0.385986 0.429932 0.392334 0.420898 0.38501 0.37207 0.364502 0.422607 0.381348 0.420898 0.38501 0.422607 0.381348 0.427246 0.385986 0.422607 0.381348 0.37207 0.364502 0.372314 0.314941 0.372314 0.314941 0.37207 0.364502 0.338623 0.334473 0.422607 0.381348 0.372314 0.314941 0.426758 0.269043 0.422607 0.381348 0.426758 0.269043 0.427246 0.385986 0.426758 0.269043 0.372314 0.314941 0.345947 0.260498 0.427246 0.385986 0.426758 0.269043 0.432129 0.293457 0.432129 0.293457 0.426758 0.269043 0.429688 0.265625 0.432129 0.293457 0.429688 0.265625 0.442383 0.263672 0.427246 0.385986 0.432129 0.293457 0.443359 0.333008 0.443359 0.333008 0.432129 0.293457 0.442383 0.263672 0.427246 0.385986 0.443359 0.333008 0.437988 0.390869 0.443359 0.333008 0.442383 0.263672 0.537598 0.303955 0.443359 0.333008 0.537598 0.303955 0.437988 0.390869 0.437988 0.390869 0.537598 0.303955 0.562988 0.414795 0.437988 0.390869 0.562988 0.414795 0.456543 0.399658 0 0.293457 0.02124 0.265381 0.017578 0.279053 0.02124 0.265381 0.017578 0.279053 0.021973 0.300781 0.657715 0.94043 0.676758 0.94458 0.657471 0.946533 0.657715 0.94043 0.657471 0.946533 0.633301 0.942383 0.633301 0.942383 0.657471 0.946533 0.605713 0.945313 0.657715 0.94043 0.633301 0.942383 0.647705 0.936523 0.633301 0.942383 0.605713 0.945313 0.604492 0.941895 0.633301 0.942383 0.604492 0.941895 0.647705 0.936523 0.026855 0.783936 0.032959 0.818604 0.030762 0.830322 0.026855 0.783936 0.030762 0.830322 0.026367 0.819336 0.511475 0.541504 0.515137 0.548096 0.510986 0.544189 0.511475 0.541504 0.510986 0.544189 0.440186 0.566162 0.515137 0.548096 0.511475 0.541504 0.599854 0.531982 0.599854 0.531982 0.511475 0.541504 0.558594 0.47998 0.515137 0.548096 0.599854 0.531982 0.576416 0.540527 0.515137 0.548096 0.576416 0.540527 0.518799 0.554688 0.576416 0.540527 0.599854 0.531982 0.625 0.530518 0.518799 0.554688 0.576416 0.540527 0.579834 0.55957 0.579834 0.55957 0.576416 0.540527 0.625 0.530518 0.654297 0.755371 0.570557 0.73584 0.649658 0.68335 0.654297 0.755371 0.649658 0.68335 0.706787 0.725586 0.706787 0.725586 0.649658 0.68335 0.649902 0.679199 0.706787 0.725586 0.649902 0.679199 0.694336 0.709961 0.694336 0.709961 0.649902 0.679199 0.687256 0.686768 0.687256 0.686768 0.649902 0.679199 0.641113 0.640625 0.694336 0.709961 0.687256 0.686768 0.727783 0.714355 0.687256 0.686768 0.641113 0.640625 0.692383 0.686523 0.687256 0.686768 0.692383 0.686523 0.727783 0.714355 0.692383 0.686523 0.641113 0.640625 0.674316 0.655518 0.692383 0.686523 0.674316 0.655518 0.727783 0.714355 0.96875 0.527344 0.972168 0.622314 0.965332 0.62085 0.972168 0.622314 0.96875 0.527344 0.972656 0.526367 0.96875 0.527344 0.965332 0.62085 0.963623 0.580566 0.96875 0.527344 0.963623 0.580566 0.954834 0.527344 0.954834 0.527344 0.963623 0.580566 0.950195 0.571777 0.950195 0.571777 0.963623 0.580566 0.965332 0.62085 0.950195 0.571777 0.965332 0.62085 0.957031 0.625977 0.597412 0.0354 0.581787 0.026367 0.585205 0.004395 0.585205 0.004395 0.581787 0.026367 0.578857 0.001953 0.597412 0.0354 0.585205 0.004395 0.60083 0.011719 0.597412 0.0354 0.60083 0.011719 0.603027 0.038818 0.603027 0.038818 0.60083 0.011719 0.607178 0.017334 0.607178 0.017334 0.60083 0.011719 0.61499 0.000977 0.55835 0.970215 0.56543 0.996094 0.540283 0.958984 0.56543 0.996094 0.55835 0.970215 0.567871 0.974609 0.540283 0.958984 0.56543 0.996094 0.551514 0.995361 0.540283 0.958984 0.551514 0.995361 0.529297 0.960205 0.529297 0.960205 0.551514 0.995361 0.538818 0.99707 0.538818 0.99707 0.529297 0.960205 0.531006 0.990234 0.529297 0.960205 0.531006 0.990234 0.525635 0.967041 0.525635 0.967041 0.531006 0.990234 0.518311 0.979004 0.525635 0.967041 0.518311 0.979004 0.515137 0.963867 0.525635 0.967041 0.515137 0.963867 0.529297 0.960205 0.529297 0.960205 0.515137 0.963867 0.514404 0.960205 0.031006 0.370117 0.026123 0.415527 0.026367 0.359863 0.026123 0.415527 0.031006 0.370117 0.030273 0.416748 0.436768 0.028809 0.425781 0.01709 0.433105 0.014893 0.425781 0.01709 0.436768 0.028809 0.425781 0.036865 0.658203 0.213867 0.715332 0.142822 0.713135 0.266357 0.715332 0.142822 0.658203 0.213867 0.671387 0.135254 0.671387 0.135254 0.658203 0.213867 0.602051 0.134033 0.802734 0.584229 0.777344 0.60376 0.775879 0.548584 0.775879 0.548584 0.777344 0.60376 0.687012 0.606689 0.777344 0.60376 0.802734 0.584229 0.814697 0.587158 0.802734 0.584229 0.775879 0.548584 0.779785 0.550537 0.802734 0.584229 0.779785 0.550537 0.814697 0.587158 0.775879 0.548584 0.779785 0.550537 0.79541 0.55249 0.79541 0.55249 0.775879 0.548584 0.774414 0.483154 0.779785 0.550537 0.79541 0.55249 0.840088 0.59668 0.779785 0.550537 0.840088 0.59668 0.814697 0.587158 0.814697 0.587158 0.840088 0.59668 0.829346 0.595703 0.198242 0.035889 0.203613 0.033936 0.200928 0.027588 0.200928 0.027588 0.198242 0.035889 0.187988 0.031494 0.187988 0.031494 0.198242 0.035889 0.166016 0.035645 0.200928 0.027588 0.187988 0.031494 0.185303 0.020752 0.187988 0.031494 0.166016 0.035645 0.178711 0.023926 0.187988 0.031494 0.178711 0.023926 0.185303 0.020752 0.178711 0.023926 0.185303 0.020752 0.182861 0.001709 0.182861 0.001709 0.178711 0.023926 0.177002 0.002197 0.134277 0.432861 0.126709 0.368896 0.136719 0.356934 0.134277 0.432861 0.136719 0.356934 0.138428 0.362305 0.134277 0.432861 0.138428 0.362305 0.136475 0.431885 0.22876 0.91333 0.251953 0.879639 0.236572 0.928955 0.251953 0.879639 0.22876 0.91333 0.236816 0.896484 0.236816 0.896484 0.22876 0.91333 0.220947 0.925537 0.236816 0.896484 0.220947 0.925537 0.228516 0.88916 0.228516 0.88916 0.220947 0.925537 0.215088 0.927246 0.228516 0.88916 0.215088 0.927246 0.2146 0.925781 0.228516 0.88916 0.2146 0.925781 0.188232 0.845947 0.188232 0.845947 0.2146 0.925781 0.194824 0.883057 0.194824 0.883057 0.2146 0.925781 0.210205 0.925293 0.194824 0.883057 0.210205 0.925293 0.161621 0.924072 0.726807 0.291016 0.719238 0.29248 0.718994 0.282715 0.765625 0.260498 0.726807 0.291016 0.728027 0.289063 0.726807 0.291016 0.765625 0.260498 0.720215 0.296631 0.726807 0.291016 0.720215 0.296631 0.719238 0.29248 0.719238 0.29248 0.720215 0.296631 0.695557 0.270996 0.695557 0.270996 0.720215 0.296631 0.700439 0.284424 0.695557 0.270996 0.700439 0.284424 0.69043 0.280273 0.700439 0.284424 0.720215 0.296631 0.712158 0.415771 0.843994 0.993652 0.824951 0.976074 0.859619 0.990967 0.824951 0.976074 0.859619 0.990967 0.880127 0.993896 0.072754 0.193604 0.082031 0.12915 0.081055 0.1875 0.082031 0.12915 0.072754 0.193604 0.071533 0.161377 0.35083 0.944336 0.362793 0.933594 0.359131 0.947266 0.35083 0.944336 0.359131 0.947266 0.330811 0.952637 0.359131 0.947266 0.362793 0.933594 0.39624 0.935547 0.359131 0.947266 0.39624 0.935547 0.380859 0.952637 0.096191 0.063965 0.093506 0.089844 0.086426 0.092041 0.086426 0.092041 0.093506 0.089844 0.118408 0.11377 0.096191 0.063965 0.086426 0.092041 0.097656 0.046143 0.003418 0.369141 0.002197 0.34375 0.012939 0.34375 0.012939 0.34375 0.002197 0.34375 0.002441 0.333252 0.012939 0.34375 0.002441 0.333252 0.012207 0.33252 0.96875 0.8125 0.976074 0.802979 0.994629 0.81665 0.994629 0.81665 0.976074 0.802979 0.981934 0.79834 0.96875 0.8125 0.994629 0.81665 0.989502 0.823242 0.96875 0.8125 0.989502 0.823242 0.95752 0.814941 0.95752 0.814941 0.989502 0.823242 0.989014 0.834473 0.95752 0.814941 0.989014 0.834473 0.909668 0.824951 0.909668 0.824951 0.989014 0.834473 0.982666 0.838135 0.909668 0.824951 0.982666 0.838135 0.904053 0.824951 0.383789 0.135742 0.381592 0.138184 0.38208 0.134521 0.38208 0.134521 0.381592 0.138184 0.359619 0.145996 0.381592 0.138184 0.383789 0.135742 0.391113 0.144775 0.359619 0.145996 0.381592 0.138184 0.346191 0.166016 0.381592 0.138184 0.391113 0.144775 0.375244 0.15918 0.381592 0.138184 0.375244 0.15918 0.346191 0.166016 0.359619 0.145996 0.346191 0.166016 0.331543 0.170898 0.375244 0.15918 0.391113 0.144775 0.388916 0.165527 0.388916 0.165527 0.391113 0.144775 0.403076 0.152344 0.346191 0.166016 0.375244 0.15918 0.331055 0.196045 0.388916 0.165527 0.403076 0.152344 0.398438 0.161621 0.398438 0.161621 0.403076 0.152344 0.405029 0.154297 0.405029 0.154297 0.403076 0.152344 0.463867 0.141357 0.405029 0.154297 0.463867 0.141357 0.451904 0.145752 0.388916 0.165527 0.398438 0.161621 0.34082 0.210938 0.375244 0.15918 0.388916 0.165527 0.3396 0.207031 0.3396 0.207031 0.388916 0.165527 0.34082 0.210938 0.375244 0.15918 0.3396 0.207031 0.331055 0.196045 0.3396 0.207031 0.34082 0.210938 0.338135 0.212402 0.331055 0.196045 0.3396 0.207031 0.310791 0.206787 0.310791 0.206787 0.3396 0.207031 0.317871 0.216553 0.310791 0.206787 0.317871 0.216553 0.305908 0.216309 0.331055 0.196045 0.310791 0.206787 0.322021 0.188721 0.331055 0.196045 0.322021 0.188721 0.346191 0.166016 0.322021 0.188721 0.310791 0.206787 0.30249 0.203369 0.346191 0.166016 0.322021 0.188721 0.331543 0.170898 0.322021 0.188721 0.30249 0.203369 0.320068 0.187988 0.322021 0.188721 0.320068 0.187988 0.331543 0.170898 0.331543 0.170898 0.320068 0.187988 0.325684 0.174316 0.320068 0.187988 0.325684 0.174316 0.318848 0.184814 0.331543 0.170898 0.325684 0.174316 0.314209 0.151855 0.314209 0.151855 0.325684 0.174316 0.318115 0.178467 0.069824 0.92041 0.084961 0.96167 0.065674 0.939941 0.084961 0.96167 0.069824 0.92041 0.085938 0.930176 0.085938 0.930176 0.069824 0.92041 0.065674 0.901123 0.255127 0.367188 0.263428 0.369385 0.25708 0.370605 0.271729 0.433105 0.26709 0.440186 0.25708 0.370605 0.271729 0.433105 0.25708 0.370605 0.263428 0.369385 0.271729 0.433105 0.263428 0.369385 0.270264 0.371826 0.270264 0.371826 0.263428 0.369385 0.270264 0.368652 0.270264 0.368652 0.263428 0.369385 0.268066 0.334717 0.268066 0.334717 0.263428 0.369385 0.255127 0.367188 0.268066 0.334717 0.255127 0.367188 0.259766 0.345947 0.268066 0.334717 0.259766 0.345947 0.275146 0.312256 0.469238 0.126953 0.365479 0.124512 0.527588 0.119385 0.469238 0.126953 0.527588 0.119385 0.529053 0.129639 0.464111 0.933594 0.404541 0.943848 0.401123 0.934814 0.404541 0.943848 0.401123 0.934814 0.402344 0.949219 0.404541 0.943848 0.402344 0.949219 0.464111 0.933594 0.402344 0.949219 0.464111 0.933594 0.467529 0.938477 0.402344 0.949219 0.467529 0.938477 0.436035 0.955566 0.148926 0.981934 0.219238 0.947021 0.154541 0.984619 0.154541 0.984619 0.219238 0.947021 0.22168 0.950684 0.219238 0.947021 0.148926 0.981934 0.164795 0.928955 0.012939 0.470703 0.019775 0.487061 0.006592 0.51001 0.006592 0.51001 0.012939 0.470703 0.005127 0.477295 0.063721 0.223389 0.063477 0.243652 0.051758 0.235352 0.063477 0.243652 0.063721 0.223389 0.072266 0.240234 0.063477 0.243652 0.072266 0.240234 0.071045 0.256592 0.051758 0.235352 0.063477 0.243652 0.057861 0.252441 0.051758 0.235352 0.057861 0.252441 0.051025 0.24292 0.057861 0.252441 0.051025 0.24292 0.047119 0.252441 0.063477 0.243652 0.057861 0.252441 0.061035 0.259521 0.061035 0.259521 0.063477 0.243652 0.071045 0.256592 0.071045 0.256592 0.061035 0.259521 0.070313 0.282227 0.013184 0.793701 0.021973 0.750732 0.006104 0.784912 0.021973 0.750732 0.013184 0.793701 0.021729 0.792725 0.340576 0.080566 0.385498 0.078613 0.312744 0.143555 0.340576 0.080566 0.312744 0.143555 0.256836 0.089844 0.340576 0.080566 0.256836 0.089844 0.257813 0.085693 0.257813 0.085693 0.256836 0.089844 0.248291 0.079102 0.256836 0.089844 0.312744 0.143555 0.259033 0.160889 0.259033 0.160889 0.312744 0.143555 0.266846 0.203613 0.919678 0.334961 0.914795 0.277588 0.915771 0.192871 0.629395 0.238037 0.623779 0.247314 0.598877 0.184814 0.623779 0.247314 0.629395 0.238037 0.65332 0.249512 0.61377 0.247559 0.623779 0.247314 0.615723 0.25 0.615723 0.25 0.623779 0.247314 0.65332 0.249512 0.615723 0.25 0.65332 0.249512 0.636719 0.339111 0.615723 0.25 0.636719 0.339111 0.601074 0.338379 0.636719 0.339111 0.65332 0.249512 0.641602 0.332031 0.641602 0.332031 0.65332 0.249512 0.655273 0.262939 0.655273 0.262939 0.65332 0.249512 0.6604 0.257324 0.636719 0.339111 0.641602 0.332031 0.642822 0.336182 0.642822 0.336182 0.641602 0.332031 0.655273 0.262939 0.636719 0.339111 0.642822 0.336182 0.617188 0.366455 0.642822 0.336182 0.655273 0.262939 0.6604 0.257324 0.642822 0.336182 0.6604 0.257324 0.665527 0.309082 0.665527 0.309082 0.6604 0.257324 0.6875 0.288574 0.642822 0.336182 0.665527 0.309082 0.67627 0.350098 0.67627 0.350098 0.665527 0.309082 0.6875 0.288574 0.67627 0.350098 0.6875 0.288574 0.693359 0.28833 0.948486 0.400879 0.978027 0.374268 0.989502 0.426025 0.978027 0.374268 0.948486 0.400879 0.984131 0.324219 0.19751 0.136475 0.19751 0.140137 0.188721 0.137939 0.188721 0.137939 0.19751 0.140137 0.179199 0.190674 0.19751 0.136475 0.188721 0.137939 0.179443 0.083496 0.398682 0.087646 0.480957 0.096436 0.396484 0.091797 0.398682 0.087646 0.396484 0.091797 0.39624 0.087158 0.39624 0.087158 0.396484 0.091797 0.394287 0.087158 0.39624 0.087158 0.394287 0.087158 0.380615 0.04541 0.394287 0.087158 0.396484 0.091797 0.32959 0.14502 0.070557 0.619873 0.066895 0.61377 0.065674 0.561035 0.070557 0.619873 0.065674 0.561035 0.078857 0.598145 0.078857 0.598145 0.065674 0.561035 0.079834 0.563232 0.078857 0.598145 0.079834 0.563232 0.08374 0.595947 0.079834 0.563232 0.065674 0.561035 0.103516 0.558838 0.08374 0.595947 0.079834 0.563232 0.105957 0.5625 0.105957 0.5625 0.079834 0.563232 0.103516 0.558838 0.994629 0.682129 0.983887 0.780518 0.981201 0.682129 0.983887 0.780518 0.994629 0.682129 0.998047 0.684814 0.762451 0.908936 0.763184 0.935059 0.755615 0.906982 0.762451 0.908936 0.755615 0.906982 0.766846 0.895264 0.762451 0.908936 0.766846 0.895264 0.763184 0.935059 0.763184 0.935059 0.766846 0.895264 0.785889 0.891602 0.785889 0.891602 0.766846 0.895264 0.780762 0.887207 0.763184 0.935059 0.785889 0.891602 0.773682 0.92627 0.785889 0.891602 0.780762 0.887207 0.791992 0.890137 0.785889 0.891602 0.791992 0.890137 0.773682 0.92627 0.773682 0.92627 0.791992 0.890137 0.800293 0.935303 0.800293 0.935303 0.791992 0.890137 0.826904 0.892578 0.401123 0.707275 0.419922 0.723877 0.412598 0.727539 0.412598 0.727539 0.419922 0.723877 0.40918 0.746094 0.412598 0.727539 0.40918 0.746094 0.408936 0.733887 0.40918 0.746094 0.419922 0.723877 0.422363 0.730957 0.412598 0.727539 0.408936 0.733887 0.394775 0.715576 0.412598 0.727539 0.394775 0.715576 0.401123 0.707275 0.419922 0.723877 0.422363 0.730957 0.437744 0.725098 0.422363 0.730957 0.437744 0.725098 0.499023 0.731201 0.422363 0.730957 0.499023 0.731201 0.422363 0.733154 0.401123 0.707275 0.394775 0.715576 0.391602 0.707031 0.401123 0.707275 0.391602 0.707031 0.386963 0.695313 0.386963 0.695313 0.391602 0.707031 0.383545 0.699219 0.562012 0.083496 0.563477 0.087891 0.534912 0.117188 0.534912 0.117188 0.563477 0.087891 0.543945 0.140137 0.562012 0.083496 0.534912 0.117188 0.521973 0.105713 0.563477 0.087891 0.562012 0.083496 0.582764 0.050537 0.582764 0.050537 0.562012 0.083496 0.561035 0.071045 0.561035 0.071045 0.562012 0.083496 0.521973 0.105713 0.543945 0.140137 0.563477 0.087891 0.575195 0.097412 0.563477 0.087891 0.575195 0.097412 0.587891 0.102783 0.575195 0.097412 0.587891 0.102783 0.543945 0.140137 0.543945 0.140137 0.587891 0.102783 0.535889 0.151855 0.561035 0.071045 0.521973 0.105713 0.537842 0.088867 0.561035 0.071045 0.537842 0.088867 0.587891 0.03833 0.537842 0.088867 0.521973 0.105713 0.502197 0.102295 0.587891 0.03833 0.537842 0.088867 0.499023 0.044189 0.499023 0.044189 0.537842 0.088867 0.502197 0.102295 0.499023 0.044189 0.502197 0.102295 0.422119 0.043945 0.422119 0.043945 0.502197 0.102295 0.499756 0.102783 0.902832 0.834473 0.892822 0.834229 0.888184 0.812256 0.892822 0.834229 0.902832 0.834473 0.901123 0.845215 0.892822 0.834229 0.901123 0.845215 0.865723 0.827881 0.865723 0.827881 0.901123 0.845215 0.851807 0.870117 0.901123 0.845215 0.902832 0.834473 0.916016 0.845703 0.851807 0.870117 0.901123 0.845215 0.905518 0.869385 0.901123 0.845215 0.916016 0.845703 0.908936 0.850586 0.901123 0.845215 0.908936 0.850586 0.905518 0.869385 0.916016 0.845703 0.908936 0.850586 0.918457 0.85083 0.918457 0.85083 0.916016 0.845703 0.919434 0.843994 0.905518 0.869385 0.908936 0.850586 0.914307 0.869385 0.914307 0.869385 0.908936 0.850586 0.918457 0.85083 0.905518 0.869385 0.914307 0.869385 0.912842 0.879883 0.914307 0.869385 0.918457 0.85083 0.921875 0.873779 0.914307 0.869385 0.921875 0.873779 0.912842 0.879883 0.912842 0.879883 0.921875 0.873779 0.924805 0.879639 0.921875 0.873779 0.918457 0.85083 0.949707 0.846924 0.924805 0.879639 0.921875 0.873779 0.930908 0.876221 0.930908 0.876221 0.921875 0.873779 0.949707 0.846924 0.930908 0.876221 0.949707 0.846924 0.948242 0.855713 0.686523 0.946289 0.657715 0.908691 0.713379 0.868164 0.686523 0.946289 0.713379 0.868164 0.741943 0.927002 0.686523 0.946289 0.741943 0.927002 0.750977 0.927246 0.686523 0.946289 0.750977 0.927246 0.734375 0.943848 0.007568 0.678223 0.019531 0.677246 0.009033 0.689209 0.009033 0.689209 0.019531 0.677246 0.020996 0.689697 0.007568 0.678223 0.009033 0.689209 0.002197 0.689697 0.019531 0.677246 0.007568 0.678223 0.015381 0.647705 0.001221 0.074463 0.006592 0.06665 0.021729 0.090332 0.991699 0.541016 0.983154 0.473145 0.994873 0.491455 0.991699 0.541016 0.994873 0.491455 0.997803 0.495605 0.983154 0.473145 0.991699 0.541016 0.981445 0.553711 0.981445 0.553711 0.991699 0.541016 0.993896 0.573242 0.318604 0.946045 0.348145 0.990723 0.319336 0.949463 0.319336 0.949463 0.348145 0.990723 0.288574 0.990479 0.249756 0.203613 0.213135 0.170166 0.244873 0.085938 0.249756 0.203613 0.244873 0.085938 0.249756 0.154297 0.804199 0.939941 0.837158 0.961426 0.778564 0.940674 0.031738 0.755615 0.035645 0.753906 0.026611 0.770752 0.031738 0.755615 0.035645 0.753906 0.034424 0.753174 0.035645 0.753906 0.034424 0.753174 0.026611 0.722412 0.026611 0.722412 0.034424 0.753174 0.031738 0.755615 0.279297 0.352539 0.279785 0.290039 0.285156 0.266846 0.279297 0.352539 0.285156 0.266846 0.284424 0.397461 0.296143 0.411865 0.294434 0.396973 0.296875 0.40625 0.296875 0.40625 0.294434 0.396973 0.294434 0.313232 0.296875 0.40625 0.294434 0.313232 0.296875 0.282959 0.928467 0.281738 0.928467 0.426025 0.919189 0.419434 0.0354 0.685303 0.037842 0.683838 0.036133 0.733398 0.0354 0.685303 0.036133 0.733398 0.027344 0.684082 0.148926 0.532715 0.106445 0.590576 0.119141 0.537354 0.148926 0.532715 0.106445 0.590576 0.150635 0.532715 0.112061 0.29248 0.097656 0.293457 0.095459 0.291016 0.139404 0.305908 0.117676 0.345215 0.097656 0.293457 0.139404 0.305908 0.097656 0.293457 0.134521 0.30249 0.134521 0.30249 0.097656 0.293457 0.112061 0.29248 0.134521 0.30249 0.112061 0.29248 0.148682 0.293457 0.148682 0.293457 0.112061 0.29248 0.140625 0.290771 0.140625 0.290771 0.112061 0.29248 0.095459 0.291016 0.140625 0.290771 0.095459 0.291016 0.13501 0.270264 0.13501 0.270264 0.095459 0.291016 0.095459 0.269531 0.140625 0.290771 0.13501 0.270264 0.139404 0.279541 0.140625 0.290771 0.139404 0.279541 0.147217 0.270996 0.147217 0.270996 0.139404 0.279541 0.13501 0.270264 0.066162 0.389893 0.066162 0.452393 0.065186 0.424072 0.116699 0.629639 0.118408 0.684814 0.11377 0.642334 0.118408 0.684814 0.116699 0.629639 0.143311 0.698486 0.118408 0.684814 0.143311 0.698486 0.117432 0.689697 0.118408 0.684814 0.117432 0.689697 0.11377 0.642334 0.11377 0.642334 0.117432 0.689697 0.11084 0.690674 0.606201 0.920166 0.561768 0.862549 0.588623 0.858154 0.606201 0.920166 0.588623 0.858154 0.605469 0.865723 0.606201 0.920166 0.605469 0.865723 0.608154 0.920898 0.476563 0.242188 0.489502 0.25415 0.481934 0.256348 0.481934 0.256348 0.489502 0.25415 0.562988 0.287354 0.481934 0.256348 0.562988 0.287354 0.55542 0.30542 0.489502 0.25415 0.476563 0.242188 0.488281 0.234863 0.488281 0.234863 0.476563 0.242188 0.459961 0.231934 0.481934 0.256348 0.55542 0.30542 0.499023 0.276611 0.481934 0.256348 0.499023 0.276611 0.487305 0.269043 0.487305 0.269043 0.499023 0.276611 0.496338 0.27832 0.476563 0.242188 0.481934 0.256348 0.431641 0.250488 0.459961 0.231934 0.476563 0.242188 0.445801 0.229736 0.445801 0.229736 0.476563 0.242188 0.431641 0.250488 0.445801 0.229736 0.431641 0.250488 0.425049 0.231934 0.445801 0.229736 0.425049 0.231934 0.438965 0.217529 0.425049 0.231934 0.431641 0.250488 0.361816 0.238525 0.66748 0.755859 0.685303 0.752197 0.676514 0.767578 0.66748 0.755859 0.676514 0.767578 0.665283 0.76709 0.665283 0.76709 0.66748 0.755859 0.647949 0.774414 0.676514 0.767578 0.685303 0.752197 0.69165 0.761963 0.676514 0.767578 0.69165 0.761963 0.669189 0.78418 0.669189 0.78418 0.69165 0.761963 0.693604 0.770996 0.69165 0.761963 0.685303 0.752197 0.698242 0.742432 0.693604 0.770996 0.69165 0.761963 0.707764 0.758057 0.707764 0.758057 0.69165 0.761963 0.698242 0.742432 0.707764 0.758057 0.698242 0.742432 0.719971 0.744385 0.719971 0.744385 0.698242 0.742432 0.719482 0.738037 0.707764 0.758057 0.719971 0.744385 0.731934 0.755859 0.719971 0.744385 0.719482 0.738037 0.748047 0.730225 0.719971 0.744385 0.748047 0.730225 0.731934 0.755859 0.748047 0.730225 0.719482 0.738037 0.75708 0.688232 0.731934 0.755859 0.748047 0.730225 0.745361 0.750244 0.731934 0.755859 0.745361 0.750244 0.75293 0.76123 0.731934 0.755859 0.75293 0.76123 0.757813 0.788574 0.138184 0.035156 0.138184 0.11377 0.124756 0.035156 0.30249 0.613525 0.303711 0.524902 0.318115 0.531494 0.30249 0.613525 0.318115 0.531494 0.307861 0.603516 0.307861 0.603516 0.318115 0.531494 0.354004 0.536621 0.307861 0.603516 0.354004 0.536621 0.375 0.561035 0.307861 0.603516 0.375 0.561035 0.401855 0.598145 0.307861 0.603516 0.401855 0.598145 0.393555 0.650391 0.393555 0.650391 0.401855 0.598145 0.421875 0.643311 0.375 0.561035 0.401855 0.598145 0.396484 0.575195 0.396484 0.575195 0.375 0.561035 0.39624 0.559814 0.39624 0.559814 0.375 0.561035 0.382568 0.53418 0.401855 0.598145 0.396484 0.575195 0.41333 0.581299 0.401855 0.598145 0.41333 0.581299 0.428711 0.599854 0.41333 0.581299 0.396484 0.575195 0.419434 0.568359 0.419434 0.568359 0.396484 0.575195 0.39624 0.559814 0.428711 0.599854 0.41333 0.581299 0.432861 0.58374 0.432861 0.58374 0.41333 0.581299 0.419434 0.568359 0.428711 0.599854 0.432861 0.58374 0.443848 0.587402 0.443848 0.587402 0.432861 0.58374 0.449707 0.57373 0.449707 0.57373 0.432861 0.58374 0.419434 0.568359 0.39624 0.559814 0.395752 0.541016 0.382568 0.53418 0.395752 0.541016 0.382568 0.53418 0.398193 0.5271 0.395752 0.541016 0.398193 0.5271 0.411133 0.539307 0.395752 0.541016 0.411133 0.539307 0.39624 0.559814 0.398193 0.5271 0.411133 0.539307 0.414063 0.520264 0.420166 0.552734 0.419434 0.568359 0.39624 0.559814 0.420166 0.552734 0.39624 0.559814 0.411133 0.539307 0.419434 0.568359 0.420166 0.552734 0.434814 0.547363 0.420166 0.552734 0.411133 0.539307 0.419922 0.533936 0.420166 0.552734 0.419922 0.533936 0.434814 0.547363 0.117676 0.179932 0.124268 0.197998 0.104248 0.181641 0.104248 0.181641 0.124268 0.197998 0.114258 0.196289 0.114258 0.196289 0.124268 0.197998 0.117188 0.202148 0.117188 0.202148 0.124268 0.197998 0.12085 0.209717 0.104248 0.181641 0.114258 0.196289 0.105225 0.193115 0.104248 0.181641 0.105225 0.193115 0.100586 0.185791 0.100586 0.185791 0.105225 0.193115 0.095703 0.192383 0.114258 0.196289 0.117188 0.202148 0.112061 0.206299 0.112061 0.206299 0.117188 0.202148 0.12085 0.209717 0.105225 0.193115 0.114258 0.196289 0.10791 0.20166 0.10791 0.20166 0.114258 0.196289 0.112061 0.206299 0.095703 0.192383 0.105225 0.193115 0.099854 0.199219 0.099854 0.199219 0.105225 0.193115 0.10791 0.20166 0.095703 0.192383 0.099854 0.199219 0.090332 0.201172 0.099854 0.199219 0.10791 0.20166 0.105957 0.206787 0.105957 0.206787 0.10791 0.20166 0.112061 0.206299 0.099854 0.199219 0.105957 0.206787 0.090332 0.201172 0.113281 0.218018 0.112061 0.206299 0.12085 0.209717 0.112061 0.206299 0.113281 0.218018 0.105957 0.206787 0.105957 0.206787 0.113281 0.218018 0.090332 0.201172 0.113281 0.218018 0.12085 0.209717 0.121826 0.213135 0.113281 0.218018 0.121826 0.213135 0.127197 0.231201 0.127197 0.231201 0.121826 0.213135 0.130859 0.213867 0.127197 0.231201 0.130859 0.213867 0.140137 0.24585 0.127197 0.231201 0.140137 0.24585 0.130859 0.239746 0.127197 0.231201 0.130859 0.239746 0.127686 0.246094 0.127197 0.231201 0.127686 0.246094 0.09082 0.253906 0.113281 0.218018 0.127197 0.231201 0.110107 0.228027 0.110107 0.228027 0.127197 0.231201 0.09082 0.253906 0.113281 0.218018 0.110107 0.228027 0.090332 0.201172 0.110107 0.228027 0.09082 0.253906 0.076904 0.23584 0.110107 0.228027 0.076904 0.23584 0.077637 0.22583 0.110107 0.228027 0.077637 0.22583 0.090332 0.201172 0.090332 0.201172 0.077637 0.22583 0.075684 0.197998 0 0.735352 0.007324 0.701172 0.011963 0.71167 0.011963 0.71167 0.007324 0.701172 0.015137 0.705322 0.015137 0.705322 0.007324 0.701172 0.01709 0.699707 0.01709 0.699707 0.007324 0.701172 0.010254 0.694092 0.033203 0.437256 0.037842 0.398438 0.040039 0.443115 0.033203 0.437256 0.040039 0.443115 0.033203 0.455078 0.01709 0.52417 0.019287 0.502197 0.02124 0.512939 0.019287 0.502197 0.01709 0.52417 0.01001 0.528809 0.01709 0.52417 0.02124 0.512939 0.021973 0.541992 0.01001 0.528809 0.01709 0.52417 0.013672 0.541992 0.01709 0.52417 0.013672 0.541992 0.021973 0.541992 0.515381 0.026611 0.510254 0.022949 0.516846 0.01416 0.655029 0.029053 0.656738 0.014893 0.659424 0.026367 0.655029 0.029053 0.659424 0.026367 0.65918 0.033936 0.002197 0.63916 0 0.669434 0.006836 0.658691 0.006836 0.658691 0.002197 0.63916 0.002197 0.627441 0.078857 0.812256 0.083496 0.810059 0.087646 0.830811 0.089844 0.809814 0.095947 0.834229 0.087646 0.830811 0.089844 0.809814 0.087646 0.830811 0.083496 0.810059 0.083496 0.810059 0.078857 0.812256 0.076172 0.810059 0.076172 0.810059 0.078857 0.812256 0.070313 0.811035 0.076172 0.810059 0.070313 0.811035 0.070557 0.809814 0.076172 0.810059 0.070557 0.809814 0.071289 0.768799 0.076172 0.810059 0.071289 0.768799 0.077637 0.77002 0.076172 0.810059 0.077637 0.77002 0.083496 0.810059 0.083496 0.810059 0.077637 0.77002 0.085938 0.768555 0.083496 0.810059 0.085938 0.768555 0.089844 0.809814 0.085938 0.768555 0.077637 0.77002 0.082275 0.766357 0.085938 0.768555 0.082275 0.766357 0.09082 0.765869 0.085938 0.768555 0.09082 0.765869 0.091553 0.770264 0.085938 0.768555 0.091553 0.770264 0.089844 0.809814 0.091553 0.770264 0.09082 0.765869 0.096191 0.767822 0.091553 0.770264 0.096191 0.767822 0.093018 0.808594 0.091553 0.770264 0.093018 0.808594 0.089844 0.809814 0.089844 0.809814 0.093018 0.808594 0.09375 0.80957 0.01709 0.005371 0.017822 0.028809 0.009766 0.029785 0.01709 0.005371 0.009766 0.029785 0.007568 0.003906 0.007568 0.003906 0.009766 0.029785 0 0.028809 0.007568 0.003906 0 0.028809 0.000977 0.001953 0.702637 0.050537 0.680664 0.043457 0.708252 0.039307 0.702637 0.050537 0.708252 0.039307 0.706543 0.059082 0.702637 0.050537 0.706543 0.059082 0.676025 0.05249 0.702637 0.050537 0.676025 0.05249 0.680664 0.043457 0.680664 0.043457 0.676025 0.05249 0.671387 0.04126 0.680664 0.043457 0.671387 0.04126 0.682373 0.030273 0.680664 0.043457 0.682373 0.030273 0.708252 0.039307 0.682373 0.030273 0.671387 0.04126 0.674316 0.031494 0.708252 0.039307 0.682373 0.030273 0.700928 0.029541 0.708252 0.039307 0.700928 0.029541 0.70874 0.029053 0.70874 0.029053 0.700928 0.029541 0.706055 0.01709 0.700928 0.029541 0.682373 0.030273 0.680908 0.023926 0.700928 0.029541 0.680908 0.023926 0.706055 0.01709 0.680908 0.023926 0.682373 0.030273 0.674316 0.031494 0.706055 0.01709 0.680908 0.023926 0.677979 0.017334 0.677979 0.017334 0.680908 0.023926 0.674316 0.031494 0.677979 0.017334 0.674316 0.031494 0.671143 0.017334 0.671143 0.017334 0.674316 0.031494 0.669434 0.024658 0.669434 0.024658 0.674316 0.031494 0.663818 0.02832 0.416748 0.984375 0.412842 0.987061 0.414063 0.978027 0.412842 0.987061 0.416748 0.984375 0.420898 0.98999 0.416748 0.984375 0.414063 0.978027 0.422607 0.983643 0.416748 0.984375 0.422607 0.983643 0.420898 0.98999 0.883057 0.298584 0.915283 0.341064 0.91748 0.374268 0.883057 0.298584 0.91748 0.374268 0.84668 0.33374 0.915283 0.341064 0.883057 0.298584 0.88501 0.292236 0.883057 0.298584 0.84668 0.33374 0.877441 0.292725 0.883057 0.298584 0.877441 0.292725 0.88501 0.292236 0.88501 0.292236 0.877441 0.292725 0.882568 0.287842 0.882568 0.287842 0.877441 0.292725 0.877197 0.289551 0.882568 0.287842 0.877197 0.289551 0.876953 0.284668 0.882568 0.287842 0.876953 0.284668 0.880859 0.236572 0.422363 0.862061 0.356689 0.864258 0.358887 0.851318 0.422363 0.862061 0.358887 0.851318 0.441895 0.851074 0.422363 0.862061 0.441895 0.851074 0.433594 0.861816 0.433594 0.861816 0.441895 0.851074 0.445557 0.860107 0.466309 0.883301 0.481445 0.83252 0.554932 0.877441 0.466309 0.883301 0.554932 0.877441 0.550537 0.881592 0.466309 0.883301 0.550537 0.881592 0.477051 0.884766 0.292725 0.032227 0.331787 0.032227 0.325195 0.048096 0.331787 0.032227 0.325195 0.048096 0.341309 0.038818 0.341309 0.038818 0.325195 0.048096 0.335205 0.050049 0.335205 0.050049 0.325195 0.048096 0.32666 0.056641 0.32666 0.056641 0.335205 0.050049 0.33667 0.063477 0.32666 0.056641 0.33667 0.063477 0.32373 0.074219 0.335205 0.050049 0.341309 0.038818 0.35791 0.058105 0.335205 0.050049 0.35791 0.058105 0.33667 0.063477 0.35791 0.058105 0.341309 0.038818 0.350342 0.034912 0.33667 0.063477 0.35791 0.058105 0.352295 0.064941 0.35791 0.058105 0.350342 0.034912 0.364502 0.033691 0.35791 0.058105 0.352295 0.064941 0.360107 0.060791 0.35791 0.058105 0.364502 0.033691 0.367432 0.053467 0.367432 0.053467 0.35791 0.058105 0.360107 0.060791 0.367432 0.053467 0.364502 0.033691 0.374512 0.040283 0.360107 0.060791 0.367432 0.053467 0.372314 0.071289 0.367432 0.053467 0.374512 0.040283 0.375 0.057373 0.367432 0.053467 0.375 0.057373 0.372314 0.071289 0.045166 0.827637 0.072021 0.842529 0.06958 0.858643 0.061768 0.864746 0.044189 0.878418 0.045166 0.827637 0.061768 0.864746 0.045166 0.827637 0.06958 0.858643 0.061768 0.864746 0.06958 0.858643 0.065674 0.870117 0.065674 0.870117 0.06958 0.858643 0.075684 0.867188 0.072021 0.842529 0.045166 0.827637 0.059082 0.829102 0.062744 0.825439 0.059082 0.829102 0.054688 0.8125 0.062744 0.825439 0.059082 0.829102 0.072021 0.842529 0.062744 0.825439 0.072021 0.842529 0.074219 0.83374 0.072021 0.842529 0.074219 0.83374 0.08252 0.835205 0.072021 0.842529 0.08252 0.835205 0.085693 0.84082 0.085938 0.848389 0.06958 0.858643 0.072021 0.842529 0.072021 0.842529 0.085938 0.848389 0.085693 0.84082 0.06958 0.858643 0.085938 0.848389 0.076416 0.864746 0.085693 0.84082 0.085938 0.848389 0.095947 0.844238 0.095947 0.844238 0.085938 0.848389 0.100342 0.848389 0.605225 0.85083 0.545898 0.857422 0.544434 0.827148 0.544434 0.827148 0.545898 0.857422 0.537354 0.844482 0.545898 0.857422 0.537354 0.844482 0.540771 0.860596 0.605225 0.85083 0.544434 0.827148 0.550293 0.812988 0.605225 0.85083 0.550293 0.812988 0.550537 0.781982 0.158203 0.304688 0.161377 0.299316 0.161377 0.304443 0.158203 0.304688 0.161377 0.304443 0.155518 0.378662 0.158203 0.304688 0.155518 0.378662 0.152344 0.382324 0.158203 0.304688 0.152344 0.382324 0.143799 0.304443 0.289307 0.476318 0.289307 0.348633 0.29126 0.468994 0.969727 0.421143 0.968018 0.521973 0.956299 0.44043 0.968018 0.521973 0.969727 0.421143 0.970459 0.486084 0.696045 0.981934 0.692383 0.962158 0.702881 0.957764 0.702881 0.957764 0.692383 0.962158 0.678711 0.949707 0.692383 0.962158 0.696045 0.981934 0.684814 0.974854 0.684814 0.974854 0.696045 0.981934 0.67749 0.98999 0.684814 0.974854 0.67749 0.98999 0.665039 0.976318 0.665039 0.976318 0.67749 0.98999 0.650391 0.977295 0.665039 0.976318 0.650391 0.977295 0.64502 0.973145 0.665039 0.976318 0.64502 0.973145 0.641602 0.957764 0.665039 0.976318 0.641602 0.957764 0.678711 0.949707 0.684814 0.974854 0.665039 0.976318 0.675781 0.966064 0.675781 0.966064 0.665039 0.976318 0.678711 0.949707 0.684814 0.974854 0.675781 0.966064 0.692383 0.962158 0.675781 0.966064 0.678711 0.949707 0.679688 0.955078 0.692383 0.962158 0.675781 0.966064 0.681885 0.962158 0.681885 0.962158 0.675781 0.966064 0.679688 0.955078 0.678711 0.949707 0.684082 0.958496 0.692383 0.962158 0.678711 0.949707 0.684082 0.958496 0.679688 0.955078 0.684082 0.958496 0.692383 0.962158 0.681885 0.962158 0.684082 0.958496 0.681885 0.962158 0.679688 0.955078 0.026367 0.174805 0.043945 0.149414 0.040283 0.198486 0.040283 0.198486 0.043945 0.149414 0.043945 0.191406 0.39502 0.025391 0.400879 0.032471 0.404297 0.030762 0.400879 0.032471 0.39502 0.025391 0.387451 0.028076 0.387451 0.028076 0.400879 0.032471 0.388672 0.033936 0.400879 0.032471 0.388672 0.033936 0.383789 0.039795 0.388672 0.033936 0.383789 0.039795 0.387451 0.028076 0.404297 0.030762 0.39502 0.025391 0.403076 0.020752 0.404297 0.030762 0.403076 0.020752 0.421387 0.028564 0.403076 0.020752 0.39502 0.025391 0.403076 0.010986 0.421387 0.028564 0.403076 0.020752 0.419678 0.018555 0.419678 0.018555 0.403076 0.020752 0.403076 0.010986 0.266602 0.935791 0.263428 0.935791 0.26416 0.942139 0.263428 0.935791 0.26416 0.942139 0.250244 0.935303 0.26416 0.942139 0.250244 0.935303 0.25293 0.938965 0.25293 0.938965 0.26416 0.942139 0.254883 0.948242 0.254883 0.948242 0.26416 0.942139 0.265625 0.947266 0.26416 0.942139 0.266602 0.935791 0.282715 0.944092 0.26416 0.942139 0.282715 0.944092 0.265625 0.947266 0.265625 0.947266 0.282715 0.944092 0.281006 0.955566 0.281006 0.955566 0.282715 0.944092 0.294678 0.963623 0.294678 0.963623 0.282715 0.944092 0.301025 0.944824 0.301025 0.944824 0.282715 0.944092 0.30127 0.933594 0.294678 0.963623 0.301025 0.944824 0.311035 0.949219 0.301025 0.944824 0.30127 0.933594 0.310547 0.935791 0.301025 0.944824 0.310547 0.935791 0.311035 0.949219 0.009766 0.216797 0.000244 0.217773 0.013184 0.208008 0.000244 0.217773 0.009766 0.216797 0.008545 0.239014 0.008545 0.239014 0.009766 0.216797 0.014893 0.236572 0.000244 0.217773 0.008545 0.239014 0.000488 0.241211 0.065674 0.020752 0.064941 0.026367 0.053223 0.022461 0.064941 0.026367 0.065674 0.020752 0.069092 0.031982 0.065674 0.020752 0.053223 0.022461 0.056885 0.015381 0.065674 0.020752 0.056885 0.015381 0.068115 0.010742 0.813232 0.277344 0.811523 0.162842 0.813232 0.171875 0.811523 0.162842 0.813232 0.277344 0.804443 0.206299 0.813232 0.277344 0.813232 0.171875 0.815186 0.314453 0.285156 0.236572 0.284912 0.24585 0.273193 0.272217 0.273193 0.272217 0.284912 0.24585 0.256348 0.338135 0.285156 0.236572 0.273193 0.272217 0.268066 0.247803 0.268066 0.247803 0.273193 0.272217 0.248291 0.249268 0.285156 0.236572 0.268066 0.247803 0.279053 0.234131 0.268066 0.247803 0.248291 0.249268 0.254639 0.22998 0.268066 0.247803 0.254639 0.22998 0.279053 0.234131 0.279053 0.234131 0.254639 0.22998 0.248047 0.216064 0.279053 0.234131 0.248047 0.216064 0.259521 0.204834 0.442627 0.96167 0.42749 0.961182 0.437744 0.974854 0.42749 0.961182 0.411865 0.956787 0.411133 0.968994 0.411133 0.968994 0.42749 0.961182 0.424072 0.97583 0.424072 0.97583 0.42749 0.961182 0.437744 0.974854 0.424072 0.97583 0.437744 0.974854 0.433105 0.97998 0.433105 0.97998 0.437744 0.974854 0.445313 0.977783 0.437744 0.974854 0.442627 0.96167 0.449707 0.969971 0.437744 0.974854 0.449707 0.969971 0.445313 0.977783 0.449707 0.969971 0.442627 0.96167 0.459717 0.958252 0.449707 0.969971 0.445313 0.977783 0.456299 0.977051 0.456299 0.977051 0.449707 0.969971 0.459717 0.958252 0.456299 0.977051 0.459717 0.958252 0.465576 0.970215 0.520996 0.570801 0.537598 0.574951 0.516357 0.584961 0.516357 0.584961 0.537598 0.574951 0.53833 0.598145 0.53833 0.598145 0.537598 0.574951 0.56665 0.579834 0.516357 0.584961 0.520996 0.570801 0.512939 0.578369 0.586914 0.628906 0.53833 0.598145 0.583008 0.622314 0.583008 0.622314 0.53833 0.598145 0.56665 0.579834 0.565186 0.564209 0.581543 0.564453 0.56665 0.579834 0.56665 0.579834 0.581543 0.564453 0.587158 0.574463 0.583008 0.622314 0.56665 0.579834 0.595947 0.608398 0.595947 0.608398 0.56665 0.579834 0.587158 0.574463 0.595947 0.608398 0.587158 0.574463 0.601563 0.592041 0.601563 0.592041 0.587158 0.574463 0.609375 0.567383 0.609375 0.567383 0.587158 0.574463 0.613281 0.549805 0.595947 0.608398 0.583008 0.622314 0.599365 0.628662 0.583008 0.622314 0.599365 0.628662 0.592285 0.638184 0.599365 0.628662 0.595947 0.608398 0.607178 0.621338 0.592285 0.638184 0.599365 0.628662 0.606201 0.64502 0.607178 0.621338 0.599365 0.628662 0.611816 0.639893 0.611816 0.639893 0.599365 0.628662 0.606201 0.64502 0.020752 0.635986 0.002197 0.617676 0.009766 0.611328 0.002197 0.617676 0.009766 0.611328 0.019775 0.594238 0.000488 0.874756 0.006836 0.902588 0.010742 0.87915 0.006836 0.902588 0.010742 0.87915 0.016602 0.902344 0.006836 0.902588 0.016602 0.902344 0.015869 0.915039 0.015869 0.915039 0.006836 0.902588 0.000244 0.919434 0.036621 0.101318 0.029541 0.085449 0.046875 0.086182 0.046875 0.086182 0.029541 0.085449 0.05249 0.07959 0.029541 0.085449 0.036621 0.101318 0.033691 0.115967 0.05249 0.07959 0.046875 0.086182 0.050049 0.093262 0.046875 0.086182 0.050049 0.093262 0.036621 0.101318 0.050049 0.093262 0.05249 0.07959 0.064941 0.119629 0.033691 0.115967 0.036621 0.101318 0.040039 0.111328 0.040039 0.111328 0.036621 0.101318 0.050049 0.093262 0.033691 0.115967 0.040039 0.111328 0.044434 0.12793 0.050049 0.093262 0.064941 0.119629 0.054199 0.116211 0.050049 0.093262 0.054199 0.116211 0.040039 0.111328 0.054199 0.116211 0.064941 0.119629 0.044434 0.12793 0.054199 0.116211 0.044434 0.12793 0.040039 0.111328 0.465088 0.015625 0.479736 0.02124 0.4646 0.031006 0.4646 0.031006 0.479736 0.02124 0.463867 0.038818 0.479736 0.02124 0.465088 0.015625 0.464111 0.00293 0.4646 0.031006 0.463867 0.038818 0.446289 0.033447 0.463867 0.038818 0.446289 0.033447 0.439941 0.038574 0.439941 0.038574 0.446289 0.033447 0.445313 0.007813 0.4646 0.031006 0.446289 0.033447 0.455811 0.023682 0.4646 0.031006 0.455811 0.023682 0.465088 0.015625 0.445313 0.007813 0.446289 0.033447 0.44751 0.009521 0.445313 0.007813 0.44751 0.009521 0.464111 0.00293 0.446289 0.033447 0.44751 0.009521 0.455811 0.023682 0.44751 0.009521 0.464111 0.00293 0.465088 0.015625 0.44751 0.009521 0.465088 0.015625 0.455811 0.023682 0.620117 0.104004 0.685303 0.120117 0.71875 0.135742 0.71875 0.135742 0.685303 0.120117 0.720459 0.123047 0.733887 0.106445 0.729004 0.115723 0.720459 0.123047 0.720459 0.123047 0.729004 0.115723 0.728027 0.124023 0.720459 0.123047 0.728027 0.124023 0.71875 0.135742 0.71875 0.135742 0.728027 0.124023 0.757324 0.198486 0.737305 0.119385 0.728027 0.124023 0.733643 0.114746 0.728027 0.124023 0.737305 0.119385 0.755859 0.125977 0.728027 0.124023 0.755859 0.125977 0.750977 0.134521 0.728027 0.124023 0.750977 0.134521 0.751221 0.143311 0.728027 0.124023 0.751221 0.143311 0.757324 0.198486 0.757324 0.198486 0.751221 0.143311 0.766602 0.168945 0.766602 0.168945 0.751221 0.143311 0.761719 0.149902 0.761719 0.149902 0.751221 0.143311 0.766113 0.140381 0.64209 0.989258 0.630371 0.989258 0.63501 0.99585 0.64209 0.989258 0.630371 0.989258 0.63208 0.981445 0.64209 0.989258 0.63208 0.981445 0.631348 0.960938 0.63501 0.99585 0.630371 0.989258 0.617432 0.991211 0.617432 0.991211 0.63501 0.99585 0.614746 1 0.63208 0.981445 0.630371 0.989258 0.621826 0.978027 0.63208 0.981445 0.621826 0.978027 0.631348 0.960938 0.621826 0.978027 0.630371 0.989258 0.617432 0.991211 0.631348 0.960938 0.621826 0.978027 0.62207 0.953125 0.621826 0.978027 0.617432 0.991211 0.614014 0.971924 0.621826 0.978027 0.614014 0.971924 0.62207 0.953125 0.614014 0.971924 0.617432 0.991211 0.605957 0.974854 0.614014 0.971924 0.62207 0.953125 0.609863 0.949707 0.614014 0.971924 0.609863 0.949707 0.605957 0.974854 0.001465 0.034668 0.000244 0.05957 0.010986 0.04541 0.010986 0.04541 0.001465 0.034668 0.014648 0.03418 0.010986 0.04541 0.000244 0.05957 0.009033 0.062256 0.014648 0.03418 0.010986 0.04541 0.018799 0.057373 0.018799 0.057373 0.010986 0.04541 0.009033 0.062256 0.248291 0.388428 0.248291 0.258789 0.249756 0.328369 0.534424 0.001953 0.549805 0 0.527344 0.016357 0.536865 0.036621 0.520264 0.028564 0.527344 0.016357 0.527344 0.016357 0.549805 0 0.542725 0.011475 0.527344 0.016357 0.536865 0.036621 0.537842 0.024414 0.537842 0.024414 0.527344 0.016357 0.542725 0.011475 0.537842 0.024414 0.542725 0.011475 0.547852 0.019531 0.536865 0.036621 0.537842 0.024414 0.55249 0.0271 0.55249 0.0271 0.537842 0.024414 0.547852 0.019531 0.536865 0.036621 0.55249 0.0271 0.560303 0.032471 0.547852 0.019531 0.542725 0.011475 0.557861 0.013916 0.557861 0.013916 0.542725 0.011475 0.549805 0 0.547852 0.019531 0.557861 0.013916 0.55249 0.0271 0.55249 0.0271 0.557861 0.013916 0.560303 0.032471 0.557861 0.013916 0.549805 0 0.566162 0.005615 0.566162 0.005615 0.557861 0.013916 0.560303 0.032471 0.88208 0.015137 0.881592 0.002197 0.877686 0.016846 0.877686 0.016846 0.88208 0.015137 0.887207 0.027588 0.877686 0.016846 0.887207 0.027588 0.864014 0.027344 0.927246 0.998779 0.919678 0.986084 0.917236 0.998779 0.919678 0.986084 0.917236 0.998779 0.903809 0.990234 0.903809 0.990234 0.919678 0.986084 0.904053 0.976563 0.919678 0.986084 0.904053 0.976563 0.927734 0.970215 0.762939 0.968506 0.761719 0.984863 0.740234 0.977539 0.762939 0.968506 0.740234 0.977539 0.753906 0.956055 0.753906 0.956055 0.740234 0.977539 0.733398 0.960693 0.753906 0.956055 0.733398 0.960693 0.724365 0.952637 0.724365 0.952637 0.733398 0.960693 0.703125 0.949707 0.753906 0.956055 0.724365 0.952637 0.761963 0.945801 0.144287 0.969238 0.144287 0.985596 0.140869 0.980469 0.042969 0.041748 0.050049 0.055176 0.039063 0.054932 0.039063 0.054932 0.050049 0.055176 0.043213 0.075195 0.039063 0.054932 0.043213 0.075195 0.026611 0.070557 0.039063 0.054932 0.026611 0.070557 0.026611 0.039551 0.039063 0.054932 0.026611 0.039551 0.042969 0.041748 0.043213 0.075195 0.050049 0.055176 0.054932 0.075439 0.042969 0.041748 0.026611 0.039551 0.041992 0.036377 0.041992 0.036377 0.026611 0.039551 0.039551 0.024902 0.041992 0.036377 0.039551 0.024902 0.058594 0.033936 0.041992 0.036377 0.058594 0.033936 0.042969 0.041748 0.054932 0.075439 0.050049 0.055176 0.056152 0.050049 0.056152 0.050049 0.050049 0.055176 0.042969 0.041748 0.056152 0.050049 0.042969 0.041748 0.058594 0.033936 0.054932 0.075439 0.056152 0.050049 0.064697 0.048096 0.064697 0.048096 0.056152 0.050049 0.058594 0.033936 0.064697 0.048096 0.058594 0.033936 0.063721 0.035156 0.035156 0.901855 0.028564 0.904297 0.038574 0.884277 0.038574 0.884277 0.028564 0.904297 0.039063 0.869141 0.035156 0.901855 0.028564 0.904297 0.039795 0.914795 0.06665 0.156006 0.065918 0.161377 0.060303 0.14502 0.06665 0.156006 0.060303 0.14502 0.078857 0.116211 0.060303 0.14502 0.065918 0.161377 0.058594 0.154053 0.058594 0.154053 0.060303 0.14502 0.050537 0.134766 0.065918 0.161377 0.058594 0.154053 0.05835 0.170166 0.982422 0.068359 0.980469 0.093506 0.980469 0.046143 0.982422 0.068359 0.980469 0.046143 0.998779 0.06665 0.980469 0.093506 0.982422 0.068359 0.98584 0.07666 0.98584 0.07666 0.982422 0.068359 0.998779 0.06665 0.998779 0.06665 0.98584 0.07666 0.980469 0.093506 0.283936 0.968262 0.283936 0.985596 0.279297 0.985596 0.473389 0.568848 0.487793 0.557617 0.487061 0.572266 0.487061 0.572266 0.487793 0.557617 0.48999 0.568359 0.48999 0.568359 0.487793 0.557617 0.520996 0.570801 0.48999 0.568359 0.520996 0.570801 0.512939 0.578369 0.48999 0.568359 0.512939 0.578369 0.487061 0.572266 0.487061 0.572266 0.512939 0.578369 0.489746 0.576416 0.489746 0.576416 0.512939 0.578369 0.48877 0.580811 0.48877 0.580811 0.489746 0.576416 0.487061 0.572266 0.48877 0.580811 0.512939 0.578369 0.516357 0.584961 0.483154 0.592529 0.473389 0.568848 0.487061 0.572266 0.483154 0.592529 0.487061 0.572266 0.48877 0.580811 0.483154 0.592529 0.48877 0.580811 0.516357 0.584961 0.483154 0.592529 0.516357 0.584961 0.514404 0.591064 0.473389 0.568848 0.483154 0.592529 0.471924 0.575684 0.471924 0.575684 0.483154 0.592529 0.470947 0.584229 0.320068 0.00293 0.312988 0.01001 0.312012 0.000977 0.320068 0.00293 0.328125 0.014404 0.328369 0.000977 0.328125 0.014404 0.320068 0.00293 0.321533 0.013184 0.320068 0.00293 0.321533 0.013184 0.312988 0.01001 0.321533 0.013184 0.328125 0.014404 0.328857 0.027832 0.312988 0.01001 0.321533 0.013184 0.318604 0.020996 0.318604 0.020996 0.321533 0.013184 0.328857 0.027832 0.312988 0.01001 0.318604 0.020996 0.311523 0.027588 0.311523 0.027588 0.318604 0.020996 0.328857 0.027832 0.008789 0.455811 0.002197 0.469238 0.018799 0.45874 0.018799 0.45874 0.008789 0.455811 0.002197 0.43042 0.002197 0.43042 0.008789 0.455811 0.002197 0.469238 0.366211 0.797119 0.399414 0.765869 0.373779 0.801514 0.366211 0.797119 0.373779 0.801514 0.388672 0.827393 0.388672 0.827393 0.366211 0.797119 0.364014 0.797607 0.366211 0.797119 0.364014 0.797607 0.29834 0.794434 0.186035 0.604736 0.196289 0.554932 0.196045 0.589111 0.196289 0.554932 0.186035 0.604736 0.185547 0.536621 0.196289 0.554932 0.185547 0.536621 0.199463 0.546387 0.185547 0.536621 0.186035 0.604736 0.185059 0.606689 0.185547 0.536621 0.185059 0.606689 0.183105 0.496338 0.558594 0.900391 0.597168 0.919434 0.545654 0.929688 0.545654 0.929688 0.597168 0.919434 0.536621 0.951904 0.536621 0.951904 0.597168 0.919434 0.601074 0.969727 0.536621 0.951904 0.601074 0.969727 0.599121 0.970459 0.891357 0.893066 0.911133 0.888916 0.897705 0.87915 0.891357 0.893066 0.911133 0.888916 0.904297 0.905762 0.891357 0.893066 0.904297 0.905762 0.894775 0.908936 0.894775 0.908936 0.904297 0.905762 0.906006 0.91748 0.906006 0.91748 0.904297 0.905762 0.912598 0.91626 0.906006 0.91748 0.912598 0.91626 0.917725 0.924072 0.897705 0.87915 0.891357 0.893066 0.875488 0.88623 0.875488 0.88623 0.891357 0.893066 0.877686 0.898926 0.897705 0.87915 0.875488 0.88623 0.881348 0.876221 0.881348 0.876221 0.875488 0.88623 0.87207 0.875244 0.87207 0.875244 0.875488 0.88623 0.857666 0.881348 0.504639 0.028564 0.502197 0.039063 0.519775 0.036621 0.504639 0.028564 0.502197 0.039063 0.496826 0.026611 0.496826 0.026611 0.502197 0.039063 0.478271 0.033936 0.504639 0.028564 0.496826 0.026611 0.495361 0.017334 0.496826 0.026611 0.495361 0.017334 0.484619 0.011719 0.549805 0.4646 0.500977 0.452393 0.524414 0.441162 0.549805 0.4646 0.524414 0.441162 0.54248 0.442139 0.524414 0.441162 0.54248 0.442139 0.540771 0.439209 0.540771 0.439209 0.524414 0.441162 0.53125 0.435791 0.524414 0.441162 0.53125 0.435791 0.525146 0.424316 0.525146 0.424316 0.524414 0.441162 0.473145 0.429443 0.473145 0.429443 0.524414 0.441162 0.500977 0.452393 0.473145 0.429443 0.500977 0.452393 0.473633 0.465332 0.473633 0.465332 0.473145 0.429443 0.459473 0.458496 0.477295 0.416016 0.473145 0.429443 0.465088 0.414063 0.459473 0.458496 0.473145 0.429443 0.45459 0.43335 0.45459 0.43335 0.473145 0.429443 0.465088 0.414063 0.465088 0.414063 0.45459 0.43335 0.452637 0.410645 0.465088 0.414063 0.452637 0.410645 0.459961 0.405029 0.452637 0.410645 0.45459 0.43335 0.421875 0.429932 0.452637 0.410645 0.421875 0.429932 0.419922 0.40918 0.45459 0.43335 0.459473 0.458496 0.44751 0.451416 0.45459 0.43335 0.44751 0.451416 0.421875 0.429932 0.44751 0.451416 0.459473 0.458496 0.445068 0.470459 0.419922 0.40918 0.421875 0.429932 0.408203 0.426758 0.44751 0.451416 0.445068 0.470459 0.413086 0.453369 0.44751 0.451416 0.413086 0.453369 0.421875 0.429932 0.413086 0.453369 0.445068 0.470459 0.406494 0.468506 0.413086 0.453369 0.406494 0.468506 0.39917 0.446533 0.421875 0.429932 0.413086 0.453369 0.405762 0.436279 0.421875 0.429932 0.405762 0.436279 0.408203 0.426758 0.405762 0.436279 0.413086 0.453369 0.39917 0.446533 0.405762 0.436279 0.39917 0.446533 0.387207 0.436768 0.408203 0.426758 0.405762 0.436279 0.356689 0.423096 0.356689 0.423096 0.405762 0.436279 0.387207 0.436768 0.408203 0.426758 0.356689 0.423096 0.354248 0.414795 0.387207 0.436768 0.39917 0.446533 0.3479 0.428955 0.387207 0.436768 0.3479 0.428955 0.356689 0.423096 0.356689 0.423096 0.3479 0.428955 0.354248 0.414795 0.3479 0.428955 0.354248 0.414795 0.344238 0.420166 0.344238 0.420166 0.3479 0.428955 0.341797 0.428467 0.954346 0.968262 0.943604 0.953125 0.96167 0.949707 0.943604 0.953125 0.954346 0.968262 0.925049 0.964844 0.957031 0.929688 0.964844 0.928955 0.96167 0.949707 0.957031 0.929688 0.96167 0.949707 0.946777 0.937256 0.946777 0.937256 0.96167 0.949707 0.943604 0.953125 0.957031 0.929688 0.946777 0.937256 0.942139 0.91748 0.943604 0.953125 0.925049 0.964844 0.922363 0.951416 0.943604 0.953125 0.922363 0.951416 0.946777 0.937256 0.942139 0.91748 0.946777 0.937256 0.938965 0.931885 0.938965 0.931885 0.946777 0.937256 0.922363 0.951416 0.942139 0.91748 0.938965 0.931885 0.918213 0.937012 0.918213 0.937012 0.938965 0.931885 0.922363 0.951416 0.922363 0.951416 0.925049 0.964844 0.898682 0.970703 0.918213 0.937012 0.922363 0.951416 0.899902 0.932617 0.922363 0.951416 0.898682 0.970703 0.9104 0.951416 0.922363 0.951416 0.9104 0.951416 0.899902 0.932617 0.904053 0.951416 0.898682 0.970703 0.899902 0.932617 0.904053 0.951416 0.898682 0.970703 0.9104 0.951416 0.9104 0.951416 0.904053 0.951416 0.899902 0.932617 0.899414 0.976074 0.895752 0.986328 0.88501 0.977295 0.88501 0.977295 0.895752 0.986328 0.88501 0.992676 0.88501 0.992676 0.895752 0.986328 0.898438 0.993896 0.54248 0.917725 0.524902 0.942383 0.523682 0.93042 0.523682 0.93042 0.524902 0.942383 0.514648 0.927002 0.54248 0.917725 0.523682 0.93042 0.523926 0.921387 0.523926 0.921387 0.523682 0.93042 0.514648 0.927002 0.54248 0.917725 0.523926 0.921387 0.538574 0.908691 0.524902 0.942383 0.514648 0.927002 0.50708 0.922119 0.514648 0.927002 0.50708 0.922119 0.523926 0.921387 0.50708 0.922119 0.523926 0.921387 0.538574 0.908691 0.50708 0.922119 0.538574 0.908691 0.566895 0.884277 0.566895 0.884277 0.50708 0.922119 0.475342 0.900146 0.542969 0.749756 0.598633 0.749756 0.503418 0.755371 0.503418 0.755371 0.598633 0.749756 0.628418 0.755371 0.598633 0.749756 0.542969 0.749756 0.530029 0.748779 0.940186 0.75293 0.931152 0.694336 0.942627 0.735596 0.940186 0.75293 0.942627 0.735596 0.943848 0.782715 0.940186 0.75293 0.943848 0.782715 0.938232 0.789551 0.940186 0.75293 0.938232 0.789551 0.92749 0.78125 0.931152 0.694336 0.940186 0.75293 0.9021 0.730713 0.9021 0.730713 0.940186 0.75293 0.92749 0.78125 0.9021 0.730713 0.92749 0.78125 0.905518 0.742676 0.905518 0.742676 0.92749 0.78125 0.92627 0.781738 0.905518 0.742676 0.92627 0.781738 0.897705 0.738037 0.905518 0.742676 0.897705 0.738037 0.9021 0.730713 0.9021 0.730713 0.897705 0.738037 0.845459 0.721436 0.849854 0.197754 0.864502 0.227051 0.85083 0.317871 0.870117 0.24585 0.869629 0.22998 0.85083 0.317871 0.869629 0.22998 0.85083 0.317871 0.864502 0.227051 0.869629 0.22998 0.864502 0.227051 0.885498 0.220703 0.885498 0.220703 0.864502 0.227051 0.868896 0.196777 0.868896 0.196777 0.864502 0.227051 0.859863 0.197754 0.859863 0.197754 0.864502 0.227051 0.849854 0.197754 0.868896 0.196777 0.859863 0.197754 0.864258 0.176758 0.864258 0.176758 0.859863 0.197754 0.849854 0.197754 0.864258 0.176758 0.849854 0.197754 0.847656 0.181396 0.898438 0.37085 0.928711 0.471924 0.914795 0.512207 0.898438 0.37085 0.914795 0.512207 0.873535 0.383545 0.873535 0.383545 0.914795 0.512207 0.899414 0.516357 0.873535 0.383545 0.899414 0.516357 0.874268 0.397461 0.874268 0.397461 0.899414 0.516357 0.89624 0.51416 0.874268 0.397461 0.89624 0.51416 0.819336 0.472168 0.874268 0.397461 0.819336 0.472168 0.772217 0.406982 0.819336 0.472168 0.89624 0.51416 0.799805 0.548096 0.001465 0.150391 0.008301 0.136475 0 0.167236 0.008301 0.136475 0.001465 0.150391 0.007568 0.135254 0 0.167236 0.008301 0.136475 0.016602 0.137451 0 0.167236 0.016602 0.137451 0.020996 0.161377 0.020996 0.161377 0.016602 0.137451 0.020264 0.136963 0.020264 0.136963 0.016602 0.137451 0.019531 0.134277 0.788086 0.832275 0.832275 0.882324 0.828857 0.882813 0.788086 0.832275 0.828857 0.882813 0.772461 0.821289 0.772461 0.821289 0.828857 0.882813 0.729004 0.88208 0.11792 0.832764 0.120605 0.849121 0.118896 0.849609 0.118896 0.849609 0.120605 0.849121 0.143555 0.873047 0.143555 0.873047 0.120605 0.849121 0.11792 0.832764 0.143555 0.873047 0.11792 0.832764 0.139648 0.844727 0.118896 0.849609 0.143555 0.873047 0.140869 0.928223 0.140869 0.928223 0.143555 0.873047 0.171143 0.89209 0.143555 0.873047 0.171143 0.89209 0.160889 0.870361 0.160889 0.870361 0.171143 0.89209 0.181152 0.876465 0.160889 0.870361 0.143555 0.873047 0.1604 0.864258 0.45752 0.186035 0.435059 0.15625 0.438721 0.153564 0.45752 0.186035 0.438721 0.153564 0.459717 0.18335 0.45752 0.186035 0.459717 0.18335 0.463623 0.193848 0.459717 0.18335 0.438721 0.153564 0.533936 0.156494 0.459717 0.18335 0.533936 0.156494 0.463623 0.193848 0.463623 0.193848 0.533936 0.156494 0.496582 0.233887 0.496582 0.233887 0.533936 0.156494 0.609131 0.155518 0.424805 0.822754 0.415283 0.806152 0.490234 0.748779 0.490234 0.748779 0.415283 0.806152 0.403809 0.795654 0.490234 0.748779 0.403809 0.795654 0.485352 0.736816 0.424805 0.822754 0.490234 0.748779 0.5 0.760986 0.424805 0.822754 0.5 0.760986 0.428711 0.826416 0.428711 0.826416 0.5 0.760986 0.503174 0.763184 0.428711 0.826416 0.503174 0.763184 0.537109 0.829834 0.948486 0.509033 0.948486 0.407959 0.951416 0.445801 0.143066 0.046143 0.147461 0.076416 0.148438 0.06665 0.143066 0.046143 0.147461 0.076416 0.142578 0.13208 0.147461 0.076416 0.142578 0.13208 0.148438 0.126709 0.294434 0.483643 0.296875 0.48584 0.244629 0.544678 0.244629 0.544678 0.296875 0.48584 0.299072 0.487793 0.294434 0.483643 0.244629 0.544678 0.210938 0.566406 0.294434 0.483643 0.210938 0.566406 0.211914 0.45874 0.244629 0.544678 0.299072 0.487793 0.261719 0.601807 0.261719 0.601807 0.299072 0.487793 0.30127 0.489014 0.249268 0.655273 0.247803 0.677246 0.234863 0.671387 0.247803 0.677246 0.249268 0.655273 0.259033 0.681641 0.259033 0.681641 0.247803 0.677246 0.243408 0.687988 0.247803 0.677246 0.243408 0.687988 0.234863 0.671387 0.234863 0.671387 0.243408 0.687988 0.247559 0.72168 0.249268 0.655273 0.234863 0.671387 0.210938 0.668701 0.249268 0.655273 0.210938 0.668701 0.25708 0.606445 0.56543 0.66333 0.577148 0.66748 0.56543 0.694824 0.56543 0.66333 0.56543 0.694824 0.552734 0.678223 0.56543 0.66333 0.552734 0.678223 0.569092 0.65332 0.552734 0.678223 0.56543 0.694824 0.520264 0.688232 0.520264 0.688232 0.56543 0.694824 0.512207 0.712402 0.512207 0.712402 0.56543 0.694824 0.559814 0.711426 0.574463 0.717041 0.530518 0.716064 0.559814 0.711426 0.559814 0.711426 0.530518 0.716064 0.512207 0.712402 0.512207 0.712402 0.530518 0.716064 0.445313 0.717041 0.512207 0.712402 0.445313 0.717041 0.474609 0.706543 0.474609 0.706543 0.445313 0.717041 0.44458 0.668945 0.520264 0.688232 0.512207 0.712402 0.490967 0.69751 0.490967 0.69751 0.512207 0.712402 0.474609 0.706543 0.520264 0.688232 0.490967 0.69751 0.505127 0.681152 0.520264 0.688232 0.505127 0.681152 0.552734 0.678223 0.490967 0.69751 0.474609 0.706543 0.46582 0.677979 0.46582 0.677979 0.474609 0.706543 0.44458 0.668945 0.490967 0.69751 0.46582 0.677979 0.479004 0.675537 0.490967 0.69751 0.479004 0.675537 0.505127 0.681152 0.46582 0.677979 0.44458 0.668945 0.464111 0.651611 0.479004 0.675537 0.46582 0.677979 0.47583 0.645996 0.47583 0.645996 0.46582 0.677979 0.464111 0.651611 0.479004 0.675537 0.47583 0.645996 0.48584 0.645752 0.479004 0.675537 0.48584 0.645752 0.505127 0.681152 0.47583 0.645996 0.464111 0.651611 0.470459 0.624756 0.47583 0.645996 0.470459 0.624756 0.492188 0.617676 0.47583 0.645996 0.492188 0.617676 0.48584 0.645752 0.470459 0.624756 0.464111 0.651611 0.450439 0.650879 0.450439 0.650879 0.464111 0.651611 0.44458 0.668945 0.470459 0.624756 0.450439 0.650879 0.458496 0.625732 0.450439 0.650879 0.44458 0.668945 0.437988 0.643311 0.450439 0.650879 0.437988 0.643311 0.458496 0.625732 0.458496 0.625732 0.437988 0.643311 0.443848 0.61499 0.48584 0.645752 0.492188 0.617676 0.512939 0.617188 0.512939 0.617188 0.492188 0.617676 0.503418 0.596924 0.48584 0.645752 0.512939 0.617188 0.500977 0.647461 0.48584 0.645752 0.500977 0.647461 0.505127 0.681152 0.505127 0.681152 0.500977 0.647461 0.508789 0.656006 0.500977 0.647461 0.512939 0.617188 0.533691 0.637939 0.500977 0.647461 0.533691 0.637939 0.508789 0.656006 0.505127 0.681152 0.508789 0.656006 0.515869 0.666504 0.515869 0.666504 0.508789 0.656006 0.533691 0.637939 0.505127 0.681152 0.515869 0.666504 0.552734 0.678223 0.552734 0.678223 0.515869 0.666504 0.569092 0.65332 0.569092 0.65332 0.515869 0.666504 0.533691 0.637939 0.569092 0.65332 0.533691 0.637939 0.554688 0.628906 0.529541 0.625732 0.533691 0.637939 0.512939 0.617188 0.533691 0.637939 0.529541 0.625732 0.554688 0.628906 0.529541 0.625732 0.512939 0.617188 0.540039 0.607422 0.529541 0.625732 0.540039 0.607422 0.554688 0.628906 0.476074 0.98999 0.478027 0.957764 0.487549 0.987549 0.476074 0.98999 0.487549 0.987549 0.498779 0.999023 0.478027 0.957764 0.476074 0.98999 0.468994 0.977051 0.468994 0.977051 0.476074 0.98999 0.448242 0.999268 0.984619 0.276611 0.923584 0.210693 0.933105 0.174316 0.923584 0.210693 0.984619 0.276611 0.923096 0.277344 0.984619 0.276611 0.933105 0.174316 0.997803 0.173828 0.725586 0.828125 0.714355 0.839355 0.731934 0.83667 0.731934 0.83667 0.725586 0.828125 0.740479 0.821777 0.731934 0.83667 0.740479 0.821777 0.746826 0.835693 0.746826 0.835693 0.740479 0.821777 0.758789 0.822266 0.731934 0.83667 0.746826 0.835693 0.736572 0.848877 0.731934 0.83667 0.736572 0.848877 0.725098 0.848877 0.731934 0.83667 0.725098 0.848877 0.714355 0.839355 0.725098 0.848877 0.736572 0.848877 0.735107 0.861572 0.725098 0.848877 0.735107 0.861572 0.719727 0.866211 0.725098 0.848877 0.719727 0.866211 0.713135 0.850098 0.725098 0.848877 0.713135 0.850098 0.714355 0.839355 0.714355 0.839355 0.713135 0.850098 0.675049 0.840332 0.155029 0.1875 0.152832 0.10376 0.1604 0.167236 0.1604 0.167236 0.152832 0.10376 0.161377 0.107178 0.002197 0.94873 0.021729 0.936768 0.011963 0.9646 0.021729 0.936768 0.002197 0.94873 0.000488 0.944336 0.021729 0.936768 0.000488 0.944336 0.00415 0.923828 0.021729 0.936768 0.00415 0.923828 0.041748 0.919434 0.011963 0.9646 0.021729 0.936768 0.029541 0.943115 0.029541 0.943115 0.021729 0.936768 0.041748 0.919434 0.011963 0.9646 0.029541 0.943115 0.03833 0.964355 0.03833 0.964355 0.029541 0.943115 0.041748 0.919434 0.966309 0.718506 0.967285 0.720215 0.959717 0.7229 0.959717 0.7229 0.966309 0.718506 0.957275 0.718018 0.966309 0.718506 0.957275 0.718018 0.950195 0.625488 0.966309 0.718506 0.950195 0.625488 0.961426 0.651855 0.966309 0.718506 0.961426 0.651855 0.969482 0.670166 0.969482 0.670166 0.961426 0.651855 0.979736 0.623535 0.966309 0.718506 0.969482 0.670166 0.971436 0.717773 0.002441 0.970947 0.039551 0.969238 0.02124 0.97998 0.02124 0.97998 0.039551 0.969238 0.028076 0.999756 0.002441 0.970947 0.02124 0.97998 0.013184 0.997803 0.013184 0.997803 0.02124 0.97998 0.028076 0.999756 0.601074 0.456543 0.591064 0.490479 0.572998 0.469727 0.591064 0.490479 0.601074 0.456543 0.60498 0.501465 0.591064 0.490479 0.60498 0.501465 0.593994 0.513916 0.593994 0.513916 0.60498 0.501465 0.68335 0.525391 0.68335 0.525391 0.60498 0.501465 0.601074 0.456543 0.68335 0.525391 0.601074 0.456543 0.693604 0.529053 0.693604 0.529053 0.601074 0.456543 0.686279 0.433105 0.686279 0.433105 0.601074 0.456543 0.614502 0.411377 0.686279 0.433105 0.614502 0.411377 0.689209 0.347412 0.614502 0.411377 0.601074 0.456543 0.56543 0.445801 0.403076 0.50708 0.404053 0.476563 0.41626 0.476074 0.403076 0.50708 0.41626 0.476074 0.43335 0.508789 0.43335 0.508789 0.41626 0.476074 0.457031 0.508057 0.404053 0.476563 0.403076 0.50708 0.374268 0.482666 0.374268 0.482666 0.403076 0.50708 0.377441 0.52832 0.404053 0.476563 0.374268 0.482666 0.376465 0.465088 0.376465 0.465088 0.374268 0.482666 0.34668 0.470215 0.376465 0.465088 0.34668 0.470215 0.342529 0.433594 0.457031 0.508057 0.41626 0.476074 0.535156 0.498535 0.457031 0.508057 0.535156 0.498535 0.494385 0.52002 0.457031 0.508057 0.494385 0.52002 0.501221 0.529053 0.396729 0.688965 0.396729 0.660889 0.41333 0.665771 0.396729 0.688965 0.41333 0.665771 0.402344 0.685791 0.396729 0.688965 0.402344 0.685791 0.396729 0.690186 0.396729 0.690186 0.402344 0.685791 0.44043 0.709961 0.396729 0.660889 0.396729 0.688965 0.355469 0.693359 0.306396 0.705811 0.301514 0.696045 0.355469 0.693359 0.355469 0.693359 0.301514 0.696045 0.351807 0.680176 0.355469 0.693359 0.351807 0.680176 0.396729 0.660889 0.351807 0.680176 0.301514 0.696045 0.323486 0.685303 0.396729 0.660889 0.351807 0.680176 0.380371 0.656982 0.396729 0.660889 0.380371 0.656982 0.388916 0.654785 0.351807 0.680176 0.380371 0.656982 0.378906 0.657227 0.378906 0.657227 0.351807 0.680176 0.323486 0.685303 0.378906 0.657227 0.323486 0.685303 0.336426 0.664307 0.378906 0.657227 0.336426 0.664307 0.318604 0.655762 0.322021 0.667969 0.323486 0.685303 0.318604 0.655762 0.323486 0.685303 0.322021 0.667969 0.336426 0.664307 0.318604 0.655762 0.322021 0.667969 0.323486 0.662842 0.322021 0.667969 0.323486 0.662842 0.336426 0.664307 0.336426 0.664307 0.323486 0.662842 0.318604 0.655762 0.001221 0.328125 0.000488 0.309814 0.00708 0.32251 0.00708 0.32251 0.000488 0.309814 0.011963 0.292725 0.001221 0.328125 0.00708 0.32251 0.017334 0.327637 0.00708 0.32251 0.011963 0.292725 0.019775 0.312012 0.00708 0.32251 0.019775 0.312012 0.017334 0.327637 0.058594 0.991455 0.04541 0.989746 0.050293 0.982666 0.04541 0.989746 0.058594 0.991455 0.044434 0.991699 0.050293 0.982666 0.04541 0.989746 0.045898 0.932861 0.058594 0.991455 0.050293 0.982666 0.091064 0.980225 0.091064 0.980225 0.050293 0.982666 0.045898 0.932861 0.039795 0.574219 0.031982 0.589355 0.027588 0.581055 0.027588 0.581055 0.031982 0.589355 0.026367 0.609619 0.031982 0.589355 0.039795 0.574219 0.038574 0.586914 0.026367 0.609619 0.031982 0.589355 0.032227 0.624756 0.032227 0.624756 0.031982 0.589355 0.038574 0.586914 0.032227 0.624756 0.038574 0.586914 0.03833 0.624512 0.03833 0.52832 0.039795 0.517578 0.029541 0.532715 0.029541 0.532715 0.03833 0.52832 0.031982 0.566895 0.031982 0.566895 0.03833 0.52832 0.037842 0.557617 0.031982 0.566895 0.037842 0.557617 0.032959 0.570313 0.389404 1 0.364258 0.965332 0.387207 0.961426 0.389404 1 0.387207 0.961426 0.407471 1 0.407471 1 0.387207 0.961426 0.405273 0.955078 0.364258 0.965332 0.389404 1 0.36792 0.999512 0.364258 0.965332 0.36792 0.999512 0.360107 0.993408 0.364258 0.965332 0.360107 0.993408 0.354736 0.990967 0.642578 0.044922 0.651367 0.049561 0.623535 0.057129 0.651367 0.049561 0.642578 0.044922 0.648926 0.016846 0.648926 0.016846 0.642578 0.044922 0.629883 0.026611 0.629883 0.026611 0.642578 0.044922 0.623535 0.057129 0.648926 0.016846 0.629883 0.026611 0.614014 0.017822 0.629883 0.026611 0.623535 0.057129 0.619385 0.031982 0.629883 0.026611 0.619385 0.031982 0.614014 0.017822 0.619385 0.031982 0.623535 0.057129 0.606934 0.05542 0.619385 0.031982 0.606934 0.05542 0.614014 0.017822 0.971436 0.074707 0.981934 0.129639 0.971436 0.169189 0.971436 0.074707 0.971436 0.169189 0.968994 0.132568 0.833008 0.030762 0.828613 0.033936 0.815674 0.021484 0.815674 0.021484 0.828613 0.033936 0.821045 0.033447 0.815674 0.021484 0.821045 0.033447 0.803711 0.032959 0.815674 0.021484 0.803711 0.032959 0.808838 0.017578 0.815674 0.021484 0.808838 0.017578 0.813477 0.002686 0.714355 0.025635 0.714355 0.01001 0.723389 0.015381 0.63623 0.634277 0.639893 0.568115 0.649902 0.599854 0.639893 0.568115 0.63623 0.634277 0.63623 0.555664 0.63623 0.555664 0.63623 0.634277 0.628906 0.662598 0.63623 0.555664 0.628906 0.662598 0.61792 0.588623 0.63623 0.634277 0.649902 0.599854 0.700928 0.641113 0.700928 0.641113 0.649902 0.599854 0.712646 0.621338 0.700928 0.641113 0.712646 0.621338 0.733154 0.616943 0.700928 0.641113 0.733154 0.616943 0.757813 0.664551 0.000244 0.607666 0.000977 0.566162 0.007813 0.576904 0.007813 0.576904 0.000244 0.607666 0.008789 0.597656 0 0.552246 0.018311 0.546875 0.013672 0.553955 0.013672 0.553955 0.018311 0.546875 0.020752 0.575928 0 0.552246 0.013672 0.553955 0.006592 0.561279 0.006592 0.561279 0.013672 0.553955 0.020752 0.575928 0.020752 0.575928 0.006592 0.561279 0.021973 0.587402 0.040039 0.793213 0.033203 0.787842 0.039063 0.761963 0.033203 0.787842 0.040039 0.793213 0.038818 0.808838 0.015625 0.871826 0.021973 0.84668 0.019775 0.890869 0.015625 0.871826 0.021973 0.84668 0.013184 0.856445 0.025146 0.010254 0.022461 0.033447 0.031006 0.020508 0.031006 0.020508 0.025146 0.010254 0.042725 0.019287 0.956543 0.856445 0.975342 0.91626 0.916016 0.90918 0.975342 0.91626 0.956543 0.856445 0.965576 0.875 0.975342 0.91626 0.965576 0.875 0.969482 0.88208 0.965576 0.875 0.956543 0.856445 0.96582 0.857178 0.965576 0.875 0.96582 0.857178 0.969482 0.88208 0.96582 0.857178 0.956543 0.856445 0.996582 0.851807 0.96582 0.857178 0.996582 0.851807 0.991455 0.856201 0.969482 0.88208 0.96582 0.857178 0.969482 0.858398 0.969482 0.858398 0.96582 0.857178 0.991455 0.856201 0.969482 0.88208 0.969482 0.858398 0.975342 0.91626 0.975342 0.91626 0.969482 0.858398 0.991455 0.856201 0.975342 0.91626 0.991455 0.856201 0.997803 0.916016 0.081787 0.392334 0.083252 0.361084 0.092041 0.388428 0.083252 0.361084 0.081787 0.392334 0.075684 0.36499 0.092041 0.388428 0.083252 0.361084 0.085693 0.352051 0.083252 0.361084 0.085693 0.352051 0.075684 0.36499 0.085693 0.352051 0.075684 0.36499 0.080811 0.334717 0.085693 0.352051 0.080811 0.334717 0.088623 0.321533 0.139404 0.622314 0.144531 0.620361 0.117432 0.615723 0.117432 0.615723 0.139404 0.622314 0.106201 0.625244 0.144531 0.620361 0.117432 0.615723 0.120605 0.611084 0.117432 0.615723 0.106201 0.625244 0.078369 0.615234 0.120605 0.611084 0.117432 0.615723 0.093506 0.603027 0.093506 0.603027 0.117432 0.615723 0.078369 0.615234 0.963623 0.328369 0.948975 0.384766 0.953369 0.327637 0.948975 0.384766 0.963623 0.328369 0.967041 0.331055 0.963623 0.328369 0.953369 0.327637 0.960693 0.297852 0.963623 0.328369 0.960693 0.297852 0.985596 0.315918 0.960693 0.297852 0.953369 0.327637 0.948242 0.2854 0.985596 0.315918 0.960693 0.297852 0.967285 0.291016 0.967285 0.291016 0.960693 0.297852 0.948242 0.2854 0.985596 0.315918 0.967285 0.291016 0.970459 0.281738 0.970459 0.281738 0.967285 0.291016 0.948242 0.2854 0.851563 0.962646 0.80957 0.93335 0.846436 0.880127 0.851563 0.962646 0.846436 0.880127 0.873047 0.912842 0.851563 0.962646 0.873047 0.912842 0.883301 0.920898 0.851563 0.962646 0.883301 0.920898 0.902588 0.922363 0.749023 0.429199 0.76709 0.547119 0.71582 0.533203 0.749023 0.429199 0.71582 0.533203 0.710938 0.532715 0.749023 0.429199 0.710938 0.532715 0.707031 0.527832 0.707031 0.527832 0.710938 0.532715 0.680664 0.547607 0.680664 0.547607 0.710938 0.532715 0.708496 0.540527 0.707031 0.527832 0.680664 0.547607 0.667725 0.553711 0.667725 0.553711 0.680664 0.547607 0.649902 0.566406 0.680664 0.547607 0.708496 0.540527 0.710205 0.542725 0.680664 0.547607 0.710205 0.542725 0.697266 0.551025 0.115967 0.035889 0.114502 0.044922 0.074219 0.0354 0.115967 0.035889 0.074219 0.0354 0.084229 0.026855 0.115967 0.035889 0.084229 0.026855 0.11792 0.022461 0.084229 0.026855 0.074219 0.0354 0.080811 0.023438 0.080811 0.023438 0.074219 0.0354 0.07373 0.020508 0.080811 0.023438 0.07373 0.020508 0.08252 0.006592 0.084229 0.026855 0.080811 0.023438 0.086182 0.01709 0.084229 0.026855 0.086182 0.01709 0.11792 0.022461 0.086182 0.01709 0.080811 0.023438 0.08252 0.006592 0.11792 0.022461 0.086182 0.01709 0.11792 0.004883 0.11792 0.004883 0.086182 0.01709 0.08252 0.006592 0.056396 0.619629 0.101563 0.662109 0.050537 0.68457 0.101563 0.662109 0.056396 0.619629 0.099365 0.643799 0.101563 0.662109 0.099365 0.643799 0.104004 0.656006 0.101563 0.662109 0.104004 0.656006 0.106934 0.666748 0.541504 0.759766 0.641357 0.759766 0.585449 0.812988 0.792969 0.116211 0.841309 0.123291 0.83667 0.193604 0.841309 0.123291 0.792969 0.116211 0.827393 0.03833 0.827393 0.03833 0.792969 0.116211 0.790771 0.040039 0.790771 0.040039 0.792969 0.116211 0.788574 0.114258 0.790771 0.040039 0.788574 0.114258 0.786621 0.041992 0.786621 0.041992 0.788574 0.114258 0.78418 0.113525 0.786621 0.041992 0.78418 0.113525 0.780518 0.042236 0.780518 0.042236 0.78418 0.113525 0.779053 0.113037 0.779053 0.113037 0.78418 0.113525 0.77417 0.115234 0.780518 0.042236 0.779053 0.113037 0.772461 0.041748 0.772461 0.041748 0.779053 0.113037 0.77417 0.115234 0.772461 0.041748 0.77417 0.115234 0.750488 0.077393 0.772461 0.041748 0.750488 0.077393 0.743164 0.042236 0.750488 0.077393 0.77417 0.115234 0.740234 0.112305 0.750488 0.077393 0.740234 0.112305 0.743164 0.042236 0.945557 0.043457 0.955322 0.044434 0.945313 0.04834 0.945557 0.043457 0.945313 0.04834 0.897461 0.111572 0.897461 0.111572 0.945313 0.04834 0.896729 0.128662 0.896729 0.128662 0.945313 0.04834 0.952148 0.098145 0.952148 0.098145 0.945313 0.04834 0.955322 0.044434 0.952148 0.098145 0.955322 0.044434 0.959717 0.062744 0.952148 0.098145 0.959717 0.062744 0.964844 0.149902 0.838379 0.749756 0.850098 0.740723 0.880371 0.750977 0.850098 0.740723 0.838379 0.749756 0.817627 0.726318 0.817627 0.726318 0.838379 0.749756 0.812988 0.743408 0.853271 0.730469 0.850098 0.740723 0.842529 0.730225 0.842529 0.730225 0.850098 0.740723 0.817627 0.726318 0.842529 0.730225 0.817627 0.726318 0.82373 0.690674 0.817627 0.726318 0.82373 0.690674 0.81958 0.696045 0.812988 0.743408 0.817627 0.726318 0.806396 0.73584 0.806396 0.73584 0.812988 0.743408 0.793457 0.746582 0.81958 0.696045 0.817627 0.726318 0.807373 0.7146 0.807373 0.7146 0.817627 0.726318 0.806396 0.73584 0.81958 0.696045 0.807373 0.7146 0.803467 0.686035 0.806396 0.73584 0.793457 0.746582 0.789063 0.728271 0.806396 0.73584 0.789063 0.728271 0.807373 0.7146 0.789063 0.728271 0.793457 0.746582 0.765625 0.738525 0.765625 0.738525 0.793457 0.746582 0.761475 0.752441 0.789063 0.728271 0.765625 0.738525 0.768555 0.716797 0.807373 0.7146 0.789063 0.728271 0.788086 0.708496 0.807373 0.7146 0.788086 0.708496 0.803467 0.686035 0.788086 0.708496 0.789063 0.728271 0.768555 0.716797 0.803467 0.686035 0.788086 0.708496 0.79248 0.677002 0.788086 0.708496 0.768555 0.716797 0.768311 0.685547 0.788086 0.708496 0.768311 0.685547 0.79248 0.677002 0.050537 0.552246 0.052734 0.492188 0.054932 0.5271 0.050537 0.552246 0.054932 0.5271 0.05127 0.55127 0.05127 0.55127 0.054932 0.5271 0.060791 0.543701 0.129639 0.139648 0.137451 0.13623 0.136719 0.211914 0.136719 0.211914 0.137451 0.13623 0.141602 0.13623 0.983154 0.102295 0.998047 0.080811 0.997803 0.169189 0.132324 0.581055 0.161377 0.531494 0.140625 0.586182 0.132324 0.581055 0.140625 0.586182 0.118896 0.587646 0.140625 0.586182 0.118896 0.587646 0.11377 0.592041 0.11377 0.592041 0.140625 0.586182 0.124023 0.597168 0.124023 0.597168 0.140625 0.586182 0.142578 0.590332 0.124023 0.597168 0.142578 0.590332 0.143066 0.609131 0.143066 0.609131 0.124023 0.597168 0.154785 0.618896 0.143066 0.609131 0.154785 0.618896 0.153809 0.614746 0.121826 0.713623 0.089844 0.710449 0.108154 0.695801 0.108154 0.695801 0.089844 0.710449 0.084229 0.685303 0.084229 0.685303 0.089844 0.710449 0.065918 0.709717 0.065918 0.709717 0.089844 0.710449 0.075928 0.730469 0.089844 0.710449 0.121826 0.713623 0.096436 0.725342 0.089844 0.710449 0.096436 0.725342 0.075928 0.730469 0.096436 0.725342 0.121826 0.713623 0.124023 0.730713 0.075928 0.730469 0.096436 0.725342 0.095703 0.739746 0.095703 0.739746 0.096436 0.725342 0.124023 0.730713 0.075928 0.730469 0.095703 0.739746 0.065674 0.744873 0.095703 0.739746 0.124023 0.730713 0.110596 0.750244 0.065674 0.744873 0.095703 0.739746 0.080078 0.76123 0.080078 0.76123 0.095703 0.739746 0.110596 0.750244 0.331055 0.353027 0.334473 0.318359 0.335693 0.319092 0.334473 0.318359 0.331055 0.353027 0.322266 0.418945 0.335693 0.319092 0.334473 0.318359 0.350342 0.313965 0.350342 0.313965 0.334473 0.318359 0.320313 0.223145 0.179199 0.342285 0.181885 0.231201 0.191406 0.295898 0.191406 0.295898 0.181885 0.231201 0.191406 0.257324 0.100098 0.483887 0.110352 0.484863 0.0979 0.517578 0.0979 0.517578 0.110352 0.484863 0.108154 0.532471 0.0979 0.517578 0.108154 0.532471 0.094482 0.525635 0.0979 0.517578 0.094482 0.525635 0.06665 0.522705 0.094482 0.525635 0.108154 0.532471 0.111084 0.54834 0.06665 0.522705 0.094482 0.525635 0.075195 0.532227 0.094482 0.525635 0.111084 0.54834 0.092529 0.534668 0.094482 0.525635 0.092529 0.534668 0.075195 0.532227 0.44458 0.929199 0.364746 0.929199 0.441406 0.926758 0.175537 0.778076 0.18457 0.8396 0.178955 0.812012 0.178955 0.812012 0.18457 0.8396 0.167236 0.866455 0.178955 0.812012 0.167236 0.866455 0.16626 0.862061 0.178955 0.812012 0.16626 0.862061 0.173096 0.799561 0.18457 0.8396 0.175537 0.778076 0.195068 0.839355 0.195068 0.839355 0.175537 0.778076 0.195801 0.837646 0.195068 0.839355 0.18457 0.8396 0.194092 0.841309 0.194092 0.841309 0.195068 0.839355 0.251465 0.862305 0.780762 0.997803 0.767334 0.973877 0.7854 0.979004 0.7854 0.979004 0.767334 0.973877 0.777588 0.965576 0.7854 0.979004 0.777588 0.965576 0.787598 0.951172 0.7854 0.979004 0.787598 0.951172 0.806152 0.95752 0.780762 0.997803 0.7854 0.979004 0.800781 0.995361 0.7854 0.979004 0.806152 0.95752 0.809814 0.969727 0.7854 0.979004 0.809814 0.969727 0.800781 0.995361 0.800781 0.995361 0.809814 0.969727 0.831055 0.992432 0.627441 0.826904 0.62085 0.813721 0.641846 0.818359 0.627441 0.826904 0.641846 0.818359 0.628418 0.837891 0.641846 0.818359 0.62085 0.813721 0.636963 0.804199 0.628418 0.837891 0.641846 0.818359 0.643066 0.842285 0.643066 0.842285 0.641846 0.818359 0.650635 0.814941 0.650635 0.814941 0.641846 0.818359 0.636963 0.804199 0.643066 0.842285 0.650635 0.814941 0.654053 0.838379 0.654053 0.838379 0.650635 0.814941 0.659912 0.813477 0.650635 0.814941 0.636963 0.804199 0.646973 0.795166 0.646973 0.795166 0.636963 0.804199 0.632813 0.796631 0.650635 0.814941 0.646973 0.795166 0.659912 0.813477 0.654053 0.838379 0.659912 0.813477 0.670898 0.834961 0.659912 0.813477 0.646973 0.795166 0.661133 0.802002 0.661133 0.802002 0.646973 0.795166 0.632813 0.7771 0.661133 0.802002 0.632813 0.7771 0.657959 0.790283 0.657959 0.790283 0.632813 0.7771 0.664551 0.782715 0.661133 0.802002 0.657959 0.790283 0.66333 0.799561 0.659912 0.813477 0.661133 0.802002 0.665771 0.805664 0.670898 0.834961 0.659912 0.813477 0.680664 0.816162 0.659912 0.813477 0.680664 0.816162 0.665771 0.805664 0.665771 0.805664 0.680664 0.816162 0.680176 0.807861 0.670898 0.834961 0.680664 0.816162 0.685303 0.831299 0.685303 0.831299 0.680664 0.816162 0.696045 0.820801 0.696045 0.820801 0.680664 0.816162 0.699463 0.809814 0.685303 0.831299 0.696045 0.820801 0.712158 0.831787 0.696045 0.820801 0.699463 0.809814 0.710449 0.806885 0.712158 0.831787 0.696045 0.820801 0.71582 0.82373 0.71582 0.82373 0.696045 0.820801 0.710449 0.806885 0.900635 0.557373 0.891602 0.544189 0.899658 0.539795 0.900635 0.557373 0.899658 0.539795 0.910889 0.537109 0.910889 0.537109 0.899658 0.539795 0.917969 0.520264 0.900635 0.557373 0.910889 0.537109 0.909668 0.563721 0.900635 0.557373 0.909668 0.563721 0.883057 0.576416 0.909668 0.563721 0.910889 0.537109 0.914307 0.552734 0.914307 0.552734 0.910889 0.537109 0.92334 0.530273 0.92334 0.530273 0.910889 0.537109 0.917969 0.520264 0.917969 0.520264 0.92334 0.530273 0.928711 0.505127 0.883057 0.576416 0.909668 0.563721 0.915527 0.581299 0.883057 0.576416 0.915527 0.581299 0.89917 0.591553 0.89917 0.591553 0.915527 0.581299 0.92041 0.5896 0.883057 0.576416 0.89917 0.591553 0.879395 0.590576 0.89917 0.591553 0.92041 0.5896 0.922607 0.607178 0.879395 0.590576 0.89917 0.591553 0.896973 0.602783 0.896973 0.602783 0.89917 0.591553 0.922607 0.607178 0.879395 0.590576 0.896973 0.602783 0.879639 0.613037 0.879395 0.590576 0.879639 0.613037 0.869629 0.599609 0.896973 0.602783 0.922607 0.607178 0.900146 0.619873 0.896973 0.602783 0.900146 0.619873 0.879639 0.613037 0.900146 0.619873 0.922607 0.607178 0.928711 0.625732 0.879639 0.613037 0.900146 0.619873 0.884277 0.639893 0.900146 0.619873 0.928711 0.625732 0.9104 0.635254 0.900146 0.619873 0.9104 0.635254 0.884277 0.639893 0.9104 0.635254 0.928711 0.625732 0.901855 0.647217 0.9104 0.635254 0.901855 0.647217 0.884277 0.639893 0.075684 0.058105 0.061279 0.077881 0.068604 0.057129 0.075684 0.058105 0.068604 0.057129 0.078613 0.043457 0.075684 0.058105 0.078613 0.043457 0.090332 0.049805 0.075684 0.058105 0.090332 0.049805 0.087402 0.061035 0.061279 0.077881 0.075684 0.058105 0.071533 0.079834 0.071533 0.079834 0.075684 0.058105 0.087402 0.061035 0.071533 0.079834 0.061279 0.077881 0.065918 0.102295 0.071533 0.079834 0.087402 0.061035 0.082031 0.084961 0.082031 0.084961 0.071533 0.079834 0.065918 0.102295 0.208008 0.007324 0.241455 0.005615 0.20874 0.010498 0.20874 0.010498 0.241455 0.005615 0.238281 0.018555 0.20874 0.010498 0.238281 0.018555 0.209473 0.026123 0.238281 0.018555 0.241455 0.005615 0.246582 0.021729 0.209473 0.026123 0.238281 0.018555 0.23999 0.032227 0.23999 0.032227 0.238281 0.018555 0.246582 0.021729 0.209473 0.026123 0.23999 0.032227 0.208252 0.037109 0.23999 0.032227 0.246582 0.021729 0.250732 0.035889 0.018799 0.79834 0.018799 0.842041 0.01123 0.799805 0.021973 0.413086 0.021973 0.451416 0.00708 0.416504 0.738037 0.038086 0.730469 0.042969 0.718018 0.032471 0.718018 0.032471 0.730469 0.042969 0.724609 0.051025 0.738037 0.038086 0.718018 0.032471 0.726074 0.023438 0.730469 0.042969 0.724609 0.051025 0.735596 0.058105 0.735596 0.058105 0.730469 0.042969 0.738037 0.038086 0.735596 0.058105 0.724609 0.051025 0.720947 0.058838 0.738037 0.038086 0.726074 0.023438 0.741455 0.030518 0.741455 0.030518 0.738037 0.038086 0.754883 0.032471 0.726074 0.023438 0.741455 0.030518 0.740723 0.022217 0.001953 0.130859 0.021973 0.127441 0.018311 0.124268 0.021973 0.127441 0.018311 0.124268 0.020752 0.106934 0.933594 0.027832 0.915039 0.027832 0.928223 0.018066 0.333008 0.48584 0.330322 0.491455 0.316895 0.489014 0.333008 0.48584 0.316895 0.489014 0.30127 0.350586 0.316895 0.489014 0.330322 0.491455 0.308594 0.50293 0.316895 0.489014 0.308594 0.50293 0.302734 0.510986 0.308594 0.50293 0.330322 0.491455 0.369385 0.525879 0.591309 0.082275 0.576416 0.086182 0.584717 0.078125 0.584717 0.078125 0.576416 0.086182 0.584717 0.060791 0.576416 0.086182 0.591309 0.082275 0.600098 0.093506 0.584717 0.078125 0.584717 0.060791 0.600586 0.064941 0.584717 0.078125 0.600586 0.064941 0.591309 0.082275 0.600586 0.064941 0.584717 0.060791 0.596436 0.056396 0.600098 0.093506 0.591309 0.082275 0.603027 0.079346 0.603027 0.079346 0.591309 0.082275 0.600586 0.064941 0.600098 0.093506 0.603027 0.079346 0.626221 0.076904 0.626221 0.076904 0.603027 0.079346 0.628174 0.074463 0.628174 0.074463 0.603027 0.079346 0.600586 0.064941 0.628174 0.074463 0.600586 0.064941 0.614746 0.061523 0.628174 0.074463 0.614746 0.061523 0.737793 0.064209 0.013184 0.750244 0.014404 0.751221 0.003662 0.769287 0.013184 0.750244 0.003662 0.769287 0.003662 0.75 0.003662 0.75 0.003662 0.769287 0.001953 0.755127 0.013184 0.750244 0.003662 0.75 0.011719 0.726807 0.013184 0.750244 0.011719 0.726807 0.015869 0.747314 0.174561 0.627441 0.165771 0.626465 0.174316 0.546631 0.174316 0.546631 0.165771 0.626465 0.161865 0.62793 0.134521 0.748291 0.123535 0.79248 0.132568 0.707275 0.123535 0.79248 0.134521 0.748291 0.126465 0.791748 0.126465 0.791748 0.123535 0.79248 0.129883 0.796387 0.123535 0.79248 0.129883 0.796387 0.131104 0.807861 0.126465 0.791748 0.134521 0.748291 0.133545 0.791992 0.126465 0.791748 0.133545 0.791992 0.129883 0.796387 0.133545 0.791992 0.134521 0.748291 0.154785 0.773682 0.129883 0.796387 0.133545 0.791992 0.195557 0.759766 0.195557 0.759766 0.133545 0.791992 0.154785 0.773682 0.091553 0.904785 0.081787 0.913086 0.103027 0.865967 0.103027 0.865967 0.081787 0.913086 0.072754 0.888428 0.103027 0.865967 0.072754 0.888428 0.096436 0.852783 0.096436 0.852783 0.072754 0.888428 0.071777 0.885986 0.867676 0.032227 0.949707 0.032227 0.867676 0.063965 0.934326 0.648193 0.943604 0.595215 0.941406 0.709961 0.192871 0.484863 0.206787 0.551025 0.186768 0.483887 0.206787 0.551025 0.192871 0.484863 0.197021 0.47876 0.206787 0.551025 0.197021 0.47876 0.205322 0.450928 0.205322 0.450928 0.197021 0.47876 0.198975 0.45166 0.205322 0.450928 0.198975 0.45166 0.199463 0.450195 0.205322 0.450928 0.199463 0.450195 0.206055 0.438721 0.191162 0.806885 0.267822 0.750732 0.264893 0.820068 0.195801 0.234863 0.189453 0.180176 0.202637 0.173828 0.189453 0.180176 0.195801 0.234863 0.188965 0.187012 0.195801 0.234863 0.188965 0.187012 0.198975 0.28125 0.111816 0.886963 0.100342 0.903809 0.111328 0.858154 0.100342 0.903809 0.111816 0.886963 0.134521 0.927979 0.134521 0.927979 0.111816 0.886963 0.111328 0.858154 0.997803 0.00293 0.995117 0.03418 0.958252 0.03125 0.997803 0.00293 0.958252 0.03125 0.959229 0.002686 0.958252 0.03125 0.995117 0.03418 0.95752 0.033936 0.95752 0.033936 0.995117 0.03418 0.984619 0.038818 0.95752 0.033936 0.984619 0.038818 0.954102 0.036133 0.954102 0.036133 0.984619 0.038818 0.959229 0.040039 0.162842 0.70166 0.139648 0.671143 0.175537 0.69458 0.175537 0.69458 0.139648 0.671143 0.127686 0.635498 0.175537 0.69458 0.127686 0.635498 0.133789 0.629395 0.175537 0.69458 0.133789 0.629395 0.156006 0.626709 0.31958 0.789307 0.276367 0.780762 0.272217 0.771484 0.31958 0.789307 0.272217 0.771484 0.29248 0.71167 0.31958 0.789307 0.29248 0.71167 0.36377 0.789795 0.36377 0.789795 0.29248 0.71167 0.375244 0.708496 0.36377 0.789795 0.375244 0.708496 0.390625 0.725098 0.002686 0.868408 0.00708 0.84082 0.012695 0.8396 0.012695 0.8396 0.00708 0.84082 0.000244 0.824707 0.000244 0.824707 0.00708 0.84082 0.002686 0.868408 0.152588 0.950195 0.090332 0.970703 0.096191 0.909424 0.178711 0.64502 0.178711 0.550781 0.180664 0.643555 0.195313 0.660645 0.258545 0.748535 0.202148 0.789795 0.992432 0.253418 0.994385 0.25415 0.997803 0.356201 0.148682 0.166504 0.151611 0.219482 0.142578 0.200928 0.148682 0.166504 0.142578 0.200928 0.146973 0.136475 0.150879 0.581055 0.151367 0.577148 0.158936 0.583496 0.158936 0.583496 0.151367 0.577148 0.178467 0.505127 0.3125 0.929199 0.324951 0.923828 0.268555 0.920654 0.3125 0.929199 0.268555 0.920654 0.243408 0.928223 0.229492 0.039795 0.172607 0.055908 0.2146 0.041748 0.172607 0.055908 0.2146 0.041748 0.143066 0.039551 0.172607 0.055908 0.229492 0.039795 0.17334 0.064209 0.172607 0.055908 0.17334 0.064209 0.156006 0.099365 0.208984 0.425537 0.182373 0.390869 0.207275 0.408691 0.208984 0.425537 0.207275 0.408691 0.210693 0.426758 0.208984 0.425537 0.210693 0.426758 0.178711 0.450684 0.210693 0.426758 0.207275 0.408691 0.219971 0.422119 0.210693 0.426758 0.219971 0.422119 0.210693 0.432373 0.219971 0.422119 0.207275 0.408691 0.2229 0.39624 0.210693 0.432373 0.219971 0.422119 0.220703 0.432617 0.219971 0.422119 0.2229 0.39624 0.230957 0.426758 0.230957 0.426758 0.2229 0.39624 0.234863 0.336426 0.220703 0.432617 0.219971 0.422119 0.22998 0.428711 0.22998 0.428711 0.219971 0.422119 0.230957 0.426758 0.220703 0.432617 0.22998 0.428711 0.242676 0.442871 0.22998 0.428711 0.230957 0.426758 0.26001 0.451172 0.12793 0.026611 0.136963 0.000977 0.135498 0.021973 0.135498 0.021973 0.12793 0.026611 0.15625 0.034912 0.10376 0.973877 0.144043 0.959961 0.13208 0.972656 0.10376 0.973877 0.13208 0.972656 0.110107 0.984863 0.110107 0.984863 0.13208 0.972656 0.133057 0.992188 0.10376 0.973877 0.110107 0.984863 0.102783 0.99292 0.102783 0.99292 0.110107 0.984863 0.133057 0.992188 0.833984 0.799561 0.841309 0.756104 0.896484 0.756836 0.833984 0.799561 0.896484 0.756836 0.93335 0.801758 0.833984 0.799561 0.93335 0.801758 0.855713 0.810791 0.182373 0.981201 0.218506 0.981201 0.193115 0.984863 0.193115 0.984863 0.218506 0.981201 0.230469 0.984863 0.182373 0.981201 0.193115 0.984863 0.169922 0.984375 0.475586 0.945557 0.508545 0.933838 0.502197 0.944092 0.475586 0.945557 0.502197 0.944092 0.470947 0.95166 0.470947 0.95166 0.502197 0.944092 0.527832 0.954346 0.527832 0.954346 0.470947 0.95166 0.458252 0.953369 0.470947 0.95166 0.458252 0.953369 0.464355 0.94751 0.284424 0.007813 0.289307 0.018555 0.306885 0.027344 0.284424 0.007813 0.289307 0.018555 0.284668 0.041992 0.659424 0.058105 0.656006 0.04541 0.659424 0.038086 0.142578 0.443115 0.142578 0.360596 0.145508 0.363525 0.29248 0.187988 0.297119 0.175781 0.289307 0.313721 0.785645 0.010742 0.797119 0.030518 0.780762 0.036865 0.785645 0.010742 0.780762 0.036865 0.759766 0.004883 0.759766 0.004883 0.780762 0.036865 0.759277 0.036377 0.126709 0.489014 0.130371 0.526855 0.118896 0.5271 0.126709 0.489014 0.118896 0.5271 0.116455 0.451172 0.130371 0.526855 0.126709 0.489014 0.140381 0.517578 0.16626 0.509521 0.140381 0.517578 0.165771 0.502686 0.165771 0.502686 0.140381 0.517578 0.126709 0.489014 0.126709 0.489014 0.116455 0.451172 0.132324 0.459717 0.165771 0.502686 0.126709 0.489014 0.163818 0.460693 0.165771 0.502686 0.163818 0.460693 0.170654 0.509766 0.126709 0.489014 0.132324 0.459717 0.13916 0.470459 0.126709 0.489014 0.13916 0.470459 0.163818 0.460693 0.13916 0.470459 0.163818 0.460693 0.151611 0.457031 0.151611 0.457031 0.13916 0.470459 0.132324 0.459717 0.151611 0.457031 0.163818 0.460693 0.167969 0.449463 0.167969 0.449463 0.151611 0.457031 0.14917 0.44751 0.14917 0.44751 0.151611 0.457031 0.139404 0.452637 0.139404 0.452637 0.151611 0.457031 0.132324 0.459717 0.139404 0.452637 0.132324 0.459717 0.132324 0.448242 0.234375 0.245117 0.232666 0.262207 0.246826 0.234131 0.246826 0.234131 0.234375 0.245117 0.223389 0.238525 0.223389 0.238525 0.234375 0.245117 0.232666 0.262207 0.223389 0.238525 0.232666 0.262207 0.221924 0.255859 0.221924 0.255859 0.232666 0.262207 0.229492 0.294189 0.229492 0.294189 0.232666 0.262207 0.236816 0.288818 0.229492 0.294189 0.236816 0.288818 0.243408 0.349121 0.033691 0.629395 0.033691 0.679688 0.027588 0.629639 0.797363 0.76416 0.811279 0.748779 0.813721 0.761475 0.797363 0.76416 0.813721 0.761475 0.813965 0.77832 0.797363 0.76416 0.813965 0.77832 0.807129 0.787109 0.797363 0.76416 0.807129 0.787109 0.784424 0.796631 0.797363 0.76416 0.784424 0.796631 0.77832 0.783447 0.784424 0.796631 0.807129 0.787109 0.799072 0.80835 0.784424 0.796631 0.799072 0.80835 0.785889 0.818848 0.785889 0.818848 0.799072 0.80835 0.815186 0.834229 0.77832 0.783447 0.784424 0.796631 0.770508 0.802979 0.770508 0.802979 0.784424 0.796631 0.785889 0.818848 0.77832 0.783447 0.770508 0.802979 0.769531 0.795166 0.770508 0.802979 0.785889 0.818848 0.770508 0.814697 0.769531 0.795166 0.770508 0.802979 0.721191 0.811523 0.769531 0.795166 0.721191 0.811523 0.716064 0.804688 0.770508 0.802979 0.770508 0.814697 0.750488 0.811523 0.770508 0.802979 0.750488 0.811523 0.721191 0.811523 0.750488 0.811523 0.770508 0.814697 0.721924 0.818115 0.750488 0.811523 0.721924 0.818115 0.721191 0.811523 0.017578 0.396729 0.00415 0.385498 0.016113 0.380615 0.00415 0.385498 0.016113 0.380615 0.004639 0.374023 0.00415 0.385498 0.017578 0.396729 0.003418 0.411621 0.036865 0.841309 0.029053 0.880859 0.026367 0.840576 0.036865 0.841309 0.026367 0.840576 0.03418 0.834473 0.961914 0.742432 0.956787 0.741943 0.948975 0.717529 0.948975 0.717529 0.956787 0.741943 0.956055 0.750488 0.956787 0.741943 0.961914 0.742432 0.961914 0.769043 0.956787 0.741943 0.961914 0.769043 0.956055 0.750488 0.961914 0.769043 0.961914 0.742432 0.969971 0.744873 0.961914 0.769043 0.969971 0.744873 0.9646 0.807617 0.956055 0.750488 0.961914 0.769043 0.959717 0.804443 0.959717 0.804443 0.961914 0.769043 0.9646 0.807617 0.956055 0.750488 0.959717 0.804443 0.950195 0.808838 0.950195 0.808838 0.959717 0.804443 0.9646 0.807617 0.970459 0.951904 1 0.945068 0.997559 0.993652 1 0.945068 0.970459 0.951904 0.969482 0.934814 0.970459 0.951904 0.997559 0.993652 0.949951 0.989746 0.087891 0.429199 0.099121 0.457031 0.069336 0.458252 0.099121 0.457031 0.069336 0.458252 0.077881 0.468018 0.077881 0.468018 0.099121 0.457031 0.091064 0.465088 0.099121 0.457031 0.087891 0.429199 0.106934 0.442871 0.099121 0.457031 0.106934 0.442871 0.104492 0.475342 0.087891 0.429199 0.106934 0.442871 0.105225 0.428467 0.123291 0.438721 0.126709 0.446045 0.106934 0.442871 0.123291 0.438721 0.106934 0.442871 0.11499 0.432373 0.11499 0.432373 0.106934 0.442871 0.105225 0.428467 0.105225 0.428467 0.11499 0.432373 0.114746 0.419434 0.11499 0.432373 0.114746 0.419434 0.127441 0.421631 0.11499 0.432373 0.127441 0.421631 0.124512 0.430176 0.928711 0.047119 0.887451 0.085693 0.884521 0.083984 0.884521 0.083984 0.887451 0.085693 0.897705 0.186523 0.884521 0.083984 0.897705 0.186523 0.891846 0.181641 0.897705 0.186523 0.891846 0.181641 0.88501 0.186523 0.891846 0.181641 0.88501 0.186523 0.888916 0.18042 0.888916 0.18042 0.88501 0.186523 0.878174 0.09375 0.888916 0.18042 0.878174 0.09375 0.891846 0.181641 0.891846 0.181641 0.878174 0.09375 0.884521 0.083984 0.884521 0.083984 0.878174 0.09375 0.838623 0.05127 0.838623 0.05127 0.878174 0.09375 0.834473 0.050781 0.834473 0.050781 0.878174 0.09375 0.865723 0.084473 0.849854 0.045166 0.844971 0.045166 0.851318 0.049805 0.858154 0.009766 0.857666 0.043213 0.849854 0.045166 0.858154 0.009766 0.849854 0.045166 0.845703 0.040527 0.849854 0.045166 0.845703 0.040527 0.844971 0.045166 0.845703 0.040527 0.858154 0.009766 0.849121 0.00708 0.849121 0.00708 0.845703 0.040527 0.837158 0.03833 0.845703 0.040527 0.837158 0.03833 0.844971 0.045166 0.844971 0.045166 0.837158 0.03833 0.83374 0.045166 0.0625 0.349121 0.059082 0.339355 0.069092 0.347168 0.069092 0.347168 0.059082 0.339355 0.072998 0.342529 0.072998 0.342529 0.059082 0.339355 0.075928 0.330811 0.075928 0.330811 0.059082 0.339355 0.05957 0.319824 0.05957 0.319824 0.059082 0.339355 0.035889 0.338623 0.035889 0.338623 0.05957 0.319824 0.027832 0.32373 0.05957 0.319824 0.027832 0.32373 0.057861 0.307129 0.057861 0.307129 0.027832 0.32373 0.026611 0.3125 0.035889 0.338623 0.059082 0.339355 0.052979 0.349854 0.052979 0.349854 0.059082 0.339355 0.0625 0.349121 0.052979 0.349854 0.0625 0.349121 0.059326 0.359131 0.035889 0.338623 0.052979 0.349854 0.027832 0.352295 0.027832 0.352295 0.052979 0.349854 0.046143 0.368408 0.334473 0.856445 0.265869 0.834717 0.28125 0.787354 0.265869 0.834717 0.334473 0.856445 0.256592 0.87085 0.256592 0.87085 0.334473 0.856445 0.254395 0.873291 0.254395 0.873291 0.334473 0.856445 0.352051 0.856689 0.334229 0.631348 0.310547 0.654297 0.263184 0.606201 0.263184 0.606201 0.310547 0.654297 0.291504 0.659424 0.263184 0.606201 0.291504 0.659424 0.269531 0.674316 0.291504 0.659424 0.269531 0.674316 0.276367 0.677734 0.276367 0.677734 0.269531 0.674316 0.263672 0.686768 0.276367 0.677734 0.291504 0.659424 0.287842 0.675537 0.287842 0.675537 0.291504 0.659424 0.304199 0.668457 0.287842 0.675537 0.304199 0.668457 0.290039 0.701904 0.276367 0.677734 0.287842 0.675537 0.27832 0.707764 0.27832 0.707764 0.287842 0.675537 0.290039 0.701904 0.276367 0.677734 0.27832 0.707764 0.263672 0.686768 0.27832 0.707764 0.290039 0.701904 0.281006 0.718994 0.27832 0.707764 0.281006 0.718994 0.275879 0.723633 0.263672 0.686768 0.27832 0.707764 0.265625 0.713623 0.265625 0.713623 0.27832 0.707764 0.275879 0.723633 0.263672 0.686768 0.265625 0.713623 0.255127 0.697754 0.265625 0.713623 0.275879 0.723633 0.270752 0.727295 0.265625 0.713623 0.270752 0.727295 0.262451 0.727539 0.262451 0.727539 0.270752 0.727295 0.267578 0.738281 0.350586 0.029297 0.340576 0.030518 0.340576 0.003174 0.350586 0.029297 0.340576 0.003174 0.359375 0.027588 0.019775 0.335205 0.019775 0.372559 0.014404 0.371338 0.707031 0.985352 0.714355 0.982422 0.712402 0.996826 0.714355 0.982422 0.712402 0.996826 0.721436 0.991943 0.714355 0.982422 0.721436 0.991943 0.731689 0.986816 0.731689 0.986816 0.714355 0.982422 0.731934 0.974121 0.714355 0.982422 0.707031 0.985352 0.707275 0.975586 0.731934 0.974121 0.714355 0.982422 0.717773 0.963867 0.717773 0.963867 0.714355 0.982422 0.707275 0.975586 0.717773 0.963867 0.707275 0.975586 0.708252 0.958008 0.002686 0.119629 0.006836 0.101807 0.013672 0.105469 0.013672 0.105469 0.006836 0.101807 0.020996 0.09668 0.006836 0.101807 0.020996 0.09668 0.009766 0.093262 0.009766 0.093262 0.006836 0.101807 0.000488 0.090576 0.009766 0.093262 0.000488 0.090576 0 0.081787 0.390869 0.045654 0.396484 0.066406 0.401367 0.043945 0.396484 0.066406 0.401367 0.043945 0.407959 0.052002 0.407959 0.052002 0.401367 0.043945 0.415527 0.043701 0.415527 0.043701 0.401367 0.043945 0.40918 0.036621 0.415527 0.043701 0.40918 0.036621 0.418457 0.033936 0.407959 0.052002 0.415527 0.043701 0.417236 0.062744 0.407959 0.052002 0.396484 0.066406 0.404785 0.067871 0.404785 0.067871 0.407959 0.052002 0.417236 0.062744 0.404785 0.067871 0.396484 0.066406 0.398438 0.074707 0.404785 0.067871 0.417236 0.062744 0.410889 0.080566 0.404785 0.067871 0.410889 0.080566 0.398438 0.074707 0.160156 0.27124 0.158691 0.294434 0.152588 0.286133 0.160156 0.27124 0.152588 0.286133 0.152588 0.275635 0.160156 0.27124 0.152588 0.275635 0.1521 0.260498 0.160156 0.27124 0.1521 0.260498 0.161377 0.259033 0.161377 0.259033 0.1521 0.260498 0.149658 0.246094 0.149658 0.246094 0.1521 0.260498 0.144775 0.254639 0.161377 0.259033 0.149658 0.246094 0.159424 0.211182 0.79834 0.639893 0.782471 0.652588 0.786621 0.631348 0.79834 0.639893 0.786621 0.631348 0.801758 0.628906 0.79834 0.639893 0.801758 0.628906 0.807861 0.639893 0.807861 0.639893 0.801758 0.628906 0.812012 0.595215 0.79834 0.639893 0.807861 0.639893 0.811768 0.647461 0.79834 0.639893 0.811768 0.647461 0.782471 0.652588 0.811768 0.647461 0.807861 0.639893 0.880615 0.716797 0.811768 0.647461 0.880615 0.716797 0.819824 0.680176 0.811768 0.647461 0.819824 0.680176 0.798584 0.66333 0.811768 0.647461 0.798584 0.66333 0.782471 0.652588 0.782471 0.652588 0.798584 0.66333 0.7854 0.663086 0.798584 0.66333 0.7854 0.663086 0.783447 0.673584 0.7854 0.663086 0.783447 0.673584 0.765625 0.671875 0.765625 0.671875 0.783447 0.673584 0.748047 0.684814 0.014893 0.259766 0.005859 0.262939 0 0.245605 0 0.245605 0.005859 0.262939 0.001221 0.280273 0.005859 0.262939 0.001221 0.280273 0.014893 0.259766 0.187012 0.348877 0.203125 0.287109 0.204834 0.308105 0.203125 0.287109 0.187012 0.348877 0.180176 0.358398 0.187012 0.348877 0.204834 0.308105 0.205322 0.399414 0.836182 0.024658 0.827637 0.018311 0.832031 0.012207 0.94873 0.027832 0.940186 0.022461 0.937988 0.027588 0.940186 0.022461 0.94873 0.027832 0.938477 0.01001 0.90918 0.015625 0.893311 0.022461 0.900879 0.012939 0.893311 0.022461 0.90918 0.015625 0.910645 0.027588 0.893311 0.022461 0.910645 0.027588 0.891602 0.027832 0.03833 0.48999 0.027344 0.463867 0.036377 0.512939 0.027344 0.463867 0.03833 0.48999 0.035645 0.464844 0.03833 0.48999 0.035645 0.464844 0.039795 0.459717 0.035645 0.464844 0.039795 0.459717 0.027344 0.463867 0.083984 0.287598 0.081299 0.251709 0.075439 0.259033 0.075439 0.259033 0.083984 0.287598 0.079346 0.298584 0.079346 0.298584 0.083984 0.287598 0.081787 0.320557 0.075439 0.259033 0.079346 0.298584 0.075928 0.322754 0.079346 0.298584 0.075928 0.322754 0.081787 0.320557 0.669678 0.853027 0.70459 0.865723 0.687012 0.877441 0.669678 0.853027 0.687012 0.877441 0.643555 0.862305 0.643555 0.862305 0.687012 0.877441 0.62085 0.876709 0.643555 0.862305 0.669678 0.853027 0.657959 0.844482 0.657959 0.844482 0.643555 0.862305 0.644531 0.849365 0.657959 0.844482 0.669678 0.853027 0.669922 0.841064 0.364502 0.025635 0.368652 0.016113 0.379395 0.02417 0.379395 0.02417 0.368652 0.016113 0.377197 0.010986 0.364502 0.025635 0.379395 0.02417 0.379395 0.034912 0.935303 0.988037 0.935059 0.970947 0.944336 0.974365 0.935303 0.988037 0.944336 0.974365 0.944824 0.991943 0.275146 0.011475 0.256348 0.009277 0.265625 0.005859 0.256348 0.009277 0.275146 0.011475 0.263672 0.021973 0.256348 0.009277 0.263672 0.021973 0.256104 0.030518 0.263672 0.021973 0.275146 0.011475 0.274414 0.020264 0.274414 0.020264 0.275146 0.011475 0.280029 0.033936 0.274414 0.020264 0.280029 0.033936 0.263672 0.021973 0.264893 0.029053 0.280029 0.033936 0.256104 0.030518 0.280029 0.033936 0.264893 0.029053 0.263672 0.021973 0.263672 0.021973 0.264893 0.029053 0.256104 0.030518 0.581299 0.987549 0.581055 0.978027 0.591309 0.98877 0.591309 0.98877 0.581055 0.978027 0.589355 0.974121 0.589355 0.974121 0.581055 0.978027 0.575439 0.969971 0.164307 0.011475 0.154053 0.025635 0.154297 0.009033 0.154053 0.025635 0.164307 0.011475 0.163574 0.028809 0.186768 0.638672 0.186768 0.72998 0.178711 0.680664 0.771484 0.439209 0.767578 0.418213 0.800049 0.489258 0.767578 0.418213 0.771484 0.439209 0.76416 0.424805 0.76416 0.424805 0.771484 0.439209 0.773438 0.451416 0.767578 0.418213 0.76416 0.424805 0.757324 0.411865 0.757324 0.411865 0.76416 0.424805 0.698242 0.423828 0.767578 0.418213 0.757324 0.411865 0.765625 0.409424 0.765625 0.409424 0.757324 0.411865 0.764404 0.402832 0.765625 0.409424 0.764404 0.402832 0.799072 0.302246 0.764404 0.402832 0.757324 0.411865 0.758545 0.405762 0.998047 0.373779 0.998047 0.475342 0.991211 0.473389 0.933105 0.49707 0.940674 0.584961 0.933105 0.606689 0.050537 0.616943 0.05249 0.570068 0.054688 0.556641 0.050537 0.616943 0.054688 0.556641 0.054199 0.609619 0.115723 0.119385 0.087402 0.18042 0.091553 0.109131 0.087402 0.18042 0.115723 0.119385 0.120361 0.170654 0.754883 0.012939 0.754639 0.026123 0.749268 0.026611 0.754883 0.012939 0.749268 0.026611 0.749268 0.020752 0.095459 0.305176 0.098389 0.3396 0.095703 0.37915 0.014648 0.203613 0.01416 0.19165 0.007324 0.203613 0.01416 0.19165 0.007324 0.203613 0.008057 0.17041 0.042969 0.251953 0.035645 0.25293 0.026367 0.230469 0.042969 0.251953 0.026367 0.230469 0.029053 0.202148 0.042969 0.251953 0.029053 0.202148 0.04126 0.20459 0.574219 0.026367 0.570557 0.034668 0.570557 0.018311 0.32959 0.920654 0.4104 0.920654 0.337158 0.92627 0.041016 0.272705 0.036865 0.30542 0.028564 0.298096 0.041016 0.272705 0.028564 0.298096 0.026367 0.251709</float_array>
          <technique_common>
            <accessor source="#MedicineTable1-mesh-map-0-array" count="5649" stride="2">
              <param name="S" type="float"/>
              <param name="T" type="float"/>
            </accessor>
          </technique_common>
        </source>
        <vertices id="MedicineTable1-mesh-vertices">
          <input semantic="POSITION" source="#MedicineTable1-mesh-positions"/>
        </vertices>
        <polylist material="Material_-1-material" count="6">
          <input semantic="VERTEX" source="#MedicineTable1-mesh-vertices" offset="0"/>
          <input semantic="NORMAL" source="#MedicineTable1-mesh-normals" offset="1"/>
          <input semantic="TEXCOORD" source="#MedicineTable1-mesh-map-0" offset="2" set="0"/>
          <vcount>3 3 3 3 3 3 3 3 3 3 3 3 3 3 3 3 3 3 3 3 3 3 3 3 3 3 3 3 3 3 3 3 3 3 3 3 3 3 3 3 3 3 3 3 3 3 3 3 3 3 3 3 3 3 3 3 3 3 3 3 3 3 3 3 3 3 3 3 3 3 3 3 3 3 3 3 3 3 3 3 3 3 3 3 3 3 3 3 3 3 3 3 3 3 3 3 3 3 3 3 3 3 3 3 3 3 3 3 3 3 3 3 3 3 3 3 3 3 3 3 3 3 3 3 3 3 3 3 3 3 3 3 3 3 3 3 3 3 3 3 3 3 3 3 3 3 3 3 3 3 3 3 3 3 3 3 3 3 3 3 3 3 3 3 3 3 3 3 3 3 3 3 3 3 3 3 3 3 3 3 3 3 3 3 3 3 3 3 3 3 3 3 3 3 3 3 3 3 3 3 3 3 3 3 3 3 3 3 3 3 3 3 3 3 3 3 3 3 3 3 3 3 3 3 3 3 3 3 3 3 3 3 3 3 3 3 3 3 3 3 3 3 3 3 3 3 3 3 3 3 3 3 3 3 3 3 3 3 3 3 3 3 3 3 3 3 3 3 3 3 3 3 3 3 3 3 3 3 3 3 3 3 3 3 3 3 3 3 3 3 3 3 3 3 3 3 3 3 3 3 3 3 3 3 3 3 3 3 3 3 3 3 3 3 3 3 3 3 3 3 3 3 3 3 3 3 3 3 3 3 3 3 3 3 3 3 3 3 3 3 3 3 3 3 3 3 3 3 3 3 3 3 3 3 3 3 3 3 3 3 3 3 3 3 3 3 3 3 3 3 3 3 3 3 3 3 3 3 3 3 3 3 3 3 3 3 3 3 3 3 3 3 3 3 3 3 3 3 3 3 3 3 3 3 3 3 3 3 3 3 3 3 3 3 3 3 3 3 3 3 3 3 3 3 3 3 3 3 3 3 3 3 3 3 3 3 3 3 3 3 3 3 3 3 3 3 3 3 3 3 3 3 3 3 3 3 3 3 3 3 3 3 3 3 3 3 3 3 3 3 3 3 3 3 3 3 3 3 3 3 3 3 3 3 3 3 3 3 3 3 3 3 3 3 3 3 3 3 3 3 3 3 3 3 3 3 3 3 3 3 3 3 3 3 3 3 3 3 3 3 3 3 3 3 3 3 3 3 3 3 3 3 3 3 3 3 3 3 3 3 3 3 3 3 3 3 3 3 3 3 3 3 3 3 3 3 3 3 3 3 3 3 3 3 3 3 3 3 3 3 3 3 3 3 3 3 3 3 3 3 3 3 3 3 3 3 3 3 3 3 3 3 3 3 3 3 3 3 3 3 3 3 3 3 3 3 3 3 3 3 3 3 3 3 3 3 3 3 3 3 3 3 3 3 3 3 3 3 3 3 3 3 3 3 3 3 3 3 3 3 3 3 3 3 3 3 3 3 3 3 3 3 3 3 3 3 3 3 3 3 3 3 3 3 3 3 3 3 3 3 3 3 3 3 3 3 3 3 3 3 3 3 3 3 3 3 3 3 3 3 3 3 3 3 3 3 3 3 3 3 3 3 3 3 3 3 3 3 3 3 3 3 3 3 3 3 3 3 3 3 3 3 3 3 3 3 3 3 3 3 3 3 3 3 3 3 3 3 3 3 3 3 3 3 3 3 3 3 3 3 3 3 3 3 3 3 3 3 3 3 3 3 3 3 3 3 3 3 3 3 3 3 3 3 3 3 3 3 3 3 3 3 3 3 3 3 3 3 3 3 3 3 3 3 3 3 3 3 3 3 3 3 3 3 3 3 3 3 3 3 3 3 3 3 3 3 3 3 3 3 3 3 3 3 3 3 3 3 3 3 3 3 3 3 3 3 3 3 3 3 3 3 3 3 3 3 3 3 3 3 3 3 3 3 3 3 3 3 3 3 3 3 3 3 3 3 3 3 3 3 3 3 3 3 3 3 3 3 3 3 3 3 3 3 3 3 3 3 3 3 3 3 3 3 3 3 3 3 3 3 3 3 3 3 3 3 3 3 3 3 3 3 3 3 3 3 3 3 3 3 3 3 3 3 3 3 3 3 3 3 3 3 3 3 3 3 3 3 3 3 3 3 3 3 3 3 3 3 3 3 3 3 3 3 3 3 3 3 3 3 3 3 3 3 3 3 3 3 3 3 3 3 3 3 3 3 3 3 3 3 3 3 3 3 3 3 3 3 3 3 3 3 3 3 3 3 3 3 3 3 3 3 3 3 3 3 3 3 3 3 3 3 3 3 3 3 3 3 3 3 3 3 3 3 3 3 3 3 3 3 3 3 3 3 3 3 3 3 3 3 3 3 3 3 3 3 3 3 3 3 3 3 3 3 3 3 3 3 3 3 3 3 3 3 3 3 3 3 3 3 3 3 3 3 3 3 3 3 3 3 3 3 3 3 3 3 3 3 3 3 3 3 3 3 3 3 3 3 3 3 3 3 3 3 3 3 3 3 3 3 3 3 3 3 3 3 3 3 3 3 3 3 3 3 3 3 3 3 3 3 3 3 3 3 3 3 3 3 3 3 3 3 3 3 3 3 3 3 3 3 3 3 3 3 3 3 3 3 3 3 3 3 3 3 3 3 3 3 3 3 3 3 3 3 3 3 3 3 3 3 3 3 3 3 3 3 3 3 3 3 3 3 3 3 3 3 3 3 3 3 3 3 3 3 3 3 3 3 3 3 3 3 3 3 3 3 3 3 3 3 3 3 3 3 3 3 3 3 3 3 3 3 3 3 3 3 3 3 3 3 3 3 3 3 3 3 3 3 3 3 3 3 3 3 3 3 3 3 3 3 3 3 3 3 3 3 3 3 3 3 3 3 3 3 3 3 3 3 3 3 3 3 3 3 3 3 3 3 3 3 3 3 3 3 3 3 3 3 3 3 3 3 3 3 3 3 3 3 3 3 3 3 3 3 3 3 3 3 3 3 3 3 3 3 3 3 3 3 3 3 3 3 3 3 3 3 3 3 3 3 3 3 3 3 3 3 3 3 3 3 3 3 3 3 3 3 3 3 3 3 3 3 3 3 3 3 3 3 3 3 3 3 3 3 3 3 3 3 3 3 3 3 3 3 3 3 3 3 3 3 3 3 3 3 3 3 3 3 3 3 3 3 3 3 3 3 3 3 3 3 3 3 3 3 3 3 3 3 3 3 3 3 3 3 3 3 3 3 3 3 3 3 3 3 3 3 3 3 3 3 3 3 3 3 3 3 3 3 3 3 3 3 3 3 3 3 3 3 3 3 3 3 3 3 3 3 3 3 3 3 3 3 3 3 3 3 3 3 3 3 3 3 3 3 3 3 3 3 3 3 3 3 3 3 3 3 3 3 3 3 3 3 3 3 3 3 3 3 3 3 3 3 3 3 3 3 3 3 3 3 3 3 3 3 3 3 3 3 3 3 3 3 3 3 3 3 3 3 3 3 3 3 3 3 3 3 3 3 3 3 3 3 3 3 3 3 3 3 3 3 3 3 3 3 3 3 3 3 3 3 3 3 3 3 3 3 3 3 3 3 3 3 3 3 3 3 3 3 3 3 3 3 3 3 3 3 3 3 3 3 3 3 3 3 3 3 3 3 3 3 3 3 3 3 3 3 3 3 3 3 3 3 3 3 3 3 3 3 3 3 3 3 3 3 3 3 3 3 3 3 3 3 3 3 3 3 3 3 3 3 3 3 3 3 3 3 3 3 3 3 3 3 3 3 3 3 3 3 3 3 3 3 3 3 3 3 3 3 3 3 3 3 3 3 3 3 3 3 3 3 3 3 3 3 3 3 3 3 3 3 3 3 3 3 3 3 3 3 3 3 3 3 3 3 3 3 3 3 3 3 3 3 3 3 3 3 3 3 3 3 3 3 3 3 3 3 3 3 3 3 3 3 3 3 3 3 3 3 3 3 3 3 3 3 3 3 3 3 3 3 3 3 3 3 3 3 3 3 3 3 3 3 3 3 3 3 3 3 3 3 3 3 3 3 3 3 3 3 3 3 3 3 3 3 3 3 3 3 3 3 3 3 3 3 3 3 3 3 3 3 3 3 3 3 3 3 3 3 3 3 3 3 3 3 3 3 3 3 3 3 3 3 3 3 3 3 3 3 3 3 3 3 3 3 3 3 3 3 3 3 3 3 3 3 3 3 3 3 3 3 3 3 3 3 3 3 3 3 3 3 3 3 3 3 3 3 3 3 3 3 3 3 3</vcount>
          <p>1 0 0 2 0 1 3 0 2 3 1 3 2 1 4 4 1 5 4 2 6 3 2 7 1 2 8 2 3 9 1 3 10 5 3 11 1 4 12 4 4 13 6 4 14 1 5 15 6 5 16 5 5 17 6 6 18 4 6 19 7 6 20 5 7 21 6 7 22 8 7 23 8 8 24 6 8 25 7 8 26 5 9 27 8 9 28 9 9 29 9 10 30 8 10 31 10 10 32 10 11 33 8 11 34 11 11 35 11 12 36 8 12 37 12 12 38 12 13 39 8 13 40 13 13 41 8 14 42 7 14 43 14 14 44 8 15 45 14 15 46 13 15 47 14 16 48 7 16 49 15 16 50 13 17 51 14 17 52 16 17 53 16 18 54 14 18 55 15 18 56 17 19 57 18 19 58 19 19 59 18 20 60 17 20 61 20 20 62 21 21 63 22 21 64 23 21 65 22 22 66 21 22 67 24 22 68 21 23 69 23 23 70 25 23 71 21 24 72 25 24 73 24 24 74 26 25 75 27 25 76 28 25 77 27 26 78 26 26 79 29 26 80 29 27 81 26 27 82 30 27 83 29 28 84 30 28 85 31 28 86 29 29 87 31 29 88 32 29 89 31 30 90 30 30 91 33 30 92 32 31 93 31 31 94 34 31 95 34 32 96 31 32 97 33 32 98 34 33 99 33 33 100 35 33 101 36 34 102 37 34 103 38 34 104 36 35 105 38 35 106 39 35 107 36 36 108 39 36 109 40 36 110 41 37 111 42 37 112 43 37 113 43 38 114 42 38 115 44 38 116 45 39 117 43 39 118 46 39 119 44 40 120 43 40 121 47 40 122 43 41 123 47 41 124 46 41 125 47 42 126 44 42 127 48 42 128 48 43 129 44 43 130 49 43 131 46 44 132 47 44 133 50 44 134 50 45 135 47 45 136 48 45 137 50 46 138 48 46 139 49 46 140 46 47 141 50 47 142 51 47 143 50 48 144 49 48 145 52 48 146 50 49 147 52 49 148 51 49 149 53 50 150 54 50 151 55 50 152 53 51 153 55 51 154 56 51 155 57 52 156 58 52 157 59 52 158 57 53 159 59 53 160 60 53 161 60 54 162 59 54 163 61 54 164 60 55 165 61 55 166 62 55 167 59 56 168 58 56 169 63 56 170 59 57 171 63 57 172 61 57 173 63 58 174 58 58 175 64 58 176 64 59 177 58 59 178 65 59 179 63 60 180 64 60 181 66 60 182 63 61 183 66 61 184 61 61 185 66 62 186 64 62 187 67 62 188 61 63 189 66 63 190 68 63 191 68 64 192 66 64 193 69 64 194 68 65 195 69 65 196 70 65 197 61 66 198 68 66 199 71 66 200 71 67 201 68 67 202 70 67 203 61 68 204 71 68 205 72 68 206 71 69 207 70 69 208 73 69 209 71 70 210 73 70 211 72 70 212 72 71 213 73 71 214 74 71 215 72 72 216 74 72 217 75 72 218 76 73 219 77 73 220 78 73 221 77 74 222 78 74 223 79 74 224 80 75 225 81 75 226 82 75 227 80 76 228 82 76 229 83 76 230 83 77 231 82 77 232 84 77 233 80 78 234 83 78 235 85 78 236 83 79 237 84 79 238 86 79 239 83 80 240 86 80 241 85 80 242 87 81 243 88 81 244 89 81 245 87 82 246 89 82 247 90 82 248 91 83 249 92 83 250 93 83 251 91 84 252 93 84 253 94 84 254 92 85 255 91 85 256 95 85 257 95 86 258 91 86 259 96 86 260 92 87 261 95 87 262 97 87 263 92 88 264 97 88 265 98 88 266 97 89 267 95 89 268 99 89 269 98 90 270 97 90 271 100 90 272 100 91 273 97 91 274 99 91 275 101 92 276 102 92 277 103 92 278 101 93 279 103 93 280 104 93 281 104 94 282 103 94 283 105 94 284 104 95 285 105 95 286 106 95 287 106 96 288 105 96 289 107 96 290 107 97 291 105 97 292 108 97 293 106 98 294 107 98 295 109 98 296 107 99 297 108 99 298 110 99 299 107 100 300 110 100 301 109 100 302 110 101 303 108 101 304 111 101 305 110 102 306 111 102 307 109 102 308 112 103 309 113 103 310 114 103 311 113 104 312 112 104 313 115 104 314 112 105 315 114 105 316 116 105 317 112 106 318 116 106 319 117 106 320 117 107 321 116 107 322 118 107 323 118 108 324 116 108 325 114 108 326 118 109 327 114 109 328 119 109 329 120 110 330 121 110 331 122 110 332 122 111 333 121 111 334 123 111 335 120 112 336 122 112 337 124 112 338 120 113 339 124 113 340 125 113 341 125 114 342 124 114 343 126 114 344 126 115 345 124 115 346 127 115 347 128 116 348 129 116 349 130 116 350 129 117 351 128 117 352 131 117 353 130 118 354 129 118 355 132 118 356 130 119 357 132 119 358 133 119 359 133 120 360 132 120 361 134 120 362 134 121 363 133 121 364 135 121 365 133 122 366 135 122 367 136 122 368 136 123 369 135 123 370 137 123 371 136 124 372 137 124 373 138 124 374 136 125 375 138 125 376 133 125 377 133 126 378 138 126 379 139 126 380 140 127 381 141 127 382 142 127 383 141 128 384 140 128 385 143 128 386 144 129 387 145 129 388 146 129 389 145 130 390 144 130 391 147 130 392 148 131 393 149 131 394 150 131 395 149 132 396 148 132 397 151 132 398 151 133 399 148 133 400 152 133 401 153 134 402 154 134 403 155 134 404 155 135 405 154 135 406 156 135 407 154 136 408 153 136 409 157 136 410 153 137 411 155 137 412 158 137 413 153 138 414 158 138 415 157 138 416 155 139 417 158 139 418 159 139 419 159 140 420 155 140 421 160 140 422 158 141 423 159 141 424 161 141 425 158 142 426 161 142 427 157 142 428 157 143 429 161 143 430 162 143 431 164 144 432 163 144 433 165 144 434 165 145 435 164 145 436 166 145 437 166 146 438 164 146 439 167 146 440 165 147 441 166 147 442 168 147 443 166 148 444 167 148 445 169 148 446 166 149 447 169 149 448 168 149 449 169 150 450 168 150 451 170 150 452 170 151 453 169 151 454 171 151 455 172 152 456 173 152 457 174 152 458 172 153 459 174 153 460 175 153 461 172 154 462 175 154 463 176 154 464 177 155 465 178 155 466 179 155 467 178 156 468 177 156 469 180 156 470 180 157 471 177 157 472 181 157 473 180 158 474 181 158 475 182 158 476 182 159 477 181 159 478 183 159 479 182 160 480 183 160 481 184 160 482 182 161 483 184 161 484 185 161 485 185 162 486 184 162 487 186 162 488 186 163 489 184 163 490 187 163 491 186 164 492 187 164 493 188 164 494 189 165 495 190 165 496 191 165 497 192 166 498 189 166 499 193 166 500 189 167 501 192 167 502 194 167 503 189 168 504 194 168 505 190 168 506 190 169 507 194 169 508 195 169 509 195 170 510 194 170 511 196 170 512 195 171 513 196 171 514 197 171 515 196 172 516 194 172 517 198 172 518 199 173 519 200 173 520 201 173 521 200 174 522 201 174 523 202 174 524 203 175 525 204 175 526 205 175 527 204 176 528 203 176 529 206 176 530 207 177 531 208 177 532 209 177 533 207 178 534 209 178 535 210 178 536 209 179 537 208 179 538 211 179 539 209 180 540 211 180 541 212 180 542 213 181 543 214 181 544 215 181 545 215 182 546 214 182 547 216 182 548 213 183 549 215 183 550 217 183 551 218 184 552 219 184 553 220 184 554 220 185 555 219 185 556 221 185 557 220 186 558 221 186 559 222 186 560 223 187 561 224 187 562 225 187 563 225 188 564 224 188 565 226 188 566 223 189 567 225 189 568 227 189 569 223 190 570 227 190 571 228 190 572 228 191 573 227 191 574 229 191 575 228 192 576 229 192 577 230 192 578 230 193 579 229 193 580 231 193 581 230 194 582 231 194 583 232 194 584 233 195 585 234 195 586 235 195 587 235 196 588 234 196 589 236 196 590 234 197 591 233 197 592 237 197 593 236 198 594 234 198 595 238 198 596 234 199 597 237 199 598 239 199 599 234 200 600 239 200 601 238 200 602 236 201 603 238 201 604 240 201 605 239 202 606 237 202 607 241 202 608 241 203 609 237 203 610 242 203 611 238 204 612 239 204 613 243 204 614 241 205 615 242 205 616 244 205 617 244 206 618 242 206 619 245 206 620 245 207 621 242 207 622 246 207 623 245 208 624 246 208 625 247 208 626 241 209 627 244 209 628 248 209 629 239 210 630 241 210 631 249 210 632 249 211 633 241 211 634 248 211 635 239 212 636 249 212 637 243 212 638 249 213 639 248 213 640 250 213 641 243 214 642 249 214 643 251 214 644 251 215 645 249 215 646 252 215 647 251 216 648 252 216 649 253 216 650 243 217 651 251 217 652 254 217 653 243 218 654 254 218 655 238 218 656 254 219 657 251 219 658 255 219 659 238 220 660 254 220 661 240 220 662 254 221 663 255 221 664 256 221 665 254 222 666 256 222 667 240 222 668 240 223 669 256 223 670 257 223 671 256 224 672 257 224 673 258 224 674 240 225 675 257 225 676 259 225 677 259 226 678 257 226 679 260 226 680 261 227 681 262 227 682 263 227 683 262 228 684 261 228 685 264 228 686 264 229 687 261 229 688 265 229 689 266 230 690 267 230 691 268 230 692 269 231 693 270 231 694 268 231 695 269 232 696 268 232 697 267 232 698 269 233 699 267 233 700 271 233 701 271 234 702 267 234 703 272 234 704 272 235 705 267 235 706 273 235 707 273 236 708 267 236 709 266 236 710 273 237 711 266 237 712 274 237 713 273 238 714 274 238 715 275 238 716 276 239 717 277 239 718 278 239 719 276 240 720 278 240 721 279 240 722 280 241 723 281 241 724 282 241 725 281 242 726 282 242 727 283 242 728 281 243 729 283 243 730 280 243 731 283 244 732 280 244 733 284 244 734 283 245 735 284 245 736 285 245 737 286 246 738 287 246 739 288 246 740 288 247 741 287 247 742 289 247 743 287 248 744 286 248 745 290 248 746 291 249 747 292 249 748 293 249 749 293 250 750 291 250 751 294 250 752 295 251 753 296 251 754 297 251 755 296 252 756 295 252 757 298 252 758 296 253 759 298 253 760 299 253 761 297 254 762 296 254 763 300 254 764 297 255 765 300 255 766 301 255 767 300 256 768 301 256 769 302 256 770 296 257 771 300 257 772 303 257 773 303 258 774 296 258 775 299 258 776 299 259 777 303 259 778 304 259 779 306 260 780 305 260 781 307 260 782 305 261 783 306 261 784 308 261 785 309 262 786 310 262 787 311 262 788 309 263 789 311 263 790 312 263 791 309 264 792 312 264 793 313 264 794 313 265 795 312 265 796 314 265 797 312 266 798 311 266 799 315 266 800 315 267 801 311 267 802 316 267 803 317 268 804 318 268 805 319 268 806 320 269 807 321 269 808 322 269 809 321 270 810 320 270 811 323 270 812 324 271 813 321 271 814 325 271 815 325 272 816 321 272 817 323 272 818 325 273 819 323 273 820 326 273 821 325 274 822 326 274 823 327 274 824 326 275 825 323 275 826 328 275 827 328 276 828 323 276 829 329 276 830 329 277 831 323 277 832 330 277 833 326 278 834 328 278 835 331 278 836 331 279 837 328 279 838 329 279 839 326 280 840 331 280 841 332 280 842 331 281 843 329 281 844 330 281 845 331 282 846 330 282 847 333 282 848 333 283 849 330 283 850 334 283 851 331 284 852 333 284 853 335 284 854 335 285 855 333 285 856 334 285 857 335 286 858 334 286 859 336 286 860 337 287 861 338 287 862 339 287 863 338 288 864 337 288 865 340 288 866 341 289 867 342 289 868 343 289 869 343 290 870 342 290 871 344 290 872 341 291 873 343 291 874 345 291 875 346 292 876 347 292 877 348 292 878 346 293 879 348 293 880 349 293 881 349 294 882 348 294 883 350 294 884 349 295 885 350 295 886 351 295 887 350 296 888 348 296 889 352 296 890 353 297 891 354 297 892 355 297 893 353 298 894 355 298 895 356 298 896 356 299 897 355 299 898 357 299 899 356 300 900 357 300 901 358 300 902 357 301 903 355 301 904 359 301 905 358 302 906 357 302 907 360 302 908 360 303 909 357 303 910 359 303 911 361 304 912 362 304 913 363 304 914 362 305 915 361 305 916 364 305 917 365 306 918 366 306 919 367 306 920 365 307 921 367 307 922 368 307 923 365 308 924 368 308 925 366 308 926 366 309 927 368 309 928 369 309 929 369 310 930 368 310 931 370 310 932 366 311 933 369 311 934 371 311 935 369 312 936 370 312 937 372 312 938 369 313 939 372 313 940 371 313 941 371 314 942 372 314 943 373 314 944 373 315 945 372 315 946 374 315 947 375 316 948 376 316 949 377 316 950 377 317 951 376 317 952 378 317 953 377 318 954 378 318 955 379 318 956 378 319 957 376 319 958 380 319 959 377 320 960 379 320 961 381 320 962 377 321 963 381 321 964 375 321 965 376 322 966 380 322 967 382 322 968 380 323 969 382 323 970 383 323 971 380 324 972 383 324 973 384 324 974 375 325 975 381 325 976 385 325 977 375 326 978 385 326 979 386 326 980 386 327 981 385 327 982 387 327 983 388 328 984 389 328 985 390 328 986 390 329 987 389 329 988 391 329 989 388 330 990 390 330 991 392 330 992 389 331 993 388 331 994 393 331 995 393 332 996 388 332 997 394 332 998 394 333 999 388 333 1000 392 333 1001 391 334 1002 389 334 1003 395 334 1004 389 335 1005 395 335 1006 396 335 1007 395 336 1008 396 336 1009 391 336 1010 391 337 1011 396 337 1012 397 337 1013 394 338 1014 392 338 1015 398 338 1016 394 339 1017 398 339 1018 399 339 1019 398 340 1020 392 340 1021 400 340 1022 399 341 1023 398 341 1024 401 341 1025 401 342 1026 398 342 1027 400 342 1028 401 343 1029 400 343 1030 402 343 1031 402 344 1032 400 344 1033 403 344 1034 404 345 1035 405 345 1036 406 345 1037 405 346 1038 404 346 1039 407 346 1040 405 347 1041 407 347 1042 408 347 1043 408 348 1044 407 348 1045 409 348 1046 407 349 1047 404 349 1048 410 349 1049 409 350 1050 407 350 1051 411 350 1052 407 351 1053 410 351 1054 412 351 1055 407 352 1056 412 352 1057 411 352 1058 410 353 1059 412 353 1060 413 353 1061 413 354 1062 410 354 1063 414 354 1064 411 355 1065 412 355 1066 415 355 1067 415 356 1068 412 356 1069 413 356 1070 411 357 1071 415 357 1072 416 357 1073 415 358 1074 413 358 1075 417 358 1076 415 359 1077 417 359 1078 416 359 1079 416 360 1080 417 360 1081 418 360 1082 417 361 1083 413 361 1084 419 361 1085 418 362 1086 417 362 1087 420 362 1088 420 363 1089 417 363 1090 419 363 1091 420 364 1092 419 364 1093 421 364 1094 422 365 1095 423 365 1096 424 365 1097 422 366 1098 424 366 1099 425 366 1100 422 367 1101 425 367 1102 426 367 1103 422 368 1104 426 368 1105 427 368 1106 428 369 1107 429 369 1108 430 369 1109 430 370 1110 429 370 1111 431 370 1112 428 371 1113 430 371 1114 432 371 1115 429 372 1116 428 372 1117 433 372 1118 434 373 1119 435 373 1120 436 373 1121 437 374 1122 438 374 1123 439 374 1124 437 375 1125 439 375 1126 440 375 1127 438 376 1128 437 376 1129 441 376 1130 441 377 1131 437 377 1132 442 377 1133 443 378 1134 444 378 1135 445 378 1136 445 379 1137 444 379 1138 446 379 1139 447 380 1140 448 380 1141 449 380 1142 447 381 1143 449 381 1144 450 381 1145 451 382 1146 452 382 1147 453 382 1148 454 383 1149 455 383 1150 456 383 1151 454 384 1152 455 384 1153 457 384 1154 455 385 1155 457 385 1156 458 385 1157 458 386 1158 457 386 1159 454 386 1160 459 387 1161 460 387 1162 461 387 1163 459 388 1164 461 388 1165 462 388 1166 463 389 1167 464 389 1168 465 389 1169 465 390 1170 464 390 1171 466 390 1172 465 391 1173 466 391 1174 467 391 1175 468 392 1176 469 392 1177 470 392 1178 471 393 1179 472 393 1180 473 393 1181 471 394 1182 473 394 1183 474 394 1184 475 395 1185 476 395 1186 477 395 1187 475 396 1188 476 396 1189 478 396 1190 479 397 1191 480 397 1192 481 397 1193 482 398 1194 483 398 1195 480 398 1196 482 399 1197 480 399 1198 484 399 1199 484 400 1200 480 400 1201 479 400 1202 484 401 1203 479 401 1204 485 401 1205 485 402 1206 479 402 1207 486 402 1208 486 403 1209 479 403 1210 481 403 1211 486 404 1212 481 404 1213 487 404 1214 487 405 1215 481 405 1216 488 405 1217 486 406 1218 487 406 1219 489 406 1220 486 407 1221 489 407 1222 490 407 1223 490 408 1224 489 408 1225 487 408 1226 491 409 1227 492 409 1228 493 409 1229 494 410 1230 495 410 1231 496 410 1232 495 411 1233 494 411 1234 497 411 1235 495 412 1236 497 412 1237 498 412 1238 495 413 1239 498 413 1240 496 413 1241 496 414 1242 498 414 1243 499 414 1244 500 415 1245 501 415 1246 502 415 1247 500 416 1248 502 416 1249 503 416 1250 500 417 1251 503 417 1252 504 417 1253 505 418 1254 506 418 1255 507 418 1256 507 419 1257 506 419 1258 508 419 1259 507 420 1260 508 420 1261 509 420 1262 506 421 1263 505 421 1264 510 421 1265 510 422 1266 505 422 1267 511 422 1268 507 423 1269 509 423 1270 512 423 1271 507 424 1272 512 424 1273 513 424 1274 513 425 1275 512 425 1276 514 425 1277 505 426 1278 507 426 1279 515 426 1280 511 427 1281 505 427 1282 516 427 1283 516 428 1284 505 428 1285 515 428 1286 516 429 1287 515 429 1288 517 429 1289 516 430 1290 517 430 1291 518 430 1292 517 431 1293 515 431 1294 519 431 1295 520 432 1296 521 432 1297 522 432 1298 520 433 1299 522 433 1300 523 433 1301 523 434 1302 520 434 1303 524 434 1304 522 435 1305 521 435 1306 525 435 1307 522 436 1308 525 436 1309 526 436 1310 526 437 1311 525 437 1312 527 437 1313 525 438 1314 521 438 1315 528 438 1316 527 439 1317 525 439 1318 529 439 1319 529 440 1320 525 440 1321 528 440 1322 529 441 1323 528 441 1324 530 441 1325 530 442 1326 528 442 1327 531 442 1328 529 443 1329 530 443 1330 532 443 1331 530 444 1332 531 444 1333 533 444 1334 530 445 1335 533 445 1336 532 445 1337 533 446 1338 531 446 1339 534 446 1340 532 447 1341 533 447 1342 535 447 1343 532 448 1344 535 448 1345 536 448 1346 532 449 1347 536 449 1348 537 449 1349 538 450 1350 539 450 1351 540 450 1352 541 451 1353 542 451 1354 543 451 1355 541 452 1356 543 452 1357 544 452 1358 544 453 1359 543 453 1360 545 453 1361 544 454 1362 545 454 1363 546 454 1364 544 455 1365 546 455 1366 547 455 1367 544 456 1368 547 456 1369 548 456 1370 548 457 1371 547 457 1372 549 457 1373 546 458 1374 547 458 1375 550 458 1376 550 459 1377 546 459 1378 551 459 1379 551 460 1380 546 460 1381 552 460 1382 547 461 1383 550 461 1384 553 461 1385 547 462 1386 553 462 1387 554 462 1388 553 463 1389 550 463 1390 555 463 1391 555 464 1392 550 464 1393 551 464 1394 554 465 1395 553 465 1396 556 465 1397 556 466 1398 553 466 1399 555 466 1400 554 467 1401 556 467 1402 557 467 1403 557 468 1404 556 468 1405 558 468 1406 558 469 1407 556 469 1408 555 469 1409 551 470 1410 559 470 1411 552 470 1412 559 471 1413 552 471 1414 560 471 1415 559 472 1416 560 472 1417 561 472 1418 559 473 1419 561 473 1420 551 473 1421 560 474 1422 561 474 1423 562 474 1424 563 475 1425 555 475 1426 551 475 1427 563 476 1428 551 476 1429 561 476 1430 555 477 1431 563 477 1432 564 477 1433 563 478 1434 561 478 1435 565 478 1436 563 479 1437 565 479 1438 564 479 1439 566 480 1440 567 480 1441 568 480 1442 568 481 1443 567 481 1444 569 481 1445 569 482 1446 567 482 1447 570 482 1448 570 483 1449 567 483 1450 571 483 1451 568 484 1452 569 484 1453 572 484 1454 568 485 1455 572 485 1456 573 485 1457 573 486 1458 572 486 1459 574 486 1460 569 487 1461 570 487 1462 575 487 1463 575 488 1464 570 488 1465 571 488 1466 572 489 1467 569 489 1468 576 489 1469 576 490 1470 569 490 1471 575 490 1472 574 491 1473 572 491 1474 577 491 1475 577 492 1476 572 492 1477 576 492 1478 574 493 1479 577 493 1480 578 493 1481 577 494 1482 576 494 1483 579 494 1484 579 495 1485 576 495 1486 575 495 1487 577 496 1488 579 496 1489 578 496 1490 580 497 1491 575 497 1492 571 497 1493 575 498 1494 580 498 1495 579 498 1496 579 499 1497 580 499 1498 578 499 1499 580 500 1500 571 500 1501 581 500 1502 580 501 1503 581 501 1504 582 501 1505 582 502 1506 581 502 1507 583 502 1508 582 503 1509 583 503 1510 584 503 1511 582 504 1512 584 504 1513 585 504 1514 582 505 1515 585 505 1516 586 505 1517 582 506 1518 586 506 1519 587 506 1520 580 507 1521 582 507 1522 588 507 1523 588 508 1524 582 508 1525 587 508 1526 580 509 1527 588 509 1528 578 509 1529 588 510 1530 587 510 1531 589 510 1532 588 511 1533 589 511 1534 590 511 1535 588 512 1536 590 512 1537 578 512 1538 578 513 1539 590 513 1540 591 513 1541 592 514 1542 593 514 1543 594 514 1544 594 515 1545 593 515 1546 595 515 1547 595 516 1548 593 516 1549 596 516 1550 596 517 1551 593 517 1552 597 517 1553 598 518 1554 599 518 1555 600 518 1556 598 519 1557 600 519 1558 601 519 1559 602 520 1560 603 520 1561 604 520 1562 603 521 1563 602 521 1564 605 521 1565 602 522 1566 604 522 1567 606 522 1568 605 523 1569 602 523 1570 607 523 1571 602 524 1572 607 524 1573 606 524 1574 608 525 1575 609 525 1576 610 525 1577 611 526 1578 612 526 1579 613 526 1580 611 527 1581 613 527 1582 614 527 1583 616 528 1584 615 528 1585 617 528 1586 617 529 1587 616 529 1588 618 529 1589 619 530 1590 620 530 1591 621 530 1592 622 531 1593 623 531 1594 621 531 1595 622 532 1596 621 532 1597 620 532 1598 620 533 1599 619 533 1600 624 533 1601 624 534 1602 619 534 1603 625 534 1604 624 535 1605 625 535 1606 626 535 1607 624 536 1608 626 536 1609 627 536 1610 624 537 1611 627 537 1612 628 537 1613 624 538 1614 628 538 1615 620 538 1616 620 539 1617 628 539 1618 629 539 1619 620 540 1620 629 540 1621 622 540 1622 629 541 1623 628 541 1624 630 541 1625 629 542 1626 630 542 1627 631 542 1628 629 543 1629 631 543 1630 632 543 1631 629 544 1632 632 544 1633 622 544 1634 632 545 1635 631 545 1636 633 545 1637 632 546 1638 633 546 1639 634 546 1640 632 547 1641 634 547 1642 622 547 1643 622 548 1644 634 548 1645 635 548 1646 636 549 1647 637 549 1648 638 549 1649 636 550 1650 638 550 1651 639 550 1652 639 551 1653 638 551 1654 640 551 1655 639 552 1656 640 552 1657 641 552 1658 642 553 1659 643 553 1660 644 553 1661 642 554 1662 644 554 1663 645 554 1664 642 555 1665 645 555 1666 646 555 1667 642 556 1668 646 556 1669 643 556 1670 643 557 1671 646 557 1672 647 557 1673 643 558 1674 647 558 1675 648 558 1676 643 559 1677 648 559 1678 644 559 1679 648 560 1680 647 560 1681 649 560 1682 644 561 1683 648 561 1684 650 561 1685 644 562 1686 650 562 1687 651 562 1688 651 563 1689 650 563 1690 652 563 1691 650 564 1692 648 564 1693 653 564 1694 650 565 1695 653 565 1696 652 565 1697 653 566 1698 648 566 1699 649 566 1700 652 567 1701 653 567 1702 654 567 1703 654 568 1704 653 568 1705 649 568 1706 654 569 1707 649 569 1708 655 569 1709 655 570 1710 649 570 1711 656 570 1712 656 571 1713 649 571 1714 657 571 1715 658 572 1716 659 572 1717 660 572 1718 659 573 1719 658 573 1720 661 573 1721 658 574 1722 660 574 1723 662 574 1724 658 575 1725 662 575 1726 661 575 1727 663 576 1728 664 576 1729 665 576 1730 663 577 1731 665 577 1732 666 577 1733 664 578 1734 663 578 1735 667 578 1736 663 579 1737 666 579 1738 668 579 1739 663 580 1740 668 580 1741 667 580 1742 667 581 1743 668 581 1744 669 581 1745 669 582 1746 668 582 1747 670 582 1748 669 583 1749 670 583 1750 671 583 1751 669 584 1752 671 584 1753 672 584 1754 673 585 1755 674 585 1756 675 585 1757 673 586 1758 675 586 1759 676 586 1760 673 587 1761 676 587 1762 677 587 1763 677 588 1764 676 588 1765 678 588 1766 679 589 1767 680 589 1768 681 589 1769 679 590 1770 681 590 1771 682 590 1772 679 591 1773 682 591 1774 683 591 1775 684 592 1776 685 592 1777 686 592 1778 685 593 1779 686 593 1780 687 593 1781 687 594 1782 686 594 1783 688 594 1784 688 595 1785 686 595 1786 689 595 1787 689 596 1788 688 596 1789 690 596 1790 689 597 1791 690 597 1792 691 597 1793 688 598 1794 687 598 1795 692 598 1796 688 599 1797 692 599 1798 690 599 1799 692 600 1800 687 600 1801 693 600 1802 690 601 1803 692 601 1804 694 601 1805 692 602 1806 693 602 1807 695 602 1808 692 603 1809 694 603 1810 696 603 1811 692 604 1812 695 604 1813 697 604 1814 697 605 1815 692 605 1816 696 605 1817 697 606 1818 695 606 1819 698 606 1820 696 607 1821 697 607 1822 699 607 1823 697 608 1824 698 608 1825 700 608 1826 697 609 1827 700 609 1828 699 609 1829 701 610 1830 702 610 1831 703 610 1832 704 611 1833 705 611 1834 701 611 1835 704 612 1836 701 612 1837 703 612 1838 704 613 1839 703 613 1840 706 613 1841 706 614 1842 703 614 1843 707 614 1844 702 615 1845 701 615 1846 708 615 1847 709 616 1848 708 616 1849 710 616 1850 709 617 1851 708 617 1852 702 617 1853 709 618 1854 702 618 1855 711 618 1856 702 619 1857 711 619 1858 712 619 1859 702 620 1860 712 620 1861 713 620 1862 714 621 1863 703 621 1864 702 621 1865 702 622 1866 714 622 1867 713 622 1868 703 623 1869 714 623 1870 715 623 1871 713 624 1872 714 624 1873 716 624 1874 716 625 1875 714 625 1876 717 625 1877 718 626 1878 719 626 1879 720 626 1880 720 627 1881 719 627 1882 721 627 1883 719 628 1884 721 628 1885 722 628 1886 718 629 1887 720 629 1888 723 629 1889 718 630 1890 723 630 1891 724 630 1892 725 631 1893 726 631 1894 727 631 1895 725 632 1896 727 632 1897 728 632 1898 725 633 1899 728 633 1900 729 633 1901 725 634 1902 729 634 1903 730 634 1904 731 635 1905 732 635 1906 733 635 1907 734 636 1908 735 636 1909 736 636 1910 735 637 1911 734 637 1912 737 637 1913 738 638 1914 739 638 1915 740 638 1916 740 639 1917 739 639 1918 741 639 1919 739 640 1920 738 640 1921 742 640 1922 742 641 1923 738 641 1924 743 641 1925 742 642 1926 743 642 1927 744 642 1928 744 643 1929 743 643 1930 745 643 1931 744 644 1932 745 644 1933 746 644 1934 744 645 1935 746 645 1936 747 645 1937 744 646 1938 747 646 1939 741 646 1940 742 647 1941 744 647 1942 748 647 1943 748 648 1944 744 648 1945 741 648 1946 742 649 1947 748 649 1948 739 649 1949 748 650 1950 741 650 1951 749 650 1952 739 651 1953 748 651 1954 750 651 1955 750 652 1956 748 652 1957 749 652 1958 741 653 1959 751 653 1960 739 653 1961 741 654 1962 751 654 1963 749 654 1964 751 655 1965 739 655 1966 750 655 1967 751 656 1968 750 656 1969 749 656 1970 752 657 1971 753 657 1972 754 657 1973 754 658 1974 753 658 1975 755 658 1976 757 659 1977 756 659 1978 758 659 1979 756 660 1980 757 660 1981 759 660 1982 759 661 1983 756 661 1984 760 661 1985 756 662 1986 760 662 1987 761 662 1988 760 663 1989 761 663 1990 759 663 1991 758 664 1992 757 664 1993 762 664 1994 758 665 1995 762 665 1996 763 665 1997 762 666 1998 757 666 1999 764 666 2000 763 667 2001 762 667 2002 765 667 2003 765 668 2004 762 668 2005 764 668 2006 767 669 2007 766 669 2008 768 669 2009 766 670 2010 768 670 2011 769 670 2012 768 671 2013 769 671 2014 770 671 2015 770 672 2016 768 672 2017 771 672 2018 771 673 2019 768 673 2020 772 673 2021 768 674 2022 767 674 2023 773 674 2024 768 675 2025 773 675 2026 772 675 2027 772 676 2028 773 676 2029 774 676 2030 774 677 2031 773 677 2032 775 677 2033 775 678 2034 773 678 2035 776 678 2036 776 679 2037 773 679 2038 777 679 2039 775 680 2040 776 680 2041 778 680 2042 776 681 2043 777 681 2044 779 681 2045 776 682 2046 779 682 2047 778 682 2048 780 683 2049 781 683 2050 782 683 2051 781 684 2052 780 684 2053 783 684 2054 783 685 2055 780 685 2056 784 685 2057 781 686 2058 783 686 2059 785 686 2060 786 687 2061 787 687 2062 788 687 2063 787 688 2064 786 688 2065 789 688 2066 786 689 2067 788 689 2068 790 689 2069 786 690 2070 790 690 2071 791 690 2072 792 691 2073 793 691 2074 794 691 2075 793 692 2076 792 692 2077 795 692 2078 792 693 2079 794 693 2080 796 693 2081 797 694 2082 798 694 2083 799 694 2084 799 695 2085 798 695 2086 800 695 2087 797 696 2088 799 696 2089 801 696 2090 801 697 2091 799 697 2092 802 697 2093 797 698 2094 801 698 2095 803 698 2096 801 699 2097 802 699 2098 804 699 2099 801 700 2100 804 700 2101 803 700 2102 803 701 2103 804 701 2104 805 701 2105 803 702 2106 805 702 2107 806 702 2108 808 703 2109 807 703 2110 809 703 2111 807 704 2112 810 704 2113 811 704 2114 811 705 2115 807 705 2116 812 705 2117 812 706 2118 807 706 2119 809 706 2120 812 707 2121 809 707 2122 813 707 2123 813 708 2124 809 708 2125 814 708 2126 809 709 2127 808 709 2128 815 709 2129 809 710 2130 815 710 2131 814 710 2132 815 711 2133 808 711 2134 816 711 2135 815 712 2136 814 712 2137 817 712 2138 817 713 2139 815 713 2140 816 713 2141 817 714 2142 816 714 2143 818 714 2144 819 715 2145 820 715 2146 821 715 2147 821 716 2148 820 716 2149 822 716 2150 822 717 2151 820 717 2152 823 717 2153 821 718 2154 819 718 2155 824 718 2156 825 719 2157 822 719 2158 826 719 2159 826 720 2160 822 720 2161 823 720 2162 827 721 2163 828 721 2164 823 721 2165 823 722 2166 828 722 2167 829 722 2168 826 723 2169 823 723 2170 830 723 2171 830 724 2172 823 724 2173 829 724 2174 830 725 2175 829 725 2176 831 725 2177 831 726 2178 829 726 2179 832 726 2180 832 727 2181 829 727 2182 833 727 2183 830 728 2184 826 728 2185 834 728 2186 826 729 2187 834 729 2188 835 729 2189 834 730 2190 830 730 2191 836 730 2192 835 731 2193 834 731 2194 837 731 2195 836 732 2196 834 732 2197 838 732 2198 838 733 2199 834 733 2200 837 733 2201 839 734 2202 840 734 2203 841 734 2204 840 735 2205 841 735 2206 842 735 2207 844 736 2208 843 736 2209 845 736 2210 843 737 2211 845 737 2212 846 737 2213 843 738 2214 846 738 2215 847 738 2216 847 739 2217 843 739 2218 848 739 2219 849 740 2220 850 740 2221 851 740 2222 851 741 2223 850 741 2224 852 741 2225 850 742 2226 849 742 2227 853 742 2228 852 743 2229 851 743 2230 854 743 2231 851 744 2232 854 744 2233 849 744 2234 854 745 2235 852 745 2236 855 745 2237 853 746 2238 849 746 2239 856 746 2240 856 747 2241 849 747 2242 854 747 2243 853 748 2244 856 748 2245 857 748 2246 854 749 2247 855 749 2248 858 749 2249 854 750 2250 858 750 2251 856 750 2252 858 751 2253 855 751 2254 857 751 2255 858 752 2256 857 752 2257 856 752 2258 859 753 2259 860 753 2260 861 753 2261 861 754 2262 860 754 2263 862 754 2264 860 755 2265 859 755 2266 863 755 2267 861 756 2268 862 756 2269 864 756 2270 862 757 2271 864 757 2272 865 757 2273 865 758 2274 864 758 2275 866 758 2276 861 759 2277 864 759 2278 867 759 2279 861 760 2280 867 760 2281 859 760 2282 866 761 2283 864 761 2284 868 761 2285 866 762 2286 868 762 2287 863 762 2288 864 763 2289 868 763 2290 867 763 2291 868 764 2292 863 764 2293 859 764 2294 868 765 2295 859 765 2296 867 765 2297 869 766 2298 870 766 2299 871 766 2300 871 767 2301 870 767 2302 872 767 2303 873 768 2304 874 768 2305 872 768 2306 872 769 2307 874 769 2308 875 769 2309 872 770 2310 875 770 2311 871 770 2312 871 771 2313 875 771 2314 876 771 2315 877 772 2316 875 772 2317 878 772 2318 875 773 2319 877 773 2320 879 773 2321 875 774 2322 879 774 2323 880 774 2324 875 775 2325 880 775 2326 881 775 2327 875 776 2328 881 776 2329 876 776 2330 876 777 2331 881 777 2332 882 777 2333 882 778 2334 881 778 2335 883 778 2336 883 779 2337 881 779 2338 884 779 2339 886 780 2340 885 780 2341 887 780 2342 886 781 2343 885 781 2344 888 781 2345 886 782 2346 888 782 2347 889 782 2348 887 783 2349 885 783 2350 890 783 2351 890 784 2352 887 784 2353 891 784 2354 888 785 2355 885 785 2356 892 785 2357 888 786 2358 892 786 2359 889 786 2360 892 787 2361 885 787 2362 890 787 2363 889 788 2364 892 788 2365 893 788 2366 892 789 2367 890 789 2368 894 789 2369 892 790 2370 894 790 2371 893 790 2372 894 791 2373 890 791 2374 895 791 2375 894 792 2376 893 792 2377 896 792 2378 894 793 2379 896 793 2380 895 793 2381 898 794 2382 897 794 2383 899 794 2384 899 795 2385 898 795 2386 900 795 2387 899 796 2388 897 796 2389 901 796 2390 900 797 2391 899 797 2392 902 797 2393 902 798 2394 899 798 2395 901 798 2396 903 799 2397 904 799 2398 905 799 2399 906 800 2400 907 800 2401 908 800 2402 909 801 2403 910 801 2404 908 801 2405 908 802 2406 907 802 2407 911 802 2408 908 803 2409 909 803 2410 912 803 2411 912 804 2412 908 804 2413 911 804 2414 912 805 2415 911 805 2416 913 805 2417 909 806 2418 912 806 2419 914 806 2420 914 807 2421 912 807 2422 913 807 2423 909 808 2424 914 808 2425 915 808 2426 913 809 2427 911 809 2428 916 809 2429 916 810 2430 911 810 2431 907 810 2432 913 811 2433 916 811 2434 914 811 2435 914 812 2436 916 812 2437 915 812 2438 916 813 2439 907 813 2440 917 813 2441 917 814 2442 916 814 2443 915 814 2444 919 815 2445 918 815 2446 920 815 2447 920 816 2448 919 816 2449 921 816 2450 920 817 2451 921 817 2452 922 817 2453 924 818 2454 923 818 2455 925 818 2456 923 819 2457 925 819 2458 926 819 2459 926 820 2460 923 820 2461 927 820 2462 923 821 2463 927 821 2464 928 821 2465 929 822 2466 930 822 2467 931 822 2468 929 823 2469 931 823 2470 932 823 2471 932 824 2472 931 824 2473 933 824 2474 932 825 2475 933 825 2476 934 825 2477 934 826 2478 933 826 2479 935 826 2480 932 827 2481 934 827 2482 936 827 2483 937 828 2484 938 828 2485 939 828 2486 940 829 2487 941 829 2488 942 829 2489 942 830 2490 941 830 2491 943 830 2492 942 831 2493 943 831 2494 944 831 2495 942 832 2496 944 832 2497 945 832 2498 942 833 2499 945 833 2500 940 833 2501 943 834 2502 941 834 2503 946 834 2504 940 835 2505 945 835 2506 947 835 2507 947 836 2508 945 836 2509 948 836 2510 947 837 2511 948 837 2512 949 837 2513 947 838 2514 949 838 2515 940 838 2516 946 839 2517 941 839 2518 950 839 2519 950 840 2520 941 840 2521 940 840 2522 950 841 2523 940 841 2524 949 841 2525 946 842 2526 950 842 2527 951 842 2528 951 843 2529 950 843 2530 949 843 2531 951 844 2532 949 844 2533 952 844 2534 953 845 2535 954 845 2536 955 845 2537 955 846 2538 954 846 2539 956 846 2540 953 847 2541 954 847 2542 957 847 2543 958 848 2544 959 848 2545 960 848 2546 958 849 2547 960 849 2548 961 849 2549 960 850 2550 959 850 2551 962 850 2552 962 851 2553 960 851 2554 963 851 2555 959 852 2556 962 852 2557 964 852 2558 965 853 2559 966 853 2560 967 853 2561 965 854 2562 967 854 2563 968 854 2564 966 855 2565 965 855 2566 969 855 2567 969 856 2568 965 856 2569 968 856 2570 968 857 2571 969 857 2572 966 857 2573 970 858 2574 971 858 2575 972 858 2576 973 859 2577 974 859 2578 975 859 2579 975 860 2580 974 860 2581 976 860 2582 976 861 2583 974 861 2584 819 861 2585 976 862 2586 819 862 2587 824 862 2588 976 863 2589 824 863 2590 975 863 2591 975 864 2592 824 864 2593 977 864 2594 977 865 2595 824 865 2596 978 865 2597 978 866 2598 977 866 2599 975 866 2600 978 867 2601 824 867 2602 821 867 2603 979 868 2604 973 868 2605 975 868 2606 979 869 2607 975 869 2608 978 869 2609 979 870 2610 978 870 2611 821 870 2612 979 871 2613 821 871 2614 980 871 2615 973 872 2616 979 872 2617 981 872 2618 981 873 2619 979 873 2620 982 873 2621 983 874 2622 984 874 2623 985 874 2624 983 875 2625 986 875 2626 987 875 2627 986 876 2628 983 876 2629 988 876 2630 983 877 2631 988 877 2632 984 877 2633 988 878 2634 986 878 2635 989 878 2636 984 879 2637 988 879 2638 990 879 2639 990 880 2640 988 880 2641 989 880 2642 984 881 2643 990 881 2644 991 881 2645 991 882 2646 990 882 2647 989 882 2648 993 883 2649 992 883 2650 994 883 2651 994 884 2652 993 884 2653 995 884 2654 995 885 2655 993 885 2656 992 885 2657 996 886 2658 997 886 2659 998 886 2660 996 887 2661 998 887 2662 999 887 2663 999 888 2664 996 888 2665 1000 888 2666 996 889 2667 1000 889 2668 1001 889 2669 1002 890 2670 1003 890 2671 1004 890 2672 1003 891 2673 1002 891 2674 1005 891 2675 1003 892 2676 1005 892 2677 1006 892 2678 1005 893 2679 1002 893 2680 1007 893 2681 1005 894 2682 1007 894 2683 1008 894 2684 1009 895 2685 1010 895 2686 1011 895 2687 1011 896 2688 1010 896 2689 1012 896 2690 1012 897 2691 1010 897 2692 1013 897 2693 1012 898 2694 1013 898 2695 1014 898 2696 1016 899 2697 1015 899 2698 1017 899 2699 1016 900 2700 1015 900 2701 1018 900 2702 1016 901 2703 1018 901 2704 1019 901 2705 1019 902 2706 1018 902 2707 1020 902 2708 1020 903 2709 1018 903 2710 1021 903 2711 1020 904 2712 1021 904 2713 1022 904 2714 1017 905 2715 1016 905 2716 1023 905 2717 1023 906 2718 1016 906 2719 1024 906 2720 1017 907 2721 1023 907 2722 1025 907 2723 1025 908 2724 1023 908 2725 1026 908 2726 1026 909 2727 1023 909 2728 1027 909 2729 1029 910 2730 1028 910 2731 1030 910 2732 1029 911 2733 1028 911 2734 1031 911 2735 1031 912 2736 1028 912 2737 1032 912 2738 1029 913 2739 1031 913 2740 1033 913 2741 1031 914 2742 1033 914 2743 1034 914 2744 1035 915 2745 1036 915 2746 1037 915 2747 1035 916 2748 1037 916 2749 1038 916 2750 1037 917 2751 1038 917 2752 1039 917 2753 1039 918 2754 1037 918 2755 1040 918 2756 1037 919 2757 1040 919 2758 1041 919 2759 1041 920 2760 1037 920 2761 1042 920 2762 1042 921 2763 1037 921 2764 1036 921 2765 1042 922 2766 1036 922 2767 1043 922 2768 1043 923 2769 1042 923 2770 1044 923 2771 1045 924 2772 1042 924 2773 1046 924 2774 1044 925 2775 1042 925 2776 1047 925 2777 1047 926 2778 1042 926 2779 1046 926 2780 1046 927 2781 1047 927 2782 1048 927 2783 1046 928 2784 1048 928 2785 1049 928 2786 1048 929 2787 1047 929 2788 1050 929 2789 1048 930 2790 1050 930 2791 1051 930 2792 1047 931 2793 1044 931 2794 1052 931 2795 1047 932 2796 1052 932 2797 1050 932 2798 1052 933 2799 1044 933 2800 1053 933 2801 1051 934 2802 1050 934 2803 1054 934 2804 1052 935 2805 1053 935 2806 1055 935 2807 1052 936 2808 1055 936 2809 1050 936 2810 1055 937 2811 1053 937 2812 1056 937 2813 1055 938 2814 1056 938 2815 1057 938 2816 1050 939 2817 1055 939 2818 1058 939 2819 1050 940 2820 1058 940 2821 1054 940 2822 1058 941 2823 1055 941 2824 1057 941 2825 1058 942 2826 1057 942 2827 1059 942 2828 1054 943 2829 1058 943 2830 1060 943 2831 1060 944 2832 1058 944 2833 1059 944 2834 1054 945 2835 1060 945 2836 1061 945 2837 1059 946 2838 1057 946 2839 1062 946 2840 1059 947 2841 1062 947 2842 1060 947 2843 1060 948 2844 1062 948 2845 1061 948 2846 1062 949 2847 1061 949 2848 1063 949 2849 1063 950 2850 1062 950 2851 1064 950 2852 1065 951 2853 1066 951 2854 1067 951 2855 1066 952 2856 1065 952 2857 1068 952 2858 1069 953 2859 1070 953 2860 1067 953 2861 1069 954 2862 1067 954 2863 1071 954 2864 1071 955 2865 1067 955 2866 1066 955 2867 1069 956 2868 1071 956 2869 1072 956 2870 1066 957 2871 1068 957 2872 1073 957 2873 1066 958 2874 1073 958 2875 1071 958 2876 1072 959 2877 1071 959 2878 1074 959 2879 1074 960 2880 1071 960 2881 1073 960 2882 1072 961 2883 1074 961 2884 1075 961 2885 1075 962 2886 1074 962 2887 1073 962 2888 1073 963 2889 1068 963 2890 1076 963 2891 1075 964 2892 1073 964 2893 1077 964 2894 1073 965 2895 1076 965 2896 1078 965 2897 1073 966 2898 1078 966 2899 1077 966 2900 1079 967 2901 1076 967 2902 1077 967 2903 1079 968 2904 1076 968 2905 1078 968 2906 1078 969 2907 1079 969 2908 1077 969 2909 1080 970 2910 1081 970 2911 1082 970 2912 1082 971 2913 1081 971 2914 1083 971 2915 1083 972 2916 1081 972 2917 1084 972 2918 1085 973 2919 1086 973 2920 1087 973 2921 1087 974 2922 1086 974 2923 1088 974 2924 1085 975 2925 1087 975 2926 1089 975 2927 1089 976 2928 1087 976 2929 1088 976 2930 1085 977 2931 1089 977 2932 1090 977 2933 1086 978 2934 1088 978 2935 1091 978 2936 1088 979 2937 1091 979 2938 1089 979 2939 1091 980 2940 1089 980 2941 1090 980 2942 1091 981 2943 1090 981 2944 1092 981 2945 1092 982 2946 1091 982 2947 1093 982 2948 1094 983 2949 1095 983 2950 1096 983 2951 1096 984 2952 1095 984 2953 1097 984 2954 1095 985 2955 1094 985 2956 1098 985 2957 1099 986 2958 1100 986 2959 1101 986 2960 1099 987 2961 1101 987 2962 1102 987 2963 1099 988 2964 1102 988 2965 1103 988 2966 1099 989 2967 1103 989 2968 1104 989 2969 1100 990 2970 1099 990 2971 1105 990 2972 1105 991 2973 1099 991 2974 1104 991 2975 1105 992 2976 1104 992 2977 1106 992 2978 1106 993 2979 1104 993 2980 1107 993 2981 1106 994 2982 1107 994 2983 1108 994 2984 1106 995 2985 1108 995 2986 1105 995 2987 1105 996 2988 1108 996 2989 1109 996 2990 1110 997 2991 1111 997 2992 1112 997 2993 1114 998 2994 1113 998 2995 1112 998 2996 1113 999 2997 1112 999 2998 1111 999 2999 1113 1000 3000 1111 1000 3001 1115 1000 3002 1115 1001 3003 1111 1001 3004 1116 1001 3005 1116 1002 3006 1111 1002 3007 1117 1002 3008 1117 1003 3009 1111 1003 3010 1110 1003 3011 1116 1004 3012 1117 1004 3013 1118 1004 3014 1118 1005 3015 1117 1005 3016 1110 1005 3017 1118 1006 3018 1110 1006 3019 1119 1006 3020 1120 1007 3021 1121 1007 3022 1122 1007 3023 1120 1008 3024 1122 1008 3025 1123 1008 3026 1123 1009 3027 1122 1009 3028 1124 1009 3029 1123 1010 3030 1124 1010 3031 1125 1010 3032 1125 1011 3033 1124 1011 3034 1126 1011 3035 1125 1012 3036 1126 1012 3037 1127 1012 3038 1125 1013 3039 1127 1013 3040 1128 1013 3041 1127 1014 3042 1126 1014 3043 1129 1014 3044 1130 1015 3045 1131 1015 3046 1132 1015 3047 1131 1016 3048 1130 1016 3049 1133 1016 3050 1132 1017 3051 1131 1017 3052 1134 1017 3053 1132 1018 3054 1134 1018 3055 1135 1018 3056 1135 1019 3057 1134 1019 3058 1136 1019 3059 1136 1020 3060 1134 1020 3061 1137 1020 3062 1138 1021 3063 1139 1021 3064 1140 1021 3065 1138 1022 3066 1140 1022 3067 1141 1022 3068 1141 1023 3069 1140 1023 3070 1142 1023 3071 1143 1024 3072 1144 1024 3073 1145 1024 3074 1145 1025 3075 1144 1025 3076 1146 1025 3077 1146 1026 3078 1144 1026 3079 1143 1026 3080 1146 1027 3081 1143 1027 3082 1147 1027 3083 1145 1028 3084 1146 1028 3085 1148 1028 3086 1148 1029 3087 1146 1029 3088 1149 1029 3089 1146 1030 3090 1149 1030 3091 1150 1030 3092 1150 1031 3093 1149 1031 3094 1151 1031 3095 1150 1032 3096 1146 1032 3097 1152 1032 3098 1153 1033 3099 1154 1033 3100 1155 1033 3101 1153 1034 3102 1155 1034 3103 1156 1034 3104 1153 1035 3105 1156 1035 3106 1157 1035 3107 1156 1036 3108 1155 1036 3109 1158 1036 3110 1156 1037 3111 1158 1037 3112 1157 1037 3113 1157 1038 3114 1158 1038 3115 1159 1038 3116 1159 1039 3117 1158 1039 3118 1160 1039 3119 1161 1040 3120 1162 1040 3121 1163 1040 3122 1163 1041 3123 1162 1041 3124 1164 1041 3125 1163 1042 3126 1164 1042 3127 1165 1042 3128 1161 1043 3129 1163 1043 3130 1166 1043 3131 1161 1044 3132 1166 1044 3133 1167 1044 3134 1167 1045 3135 1166 1045 3136 1168 1045 3137 1167 1046 3138 1168 1046 3139 1169 1046 3140 1170 1047 3141 1171 1047 3142 1172 1047 3143 1174 1048 3144 1173 1048 3145 1175 1048 3146 1174 1049 3147 1173 1049 3148 1176 1049 3149 1173 1050 3150 1176 1050 3151 1177 1050 3152 1178 1051 3153 1179 1051 3154 1180 1051 3155 1180 1052 3156 1179 1052 3157 1181 1052 3158 1178 1053 3159 1180 1053 3160 1182 1053 3161 1178 1054 3162 1182 1054 3163 1183 1054 3164 1180 1055 3165 1181 1055 3166 1184 1055 3167 1184 1056 3168 1181 1056 3169 1185 1056 3170 1186 1057 3171 1187 1057 3172 1188 1057 3173 1187 1058 3174 1186 1058 3175 1189 1058 3176 1189 1059 3177 1187 1059 3178 1190 1059 3179 1187 1060 3180 1190 1060 3181 1188 1060 3182 1188 1061 3183 1190 1061 3184 1191 1061 3185 1186 1062 3186 1188 1062 3187 1192 1062 3188 1186 1063 3189 1192 1063 3190 1193 1063 3191 1194 1064 3192 1195 1064 3193 1196 1064 3194 1194 1065 3195 1196 1065 3196 1197 1065 3197 1194 1066 3198 1197 1066 3199 1198 1066 3200 1197 1067 3201 1196 1067 3202 1199 1067 3203 1199 1068 3204 1196 1068 3205 1200 1068 3206 1200 1069 3207 1196 1069 3208 1201 1069 3209 1202 1070 3210 1203 1070 3211 1201 1070 3212 1201 1071 3213 1203 1071 3214 1200 1071 3215 1200 1072 3216 1203 1072 3217 1204 1072 3218 1200 1073 3219 1204 1073 3220 1205 1073 3221 1205 1074 3222 1204 1074 3223 1206 1074 3224 1199 1075 3225 1200 1075 3226 1207 1075 3227 1207 1076 3228 1200 1076 3229 1205 1076 3230 1199 1077 3231 1207 1077 3232 1208 1077 3233 1199 1078 3234 1208 1078 3235 1197 1078 3236 1207 1079 3237 1205 1079 3238 1209 1079 3239 1209 1080 3240 1205 1080 3241 1206 1080 3242 1207 1081 3243 1209 1081 3244 1210 1081 3245 1207 1082 3246 1210 1082 3247 1208 1082 3248 1209 1083 3249 1206 1083 3250 1211 1083 3251 1210 1084 3252 1209 1084 3253 1212 1084 3254 1212 1085 3255 1209 1085 3256 1211 1085 3257 1210 1086 3258 1212 1086 3259 1213 1086 3260 1210 1087 3261 1213 1087 3262 1208 1087 3263 1212 1088 3264 1211 1088 3265 1214 1088 3266 1212 1089 3267 1214 1089 3268 1215 1089 3269 1212 1090 3270 1215 1090 3271 1213 1090 3272 1214 1091 3273 1211 1091 3274 1216 1091 3275 1216 1092 3276 1211 1092 3277 1206 1092 3278 1214 1093 3279 1216 1093 3280 1217 1093 3281 1216 1094 3282 1206 1094 3283 1218 1094 3284 1216 1095 3285 1218 1095 3286 1217 1095 3287 1217 1096 3288 1218 1096 3289 1219 1096 3290 1213 1097 3291 1215 1097 3292 1220 1097 3293 1220 1098 3294 1215 1098 3295 1221 1098 3296 1213 1099 3297 1220 1099 3298 1222 1099 3299 1213 1100 3300 1222 1100 3301 1208 1100 3302 1208 1101 3303 1222 1101 3304 1223 1101 3305 1222 1102 3306 1220 1102 3307 1224 1102 3308 1222 1103 3309 1224 1103 3310 1223 1103 3311 1208 1104 3312 1223 1104 3313 1225 1104 3314 1225 1105 3315 1223 1105 3316 1224 1105 3317 1208 1106 3318 1225 1106 3319 1197 1106 3320 1197 1107 3321 1225 1107 3322 1198 1107 3323 1198 1108 3324 1225 1108 3325 1224 1108 3326 1198 1109 3327 1224 1109 3328 1226 1109 3329 1227 1110 3330 1224 1110 3331 1220 1110 3332 1224 1111 3333 1227 1111 3334 1226 1111 3335 1227 1112 3336 1220 1112 3337 1228 1112 3338 1227 1113 3339 1228 1113 3340 1226 1113 3341 1229 1114 3342 1230 1114 3343 1231 1114 3344 1229 1115 3345 1231 1115 3346 1232 1115 3347 1230 1116 3348 1229 1116 3349 1233 1116 3350 1233 1117 3351 1229 1117 3352 1234 1117 3353 1235 1118 3354 1236 1118 3355 1237 1118 3356 1236 1119 3357 1235 1119 3358 1238 1119 3359 1235 1120 3360 1237 1120 3361 1239 1120 3362 1241 1121 3363 1240 1121 3364 1242 1121 3365 1242 1122 3366 1241 1122 3367 1243 1122 3368 1242 1123 3369 1243 1123 3370 1244 1123 3371 1244 1124 3372 1243 1124 3373 1245 1124 3374 1242 1125 3375 1244 1125 3376 1246 1125 3377 1242 1126 3378 1246 1126 3379 1247 1126 3380 1242 1127 3381 1247 1127 3382 1240 1127 3383 1247 1128 3384 1246 1128 3385 1248 1128 3386 1247 1129 3387 1248 1129 3388 1249 1129 3389 1247 1130 3390 1249 1130 3391 1250 1130 3392 1247 1131 3393 1250 1131 3394 1240 1131 3395 1240 1132 3396 1250 1132 3397 1251 1132 3398 1252 1133 3399 1253 1133 3400 1254 1133 3401 1254 1134 3402 1253 1134 3403 1255 1134 3404 1256 1135 3405 1257 1135 3406 1258 1135 3407 1257 1136 3408 1256 1136 3409 1259 1136 3410 1257 1137 3411 1259 1137 3412 1260 1137 3413 1257 1138 3414 1260 1138 3415 1261 1138 3416 1258 1139 3417 1257 1139 3418 1262 1139 3419 1262 1140 3420 1257 1140 3421 1261 1140 3422 1258 1141 3423 1262 1141 3424 1263 1141 3425 1263 1142 3426 1262 1142 3427 1261 1142 3428 1264 1143 3429 1265 1143 3430 1266 1143 3431 1266 1144 3432 1264 1144 3433 1267 1144 3434 1264 1145 3435 1267 1145 3436 0 1145 3437 1264 1146 3438 0 1146 3439 1268 1146 3440 1264 1147 3441 1268 1147 3442 1269 1147 3443 1269 1148 3444 1268 1148 3445 1270 1148 3446 1264 1149 3447 1269 1149 3448 1271 1149 3449 1272 1150 3450 1273 1150 3451 1274 1150 3452 1274 1151 3453 1273 1151 3454 1275 1151 3455 1272 1152 3456 1274 1152 3457 1276 1152 3458 1276 1153 3459 1274 1153 3460 1275 1153 3461 1277 1154 3462 1278 1154 3463 1279 1154 3464 1278 1155 3465 1277 1155 3466 1280 1155 3467 1278 1156 3468 1280 1156 3469 1281 1156 3470 1281 1157 3471 1280 1157 3472 1282 1157 3473 1282 1158 3474 1280 1158 3475 1277 1158 3476 1282 1159 3477 1277 1159 3478 1283 1159 3479 1283 1160 3480 1277 1160 3481 1284 1160 3482 1284 1161 3483 1277 1161 3484 1285 1161 3485 1284 1162 3486 1285 1162 3487 1286 1162 3488 1285 1163 3489 1277 1163 3490 1287 1163 3491 1288 1164 3492 1289 1164 3493 1290 1164 3494 1288 1165 3495 1290 1165 3496 1291 1165 3497 1291 1166 3498 1290 1166 3499 1292 1166 3500 1289 1167 3501 1288 1167 3502 1293 1167 3503 1293 1168 3504 1288 1168 3505 1294 1168 3506 1289 1169 3507 1293 1169 3508 1295 1169 3509 1295 1170 3510 1293 1170 3511 1296 1170 3512 1295 1171 3513 1296 1171 3514 1297 1171 3515 1292 1172 3516 1290 1172 3517 1298 1172 3518 1292 1173 3519 1298 1173 3520 1299 1173 3521 1292 1174 3522 1299 1174 3523 1300 1174 3524 1301 1175 3525 1302 1175 3526 1303 1175 3527 1301 1176 3528 1303 1176 3529 1304 1176 3530 1301 1177 3531 1304 1177 3532 1305 1177 3533 1305 1178 3534 1304 1178 3535 1306 1178 3536 1302 1179 3537 1301 1179 3538 1307 1179 3539 1308 1180 3540 1309 1180 3541 1307 1180 3542 1307 1181 3543 1309 1181 3544 1310 1181 3545 1307 1182 3546 1310 1182 3547 1302 1182 3548 1310 1183 3549 1309 1183 3550 1311 1183 3551 1302 1184 3552 1310 1184 3553 1312 1184 3554 1302 1185 3555 1312 1185 3556 1313 1185 3557 1310 1186 3558 1312 1186 3559 1314 1186 3560 1314 1187 3561 1310 1187 3562 1311 1187 3563 1314 1188 3564 1311 1188 3565 1315 1188 3566 1314 1189 3567 1315 1189 3568 1316 1189 3569 1317 1190 3570 1311 1190 3571 1316 1190 3572 1311 1191 3573 1317 1191 3574 1315 1191 3575 1316 1192 3576 1317 1192 3577 1318 1192 3578 1317 1193 3579 1318 1193 3580 1315 1193 3581 1315 1194 3582 1318 1194 3583 1316 1194 3584 1319 1195 3585 1320 1195 3586 1321 1195 3587 1321 1196 3588 1320 1196 3589 1322 1196 3590 1319 1197 3591 1321 1197 3592 1323 1197 3593 1321 1198 3594 1322 1198 3595 1324 1198 3596 1321 1199 3597 1324 1199 3598 1323 1199 3599 1325 1200 3600 1326 1200 3601 1327 1200 3602 1326 1201 3603 1325 1201 3604 1328 1201 3605 1327 1202 3606 1326 1202 3607 1329 1202 3608 1325 1203 3609 1327 1203 3610 1330 1203 3611 1330 1204 3612 1327 1204 3613 1329 1204 3614 1331 1205 3615 1332 1205 3616 1333 1205 3617 1333 1206 3618 1332 1206 3619 1334 1206 3620 1332 1207 3621 1331 1207 3622 1335 1207 3623 1334 1208 3624 1332 1208 3625 1336 1208 3626 1336 1209 3627 1332 1209 3628 1335 1209 3629 1336 1210 3630 1335 1210 3631 1337 1210 3632 1339 1211 3633 1338 1211 3634 1340 1211 3635 1340 1212 3636 1339 1212 3637 1341 1212 3638 1341 1213 3639 1339 1213 3640 1342 1213 3641 1341 1214 3642 1342 1214 3643 1343 1214 3644 1344 1215 3645 1345 1215 3646 1346 1215 3647 1344 1216 3648 1346 1216 3649 1347 1216 3650 1347 1217 3651 1346 1217 3652 1348 1217 3653 1345 1218 3654 1344 1218 3655 1349 1218 3656 1345 1219 3657 1349 1219 3658 1350 1219 3659 1345 1220 3660 1350 1220 3661 1351 1220 3662 1352 1221 3663 1353 1221 3664 1354 1221 3665 1353 1222 3666 1352 1222 3667 1355 1222 3668 1355 1223 3669 1352 1223 3670 1356 1223 3671 1356 1224 3672 1352 1224 3673 1354 1224 3674 1355 1225 3675 1356 1225 3676 1357 1225 3677 1356 1226 3678 1354 1226 3679 1358 1226 3680 1356 1227 3681 1358 1227 3682 1357 1227 3683 1358 1228 3684 1354 1228 3685 1359 1228 3686 1358 1229 3687 1359 1229 3688 1357 1229 3689 1360 1230 3690 1361 1230 3691 1362 1230 3692 1360 1231 3693 1362 1231 3694 1363 1231 3695 1364 1232 3696 1365 1232 3697 1366 1232 3698 1366 1233 3699 1365 1233 3700 1367 1233 3701 1366 1234 3702 1367 1234 3703 1368 1234 3704 1366 1235 3705 1368 1235 3706 1369 1235 3707 1366 1236 3708 1369 1236 3709 1370 1236 3710 1371 1237 3711 1372 1237 3712 1373 1237 3713 1374 1238 3714 1375 1238 3715 1376 1238 3716 1375 1239 3717 1374 1239 3718 1377 1239 3719 1377 1240 3720 1374 1240 3721 1378 1240 3722 1377 1241 3723 1378 1241 3724 1379 1241 3725 1374 1242 3726 1376 1242 3727 1380 1242 3728 1380 1243 3729 1376 1243 3730 1381 1243 3731 1380 1244 3732 1381 1244 3733 1382 1244 3734 1380 1245 3735 1382 1245 3736 1383 1245 3737 1384 1246 3738 1385 1246 3739 1386 1246 3740 1386 1247 3741 1384 1247 3742 1387 1247 3743 1388 1248 3744 1389 1248 3745 1390 1248 3746 1390 1249 3747 1389 1249 3748 1391 1249 3749 1388 1250 3750 1390 1250 3751 1392 1250 3752 1392 1251 3753 1390 1251 3754 1391 1251 3755 1391 1252 3756 1392 1252 3757 1393 1252 3758 1394 1253 3759 1395 1253 3760 1396 1253 3761 1395 1254 3762 1394 1254 3763 1397 1254 3764 1398 1255 3765 1399 1255 3766 1400 1255 3767 1398 1256 3768 1399 1256 3769 1401 1256 3770 1403 1257 3771 1402 1257 3772 1404 1257 3773 1404 1258 3774 1403 1258 3775 1405 1258 3776 1406 1259 3777 1407 1259 3778 1408 1259 3779 1407 1260 3780 1406 1260 3781 1409 1260 3782 1407 1261 3783 1409 1261 3784 1410 1261 3785 1409 1262 3786 1406 1262 3787 1411 1262 3788 1409 1263 3789 1411 1263 3790 1410 1263 3791 1411 1264 3792 1406 1264 3793 1412 1264 3794 1411 1265 3795 1412 1265 3796 1413 1265 3797 1410 1266 3798 1411 1266 3799 1414 1266 3800 1414 1267 3801 1411 1267 3802 1413 1267 3803 1410 1268 3804 1414 1268 3805 1407 1268 3806 1407 1269 3807 1414 1269 3808 1413 1269 3809 1407 1270 3810 1413 1270 3811 1415 1270 3812 1416 1271 3813 1417 1271 3814 1418 1271 3815 1417 1272 3816 1416 1272 3817 1419 1272 3818 1418 1273 3819 1417 1273 3820 1420 1273 3821 1417 1274 3822 1420 1274 3823 1419 1274 3824 1420 1275 3825 1419 1275 3826 1421 1275 3827 1420 1276 3828 1421 1276 3829 1422 1276 3830 1424 1277 3831 1423 1277 3832 1425 1277 3833 1425 1278 3834 1424 1278 3835 1426 1278 3836 1423 1279 3837 1425 1279 3838 1427 1279 3839 1425 1280 3840 1426 1280 3841 1428 1280 3842 1427 1281 3843 1425 1281 3844 1429 1281 3845 1429 1282 3846 1425 1282 3847 1428 1282 3848 1430 1283 3849 1431 1283 3850 1432 1283 3851 1431 1284 3852 1430 1284 3853 1433 1284 3854 1430 1285 3855 1432 1285 3856 1434 1285 3857 1430 1286 3858 1434 1286 3859 1435 1286 3860 1434 1287 3861 1432 1287 3862 1436 1287 3863 1435 1288 3864 1434 1288 3865 1437 1288 3866 1437 1289 3867 1434 1289 3868 1436 1289 3869 1435 1290 3870 1437 1290 3871 1438 1290 3872 1438 1291 3873 1437 1291 3874 1436 1291 3875 1439 1292 3876 1440 1292 3877 1441 1292 3878 1439 1293 3879 1441 1293 3880 1442 1293 3881 1439 1294 3882 1442 1294 3883 1443 1294 3884 1439 1295 3885 1443 1295 3886 1444 1295 3887 1445 1296 3888 1446 1296 3889 1447 1296 3890 1445 1297 3891 1447 1297 3892 1448 1297 3893 1445 1298 3894 1448 1298 3895 1449 1298 3896 1449 1299 3897 1448 1299 3898 1450 1299 3899 1450 1300 3900 1448 1300 3901 1451 1300 3902 1449 1301 3903 1450 1301 3904 1452 1301 3905 1452 1302 3906 1450 1302 3907 1453 1302 3908 1450 1303 3909 1451 1303 3910 1454 1303 3911 1450 1304 3912 1454 1304 3913 1455 1304 3914 1456 1305 3915 1457 1305 3916 1458 1305 3917 1456 1306 3918 1458 1306 3919 1459 1306 3920 1456 1307 3921 1459 1307 3922 1460 1307 3923 1459 1308 3924 1458 1308 3925 1461 1308 3926 1461 1309 3927 1458 1309 3928 1462 1309 3929 1461 1310 3930 1462 1310 3931 1463 1310 3932 1459 1311 3933 1461 1311 3934 1464 1311 3935 1459 1312 3936 1464 1312 3937 1460 1312 3938 1464 1313 3939 1461 1313 3940 1463 1313 3941 1460 1314 3942 1464 1314 3943 1465 1314 3944 1465 1315 3945 1464 1315 3946 1463 1315 3947 1466 1316 3948 1467 1316 3949 1468 1316 3950 1467 1317 3951 1466 1317 3952 1469 1317 3953 1467 1318 3954 1469 1318 3955 1470 1318 3956 1467 1319 3957 1470 1319 3958 1471 1319 3959 1472 1320 3960 1473 1320 3961 1474 1320 3962 1475 1321 3963 1476 1321 3964 1477 1321 3965 1476 1322 3966 1475 1322 3967 1478 1322 3968 1478 1323 3969 1475 1323 3970 1479 1323 3971 1479 1324 3972 1475 1324 3973 1480 1324 3974 1479 1325 3975 1480 1325 3976 1481 1325 3977 1481 1326 3978 1480 1326 3979 1482 1326 3980 1481 1327 3981 1482 1327 3982 1483 1327 3983 1483 1328 3984 1482 1328 3985 1484 1328 3986 1484 1329 3987 1482 1329 3988 1485 1329 3989 1483 1330 3990 1484 1330 3991 1486 1330 3992 1486 1331 3993 1484 1331 3994 1485 1331 3995 1486 1332 3996 1485 1332 3997 1487 1332 3998 1486 1333 3999 1487 1333 4000 1488 1333 4001 1487 1334 4002 1485 1334 4003 1489 1334 4004 1487 1335 4005 1489 1335 4006 1488 1335 4007 1490 1336 4008 1491 1336 4009 1492 1336 4010 1490 1337 4011 1492 1337 4012 1493 1337 4013 1493 1338 4014 1492 1338 4015 1494 1338 4016 1494 1339 4017 1492 1339 4018 1495 1339 4019 1495 1340 4020 1492 1340 4021 1491 1340 4022 1495 1341 4023 1491 1341 4024 1496 1341 4025 1495 1342 4026 1496 1342 4027 1497 1342 4028 1498 1343 4029 1499 1343 4030 1500 1343 4031 1499 1344 4032 1498 1344 4033 1501 1344 4034 1501 1345 4035 1498 1345 4036 1502 1345 4037 1503 1346 4038 1499 1346 4039 1504 1346 4040 1504 1347 4041 1499 1347 4042 1501 1347 4043 1504 1348 4044 1501 1348 4045 1505 1348 4046 1501 1349 4047 1505 1349 4048 1506 1349 4049 1502 1350 4050 1501 1350 4051 1507 1350 4052 1507 1351 4053 1502 1351 4054 1508 1351 4055 1506 1352 4056 1501 1352 4057 1509 1352 4058 1509 1353 4059 1501 1353 4060 1507 1353 4061 1506 1354 4062 1509 1354 4063 1510 1354 4064 1507 1355 4065 1508 1355 4066 1511 1355 4067 1507 1356 4068 1511 1356 4069 1509 1356 4070 1511 1357 4071 1508 1357 4072 1512 1357 4073 1512 1358 4074 1508 1358 4075 1513 1358 4076 1511 1359 4077 1512 1359 4078 1514 1359 4079 1509 1360 4080 1511 1360 4081 1515 1360 4082 1509 1361 4083 1515 1361 4084 1510 1361 4085 1515 1362 4086 1511 1362 4087 1514 1362 4088 1510 1363 4089 1515 1363 4090 1516 1363 4091 1515 1364 4092 1514 1364 4093 1517 1364 4094 1515 1365 4095 1517 1365 4096 1516 1365 4097 1518 1366 4098 1519 1366 4099 1520 1366 4100 1518 1367 4101 1520 1367 4102 1521 1367 4103 1521 1368 4104 1520 1368 4105 1522 1368 4106 1523 1369 4107 1524 1369 4108 1525 1369 4109 1525 1370 4110 1524 1370 4111 1526 1370 4112 1527 1371 4113 1528 1371 4114 1529 1371 4115 1530 1372 4116 1531 1372 4117 1532 1372 4118 1530 1373 4119 1532 1373 4120 1533 1373 4121 1532 1374 4122 1533 1374 4123 1534 1374 4124 1534 1375 4125 1532 1375 4126 1535 1375 4127 1535 1376 4128 1532 1376 4129 1536 1376 4130 1535 1377 4131 1536 1377 4132 1537 1377 4133 1537 1378 4134 1535 1378 4135 1538 1378 4136 1537 1379 4137 1538 1379 4138 1539 1379 4139 1540 1380 4140 1541 1380 4141 1542 1380 4142 1542 1381 4143 1541 1381 4144 1543 1381 4145 1543 1382 4146 1541 1382 4147 1544 1382 4148 1544 1383 4149 1541 1383 4150 1545 1383 4151 1541 1384 4152 1540 1384 4153 1546 1384 4154 1541 1385 4155 1546 1385 4156 1545 1385 4157 1546 1386 4158 1540 1386 4159 1547 1386 4160 1545 1387 4161 1546 1387 4162 1548 1387 4163 1548 1388 4164 1546 1388 4165 1547 1388 4166 1545 1389 4167 1548 1389 4168 1549 1389 4169 1548 1390 4170 1547 1390 4171 1550 1390 4172 1549 1391 4173 1548 1391 4174 1551 1391 4175 1551 1392 4176 1548 1392 4177 1550 1392 4178 1552 1393 4179 1553 1393 4180 1554 1393 4181 1553 1394 4182 1552 1394 4183 1555 1394 4184 1554 1395 4185 1553 1395 4186 1556 1395 4187 1556 1396 4188 1553 1396 4189 1557 1396 4190 1558 1397 4191 1559 1397 4192 1560 1397 4193 1560 1398 4194 1559 1398 4195 1561 1398 4196 1562 1399 4197 1563 1399 4198 1564 1399 4199 1564 1400 4200 1563 1400 4201 1565 1400 4202 1564 1401 4203 1565 1401 4204 1566 1401 4205 1564 1402 4206 1566 1402 4207 1567 1402 4208 1566 1403 4209 1565 1403 4210 1568 1403 4211 1567 1404 4212 1566 1404 4213 1569 1404 4214 1566 1405 4215 1568 1405 4216 1570 1405 4217 1566 1406 4218 1570 1406 4219 1569 1406 4220 1571 1407 4221 1572 1407 4222 1573 1407 4223 1574 1408 4224 1575 1408 4225 1576 1408 4226 1576 1409 4227 1575 1409 4228 1577 1409 4229 1576 1410 4230 1577 1410 4231 1578 1410 4232 1576 1411 4233 1578 1411 4234 1579 1411 4235 1575 1412 4236 1574 1412 4237 1580 1412 4238 1580 1413 4239 1574 1413 4240 1581 1413 4241 1580 1414 4242 1575 1414 4243 1582 1414 4244 1582 1415 4245 1580 1415 4246 1583 1415 4247 1584 1416 4248 1585 1416 4249 1586 1416 4250 1586 1417 4251 1585 1417 4252 1587 1417 4253 1586 1418 4254 1587 1418 4255 1588 1418 4256 1586 1419 4257 1588 1419 4258 1589 1419 4259 1584 1420 4260 1586 1420 4261 1590 1420 4262 1586 1421 4263 1589 1421 4264 1591 1421 4265 1586 1422 4266 1591 1422 4267 1590 1422 4268 1590 1423 4269 1591 1423 4270 1592 1423 4271 1593 1424 4272 1594 1424 4273 1595 1424 4274 1593 1425 4275 1595 1425 4276 1596 1425 4277 1595 1426 4278 1594 1426 4279 1597 1426 4280 1596 1427 4281 1595 1427 4282 1598 1427 4283 1598 1428 4284 1595 1428 4285 1599 1428 4286 1599 1429 4287 1595 1429 4288 1597 1429 4289 1598 1430 4290 1599 1430 4291 1600 1430 4292 1600 1431 4293 1599 1431 4294 1601 1431 4295 1599 1432 4296 1597 1432 4297 1602 1432 4298 1602 1433 4299 1597 1433 4300 1603 1433 4301 1599 1434 4302 1602 1434 4303 1601 1434 4304 1600 1435 4305 1601 1435 4306 1604 1435 4307 1601 1436 4308 1602 1436 4309 1605 1436 4310 1605 1437 4311 1602 1437 4312 1606 1437 4313 1605 1438 4314 1606 1438 4315 1607 1438 4316 1607 1439 4317 1606 1439 4318 1608 1439 4319 1605 1440 4320 1607 1440 4321 1609 1440 4322 1601 1441 4323 1605 1441 4324 1610 1441 4325 1604 1442 4326 1601 1442 4327 1611 1442 4328 1601 1443 4329 1611 1443 4330 1610 1443 4331 1610 1444 4332 1611 1444 4333 1612 1444 4334 1604 1445 4335 1611 1445 4336 1613 1445 4337 1613 1446 4338 1611 1446 4339 1614 1446 4340 1614 1447 4341 1611 1447 4342 1615 1447 4343 1613 1448 4344 1614 1448 4345 1616 1448 4346 1614 1449 4347 1615 1449 4348 1617 1449 4349 1616 1450 4350 1614 1450 4351 1618 1450 4352 1618 1451 4353 1614 1451 4354 1617 1451 4355 1619 1452 4356 1620 1452 4357 1621 1452 4358 1619 1453 4359 1621 1453 4360 1622 1453 4361 1622 1454 4362 1621 1454 4363 1623 1454 4364 1619 1455 4365 1622 1455 4366 1624 1455 4367 1619 1456 4368 1624 1456 4369 1625 1456 4370 1624 1457 4371 1622 1457 4372 1626 1457 4373 1626 1458 4374 1622 1458 4375 1627 1458 4376 1627 1459 4377 1622 1459 4378 1623 1459 4379 1623 1460 4380 1627 1460 4381 1628 1460 4382 1625 1461 4383 1624 1461 4384 1629 1461 4385 1625 1462 4386 1629 1462 4387 1630 1462 4388 1630 1463 4389 1629 1463 4390 1631 1463 4391 1625 1464 4392 1630 1464 4393 1632 1464 4394 1630 1465 4395 1631 1465 4396 1633 1465 4397 1632 1466 4398 1630 1466 4399 1634 1466 4400 1634 1467 4401 1630 1467 4402 1633 1467 4403 1632 1468 4404 1634 1468 4405 1635 1468 4406 1632 1469 4407 1635 1469 4408 1636 1469 4409 1634 1470 4410 1633 1470 4411 1637 1470 4412 1634 1471 4413 1637 1471 4414 1635 1471 4415 1637 1472 4416 1633 1472 4417 1638 1472 4418 1635 1473 4419 1637 1473 4420 1639 1473 4421 1637 1474 4422 1638 1474 4423 1640 1474 4424 1637 1475 4425 1640 1475 4426 1639 1475 4427 1640 1476 4428 1638 1476 4429 1641 1476 4430 1640 1477 4431 1641 1477 4432 1639 1477 4433 1642 1478 4434 1643 1478 4435 1644 1478 4436 1642 1479 4437 1644 1479 4438 1645 1479 4439 1642 1480 4440 1645 1480 4441 1646 1480 4442 1642 1481 4443 1646 1481 4444 1647 1481 4445 1643 1482 4446 1642 1482 4447 1648 1482 4448 1648 1483 4449 1642 1483 4450 1647 1483 4451 1648 1484 4452 1643 1484 4453 1649 1484 4454 1648 1485 4455 1647 1485 4456 1650 1485 4457 1650 1486 4458 1648 1486 4459 1649 1486 4460 1651 1487 4461 1652 1487 4462 1653 1487 4463 1653 1488 4464 1652 1488 4465 1654 1488 4466 1653 1489 4467 1654 1489 4468 1655 1489 4469 1654 1490 4470 1652 1490 4471 1656 1490 4472 1655 1491 4473 1654 1491 4474 1657 1491 4475 1657 1492 4476 1654 1492 4477 1656 1492 4478 1655 1493 4479 1657 1493 4480 1658 1493 4481 1657 1494 4482 1656 1494 4483 1659 1494 4484 1660 1495 4485 1661 1495 4486 1662 1495 4487 1663 1496 4488 1664 1496 4489 1665 1496 4490 1666 1497 4491 1667 1497 4492 1668 1497 4493 1668 1498 4494 1667 1498 4495 1669 1498 4496 1666 1499 4497 1668 1499 4498 1670 1499 4499 1667 1500 4500 1669 1500 4501 1671 1500 4502 1671 1501 4503 1667 1501 4504 1666 1501 4505 1671 1502 4506 1669 1502 4507 1672 1502 4508 1666 1503 4509 1670 1503 4510 1673 1503 4511 1673 1504 4512 1666 1504 4513 1674 1504 4514 1670 1505 4515 1673 1505 4516 1675 1505 4517 1677 1506 4518 1676 1506 4519 1678 1506 4520 1676 1507 4521 1678 1507 4522 1679 1507 4523 1680 1508 4524 1681 1508 4525 1682 1508 4526 1683 1509 4527 1684 1509 4528 1685 1509 4529 1683 1510 4530 1685 1510 4531 1686 1510 4532 1685 1511 4533 1684 1511 4534 1687 1511 4535 1685 1512 4536 1687 1512 4537 1688 1512 4538 1687 1513 4539 1684 1513 4540 1689 1513 4541 1690 1514 4542 1691 1514 4543 1692 1514 4544 1692 1515 4545 1691 1515 4546 1693 1515 4547 1691 1516 4548 1690 1516 4549 1694 1516 4550 1692 1517 4551 1693 1517 4552 1695 1517 4553 1692 1518 4554 1695 1518 4555 1690 1518 4556 1695 1519 4557 1693 1519 4558 1696 1519 4559 1694 1520 4560 1690 1520 4561 1697 1520 4562 1697 1521 4563 1690 1521 4564 1695 1521 4565 1694 1522 4566 1697 1522 4567 1698 1522 4568 1698 1523 4569 1697 1523 4570 1699 1523 4571 1699 1524 4572 1697 1524 4573 1695 1524 4574 1699 1525 4575 1695 1525 4576 1700 1525 4577 1699 1526 4578 1700 1526 4579 1701 1526 4580 1702 1527 4581 1703 1527 4582 1704 1527 4583 1702 1528 4584 1704 1528 4585 1705 1528 4586 1705 1529 4587 1704 1529 4588 1706 1529 4589 1702 1530 4590 1705 1530 4591 1707 1530 4592 1702 1531 4593 1707 1531 4594 1708 1531 4595 1709 1532 4596 1710 1532 4597 1711 1532 4598 1711 1533 4599 1710 1533 4600 1712 1533 4601 1713 1534 4602 1714 1534 4603 1715 1534 4604 1714 1535 4605 1713 1535 4606 1716 1535 4607 1716 1536 4608 1714 1536 4609 1717 1536 4610 1714 1537 4611 1717 1537 4612 1718 1537 4613 1716 1538 4614 1713 1538 4615 1719 1538 4616 1716 1539 4617 1719 1539 4618 1717 1539 4619 1719 1540 4620 1713 1540 4621 1720 1540 4622 1717 1541 4623 1719 1541 4624 1721 1541 4625 1721 1542 4626 1719 1542 4627 1720 1542 4628 1722 1543 4629 1723 1543 4630 1724 1543 4631 1724 1544 4632 1723 1544 4633 1725 1544 4634 1724 1545 4635 1725 1545 4636 1726 1545 4637 1726 1546 4638 1725 1546 4639 1727 1546 4640 1728 1547 4641 1729 1547 4642 1730 1547 4643 1731 1548 4644 1732 1548 4645 1733 1548 4646 1734 1549 4647 1735 1549 4648 1736 1549 4649 1735 1550 4650 1734 1550 4651 1737 1550 4652 1735 1551 4653 1737 1551 4654 1738 1551 4655 1738 1552 4656 1737 1552 4657 1739 1552 4658 1738 1553 4659 1739 1553 4660 1740 1553 4661 1738 1554 4662 1740 1554 4663 1741 1554 4664 1742 1555 4665 1743 1555 4666 1744 1555 4667 1745 1556 4668 1746 1556 4669 1747 1556 4670 1746 1557 4671 1745 1557 4672 1748 1557 4673 1745 1558 4674 1748 1558 4675 1749 1558 4676 1750 1559 4677 1751 1559 4678 1752 1559 4679 1751 1560 4680 1750 1560 4681 1753 1560 4682 1753 1561 4683 1750 1561 4684 1752 1561 4685 1754 1562 4686 1755 1562 4687 1756 1562 4688 1754 1563 4689 1756 1563 4690 1757 1563 4691 1756 1564 4692 1755 1564 4693 1758 1564 4694 1758 1565 4695 1755 1565 4696 1759 1565 4697 1758 1566 4698 1759 1566 4699 1760 1566 4700 1760 1567 4701 1759 1567 4702 1761 1567 4703 1762 1568 4704 1763 1568 4705 1764 1568 4706 1764 1569 4707 1763 1569 4708 1765 1569 4709 1764 1570 4710 1765 1570 4711 1766 1570 4712 1764 1571 4713 1766 1571 4714 1767 1571 4715 1768 1572 4716 1769 1572 4717 1770 1572 4718 1768 1573 4719 1770 1573 4720 1771 1573 4721 1768 1574 4722 1771 1574 4723 1772 1574 4724 1772 1575 4725 1771 1575 4726 1773 1575 4727 1772 1576 4728 1773 1576 4729 1774 1576 4730 1775 1577 4731 1776 1577 4732 1777 1577 4733 1777 1578 4734 1776 1578 4735 1778 1578 4736 1778 1579 4737 1776 1579 4738 1775 1579 4739 1779 1580 4740 1780 1580 4741 1781 1580 4742 1782 1581 4743 1783 1581 4744 1784 1581 4745 1785 1582 4746 1786 1582 4747 1787 1582 4748 1788 1583 4749 1789 1583 4750 1790 1583 4751 1791 1584 4752 1792 1584 4753 1793 1584 4754 1791 1585 4755 1793 1585 4756 1794 1585 4757 1795 1586 4758 1796 1586 4759 1797 1586 4760 1797 1587 4761 1796 1587 4762 1798 1587 4763 1800 1588 4764 1799 1588 4765 1801 1588 4766 1800 1589 4767 1801 1589 4768 1802 1589 4769 1803 1590 4770 1804 1590 4771 1805 1590 4772 1804 1591 4773 1805 1591 4774 1806 1591 4775 1804 1592 4776 1803 1592 4777 1807 1592 4778 1804 1593 4779 1807 1593 4780 1808 1593 4781 1809 1594 4782 1810 1594 4783 1811 1594 4784 1809 1595 4785 1811 1595 4786 1812 1595 4787 1809 1596 4788 1812 1596 4789 1813 1596 4790 1812 1597 4791 1811 1597 4792 1814 1597 4793 1812 1598 4794 1814 1598 4795 1815 1598 4796 1814 1599 4797 1811 1599 4798 1816 1599 4799 1815 1600 4800 1814 1600 4801 1817 1600 4802 1814 1601 4803 1816 1601 4804 1818 1601 4805 1818 1602 4806 1816 1602 4807 1819 1602 4808 1817 1603 4809 1814 1603 4810 1820 1603 4811 1820 1604 4812 1814 1604 4813 1818 1604 4814 1817 1605 4815 1820 1605 4816 1821 1605 4817 1820 1606 4818 1818 1606 4819 1822 1606 4820 1823 1607 4821 1824 1607 4822 1825 1607 4823 1825 1608 4824 1823 1608 4825 1826 1608 4826 1827 1609 4827 1828 1609 4828 1829 1609 4829 1827 1610 4830 1829 1610 4831 1830 1610 4832 1830 1611 4833 1829 1611 4834 1831 1611 4835 1827 1612 4836 1830 1612 4837 1832 1612 4838 1832 1613 4839 1830 1613 4840 1831 1613 4841 1833 1614 4842 1834 1614 4843 1835 1614 4844 1833 1615 4845 1835 1615 4846 1836 1615 4847 1833 1616 4848 1836 1616 4849 1837 1616 4850 1838 1617 4851 1839 1617 4852 1840 1617 4853 1840 1618 4854 1839 1618 4855 1841 1618 4856 1838 1619 4857 1840 1619 4858 1842 1619 4859 1843 1620 4860 1844 1620 4861 1845 1620 4862 1843 1621 4863 1845 1621 4864 1846 1621 4865 1846 1622 4866 1845 1622 4867 1847 1622 4868 1847 1623 4869 1846 1623 4870 1848 1623 4871 1846 1624 4872 1848 1624 4873 1849 1624 4874 1851 1625 4875 1850 1625 4876 1852 1625 4877 1851 1626 4878 1850 1626 4879 1853 1626 4880 1854 1627 4881 1855 1627 4882 1856 1627 4883 1857 1628 4884 1858 1628 4885 1859 1628 4886 1860 1629 4887 1861 1629 4888 1862 1629 4889 1863 1630 4890 1864 1630 4891 1865 1630 4892 1863 1631 4893 1865 1631 4894 1866 1631 4895 1866 1632 4896 1865 1632 4897 1867 1632 4898 1868 1633 4899 1869 1633 4900 1870 1633 4901 1868 1634 4902 1870 1634 4903 1871 1634 4904 1869 1635 4905 1868 1635 4906 1872 1635 4907 1873 1636 4908 1872 1636 4909 1874 1636 4910 1874 1637 4911 1872 1637 4912 1868 1637 4913 1868 1638 4914 1871 1638 4915 1875 1638 4916 1874 1639 4917 1868 1639 4918 1876 1639 4919 1874 1640 4920 1876 1640 4921 1877 1640 4922 1868 1641 4923 1875 1641 4924 1878 1641 4925 1868 1642 4926 1878 1642 4927 1876 1642 4928 1878 1643 4929 1876 1643 4930 1879 1643 4931 1879 1644 4932 1878 1644 4933 1875 1644 4934 1879 1645 4935 1876 1645 4936 1880 1645 4937 1880 1646 4938 1879 1646 4939 1881 1646 4940 1881 1647 4941 1879 1647 4942 1882 1647 4943 1882 1648 4944 1879 1648 4945 1875 1648 4946 1882 1649 4947 1875 1649 4948 1883 1649 4949 1885 1650 4950 1884 1650 4951 1886 1650 4952 1886 1651 4953 1885 1651 4954 1887 1651 4955 1887 1652 4956 1885 1652 4957 1884 1652 4958 1887 1653 4959 1884 1653 4960 1888 1653 4961 1888 1654 4962 1884 1654 4963 1889 1654 4964 1889 1655 4965 1884 1655 4966 1890 1655 4967 1889 1656 4968 1890 1656 4969 1891 1656 4970 1892 1657 4971 1893 1657 4972 1894 1657 4973 1895 1658 4974 1896 1658 4975 1897 1658 4976 1895 1659 4977 1897 1659 4978 1898 1659 4979 1895 1660 4980 1898 1660 4981 1899 1660 4982 1895 1661 4983 1899 1661 4984 1900 1661 4985 1895 1662 4986 1900 1662 4987 1901 1662 4988 1900 1663 4989 1899 1663 4990 1902 1663 4991 1900 1664 4992 1902 1664 4993 1903 1664 4994 1903 1665 4995 1902 1665 4996 1904 1665 4997 1901 1666 4998 1900 1666 4999 1905 1666 5000 1905 1667 5001 1900 1667 5002 1903 1667 5003 1901 1668 5004 1905 1668 5005 1906 1668 5006 1905 1669 5007 1903 1669 5008 1907 1669 5009 1906 1670 5010 1905 1670 5011 1908 1670 5012 1906 1671 5013 1908 1671 5014 1909 1671 5015 1905 1672 5016 1907 1672 5017 1910 1672 5018 1905 1673 5019 1910 1673 5020 1908 1673 5021 1910 1674 5022 1907 1674 5023 1911 1674 5024 1910 1675 5025 1911 1675 5026 1908 1675 5027 1912 1676 5028 1913 1676 5029 1914 1676 5030 1913 1677 5031 1914 1677 5032 1915 1677 5033 1913 1678 5034 1912 1678 5035 1916 1678 5036 1917 1679 5037 1918 1679 5038 1919 1679 5039 1917 1680 5040 1919 1680 5041 1920 1680 5042 1921 1681 5043 1922 1681 5044 1923 1681 5045 1923 1682 5046 1922 1682 5047 1924 1682 5048 1922 1683 5049 1921 1683 5050 1925 1683 5051 1922 1684 5052 1925 1684 5053 1924 1684 5054 1925 1685 5055 1921 1685 5056 1926 1685 5057 1925 1686 5058 1926 1686 5059 1927 1686 5060 1924 1687 5061 1925 1687 5062 1928 1687 5063 1928 1688 5064 1925 1688 5065 1927 1688 5066 1924 1689 5067 1928 1689 5068 1929 1689 5069 1929 1690 5070 1928 1690 5071 1927 1690 5072 1930 1691 5073 1931 1691 5074 1932 1691 5075 1931 1692 5076 1930 1692 5077 1933 1692 5078 1930 1693 5079 1932 1693 5080 1934 1693 5081 1935 1694 5082 1936 1694 5083 1937 1694 5084 1936 1695 5085 1937 1695 5086 1938 1695 5087 1938 1696 5088 1936 1696 5089 1939 1696 5090 1936 1697 5091 1935 1697 5092 1940 1697 5093 1936 1698 5094 1940 1698 5095 1941 1698 5096 1935 1699 5097 1940 1699 5098 1942 1699 5099 1943 1700 5100 1944 1700 5101 1940 1700 5102 1943 1701 5103 1940 1701 5104 1945 1701 5105 1945 1702 5106 1940 1702 5107 1942 1702 5108 1942 1703 5109 1945 1703 5110 1946 1703 5111 1945 1704 5112 1946 1704 5113 1947 1704 5114 1945 1705 5115 1947 1705 5116 1948 1705 5117 1949 1706 5118 1950 1706 5119 1951 1706 5120 1951 1707 5121 1950 1707 5122 1952 1707 5123 1951 1708 5124 1952 1708 5125 1953 1708 5126 1952 1709 5127 1953 1709 5128 1954 1709 5129 1953 1710 5130 1954 1710 5131 1955 1710 5132 1955 1711 5133 1954 1711 5134 1956 1711 5135 1955 1712 5136 1956 1712 5137 1953 1712 5138 1953 1713 5139 1956 1713 5140 1951 1713 5141 1951 1714 5142 1956 1714 5143 1957 1714 5144 1957 1715 5145 1956 1715 5146 1958 1715 5147 1958 1716 5148 1956 1716 5149 1959 1716 5150 1961 1717 5151 1960 1717 5152 1962 1717 5153 1963 1718 5154 1964 1718 5155 1961 1718 5156 1963 1719 5157 1961 1719 5158 1965 1719 5159 1961 1720 5160 1965 1720 5161 1960 1720 5162 1965 1721 5163 1963 1721 5164 1966 1721 5165 1966 1722 5166 1965 1722 5167 1967 1722 5168 1965 1723 5169 1967 1723 5170 1960 1723 5171 1960 1724 5172 1967 1724 5173 1968 1724 5174 1969 1725 5175 1970 1725 5176 1971 1725 5177 1971 1726 5178 1970 1726 5179 1972 1726 5180 1972 1727 5181 1970 1727 5182 1973 1727 5183 1973 1728 5184 1970 1728 5185 1974 1728 5186 1974 1729 5187 1970 1729 5188 1975 1729 5189 1975 1730 5190 1974 1730 5191 1976 1730 5192 1974 1731 5193 1976 1731 5194 1977 1731 5195 1977 1732 5196 1976 1732 5197 1978 1732 5198 1975 1733 5199 1970 1733 5200 1979 1733 5201 1979 1734 5202 1970 1734 5203 1969 1734 5204 1979 1735 5205 1969 1735 5206 1980 1735 5207 1975 1736 5208 1979 1736 5209 1981 1736 5210 1981 1737 5211 1979 1737 5212 1982 1737 5213 1983 1738 5214 1984 1738 5215 1985 1738 5216 1984 1739 5217 1983 1739 5218 1986 1739 5219 1986 1740 5220 1983 1740 5221 1987 1740 5222 1987 1741 5223 1983 1741 5224 1988 1741 5225 1989 1742 5226 1990 1742 5227 1991 1742 5228 1991 1743 5229 1990 1743 5230 1992 1743 5231 1991 1744 5232 1992 1744 5233 1993 1744 5234 1992 1745 5235 1993 1745 5236 1994 1745 5237 1994 1746 5238 1993 1746 5239 1995 1746 5240 1994 1747 5241 1992 1747 5242 1996 1747 5243 1996 1748 5244 1992 1748 5245 1997 1748 5246 1996 1749 5247 1997 1749 5248 1998 1749 5249 1994 1750 5250 1996 1750 5251 1999 1750 5252 1999 1751 5253 1996 1751 5254 1998 1751 5255 1994 1752 5256 1999 1752 5257 1995 1752 5258 1999 1753 5259 1998 1753 5260 2000 1753 5261 1999 1754 5262 2000 1754 5263 2001 1754 5264 1995 1755 5265 1999 1755 5266 2002 1755 5267 2002 1756 5268 1999 1756 5269 2001 1756 5270 1995 1757 5271 2002 1757 5272 2003 1757 5273 2002 1758 5274 2001 1758 5275 2004 1758 5276 2002 1759 5277 2004 1759 5278 2005 1759 5279 2005 1760 5280 2004 1760 5281 2006 1760 5282 2007 1761 5283 2008 1761 5284 2009 1761 5285 2007 1762 5286 2009 1762 5287 2010 1762 5288 2011 1763 5289 2012 1763 5290 2013 1763 5291 2014 1764 5292 2015 1764 5293 2016 1764 5294 2015 1765 5295 2016 1765 5296 2017 1765 5297 2015 1766 5298 2017 1766 5299 2018 1766 5300 2018 1767 5301 2015 1767 5302 2019 1767 5303 2015 1768 5304 2014 1768 5305 2020 1768 5306 2019 1769 5307 2015 1769 5308 2021 1769 5309 2021 1770 5310 2015 1770 5311 2020 1770 5312 2021 1771 5313 2020 1771 5314 2022 1771 5315 2023 1772 5316 2024 1772 5317 2025 1772 5318 2025 1773 5319 2024 1773 5320 2026 1773 5321 2024 1774 5322 2026 1774 5323 2027 1774 5324 2027 1775 5325 2024 1775 5326 2028 1775 5327 2027 1776 5328 2028 1776 5329 2029 1776 5330 2031 1777 5331 2030 1777 5332 2032 1777 5333 2030 1778 5334 2032 1778 5335 2033 1778 5336 2033 1779 5337 2032 1779 5338 2034 1779 5339 2034 1780 5340 2032 1780 5341 2035 1780 5342 2034 1781 5343 2035 1781 5344 2036 1781 5345 2033 1782 5346 2034 1782 5347 2037 1782 5348 2033 1783 5349 2030 1783 5350 2038 1783 5351 2038 1784 5352 2033 1784 5353 2037 1784 5354 2038 1785 5355 2030 1785 5356 2039 1785 5357 2038 1786 5358 2037 1786 5359 2040 1786 5360 2038 1787 5361 2040 1787 5362 2039 1787 5363 2041 1788 5364 2042 1788 5365 2043 1788 5366 2041 1789 5367 2043 1789 5368 2044 1789 5369 2041 1790 5370 2044 1790 5371 2045 1790 5372 2041 1791 5373 2045 1791 5374 2046 1791 5375 2046 1792 5376 2045 1792 5377 2047 1792 5378 2047 1793 5379 2045 1793 5380 2048 1793 5381 2046 1794 5382 2047 1794 5383 2049 1794 5384 2050 1795 5385 2051 1795 5386 2052 1795 5387 2050 1796 5388 2052 1796 5389 2053 1796 5390 2050 1797 5391 2053 1797 5392 2054 1797 5393 2054 1798 5394 2053 1798 5395 2055 1798 5396 2050 1799 5397 2054 1799 5398 2056 1799 5399 2050 1800 5400 2056 1800 5401 2051 1800 5402 2056 1801 5403 2054 1801 5404 2057 1801 5405 2056 1802 5406 2057 1802 5407 2058 1802 5408 2056 1803 5409 2058 1803 5410 2059 1803 5411 2056 1804 5412 2059 1804 5413 2051 1804 5414 2051 1805 5415 2059 1805 5416 2060 1805 5417 2059 1806 5418 2060 1806 5419 2061 1806 5420 2060 1807 5421 2061 1807 5422 2062 1807 5423 2062 1808 5424 2061 1808 5425 2063 1808 5426 2064 1809 5427 2065 1809 5428 2066 1809 5429 2066 1810 5430 2065 1810 5431 2067 1810 5432 2065 1811 5433 2067 1811 5434 2064 1811 5435 2068 1812 5436 2069 1812 5437 2070 1812 5438 2069 1813 5439 2068 1813 5440 2071 1813 5441 2068 1814 5442 2070 1814 5443 2072 1814 5444 2073 1815 5445 2074 1815 5446 2075 1815 5447 2077 1816 5448 2076 1816 5449 2078 1816 5450 2076 1817 5451 2077 1817 5452 2079 1817 5453 2080 1818 5454 2081 1818 5455 2082 1818 5456 2081 1819 5457 2080 1819 5458 2083 1819 5459 2081 1820 5460 2083 1820 5461 2084 1820 5462 2086 1821 5463 2085 1821 5464 2087 1821 5465 2085 1822 5466 2086 1822 5467 2088 1822 5468 2086 1823 5469 2088 1823 5470 2089 1823 5471 2088 1824 5472 2089 1824 5473 2085 1824 5474 2091 1825 5475 2090 1825 5476 2092 1825 5477 2092 1826 5478 2091 1826 5479 2093 1826 5480 2093 1827 5481 2091 1827 5482 2094 1827 5483 2092 1828 5484 2093 1828 5485 2095 1828 5486 2093 1829 5487 2095 1829 5488 2094 1829 5489 2096 1830 5490 2097 1830 5491 2098 1830 5492 2096 1831 5493 2098 1831 5494 2099 1831 5495 2099 1832 5496 2098 1832 5497 2100 1832 5498 2099 1833 5499 2096 1833 5500 2101 1833 5501 2101 1834 5502 2099 1834 5503 2102 1834 5504 2101 1835 5505 2096 1835 5506 2103 1835 5507 2104 1836 5508 2105 1836 5509 2106 1836 5510 2106 1837 5511 2105 1837 5512 2107 1837 5513 2104 1838 5514 2106 1838 5515 2108 1838 5516 2109 1839 5517 2110 1839 5518 2111 1839 5519 2109 1840 5520 2111 1840 5521 2112 1840 5522 2113 1841 5523 2114 1841 5524 2115 1841 5525 2114 1842 5526 2113 1842 5527 2116 1842 5528 2114 1843 5529 2116 1843 5530 2117 1843 5531 2116 1844 5532 2113 1844 5533 2118 1844 5534 2118 1845 5535 2113 1845 5536 2119 1845 5537 2118 1846 5538 2119 1846 5539 2116 1846 5540 2120 1847 5541 2119 1847 5542 2117 1847 5543 2119 1848 5544 2120 1848 5545 2116 1848 5546 2116 1849 5547 2120 1849 5548 2117 1849 5549 2121 1850 5550 2122 1850 5551 2123 1850 5552 2123 1851 5553 2122 1851 5554 2124 1851 5555 2124 1852 5556 2122 1852 5557 2125 1852 5558 2126 1853 5559 2127 1853 5560 2128 1853 5561 2127 1854 5562 2126 1854 5563 2129 1854 5564 2130 1855 5565 2131 1855 5566 2132 1855 5567 2133 1856 5568 2134 1856 5569 2135 1856 5570 2134 1857 5571 2133 1857 5572 2136 1857 5573 2136 1858 5574 2133 1858 5575 2137 1858 5576 2134 1859 5577 2136 1859 5578 2138 1859 5579 2138 1860 5580 2136 1860 5581 2139 1860 5582 2134 1861 5583 2138 1861 5584 2140 1861 5585 2140 1862 5586 2138 1862 5587 2141 1862 5588 2140 1863 5589 2141 1863 5590 2142 1863 5591 2141 1864 5592 2138 1864 5593 2143 1864 5594 2144 1865 5595 2145 1865 5596 2146 1865 5597 2147 1866 5598 2148 1866 5599 2149 1866 5600 2150 1867 5601 2151 1867 5602 2152 1867 5603 2150 1868 5604 2152 1868 5605 2153 1868 5606 2154 1869 5607 2155 1869 5608 2156 1869 5609 2155 1870 5610 2154 1870 5611 2157 1870 5612 2158 1871 5613 2159 1871 5614 2160 1871 5615 2158 1872 5616 2160 1872 5617 2161 1872 5618 2162 1873 5619 2163 1873 5620 2164 1873 5621 2166 1874 5622 2165 1874 5623 2167 1874 5624 2165 1875 5625 2167 1875 5626 2168 1875 5627 2169 1876 5628 2170 1876 5629 2171 1876 5630 2169 1877 5631 2171 1877 5632 2172 1877 5633 2169 1878 5634 2172 1878 5635 2173 1878 5636 2174 1879 5637 2175 1879 5638 2176 1879 5639 2177 1880 5640 2178 1880 5641 2179 1880 5642 2180 1881 5643 2181 1881 5644 2182 1881 5645 2180 1882 5646 2182 1882 5647 2183 1882 5648</p>
        </polylist>
      </mesh>
    </geometry>
  </library_geometries>
  <library_visual_scenes>
    <visual_scene id="Scene" name="Scene">
      <node id="MedicineTable1" name="MedicineTable1" type="NODE">
        <scale sid="scale">1 1 1</scale>
        <translate sid="location">0 0 0</translate>
        <rotate sid="rotationX">1 0 0 0</rotate>
        <rotate sid="rotationY">0 1 0 90</rotate>
        <rotate sid="rotationZ">0 0 1 0</rotate>
        <instance_geometry url="#MedicineTable1-mesh" name="MedicineTable1">
          <bind_material>
            <technique_common>
            </technique_common>
          </bind_material>
        </instance_geometry>
      </node>
    </visual_scene>
  </library_visual_scenes>
  <scene>
    <instance_visual_scene url="#Scene"/>
  </scene>
</COLLADA>
