<?xml version="1.0" encoding="utf-8"?>
<COLLADA xmlns="http://www.collada.org/2005/11/COLLADASchema" version="1.4.1" xmlns:xsi="http://www.w3.org/2001/XMLSchema-instance">
  <asset>
    <contributor>
      <author>Blockbench user</author>
      <authoring_tool>Blockbench</authoring_tool>
    </contributor>
    <created>2026-07-13T09:30:04.725Z</created>
    <modified>2026-07-13T09:30:04.735Z</modified>
    <unit name="meter" meter="1.0"/>
    <up_axis>Y_UP</up_axis>
  </asset>
  <library_effects>
  </library_effects>
  <library_images>
  </library_images>
  <library_materials>
  </library_materials>
  <library_geometries>
    <geometry id="Jaw-mesh" name="Jaw">
      <mesh>
        <source id="Jaw-mesh-positions">
          <float_array id="Jaw-mesh-positions-array" count="420">-0.020086 0.025506 0.054855 -0.036172 0.01555 0.002929 0.007499 0.069701 0.041131 -0.051069 0.002719 0.053175 -0.051272 -0.010071 -0.037519 0.003982 0.05947 -0.033846 0.002229 0.035455 0.003011 -0.000083 0.044358 0.074189 -0.018907 0.018952 0.045038 -0.038106 0.030692 0.053668 0.014413 0.07432 0.131172 -0.060856 0.006547 0.026751 -0.086868 0.00457 0.011867 -0.033675 -0.01142 0.008382 -0.024574 0.002211 0.090972 -0.00294 -0.008269 0.066408 -0.086229 0.006378 0.017714 -0.002302 0.043896 0.145842 0.07781 -0.007355 0.083251 0.037037 -0.003284 0.080808 0.079872 0.021454 0.123787 0.015847 0.021595 0.109873 -0.074524 0.021548 0.018332 -0.043556 0.035652 -0.112763 -0.084533 0.018191 -0.01096 -0.061201 0.01188 0.00288 -0.048514 0.028674 0.115207 0.014458 0.05179 0.118446 -0.079699 0.005288 -0.055755 -0.031086 0.019148 -0.116626 -0.041529 0.004635 -0.063534 0.011004 0.075371 -0.112373 0.008827 0.041409 0.003074 -0.004515 -0.007347 -0.061029 -0.014814 0.003652 -0.101502 0.017199 -0.011638 -0.032393 0.00881 -0.0578 0.007823 0.013077 -0.024037 0.051077 0.012475 0.018648 -0.088079 0.059982 0.070471 0.167615 -0.038397 0.007633 -0.048927 -0.015779 0.035716 -0.060631 0.005789 0.072004 -0.057758 -0.025539 0.022451 -0.056085 -0.045828 0.011642 0.131903 -0.079361 0.00345 0.061084 -0.068676 0.001799 0.102414 -0.000792 0.014206 0.169458 -0.04995 -0.032703 0.1464 0.028024 -0.002449 0.169642 0.02654 0.038026 0.162137 0.045452 0.047276 0.165902 0.120328 0.043706 0.174816 0.006179 0.059265 0.185933 0.023737 0.03945 0.157229 -0.015145 0.021896 0.159925 -0.037465 -0.004041 0.155673 0.010773 0.037337 -0.126667 -0.026328 -0.047503 -0.089913 -0.00278 -0.041405 -0.132637 0.031982 -0.024787 -0.103533 -0.047127 -0.034845 -0.14003 -0.013986 -0.075917 -0.10947 -0.095838 0.029277 0.100614 -0.091558 -0.020593 0.077249 -0.112462 0.032173 0.061432 0.078226 -0.052389 0.056785 0.10883 -0.084022 0.034732 0.147209 -0.072087 0.040693 0.114039 -0.048842 0.101321 0.131363 -0.048227 0.108289 0.108175 -0.081044 0.040854 0.128479 -0.046886 -0.10427 0.079433 -0.033854 -0.100945 0.111229 0.049214 -0.174262 0.069029 0.017366 -0.147772 0.077297 -0.05216 -0.049838 0.149752 -0.069279 -0.03712 0.080767 -0.010696 -0.099916 0.046165 -0.001398 -0.152447 0.106663 -0.080462 -0.036668 -0.095446 -0.005433 0.022447 -0.084844 0.005251 -0.008994 -0.113808 0.040561 -0.017928 -0.082139 -0.002935 -0.035299 -0.095161 -0.005609 -0.030576 -0.113073 0.035965 -0.053889 -0.085723 -0.003917 -0.06763 0.005928 0.00224 -0.170604 -0.019064 0.013455 -0.156535 -0.016439 0.046046 -0.182279 -0.033102 0.01794 -0.138444 0.001205 0.030883 -0.150312 -0.053141 0.011437 -0.114553 -0.044413 0.050941 -0.172835 -0.041145 -0.001581 -0.146348 0.007177 -0.017402 -0.094635 0.073185 -0.03069 -0.105886 0.003627 -0.039672 -0.072723 -0.00523 -0.021705 0.083217 0.029013 -0.018316 0.108775 -0.072316 0.040145 -0.141915 -0.095249 -0.021343 -0.060747 -0.072249 -0.004626 -0.099679 0.028338 -0.005686 -0.163447 0.027631 0.032513 -0.163234 -0.094038 -0.038888 0.003247 -0.057525 -0.09109 -0.005493 -0.039919 -0.087347 0.02349 -0.028044 -0.046168 0.100765 -0.037169 -0.093848 -0.00864 -0.043689 -0.126824 0.002481 0.036369 0.052925 -0.175297 0.056871 0.052591 -0.15762 0.005765 -0.062618 0.035233 0.046371 -0.06211 0.001242 0.104171 -0.08614 -0.020728 0.066722 0.046895 -0.163538 0.071891 0.038208 -0.134112 0.059559 0.05496 -0.158991 0.077065 0.013269 -0.10912 0.072912 0.064931 0.163357 0.002181 -0.053253 -0.033507 0.081174 -0.052853 -0.05255 0.004914 -0.06297 -0.030384 0.03623 -0.025405 0.113852 0.045845 -0.00093 0.156886 -0.003232 -0.036894 0.136596 0.069675 -0.026319 0.111271 0.089517 0.003703 0.125751 0.058577 -0.062613 0.014041 0.003142 -0.042234 0.069408 -0.014814 -0.081144 0.10945 -0.071179 0.029965 0.147769 0.073473 0.021038 0.158725 0.064137 0.048067 0.162043 0.004928 0.067581 -0.177789 -0.041912 0.051069 0.179225 -0.113847 0.042062 0.021317 -0.095542 0.037116 -0.092828</float_array>
          <technique_common>
            <accessor source="#Jaw-mesh-positions-array" count="140" stride="3">
              <param name="X" type="float"/>
              <param name="Y" type="float"/>
              <param name="Z" type="float"/>
            </accessor>
          </technique_common>
        </source>
        <source id="Jaw-mesh-normals">
          <float_array id="Jaw-mesh-normals-array" count="900">0.818011 -0.55616 -0.146776 -0.795881 0.599765 -0.082795 0.775974 -0.622072 0.104357 0.593273 -0.804459 -0.029547 0.402989 -0.775448 -0.486087 0.871105 -0.465337 -0.156963 -0.217786 -0.576568 0.787489 -0.26848 -0.815725 0.512358 -0.835077 0.405927 -0.371309 0.935194 -0.350015 -0.053857 -0.084763 -0.723416 0.68519 -0.153131 -0.667783 0.728434 -0.35219 0.870328 0.344226 -0.46575 0.466405 0.752026 -0.319084 0.164337 -0.93337 0.284138 0.940464 -0.186529 0.25088 0.950276 -0.184484 0.627583 0.533273 -0.567239 0.404816 0.905314 -0.128573 -0.590148 0.805894 -0.047534 0.11527 0.806899 -0.579333 0.129657 0.797998 -0.588548 -0.043936 0.74291 -0.667948 0.020371 0.925943 -0.377114 0.61223 -0.445786 -0.653031 -0.77771 -0.595349 0.201807 -0.845723 0.3854 0.36908 0.131712 0.96683 0.218841 0.35358 0.918456 -0.177258 0.23054 -0.964161 0.131319 0.856039 -0.252935 0.450801 -0.436391 0.899724 -0.007725 -0.677382 0.735452 -0.016245 0.922544 0.191177 -0.335207 0.072701 0.958328 0.276263 -0.587194 0.805864 0.07606 -0.369861 0.715992 -0.59208 -0.988973 -0.13328 0.064569 -0.317101 0.755785 -0.572918 0.992434 -0.118983 -0.03031 0.291793 0.939199 0.181004 0.225398 0.809568 0.542028 -0.036374 0.9984 0.0433 0.076819 0.992926 0.090532 0.987227 -0.157285 0.025398 -0.577109 0.738964 0.347675 -0.524403 0.476007 0.705988 0.771185 -0.635654 -0.034899 0.730448 -0.547997 0.407609 0.747196 -0.445204 0.493449 -0.060671 -0.04289 0.997236 0.697491 -0.288369 0.656011 0.777919 -0.478039 0.407824 -0.451518 0.789196 -0.416295 0.024734 0.999686 -0.003896 0.030857 0.999361 0.018037 0.000961 0.999213 0.039662 0.783041 -0.621956 -0.004143 0.758432 -0.646638 -0.081487 0.822352 -0.527132 -0.214171 0.107157 0.868311 -0.484307 -0.124862 0.813797 -0.567578 -0.576757 0.814946 -0.056698 -0.647342 0.762126 0.010611 -0.348343 0.823157 0.448408 -0.027506 0.998834 -0.039666 0.756852 0.640025 0.132453 -0.170652 -0.284829 0.943266 -0.450534 0.690816 0.565502 -0.032964 -0.045999 0.998397 0.522864 -0.362896 0.77131 -0.233217 0.598059 0.766769 -0.189177 0.605365 0.77314 0.631939 0.762323 -0.139705 0.677315 -0.342788 0.650954 -0.444185 0.240779 0.862975 -0.259624 -0.193044 0.946218 -0.677464 0.735301 -0.019366 0.919456 -0.143204 0.366187 0.856792 -0.513215 0.05018 0.377353 -0.922924 0.07626 0.052814 -0.568332 -0.821103 -0.464858 -0.408023 0.785764 -0.814086 0.235134 0.531015 -0.835937 0.198576 0.511642 0.350477 0.393593 0.849853 0.878686 -0.138615 0.456833 0.707621 0.68929 -0.155408 0.039576 -0.545403 0.837239 -0.092015 -0.945552 0.312193 -0.20203 0.872428 -0.445032 0.211705 0.599933 0.771532 0.055167 0.594287 0.802359 -0.081071 -0.641932 -0.762464 0.1786 0.948977 0.259893 0.594616 0.748661 0.293152 0.550111 -0.804199 -0.225038 -0.081065 0.350164 0.933174 -0.793286 0.605721 -0.061639 -0.802837 0.588696 -0.094284 -0.786538 0.614977 -0.056219 0.81285 0.532235 0.236644 0.963304 -0.211755 0.164938 0.995132 0.016863 0.097099 0.771755 -0.630291 0.084423 0.761781 -0.619563 -0.189289 0.993743 -0.022876 0.109323 0.805354 0.169652 0.567999 -0.562073 -0.575344 -0.594183 0.477411 0.560527 -0.676674 -0.927588 -0.373587 -0.003732 -0.583761 -0.473801 -0.659345 -0.453635 0.716703 -0.529671 0.623429 -0.514954 -0.588352 -0.331753 0.94312 -0.021544 -0.358533 0.933333 -0.018528 -0.14076 0.611865 0.778336 0.683806 0.625646 0.375469 -0.100274 -0.45298 -0.885863 0.108708 -0.941343 0.319461 0.253318 0.657666 0.70944 0.498228 -0.032353 -0.866442 -0.300694 0.764532 0.570153 0.355114 -0.862108 -0.361474 -0.057982 -0.872322 -0.485482 -0.461698 0.079408 -0.883476 -0.87291 0.175302 0.455299 0.802734 0.593316 0.059953 -0.728023 0.492886 -0.476493 -0.849609 0.053137 -0.524729 -0.814952 -0.169435 -0.554207 0.593271 -0.755825 -0.277052 0.394459 -0.868282 -0.300814 0.027756 -0.659216 -0.751441 0.058042 0.331307 0.941736 -0.677413 -0.554699 0.483137 -0.687399 -0.591806 0.421008 -0.435527 -0.87036 0.229761 -0.566354 -0.7975 -0.207936 -0.183696 -0.281325 -0.941866 0.981143 -0.155083 0.115361 -0.781032 0.602474 0.164357 0.522493 -0.588347 -0.61713 0.10614 -0.988018 0.112049 -0.491406 -0.765283 0.415766 -0.361591 -0.930005 0.065893 0.983823 -0.018286 -0.17821 0.548347 0.015569 0.836106 0.020409 0.959842 0.279796 0.074689 0.713581 0.69658 -0.338779 0.627955 0.700644 -0.460762 0.746535 0.479983 -0.39041 0.065588 0.918302 0.782103 -0.600687 -0.1658 -0.487957 0.870293 0.066991 -0.817441 0.524023 -0.239146 -0.683464 -0.369005 -0.629851 0.034577 0.943978 0.328191 0.063151 0.933506 0.352957 0.237998 -0.307991 0.92114 -0.482441 -0.756082 -0.442256 0.100699 -0.989349 -0.105113 0.017089 -0.930497 -0.365901 0.358142 -0.843714 0.399852 0.405797 -0.830458 0.381666 -0.094946 -0.591058 0.801021 0.459265 -0.795666 0.394957 0.307756 0.010988 -0.951402 0.522553 0.014412 -0.852485 0.01391 0.426889 -0.904197 0.356078 0.86141 -0.36219 0.512467 0.736318 -0.44183 -0.004365 0.937012 -0.349269 0.441494 0.539411 -0.71702 0.284944 0.584161 -0.759975 -0.394513 -0.083911 -0.915051 0.362896 -0.813984 -0.453581 0.421783 -0.880992 0.214365 0.297956 -0.890965 0.342643 0.125659 -0.542454 0.830634 0.078189 -0.726221 0.683001 -0.866245 -0.4015 -0.297349 -0.70534 -0.618987 0.34547 0.284264 0.821425 -0.494425 0.662004 0.711258 0.236355 -0.420536 0.584487 -0.693919 -0.598836 0.284924 -0.748474 -0.808182 -0.518523 -0.279241 0.872297 0.043691 0.48702 0.231832 0.197042 -0.95259 -0.212655 0.818461 -0.533759 0.947712 0.133946 0.289655 0.43283 -0.091983 -0.89677 -0.34242 -0.540611 -0.768432 -0.983106 -0.034805 -0.179699 -0.397383 -0.914246 0.079005 -0.832207 -0.510476 0.216439 0.793289 0.153766 -0.589108 0.299961 -0.953154 0.038998 0.008253 -0.657237 -0.753639 -0.397164 -0.33492 -0.854453 -0.681986 0.573416 -0.45397 -0.225079 0.933624 0.278721 0.763313 0.381006 -0.521716 0.925999 -0.329232 -0.184748 0.93816 -0.336376 -0.081896 0.408308 -0.876081 0.25645 -0.825292 -0.201857 0.527396 0.167796 0.981457 0.092658 -0.581339 0.721944 0.375289 0.20996 0.883544 0.418648 -0.888298 0.450701 -0.088287 -0.987581 -0.154729 0.027254 0.192835 -0.981222 0.004289 -0.620984 0.646367 0.443383 0.251131 -0.363184 0.897235 -0.328676 -0.712047 0.620453 -0.959273 -0.172869 0.223411 -0.218711 0.037842 0.975056 0.222086 -0.208124 0.952556 -0.108786 0.273036 0.955833 0.38246 -0.813895 0.437377 0.299485 0.912671 -0.278102 -0.23276 0.523184 0.819818 0.454304 -0.168244 -0.874815 0.263006 -0.893449 -0.364111 0.253743 -0.892819 -0.372142 -0.455131 0.850386 0.264005 -0.008503 -0.621744 0.783174 -0.304153 -0.140243 -0.942243 0.596134 0.691932 -0.407251 -0.847089 -0.318061 0.425767 -0.038859 0.070583 -0.996749 -0.448878 -0.80354 -0.390938 -0.264434 -0.936901 -0.228673 -0.223593 0.974613 0.01168 0.395806 0.381885 0.835165 0.294065 0.590129 0.751847 0.348207 0.937417 0.00025 0.122378 0.964839 -0.232614 0.022129 0.985578 0.167766 0.083973 0.991866 0.095653 -0.076849 0.962116 -0.261586 -0.136534 -0.856572 -0.497638 -0.101149 -0.249225 0.963149 0.977802 0.076044 -0.195243 0.590708 0.750652 0.295949 0.096672 -0.318242 0.943067 -0.999256 0.027944 0.026575 -0.868353 0.327605 -0.372341 -0.837438 -0.493031 -0.235833 -0.191189 -0.377468 -0.906071 -0.450661 -0.087674 -0.88838 0.423864 -0.893469 0.148504 0.750581 -0.659966 -0.032757 0.79817 -0.601081 -0.04033 -0.096274 0.641618 0.760958 -0.201523 -0.937504 0.283681 0.300329 -0.953519 -0.024588 -0.283215 0.942331 -0.178328 0.026601 -0.976795 0.21252 0.980894 0.127756 -0.146712 0.87531 0.481931 0.039688 0.623474 0.696866 0.354484 -0.622621 0.62961 -0.464688 0.272733 -0.952291 0.136962 -0.395906 -0.080081 -0.914793 0.979041 -0.000948 -0.20366 0.182828 0.474125 0.861266 -0.580549 0.784553 0.217807 0.205302 -0.455738 0.866114 0.298698 -0.888494 -0.348363 0.194388 -0.877767 0.43788 0.000383 -0.903921 0.427699 -0.207261 -0.934513 0.289359 -0.140745 -0.923288 -0.357393 -0.003454 -0.692256 -0.721644 -0.010632 0.686172 0.727362 -0.715092 -0.480257 -0.507934 -0.079732 0.985536 0.14954 -0.733119 0.626067 -0.265662 -0.122799 -0.804966 -0.580474 0.851687 -0.514265 -0.100803 0.87744 0.365104 -0.311123 -0.904355 0.044267 0.424478 -0.842559 -0.413536 -0.345082 -0.92494 -0.378108 -0.038982 -0.377614 0.831555 0.407336 0.877092 0.479554 0.027154 0.913047 0.278845 0.297643 0.189973 0.778696 -0.597949 0.348963 -0.937114 0.006476 0.869409 0.02256 0.493578 0.808001 0.401612 0.431095 0.256533 0.908719 0.329273 0.92683 -0.334824 0.169936 0.841359 0.41942 -0.340884 0.430029 0.618041 -0.658103 0.080955 0.833519 -0.546527 -0.250845 0.967658 0.026716</float_array>
          <technique_common>
            <accessor source="#Jaw-mesh-normals-array" count="300" stride="3">
              <param name="X" type="float"/>
              <param name="Y" type="float"/>
              <param name="Z" type="float"/>
            </accessor>
          </technique_common>
        </source>
        <source id="Jaw-mesh-map-0">
          <float_array id="Jaw-mesh-map-0-array" count="1800">0.036732 0.683696 0.053537 0.674667 0.024908 0.673711 0.40652 0.669768 0.409476 0.644214 0.384248 0.65187 0.384248 0.65187 0.40652 0.669768 0.35988 0.659154 0.384174 0.627413 0.409476 0.644214 0.384248 0.65187 0.140812 0.629144 0.112211 0.640101 0.15702 0.638776 0.328695 0.99468 0.349296 0.989728 0.317387 0.988728 0.304301 0.676556 0.29572 0.672544 0.306963 0.675756 0.306963 0.675756 0.29572 0.672544 0.305493 0.673571 0.412119 0.802737 0.414678 0.826335 0.405218 0.829082 0.240228 0.599007 0.259061 0.588988 0.226999 0.584471 0.270026 0.674345 0.290878 0.681559 0.304301 0.676556 0.270026 0.674345 0.304301 0.676556 0.29572 0.672544 0.034344 0.923356 0.052966 0.921288 0.06289 0.922909 0.055341 0.928228 0.06289 0.922909 0.034344 0.923356 0.156754 0.75863 0.180761 0.770254 0.1627 0.756565 0.416019 0.954848 0.437058 0.944199 0.446795 0.969763 0.443635 0.981557 0.416019 0.954848 0.446795 0.969763 0.213048 0.969609 0.211893 0.975656 0.173851 0.991513 0.416019 0.954848 0.40055 0.942143 0.437058 0.944199 0.193394 0.967826 0.213048 0.969609 0.173851 0.991513 0.312371 0.543923 0.333221 0.543844 0.320635 0.530507 0.333221 0.543844 0.352152 0.530365 0.320635 0.530507 0.333221 0.543844 0.368089 0.544678 0.352152 0.530365 0.347244 0.546209 0.368089 0.544678 0.333221 0.543844 0.189513 0.770528 0.198984 0.756802 0.180761 0.770254 0.198984 0.756802 0.193899 0.755726 0.180761 0.770254 0.193899 0.755726 0.180761 0.770254 0.1627 0.756565 0.301114 0.898561 0.279442 0.857762 0.300546 0.872567 0.30357 0.852866 0.279442 0.857762 0.295424 0.812309 0.00417 0.885195 0.008774 0.859741 0.011023 0.888468 0.464117 0.955866 0.460094 0.982649 0.452911 0.965135 0.168684 0.969688 0.173851 0.991513 0.156887 0.987741 0.193394 0.967826 0.173851 0.991513 0.168684 0.969688 0.240228 0.599007 0.226999 0.584471 0.220952 0.602282 0.455241 0.513984 0.43551 0.517342 0.437367 0.513468 0.301114 0.898561 0.300546 0.872567 0.32557 0.907029 0.422153 0.532406 0.466713 0.533694 0.448052 0.545072 0.401152 0.565642 0.403971 0.580703 0.417355 0.569788 0.340566 0.561712 0.403971 0.580703 0.401152 0.565642 0.333884 0.598052 0.309333 0.605463 0.338006 0.598691 0.371295 0.507815 0.35819 0.50934 0.373657 0.511493 0.29389 0.988304 0.292427 0.995693 0.308076 0.991229 0.386232 0.964739 0.40055 0.942143 0.416019 0.954848 0.40575 0.984678 0.390393 0.968903 0.416019 0.954848 0.438869 0.649639 0.423484 0.645866 0.433095 0.624313 0.484563 0.518977 0.48896 0.529947 0.495566 0.5258 0.466097 0.66124 0.470175 0.713361 0.454286 0.696898 0.468005 0.57343 0.468066 0.594796 0.469239 0.570217 0.070673 0.545104 0.093469 0.546956 0.102876 0.545911 0.268619 0.535825 0.303813 0.537879 0.287747 0.541692 0.061218 0.819341 0.053197 0.846839 0.059097 0.81442 0.339103 0.664909 0.338682 0.663686 0.338682 0.665726 0.339846 0.984947 0.331414 0.978936 0.35915 0.981765 0.060712 0.908898 0.069231 0.885088 0.076142 0.890166 0.060712 0.908898 0.052966 0.921288 0.037821 0.914958 0.034344 0.923356 0.037821 0.914958 0.052966 0.921288 0.037821 0.914958 0.047727 0.901052 0.060712 0.908898 0.386758 0.682216 0.376135 0.688091 0.371893 0.675383 0.241721 0.576748 0.243829 0.579197 0.246293 0.577561 0.342469 0.972089 0.331414 0.978936 0.35915 0.981765 0.449634 0.866845 0.462891 0.852834 0.456561 0.876409 0.294642 0.644976 0.267409 0.651264 0.292083 0.667136 0.30357 0.852866 0.295424 0.812309 0.354897 0.795883 0.354897 0.795883 0.353816 0.831296 0.30357 0.852866 0.186437 0.923842 0.244721 0.929823 0.247481 0.916864 0.416019 0.954848 0.443635 0.981557 0.40575 0.984678 0.40575 0.984678 0.443635 0.981557 0.44127 0.993683 0.261095 0.621617 0.303074 0.620009 0.256867 0.615975 0.391415 0.605446 0.36881 0.613743 0.404385 0.606871 0.256867 0.615975 0.180483 0.619155 0.261095 0.621617 0.36881 0.613743 0.391415 0.605446 0.381198 0.600718 0.137901 0.794197 0.139934 0.797747 0.141176 0.791844 0.333573 0.856656 0.340026 0.85349 0.339722 0.873985 0.496663 0.890865 0.499148 0.879183 0.500074 0.891085 0.085677 0.517906 0.08818 0.513363 0.109723 0.515913 0.354818 0.615222 0.345034 0.620782 0.36881 0.613743 0.288642 0.62315 0.303074 0.620009 0.261095 0.621617 0.089162 0.633238 0.056952 0.652735 0.08163 0.656612 0.446795 0.923034 0.449509 0.900859 0.470305 0.90354 0.446795 0.923034 0.470305 0.90354 0.464854 0.93171 0.015283 0.804376 0.020433 0.811198 0.017537 0.823406 0.087386 0.819502 0.098447 0.820101 0.087761 0.82694 0.190634 0.991868 0.222452 0.99199 0.224157 0.986183 0.274342 0.583069 0.285178 0.590065 0.29608 0.59351 0.274342 0.583069 0.29608 0.59351 0.324722 0.585399 0.478289 0.652469 0.470687 0.62366 0.478239 0.625707 0.026256 0.645682 0.025552 0.6402 0.050617 0.636859 0.025552 0.6402 0.050617 0.636859 0.035356 0.636872 0.240293 0.856103 0.260184 0.884917 0.249098 0.911227 0.103995 0.970838 0.136591 0.99783 0.093106 0.989896 0.143345 0.965512 0.103995 0.970838 0.136591 0.99783 0.303162 0.781026 0.300319 0.792113 0.304077 0.795522 0.028044 0.725452 0.089843 0.69579 0.022263 0.689127 0.160331 0.852273 0.125443 0.833886 0.195523 0.791391 0.107175 0.737364 0.112655 0.686425 0.089843 0.69579 0.063298 0.72398 0.089843 0.69579 0.028044 0.725452 0.167869 0.819178 0.146867 0.800024 0.195523 0.791391 0.214121 0.562105 0.193375 0.582163 0.195826 0.610986 0.196992 0.551402 0.195477 0.551817 0.190496 0.547701 0.045149 0.939334 0.041308 0.943321 0.048434 0.942039 0.101795 0.879523 0.104493 0.876623 0.103183 0.876482 0.06172 0.504663 0.074355 0.510938 0.074808 0.505122 0.481334 0.553077 0.480144 0.547344 0.475069 0.555545 0.112802 0.881704 0.104493 0.876623 0.101795 0.879523 0.196992 0.551402 0.219209 0.542145 0.190496 0.547701 0.475069 0.555545 0.481066 0.558574 0.481334 0.553077 0.104493 0.876623 0.112802 0.881704 0.124064 0.877674 0.142908 0.536763 0.143414 0.529664 0.176668 0.529939 0.493876 0.685271 0.489571 0.684102 0.487826 0.698767 0.050412 0.754516 0.056961 0.754458 0.05193 0.770399 0.492122 0.67892 0.484157 0.67722 0.493467 0.639617 0.190405 0.515708 0.194801 0.511565 0.191854 0.530858 0.1603 0.555373 0.154734 0.557518 0.161092 0.563499 0.121996 0.583022 0.118981 0.581488 0.116332 0.594862 0.423603 0.543478 0.408629 0.535799 0.422771 0.552139 0.242135 0.539503 0.261392 0.537449 0.2536 0.530553 0.422771 0.552139 0.408629 0.535799 0.404838 0.548566 0.494807 0.927502 0.490784 0.937031 0.4962 0.90248 0.031334 0.517684 0.013113 0.512126 0.011146 0.513241 0.422774 0.826612 0.43227 0.786349 0.433178 0.832147 0.075576 0.729318 0.067999 0.778353 0.082905 0.78203 0.408847 0.593449 0.410284 0.598535 0.425782 0.595249 0.462903 0.762044 0.463954 0.735559 0.455855 0.729612 0.455855 0.729612 0.462903 0.762044 0.449087 0.753133 0.449087 0.753133 0.462903 0.762044 0.46319 0.787568 0.274072 0.949318 0.255558 0.941884 0.242688 0.957964 0.478729 0.949141 0.485269 0.980469 0.476275 0.983189 0.258597 0.515303 0.256879 0.521276 0.274556 0.51635 0.271951 0.935934 0.273646 0.945099 0.276656 0.933537 0.258397 0.977049 0.272377 0.986027 0.311507 0.973616 0.258397 0.977049 0.311507 0.973616 0.297732 0.972897 0.098447 0.820101 0.123252 0.8096 0.125443 0.833886 0.368191 0.537086 0.370036 0.522799 0.370196 0.537446 0.226201 0.563394 0.232604 0.566406 0.233339 0.576156 0.146867 0.800024 0.195523 0.791391 0.155271 0.792623 0.364655 0.761107 0.383541 0.741999 0.403596 0.739824 0.403596 0.739824 0.412634 0.768605 0.364655 0.761107 0.3902 0.782131 0.364655 0.761107 0.412634 0.768605 0.417332 0.846303 0.442767 0.846103 0.392408 0.867599 0.139998 0.600001 0.143754 0.616081 0.125593 0.596131 0.270099 0.778877 0.278785 0.768938 0.279607 0.783931 0.480018 0.567657 0.478222 0.584871 0.479984 0.585373 0.218667 0.943576 0.205246 0.941604 0.195832 0.941351 0.258903 0.81058 0.268359 0.828457 0.240293 0.856103 0.240293 0.856103 0.268359 0.828457 0.260184 0.884917 0.363166 0.953968 0.339494 0.942453 0.348121 0.908947 0.354507 0.637496 0.350092 0.632775 0.341116 0.640259 0.379285 0.834618 0.38778 0.882889 0.370332 0.887497 0.031385 0.610624 0.077997 0.602607 0.028254 0.598562 0.028254 0.598562 0.077997 0.602607 0.042087 0.578037 0.057297 0.538815 0.04102 0.539985 0.01585 0.546054 0.375875 0.645439 0.363155 0.645325 0.37232 0.647998 0.245884 0.549407 0.275221 0.553336 0.291464 0.550879 0.480018 0.567657 0.481066 0.558574 0.475376 0.567979 0.464114 0.810865 0.465659 0.820099 0.469595 0.793162 0.454393 0.884486 0.439143 0.884282 0.48216 0.888643 0.441634 0.888121 0.48216 0.888643 0.439143 0.884282 0.10819 0.786398 0.075576 0.729318 0.082905 0.78203 0.107175 0.737364 0.075576 0.729318 0.10819 0.786398 0.38778 0.882889 0.393135 0.913226 0.370332 0.887497 0.370673 0.923045 0.363166 0.953968 0.348121 0.908947 0.353907 0.882297 0.370673 0.923045 0.348121 0.908947 0.119409 0.870862 0.160331 0.852273 0.134856 0.871262 0.219034 0.740342 0.228239 0.735344 0.230512 0.741148 0.119545 0.65575 0.168033 0.652918 0.10862 0.649764 0.220976 0.713124 0.287883 0.699447 0.290414 0.72991 0.163318 0.677896 0.191044 0.668042 0.168033 0.652918 0.224672 0.964088 0.242688 0.957964 0.218667 0.943576 0.186958 0.653145 0.218647 0.64493 0.179788 0.637583 0.103995 0.970838 0.08988 0.948998 0.066753 0.957331 0.144365 0.928576 0.08988 0.948998 0.103995 0.970838 0.143345 0.965512 0.144365 0.928576 0.103995 0.970838 0.144365 0.928576 0.106087 0.895741 0.08988 0.948998 0.103995 0.970838 0.066753 0.957331 0.036567 0.979683 0.093106 0.989896 0.103995 0.970838 0.036567 0.979683 0.441056 0.748115 0.430831 0.735165 0.435176 0.673624 0.139998 0.600001 0.137798 0.569712 0.147632 0.5583 0.270099 0.778877 0.279607 0.783931 0.258903 0.81058 0.258903 0.81058 0.279607 0.783931 0.268359 0.828457 0.029528 0.884333 0.030095 0.914703 0.023747 0.911483 0.191044 0.668042 0.163318 0.677896 0.203534 0.686592 0.023747 0.911483 0.017601 0.900542 0.029528 0.884333 0.491309 0.546286 0.49386 0.571534 0.486546 0.57384 0.494536 0.557023 0.49386 0.571534 0.491309 0.546286 0.113348 0.610192 0.085307 0.605475 0.089236 0.612604 0.435176 0.673624 0.429135 0.744033 0.421574 0.707101 0.332331 0.913454 0.316624 0.939442 0.327739 0.957955 0.392408 0.867599 0.442767 0.846103 0.422009 0.886828 0.211592 0.906972 0.194838 0.911024 0.209613 0.911662 0.042465 0.95579 0.024158 0.949442 0.036567 0.979683 0.066753 0.957331 0.042465 0.95579 0.036567 0.979683 0.362911 0.707347 0.362066 0.715781 0.370387 0.715588 0.302291 0.710363 0.295301 0.711719 0.304229 0.684147 0.304229 0.684147 0.302291 0.710363 0.301632 0.698764 0.481154 0.618973 0.475675 0.605523 0.479803 0.596118 0.3902 0.782131 0.412634 0.768605 0.415088 0.784127 0.327619 0.621011 0.337331 0.611425 0.317603 0.614326 0.071121 0.515253 0.048452 0.514738 0.050146 0.519454 0.213467 0.798963 0.221677 0.784566 0.211213 0.825473 0.101643 0.811554 0.112323 0.793721 0.113655 0.799139 0.278019 0.59571 0.285658 0.594807 0.281494 0.593646 0.242135 0.539503 0.2536 0.530553 0.219912 0.529934 0.444512 0.704005 0.443464 0.716479 0.440481 0.682976 0.383945 0.714055 0.362911 0.707347 0.370387 0.715588 0.106486 0.574131 0.122566 0.559334 0.087904 0.566221 0.106486 0.574131 0.1301 0.573474 0.122566 0.559334 0.270099 0.778877 0.258903 0.81058 0.211213 0.825473 0.383541 0.741999 0.406373 0.709801 0.403596 0.739824 0.408629 0.535799 0.381855 0.548992 0.404838 0.548566 0.077997 0.602607 0.089759 0.590761 0.072776 0.585517 0.042087 0.578037 0.077997 0.602607 0.072776 0.585517 0.318528 0.772975 0.304761 0.754435 0.329663 0.734025 0.304761 0.754435 0.316385 0.705237 0.329663 0.734025 0.321619 0.75508 0.318528 0.772975 0.329663 0.734025 0.245884 0.549407 0.234632 0.553048 0.240102 0.556615 0.475244 0.686138 0.480817 0.682646 0.481623 0.711119 0.315714 0.556949 0.317547 0.552558 0.331449 0.554662 0.052904 0.989833 0.021285 0.990583 0.024537 0.997985 0.024158 0.949442 0.036567 0.979683 0.008727 0.956376 0.223328 0.626123 0.261095 0.621617 0.202252 0.627768 0.261095 0.621617 0.180483 0.619155 0.202252 0.627768 0.219034 0.740342 0.230512 0.741148 0.284649 0.75525 0.01108 0.924997 0.007153 0.945291 0.008727 0.956376 0.01108 0.924997 0.023905 0.920078 0.024158 0.949442 0.008727 0.956376 0.024158 0.949442 0.01108 0.924997 0.067852 0.86227 0.081458 0.831723 0.125443 0.833886 0.433508 0.570463 0.436907 0.566544 0.436618 0.577805 0.05943 0.545563 0.057297 0.538815 0.021846 0.556584 0.021846 0.556584 0.057297 0.538815 0.01585 0.546054 0.248195 0.996341 0.271575 0.994099 0.247632 0.990217 0.332666 0.748455 0.33167 0.756013 0.36335 0.747858 0.459873 0.846143 0.454538 0.811203 0.459367 0.813842 0.226912 0.677034 0.22291 0.675366 0.231259 0.64754 0.231259 0.64754 0.226912 0.677034 0.230708 0.677316 0.160331 0.852273 0.197574 0.85277 0.201804 0.881194 0.193375 0.582163 0.15948 0.587982 0.167754 0.6109 0.460004 0.565085 0.463192 0.624137 0.447504 0.620528 0.444004 0.578039 0.460004 0.565085 0.447504 0.620528 0.193375 0.582163 0.171238 0.561346 0.15948 0.587982 0.144365 0.928576 0.13816 0.88696 0.106087 0.895741 0.107175 0.737364 0.10819 0.786398 0.131209 0.756122 0.144365 0.928576 0.150357 0.893648 0.13816 0.88696 0.207115 0.502871 0.197878 0.502871 0.211829 0.509058 0.110481 0.866951 0.125443 0.833886 0.160331 0.852273 0.075576 0.729318 0.089843 0.69579 0.063298 0.72398 0.074135 0.529386 0.064406 0.523795 0.061327 0.533078 0.131209 0.756122 0.127578 0.726534 0.107175 0.737364 0.422774 0.826612 0.421234 0.788831 0.43227 0.786349 0.304761 0.754435 0.297669 0.746711 0.306861 0.722665 0.297732 0.972897 0.311507 0.973616 0.318837 0.967913 0.349915 0.767323 0.318528 0.772975 0.320763 0.762892 0.067852 0.86227 0.110481 0.866951 0.076784 0.876741 0.295734 0.95739 0.274072 0.949318 0.242688 0.957964 0.115779 0.528086 0.109405 0.539912 0.130891 0.529013 0.089328 0.526448 0.082678 0.526236 0.109405 0.539912 0.089328 0.526448 0.109405 0.539912 0.115779 0.528086 0.496338 0.754042 0.480935 0.752664 0.481932 0.756102 0.212751 0.871125 0.240293 0.856103 0.249098 0.911227 0.260184 0.884917 0.276298 0.918419 0.249098 0.911227 0.470266 0.77001 0.488811 0.784158 0.485141 0.792917 0.190496 0.547701 0.219209 0.542145 0.21637 0.538382 0.409574 0.516899 0.403449 0.512375 0.401784 0.516222 0.330909 0.518018 0.326877 0.511354 0.302693 0.512979 0.030923 0.530768 0.007528 0.531623 0.022964 0.534758 0.470266 0.77001 0.485141 0.792917 0.481405 0.788049 0.488811 0.784158 0.46706 0.762688 0.470266 0.77001 0.441056 0.748115 0.435176 0.673624 0.440481 0.682976 0.053373 0.523917 0.053623 0.528508 0.061327 0.533078 0.006969 0.719135 0.028044 0.725452 0.022263 0.689127 0.185364 0.943292 0.218667 0.943576 0.195832 0.941351 0.218667 0.943576 0.157994 0.95365 0.185364 0.943292 0.442767 0.846103 0.442145 0.860668 0.422009 0.886828 0.221677 0.784566 0.270099 0.778877 0.211213 0.825473 0.211213 0.825473 0.258903 0.81058 0.240293 0.856103 0.240293 0.856103 0.212751 0.871125 0.211213 0.825473 0.160331 0.852273 0.201804 0.881194 0.170254 0.874063 0.417936 0.624502 0.408916 0.624534 0.412758 0.629338 0.418304 0.755754 0.417687 0.727023 0.421344 0.728935 0.288743 0.861684 0.293169 0.86798 0.309134 0.861386 0.408629 0.535799 0.377139 0.535878 0.381855 0.548992 0.005336 0.645849 0.005502 0.652579 0.024392 0.6513 0.449087 0.753133 0.46319 0.787568 0.449804 0.788921 0.447674 0.799105 0.449804 0.788921 0.46319 0.787568 0.257297 0.50954 0.271999 0.510422 0.258065 0.506887 0.062063 0.88538 0.058873 0.856995 0.062741 0.858232 0.339956 0.787457 0.315285 0.784294 0.318528 0.772975 0.376623 0.908581 0.37579 0.913371 0.374515 0.909156 0.169434 0.942547 0.17679 0.941053 0.168369 0.940009 0.363121 0.792454 0.367145 0.825387 0.359066 0.816707 0.369662 0.801431 0.367145 0.825387 0.363121 0.792454 0.08988 0.948998 0.106087 0.895741 0.083647 0.899501 0.278705 0.893801 0.276298 0.918419 0.260184 0.884917 0.236053 0.506773 0.245265 0.508814 0.245449 0.515849 0.245449 0.515849 0.235309 0.514624 0.236053 0.506773 0.089843 0.69579 0.075576 0.729318 0.107175 0.737364 0.058747 0.557841 0.087904 0.566221 0.07661 0.555115 0.367145 0.825387 0.365401 0.83735 0.359066 0.816707 0.106087 0.895741 0.090559 0.883356 0.083647 0.899501 0.19955 0.723793 0.159394 0.711212 0.17707 0.728805 0.193375 0.582163 0.167754 0.6109 0.195826 0.610986</float_array>
          <technique_common>
            <accessor source="#Jaw-mesh-map-0-array" count="900" stride="2">
              <param name="S" type="float"/>
              <param name="T" type="float"/>
            </accessor>
          </technique_common>
        </source>
        <vertices id="Jaw-mesh-vertices">
          <input semantic="POSITION" source="#Jaw-mesh-positions"/>
        </vertices>
        <polylist material="Material_-1-material" count="6">
          <input semantic="VERTEX" source="#Jaw-mesh-vertices" offset="0"/>
          <input semantic="NORMAL" source="#Jaw-mesh-normals" offset="1"/>
          <input semantic="TEXCOORD" source="#Jaw-mesh-map-0" offset="2" set="0"/>
          <vcount>3 3 3 3 3 3 3 3 3 3 3 3 3 3 3 3 3 3 3 3 3 3 3 3 3 3 3 3 3 3 3 3 3 3 3 3 3 3 3 3 3 3 3 3 3 3 3 3 3 3 3 3 3 3 3 3 3 3 3 3 3 3 3 3 3 3 3 3 3 3 3 3 3 3 3 3 3 3 3 3 3 3 3 3 3 3 3 3 3 3 3 3 3 3 3 3 3 3 3 3 3 3 3 3 3 3 3 3 3 3 3 3 3 3 3 3 3 3 3 3 3 3 3 3 3 3 3 3 3 3 3 3 3 3 3 3 3 3 3 3 3 3 3 3 3 3 3 3 3 3 3 3 3 3 3 3 3 3 3 3 3 3 3 3 3 3 3 3 3 3 3 3 3 3 3 3 3 3 3 3 3 3 3 3 3 3 3 3 3 3 3 3 3 3 3 3 3 3 3 3 3 3 3 3 3 3 3 3 3 3 3 3 3 3 3 3 3 3 3 3 3 3 3 3 3 3 3 3 3 3 3 3 3 3 3 3 3 3 3 3 3 3 3 3 3 3 3 3 3 3 3 3 3 3 3 3 3 3 3 3 3 3 3 3 3 3 3 3 3 3 3 3 3 3 3 3 3 3 3 3 3 3 3 3 3 3 3 3 3 3 3 3 3 3 3 3 3 3 3 3</vcount>
          <p>0 0 0 1 0 1 2 0 2 4 1 3 3 1 4 1 1 5 1 2 6 4 2 7 5 2 8 0 3 9 3 3 10 1 3 11 6 4 12 1 4 13 5 4 14 7 5 15 8 5 16 2 5 17 7 6 18 9 6 19 0 6 20 0 7 21 9 7 22 8 7 23 2 8 24 8 8 25 0 8 26 7 9 27 2 9 28 10 9 29 11 10 30 8 10 31 7 10 32 11 11 33 7 11 34 9 11 35 12 12 36 3 12 37 8 12 38 11 13 39 8 13 40 12 13 41 8 14 42 3 14 43 9 14 44 13 15 45 3 15 46 14 15 47 15 16 48 13 16 49 14 16 50 3 17 51 16 17 52 17 17 53 13 18 54 4 18 55 3 18 56 0 19 57 3 19 58 17 19 59 18 20 60 19 20 61 20 20 62 19 21 63 21 21 64 20 21 65 19 22 66 14 22 67 21 22 68 15 23 69 14 23 70 19 23 71 16 24 72 22 24 73 3 24 74 22 25 75 11 25 76 3 25 77 11 26 78 3 26 79 9 26 80 23 27 81 24 27 82 25 27 83 25 28 84 24 28 85 26 28 86 26 29 87 16 29 88 17 29 89 10 30 90 17 30 91 27 30 92 7 31 93 17 31 94 27 31 95 0 32 96 17 32 97 7 32 98 7 33 99 10 33 100 27 33 101 29 34 102 28 34 103 30 34 104 23 35 105 25 35 106 31 35 107 1 36 108 2 36 109 6 36 110 32 37 111 2 37 112 5 37 113 25 38 114 2 38 115 32 38 116 2 39 117 6 39 118 5 39 119 33 40 120 34 40 121 30 40 122 30 41 123 4 41 124 33 41 125 33 42 126 4 42 127 13 42 128 35 43 129 33 43 130 13 43 131 36 44 132 35 44 133 37 44 134 38 45 135 34 45 136 33 45 137 26 46 138 39 46 139 10 46 140 40 47 141 30 47 142 41 47 143 22 48 144 30 48 145 42 48 146 42 49 147 22 49 148 40 49 149 42 50 150 30 50 151 41 50 152 41 51 153 40 51 154 43 51 155 40 52 156 43 52 157 42 52 158 14 53 159 44 53 160 17 53 161 14 54 162 3 54 163 45 54 164 12 55 165 45 55 166 3 55 167 45 56 168 46 56 169 14 56 170 4 57 171 43 57 172 5 57 173 4 58 174 30 58 175 43 58 176 5 59 177 43 59 178 42 59 179 21 60 180 17 60 181 20 60 182 21 61 183 14 61 184 17 61 185 25 62 186 26 62 187 10 62 188 10 63 189 2 63 190 25 63 191 25 64 192 32 64 193 5 64 194 13 65 195 15 65 196 35 65 197 35 66 198 15 66 199 37 66 200 47 67 201 48 67 202 49 67 203 50 68 204 47 68 205 51 68 206 49 69 207 52 69 208 47 69 209 47 70 210 50 70 211 53 70 212 17 71 213 47 71 214 54 71 215 47 72 216 17 72 217 55 72 218 54 73 219 53 73 220 50 73 221 47 74 222 54 74 223 53 74 224 55 75 225 56 75 226 47 75 227 56 76 228 48 76 229 47 76 230 31 77 231 25 77 232 42 77 233 41 78 234 57 78 235 31 78 236 41 79 237 31 79 238 42 79 239 58 80 240 59 80 241 60 80 242 61 81 243 59 81 244 62 81 245 63 82 246 64 82 247 46 82 248 46 83 249 64 83 250 48 83 251 46 84 252 48 84 253 56 84 254 65 85 255 64 85 256 45 85 257 64 86 258 45 86 259 63 86 260 45 87 261 63 87 262 46 87 263 66 88 264 67 88 265 68 88 266 69 89 267 68 89 268 70 89 269 71 90 270 69 90 271 68 90 272 73 91 273 72 91 274 74 91 275 75 92 276 72 92 277 74 92 278 73 93 279 60 93 280 74 93 281 76 94 282 77 94 283 72 94 284 78 95 285 72 95 286 75 95 287 60 96 288 79 96 289 74 96 290 76 97 291 80 97 292 77 97 293 82 98 294 81 98 295 22 98 296 81 99 297 16 99 298 12 99 299 12 100 300 82 100 301 81 100 302 83 101 303 81 101 304 28 101 305 81 102 306 28 102 307 24 102 308 84 103 309 82 103 310 12 103 311 82 104 312 28 104 313 22 104 314 24 105 315 22 105 316 81 105 317 82 106 318 84 106 319 28 106 320 85 107 321 28 107 322 83 107 323 28 108 324 85 108 325 86 108 326 28 109 327 87 109 328 86 109 329 85 110 330 81 110 331 83 110 332 88 111 333 89 111 334 90 111 335 89 112 336 91 112 337 92 112 338 92 113 339 89 113 340 90 113 341 91 114 342 93 114 343 29 114 344 92 115 345 91 115 346 29 115 347 29 116 348 93 116 349 34 116 350 91 117 351 89 117 352 94 117 353 95 118 354 94 118 355 89 118 356 96 119 357 78 119 358 33 119 359 97 120 360 96 120 361 98 120 362 12 121 363 22 121 364 11 121 365 19 122 366 15 122 367 99 122 368 99 123 369 19 123 370 100 123 371 100 124 372 19 124 373 18 124 374 95 125 375 89 125 376 88 125 377 94 126 378 95 126 379 91 126 380 93 127 381 95 127 382 101 127 383 91 128 384 95 128 385 93 128 386 95 129 387 61 129 388 102 129 389 95 130 390 102 130 391 103 130 392 59 131 393 104 131 394 60 131 395 104 132 396 79 132 397 60 132 398 61 133 399 88 133 400 59 133 401 79 134 402 74 134 403 105 134 404 106 135 405 107 135 406 108 135 407 108 136 408 109 136 409 106 136 410 64 137 411 106 137 412 109 137 413 102 138 414 61 138 415 106 138 416 110 139 417 111 139 418 107 139 419 108 140 420 111 140 421 110 140 422 45 141 423 26 141 424 16 141 425 105 142 426 112 142 427 113 142 428 114 143 429 115 143 430 66 143 431 66 144 432 115 144 433 67 144 434 116 145 435 67 145 436 115 145 437 117 146 438 118 146 439 75 146 440 57 147 441 117 147 442 119 147 443 117 148 444 57 148 445 118 148 446 118 149 447 57 149 448 120 149 449 17 150 450 51 150 451 121 150 452 54 151 453 50 151 454 51 151 455 17 152 456 54 152 457 51 152 458 45 153 459 22 153 460 26 153 461 22 154 462 24 154 463 26 154 464 24 155 465 23 155 466 28 155 467 29 156 468 28 156 469 23 156 470 122 157 471 97 157 472 98 157 473 76 158 474 97 158 475 122 158 476 117 159 477 74 159 478 119 159 479 123 160 480 116 160 481 115 160 482 124 161 483 123 161 484 115 161 485 124 162 486 73 162 487 123 162 488 49 163 489 125 163 490 126 163 491 126 164 492 125 164 493 52 164 494 125 165 495 70 165 496 52 165 497 49 166 498 127 166 499 125 166 500 104 167 501 88 167 502 105 167 503 104 168 504 105 168 505 79 168 506 69 169 507 128 169 508 129 169 509 130 170 510 128 170 511 69 170 512 71 171 513 130 171 514 69 171 515 130 172 516 131 172 517 128 172 518 69 173 519 129 173 520 52 173 521 70 174 522 69 174 523 52 174 524 29 175 525 23 175 526 119 175 527 110 176 528 124 176 529 115 176 530 108 177 531 110 177 532 114 177 533 114 178 534 110 178 535 115 178 536 132 179 537 127 179 538 48 179 539 127 180 540 49 180 541 48 180 542 48 181 543 109 181 544 132 181 545 133 182 546 46 182 547 56 182 548 44 183 549 46 183 550 133 183 551 133 184 552 56 184 553 44 184 554 119 185 555 23 185 556 31 185 557 57 186 558 31 186 559 119 186 560 106 187 561 61 187 562 107 187 563 58 188 564 62 188 565 59 188 566 134 189 567 135 189 568 52 189 569 129 190 570 134 190 571 52 190 572 98 191 573 96 191 574 33 191 575 105 192 576 88 192 577 136 192 578 136 193 579 105 193 580 92 193 581 136 194 582 88 194 583 92 194 584 64 195 585 109 195 586 48 195 587 58 196 588 61 196 589 62 196 590 132 197 591 109 197 592 127 197 593 127 198 594 109 198 595 125 198 596 59 199 597 88 199 598 104 199 599 105 200 600 92 200 601 112 200 602 92 201 603 29 201 604 112 201 605 112 202 606 29 202 607 113 202 608 35 203 609 98 203 610 33 203 611 122 204 612 35 204 613 36 204 614 122 205 615 98 205 616 35 205 617 108 206 618 114 206 619 125 206 620 107 207 621 111 207 622 108 207 623 93 208 624 30 208 625 34 208 626 57 209 627 34 209 628 38 209 629 120 210 630 57 210 631 38 210 632 87 211 633 102 211 634 81 211 635 102 212 636 64 212 637 81 212 638 85 213 639 87 213 640 81 213 641 17 214 642 44 214 643 55 214 644 56 215 645 55 215 646 137 215 647 44 216 648 55 216 649 137 216 650 137 217 651 44 217 652 56 217 653 135 218 654 52 218 655 121 218 656 51 219 657 47 219 658 121 219 659 47 220 660 52 220 661 121 220 662 49 221 663 126 221 664 52 221 665 10 222 666 39 222 667 121 222 668 10 223 669 17 223 670 135 223 671 121 224 672 135 224 673 10 224 674 107 225 675 58 225 676 60 225 677 124 226 678 107 226 679 60 226 680 26 227 681 17 227 682 39 227 683 39 228 684 17 228 685 121 228 686 81 229 687 138 229 688 16 229 689 45 230 690 81 230 691 65 230 692 138 231 693 81 231 694 45 231 695 22 232 696 16 232 697 138 232 698 138 233 699 22 233 700 45 233 701 73 234 702 72 234 703 77 234 704 80 235 705 71 235 706 68 235 707 33 236 708 78 236 709 120 236 710 38 237 711 33 237 712 120 237 713 80 238 714 130 238 715 71 238 716 130 239 717 36 239 718 131 239 719 76 240 720 122 240 721 130 240 722 130 241 723 122 241 724 36 241 725 14 242 726 46 242 727 44 242 728 124 243 729 60 243 730 73 243 731 97 244 732 72 244 733 78 244 734 78 245 735 75 245 736 120 245 737 130 246 738 80 246 739 76 246 740 96 247 741 97 247 742 78 247 743 102 248 744 106 248 745 64 248 746 103 249 747 102 249 748 87 249 749 86 250 750 87 250 751 85 250 752 107 251 753 124 251 754 110 251 755 61 252 756 95 252 757 88 252 758 41 253 759 29 253 760 57 253 761 43 254 762 30 254 763 29 254 764 43 255 765 29 255 766 41 255 767 34 256 768 57 256 769 29 256 770 70 257 771 66 257 772 68 257 773 67 258 774 77 258 775 68 258 776 40 259 777 84 259 778 12 259 779 22 260 780 28 260 781 30 260 782 45 261 783 12 261 784 16 261 785 28 262 786 103 262 787 139 262 788 84 263 789 93 263 790 28 263 791 40 264 792 12 264 793 22 264 794 84 265 795 30 265 796 40 265 797 29 266 798 119 266 799 113 266 800 75 267 801 118 267 802 120 267 803 117 268 804 75 268 805 74 268 806 119 269 807 105 269 808 113 269 809 105 270 810 74 270 811 119 270 812 61 271 813 58 271 814 107 271 815 109 272 816 108 272 817 125 272 818 125 273 819 114 273 820 66 273 821 66 274 822 70 274 823 125 274 824 73 275 825 77 275 826 123 275 827 116 276 828 123 276 829 77 276 830 101 277 831 103 277 832 93 277 833 95 278 834 103 278 835 101 278 836 93 279 837 84 279 838 30 279 839 93 280 840 103 280 841 28 280 842 100 281 843 18 281 844 128 281 845 129 282 846 128 282 847 18 282 848 88 283 849 90 283 850 92 283 851 139 284 852 87 284 853 28 284 854 139 285 855 103 285 856 87 285 857 64 286 858 65 286 859 81 286 860 42 287 861 25 287 862 5 287 863 135 288 864 129 288 865 20 288 866 134 289 867 129 289 868 135 289 869 128 290 870 131 290 871 100 290 872 116 291 873 77 291 874 67 291 875 99 292 876 131 292 877 37 292 878 37 293 879 15 293 880 99 293 881 72 294 882 97 294 883 76 294 884 131 295 885 36 295 886 37 295 887 129 296 888 18 296 889 20 296 890 131 297 891 99 297 892 100 297 893 20 298 894 17 298 895 135 298 896 80 299 897 68 299 898 77 299 899</p>
        </polylist>
      </mesh>
    </geometry>
    <geometry id="Body-mesh" name="Body">
      <mesh>
        <source id="Body-mesh-positions">
          <float_array id="Body-mesh-positions-array" count="663">0.385406 -0.291723 0.169979 0.043887 -0.171788 0.090096 0.384357 -0.28439 0.168227 0.388422 -0.306005 0.185794 0.377309 -0.30627 0.182064 0.40542 -0.299159 0.177898 0.395316 -0.287691 0.167385 0.055327 -0.147389 0.114363 0.391845 -0.284104 0.171956 0.38651 -0.288989 0.174739 0.404533 -0.251833 0.147948 0.399857 -0.345812 0.209734 0.388646 -0.313485 0.184124 0.288173 -0.301277 0.178251 0.271344 -0.19016 0.064802 0.196148 -0.202141 -0.104887 0.357879 -0.298094 -0.178724 0.386772 -0.265898 -0.167449 0.347531 -0.327065 -0.197481 0.35153 -0.362985 -0.214533 0.352492 -0.323509 -0.192469 0.365722 -0.345543 -0.211481 0.315386 -0.275355 -0.166891 0.357739 -0.304867 -0.184712 0.370216 -0.316513 -0.195609 0.325484 -0.329508 -0.19854 0.193979 -0.171853 -0.09125 0.362842 -0.301346 -0.188215 0.177589 -0.054812 0.169158 0.171095 -0.048759 0.155937 0.32445 -0.021112 0.198511 0.25603 -0.312911 -0.175947 0.004997 -0.162258 -0.088283 -0.125801 0.121592 0.135935 -0.197771 0.13109 0.116573 -0.126369 0.168351 0.150852 0.363118 -0.134969 -0.118698 0.3654 -0.153011 0.090582 0.150619 -0.143528 -0.117996 0.221078 -0.200911 0.052941 0.1597 -0.166742 -0.108703 0.147708 -0.072052 -0.152637 0.160967 -0.05413 -0.14826 0.172374 -0.033062 -0.153455 0.173647 -0.031454 -0.15443 0.087414 0.001368 -0.179417 -0.091812 -0.207551 0.011548 0.080816 0.005183 -0.173932 0.153036 0.003807 -0.157126 0.148645 0.016711 -0.163493 0.15653 0.024543 -0.170524 0.150349 0.003633 -0.160863 0.17133 -0.011035 -0.159511 0.175927 -0.011951 -0.159726 0.161415 -0.003477 -0.160735 0.149259 0.015589 -0.163246 0.290502 -0.03107 -0.192738 0.167884 -0.022461 -0.155779 0.171897 -0.016288 -0.157507 0.169292 -0.015965 -0.158685 0.170416 -0.031078 -0.153365 0.17074 -0.033678 -0.154452 0.16972 -0.023689 -0.155357 0.158912 -0.01247 -0.157371 0.15966 -0.008807 -0.158059 0.159643 -0.016812 -0.156189 0.160332 -0.0119 -0.157396 0.163998 -0.006685 -0.158984 0.161748 -0.015801 -0.156458 -0.237456 0.162659 -0.092585 -0.105984 0.071223 -0.153886 -0.106183 0.148574 -0.117744 0.155899 -0.069022 0.158455 0.161941 -0.037621 0.156167 0.17092 -0.047999 0.155245 0.173044 -0.031239 0.159756 0.167556 -0.055004 0.154305 0.068503 -0.055056 0.172123 0.161495 -0.013655 0.16335 0.166872 -0.008154 0.162322 0.113411 0.08493 0.179979 0.150938 0.031691 0.179426 0.16405 -0.005822 0.167461 0.168395 -0.008618 0.16599 0.166553 -0.012711 0.164927 0.167716 -0.013399 0.165189 0.162237 -0.013578 0.164551 0.16296 -0.013639 0.164737 0.143474 -0.073312 0.152756 0.170708 -0.052706 0.154234 0.170156 -0.053972 0.154261 0.230852 0.142758 0.186537 0.086111 0.023624 0.18378 0.065911 0.187872 -0.142111 0.092952 0.143951 -0.181677 0.027255 0.244241 -0.153697 -0.054426 0.287616 -0.053956 0.022948 0.242209 -0.114486 -0.052585 0.025889 -0.152356 -0.105679 -0.06066 -0.099944 -0.105966 0.082939 -0.109469 -0.070024 0.160042 -0.062148 -0.159768 0.046118 -0.096298 -0.099823 0.088483 -0.105717 -0.170514 -0.089779 -0.086353 -0.146269 0.022256 -0.098248 -0.089635 -0.080413 -0.121672 -0.158309 0.028369 -0.089463 -0.038998 -0.122395 -0.092691 0.099339 0.116242 -0.171794 -0.117759 0.181202 -0.130527 0.093819 0.150638 -0.167618 0.149283 0.015565 -0.16324 0.157088 0.026789 -0.168147 -0.094585 -0.108698 0.122015 -0.181308 -0.027446 0.025337 -0.056071 -0.04595 -0.146735 -0.126375 0.210317 -0.109862 -0.072542 -0.068121 0.172834 -0.144856 0.007564 0.155788 -0.170544 0.085874 0.146361 -0.154651 0.003387 0.076816 -0.187506 0.045277 0.1174 -0.192359 0.046903 0.114255 -0.168274 0.012314 0.137436 -0.051269 0.009547 0.1994 -0.123041 -0.016748 0.144124 -0.220904 0.034374 0.123867 -0.055205 -0.049596 0.17161 -0.202617 0.065747 0.128627 -0.240438 0.075697 0.111221 -0.191076 0.046243 0.117913 -0.177013 0.043975 0.131604 -0.18148 0.043126 0.120162 -0.17302 0.035434 0.12364 -0.14184 0.042769 0.14395 -0.16816 0.034708 0.12609 -0.16575 0.032464 0.128027 -0.168241 0.033556 0.127689 -0.165644 0.035531 0.127577 -0.156087 0.028765 0.131669 -0.153282 0.024107 0.130852 -0.212693 0.06214 0.132852 -0.249082 0.124738 0.109989 -0.272635 0.054697 0.108651 -0.300399 0.046513 0.074033 -0.219429 0.05611 -0.05829 -0.219394 0.056845 -0.059295 -0.208234 0.067622 -0.081577 -0.243238 0.013595 -0.078294 -0.220475 0.056211 -0.057741 -0.215411 0.026952 -0.080503 -0.223555 0.055517 -0.061349 -0.252953 0.076205 -0.05455 -0.319751 0.052872 0.010775 -0.265226 0.025342 -0.054204 -0.243844 0.063897 -0.048085 -0.281178 0.078412 -0.030727 -0.233365 0.060958 -0.052394 -0.227579 0.056617 -0.051127 -0.234375 0.05956 -0.055887 -0.166147 0.032221 -0.083933 -0.150904 0.025214 -0.089619 -0.172213 0.035828 -0.079934 -0.161725 0.030462 -0.088443 -0.168034 0.011644 -0.100454 -0.190559 0.04464 -0.077609 -0.196837 0.049217 -0.069796 -0.191494 0.044996 -0.071192 -0.186142 0.023015 -0.077577 -0.188266 0.044944 -0.073411 -0.1744 0.016157 -0.087825 -0.183188 0.056432 -0.087319 -0.183045 0.042192 -0.075999 -0.16012 0.030545 -0.105669 -0.180825 0.037415 -0.078611 -0.159632 0.028809 -0.091404 -0.173696 0.035959 -0.083755 -0.167226 0.032529 -0.085484 -0.174857 0.037914 -0.079815 -0.208635 0.06481 -0.086066 -0.212016 0.064705 -0.08547 -0.212775 0.066922 -0.085392 -0.220079 0.066074 -0.082761 -0.215305 0.06333 -0.086643 0.101071 0.115688 0.196329 -0.099795 -0.056595 0.144844 -0.116529 0.184158 0.16892 -0.068034 0.161326 0.061784 -0.249156 0.102087 0.088189 -0.30121 0.071499 0.050299 -0.212155 0.066637 0.12914 -0.213378 0.067878 0.130333 -0.247983 0.157574 0.123594 -0.157586 -0.101817 0.122452 -0.15576 0.026628 -0.093713 -0.193939 -0.052987 0.000297 -0.202842 -0.078391 0.125194 -0.248748 0.060196 0.096859 -0.243595 0.064704 0.097387 -0.212202 0.062846 0.133365 -0.275347 0.157654 -0.013172 -0.060809 0.161755 -0.063697 -0.190116 0.190811 0.152047 -0.27987 0.115543 -0.027782 -0.224718 0.183742 -0.093267 -0.070004 0.304029 -0.005104 0.066098 0.381988 0.01853 0.150792 0.405531 0.02617 -0.04262 0.270677 0.108603 -0.185145 0.081033 -0.108079 0.079559 0.183224 0.171392 -0.130783 0.119892 0.165121 0.102585 0.138351 0.208928 0.074123 0.18047 0.164732 0.107206 0.2572 0.178914 0.021538 0.239483 0.165206 0.056128 0.195948 0.159619 -0.148902 0.17982 -0.089136 -0.211799 0.196328 -0.071298 -0.130566 0.119468 -0.098225</float_array>
          <technique_common>
            <accessor source="#Body-mesh-positions-array" count="221" stride="3">
              <param name="X" type="float"/>
              <param name="Y" type="float"/>
              <param name="Z" type="float"/>
            </accessor>
          </technique_common>
        </source>
        <source id="Body-mesh-normals">
          <float_array id="Body-mesh-normals-array" count="1767">0.152558 -0.208961 -0.965951 -0.16299 0.891704 0.422253 0.062428 -0.643986 -0.762486 -0.354044 -0.554071 0.753431 -0.961262 -0.074078 0.265496 0.411579 -0.538605 0.735192 -0.055785 0.539538 0.840111 0.092233 0.570747 0.815929 -0.215151 -0.840933 0.49653 0.718035 -0.662328 0.213885 0.058201 0.52673 0.848038 0.016447 -0.535955 -0.844087 -0.196617 -0.427703 -0.882276 0.230073 0.529677 0.8164 0.221741 0.524409 0.822086 0.268697 -0.51149 -0.816198 -0.472745 0.178502 -0.86293 -0.304106 -0.945182 -0.118953 0.012798 -0.542633 -0.839872 0.262938 0.826916 0.497064 0.188641 -0.568793 -0.800555 -0.305278 -0.224312 0.925467 0.083376 0.549475 0.831339 -0.040936 0.506285 0.861394 -0.510287 -0.474269 0.717409 -0.249023 -0.924944 -0.287169 -0.289235 -0.654047 -0.698975 0.02855 -0.232697 -0.97213 -0.006806 -0.575921 -0.817477 -0.036029 0.515058 0.856398 -0.122036 -0.880668 -0.457745 0.143926 -0.439636 0.88657 -0.478614 -0.419461 0.77135 0.389159 -0.456635 0.800025 -0.388966 -0.875721 0.286038 -0.626878 -0.598227 -0.499147 0.173428 -0.419563 0.891005 0.404451 -0.446057 0.798406 0.26291 -0.493864 0.82884 0.287058 -0.535706 0.794114 0.035353 -0.662353 0.748358 0.279493 -0.298494 0.91257 -0.096768 0.523965 -0.846225 0.392955 -0.887492 0.240716 -0.164455 0.395144 -0.903779 -0.697045 0.482961 -0.529978 0.456629 0.887262 -0.065233 0.074634 0.466069 -0.881595 0.288031 -0.809265 -0.511985 -0.019916 0.3575 0.933701 0.083491 0.219518 -0.972029 0.215801 -0.399037 0.891179 0.081061 -0.506764 0.858265 -0.024565 0.575905 -0.817148 -0.167951 0.473883 -0.864423 -0.242544 0.258063 -0.935188 -0.084307 -0.995831 -0.034822 -0.076584 0.528193 -0.845664 -0.060582 0.41345 -0.908509 -0.591661 0.80442 -0.053349 -0.177762 0.308172 -0.934575 -0.026203 0.587176 -0.809035 0.158435 -0.492435 0.855807 -0.078446 0.542807 -0.836186 0.013443 -0.502666 0.864376 -0.284322 -0.294517 0.912371 -0.284322 -0.294517 0.912371 0.385767 -0.918818 -0.083418 0.177466 -0.963382 -0.200999 -0.036873 0.94268 0.331654 -0.133863 -0.241441 -0.961138 0.112745 -0.871786 -0.476736 -0.210859 -0.433266 -0.876253 0.114194 -0.330392 -0.93691 -0.879528 -0.2463 0.407144 -0.189168 -0.970059 0.15232 0.183018 -0.327651 -0.926903 -0.349891 -0.26739 -0.897819 -0.652861 -0.626275 0.426089 -0.090521 0.366369 -0.926056 0.367652 0.789919 -0.490774 -0.130355 -0.430827 -0.89297 -0.129492 -0.431908 -0.892573 0.333673 -0.938887 -0.08458 0.320214 0.461497 0.827335 0.221253 0.432604 0.874014 -0.065085 0.937598 0.341576 -0.222952 0.117568 0.967714 0.579859 0.200228 0.789729 -0.222982 0.765886 0.603074 -0.734345 0.45132 0.506999 0.1019 0.287889 0.952227 -0.200465 0.400227 0.894221 -0.002712 0.365299 -0.930886 -0.308024 -0.004466 0.951368 -0.626352 0.195977 -0.754504 0.153663 0.242175 0.957987 0.258423 -0.619417 -0.74131 -0.185802 -0.139244 -0.972671 -0.341094 -0.119307 -0.932427 0.060018 -0.242977 -0.968174 -0.329691 -0.27457 -0.90328 0.36407 0.397508 -0.842283 0.329822 0.343278 0.879419 0.993456 0.105426 0.043949 0.080534 -0.24687 -0.965696 -0.30717 -0.492736 -0.814161 0.215402 -0.222573 -0.950822 -0.085132 -0.226482 -0.970288 0.136504 -0.380184 -0.914782 0.922471 -0.119416 0.367134 0.276797 0.323151 0.904962 0.206755 0.149104 0.966965 -0.094923 -0.228322 -0.968947 0.034276 -0.457416 -0.888592 0.003201 0.163954 0.986463 -0.067181 0.210141 0.97536 -0.010179 -0.237267 -0.971391 -0.144265 -0.231012 -0.962196 0.215715 0.290128 0.932359 -0.281727 -0.191014 -0.940289 -0.26113 -0.455585 -0.851031 0.203406 0.362743 0.909419 -0.053943 -0.150342 -0.987161 -0.362442 0.297797 0.883149 0.055482 0.39768 0.915845 0.293775 0.391921 0.871834 -0.248075 0.162377 -0.955035 0.28641 0.330789 0.899193 0.360445 -0.464252 0.809043 0.5434 -0.705784 -0.454516 -0.127375 -0.430524 -0.893546 0.3111 0.61867 0.721432 0.299923 0.261213 0.917504 0.288539 -0.385819 0.876293 -0.298545 -0.143028 -0.943618 0.127226 -0.419608 0.898745 -0.151002 -0.042906 -0.987602 0.62622 -0.308813 0.715879 0.559615 -0.280788 0.779737 0.212315 0.171628 -0.962012 -0.160764 -0.040921 -0.986144 0.235539 -0.048842 0.970637 0.700538 0.499092 -0.510053 -0.026058 -0.524566 0.850971 -0.12562 0.301963 -0.945007 0.409451 0.375502 -0.831474 0.290989 -0.19814 0.935984 -0.946087 -0.292772 -0.138576 -0.117967 -0.983668 0.135948 -0.173526 0.497881 0.849708 -0.174028 0.497863 0.849616 -0.635975 0.688395 0.348782 0.254376 -0.932076 -0.257929 0.26134 0.28158 -0.923263 0.098788 0.326569 -0.939997 0.037313 0.235433 -0.971174 0.676222 -0.641655 -0.361945 0.099066 -0.765261 -0.636052 -0.647074 0.25813 -0.717401 0.63599 -0.687248 -0.351008 0.085859 0.152752 -0.984528 -0.277865 -0.106127 0.95474 0.258125 0.281774 -0.924108 -0.205777 0.232966 -0.950465 0.922568 0.379189 -0.071299 0.217582 0.300623 -0.928593 0.2011 0.682298 -0.702871 -0.206243 0.216307 -0.954293 0.575749 0.815838 -0.054052 0.062949 -0.372312 0.92597 0.00227 -0.31327 -0.949661 -0.013665 0.102132 -0.994677 0.78718 -0.306188 -0.535346 0.245184 -0.397331 0.884315 -0.385111 -0.102941 0.917111 -0.766253 0.529392 -0.364144 0.759494 -0.319063 0.566893 0.909304 0.086472 -0.40705 0.188526 -0.437481 0.879243 0.628311 -0.693466 -0.352605 -0.665141 -0.686767 0.293153 0.010226 0.016864 0.999805 0.578959 -0.342219 0.740063 0.086106 -0.537295 0.838987 0.232345 0.182405 -0.955376 0.965263 -0.167334 -0.200665 0.211491 -0.213239 0.953835 0.024242 0.772596 -0.634434 -0.491397 0.331236 -0.805488 -0.103249 -0.358089 0.927961 -0.206915 -0.407161 0.88961 0.697118 0.563795 0.442902 0.177872 -0.2143 0.960436 0.203252 0.186895 -0.961124 0.478755 -0.204925 0.853697 -0.706926 -0.668282 0.231637 0.38644 -0.285063 0.877156 0.828571 0.557417 -0.052493 0.078928 0.25235 0.964412 -0.562809 -0.819978 -0.104313 -0.337555 0.493411 -0.801624 -0.202627 0.311741 -0.92831 0.207338 0.410534 0.88796 0.637819 0.744651 -0.196677 -0.081902 0.548776 -0.831947 -0.586247 0.785025 -0.200124 -0.586525 0.783204 -0.20635 -0.360122 -0.395675 0.844839 0.732571 -0.008118 0.680642 -0.233266 -0.052612 -0.970989 0.864744 0.191836 0.46413 -0.658773 -0.316915 -0.682337 -0.484227 -0.21634 -0.847774 -0.582613 0.748636 0.316395 0.198267 0.707446 0.678388 0.257944 -0.480546 0.838177 0.533125 -0.099368 0.840181 -0.021227 -0.676343 0.736281 -0.300024 0.135329 -0.944284 0.269161 -0.258809 0.927669 -0.854005 -0.337938 -0.395568 -0.211855 0.131402 -0.968427 -0.998304 0.039453 0.042799 -0.425302 -0.672838 -0.605316 -0.277875 -0.515229 -0.810756 0.368433 0.387637 0.844982 0.216609 0.503802 0.83622 -0.165641 0.080091 0.982928 -0.171003 0.120678 0.977852 -0.041835 -0.012255 0.999049 -0.700707 -0.429125 0.569966 -0.282128 -0.212202 -0.935614 -0.812101 0.043369 0.581903 0.054665 -0.190381 -0.980187 0.857849 0.397833 -0.325305 0.838958 0.442074 0.317365 -0.679475 -0.497358 -0.539396 -0.276335 -0.21657 -0.936342 -0.165656 -0.040507 -0.985351 -0.598696 -0.794151 -0.104339 -0.826239 -0.405173 -0.391362 0.232611 0.357511 0.904477 0.023964 0.378511 0.925287 -0.033984 0.063553 -0.9974 -0.119594 -0.266075 -0.956505 -0.213146 -0.244667 -0.94589 -0.124801 0.341865 0.931425 0.609342 0.001523 0.792906 -0.00715 0.25679 0.966441 -0.139666 0.062222 0.988242 0.68385 -0.100143 -0.722717 0.6198 0.693169 -0.36792 0.110043 -0.159731 -0.981008 0.133462 0.072402 -0.988406 -0.162194 0.735952 -0.657318 0.345423 0.167541 -0.92337 0.369399 0.192593 -0.909094 -0.219909 -0.006921 -0.975496 0.705754 0.130116 -0.696406 -0.381543 0.349628 -0.855678 0.085075 0.492075 -0.866386 0.807703 0.194958 0.556424 -0.164469 0.064536 0.984269 -0.507628 -0.770896 0.384751 0.420262 0.476381 -0.772296 -0.384444 -0.407766 0.828209 -0.483327 -0.859653 0.165506 0.445818 0.683506 -0.577984 -0.801004 -0.571645 0.177803 0.468348 0.446533 -0.762403 0.509419 0.763589 -0.396767 -0.362569 -0.604284 0.709496 -0.247374 -0.964315 0.094351 0.29066 0.77952 0.554857 -0.129209 0.28706 0.949158 0.404883 0.627275 -0.665278 -0.004697 0.407702 0.913103 0.069388 0.992491 -0.100733 0.018478 -0.677219 0.735549 -0.240641 0.380538 0.892907 0.589713 0.738273 0.327401 0.395713 0.718429 -0.572076 -0.407423 -0.911386 0.058161 -0.039374 0.716977 0.695984 0.285773 0.810262 0.511674 -0.220742 -0.645785 0.730914 0.503081 0.288896 0.814524 0.029724 -0.811716 -0.583295 -0.036681 0.630122 0.775629 -0.516721 0.70685 0.483075 -0.395459 0.561235 0.727068 -0.385084 0.330287 0.861754 -0.736771 0.123014 0.664858 -0.073693 -0.783127 0.61748 -0.589331 0.137183 0.796159 -0.5204 0.383038 0.763195 0.327522 -0.082967 -0.941194 -0.508582 -0.213981 0.834 0.246886 -0.007027 -0.969019 -0.609264 -0.477883 0.632792 -0.43383 0.566882 0.700312 -0.364084 -0.056186 -0.92967 0.293288 -0.748021 -0.595354 -0.453933 -0.245666 0.8565 -0.770615 -0.619287 -0.150452 0.773127 0.609431 0.175693 0.306181 -0.730222 -0.610761 -0.557007 -0.182725 0.810157 -0.5559 -0.151259 0.817371 0.154041 0.539382 0.827852 -0.241677 0.07324 0.967589 0.543224 -0.802774 -0.245889 -0.391301 -0.736262 -0.552088 0.345519 -0.550931 0.759666 -0.993715 -0.071008 -0.086539 -0.201455 -0.584481 0.786001 -0.471035 -0.678275 -0.563976 -0.718656 0.16882 -0.674562 0.463862 -0.117901 -0.878027 -0.299404 0.309296 -0.902604 -0.595682 0.408247 -0.691735 -0.639033 -0.735678 -0.224535 -0.195738 0.503151 -0.84174 -0.443469 -0.582675 -0.681047 -0.383754 -0.690464 -0.613182 -0.965154 0.062193 0.254183 -0.26749 0.463405 -0.84481 -0.552296 -0.46131 -0.694379 -0.056106 0.74613 -0.663433 -0.474202 -0.68706 -0.550528 -0.36983 -0.927974 -0.045727 -0.228293 -0.939606 -0.254996 -0.446692 -0.355788 0.820903 -0.077648 -0.917653 0.389723 0.779068 -0.512019 0.361787 -0.437721 -0.650163 -0.621038 0.396977 0.829191 0.393512 -0.766222 0.103406 0.634201 0.358339 -0.924773 -0.128019 -0.608587 -0.49072 -0.623551 -0.638132 -0.230144 -0.734725 -0.248662 -0.876109 0.413038 -0.388899 -0.917105 0.087612 -0.46698 -0.140973 -0.872958 -0.738184 -0.226536 -0.635426 -0.065281 -0.52123 0.850916 -0.558023 -0.795273 -0.236961 0.250624 -0.488846 0.835594 -0.490058 -0.664547 -0.564111 -0.468698 -0.06573 -0.88091 -0.453565 -0.775274 -0.439578 -0.540325 -0.448481 -0.711979 0.065754 0.387362 -0.91958 -0.971352 -0.198596 -0.130515 0.02443 -0.997963 0.058924 -0.135432 -0.306646 0.942139 0.343923 0.904179 -0.253332 0.698188 -0.48605 0.525632 -0.435408 -0.660889 -0.611265 0.50957 0.511375 0.691978 -0.53979 -0.468048 -0.699684 -0.545768 -0.525246 -0.652881 -0.544556 -0.294644 -0.785267 0.676112 0.595012 0.43455 0.592631 0.762385 0.259917 0.630066 -0.767977 -0.115014 0.549436 -0.186913 0.814361 0.790679 -0.026147 0.611673 0.298548 0.077095 -0.951276 0.194598 0.054765 -0.979353 -0.805499 -0.324334 0.495963 -0.525025 0.687446 0.501764 -0.541177 -0.54059 -0.644119 -0.696671 -0.143338 -0.702925 0.933076 0.022175 0.358995 -0.381131 0.136789 -0.914346 -0.568248 -0.515536 -0.64134 0.915575 0.255841 0.31027 0.588056 -0.160204 0.792795 0.39739 0.422411 0.814647 0.168436 -0.862328 0.477514 -0.180755 -0.173883 -0.968035 0.931939 0.040922 -0.360299 -0.568327 -0.69525 -0.440037 0.902329 0.427694 0.05367 0.877402 0.3496 -0.32855 0.662988 0.539268 0.519266 -0.162392 -0.94043 -0.298697 -0.411204 -0.900676 -0.140333 0.342143 0.782259 -0.520586 -0.303406 -0.201172 -0.931383 -0.174856 0.290615 -0.940727 -0.604085 -0.233617 0.761909 0.30097 -0.103335 0.948019 0.769924 0.242825 0.59013 0.223695 0.130241 0.965918 0.317998 0.790428 -0.523547 0.05081 -0.822299 0.566782 0.109616 -0.081043 -0.990665 0.323 -0.54495 0.773757 -0.32955 -0.017021 0.943985 -0.127657 0.802531 -0.582792 0.519383 0.853816 0.035205 0.273048 -0.952972 0.131486 0.157954 0.109122 -0.981399 -0.866296 0.233107 -0.441806 -0.080746 0.601232 0.794985 -0.5436 -0.222739 0.80925 0.460976 0.11997 -0.879266 -0.535477 -0.052998 0.842885 0.400909 -0.010069 -0.916062 0.158075 0.108979 -0.981395 -0.039853 0.744105 -0.666873 0.413184 0.784471 -0.462476 0.454353 0.692085 -0.560876 0.090642 0.995038 -0.041022 0.490274 -0.661105 -0.567954 0.53502 0.331032 -0.777285 0.839304 -0.542936 0.0281 -0.256865 0.067961 0.964055 0.151294 0.276565 -0.949011 -0.813459 -0.339962 0.471922 -0.578395 0.382339 0.720608 0.385442 0.911694 -0.142298 -0.584129 -0.301365 0.753639 -0.854174 -0.411647 -0.317701 0.390912 -0.825372 0.407368 -0.825353 -0.564094 -0.024274 -0.283551 -0.958909 -0.00965 -0.319745 0.125527 0.939152 0.76265 0.169491 -0.624209 0.431271 -0.726665 0.534756 -0.488247 -0.772465 0.406094 -0.457836 0.432357 0.776822 -0.366931 -0.296714 -0.881659 -0.426666 0.392266 0.814913 -0.585781 -0.73549 -0.340463 -0.382226 -0.921513 0.068677 -0.335567 -0.698722 0.631809 -0.189866 -0.591077 0.783951 -0.005577 -0.782281 0.622901 -0.838547 -0.484697 0.248813 -0.816703 -0.531587 0.224527 0.170041 0.081454 -0.982065 -0.61739 -0.740756 0.264783 -0.555875 -0.771357 0.309858 -0.12903 -0.254124 0.958526 -0.418532 -0.878957 0.228615 0.308261 -0.911419 -0.272563 0.135752 -0.778958 -0.612206 -0.084933 0.68778 0.720934 -0.536759 0.217938 -0.815103 0.619719 0.634421 0.462016 0.502902 0.697283 0.510769 0.061965 0.318738 0.945815 -0.3051 0.014546 0.952209 0.485233 0.161059 -0.859424 0.615201 0.503339 -0.606776 -0.815137 -0.426613 -0.391858 -0.870711 0.370819 0.323042 0.522451 -0.579103 -0.625848 -0.015295 0.685072 -0.728315 -0.614462 -0.511235 0.600895 0.018933 0.643822 -0.764941 0.41565 -0.876462 0.243003 0.111544 -0.633766 0.76544 0.639976 -0.281288 -0.715058 0.378594 0.407641 -0.83096 -0.72365 -0.037515 0.689147 0.683732 0.19455 0.703321 -0.19513 0.959189 -0.204645 0.477072 0.330415 0.814388 0.52966 0.210747 0.821611 0.091795 -0.995598 -0.018949 0.7182 0.395294 0.572654 -0.146727 0.96901 0.198723 0.436167 -0.881719 0.179806 -0.312772 0.949714 -0.014762 0.674284 0.738241 -0.018476 -0.578267 -0.815049 -0.036082 -0.396973 -0.917693 0.015882 -0.780124 0.611206 0.133543 -0.66743 0.720489 0.188234 -0.669406 0.742531 0.023317 0.100872 -0.616323 0.781006 -0.513106 0.83279 0.207804 -0.26564 0.765394 0.586181 0.530731 -0.83814 -0.125881 0.042097 -0.61063 0.790796 -0.234969 0.005543 -0.971987 -0.298583 -0.012995 -0.954295 -0.208064 0.597912 -0.774087 -0.398156 0.91731 0.003803 -0.222378 0.693168 -0.685614 0.471596 -0.87288 -0.125206 0.80292 0.335558 0.492666 0.312119 -0.945836 0.089313 0.196952 0.092111 0.976077 -0.230221 0.750314 -0.619699 0.471836 -0.599057 0.646917 -0.227897 -0.530114 -0.816726 -0.044505 -0.041738 0.998137 -0.086511 0.164926 -0.982505 0.188379 0.831567 -0.522504 -0.184039 0.184232 -0.965499 -0.153786 -0.928843 0.337046 -0.194998 0.568499 0.79924 -0.720661 -0.189944 0.66676 -0.939633 -0.331139 -0.086233 0.617117 -0.12241 -0.777291 0.558042 -0.125145 -0.820322 0.46355 0.049436 -0.884691 -0.097157 0.009231 0.995226 -0.59364 -0.54737 0.589896 0.171244 0.550733 0.816926 -0.206376 0.717607 0.665168 -0.783088 0.252475 0.568357 -0.794865 0.590839 0.138197 -0.854659 0.421038 0.303784 -0.116845 -0.31204 0.942857 -0.109696 0.0907 0.989818 0.081624 -0.12206 0.989161 0.124823 -0.392379 0.911295 -0.250484 0.671889 0.69701 -0.67531 -0.592858 0.43872 -0.07447 0.355587 -0.931672 -0.307282 -0.043218 0.950637 -0.005472 -0.568736 -0.822502 -0.079749 0.073885 0.994073 -0.585268 -0.459826 0.667849 -0.849093 0.006141 0.528208 0.028935 -0.217988 0.975522 -0.181028 -0.043107 0.982533 -0.422548 -0.154228 0.893122 0.000899 -0.101493 0.994836 -0.231622 0.946667 0.223992 -0.43449 0.8818 -0.18343 0.165347 -0.514085 0.841651 0.342874 0.923385 -0.172618 -0.753803 0.0783 -0.652419 -0.362119 -0.25457 -0.896696 -0.651191 -0.02237 -0.758584 -0.243765 0.358832 -0.90101 -0.090342 -0.43269 0.897005 -0.731802 0.079464 -0.676869 0.812523 -0.094436 -0.575229 0.783174 -0.44714 -0.432092 0.374649 -0.636667 0.674013 0.477226 -0.372367 0.795988 0.154338 0.013951 0.98792 -0.476884 0.325699 -0.816395 -0.209371 0.575007 -0.790905 -0.714151 0.087495 -0.694502 0.109438 0.898827 -0.42442 -0.845071 -0.151605 -0.512709 0.526951 0.845646 0.084885 0.79894 -0.157809 -0.580337 -0.166269 0.228897 0.959146 -0.028997 -0.554866 -0.831434 -0.670946 -0.153904 -0.725359 -0.313941 -0.317999 0.894605 0.349099 -0.812902 0.466176 0.201997 0.180992 0.962517 -0.462876 -0.404747 -0.788623 0.434876 0.894857 -0.100568 -0.158476 -0.928422 0.336032 -0.578649 -0.366359 -0.728661 0.404815 0.898487 -0.169839 0.081352 -0.273893 0.958313 -0.30431 0.645401 0.700609 -0.000485 -0.521046 -0.853529 -0.064071 0.590404 -0.80456 0.081877 0.680584 -0.728081 0.322585 -0.834961 -0.445847 0.386536 0.113539 0.915259 -0.379538 0.178516 0.90779 -0.328752 0.009525 -0.944368 0.490963 -0.865567 -0.098738 0.545159 0.230039 0.806153 -0.046669 -0.46801 -0.88249 0.234809 -0.5212 0.820497 -0.708913 -0.41503 0.570257 -0.421164 -0.188819 0.887112 -0.028293 -0.447686 -0.893743 0.317954 0.042656 -0.947146 0.471443 0.376059 0.797697 -0.25578 0.067524 -0.964374 -0.25578 0.067524 -0.964374</float_array>
          <technique_common>
            <accessor source="#Body-mesh-normals-array" count="589" stride="3">
              <param name="X" type="float"/>
              <param name="Y" type="float"/>
              <param name="Z" type="float"/>
            </accessor>
          </technique_common>
        </source>
        <source id="Body-mesh-map-0">
          <float_array id="Body-mesh-map-0-array" count="3534">0.888099 0.690148 0.904628 0.640818 0.88941 0.689526 0.882681 0.689172 0.883868 0.691792 0.886389 0.694978 0.888099 0.690148 0.889454 0.69201 0.886389 0.694978 0.894622 0.76489 0.899237 0.71067 0.898824 0.708771 0.701492 0.960888 0.701016 0.959495 0.702736 0.959337 0.934175 0.686895 0.934678 0.685725 0.935761 0.687306 0.898824 0.708771 0.900019 0.709312 0.904407 0.707061 0.896463 0.706474 0.894622 0.76489 0.898824 0.708771 0.868174 0.759627 0.869932 0.759936 0.869822 0.758881 0.701016 0.959495 0.701492 0.960888 0.699909 0.959337 0.898824 0.708771 0.904407 0.707061 0.909214 0.701361 0.88941 0.689526 0.904628 0.640818 0.892808 0.694198 0.88941 0.689526 0.892808 0.694198 0.889454 0.69201 0.909214 0.701361 0.899792 0.702535 0.898824 0.708771 0.898824 0.708771 0.899792 0.702535 0.896463 0.706474 0.659752 0.998657 0.663937 0.997967 0.663807 0.999361 0.882725 0.692782 0.883868 0.691792 0.886389 0.694978 0.904628 0.640818 0.888099 0.690148 0.886389 0.694978 0.882681 0.689172 0.904628 0.640818 0.886389 0.694978 0.894622 0.76489 0.900019 0.709312 0.899237 0.71067 0.883413 0.69683 0.882725 0.692782 0.886389 0.694978 0.894622 0.76489 0.904785 0.709835 0.904407 0.707061 0.894622 0.76489 0.904407 0.707061 0.900019 0.709312 0.909214 0.701361 0.904407 0.707061 0.909685 0.728663 0.591641 0.532221 0.553614 0.53374 0.58258 0.534432 0.931636 0.779108 0.930602 0.762775 0.93026 0.720515 0.874528 0.697216 0.882681 0.689172 0.88108 0.691259 0.550745 0.722276 0.550557 0.72533 0.551954 0.724804 0.882681 0.689172 0.874528 0.697216 0.904628 0.640818 0.88301 0.665159 0.874528 0.697216 0.904628 0.640818 0.904628 0.640818 0.907306 0.642369 0.904882 0.663663 0.557237 0.611921 0.548133 0.615936 0.54419 0.626468 0.547316 0.6077 0.541777 0.600462 0.546209 0.608992 0.546209 0.608992 0.541777 0.600462 0.538627 0.606275 0.557237 0.611921 0.549212 0.614764 0.548133 0.615936 0.54712 0.614325 0.557237 0.611921 0.549212 0.614764 0.557237 0.611921 0.546209 0.608992 0.54712 0.614325 0.54712 0.614325 0.546209 0.608992 0.538627 0.606275 0.54712 0.614325 0.538627 0.606275 0.543057 0.612698 0.543057 0.612698 0.54419 0.626468 0.548133 0.615936 0.54712 0.614325 0.543057 0.612698 0.548133 0.615936 0.774701 0.941876 0.776124 0.944604 0.775937 0.941468 0.774701 0.941876 0.774655 0.944699 0.776124 0.944604 0.974463 0.674055 0.976146 0.674578 0.974949 0.674912 0.557237 0.611921 0.580257 0.628755 0.54419 0.626468 0.597126 0.53853 0.597433 0.539913 0.595715 0.540023 0.529333 0.89895 0.528271 0.89753 0.530129 0.898023 0.612821 0.596889 0.615045 0.597036 0.613691 0.595529 0.555273 0.847722 0.554055 0.851509 0.555488 0.832656 0.894622 0.76489 0.909685 0.728663 0.905641 0.711179 0.550557 0.72533 0.551954 0.724804 0.551341 0.72574 0.557237 0.611921 0.541777 0.600462 0.547316 0.6077 0.56963 0.607044 0.541777 0.600462 0.557237 0.611921 0.532016 0.532898 0.529344 0.532143 0.528675 0.533584 0.750584 0.611749 0.767884 0.610904 0.785169 0.589063 0.750584 0.611749 0.74136 0.624384 0.767884 0.610904 0.592844 0.796137 0.613777 0.779722 0.550624 0.78639 0.755085 0.601926 0.774666 0.590709 0.740381 0.594758 0.750584 0.611749 0.744796 0.606614 0.742642 0.610642 0.744796 0.606614 0.750584 0.611749 0.746719 0.607386 0.727302 0.583202 0.740011 0.581023 0.716388 0.581327 0.747002 0.613652 0.740673 0.615876 0.750584 0.611749 0.740673 0.615876 0.742642 0.610642 0.747002 0.613652 0.744796 0.606614 0.755085 0.601926 0.735855 0.601509 0.750584 0.611749 0.746719 0.607386 0.755085 0.601926 0.979412 0.513057 0.974179 0.519928 0.981924 0.523531 0.843894 0.859021 0.843132 0.867752 0.837582 0.86072 0.708742 0.725708 0.728952 0.741806 0.740612 0.720122 0.535169 0.759932 0.566002 0.755189 0.524878 0.750307 0.591532 0.853233 0.625826 0.869881 0.634497 0.834448 0.640843 0.714678 0.663221 0.725691 0.670773 0.728768 0.579666 0.752201 0.529227 0.739683 0.566002 0.755189 0.579462 0.724654 0.579666 0.752201 0.5753 0.727414 0.579666 0.752201 0.5753 0.727414 0.571836 0.723463 0.679332 0.73202 0.670773 0.728768 0.708742 0.725708 0.640843 0.714678 0.670773 0.728768 0.708742 0.725708 0.579666 0.752201 0.571836 0.723463 0.569143 0.719973 0.579666 0.752201 0.569143 0.719973 0.568579 0.719821 0.905753 0.587747 0.898027 0.586708 0.880124 0.589368 0.583779 0.54928 0.591779 0.543117 0.579669 0.547624 0.579669 0.547624 0.591779 0.543117 0.568087 0.545663 0.579666 0.752201 0.598155 0.737843 0.579462 0.724654 0.598155 0.737843 0.589396 0.709823 0.579462 0.724654 0.625826 0.869881 0.634497 0.834448 0.656896 0.847508 0.568945 0.857383 0.591532 0.853233 0.559535 0.829265 0.559535 0.829265 0.591532 0.853233 0.577452 0.836784 0.88896 0.552343 0.888269 0.548306 0.874529 0.551083 0.671057 0.708614 0.689095 0.700327 0.676006 0.698809 0.669764 0.575192 0.668946 0.582149 0.66899 0.576645 0.671057 0.708614 0.672398 0.699341 0.671118 0.698113 0.932914 0.870007 0.931622 0.870606 0.933943 0.873163 0.934891 0.865406 0.935847 0.864575 0.933075 0.867136 0.671057 0.708614 0.676006 0.698809 0.672839 0.697885 0.923142 0.930645 0.924465 0.967989 0.921731 0.959982 0.559535 0.829265 0.577452 0.836784 0.577193 0.835055 0.949551 0.520368 0.950332 0.518717 0.951915 0.518557 0.949551 0.520368 0.950649 0.522623 0.951915 0.518557 0.832999 0.93974 0.833586 0.939671 0.833243 0.938113 0.569571 0.719482 0.569143 0.719973 0.571836 0.723463 0.933351 0.860043 0.931659 0.856476 0.933476 0.861686 0.933476 0.861686 0.931659 0.856476 0.933348 0.86269 0.500996 0.68295 0.500405 0.683821 0.501108 0.684866 0.766645 0.817392 0.766703 0.818239 0.767105 0.81759 0.949492 0.522297 0.950649 0.522623 0.949551 0.520368 0.51454 0.905257 0.512925 0.905257 0.514046 0.905663 0.569571 0.719482 0.571836 0.723463 0.5695 0.717628 0.933075 0.867136 0.932914 0.870007 0.9624 0.854325 0.713676 0.503106 0.714483 0.502808 0.71265 0.503077 0.713747 0.50274 0.71265 0.503077 0.714483 0.502808 0.518519 0.671791 0.518175 0.671756 0.518982 0.67227 0.518175 0.671756 0.518982 0.67227 0.518572 0.672668 0.933075 0.867136 0.932283 0.865554 0.934124 0.864213 0.639735 0.976822 0.639735 0.978042 0.638927 0.97761 0.713747 0.50274 0.714483 0.502808 0.71488 0.501807 0.71488 0.501807 0.714483 0.502808 0.714264 0.502289 0.933075 0.867136 0.934124 0.864213 0.934891 0.865406 0.518175 0.671756 0.518572 0.670634 0.518519 0.671791 0.71265 0.503077 0.713747 0.50274 0.712813 0.502552 0.712813 0.502552 0.71488 0.501807 0.712429 0.501479 0.932013 0.86554 0.931867 0.864537 0.934124 0.864213 0.859432 0.551245 0.859028 0.5519 0.859028 0.550681 0.564966 0.501885 0.56381 0.501072 0.565426 0.501072 0.931867 0.864537 0.933348 0.86269 0.934124 0.864213 0.71265 0.503077 0.712813 0.502552 0.712429 0.501479 0.519438 0.607608 0.51979 0.608421 0.518175 0.608421 0.934124 0.864213 0.933348 0.86269 0.933476 0.861686 0.934124 0.864213 0.933476 0.861686 0.9624 0.854325 0.934124 0.864213 0.935847 0.864575 0.9624 0.854325 0.939697 0.873472 0.932914 0.870007 0.9624 0.854325 0.931106 0.853376 0.9624 0.854325 0.931659 0.856476 0.767105 0.81759 0.766645 0.817392 0.767671 0.817779 0.636579 0.577969 0.645412 0.548425 0.656453 0.553302 0.933075 0.867136 0.935847 0.864575 0.9624 0.854325 0.933476 0.861686 0.934825 0.860031 0.9624 0.854325 0.933351 0.860043 0.9624 0.854325 0.934825 0.860031 0.9624 0.854325 0.931659 0.856476 0.933351 0.860043 0.7747 0.513775 0.773876 0.50629 0.767537 0.509905 0.920728 0.733929 0.916633 0.738296 0.915861 0.734916 0.682648 0.754211 0.682726 0.759968 0.682929 0.755692 0.681863 0.756219 0.682726 0.759968 0.682929 0.755692 0.682648 0.754211 0.683752 0.755839 0.682726 0.759968 0.956786 0.769398 0.973115 0.770678 0.959858 0.776599 0.604468 0.971315 0.603589 0.977683 0.602578 0.985462 0.68798 0.767921 0.69278 0.772758 0.688381 0.772378 0.682726 0.759968 0.662779 0.73459 0.626401 0.750042 0.685608 0.766064 0.685395 0.764266 0.685132 0.764008 0.684769 0.763915 0.682726 0.759968 0.685132 0.764008 0.678944 0.628346 0.677698 0.628752 0.679717 0.628752 0.685132 0.764008 0.682726 0.759968 0.685608 0.766064 0.642562 0.546364 0.642602 0.546614 0.642827 0.546208 0.894164 0.701131 0.894971 0.701131 0.894627 0.701538 0.855394 0.664672 0.85499 0.665349 0.85499 0.664535 0.686383 0.764077 0.68589 0.763474 0.685395 0.764266 0.642827 0.546208 0.642602 0.546614 0.64337 0.546364 0.75279 0.672261 0.755642 0.670634 0.7528 0.670836 0.664067 0.632818 0.667197 0.631192 0.664088 0.631281 0.68589 0.763474 0.685395 0.764266 0.685132 0.764008 0.593292 0.540075 0.59331 0.540373 0.5941 0.539715 0.538367 0.96869 0.538367 0.967063 0.538772 0.968473 0.663966 0.631192 0.667197 0.631192 0.664088 0.631281 0.59331 0.540373 0.5941 0.539715 0.593836 0.540922 0.593836 0.538888 0.593292 0.540075 0.5941 0.539715 0.594286 0.910136 0.593695 0.909729 0.595311 0.909729 0.604468 0.971315 0.60308 0.960462 0.602578 0.985462 0.942262 0.790992 0.955763 0.786199 0.948382 0.791845 0.60308 0.960462 0.613983 0.93417 0.602578 0.985462 0.939832 0.793347 0.945385 0.792913 0.940907 0.824186 0.945385 0.792913 0.946831 0.793314 0.940907 0.824186 0.682726 0.759968 0.685608 0.766064 0.626401 0.750042 0.70463 0.638918 0.708328 0.623935 0.709198 0.637869 0.531202 0.679103 0.543618 0.675108 0.528412 0.675108 0.698889 0.701982 0.721091 0.704835 0.694642 0.676698 0.894164 0.832471 0.892747 0.835302 0.89346 0.836764 0.982019 0.812925 0.982608 0.813252 0.981801 0.811733 0.89346 0.836764 0.894164 0.832471 0.894164 0.838163 0.913502 0.585769 0.91513 0.584498 0.911318 0.58372 0.982608 0.813252 0.981801 0.814173 0.982019 0.812925 0.759739 0.583617 0.760084 0.583361 0.759793 0.582804 0.986364 0.722682 0.985839 0.722609 0.986226 0.721869 0.501356 0.723777 0.501648 0.722276 0.50171 0.723072 0.502021 0.723094 0.501648 0.724309 0.50171 0.723072 0.50171 0.723072 0.501648 0.722276 0.502021 0.723094 0.681785 0.754837 0.681665 0.754835 0.681623 0.755147 0.758468 0.583361 0.759739 0.583617 0.759793 0.582804 0.662779 0.73459 0.686283 0.750858 0.695507 0.742132 0.935463 0.792532 0.939832 0.793347 0.940907 0.824186 0.698889 0.701982 0.716867 0.706204 0.721091 0.704835 0.666552 0.79162 0.688381 0.772378 0.659697 0.786021 0.958659 0.767342 0.973115 0.770678 0.956786 0.769398 0.599365 0.957329 0.60308 0.960462 0.613983 0.93417 0.695507 0.742132 0.686283 0.750858 0.699717 0.758568 0.944407 0.897601 0.96424 0.895799 0.963917 0.902159 0.93584 0.792271 0.936719 0.791233 0.935463 0.792532 0.681863 0.756219 0.681785 0.754837 0.681623 0.755147 0.935463 0.792532 0.936719 0.791233 0.939832 0.793347 0.681623 0.755147 0.662779 0.73459 0.681863 0.756219 0.98705 0.722609 0.986226 0.721869 0.986364 0.722682 0.681863 0.756219 0.662779 0.73459 0.682726 0.759968 0.634631 0.681187 0.639963 0.68695 0.627482 0.668949 0.627482 0.668949 0.603121 0.682898 0.634631 0.681187 0.723674 0.88686 0.727098 0.922594 0.721428 0.917086 0.815543 0.697657 0.805957 0.701276 0.814999 0.699808 0.815543 0.697657 0.80077 0.689887 0.80544 0.699043 0.875072 0.648109 0.889492 0.639751 0.853699 0.626707 0.706096 0.606332 0.678889 0.607988 0.701262 0.615263 0.701262 0.615263 0.721848 0.610162 0.706096 0.606332 0.99713 0.790719 0.99675 0.795468 0.996424 0.789823 0.697263 0.62784 0.701262 0.615263 0.678889 0.607988 0.887643 0.852397 0.890498 0.835526 0.88953 0.841254 0.671115 0.626119 0.678889 0.607988 0.697263 0.62784 0.671115 0.626119 0.697263 0.62784 0.6888 0.629323 0.665187 0.627905 0.666512 0.614283 0.678889 0.607988 0.6888 0.629323 0.691032 0.632114 0.697263 0.62784 0.741185 0.562137 0.761588 0.559838 0.745987 0.579129 0.923778 0.676941 0.914213 0.67285 0.928409 0.660644 0.928409 0.660644 0.936284 0.650919 0.923778 0.676941 0.799186 0.870167 0.783886 0.900787 0.832802 0.894669 0.798068 0.902267 0.832802 0.894669 0.790059 0.905465 0.832802 0.894669 0.783886 0.900787 0.798068 0.902267 0.865278 0.659437 0.8361 0.642048 0.875072 0.648109 0.797607 0.687415 0.80077 0.689887 0.815543 0.697657 0.772821 0.707014 0.78068 0.709346 0.771852 0.705547 0.679897 0.950876 0.669898 0.972464 0.672805 0.944382 0.771852 0.705547 0.740785 0.707218 0.763149 0.673543 0.725088 0.70758 0.72392 0.706949 0.7269 0.707016 0.721091 0.704835 0.72392 0.706949 0.7269 0.707016 0.841653 0.616455 0.84106 0.615169 0.839132 0.615527 0.84106 0.615169 0.843011 0.61444 0.839132 0.615527 0.679043 0.672255 0.678505 0.671448 0.67859 0.671738 0.625405 0.550687 0.626004 0.551087 0.625814 0.55075 0.837941 0.628654 0.846032 0.62516 0.839132 0.615527 0.837941 0.628654 0.839132 0.615527 0.838915 0.616238 0.7269 0.707016 0.730125 0.707436 0.730826 0.705099 0.727607 0.707758 0.729333 0.707579 0.7269 0.707016 0.729333 0.707579 0.7269 0.707016 0.730125 0.707436 0.878699 0.511038 0.879344 0.516477 0.878249 0.511199 0.879024 0.509 0.878699 0.511038 0.879344 0.516477 0.878676 0.510747 0.879024 0.509 0.878699 0.511038 0.730125 0.707436 0.735006 0.708314 0.730826 0.705099 0.875072 0.648109 0.8361 0.642048 0.853699 0.626707 0.833114 0.952675 0.816456 0.99573 0.844663 0.994579 0.81329 0.646656 0.819167 0.648577 0.823085 0.640059 0.928409 0.660644 0.914213 0.67285 0.932752 0.643915 0.665187 0.627905 0.678889 0.607988 0.671115 0.626119 0.721505 0.705929 0.72392 0.706949 0.721091 0.704835 0.730826 0.705099 0.721091 0.704835 0.7269 0.707016 0.719702 0.707584 0.72392 0.706949 0.721505 0.705929 0.721505 0.705929 0.719702 0.707584 0.720508 0.706365 0.832802 0.894669 0.790059 0.905465 0.811741 0.936142 0.88048 0.874351 0.875263 0.897859 0.847528 0.8987 0.88048 0.874351 0.847528 0.8987 0.880218 0.853513 0.853699 0.626707 0.8361 0.642048 0.837941 0.628654 0.763149 0.673543 0.771852 0.705547 0.78068 0.709346 0.721091 0.704835 0.730826 0.705099 0.694642 0.676698 0.730826 0.705099 0.740785 0.707218 0.763149 0.673543 0.534074 0.613648 0.533361 0.612624 0.522255 0.619442 0.880218 0.853513 0.847828 0.866016 0.847528 0.8987 0.694642 0.676698 0.730826 0.705099 0.763149 0.673543 0.873087 0.783751 0.88751 0.762587 0.877764 0.816817 0.776325 0.580477 0.766229 0.573468 0.773946 0.584814 0.745987 0.579129 0.761588 0.559838 0.766229 0.573468 0.996424 0.789823 0.99713 0.790719 0.996809 0.782246 0.766229 0.573468 0.745987 0.579129 0.773946 0.584814 0.609768 0.712437 0.619012 0.723571 0.588372 0.697311 0.988228 0.697802 0.991836 0.710822 0.990026 0.709848 0.801441 0.548165 0.798892 0.549741 0.808921 0.549116 0.691782 0.550246 0.712915 0.553846 0.701828 0.553606 0.712915 0.553846 0.724004 0.552185 0.691782 0.550246 0.984029 0.698307 0.985038 0.708011 0.990026 0.709848 0.990026 0.709848 0.990116 0.710701 0.985038 0.708011 0.595831 0.961422 0.589649 0.976484 0.591089 0.964603 0.594812 0.965677 0.589649 0.976484 0.595831 0.961422 0.99025 0.71299 0.985038 0.708011 0.990116 0.710701 0.594812 0.965677 0.595776 0.963303 0.595831 0.961422 0.619409 0.747777 0.619499 0.748484 0.614898 0.748114 0.990116 0.710701 0.991058 0.713573 0.99025 0.71299 0.99025 0.71299 0.985038 0.708011 0.988113 0.717112 0.719807 0.618605 0.727768 0.621412 0.726037 0.622525 0.99025 0.71299 0.990521 0.713822 0.988113 0.717112 0.719807 0.618605 0.727768 0.621412 0.728249 0.622198 0.595831 0.961422 0.59733 0.958574 0.595392 0.957185 0.595392 0.957185 0.595831 0.961422 0.591089 0.964603 0.614898 0.748114 0.616344 0.749113 0.613931 0.748678 0.756662 0.625906 0.757486 0.626195 0.757017 0.626697 0.757017 0.626697 0.756449 0.62656 0.758116 0.627126 0.757486 0.626195 0.757017 0.626697 0.758116 0.627126 0.613931 0.748678 0.613301 0.748749 0.616344 0.749113 0.79985 0.672547 0.800315 0.67038 0.798863 0.672757 0.757017 0.626697 0.756449 0.62656 0.75688 0.62653 0.719807 0.618605 0.730466 0.621775 0.729774 0.621774 0.88851 0.645424 0.889722 0.645424 0.889075 0.646237 0.715553 0.587526 0.716468 0.58809 0.716468 0.587277 0.93607 0.749926 0.936136 0.748844 0.935357 0.749183 0.757486 0.626195 0.758116 0.627126 0.75833 0.626379 0.731365 0.622205 0.719807 0.618605 0.730466 0.621775 0.730466 0.621775 0.731365 0.622205 0.730649 0.622576 0.758116 0.627126 0.75833 0.626379 0.758872 0.62656 0.79619 0.671804 0.798863 0.672757 0.800315 0.67038 0.79619 0.671804 0.79985 0.672547 0.798362 0.674961 0.732573 0.618473 0.719807 0.618605 0.731365 0.622205 0.583166 0.56716 0.581476 0.564912 0.583624 0.568633 0.798362 0.674961 0.799303 0.674944 0.79832 0.675382 0.733831 0.620922 0.732573 0.618473 0.732713 0.621714 0.968877 0.966771 0.968003 0.965843 0.968119 0.967903 0.580253 0.566319 0.583624 0.568633 0.581476 0.564912 0.587451 0.57898 0.583783 0.567498 0.583624 0.568633 0.79832 0.675382 0.797696 0.676652 0.798362 0.674961 0.732573 0.618473 0.733831 0.620922 0.735106 0.62098 0.798362 0.674961 0.797696 0.676652 0.789148 0.703162 0.798362 0.674961 0.789148 0.703162 0.79619 0.671804 0.831328 0.603504 0.833586 0.601291 0.831808 0.617036 0.736339 0.763753 0.74093 0.785841 0.746164 0.808443 0.596223 0.983277 0.594098 0.985705 0.589649 0.976484 0.523112 0.964249 0.523084 0.964606 0.526183 0.969268 0.895775 0.93218 0.89872 0.935834 0.898463 0.935952 0.874882 0.928841 0.87403 0.930571 0.875183 0.929108 0.653062 0.948699 0.654274 0.947138 0.654274 0.949172 0.523084 0.964606 0.514608 0.966746 0.526183 0.969268 0.912895 0.90208 0.918633 0.884998 0.923359 0.885329 0.918633 0.884998 0.923354 0.885115 0.923359 0.885329 0.944306 0.660062 0.945453 0.661282 0.943858 0.661262 0.513328 0.927214 0.511713 0.927214 0.513316 0.928027 0.98907 0.896786 0.988262 0.895091 0.988262 0.897124 0.7722 0.775543 0.773815 0.775543 0.773573 0.77717 0.912895 0.90208 0.923354 0.885115 0.92572 0.884111 0.912895 0.90208 0.92572 0.884111 0.926892 0.884938 0.744452 0.75786 0.746353 0.757195 0.744496 0.756839 0.862936 0.794621 0.862925 0.789558 0.861989 0.796055 0.862303 0.799175 0.862925 0.789558 0.858704 0.803624 0.861989 0.796055 0.862925 0.789558 0.862303 0.799175 0.519444 0.964136 0.514608 0.966746 0.523084 0.964606 0.862303 0.799175 0.863097 0.79707 0.861989 0.796055 0.523084 0.964606 0.520098 0.964058 0.519833 0.964626 0.894667 0.936523 0.895775 0.93218 0.895357 0.936285 0.523084 0.964606 0.519444 0.964136 0.519833 0.964626 0.862303 0.799175 0.863097 0.79707 0.863231 0.798387 0.519444 0.964136 0.516911 0.96381 0.514608 0.966746 0.858642 0.791403 0.862925 0.789558 0.858704 0.803624 0.869529 0.998374 0.869529 1 0.868336 0.999132 0.869529 0.998374 0.868317 0.99868 0.868336 0.999132 0.520098 0.964058 0.523084 0.964606 0.522831 0.964311 0.865246 0.782258 0.862925 0.789558 0.858642 0.791403 0.65887 0.550354 0.662074 0.552378 0.658621 0.548984 0.662074 0.552378 0.65887 0.550354 0.660182 0.551679 0.658621 0.548984 0.662074 0.552378 0.682867 0.553155 0.756853 0.96991 0.757661 0.967745 0.756893 0.968448 0.833989 0.591047 0.833474 0.59053 0.833181 0.591475 0.659377 0.55156 0.660182 0.551679 0.65887 0.550354 0.5068 0.52128 0.50773 0.51772 0.508482 0.525063 0.523112 0.964249 0.526183 0.969268 0.529997 0.965089 0.928811 0.882878 0.929443 0.88233 0.934847 0.879215 0.934847 0.879215 0.926892 0.884938 0.928811 0.882878 0.934847 0.879215 0.935676 0.879692 0.926892 0.884938 0.767757 0.564522 0.770877 0.564515 0.770642 0.56526 0.864079 0.808468 0.864125 0.80664 0.863147 0.807701 0.649508 0.915324 0.651043 0.915245 0.649953 0.914609 0.652254 0.988409 0.651656 0.985206 0.648958 0.984593 0.905875 0.908916 0.905875 0.910136 0.905068 0.909659 0.644735 0.984625 0.640575 0.985304 0.644876 0.988129 0.529997 0.965089 0.526183 0.969268 0.534107 0.96814 0.862303 0.799175 0.863147 0.807701 0.858704 0.803624 0.926892 0.884938 0.935676 0.879692 0.939816 0.880101 0.653094 0.545758 0.654726 0.547414 0.658621 0.548984 0.653062 0.546309 0.654726 0.547414 0.653094 0.545758 0.863387 0.817505 0.858704 0.803624 0.863147 0.807701 0.863387 0.817505 0.863147 0.807701 0.86385 0.810124 0.864881 0.816019 0.864735 0.813199 0.863387 0.817505 0.864228 0.812085 0.86385 0.810124 0.864735 0.813199 0.86385 0.810124 0.864735 0.813199 0.863387 0.817505 0.576252 0.660469 0.575926 0.659656 0.577325 0.659864 0.946077 0.784492 0.946866 0.785302 0.947473 0.78456 0.596718 0.541381 0.598374 0.542375 0.596557 0.542406 0.692015 0.634186 0.697263 0.62784 0.693118 0.633889 0.531301 0.965202 0.529997 0.965089 0.534107 0.96814 0.863147 0.807701 0.863685 0.809313 0.864079 0.808468 0.807335 0.704791 0.808549 0.704915 0.808289 0.705604 0.648958 0.984593 0.650072 0.989021 0.649694 0.988845 0.534971 0.964943 0.53276 0.965058 0.534107 0.96814 0.711109 0.586048 0.710381 0.587147 0.710049 0.586847 0.649694 0.988845 0.648958 0.984593 0.648439 0.987903 0.711029 0.58809 0.711109 0.586048 0.710381 0.587147 0.60578 0.740504 0.604769 0.741478 0.605811 0.742607 0.648439 0.987903 0.647241 0.988652 0.646612 0.987946 0.864735 0.813199 0.864228 0.812085 0.865017 0.812171 0.534971 0.964943 0.536002 0.964769 0.53276 0.965058 0.60578 0.740504 0.604719 0.740646 0.604769 0.741478 0.620754 0.554315 0.620754 0.55312 0.621547 0.553853 0.65887 0.550354 0.657585 0.549999 0.658621 0.548984 0.912895 0.90208 0.926892 0.884938 0.931802 0.903805 0.931802 0.903805 0.926892 0.884938 0.939816 0.880101 0.560513 0.538253 0.55969 0.539018 0.569322 0.53899 0.55969 0.539018 0.555451 0.538998 0.562863 0.540922 0.560513 0.538253 0.569322 0.53899 0.559722 0.537778 0.50255 0.890211 0.502279 0.889652 0.503232 0.889822 0.557938 0.536622 0.569322 0.53899 0.559722 0.537778 0.761354 0.629487 0.773936 0.630695 0.761836 0.629563 0.761836 0.629563 0.761053 0.630267 0.773936 0.630695 0.846456 0.980316 0.84614 0.978855 0.846913 0.978974 0.557938 0.536622 0.559722 0.537778 0.55969 0.539018 0.55969 0.539018 0.557938 0.536622 0.555451 0.538998 0.895775 0.93218 0.900572 0.932446 0.89872 0.935834 0.773936 0.630695 0.761295 0.62909 0.761354 0.629487 0.761295 0.62909 0.761354 0.629487 0.761053 0.630267 0.694556 0.510846 0.686122 0.511036 0.681736 0.510425 0.833114 0.952675 0.842646 0.971132 0.847434 0.950588 0.656721 0.706465 0.666793 0.704384 0.666805 0.713117 0.890929 0.50623 0.873802 0.50524 0.892658 0.506314 0.544805 0.970651 0.523475 0.989553 0.545869 0.974827 0.523475 0.989553 0.544805 0.970651 0.51378 0.974995 0.925745 0.640007 0.929397 0.637158 0.922413 0.644064 0.953218 0.526884 0.923636 0.526286 0.934362 0.537985 0.902651 0.773218 0.909148 0.80533 0.887106 0.801623 0.543736 0.961661 0.582856 0.996086 0.575029 0.968117 0.541073 0.929108 0.544172 0.953662 0.575029 0.968117 0.883292 0.872619 0.883528 0.869007 0.88566 0.862911 0.781258 0.616706 0.81588 0.599471 0.812091 0.625795 0.832125 0.599135 0.832795 0.600451 0.831328 0.603504 0.588372 0.697311 0.590995 0.691917 0.586413 0.685696 0.588372 0.697311 0.586413 0.685696 0.578196 0.685134 0.839593 0.547826 0.860186 0.536007 0.825386 0.533985 0.50659 0.562375 0.508885 0.549537 0.507115 0.562013 0.575029 0.968117 0.540432 0.955686 0.539857 0.958329 0.97228 0.984461 0.973435 0.976476 0.969886 0.979813 0.62772 0.654567 0.618183 0.648377 0.631891 0.660616 0.662074 0.552378 0.660592 0.553161 0.660182 0.551679 0.662081 0.554306 0.682867 0.553155 0.661331 0.553849 0.662074 0.552378 0.661331 0.553849 0.682867 0.553155 0.682867 0.553155 0.658594 0.524949 0.672677 0.528788 0.939816 0.880101 0.945421 0.876947 0.931802 0.903805 0.916932 0.913059 0.912895 0.90208 0.931802 0.903805 0.88927 0.576045 0.910488 0.580787 0.906036 0.571812 0.589649 0.976484 0.594224 0.971985 0.592632 0.978294 0.589649 0.976484 0.596223 0.983277 0.592632 0.978294 0.988228 0.697802 0.990026 0.709848 0.984029 0.698307 0.988214 0.68773 0.987455 0.696943 0.987305 0.697049 0.709351 0.621273 0.709795 0.616961 0.708708 0.620944 0.945857 0.541328 0.947876 0.541328 0.94606 0.542506 0.94606 0.542506 0.946313 0.542548 0.947876 0.541328 0.719807 0.618605 0.709795 0.616961 0.709351 0.621273 0.987305 0.697049 0.988228 0.697802 0.984029 0.698307 0.987455 0.696943 0.988214 0.68773 0.988228 0.697802 0.984029 0.698307 0.988214 0.68773 0.987305 0.697049 0.583468 0.593155 0.587451 0.57898 0.572546 0.579927 0.583624 0.568633 0.572546 0.579927 0.587451 0.57898 0.797143 0.528882 0.801434 0.521805 0.789121 0.523729 0.943976 0.923514 0.938679 0.921736 0.931802 0.903805 0.931802 0.903805 0.94501 0.922288 0.943976 0.923514 0.768122 0.948882 0.77415 0.957478 0.772872 0.963687 0.98236 0.68446 0.982784 0.682883 0.981963 0.682254 0.719807 0.618605 0.722621 0.622444 0.721628 0.622448 0.72417 0.622486 0.719807 0.618605 0.722621 0.622444 0.72417 0.622486 0.719807 0.618605 0.726037 0.622525 0.976721 0.804658 0.965005 0.810875 0.977582 0.793648 0.812091 0.625795 0.797279 0.637946 0.781258 0.616706 0.81329 0.646656 0.797279 0.637946 0.812091 0.625795 0.594224 0.971985 0.594812 0.965677 0.589649 0.976484 0.592208 0.692401 0.609768 0.712437 0.588372 0.697311 0.902651 0.773218 0.915462 0.764982 0.909148 0.80533 0.609768 0.712437 0.586413 0.685696 0.592208 0.692401 0.88326 0.622653 0.883456 0.62184 0.884875 0.622653 0.883456 0.62184 0.884866 0.621984 0.884875 0.622653 0.833586 0.601291 0.832125 0.599135 0.832795 0.600451 0.591442 0.692073 0.590995 0.691917 0.588372 0.697311 0.833586 0.601291 0.832125 0.599135 0.833989 0.607111 0.57108 0.520218 0.57 0.52303 0.569907 0.520523 0.795219 0.648524 0.794733 0.645922 0.794008 0.646774 0.795219 0.648524 0.794008 0.646774 0.794722 0.648677 0.590995 0.691917 0.592208 0.692401 0.586413 0.685696 0.789148 0.703162 0.801511 0.701087 0.796384 0.69437 0.633535 0.658515 0.62772 0.654567 0.631891 0.660616 0.773936 0.630695 0.762527 0.627749 0.761295 0.62909 0.761295 0.62909 0.761053 0.630267 0.757945 0.648214 0.757945 0.648214 0.761295 0.62909 0.743476 0.635003 0.761053 0.630267 0.757945 0.648214 0.773936 0.630695 0.792721 0.736538 0.810566 0.737543 0.797516 0.725655 0.93123 0.577739 0.91664 0.602191 0.918389 0.589075 0.873975 0.543043 0.881011 0.545815 0.900529 0.540112 0.900529 0.540112 0.881011 0.545815 0.916731 0.541965 0.909438 0.661809 0.911306 0.689395 0.909409 0.659977 0.505604 0.778546 0.50115 0.781 0.50294 0.752377 0.50115 0.781 0.500809 0.779259 0.50294 0.752377 0.505955 0.754806 0.505604 0.778546 0.50294 0.752377 0.718672 0.982351 0.723667 0.949612 0.727286 0.998826 0.756276 0.975918 0.727286 0.998826 0.754784 0.954215 0.727286 0.998826 0.723667 0.949612 0.754784 0.954215 0.6176 0.53432 0.604603 0.518853 0.629027 0.5206 0.662812 0.916342 0.669028 0.885446 0.680546 0.921186 0.662152 0.877214 0.669028 0.885446 0.662812 0.916342 0.847106 0.73339 0.862565 0.732796 0.852919 0.68253 0.862565 0.732796 0.871224 0.680138 0.852919 0.68253 0.922584 0.877216 0.892933 0.850279 0.917237 0.83301 0.891039 0.959882 0.908511 0.943225 0.907312 0.988547 0.839972 0.704167 0.841436 0.659047 0.82412 0.653711 0.715171 0.93091 0.709001 0.89763 0.71587 0.875109 0.715171 0.93091 0.707055 0.953249 0.709001 0.89763 0.85655 0.748174 0.862565 0.732796 0.847106 0.73339 0.82412 0.653711 0.815543 0.697657 0.831695 0.70804 0.743976 0.87253 0.727098 0.922594 0.739028 0.836616 0.603121 0.682898 0.627482 0.668949 0.586753 0.67425 0.815543 0.697657 0.830999 0.730133 0.831695 0.70804 0.739028 0.836616 0.727098 0.922594 0.723674 0.88686 0.953405 0.728351 0.95395 0.737895 0.941618 0.755006 0.965005 0.810875 0.980944 0.817881 0.976721 0.804658 0.953065 0.792428 0.955763 0.786199 0.952502 0.794895 0.948382 0.791845 0.952502 0.794895 0.940907 0.824186 0.955763 0.786199 0.952502 0.794895 0.948382 0.791845 0.946831 0.793314 0.948382 0.791845 0.940907 0.824186 0.881414 0.566551 0.868721 0.569162 0.893613 0.566509 0.640257 0.52771 0.640853 0.547849 0.639244 0.527478 0.639244 0.527478 0.640853 0.547849 0.637421 0.544751 0.991365 0.567465 0.990786 0.56075 0.991899 0.557187 0.991899 0.557187 0.991365 0.567465 0.99229 0.559116 0.698506 0.934728 0.697868 0.930834 0.698208 0.9386 0.684416 0.840497 0.701224 0.82511 0.717662 0.790494 0.684416 0.840497 0.69726 0.831542 0.701224 0.82511 0.663174 0.797623 0.684416 0.840497 0.717662 0.790494 0.684416 0.840497 0.663174 0.797623 0.673721 0.853982 0.736339 0.763753 0.748509 0.746218 0.740257 0.755512 0.807739 0.81872 0.810524 0.820972 0.809756 0.813766 0.810524 0.820972 0.817193 0.819629 0.819941 0.814383 0.944407 0.897601 0.963917 0.902159 0.956893 0.934444 0.752401 0.783917 0.761374 0.801 0.753205 0.816943 0.694657 0.77704 0.688381 0.772378 0.666552 0.79162 0.873828 0.955624 0.863573 0.945152 0.871532 0.923339 0.940105 0.59777 0.950109 0.639777 0.951398 0.608855 0.686174 0.84077 0.69726 0.831542 0.684416 0.840497 0.940323 0.623652 0.940105 0.59777 0.950109 0.639777 0.940323 0.623652 0.937666 0.627976 0.950109 0.639777 0.696236 0.85747 0.686174 0.84077 0.69726 0.831542 0.701224 0.82511 0.725722 0.810152 0.717662 0.790494 0.701224 0.82511 0.69726 0.831542 0.701017 0.827171 0.666939 0.508557 0.652254 0.509059 0.656768 0.506897 0.710638 0.576261 0.718495 0.562448 0.676787 0.563492 0.688294 0.595826 0.710638 0.576261 0.676787 0.563492 0.529208 0.641744 0.559999 0.664417 0.571574 0.649533 0.825824 0.578744 0.795372 0.582422 0.808366 0.595565 0.751546 0.884408 0.747012 0.917763 0.723667 0.949612 0.968719 0.52919 0.958419 0.531048 0.965126 0.537971 0.607068 0.903442 0.605004 0.902962 0.605307 0.902817 0.690536 0.631053 0.691032 0.632114 0.6888 0.629323 0.652726 0.913389 0.650474 0.905151 0.653466 0.912152 0.697107 0.604332 0.71871 0.592643 0.68877 0.599543 0.671327 0.596096 0.697107 0.604332 0.68877 0.599543 0.600564 0.827394 0.603374 0.823518 0.593582 0.825067 0.869125 0.507038 0.865156 0.502292 0.862663 0.508475 0.925619 0.573371 0.923953 0.574418 0.92728 0.574012 0.567279 0.554207 0.567144 0.555153 0.566637 0.554252 0.866265 0.818513 0.863387 0.817505 0.86488 0.817165 0.5068 0.52128 0.50773 0.51772 0.506334 0.519564 0.646612 0.987946 0.648958 0.984593 0.644735 0.984625 0.648439 0.987903 0.648958 0.984593 0.646612 0.987946 0.864619 0.814896 0.864881 0.816019 0.864735 0.813199 0.833474 0.592156 0.833181 0.591475 0.833989 0.591047 0.641323 0.805413 0.639338 0.816302 0.638994 0.802355 0.864881 0.816019 0.864619 0.814896 0.8651 0.815274 0.756853 0.96747 0.756893 0.968448 0.757661 0.967745 0.864881 0.816019 0.86488 0.817165 0.863387 0.817505 0.868227 0.753987 0.868513 0.754806 0.868721 0.754039 0.825967 0.77256 0.830817 0.739405 0.804819 0.769568 0.817809 0.776119 0.817006 0.807736 0.790046 0.792082 0.97418 0.970335 0.977608 0.94741 0.981343 0.956773 0.865528 0.816487 0.864881 0.816019 0.865706 0.815488 0.640575 0.985304 0.640043 0.987794 0.640915 0.98766 0.866265 0.818513 0.866768 0.819422 0.863387 0.817505 0.711602 0.522108 0.688388 0.520283 0.707185 0.519462 0.573328 0.754095 0.56872 0.754258 0.568952 0.752773 0.708058 0.980307 0.702239 0.98098 0.705225 0.978466 0.732667 0.589094 0.71871 0.592643 0.697107 0.604332 0.86488 0.817165 0.864881 0.816019 0.865528 0.816487 0.602578 0.985462 0.641722 0.958659 0.638939 0.973615 0.531654 0.888336 0.525525 0.834415 0.523616 0.83977 0.804819 0.769568 0.794219 0.741698 0.830817 0.739405 0.957612 0.751154 0.973115 0.770678 0.958659 0.767342 0.589997 0.925469 0.541073 0.929108 0.575029 0.968117 0.912986 0.995454 0.918139 0.985589 0.915918 0.997999 0.703585 0.667373 0.684657 0.666442 0.691899 0.669705 0.691899 0.669705 0.686594 0.671002 0.680352 0.669321 0.987526 0.872042 0.988987 0.884497 0.975144 0.876344 0.713239 0.861718 0.739028 0.836616 0.723674 0.88686 0.757945 0.648214 0.743476 0.635003 0.717334 0.641233 0.88751 0.762587 0.873087 0.783751 0.875722 0.758681 0.721848 0.610162 0.706096 0.606332 0.72251 0.605631 0.91211 0.689453 0.921147 0.700746 0.911306 0.689395 0.705548 0.8394 0.713765 0.832942 0.71481 0.845861 0.832173 0.77735 0.817006 0.807736 0.817809 0.776119 0.780754 0.56936 0.780824 0.577214 0.774848 0.570892 0.693118 0.633889 0.697263 0.62784 0.698567 0.6328 0.948118 0.516479 0.936611 0.521468 0.934622 0.514135 0.898008 0.947539 0.894803 0.940665 0.885139 0.946089</float_array>
          <technique_common>
            <accessor source="#Body-mesh-map-0-array" count="1767" stride="2">
              <param name="S" type="float"/>
              <param name="T" type="float"/>
            </accessor>
          </technique_common>
        </source>
        <vertices id="Body-mesh-vertices">
          <input semantic="POSITION" source="#Body-mesh-positions"/>
        </vertices>
        <polylist material="Material_-1-material" count="6">
          <input semantic="VERTEX" source="#Body-mesh-vertices" offset="0"/>
          <input semantic="NORMAL" source="#Body-mesh-normals" offset="1"/>
          <input semantic="TEXCOORD" source="#Body-mesh-map-0" offset="2" set="0"/>
          <vcount>3 3 3 3 3 3 3 3 3 3 3 3 3 3 3 3 3 3 3 3 3 3 3 3 3 3 3 3 3 3 3 3 3 3 3 3 3 3 3 3 3 3 3 3 3 3 3 3 3 3 3 3 3 3 3 3 3 3 3 3 3 3 3 3 3 3 3 3 3 3 3 3 3 3 3 3 3 3 3 3 3 3 3 3 3 3 3 3 3 3 3 3 3 3 3 3 3 3 3 3 3 3 3 3 3 3 3 3 3 3 3 3 3 3 3 3 3 3 3 3 3 3 3 3 3 3 3 3 3 3 3 3 3 3 3 3 3 3 3 3 3 3 3 3 3 3 3 3 3 3 3 3 3 3 3 3 3 3 3 3 3 3 3 3 3 3 3 3 3 3 3 3 3 3 3 3 3 3 3 3 3 3 3 3 3 3 3 3 3 3 3 3 3 3 3 3 3 3 3 3 3 3 3 3 3 3 3 3 3 3 3 3 3 3 3 3 3 3 3 3 3 3 3 3 3 3 3 3 3 3 3 3 3 3 3 3 3 3 3 3 3 3 3 3 3 3 3 3 3 3 3 3 3 3 3 3 3 3 3 3 3 3 3 3 3 3 3 3 3 3 3 3 3 3 3 3 3 3 3 3 3 3 3 3 3 3 3 3 3 3 3 3 3 3 3 3 3 3 3 3 3 3 3 3 3 3 3 3 3 3 3 3 3 3 3 3 3 3 3 3 3 3 3 3 3 3 3 3 3 3 3 3 3 3 3 3 3 3 3 3 3 3 3 3 3 3 3 3 3 3 3 3 3 3 3 3 3 3 3 3 3 3 3 3 3 3 3 3 3 3 3 3 3 3 3 3 3 3 3 3 3 3 3 3 3 3 3 3 3 3 3 3 3 3 3 3 3 3 3 3 3 3 3 3 3 3 3 3 3 3 3 3 3 3 3 3 3 3 3 3 3 3 3 3 3 3 3 3 3 3 3 3 3 3 3 3 3 3 3 3 3 3 3 3 3 3 3 3 3 3 3 3 3 3 3 3 3 3 3 3 3 3 3 3 3 3 3 3 3 3 3 3 3 3 3 3 3 3 3 3 3 3 3 3 3 3 3 3 3 3 3 3 3 3 3 3 3 3 3 3 3 3 3 3 3 3 3 3 3 3 3 3 3 3 3 3 3 3 3 3 3 3 3 3 3 3 3 3 3 3 3 3 3 3 3 3 3 3 3 3 3 3 3 3 3 3 3 3 3 3 3 3 3 3 3 3 3 3 3 3 3 3 3 3 3 3 3 3 3 3 3 3 3 3 3 3 3 3 3 3 3 3 3 3 3 3 3 3 3</vcount>
          <p>0 0 0 1 0 1 2 0 2 4 1 3 3 1 4 5 1 5 0 2 6 6 2 7 5 2 8 7 3 9 2 3 10 8 3 11 0 4 12 9 4 13 2 4 14 6 5 15 8 5 16 0 5 17 8 6 18 9 6 19 3 6 20 10 7 21 7 7 22 8 7 23 2 8 24 6 8 25 8 8 26 9 9 27 0 9 28 8 9 29 8 10 30 3 10 31 11 10 32 2 11 33 1 11 34 10 11 35 2 12 36 10 12 37 6 12 38 11 13 39 5 13 40 8 13 41 8 14 42 5 14 43 10 14 44 5 15 45 6 15 46 10 15 47 12 16 48 3 16 49 5 16 50 1 17 51 0 17 52 5 17 53 4 18 54 1 18 55 5 18 56 7 19 57 9 19 58 2 19 59 11 20 60 12 20 61 5 20 62 7 21 63 4 21 64 3 21 65 7 22 66 3 22 67 9 22 68 11 23 69 3 23 70 13 23 71 1 24 72 13 24 73 7 24 74 7 25 75 14 25 76 10 25 77 11 26 78 4 26 79 12 26 80 4 27 81 12 27 82 13 27 83 4 28 84 11 28 85 1 28 86 13 29 87 11 29 88 1 29 89 1 30 90 14 30 91 10 30 92 15 31 93 16 31 94 17 31 95 18 32 96 19 32 97 20 32 98 20 33 99 19 33 100 21 33 101 15 34 102 22 34 103 16 34 104 23 35 105 15 35 106 22 35 107 15 36 108 20 36 109 23 36 110 23 37 111 20 37 112 21 37 113 23 38 114 21 38 115 24 38 116 24 39 117 17 39 118 16 39 119 23 40 120 24 40 121 16 40 122 24 41 123 15 41 124 20 41 125 24 42 126 25 42 127 15 42 128 18 43 129 24 43 130 20 43 131 15 44 132 26 44 133 17 44 134 27 45 135 23 45 136 16 45 137 16 46 138 27 46 139 22 46 140 17 47 141 24 47 142 27 47 143 28 48 144 29 48 145 30 48 146 7 49 147 13 49 148 4 49 149 12 50 150 13 50 151 3 50 152 15 51 153 19 51 154 18 51 155 31 52 156 19 52 157 15 52 158 18 53 159 25 53 160 15 53 161 25 54 162 31 54 163 22 54 164 25 55 165 19 55 166 31 55 167 1 56 168 32 56 169 14 56 170 22 57 171 26 57 172 17 57 173 25 58 174 27 58 175 24 58 176 27 59 177 25 59 178 23 59 179 19 60 180 25 60 181 21 60 182 18 61 183 21 61 184 25 61 185 21 62 186 24 62 187 18 62 188 27 63 189 22 63 190 17 63 191 25 64 192 23 64 193 22 64 194 34 65 195 33 65 196 35 65 197 35 66 198 34 66 199 33 66 200 14 67 201 36 67 202 37 67 203 14 68 204 26 68 205 36 68 206 38 69 207 39 69 208 36 69 209 32 70 210 40 70 211 15 70 212 40 71 213 36 71 214 26 71 215 41 72 216 40 72 217 38 72 218 40 73 219 38 73 220 42 73 221 26 74 222 15 74 223 14 74 224 32 75 225 15 75 226 14 75 227 40 76 228 42 76 229 43 76 230 40 77 231 43 77 232 44 77 233 31 78 234 15 78 235 40 78 236 31 79 237 40 79 238 22 79 239 22 80 240 40 80 241 26 80 242 40 81 243 32 81 244 41 81 245 32 82 246 45 82 247 41 82 248 39 83 249 36 83 250 37 83 251 46 84 252 38 84 253 47 84 254 47 85 255 38 85 256 41 85 257 39 86 258 38 86 259 46 86 260 47 87 261 42 87 262 48 87 263 42 88 264 48 88 265 38 88 266 47 89 267 49 89 268 50 89 269 51 90 270 48 90 271 50 90 272 52 91 273 53 91 274 54 91 275 47 92 276 48 92 277 55 92 278 56 93 279 45 93 280 50 93 281 47 94 282 41 94 283 42 94 284 57 95 285 58 95 286 53 95 287 57 96 288 44 96 289 53 96 290 58 97 291 59 97 292 53 97 293 60 98 294 43 98 295 42 98 296 61 99 297 42 99 298 62 99 299 62 100 300 42 100 301 57 100 302 44 101 303 60 101 304 62 101 305 61 102 306 60 102 307 43 102 308 60 103 309 44 103 310 57 103 311 61 104 312 62 104 313 60 104 314 60 105 315 42 105 316 57 105 317 54 106 318 51 106 319 56 106 320 63 107 321 64 107 322 65 107 323 66 108 324 65 108 325 64 108 326 66 109 327 63 109 328 54 109 329 63 110 330 54 110 331 64 110 332 54 111 333 66 111 334 59 111 335 66 112 336 59 112 337 67 112 338 66 113 339 64 113 340 67 113 341 67 114 342 64 114 343 54 114 344 54 115 345 59 115 346 52 115 347 63 116 348 68 116 349 66 116 350 65 117 351 66 117 352 68 117 353 68 118 354 67 118 355 57 118 356 63 119 357 65 119 358 59 119 359 59 120 360 68 120 361 67 120 362 68 121 363 63 121 364 59 121 365 65 122 366 57 122 367 59 122 368 65 123 369 68 123 370 57 123 371 59 124 372 58 124 373 52 124 374 59 125 375 57 125 376 62 125 377 59 126 378 62 126 379 56 126 380 59 127 381 53 127 382 56 127 383 50 128 384 51 128 385 56 128 386 41 129 387 56 129 388 42 129 389 43 130 390 61 130 391 44 130 392 56 131 393 41 131 394 45 131 395 54 132 396 53 132 397 56 132 398 62 133 399 44 133 400 56 133 401 61 134 402 56 134 403 44 134 404 56 135 405 42 135 406 61 135 407 69 136 408 70 136 409 71 136 410 72 137 411 73 137 412 74 137 413 76 138 414 75 138 415 72 138 416 74 139 417 75 139 418 72 139 419 76 140 420 73 140 421 75 140 422 72 141 423 77 141 424 73 141 425 78 142 426 79 142 427 80 142 428 79 143 429 80 143 430 81 143 431 75 144 432 14 144 433 37 144 434 82 145 435 83 145 436 84 145 437 85 146 438 75 146 439 84 146 440 85 147 441 75 147 442 83 147 443 84 148 444 75 148 445 82 148 446 86 149 447 78 149 448 87 149 449 84 150 450 79 150 451 87 150 452 86 151 453 84 151 454 79 151 455 78 152 456 86 152 457 83 152 458 87 153 459 78 153 460 84 153 461 85 154 462 73 154 463 78 154 464 85 155 465 73 155 466 86 155 467 86 156 468 83 156 469 84 156 470 87 157 471 79 157 472 83 157 473 86 158 474 85 158 475 87 158 476 79 159 477 73 159 478 86 159 479 79 160 480 83 160 481 78 160 482 85 161 483 87 161 484 83 161 485 84 162 486 78 162 487 85 162 488 78 163 489 73 163 490 80 163 491 73 164 492 77 164 493 79 164 494 73 165 495 39 165 496 80 165 497 75 166 498 83 166 499 30 166 500 83 167 501 82 167 502 30 167 503 75 168 504 82 168 505 37 168 506 82 169 507 37 169 508 79 169 509 81 170 510 79 170 511 37 170 512 40 171 513 53 171 514 36 171 515 88 172 516 73 172 517 76 172 518 29 173 519 76 173 520 74 173 521 76 174 522 88 174 523 14 174 524 88 175 525 72 175 526 28 175 527 76 176 528 72 176 529 29 176 530 90 177 531 89 177 532 29 177 533 89 178 534 29 178 535 28 178 536 76 179 537 14 179 538 90 179 539 28 180 540 72 180 541 90 180 542 90 181 543 14 181 544 28 181 545 76 182 546 90 182 547 89 182 548 72 183 549 90 183 550 29 183 551 14 184 552 88 184 553 7 184 554 29 185 555 75 185 556 30 185 557 40 186 558 44 186 559 53 186 560 91 187 561 81 187 562 37 187 563 88 188 564 77 188 565 72 188 566 88 189 567 73 189 568 39 189 569 7 190 570 88 190 571 92 190 572 92 191 573 88 191 574 28 191 575 74 192 576 73 192 577 29 192 578 74 193 579 76 193 580 89 193 581 29 194 582 73 194 583 75 194 584 89 195 585 14 195 586 74 195 587 14 196 588 28 196 589 89 196 590 74 197 591 14 197 592 75 197 593 93 198 594 94 198 595 95 198 596 95 199 597 71 199 598 93 199 599 96 200 600 95 200 601 97 200 602 97 201 603 71 201 604 96 201 605 97 202 606 93 202 607 71 202 608 98 203 609 99 203 610 47 203 611 98 204 612 70 204 613 100 204 614 100 205 615 101 205 616 98 205 617 100 206 618 102 206 619 103 206 620 102 207 621 100 207 622 70 207 623 71 208 624 70 208 625 98 208 626 104 209 627 70 209 628 102 209 629 104 210 630 102 210 631 105 210 632 99 211 633 106 211 634 70 211 635 105 212 636 107 212 637 102 212 638 99 213 639 102 213 640 98 213 641 46 214 642 47 214 643 108 214 644 108 215 645 106 215 646 46 215 647 71 216 648 94 216 649 96 216 650 93 217 651 96 217 652 109 217 653 96 218 654 94 218 655 93 218 656 71 219 657 94 219 658 98 219 659 109 220 660 93 220 661 97 220 662 109 221 663 97 221 664 94 221 665 94 222 666 110 222 667 95 222 668 94 223 669 45 223 670 111 223 671 54 224 672 67 224 673 51 224 674 53 225 675 67 225 676 51 225 677 49 226 678 55 226 679 50 226 680 55 227 681 48 227 682 50 227 683 55 228 684 47 228 685 112 228 686 49 229 687 47 229 688 112 229 689 109 230 690 47 230 691 50 230 692 109 231 693 50 231 694 113 231 695 51 232 696 55 232 697 113 232 698 48 233 699 112 233 700 51 233 701 112 234 702 51 234 703 55 234 704 49 235 705 109 235 706 55 235 707 48 236 708 49 236 709 109 236 710 112 237 711 48 237 712 49 237 713 55 238 714 109 238 715 113 238 716 98 239 717 94 239 718 47 239 719 114 240 720 106 240 721 108 240 722 102 241 723 99 241 724 115 241 725 108 242 726 47 242 727 99 242 728 99 243 729 70 243 730 104 243 731 52 244 732 67 244 733 53 244 734 113 245 735 53 245 736 51 245 737 57 246 738 67 246 739 52 246 740 52 247 741 57 247 742 58 247 743 96 248 744 109 248 745 111 248 746 48 249 747 38 249 748 36 249 749 48 250 750 36 250 751 109 250 752 47 251 753 94 251 754 109 251 755 111 252 756 94 252 757 97 252 758 53 253 759 113 253 760 36 253 761 113 254 762 45 254 763 111 254 764 113 255 765 50 255 766 45 255 767 109 256 768 111 256 769 36 256 770 36 257 771 113 257 772 111 257 773 45 258 774 116 258 775 94 258 776 101 259 777 103 259 778 117 259 779 98 260 780 102 260 781 103 260 782 103 261 783 100 261 784 101 261 785 103 262 786 98 262 787 117 262 788 119 263 789 118 263 790 120 263 791 121 264 792 122 264 793 123 264 794 124 265 795 125 265 796 126 265 797 127 266 798 126 266 799 124 266 800 126 267 801 128 267 802 127 267 803 130 268 804 129 268 805 123 268 806 123 269 807 131 269 808 129 269 809 132 270 810 130 270 811 129 270 812 131 271 813 130 271 814 132 271 815 133 272 816 129 272 817 131 272 818 131 273 819 122 273 820 132 273 821 122 274 822 131 274 823 134 274 824 131 275 825 134 275 826 133 275 827 133 276 828 129 276 829 135 276 830 127 277 831 134 277 832 133 277 833 133 278 834 132 278 835 135 278 836 127 279 837 134 279 838 132 279 839 132 280 840 127 280 841 119 280 842 119 281 843 132 281 844 129 281 845 134 282 846 132 282 847 136 282 848 134 283 849 137 283 850 138 283 851 138 284 852 127 284 853 119 284 854 137 285 855 138 285 856 119 285 857 136 286 858 139 286 859 132 286 860 139 287 861 132 287 862 124 287 863 138 288 864 127 288 865 136 288 866 127 289 867 137 289 868 136 289 869 136 290 870 138 290 871 139 290 872 134 291 873 138 291 874 139 291 875 137 292 876 136 292 877 134 292 878 137 293 879 119 293 880 139 293 881 135 294 882 127 294 883 137 294 884 137 295 885 135 295 886 139 295 887 119 296 888 139 296 889 124 296 890 135 297 891 124 297 892 132 297 893 135 298 894 139 298 895 140 298 896 124 299 897 127 299 898 135 299 899 140 300 900 139 300 901 141 300 902 140 301 903 124 301 904 119 301 905 141 302 906 124 302 907 140 302 908 141 303 909 125 303 910 119 303 911 134 304 912 141 304 913 139 304 914 126 305 915 119 305 916 141 305 917 119 306 918 126 306 919 140 306 920 124 307 921 141 307 922 125 307 923 140 308 924 126 308 925 125 308 926 140 309 927 125 309 928 135 309 929 129 310 930 142 310 931 119 310 932 143 311 933 127 311 934 128 311 935 144 312 936 145 312 937 130 312 938 146 313 939 147 313 940 148 313 941 149 314 942 146 314 943 150 314 944 147 315 945 151 315 946 146 315 947 152 316 948 151 316 949 147 316 950 147 317 951 153 317 952 148 317 953 154 318 954 153 318 955 155 318 956 153 319 957 156 319 958 155 319 959 157 320 960 156 320 961 155 320 962 156 321 963 149 321 964 154 321 965 155 322 966 149 322 967 154 322 968 157 323 969 156 323 970 149 323 971 154 324 972 156 324 973 158 324 974 154 325 975 158 325 976 159 325 977 160 326 978 149 326 979 158 326 980 149 327 981 157 327 982 160 327 983 152 328 984 157 328 985 148 328 986 160 329 987 157 329 988 152 329 989 158 330 990 153 330 991 147 330 992 152 331 993 159 331 994 160 331 995 147 332 996 159 332 997 160 332 998 158 333 999 149 333 1000 159 333 1001 147 334 1002 158 334 1003 160 334 1004 152 335 1005 159 335 1006 149 335 1007 158 336 1008 156 336 1009 153 336 1010 153 337 1011 157 337 1012 148 337 1013 152 338 1014 149 338 1015 150 338 1016 152 339 1017 147 339 1018 150 339 1019 159 340 1020 147 340 1021 150 340 1022 154 341 1023 157 341 1024 153 341 1025 161 342 1026 162 342 1027 163 342 1028 162 343 1029 161 343 1030 107 343 1031 163 344 1032 162 344 1033 99 344 1034 161 345 1035 102 345 1036 164 345 1037 165 346 1038 107 346 1039 164 346 1040 164 347 1041 107 347 1042 161 347 1043 151 348 1044 166 348 1045 152 348 1046 146 349 1047 148 349 1048 167 349 1049 150 350 1050 146 350 1051 167 350 1052 167 351 1053 159 351 1054 150 351 1055 167 352 1056 168 352 1057 159 352 1058 151 353 1059 167 353 1060 168 353 1061 169 354 1062 168 354 1063 166 354 1064 168 355 1065 166 355 1066 170 355 1067 168 356 1068 151 356 1069 169 356 1070 166 357 1071 167 357 1072 170 357 1073 171 358 1074 165 358 1075 161 358 1076 167 359 1077 148 359 1078 172 359 1079 152 360 1080 166 360 1081 148 360 1082 159 361 1083 168 361 1084 163 361 1085 168 362 1086 173 362 1087 163 362 1088 170 363 1089 173 363 1090 168 363 1091 174 364 1092 148 364 1093 166 364 1094 174 365 1095 166 365 1096 175 365 1097 176 366 1098 171 366 1099 174 366 1100 177 367 1101 175 367 1102 171 367 1103 175 368 1104 171 368 1105 174 368 1106 171 369 1107 172 369 1108 161 369 1109 178 370 1110 171 370 1111 172 370 1112 178 371 1113 165 371 1114 161 371 1115 161 372 1116 102 372 1117 178 372 1118 170 373 1119 167 373 1120 172 373 1121 166 374 1122 172 374 1123 169 374 1124 169 375 1125 172 375 1126 170 375 1127 169 376 1128 170 376 1129 173 376 1130 179 377 1131 173 377 1132 172 377 1133 175 378 1134 172 378 1135 173 378 1136 173 379 1137 169 379 1138 175 379 1139 166 380 1140 175 380 1141 172 380 1142 177 381 1143 179 381 1144 175 381 1145 175 382 1146 179 382 1147 163 382 1148 171 383 1149 177 383 1150 163 383 1151 179 384 1152 163 384 1153 173 384 1154 177 385 1155 172 385 1156 179 385 1157 177 386 1158 172 386 1159 163 386 1160 161 387 1161 172 387 1162 163 387 1163 154 388 1164 159 388 1165 121 388 1166 121 389 1167 159 389 1168 163 389 1169 180 390 1170 148 390 1171 174 390 1172 148 391 1173 69 391 1174 172 391 1175 180 392 1176 174 392 1177 181 392 1178 182 393 1179 181 393 1180 148 393 1181 183 394 1182 174 394 1183 181 394 1184 181 395 1185 69 395 1186 182 395 1187 182 396 1188 180 396 1189 69 396 1190 180 397 1191 182 397 1192 148 397 1193 183 398 1194 181 398 1195 148 398 1196 148 399 1197 183 399 1198 69 399 1199 149 400 1200 151 400 1201 146 400 1202 69 401 1203 184 401 1204 181 401 1205 184 402 1206 181 402 1207 180 402 1208 174 403 1209 184 403 1210 183 403 1211 114 404 1212 108 404 1213 77 404 1214 185 405 1215 186 405 1216 187 405 1217 188 406 1218 135 406 1219 187 406 1220 189 407 1221 135 407 1222 188 407 1223 135 408 1224 189 408 1225 186 408 1226 187 409 1227 186 409 1228 189 409 1229 135 410 1230 125 410 1231 187 410 1232 125 411 1233 120 411 1234 187 411 1235 186 412 1236 185 412 1237 77 412 1238 46 413 1239 114 413 1240 77 413 1241 190 414 1242 129 414 1243 135 414 1244 190 415 1245 135 415 1246 115 415 1247 190 416 1248 191 416 1249 129 416 1250 120 417 1251 192 417 1252 190 417 1253 120 418 1254 190 418 1255 193 418 1256 190 419 1257 69 419 1258 193 419 1259 143 420 1260 144 420 1261 127 420 1262 77 421 1263 194 421 1264 186 421 1265 186 422 1266 135 422 1267 115 422 1268 186 423 1269 194 423 1270 118 423 1271 162 424 1272 195 424 1273 107 424 1274 174 425 1275 99 425 1276 105 425 1277 162 426 1278 105 426 1279 99 426 1280 99 427 1281 121 427 1282 196 427 1283 163 428 1284 99 428 1285 121 428 1286 145 429 1287 154 429 1288 121 429 1289 197 430 1290 128 430 1291 126 430 1292 130 431 1293 127 431 1294 198 431 1295 130 432 1296 144 432 1297 198 432 1298 121 433 1299 123 433 1300 130 433 1301 145 434 1302 198 434 1303 199 434 1304 121 435 1305 144 435 1306 198 435 1307 198 436 1308 127 436 1309 199 436 1310 199 437 1311 121 437 1312 127 437 1313 127 438 1314 144 438 1315 121 438 1316 199 439 1317 121 439 1318 130 439 1319 198 440 1320 145 440 1321 121 440 1322 130 441 1323 145 441 1324 199 441 1325 186 442 1326 126 442 1327 121 442 1328 141 443 1329 121 443 1330 126 443 1331 186 444 1332 197 444 1333 126 444 1334 134 445 1335 122 445 1336 121 445 1337 121 446 1338 141 446 1339 134 446 1340 197 447 1341 186 447 1342 119 447 1343 122 448 1344 133 448 1345 132 448 1346 127 449 1347 123 449 1348 131 449 1349 122 450 1350 127 450 1351 123 450 1352 122 451 1353 127 451 1354 133 451 1355 80 452 1356 77 452 1357 185 452 1358 115 453 1359 172 453 1360 190 453 1361 102 454 1362 172 454 1363 115 454 1364 127 455 1365 131 455 1366 130 455 1367 200 456 1368 119 456 1369 120 456 1370 125 457 1371 118 457 1372 120 457 1373 119 458 1374 190 458 1375 200 458 1376 192 459 1377 191 459 1378 200 459 1379 191 460 1380 142 460 1381 200 460 1382 142 461 1383 190 461 1384 191 461 1385 191 462 1386 192 462 1387 120 462 1388 142 463 1389 190 463 1390 119 463 1391 129 464 1392 191 464 1393 120 464 1394 142 465 1395 129 465 1396 120 465 1397 142 466 1398 120 466 1399 200 466 1400 192 467 1401 200 467 1402 190 467 1403 125 468 1404 186 468 1405 119 468 1406 125 469 1407 186 469 1408 118 469 1409 69 470 1410 183 470 1411 184 470 1412 184 471 1413 180 471 1414 70 471 1415 70 472 1416 184 472 1417 174 472 1418 180 473 1419 70 473 1420 69 473 1421 201 474 1422 69 474 1423 193 474 1424 190 475 1425 172 475 1426 69 475 1427 202 476 1428 101 476 1429 189 476 1430 189 477 1431 101 477 1432 187 477 1433 188 478 1434 202 478 1435 189 478 1436 101 479 1437 117 479 1438 188 479 1439 117 480 1440 202 480 1441 188 480 1442 187 481 1443 101 481 1444 188 481 1445 143 482 1446 203 482 1447 204 482 1448 205 483 1449 204 483 1450 206 483 1451 204 484 1452 203 484 1453 206 484 1454 207 485 1455 111 485 1456 208 485 1457 203 486 1458 207 486 1459 206 486 1460 208 487 1461 207 487 1462 203 487 1463 209 488 1464 96 488 1465 208 488 1466 96 489 1467 111 489 1468 208 489 1469 116 490 1470 110 490 1471 94 490 1472 210 491 1473 110 491 1474 116 491 1475 206 492 1476 207 492 1477 111 492 1478 110 493 1479 97 493 1480 95 493 1481 110 494 1482 205 494 1483 97 494 1484 193 495 1485 96 495 1486 209 495 1487 111 496 1488 97 496 1489 206 496 1490 69 497 1491 95 497 1492 201 497 1493 71 498 1494 95 498 1495 69 498 1496 97 499 1497 205 499 1498 206 499 1499 201 500 1500 95 500 1501 96 500 1502 104 501 1503 116 501 1504 32 501 1505 77 502 1506 81 502 1507 80 502 1508 81 503 1509 77 503 1510 92 503 1511 79 504 1512 92 504 1513 30 504 1514 77 505 1515 92 505 1516 79 505 1517 82 506 1518 79 506 1519 30 506 1520 211 507 1521 212 507 1522 213 507 1523 214 508 1524 80 508 1525 211 508 1526 211 509 1527 80 509 1528 185 509 1529 185 510 1530 214 510 1531 215 510 1532 215 511 1533 185 511 1534 211 511 1535 214 512 1536 80 512 1537 209 512 1538 216 513 1539 211 513 1540 91 513 1541 216 514 1542 217 514 1543 211 514 1544 208 515 1545 216 515 1546 91 515 1547 216 516 1548 208 516 1549 203 516 1550 143 517 1551 145 517 1552 144 517 1553 204 518 1554 154 518 1555 143 518 1556 154 519 1557 145 519 1558 143 519 1559 92 520 1560 28 520 1561 30 520 1562 203 521 1563 212 521 1564 215 521 1565 92 522 1566 81 522 1567 91 522 1568 128 523 1569 7 523 1570 92 523 1571 187 524 1572 215 524 1573 216 524 1574 209 525 1575 217 525 1576 216 525 1577 217 526 1578 187 526 1579 215 526 1580 217 527 1581 214 527 1582 215 527 1583 187 528 1584 209 528 1585 217 528 1586 211 529 1587 92 529 1588 91 529 1589 211 530 1590 217 530 1591 214 530 1592 211 531 1593 92 531 1594 213 531 1595 128 532 1596 92 532 1597 213 532 1598 212 533 1599 128 533 1600 213 533 1601 128 534 1602 212 534 1603 143 534 1604 212 535 1605 211 535 1606 215 535 1607 215 536 1608 216 536 1609 203 536 1610 116 537 1611 104 537 1612 99 537 1613 195 538 1614 165 538 1615 105 538 1616 195 539 1617 107 539 1618 105 539 1619 204 540 1620 157 540 1621 154 540 1622 210 541 1623 99 541 1624 151 541 1625 204 542 1626 210 542 1627 151 542 1628 149 543 1629 204 543 1630 151 543 1631 39 544 1632 37 544 1633 80 544 1634 204 545 1635 155 545 1636 157 545 1637 107 546 1638 165 546 1639 176 546 1640 165 547 1641 174 547 1642 195 547 1643 151 548 1644 166 548 1645 167 548 1646 163 549 1647 169 549 1648 171 549 1649 175 550 1650 169 550 1651 163 550 1652 178 551 1653 176 551 1654 171 551 1655 178 552 1656 164 552 1657 165 552 1658 149 553 1659 155 553 1660 204 553 1661 176 554 1662 178 554 1663 164 554 1664 176 555 1665 164 555 1666 102 555 1667 176 556 1668 195 556 1669 174 556 1670 176 557 1671 102 557 1672 107 557 1673 80 558 1674 91 558 1675 209 558 1676 214 559 1677 187 559 1678 209 559 1679 210 560 1680 204 560 1681 205 560 1682 162 561 1683 176 561 1684 165 561 1685 165 562 1686 105 562 1687 162 562 1688 165 563 1689 99 563 1690 174 563 1691 99 564 1692 151 564 1693 165 564 1694 171 565 1695 165 565 1696 169 565 1697 151 566 1698 165 566 1699 169 566 1700 116 567 1701 99 567 1702 210 567 1703 195 568 1704 176 568 1705 162 568 1706 80 569 1707 37 569 1708 91 569 1709 193 570 1710 216 570 1711 209 570 1712 209 571 1713 208 571 1714 91 571 1715 39 572 1716 77 572 1717 88 572 1718 39 573 1719 46 573 1720 77 573 1721 187 574 1722 193 574 1723 216 574 1724 106 575 1725 174 575 1726 104 575 1727 104 576 1728 105 576 1729 174 576 1730 110 577 1731 210 577 1732 205 577 1733 193 578 1734 201 578 1735 96 578 1736 70 579 1737 174 579 1738 106 579 1739 116 580 1740 45 580 1741 32 580 1742 101 581 1743 98 581 1744 202 581 1745 117 582 1746 98 582 1747 202 582 1748 203 583 1749 143 583 1750 212 583 1751 185 584 1752 187 584 1753 214 584 1754 120 585 1755 193 585 1756 187 585 1757 178 586 1758 102 586 1759 172 586 1760 219 587 1761 218 587 1762 220 587 1763 218 588 1764 220 588 1765 219 588 1766</p>
        </polylist>
      </mesh>
    </geometry>
    <geometry id="Tail1-mesh" name="Tail1">
      <mesh>
        <source id="Tail1-mesh-positions">
          <float_array id="Tail1-mesh-positions-array" count="279">0.288399 -0.144911 0.051618 0.314191 -0.175561 -0.023609 0.243298 -0.23046 0.044147 0.165785 -0.226183 0.157193 0.015109 0.110252 -0.162769 0.007975 0.296009 -0.145646 0.017801 0.228881 0.028133 0.022339 -0.032505 -0.480846 0.025219 -0.164747 -0.461961 -0.020307 -0.059321 -0.353646 0.019327 -0.054454 -0.375932 0.005672 0.029296 -0.440328 0.00329 0.002362 -0.369759 0.005286 0.294264 -0.149088 0.007503 0.301919 -0.159255 0.004169 0.294963 -0.149208 0.002351 0.294179 -0.150936 -0.002378 0.301899 -0.110097 0.20086 -0.050584 0.055751 0.091125 -0.150088 -0.161483 0.002115 0.313065 -0.064429 0.000785 0.285123 -0.141643 0.004481 0.256544 -0.169297 0.005583 0.239662 -0.228425 -0.008519 0.176553 -0.078416 0.129532 -0.353545 0.069998 0.012945 0.378654 -0.098027 0.167248 -0.044777 0.196717 0.134442 0.141731 0.158678 -0.000647 0.33463 -0.014428 0.003778 0.124362 -0.250172 -0.001232 0.215206 -0.217279 0.006676 0.351893 0.028698 -0.000209 0.349713 0.039323 0.008678 0.336741 0.089453 0.00932 0.345434 0.070713 0.008148 -0.196007 -0.41269 0.177386 -0.188168 0.188789 0.002616 -0.442203 -0.049671 0.008085 -0.459278 -0.069883 0.008714 -0.418908 -0.017254 0.002836 -0.430136 -0.079488 -0.059408 -0.417665 0.073499 0.004465 -0.424347 0.222459 -0.008794 -0.327075 -0.104427 -0.145636 -0.242055 0.002615 -0.193564 -0.069622 0.069653 0.014792 -0.203278 -0.188257 0.001887 -0.269019 -0.26941 0.002807 -0.350524 -0.241088 0.004636 -0.449907 -0.224785 -0.12601 -0.292183 0.170092 -0.198133 -0.317701 0.113481 -0.171168 -0.193871 0.162145 -0.210102 -0.288175 0.071979 -0.150478 -0.205984 0.194426 -0.229764 -0.240225 0.051245 0.209107 -0.325991 0.110289 0.130974 -0.292233 0.179884 0.072832 0.129225 0.258222 0.177132 -0.083617 0.246205 -0.007908 0.169113 0.262371 -0.011769 0.220629 0.046056 0.007146 -0.142614 -0.286456 0.005084 0.347215 0.004377 0.001834 0.330266 0.020671 -0.123096 0.103416 0.206218 -0.156881 -0.095127 0.190379 -0.172679 -0.073054 0.236152 0.001556 0.316325 0.111738 0.00532 0.299912 0.138479 -0.001261 0.334178 0.094378 -0.026298 0.217279 0.182165 0.00287 0.315701 0.13398 0.006739 0.327765 0.106699 0.008276 0.315652 0.131775 0.003269 0.354541 0.075518 0.003867 -0.447393 -0.137608 0.0149 0.23618 0.170208 0.224126 -0.25674 0.083937 0.112718 -0.224841 0.249264 0.008513 -0.352637 0.295961 -0.000498 -0.270938 0.310549 -0.279017 -0.135461 0.075401 0.045941 -0.034291 0.300445 0.003573 0.343606 0.025542 0.001097 0.350924 0.075973 0.00436 0.337611 0.070613 0.009716 0.34094 0.000887 -0.073476 -0.039707 0.293197 -0.266267 -0.176037 0.030271 -0.285252 -0.180801 -0.045276 -0.291857 -0.148868 0.054359</float_array>
          <technique_common>
            <accessor source="#Tail1-mesh-positions-array" count="93" stride="3">
              <param name="X" type="float"/>
              <param name="Y" type="float"/>
              <param name="Z" type="float"/>
            </accessor>
          </technique_common>
        </source>
        <source id="Tail1-mesh-normals">
          <float_array id="Tail1-mesh-normals-array" count="594">-0.77427 0.44729 -0.447702 -0.73558 0.433274 -0.520764 0.998306 0.042049 -0.040204 -0.941579 -0.067624 -0.329933 0.973921 0.214856 0.072903 -0.92448 0.288589 -0.249104 0.975361 0.193133 0.10663 0.999058 0.02665 0.03425 0.3726 0.700523 0.608635 0.539046 -0.765578 -0.35117 -0.42836 -0.563693 0.706228 -0.897084 0.403466 -0.180156 0.216203 -0.954484 0.205467 -0.09208 0.977688 -0.188804 0.908742 -0.171237 -0.380612 -0.628123 0.767854 -0.125945 0.762708 0.088351 -0.640679 0.06937 0.708587 0.702206 0.970818 0.034178 0.23737 -0.92417 -0.029696 -0.380824 0.995638 0.074823 0.055739 -0.99317 0.105996 -0.048769 0.906979 -0.230125 -0.352748 0.977157 0.210894 0.026213 0.985858 0.163492 0.036796 0.7954 -0.375175 -0.476007 0.997376 0.072369 -0.00208 0.965076 0.216191 -0.147949 0.952537 0.212089 0.218385 -0.988556 0.110788 -0.10239 -0.922463 0.085453 -0.376511 0.830133 0.072532 0.552827 0.978484 0.158116 -0.132544 0.665033 -0.685911 -0.295394 0.914043 0.27824 0.295141 0.959685 -0.139202 0.244186 0.95782 0.256224 0.130118 0.801366 0.491184 -0.341396 0.788914 0.478686 -0.385324 0.748804 -0.483243 0.453618 0.775726 -0.415504 0.474979 -0.934128 0.26774 -0.236052 -0.400335 0.689092 0.604056 -0.294493 0.925268 -0.239068 -0.212877 -0.774037 0.59628 -0.983359 -0.138276 0.117829 -0.04958 -0.998493 -0.023535 -0.653684 -0.582837 -0.4827 -0.981803 -0.007049 0.18977 0.482122 -0.876031 -0.011331 -0.919121 -0.108191 -0.37883 0.533981 -0.388255 -0.751081 -0.996216 -0.038354 -0.077991 0.990925 -0.033994 -0.130042 -0.996366 -0.031324 -0.079211 -0.562521 -0.193413 0.803842 -0.942102 0.076879 0.326394 -0.923257 0.132576 0.360583 -0.852839 -0.131158 0.505433 0.644091 -0.078034 0.760958 0.721788 -0.559217 0.407796 0.969166 -0.235491 -0.072536 0.970621 -0.23159 -0.06528 0.971722 0.05602 0.229388 0.892813 -0.398229 0.210474 0.80873 0.250765 0.532046 0.890243 0.427351 0.157604 0.426975 0.825981 0.368033 -0.978127 0.202702 0.046675 -0.706361 -0.465332 -0.533404 -0.959613 0.279968 0.027576 -0.993791 0.094148 -0.059286 -0.165436 0.752335 -0.63767 0.400125 -0.907761 0.125978 -0.916892 -0.17094 -0.360678 0.881164 -0.368491 -0.29625 0.981954 -0.189097 -0.002969 0.661266 -0.577403 -0.478887 0.611419 -0.651039 -0.449795 -0.898144 0.184665 -0.399044 -0.95241 0.051926 0.300366 -0.846526 -0.029491 0.53153 -0.995367 -0.04826 -0.083155 -0.996096 -0.038001 -0.079679 -0.953451 -0.297626 -0.048474 -0.98214 -0.185514 -0.031398 -0.996947 -0.068062 -0.038253 -0.98973 0.098902 -0.103215 -0.89998 0.41497 0.133553 -0.392665 -0.307905 -0.866608 0.739655 -0.52214 -0.424593 -0.019996 -0.999439 -0.026879 -0.993171 -0.102458 0.055804 0.089625 0.906119 0.413419 0.201631 0.641024 0.740563 -0.361729 -0.307003 -0.880285 0.991838 0.008472 -0.127221 -0.93738 0.327927 -0.117401 0.936432 0.286351 -0.202727 -0.993974 -0.108632 0.014625 -0.974531 -0.205278 -0.090283 -0.990336 -0.125858 -0.058257 -0.994657 -0.103072 -0.005796 -0.816892 0.498169 0.290714 0.618053 0.785647 -0.027737 0.539228 0.611852 0.57868 -0.189308 0.41466 0.890067 0.936008 0.25305 0.244653 0.997181 0.069865 -0.027377 -0.995354 0.055283 -0.078826 -0.973292 0.207227 -0.098793 -0.768689 0.621872 -0.149638 0.904315 -0.034215 0.425493 0.737635 -0.376912 0.560207 0.552883 -0.312669 0.772372 0.906928 -0.024878 0.420551 0.805491 -0.377294 -0.456984 0.727724 -0.386311 0.566729 0.533197 -0.225534 0.815375 0.50421 -0.097609 0.858047 -0.935278 -0.042953 -0.351298 -0.965668 -0.241918 0.094658 0.792719 0.058956 0.60673 0.805732 0.235209 0.543574 -0.588845 -0.616092 -0.523156 -0.837825 0.504965 -0.207508 -0.939779 0.134863 0.31405 -0.989025 -0.095395 0.112824 -0.972071 -0.207903 -0.108881 -0.600087 0.617555 0.508449 0.442989 0.895023 0.051909 -0.8391 -0.413958 -0.352917 0.371174 -0.033218 0.927969 0.680703 0.007625 0.732519 -0.900664 0.247739 -0.356973 0.832616 0.090916 -0.546338 0.62801 0.060358 -0.775861 -0.784473 0.598733 -0.161618 -0.942457 -0.31187 -0.120461 -0.580977 0.78487 -0.215509 0.935641 -0.352892 0.006613 -0.535104 0.413925 0.73643 -0.418431 0.665513 0.618067 -0.989625 -0.095014 0.10777 -0.518372 0.207011 -0.829721 0.558335 0.708548 0.431535 -0.667256 -0.648533 -0.366298 -0.995479 -0.044825 -0.083737 0.987905 0.154578 0.012232 0.992669 0.015842 0.11982 0.519244 0.819861 0.241275 0.826321 -0.521185 -0.213446 -0.2056 0.974289 0.092139 0.861414 0.42874 0.272302 0.782921 0.602355 -0.155572 -0.391431 0.259518 -0.882854 0.999416 0.033257 0.007852 -0.702896 -0.489391 0.516172 -0.717943 -0.370204 0.589497 0.159207 0.222204 0.961914 0.663388 -0.657115 0.357934 0.994818 -0.090565 0.046203 0.791593 -0.387818 -0.472206 -0.985916 0.142569 0.087427 0.954098 -0.281429 -0.102443 0.982191 -0.012683 -0.187456 0.99887 -0.04385 0.018337 -0.960073 -0.278219 0.029231 -0.744084 -0.645348 0.172816 0.839376 -0.070487 -0.538962 0.751649 0.206526 0.626395 -0.021495 0.929426 -0.368381 0.776386 -0.471959 0.417708 -0.475274 -0.084279 0.875792 -0.217139 0.814066 0.538654 -0.062976 0.054903 0.996504 -0.067257 0.166343 0.983772 -0.54729 0.287857 0.785883 0.068658 0.422188 0.903905 -0.701166 -0.534676 -0.471686 -0.492421 -0.363076 0.791011 0.427779 0.159393 0.889719 -0.8365 -0.547409 -0.024735 -0.577009 -0.204815 0.79064 0.818479 0.522627 -0.238647 -0.403974 0.863001 -0.30337 -0.736081 -0.612499 0.28815 -0.892338 -0.450354 -0.030228 -0.548219 0.287271 0.785449 -0.616593 -0.760681 0.202923 -0.730382 -0.279 0.623458 -0.5744 -0.774905 0.263793 -0.796643 -0.277583 0.536943 -0.538454 -0.000341 0.842655 -0.838993 0.430406 -0.332927 0.853465 0.131962 -0.504167 -0.660884 -0.641283 0.389857 -0.806183 -0.28993 0.515761</float_array>
          <technique_common>
            <accessor source="#Tail1-mesh-normals-array" count="198" stride="3">
              <param name="X" type="float"/>
              <param name="Y" type="float"/>
              <param name="Z" type="float"/>
            </accessor>
          </technique_common>
        </source>
        <source id="Tail1-mesh-map-0">
          <float_array id="Tail1-mesh-map-0-array" count="1188">0.274943 0.481811 0.235802 0.495663 0.286328 0.493283 0.286328 0.493283 0.303174 0.482763 0.274943 0.481811 0.357712 0.021259 0.340537 0.046782 0.437624 0.008454 0.259998 0.299948 0.27654 0.291947 0.301151 0.326542 0.371143 0.258527 0.432969 0.23885 0.408537 0.229077 0.259998 0.299948 0.301151 0.326542 0.295608 0.346591 0.287156 0.345262 0.259998 0.299948 0.264241 0.326532 0.371143 0.258527 0.428355 0.266798 0.432969 0.23885 0.339477 0.046617 0.337034 0.047861 0.338809 0.047396 0.338809 0.047396 0.337034 0.047861 0.340537 0.046782 0.204905 0.382372 0.204369 0.382774 0.204096 0.381169 0.006788 0.00295 0.012663 0.004052 0.014793 0.003983 0.406062 0.169957 0.406483 0.171609 0.406062 0.172925 0.4455 0.319204 0.444779 0.320387 0.445235 0.320455 0.371143 0.258527 0.164127 0.293519 0.245316 0.296239 0.000785 0.051316 0 0.038978 0.001082 0.022391 0.357712 0.021259 0.339477 0.046617 0.340537 0.046782 0.09591 0.366665 0.09591 0.370056 0.095489 0.369582 0.390319 0.186612 0.389115 0.183781 0.390981 0.194361 0.388808 0.184139 0.390981 0.194361 0.389115 0.183781 0.250977 0.166454 0.247264 0.166038 0.250438 0.166986 0.319882 0.147404 0.308165 0.144788 0.301243 0.14682 0.174703 0.317956 0.245316 0.296239 0.164127 0.293519 0.437624 0.008454 0.340537 0.046782 0.394846 0.031461 0.340537 0.046782 0.333376 0.050552 0.394846 0.031461 0.437624 0.008454 0.389394 0.045869 0.365492 0.060772 0.357712 0.021259 0.293569 0.041854 0.326239 0.042643 0.371143 0.258527 0.235197 0.240582 0.137096 0.232115 0.042498 0.283021 0.164127 0.293519 0.05851 0.266638 0.315342 0.399302 0.297919 0.398182 0.295415 0.401358 0.410563 0.050016 0.424321 0.050434 0.424331 0.049576 0.456309 0.025117 0.451109 0.031631 0.454441 0.035169 0.456309 0.025117 0.454441 0.035169 0.46582 0.029207 0.46582 0.029207 0.454441 0.035169 0.463782 0.03288 0.365492 0.060772 0.413455 0.043746 0.439413 0.022214 0.428355 0.266798 0.371143 0.258527 0.386791 0.270672 0.369771 0.243048 0.371143 0.258527 0.408537 0.229077 0.164127 0.293519 0.371143 0.258527 0.137096 0.232115 0.05851 0.266638 0.164127 0.293519 0.137096 0.232115 0.071156 0.011916 0.152531 0.00817 0.137903 0.006535 0.328713 0.502727 0.353798 0.50132 0.268175 0.50129 0.463873 0.14949 0.460459 0.124556 0.463323 0.127142 0.460459 0.124556 0.46022 0.122993 0.463323 0.127142 0.259613 0.215743 0.259613 0.215319 0.259192 0.215669 0.457306 0.278495 0.44872 0.28334 0.471686 0.2893 0.484596 0.344405 0.483978 0.362251 0.486602 0.321301 0.003007 0.201378 0.00655 0.178935 0.004951 0.281671 0.039068 0.318071 0.067757 0.325558 0.099933 0.321251 0.317929 0.463653 0.305051 0.466663 0.351016 0.486068 0.107091 0.078666 0.161439 0.085826 0.14825 0.067955 0.367201 0.429614 0.147572 0.41464 0.117721 0.445448 0.214266 0.209419 0.300613 0.179103 0.259463 0.175423 0.443737 0.496945 0.43158 0.482236 0.351016 0.486068 0.378193 0.328765 0.345018 0.300704 0.33444 0.317645 0.351016 0.486068 0.43158 0.482236 0.42738 0.455396 0.450703 0.23482 0.446462 0.233068 0.451085 0.232793 0.000857 0.378535 0.002064 0.375361 0.001803 0.367705 0.404474 0.202458 0.364355 0.203524 0.384904 0.216658 0.203283 0.056696 0.210345 0.061505 0.269195 0.04772 0.282252 0.086301 0.296676 0.079979 0.287569 0.096184 0.287569 0.096184 0.343347 0.107721 0.277036 0.107954 0.076844 0.190062 0.130596 0.170677 0.05902 0.181768 0.076844 0.190062 0.13939 0.20331 0.130596 0.170677 0.05902 0.181768 0.130596 0.170677 0.073734 0.169139 0.13939 0.20331 0.076844 0.190062 0.074764 0.200665 0.361553 0.215407 0.337177 0.199835 0.30825 0.204803 0.010136 0.401664 0.008872 0.413258 0.031068 0.414613 0.30825 0.204803 0.363256 0.226768 0.361553 0.215407 0.463873 0.14949 0.498802 0.23033 0.462553 0.174908 0.107222 0.346217 0.227937 0.376136 0.285153 0.360587 0.501281 0.148765 0.466244 0.085982 0.471254 0.082176 0.501281 0.148765 0.498802 0.23033 0.467513 0.123833 0.24259 0.142302 0.263376 0.131083 0.15927 0.140728 0.13939 0.20331 0.182021 0.223709 0.214266 0.209419 0.029771 0.195933 0.031533 0.204318 0.033369 0.200097 0.107222 0.346217 0.168513 0.357809 0.227937 0.376136 0.443737 0.496945 0.403753 0.508165 0.351016 0.486068 0.35026 0.169227 0.337115 0.160363 0.259463 0.175423 0.300613 0.179103 0.35026 0.169227 0.259463 0.175423 0.04133 0.487211 0.038557 0.455785 0.018473 0.456283 0.117721 0.445448 0.056599 0.426319 0.038557 0.455785 0.056599 0.426319 0.034115 0.433059 0.032741 0.443494 0.463323 0.127142 0.467513 0.123833 0.498802 0.23033 0.463323 0.127142 0.498802 0.23033 0.463873 0.14949 0.025746 0.146724 0.064916 0.159483 0.016382 0.14498 0.034343 0.153875 0.064916 0.159483 0.025746 0.146724 0.034343 0.153875 0.056622 0.161001 0.064916 0.159483 0.064916 0.159483 0.054342 0.139251 0.00881 0.135343 0.064916 0.159483 0.00881 0.135343 0.016382 0.14498 0.016382 0.14498 0.00881 0.135343 0.015032 0.146138 0.0383 0.315462 0.044822 0.314842 0.053361 0.314886 0.098473 0.352876 0.090997 0.353382 0.088743 0.353781 0.214101 0.321787 0.210376 0.323602 0.211118 0.323451 0.471071 0.341437 0.468974 0.341942 0.473953 0.342408 0.226859 0.322527 0.234185 0.322867 0.226465 0.323599 0.189443 0.031427 0.193307 0.031091 0.189421 0.03055 0.019696 0.081945 0.011088 0.117585 0.009028 0.066967 0.340308 0.136005 0.263376 0.131083 0.24259 0.142302 0.252173 0.409093 0.302815 0.404573 0.223138 0.402342 0.351016 0.486068 0.371868 0.460085 0.352273 0.466613 0.346427 0.463736 0.335483 0.467081 0.317929 0.463653 0.351016 0.486068 0.352273 0.466613 0.317929 0.463653 0.351016 0.486068 0.42738 0.455396 0.394189 0.45756 0.464664 0.496101 0.456408 0.495554 0.465033 0.495645 0.30825 0.204803 0.244024 0.208951 0.294259 0.219559 0.30825 0.204803 0.294259 0.219559 0.363256 0.226768 0.252159 0.023646 0.26714 0.01142 0.25115 0.02625 0.233613 0.029931 0.249442 0.02784 0.26714 0.01142 0.26714 0.01142 0.233613 0.029931 0.25115 0.02625 0.465788 0.20299 0.462553 0.174908 0.498802 0.23033 0.198655 0.105303 0.205261 0.096255 0.12859 0.115212 0.205261 0.096255 0.173384 0.098083 0.12859 0.115212 0.036573 0.250215 0.04188 0.253228 0.041493 0.250082 0.0803 0.033151 0.071156 0.011916 0.033409 0.017186 0.047514 0.250215 0.041493 0.250082 0.04188 0.253228 0.102982 0.019137 0.150517 0.022675 0.108838 0.01385 0.442192 0.092318 0.415322 0.134623 0.411784 0.101171 0.017763 0.042813 0.0803 0.033151 0.033409 0.017186 0.435443 0.05678 0.442192 0.092318 0.411784 0.101171 0.017763 0.042813 0.033409 0.017186 0.009186 0.017652 0.032404 0.358125 0.046247 0.354309 0.056758 0.348706 0.064486 0.346443 0.034492 0.365978 0.107222 0.346217 0.296676 0.079979 0.334787 0.07446 0.287569 0.096184 0.334787 0.07446 0.352138 0.084084 0.287569 0.096184 0.082125 0.33981 0.107222 0.346217 0.197842 0.337297 0.117721 0.445448 0.04133 0.487211 0.158528 0.498454 0.04133 0.487211 0.117721 0.445448 0.038557 0.455785 0.471254 0.082176 0.484217 0.057908 0.501014 0.092572 0.471254 0.082176 0.501014 0.092572 0.501281 0.148765 0.036524 0.509664 0.04133 0.487211 0.024543 0.508521 0.127751 0.298329 0.0579 0.299408 0.135516 0.299205 0.117721 0.445448 0.059967 0.409901 0.056599 0.426319 0.382374 0.085215 0.435443 0.05678 0.411784 0.101171 0.442192 0.092318 0.440051 0.127229 0.415322 0.134623 0.062813 0.161197 0.064916 0.159483 0.056622 0.161001 0.033369 0.200097 0.029771 0.195933 0.026686 0.194851 0.033369 0.200097 0.026686 0.194851 0.023731 0.193883 0.070997 0.162834 0.077193 0.162768 0.056622 0.161001 0.070997 0.162834 0.062813 0.161197 0.056622 0.161001 0.165481 0.059916 0.164743 0.053194 0.166006 0.058467 0.026686 0.194851 0.027643 0.203451 0.023731 0.193883 0.233038 0.322117 0.226859 0.322527 0.234185 0.322867 0.327672 0.112842 0.329736 0.112551 0.322109 0.112511 0.056622 0.161001 0.043413 0.156755 0.041751 0.158525 0.434651 0.442397 0.434945 0.438441 0.435397 0.442127 0.402099 0.436697 0.402077 0.441805 0.40119 0.439075 0.402077 0.441805 0.401136 0.442753 0.40119 0.439075 0.477472 0.013684 0.493174 0.0131 0.482874 0.016915 0.26714 0.01142 0.201927 0.005658 0.248177 0.017318 0.201927 0.005658 0.222926 0.03284 0.233613 0.029931 0.043413 0.156755 0.056622 0.161001 0.034343 0.153875 0.373658 0.354371 0.362845 0.354415 0.369977 0.354501 0.036324 0.155511 0.043413 0.156755 0.034343 0.153875 0.211453 0.036589 0.215732 0.037459 0.233613 0.029931 0.169324 0.006151 0.175478 0.005131 0.165347 0.005305 0.434945 0.438441 0.435397 0.442127 0.435823 0.441019 0.397122 0.279485 0.35681 0.280966 0.434957 0.292888 0.389922 0.363499 0.434837 0.395831 0.462328 0.38292 0.389922 0.363499 0.462328 0.38292 0.405476 0.345696 0.484183 0.29015 0.475796 0.254468 0.48401 0.282565 0.017763 0.042813 0.128438 0.059061 0.0803 0.033151 0.368159 0.162859 0.379952 0.169908 0.401701 0.175881 0.13939 0.20331 0.214266 0.209419 0.259463 0.175423 0.077193 0.162768 0.054342 0.139251 0.064916 0.159483 0.077193 0.162768 0.070506 0.161024 0.064916 0.159483 0.35681 0.280966 0.345018 0.300704 0.378193 0.328765 0.35681 0.280966 0.378193 0.328765 0.434957 0.292888 0.117721 0.445448 0.147572 0.41464 0.059967 0.409901 0.172185 0.05847 0.168757 0.058327 0.172427 0.059733 0.033369 0.200097 0.032806 0.212167 0.031719 0.207721 0.033369 0.200097 0.031719 0.207721 0.031533 0.204318 0.023731 0.193883 0.031719 0.207721 0.026695 0.2061 0.040006 0.058892 0.128438 0.059061 0.017763 0.042813 0.038005 0.089142 0.039366 0.062817 0.027743 0.063412 0.127535 0.127093 0.12859 0.115212 0.064857 0.12137 0.477609 0.436199 0.455427 0.462683 0.467808 0.423225 0.038005 0.089142 0.03387 0.103121 0.064857 0.12137 0.070033 0.086541 0.038005 0.089142 0.064857 0.12137 0.127535 0.127093 0.144832 0.133617 0.119829 0.119909 0.227937 0.376136 0.331548 0.390622 0.285153 0.360587 0.405476 0.345696 0.396716 0.35531 0.389922 0.363499 0.411784 0.101171 0.371858 0.100298 0.382374 0.085215 0.441033 0.330933 0.418514 0.332666 0.462328 0.38292 0.441033 0.330933 0.462328 0.38292 0.473789 0.370458 0.030668 0.293789 0.029023 0.352228 0.015024 0.276116 0.439491 0.323187 0.465982 0.325183 0.450778 0.323066 0.389922 0.363499 0.331548 0.390622 0.434837 0.395831 0.285153 0.360587 0.331548 0.390622 0.389922 0.363499 0.05184 0.07245 0.038005 0.089142 0.070033 0.086541 0.095359 0.397854 0.158286 0.38371 0.107431 0.386795 0.499891 0.023981 0.499552 0.066815 0.496934 0.047453 0.008602 0.384097 0.095359 0.397854 0.107431 0.386795 0.198892 0.050029 0.269195 0.04772 0.189953 0.048109 0.405476 0.345696 0.462328 0.38292 0.425503 0.345578 0.158528 0.498454 0.367201 0.429614 0.117721 0.445448 0.124743 0.378858 0.111979 0.376708 0.153733 0.361866 0.015024 0.276116 0.030668 0.293789 0.029837 0.256181 0.113185 0.364625 0.153733 0.361866 0.119119 0.358253</float_array>
          <technique_common>
            <accessor source="#Tail1-mesh-map-0-array" count="594" stride="2">
              <param name="S" type="float"/>
              <param name="T" type="float"/>
            </accessor>
          </technique_common>
        </source>
        <vertices id="Tail1-mesh-vertices">
          <input semantic="POSITION" source="#Tail1-mesh-positions"/>
        </vertices>
        <polylist material="Material_-1-material" count="6">
          <input semantic="VERTEX" source="#Tail1-mesh-vertices" offset="0"/>
          <input semantic="NORMAL" source="#Tail1-mesh-normals" offset="1"/>
          <input semantic="TEXCOORD" source="#Tail1-mesh-map-0" offset="2" set="0"/>
          <vcount>3 3 3 3 3 3 3 3 3 3 3 3 3 3 3 3 3 3 3 3 3 3 3 3 3 3 3 3 3 3 3 3 3 3 3 3 3 3 3 3 3 3 3 3 3 3 3 3 3 3 3 3 3 3 3 3 3 3 3 3 3 3 3 3 3 3 3 3 3 3 3 3 3 3 3 3 3 3 3 3 3 3 3 3 3 3 3 3 3 3 3 3 3 3 3 3 3 3 3 3 3 3 3 3 3 3 3 3 3 3 3 3 3 3 3 3 3 3 3 3 3 3 3 3 3 3 3 3 3 3 3 3 3 3 3 3 3 3 3 3 3 3 3 3 3 3 3 3 3 3 3 3 3 3 3 3 3 3 3 3 3 3 3 3 3 3 3 3 3 3 3 3 3 3 3 3 3 3 3 3 3 3 3 3 3 3 3 3 3 3 3 3 3 3 3 3 3 3</vcount>
          <p>0 0 0 1 0 1 2 0 2 2 1 3 3 1 4 0 1 5 4 2 6 5 2 7 6 2 8 7 3 9 8 3 10 9 3 11 10 4 12 7 4 13 11 4 14 7 5 15 9 5 16 12 5 17 12 6 18 7 6 19 11 6 20 10 7 21 8 7 22 7 7 23 13 8 24 14 8 25 15 8 26 15 9 27 14 9 28 5 9 29 15 10 30 16 10 31 13 10 32 14 11 33 16 11 34 17 11 35 16 12 36 15 12 37 17 12 38 15 13 39 17 13 40 5 13 41 10 14 42 18 14 43 19 14 44 14 15 45 17 15 46 20 15 47 4 16 48 13 16 49 5 16 50 21 17 51 14 17 52 16 17 53 13 18 54 4 18 55 14 18 56 21 19 57 14 19 58 4 19 59 4 20 60 22 20 61 21 20 62 23 21 63 24 21 64 22 21 65 25 22 66 19 22 67 18 22 68 6 23 69 5 23 70 20 23 71 5 24 72 14 24 73 20 24 74 6 25 75 20 25 76 26 25 77 4 26 78 23 26 79 22 26 80 10 27 81 4 27 82 6 27 83 27 28 84 18 28 85 28 28 86 26 29 87 20 29 88 29 29 89 30 30 90 31 30 91 23 30 92 6 31 93 32 31 94 33 31 95 6 32 96 33 32 97 34 32 98 34 33 99 33 33 100 35 33 101 26 34 102 29 34 103 6 34 104 8 35 105 10 35 106 36 35 107 12 36 108 10 36 109 11 36 110 18 37 111 10 37 112 6 37 113 28 38 114 18 38 115 6 38 116 37 39 117 1 39 118 0 39 119 2 40 120 1 40 121 37 40 122 17 41 123 13 41 124 21 41 125 13 42 126 16 42 127 21 42 128 13 43 129 17 43 130 5 43 131 38 44 132 39 44 133 40 44 134 39 45 135 40 45 136 41 45 137 42 46 138 40 46 139 43 46 140 44 47 141 40 47 142 42 47 143 38 48 144 40 48 145 44 48 146 43 49 147 40 49 148 25 49 149 9 50 150 45 50 151 46 50 152 41 51 153 47 51 154 19 51 155 48 52 156 49 52 157 44 52 158 47 53 159 49 53 160 48 53 161 44 54 162 49 54 163 50 54 164 52 55 165 51 55 166 53 55 167 54 56 168 52 56 169 53 56 170 55 57 171 54 57 172 52 57 173 56 58 174 54 58 175 53 58 176 58 59 177 57 59 178 3 59 179 3 60 180 0 60 181 37 60 182 3 61 183 18 61 184 37 61 185 3 62 186 25 62 187 18 62 188 37 63 189 18 63 190 27 63 191 25 64 192 3 64 193 58 64 194 59 65 195 27 65 196 28 65 197 60 66 198 27 66 199 59 66 200 28 67 201 61 67 202 59 67 203 17 68 204 62 68 205 20 68 206 63 69 207 44 69 208 45 69 209 24 70 210 23 70 211 31 70 212 24 71 213 62 71 214 22 71 215 4 72 216 9 72 217 24 72 218 25 73 219 40 73 220 41 73 221 65 74 222 64 74 223 6 74 224 63 75 225 47 75 226 44 75 227 48 76 228 47 76 229 44 76 230 63 77 231 10 77 232 19 77 233 47 78 234 63 78 235 19 78 236 66 79 237 67 79 238 68 79 239 46 80 240 53 80 241 67 80 242 53 81 243 55 81 244 67 81 245 21 82 246 22 82 247 62 82 248 21 83 249 62 83 250 17 83 251 69 84 252 65 84 253 70 84 254 71 85 255 65 85 256 69 85 257 71 86 258 33 86 259 65 86 260 65 87 261 62 87 262 72 87 263 65 88 264 72 88 265 70 88 266 70 89 267 72 89 268 73 89 269 69 90 270 74 90 271 70 90 272 69 91 273 75 91 274 73 91 275 71 92 276 69 92 277 73 92 278 74 93 279 71 93 280 73 93 281 34 94 282 76 94 283 71 94 284 73 95 285 75 95 286 70 95 287 4 96 288 30 96 289 23 96 290 12 97 291 9 97 292 4 97 293 10 98 294 12 98 295 4 98 296 44 99 297 77 99 298 41 99 299 41 100 300 39 100 301 38 100 302 44 101 303 41 101 304 38 101 305 44 102 306 50 102 307 77 102 308 69 103 309 75 103 310 74 103 311 28 104 312 6 104 313 78 104 314 28 105 315 78 105 316 61 105 317 70 106 318 78 106 319 75 106 320 74 107 321 73 107 322 78 107 323 78 108 324 74 108 325 75 108 326 29 109 327 20 109 328 62 109 329 62 110 330 24 110 331 72 110 332 24 111 333 66 111 334 72 111 335 79 112 336 37 112 337 57 112 338 58 113 339 37 113 340 80 113 341 58 114 342 57 114 343 37 114 344 79 115 345 2 115 346 37 115 347 80 116 348 27 116 349 60 116 350 81 117 351 58 117 352 80 117 353 82 118 354 80 118 355 60 118 356 81 119 357 80 119 358 82 119 359 8 120 360 36 120 361 9 120 362 9 121 363 36 121 364 63 121 365 57 122 366 79 122 367 3 122 368 79 123 369 2 123 370 3 123 371 9 124 372 63 124 373 45 124 374 46 125 375 66 125 376 24 125 377 66 126 378 46 126 379 67 126 380 31 127 381 30 127 382 4 127 383 31 128 384 4 128 385 24 128 386 72 129 387 66 129 388 61 129 389 53 130 390 83 130 391 55 130 392 46 131 393 51 131 394 53 131 395 84 132 396 82 132 397 60 132 398 80 133 399 37 133 400 27 133 401 85 134 402 65 134 403 33 134 404 6 135 405 65 135 406 85 135 407 6 136 408 85 136 409 32 136 410 64 137 411 29 137 412 33 137 413 64 138 414 85 138 415 33 138 416 29 139 417 33 139 418 32 139 419 85 140 420 64 140 421 32 140 422 86 141 423 34 141 424 76 141 425 74 142 426 76 142 427 71 142 428 33 143 429 87 143 430 76 143 431 76 144 432 87 144 433 86 144 434 34 145 435 86 145 436 74 145 437 86 146 438 35 146 439 74 146 440 6 147 441 70 147 442 74 147 443 78 148 444 6 148 445 70 148 446 6 149 447 34 149 448 74 149 449 87 150 450 33 150 451 71 150 452 35 151 453 34 151 454 87 151 455 34 152 456 87 152 457 71 152 458 35 153 459 76 153 460 74 153 461 35 154 462 33 154 463 76 154 464 87 155 465 86 155 466 35 155 467 77 156 468 50 156 469 41 156 470 51 157 471 43 157 472 81 157 473 51 158 474 81 158 475 55 158 476 61 159 477 84 159 478 59 159 479 81 160 480 25 160 481 58 160 482 10 161 483 63 161 484 36 161 485 25 162 486 41 162 487 19 162 488 29 163 489 62 163 490 65 163 491 29 164 492 64 164 493 65 164 494 50 165 495 49 165 496 47 165 497 50 166 498 47 166 499 41 166 500 46 167 501 45 167 502 51 167 503 64 168 504 88 168 505 32 168 506 6 169 507 29 169 508 88 169 509 6 170 510 88 170 511 64 170 512 32 171 513 88 171 514 29 171 515 43 172 516 25 172 517 81 172 518 89 173 519 68 173 520 82 173 521 78 174 522 72 174 523 61 174 524 89 175 525 82 175 526 84 175 527 89 176 528 84 176 529 61 176 530 66 177 531 89 177 532 61 177 533 78 178 534 73 178 535 72 178 536 44 179 537 42 179 538 45 179 539 55 180 540 52 180 541 51 180 542 60 181 543 59 181 544 84 181 545 68 182 546 67 182 547 81 182 548 68 183 549 81 183 550 82 183 551 90 184 552 91 184 553 83 184 554 91 185 555 92 185 556 83 185 557 51 186 558 42 186 559 43 186 560 45 187 561 42 187 562 51 187 563 68 188 564 89 188 565 66 188 566 92 189 567 91 189 568 90 189 569 92 190 570 55 190 571 83 190 572 55 191 573 92 191 574 90 191 575 56 192 576 53 192 577 90 192 578 55 193 579 81 193 580 67 193 581 24 194 582 9 194 583 46 194 584 54 195 585 56 195 586 55 195 587 83 196 588 90 196 589 53 196 590 56 197 591 55 197 592 90 197 593</p>
        </polylist>
      </mesh>
    </geometry>
    <geometry id="Tail2-mesh" name="Tail2">
      <mesh>
        <source id="Tail2-mesh-positions">
          <float_array id="Tail2-mesh-positions-array" count="237">0.013331 0.185615 -0.000863 0.007218 0.177698 0.004971 0.12318 0.174856 -0.002607 0.096394 0.164723 -0.004988 0.079 0.150281 -0.000714 0.046867 0.115116 -0.001164 0.011015 0.142031 0.00295 0.047056 0.141246 -0.003149 0.019212 0.086751 0.00618 0.046731 0.091078 -0.005473 0.06925 0.093291 0.001782 0.028495 0.0947 0.001115 0.026164 0.093355 -0.00117 0.00284 0.09854 0.001061 -0.003619 0.086242 -0.001878 0.007439 0.104239 -0.003507 0.013193 0.121264 0.002309 -0.000339 0.088818 0.003186 0.012206 0.088013 -0.001893 0.003556 0.087858 -0.00132 -0.000287 0.087116 0.003351 0.069962 0.087447 -0.003376 -0.085694 0.058086 0.003525 -0.033534 0.09286 -0.000243 -0.020818 0.094073 0.001575 -0.00398 0.084968 -0.000813 0.061513 0.066894 -0.001023 0.064278 0.068385 -0.000625 -0.102635 0.004864 0.011035 0.04359 0.046923 -0.004703 0.050692 0.061406 -0.000863 0.031493 0.139442 -0.006276 0.048908 0.145262 -0.005958 -0.061207 0.152813 -0.003062 -0.095677 0.122942 -0.001742 -0.126761 0.099398 0.003298 0.047096 0.142535 -0.005246 0.044801 0.138476 -0.005796 0.044413 0.142105 0.000236 -0.108719 0.025909 -0.012508 -0.102421 -0.117605 0.000545 -0.010861 -0.160832 0.008314 -0.113166 -0.041795 0.010869 -0.037198 -0.131638 0.004049 0.010138 -0.143708 0.007396 -0.013853 -0.154697 0.00002 -0.148138 -0.06619 0.004343 -0.19175 -0.015834 0.019713 -0.188459 -0.037541 -0.014667 -0.033542 0.083835 0.0014 0.011348 -0.162533 0.000788 0.008948 -0.143804 -0.002668 0.039125 -0.16867 -0.003899 -0.133113 -0.050839 -0.011421 -0.019733 -0.142877 0.001753 0.025408 -0.17233 -0.00167 0.022148 -0.164909 -0.001062 0.022409 -0.167145 0.002468 0.01991 -0.166282 0.001071 0.093349 -0.2484 -0.001982 0.073502 -0.145547 0.00455 0.046268 -0.159733 -0.003605 0.059243 -0.178868 0.003047 0.041143 -0.169155 0.002241 0.037486 -0.107736 0.003309 0.04342 0.064445 -0.000996 0.025058 -0.162671 0.005266 -0.104235 -0.029476 -0.010741 0.025481 -0.034277 0.002155 0.067709 0.070916 -0.000325 0.016788 0.009255 0.002343 0.02809 -0.170459 0.001655 -0.189495 0.068942 0.020585 -0.057532 -0.178676 -0.004709 0.051042 -0.198388 -0.000139 0.1282 -0.288865 0.000513 -0.178689 0.08341 -0.011313 0.058821 -0.178217 -0.003802 0.050532 -0.168726 -0.001008</float_array>
          <technique_common>
            <accessor source="#Tail2-mesh-positions-array" count="79" stride="3">
              <param name="X" type="float"/>
              <param name="Y" type="float"/>
              <param name="Z" type="float"/>
            </accessor>
          </technique_common>
        </source>
        <source id="Tail2-mesh-normals">
          <float_array id="Tail2-mesh-normals-array" count="594">0.067734 0.557486 0.827418 0.005536 0.214849 -0.976632 0.052192 -0.357109 0.932604 0.129344 0.134938 0.982376 0.603789 -0.559006 0.568289 0.059812 -0.050123 0.99695 -0.097168 0.076091 0.992355 -0.122434 0.989383 0.078298 -0.01204 0.12162 0.992504 0.004599 0.533551 0.845755 0.687338 -0.653822 -0.316359 0.838781 -0.494798 0.227201 0.84607 -0.404554 0.347133 -0.843342 0.362459 0.396733 -0.080783 0.07658 0.993785 -0.078221 0.129942 -0.988431 -0.003778 0.988101 0.15376 0.335854 -0.529179 -0.779212 -0.082084 -0.82005 0.566375 0.115741 0.074408 0.990489 -0.498124 0.78669 0.36468 0.029981 -0.027695 0.999167 0.155199 -0.167848 -0.973519 0.619111 0.560706 -0.549828 -0.126096 0.37647 0.917807 -0.74249 0.097915 -0.662662 0.026486 0.21918 -0.975325 -0.762705 -0.085272 -0.641101 -0.827626 0.479188 0.292256 0.757767 -0.040188 -0.651287 -0.102055 -0.07549 0.99191 0.305601 0.0116 -0.952089 0.154079 -0.171577 0.973047 -0.105988 0.172922 0.979216 -0.447209 0.876587 -0.17776 0.71989 -0.484747 0.496769 -0.022254 0.107769 -0.993927 0.008685 0.028629 -0.999552 -0.035166 -0.003582 -0.999375 -0.166362 0.315408 0.93426 -0.431496 0.726912 0.534238 -0.018714 0.109153 -0.993849 0.162227 -0.763456 -0.625153 -0.071147 -0.02981 -0.99702 0.234481 -0.662863 -0.711078 0.130347 -0.84089 0.525275 0.106791 0.846169 0.522105 0.07475 0.656454 -0.750653 0.224159 -0.591452 -0.774556 0.221596 -0.006851 0.975115 -0.028797 0.943961 -0.328798 -0.163195 0.550836 0.818503 0.023501 -0.964488 0.263078 -0.541713 0.694964 -0.472834 0.903722 -0.216121 0.369565 -0.095718 -0.363624 -0.926615 0.946776 -0.251283 -0.201177 0.041032 -0.141773 -0.989048 -0.030194 -0.10467 0.994048 -0.067172 0.140695 0.987772 -0.021394 0.192641 0.981036 -0.098427 0.144697 0.984568 0.086548 -0.16218 -0.982958 -0.193248 0.980991 -0.017649 0.20974 -0.924291 -0.318896 -0.816622 0.447428 -0.364606 0.22134 -0.889991 0.398654 -0.838761 0.502715 -0.209185 -0.855287 0.448571 0.25936 0.240347 -0.168306 -0.955985 -0.185733 0.025207 -0.982277 -0.520301 0.650511 0.553284 0.161883 0.982519 -0.091926 0.407764 -0.779343 -0.475766 -0.135216 0.661334 -0.737804 -0.155932 -0.154953 0.975538 -0.742682 -0.642354 0.189222 0.112422 0.169386 -0.979117 -0.702715 -0.669225 -0.241514 -0.082192 -0.14591 0.985878 -0.218723 -0.834404 0.505896 -0.091288 0.264132 0.960157 -0.06887 0.160852 0.984573 0.328864 -0.910614 0.250261 0.315778 -0.927812 0.198617 0.226343 -0.559326 0.797448 -0.139582 0.42468 -0.894519 -0.066048 -0.002817 -0.997812 0.205083 -0.661404 -0.721447 -0.131186 0.389175 -0.911775 -0.120608 0.166617 -0.978618 0.246472 -0.567746 0.78544 -0.062729 0.060932 0.996169 -0.064566 0.053863 0.996459 0.987487 0.104826 -0.117819 0.631776 0.770793 -0.082086 -0.244453 -0.454211 -0.8567 -0.153403 -0.03665 -0.987484 -0.167266 0.007304 -0.985885 -0.906495 -0.383743 -0.17609 -0.265585 -0.659637 -0.703096 -0.662256 -0.077863 -0.745221 -0.155578 -0.198504 -0.967673 0.088038 0.187246 -0.97836 -0.895669 -0.444685 -0.00579 0.057301 0.086804 -0.994576 -0.389134 -0.344045 -0.854522 0.022662 -0.530599 0.84732 0.33294 -0.100176 -0.937612 0.751408 -0.590859 -0.29372 0.074638 0.056375 0.995616 0.046978 0.077435 0.99589 0.000631 0.006122 0.999981 0.373114 0.1085 0.921419 0.94121 -0.061165 0.33224 -0.003346 0.035733 0.999356 -0.230575 -0.515693 0.825164 0.029428 -0.206621 0.977978 0.007106 -0.259531 0.965709 -0.129904 0.407446 -0.903943 0.499521 -0.29844 -0.813272 -0.054091 0.021257 0.99831 0.358405 0.179067 0.916232 -0.172109 0.261963 0.949607 0.285293 -0.301072 0.909925 0.177554 0.454248 -0.873003 0.051235 -0.030422 -0.998223 0.044425 -0.028263 -0.998613 0.063685 -0.017924 0.997809 0.061318 0.025696 0.997787 0.029911 0.150246 -0.988196 0.100152 -0.125416 -0.987036 0.098949 0.000539 -0.995092 -0.892214 0.348868 0.286785 0.057458 0.118804 -0.991254 0.131287 0.0601 -0.989521 -0.289832 0.914835 -0.281202 -0.13757 -0.912221 0.385912 -0.46667 0.215982 -0.857654 -0.084739 0.327424 -0.94107 0.043689 -0.027267 -0.998673 -0.102154 0.114149 -0.988198 0.107556 -0.013086 0.994113 0.203579 0.131362 0.970206 0.09159 -0.024214 0.995502 -0.633145 -0.408843 -0.657248 -0.473347 -0.361554 -0.803257 -0.226334 -0.082859 0.970519 0.007804 0.179779 -0.983676 0.058959 0.088696 -0.994312 0.507306 0.456092 -0.731177 0.124614 0.167623 0.977944 -0.136626 -0.184164 0.973353 -0.017255 -0.07633 -0.996933 0.098029 -0.023805 -0.994899 0.121188 0.028486 -0.992221 -0.535762 0.689868 -0.486868 -0.113694 -0.655448 -0.746633 0.305827 -0.188795 -0.933181 0.189876 0.250782 -0.94924 -0.068394 0.307203 -0.949183 0.073214 -0.017316 0.997166 0.102197 0.107025 0.98899 0.204096 -0.370509 0.906128 -0.048309 0.178941 0.982673 0.072218 0.010114 0.997338 -0.314011 -0.37135 -0.873783 0.313942 0.696475 -0.645262 0.401043 0.797893 -0.450035 0.19019 0.093521 0.977283 0.923288 -0.372841 -0.092351 0.321994 0.576769 0.750771 -0.010226 -0.156886 0.987564 -0.580615 -0.517514 0.628543 0.283136 0.67283 0.683472 0.400407 0.902491 -0.158697 -0.549107 -0.437259 0.71224 -0.326061 -0.35495 0.876182 -0.297179 -0.317065 -0.900641 0.113841 0.169505 0.978932 -0.069021 -0.152415 -0.985904 0.22562 0.155419 0.961738 -0.275562 -0.429071 0.860211 0.019387 -0.054504 0.998325 0.274368 -0.144449 -0.950714 0.916862 -0.388122 -0.093407 0.199022 0.157831 -0.967202 0.229852 0.166326 -0.958907 0.304962 -0.170834 -0.936917 -0.016444 0.996315 0.084177 -0.721664 -0.484859 -0.494078 0.221653 0.448498 -0.865864 -0.261688 0.141108 -0.954781 -0.050523 0.116841 -0.991865 -0.559726 0.621688 -0.547916 -0.354251 0.890955 0.284088 -0.557709 -0.66843 -0.4921 -0.370169 0.019399 -0.928762</float_array>
          <technique_common>
            <accessor source="#Tail2-mesh-normals-array" count="198" stride="3">
              <param name="X" type="float"/>
              <param name="Y" type="float"/>
              <param name="Z" type="float"/>
            </accessor>
          </technique_common>
        </source>
        <source id="Tail2-mesh-map-0">
          <float_array id="Tail2-mesh-map-0-array" count="1188">0.516905 0.177816 0.527753 0.159696 0.538581 0.28082 0.899121 0.403507 0.893228 0.376502 0.911844 0.311281 0.881244 0.178441 0.880744 0.188184 0.869298 0.106096 0.869298 0.106096 0.893882 0.165031 0.881244 0.178441 0.893882 0.165031 0.913859 0.131162 0.890748 0.152847 0.890326 0.114861 0.893882 0.165031 0.869298 0.106096 0.893957 0.137004 0.913859 0.131162 0.893882 0.165031 0.509506 0.494992 0.522991 0.496609 0.501831 0.498856 0.913859 0.131162 0.929139 0.112194 0.930354 0.136212 0.601342 0.007696 0.635237 0.012511 0.640252 0.009424 0.667695 0.397503 0.669454 0.403453 0.669097 0.392995 0.950178 0.238493 0.951151 0.238403 0.946438 0.232556 0.657027 0.331539 0.657964 0.332181 0.657755 0.336601 0.920169 0.091523 0.927161 0.087597 0.908831 0.108681 0.669454 0.403453 0.669235 0.40623 0.667695 0.397503 0.913859 0.131162 0.92913 0.092815 0.908831 0.108681 0.92913 0.092815 0.930181 0.087408 0.931244 0.097791 0.931244 0.097791 0.92913 0.092815 0.913859 0.131162 0.552172 0.143101 0.553971 0.142514 0.539727 0.14296 0.908831 0.108681 0.913859 0.131162 0.893957 0.137004 0.91558 0.069869 0.901321 0.057459 0.908831 0.108681 0.901321 0.057459 0.908831 0.108681 0.890326 0.114861 0.918621 0.070887 0.91558 0.069869 0.908831 0.108681 0.736244 0.184351 0.732922 0.182975 0.724054 0.183571 0.930181 0.087408 0.933186 0.086393 0.931244 0.097791 0.658691 0.354709 0.660277 0.348128 0.659264 0.348847 0.950751 0.242664 0.951151 0.238403 0.950178 0.238493 0.534695 0.071797 0.537157 0.070778 0.53647 0.071967 0.548653 0.112923 0.548125 0.114047 0.54915 0.113554 0.915015 0.180071 0.914427 0.180136 0.91378 0.179424 0.759321 0.423117 0.756727 0.422483 0.773847 0.433781 0.759321 0.423117 0.768768 0.427131 0.773847 0.433781 0.53892 0.48395 0.53919 0.47793 0.53441 0.481199 0.771785 0.480598 0.772783 0.490082 0.77286 0.478561 0.506288 0.273283 0.509494 0.281231 0.50612 0.27455 0.772783 0.490082 0.771744 0.488057 0.771785 0.480598 0.880148 0.327645 0.911844 0.311281 0.893228 0.376502 0.878738 0.340087 0.880148 0.327645 0.893228 0.376502 0.894864 0.241986 0.880148 0.327645 0.880139 0.221705 0.528768 0.107826 0.537117 0.100344 0.516905 0.177816 0.537117 0.100344 0.527753 0.159696 0.516905 0.177816 0.880148 0.327645 0.894864 0.241986 0.911844 0.311281 0.970467 0.235258 0.984608 0.237326 0.946438 0.232556 0.911733 0.436548 0.917913 0.396153 0.935753 0.460607 0.680711 0.085294 0.667578 0.085136 0.667558 0.086958 0.680801 0.087214 0.680711 0.085294 0.667558 0.086958 0.685075 0.430999 0.682891 0.419659 0.682745 0.431443 0.986213 0.432544 0.986351 0.422454 0.988822 0.435781 0.988481 0.422489 0.986351 0.422454 0.988822 0.435781 0.682891 0.419659 0.683167 0.417699 0.685075 0.430999 0.996809 0.189475 0.995023 0.189319 0.994553 0.18076 0.685008 0.417967 0.683167 0.417699 0.685075 0.430999 0.914157 0.147185 0.912935 0.143112 0.913417 0.141624 0.935753 0.460607 0.917221 0.374369 0.917913 0.396153 0.756727 0.422483 0.766168 0.432691 0.773847 0.433781 0.896945 0.476017 0.901925 0.445399 0.911733 0.436548 0.901512 0.433345 0.911733 0.436548 0.908147 0.436124 0.901512 0.433345 0.911733 0.436548 0.901925 0.445399 0.896945 0.476017 0.91463 0.471529 0.911733 0.436548 0.886663 0.474609 0.873112 0.471927 0.884814 0.482207 0.935753 0.460607 0.91463 0.471529 0.932936 0.47116 0.911733 0.436548 0.91463 0.471529 0.935753 0.460607 0.893228 0.376502 0.868897 0.33974 0.878738 0.340087 0.996841 0.179997 0.996809 0.189475 0.994553 0.18076 0.994553 0.18076 0.99602 0.176611 0.994317 0.176337 0.996841 0.179997 0.994553 0.18076 0.99602 0.176611 0.892588 0.136939 0.893957 0.137004 0.893882 0.165031 0.932936 0.47116 0.935826 0.474943 0.935894 0.476572 0.986564 0.437171 0.986213 0.432544 0.988822 0.435781 0.91463 0.471529 0.932936 0.47116 0.935894 0.476572 0.51574 0.424992 0.509174 0.410525 0.503519 0.428573 0.543879 0.147098 0.544863 0.146759 0.544813 0.145073 0.516642 0.469694 0.510389 0.454113 0.512419 0.485295 0.515064 0.443706 0.514027 0.439694 0.510389 0.454113 0.516642 0.469694 0.514027 0.439694 0.510389 0.454113 0.814576 0.40166 0.842445 0.3161 0.843415 0.447363 0.702011 0.061438 0.779946 0.063209 0.702765 0.066176 0.716602 0.07386 0.702765 0.066176 0.779946 0.063209 0.942038 0.360416 0.941998 0.367481 0.94208 0.347351 0.827416 0.45676 0.814576 0.40166 0.843415 0.447363 0.805997 0.101782 0.815085 0.109887 0.788165 0.158435 0.93487 0.157201 0.952042 0.109769 0.936932 0.185849 0.952042 0.109769 0.97294 0.104866 0.946313 0.208135 0.822683 0.104453 0.821852 0.106441 0.821871 0.105105 0.562698 0.473731 0.56196 0.472339 0.563586 0.472772 0.516729 0.425456 0.517714 0.423426 0.571114 0.34739 0.571114 0.34739 0.516729 0.425456 0.514027 0.439694 0.514027 0.439694 0.516729 0.425456 0.514192 0.431909 0.516729 0.425456 0.51574 0.424992 0.514192 0.431909 0.51574 0.424992 0.571114 0.34739 0.516612 0.397757 0.51574 0.424992 0.516612 0.397757 0.509174 0.410525 0.517714 0.423426 0.571114 0.34739 0.51574 0.424992 0.931374 0.17182 0.93487 0.157201 0.936932 0.185849 0.931374 0.17182 0.936932 0.185849 0.927936 0.182968 0.751055 0.337453 0.762964 0.325973 0.757997 0.329426 0.855883 0.127897 0.850894 0.111104 0.855599 0.131443 0.753526 0.285114 0.763701 0.17501 0.762964 0.325973 0.762964 0.325973 0.751381 0.304825 0.753526 0.285114 0.750794 0.349508 0.751055 0.337453 0.753367 0.344327 0.523324 0.098266 0.518277 0.097466 0.521753 0.097657 0.78774 0.023886 0.776792 0.022595 0.777687 0.022375 0.757361 0.476056 0.758324 0.474887 0.757938 0.477582 0.751055 0.337453 0.751381 0.304825 0.762964 0.325973 0.751055 0.337453 0.746631 0.313723 0.751381 0.304825 0.763046 0.154202 0.763518 0.163689 0.762182 0.163306 0.751055 0.337453 0.727513 0.426864 0.746631 0.313723 0.750794 0.349508 0.727513 0.426864 0.751055 0.337453 0.626901 0.113779 0.692389 0.087571 0.629304 0.09589 0.629304 0.09589 0.626901 0.113779 0.61087 0.093968 0.534818 0.152815 0.535805 0.15286 0.538729 0.153153 0.794483 0.083021 0.692389 0.087571 0.669558 0.130109 0.692389 0.087571 0.626901 0.113779 0.669558 0.130109 0.500168 0.002956 0.49586 0.023897 0.567656 0.031783 0.790069 0.169706 0.792768 0.162187 0.790854 0.171107 0.855951 0.348544 0.855684 0.337945 0.856803 0.34882 0.725678 0.198572 0.725818 0.205206 0.724577 0.199008 0.96778 0.228142 0.95992 0.21714 0.962415 0.219179 0.690273 0.323857 0.691301 0.324674 0.692193 0.319452 0.962668 0.217008 0.976868 0.215266 0.96778 0.228142 0.516642 0.469694 0.571114 0.34739 0.514027 0.439694 0.690273 0.323857 0.691362 0.331157 0.691301 0.324674 0.568771 0.343231 0.547151 0.463494 0.516642 0.469694 0.692389 0.087571 0.630757 0.085641 0.629304 0.09589 0.664515 0.081996 0.681329 0.067151 0.666303 0.06399 0.664515 0.081996 0.666303 0.06399 0.651442 0.074803 0.681329 0.067151 0.702765 0.066176 0.674442 0.081077 0.633431 0.309041 0.622444 0.267087 0.585064 0.320105 0.633431 0.309041 0.585064 0.320105 0.631686 0.369664 0.652731 0.225022 0.669682 0.242638 0.677018 0.316333 0.759046 0.119735 0.669558 0.130109 0.731605 0.133811 0.568771 0.343231 0.550867 0.476382 0.547151 0.463494 0.590303 0.452139 0.568771 0.343231 0.550867 0.476382 0.684943 0.466354 0.631686 0.369664 0.621278 0.45099 0.523324 0.098266 0.521753 0.097657 0.525981 0.09732 0.762667 0.359153 0.762964 0.325973 0.789742 0.356224 0.789742 0.356224 0.762964 0.325973 0.789769 0.204631 0.750794 0.349508 0.754224 0.35228 0.762667 0.359153 0.854649 0.110908 0.854872 0.113766 0.850894 0.111104 0.850894 0.111104 0.853953 0.106567 0.854649 0.110908 0.854872 0.113766 0.855883 0.127897 0.850894 0.111104 0.762964 0.325973 0.763701 0.17501 0.789769 0.204631 0.769265 0.35909 0.762667 0.359153 0.789742 0.356224 0.571004 0.150013 0.651656 0.139951 0.673838 0.212372 0.571004 0.150013 0.652731 0.225022 0.564216 0.202581 0.571004 0.150013 0.673838 0.212372 0.652731 0.225022 0.719878 0.280744 0.727804 0.230292 0.763701 0.17501 0.69204 0.43684 0.695471 0.369021 0.695493 0.437521 0.763701 0.17501 0.719878 0.280744 0.753526 0.285114 0.952587 0.410962 0.947197 0.394184 0.953192 0.373076 0.954552 0.461374 0.947197 0.394184 0.952587 0.410962 0.747438 0.382887 0.727513 0.426864 0.750794 0.349508 0.814576 0.40166 0.838334 0.177551 0.84768 0.212602 0.814576 0.40166 0.81067 0.346134 0.838334 0.177551 0.716267 0.476586 0.719878 0.280744 0.727513 0.426864 0.621278 0.45099 0.631686 0.369664 0.568771 0.343231 0.590303 0.452139 0.621278 0.45099 0.568771 0.343231 0.585064 0.320105 0.622444 0.267087 0.603277 0.266362 0.763701 0.17501 0.749302 0.152865 0.750805 0.13786 0.808131 0.131518 0.815085 0.109887 0.788165 0.158435 0.987618 0.030207 0.985751 0.098875 0.978944 0.064451 0.514027 0.439694 0.514192 0.431909 0.509858 0.441708 0.764794 0.0418 0.866863 0.061381 0.897156 0.029019 0.810529 0.455948 0.746308 0.459315 0.787776 0.463636 0.648974 0.252063 0.650887 0.355115 0.650914 0.26377 0.952042 0.109769 0.93487 0.157201 0.928988 0.158429 0.711324 0.257945 0.697515 0.173208 0.713385 0.176476 0.630757 0.085641 0.629304 0.09589 0.626211 0.089096 0.859868 0.070906 0.855613 0.073291 0.860249 0.072462 0.633897 0.07736 0.649672 0.074067 0.641302 0.076905 0.633897 0.07736 0.666303 0.06399 0.60486 0.07613 0.907271 0.410812 0.907423 0.423709 0.906066 0.411229 0.630757 0.085641 0.61087 0.093968 0.6207 0.093059 0.630757 0.085641 0.606192 0.083052 0.61087 0.093968 0.634517 0.080174 0.633897 0.07736 0.606192 0.083052 0.666303 0.06399 0.633897 0.07736 0.649672 0.074067 0.507998 0.045511 0.504966 0.045548 0.511394 0.046088 0.642039 0.077874 0.641302 0.076905 0.643478 0.081418 0.643478 0.081418 0.641302 0.076905 0.641818 0.081216 0.626211 0.089096 0.630757 0.085641 0.6207 0.093059 0.750794 0.349508 0.747438 0.382887 0.762667 0.359153 0.763005 0.377892 0.747438 0.382887 0.762667 0.359153 0.842445 0.3161 0.84768 0.212602 0.85294 0.238061 0.814576 0.40166 0.84768 0.212602 0.842445 0.3161 0.500168 0.002956 0.567656 0.031783 0.578877 0.021474 0.6207 0.093059 0.629304 0.09589 0.61087 0.093968 0.61087 0.093968 0.622815 0.106421 0.626901 0.113779 0.938223 0.213387 0.937427 0.204728 0.939523 0.197836 0.789742 0.356224 0.763005 0.377892 0.769265 0.35909 0.571114 0.34739 0.514529 0.39493 0.516612 0.397757 0.530046 0.146708 0.537135 0.147388 0.534462 0.147044 0.763005 0.377892 0.765654 0.367902 0.769265 0.35909 0.763005 0.377892 0.762667 0.359153 0.765654 0.367902 0.571114 0.34739 0.517004 0.305569 0.503193 0.326031 0.503735 0.371396 0.571114 0.34739 0.503193 0.326031 0.555996 0.003696 0.500168 0.002956 0.578731 0 0.564216 0.202581 0.557604 0.155416 0.571004 0.150013 0.930172 0.004756 0.910601 0.018585 0.962637 0.071778 0.962637 0.071778 0.995377 0.001053 0.930172 0.004756</float_array>
          <technique_common>
            <accessor source="#Tail2-mesh-map-0-array" count="594" stride="2">
              <param name="S" type="float"/>
              <param name="T" type="float"/>
            </accessor>
          </technique_common>
        </source>
        <vertices id="Tail2-mesh-vertices">
          <input semantic="POSITION" source="#Tail2-mesh-positions"/>
        </vertices>
        <polylist material="Material_-1-material" count="6">
          <input semantic="VERTEX" source="#Tail2-mesh-vertices" offset="0"/>
          <input semantic="NORMAL" source="#Tail2-mesh-normals" offset="1"/>
          <input semantic="TEXCOORD" source="#Tail2-mesh-map-0" offset="2" set="0"/>
          <vcount>3 3 3 3 3 3 3 3 3 3 3 3 3 3 3 3 3 3 3 3 3 3 3 3 3 3 3 3 3 3 3 3 3 3 3 3 3 3 3 3 3 3 3 3 3 3 3 3 3 3 3 3 3 3 3 3 3 3 3 3 3 3 3 3 3 3 3 3 3 3 3 3 3 3 3 3 3 3 3 3 3 3 3 3 3 3 3 3 3 3 3 3 3 3 3 3 3 3 3 3 3 3 3 3 3 3 3 3 3 3 3 3 3 3 3 3 3 3 3 3 3 3 3 3 3 3 3 3 3 3 3 3 3 3 3 3 3 3 3 3 3 3 3 3 3 3 3 3 3 3 3 3 3 3 3 3 3 3 3 3 3 3 3 3 3 3 3 3 3 3 3 3 3 3 3 3 3 3 3 3 3 3 3 3 3 3 3 3 3 3 3 3 3 3 3 3 3 3</vcount>
          <p>0 0 0 1 0 1 2 0 2 2 1 3 3 1 4 0 1 5 3 2 6 2 2 7 1 2 8 1 3 9 4 3 10 3 3 11 4 4 12 5 4 13 3 4 14 6 5 15 4 5 16 1 5 17 7 6 18 5 6 19 4 6 20 9 7 21 8 7 22 10 7 23 5 8 24 11 8 25 10 8 26 10 9 27 11 9 28 8 9 29 12 10 30 5 10 31 11 10 32 13 11 33 14 11 34 15 11 35 13 12 36 15 12 37 16 12 38 13 13 39 17 13 40 16 13 41 5 14 42 18 14 43 12 14 44 5 15 45 19 15 46 16 15 47 19 16 48 20 16 49 8 16 50 8 17 51 19 17 52 5 17 53 11 18 54 12 18 55 21 18 56 16 19 57 5 19 58 7 19 59 23 20 60 22 20 61 16 20 62 22 21 63 16 21 64 6 21 65 24 22 66 23 22 67 16 22 68 10 23 69 21 23 70 5 23 71 20 24 72 22 24 73 8 24 74 13 25 75 19 25 76 17 25 77 19 26 78 14 26 79 13 26 80 17 27 81 19 27 82 20 27 83 17 28 84 14 28 85 25 28 86 20 29 87 25 29 88 17 29 89 26 30 90 27 30 91 10 30 92 26 31 93 9 31 94 10 31 95 8 32 96 28 32 97 29 32 98 21 33 99 30 33 100 27 33 101 26 34 102 30 34 103 27 34 104 30 35 105 29 35 106 21 35 107 31 36 108 0 36 109 3 36 110 32 37 111 31 37 112 3 37 113 33 38 114 31 38 115 34 38 116 33 39 117 35 39 118 0 39 119 35 40 120 1 40 121 0 40 122 31 41 123 33 41 124 0 41 125 24 42 126 23 42 127 15 42 128 15 43 129 23 43 130 31 43 131 31 44 132 32 44 133 4 44 134 6 45 135 31 45 136 4 45 137 36 46 138 6 46 139 7 46 140 37 47 141 31 47 142 7 47 143 16 48 144 31 48 145 7 48 146 6 49 147 16 49 148 36 49 149 31 50 150 6 50 151 38 50 152 31 51 153 16 51 154 36 51 155 6 52 156 7 52 157 38 52 158 31 53 159 39 53 160 23 53 161 27 54 162 21 54 163 10 54 164 21 55 165 12 55 166 15 55 167 19 56 168 15 56 169 16 56 170 19 57 171 15 57 172 12 57 173 21 58 174 5 58 175 15 58 176 9 59 177 26 59 178 21 59 179 31 60 180 5 60 181 37 60 182 15 61 183 5 61 184 31 61 185 3 62 186 5 62 187 32 62 188 36 63 189 31 63 190 38 63 191 38 64 192 32 64 193 4 64 194 36 65 195 38 65 196 32 65 197 38 66 198 7 66 199 4 66 200 37 67 201 36 67 202 32 67 203 36 68 204 37 68 205 7 68 206 5 69 207 37 69 208 32 69 209 14 70 210 24 70 211 15 70 212 18 71 213 8 71 214 5 71 215 9 72 216 11 72 217 21 72 218 8 73 219 18 73 220 11 73 221 9 74 222 18 74 223 11 74 224 40 75 225 41 75 226 42 75 227 41 76 228 42 76 229 43 76 230 44 77 231 43 77 232 42 77 233 41 78 234 43 78 235 45 78 236 46 79 237 40 79 238 42 79 239 47 80 240 48 80 241 42 80 242 49 81 243 22 81 244 17 81 245 22 82 246 28 82 247 8 82 248 17 83 249 22 83 250 14 83 251 20 84 252 22 84 253 25 84 254 25 85 255 22 85 256 39 85 257 39 86 258 25 86 259 18 86 260 18 87 261 25 87 262 19 87 263 25 88 264 14 88 265 19 88 266 14 89 267 39 89 268 49 89 269 14 90 270 49 90 271 24 90 272 22 91 273 39 91 274 14 91 275 24 92 276 49 92 277 17 92 278 24 93 279 17 93 280 16 93 281 50 94 282 51 94 283 44 94 284 44 95 285 52 95 286 51 95 287 43 96 288 53 96 289 51 96 290 51 97 291 54 97 292 43 97 293 55 98 294 50 98 295 56 98 296 56 99 297 55 99 298 57 99 299 50 100 300 56 100 301 58 100 302 56 101 303 58 101 304 44 101 305 50 102 306 54 102 307 51 102 308 50 103 309 45 103 310 54 103 311 54 104 312 45 104 313 41 104 314 50 105 315 59 105 316 45 105 317 55 106 318 59 106 319 50 106 320 60 107 321 44 107 322 61 107 323 61 108 324 60 108 325 62 108 326 63 109 327 52 109 328 61 109 329 42 110 330 44 110 331 64 110 332 44 111 333 60 111 334 64 111 335 35 112 336 22 112 337 6 112 338 8 113 339 65 113 340 9 113 341 29 114 342 9 114 343 65 114 344 26 115 345 65 115 346 30 115 347 30 116 348 8 116 349 65 116 350 29 117 351 26 117 352 65 117 353 8 118 354 29 118 355 30 118 356 9 119 357 39 119 358 18 119 359 29 120 360 21 120 361 26 120 362 39 121 363 29 121 364 9 121 365 44 122 366 66 122 367 61 122 368 44 123 369 54 123 370 41 123 371 44 124 372 41 124 373 50 124 374 54 125 375 43 125 376 44 125 377 53 126 378 48 126 379 39 126 380 53 127 381 39 127 382 67 127 383 28 128 384 42 128 385 68 128 386 42 129 387 64 129 388 68 129 389 39 130 390 69 130 391 29 130 392 70 131 393 39 131 394 69 131 395 64 132 396 67 132 397 68 132 398 56 133 399 57 133 400 66 133 401 52 134 402 51 134 403 64 134 404 64 135 405 51 135 406 67 135 407 55 136 408 71 136 409 52 136 410 66 137 411 56 137 412 52 137 413 52 138 414 71 138 415 66 138 416 56 139 417 44 139 418 52 139 419 51 140 420 53 140 421 67 140 422 61 141 423 52 141 424 64 141 425 72 142 426 47 142 427 42 142 428 72 143 429 28 143 430 35 143 431 72 144 432 42 144 433 28 144 434 73 145 435 40 145 436 53 145 437 53 146 438 40 146 439 46 146 440 53 147 441 73 147 442 43 147 443 45 148 444 73 148 445 43 148 446 59 149 447 73 149 448 45 149 449 74 150 450 59 150 451 55 150 452 40 151 453 75 151 454 59 151 455 40 152 456 73 152 457 75 152 458 75 153 459 73 153 460 59 153 461 68 154 462 67 154 463 39 154 464 70 155 465 68 155 466 39 155 467 39 156 468 48 156 469 47 156 470 53 157 471 46 157 472 48 157 473 46 158 474 48 158 475 42 158 476 39 159 477 76 159 478 35 159 479 18 160 480 19 160 481 12 160 482 28 161 483 70 161 484 69 161 485 35 162 486 28 162 487 22 162 488 69 163 489 28 163 490 29 163 491 22 164 492 49 164 493 23 164 494 28 165 495 68 165 496 70 165 497 66 166 498 61 166 499 63 166 500 55 167 501 57 167 502 71 167 503 71 168 504 50 168 505 57 168 506 71 169 507 41 169 508 74 169 509 62 170 510 74 170 511 77 170 512 66 171 513 62 171 514 78 171 515 66 172 516 74 172 517 62 172 518 66 173 519 71 173 520 74 173 521 41 174 522 71 174 523 50 174 524 58 175 525 50 175 526 57 175 527 58 176 528 57 176 529 44 176 530 44 177 531 57 177 532 66 177 533 63 178 534 66 178 535 78 178 536 55 179 537 74 179 538 52 179 539 77 180 540 74 180 541 52 180 542 41 181 543 59 181 544 74 181 545 40 182 546 59 182 547 41 182 548 35 183 549 6 183 550 1 183 551 78 184 552 61 184 553 62 184 554 62 185 555 77 185 556 60 185 557 77 186 558 64 186 559 60 186 560 64 187 561 77 187 562 61 187 563 39 188 564 23 188 565 49 188 566 78 189 567 52 189 568 63 189 569 77 190 570 78 190 571 61 190 572 77 191 573 52 191 574 78 191 575 39 192 576 35 192 577 34 192 578 31 193 579 39 193 580 34 193 581 34 194 582 35 194 583 33 194 584 35 195 585 76 195 586 72 195 587 72 196 588 76 196 589 39 196 590 39 197 591 47 197 592 72 197 593</p>
        </polylist>
      </mesh>
    </geometry>
  </library_geometries>
  <library_visual_scenes>
    <visual_scene id="Scene" name="Scene">
    <node id="100aa9a1-a2fb-2934-2d7d-c04c800f3b2d" name="Body" type="NODE">
      <scale sid="scale">1 1 1</scale>
      <translate sid="location">0 0 0</translate>
      <rotate sid="rotationZ">0 0 1 0</rotate>
      <rotate sid="rotationY">0 1 0 0</rotate>
      <rotate sid="rotationX">1 0 0 0</rotate>
          <node id="Jaw" name="Jaw" type="NODE">
            <scale sid="scale">1 1 1</scale>
            <translate sid="location">-0.02368871833021694 0.04235044656790486 -0.5274373308402006</translate>
            <rotate sid="rotationX">1 0 0 0</rotate>
            <rotate sid="rotationY">0 1 0 -90</rotate>
            <rotate sid="rotationZ">0 0 1 0</rotate>
            <instance_geometry url="#Jaw-mesh" name="Jaw">
              <bind_material>
                <technique_common>
                </technique_common>
              </bind_material>
            </instance_geometry>
          </node>
          <node id="Body" name="Body" type="NODE">
            <scale sid="scale">1 1 1</scale>
            <translate sid="location">-0.008277004524886911 0.12688939366515842 -0.3257435656108599</translate>
            <rotate sid="rotationX">1 0 0 0</rotate>
            <rotate sid="rotationY">0 1 0 -90</rotate>
            <rotate sid="rotationZ">0 0 1 0</rotate>
            <instance_geometry url="#Body-mesh" name="Body">
              <bind_material>
                <technique_common>
                </technique_common>
              </bind_material>
            </instance_geometry>
          </node>
          <node id="Tail1" name="Tail1" type="NODE">
            <scale sid="scale">1 1 1</scale>
            <translate sid="location">0.0050344594738588105 0.28567967763722746 0.036436831235448344</translate>
            <rotate sid="rotationX">1 0 0 0</rotate>
            <rotate sid="rotationY">0 1 0 -180</rotate>
            <rotate sid="rotationZ">0 0 1 0</rotate>
            <instance_geometry url="#Tail1-mesh" name="Tail1">
              <bind_material>
                <technique_common>
                </technique_common>
              </bind_material>
            </instance_geometry>
          </node>
          <node id="Tail2" name="Tail2" type="NODE">
            <scale sid="scale">1 1 1</scale>
            <translate sid="location">0.01291724050632917 0.16854142403660405 0.6505998024464014</translate>
            <rotate sid="rotationX">1 0 0 0</rotate>
            <rotate sid="rotationY">0 1 0 -90</rotate>
            <rotate sid="rotationZ">0 0 1 0</rotate>
            <instance_geometry url="#Tail2-mesh" name="Tail2">
              <bind_material>
                <technique_common>
                </technique_common>
              </bind_material>
            </instance_geometry>
          </node>
        </node>
    </visual_scene>
  </library_visual_scenes>
  <scene>
    <instance_visual_scene url="#Scene"/>
  </scene>
</COLLADA>
