<?xml version="1.0" encoding="utf-8"?>
<COLLADA xmlns="http://www.collada.org/2005/11/COLLADASchema" version="1.4.1" xmlns:xsi="http://www.w3.org/2001/XMLSchema-instance">
  <asset>
    <contributor>
      <author>Blockbench user</author>
      <authoring_tool>Blockbench</authoring_tool>
    </contributor>
    <created>2026-06-27T10:23:41.920Z</created>
    <modified>2026-06-27T10:23:41.920Z</modified>
    <unit name="meter" meter="1.0"/>
    <up_axis>Y_UP</up_axis>
  </asset>
  <library_effects>
  </library_effects>
  <library_images>
  </library_images>
  <library_materials>
  </library_materials>
  <library_geometries>
    <geometry id="Head-mesh" name="Head">
      <mesh>
        <source id="Head-mesh-positions">
          <float_array id="Head-mesh-positions-array" count="378">-0.166711 0.018278 -0.147792 -0.153711 0.016162 -0.170658 -0.17654 -0.04535 -0.119695 -0.086068 0.077587 -0.166419 -0.177312 0.07101 -0.122748 -0.166484 0.10382 -0.099241 -0.131662 0.141106 -0.118591 -0.102447 0.049679 -0.189837 -0.106245 0.003148 -0.211142 -0.026205 0.029978 -0.247883 -0.034303 -0.110219 -0.116161 -0.176984 -0.009142 -0.141725 -0.192192 0.005839 -0.091931 -0.236093 -0.015506 -0.035156 -0.210208 0.043685 -0.043044 -0.206544 -0.03914 -0.002463 -0.231837 0.009544 0.021837 -0.193166 -0.039541 0.084946 -0.179203 0.071982 0.044331 -0.195318 0.080388 -0.003113 -0.179344 0.139553 -0.064281 -0.139855 0.132802 -0.022363 -0.122333 0.171651 -0.071466 -0.076671 0.216711 -0.07198 -0.061813 0.186758 -0.137183 -0.103959 0.144353 -0.126784 0.117928 -0.032312 -0.235222 0.123239 -0.11456 -0.186655 0.014682 0.126394 -0.214576 0.013432 0.068923 -0.230039 0.08066 0.023881 -0.234062 0.022564 0.124636 -0.3038 0.057538 0.113124 -0.322047 0.019077 0.213984 -0.148971 -0.03004 0.250129 -0.036241 0.042839 0.182681 -0.208644 0.167148 0.192551 -0.153031 0.163357 0.231332 -0.134811 0.047443 0.276991 -0.065586 0.145602 0.283023 0.002265 0.028687 0.17212 -0.310867 0.035072 0.195378 -0.293501 0.083801 0.26484 -0.32722 0.047753 0.270318 -0.301061 0.105303 0.273606 -0.257991 0.020808 0.187909 -0.276831 0.017472 0.149858 -0.270912 0.007858 0.167665 -0.288691 -0.155764 0.143167 0.055526 -0.116697 0.189375 0.029476 -0.103069 0.147593 0.113167 -0.167895 0.104154 0.11672 -0.190813 0.032225 0.111448 -0.087468 0.13595 0.149533 -0.137599 0.065225 0.147864 -0.155883 0.027339 0.167829 -0.078238 0.219677 0.050147 0.002972 0.259142 0.067159 0.01138 0.236658 0.117821 -0.063965 0.190673 0.132614 0.052281 0.184001 0.185439 0.014482 0.144868 0.200748 0.167648 -0.070207 -0.173855 0.227475 -0.071847 -0.127493 0.349765 -0.144375 -0.008182 0.204903 -0.178617 0.026888 0.126645 0.064667 -0.204279 0.07755 0.170593 -0.26034 0.083056 0.061273 -0.183898 0.079122 0.116226 -0.283664 0.104385 0.171088 -0.216663 0.132974 0.173919 -0.258864 0.210974 0.046457 -0.1581 0.24991 0.111087 -0.097343 0.289801 -0.078084 -0.077378 0.266113 -0.13796 0.066965 0.376059 -0.122103 -0.02534 0.289299 -0.09305 0.045294 0.415069 -0.078853 -0.007481 0.324015 0.027425 -0.003504 0.259858 0.114251 0.070785 0.236108 0.017427 -0.060131 0.215954 0.234678 -0.007723 0.25039 0.149666 -0.015524 0.280028 0.10066 -0.028951 0.281682 0.115612 -0.001581 -0.176265 -0.004962 0.149376 -0.103059 -0.049783 0.16492 -0.139863 0.016784 0.201393 -0.053517 0.126088 0.189596 0.056975 -0.145532 0.114918 0.122793 -0.093242 0.190717 -0.023218 0.024871 0.242111 -0.093904 0.036166 0.212193 -0.098679 0.065981 0.1728 -0.110944 0.090159 0.193119 0.013427 0.095325 0.26541 0.033526 0.038068 0.257381 0.114954 -0.00326 0.224262 0.211598 0.091097 0.161134 0.192312 -0.124603 0.133642 0.018787 0.186125 0.277992 0.149922 0.215607 0.155543 0.125125 0.252713 0.233135 0.172544 0.148974 0.159725 0.052677 0.275034 0.296383 0.029299 0.16603 0.314143 0.069407 0.258012 0.336579 0.090339 0.275096 0.301471 0.132069 0.169788 0.252333 0.108075 0.184845 0.217952 0.067045 0.149724 0.331113 0.035042 0.197672 0.250801 0.040695 0.216403 0.285495 0.030822 0.179204 0.285672 0.124915 0.063153 0.204114 0.07078 0.064854 0.186826 0.079842 0.036104 0.254792 0.069264 0.112142 0.233769 0.075977 0.138445 0.24517 0.077058 0.111734 0.279497 0.22771 -0.004905 0.117791 0.234336 0.01811 0.067706 0.081318 0.174053 0.231936 0.090826 0.177523 0.253772 0.078705 0.157278 0.276184</float_array>
          <technique_common>
            <accessor source="#Head-mesh-positions-array" count="126" stride="3">
              <param name="X" type="float"/>
              <param name="Y" type="float"/>
              <param name="Z" type="float"/>
            </accessor>
          </technique_common>
        </source>
        <source id="Head-mesh-normals">
          <float_array id="Head-mesh-normals-array" count="747">-0.869677 -0.080709 -0.486978 -0.600545 0.689302 -0.405225 -0.428027 0.316078 -0.846692 -0.766578 0.521458 -0.374754 -0.426964 0.328037 -0.84267 -0.601668 0.690305 -0.401839 -0.534404 0.387551 -0.751144 -0.489374 0.395761 -0.777101 -0.5586 -0.711565 -0.426193 0.286835 0.594827 0.750937 -0.956475 -0.160146 -0.243946 -0.802384 0.075735 -0.591983 -0.899272 0.25889 -0.352541 -0.807221 0.284065 -0.517398 -0.553365 -0.827176 -0.097809 -0.41307 -0.908877 -0.057574 -0.873646 0.438846 -0.210135 -0.928116 0.036724 -0.370476 -0.910824 0.012858 -0.412595 -0.150536 -0.379806 -0.912736 -0.916371 0.387186 -0.101737 -0.77627 -0.553709 0.301349 -0.852464 -0.506838 0.128142 -0.671474 0.326363 0.665289 -0.773787 0.524146 0.355703 -0.896373 0.438004 -0.06833 -0.857488 0.496133 -0.136262 -0.953091 -0.051125 -0.298336 -0.464964 0.693936 0.549783 0.072283 0.993145 0.091854 0.931987 -0.359252 0.048354 -0.634138 0.637604 -0.437413 -0.14465 0.984533 -0.098853 -0.176463 -0.571248 -0.801584 -0.171141 -0.509135 -0.8435 -0.300923 -0.717395 -0.628323 -0.460554 0.457972 -0.760363 0.180559 0.251874 -0.950767 0.133616 0.108965 -0.985025 0.139046 0.292051 -0.946241 -0.504861 -0.668822 -0.545704 -0.482236 -0.669296 -0.565236 0.017277 -0.222175 -0.974854 -0.530915 0.322865 -0.78351 -0.302147 0.425449 -0.853054 -0.674053 0.548635 -0.494624 -0.554091 0.701406 -0.448345 -0.52781 0.332961 -0.781379 -0.305406 0.58062 -0.754723 -0.342893 0.82153 -0.455537 -0.303854 0.860756 -0.408377 0.118348 0.897941 -0.423906 0.037173 0.427913 -0.903055 -0.038304 0.803481 -0.594097 -0.438661 0.782439 -0.442002 0.16989 0.929144 -0.328374 -0.479103 -0.068462 -0.875085 -0.9894 0.11424 -0.089653 0.978388 -0.186115 0.090097 -0.319862 0.023075 -0.947183 -0.557763 0.189 -0.808195 -0.976607 0.177496 0.121386 -0.976535 0.181135 0.116486 0.048483 0.988925 -0.140272 0.791627 -0.161069 -0.589393 0.890833 -0.430261 -0.145917 -0.98009 0.167457 0.106687 -0.479013 0.649532 0.59047 -0.985019 0.169743 0.030419 -0.741577 0.425623 -0.518564 -0.587349 0.448042 -0.674003 -0.585323 0.740588 0.330041 -0.912706 0.336881 -0.231254 -0.962947 0.158992 -0.217842 -0.779956 0.622373 -0.065735 -0.496493 0.773205 0.394522 -0.950261 0.311293 0.010086 -0.95301 0.302597 0.014381 -0.480718 0.754007 0.447643 -0.461084 0.307181 0.832491 -0.616766 0.139742 0.774643 -0.674345 0.571708 0.467343 -0.578102 0.808558 -0.109696 -0.545211 0.711173 0.443822 -0.690176 0.596249 0.410054 -0.447151 0.892094 0.064991 -0.46624 0.777321 0.422364 -0.431815 0.824879 0.364842 -0.35806 0.619233 0.698816 -0.251316 0.644165 0.722421 -0.76854 0.550211 0.326518 -0.585703 0.174325 0.791557 -0.276756 0.874339 0.398669 -0.568395 0.822305 -0.027256 -0.702318 0.711378 -0.02628 -0.320772 0.946948 0.019863 0.587804 -0.382877 -0.712665 0.567045 -0.352986 -0.744218 0.562402 -0.311639 -0.765888 0.139757 -0.932456 -0.333157 -0.13292 -0.962178 -0.237794 0.788783 0.52958 -0.312036 0.555194 -0.018789 -0.831509 0.970391 -0.103678 -0.218157 0.99837 0.011137 -0.055975 -0.999644 -0.02346 -0.012673 0.719667 -0.595782 -0.356544 0.957184 -0.23595 -0.167707 0.825362 0.242582 -0.509835 -0.319857 0.766899 -0.556379 -0.362541 -0.399649 -0.841929 0.606153 -0.118911 -0.786408 0.470282 -0.055711 -0.880756 0.502081 0.179963 -0.845889 0.689175 0.230572 -0.686931 0.587777 -0.265884 -0.764083 0.302685 -0.860215 0.41038 0.396846 0.910933 0.11276 0.485402 -0.078231 -0.870784 0.362911 -0.616027 0.699147 0.445953 0.411806 -0.794696 0.778625 0.624819 -0.057829 0.614566 0.308931 -0.725859 0.419786 0.520468 -0.743568 0.531178 -0.379287 -0.757622 0.971011 0.076884 -0.226333 0.914537 -0.258411 -0.3112 0.95003 0.305946 -0.061969 0.765279 0.502222 -0.402643 0.888991 0.263027 -0.374849 0.526561 0.815731 -0.239407 0.972732 -0.173628 -0.15377 0.785954 -0.391631 -0.478437 0.906281 0.254519 -0.337454 0.943552 -0.190155 -0.271204 -0.827683 -0.006671 -0.561156 0.598894 0.662334 0.450154 0.913425 0.256316 -0.316161 0.359917 -0.623789 -0.693792 -0.756972 -0.553124 0.347918 -0.989097 0.078459 -0.124627 -0.821325 0.21683 0.527645 -0.953659 -0.076218 0.291077 -0.526117 -0.68411 0.505168 -0.360652 -0.280572 0.8895 -0.803325 -0.55807 0.207912 -0.657664 0.574288 0.487516 -0.395238 -0.916853 0.056281 -0.37723 -0.926089 0.007482 -0.246523 -0.967819 -0.050526 -0.401021 -0.849409 0.343054 -0.213132 -0.707888 0.673401 -0.202861 -0.590623 0.781032 -0.41049 -0.405494 0.816745 -0.002774 -0.481698 0.876333 -0.496185 0.662289 0.561403 -0.521223 0.710819 0.472295 0.711203 -0.204453 0.672598 -0.132431 0.782553 0.608336 -0.926278 -0.291692 -0.238589 -0.323533 0.397617 0.858619 -0.251978 0.385185 0.887772 -0.589298 0.226038 0.775651 -0.305715 0.831539 0.463768 0.35501 -0.489326 0.796573 -0.531092 0.834471 -0.14697 -0.806835 0.568067 0.162225 0.209821 -0.325438 0.92199 0.669 -0.207763 0.713634 0.0568 -0.844182 0.533038 0.073816 -0.88632 0.457153 0.262184 -0.848265 0.460116 -0.111308 -0.508997 0.853541 -0.998129 0.055297 0.026094 -0.742797 0.606882 -0.282747 0.029833 0.915448 0.401329 0.029538 0.915279 0.401736 0.934475 0.326207 0.142638 0.113248 0.100486 0.988472 0.761761 0.400217 0.509457 0.767743 0.522074 0.371497 0.567188 0.759662 0.318137 -0.123869 0.988084 0.09136 -0.055473 0.77122 0.634146 -0.406121 0.707152 -0.578793 -0.861091 0.394568 -0.320683 -0.957576 0.016655 0.2877 -0.881769 0.253884 0.397526 -0.056793 0.910642 0.409275 0.047164 0.931563 -0.360507 0.899652 0.168575 0.402751 0.88129 -0.215848 0.420402 -0.652767 -0.325093 0.684258 -0.508021 -0.36323 0.781012 -0.848635 0.257311 0.462178 -0.422825 -0.036484 0.905477 0.966338 -0.256578 -0.018942 -0.098705 0.911702 0.39882 -0.30505 -0.149171 0.940581 -0.841693 -0.174577 0.510956 0.863829 -0.254543 0.434749 0.376686 0.216739 0.900628 0.358834 0.263935 0.895308 0.019087 -0.602057 0.798225 0.715553 0.102325 0.691023 0.989894 0.114622 -0.083497 0.818597 -0.391219 0.420532 -0.998177 0.028198 0.053355 0.022891 -0.555675 0.831084 0.991098 0.130221 -0.027682 0.668782 0.013417 0.743338 0.689761 0.718363 0.090463 0.611787 -0.076662 0.787299 0.670601 -0.208825 0.711819 0.671434 0.010911 0.740984 0.688517 -0.108658 0.717034 0.879928 0.376707 0.289514 0.98148 0.087869 0.170225 0.87967 -0.246538 0.406694 0.347667 0.264205 0.899624 0.606448 0.142122 0.782319 0.622581 -0.189581 0.759244 0.354137 0.27868 0.892706 0.544706 -0.62276 0.561664 0.951517 -0.177827 0.250984 0.99922 -0.023402 0.031813 0.803515 0.481645 -0.349832 0.917107 0.161203 0.364593 -0.540009 0.679029 -0.497303 0.867503 -0.358963 0.344361 0.85572 -0.397957 0.330716 0.980694 -0.193039 0.031218 0.950627 -0.263228 -0.164373 0.911054 -0.188245 -0.366804 0.720079 -0.661861 -0.208392 -0.912701 0.379927 -0.150437 -0.997184 0.040654 0.063016 -0.991476 0.053525 -0.118787 -0.967102 0.229279 0.110206 -0.969096 0.239117 0.060632 -0.768161 0.595895 -0.234173 0.615104 -0.606613 0.503654 0.8554 -0.233971 -0.462113 -0.31255 0.227195 0.922331 -0.588438 0.097829 0.802602 -0.830009 0.543747 0.124194 -0.439186 -0.470896 -0.765096 -0.603723 0.486651 0.631419 0.984584 -0.047851 -0.168237</float_array>
          <technique_common>
            <accessor source="#Head-mesh-normals-array" count="249" stride="3">
              <param name="X" type="float"/>
              <param name="Y" type="float"/>
              <param name="Z" type="float"/>
            </accessor>
          </technique_common>
        </source>
        <source id="Head-mesh-map-0">
          <float_array id="Head-mesh-map-0-array" count="1494">0.482946 0.689979 0.477707 0.699219 0.477707 0.683924 0.370449 0.963591 0.362068 0.96142 0.369783 0.950023 0.124568 0.870364 0.126334 0.841805 0.139365 0.839711 0.148318 0.852065 0.142198 0.863524 0.139365 0.839711 0.139365 0.839711 0.142198 0.863524 0.124568 0.870364 0.496974 0.590824 0.485727 0.593511 0.485727 0.581751 0.273076 0.715263 0.26265 0.722806 0.254053 0.700088 0.486654 0.51034 0.492926 0.507813 0.492926 0.520562 0.202012 0.684961 0.189937 0.689786 0.187815 0.642858 0.249253 0.934658 0.234579 0.926957 0.234579 0.950121 0.020625 0.991701 0.011465 0.985226 0.020625 0.981406 0.170532 0.951828 0.164194 0.96613 0.159706 0.949838 0.18812 0.967182 0.197159 0.969209 0.194379 0.978872 0.431998 0.689852 0.438727 0.667877 0.442383 0.680247 0.266237 0.681779 0.240751 0.676815 0.267534 0.664774 0.267534 0.664774 0.240751 0.676815 0.187815 0.642858 0.001979 0.919136 0.012453 0.902936 0.02008 0.913349 0.001979 0.919136 0.02008 0.913349 0.02001 0.927337 0.021191 0.96796 0.031402 0.96812 0.031402 0.981637 0.273197 0.947263 0.273197 0.96594 0.262762 0.948934 0.482242 0.563046 0.476571 0.547602 0.484022 0.547602 0.441638 0.560542 0.447927 0.557444 0.442834 0.571859 0.286456 0.670142 0.267534 0.664774 0.281812 0.633479 0.140262 0.944627 0.131779 0.950097 0.134553 0.932302 0.481075 0.991692 0.481075 0.981829 0.489673 0.989083 0.22058 0.888164 0.239318 0.901098 0.22264 0.90915 0.492995 0.557839 0.497842 0.547602 0.497842 0.558571 0.134869 0.924694 0.132806 0.903602 0.142624 0.923081 0.472877 0.954589 0.483418 0.964974 0.472877 0.970502 0.269278 0.940389 0.254053 0.923037 0.273393 0.924489 0.062562 0.872903 0.047784 0.875013 0.050767 0.884942 0.484535 0.810508 0.493398 0.815656 0.484535 0.823345 0.016985 0.98006 0.021031 0.96751 0.016985 0.965679 0.279463 0.748961 0.289897 0.799948 0.254242 0.757276 0.189937 0.689786 0.136604 0.645466 0.133125 0.615383 0.189937 0.689786 0.133125 0.615383 0.187815 0.642858 0.279463 0.748961 0.273076 0.715263 0.319334 0.741564 0.292286 0.764926 0.279463 0.748961 0.319334 0.741564 0.279463 0.748961 0.291193 0.777745 0.289897 0.799948 0.291193 0.777745 0.279463 0.748961 0.292286 0.764926 0.3282 0.900715 0.334969 0.911215 0.33336 0.92707 0.146117 0.981392 0.139971 0.96994 0.146117 0.96739 0.349656 0.900715 0.341602 0.909083 0.349656 0.927022 0.124568 0.870364 0.138926 0.876389 0.12648 0.8875 0.138926 0.876389 0.124568 0.870364 0.142198 0.863524 0.447504 0.745922 0.450947 0.737207 0.451529 0.747267 0.292091 0.712508 0.319334 0.741564 0.273076 0.715263 0.298756 0.699438 0.298756 0.679818 0.313311 0.679221 0.303762 0.890244 0.325759 0.875257 0.324192 0.903374 0.306011 0.625825 0.301653 0.598328 0.308572 0.590417 0.484053 0.616644 0.490806 0.610855 0.490806 0.624121 0.298708 0.653369 0.306011 0.625825 0.302723 0.672689 0.069314 0.845063 0.03052 0.836402 0.076234 0.834714 0.03052 0.836402 0.028182 0.810992 0.076234 0.834714 0.006636 0.801068 0.028182 0.810992 0.03052 0.836402 0.076234 0.834714 0.028182 0.810992 0.062282 0.789248 0.197147 0.884782 0.200926 0.865367 0.209088 0.878986 0.414559 0.679181 0.407883 0.687671 0.414559 0.699214 0.337059 0.823307 0.367081 0.82411 0.366484 0.803532 0.200926 0.865367 0.208386 0.837406 0.209088 0.878986 0.262762 0.955769 0.254053 0.9663 0.254053 0.947263 0.387222 0.559534 0.378533 0.538261 0.386317 0.541901 0.386317 0.541901 0.378533 0.538261 0.390535 0.537123 0.073591 0.964424 0.073591 0.949974 0.077108 0.950634 0.452193 0.700063 0.452193 0.68691 0.458904 0.693589 0.337059 0.823307 0.366484 0.803532 0.334008 0.801927 0.077163 0.924821 0.062467 0.904579 0.076465 0.897331 0.361039 0.57735 0.350951 0.55109 0.367077 0.554066 0.45774 0.847976 0.451685 0.832183 0.451685 0.849161 0.461217 0.709734 0.451727 0.721538 0.452929 0.70187 0.500041 0.875581 0.49479 0.866366 0.50095 0.866366 0.068205 0.851921 0.086612 0.849409 0.067602 0.868637 0.067602 0.868637 0.086612 0.849409 0.084343 0.862421 0.067602 0.868637 0.084343 0.862421 0.050767 0.884942 0.082071 0.884437 0.050767 0.884942 0.084343 0.862421 0.417226 0.960453 0.412418 0.942904 0.42999 0.944933 0.13081 0.95081 0.13081 0.967717 0.119986 0.961543 0.338345 0.98131 0.338345 0.992068 0.327916 0.98552 0.441292 0.647051 0.449574 0.631967 0.449574 0.656209 0.39929 0.739758 0.395225 0.702444 0.410427 0.711208 0.410427 0.711208 0.395225 0.702444 0.410604 0.700088 0.324088 0.924443 0.324859 0.938154 0.318665 0.930741 0.050767 0.884942 0.082071 0.884437 0.077852 0.897254 0.307626 0.936258 0.30173 0.919475 0.31803 0.91561 0.255179 0.807569 0.272762 0.825614 0.26209 0.830935 0.272762 0.825614 0.283663 0.827785 0.276601 0.850195 0.39024 0.967507 0.378649 0.964241 0.39024 0.950868 0.087193 0.925984 0.083431 0.939069 0.078304 0.930023 0.361248 0.864266 0.357098 0.881182 0.351837 0.856168 0.175296 0.914697 0.163166 0.925537 0.163827 0.899694 0.264387 0.802868 0.272762 0.825614 0.255179 0.807569 0.471488 0.955752 0.465143 0.964941 0.45731 0.954589 0.425015 0.703451 0.425255 0.737207 0.412412 0.719597 0.162423 0.921117 0.152777 0.928159 0.158658 0.900297 0.442046 0.88425 0.445683 0.90454 0.4344 0.898119 0.028182 0.810992 0.006636 0.801068 0.012688 0.765611 0.473057 0.594483 0.473253 0.608916 0.466494 0.598203 0.151445 0.826807 0.156979 0.798726 0.183499 0.805709 0.172063 0.823902 0.182862 0.806937 0.220279 0.816502 0.133125 0.615383 0.128983 0.519458 0.168408 0.539283 0.133125 0.615383 0.168408 0.539283 0.187815 0.642858 0.134892 0.800959 0.126884 0.785205 0.156979 0.798726 0.156979 0.798726 0.126884 0.785205 0.148185 0.767605 0.348166 0.555242 0.315379 0.549856 0.323713 0.515022 0.423539 0.916712 0.4344 0.88425 0.416317 0.89526 0.099026 0.846417 0.099373 0.887096 0.088024 0.877541 0.323713 0.515022 0.348166 0.555242 0.332442 0.550697 0.323713 0.515022 0.332442 0.550697 0.304138 0.543932 0.304138 0.543932 0.332442 0.550697 0.320348 0.556338 0.088021 0.947773 0.096378 0.955272 0.088021 0.966387 0.388255 0.852985 0.3986 0.850704 0.400422 0.883106 0.395195 0.751374 0.404186 0.776255 0.408303 0.760676 0.371026 0.828074 0.388864 0.830932 0.374267 0.849562 0.371026 0.828074 0.383124 0.799633 0.388864 0.830932 0.168547 0.765765 0.167373 0.735569 0.194303 0.749039 0.182862 0.806937 0.209923 0.804491 0.220279 0.816502 0.128983 0.519458 0.164365 0.515608 0.168408 0.539283 0.004053 0.879157 0.037664 0.899521 0.02664 0.850342 0.242933 0.87942 0.223749 0.886732 0.217219 0.863681 0.086988 0.719332 0.065297 0.722748 0.083825 0.691233 0.243293 0.844184 0.242933 0.87942 0.217219 0.863681 0.238809 0.767161 0.194303 0.749039 0.243777 0.747131 0.131779 0.956566 0.148285 0.950097 0.148285 0.96739 0.215193 0.786097 0.182862 0.806937 0.206416 0.777285 0.442793 0.810508 0.442793 0.83597 0.433158 0.82434 0.168547 0.765765 0.206416 0.777285 0.182862 0.806937 0.320804 0.950475 0.30173 0.955316 0.304456 0.94312 0.194303 0.749039 0.219811 0.705364 0.243777 0.747131 0.121018 0.902155 0.131779 0.92093 0.121478 0.929265 0.171868 0.712451 0.219811 0.705364 0.167373 0.735569 0.090855 0.789889 0.076234 0.834714 0.062282 0.789248 0.348166 0.555242 0.321876 0.590266 0.315379 0.549856 0.315379 0.549856 0.321876 0.590266 0.304138 0.543932 0.329212 0.730661 0.363142 0.738911 0.347044 0.764844 0.363142 0.738911 0.329212 0.730661 0.351001 0.701576 0.413358 0.870908 0.400422 0.883106 0.3986 0.850704 0.350135 0.918021 0.355487 0.926991 0.353836 0.902271 0.363142 0.738911 0.366746 0.772137 0.347044 0.764844 0.367077 0.554066 0.366855 0.512984 0.351705 0.528324 0.25815 0.98112 0.252817 0.9663 0.262762 0.9663 0.301068 0.946883 0.29491 0.958512 0.28818 0.949508 0.402676 0.550603 0.411179 0.547677 0.414008 0.562949 0.158582 0.950189 0.159706 0.961513 0.150325 0.964079 0.414008 0.562949 0.423874 0.575705 0.402676 0.585165 0.403019 0.531155 0.411664 0.515287 0.415448 0.547602 0.154411 0.930213 0.169735 0.932591 0.150325 0.949631 0.021031 0.958857 0.017058 0.965679 0.017058 0.948763 0.281812 0.633479 0.267534 0.664774 0.23373 0.558743 0.23373 0.558743 0.267534 0.664774 0.187815 0.642858 0.23373 0.558743 0.187815 0.642858 0.168408 0.539283 0.281812 0.633479 0.23373 0.558743 0.290617 0.597073 0.290617 0.597073 0.23373 0.558743 0.240958 0.530896 0.108819 0.609058 0.088897 0.552252 0.120178 0.531324 0.120178 0.531324 0.088897 0.552252 0.106954 0.534463 0.120178 0.531324 0.106954 0.534463 0.11312 0.511188 0.280596 0.957325 0.286981 0.966031 0.275273 0.963158 0.472877 0.991202 0.480768 0.993661 0.480768 0.98391 0.009712 0.975096 0 0.981252 0 0.967859 0.035456 0.966866 0.02442 0.965484 0.021096 0.958094 0.329473 0.653684 0.35052 0.642366 0.337171 0.668076 0.088897 0.552252 0.079203 0.573137 0.053635 0.547024 0.071048 0.542298 0.088897 0.552252 0.053635 0.547024 0.021096 0.958094 0.035516 0.950198 0.035456 0.966866 0.416675 0.706337 0.425015 0.703451 0.412412 0.719597 0.440213 0.884213 0.432803 0.884213 0.437514 0.87517 0.206562 0.967382 0.214166 0.976266 0.206562 0.981325 0.091144 0.992265 0.099152 0.981215 0.088021 0.981215 0.079203 0.573137 0.108819 0.609058 0.08551 0.59831 0.05419 0.630299 0.082827 0.60377 0.094806 0.630299 0.198008 0.520089 0.240958 0.530896 0.23373 0.558743 0.198008 0.520089 0.23373 0.558743 0.168408 0.539283 0.168408 0.539283 0.164365 0.515608 0.198008 0.520089 0.088897 0.552252 0.108819 0.609058 0.079203 0.573137 0.35052 0.642366 0.329473 0.653684 0.328208 0.620301 0.476645 0.773784 0.469267 0.761566 0.476645 0.757064 0.012688 0.765611 0.017105 0.741529 0.071198 0.731094 0.012688 0.765611 0.071198 0.731094 0.062282 0.789248 0.362068 0.90947 0.367984 0.888575 0.366106 0.91962 0.00528 0.59488 0.023341 0.607731 0.037877 0.631206 0.101886 0.813739 0.116359 0.782841 0.114014 0.812905 0.105303 0.836225 0.101886 0.813739 0.114014 0.812905 0.071198 0.731094 0.090855 0.789889 0.062282 0.789248 0.062282 0.789248 0.028182 0.810992 0.012688 0.765611 0.035701 0.72648 0.071198 0.731094 0.017105 0.741529 0.179795 0.924184 0.187683 0.892215 0.207322 0.904523 0.346399 0.615542 0.328208 0.620301 0.321713 0.593507 0.425049 0.670462 0.431511 0.673432 0.425049 0.696645 0.195365 0.861357 0.180466 0.873125 0.194275 0.833032 0.101796 0.856101 0.104231 0.844798 0.116137 0.856223 0.212678 0.92223 0.179795 0.924184 0.213756 0.910926 0.28469 0.821308 0.296769 0.804705 0.314364 0.837416 0.426932 0.641092 0.432039 0.631968 0.430693 0.656628 0.447927 0.562439 0.453543 0.547602 0.453436 0.568105 0.3773 0.949969 0.376129 0.967179 0.370877 0.949969 0.194275 0.833032 0.180466 0.873125 0.1797 0.83398 0.007004 0.551426 0.034598 0.564213 0.003453 0.555142 0.216564 0.981323 0.216564 0.967197 0.228224 0.973689 0.430661 0.539198 0.420105 0.529136 0.432587 0.519265 0.108763 0.736314 0.114764 0.776832 0.104036 0.778455 0.176459 0.854438 0.154142 0.890227 0.164084 0.851517 0.320825 0.870389 0.292274 0.858718 0.314364 0.837416 0.037877 0.631206 0.056613 0.599184 0.082827 0.60377 0.056613 0.599184 0.037877 0.631206 0.023341 0.607731 0.363296 0.923111 0.370141 0.924058 0.365624 0.943697 0.429725 0.779017 0.430579 0.808542 0.422994 0.802078 0.42166 0.509695 0.432587 0.519265 0.420105 0.529136 0.120351 0.731194 0.118383 0.748615 0.118383 0.722748 0.234579 0.926958 0.22384 0.950351 0.216564 0.926958 0.079203 0.573137 0.069789 0.581853 0.034598 0.564213 0.399449 0.629762 0.384891 0.660242 0.367112 0.647407 0.361676 0.929555 0.356785 0.948098 0.350135 0.926991 0.403811 0.59225 0.421104 0.624029 0.405522 0.624797 0.079798 0.650619 0.094806 0.630299 0.10594 0.649944 0.094806 0.630299 0.079798 0.650619 0.05419 0.630299 0.10594 0.649944 0.100028 0.685655 0.083825 0.691233 0.10594 0.649944 0.083825 0.691233 0.079798 0.650619 0.115176 0.933758 0.101622 0.946491 0.101622 0.922267 0.290118 0.888648 0.292488 0.905299 0.261323 0.892906 0.035952 0.63826 0.051031 0.650717 0.028981 0.64698 0.083825 0.691233 0.065297 0.722748 0.046927 0.679735 0.439857 0.801112 0.439857 0.776329 0.45112 0.780868 0.051031 0.650717 0.046927 0.679735 0.027413 0.654382 0.350135 0.967566 0.350135 0.949913 0.360514 0.958264 0.364785 0.626419 0.370591 0.609129 0.396501 0.600844 0.364785 0.626419 0.396501 0.600844 0.367112 0.647407 0.367112 0.647407 0.396501 0.600844 0.399449 0.629762 0.451685 0.834184 0.451685 0.810508 0.442793 0.823394 0.314364 0.837416 0.292274 0.858718 0.28469 0.821308 0.204449 0.928264 0.179795 0.924184 0.212678 0.92223 0.115157 0.737693 0.114764 0.776832 0.108763 0.736314 0.449152 0.874033 0.449152 0.849562 0.440595 0.861654 0.332711 0.894585 0.326502 0.85242 0.350135 0.867153 0.051068 0.949549 0.062467 0.927665 0.040702 0.927665 0.051068 0.949549 0.040702 0.927665 0.042215 0.948282 0.021117 0.902531 0.03004 0.900844 0.037072 0.908304 0.03004 0.900844 0.025851 0.914775 0.037072 0.908304 0.037072 0.908304 0.025851 0.914775 0.039098 0.926626 0.407883 0.687671 0.414559 0.699214 0.411245 0.672324 0.378533 0.538261 0.390535 0.507813 0.390535 0.537123 0.413358 0.849562 0.413358 0.87898 0.420944 0.86291 0.486879 0.666679 0.486879 0.681566 0.47848 0.672715 0.47848 0.672715 0.486879 0.681566 0.480191 0.677363 0.332442 0.550697 0.342531 0.51655 0.348166 0.555242 0.49048 0.604346 0.496604 0.605274 0.496604 0.593522 0.275273 0.963158 0.275273 0.952 0.286981 0.966031 0.286981 0.966031 0.275273 0.952 0.286639 0.946883 0.4846 0.650919 0.492656 0.662244 0.492656 0.649372 0.462834 0.757063 0.462834 0.776306 0.469267 0.760731 0.037072 0.908304 0.039098 0.926626 0.021096 0.923226</float_array>
          <technique_common>
            <accessor source="#Head-mesh-map-0-array" count="747" stride="2">
              <param name="S" type="float"/>
              <param name="T" type="float"/>
            </accessor>
          </technique_common>
        </source>
        <vertices id="Head-mesh-vertices">
          <input semantic="POSITION" source="#Head-mesh-positions"/>
        </vertices>
        <polylist material="Material_-1-material" count="6">
          <input semantic="VERTEX" source="#Head-mesh-vertices" offset="0"/>
          <input semantic="NORMAL" source="#Head-mesh-normals" offset="1"/>
          <input semantic="TEXCOORD" source="#Head-mesh-map-0" offset="2" set="0"/>
          <vcount>3 3 3 3 3 3 3 3 3 3 3 3 3 3 3 3 3 3 3 3 3 3 3 3 3 3 3 3 3 3 3 3 3 3 3 3 3 3 3 3 3 3 3 3 3 3 3 3 3 3 3 3 3 3 3 3 3 3 3 3 3 3 3 3 3 3 3 3 3 3 3 3 3 3 3 3 3 3 3 3 3 3 3 3 3 3 3 3 3 3 3 3 3 3 3 3 3 3 3 3 3 3 3 3 3 3 3 3 3 3 3 3 3 3 3 3 3 3 3 3 3 3 3 3 3 3 3 3 3 3 3 3 3 3 3 3 3 3 3 3 3 3 3 3 3 3 3 3 3 3 3 3 3 3 3 3 3 3 3 3 3 3 3 3 3 3 3 3 3 3 3 3 3 3 3 3 3 3 3 3 3 3 3 3 3 3 3 3 3 3 3 3 3 3 3 3 3 3 3 3 3 3 3 3 3 3 3 3 3 3 3 3 3 3 3 3 3 3 3 3 3 3 3 3 3 3 3 3 3 3 3 3 3 3 3 3 3 3 3 3 3 3 3 3 3 3 3 3 3</vcount>
          <p>0 0 0 1 0 1 2 0 2 1 1 3 0 1 4 3 1 5 3 2 6 0 2 7 4 2 8 5 3 9 6 3 10 4 3 11 4 4 12 6 4 13 3 4 14 3 5 15 7 5 16 1 5 17 7 6 18 8 6 19 1 6 20 8 7 21 7 7 22 9 7 23 1 8 24 8 8 25 10 8 26 1 9 27 11 9 28 10 9 29 11 10 30 2 10 31 12 10 32 12 11 33 2 11 34 13 11 35 11 12 36 12 12 37 0 12 38 12 13 39 13 13 40 14 13 41 13 14 42 2 14 43 15 14 44 15 15 45 2 15 46 10 15 47 14 16 48 5 16 49 4 16 50 14 17 51 4 17 52 12 17 53 12 18 54 4 18 55 0 18 56 0 19 57 10 19 58 2 19 59 13 20 60 16 20 61 14 20 62 16 21 63 13 21 64 15 21 65 16 22 66 15 22 67 17 22 68 17 23 69 18 23 70 16 23 71 19 24 72 16 24 73 18 24 74 16 25 75 19 25 76 14 25 77 14 26 78 19 26 79 5 26 80 5 27 81 19 27 82 20 27 83 20 28 84 19 28 85 21 28 86 20 29 87 21 29 88 6 29 89 21 30 90 6 30 91 22 30 92 22 31 93 23 31 94 24 31 95 6 32 96 20 32 97 25 32 98 9 33 99 26 33 100 8 33 101 8 34 102 26 34 103 27 34 104 8 35 105 27 35 106 10 35 107 9 36 108 7 36 109 28 36 110 29 37 111 9 37 112 28 37 113 9 38 114 30 38 115 26 38 116 30 39 117 9 39 118 29 39 119 30 40 120 31 40 121 32 40 122 31 41 123 30 41 124 29 41 125 11 42 126 0 42 127 10 42 128 3 43 129 25 43 130 28 43 131 25 44 132 3 44 133 6 44 134 25 45 135 22 45 136 24 45 137 3 46 138 28 46 139 7 46 140 28 47 141 25 47 142 24 47 143 28 48 144 24 48 145 33 48 146 33 49 147 24 49 148 23 49 149 23 50 150 34 50 151 33 50 152 35 51 153 33 51 154 36 51 155 36 52 156 33 52 157 37 52 158 33 53 159 38 53 160 37 53 161 34 54 162 38 54 163 33 54 164 37 55 165 38 55 166 39 55 167 31 56 168 40 56 169 32 56 170 31 57 171 28 57 172 40 57 173 28 58 174 31 58 175 41 58 176 40 59 177 42 59 178 32 59 179 42 60 180 40 60 181 43 60 182 43 61 183 40 61 184 41 61 185 41 62 186 40 62 187 35 62 188 42 63 189 43 63 190 44 63 191 45 64 192 46 64 193 47 64 194 28 65 195 41 65 196 35 65 197 43 66 198 31 66 199 35 66 200 43 67 201 35 67 202 44 67 203 41 68 204 43 68 205 31 68 206 35 69 207 28 69 208 33 69 209 5 70 210 20 70 211 25 70 212 19 71 213 18 71 214 21 71 215 21 72 216 18 72 217 48 72 218 21 73 219 48 73 220 22 73 221 49 74 222 22 74 223 48 74 224 50 75 225 48 75 226 51 75 227 51 76 228 48 76 229 18 76 230 51 77 231 18 77 232 52 77 233 50 78 234 51 78 235 53 78 236 53 79 237 51 79 238 54 79 239 54 80 240 51 80 241 52 80 242 54 81 243 52 81 244 55 81 245 22 82 246 49 82 247 56 82 248 49 83 249 48 83 250 50 83 251 50 84 252 56 84 253 49 84 254 56 85 255 57 85 256 34 85 257 57 86 258 56 86 259 58 86 260 58 87 261 56 87 262 59 87 263 60 88 264 58 88 265 61 88 266 61 89 267 58 89 268 59 89 269 59 90 270 56 90 271 50 90 272 61 91 273 59 91 274 50 91 275 61 92 276 50 92 277 53 92 278 34 93 279 23 93 280 56 93 281 56 94 282 23 94 283 22 94 284 38 95 285 34 95 286 57 95 287 27 96 288 26 96 289 62 96 290 27 97 291 62 97 292 63 97 293 27 98 294 63 98 295 64 98 296 27 99 297 64 99 298 65 99 299 27 100 300 65 100 301 10 100 302 26 101 303 30 101 304 62 101 305 62 102 306 30 102 307 66 102 308 32 103 309 67 103 310 68 103 311 67 104 312 68 104 313 30 104 314 30 105 315 67 105 316 69 105 317 68 106 318 32 106 319 69 106 320 68 107 321 69 107 322 70 107 323 70 108 324 69 108 325 67 108 326 68 109 327 66 109 328 30 109 329 66 110 330 68 110 331 71 110 332 62 111 333 72 111 334 63 111 335 66 112 336 72 112 337 62 112 338 66 113 339 36 113 340 72 113 341 72 114 342 36 114 343 73 114 344 63 115 345 74 115 346 64 115 347 64 116 348 75 116 349 65 116 350 76 117 351 74 117 352 77 117 353 78 118 354 76 118 355 74 118 356 76 119 357 78 119 358 77 119 359 79 120 360 78 120 361 74 120 362 79 121 363 73 121 364 80 121 365 79 122 366 74 122 367 63 122 368 79 123 369 63 123 370 81 123 371 73 124 372 79 124 373 81 124 374 72 125 375 81 125 376 63 125 377 72 126 378 73 126 379 81 126 380 73 127 381 82 127 382 80 127 383 82 128 384 73 128 385 36 128 386 37 129 387 82 129 388 36 129 389 82 130 390 37 130 391 39 130 392 32 131 393 42 131 394 67 131 395 67 132 396 42 132 397 70 132 398 36 133 399 71 133 400 44 133 401 71 134 402 36 134 403 66 134 404 70 135 405 71 135 406 68 135 407 71 136 408 42 136 409 70 136 410 71 137 411 42 137 412 44 137 413 44 138 414 36 138 415 35 138 416 83 139 417 84 139 418 85 139 419 17 140 420 52 140 421 18 140 422 55 141 423 52 141 424 86 141 425 86 142 426 52 142 427 17 142 428 86 143 429 17 143 430 87 143 431 55 144 432 86 144 433 87 144 434 88 145 435 55 145 436 87 145 437 54 146 438 55 146 439 89 146 440 17 147 441 15 147 442 90 147 443 90 148 444 15 148 445 10 148 446 90 149 447 10 149 448 65 149 449 17 150 450 90 150 451 87 150 452 87 151 453 90 151 454 91 151 455 91 152 456 92 152 457 87 152 458 87 153 459 92 153 460 93 153 461 87 154 462 93 154 463 88 154 464 94 155 465 55 155 466 93 155 467 94 156 468 55 156 469 88 156 470 88 157 471 94 157 472 95 157 473 94 158 474 93 158 475 92 158 476 96 159 477 61 159 478 97 159 479 92 160 480 97 160 481 61 160 482 89 161 483 92 161 484 61 161 485 92 162 486 89 162 487 94 162 488 89 163 489 61 163 490 53 163 491 94 164 492 89 164 493 95 164 494 95 165 495 89 165 496 54 165 497 54 166 498 95 166 499 53 166 500 97 167 501 91 167 502 98 167 503 99 168 504 98 168 505 91 168 506 100 169 507 91 169 508 90 169 509 100 170 510 90 170 511 65 170 512 65 171 513 75 171 514 100 171 515 92 172 516 91 172 517 97 172 518 61 173 519 96 173 520 101 173 521 61 174 522 101 174 523 60 174 524 57 175 525 58 175 526 102 175 527 57 176 528 102 176 529 39 176 530 102 177 531 103 177 532 104 177 533 102 178 534 104 178 535 99 178 536 102 179 537 99 179 538 80 179 539 82 180 540 102 180 541 80 180 542 102 181 543 82 181 544 39 181 545 39 182 546 38 182 547 57 182 548 60 183 549 102 183 550 58 183 551 102 184 552 60 184 553 105 184 554 60 185 555 101 185 556 105 185 557 106 186 558 101 186 559 96 186 560 101 187 561 106 187 562 105 187 563 105 188 564 107 188 565 108 188 566 108 189 567 102 189 568 105 189 569 103 190 570 108 190 571 109 190 572 108 191 573 107 191 574 110 191 575 97 192 576 106 192 577 96 192 578 106 193 579 97 193 580 111 193 581 105 194 582 106 194 583 107 194 584 106 195 585 111 195 586 107 195 587 112 196 588 113 196 589 114 196 590 115 197 591 116 197 592 117 197 593 110 198 594 116 198 595 115 198 596 110 199 597 115 199 598 109 199 599 115 200 600 104 200 601 109 200 602 99 201 603 115 201 604 98 201 605 115 202 606 99 202 607 104 202 608 117 203 609 97 203 610 98 203 611 117 204 612 98 204 613 115 204 614 118 205 615 117 205 616 116 205 617 118 206 618 116 206 619 119 206 620 119 207 621 116 207 622 120 207 623 97 208 624 117 208 625 111 208 626 111 209 627 117 209 628 118 209 629 75 210 630 64 210 631 77 210 632 77 211 633 64 211 634 74 211 635 121 212 636 91 212 637 100 212 638 91 213 639 121 213 640 99 213 641 100 214 642 75 214 643 77 214 644 100 215 645 77 215 646 121 215 647 77 216 648 122 216 649 121 216 650 121 217 651 122 217 652 99 217 653 99 218 654 122 218 655 80 218 656 77 219 657 78 219 658 79 219 659 122 220 660 77 220 661 79 220 662 122 221 663 79 221 664 80 221 665 110 222 666 123 222 667 119 222 668 123 223 669 110 223 670 107 223 671 123 224 672 107 224 673 118 224 674 118 225 675 107 225 676 111 225 677 110 226 678 108 226 679 109 226 680 109 227 681 104 227 682 103 227 683 103 228 684 102 228 685 108 228 686 124 229 687 116 229 688 110 229 689 110 230 690 124 230 691 119 230 692 116 231 693 124 231 694 120 231 695 124 232 696 120 232 697 118 232 698 124 233 699 118 233 700 123 233 701 123 234 702 124 234 703 125 234 704 124 235 705 119 235 706 125 235 707 125 236 708 119 236 709 120 236 710 28 237 711 40 237 712 29 237 713 40 238 714 29 238 715 35 238 716 29 239 717 35 239 718 31 239 719 6 240 720 5 240 721 22 240 722 22 241 723 5 241 724 25 241 725 69 242 726 30 242 727 32 242 728 88 243 729 93 243 730 95 243 731 93 244 732 95 244 733 55 244 734 55 245 735 95 245 736 53 245 737 11 246 738 1 246 739 2 246 740 53 247 741 55 247 742 89 247 743 125 248 744 120 248 745 118 248 746</p>
        </polylist>
      </mesh>
    </geometry>
    <geometry id="Body-mesh" name="Body">
      <mesh>
        <source id="Body-mesh-positions">
          <float_array id="Body-mesh-positions-array" count="426">0.028101 0.356557 -0.111135 -0.20396 -0.211598 -0.307741 -0.212068 -0.309417 -0.244387 -0.285174 -0.200424 -0.160279 -0.095497 -0.41522 -0.224065 -0.195166 -0.368282 -0.168624 -0.112524 -0.358094 -0.291219 -0.06944 -0.273504 -0.353651 -0.059835 -0.373977 -0.307271 0.000288 -0.397012 -0.30332 -0.005693 -0.33209 -0.352463 -0.002736 -0.439409 -0.241076 -0.172389 -0.087812 -0.340269 -0.029699 -0.174251 -0.408908 -0.006979 -0.233582 -0.382446 0.018092 -0.282524 -0.365392 0.006438 -0.362895 -0.328803 0.059873 -0.379703 -0.301919 0.083982 -0.410628 -0.240034 0.058239 -0.428131 -0.26123 0.075239 -0.338438 -0.314196 -0.005503 -0.244049 -0.428436 0.006147 -0.250562 -0.404519 -0.005939 -0.23317 -0.406616 0.000225 -0.15403 -0.401949 0.033731 -0.15288 -0.39947 -0.245912 -0.105905 -0.265745 -0.303448 -0.168402 -0.160841 -0.287261 -0.277175 -0.108877 -0.304432 0.034241 -0.164092 -0.26988 0.135648 -0.175247 -0.31502 -0.027246 -0.183626 -0.303965 0.02734 -0.144259 -0.272674 0.130451 0.006124 -0.301482 0.057143 -0.079258 -0.302854 -0.071321 -0.218648 -0.320004 0.034159 -0.093848 -0.318783 0.011168 -0.044077 -0.074919 -0.037324 -0.388004 -0.004119 -0.055223 -0.408949 -0.064554 0.145761 -0.337965 -0.183836 0.175959 -0.257093 -0.00051 0.037011 -0.387509 -0.30753 -0.218516 -0.161736 -0.28104 -0.15537 -0.016658 -0.291079 -0.147979 -0.01449 -0.321364 -0.115058 -0.111437 0.063229 -0.231236 -0.07754 -0.311702 -0.050192 -0.026922 -0.277424 -0.104801 0.027787 -0.287048 -0.041111 -0.202316 -0.306142 0.032487 -0.023822 0.062587 -0.292618 -0.355575 0.176449 -0.374678 -0.177822 0.271914 -0.249544 -0.163075 0.230488 -0.279911 -0.276756 0.171492 -0.230242 -0.311602 0.269662 -0.198212 -0.266548 0.087067 -0.088393 -0.38292 0.268265 -0.135454 -0.232799 0.208703 0.026012 -0.303956 0.319898 -0.104552 -0.119787 0.283135 -0.266794 -0.114926 0.295317 0.005042 -0.189272 0.31606 -0.054741 -0.177114 0.31856 -0.030431 -0.031086 0.317744 -0.030377 -0.178971 0.30894 0.045402 -0.068748 0.319314 0.015524 -0.007564 -0.258102 -0.117988 0.03754 0.256271 -0.116374 0.03715 0.31805 -0.09285 -0.074862 0.291458 -0.258373 -0.162106 0.290706 -0.261543 -0.161537 0.279549 -0.219259 -0.084173 0.29835 -0.180702 -0.155582 0.291319 -0.113764 0.017565 0.314235 -0.00555 0.00689 0.302442 0.050278 -0.081474 0.304066 -0.020193 0.005777 -0.000076 0.1055 -0.374963 -0.042217 0.200285 -0.326131 0.000139 0.028714 -0.48668 0.007114 0.10028 -0.369644 0.070802 0.132003 -0.340447 0.034982 0.015074 -0.387057 0.038072 0.197912 -0.329163 -0.319685 0.030585 -0.024968 -0.283254 -0.018684 0.026938 -0.312536 0.053028 -0.141165 -0.300984 0.054334 -0.06813 -0.040344 0.286126 -0.225295 0.008618 0.23398 -0.287394 -0.000165 0.200829 -0.421766 0.013899 0.318211 -0.203469 -0.00454 0.354086 -0.244615 -0.019696 0.366468 -0.078249 -0.081835 0.370076 -0.04042 -0.196761 0.284074 -0.077214 -0.231582 0.179403 0.082437 -0.090548 0.348636 0.049342 0.079082 0.37547 -0.034832 0.089935 0.26778 -0.239676 0.241888 0.179476 -0.18622 0.284885 -0.007337 0.027085 0.22512 0.254408 -0.071427 0.250092 0.161564 0.038157 0.112908 0.341404 0.068201 0.194847 0.253519 0.126445 0.081306 0.352285 0.141839 0.042402 0.376893 0.017033 -0.291078 0.016876 0.134036 -0.118852 0.335046 0.123965 -0.21869 0.180946 0.190375 -0.219281 0.128862 0.211897 -0.164643 0.041221 0.271957 -0.214471 -0.062243 0.206874 -0.079382 -0.019047 0.30916 -0.300354 0.063499 0.014946 -0.289856 0.094025 0.006782 -0.288208 0.050587 0.032318 -0.120568 0.093341 0.364222 -0.090497 0.200501 0.29903 -0.179893 0.196854 0.247466 0.091073 -0.028178 0.285912 0.087763 0.168813 0.448708 -0.089529 0.150407 0.455815 0.293171 0.014556 0.135533 0.223799 -0.070036 0.195172 0.191404 0.033983 0.252732 0.238546 0.175876 0.167157 0.131739 0.110603 0.335016 0.214199 0.182556 0.201371 0.07079 0.272817 0.201953 0.000382 0.353183 0.177419 -0.041741 0.280761 0.197636 0.035026 0.217678 0.459257 -0.049043 0.223805 0.435392 0.013328 0.364631 0.121021 -0.019697 0.372612 0.031671 0.000253 0.37329 0.067632 -0.101422 0.181096 0.407889</float_array>
          <technique_common>
            <accessor source="#Body-mesh-positions-array" count="142" stride="3">
              <param name="X" type="float"/>
              <param name="Y" type="float"/>
              <param name="Z" type="float"/>
            </accessor>
          </technique_common>
        </source>
        <source id="Body-mesh-normals">
          <float_array id="Body-mesh-normals-array" count="915">-0.860647 -0.22463 -0.456976 -0.571611 -0.69083 -0.442736 -0.55192 -0.713661 -0.43136 -0.54675 -0.422766 -0.722726 -0.448438 -0.371576 -0.812918 -0.37766 -0.417597 -0.826429 -0.389257 -0.747981 -0.53759 -0.180462 -0.604149 -0.776168 -0.266627 -0.790492 -0.551391 -0.303609 -0.795486 -0.524427 -0.378276 -0.143819 -0.914452 -0.534235 -0.237722 -0.811222 -0.244879 -0.285241 -0.926646 -0.12542 -0.443777 -0.887317 -0.369044 -0.418383 -0.829917 0.455002 -0.422772 -0.783733 0.02938 -0.60156 -0.798287 0.195057 -0.609257 -0.768608 0.251107 -0.823204 -0.509195 -0.033697 -0.825256 -0.563753 0.608449 0.063101 -0.791081 0.729846 -0.444854 -0.519067 -0.686742 -0.713235 0.140287 -0.894742 -0.140687 -0.423845 -0.998113 0.044613 -0.042187 -0.882492 -0.468077 -0.045951 -0.917218 -0.363545 0.162928 0.033809 0.280131 -0.959366 0.268976 0.071104 -0.960519 -0.786253 -0.573971 -0.228831 0.143678 0.010576 -0.989568 0.853219 -0.216409 -0.474536 0.660723 -0.469771 -0.585457 -0.869761 -0.159705 -0.466915 -0.71148 -0.003193 -0.702699 -0.681995 -0.399941 -0.612316 -0.869495 -0.258318 -0.421011 -0.761084 -0.583419 -0.283504 -0.721702 0.182883 -0.667608 -0.726203 0.174282 -0.665023 -0.535109 0.338096 -0.774177 -0.932802 0.332992 0.137831 -0.954364 0.298584 -0.006146 -0.778004 0.581823 -0.237047 0.323767 -0.532212 0.782257 -0.99189 -0.122894 -0.032436 -0.436903 -0.006967 -0.899481 -0.26978 0.057647 -0.961195 -0.527673 0.251617 -0.811326 -0.502373 0.240127 -0.830639 -0.720892 0.179776 -0.669324 0.262345 -0.056712 -0.963306 -0.22246 0.228992 -0.947668 -0.964886 -0.125445 0.23078 -0.994151 0.079676 0.072903 -0.968206 -0.165594 0.187499 -0.8948 -0.425565 0.135012 -0.002547 -0.550184 0.835039 0.005106 -0.589807 0.807528 -0.261095 0.393614 -0.881418 0.054214 0.013415 -0.998439 -0.921098 -0.199046 -0.334604 -0.969963 -0.206083 -0.129232 -0.991058 -0.124264 0.048604 -0.910662 -0.223516 0.347469 -0.996735 -0.080202 0.009361 -0.973878 -0.111747 -0.197674 -0.996611 -0.0375 -0.073218 -0.923347 -0.260574 0.282012 0.925707 0.241454 -0.291148 -0.291244 0.56838 -0.769494 0.546391 -0.601143 0.583167 -0.843209 0.53623 -0.038158 -0.991789 -0.123616 -0.032772 0.294473 0.955 -0.03549 -0.979016 0.058518 0.195198 -0.352339 -0.011393 0.935803 -0.861801 -0.053326 -0.504436 -0.975222 0.055902 -0.214051 -0.981173 -0.105019 -0.162079 0.318744 -0.377375 -0.869477 0.331241 -0.43031 -0.83971 0.012508 -0.668269 -0.743815 -0.134097 -0.634814 -0.76094 0.275846 -0.812541 -0.513504 0.092118 -0.311791 0.945675 0.08312 -0.663716 0.743352 -0.218048 -0.66892 0.710634 0.09498 -0.669013 0.737157 0.795536 -0.591369 -0.131929 0.605562 -0.52948 -0.594093 -0.140995 -0.675337 -0.723906 0.611388 -0.529809 -0.587798 0.441898 -0.100507 -0.891417 0.149151 -0.268169 -0.951756 0.766792 -0.427888 -0.478479 0.548828 -0.471701 -0.690135 0.129172 -0.266638 -0.955101 0.242935 -0.316015 -0.917124 0.476161 -0.172531 -0.862267 0.451687 -0.171377 -0.875562 0.061375 0.278144 -0.958576 0.279552 0.015166 -0.960011 0.07591 -0.067143 -0.994851 0.890404 -0.399742 -0.217687 0.239996 0.46392 -0.852749 0.636596 -0.008826 -0.771147 0.615534 -0.116444 -0.779461 0.999605 0.026801 -0.00846 0.911338 -0.193051 -0.363585 0.759411 -0.535874 -0.368963 0.800347 0.031384 -0.598716 0.686314 0.091393 -0.72154 0.894899 -0.305471 -0.325334 -0.94676 -0.314553 0.068574 0.997576 -0.069372 -0.00553 -0.849106 -0.464496 0.251522 0.989442 0.059997 -0.131929 -0.999893 0.013579 0.005522 0.976202 0.20708 -0.064395 0.054728 -0.542739 0.838116 0.002759 -0.708892 0.705311 0.004733 -0.710541 0.70364 0.865867 -0.270702 0.420708 -0.965845 0.223909 -0.130419 0.96933 -0.20585 0.134258 0.970508 0.178229 -0.162322 -0.98438 0.073926 0.159784 -0.892542 0.04148 0.449052 0.987178 -0.027277 0.157274 0.908097 -0.298236 0.293964 -0.320454 -0.391298 0.862668 -0.028031 -0.170157 -0.985018 0.153979 0.235532 -0.959591 -0.932629 0.29894 -0.202084 -0.91161 0.369639 -0.179817 0.930603 -0.362712 0.04917 0.947878 -0.307487 0.083537 0.997686 0.067495 -0.008149 0.987009 0.157391 -0.032287 0.978952 -0.052634 0.197187 0.849148 0.464643 -0.251106 0.745905 -0.505519 0.433677 0.929752 -0.240486 0.278798 0.990973 -0.132175 0.022411 -0.662027 0.718187 -0.214305 0.871414 -0.366853 0.325663 -0.997582 0.045185 -0.052805 -0.955781 0.174051 -0.23704 -0.261775 0.268209 -0.927113 -0.410283 0.166836 -0.896568 -0.457923 0.363664 -0.811206 0.999945 -0.007652 0.007184 0.713049 0.578434 -0.396201 0.992098 -0.124319 0.016894 0.312201 0.223128 -0.923442 0.20249 0.308459 -0.929436 -0.020381 0.450711 -0.892437 0.641895 0.111045 -0.758709 0.27404 0.292915 -0.916026 -0.995114 -0.098506 0.006646 -0.855564 -0.096855 0.508556 -0.93089 0.333552 -0.148951 -0.964482 0.252133 -0.07876 -0.217475 0.599533 -0.770237 0.033165 0.825805 -0.56298 0.791805 -0.304545 0.529431 -0.988519 0.093411 -0.118767 0.925619 0.277897 0.256909 0.931696 0.329326 -0.153256 0.999265 -0.022204 -0.031255 0.999022 0.019082 -0.039891 -0.803187 -0.56752 0.181139 -0.311983 0.321829 -0.89392 -0.010917 0.761508 -0.648064 0.030254 0.999362 0.018988 0.608566 0.76024 -0.227337 -0.439041 0.878566 -0.188055 -0.406678 0.699357 -0.587804 -0.135463 0.703562 -0.697603 -0.868067 -0.494645 -0.042267 -0.313505 0.836162 -0.450052 -0.896758 0.442519 -0.001135 -0.678146 0.607372 -0.413784 -0.713475 0.647129 0.268659 -0.464614 0.743835 -0.480461 -0.437499 0.777738 -0.451351 -0.189503 0.89807 -0.396937 0.164046 0.984726 -0.058345 0.94738 0.216624 -0.235681 0.283066 0.869553 -0.404661 0.353897 0.835447 -0.420459 0.147319 0.218473 -0.964659 0.312513 0.11964 -0.942349 0.520512 0.460367 -0.719117 0.530427 0.440823 -0.724101 0.793738 0.252801 -0.553238 0.466612 0.200447 -0.861449 0.392607 0.20189 -0.897274 0.938905 0.290807 -0.184091 0.283295 0.827394 0.484936 0.892437 0.322516 0.315499 0.929144 0.35673 -0.097136 0.977594 0.20462 -0.049412 0.772239 0.61543 -0.157774 0.789188 0.611509 -0.056908 0.641456 0.651202 0.40555 0.65958 0.730966 0.175051 0.421607 0.905553 0.047126 0.32013 0.925805 0.201001 0.561457 0.728091 -0.393254 0.536037 0.758593 -0.370405 0.60638 0.417038 -0.67704 -0.128442 0.704002 -0.698487 0.166331 0.72816 -0.664918 -0.983463 -0.074686 0.16499 0.968692 0.121176 -0.216685 -0.957197 -0.034162 0.287415 -0.323051 -0.732551 0.599172 -0.798034 -0.13954 0.586234 -0.099191 -0.83361 0.543375 -0.961468 0.253258 0.106956 -0.689523 0.717843 0.096226 -0.73149 0.676452 0.085649 -0.276392 -0.786389 -0.552448 -0.855226 0.498842 0.140522 -0.960184 0.104289 0.259173 -0.994105 0.057714 -0.091787 -0.969599 -0.244479 0.010341 -0.889918 0.397045 0.224501 -0.81783 0.568448 0.089555 -0.88446 0.400035 0.240213 -0.737408 0.003154 0.67544 -0.728015 -0.077846 0.681127 -0.813677 -0.456487 0.35993 -0.531415 -0.252681 0.808548 0.855527 -0.015586 -0.517523 -0.813791 0.067469 0.577228 0.591404 -0.391869 -0.704755 -0.844105 -0.180164 0.505003 -0.657988 0.51746 0.547071 -0.487633 -0.165912 0.857139 0.00315 -0.922702 0.385502 0.09755 -0.64794 0.755419 -0.666083 -0.510513 0.543792 -0.621889 -0.516349 0.588759 0.568351 -0.073503 0.819497 0.966504 -0.255686 -0.022229 0.003224 -0.95941 0.281998 -0.008476 -0.949169 0.314652 -0.00518 -0.910891 0.412614 0.830555 -0.464718 0.306944 0.736575 -0.137104 0.662314 0.971275 0.207692 -0.116139 0.948928 0.311443 0.050379 0.759187 0.132135 0.637319 0.467061 -0.312302 0.827237 0.866233 0.499149 0.022153 0.920931 0.260701 0.289692 0.797245 -0.478039 -0.368617 -0.648328 -0.00759 -0.761323 -0.950714 0.153496 -0.269411 0.070947 -0.634717 0.769481 0.765747 -0.402007 0.502017 0.507224 -0.415733 0.75491 0.834333 0.061375 0.547834 0.420799 0.664595 0.617447 0.703807 0.597554 0.384168 0.4457 0.704579 0.552196 0.510285 0.474865 0.717016 0.344535 0.536929 0.770067 0.060445 0.974258 0.21718 -0.017211 0.27811 0.960395 0.004701 0.972442 0.233099 0.055451 -0.153153 0.986646 0.661115 0.740099 -0.12321 0.838 0.49794 0.223184 -0.772575 0.608198 -0.18227 -0.215404 0.971865 0.09529 -0.269257 0.942298 0.198935 0.023991 0.998154 -0.055792 -0.285709 0.947942 0.14063 -0.297054 0.928379 0.22332 -0.212917 0.965919 0.147194 -0.420335 0.462417 0.780698 -0.341383 0.549733 0.762398 -0.768755 0.626894 0.126566 -0.462127 0.789925 0.40306 0.179367 0.909389 -0.375286 -0.834331 0.218586 0.506074 -0.619773 0.774779 0.124899 -0.081712 0.995103 -0.055622 -0.06475 0.997755 0.01711 0.107973 0.981225 0.159811 0.108163 0.969132 0.221549 0.024374 0.966415 -0.255828 -0.060066 0.995751 -0.0698 0.14011 0.982215 0.124989 -0.991265 0.059818 0.117541 -0.969533 0.238767 -0.054739 -0.957092 0.068731 0.281517 -0.689119 0.520424 0.504256 -0.227662 0.375558 0.898402 -0.651987 0.755069 0.069164 0.819205 0.071042 0.569084</float_array>
          <technique_common>
            <accessor source="#Body-mesh-normals-array" count="305" stride="3">
              <param name="X" type="float"/>
              <param name="Y" type="float"/>
              <param name="Z" type="float"/>
            </accessor>
          </technique_common>
        </source>
        <source id="Body-mesh-map-0">
          <float_array id="Body-mesh-map-0-array" count="1830">0.90793 0.574451 0.912602 0.547108 0.934534 0.565125 0.881953 0.512109 0.922904 0.518881 0.876865 0.539072 0.922904 0.518881 0.912602 0.547108 0.876865 0.539072 0.87895 0.536401 0.912602 0.547108 0.90793 0.574451 0.87895 0.536401 0.90793 0.574451 0.86217 0.557996 0.861811 0.53091 0.87895 0.536401 0.86217 0.557996 0.881953 0.512109 0.876865 0.539072 0.863049 0.534683 0.848055 0.523113 0.863049 0.534683 0.845963 0.543624 0.863049 0.534683 0.848055 0.523113 0.860155 0.504475 0.863049 0.534683 0.860155 0.504475 0.881953 0.512109 0.86217 0.557996 0.90793 0.574451 0.899569 0.607599 0.861616 0.561793 0.899569 0.607599 0.853923 0.59212 0.845963 0.543624 0.861616 0.561793 0.846895 0.574893 0.846895 0.574893 0.861616 0.561793 0.853923 0.59212 0.86217 0.557996 0.845963 0.543624 0.863049 0.534683 0.972572 0.694202 0.960227 0.715292 0.962236 0.695768 0.972572 0.694202 0.962236 0.695768 0.960227 0.686862 0.548953 0.943863 0.545744 0.953855 0.536939 0.940314 0.602187 0.934285 0.5992 0.950573 0.587093 0.944886 0.98959 0.840311 0.989314 0.857517 0.980793 0.844355 0.990121 0.872248 0.985838 0.877138 0.985838 0.859824 0.708213 0.980536 0.701678 0.966505 0.701678 0.987077 0.669211 0.800266 0.678548 0.786409 0.680788 0.796617 0.680788 0.796617 0.678548 0.786409 0.678557 0.768891 0.669211 0.800266 0.680788 0.796617 0.675182 0.79999 0.958495 0.927695 0.964762 0.930734 0.961426 0.913816 0.669211 0.800266 0.675182 0.79999 0.68213 0.811587 0.669211 0.800266 0.68213 0.811587 0.684752 0.82276 0.980803 0.708862 0.981821 0.693796 0.976768 0.711567 0.964762 0.930734 0.967554 0.927046 0.961426 0.913816 0.976768 0.711567 0.981821 0.693796 0.976768 0.686862 0.960617 0.861609 0.960192 0.886565 0.95649 0.890379 0.967554 0.927046 0.961426 0.913816 0.968744 0.901629 0.90793 0.574451 0.934534 0.565125 0.931799 0.581048 0.90793 0.574451 0.932202 0.593712 0.899569 0.607599 0.91082 0.708259 0.906134 0.732775 0.905339 0.696691 0.942954 0.53572 0.934534 0.565125 0.912602 0.547108 0.942954 0.53572 0.912602 0.547108 0.922904 0.518881 0.899569 0.607599 0.932202 0.593712 0.948759 0.602318 0.899569 0.607599 0.948759 0.602318 0.94841 0.625049 0.948759 0.602318 0.932202 0.593712 0.9628 0.600075 0.843739 0.893735 0.825709 0.927339 0.818445 0.913088 0.843739 0.893735 0.818445 0.913088 0.798998 0.873284 0.798998 0.873284 0.818445 0.913088 0.808325 0.906647 0.952756 0.686862 0.952756 0.719089 0.960227 0.70725 0.89368 0.644401 0.893859 0.669606 0.901218 0.63795 0.966321 0.780987 0.966321 0.809643 0.960861 0.801248 0.508709 0.89255 0.521803 0.863731 0.518764 0.882883 0.517131 0.869433 0.512624 0.830935 0.558583 0.835663 0.558583 0.835663 0.512624 0.830935 0.552312 0.795673 0.512624 0.830935 0.533602 0.785681 0.552312 0.795673 0.513984 0.896082 0.508709 0.89255 0.522366 0.890323 0.518764 0.882883 0.517131 0.869433 0.544915 0.871333 0.874956 0.671927 0.853222 0.704215 0.869175 0.712655 0.785142 0.951892 0.783404 0.965978 0.765872 0.940417 0.765872 0.940417 0.783404 0.965978 0.766706 0.957332 0.785142 0.951892 0.765872 0.940417 0.791919 0.941277 0.561497 0.687011 0.647223 0.730229 0.614278 0.745373 0.647223 0.730229 0.561497 0.687011 0.667801 0.696967 0.958495 0.925081 0.952757 0.929613 0.952346 0.901629 0.992647 0.653764 1 0.657614 1 0.648711 0.951277 0.887151 0.95649 0.893949 0.95649 0.859824 0.971693 0.935313 0.971693 0.96223 0.963546 0.950031 0.7795 0.916211 0.790537 0.954912 0.773157 0.96177 0.7795 0.916211 0.773157 0.96177 0.761916 0.913386 0.790537 0.954912 0.7795 0.916211 0.821358 0.93369 0.790537 0.954912 0.821358 0.93369 0.817511 0.949066 0.893859 0.669606 0.908402 0.67942 0.901218 0.63795 0.84679 0.670337 0.853222 0.704215 0.874956 0.671927 0.874956 0.671927 0.84679 0.670337 0.854974 0.649315 0.684502 0.894517 0.683215 0.90666 0.690507 0.909819 0.690507 0.909819 0.684502 0.894517 0.689679 0.880049 0.822216 0.926417 0.791015 0.90864 0.79689 0.901029 0.984837 0.757904 0.982769 0.760447 0.982769 0.742485 0.949709 0.885618 0.945219 0.872235 0.945298 0.899449 0.845159 0.632366 0.854974 0.649315 0.86151 0.632595 0.86151 0.632595 0.854974 0.649315 0.874956 0.671927 0.953118 0.59773 0.932202 0.593712 0.945927 0.576406 0.953118 0.59773 0.945927 0.576406 0.9628 0.585033 0.82257 0.934694 0.791015 0.90864 0.822216 0.926417 0.535195 0.958973 0.536939 0.940314 0.545744 0.953855 0.818371 0.998106 0.820919 0.985507 0.828324 0.998106 0.989619 0.518697 0.998647 0.527669 0.989619 0.529029 0.989779 0.952262 0.994543 0.942326 0.989779 0.935313 0.598729 0.926973 0.5992 0.950573 0.587093 0.944886 0.576538 0.753866 0.545341 0.747246 0.524291 0.730041 0.576538 0.753866 0.524291 0.730041 0.561497 0.687011 0.524291 0.730041 0.511379 0.699888 0.561497 0.687011 0.561497 0.687011 0.614278 0.745373 0.576538 0.753866 0.924696 0.780802 0.941486 0.820033 0.903804 0.806174 0.941486 0.820033 0.931741 0.851758 0.890026 0.812014 0.576376 0.94767 0.586356 0.926605 0.586046 0.957564 0.890026 0.812014 0.931741 0.851758 0.907621 0.850886 0.870397 0.962377 0.860779 0.963979 0.870626 0.948104 0.531902 0.963398 0.531902 0.985237 0.526656 0.972252 0.985838 0.86939 0.981227 0.878098 0.981227 0.859824 0.890026 0.812014 0.907621 0.850886 0.883289 0.843135 0.972861 0.712603 0.972861 0.686862 0.976768 0.691206 0.857936 0.966505 0.857936 0.985173 0.854819 0.974812 0.875415 0.852289 0.864738 0.80703 0.883289 0.843135 0.883289 0.843135 0.864738 0.80703 0.890026 0.812014 0.95649 0.890379 0.95649 0.859824 0.960617 0.861609 0.540827 0.903312 0.517178 0.905979 0.526933 0.887256 0.970351 0.88235 0.960617 0.859824 0.976962 0.866667 0.903804 0.806174 0.895551 0.785124 0.924696 0.780802 0.861143 0.931898 0.870626 0.948104 0.860779 0.963979 0.894291 0.770237 0.890026 0.812014 0.864738 0.80703 0.894291 0.770237 0.864738 0.80703 0.862396 0.771055 0.946729 0.904613 0.949805 0.930179 0.927199 0.93386 0.938577 0.860474 0.93994 0.886846 0.926886 0.87377 0.924696 0.780802 0.943263 0.787814 0.941486 0.820033 0.894291 0.770237 0.862396 0.771055 0.881809 0.749818 0.894291 0.770237 0.881809 0.749818 0.903531 0.742485 0.93994 0.886846 0.927563 0.900728 0.926886 0.87377 0.793847 0.724244 0.798661 0.685441 0.770477 0.715224 0.898627 0.872081 0.916699 0.911496 0.92609 0.903969 0.955068 0.766711 0.961923 0.742485 0.961923 0.767728 0.770477 0.715224 0.781095 0.68326 0.798661 0.685441 0.898627 0.872081 0.903188 0.86036 0.92609 0.903969 0.903188 0.86036 0.92609 0.903969 0.916298 0.864688 0.503752 0.657741 0.561497 0.687011 0.511379 0.699888 0.670154 0.677787 0.561497 0.687011 0.538484 0.605457 0.538484 0.605457 0.561497 0.687011 0.503752 0.657741 0.561212 0.936039 0.576376 0.926605 0.57596 0.940015 0.622588 0.992953 0.61271 0.983323 0.61271 1 0.992659 0.554359 0.992659 0.545488 0.996474 0.55544 0.982465 0.99475 0.994224 0.977809 0.996458 0.99475 0.988682 0.676297 0.992996 0.66456 0.988682 0.659261 0.587093 0.967387 0.584371 0.983977 0.584371 0.961867 0.867155 0.913683 0.860779 0.926314 0.869574 0.931767 0.867155 0.913683 0.869574 0.931767 0.881848 0.908413 0.985161 0.952915 0.984425 0.939602 0.989779 0.947692 0.906088 0.735398 0.906088 0.742025 0.904442 0.738248 0.981669 0.924228 0.978373 0.920031 0.978394 0.901666 0.881848 0.908413 0.865594 0.902576 0.870298 0.87743 0.984425 0.939602 0.989779 0.935313 0.989779 0.947692 0.757494 0.972885 0.749557 0.982558 0.744746 0.966505 0.744746 0.966505 0.749557 0.982558 0.744746 0.986134 0.809689 0.714127 0.784058 0.726337 0.801233 0.67645 0.801233 0.67645 0.784058 0.726337 0.780435 0.687663 0.780435 0.687663 0.784058 0.726337 0.778345 0.726805 0.960975 0.8292 0.968371 0.823091 0.967016 0.847918 0.805975 0.674376 0.809689 0.714127 0.806473 0.68812 0.809689 0.714127 0.805975 0.674376 0.837717 0.720341 0.837717 0.720341 0.805975 0.674376 0.835816 0.685396 0.57596 0.940015 0.576376 0.96213 0.561212 0.936039 0.809689 0.714127 0.801233 0.67645 0.830734 0.687724 0.898627 0.872081 0.895388 0.895482 0.881848 0.908413 0.870298 0.87743 0.898627 0.872081 0.881848 0.908413 0.544915 0.871333 0.523029 0.860928 0.558583 0.835663 0.544915 0.871333 0.558583 0.835663 0.560944 0.858493 0.575441 0.832204 0.558583 0.835663 0.552312 0.795673 0.930402 0.696836 0.93339 0.726062 0.938265 0.688889 0.688701 0.829235 0.693143 0.82276 0.692219 0.851178 0.945563 0.720324 0.940906 0.686862 0.947688 0.693667 0.544915 0.871333 0.559495 0.863126 0.580803 0.868453 0.544915 0.871333 0.580803 0.868453 0.549308 0.883224 0.560944 0.858493 0.575441 0.832204 0.587795 0.84577 0.948267 0.9662 0.951641 0.941925 0.945505 0.970227 0.559495 0.863126 0.587795 0.84577 0.580803 0.868453 0.821358 0.93369 0.7795 0.916211 0.792102 0.902846 0.792102 0.902846 0.7795 0.916211 0.772154 0.90154 0.821358 0.93369 0.792102 0.902846 0.808325 0.906647 0.916554 0.689087 0.918378 0.70486 0.911843 0.722875 0.911843 0.722875 0.918378 0.70486 0.918617 0.730449 0.684502 0.894517 0.690212 0.886107 0.689679 0.880049 0.978257 0.753218 0.982769 0.742485 0.982769 0.765036 0.667927 0.859361 0.688701 0.877557 0.683964 0.870644 0.667927 0.859361 0.683964 0.870644 0.675258 0.861941 0.675258 0.861941 0.667927 0.859361 0.672255 0.843118 0.962954 0.539736 0.970199 0.54621 0.9628 0.529148 0.96551 0.662964 0.967397 0.682917 0.967397 0.661073 0.663092 0.952625 0.663092 0.926605 0.665641 0.940448 0.558583 0.835663 0.575441 0.832204 0.560944 0.858493 0.575441 0.832204 0.604386 0.806005 0.598448 0.826351 0.992128 0.573842 0.992128 0.556662 0.988535 0.558723 0.889498 0.648638 0.87929 0.671282 0.879365 0.640581 0.919193 0.634512 0.918132 0.668219 0.908462 0.644692 0.552312 0.795673 0.599965 0.808216 0.575441 0.832204 0.598448 0.826351 0.604386 0.806005 0.617325 0.811382 0.950493 0.779131 0.944582 0.76044 0.950473 0.756693 0.617325 0.811382 0.599965 0.808216 0.632903 0.764279 0.843739 0.893735 0.798998 0.873284 0.843867 0.84156 0.843867 0.84156 0.860779 0.873753 0.843739 0.893735 0.843867 0.84156 0.789145 0.842589 0.827345 0.79483 0.552312 0.795673 0.584373 0.758624 0.599965 0.808216 0.599965 0.808216 0.584373 0.758624 0.632903 0.764279 0.633093 0.785427 0.617325 0.811382 0.632903 0.764279 0.66924 0.926158 0.676685 0.939887 0.677769 0.95862 0.974621 0.806381 0.974621 0.780987 0.980878 0.802628 0.640382 0.794192 0.6581 0.803983 0.61995 0.810006 0.61995 0.810006 0.6581 0.803983 0.620422 0.838944 0.544915 0.871333 0.549308 0.883224 0.522366 0.890323 0.522366 0.890323 0.549308 0.883224 0.540827 0.903312 0.580803 0.868453 0.620422 0.838944 0.633411 0.865604 0.591529 0.905747 0.580803 0.868453 0.633411 0.865604 0.770477 0.715224 0.745209 0.735071 0.730327 0.68713 0.580803 0.868453 0.540827 0.903312 0.549308 0.883224 0.540827 0.903312 0.580803 0.868453 0.591529 0.905747 0.780435 0.687663 0.770477 0.715224 0.730327 0.68713 0.975347 0.583889 0.980907 0.601818 0.975347 0.609135 0.808629 0.660314 0.780435 0.687663 0.726971 0.646623 0.726971 0.646623 0.780435 0.687663 0.730327 0.68713 0.808629 0.660314 0.726971 0.646623 0.766611 0.636615 0.766611 0.636615 0.722619 0.593175 0.755833 0.595858 0.722619 0.593175 0.766611 0.636615 0.697803 0.610695 0.697803 0.610695 0.766611 0.636615 0.726971 0.646623 0.755833 0.595858 0.722619 0.593175 0.73056 0.56883 0.602224 0.926757 0.61271 0.947586 0.603446 0.954501 0.947948 0.700842 0.952756 0.686862 0.95001 0.716791 0.661403 0.838746 0.633411 0.865604 0.620422 0.838944 0.661403 0.838746 0.620422 0.838944 0.6581 0.803983 0.881418 0.951692 0.872103 0.954259 0.870626 0.931823 0.982338 0.73389 0.976852 0.73803 0.982008 0.715292 0.587795 0.84577 0.61995 0.810006 0.620422 0.838944 0.762202 0.940093 0.773157 0.96177 0.761916 0.913386 0.887038 0.70489 0.880213 0.72501 0.876668 0.686862 0.791919 0.941277 0.759248 0.926862 0.772154 0.90154 0.791919 0.941277 0.772154 0.90154 0.7795 0.916211 0.686073 0.664453 0.667801 0.696967 0.670154 0.677787 0.670154 0.677787 0.667801 0.696967 0.561497 0.687011 0.808325 0.906647 0.798087 0.89966 0.798998 0.873284 0.672255 0.843118 0.667927 0.859361 0.676758 0.830537 0.988535 0.57463 0.988535 0.556662 0.984099 0.571349 0.676758 0.830537 0.672255 0.843118 0.688701 0.82276 0.843867 0.84156 0.798998 0.873284 0.789145 0.842589 0.798087 0.89966 0.772154 0.90154 0.798998 0.873284 0.772154 0.90154 0.752503 0.877675 0.798998 0.873284 0.680226 0.917747 0.665997 0.918636 0.671054 0.889008 0.798998 0.873284 0.752503 0.877675 0.789145 0.842589 0.804338 0.790621 0.789145 0.842589 0.76213 0.826328 0.789145 0.842589 0.752503 0.877675 0.75402 0.839168 0.75402 0.839168 0.752503 0.877675 0.726435 0.839979 0.68356 0.595593 0.692405 0.630878 0.677602 0.632782 0.692405 0.630878 0.693405 0.649744 0.677602 0.632782 0.677602 0.632782 0.660253 0.585858 0.68356 0.595593 0.687132 0.980407 0.692249 0.978341 0.687132 0.95473 0.7795 0.916211 0.761916 0.913386 0.791015 0.90864 0.530668 0.989984 0.526656 0.998195 0.526656 0.985237 0.75402 0.839168 0.726435 0.839979 0.711472 0.809736 0.75402 0.839168 0.711472 0.809736 0.742789 0.791682 0.752071 0.827274 0.742789 0.791682 0.753799 0.812042 0.616945 0.566813 0.660253 0.585858 0.677602 0.632782 0.653082 0.505459 0.69272 0.530848 0.660253 0.585858 0.711472 0.809736 0.696115 0.81409 0.694248 0.776748 0.682676 0.569239 0.68356 0.595593 0.659165 0.58821 0.539947 0.586357 0.538484 0.605457 0.532055 0.583127 0.95776 0.668963 0.925015 0.663072 0.938729 0.646123 0.670154 0.677787 0.538484 0.605457 0.566206 0.575509 0.670154 0.677787 0.566206 0.575509 0.677602 0.632782 0.677602 0.632782 0.566206 0.575509 0.616945 0.566813 0.958716 0.635914 0.95776 0.668963 0.938729 0.646123 0.824891 0.597279 0.840558 0.631427 0.819407 0.636903 0.819407 0.636903 0.808629 0.660314 0.766611 0.636615 0.819407 0.636903 0.766611 0.636615 0.783031 0.603199 0.824891 0.597279 0.819407 0.636903 0.783031 0.603199 0.566206 0.575509 0.594002 0.547166 0.616945 0.566813 0.755833 0.595858 0.783031 0.603199 0.766611 0.636615 0.805975 0.674376 0.798661 0.685441 0.781095 0.68326 0.996107 0.782163 0.996107 0.798514 0.991347 0.784652 0.907504 0.975925 0.902416 0.98437 0.902688 0.966009 0.870298 0.87743 0.903188 0.86036 0.898627 0.872081 0.660253 0.585858 0.616945 0.566813 0.653082 0.505459 0.839297 0.574502 0.82009 0.561361 0.824741 0.523608 0.615499 0.538443 0.616945 0.566813 0.594002 0.547166 0.82009 0.561361 0.824891 0.597279 0.791736 0.589202 0.82009 0.561361 0.791736 0.589202 0.756157 0.564147 0.783031 0.603199 0.755833 0.595858 0.791736 0.589202 0.791736 0.589202 0.755833 0.595858 0.756157 0.564147 0.753769 0.565689 0.755833 0.595858 0.73056 0.56883 0.753769 0.565689 0.73056 0.56883 0.732407 0.558515 0.780509 0.763344 0.782083 0.776373 0.73929 0.755141 0.614929 0.942577 0.624381 0.942854 0.61271 0.959868 0.73929 0.755141 0.782083 0.776373 0.712406 0.758886 0.653082 0.505459 0.681587 0.507787 0.69272 0.530848 0.824741 0.523608 0.82009 0.561361 0.809838 0.51117 0.809838 0.51117 0.82009 0.561361 0.756157 0.564147 0.827345 0.79483 0.789145 0.842589 0.804338 0.790621 0.846862 0.982474 0.838523 0.985171 0.836126 0.973516 0.827345 0.79483 0.84031 0.778831 0.846467 0.794862 0.652476 0.764328 0.643602 0.778564 0.632903 0.764279 0.823266 0.770499 0.84031 0.778831 0.827345 0.79483 0.846862 0.966505 0.846862 0.982474 0.836126 0.973516 0.804338 0.790621 0.79838 0.75917 0.810488 0.770506 0.79838 0.75917 0.804338 0.790621 0.782083 0.776373 0.782083 0.776373 0.804338 0.790621 0.76213 0.826328 0.712406 0.758886 0.782083 0.776373 0.742789 0.791682 0.742789 0.791682 0.782083 0.776373 0.76213 0.826328 0.742789 0.791682 0.76213 0.826328 0.753799 0.812042 0.752071 0.827274 0.753799 0.812042 0.766548 0.830021 0.852138 0.798398 0.843867 0.84156 0.827345 0.79483 0.643602 0.778564 0.652476 0.764328 0.663047 0.778222 0.599305 0.982984 0.598865 0.98998 0.587093 0.982984 0.717744 0.985823 0.717744 0.972579 0.729945 0.978729 0.811546 0.99629 0.818371 0.985485 0.818371 0.998116 0.6581 0.803983 0.640382 0.794192 0.643602 0.778564 0.6581 0.803983 0.643602 0.778564 0.663047 0.778222 0.729945 0.978729 0.717744 0.972579 0.727791 0.966505 0.789145 0.842589 0.75402 0.839168 0.76213 0.826328 0.712215 0.77898 0.742789 0.791682 0.711472 0.809736 0.712215 0.77898 0.711472 0.809736 0.694248 0.776748 0.712406 0.758886 0.712215 0.77898 0.694248 0.776748 0.712406 0.758886 0.694248 0.776748 0.706376 0.746101 0.708912 0.774477 0.712406 0.758886 0.742789 0.791682 0.791736 0.589202 0.824891 0.597279 0.783031 0.603199</float_array>
          <technique_common>
            <accessor source="#Body-mesh-map-0-array" count="915" stride="2">
              <param name="S" type="float"/>
              <param name="T" type="float"/>
            </accessor>
          </technique_common>
        </source>
        <vertices id="Body-mesh-vertices">
          <input semantic="POSITION" source="#Body-mesh-positions"/>
        </vertices>
        <polylist material="Material_-1-material" count="6">
          <input semantic="VERTEX" source="#Body-mesh-vertices" offset="0"/>
          <input semantic="NORMAL" source="#Body-mesh-normals" offset="1"/>
          <input semantic="TEXCOORD" source="#Body-mesh-map-0" offset="2" set="0"/>
          <vcount>3 3 3 3 3 3 3 3 3 3 3 3 3 3 3 3 3 3 3 3 3 3 3 3 3 3 3 3 3 3 3 3 3 3 3 3 3 3 3 3 3 3 3 3 3 3 3 3 3 3 3 3 3 3 3 3 3 3 3 3 3 3 3 3 3 3 3 3 3 3 3 3 3 3 3 3 3 3 3 3 3 3 3 3 3 3 3 3 3 3 3 3 3 3 3 3 3 3 3 3 3 3 3 3 3 3 3 3 3 3 3 3 3 3 3 3 3 3 3 3 3 3 3 3 3 3 3 3 3 3 3 3 3 3 3 3 3 3 3 3 3 3 3 3 3 3 3 3 3 3 3 3 3 3 3 3 3 3 3 3 3 3 3 3 3 3 3 3 3 3 3 3 3 3 3 3 3 3 3 3 3 3 3 3 3 3 3 3 3 3 3 3 3 3 3 3 3 3 3 3 3 3 3 3 3 3 3 3 3 3 3 3 3 3 3 3 3 3 3 3 3 3 3 3 3 3 3 3 3 3 3 3 3 3 3 3 3 3 3 3 3 3 3 3 3 3 3 3 3 3 3 3 3 3 3 3 3 3 3 3 3 3 3 3 3 3 3 3 3 3 3 3 3 3 3 3 3 3 3 3 3 3 3 3 3 3 3 3 3 3 3 3 3 3 3 3 3 3 3 3 3 3 3 3 3</vcount>
          <p>1 0 0 2 0 1 3 0 2 4 1 3 5 1 4 6 1 5 5 2 6 2 2 7 6 2 8 6 3 9 2 3 10 1 3 11 6 4 12 1 4 13 7 4 14 8 5 15 6 5 16 7 5 17 4 6 18 6 6 19 8 6 20 9 7 21 8 7 22 10 7 23 8 8 24 9 8 25 11 8 26 8 9 27 11 9 28 4 9 29 7 10 30 1 10 31 12 10 32 7 11 33 12 11 34 13 11 35 10 12 36 7 12 37 14 12 38 14 13 39 7 13 40 13 13 41 7 14 42 10 14 43 8 14 44 10 15 45 15 15 46 16 15 47 10 16 48 16 16 49 9 16 50 9 17 51 16 17 52 17 17 53 9 18 54 17 18 55 18 18 56 11 19 57 9 19 58 19 19 59 19 20 60 9 20 61 18 20 62 18 21 63 19 21 64 20 21 65 21 22 66 22 22 67 14 22 68 14 23 69 22 23 70 10 23 71 21 24 72 14 24 73 23 24 74 14 25 75 23 25 76 15 25 77 21 26 78 23 26 79 13 26 80 21 27 81 13 27 82 24 27 83 23 28 84 13 28 85 22 28 86 23 29 87 22 29 88 15 29 89 22 30 90 13 30 91 25 30 92 25 31 93 22 31 94 21 31 95 22 32 96 15 32 97 10 32 98 1 33 99 3 33 100 26 33 101 1 34 102 26 34 103 12 34 104 27 35 105 26 35 106 3 35 107 28 36 108 3 36 109 2 36 110 28 37 111 2 37 112 5 37 113 12 38 114 26 38 115 29 38 116 12 39 117 29 39 118 30 39 119 29 40 120 26 40 121 31 40 122 30 41 123 29 41 124 32 41 125 30 42 126 32 42 127 33 42 128 33 43 129 32 43 130 34 43 131 31 44 132 35 44 133 26 44 134 36 45 135 35 45 136 37 45 137 13 46 138 12 46 139 38 46 140 13 47 141 38 47 142 39 47 143 38 48 144 12 48 145 40 48 146 40 49 147 12 49 148 41 49 149 12 50 150 30 50 151 41 50 152 24 51 153 13 51 154 39 51 155 39 52 156 38 52 157 42 52 158 44 53 159 43 53 160 28 53 161 27 54 162 43 54 163 45 54 164 45 55 165 43 55 166 28 55 167 27 56 168 45 56 169 46 56 170 47 57 171 28 57 172 5 57 173 28 58 174 47 58 175 45 58 176 3 59 177 43 59 178 46 59 179 3 60 180 43 60 181 27 60 182 3 61 183 28 61 184 46 61 185 28 62 186 46 62 187 27 62 188 48 63 189 27 63 190 28 63 191 48 64 192 28 64 193 49 64 194 27 65 195 48 65 196 31 65 197 27 66 198 31 66 199 35 66 200 35 67 201 27 67 202 37 67 203 46 68 204 43 68 205 44 68 206 44 69 207 46 69 208 48 69 209 50 70 210 26 70 211 35 70 212 35 71 213 50 71 214 36 71 215 32 72 216 37 72 217 51 72 218 37 73 219 36 73 220 48 73 221 36 74 222 51 74 223 32 74 224 36 75 225 48 75 226 51 75 227 51 76 228 48 76 229 44 76 230 50 77 231 26 77 232 27 77 233 50 78 234 27 78 235 37 78 236 50 79 237 37 79 238 32 79 239 20 80 240 17 80 241 16 80 242 20 81 243 16 81 244 15 81 245 20 82 246 15 82 247 52 82 248 17 83 249 19 83 250 11 83 251 11 84 252 17 84 253 18 84 254 4 85 255 11 85 256 18 85 257 4 86 258 18 86 259 47 86 260 18 87 261 53 87 262 47 87 263 47 88 264 5 88 265 4 88 266 54 89 267 53 89 268 55 89 269 53 90 270 18 90 271 56 90 272 55 91 273 53 91 274 56 91 275 56 92 276 18 92 277 20 92 278 55 93 279 56 93 280 57 93 281 15 94 282 25 94 283 52 94 284 17 95 285 20 95 286 19 95 287 56 96 288 20 96 289 52 96 290 25 97 291 15 97 292 14 97 293 25 98 294 14 98 295 13 98 296 25 99 297 58 99 298 52 99 299 52 100 300 58 100 301 56 100 302 21 101 303 24 101 304 25 101 305 58 102 306 25 102 307 39 102 308 24 103 309 39 103 310 25 103 311 55 104 312 57 104 313 54 104 314 59 105 315 57 105 316 56 105 317 59 106 318 56 106 319 58 106 320 59 107 321 58 107 322 60 107 323 54 108 324 57 108 325 59 108 326 54 109 327 59 109 328 61 109 329 54 110 330 62 110 331 53 110 332 59 111 333 60 111 334 63 111 335 59 112 336 63 112 337 64 112 338 59 113 339 64 113 340 61 113 341 64 114 342 65 114 343 63 114 344 65 115 345 64 115 346 66 115 347 66 116 348 67 116 349 63 116 350 63 117 351 67 117 352 65 117 353 65 118 354 68 118 355 66 118 356 68 119 357 66 119 358 67 119 359 62 120 360 47 120 361 53 120 362 69 121 363 47 121 364 70 121 365 70 122 366 47 122 367 62 122 368 70 123 369 62 123 370 71 123 371 62 124 372 71 124 373 72 124 374 72 125 375 62 125 376 73 125 377 74 126 378 62 126 379 54 126 380 72 127 381 71 127 382 75 127 383 75 128 384 72 128 385 61 128 386 74 129 387 62 129 388 73 129 389 74 130 390 73 130 391 71 130 392 73 131 393 71 131 394 54 131 395 73 132 396 54 132 397 72 132 398 72 133 399 54 133 400 61 133 401 71 134 402 74 134 403 76 134 404 71 135 405 75 135 406 54 135 407 54 136 408 75 136 409 74 136 410 74 137 411 75 137 412 61 137 413 61 138 414 64 138 415 77 138 416 77 139 417 64 139 418 78 139 419 78 140 420 64 140 421 66 140 422 63 141 423 78 141 424 66 141 425 79 142 426 61 142 427 65 142 428 61 143 429 79 143 430 74 143 431 74 144 432 79 144 433 76 144 434 71 145 435 61 145 436 70 145 437 61 146 438 77 146 439 70 146 440 65 147 441 61 147 442 71 147 443 76 148 444 65 148 445 71 148 446 42 149 447 38 149 448 40 149 449 42 150 450 40 150 451 80 150 452 81 151 453 40 151 454 41 151 455 42 152 456 82 152 457 80 152 458 80 153 459 83 153 460 82 153 461 82 154 462 83 154 463 42 154 464 42 155 465 83 155 466 84 155 467 42 156 468 84 156 469 85 156 470 80 157 471 81 157 472 86 157 473 80 158 474 86 158 475 83 158 476 83 159 477 86 159 478 84 159 479 31 160 480 48 160 481 87 160 482 87 161 483 48 161 484 88 161 485 31 162 486 87 162 487 34 162 488 34 163 489 32 163 490 31 163 491 31 164 492 32 164 493 50 164 494 50 165 495 31 165 496 36 165 497 29 166 498 89 166 499 31 166 500 89 167 501 31 167 502 36 167 503 89 168 504 36 168 505 32 168 506 32 169 507 89 169 508 90 169 509 32 170 510 29 170 511 90 170 512 90 171 513 29 171 514 34 171 515 29 172 516 34 172 517 89 172 518 40 173 519 81 173 520 80 173 521 81 174 522 91 174 523 92 174 524 93 175 525 81 175 526 86 175 527 86 176 528 93 176 529 92 176 530 92 177 531 93 177 532 81 177 533 41 178 534 91 178 535 81 178 536 92 179 537 91 179 538 94 179 539 95 180 540 94 180 541 96 180 542 94 181 543 91 181 544 97 181 545 30 182 546 33 182 547 98 182 548 98 183 549 41 183 550 30 183 551 98 184 552 99 184 553 100 184 554 41 185 555 98 185 556 91 185 557 91 186 558 98 186 559 97 186 560 96 187 561 94 187 562 97 187 563 96 188 564 0 188 565 95 188 566 95 189 567 0 189 568 94 189 569 0 190 570 101 190 571 94 190 572 94 191 573 101 191 574 102 191 575 42 192 576 85 192 577 39 192 578 39 193 579 85 193 580 58 193 581 84 194 582 102 194 583 103 194 584 60 195 585 84 195 586 103 195 587 63 196 588 60 196 589 103 196 590 84 197 591 58 197 592 85 197 593 58 198 594 84 198 595 60 198 596 78 199 597 63 199 598 103 199 599 104 200 600 77 200 601 78 200 602 104 201 603 78 201 604 105 201 605 105 202 606 78 202 607 103 202 608 104 203 609 105 203 610 106 203 611 106 204 612 107 204 613 108 204 614 107 205 615 106 205 616 101 205 617 101 206 618 106 206 619 105 206 620 108 207 621 107 207 622 109 207 623 109 208 624 107 208 625 110 208 626 110 209 627 107 209 628 101 209 629 105 210 630 103 210 631 102 210 632 105 211 633 102 211 634 101 211 635 84 212 636 86 212 637 102 212 638 86 213 639 92 213 640 94 213 641 86 214 642 94 214 643 102 214 644 44 215 645 28 215 646 49 215 647 49 216 648 44 216 649 51 216 650 46 217 651 45 217 652 88 217 653 46 218 654 88 218 655 48 218 656 88 219 657 45 219 658 69 219 659 69 220 660 45 220 661 47 220 662 34 221 663 90 221 664 33 221 665 90 222 666 89 222 667 87 222 668 89 223 669 87 223 670 34 223 671 87 224 672 90 224 673 88 224 674 98 225 675 33 225 676 99 225 677 90 226 678 88 226 679 33 226 680 88 227 681 111 227 682 33 227 683 111 228 684 88 228 685 69 228 686 33 229 687 111 229 688 99 229 689 112 230 690 99 230 691 113 230 692 99 231 693 111 231 694 114 231 695 114 232 696 111 232 697 115 232 698 115 233 699 111 233 700 116 233 701 111 234 702 69 234 703 116 234 704 116 235 705 117 235 706 115 235 707 37 236 708 51 236 709 49 236 710 48 237 711 49 237 712 37 237 713 118 238 714 119 238 715 120 238 716 114 239 717 115 239 718 121 239 719 114 240 720 121 240 721 122 240 722 114 241 723 122 241 724 123 241 725 124 242 726 117 242 727 116 242 728 125 243 729 126 243 730 117 243 731 121 244 732 117 244 733 126 244 734 121 245 735 115 245 736 117 245 737 104 246 738 70 246 739 77 246 740 70 247 741 104 247 742 127 247 743 69 248 744 70 248 745 128 248 746 69 249 747 128 249 748 116 249 749 116 250 750 128 250 751 124 250 752 128 251 753 70 251 754 127 251 755 129 252 756 128 252 757 127 252 758 127 253 759 104 253 760 106 253 761 127 254 762 106 254 763 130 254 764 129 255 765 127 255 766 130 255 767 128 256 768 129 256 769 124 256 770 108 257 771 130 257 772 106 257 773 79 258 774 65 258 775 67 258 776 79 259 777 67 259 778 68 259 779 79 260 780 68 260 781 76 260 782 76 261 783 68 261 784 65 261 785 117 262 786 124 262 787 125 262 788 124 263 789 131 263 790 125 263 791 131 264 792 124 264 793 129 264 794 131 265 795 129 265 796 132 265 797 131 266 798 132 266 799 133 266 800 130 267 801 108 267 802 132 267 803 132 268 804 108 268 805 133 268 806 133 269 807 108 269 808 109 269 809 133 270 810 109 270 811 134 270 812 133 271 813 135 271 814 136 271 815 135 272 816 133 272 817 134 272 818 136 273 819 135 273 820 137 273 821 125 274 822 136 274 823 126 274 824 125 275 825 131 275 826 136 275 827 136 276 828 131 276 829 133 276 830 100 277 831 99 277 832 112 277 833 100 278 834 112 278 835 138 278 836 100 279 837 139 279 838 97 279 839 139 280 840 96 280 841 97 280 842 140 281 843 139 281 844 100 281 845 140 282 846 100 282 847 138 282 848 112 283 849 134 283 850 138 283 851 134 284 852 112 284 853 135 284 854 135 285 855 112 285 856 113 285 857 137 286 858 135 286 859 122 286 860 122 287 861 135 287 862 113 287 863 122 288 864 113 288 865 123 288 866 114 289 867 123 289 868 113 289 869 97 290 870 98 290 871 100 290 872 96 291 873 139 291 874 110 291 875 110 292 876 139 292 877 140 292 878 110 293 879 140 293 880 109 293 881 138 294 882 134 294 883 109 294 884 101 295 885 0 295 886 96 295 887 101 296 888 96 296 889 110 296 890 109 297 891 140 297 892 138 297 893 99 298 894 114 298 895 113 298 896 141 299 897 122 299 898 121 299 899 141 300 900 121 300 901 126 300 902 137 301 903 141 301 904 126 301 905 137 302 906 126 302 907 136 302 908 141 303 909 137 303 910 122 303 911 132 304 912 129 304 913 130 304 914</p>
        </polylist>
      </mesh>
    </geometry>
    <geometry id="Hand1-mesh" name="Hand1">
      <mesh>
        <source id="Hand1-mesh-positions">
          <float_array id="Hand1-mesh-positions-array" count="426">-0.021408 -0.245682 0.056981 0.008064 -0.313035 0.075754 -0.020658 -0.312603 0.11582 -0.035463 -0.169436 0.057717 -0.019328 -0.407907 0.126138 -0.045895 -0.451225 0.117798 0.045286 -0.381678 0.111776 0.052506 -0.449306 0.124396 0.006477 -0.328501 0.15966 0.016293 -0.209138 0.104312 -0.006774 -0.210705 0.113829 -0.000449 -0.259727 0.033346 -0.003173 -0.294608 0.054685 -0.002336 -0.09607 -0.074607 0.005453 -0.117802 -0.057998 0.025598 -0.041284 -0.078674 0.035006 0.00428 -0.000596 -0.025662 -0.042936 -0.076263 -0.017487 -0.199303 0.079628 -0.026895 -0.111951 0.057964 -0.033933 0.032855 -0.087175 0.032478 -0.173676 0.062832 0.00108 -0.134689 0.093597 0.007505 -0.171066 0.099161 -0.011671 -0.166425 0.110659 -0.013755 -0.079973 0.071908 0.002058 -0.045063 -0.076633 0.014276 -0.046895 -0.066619 0.01152 -0.081363 -0.066431 0.02196 -0.084772 0.055979 0.022564 -0.087741 0.056045 -0.033829 -0.004567 -0.003514 -0.001419 -0.049641 0.076667 -0.018607 0.025549 0.037127 -0.018221 0.049438 0.024343 0.03571 -0.003507 -0.00599 0.018503 -0.00375 0.026979 0.000658 -0.098611 -0.074952 0.002604 -0.088557 -0.07766 0.04919 0.058785 -0.09818 0.000347 -0.042775 -0.080239 0.004391 -0.068515 -0.076535 -0.046344 0.042908 -0.085186 0.072138 0.071272 -0.084767 -0.073034 0.153501 -0.018704 -0.047747 0.043454 0.006465 -0.054519 0.057186 0.004885 -0.022705 0.091671 0.038333 -0.012894 0.053955 0.035368 -0.041133 0.162763 0.032989 -0.008986 0.009807 0.047399 -0.013075 -0.067312 0.070943 -0.001782 -0.097276 0.087848 -0.017612 -0.099325 0.070187 -0.019618 -0.078731 0.071011 0.02053 0.020834 0.029581 0.011164 0.022986 0.046215 0.005668 -0.032515 0.066575 0.012158 -0.062734 0.070284 0.001081 -0.073245 0.082402 -0.049203 -0.387764 0.121848 0.072546 -0.40597 0.224253 -0.017411 -0.40548 0.198072 -0.080214 -0.405723 0.230755 -0.050624 -0.380585 0.253162 -0.038671 -0.395626 0.275388 -0.092979 -0.368795 0.257297 -0.047537 -0.35296 0.280276 -0.088481 -0.467815 0.279393 0.055637 -0.37133 0.226483 0.021039 -0.374308 0.232903 -0.012843 -0.341667 0.233752 0.002631 -0.403069 0.302345 -0.01017 -0.419822 0.337589 0.000941 -0.35733 0.298496 0.03958 -0.396691 0.134453 0.090451 -0.375707 0.259359 0.050253 -0.355089 0.279551 0.054627 -0.454683 0.315317 0.089185 -0.476757 0.282931 -0.045675 -0.455925 0.322022 0.003795 -0.157185 0.126186 0.00345 -0.093616 0.136336 0.072074 0.142803 -0.020739 0.059164 0.048884 -0.00221 -0.048762 0.225657 0.028783 0.056962 0.082834 0.003149 0.014655 0.057412 0.036392 0.036872 0.192287 0.041962 0.024779 0.050532 0.025734 0.050158 0.192209 0.010954 0.004893 0.132502 0.059539 -0.013341 0.030838 0.053558 0.000715 0.052055 0.038766 0.020728 0.026828 0.046704 0.010299 0.065235 0.046741 -0.019724 0.103529 0.041021 -0.001964 0.098435 0.051178 -0.000443 0.226823 0.077329 -0.025241 0.25212 0.061795 -0.010131 0.092455 0.046812 -0.034855 0.231282 0.061158 -0.049485 0.259529 0.060245 0.001374 0.168837 0.073379 0.005499 0.176932 0.083689 -0.012731 0.177525 0.083267 -0.00047 0.185133 0.078666 0.012888 0.25655 0.068408 0.00521 0.19072 0.082772 0.022066 0.255046 0.064025 0.024808 0.17615 0.054178 -0.040064 0.276041 0.064919 -0.041724 0.288854 0.076468 -0.024496 0.290764 0.092266 -0.009118 0.231124 0.082457 -0.037901 0.35993 0.068104 -0.030484 0.318965 0.081605 -0.023058 0.347618 0.080459 -0.039132 0.371593 0.080269 -0.031361 0.357817 0.084105 0.054186 0.273575 0.04652 0.037725 0.245745 0.055423 0.04336 0.270516 0.066479 0.044226 0.356553 0.068849 -0.005021 0.236254 0.087154 0.016741 0.245176 0.080721 -0.004463 0.277957 0.098785 0.043395 0.3263 0.073526 0.04341 0.251508 0.07495 0.022423 0.294056 0.090253 0.04939 0.370845 0.063003 0.046708 0.370821 0.062684 0.018738 0.327279 0.087314 0.014598 0.297237 0.113985 0.034343 0.372706 0.086576 0.010719 0.346554 0.112838 -0.013892 0.295542 0.101544 -0.012534 0.34325 0.09729 0.005552 0.368812 0.090164 -0.004137 0.359835 0.092839 0.024481 0.289299 0.095297 0.028564 0.310689 0.097574</float_array>
          <technique_common>
            <accessor source="#Hand1-mesh-positions-array" count="142" stride="3">
              <param name="X" type="float"/>
              <param name="Y" type="float"/>
              <param name="Z" type="float"/>
            </accessor>
          </technique_common>
        </source>
        <source id="Hand1-mesh-normals">
          <float_array id="Hand1-mesh-normals-array" count="1137">-0.72396 -0.460065 -0.514026 -0.96618 -0.176293 -0.188192 0.822311 -0.433308 -0.368848 -0.006696 -0.467512 -0.883961 -0.136379 -0.195771 -0.97112 0.84788 0.518316 0.111573 0.996781 -0.080069 0.004091 0.331847 0.374239 0.865923 -0.780307 -0.137954 -0.609991 -0.794453 -0.270589 -0.543716 -0.539825 0.469581 0.698629 0.244509 -0.531945 -0.810709 0.807923 -0.342314 -0.479667 0.650374 -0.406589 -0.641638 0.993149 -0.099187 -0.061777 -0.772789 -0.355646 -0.525655 -0.909622 -0.266796 -0.318445 0.809838 0.200713 -0.55125 0.999129 0.041053 -0.00749 0.977101 0.130798 0.167828 -0.853884 -0.298236 -0.42654 0.588344 0.413984 0.6946 0.537179 -0.471809 -0.699167 0.935263 -0.19145 -0.297709 0.879548 -0.32537 -0.347174 -0.966728 -0.041525 0.252412 -0.772568 0.18547 0.60724 -0.607786 0.458766 0.648175 -0.904198 0.156362 0.397463 -0.302058 -0.035414 -0.952631 0.977319 0.054514 -0.204637 0.996575 -0.08196 0.01103 -0.016291 -0.038292 -0.999134 0.032077 0.249455 0.967855 -0.609317 0.169974 0.774495 0.931417 -0.072533 0.356652 0.685811 -0.27054 -0.675626 0.853714 0.184341 0.487022 -0.904336 0.156451 0.397114 -0.833993 0.263094 0.485013 -0.930999 -0.021203 0.364406 0.94479 -0.11472 -0.306939 0.995654 0.085468 0.036991 0.772853 -0.04147 -0.633229 -0.412047 -0.045986 -0.910002 -0.267802 -0.105513 -0.957679 -0.99245 0.061714 0.105989 -0.915796 -0.135521 -0.378089 -0.868138 -0.199276 -0.45456 0.920471 0.104415 0.376604 0.794216 0.188327 0.577714 0.294828 0.194881 0.935467 0.304173 0.196316 0.932169 -0.831237 0.288861 0.474978 0.041758 0.146842 0.988278 0.075876 0.173507 0.981905 -0.817729 0.003306 -0.575594 0.908446 0.021266 -0.417461 0.211536 0.025149 0.977047 0.569264 -0.081534 -0.818102 0.926318 0.143581 -0.34831 0.848798 0.057711 -0.525559 0.728177 -0.125757 -0.673753 0.043036 0.113542 0.992601 -0.018267 0.061572 0.997936 0.801918 -0.067347 -0.593627 -0.737682 0.0279 0.674572 -0.630464 0.012644 0.776116 -0.638141 -0.060263 0.767557 -0.99486 -0.02644 -0.097745 -0.97217 -0.234278 -0.000567 -0.973313 -0.2285 -0.021226 -0.957094 -0.286473 0.043644 0.595483 0.204258 -0.776967 0.491192 0.143375 -0.85917 0.058615 0.913511 -0.402569 -0.681836 -0.122529 0.72117 0.880074 -0.167985 -0.444129 0.421813 0.21786 0.88012 0.781966 -0.167124 -0.600499 0.746787 -0.090276 -0.658908 -0.508848 0.153667 0.84703 0.813777 0.226321 0.5353 -0.168321 -0.08561 0.982008 -0.918333 -0.109885 -0.380251 -0.778806 -0.162273 -0.605911 -0.815269 -0.224185 -0.533926 -0.65745 -0.27863 -0.700089 0.873049 0.052038 0.484848 0.778505 0.171687 0.603699 0.499617 -0.453141 -0.738273 0.746769 0.129303 0.652393 0.738092 0.138231 0.660388 -0.614247 -0.22475 -0.756431 0.189424 0.072362 -0.979225 -0.015387 -0.999299 0.034136 -0.508928 -0.814276 -0.279189 0.021126 -0.999227 0.03316 -0.699661 -0.707117 -0.102273 0.278928 -0.800791 0.530032 -0.949482 -0.119686 -0.290103 -0.263314 -0.963423 0.049825 -0.971231 0.213013 -0.106467 -0.935228 0.352821 -0.029409 -0.946946 -0.110369 -0.301847 0.155726 0.221864 0.962562 -0.750618 0.466479 0.467941 -0.275067 -0.19487 0.941469 0.17175 -0.820716 0.544909 0.787075 0.093708 0.609697 0.931514 -0.226011 0.284957 0.981246 0.035673 -0.18943 0.498293 0.698831 0.513166 -0.903437 0.331042 0.27242 0.926084 0.162419 0.34057 -0.097357 -0.20988 0.972868 -0.208023 0.962197 0.175795 0.873264 0.275308 0.402015 0.830124 0.49666 -0.253424 0.793858 0.197487 -0.575141 -0.607072 0.386497 0.694323 -0.851819 0.350984 0.388862 -0.666654 -0.684317 -0.295436 0.200612 0.954216 0.22187 0.004432 0.971007 0.239009 0.686518 -0.717904 -0.115361 0.95863 0.058872 0.278501 0.693896 0.719593 0.026364 0.927564 0.065248 0.367923 0.064175 0.727374 0.683234 0.994285 0.071978 0.078848 0.743284 0.657064 -0.125682 0.876701 0.411958 0.248366 0.918728 -0.100586 -0.381865 -0.663729 0.177795 0.726535 -0.995454 0.019779 0.093172 0.505208 -0.563904 -0.653282 -0.928211 -0.154082 -0.338649 0.863891 -0.136204 -0.484913 -0.31601 0.044007 -0.947735 -0.804234 0.138167 -0.578029 -0.817896 0.141728 0.557637 0.953244 -0.01028 -0.302027 0.694084 0.063207 -0.717114 0.697493 -0.213718 -0.68398 0.7286 -0.061888 -0.682138 -0.889171 -0.437967 0.132517 -0.327423 -0.150716 0.93278 -0.7991 -0.045464 0.599477 -0.820748 -0.138469 -0.554256 0.382406 -0.278908 0.880895 0.187744 0.405518 0.894599 0.540224 0.219676 0.812342 -0.666329 -0.1211 0.735758 -0.494713 -0.435627 0.75199 0.75158 0.546867 -0.368869 -0.315795 -0.543673 0.77762 0.962181 0.223208 0.156162 0.945133 0.298649 0.13241 -0.138746 0.024586 -0.990023 0.205848 -0.866604 0.454559 0.072375 0.665236 -0.743117 0.980328 -0.15807 -0.118198 -0.959857 0.250778 0.125635 -0.906769 0.41231 -0.08815 -0.840785 -0.070433 0.536768 0.851264 0.068468 -0.520252 0.862243 0.042136 -0.50474 -0.961709 0.27081 -0.042165 0.908402 -0.364527 0.204756 0.967393 -0.168442 0.189151 0.681754 -0.223761 0.696522 0.865459 -0.018676 0.500631 -0.862879 0.232748 -0.448628 -0.597661 -0.492366 0.632754 -0.588894 0.317276 -0.74333 -0.626207 0.081766 -0.775357 0.665593 -0.152289 0.730612 0.908421 0.153531 0.388843 -0.822025 0.000646 -0.569451 -0.997728 -0.059857 -0.030916 -0.733421 0.002883 -0.679768 -0.800897 -0.33577 0.495805 -0.801256 -0.335223 0.495595 0.1164 -0.828888 -0.54717 0.954341 -0.152781 -0.256693 0.808133 -0.584733 -0.070771 -0.957188 0.148446 0.248505 0.905391 -0.035174 -0.42312 0.121301 -0.250978 -0.960363 -0.163273 0.246005 -0.955418 0.140844 -0.228029 -0.963413 0.071528 -0.514029 -0.854785 0.640686 -0.482424 -0.597318 0.566213 -0.516457 -0.642398 -0.288963 0.392996 0.872957 -0.215472 0.409108 0.88668 -0.567166 -0.043787 0.822438 0.390768 0.202254 -0.897994 -0.36722 -0.167467 0.914934 0.717072 -0.376579 0.586511 0.226975 -0.105623 -0.968156 -0.258423 -0.142354 0.955486 -0.365757 0.661898 -0.654303 -0.519064 -0.298126 0.801058 0.523145 0.248394 -0.815242 -0.593542 0.175887 -0.785348 0.618896 -0.683853 0.386411 0.55301 -0.301903 0.776553 -0.20926 0.234686 -0.94928 0.962944 -0.105657 0.248145 0.989908 -0.136932 0.036493 0.866925 -0.122613 0.483122 0.172975 -0.641301 -0.747537 -0.460112 -0.371975 -0.806183 -0.370619 -0.35333 -0.858952 -0.963466 -0.065129 -0.25979 -0.953975 -0.24684 -0.170302 -0.22423 -0.351036 -0.909117 -0.580101 0.048432 -0.813104 0.341251 -0.888391 0.307099 0.750728 -0.140382 0.645523 -0.629032 -0.147994 0.763162 -0.740333 -0.157282 0.653582 0.617743 0.089715 -0.781246 -0.553753 -0.081245 0.828708 -0.566707 -0.268332 0.779 0.560003 0.05267 -0.826815 0.124478 -0.342632 0.931187 -0.669296 -0.152139 0.727253 -0.910919 -0.056373 0.408717 -0.018923 0.124219 0.992074 -0.759153 -0.116332 0.640432 0.708844 -0.023084 -0.704987 0.246494 0.931431 -0.267725 0.557505 0.049522 -0.828696 -0.535214 -0.224137 0.814438 -0.775647 -0.131333 0.617352 -0.754365 -0.131735 0.643102 0.883147 -0.08984 0.460414 -0.002824 0.520805 0.853671 -0.61076 0.039817 0.790814 0.462002 -0.225996 0.857601 -0.633417 -0.302727 0.712137 -0.720505 -0.093366 0.687135 0.676471 -0.3322 0.65729 -0.602266 0.025995 0.797872 -0.352253 0.597488 -0.720365 0.701296 -0.120251 0.702655 0.701542 -0.120312 0.702399 0.692273 -0.088453 0.716194 0.545084 -0.039971 0.837428 0.859717 -0.346122 0.375616 -0.876054 0.145427 -0.459762 -0.652887 0.135375 -0.74526 -0.640825 0.040676 -0.766609 -0.415653 0.09841 -0.904184 -0.988594 -0.113282 0.099239 0.900835 0.139375 -0.411182 -0.698331 0.479059 -0.531824 -0.59961 -0.286399 0.74729 -0.613138 -0.27962 0.738833 -0.983696 0.032076 -0.176953 -0.678137 0.121762 0.724778 0.977269 -0.017167 -0.211309 0.853657 -0.239759 -0.46237 -0.993344 0.025954 0.112224 0.3423 0.032414 -0.939031 -0.959866 0.147495 -0.238543 0.533566 -0.184897 -0.8253 -0.888613 0.114711 0.444081 0.541231 -0.173191 -0.822845 0.926793 0.044909 -0.372878 -0.864206 -0.404009 0.299875 0.897923 -0.212854 0.385262 -0.548149 0.357622 -0.756068 -0.749936 0.14244 -0.645992 0.358042 -0.233355 0.904075 0.434498 -0.096668 0.89547 -0.458936 0.100975 -0.882713 0.42965 -0.091918 0.898305 -0.969011 0.002955 0.246999 -0.410233 0.029243 -0.911512 -0.591632 0.060305 -0.80395 -0.246089 0.340802 -0.907356 -0.531941 0.159922 -0.831543 -0.465859 -0.007516 -0.884827 0.881254 -0.059793 0.468845 0.999983 0.000089 -0.005768 0.609032 0.01522 0.793 -0.278529 -0.443721 0.851783 0.805631 -0.156708 0.571316 -0.910529 0.025036 -0.412686 -0.814123 0.057772 -0.577812 -0.116682 0.243178 0.962938 0.883347 0.047823 0.466274 -0.695599 0.164557 -0.699331 0.099849 -0.597996 -0.795255 -0.837217 0.081255 -0.540801 0.818853 -0.199065 0.538381 -0.769698 -0.075273 -0.633956 0.625302 0.200765 -0.754116 0.67854 0.139552 -0.721185 0.689406 -0.00653 -0.724346 -0.570196 0.508066 -0.645558 -0.557491 -0.272718 0.78411 -0.684766 0.12596 0.717795 0.728778 -0.101275 -0.677219 0.601576 -0.210854 0.770485 -0.501249 0.21555 0.838026 0.268117 0.077979 0.960225 -0.441085 -0.238727 0.865132 -0.678525 0.090357 0.728999 -0.607218 -0.272045 0.746511 -0.257879 0.016311 0.96604 0.594597 0.077393 -0.80029 -0.553786 -0.019796 0.832424 0.7991 0.056551 -0.598533 -0.523386 0.090445 0.847282 0.307464 -0.388751 -0.868527 0.233142 0.490079 -0.839921 0.622706 -0.197004 -0.75725 -0.171699 -0.10654 -0.979372 0.502002 0.342874 0.793997 -0.040495 -0.208233 -0.977241 0.788533 0.531151 0.309992 -0.06887 0.737198 0.672158 0.357959 -0.218613 0.907785 0.284813 -0.185635 0.940437 0.928448 -0.172102 0.329189 0.776507 -0.316245 0.545001 0.672545 -0.335823 0.659474 0.439353 0.071701 0.895448 0.269669 0.036025 0.962279 0.992593 -0.047241 -0.111929 0.295381 0.281473 0.912975 0.482101 -0.105705 0.869716 -0.336038 0.650778 0.680857 0.946609 0.131051 0.294544 0.94649 0.077261 -0.31335 -0.081998 0.296836 0.951401 0.042645 0.33117 0.942607 0.857618 -0.038123 0.512873 -0.628379 -0.247338 -0.737539 -0.74874 -0.148863 -0.645932 0.580859 -0.798147 -0.159887 0.887333 -0.212938 0.409021 -0.818406 -0.545523 -0.1806 -0.40277 0.447899 -0.798225 -0.553303 -0.024163 0.83263 0.874919 -0.045683 0.482109 0.967031 -0.201221 0.156082 0.653675 0.312061 0.68944 0.488688 0.095624 0.867202 0.50465 0.101368 0.857352 0.127402 0.941963 -0.310603 0.167439 -0.443168 -0.880662 0.076817 -0.612482 -0.786743 -0.043312 -0.211772 -0.976359 0.316931 0.936417 0.150593 -0.614247 -0.22475 -0.756431 -0.188471 -0.198151 0.961881 0.517998 0.077485 0.851865 0.403039 -0.158415 -0.901368 -0.073773 0.137373 0.987768 0.33262 -0.420626 0.84406 -0.929791 0.005026 0.368055 -0.839519 0.368985 -0.398821 0.685552 -0.039834 -0.726933 0.136686 -0.06821 -0.988263 -0.280883 0.115513 0.952765 0.964351 -0.25687 0.063605 -0.867452 0.419041 0.2682 -0.397896 0.283274 0.872602 0.716812 0.074417 -0.693284 -0.160161 -0.146507 -0.976158 0.279057 0.376987 0.883181 0.628918 -0.734818 0.253977 0.343046 -0.707574 -0.617785</float_array>
          <technique_common>
            <accessor source="#Hand1-mesh-normals-array" count="379" stride="3">
              <param name="X" type="float"/>
              <param name="Y" type="float"/>
              <param name="Z" type="float"/>
            </accessor>
          </technique_common>
        </source>
        <source id="Hand1-mesh-map-0">
          <float_array id="Hand1-mesh-map-0-array" count="2274">0.404608 0.487515 0.396271 0.471213 0.405526 0.471213 0.030788 0.078903 0.049614 0.062987 0.048312 0.124397 0.412963 0.055844 0.390646 0.032781 0.403699 0.026159 0.390646 0.032781 0.412963 0.055844 0.398672 0.061612 0.494072 0.126314 0.483592 0.12911 0.483592 0.114191 0.178409 0.080745 0.177776 0.106039 0.151165 0.07996 0.151165 0.07996 0.177776 0.106039 0.153631 0.125422 0.359457 0.024732 0.367348 0.072069 0.357586 0.066659 0.030788 0.078903 0.048312 0.124397 0.020856 0.097945 0.030788 0.078903 0.020856 0.097945 0.026356 0.072397 0.294161 0.24315 0.281254 0.214701 0.274635 0.226083 0.241462 0.22079 0.257941 0.271894 0.245595 0.270286 0.294161 0.24315 0.314038 0.276667 0.335502 0.315617 0.294161 0.24315 0.335502 0.315617 0.274635 0.226083 0.274635 0.226083 0.335502 0.315617 0.305158 0.32714 0.020856 0.097945 0.00634 0.186073 0.000097 0.172797 0.00634 0.186073 0.020856 0.097945 0.048312 0.124397 0.448446 0.450317 0.442525 0.461553 0.441255 0.441142 0.196187 0.025596 0.196622 0.002253 0.263944 0.099406 0.263818 0.310027 0.259296 0.228192 0.26268 0.281283 0.095423 0.371534 0.102754 0.404721 0.10227 0.365196 0.102754 0.338747 0.107608 0.27821 0.109096 0.339511 0.288821 0.06245 0.341978 0.014317 0.33479 0.00911 0.341978 0.014317 0.288821 0.06245 0.346281 0.045037 0.346281 0.045037 0.288821 0.06245 0.279538 0.102789 0.196622 0.002253 0.183574 0.009528 0.196187 0.025596 0.458796 0.019607 0.464375 0.005311 0.465237 0.028517 0.349171 0.089454 0.353289 0.081656 0.364052 0.085509 0.349171 0.089454 0.354421 0.090652 0.351375 0.103144 0.202138 0.43029 0.1852 0.402033 0.204822 0.395682 0.261619 0.433747 0.268077 0.445836 0.266879 0.421252 0.305158 0.32714 0.268077 0.261592 0.274635 0.226083 0.000097 0.172797 0.00634 0.186073 0.007853 0.187591 0.186224 0.350845 0.196747 0.347474 0.193461 0.383461 0.279844 0.09452 0.288821 0.06245 0.283276 0.102281 0.243071 0.306309 0.245595 0.270286 0.253244 0.28769 0.257941 0.271894 0.253244 0.28769 0.245595 0.270286 0.142328 0.223272 0.142111 0.18631 0.134384 0.182856 0.045227 0.185915 0.048312 0.124397 0.057724 0.140603 0.045227 0.185915 0.057724 0.140603 0.071184 0.158491 0.045227 0.185915 0.071184 0.158491 0.064818 0.189289 0.134134 0.310446 0.133358 0.25529 0.149451 0.294149 0.227797 0.080411 0.196187 0.025596 0.263944 0.099406 0.395883 0.382564 0.410509 0.387647 0.397015 0.409145 0.11384 0.49738 0.11384 0.48474 0.122229 0.488854 0.483099 0.46237 0.478026 0.477197 0.478026 0.457383 0.279538 0.102789 0.346281 0.045037 0.314727 0.116436 0.375517 0.06528 0.377078 0.002246 0.37746 0.037184 0.314727 0.116436 0.34252 0.087977 0.328419 0.114413 0.116631 0.322643 0.116199 0.286622 0.121906 0.242661 0.153631 0.125422 0.142111 0.18631 0.131911 0.183131 0.367348 0.072069 0.358026 0.134101 0.358892 0.102916 0.367348 0.072069 0.358892 0.102916 0.364052 0.085509 0.466835 0.168244 0.469583 0.172394 0.473194 0.16237 0.12544 0.379828 0.138905 0.349836 0.160268 0.350574 0.12544 0.379828 0.160268 0.350574 0.170172 0.391505 0.478173 0.283487 0.479107 0.300828 0.477124 0.303954 0.478173 0.283487 0.479107 0.300828 0.47904 0.287328 0.306117 0.4734 0.309317 0.452042 0.31062 0.462767 0.183281 0.407542 0.183574 0.427297 0.178712 0.413523 0.097534 0.466556 0.100811 0.452538 0.094803 0.463345 0.094803 0.463345 0.100811 0.452538 0.095851 0.454075 0.095851 0.454075 0.100811 0.452538 0.094803 0.442036 0.387432 0.409147 0.390251 0.385355 0.351746 0.40772 0.351746 0.40772 0.390251 0.385355 0.364845 0.359206 0.466835 0.168244 0.466835 0.152302 0.473194 0.16237 0.124847 0.48474 0.122229 0.49725 0.126363 0.490532 0.124847 0.48474 0.126363 0.490532 0.132189 0.49725 0.28128 0.499775 0.283555 0.489876 0.275626 0.489876 0.00634 0.186073 0.048312 0.124397 0.045227 0.185915 0.00634 0.186073 0.052834 0.240354 0.011543 0.224314 0.045684 0.200216 0.052834 0.240354 0.00634 0.186073 0.045684 0.200216 0.00634 0.186073 0.045227 0.185915 0.133969 0.319251 0.125604 0.315126 0.129392 0.308635 0.491053 0.421132 0.491053 0.43428 0.495093 0.429615 0.400331 0.129174 0.392166 0.124319 0.400331 0.120982 0.05868 0.20427 0.072571 0.210554 0.082022 0.233905 0.435764 0.074997 0.442668 0.08094 0.43812 0.106992 0.435764 0.074997 0.423865 0.092625 0.43812 0.106992 0.127319 0.286476 0.133358 0.25529 0.134134 0.310446 0.489216 0.030414 0.489216 0.016738 0.497483 0.022099 0.318341 0.441889 0.3219 0.417518 0.324219 0.451433 0.131911 0.183131 0.142111 0.18631 0.13628 0.209267 0.310469 0.441427 0.324219 0.451433 0.318341 0.441889 0.142328 0.223272 0.13372 0.187878 0.13048 0.206501 0.13048 0.206501 0.13372 0.187878 0.125666 0.189752 0.266223 0.218916 0.267442 0.215812 0.267442 0.236411 0.200326 0.376876 0.206134 0.346083 0.210791 0.377032 0.36612 0.159121 0.358026 0.134101 0.372131 0.162313 0.452517 0.15834 0.456262 0.145007 0.452517 0.129174 0.390309 0.356914 0.390309 0.340621 0.393196 0.34639 0.474024 0.4614 0.467807 0.478483 0.475424 0.465686 0.318532 0.489444 0.31472 0.485144 0.324219 0.487348 0.46603 0.345102 0.461736 0.335598 0.46603 0.329488 0.034306 0.004463 0.040047 0.031558 0.036844 0.023983 0.013782 0.354322 0.003733 0.297412 0.039639 0.332234 0.424229 0.468695 0.421814 0.485808 0.40753 0.468695 0.013782 0.354322 0.039639 0.332234 0.069088 0.344666 0.061636 0.326017 0.039639 0.332234 0.066481 0.313554 0.039639 0.332234 0.061636 0.326017 0.06725 0.338369 0.150469 0.320873 0.162158 0.285666 0.173597 0.295672 0.46705 0.462452 0.451274 0.482319 0.46705 0.482753 0.091405 0.011405 0.109017 0.022894 0.049614 0.062987 0.091405 0.011405 0.049614 0.062987 0.040047 0.031558 0.179707 0.281114 0.162158 0.285666 0.155833 0.252868 0.076917 0.320592 0.095887 0.287909 0.096755 0.333171 0.448172 0.129524 0.448301 0.159069 0.452152 0.149181 0.01927 0.304728 0.039639 0.332234 0.003733 0.297412 0.125604 0.324992 0.136462 0.334804 0.125604 0.336265 0.380104 0.300941 0.385824 0.283087 0.393077 0.299707 0.451274 0.496898 0.451332 0.482753 0.465009 0.496898 0.211884 0.286514 0.230057 0.289662 0.224056 0.267742 0.22199 0.250417 0.230057 0.289662 0.22053 0.231962 0.22053 0.231962 0.241913 0.269781 0.230057 0.289662 0.450102 0.088916 0.457532 0.071314 0.462804 0.092293 0.150469 0.327719 0.163974 0.320873 0.163974 0.336267 0.125359 0.446033 0.118411 0.452138 0.132319 0.466197 0.171941 0.064064 0.178409 0.080745 0.146201 0.067735 0.171941 0.064064 0.146201 0.067735 0.132853 0.037264 0.132853 0.037264 0.146201 0.067735 0.115039 0.03763 0.260373 0.352703 0.243359 0.378437 0.245531 0.36048 0.372739 0 0.359457 0.024732 0.36271 0.00706 0.203997 0.307766 0.201838 0.283003 0.189904 0.289316 0.393077 0.299707 0.393605 0.323174 0.387483 0.331398 0.393077 0.299707 0.387483 0.331398 0.380104 0.300941 0.405526 0.448634 0.405526 0.471213 0.397745 0.460694 0.201496 0.242887 0.201838 0.283003 0.185439 0.252016 0.478137 0.340927 0.478137 0.357233 0.4728 0.34749 0.205938 0.21698 0.201496 0.242887 0.185439 0.252016 0.360617 0.30284 0.349157 0.333748 0.362062 0.337475 0.356062 0.244544 0.377574 0.224819 0.373235 0.269067 0.356062 0.244544 0.373235 0.269067 0.368078 0.283087 0.268077 0.435199 0.279908 0.441926 0.274689 0.419598 0.132853 0.037264 0.115039 0.03763 0.128687 0.005653 0.252093 0.321501 0.260373 0.352703 0.245531 0.36048 0.144997 0.399589 0.137999 0.436793 0.13114 0.421054 0.327282 0.421455 0.334582 0.442284 0.324217 0.45006 0.404938 0.091777 0.403768 0.066303 0.395274 0.101396 0.376695 0.316473 0.360617 0.30284 0.362062 0.337475 0.441315 0.238399 0.43324 0.245674 0.434987 0.209001 0.441315 0.238399 0.434987 0.209001 0.444809 0.214174 0.049614 0.062987 0.071934 0.051802 0.048312 0.124397 0.029293 0.418661 0.020957 0.409423 0.02303 0.44536 0.364052 0.085509 0.367348 0.072069 0.349171 0.089454 0.410509 0.387647 0.395883 0.382564 0.400428 0.364761 0.040282 0.431053 0.03217 0.408848 0.04238 0.405089 0.260953 0.475495 0.255051 0.482021 0.256205 0.463221 0.065087 0.097515 0.07675 0.11119 0.07288 0.122185 0.065087 0.097515 0.07288 0.122185 0.068459 0.114221 0.461736 0.348666 0.45598 0.333096 0.461736 0.319854 0.341939 0.476143 0.349157 0.488114 0.340125 0.487322 0.358892 0.102916 0.351375 0.103144 0.354421 0.090652 0.358892 0.102916 0.354421 0.090652 0.364052 0.085509 0.456254 0.11943 0.449509 0.101124 0.460041 0.096695 0.473453 0.195507 0.480427 0.201624 0.472378 0.208753 0.480427 0.201624 0.472378 0.208753 0.482894 0.204814 0.460313 0.434486 0.452974 0.451103 0.457913 0.454232 0.263944 0.099406 0.234071 0.147845 0.226347 0.103991 0.263944 0.099406 0.226347 0.103991 0.227797 0.080411 0.12544 0.379828 0.122225 0.387876 0.170172 0.391505 0.35523 0.372767 0.364845 0.359206 0.351746 0.40772 0.444809 0.209001 0.450501 0.22177 0.444809 0.241376 0.278061 0.140835 0.302591 0.172785 0.31798 0.136139 0.31798 0.136139 0.278061 0.140835 0.279538 0.102789 0.31798 0.136139 0.279538 0.102789 0.314727 0.116436 0.045684 0.200216 0.086188 0.25665 0.052834 0.240354 0.045684 0.200216 0.086188 0.25665 0.082022 0.233905 0.226347 0.103991 0.234071 0.147845 0.210595 0.165344 0.301113 0.347663 0.335502 0.315617 0.305158 0.32714 0.301113 0.347663 0.335502 0.315617 0.342245 0.357036 0.301113 0.347663 0.342245 0.357036 0.307116 0.379984 0.123819 0.233584 0.142328 0.223272 0.115518 0.233532 0.278052 0.398554 0.301113 0.347663 0.307116 0.379984 0.314727 0.116436 0.328419 0.114413 0.328636 0.124753 0.314727 0.116436 0.328636 0.124753 0.325219 0.140225 0.383231 0.265169 0.395103 0.247111 0.401502 0.257726 0.401502 0.257726 0.395103 0.247111 0.400106 0.232444 0.219562 0.495972 0.21621 0.484582 0.21481 0.493997 0.307116 0.379984 0.292958 0.398427 0.278052 0.398554 0.321331 0.186475 0.302591 0.172785 0.31798 0.136139 0.32955 0.188767 0.31798 0.136139 0.332022 0.15703 0.405993 0.209001 0.400106 0.232444 0.391381 0.216014 0.149451 0.294149 0.126527 0.296638 0.133969 0.319251 0.045227 0.185915 0.06829 0.185356 0.05868 0.20427 0.370767 0.472206 0.378976 0.487788 0.372946 0.485891 0.489026 0.353787 0.496473 0.343921 0.489026 0.339715 0.38457 0.475368 0.394053 0.471165 0.385485 0.485614 0.42486 0.120324 0.437631 0.110898 0.438134 0.128918 0.182975 0.436662 0.182317 0.455576 0.178686 0.452609 0.397745 0.448634 0.384283 0.471165 0.378976 0.448634 0.467836 0.209001 0.468876 0.225517 0.473656 0.218321 0.267474 0.469106 0.267474 0.445836 0.263434 0.451794 0.436557 0.382094 0.444561 0.38863 0.429633 0.394667 0.4265 0.462601 0.431438 0.457896 0.429678 0.447717 0.28702 0.481242 0.287589 0.488215 0.295329 0.474218 0.353235 0.165086 0.358026 0.134101 0.360253 0.164487 0.360253 0.164487 0.358026 0.134101 0.36612 0.159121 0.145483 0.400971 0.154667 0.399589 0.147828 0.411168 0.154667 0.399589 0.147828 0.411168 0.160372 0.409267 0.295329 0.474218 0.295329 0.489659 0.287589 0.488215 0.16501 0.48651 0.165617 0.497002 0.158458 0.497368 0.400331 0.129072 0.400331 0.120982 0.404629 0.126102 0.26148 0.485881 0.26148 0.497319 0.268746 0.494453 0.200326 0.386289 0.200326 0.377032 0.203345 0.38107 0.456442 0.306334 0.447215 0.313455 0.466067 0.294406 0.466067 0.294406 0.447215 0.313455 0.451848 0.294111 0.466067 0.294406 0.451848 0.294111 0.450257 0.284476 0.466067 0.294406 0.450257 0.284476 0.466073 0.289065 0.383231 0.22518 0.400106 0.232444 0.391381 0.216014 0.486517 0.167477 0.491213 0.171967 0.491213 0.164874 0.47873 0.239253 0.484196 0.229425 0.481129 0.248794 0.47873 0.239253 0.481129 0.248794 0.473656 0.242287 0.328636 0.124753 0.338151 0.111045 0.328419 0.114413 0.469942 0.491986 0.482169 0.478887 0.467807 0.478483 0.490415 0.299323 0.493362 0.286033 0.493675 0.299502 0.385485 0.485614 0.378976 0.474639 0.38457 0.475368 0.325219 0.140225 0.328636 0.124753 0.340683 0.12336 0.142328 0.223272 0.121843 0.215695 0.123819 0.233584 0.193995 0.449411 0.204032 0.438554 0.190368 0.436699 0.430796 0.357297 0.436557 0.382094 0.429633 0.394667 0.487889 0.196535 0.494703 0.196527 0.494729 0.204976 0.389376 0.159973 0.372829 0.13788 0.377808 0.188602 0.482343 0.33962 0.484037 0.32251 0.478217 0.319854 0.482343 0.33962 0.478217 0.319854 0.478217 0.337499 0.210595 0.165344 0.204062 0.118593 0.208398 0.13054 0.073255 0.208768 0.089416 0.220488 0.082022 0.233905 0.082022 0.233905 0.104785 0.25095 0.10692 0.261011 0.366822 0.45972 0.378976 0.460712 0.375045 0.470677 0.378976 0.460712 0.366822 0.45972 0.373139 0.450396 0.089416 0.220488 0.104894 0.229769 0.082022 0.233905 0.146512 0.497579 0.154954 0.490557 0.146512 0.486101 0.43661 0.178779 0.434674 0.197512 0.426461 0.181862 0.464786 0.249139 0.469785 0.254036 0.464786 0.272955 0.433929 0.145234 0.44239 0.150973 0.440304 0.13312 0.38314 0.498413 0.382886 0.487788 0.372947 0.498413 0.105058 0.356631 0.112713 0.344223 0.109315 0.376924 0.449021 0.034519 0.44591 0.007975 0.450869 0.006172 0.348584 0.429374 0.3376 0.431072 0.346712 0.450098 0.105058 0.356631 0.102754 0.396965 0.109315 0.376924 0.420502 0.164824 0.417738 0.170827 0.411395 0.129174 0.486682 0.310441 0.491635 0.302817 0.491635 0.317958 0.429263 0.196603 0.43661 0.178779 0.436002 0.184993 0.45493 0.201364 0.45493 0.208785 0.457898 0.207282 0.104894 0.229769 0.111557 0.244302 0.082022 0.233905 0.082022 0.233905 0.111557 0.244302 0.10903 0.257842 0.082022 0.233905 0.10903 0.257842 0.09867 0.259087 0.429263 0.196603 0.436002 0.184993 0.434674 0.197512 0.341719 0.45015 0.334113 0.468353 0.331228 0.461773 0.26836 0.378777 0.280927 0.365105 0.278052 0.398554 0.165783 0.431225 0.146454 0.430175 0.160372 0.409267 0.433665 0.179002 0.449752 0.182599 0.447454 0.208489 0.433665 0.179002 0.447454 0.208489 0.434674 0.197512 0.440873 0.06494 0.435419 0.048344 0.440569 0.04559 0.478138 0.210193 0.483145 0.209666 0.483145 0.229425 0.478138 0.210193 0.483145 0.229425 0.473656 0.217562 0.426461 0.15964 0.420502 0.164824 0.411395 0.129174 0.426461 0.15964 0.411395 0.129174 0.4192 0.130413 0.086188 0.25665 0.082022 0.233905 0.10692 0.261011 0.195837 0.166117 0.210595 0.165344 0.193133 0.179406 0.419714 0.029188 0.419316 0.004095 0.42953 0.015176 0.477678 0.147028 0.475763 0.130148 0.483197 0.137451 0.489972 0.0137 0.489972 0 0.496105 0.002623 0.184774 0.171073 0.19033 0.210675 0.193133 0.179406 0.483592 0.116953 0.483592 0.096695 0.477766 0.104905 0.19033 0.210675 0.193133 0.179406 0.210595 0.165344 0.424224 0.033662 0.42953 0.015176 0.434206 0.032299 0.419714 0.029188 0.42953 0.015176 0.419316 0.045082 0.291311 0.427702 0.283209 0.417518 0.293061 0.446923 0.210595 0.165344 0.190613 0.215791 0.19033 0.210675 0.017861 0.47464 0.011142 0.487479 0.011142 0.470724 0.486682 0.302817 0.486682 0.319555 0.479107 0.310497 0.424224 0.033662 0.429355 0.041397 0.434206 0.032299 0.474629 0.191746 0.472378 0.181959 0.481631 0.18108 0.472378 0.181959 0.481631 0.18108 0.483011 0.1725 0.278052 0.398554 0.286751 0.41009 0.282118 0.417518 0.394672 0.131505 0.39572 0.159366 0.378331 0.129901 0.378331 0.129901 0.389376 0.159973 0.372829 0.13788 0.456487 0.030648 0.451064 0.007461 0.456487 0 0.411176 0.416721 0.405831 0.409145 0.405878 0.441652 0.089347 0.436081 0.093534 0.424461 0.084736 0.409355 0.084736 0.409355 0.089347 0.436081 0.076716 0.432851 0.007892 0.409604 0.014614 0.392915 0.013596 0.405695 0.014614 0.392915 0.007892 0.409604 0 0.404345 0.223214 0.443691 0.213974 0.46419 0.209427 0.448808 0.209427 0.448808 0.213974 0.46419 0.204802 0.464272 0.085878 0.388255 0.076716 0.409355 0.07715 0.361138 0.076716 0.432851 0.094725 0.448612 0.089347 0.436081 0.432558 0.065057 0.429482 0.055775 0.433248 0.051296 0.465548 0.11136 0.460041 0.123337 0.460041 0.096695 0.432253 0.211493 0.426393 0.238027 0.420312 0.224931 0.062079 0.475408 0.069437 0.466896 0.069437 0.485425 0.442783 0.076028 0.442726 0.10104 0.449509 0.087862 0.411395 0.182801 0.408399 0.154377 0.398011 0.160834 0.093392 0.355644 0.085878 0.388255 0.07715 0.361138 0.471821 0.295334 0.466073 0.306385 0.466098 0.283087 0.426393 0.238027 0.432253 0.245804 0.421973 0.256035 0.219633 0.433123 0.223214 0.443691 0.209427 0.448808 0.0438 0.405089 0.029293 0.404086 0.057773 0.386844 0.36599 0.206297 0.365441 0.198989 0.370252 0.195863 0.413526 0.436315 0.425281 0.415802 0.413626 0.443051 0.034034 0.380181 0.032201 0.404695 0.057773 0.386844 0.473737 0.149525 0.481295 0.164513 0.473737 0.169968 0.029293 0.392832 0.017877 0.409423 0.017923 0.378073 0.029293 0.392832 0.017923 0.378073 0.022735 0.367051 0.253795 0.462992 0.253589 0.46944 0.243812 0.467023 0.487809 0.193469 0.485311 0.207826 0.483011 0.190186 0.45598 0.348666 0.45598 0.35642 0.4593 0.350717 0.055434 0.364488 0.051123 0.357426 0.045873 0.370528 0.045873 0.370528 0.055434 0.364488 0.033014 0.382262 0.033014 0.382262 0.055434 0.364488 0.057594 0.384235 0.48933 0.457383 0.483099 0.466881 0.487388 0.473139 0.467562 0.248136 0.464265 0.239803 0.467562 0.233646 0.473638 0.428157 0.469482 0.433441 0.469482 0.426498 0.4987 0.249139 0.493606 0.253555 0.4987 0.261885 0.408011 0.268152 0.412574 0.257298 0.408498 0.282381 0.051123 0.357426 0.030663 0.362648 0.045873 0.370528 0.034034 0.380181 0.030663 0.362648 0.045873 0.370528 0.224884 0.428191 0.207647 0.421389 0.224438 0.424227 0.207647 0.421389 0.224438 0.424227 0.220223 0.417484 0.220223 0.417484 0.207647 0.421389 0.211025 0.40699 0.03632 0.362574 0.029524 0.369373 0.035507 0.375901 0.03632 0.362574 0.035507 0.375901 0.051189 0.365687 0.051189 0.365687 0.035507 0.375901 0.033014 0.382262 0.02547 0.357471 0.029293 0.392832 0.022735 0.367051 0.227715 0.435481 0.240685 0.46334 0.227079 0.461765 0.414046 0.181707 0.425287 0.177489 0.416738 0.176847 0.365441 0.169357 0.370667 0.173665 0.370252 0.195863 0.461911 0.241218 0.456497 0.246464 0.452058 0.238262 0.409729 0.209001 0.420312 0.224931 0.408011 0.219802 0.469405 0.382295 0.466345 0.37107 0.461756 0.372254 0.489083 0.440775 0.483483 0.452038 0.483483 0.434486 0.470482 0.021308 0.474669 0.033052 0.470482 0.034472 0.434674 0.197512 0.447454 0.208489 0.439763 0.208489 0.069437 0.466896 0.073249 0.474607 0.069437 0.484414 0.279115 0.455873 0.285083 0.456376 0.279401 0.469274 0.426393 0.238027 0.408011 0.219802 0.420312 0.224931 0.21933 0.339492 0.219408 0.355703 0.216714 0.357237 0.484037 0.337255 0.489066 0.320681 0.484037 0.319854 0.469405 0.357297 0.461756 0.372254 0.466345 0.37107 0.491053 0.421132 0.491053 0.434385 0.487062 0.427648 0.220223 0.417484 0.227737 0.397916 0.211025 0.40699 0.211025 0.40699 0.227737 0.397916 0.207205 0.39635 0.207205 0.39635 0.227737 0.397916 0.204802 0.385932 0.229074 0.390903 0.227737 0.397916 0.204802 0.385932 0.411176 0.466333 0.411176 0.441778 0.405841 0.443389 0.053848 0.391593 0.057594 0.384235 0.040964 0.394591 0.07145 0.378362 0.069258 0.366114 0.07145 0.357426 0.17586 0.470057 0.180118 0.475158 0.170241 0.472216 0.438099 0.283087 0.43607 0.298025 0.431104 0.310248 0.057773 0.386844 0.034034 0.380181 0.045873 0.370528 0.477319 0.258743 0.484822 0.249139 0.484477 0.264399 0.472343 0.095844 0.478702 0.087688 0.472343 0.08643 0.033014 0.382262 0.057594 0.384235 0.040964 0.394591 0.389566 0.208974 0.389566 0.192331 0.38465 0.200986 0.489166 0.228886 0.496651 0.224521 0.496651 0.232848 0.474782 0.109592 0.469573 0.118808 0.469573 0.096695 0.033014 0.382262 0.035507 0.375901 0.030663 0.362648 0.211025 0.40699 0.204802 0.413871 0.207205 0.39635 0.094851 0.442036 0.100364 0.4161 0.094851 0.404721 0.31472 0.485144 0.323881 0.474049 0.324219 0.487348 0.46603 0.345102 0.461736 0.335598 0.465418 0.319854 0.160372 0.409267 0.147828 0.411168 0.15452 0.408746 0.442726 0.128842 0.448007 0.117842 0.442726 0.10104 0.469573 0.129072 0.472757 0.123567 0.469573 0.118808 0.436002 0.184993 0.434674 0.197512 0.426461 0.181862 0.476758 0.42487 0.476758 0.434357 0.473943 0.431697 0.436002 0.184993 0.433665 0.179002 0.43661 0.178779 0.43607 0.298025 0.441369 0.311249 0.431104 0.310248 0.040282 0.431053 0.03217 0.408848 0.033268 0.444044 0.18004 0.353612 0.182847 0.377969 0.18004 0.385602 0.261481 0.46579 0.263434 0.451794 0.267474 0.469106 0.469128 0.330461 0.467427 0.319854 0.467757 0.341958 0.448885 0.335186 0.443538 0.336421 0.441369 0.35617 0.467836 0.233646 0.464265 0.226848 0.467836 0.209001 0.173245 0.3464 0.173245 0.320873 0.175446 0.327449 0.468767 0.0899 0.464103 0.070782 0.468767 0.06528 0.295329 0.432003 0.310469 0.451863 0.310469 0.417518 0.48933 0.457383 0.497022 0.466093 0.48933 0.47106 0.112153 0.309525 0.112153 0.323929 0.113152 0.318637</float_array>
          <technique_common>
            <accessor source="#Hand1-mesh-map-0-array" count="1137" stride="2">
              <param name="S" type="float"/>
              <param name="T" type="float"/>
            </accessor>
          </technique_common>
        </source>
        <vertices id="Hand1-mesh-vertices">
          <input semantic="POSITION" source="#Hand1-mesh-positions"/>
        </vertices>
        <polylist material="Material_-1-material" count="6">
          <input semantic="VERTEX" source="#Hand1-mesh-vertices" offset="0"/>
          <input semantic="NORMAL" source="#Hand1-mesh-normals" offset="1"/>
          <input semantic="TEXCOORD" source="#Hand1-mesh-map-0" offset="2" set="0"/>
          <vcount>3 3 3 3 3 3 3 3 3 3 3 3 3 3 3 3 3 3 3 3 3 3 3 3 3 3 3 3 3 3 3 3 3 3 3 3 3 3 3 3 3 3 3 3 3 3 3 3 3 3 3 3 3 3 3 3 3 3 3 3 3 3 3 3 3 3 3 3 3 3 3 3 3 3 3 3 3 3 3 3 3 3 3 3 3 3 3 3 3 3 3 3 3 3 3 3 3 3 3 3 3 3 3 3 3 3 3 3 3 3 3 3 3 3 3 3 3 3 3 3 3 3 3 3 3 3 3 3 3 3 3 3 3 3 3 3 3 3 3 3 3 3 3 3 3 3 3 3 3 3 3 3 3 3 3 3 3 3 3 3 3 3 3 3 3 3 3 3 3 3 3 3 3 3 3 3 3 3 3 3 3 3 3 3 3 3 3 3 3 3 3 3 3 3 3 3 3 3 3 3 3 3 3 3 3 3 3 3 3 3 3 3 3 3 3 3 3 3 3 3 3 3 3 3 3 3 3 3 3 3 3 3 3 3 3 3 3 3 3 3 3 3 3 3 3 3 3 3 3 3 3 3 3 3 3 3 3 3 3 3 3 3 3 3 3 3 3 3 3 3 3 3 3 3 3 3 3 3 3 3 3 3 3 3 3 3 3 3 3 3 3 3 3 3 3 3 3 3 3 3 3 3 3 3 3 3 3 3 3 3 3 3 3 3 3 3 3 3 3 3 3 3 3 3 3 3 3 3 3 3 3 3 3 3 3 3 3 3 3 3 3 3 3 3 3 3 3 3 3 3 3 3 3 3 3 3 3 3 3 3 3 3 3 3 3 3 3 3 3 3 3 3 3 3 3 3 3 3 3</vcount>
          <p>0 0 0 1 0 1 2 0 2 0 1 3 2 1 4 3 1 5 1 2 6 4 2 7 5 2 8 4 3 9 1 3 10 6 3 11 4 4 12 6 4 13 7 4 14 6 5 15 1 5 16 8 5 17 8 6 18 1 6 19 9 6 20 8 7 21 9 7 22 10 7 23 0 8 24 3 8 25 11 8 26 0 9 27 11 9 28 12 9 29 11 10 30 12 10 31 1 10 32 11 11 33 13 11 34 14 11 35 11 12 36 14 12 37 15 12 38 11 13 39 15 13 40 1 13 41 1 14 42 15 14 43 16 14 44 11 15 45 17 15 46 13 15 47 17 16 48 11 16 49 3 16 50 1 17 51 0 17 52 18 17 53 19 18 54 0 18 55 20 18 56 20 19 57 0 19 58 17 19 59 0 20 60 17 20 61 12 20 62 17 21 63 12 21 64 14 21 65 14 22 66 1 22 67 12 22 68 1 23 69 14 23 70 21 23 71 21 24 72 14 24 73 15 24 74 0 25 75 18 25 76 19 25 77 3 26 78 8 26 79 22 26 80 3 27 81 10 27 82 23 27 83 3 28 84 24 28 85 25 28 86 1 29 87 18 29 88 21 29 89 18 30 90 19 30 91 8 30 92 16 31 93 9 31 94 1 31 95 13 32 96 17 32 97 26 32 98 17 33 99 14 33 100 26 33 101 26 34 102 14 34 103 27 34 104 27 35 105 14 35 106 28 35 107 13 36 108 28 36 109 14 36 110 16 37 111 29 37 112 30 37 113 31 38 114 3 38 115 25 38 116 31 39 117 25 39 118 32 39 119 31 40 120 32 40 121 33 40 122 34 41 123 19 41 124 31 41 125 31 42 126 19 42 127 20 42 128 22 43 129 19 43 130 25 43 131 18 44 132 25 44 133 29 44 134 18 45 135 29 45 136 21 45 137 15 46 138 21 46 139 35 46 140 35 47 141 21 47 142 30 47 143 35 48 144 30 48 145 36 48 146 16 49 147 29 49 148 9 49 149 9 50 150 29 50 151 32 50 152 9 51 153 32 51 154 22 51 155 9 52 156 22 52 157 23 52 158 38 53 159 37 53 160 28 53 161 20 54 162 17 54 163 15 54 164 20 55 165 15 55 166 39 55 167 26 56 168 38 56 169 37 56 170 26 57 171 38 57 172 40 57 173 26 58 174 37 58 175 41 58 176 13 59 177 26 59 178 28 59 179 26 60 180 28 60 181 40 60 182 40 61 183 28 61 184 41 61 185 41 62 186 28 62 187 37 62 188 17 63 189 15 63 190 42 63 191 42 64 192 15 64 193 43 64 194 38 65 195 27 65 196 28 65 197 38 66 198 27 66 199 41 66 200 38 67 201 41 67 202 40 67 203 41 68 204 27 68 205 26 68 206 17 69 207 3 69 208 31 69 209 17 70 210 44 70 211 42 70 212 45 71 213 44 71 214 17 71 215 45 72 216 17 72 217 31 72 218 46 73 219 47 73 220 45 73 221 45 74 222 46 74 223 34 74 224 34 75 225 45 75 226 48 75 227 45 76 228 47 76 229 49 76 230 25 77 231 19 77 232 50 77 233 25 78 234 29 78 235 50 78 236 50 79 237 19 79 238 34 79 239 51 80 240 52 80 241 53 80 242 54 81 243 22 81 244 32 81 245 32 82 246 29 82 247 36 82 248 25 83 249 32 83 250 54 83 251 16 84 252 30 84 253 55 84 254 55 85 255 30 85 256 32 85 257 30 86 258 32 86 259 36 86 260 36 87 261 29 87 262 50 87 263 56 88 264 32 88 265 55 88 266 30 89 267 29 89 268 23 89 269 29 90 270 23 90 271 10 90 272 10 91 273 29 91 274 24 91 275 29 92 276 24 92 277 21 92 278 57 93 279 58 93 280 59 93 281 5 94 282 60 94 283 4 94 284 4 95 285 61 95 286 62 95 287 63 96 288 60 96 289 4 96 290 4 97 291 62 97 292 63 97 293 64 98 294 62 98 295 65 98 296 62 99 297 64 99 298 63 99 299 60 100 300 63 100 301 66 100 302 66 101 303 60 101 304 64 101 305 64 102 306 67 102 307 2 102 308 64 103 309 2 103 310 60 103 311 66 104 312 63 104 313 68 104 314 66 105 315 68 105 316 64 105 317 68 106 318 64 106 319 63 106 320 69 107 321 62 107 322 61 107 323 62 108 324 69 108 325 70 108 326 67 109 327 65 109 328 71 109 329 71 110 330 65 110 331 62 110 332 62 111 333 71 111 334 72 111 335 72 112 336 71 112 337 73 112 338 73 113 339 74 113 340 71 113 341 75 114 342 7 114 343 6 114 344 7 115 345 75 115 346 4 115 347 61 116 348 75 116 349 4 116 350 75 117 351 6 117 352 8 117 353 75 118 354 8 118 355 61 118 356 61 119 357 8 119 358 76 119 359 76 120 360 8 120 361 69 120 362 77 121 363 8 121 364 70 121 365 8 122 366 70 122 367 71 122 368 71 123 369 8 123 370 2 123 371 71 124 372 2 124 373 67 124 374 72 125 375 62 125 376 70 125 377 72 126 378 70 126 379 74 126 380 74 127 381 70 127 382 71 127 383 73 128 384 72 128 385 74 128 386 78 129 387 69 129 388 70 129 389 77 130 390 78 130 391 69 130 392 77 131 393 69 131 394 8 131 395 61 132 396 69 132 397 79 132 398 61 133 399 76 133 400 79 133 401 79 134 402 76 134 403 69 134 404 80 135 405 67 135 406 64 135 407 80 136 408 64 136 409 65 136 410 65 137 411 80 137 412 67 137 413 77 138 414 78 138 415 70 138 416 5 139 417 60 139 418 2 139 419 5 140 420 2 140 421 1 140 422 2 141 423 8 141 424 3 141 425 10 142 426 8 142 427 18 142 428 23 143 429 9 143 430 3 143 431 19 144 432 22 144 433 8 144 434 22 145 435 18 145 436 3 145 437 3 146 438 18 146 439 10 146 440 10 147 441 81 147 442 82 147 443 10 148 444 82 148 445 24 148 446 30 149 447 21 149 448 23 149 449 81 150 450 10 150 451 9 150 452 22 151 453 25 151 454 24 151 455 22 152 456 24 152 457 23 152 458 82 153 459 24 153 460 81 153 461 81 154 462 24 154 463 9 154 464 24 155 465 9 155 466 3 155 467 44 156 468 42 156 469 20 156 470 20 157 471 44 157 472 46 157 473 20 158 474 46 158 475 31 158 476 20 159 477 42 159 478 39 159 479 39 160 480 43 160 481 42 160 482 83 161 483 43 161 484 39 161 485 39 162 486 83 162 487 84 162 488 84 163 489 39 163 490 15 163 491 84 164 492 15 164 493 35 164 494 45 165 495 85 165 496 44 165 497 45 166 498 85 166 499 49 166 500 46 167 501 44 167 502 85 167 503 86 168 504 15 168 505 16 168 506 86 169 507 15 169 508 43 169 509 86 170 510 43 170 511 83 170 512 87 171 513 16 171 514 86 171 515 88 172 516 86 172 517 83 172 518 35 173 519 36 173 520 16 173 521 35 174 522 16 174 523 89 174 524 35 175 525 89 175 526 84 175 527 84 176 528 89 176 529 86 176 530 89 177 531 86 177 532 87 177 533 83 178 534 90 178 535 88 178 536 90 179 537 83 179 538 84 179 539 90 180 540 84 180 541 86 180 542 90 181 543 86 181 544 91 181 545 31 182 546 92 182 547 46 182 548 31 183 549 92 183 550 45 183 551 92 184 552 46 184 553 34 184 554 34 185 555 92 185 556 33 185 557 92 186 558 33 186 559 93 186 560 33 187 561 34 187 562 31 187 563 50 188 564 34 188 565 48 188 566 50 189 567 48 189 568 94 189 569 94 190 570 50 190 571 92 190 572 48 191 573 94 191 574 56 191 575 50 192 576 33 192 577 89 192 578 45 193 579 48 193 580 92 193 581 92 194 582 48 194 583 95 194 584 33 195 585 32 195 586 50 195 587 50 196 588 32 196 589 56 196 590 96 197 591 47 197 592 91 197 593 47 198 594 91 198 595 95 198 596 95 199 597 47 199 598 48 199 599 95 200 600 92 200 601 87 200 602 93 201 603 33 201 604 48 201 605 93 202 606 47 202 607 48 202 608 87 203 609 93 203 610 95 203 611 47 204 612 46 204 613 93 204 614 93 205 615 46 205 616 97 205 617 93 206 618 97 206 619 86 206 620 93 207 621 86 207 622 95 207 623 97 208 624 86 208 625 91 208 626 56 209 627 50 209 628 92 209 629 55 210 630 36 210 631 89 210 632 55 211 633 89 211 634 94 211 635 16 212 636 55 212 637 36 212 638 33 213 639 89 213 640 56 213 641 89 214 642 56 214 643 93 214 644 93 215 645 56 215 646 92 215 647 89 216 648 16 216 649 94 216 650 16 217 651 94 217 652 87 217 653 87 218 654 94 218 655 92 218 656 36 219 657 50 219 658 89 219 659 94 220 660 56 220 661 55 220 662 90 221 663 98 221 664 97 221 665 97 222 666 98 222 667 99 222 668 97 223 669 99 223 670 85 223 671 85 224 672 97 224 673 46 224 674 47 225 675 100 225 676 49 225 677 49 226 678 101 226 679 102 226 680 91 227 681 100 227 682 96 227 683 100 228 684 91 228 685 103 228 686 100 229 687 103 229 688 49 229 689 98 230 690 103 230 691 104 230 692 104 231 693 98 231 694 105 231 695 96 232 696 106 232 697 85 232 698 106 233 699 85 233 700 98 233 701 98 234 702 85 234 703 101 234 704 100 235 705 96 235 706 85 235 707 47 236 708 100 236 709 106 236 710 100 237 711 106 237 712 99 237 713 100 238 714 99 238 715 85 238 716 103 239 717 91 239 718 107 239 719 105 240 720 104 240 721 106 240 722 106 241 723 104 241 724 108 241 725 106 242 726 105 242 727 103 242 728 103 243 729 106 243 730 49 243 731 49 244 732 106 244 733 99 244 734 49 245 735 99 245 736 101 245 737 106 246 738 108 246 739 98 246 740 87 247 741 89 247 742 93 247 743 103 248 744 95 248 745 88 248 746 86 249 747 88 249 748 95 249 749 103 250 750 88 250 751 109 250 752 103 251 753 109 251 754 98 251 755 91 252 756 90 252 757 110 252 758 110 253 759 90 253 760 95 253 761 110 254 762 95 254 763 103 254 764 110 255 765 103 255 766 107 255 767 110 256 768 107 256 769 109 256 770 85 257 771 49 257 772 102 257 773 101 258 774 85 258 775 111 258 776 85 259 777 102 259 778 112 259 779 101 260 780 113 260 781 102 260 782 113 261 783 101 261 784 114 261 785 112 262 786 115 262 787 111 262 788 115 263 789 112 263 790 113 263 791 115 264 792 111 264 793 85 264 794 116 265 795 112 265 796 117 265 797 85 266 798 112 266 799 118 266 800 112 267 801 118 267 802 116 267 803 85 268 804 118 268 805 115 268 806 115 269 807 117 269 808 113 269 809 113 270 810 117 270 811 111 270 812 116 271 813 115 271 814 117 271 815 116 272 816 115 272 817 119 272 818 115 273 819 119 273 820 118 273 821 88 274 822 90 274 823 120 274 824 120 275 825 90 275 826 107 275 827 107 276 828 90 276 829 98 276 830 88 277 831 121 277 832 109 277 833 121 278 834 109 278 835 110 278 836 121 279 837 110 279 838 91 279 839 91 280 840 121 280 841 107 280 842 122 281 843 123 281 844 88 281 845 123 282 846 122 282 847 124 282 848 123 283 849 125 283 850 126 283 851 126 284 852 125 284 853 114 284 854 120 285 855 88 285 856 123 285 857 107 286 858 120 286 859 121 286 860 127 287 861 122 287 862 120 287 863 122 288 864 127 288 865 128 288 866 128 289 867 127 289 868 129 289 869 128 290 870 129 290 871 88 290 872 129 291 873 88 291 874 121 291 875 130 292 876 120 292 877 127 292 878 130 293 879 120 293 880 123 293 881 127 294 882 130 294 883 131 294 884 127 295 885 131 295 886 123 295 887 132 296 888 123 296 889 126 296 890 131 297 891 130 297 892 133 297 893 130 298 894 123 298 895 134 298 896 134 299 897 135 299 898 130 299 899 135 300 900 130 300 901 133 300 902 126 301 903 114 301 904 101 301 905 126 302 906 101 302 907 111 302 908 126 303 909 111 303 910 117 303 911 111 304 912 102 304 913 112 304 914 113 305 915 114 305 916 124 305 917 116 306 918 113 306 919 136 306 920 113 307 921 116 307 922 137 307 923 137 308 924 113 308 925 138 308 926 138 309 927 113 309 928 133 309 929 138 310 930 137 310 931 136 310 932 113 311 933 124 311 934 133 311 935 136 312 936 112 312 937 113 312 938 136 313 939 112 313 940 124 313 941 112 314 942 124 314 943 117 314 944 116 315 945 118 315 946 137 315 947 135 316 948 118 316 949 137 316 950 116 317 951 119 317 952 136 317 953 119 318 954 136 318 955 137 318 956 137 319 957 119 319 958 139 319 959 117 320 960 119 320 961 139 320 962 117 321 963 139 321 964 136 321 965 136 322 966 139 322 967 138 322 968 118 323 969 126 323 970 117 323 971 126 324 972 118 324 973 132 324 974 117 325 975 118 325 976 119 325 977 118 326 978 135 326 979 134 326 980 124 327 981 125 327 982 129 327 983 124 328 984 129 328 985 136 328 986 125 329 987 129 329 988 133 329 989 133 330 990 125 330 991 140 330 992 140 331 993 125 331 994 122 331 995 98 332 996 109 332 997 107 332 998 124 333 999 125 333 1000 123 333 1001 122 334 1002 128 334 1003 88 334 1004 127 335 1005 136 335 1006 129 335 1007 136 336 1008 127 336 1009 132 336 1010 132 337 1011 136 337 1012 133 337 1013 132 338 1014 133 338 1015 129 338 1016 129 339 1017 132 339 1018 140 339 1019 137 340 1020 133 340 1021 139 340 1022 139 341 1023 133 341 1024 134 341 1025 134 342 1026 133 342 1027 123 342 1028 141 343 1029 133 343 1030 123 343 1031 123 344 1032 141 344 1033 131 344 1034 141 345 1035 133 345 1036 127 345 1037 127 346 1038 141 346 1039 140 346 1040 129 347 1041 122 347 1042 140 347 1043 129 348 1044 122 348 1045 121 348 1046 133 349 1047 135 349 1048 137 349 1049 133 350 1050 140 350 1051 131 350 1052 140 351 1053 131 351 1054 141 351 1055 138 352 1056 133 352 1057 127 352 1058 127 353 1059 138 353 1060 132 353 1061 138 354 1062 132 354 1063 123 354 1064 138 355 1065 123 355 1066 118 355 1067 138 356 1068 139 356 1069 118 356 1070 139 357 1071 118 357 1072 134 357 1073 118 358 1074 132 358 1075 140 358 1076 24 359 1077 23 359 1078 21 359 1079 57 360 1080 58 360 1081 59 360 1082 95 361 1083 91 361 1084 97 361 1085 97 362 1086 95 362 1087 90 362 1088 101 363 1089 99 363 1090 98 363 1091 108 364 1092 98 364 1093 105 364 1094 108 365 1095 105 365 1096 103 365 1097 108 366 1098 103 366 1099 104 366 1100 122 367 1101 120 367 1102 121 367 1103 22 368 1104 18 368 1105 54 368 1106 18 369 1107 54 369 1108 25 369 1109 33 370 1110 56 370 1111 48 370 1112 96 371 1113 106 371 1114 47 371 1115 113 372 1116 111 372 1117 102 372 1118 117 373 1119 136 373 1120 133 373 1121 117 374 1122 133 374 1123 124 374 1124 118 375 1125 123 375 1126 127 375 1127 127 376 1128 118 376 1129 140 376 1130 122 377 1131 124 377 1132 114 377 1133 114 378 1134 122 378 1135 125 378 1136</p>
        </polylist>
      </mesh>
    </geometry>
    <geometry id="Hand2-mesh" name="Hand2">
      <mesh>
        <source id="Hand2-mesh-positions">
          <float_array id="Hand2-mesh-positions-array" count="426">-0.021408 -0.245682 0.056981 0.008064 -0.313035 0.075754 -0.020658 -0.312603 0.11582 -0.035463 -0.169436 0.057717 -0.019328 -0.407907 0.126138 -0.045895 -0.451225 0.117798 0.045286 -0.381678 0.111776 0.052506 -0.449306 0.124396 0.006477 -0.328501 0.15966 0.016293 -0.209138 0.104312 -0.006774 -0.210705 0.113829 -0.000449 -0.259727 0.033346 -0.003173 -0.294608 0.054685 -0.002336 -0.09607 -0.074607 0.005453 -0.117802 -0.057998 0.025598 -0.041284 -0.078674 0.035006 0.00428 -0.000596 -0.025662 -0.042936 -0.076263 -0.017487 -0.199303 0.079628 -0.026895 -0.111951 0.057964 -0.033933 0.032855 -0.087175 0.032478 -0.173676 0.062832 0.00108 -0.134689 0.093597 0.007505 -0.171066 0.099161 -0.011671 -0.166425 0.110659 -0.013755 -0.079973 0.071908 0.002058 -0.045063 -0.076633 0.014276 -0.046895 -0.066619 0.01152 -0.081363 -0.066431 0.02196 -0.084772 0.055979 0.022564 -0.087741 0.056045 -0.033829 -0.004567 -0.003514 -0.001419 -0.049641 0.076667 -0.018607 0.025549 0.037127 -0.018221 0.049438 0.024343 0.03571 -0.003507 -0.00599 0.018503 -0.00375 0.026979 0.000658 -0.098611 -0.074952 0.002604 -0.088557 -0.07766 0.04919 0.058785 -0.09818 0.000347 -0.042775 -0.080239 0.004391 -0.068515 -0.076535 -0.046344 0.042908 -0.085186 0.072138 0.071272 -0.084767 -0.073034 0.153501 -0.018704 -0.047747 0.043454 0.006465 -0.054519 0.057186 0.004885 -0.022705 0.091671 0.038333 -0.012894 0.053955 0.035368 -0.041133 0.162763 0.032989 -0.008986 0.009807 0.047399 -0.013075 -0.067312 0.070943 -0.001782 -0.097276 0.087848 -0.017612 -0.099325 0.070187 -0.019618 -0.078731 0.071011 0.02053 0.020834 0.029581 0.011164 0.022986 0.046215 0.005668 -0.032515 0.066575 0.012158 -0.062734 0.070284 0.001081 -0.073245 0.082402 -0.049203 -0.387764 0.121848 0.072546 -0.40597 0.224253 -0.017411 -0.40548 0.198072 -0.080214 -0.405723 0.230755 -0.050624 -0.380585 0.253162 -0.038671 -0.395626 0.275388 -0.092979 -0.368795 0.257297 -0.047537 -0.35296 0.280276 -0.088481 -0.467815 0.279393 0.055637 -0.37133 0.226483 0.021039 -0.374308 0.232903 -0.012843 -0.341667 0.233752 0.002631 -0.403069 0.302345 -0.01017 -0.419822 0.337589 0.000941 -0.35733 0.298496 0.03958 -0.396691 0.134453 0.090451 -0.375707 0.259359 0.050253 -0.355089 0.279551 0.054627 -0.454683 0.315317 0.089185 -0.476757 0.282931 -0.045675 -0.455925 0.322022 0.003795 -0.157185 0.126186 0.00345 -0.093616 0.136336 0.072074 0.142803 -0.020739 0.059164 0.048884 -0.00221 -0.048762 0.225657 0.028783 0.056962 0.082834 0.003149 0.014655 0.057412 0.036392 0.036872 0.192287 0.041962 0.024779 0.050532 0.025734 0.050158 0.192209 0.010954 0.004893 0.132502 0.059539 -0.013341 0.030838 0.053558 0.000715 0.052055 0.038766 0.020728 0.026828 0.046704 0.010299 0.065235 0.046741 -0.019724 0.103529 0.041021 -0.001964 0.098435 0.051178 -0.000443 0.226823 0.077329 -0.025241 0.25212 0.061795 -0.010131 0.092455 0.046812 -0.034855 0.231282 0.061158 -0.049485 0.259529 0.060245 0.001374 0.168837 0.073379 0.005499 0.176932 0.083689 -0.012731 0.177525 0.083267 -0.00047 0.185133 0.078666 0.012888 0.25655 0.068408 0.00521 0.19072 0.082772 0.022066 0.255046 0.064025 0.024808 0.17615 0.054178 -0.040064 0.276041 0.064919 -0.041724 0.288854 0.076468 -0.024496 0.290764 0.092266 -0.009118 0.231124 0.082457 -0.037901 0.35993 0.068104 -0.030484 0.318965 0.081605 -0.023058 0.347618 0.080459 -0.039132 0.371593 0.080269 -0.031361 0.357817 0.084105 0.054186 0.273575 0.04652 0.037725 0.245745 0.055423 0.04336 0.270516 0.066479 0.044226 0.356553 0.068849 -0.005021 0.236254 0.087154 0.016741 0.245176 0.080721 -0.004463 0.277957 0.098785 0.043395 0.3263 0.073526 0.04341 0.251508 0.07495 0.022423 0.294056 0.090253 0.04939 0.370845 0.063003 0.046708 0.370821 0.062684 0.018738 0.327279 0.087314 0.014598 0.297237 0.113985 0.034343 0.372706 0.086576 0.010719 0.346554 0.112838 -0.013892 0.295542 0.101544 -0.012534 0.34325 0.09729 0.005552 0.368812 0.090164 -0.004137 0.359835 0.092839 0.024481 0.289299 0.095297 0.028564 0.310689 0.097574</float_array>
          <technique_common>
            <accessor source="#Hand2-mesh-positions-array" count="142" stride="3">
              <param name="X" type="float"/>
              <param name="Y" type="float"/>
              <param name="Z" type="float"/>
            </accessor>
          </technique_common>
        </source>
        <source id="Hand2-mesh-normals">
          <float_array id="Hand2-mesh-normals-array" count="1137">-0.72396 -0.460065 -0.514026 -0.96618 -0.176293 -0.188192 0.822311 -0.433308 -0.368848 -0.006696 -0.467512 -0.883961 -0.136379 -0.195771 -0.97112 0.84788 0.518316 0.111573 0.996781 -0.080069 0.004091 0.331847 0.374239 0.865923 -0.780307 -0.137954 -0.609991 -0.794453 -0.270589 -0.543716 -0.539825 0.469581 0.698629 0.244509 -0.531945 -0.810709 0.807923 -0.342314 -0.479667 0.650374 -0.406589 -0.641638 0.993149 -0.099187 -0.061777 -0.772789 -0.355646 -0.525655 -0.909622 -0.266796 -0.318445 0.809838 0.200713 -0.55125 0.999129 0.041053 -0.00749 0.977101 0.130798 0.167828 -0.853884 -0.298236 -0.42654 0.588344 0.413984 0.6946 0.537179 -0.471809 -0.699167 0.935263 -0.19145 -0.297709 0.879548 -0.32537 -0.347174 -0.966728 -0.041525 0.252412 -0.772568 0.18547 0.60724 -0.607786 0.458766 0.648175 -0.904198 0.156362 0.397463 -0.302058 -0.035414 -0.952631 0.977319 0.054514 -0.204637 0.996575 -0.08196 0.01103 -0.016291 -0.038292 -0.999134 0.032077 0.249455 0.967855 -0.609317 0.169974 0.774495 0.931417 -0.072533 0.356652 0.685811 -0.27054 -0.675626 0.853714 0.184341 0.487022 -0.904336 0.156451 0.397114 -0.833993 0.263094 0.485013 -0.930999 -0.021203 0.364406 0.94479 -0.11472 -0.306939 0.995654 0.085468 0.036991 0.772853 -0.04147 -0.633229 -0.412047 -0.045986 -0.910002 -0.267802 -0.105513 -0.957679 -0.99245 0.061714 0.105989 -0.915796 -0.135521 -0.378089 -0.868138 -0.199276 -0.45456 0.920471 0.104415 0.376604 0.794216 0.188327 0.577714 0.294828 0.194881 0.935467 0.304173 0.196316 0.932169 -0.831237 0.288861 0.474978 0.041758 0.146842 0.988278 0.075876 0.173507 0.981905 -0.817729 0.003306 -0.575594 0.908446 0.021266 -0.417461 0.211536 0.025149 0.977047 0.569264 -0.081534 -0.818102 0.926318 0.143581 -0.34831 0.848798 0.057711 -0.525559 0.728177 -0.125757 -0.673753 0.043036 0.113542 0.992601 -0.018267 0.061572 0.997936 0.801918 -0.067347 -0.593627 -0.737682 0.0279 0.674572 -0.630464 0.012644 0.776116 -0.638141 -0.060263 0.767557 -0.99486 -0.02644 -0.097745 -0.97217 -0.234278 -0.000567 -0.973313 -0.2285 -0.021226 -0.957094 -0.286473 0.043644 0.595483 0.204258 -0.776967 0.491192 0.143375 -0.85917 0.058615 0.913511 -0.402569 -0.681836 -0.122529 0.72117 0.880074 -0.167985 -0.444129 0.421813 0.21786 0.88012 0.781966 -0.167124 -0.600499 0.746787 -0.090276 -0.658908 -0.508848 0.153667 0.84703 0.813777 0.226321 0.5353 -0.168321 -0.08561 0.982008 -0.918333 -0.109885 -0.380251 -0.778806 -0.162273 -0.605911 -0.815269 -0.224185 -0.533926 -0.65745 -0.27863 -0.700089 0.873049 0.052038 0.484848 0.778505 0.171687 0.603699 0.499617 -0.453141 -0.738273 0.746769 0.129303 0.652393 0.738092 0.138231 0.660388 -0.614247 -0.22475 -0.756431 0.189424 0.072362 -0.979225 -0.015387 -0.999299 0.034136 -0.508928 -0.814276 -0.279189 0.021126 -0.999227 0.03316 -0.699661 -0.707117 -0.102273 0.278928 -0.800791 0.530032 -0.949482 -0.119686 -0.290103 -0.263314 -0.963423 0.049825 -0.971231 0.213013 -0.106467 -0.935228 0.352821 -0.029409 -0.946946 -0.110369 -0.301847 0.155726 0.221864 0.962562 -0.750618 0.466479 0.467941 -0.275067 -0.19487 0.941469 0.17175 -0.820716 0.544909 0.787075 0.093708 0.609697 0.931514 -0.226011 0.284957 0.981246 0.035673 -0.18943 0.498293 0.698831 0.513166 -0.903437 0.331042 0.27242 0.926084 0.162419 0.34057 -0.097357 -0.20988 0.972868 -0.208023 0.962197 0.175795 0.873264 0.275308 0.402015 0.830124 0.49666 -0.253424 0.793858 0.197487 -0.575141 -0.607072 0.386497 0.694323 -0.851819 0.350984 0.388862 -0.666654 -0.684317 -0.295436 0.200612 0.954216 0.22187 0.004432 0.971007 0.239009 0.686518 -0.717904 -0.115361 0.95863 0.058872 0.278501 0.693896 0.719593 0.026364 0.927564 0.065248 0.367923 0.064175 0.727374 0.683234 0.994285 0.071978 0.078848 0.743284 0.657064 -0.125682 0.876701 0.411958 0.248366 0.918728 -0.100586 -0.381865 -0.663729 0.177795 0.726535 -0.995454 0.019779 0.093172 0.505208 -0.563904 -0.653282 -0.928211 -0.154082 -0.338649 0.863891 -0.136204 -0.484913 -0.31601 0.044007 -0.947735 -0.804234 0.138167 -0.578029 -0.817896 0.141728 0.557637 0.953244 -0.01028 -0.302027 0.694084 0.063207 -0.717114 0.697493 -0.213718 -0.68398 0.7286 -0.061888 -0.682138 -0.889171 -0.437967 0.132517 -0.327423 -0.150716 0.93278 -0.7991 -0.045464 0.599477 -0.820748 -0.138469 -0.554256 0.382406 -0.278908 0.880895 0.187744 0.405518 0.894599 0.540224 0.219676 0.812342 -0.666329 -0.1211 0.735758 -0.494713 -0.435627 0.75199 0.75158 0.546867 -0.368869 -0.315795 -0.543673 0.77762 0.962181 0.223208 0.156162 0.945133 0.298649 0.13241 -0.138746 0.024586 -0.990023 0.205848 -0.866604 0.454559 0.072375 0.665236 -0.743117 0.980328 -0.15807 -0.118198 -0.959857 0.250778 0.125635 -0.906769 0.41231 -0.08815 -0.840785 -0.070433 0.536768 0.851264 0.068468 -0.520252 0.862243 0.042136 -0.50474 -0.961709 0.27081 -0.042165 0.908402 -0.364527 0.204756 0.967393 -0.168442 0.189151 0.681754 -0.223761 0.696522 0.865459 -0.018676 0.500631 -0.862879 0.232748 -0.448628 -0.597661 -0.492366 0.632754 -0.588894 0.317276 -0.74333 -0.626207 0.081766 -0.775357 0.665593 -0.152289 0.730612 0.908421 0.153531 0.388843 -0.822025 0.000646 -0.569451 -0.997728 -0.059857 -0.030916 -0.733421 0.002883 -0.679768 -0.800897 -0.33577 0.495805 -0.801256 -0.335223 0.495595 0.1164 -0.828888 -0.54717 0.954341 -0.152781 -0.256693 0.808133 -0.584733 -0.070771 -0.957188 0.148446 0.248505 0.905391 -0.035174 -0.42312 0.121301 -0.250978 -0.960363 -0.163273 0.246005 -0.955418 0.140844 -0.228029 -0.963413 0.071528 -0.514029 -0.854785 0.640686 -0.482424 -0.597318 0.566213 -0.516457 -0.642398 -0.288963 0.392996 0.872957 -0.215472 0.409108 0.88668 -0.567166 -0.043787 0.822438 0.390768 0.202254 -0.897994 -0.36722 -0.167467 0.914934 0.717072 -0.376579 0.586511 0.226975 -0.105623 -0.968156 -0.258423 -0.142354 0.955486 -0.365757 0.661898 -0.654303 -0.519064 -0.298126 0.801058 0.523145 0.248394 -0.815242 -0.593542 0.175887 -0.785348 0.618896 -0.683853 0.386411 0.55301 -0.301903 0.776553 -0.20926 0.234686 -0.94928 0.962944 -0.105657 0.248145 0.989908 -0.136932 0.036493 0.866925 -0.122613 0.483122 0.172975 -0.641301 -0.747537 -0.460112 -0.371975 -0.806183 -0.370619 -0.35333 -0.858952 -0.963466 -0.065129 -0.25979 -0.953975 -0.24684 -0.170302 -0.22423 -0.351036 -0.909117 -0.580101 0.048432 -0.813104 0.341251 -0.888391 0.307099 0.750728 -0.140382 0.645523 -0.629032 -0.147994 0.763162 -0.740333 -0.157282 0.653582 0.617743 0.089715 -0.781246 -0.553753 -0.081245 0.828708 -0.566707 -0.268332 0.779 0.560003 0.05267 -0.826815 0.124478 -0.342632 0.931187 -0.669296 -0.152139 0.727253 -0.910919 -0.056373 0.408717 -0.018923 0.124219 0.992074 -0.759153 -0.116332 0.640432 0.708844 -0.023084 -0.704987 0.246494 0.931431 -0.267725 0.557505 0.049522 -0.828696 -0.535214 -0.224137 0.814438 -0.775647 -0.131333 0.617352 -0.754365 -0.131735 0.643102 0.883147 -0.08984 0.460414 -0.002824 0.520805 0.853671 -0.61076 0.039817 0.790814 0.462002 -0.225996 0.857601 -0.633417 -0.302727 0.712137 -0.720505 -0.093366 0.687135 0.676471 -0.3322 0.65729 -0.602266 0.025995 0.797872 -0.352253 0.597488 -0.720365 0.701296 -0.120251 0.702655 0.701542 -0.120312 0.702399 0.692273 -0.088453 0.716194 0.545084 -0.039971 0.837428 0.859717 -0.346122 0.375616 -0.876054 0.145427 -0.459762 -0.652887 0.135375 -0.74526 -0.640825 0.040676 -0.766609 -0.415653 0.09841 -0.904184 -0.988594 -0.113282 0.099239 0.900835 0.139375 -0.411182 -0.698331 0.479059 -0.531824 -0.59961 -0.286399 0.74729 -0.613138 -0.27962 0.738833 -0.983696 0.032076 -0.176953 -0.678137 0.121762 0.724778 0.977269 -0.017167 -0.211309 0.853657 -0.239759 -0.46237 -0.993344 0.025954 0.112224 0.3423 0.032414 -0.939031 -0.959866 0.147495 -0.238543 0.533566 -0.184897 -0.8253 -0.888613 0.114711 0.444081 0.541231 -0.173191 -0.822845 0.926793 0.044909 -0.372878 -0.864206 -0.404009 0.299875 0.897923 -0.212854 0.385262 -0.548149 0.357622 -0.756068 -0.749936 0.14244 -0.645992 0.358042 -0.233355 0.904075 0.434498 -0.096668 0.89547 -0.458936 0.100975 -0.882713 0.42965 -0.091918 0.898305 -0.969011 0.002955 0.246999 -0.410233 0.029243 -0.911512 -0.591632 0.060305 -0.80395 -0.246089 0.340802 -0.907356 -0.531941 0.159922 -0.831543 -0.465859 -0.007516 -0.884827 0.881254 -0.059793 0.468845 0.999983 0.000089 -0.005768 0.609032 0.01522 0.793 -0.278529 -0.443721 0.851783 0.805631 -0.156708 0.571316 -0.910529 0.025036 -0.412686 -0.814123 0.057772 -0.577812 -0.116682 0.243178 0.962938 0.883347 0.047823 0.466274 -0.695599 0.164557 -0.699331 0.099849 -0.597996 -0.795255 -0.837217 0.081255 -0.540801 0.818853 -0.199065 0.538381 -0.769698 -0.075273 -0.633956 0.625302 0.200765 -0.754116 0.67854 0.139552 -0.721185 0.689406 -0.00653 -0.724346 -0.570196 0.508066 -0.645558 -0.557491 -0.272718 0.78411 -0.684766 0.12596 0.717795 0.728778 -0.101275 -0.677219 0.601576 -0.210854 0.770485 -0.501249 0.21555 0.838026 0.268117 0.077979 0.960225 -0.441085 -0.238727 0.865132 -0.678525 0.090357 0.728999 -0.607218 -0.272045 0.746511 -0.257879 0.016311 0.96604 0.594597 0.077393 -0.80029 -0.553786 -0.019796 0.832424 0.7991 0.056551 -0.598533 -0.523386 0.090445 0.847282 0.307464 -0.388751 -0.868527 0.233142 0.490079 -0.839921 0.622706 -0.197004 -0.75725 -0.171699 -0.10654 -0.979372 0.502002 0.342874 0.793997 -0.040495 -0.208233 -0.977241 0.788533 0.531151 0.309992 -0.06887 0.737198 0.672158 0.357959 -0.218613 0.907785 0.284813 -0.185635 0.940437 0.928448 -0.172102 0.329189 0.776507 -0.316245 0.545001 0.672545 -0.335823 0.659474 0.439353 0.071701 0.895448 0.269669 0.036025 0.962279 0.992593 -0.047241 -0.111929 0.295381 0.281473 0.912975 0.482101 -0.105705 0.869716 -0.336038 0.650778 0.680857 0.946609 0.131051 0.294544 0.94649 0.077261 -0.31335 -0.081998 0.296836 0.951401 0.042645 0.33117 0.942607 0.857618 -0.038123 0.512873 -0.628379 -0.247338 -0.737539 -0.74874 -0.148863 -0.645932 0.580859 -0.798147 -0.159887 0.887333 -0.212938 0.409021 -0.818406 -0.545523 -0.1806 -0.40277 0.447899 -0.798225 -0.553303 -0.024163 0.83263 0.874919 -0.045683 0.482109 0.967031 -0.201221 0.156082 0.653675 0.312061 0.68944 0.488688 0.095624 0.867202 0.50465 0.101368 0.857352 0.127402 0.941963 -0.310603 0.167439 -0.443168 -0.880662 0.076817 -0.612482 -0.786743 -0.043312 -0.211772 -0.976359 0.316931 0.936417 0.150593 -0.614247 -0.22475 -0.756431 -0.188471 -0.198151 0.961881 0.517998 0.077485 0.851865 0.403039 -0.158415 -0.901368 -0.073773 0.137373 0.987768 0.33262 -0.420626 0.84406 -0.929791 0.005026 0.368055 -0.839519 0.368985 -0.398821 0.685552 -0.039834 -0.726933 0.136686 -0.06821 -0.988263 -0.280883 0.115513 0.952765 0.964351 -0.25687 0.063605 -0.867452 0.419041 0.2682 -0.397896 0.283274 0.872602 0.716812 0.074417 -0.693284 -0.160161 -0.146507 -0.976158 0.279057 0.376987 0.883181 0.628918 -0.734818 0.253977 0.343046 -0.707574 -0.617785</float_array>
          <technique_common>
            <accessor source="#Hand2-mesh-normals-array" count="379" stride="3">
              <param name="X" type="float"/>
              <param name="Y" type="float"/>
              <param name="Z" type="float"/>
            </accessor>
          </technique_common>
        </source>
        <source id="Hand2-mesh-map-0">
          <float_array id="Hand2-mesh-map-0-array" count="2274">0.404608 0.487515 0.396271 0.471213 0.405526 0.471213 0.030788 0.078903 0.049614 0.062987 0.048312 0.124397 0.412963 0.055844 0.390646 0.032781 0.403699 0.026159 0.390646 0.032781 0.412963 0.055844 0.398672 0.061612 0.494072 0.126314 0.483592 0.12911 0.483592 0.114191 0.178409 0.080745 0.177776 0.106039 0.151165 0.07996 0.151165 0.07996 0.177776 0.106039 0.153631 0.125422 0.359457 0.024732 0.367348 0.072069 0.357586 0.066659 0.030788 0.078903 0.048312 0.124397 0.020856 0.097945 0.030788 0.078903 0.020856 0.097945 0.026356 0.072397 0.294161 0.24315 0.281254 0.214701 0.274635 0.226083 0.241462 0.22079 0.257941 0.271894 0.245595 0.270286 0.294161 0.24315 0.314038 0.276667 0.335502 0.315617 0.294161 0.24315 0.335502 0.315617 0.274635 0.226083 0.274635 0.226083 0.335502 0.315617 0.305158 0.32714 0.020856 0.097945 0.00634 0.186073 0.000097 0.172797 0.00634 0.186073 0.020856 0.097945 0.048312 0.124397 0.448446 0.450317 0.442525 0.461553 0.441255 0.441142 0.196187 0.025596 0.196622 0.002253 0.263944 0.099406 0.263818 0.310027 0.259296 0.228192 0.26268 0.281283 0.095423 0.371534 0.102754 0.404721 0.10227 0.365196 0.102754 0.338747 0.107608 0.27821 0.109096 0.339511 0.288821 0.06245 0.341978 0.014317 0.33479 0.00911 0.341978 0.014317 0.288821 0.06245 0.346281 0.045037 0.346281 0.045037 0.288821 0.06245 0.279538 0.102789 0.196622 0.002253 0.183574 0.009528 0.196187 0.025596 0.458796 0.019607 0.464375 0.005311 0.465237 0.028517 0.349171 0.089454 0.353289 0.081656 0.364052 0.085509 0.349171 0.089454 0.354421 0.090652 0.351375 0.103144 0.202138 0.43029 0.1852 0.402033 0.204822 0.395682 0.261619 0.433747 0.268077 0.445836 0.266879 0.421252 0.305158 0.32714 0.268077 0.261592 0.274635 0.226083 0.000097 0.172797 0.00634 0.186073 0.007853 0.187591 0.186224 0.350845 0.196747 0.347474 0.193461 0.383461 0.279844 0.09452 0.288821 0.06245 0.283276 0.102281 0.243071 0.306309 0.245595 0.270286 0.253244 0.28769 0.257941 0.271894 0.253244 0.28769 0.245595 0.270286 0.142328 0.223272 0.142111 0.18631 0.134384 0.182856 0.045227 0.185915 0.048312 0.124397 0.057724 0.140603 0.045227 0.185915 0.057724 0.140603 0.071184 0.158491 0.045227 0.185915 0.071184 0.158491 0.064818 0.189289 0.134134 0.310446 0.133358 0.25529 0.149451 0.294149 0.227797 0.080411 0.196187 0.025596 0.263944 0.099406 0.395883 0.382564 0.410509 0.387647 0.397015 0.409145 0.11384 0.49738 0.11384 0.48474 0.122229 0.488854 0.483099 0.46237 0.478026 0.477197 0.478026 0.457383 0.279538 0.102789 0.346281 0.045037 0.314727 0.116436 0.375517 0.06528 0.377078 0.002246 0.37746 0.037184 0.314727 0.116436 0.34252 0.087977 0.328419 0.114413 0.116631 0.322643 0.116199 0.286622 0.121906 0.242661 0.153631 0.125422 0.142111 0.18631 0.131911 0.183131 0.367348 0.072069 0.358026 0.134101 0.358892 0.102916 0.367348 0.072069 0.358892 0.102916 0.364052 0.085509 0.466835 0.168244 0.469583 0.172394 0.473194 0.16237 0.12544 0.379828 0.138905 0.349836 0.160268 0.350574 0.12544 0.379828 0.160268 0.350574 0.170172 0.391505 0.478173 0.283487 0.479107 0.300828 0.477124 0.303954 0.478173 0.283487 0.479107 0.300828 0.47904 0.287328 0.306117 0.4734 0.309317 0.452042 0.31062 0.462767 0.183281 0.407542 0.183574 0.427297 0.178712 0.413523 0.097534 0.466556 0.100811 0.452538 0.094803 0.463345 0.094803 0.463345 0.100811 0.452538 0.095851 0.454075 0.095851 0.454075 0.100811 0.452538 0.094803 0.442036 0.387432 0.409147 0.390251 0.385355 0.351746 0.40772 0.351746 0.40772 0.390251 0.385355 0.364845 0.359206 0.466835 0.168244 0.466835 0.152302 0.473194 0.16237 0.124847 0.48474 0.122229 0.49725 0.126363 0.490532 0.124847 0.48474 0.126363 0.490532 0.132189 0.49725 0.28128 0.499775 0.283555 0.489876 0.275626 0.489876 0.00634 0.186073 0.048312 0.124397 0.045227 0.185915 0.00634 0.186073 0.052834 0.240354 0.011543 0.224314 0.045684 0.200216 0.052834 0.240354 0.00634 0.186073 0.045684 0.200216 0.00634 0.186073 0.045227 0.185915 0.133969 0.319251 0.125604 0.315126 0.129392 0.308635 0.491053 0.421132 0.491053 0.43428 0.495093 0.429615 0.400331 0.129174 0.392166 0.124319 0.400331 0.120982 0.05868 0.20427 0.072571 0.210554 0.082022 0.233905 0.435764 0.074997 0.442668 0.08094 0.43812 0.106992 0.435764 0.074997 0.423865 0.092625 0.43812 0.106992 0.127319 0.286476 0.133358 0.25529 0.134134 0.310446 0.489216 0.030414 0.489216 0.016738 0.497483 0.022099 0.318341 0.441889 0.3219 0.417518 0.324219 0.451433 0.131911 0.183131 0.142111 0.18631 0.13628 0.209267 0.310469 0.441427 0.324219 0.451433 0.318341 0.441889 0.142328 0.223272 0.13372 0.187878 0.13048 0.206501 0.13048 0.206501 0.13372 0.187878 0.125666 0.189752 0.266223 0.218916 0.267442 0.215812 0.267442 0.236411 0.200326 0.376876 0.206134 0.346083 0.210791 0.377032 0.36612 0.159121 0.358026 0.134101 0.372131 0.162313 0.452517 0.15834 0.456262 0.145007 0.452517 0.129174 0.390309 0.356914 0.390309 0.340621 0.393196 0.34639 0.474024 0.4614 0.467807 0.478483 0.475424 0.465686 0.318532 0.489444 0.31472 0.485144 0.324219 0.487348 0.46603 0.345102 0.461736 0.335598 0.46603 0.329488 0.034306 0.004463 0.040047 0.031558 0.036844 0.023983 0.013782 0.354322 0.003733 0.297412 0.039639 0.332234 0.424229 0.468695 0.421814 0.485808 0.40753 0.468695 0.013782 0.354322 0.039639 0.332234 0.069088 0.344666 0.061636 0.326017 0.039639 0.332234 0.066481 0.313554 0.039639 0.332234 0.061636 0.326017 0.06725 0.338369 0.150469 0.320873 0.162158 0.285666 0.173597 0.295672 0.46705 0.462452 0.451274 0.482319 0.46705 0.482753 0.091405 0.011405 0.109017 0.022894 0.049614 0.062987 0.091405 0.011405 0.049614 0.062987 0.040047 0.031558 0.179707 0.281114 0.162158 0.285666 0.155833 0.252868 0.076917 0.320592 0.095887 0.287909 0.096755 0.333171 0.448172 0.129524 0.448301 0.159069 0.452152 0.149181 0.01927 0.304728 0.039639 0.332234 0.003733 0.297412 0.125604 0.324992 0.136462 0.334804 0.125604 0.336265 0.380104 0.300941 0.385824 0.283087 0.393077 0.299707 0.451274 0.496898 0.451332 0.482753 0.465009 0.496898 0.211884 0.286514 0.230057 0.289662 0.224056 0.267742 0.22199 0.250417 0.230057 0.289662 0.22053 0.231962 0.22053 0.231962 0.241913 0.269781 0.230057 0.289662 0.450102 0.088916 0.457532 0.071314 0.462804 0.092293 0.150469 0.327719 0.163974 0.320873 0.163974 0.336267 0.125359 0.446033 0.118411 0.452138 0.132319 0.466197 0.171941 0.064064 0.178409 0.080745 0.146201 0.067735 0.171941 0.064064 0.146201 0.067735 0.132853 0.037264 0.132853 0.037264 0.146201 0.067735 0.115039 0.03763 0.260373 0.352703 0.243359 0.378437 0.245531 0.36048 0.372739 0 0.359457 0.024732 0.36271 0.00706 0.203997 0.307766 0.201838 0.283003 0.189904 0.289316 0.393077 0.299707 0.393605 0.323174 0.387483 0.331398 0.393077 0.299707 0.387483 0.331398 0.380104 0.300941 0.405526 0.448634 0.405526 0.471213 0.397745 0.460694 0.201496 0.242887 0.201838 0.283003 0.185439 0.252016 0.478137 0.340927 0.478137 0.357233 0.4728 0.34749 0.205938 0.21698 0.201496 0.242887 0.185439 0.252016 0.360617 0.30284 0.349157 0.333748 0.362062 0.337475 0.356062 0.244544 0.377574 0.224819 0.373235 0.269067 0.356062 0.244544 0.373235 0.269067 0.368078 0.283087 0.268077 0.435199 0.279908 0.441926 0.274689 0.419598 0.132853 0.037264 0.115039 0.03763 0.128687 0.005653 0.252093 0.321501 0.260373 0.352703 0.245531 0.36048 0.144997 0.399589 0.137999 0.436793 0.13114 0.421054 0.327282 0.421455 0.334582 0.442284 0.324217 0.45006 0.404938 0.091777 0.403768 0.066303 0.395274 0.101396 0.376695 0.316473 0.360617 0.30284 0.362062 0.337475 0.441315 0.238399 0.43324 0.245674 0.434987 0.209001 0.441315 0.238399 0.434987 0.209001 0.444809 0.214174 0.049614 0.062987 0.071934 0.051802 0.048312 0.124397 0.029293 0.418661 0.020957 0.409423 0.02303 0.44536 0.364052 0.085509 0.367348 0.072069 0.349171 0.089454 0.410509 0.387647 0.395883 0.382564 0.400428 0.364761 0.040282 0.431053 0.03217 0.408848 0.04238 0.405089 0.260953 0.475495 0.255051 0.482021 0.256205 0.463221 0.065087 0.097515 0.07675 0.11119 0.07288 0.122185 0.065087 0.097515 0.07288 0.122185 0.068459 0.114221 0.461736 0.348666 0.45598 0.333096 0.461736 0.319854 0.341939 0.476143 0.349157 0.488114 0.340125 0.487322 0.358892 0.102916 0.351375 0.103144 0.354421 0.090652 0.358892 0.102916 0.354421 0.090652 0.364052 0.085509 0.456254 0.11943 0.449509 0.101124 0.460041 0.096695 0.473453 0.195507 0.480427 0.201624 0.472378 0.208753 0.480427 0.201624 0.472378 0.208753 0.482894 0.204814 0.460313 0.434486 0.452974 0.451103 0.457913 0.454232 0.263944 0.099406 0.234071 0.147845 0.226347 0.103991 0.263944 0.099406 0.226347 0.103991 0.227797 0.080411 0.12544 0.379828 0.122225 0.387876 0.170172 0.391505 0.35523 0.372767 0.364845 0.359206 0.351746 0.40772 0.444809 0.209001 0.450501 0.22177 0.444809 0.241376 0.278061 0.140835 0.302591 0.172785 0.31798 0.136139 0.31798 0.136139 0.278061 0.140835 0.279538 0.102789 0.31798 0.136139 0.279538 0.102789 0.314727 0.116436 0.045684 0.200216 0.086188 0.25665 0.052834 0.240354 0.045684 0.200216 0.086188 0.25665 0.082022 0.233905 0.226347 0.103991 0.234071 0.147845 0.210595 0.165344 0.301113 0.347663 0.335502 0.315617 0.305158 0.32714 0.301113 0.347663 0.335502 0.315617 0.342245 0.357036 0.301113 0.347663 0.342245 0.357036 0.307116 0.379984 0.123819 0.233584 0.142328 0.223272 0.115518 0.233532 0.278052 0.398554 0.301113 0.347663 0.307116 0.379984 0.314727 0.116436 0.328419 0.114413 0.328636 0.124753 0.314727 0.116436 0.328636 0.124753 0.325219 0.140225 0.383231 0.265169 0.395103 0.247111 0.401502 0.257726 0.401502 0.257726 0.395103 0.247111 0.400106 0.232444 0.219562 0.495972 0.21621 0.484582 0.21481 0.493997 0.307116 0.379984 0.292958 0.398427 0.278052 0.398554 0.321331 0.186475 0.302591 0.172785 0.31798 0.136139 0.32955 0.188767 0.31798 0.136139 0.332022 0.15703 0.405993 0.209001 0.400106 0.232444 0.391381 0.216014 0.149451 0.294149 0.126527 0.296638 0.133969 0.319251 0.045227 0.185915 0.06829 0.185356 0.05868 0.20427 0.370767 0.472206 0.378976 0.487788 0.372946 0.485891 0.489026 0.353787 0.496473 0.343921 0.489026 0.339715 0.38457 0.475368 0.394053 0.471165 0.385485 0.485614 0.42486 0.120324 0.437631 0.110898 0.438134 0.128918 0.182975 0.436662 0.182317 0.455576 0.178686 0.452609 0.397745 0.448634 0.384283 0.471165 0.378976 0.448634 0.467836 0.209001 0.468876 0.225517 0.473656 0.218321 0.267474 0.469106 0.267474 0.445836 0.263434 0.451794 0.436557 0.382094 0.444561 0.38863 0.429633 0.394667 0.4265 0.462601 0.431438 0.457896 0.429678 0.447717 0.28702 0.481242 0.287589 0.488215 0.295329 0.474218 0.353235 0.165086 0.358026 0.134101 0.360253 0.164487 0.360253 0.164487 0.358026 0.134101 0.36612 0.159121 0.145483 0.400971 0.154667 0.399589 0.147828 0.411168 0.154667 0.399589 0.147828 0.411168 0.160372 0.409267 0.295329 0.474218 0.295329 0.489659 0.287589 0.488215 0.16501 0.48651 0.165617 0.497002 0.158458 0.497368 0.400331 0.129072 0.400331 0.120982 0.404629 0.126102 0.26148 0.485881 0.26148 0.497319 0.268746 0.494453 0.200326 0.386289 0.200326 0.377032 0.203345 0.38107 0.456442 0.306334 0.447215 0.313455 0.466067 0.294406 0.466067 0.294406 0.447215 0.313455 0.451848 0.294111 0.466067 0.294406 0.451848 0.294111 0.450257 0.284476 0.466067 0.294406 0.450257 0.284476 0.466073 0.289065 0.383231 0.22518 0.400106 0.232444 0.391381 0.216014 0.486517 0.167477 0.491213 0.171967 0.491213 0.164874 0.47873 0.239253 0.484196 0.229425 0.481129 0.248794 0.47873 0.239253 0.481129 0.248794 0.473656 0.242287 0.328636 0.124753 0.338151 0.111045 0.328419 0.114413 0.469942 0.491986 0.482169 0.478887 0.467807 0.478483 0.490415 0.299323 0.493362 0.286033 0.493675 0.299502 0.385485 0.485614 0.378976 0.474639 0.38457 0.475368 0.325219 0.140225 0.328636 0.124753 0.340683 0.12336 0.142328 0.223272 0.121843 0.215695 0.123819 0.233584 0.193995 0.449411 0.204032 0.438554 0.190368 0.436699 0.430796 0.357297 0.436557 0.382094 0.429633 0.394667 0.487889 0.196535 0.494703 0.196527 0.494729 0.204976 0.389376 0.159973 0.372829 0.13788 0.377808 0.188602 0.482343 0.33962 0.484037 0.32251 0.478217 0.319854 0.482343 0.33962 0.478217 0.319854 0.478217 0.337499 0.210595 0.165344 0.204062 0.118593 0.208398 0.13054 0.073255 0.208768 0.089416 0.220488 0.082022 0.233905 0.082022 0.233905 0.104785 0.25095 0.10692 0.261011 0.366822 0.45972 0.378976 0.460712 0.375045 0.470677 0.378976 0.460712 0.366822 0.45972 0.373139 0.450396 0.089416 0.220488 0.104894 0.229769 0.082022 0.233905 0.146512 0.497579 0.154954 0.490557 0.146512 0.486101 0.43661 0.178779 0.434674 0.197512 0.426461 0.181862 0.464786 0.249139 0.469785 0.254036 0.464786 0.272955 0.433929 0.145234 0.44239 0.150973 0.440304 0.13312 0.38314 0.498413 0.382886 0.487788 0.372947 0.498413 0.105058 0.356631 0.112713 0.344223 0.109315 0.376924 0.449021 0.034519 0.44591 0.007975 0.450869 0.006172 0.348584 0.429374 0.3376 0.431072 0.346712 0.450098 0.105058 0.356631 0.102754 0.396965 0.109315 0.376924 0.420502 0.164824 0.417738 0.170827 0.411395 0.129174 0.486682 0.310441 0.491635 0.302817 0.491635 0.317958 0.429263 0.196603 0.43661 0.178779 0.436002 0.184993 0.45493 0.201364 0.45493 0.208785 0.457898 0.207282 0.104894 0.229769 0.111557 0.244302 0.082022 0.233905 0.082022 0.233905 0.111557 0.244302 0.10903 0.257842 0.082022 0.233905 0.10903 0.257842 0.09867 0.259087 0.429263 0.196603 0.436002 0.184993 0.434674 0.197512 0.341719 0.45015 0.334113 0.468353 0.331228 0.461773 0.26836 0.378777 0.280927 0.365105 0.278052 0.398554 0.165783 0.431225 0.146454 0.430175 0.160372 0.409267 0.433665 0.179002 0.449752 0.182599 0.447454 0.208489 0.433665 0.179002 0.447454 0.208489 0.434674 0.197512 0.440873 0.06494 0.435419 0.048344 0.440569 0.04559 0.478138 0.210193 0.483145 0.209666 0.483145 0.229425 0.478138 0.210193 0.483145 0.229425 0.473656 0.217562 0.426461 0.15964 0.420502 0.164824 0.411395 0.129174 0.426461 0.15964 0.411395 0.129174 0.4192 0.130413 0.086188 0.25665 0.082022 0.233905 0.10692 0.261011 0.195837 0.166117 0.210595 0.165344 0.193133 0.179406 0.419714 0.029188 0.419316 0.004095 0.42953 0.015176 0.477678 0.147028 0.475763 0.130148 0.483197 0.137451 0.489972 0.0137 0.489972 0 0.496105 0.002623 0.184774 0.171073 0.19033 0.210675 0.193133 0.179406 0.483592 0.116953 0.483592 0.096695 0.477766 0.104905 0.19033 0.210675 0.193133 0.179406 0.210595 0.165344 0.424224 0.033662 0.42953 0.015176 0.434206 0.032299 0.419714 0.029188 0.42953 0.015176 0.419316 0.045082 0.291311 0.427702 0.283209 0.417518 0.293061 0.446923 0.210595 0.165344 0.190613 0.215791 0.19033 0.210675 0.017861 0.47464 0.011142 0.487479 0.011142 0.470724 0.486682 0.302817 0.486682 0.319555 0.479107 0.310497 0.424224 0.033662 0.429355 0.041397 0.434206 0.032299 0.474629 0.191746 0.472378 0.181959 0.481631 0.18108 0.472378 0.181959 0.481631 0.18108 0.483011 0.1725 0.278052 0.398554 0.286751 0.41009 0.282118 0.417518 0.394672 0.131505 0.39572 0.159366 0.378331 0.129901 0.378331 0.129901 0.389376 0.159973 0.372829 0.13788 0.456487 0.030648 0.451064 0.007461 0.456487 0 0.411176 0.416721 0.405831 0.409145 0.405878 0.441652 0.089347 0.436081 0.093534 0.424461 0.084736 0.409355 0.084736 0.409355 0.089347 0.436081 0.076716 0.432851 0.007892 0.409604 0.014614 0.392915 0.013596 0.405695 0.014614 0.392915 0.007892 0.409604 0 0.404345 0.223214 0.443691 0.213974 0.46419 0.209427 0.448808 0.209427 0.448808 0.213974 0.46419 0.204802 0.464272 0.085878 0.388255 0.076716 0.409355 0.07715 0.361138 0.076716 0.432851 0.094725 0.448612 0.089347 0.436081 0.432558 0.065057 0.429482 0.055775 0.433248 0.051296 0.465548 0.11136 0.460041 0.123337 0.460041 0.096695 0.432253 0.211493 0.426393 0.238027 0.420312 0.224931 0.062079 0.475408 0.069437 0.466896 0.069437 0.485425 0.442783 0.076028 0.442726 0.10104 0.449509 0.087862 0.411395 0.182801 0.408399 0.154377 0.398011 0.160834 0.093392 0.355644 0.085878 0.388255 0.07715 0.361138 0.471821 0.295334 0.466073 0.306385 0.466098 0.283087 0.426393 0.238027 0.432253 0.245804 0.421973 0.256035 0.219633 0.433123 0.223214 0.443691 0.209427 0.448808 0.0438 0.405089 0.029293 0.404086 0.057773 0.386844 0.36599 0.206297 0.365441 0.198989 0.370252 0.195863 0.413526 0.436315 0.425281 0.415802 0.413626 0.443051 0.034034 0.380181 0.032201 0.404695 0.057773 0.386844 0.473737 0.149525 0.481295 0.164513 0.473737 0.169968 0.029293 0.392832 0.017877 0.409423 0.017923 0.378073 0.029293 0.392832 0.017923 0.378073 0.022735 0.367051 0.253795 0.462992 0.253589 0.46944 0.243812 0.467023 0.487809 0.193469 0.485311 0.207826 0.483011 0.190186 0.45598 0.348666 0.45598 0.35642 0.4593 0.350717 0.055434 0.364488 0.051123 0.357426 0.045873 0.370528 0.045873 0.370528 0.055434 0.364488 0.033014 0.382262 0.033014 0.382262 0.055434 0.364488 0.057594 0.384235 0.48933 0.457383 0.483099 0.466881 0.487388 0.473139 0.467562 0.248136 0.464265 0.239803 0.467562 0.233646 0.473638 0.428157 0.469482 0.433441 0.469482 0.426498 0.4987 0.249139 0.493606 0.253555 0.4987 0.261885 0.408011 0.268152 0.412574 0.257298 0.408498 0.282381 0.051123 0.357426 0.030663 0.362648 0.045873 0.370528 0.034034 0.380181 0.030663 0.362648 0.045873 0.370528 0.224884 0.428191 0.207647 0.421389 0.224438 0.424227 0.207647 0.421389 0.224438 0.424227 0.220223 0.417484 0.220223 0.417484 0.207647 0.421389 0.211025 0.40699 0.03632 0.362574 0.029524 0.369373 0.035507 0.375901 0.03632 0.362574 0.035507 0.375901 0.051189 0.365687 0.051189 0.365687 0.035507 0.375901 0.033014 0.382262 0.02547 0.357471 0.029293 0.392832 0.022735 0.367051 0.227715 0.435481 0.240685 0.46334 0.227079 0.461765 0.414046 0.181707 0.425287 0.177489 0.416738 0.176847 0.365441 0.169357 0.370667 0.173665 0.370252 0.195863 0.461911 0.241218 0.456497 0.246464 0.452058 0.238262 0.409729 0.209001 0.420312 0.224931 0.408011 0.219802 0.469405 0.382295 0.466345 0.37107 0.461756 0.372254 0.489083 0.440775 0.483483 0.452038 0.483483 0.434486 0.470482 0.021308 0.474669 0.033052 0.470482 0.034472 0.434674 0.197512 0.447454 0.208489 0.439763 0.208489 0.069437 0.466896 0.073249 0.474607 0.069437 0.484414 0.279115 0.455873 0.285083 0.456376 0.279401 0.469274 0.426393 0.238027 0.408011 0.219802 0.420312 0.224931 0.21933 0.339492 0.219408 0.355703 0.216714 0.357237 0.484037 0.337255 0.489066 0.320681 0.484037 0.319854 0.469405 0.357297 0.461756 0.372254 0.466345 0.37107 0.491053 0.421132 0.491053 0.434385 0.487062 0.427648 0.220223 0.417484 0.227737 0.397916 0.211025 0.40699 0.211025 0.40699 0.227737 0.397916 0.207205 0.39635 0.207205 0.39635 0.227737 0.397916 0.204802 0.385932 0.229074 0.390903 0.227737 0.397916 0.204802 0.385932 0.411176 0.466333 0.411176 0.441778 0.405841 0.443389 0.053848 0.391593 0.057594 0.384235 0.040964 0.394591 0.07145 0.378362 0.069258 0.366114 0.07145 0.357426 0.17586 0.470057 0.180118 0.475158 0.170241 0.472216 0.438099 0.283087 0.43607 0.298025 0.431104 0.310248 0.057773 0.386844 0.034034 0.380181 0.045873 0.370528 0.477319 0.258743 0.484822 0.249139 0.484477 0.264399 0.472343 0.095844 0.478702 0.087688 0.472343 0.08643 0.033014 0.382262 0.057594 0.384235 0.040964 0.394591 0.389566 0.208974 0.389566 0.192331 0.38465 0.200986 0.489166 0.228886 0.496651 0.224521 0.496651 0.232848 0.474782 0.109592 0.469573 0.118808 0.469573 0.096695 0.033014 0.382262 0.035507 0.375901 0.030663 0.362648 0.211025 0.40699 0.204802 0.413871 0.207205 0.39635 0.094851 0.442036 0.100364 0.4161 0.094851 0.404721 0.31472 0.485144 0.323881 0.474049 0.324219 0.487348 0.46603 0.345102 0.461736 0.335598 0.465418 0.319854 0.160372 0.409267 0.147828 0.411168 0.15452 0.408746 0.442726 0.128842 0.448007 0.117842 0.442726 0.10104 0.469573 0.129072 0.472757 0.123567 0.469573 0.118808 0.436002 0.184993 0.434674 0.197512 0.426461 0.181862 0.476758 0.42487 0.476758 0.434357 0.473943 0.431697 0.436002 0.184993 0.433665 0.179002 0.43661 0.178779 0.43607 0.298025 0.441369 0.311249 0.431104 0.310248 0.040282 0.431053 0.03217 0.408848 0.033268 0.444044 0.18004 0.353612 0.182847 0.377969 0.18004 0.385602 0.261481 0.46579 0.263434 0.451794 0.267474 0.469106 0.469128 0.330461 0.467427 0.319854 0.467757 0.341958 0.448885 0.335186 0.443538 0.336421 0.441369 0.35617 0.467836 0.233646 0.464265 0.226848 0.467836 0.209001 0.173245 0.3464 0.173245 0.320873 0.175446 0.327449 0.468767 0.0899 0.464103 0.070782 0.468767 0.06528 0.295329 0.432003 0.310469 0.451863 0.310469 0.417518 0.48933 0.457383 0.497022 0.466093 0.48933 0.47106 0.112153 0.309525 0.112153 0.323929 0.113152 0.318637</float_array>
          <technique_common>
            <accessor source="#Hand2-mesh-map-0-array" count="1137" stride="2">
              <param name="S" type="float"/>
              <param name="T" type="float"/>
            </accessor>
          </technique_common>
        </source>
        <vertices id="Hand2-mesh-vertices">
          <input semantic="POSITION" source="#Hand2-mesh-positions"/>
        </vertices>
        <polylist material="Material_-1-material" count="6">
          <input semantic="VERTEX" source="#Hand2-mesh-vertices" offset="0"/>
          <input semantic="NORMAL" source="#Hand2-mesh-normals" offset="1"/>
          <input semantic="TEXCOORD" source="#Hand2-mesh-map-0" offset="2" set="0"/>
          <vcount>3 3 3 3 3 3 3 3 3 3 3 3 3 3 3 3 3 3 3 3 3 3 3 3 3 3 3 3 3 3 3 3 3 3 3 3 3 3 3 3 3 3 3 3 3 3 3 3 3 3 3 3 3 3 3 3 3 3 3 3 3 3 3 3 3 3 3 3 3 3 3 3 3 3 3 3 3 3 3 3 3 3 3 3 3 3 3 3 3 3 3 3 3 3 3 3 3 3 3 3 3 3 3 3 3 3 3 3 3 3 3 3 3 3 3 3 3 3 3 3 3 3 3 3 3 3 3 3 3 3 3 3 3 3 3 3 3 3 3 3 3 3 3 3 3 3 3 3 3 3 3 3 3 3 3 3 3 3 3 3 3 3 3 3 3 3 3 3 3 3 3 3 3 3 3 3 3 3 3 3 3 3 3 3 3 3 3 3 3 3 3 3 3 3 3 3 3 3 3 3 3 3 3 3 3 3 3 3 3 3 3 3 3 3 3 3 3 3 3 3 3 3 3 3 3 3 3 3 3 3 3 3 3 3 3 3 3 3 3 3 3 3 3 3 3 3 3 3 3 3 3 3 3 3 3 3 3 3 3 3 3 3 3 3 3 3 3 3 3 3 3 3 3 3 3 3 3 3 3 3 3 3 3 3 3 3 3 3 3 3 3 3 3 3 3 3 3 3 3 3 3 3 3 3 3 3 3 3 3 3 3 3 3 3 3 3 3 3 3 3 3 3 3 3 3 3 3 3 3 3 3 3 3 3 3 3 3 3 3 3 3 3 3 3 3 3 3 3 3 3 3 3 3 3 3 3 3 3 3 3 3 3 3 3 3 3 3 3 3 3 3 3 3 3 3 3 3 3 3</vcount>
          <p>0 0 0 1 0 1 2 0 2 0 1 3 2 1 4 3 1 5 1 2 6 4 2 7 5 2 8 4 3 9 1 3 10 6 3 11 4 4 12 6 4 13 7 4 14 6 5 15 1 5 16 8 5 17 8 6 18 1 6 19 9 6 20 8 7 21 9 7 22 10 7 23 0 8 24 3 8 25 11 8 26 0 9 27 11 9 28 12 9 29 11 10 30 12 10 31 1 10 32 11 11 33 13 11 34 14 11 35 11 12 36 14 12 37 15 12 38 11 13 39 15 13 40 1 13 41 1 14 42 15 14 43 16 14 44 11 15 45 17 15 46 13 15 47 17 16 48 11 16 49 3 16 50 1 17 51 0 17 52 18 17 53 19 18 54 0 18 55 20 18 56 20 19 57 0 19 58 17 19 59 0 20 60 17 20 61 12 20 62 17 21 63 12 21 64 14 21 65 14 22 66 1 22 67 12 22 68 1 23 69 14 23 70 21 23 71 21 24 72 14 24 73 15 24 74 0 25 75 18 25 76 19 25 77 3 26 78 8 26 79 22 26 80 3 27 81 10 27 82 23 27 83 3 28 84 24 28 85 25 28 86 1 29 87 18 29 88 21 29 89 18 30 90 19 30 91 8 30 92 16 31 93 9 31 94 1 31 95 13 32 96 17 32 97 26 32 98 17 33 99 14 33 100 26 33 101 26 34 102 14 34 103 27 34 104 27 35 105 14 35 106 28 35 107 13 36 108 28 36 109 14 36 110 16 37 111 29 37 112 30 37 113 31 38 114 3 38 115 25 38 116 31 39 117 25 39 118 32 39 119 31 40 120 32 40 121 33 40 122 34 41 123 19 41 124 31 41 125 31 42 126 19 42 127 20 42 128 22 43 129 19 43 130 25 43 131 18 44 132 25 44 133 29 44 134 18 45 135 29 45 136 21 45 137 15 46 138 21 46 139 35 46 140 35 47 141 21 47 142 30 47 143 35 48 144 30 48 145 36 48 146 16 49 147 29 49 148 9 49 149 9 50 150 29 50 151 32 50 152 9 51 153 32 51 154 22 51 155 9 52 156 22 52 157 23 52 158 38 53 159 37 53 160 28 53 161 20 54 162 17 54 163 15 54 164 20 55 165 15 55 166 39 55 167 26 56 168 38 56 169 37 56 170 26 57 171 38 57 172 40 57 173 26 58 174 37 58 175 41 58 176 13 59 177 26 59 178 28 59 179 26 60 180 28 60 181 40 60 182 40 61 183 28 61 184 41 61 185 41 62 186 28 62 187 37 62 188 17 63 189 15 63 190 42 63 191 42 64 192 15 64 193 43 64 194 38 65 195 27 65 196 28 65 197 38 66 198 27 66 199 41 66 200 38 67 201 41 67 202 40 67 203 41 68 204 27 68 205 26 68 206 17 69 207 3 69 208 31 69 209 17 70 210 44 70 211 42 70 212 45 71 213 44 71 214 17 71 215 45 72 216 17 72 217 31 72 218 46 73 219 47 73 220 45 73 221 45 74 222 46 74 223 34 74 224 34 75 225 45 75 226 48 75 227 45 76 228 47 76 229 49 76 230 25 77 231 19 77 232 50 77 233 25 78 234 29 78 235 50 78 236 50 79 237 19 79 238 34 79 239 51 80 240 52 80 241 53 80 242 54 81 243 22 81 244 32 81 245 32 82 246 29 82 247 36 82 248 25 83 249 32 83 250 54 83 251 16 84 252 30 84 253 55 84 254 55 85 255 30 85 256 32 85 257 30 86 258 32 86 259 36 86 260 36 87 261 29 87 262 50 87 263 56 88 264 32 88 265 55 88 266 30 89 267 29 89 268 23 89 269 29 90 270 23 90 271 10 90 272 10 91 273 29 91 274 24 91 275 29 92 276 24 92 277 21 92 278 57 93 279 58 93 280 59 93 281 5 94 282 60 94 283 4 94 284 4 95 285 61 95 286 62 95 287 63 96 288 60 96 289 4 96 290 4 97 291 62 97 292 63 97 293 64 98 294 62 98 295 65 98 296 62 99 297 64 99 298 63 99 299 60 100 300 63 100 301 66 100 302 66 101 303 60 101 304 64 101 305 64 102 306 67 102 307 2 102 308 64 103 309 2 103 310 60 103 311 66 104 312 63 104 313 68 104 314 66 105 315 68 105 316 64 105 317 68 106 318 64 106 319 63 106 320 69 107 321 62 107 322 61 107 323 62 108 324 69 108 325 70 108 326 67 109 327 65 109 328 71 109 329 71 110 330 65 110 331 62 110 332 62 111 333 71 111 334 72 111 335 72 112 336 71 112 337 73 112 338 73 113 339 74 113 340 71 113 341 75 114 342 7 114 343 6 114 344 7 115 345 75 115 346 4 115 347 61 116 348 75 116 349 4 116 350 75 117 351 6 117 352 8 117 353 75 118 354 8 118 355 61 118 356 61 119 357 8 119 358 76 119 359 76 120 360 8 120 361 69 120 362 77 121 363 8 121 364 70 121 365 8 122 366 70 122 367 71 122 368 71 123 369 8 123 370 2 123 371 71 124 372 2 124 373 67 124 374 72 125 375 62 125 376 70 125 377 72 126 378 70 126 379 74 126 380 74 127 381 70 127 382 71 127 383 73 128 384 72 128 385 74 128 386 78 129 387 69 129 388 70 129 389 77 130 390 78 130 391 69 130 392 77 131 393 69 131 394 8 131 395 61 132 396 69 132 397 79 132 398 61 133 399 76 133 400 79 133 401 79 134 402 76 134 403 69 134 404 80 135 405 67 135 406 64 135 407 80 136 408 64 136 409 65 136 410 65 137 411 80 137 412 67 137 413 77 138 414 78 138 415 70 138 416 5 139 417 60 139 418 2 139 419 5 140 420 2 140 421 1 140 422 2 141 423 8 141 424 3 141 425 10 142 426 8 142 427 18 142 428 23 143 429 9 143 430 3 143 431 19 144 432 22 144 433 8 144 434 22 145 435 18 145 436 3 145 437 3 146 438 18 146 439 10 146 440 10 147 441 81 147 442 82 147 443 10 148 444 82 148 445 24 148 446 30 149 447 21 149 448 23 149 449 81 150 450 10 150 451 9 150 452 22 151 453 25 151 454 24 151 455 22 152 456 24 152 457 23 152 458 82 153 459 24 153 460 81 153 461 81 154 462 24 154 463 9 154 464 24 155 465 9 155 466 3 155 467 44 156 468 42 156 469 20 156 470 20 157 471 44 157 472 46 157 473 20 158 474 46 158 475 31 158 476 20 159 477 42 159 478 39 159 479 39 160 480 43 160 481 42 160 482 83 161 483 43 161 484 39 161 485 39 162 486 83 162 487 84 162 488 84 163 489 39 163 490 15 163 491 84 164 492 15 164 493 35 164 494 45 165 495 85 165 496 44 165 497 45 166 498 85 166 499 49 166 500 46 167 501 44 167 502 85 167 503 86 168 504 15 168 505 16 168 506 86 169 507 15 169 508 43 169 509 86 170 510 43 170 511 83 170 512 87 171 513 16 171 514 86 171 515 88 172 516 86 172 517 83 172 518 35 173 519 36 173 520 16 173 521 35 174 522 16 174 523 89 174 524 35 175 525 89 175 526 84 175 527 84 176 528 89 176 529 86 176 530 89 177 531 86 177 532 87 177 533 83 178 534 90 178 535 88 178 536 90 179 537 83 179 538 84 179 539 90 180 540 84 180 541 86 180 542 90 181 543 86 181 544 91 181 545 31 182 546 92 182 547 46 182 548 31 183 549 92 183 550 45 183 551 92 184 552 46 184 553 34 184 554 34 185 555 92 185 556 33 185 557 92 186 558 33 186 559 93 186 560 33 187 561 34 187 562 31 187 563 50 188 564 34 188 565 48 188 566 50 189 567 48 189 568 94 189 569 94 190 570 50 190 571 92 190 572 48 191 573 94 191 574 56 191 575 50 192 576 33 192 577 89 192 578 45 193 579 48 193 580 92 193 581 92 194 582 48 194 583 95 194 584 33 195 585 32 195 586 50 195 587 50 196 588 32 196 589 56 196 590 96 197 591 47 197 592 91 197 593 47 198 594 91 198 595 95 198 596 95 199 597 47 199 598 48 199 599 95 200 600 92 200 601 87 200 602 93 201 603 33 201 604 48 201 605 93 202 606 47 202 607 48 202 608 87 203 609 93 203 610 95 203 611 47 204 612 46 204 613 93 204 614 93 205 615 46 205 616 97 205 617 93 206 618 97 206 619 86 206 620 93 207 621 86 207 622 95 207 623 97 208 624 86 208 625 91 208 626 56 209 627 50 209 628 92 209 629 55 210 630 36 210 631 89 210 632 55 211 633 89 211 634 94 211 635 16 212 636 55 212 637 36 212 638 33 213 639 89 213 640 56 213 641 89 214 642 56 214 643 93 214 644 93 215 645 56 215 646 92 215 647 89 216 648 16 216 649 94 216 650 16 217 651 94 217 652 87 217 653 87 218 654 94 218 655 92 218 656 36 219 657 50 219 658 89 219 659 94 220 660 56 220 661 55 220 662 90 221 663 98 221 664 97 221 665 97 222 666 98 222 667 99 222 668 97 223 669 99 223 670 85 223 671 85 224 672 97 224 673 46 224 674 47 225 675 100 225 676 49 225 677 49 226 678 101 226 679 102 226 680 91 227 681 100 227 682 96 227 683 100 228 684 91 228 685 103 228 686 100 229 687 103 229 688 49 229 689 98 230 690 103 230 691 104 230 692 104 231 693 98 231 694 105 231 695 96 232 696 106 232 697 85 232 698 106 233 699 85 233 700 98 233 701 98 234 702 85 234 703 101 234 704 100 235 705 96 235 706 85 235 707 47 236 708 100 236 709 106 236 710 100 237 711 106 237 712 99 237 713 100 238 714 99 238 715 85 238 716 103 239 717 91 239 718 107 239 719 105 240 720 104 240 721 106 240 722 106 241 723 104 241 724 108 241 725 106 242 726 105 242 727 103 242 728 103 243 729 106 243 730 49 243 731 49 244 732 106 244 733 99 244 734 49 245 735 99 245 736 101 245 737 106 246 738 108 246 739 98 246 740 87 247 741 89 247 742 93 247 743 103 248 744 95 248 745 88 248 746 86 249 747 88 249 748 95 249 749 103 250 750 88 250 751 109 250 752 103 251 753 109 251 754 98 251 755 91 252 756 90 252 757 110 252 758 110 253 759 90 253 760 95 253 761 110 254 762 95 254 763 103 254 764 110 255 765 103 255 766 107 255 767 110 256 768 107 256 769 109 256 770 85 257 771 49 257 772 102 257 773 101 258 774 85 258 775 111 258 776 85 259 777 102 259 778 112 259 779 101 260 780 113 260 781 102 260 782 113 261 783 101 261 784 114 261 785 112 262 786 115 262 787 111 262 788 115 263 789 112 263 790 113 263 791 115 264 792 111 264 793 85 264 794 116 265 795 112 265 796 117 265 797 85 266 798 112 266 799 118 266 800 112 267 801 118 267 802 116 267 803 85 268 804 118 268 805 115 268 806 115 269 807 117 269 808 113 269 809 113 270 810 117 270 811 111 270 812 116 271 813 115 271 814 117 271 815 116 272 816 115 272 817 119 272 818 115 273 819 119 273 820 118 273 821 88 274 822 90 274 823 120 274 824 120 275 825 90 275 826 107 275 827 107 276 828 90 276 829 98 276 830 88 277 831 121 277 832 109 277 833 121 278 834 109 278 835 110 278 836 121 279 837 110 279 838 91 279 839 91 280 840 121 280 841 107 280 842 122 281 843 123 281 844 88 281 845 123 282 846 122 282 847 124 282 848 123 283 849 125 283 850 126 283 851 126 284 852 125 284 853 114 284 854 120 285 855 88 285 856 123 285 857 107 286 858 120 286 859 121 286 860 127 287 861 122 287 862 120 287 863 122 288 864 127 288 865 128 288 866 128 289 867 127 289 868 129 289 869 128 290 870 129 290 871 88 290 872 129 291 873 88 291 874 121 291 875 130 292 876 120 292 877 127 292 878 130 293 879 120 293 880 123 293 881 127 294 882 130 294 883 131 294 884 127 295 885 131 295 886 123 295 887 132 296 888 123 296 889 126 296 890 131 297 891 130 297 892 133 297 893 130 298 894 123 298 895 134 298 896 134 299 897 135 299 898 130 299 899 135 300 900 130 300 901 133 300 902 126 301 903 114 301 904 101 301 905 126 302 906 101 302 907 111 302 908 126 303 909 111 303 910 117 303 911 111 304 912 102 304 913 112 304 914 113 305 915 114 305 916 124 305 917 116 306 918 113 306 919 136 306 920 113 307 921 116 307 922 137 307 923 137 308 924 113 308 925 138 308 926 138 309 927 113 309 928 133 309 929 138 310 930 137 310 931 136 310 932 113 311 933 124 311 934 133 311 935 136 312 936 112 312 937 113 312 938 136 313 939 112 313 940 124 313 941 112 314 942 124 314 943 117 314 944 116 315 945 118 315 946 137 315 947 135 316 948 118 316 949 137 316 950 116 317 951 119 317 952 136 317 953 119 318 954 136 318 955 137 318 956 137 319 957 119 319 958 139 319 959 117 320 960 119 320 961 139 320 962 117 321 963 139 321 964 136 321 965 136 322 966 139 322 967 138 322 968 118 323 969 126 323 970 117 323 971 126 324 972 118 324 973 132 324 974 117 325 975 118 325 976 119 325 977 118 326 978 135 326 979 134 326 980 124 327 981 125 327 982 129 327 983 124 328 984 129 328 985 136 328 986 125 329 987 129 329 988 133 329 989 133 330 990 125 330 991 140 330 992 140 331 993 125 331 994 122 331 995 98 332 996 109 332 997 107 332 998 124 333 999 125 333 1000 123 333 1001 122 334 1002 128 334 1003 88 334 1004 127 335 1005 136 335 1006 129 335 1007 136 336 1008 127 336 1009 132 336 1010 132 337 1011 136 337 1012 133 337 1013 132 338 1014 133 338 1015 129 338 1016 129 339 1017 132 339 1018 140 339 1019 137 340 1020 133 340 1021 139 340 1022 139 341 1023 133 341 1024 134 341 1025 134 342 1026 133 342 1027 123 342 1028 141 343 1029 133 343 1030 123 343 1031 123 344 1032 141 344 1033 131 344 1034 141 345 1035 133 345 1036 127 345 1037 127 346 1038 141 346 1039 140 346 1040 129 347 1041 122 347 1042 140 347 1043 129 348 1044 122 348 1045 121 348 1046 133 349 1047 135 349 1048 137 349 1049 133 350 1050 140 350 1051 131 350 1052 140 351 1053 131 351 1054 141 351 1055 138 352 1056 133 352 1057 127 352 1058 127 353 1059 138 353 1060 132 353 1061 138 354 1062 132 354 1063 123 354 1064 138 355 1065 123 355 1066 118 355 1067 138 356 1068 139 356 1069 118 356 1070 139 357 1071 118 357 1072 134 357 1073 118 358 1074 132 358 1075 140 358 1076 24 359 1077 23 359 1078 21 359 1079 57 360 1080 58 360 1081 59 360 1082 95 361 1083 91 361 1084 97 361 1085 97 362 1086 95 362 1087 90 362 1088 101 363 1089 99 363 1090 98 363 1091 108 364 1092 98 364 1093 105 364 1094 108 365 1095 105 365 1096 103 365 1097 108 366 1098 103 366 1099 104 366 1100 122 367 1101 120 367 1102 121 367 1103 22 368 1104 18 368 1105 54 368 1106 18 369 1107 54 369 1108 25 369 1109 33 370 1110 56 370 1111 48 370 1112 96 371 1113 106 371 1114 47 371 1115 113 372 1116 111 372 1117 102 372 1118 117 373 1119 136 373 1120 133 373 1121 117 374 1122 133 374 1123 124 374 1124 118 375 1125 123 375 1126 127 375 1127 127 376 1128 118 376 1129 140 376 1130 122 377 1131 124 377 1132 114 377 1133 114 378 1134 122 378 1135 125 378 1136</p>
        </polylist>
      </mesh>
    </geometry>
    <geometry id="Leg1-mesh" name="Leg1">
      <mesh>
        <source id="Leg1-mesh-positions">
          <float_array id="Leg1-mesh-positions-array" count="426">-0.021408 -0.245682 0.056981 0.008064 -0.313035 0.075754 -0.020658 -0.312603 0.11582 -0.035463 -0.169436 0.057717 -0.019328 -0.407907 0.126138 -0.045895 -0.451225 0.117798 0.045286 -0.381678 0.111776 0.052506 -0.449306 0.124396 0.006477 -0.328501 0.15966 0.016293 -0.209138 0.104312 -0.006774 -0.210705 0.113829 -0.000449 -0.259727 0.033346 -0.003173 -0.294608 0.054685 -0.002336 -0.09607 -0.074607 0.005453 -0.117802 -0.057998 0.025598 -0.041284 -0.078674 0.035006 0.00428 -0.000596 -0.025662 -0.042936 -0.076263 -0.017487 -0.199303 0.079628 -0.026895 -0.111951 0.057964 -0.033933 0.032855 -0.087175 0.032478 -0.173676 0.062832 0.00108 -0.134689 0.093597 0.007505 -0.171066 0.099161 -0.011671 -0.166425 0.110659 -0.013755 -0.079973 0.071908 0.002058 -0.045063 -0.076633 0.014276 -0.046895 -0.066619 0.01152 -0.081363 -0.066431 0.02196 -0.084772 0.055979 0.022564 -0.087741 0.056045 -0.033829 -0.004567 -0.003514 -0.001419 -0.049641 0.076667 -0.018607 0.025549 0.037127 -0.018221 0.049438 0.024343 0.03571 -0.003507 -0.00599 0.018503 -0.00375 0.026979 0.000658 -0.098611 -0.074952 0.002604 -0.088557 -0.07766 0.04919 0.058785 -0.09818 0.000347 -0.042775 -0.080239 0.004391 -0.068515 -0.076535 -0.046344 0.042908 -0.085186 0.072138 0.071272 -0.084767 -0.073034 0.153501 -0.018704 -0.047747 0.043454 0.006465 -0.054519 0.057186 0.004885 -0.022705 0.091671 0.038333 -0.012894 0.053955 0.035368 -0.041133 0.162763 0.032989 -0.008986 0.009807 0.047399 -0.013075 -0.067312 0.070943 -0.001782 -0.097276 0.087848 -0.017612 -0.099325 0.070187 -0.019618 -0.078731 0.071011 0.02053 0.020834 0.029581 0.011164 0.022986 0.046215 0.005668 -0.032515 0.066575 0.012158 -0.062734 0.070284 0.001081 -0.073245 0.082402 -0.049203 -0.387764 0.121848 0.072546 -0.40597 0.224253 -0.017411 -0.40548 0.198072 -0.080214 -0.405723 0.230755 -0.050624 -0.380585 0.253162 -0.038671 -0.395626 0.275388 -0.092979 -0.368795 0.257297 -0.047537 -0.35296 0.280276 -0.088481 -0.467815 0.279393 0.055637 -0.37133 0.226483 0.021039 -0.374308 0.232903 -0.012843 -0.341667 0.233752 0.002631 -0.403069 0.302345 -0.01017 -0.419822 0.337589 0.000941 -0.35733 0.298496 0.03958 -0.396691 0.134453 0.090451 -0.375707 0.259359 0.050253 -0.355089 0.279551 0.054627 -0.454683 0.315317 0.089185 -0.476757 0.282931 -0.045675 -0.455925 0.322022 0.003795 -0.157185 0.126186 0.00345 -0.093616 0.136336 0.072074 0.142803 -0.020739 0.059164 0.048884 -0.00221 -0.048762 0.225657 0.028783 0.056962 0.082834 0.003149 0.014655 0.057412 0.036392 0.036872 0.192287 0.041962 0.024779 0.050532 0.025734 0.050158 0.192209 0.010954 0.004893 0.132502 0.059539 -0.013341 0.030838 0.053558 0.000715 0.052055 0.038766 0.020728 0.026828 0.046704 0.010299 0.065235 0.046741 -0.019724 0.103529 0.041021 -0.001964 0.098435 0.051178 -0.000443 0.226823 0.077329 -0.025241 0.25212 0.061795 -0.010131 0.092455 0.046812 -0.034855 0.231282 0.061158 -0.049485 0.259529 0.060245 0.001374 0.168837 0.073379 0.005499 0.176932 0.083689 -0.012731 0.177525 0.083267 -0.00047 0.185133 0.078666 0.012888 0.25655 0.068408 0.00521 0.19072 0.082772 0.022066 0.255046 0.064025 0.024808 0.17615 0.054178 -0.040064 0.276041 0.064919 -0.041724 0.288854 0.076468 -0.024496 0.290764 0.092266 -0.009118 0.231124 0.082457 -0.037901 0.35993 0.068104 -0.030484 0.318965 0.081605 -0.023058 0.347618 0.080459 -0.039132 0.371593 0.080269 -0.031361 0.357817 0.084105 0.054186 0.273575 0.04652 0.037725 0.245745 0.055423 0.04336 0.270516 0.066479 0.044226 0.356553 0.068849 -0.005021 0.236254 0.087154 0.016741 0.245176 0.080721 -0.004463 0.277957 0.098785 0.043395 0.3263 0.073526 0.04341 0.251508 0.07495 0.022423 0.294056 0.090253 0.04939 0.370845 0.063003 0.046708 0.370821 0.062684 0.018738 0.327279 0.087314 0.014598 0.297237 0.113985 0.034343 0.372706 0.086576 0.010719 0.346554 0.112838 -0.013892 0.295542 0.101544 -0.012534 0.34325 0.09729 0.005552 0.368812 0.090164 -0.004137 0.359835 0.092839 0.024481 0.289299 0.095297 0.028564 0.310689 0.097574</float_array>
          <technique_common>
            <accessor source="#Leg1-mesh-positions-array" count="142" stride="3">
              <param name="X" type="float"/>
              <param name="Y" type="float"/>
              <param name="Z" type="float"/>
            </accessor>
          </technique_common>
        </source>
        <source id="Leg1-mesh-normals">
          <float_array id="Leg1-mesh-normals-array" count="1137">-0.72396 -0.460065 -0.514026 -0.96618 -0.176293 -0.188192 0.822311 -0.433308 -0.368848 -0.006696 -0.467512 -0.883961 -0.136379 -0.195771 -0.97112 0.84788 0.518316 0.111573 0.996781 -0.080069 0.004091 0.331847 0.374239 0.865923 -0.780307 -0.137954 -0.609991 -0.794453 -0.270589 -0.543716 -0.539825 0.469581 0.698629 0.244509 -0.531945 -0.810709 0.807923 -0.342314 -0.479667 0.650374 -0.406589 -0.641638 0.993149 -0.099187 -0.061777 -0.772789 -0.355646 -0.525655 -0.909622 -0.266796 -0.318445 0.809838 0.200713 -0.55125 0.999129 0.041053 -0.00749 0.977101 0.130798 0.167828 -0.853884 -0.298236 -0.42654 0.588344 0.413984 0.6946 0.537179 -0.471809 -0.699167 0.935263 -0.19145 -0.297709 0.879548 -0.32537 -0.347174 -0.966728 -0.041525 0.252412 -0.772568 0.18547 0.60724 -0.607786 0.458766 0.648175 -0.904198 0.156362 0.397463 -0.302058 -0.035414 -0.952631 0.977319 0.054514 -0.204637 0.996575 -0.08196 0.01103 -0.016291 -0.038292 -0.999134 0.032077 0.249455 0.967855 -0.609317 0.169974 0.774495 0.931417 -0.072533 0.356652 0.685811 -0.27054 -0.675626 0.853714 0.184341 0.487022 -0.904336 0.156451 0.397114 -0.833993 0.263094 0.485013 -0.930999 -0.021203 0.364406 0.94479 -0.11472 -0.306939 0.995654 0.085468 0.036991 0.772853 -0.04147 -0.633229 -0.412047 -0.045986 -0.910002 -0.267802 -0.105513 -0.957679 -0.99245 0.061714 0.105989 -0.915796 -0.135521 -0.378089 -0.868138 -0.199276 -0.45456 0.920471 0.104415 0.376604 0.794216 0.188327 0.577714 0.294828 0.194881 0.935467 0.304173 0.196316 0.932169 -0.831237 0.288861 0.474978 0.041758 0.146842 0.988278 0.075876 0.173507 0.981905 -0.817729 0.003306 -0.575594 0.908446 0.021266 -0.417461 0.211536 0.025149 0.977047 0.569264 -0.081534 -0.818102 0.926318 0.143581 -0.34831 0.848798 0.057711 -0.525559 0.728177 -0.125757 -0.673753 0.043036 0.113542 0.992601 -0.018267 0.061572 0.997936 0.801918 -0.067347 -0.593627 -0.737682 0.0279 0.674572 -0.630464 0.012644 0.776116 -0.638141 -0.060263 0.767557 -0.99486 -0.02644 -0.097745 -0.97217 -0.234278 -0.000567 -0.973313 -0.2285 -0.021226 -0.957094 -0.286473 0.043644 0.595483 0.204258 -0.776967 0.491192 0.143375 -0.85917 0.058615 0.913511 -0.402569 -0.681836 -0.122529 0.72117 0.880074 -0.167985 -0.444129 0.421813 0.21786 0.88012 0.781966 -0.167124 -0.600499 0.746787 -0.090276 -0.658908 -0.508848 0.153667 0.84703 0.813777 0.226321 0.5353 -0.168321 -0.08561 0.982008 -0.918333 -0.109885 -0.380251 -0.778806 -0.162273 -0.605911 -0.815269 -0.224185 -0.533926 -0.65745 -0.27863 -0.700089 0.873049 0.052038 0.484848 0.778505 0.171687 0.603699 0.499617 -0.453141 -0.738273 0.746769 0.129303 0.652393 0.738092 0.138231 0.660388 -0.614247 -0.22475 -0.756431 0.189424 0.072362 -0.979225 -0.015387 -0.999299 0.034136 -0.508928 -0.814276 -0.279189 0.021126 -0.999227 0.03316 -0.699661 -0.707117 -0.102273 0.278928 -0.800791 0.530032 -0.949482 -0.119686 -0.290103 -0.263314 -0.963423 0.049825 -0.971231 0.213013 -0.106467 -0.935228 0.352821 -0.029409 -0.946946 -0.110369 -0.301847 0.155726 0.221864 0.962562 -0.750618 0.466479 0.467941 -0.275067 -0.19487 0.941469 0.17175 -0.820716 0.544909 0.787075 0.093708 0.609697 0.931514 -0.226011 0.284957 0.981246 0.035673 -0.18943 0.498293 0.698831 0.513166 -0.903437 0.331042 0.27242 0.926084 0.162419 0.34057 -0.097357 -0.20988 0.972868 -0.208023 0.962197 0.175795 0.873264 0.275308 0.402015 0.830124 0.49666 -0.253424 0.793858 0.197487 -0.575141 -0.607072 0.386497 0.694323 -0.851819 0.350984 0.388862 -0.666654 -0.684317 -0.295436 0.200612 0.954216 0.22187 0.004432 0.971007 0.239009 0.686518 -0.717904 -0.115361 0.95863 0.058872 0.278501 0.693896 0.719593 0.026364 0.927564 0.065248 0.367923 0.064175 0.727374 0.683234 0.994285 0.071978 0.078848 0.743284 0.657064 -0.125682 0.876701 0.411958 0.248366 0.918728 -0.100586 -0.381865 -0.663729 0.177795 0.726535 -0.995454 0.019779 0.093172 0.505208 -0.563904 -0.653282 -0.928211 -0.154082 -0.338649 0.863891 -0.136204 -0.484913 -0.31601 0.044007 -0.947735 -0.804234 0.138167 -0.578029 -0.817896 0.141728 0.557637 0.953244 -0.01028 -0.302027 0.694084 0.063207 -0.717114 0.697493 -0.213718 -0.68398 0.7286 -0.061888 -0.682138 -0.889171 -0.437967 0.132517 -0.327423 -0.150716 0.93278 -0.7991 -0.045464 0.599477 -0.820748 -0.138469 -0.554256 0.382406 -0.278908 0.880895 0.187744 0.405518 0.894599 0.540224 0.219676 0.812342 -0.666329 -0.1211 0.735758 -0.494713 -0.435627 0.75199 0.75158 0.546867 -0.368869 -0.315795 -0.543673 0.77762 0.962181 0.223208 0.156162 0.945133 0.298649 0.13241 -0.138746 0.024586 -0.990023 0.205848 -0.866604 0.454559 0.072375 0.665236 -0.743117 0.980328 -0.15807 -0.118198 -0.959857 0.250778 0.125635 -0.906769 0.41231 -0.08815 -0.840785 -0.070433 0.536768 0.851264 0.068468 -0.520252 0.862243 0.042136 -0.50474 -0.961709 0.27081 -0.042165 0.908402 -0.364527 0.204756 0.967393 -0.168442 0.189151 0.681754 -0.223761 0.696522 0.865459 -0.018676 0.500631 -0.862879 0.232748 -0.448628 -0.597661 -0.492366 0.632754 -0.588894 0.317276 -0.74333 -0.626207 0.081766 -0.775357 0.665593 -0.152289 0.730612 0.908421 0.153531 0.388843 -0.822025 0.000646 -0.569451 -0.997728 -0.059857 -0.030916 -0.733421 0.002883 -0.679768 -0.800897 -0.33577 0.495805 -0.801256 -0.335223 0.495595 0.1164 -0.828888 -0.54717 0.954341 -0.152781 -0.256693 0.808133 -0.584733 -0.070771 -0.957188 0.148446 0.248505 0.905391 -0.035174 -0.42312 0.121301 -0.250978 -0.960363 -0.163273 0.246005 -0.955418 0.140844 -0.228029 -0.963413 0.071528 -0.514029 -0.854785 0.640686 -0.482424 -0.597318 0.566213 -0.516457 -0.642398 -0.288963 0.392996 0.872957 -0.215472 0.409108 0.88668 -0.567166 -0.043787 0.822438 0.390768 0.202254 -0.897994 -0.36722 -0.167467 0.914934 0.717072 -0.376579 0.586511 0.226975 -0.105623 -0.968156 -0.258423 -0.142354 0.955486 -0.365757 0.661898 -0.654303 -0.519064 -0.298126 0.801058 0.523145 0.248394 -0.815242 -0.593542 0.175887 -0.785348 0.618896 -0.683853 0.386411 0.55301 -0.301903 0.776553 -0.20926 0.234686 -0.94928 0.962944 -0.105657 0.248145 0.989908 -0.136932 0.036493 0.866925 -0.122613 0.483122 0.172975 -0.641301 -0.747537 -0.460112 -0.371975 -0.806183 -0.370619 -0.35333 -0.858952 -0.963466 -0.065129 -0.25979 -0.953975 -0.24684 -0.170302 -0.22423 -0.351036 -0.909117 -0.580101 0.048432 -0.813104 0.341251 -0.888391 0.307099 0.750728 -0.140382 0.645523 -0.629032 -0.147994 0.763162 -0.740333 -0.157282 0.653582 0.617743 0.089715 -0.781246 -0.553753 -0.081245 0.828708 -0.566707 -0.268332 0.779 0.560003 0.05267 -0.826815 0.124478 -0.342632 0.931187 -0.669296 -0.152139 0.727253 -0.910919 -0.056373 0.408717 -0.018923 0.124219 0.992074 -0.759153 -0.116332 0.640432 0.708844 -0.023084 -0.704987 0.246494 0.931431 -0.267725 0.557505 0.049522 -0.828696 -0.535214 -0.224137 0.814438 -0.775647 -0.131333 0.617352 -0.754365 -0.131735 0.643102 0.883147 -0.08984 0.460414 -0.002824 0.520805 0.853671 -0.61076 0.039817 0.790814 0.462002 -0.225996 0.857601 -0.633417 -0.302727 0.712137 -0.720505 -0.093366 0.687135 0.676471 -0.3322 0.65729 -0.602266 0.025995 0.797872 -0.352253 0.597488 -0.720365 0.701296 -0.120251 0.702655 0.701542 -0.120312 0.702399 0.692273 -0.088453 0.716194 0.545084 -0.039971 0.837428 0.859717 -0.346122 0.375616 -0.876054 0.145427 -0.459762 -0.652887 0.135375 -0.74526 -0.640825 0.040676 -0.766609 -0.415653 0.09841 -0.904184 -0.988594 -0.113282 0.099239 0.900835 0.139375 -0.411182 -0.698331 0.479059 -0.531824 -0.59961 -0.286399 0.74729 -0.613138 -0.27962 0.738833 -0.983696 0.032076 -0.176953 -0.678137 0.121762 0.724778 0.977269 -0.017167 -0.211309 0.853657 -0.239759 -0.46237 -0.993344 0.025954 0.112224 0.3423 0.032414 -0.939031 -0.959866 0.147495 -0.238543 0.533566 -0.184897 -0.8253 -0.888613 0.114711 0.444081 0.541231 -0.173191 -0.822845 0.926793 0.044909 -0.372878 -0.864206 -0.404009 0.299875 0.897923 -0.212854 0.385262 -0.548149 0.357622 -0.756068 -0.749936 0.14244 -0.645992 0.358042 -0.233355 0.904075 0.434498 -0.096668 0.89547 -0.458936 0.100975 -0.882713 0.42965 -0.091918 0.898305 -0.969011 0.002955 0.246999 -0.410233 0.029243 -0.911512 -0.591632 0.060305 -0.80395 -0.246089 0.340802 -0.907356 -0.531941 0.159922 -0.831543 -0.465859 -0.007516 -0.884827 0.881254 -0.059793 0.468845 0.999983 0.000089 -0.005768 0.609032 0.01522 0.793 -0.278529 -0.443721 0.851783 0.805631 -0.156708 0.571316 -0.910529 0.025036 -0.412686 -0.814123 0.057772 -0.577812 -0.116682 0.243178 0.962938 0.883347 0.047823 0.466274 -0.695599 0.164557 -0.699331 0.099849 -0.597996 -0.795255 -0.837217 0.081255 -0.540801 0.818853 -0.199065 0.538381 -0.769698 -0.075273 -0.633956 0.625302 0.200765 -0.754116 0.67854 0.139552 -0.721185 0.689406 -0.00653 -0.724346 -0.570196 0.508066 -0.645558 -0.557491 -0.272718 0.78411 -0.684766 0.12596 0.717795 0.728778 -0.101275 -0.677219 0.601576 -0.210854 0.770485 -0.501249 0.21555 0.838026 0.268117 0.077979 0.960225 -0.441085 -0.238727 0.865132 -0.678525 0.090357 0.728999 -0.607218 -0.272045 0.746511 -0.257879 0.016311 0.96604 0.594597 0.077393 -0.80029 -0.553786 -0.019796 0.832424 0.7991 0.056551 -0.598533 -0.523386 0.090445 0.847282 0.307464 -0.388751 -0.868527 0.233142 0.490079 -0.839921 0.622706 -0.197004 -0.75725 -0.171699 -0.10654 -0.979372 0.502002 0.342874 0.793997 -0.040495 -0.208233 -0.977241 0.788533 0.531151 0.309992 -0.06887 0.737198 0.672158 0.357959 -0.218613 0.907785 0.284813 -0.185635 0.940437 0.928448 -0.172102 0.329189 0.776507 -0.316245 0.545001 0.672545 -0.335823 0.659474 0.439353 0.071701 0.895448 0.269669 0.036025 0.962279 0.992593 -0.047241 -0.111929 0.295381 0.281473 0.912975 0.482101 -0.105705 0.869716 -0.336038 0.650778 0.680857 0.946609 0.131051 0.294544 0.94649 0.077261 -0.31335 -0.081998 0.296836 0.951401 0.042645 0.33117 0.942607 0.857618 -0.038123 0.512873 -0.628379 -0.247338 -0.737539 -0.74874 -0.148863 -0.645932 0.580859 -0.798147 -0.159887 0.887333 -0.212938 0.409021 -0.818406 -0.545523 -0.1806 -0.40277 0.447899 -0.798225 -0.553303 -0.024163 0.83263 0.874919 -0.045683 0.482109 0.967031 -0.201221 0.156082 0.653675 0.312061 0.68944 0.488688 0.095624 0.867202 0.50465 0.101368 0.857352 0.127402 0.941963 -0.310603 0.167439 -0.443168 -0.880662 0.076817 -0.612482 -0.786743 -0.043312 -0.211772 -0.976359 0.316931 0.936417 0.150593 -0.614247 -0.22475 -0.756431 -0.188471 -0.198151 0.961881 0.517998 0.077485 0.851865 0.403039 -0.158415 -0.901368 -0.073773 0.137373 0.987768 0.33262 -0.420626 0.84406 -0.929791 0.005026 0.368055 -0.839519 0.368985 -0.398821 0.685552 -0.039834 -0.726933 0.136686 -0.06821 -0.988263 -0.280883 0.115513 0.952765 0.964351 -0.25687 0.063605 -0.867452 0.419041 0.2682 -0.397896 0.283274 0.872602 0.716812 0.074417 -0.693284 -0.160161 -0.146507 -0.976158 0.279057 0.376987 0.883181 0.628918 -0.734818 0.253977 0.343046 -0.707574 -0.617785</float_array>
          <technique_common>
            <accessor source="#Leg1-mesh-normals-array" count="379" stride="3">
              <param name="X" type="float"/>
              <param name="Y" type="float"/>
              <param name="Z" type="float"/>
            </accessor>
          </technique_common>
        </source>
        <source id="Leg1-mesh-map-0">
          <float_array id="Leg1-mesh-map-0-array" count="2274">0.404608 0.487515 0.396271 0.471213 0.405526 0.471213 0.030788 0.078903 0.049614 0.062987 0.048312 0.124397 0.412963 0.055844 0.390646 0.032781 0.403699 0.026159 0.390646 0.032781 0.412963 0.055844 0.398672 0.061612 0.494072 0.126314 0.483592 0.12911 0.483592 0.114191 0.178409 0.080745 0.177776 0.106039 0.151165 0.07996 0.151165 0.07996 0.177776 0.106039 0.153631 0.125422 0.359457 0.024732 0.367348 0.072069 0.357586 0.066659 0.030788 0.078903 0.048312 0.124397 0.020856 0.097945 0.030788 0.078903 0.020856 0.097945 0.026356 0.072397 0.294161 0.24315 0.281254 0.214701 0.274635 0.226083 0.241462 0.22079 0.257941 0.271894 0.245595 0.270286 0.294161 0.24315 0.314038 0.276667 0.335502 0.315617 0.294161 0.24315 0.335502 0.315617 0.274635 0.226083 0.274635 0.226083 0.335502 0.315617 0.305158 0.32714 0.020856 0.097945 0.00634 0.186073 0.000097 0.172797 0.00634 0.186073 0.020856 0.097945 0.048312 0.124397 0.448446 0.450317 0.442525 0.461553 0.441255 0.441142 0.196187 0.025596 0.196622 0.002253 0.263944 0.099406 0.263818 0.310027 0.259296 0.228192 0.26268 0.281283 0.095423 0.371534 0.102754 0.404721 0.10227 0.365196 0.102754 0.338747 0.107608 0.27821 0.109096 0.339511 0.288821 0.06245 0.341978 0.014317 0.33479 0.00911 0.341978 0.014317 0.288821 0.06245 0.346281 0.045037 0.346281 0.045037 0.288821 0.06245 0.279538 0.102789 0.196622 0.002253 0.183574 0.009528 0.196187 0.025596 0.458796 0.019607 0.464375 0.005311 0.465237 0.028517 0.349171 0.089454 0.353289 0.081656 0.364052 0.085509 0.349171 0.089454 0.354421 0.090652 0.351375 0.103144 0.202138 0.43029 0.1852 0.402033 0.204822 0.395682 0.261619 0.433747 0.268077 0.445836 0.266879 0.421252 0.305158 0.32714 0.268077 0.261592 0.274635 0.226083 0.000097 0.172797 0.00634 0.186073 0.007853 0.187591 0.186224 0.350845 0.196747 0.347474 0.193461 0.383461 0.279844 0.09452 0.288821 0.06245 0.283276 0.102281 0.243071 0.306309 0.245595 0.270286 0.253244 0.28769 0.257941 0.271894 0.253244 0.28769 0.245595 0.270286 0.142328 0.223272 0.142111 0.18631 0.134384 0.182856 0.045227 0.185915 0.048312 0.124397 0.057724 0.140603 0.045227 0.185915 0.057724 0.140603 0.071184 0.158491 0.045227 0.185915 0.071184 0.158491 0.064818 0.189289 0.134134 0.310446 0.133358 0.25529 0.149451 0.294149 0.227797 0.080411 0.196187 0.025596 0.263944 0.099406 0.395883 0.382564 0.410509 0.387647 0.397015 0.409145 0.11384 0.49738 0.11384 0.48474 0.122229 0.488854 0.483099 0.46237 0.478026 0.477197 0.478026 0.457383 0.279538 0.102789 0.346281 0.045037 0.314727 0.116436 0.375517 0.06528 0.377078 0.002246 0.37746 0.037184 0.314727 0.116436 0.34252 0.087977 0.328419 0.114413 0.116631 0.322643 0.116199 0.286622 0.121906 0.242661 0.153631 0.125422 0.142111 0.18631 0.131911 0.183131 0.367348 0.072069 0.358026 0.134101 0.358892 0.102916 0.367348 0.072069 0.358892 0.102916 0.364052 0.085509 0.466835 0.168244 0.469583 0.172394 0.473194 0.16237 0.12544 0.379828 0.138905 0.349836 0.160268 0.350574 0.12544 0.379828 0.160268 0.350574 0.170172 0.391505 0.478173 0.283487 0.479107 0.300828 0.477124 0.303954 0.478173 0.283487 0.479107 0.300828 0.47904 0.287328 0.306117 0.4734 0.309317 0.452042 0.31062 0.462767 0.183281 0.407542 0.183574 0.427297 0.178712 0.413523 0.097534 0.466556 0.100811 0.452538 0.094803 0.463345 0.094803 0.463345 0.100811 0.452538 0.095851 0.454075 0.095851 0.454075 0.100811 0.452538 0.094803 0.442036 0.387432 0.409147 0.390251 0.385355 0.351746 0.40772 0.351746 0.40772 0.390251 0.385355 0.364845 0.359206 0.466835 0.168244 0.466835 0.152302 0.473194 0.16237 0.124847 0.48474 0.122229 0.49725 0.126363 0.490532 0.124847 0.48474 0.126363 0.490532 0.132189 0.49725 0.28128 0.499775 0.283555 0.489876 0.275626 0.489876 0.00634 0.186073 0.048312 0.124397 0.045227 0.185915 0.00634 0.186073 0.052834 0.240354 0.011543 0.224314 0.045684 0.200216 0.052834 0.240354 0.00634 0.186073 0.045684 0.200216 0.00634 0.186073 0.045227 0.185915 0.133969 0.319251 0.125604 0.315126 0.129392 0.308635 0.491053 0.421132 0.491053 0.43428 0.495093 0.429615 0.400331 0.129174 0.392166 0.124319 0.400331 0.120982 0.05868 0.20427 0.072571 0.210554 0.082022 0.233905 0.435764 0.074997 0.442668 0.08094 0.43812 0.106992 0.435764 0.074997 0.423865 0.092625 0.43812 0.106992 0.127319 0.286476 0.133358 0.25529 0.134134 0.310446 0.489216 0.030414 0.489216 0.016738 0.497483 0.022099 0.318341 0.441889 0.3219 0.417518 0.324219 0.451433 0.131911 0.183131 0.142111 0.18631 0.13628 0.209267 0.310469 0.441427 0.324219 0.451433 0.318341 0.441889 0.142328 0.223272 0.13372 0.187878 0.13048 0.206501 0.13048 0.206501 0.13372 0.187878 0.125666 0.189752 0.266223 0.218916 0.267442 0.215812 0.267442 0.236411 0.200326 0.376876 0.206134 0.346083 0.210791 0.377032 0.36612 0.159121 0.358026 0.134101 0.372131 0.162313 0.452517 0.15834 0.456262 0.145007 0.452517 0.129174 0.390309 0.356914 0.390309 0.340621 0.393196 0.34639 0.474024 0.4614 0.467807 0.478483 0.475424 0.465686 0.318532 0.489444 0.31472 0.485144 0.324219 0.487348 0.46603 0.345102 0.461736 0.335598 0.46603 0.329488 0.034306 0.004463 0.040047 0.031558 0.036844 0.023983 0.013782 0.354322 0.003733 0.297412 0.039639 0.332234 0.424229 0.468695 0.421814 0.485808 0.40753 0.468695 0.013782 0.354322 0.039639 0.332234 0.069088 0.344666 0.061636 0.326017 0.039639 0.332234 0.066481 0.313554 0.039639 0.332234 0.061636 0.326017 0.06725 0.338369 0.150469 0.320873 0.162158 0.285666 0.173597 0.295672 0.46705 0.462452 0.451274 0.482319 0.46705 0.482753 0.091405 0.011405 0.109017 0.022894 0.049614 0.062987 0.091405 0.011405 0.049614 0.062987 0.040047 0.031558 0.179707 0.281114 0.162158 0.285666 0.155833 0.252868 0.076917 0.320592 0.095887 0.287909 0.096755 0.333171 0.448172 0.129524 0.448301 0.159069 0.452152 0.149181 0.01927 0.304728 0.039639 0.332234 0.003733 0.297412 0.125604 0.324992 0.136462 0.334804 0.125604 0.336265 0.380104 0.300941 0.385824 0.283087 0.393077 0.299707 0.451274 0.496898 0.451332 0.482753 0.465009 0.496898 0.211884 0.286514 0.230057 0.289662 0.224056 0.267742 0.22199 0.250417 0.230057 0.289662 0.22053 0.231962 0.22053 0.231962 0.241913 0.269781 0.230057 0.289662 0.450102 0.088916 0.457532 0.071314 0.462804 0.092293 0.150469 0.327719 0.163974 0.320873 0.163974 0.336267 0.125359 0.446033 0.118411 0.452138 0.132319 0.466197 0.171941 0.064064 0.178409 0.080745 0.146201 0.067735 0.171941 0.064064 0.146201 0.067735 0.132853 0.037264 0.132853 0.037264 0.146201 0.067735 0.115039 0.03763 0.260373 0.352703 0.243359 0.378437 0.245531 0.36048 0.372739 0 0.359457 0.024732 0.36271 0.00706 0.203997 0.307766 0.201838 0.283003 0.189904 0.289316 0.393077 0.299707 0.393605 0.323174 0.387483 0.331398 0.393077 0.299707 0.387483 0.331398 0.380104 0.300941 0.405526 0.448634 0.405526 0.471213 0.397745 0.460694 0.201496 0.242887 0.201838 0.283003 0.185439 0.252016 0.478137 0.340927 0.478137 0.357233 0.4728 0.34749 0.205938 0.21698 0.201496 0.242887 0.185439 0.252016 0.360617 0.30284 0.349157 0.333748 0.362062 0.337475 0.356062 0.244544 0.377574 0.224819 0.373235 0.269067 0.356062 0.244544 0.373235 0.269067 0.368078 0.283087 0.268077 0.435199 0.279908 0.441926 0.274689 0.419598 0.132853 0.037264 0.115039 0.03763 0.128687 0.005653 0.252093 0.321501 0.260373 0.352703 0.245531 0.36048 0.144997 0.399589 0.137999 0.436793 0.13114 0.421054 0.327282 0.421455 0.334582 0.442284 0.324217 0.45006 0.404938 0.091777 0.403768 0.066303 0.395274 0.101396 0.376695 0.316473 0.360617 0.30284 0.362062 0.337475 0.441315 0.238399 0.43324 0.245674 0.434987 0.209001 0.441315 0.238399 0.434987 0.209001 0.444809 0.214174 0.049614 0.062987 0.071934 0.051802 0.048312 0.124397 0.029293 0.418661 0.020957 0.409423 0.02303 0.44536 0.364052 0.085509 0.367348 0.072069 0.349171 0.089454 0.410509 0.387647 0.395883 0.382564 0.400428 0.364761 0.040282 0.431053 0.03217 0.408848 0.04238 0.405089 0.260953 0.475495 0.255051 0.482021 0.256205 0.463221 0.065087 0.097515 0.07675 0.11119 0.07288 0.122185 0.065087 0.097515 0.07288 0.122185 0.068459 0.114221 0.461736 0.348666 0.45598 0.333096 0.461736 0.319854 0.341939 0.476143 0.349157 0.488114 0.340125 0.487322 0.358892 0.102916 0.351375 0.103144 0.354421 0.090652 0.358892 0.102916 0.354421 0.090652 0.364052 0.085509 0.456254 0.11943 0.449509 0.101124 0.460041 0.096695 0.473453 0.195507 0.480427 0.201624 0.472378 0.208753 0.480427 0.201624 0.472378 0.208753 0.482894 0.204814 0.460313 0.434486 0.452974 0.451103 0.457913 0.454232 0.263944 0.099406 0.234071 0.147845 0.226347 0.103991 0.263944 0.099406 0.226347 0.103991 0.227797 0.080411 0.12544 0.379828 0.122225 0.387876 0.170172 0.391505 0.35523 0.372767 0.364845 0.359206 0.351746 0.40772 0.444809 0.209001 0.450501 0.22177 0.444809 0.241376 0.278061 0.140835 0.302591 0.172785 0.31798 0.136139 0.31798 0.136139 0.278061 0.140835 0.279538 0.102789 0.31798 0.136139 0.279538 0.102789 0.314727 0.116436 0.045684 0.200216 0.086188 0.25665 0.052834 0.240354 0.045684 0.200216 0.086188 0.25665 0.082022 0.233905 0.226347 0.103991 0.234071 0.147845 0.210595 0.165344 0.301113 0.347663 0.335502 0.315617 0.305158 0.32714 0.301113 0.347663 0.335502 0.315617 0.342245 0.357036 0.301113 0.347663 0.342245 0.357036 0.307116 0.379984 0.123819 0.233584 0.142328 0.223272 0.115518 0.233532 0.278052 0.398554 0.301113 0.347663 0.307116 0.379984 0.314727 0.116436 0.328419 0.114413 0.328636 0.124753 0.314727 0.116436 0.328636 0.124753 0.325219 0.140225 0.383231 0.265169 0.395103 0.247111 0.401502 0.257726 0.401502 0.257726 0.395103 0.247111 0.400106 0.232444 0.219562 0.495972 0.21621 0.484582 0.21481 0.493997 0.307116 0.379984 0.292958 0.398427 0.278052 0.398554 0.321331 0.186475 0.302591 0.172785 0.31798 0.136139 0.32955 0.188767 0.31798 0.136139 0.332022 0.15703 0.405993 0.209001 0.400106 0.232444 0.391381 0.216014 0.149451 0.294149 0.126527 0.296638 0.133969 0.319251 0.045227 0.185915 0.06829 0.185356 0.05868 0.20427 0.370767 0.472206 0.378976 0.487788 0.372946 0.485891 0.489026 0.353787 0.496473 0.343921 0.489026 0.339715 0.38457 0.475368 0.394053 0.471165 0.385485 0.485614 0.42486 0.120324 0.437631 0.110898 0.438134 0.128918 0.182975 0.436662 0.182317 0.455576 0.178686 0.452609 0.397745 0.448634 0.384283 0.471165 0.378976 0.448634 0.467836 0.209001 0.468876 0.225517 0.473656 0.218321 0.267474 0.469106 0.267474 0.445836 0.263434 0.451794 0.436557 0.382094 0.444561 0.38863 0.429633 0.394667 0.4265 0.462601 0.431438 0.457896 0.429678 0.447717 0.28702 0.481242 0.287589 0.488215 0.295329 0.474218 0.353235 0.165086 0.358026 0.134101 0.360253 0.164487 0.360253 0.164487 0.358026 0.134101 0.36612 0.159121 0.145483 0.400971 0.154667 0.399589 0.147828 0.411168 0.154667 0.399589 0.147828 0.411168 0.160372 0.409267 0.295329 0.474218 0.295329 0.489659 0.287589 0.488215 0.16501 0.48651 0.165617 0.497002 0.158458 0.497368 0.400331 0.129072 0.400331 0.120982 0.404629 0.126102 0.26148 0.485881 0.26148 0.497319 0.268746 0.494453 0.200326 0.386289 0.200326 0.377032 0.203345 0.38107 0.456442 0.306334 0.447215 0.313455 0.466067 0.294406 0.466067 0.294406 0.447215 0.313455 0.451848 0.294111 0.466067 0.294406 0.451848 0.294111 0.450257 0.284476 0.466067 0.294406 0.450257 0.284476 0.466073 0.289065 0.383231 0.22518 0.400106 0.232444 0.391381 0.216014 0.486517 0.167477 0.491213 0.171967 0.491213 0.164874 0.47873 0.239253 0.484196 0.229425 0.481129 0.248794 0.47873 0.239253 0.481129 0.248794 0.473656 0.242287 0.328636 0.124753 0.338151 0.111045 0.328419 0.114413 0.469942 0.491986 0.482169 0.478887 0.467807 0.478483 0.490415 0.299323 0.493362 0.286033 0.493675 0.299502 0.385485 0.485614 0.378976 0.474639 0.38457 0.475368 0.325219 0.140225 0.328636 0.124753 0.340683 0.12336 0.142328 0.223272 0.121843 0.215695 0.123819 0.233584 0.193995 0.449411 0.204032 0.438554 0.190368 0.436699 0.430796 0.357297 0.436557 0.382094 0.429633 0.394667 0.487889 0.196535 0.494703 0.196527 0.494729 0.204976 0.389376 0.159973 0.372829 0.13788 0.377808 0.188602 0.482343 0.33962 0.484037 0.32251 0.478217 0.319854 0.482343 0.33962 0.478217 0.319854 0.478217 0.337499 0.210595 0.165344 0.204062 0.118593 0.208398 0.13054 0.073255 0.208768 0.089416 0.220488 0.082022 0.233905 0.082022 0.233905 0.104785 0.25095 0.10692 0.261011 0.366822 0.45972 0.378976 0.460712 0.375045 0.470677 0.378976 0.460712 0.366822 0.45972 0.373139 0.450396 0.089416 0.220488 0.104894 0.229769 0.082022 0.233905 0.146512 0.497579 0.154954 0.490557 0.146512 0.486101 0.43661 0.178779 0.434674 0.197512 0.426461 0.181862 0.464786 0.249139 0.469785 0.254036 0.464786 0.272955 0.433929 0.145234 0.44239 0.150973 0.440304 0.13312 0.38314 0.498413 0.382886 0.487788 0.372947 0.498413 0.105058 0.356631 0.112713 0.344223 0.109315 0.376924 0.449021 0.034519 0.44591 0.007975 0.450869 0.006172 0.348584 0.429374 0.3376 0.431072 0.346712 0.450098 0.105058 0.356631 0.102754 0.396965 0.109315 0.376924 0.420502 0.164824 0.417738 0.170827 0.411395 0.129174 0.486682 0.310441 0.491635 0.302817 0.491635 0.317958 0.429263 0.196603 0.43661 0.178779 0.436002 0.184993 0.45493 0.201364 0.45493 0.208785 0.457898 0.207282 0.104894 0.229769 0.111557 0.244302 0.082022 0.233905 0.082022 0.233905 0.111557 0.244302 0.10903 0.257842 0.082022 0.233905 0.10903 0.257842 0.09867 0.259087 0.429263 0.196603 0.436002 0.184993 0.434674 0.197512 0.341719 0.45015 0.334113 0.468353 0.331228 0.461773 0.26836 0.378777 0.280927 0.365105 0.278052 0.398554 0.165783 0.431225 0.146454 0.430175 0.160372 0.409267 0.433665 0.179002 0.449752 0.182599 0.447454 0.208489 0.433665 0.179002 0.447454 0.208489 0.434674 0.197512 0.440873 0.06494 0.435419 0.048344 0.440569 0.04559 0.478138 0.210193 0.483145 0.209666 0.483145 0.229425 0.478138 0.210193 0.483145 0.229425 0.473656 0.217562 0.426461 0.15964 0.420502 0.164824 0.411395 0.129174 0.426461 0.15964 0.411395 0.129174 0.4192 0.130413 0.086188 0.25665 0.082022 0.233905 0.10692 0.261011 0.195837 0.166117 0.210595 0.165344 0.193133 0.179406 0.419714 0.029188 0.419316 0.004095 0.42953 0.015176 0.477678 0.147028 0.475763 0.130148 0.483197 0.137451 0.489972 0.0137 0.489972 0 0.496105 0.002623 0.184774 0.171073 0.19033 0.210675 0.193133 0.179406 0.483592 0.116953 0.483592 0.096695 0.477766 0.104905 0.19033 0.210675 0.193133 0.179406 0.210595 0.165344 0.424224 0.033662 0.42953 0.015176 0.434206 0.032299 0.419714 0.029188 0.42953 0.015176 0.419316 0.045082 0.291311 0.427702 0.283209 0.417518 0.293061 0.446923 0.210595 0.165344 0.190613 0.215791 0.19033 0.210675 0.017861 0.47464 0.011142 0.487479 0.011142 0.470724 0.486682 0.302817 0.486682 0.319555 0.479107 0.310497 0.424224 0.033662 0.429355 0.041397 0.434206 0.032299 0.474629 0.191746 0.472378 0.181959 0.481631 0.18108 0.472378 0.181959 0.481631 0.18108 0.483011 0.1725 0.278052 0.398554 0.286751 0.41009 0.282118 0.417518 0.394672 0.131505 0.39572 0.159366 0.378331 0.129901 0.378331 0.129901 0.389376 0.159973 0.372829 0.13788 0.456487 0.030648 0.451064 0.007461 0.456487 0 0.411176 0.416721 0.405831 0.409145 0.405878 0.441652 0.089347 0.436081 0.093534 0.424461 0.084736 0.409355 0.084736 0.409355 0.089347 0.436081 0.076716 0.432851 0.007892 0.409604 0.014614 0.392915 0.013596 0.405695 0.014614 0.392915 0.007892 0.409604 0 0.404345 0.223214 0.443691 0.213974 0.46419 0.209427 0.448808 0.209427 0.448808 0.213974 0.46419 0.204802 0.464272 0.085878 0.388255 0.076716 0.409355 0.07715 0.361138 0.076716 0.432851 0.094725 0.448612 0.089347 0.436081 0.432558 0.065057 0.429482 0.055775 0.433248 0.051296 0.465548 0.11136 0.460041 0.123337 0.460041 0.096695 0.432253 0.211493 0.426393 0.238027 0.420312 0.224931 0.062079 0.475408 0.069437 0.466896 0.069437 0.485425 0.442783 0.076028 0.442726 0.10104 0.449509 0.087862 0.411395 0.182801 0.408399 0.154377 0.398011 0.160834 0.093392 0.355644 0.085878 0.388255 0.07715 0.361138 0.471821 0.295334 0.466073 0.306385 0.466098 0.283087 0.426393 0.238027 0.432253 0.245804 0.421973 0.256035 0.219633 0.433123 0.223214 0.443691 0.209427 0.448808 0.0438 0.405089 0.029293 0.404086 0.057773 0.386844 0.36599 0.206297 0.365441 0.198989 0.370252 0.195863 0.413526 0.436315 0.425281 0.415802 0.413626 0.443051 0.034034 0.380181 0.032201 0.404695 0.057773 0.386844 0.473737 0.149525 0.481295 0.164513 0.473737 0.169968 0.029293 0.392832 0.017877 0.409423 0.017923 0.378073 0.029293 0.392832 0.017923 0.378073 0.022735 0.367051 0.253795 0.462992 0.253589 0.46944 0.243812 0.467023 0.487809 0.193469 0.485311 0.207826 0.483011 0.190186 0.45598 0.348666 0.45598 0.35642 0.4593 0.350717 0.055434 0.364488 0.051123 0.357426 0.045873 0.370528 0.045873 0.370528 0.055434 0.364488 0.033014 0.382262 0.033014 0.382262 0.055434 0.364488 0.057594 0.384235 0.48933 0.457383 0.483099 0.466881 0.487388 0.473139 0.467562 0.248136 0.464265 0.239803 0.467562 0.233646 0.473638 0.428157 0.469482 0.433441 0.469482 0.426498 0.4987 0.249139 0.493606 0.253555 0.4987 0.261885 0.408011 0.268152 0.412574 0.257298 0.408498 0.282381 0.051123 0.357426 0.030663 0.362648 0.045873 0.370528 0.034034 0.380181 0.030663 0.362648 0.045873 0.370528 0.224884 0.428191 0.207647 0.421389 0.224438 0.424227 0.207647 0.421389 0.224438 0.424227 0.220223 0.417484 0.220223 0.417484 0.207647 0.421389 0.211025 0.40699 0.03632 0.362574 0.029524 0.369373 0.035507 0.375901 0.03632 0.362574 0.035507 0.375901 0.051189 0.365687 0.051189 0.365687 0.035507 0.375901 0.033014 0.382262 0.02547 0.357471 0.029293 0.392832 0.022735 0.367051 0.227715 0.435481 0.240685 0.46334 0.227079 0.461765 0.414046 0.181707 0.425287 0.177489 0.416738 0.176847 0.365441 0.169357 0.370667 0.173665 0.370252 0.195863 0.461911 0.241218 0.456497 0.246464 0.452058 0.238262 0.409729 0.209001 0.420312 0.224931 0.408011 0.219802 0.469405 0.382295 0.466345 0.37107 0.461756 0.372254 0.489083 0.440775 0.483483 0.452038 0.483483 0.434486 0.470482 0.021308 0.474669 0.033052 0.470482 0.034472 0.434674 0.197512 0.447454 0.208489 0.439763 0.208489 0.069437 0.466896 0.073249 0.474607 0.069437 0.484414 0.279115 0.455873 0.285083 0.456376 0.279401 0.469274 0.426393 0.238027 0.408011 0.219802 0.420312 0.224931 0.21933 0.339492 0.219408 0.355703 0.216714 0.357237 0.484037 0.337255 0.489066 0.320681 0.484037 0.319854 0.469405 0.357297 0.461756 0.372254 0.466345 0.37107 0.491053 0.421132 0.491053 0.434385 0.487062 0.427648 0.220223 0.417484 0.227737 0.397916 0.211025 0.40699 0.211025 0.40699 0.227737 0.397916 0.207205 0.39635 0.207205 0.39635 0.227737 0.397916 0.204802 0.385932 0.229074 0.390903 0.227737 0.397916 0.204802 0.385932 0.411176 0.466333 0.411176 0.441778 0.405841 0.443389 0.053848 0.391593 0.057594 0.384235 0.040964 0.394591 0.07145 0.378362 0.069258 0.366114 0.07145 0.357426 0.17586 0.470057 0.180118 0.475158 0.170241 0.472216 0.438099 0.283087 0.43607 0.298025 0.431104 0.310248 0.057773 0.386844 0.034034 0.380181 0.045873 0.370528 0.477319 0.258743 0.484822 0.249139 0.484477 0.264399 0.472343 0.095844 0.478702 0.087688 0.472343 0.08643 0.033014 0.382262 0.057594 0.384235 0.040964 0.394591 0.389566 0.208974 0.389566 0.192331 0.38465 0.200986 0.489166 0.228886 0.496651 0.224521 0.496651 0.232848 0.474782 0.109592 0.469573 0.118808 0.469573 0.096695 0.033014 0.382262 0.035507 0.375901 0.030663 0.362648 0.211025 0.40699 0.204802 0.413871 0.207205 0.39635 0.094851 0.442036 0.100364 0.4161 0.094851 0.404721 0.31472 0.485144 0.323881 0.474049 0.324219 0.487348 0.46603 0.345102 0.461736 0.335598 0.465418 0.319854 0.160372 0.409267 0.147828 0.411168 0.15452 0.408746 0.442726 0.128842 0.448007 0.117842 0.442726 0.10104 0.469573 0.129072 0.472757 0.123567 0.469573 0.118808 0.436002 0.184993 0.434674 0.197512 0.426461 0.181862 0.476758 0.42487 0.476758 0.434357 0.473943 0.431697 0.436002 0.184993 0.433665 0.179002 0.43661 0.178779 0.43607 0.298025 0.441369 0.311249 0.431104 0.310248 0.040282 0.431053 0.03217 0.408848 0.033268 0.444044 0.18004 0.353612 0.182847 0.377969 0.18004 0.385602 0.261481 0.46579 0.263434 0.451794 0.267474 0.469106 0.469128 0.330461 0.467427 0.319854 0.467757 0.341958 0.448885 0.335186 0.443538 0.336421 0.441369 0.35617 0.467836 0.233646 0.464265 0.226848 0.467836 0.209001 0.173245 0.3464 0.173245 0.320873 0.175446 0.327449 0.468767 0.0899 0.464103 0.070782 0.468767 0.06528 0.295329 0.432003 0.310469 0.451863 0.310469 0.417518 0.48933 0.457383 0.497022 0.466093 0.48933 0.47106 0.112153 0.309525 0.112153 0.323929 0.113152 0.318637</float_array>
          <technique_common>
            <accessor source="#Leg1-mesh-map-0-array" count="1137" stride="2">
              <param name="S" type="float"/>
              <param name="T" type="float"/>
            </accessor>
          </technique_common>
        </source>
        <vertices id="Leg1-mesh-vertices">
          <input semantic="POSITION" source="#Leg1-mesh-positions"/>
        </vertices>
        <polylist material="Material_-1-material" count="6">
          <input semantic="VERTEX" source="#Leg1-mesh-vertices" offset="0"/>
          <input semantic="NORMAL" source="#Leg1-mesh-normals" offset="1"/>
          <input semantic="TEXCOORD" source="#Leg1-mesh-map-0" offset="2" set="0"/>
          <vcount>3 3 3 3 3 3 3 3 3 3 3 3 3 3 3 3 3 3 3 3 3 3 3 3 3 3 3 3 3 3 3 3 3 3 3 3 3 3 3 3 3 3 3 3 3 3 3 3 3 3 3 3 3 3 3 3 3 3 3 3 3 3 3 3 3 3 3 3 3 3 3 3 3 3 3 3 3 3 3 3 3 3 3 3 3 3 3 3 3 3 3 3 3 3 3 3 3 3 3 3 3 3 3 3 3 3 3 3 3 3 3 3 3 3 3 3 3 3 3 3 3 3 3 3 3 3 3 3 3 3 3 3 3 3 3 3 3 3 3 3 3 3 3 3 3 3 3 3 3 3 3 3 3 3 3 3 3 3 3 3 3 3 3 3 3 3 3 3 3 3 3 3 3 3 3 3 3 3 3 3 3 3 3 3 3 3 3 3 3 3 3 3 3 3 3 3 3 3 3 3 3 3 3 3 3 3 3 3 3 3 3 3 3 3 3 3 3 3 3 3 3 3 3 3 3 3 3 3 3 3 3 3 3 3 3 3 3 3 3 3 3 3 3 3 3 3 3 3 3 3 3 3 3 3 3 3 3 3 3 3 3 3 3 3 3 3 3 3 3 3 3 3 3 3 3 3 3 3 3 3 3 3 3 3 3 3 3 3 3 3 3 3 3 3 3 3 3 3 3 3 3 3 3 3 3 3 3 3 3 3 3 3 3 3 3 3 3 3 3 3 3 3 3 3 3 3 3 3 3 3 3 3 3 3 3 3 3 3 3 3 3 3 3 3 3 3 3 3 3 3 3 3 3 3 3 3 3 3 3 3 3 3 3 3 3 3 3 3 3 3 3 3 3 3 3 3 3 3 3</vcount>
          <p>0 0 0 1 0 1 2 0 2 0 1 3 2 1 4 3 1 5 1 2 6 4 2 7 5 2 8 4 3 9 1 3 10 6 3 11 4 4 12 6 4 13 7 4 14 6 5 15 1 5 16 8 5 17 8 6 18 1 6 19 9 6 20 8 7 21 9 7 22 10 7 23 0 8 24 3 8 25 11 8 26 0 9 27 11 9 28 12 9 29 11 10 30 12 10 31 1 10 32 11 11 33 13 11 34 14 11 35 11 12 36 14 12 37 15 12 38 11 13 39 15 13 40 1 13 41 1 14 42 15 14 43 16 14 44 11 15 45 17 15 46 13 15 47 17 16 48 11 16 49 3 16 50 1 17 51 0 17 52 18 17 53 19 18 54 0 18 55 20 18 56 20 19 57 0 19 58 17 19 59 0 20 60 17 20 61 12 20 62 17 21 63 12 21 64 14 21 65 14 22 66 1 22 67 12 22 68 1 23 69 14 23 70 21 23 71 21 24 72 14 24 73 15 24 74 0 25 75 18 25 76 19 25 77 3 26 78 8 26 79 22 26 80 3 27 81 10 27 82 23 27 83 3 28 84 24 28 85 25 28 86 1 29 87 18 29 88 21 29 89 18 30 90 19 30 91 8 30 92 16 31 93 9 31 94 1 31 95 13 32 96 17 32 97 26 32 98 17 33 99 14 33 100 26 33 101 26 34 102 14 34 103 27 34 104 27 35 105 14 35 106 28 35 107 13 36 108 28 36 109 14 36 110 16 37 111 29 37 112 30 37 113 31 38 114 3 38 115 25 38 116 31 39 117 25 39 118 32 39 119 31 40 120 32 40 121 33 40 122 34 41 123 19 41 124 31 41 125 31 42 126 19 42 127 20 42 128 22 43 129 19 43 130 25 43 131 18 44 132 25 44 133 29 44 134 18 45 135 29 45 136 21 45 137 15 46 138 21 46 139 35 46 140 35 47 141 21 47 142 30 47 143 35 48 144 30 48 145 36 48 146 16 49 147 29 49 148 9 49 149 9 50 150 29 50 151 32 50 152 9 51 153 32 51 154 22 51 155 9 52 156 22 52 157 23 52 158 38 53 159 37 53 160 28 53 161 20 54 162 17 54 163 15 54 164 20 55 165 15 55 166 39 55 167 26 56 168 38 56 169 37 56 170 26 57 171 38 57 172 40 57 173 26 58 174 37 58 175 41 58 176 13 59 177 26 59 178 28 59 179 26 60 180 28 60 181 40 60 182 40 61 183 28 61 184 41 61 185 41 62 186 28 62 187 37 62 188 17 63 189 15 63 190 42 63 191 42 64 192 15 64 193 43 64 194 38 65 195 27 65 196 28 65 197 38 66 198 27 66 199 41 66 200 38 67 201 41 67 202 40 67 203 41 68 204 27 68 205 26 68 206 17 69 207 3 69 208 31 69 209 17 70 210 44 70 211 42 70 212 45 71 213 44 71 214 17 71 215 45 72 216 17 72 217 31 72 218 46 73 219 47 73 220 45 73 221 45 74 222 46 74 223 34 74 224 34 75 225 45 75 226 48 75 227 45 76 228 47 76 229 49 76 230 25 77 231 19 77 232 50 77 233 25 78 234 29 78 235 50 78 236 50 79 237 19 79 238 34 79 239 51 80 240 52 80 241 53 80 242 54 81 243 22 81 244 32 81 245 32 82 246 29 82 247 36 82 248 25 83 249 32 83 250 54 83 251 16 84 252 30 84 253 55 84 254 55 85 255 30 85 256 32 85 257 30 86 258 32 86 259 36 86 260 36 87 261 29 87 262 50 87 263 56 88 264 32 88 265 55 88 266 30 89 267 29 89 268 23 89 269 29 90 270 23 90 271 10 90 272 10 91 273 29 91 274 24 91 275 29 92 276 24 92 277 21 92 278 57 93 279 58 93 280 59 93 281 5 94 282 60 94 283 4 94 284 4 95 285 61 95 286 62 95 287 63 96 288 60 96 289 4 96 290 4 97 291 62 97 292 63 97 293 64 98 294 62 98 295 65 98 296 62 99 297 64 99 298 63 99 299 60 100 300 63 100 301 66 100 302 66 101 303 60 101 304 64 101 305 64 102 306 67 102 307 2 102 308 64 103 309 2 103 310 60 103 311 66 104 312 63 104 313 68 104 314 66 105 315 68 105 316 64 105 317 68 106 318 64 106 319 63 106 320 69 107 321 62 107 322 61 107 323 62 108 324 69 108 325 70 108 326 67 109 327 65 109 328 71 109 329 71 110 330 65 110 331 62 110 332 62 111 333 71 111 334 72 111 335 72 112 336 71 112 337 73 112 338 73 113 339 74 113 340 71 113 341 75 114 342 7 114 343 6 114 344 7 115 345 75 115 346 4 115 347 61 116 348 75 116 349 4 116 350 75 117 351 6 117 352 8 117 353 75 118 354 8 118 355 61 118 356 61 119 357 8 119 358 76 119 359 76 120 360 8 120 361 69 120 362 77 121 363 8 121 364 70 121 365 8 122 366 70 122 367 71 122 368 71 123 369 8 123 370 2 123 371 71 124 372 2 124 373 67 124 374 72 125 375 62 125 376 70 125 377 72 126 378 70 126 379 74 126 380 74 127 381 70 127 382 71 127 383 73 128 384 72 128 385 74 128 386 78 129 387 69 129 388 70 129 389 77 130 390 78 130 391 69 130 392 77 131 393 69 131 394 8 131 395 61 132 396 69 132 397 79 132 398 61 133 399 76 133 400 79 133 401 79 134 402 76 134 403 69 134 404 80 135 405 67 135 406 64 135 407 80 136 408 64 136 409 65 136 410 65 137 411 80 137 412 67 137 413 77 138 414 78 138 415 70 138 416 5 139 417 60 139 418 2 139 419 5 140 420 2 140 421 1 140 422 2 141 423 8 141 424 3 141 425 10 142 426 8 142 427 18 142 428 23 143 429 9 143 430 3 143 431 19 144 432 22 144 433 8 144 434 22 145 435 18 145 436 3 145 437 3 146 438 18 146 439 10 146 440 10 147 441 81 147 442 82 147 443 10 148 444 82 148 445 24 148 446 30 149 447 21 149 448 23 149 449 81 150 450 10 150 451 9 150 452 22 151 453 25 151 454 24 151 455 22 152 456 24 152 457 23 152 458 82 153 459 24 153 460 81 153 461 81 154 462 24 154 463 9 154 464 24 155 465 9 155 466 3 155 467 44 156 468 42 156 469 20 156 470 20 157 471 44 157 472 46 157 473 20 158 474 46 158 475 31 158 476 20 159 477 42 159 478 39 159 479 39 160 480 43 160 481 42 160 482 83 161 483 43 161 484 39 161 485 39 162 486 83 162 487 84 162 488 84 163 489 39 163 490 15 163 491 84 164 492 15 164 493 35 164 494 45 165 495 85 165 496 44 165 497 45 166 498 85 166 499 49 166 500 46 167 501 44 167 502 85 167 503 86 168 504 15 168 505 16 168 506 86 169 507 15 169 508 43 169 509 86 170 510 43 170 511 83 170 512 87 171 513 16 171 514 86 171 515 88 172 516 86 172 517 83 172 518 35 173 519 36 173 520 16 173 521 35 174 522 16 174 523 89 174 524 35 175 525 89 175 526 84 175 527 84 176 528 89 176 529 86 176 530 89 177 531 86 177 532 87 177 533 83 178 534 90 178 535 88 178 536 90 179 537 83 179 538 84 179 539 90 180 540 84 180 541 86 180 542 90 181 543 86 181 544 91 181 545 31 182 546 92 182 547 46 182 548 31 183 549 92 183 550 45 183 551 92 184 552 46 184 553 34 184 554 34 185 555 92 185 556 33 185 557 92 186 558 33 186 559 93 186 560 33 187 561 34 187 562 31 187 563 50 188 564 34 188 565 48 188 566 50 189 567 48 189 568 94 189 569 94 190 570 50 190 571 92 190 572 48 191 573 94 191 574 56 191 575 50 192 576 33 192 577 89 192 578 45 193 579 48 193 580 92 193 581 92 194 582 48 194 583 95 194 584 33 195 585 32 195 586 50 195 587 50 196 588 32 196 589 56 196 590 96 197 591 47 197 592 91 197 593 47 198 594 91 198 595 95 198 596 95 199 597 47 199 598 48 199 599 95 200 600 92 200 601 87 200 602 93 201 603 33 201 604 48 201 605 93 202 606 47 202 607 48 202 608 87 203 609 93 203 610 95 203 611 47 204 612 46 204 613 93 204 614 93 205 615 46 205 616 97 205 617 93 206 618 97 206 619 86 206 620 93 207 621 86 207 622 95 207 623 97 208 624 86 208 625 91 208 626 56 209 627 50 209 628 92 209 629 55 210 630 36 210 631 89 210 632 55 211 633 89 211 634 94 211 635 16 212 636 55 212 637 36 212 638 33 213 639 89 213 640 56 213 641 89 214 642 56 214 643 93 214 644 93 215 645 56 215 646 92 215 647 89 216 648 16 216 649 94 216 650 16 217 651 94 217 652 87 217 653 87 218 654 94 218 655 92 218 656 36 219 657 50 219 658 89 219 659 94 220 660 56 220 661 55 220 662 90 221 663 98 221 664 97 221 665 97 222 666 98 222 667 99 222 668 97 223 669 99 223 670 85 223 671 85 224 672 97 224 673 46 224 674 47 225 675 100 225 676 49 225 677 49 226 678 101 226 679 102 226 680 91 227 681 100 227 682 96 227 683 100 228 684 91 228 685 103 228 686 100 229 687 103 229 688 49 229 689 98 230 690 103 230 691 104 230 692 104 231 693 98 231 694 105 231 695 96 232 696 106 232 697 85 232 698 106 233 699 85 233 700 98 233 701 98 234 702 85 234 703 101 234 704 100 235 705 96 235 706 85 235 707 47 236 708 100 236 709 106 236 710 100 237 711 106 237 712 99 237 713 100 238 714 99 238 715 85 238 716 103 239 717 91 239 718 107 239 719 105 240 720 104 240 721 106 240 722 106 241 723 104 241 724 108 241 725 106 242 726 105 242 727 103 242 728 103 243 729 106 243 730 49 243 731 49 244 732 106 244 733 99 244 734 49 245 735 99 245 736 101 245 737 106 246 738 108 246 739 98 246 740 87 247 741 89 247 742 93 247 743 103 248 744 95 248 745 88 248 746 86 249 747 88 249 748 95 249 749 103 250 750 88 250 751 109 250 752 103 251 753 109 251 754 98 251 755 91 252 756 90 252 757 110 252 758 110 253 759 90 253 760 95 253 761 110 254 762 95 254 763 103 254 764 110 255 765 103 255 766 107 255 767 110 256 768 107 256 769 109 256 770 85 257 771 49 257 772 102 257 773 101 258 774 85 258 775 111 258 776 85 259 777 102 259 778 112 259 779 101 260 780 113 260 781 102 260 782 113 261 783 101 261 784 114 261 785 112 262 786 115 262 787 111 262 788 115 263 789 112 263 790 113 263 791 115 264 792 111 264 793 85 264 794 116 265 795 112 265 796 117 265 797 85 266 798 112 266 799 118 266 800 112 267 801 118 267 802 116 267 803 85 268 804 118 268 805 115 268 806 115 269 807 117 269 808 113 269 809 113 270 810 117 270 811 111 270 812 116 271 813 115 271 814 117 271 815 116 272 816 115 272 817 119 272 818 115 273 819 119 273 820 118 273 821 88 274 822 90 274 823 120 274 824 120 275 825 90 275 826 107 275 827 107 276 828 90 276 829 98 276 830 88 277 831 121 277 832 109 277 833 121 278 834 109 278 835 110 278 836 121 279 837 110 279 838 91 279 839 91 280 840 121 280 841 107 280 842 122 281 843 123 281 844 88 281 845 123 282 846 122 282 847 124 282 848 123 283 849 125 283 850 126 283 851 126 284 852 125 284 853 114 284 854 120 285 855 88 285 856 123 285 857 107 286 858 120 286 859 121 286 860 127 287 861 122 287 862 120 287 863 122 288 864 127 288 865 128 288 866 128 289 867 127 289 868 129 289 869 128 290 870 129 290 871 88 290 872 129 291 873 88 291 874 121 291 875 130 292 876 120 292 877 127 292 878 130 293 879 120 293 880 123 293 881 127 294 882 130 294 883 131 294 884 127 295 885 131 295 886 123 295 887 132 296 888 123 296 889 126 296 890 131 297 891 130 297 892 133 297 893 130 298 894 123 298 895 134 298 896 134 299 897 135 299 898 130 299 899 135 300 900 130 300 901 133 300 902 126 301 903 114 301 904 101 301 905 126 302 906 101 302 907 111 302 908 126 303 909 111 303 910 117 303 911 111 304 912 102 304 913 112 304 914 113 305 915 114 305 916 124 305 917 116 306 918 113 306 919 136 306 920 113 307 921 116 307 922 137 307 923 137 308 924 113 308 925 138 308 926 138 309 927 113 309 928 133 309 929 138 310 930 137 310 931 136 310 932 113 311 933 124 311 934 133 311 935 136 312 936 112 312 937 113 312 938 136 313 939 112 313 940 124 313 941 112 314 942 124 314 943 117 314 944 116 315 945 118 315 946 137 315 947 135 316 948 118 316 949 137 316 950 116 317 951 119 317 952 136 317 953 119 318 954 136 318 955 137 318 956 137 319 957 119 319 958 139 319 959 117 320 960 119 320 961 139 320 962 117 321 963 139 321 964 136 321 965 136 322 966 139 322 967 138 322 968 118 323 969 126 323 970 117 323 971 126 324 972 118 324 973 132 324 974 117 325 975 118 325 976 119 325 977 118 326 978 135 326 979 134 326 980 124 327 981 125 327 982 129 327 983 124 328 984 129 328 985 136 328 986 125 329 987 129 329 988 133 329 989 133 330 990 125 330 991 140 330 992 140 331 993 125 331 994 122 331 995 98 332 996 109 332 997 107 332 998 124 333 999 125 333 1000 123 333 1001 122 334 1002 128 334 1003 88 334 1004 127 335 1005 136 335 1006 129 335 1007 136 336 1008 127 336 1009 132 336 1010 132 337 1011 136 337 1012 133 337 1013 132 338 1014 133 338 1015 129 338 1016 129 339 1017 132 339 1018 140 339 1019 137 340 1020 133 340 1021 139 340 1022 139 341 1023 133 341 1024 134 341 1025 134 342 1026 133 342 1027 123 342 1028 141 343 1029 133 343 1030 123 343 1031 123 344 1032 141 344 1033 131 344 1034 141 345 1035 133 345 1036 127 345 1037 127 346 1038 141 346 1039 140 346 1040 129 347 1041 122 347 1042 140 347 1043 129 348 1044 122 348 1045 121 348 1046 133 349 1047 135 349 1048 137 349 1049 133 350 1050 140 350 1051 131 350 1052 140 351 1053 131 351 1054 141 351 1055 138 352 1056 133 352 1057 127 352 1058 127 353 1059 138 353 1060 132 353 1061 138 354 1062 132 354 1063 123 354 1064 138 355 1065 123 355 1066 118 355 1067 138 356 1068 139 356 1069 118 356 1070 139 357 1071 118 357 1072 134 357 1073 118 358 1074 132 358 1075 140 358 1076 24 359 1077 23 359 1078 21 359 1079 57 360 1080 58 360 1081 59 360 1082 95 361 1083 91 361 1084 97 361 1085 97 362 1086 95 362 1087 90 362 1088 101 363 1089 99 363 1090 98 363 1091 108 364 1092 98 364 1093 105 364 1094 108 365 1095 105 365 1096 103 365 1097 108 366 1098 103 366 1099 104 366 1100 122 367 1101 120 367 1102 121 367 1103 22 368 1104 18 368 1105 54 368 1106 18 369 1107 54 369 1108 25 369 1109 33 370 1110 56 370 1111 48 370 1112 96 371 1113 106 371 1114 47 371 1115 113 372 1116 111 372 1117 102 372 1118 117 373 1119 136 373 1120 133 373 1121 117 374 1122 133 374 1123 124 374 1124 118 375 1125 123 375 1126 127 375 1127 127 376 1128 118 376 1129 140 376 1130 122 377 1131 124 377 1132 114 377 1133 114 378 1134 122 378 1135 125 378 1136</p>
        </polylist>
      </mesh>
    </geometry>
    <geometry id="Leg2-mesh" name="Leg2">
      <mesh>
        <source id="Leg2-mesh-positions">
          <float_array id="Leg2-mesh-positions-array" count="426">-0.021408 -0.245682 0.056981 0.008064 -0.313035 0.075754 -0.020658 -0.312603 0.11582 -0.035463 -0.169436 0.057717 -0.019328 -0.407907 0.126138 -0.045895 -0.451225 0.117798 0.045286 -0.381678 0.111776 0.052506 -0.449306 0.124396 0.006477 -0.328501 0.15966 0.016293 -0.209138 0.104312 -0.006774 -0.210705 0.113829 -0.000449 -0.259727 0.033346 -0.003173 -0.294608 0.054685 -0.002336 -0.09607 -0.074607 0.005453 -0.117802 -0.057998 0.025598 -0.041284 -0.078674 0.035006 0.00428 -0.000596 -0.025662 -0.042936 -0.076263 -0.017487 -0.199303 0.079628 -0.026895 -0.111951 0.057964 -0.033933 0.032855 -0.087175 0.032478 -0.173676 0.062832 0.00108 -0.134689 0.093597 0.007505 -0.171066 0.099161 -0.011671 -0.166425 0.110659 -0.013755 -0.079973 0.071908 0.002058 -0.045063 -0.076633 0.014276 -0.046895 -0.066619 0.01152 -0.081363 -0.066431 0.02196 -0.084772 0.055979 0.022564 -0.087741 0.056045 -0.033829 -0.004567 -0.003514 -0.001419 -0.049641 0.076667 -0.018607 0.025549 0.037127 -0.018221 0.049438 0.024343 0.03571 -0.003507 -0.00599 0.018503 -0.00375 0.026979 0.000658 -0.098611 -0.074952 0.002604 -0.088557 -0.07766 0.04919 0.058785 -0.09818 0.000347 -0.042775 -0.080239 0.004391 -0.068515 -0.076535 -0.046344 0.042908 -0.085186 0.072138 0.071272 -0.084767 -0.073034 0.153501 -0.018704 -0.047747 0.043454 0.006465 -0.054519 0.057186 0.004885 -0.022705 0.091671 0.038333 -0.012894 0.053955 0.035368 -0.041133 0.162763 0.032989 -0.008986 0.009807 0.047399 -0.013075 -0.067312 0.070943 -0.001782 -0.097276 0.087848 -0.017612 -0.099325 0.070187 -0.019618 -0.078731 0.071011 0.02053 0.020834 0.029581 0.011164 0.022986 0.046215 0.005668 -0.032515 0.066575 0.012158 -0.062734 0.070284 0.001081 -0.073245 0.082402 -0.049203 -0.387764 0.121848 0.072546 -0.40597 0.224253 -0.017411 -0.40548 0.198072 -0.080214 -0.405723 0.230755 -0.050624 -0.380585 0.253162 -0.038671 -0.395626 0.275388 -0.092979 -0.368795 0.257297 -0.047537 -0.35296 0.280276 -0.088481 -0.467815 0.279393 0.055637 -0.37133 0.226483 0.021039 -0.374308 0.232903 -0.012843 -0.341667 0.233752 0.002631 -0.403069 0.302345 -0.01017 -0.419822 0.337589 0.000941 -0.35733 0.298496 0.03958 -0.396691 0.134453 0.090451 -0.375707 0.259359 0.050253 -0.355089 0.279551 0.054627 -0.454683 0.315317 0.089185 -0.476757 0.282931 -0.045675 -0.455925 0.322022 0.003795 -0.157185 0.126186 0.00345 -0.093616 0.136336 0.072074 0.142803 -0.020739 0.059164 0.048884 -0.00221 -0.048762 0.225657 0.028783 0.056962 0.082834 0.003149 0.014655 0.057412 0.036392 0.036872 0.192287 0.041962 0.024779 0.050532 0.025734 0.050158 0.192209 0.010954 0.004893 0.132502 0.059539 -0.013341 0.030838 0.053558 0.000715 0.052055 0.038766 0.020728 0.026828 0.046704 0.010299 0.065235 0.046741 -0.019724 0.103529 0.041021 -0.001964 0.098435 0.051178 -0.000443 0.226823 0.077329 -0.025241 0.25212 0.061795 -0.010131 0.092455 0.046812 -0.034855 0.231282 0.061158 -0.049485 0.259529 0.060245 0.001374 0.168837 0.073379 0.005499 0.176932 0.083689 -0.012731 0.177525 0.083267 -0.00047 0.185133 0.078666 0.012888 0.25655 0.068408 0.00521 0.19072 0.082772 0.022066 0.255046 0.064025 0.024808 0.17615 0.054178 -0.040064 0.276041 0.064919 -0.041724 0.288854 0.076468 -0.024496 0.290764 0.092266 -0.009118 0.231124 0.082457 -0.037901 0.35993 0.068104 -0.030484 0.318965 0.081605 -0.023058 0.347618 0.080459 -0.039132 0.371593 0.080269 -0.031361 0.357817 0.084105 0.054186 0.273575 0.04652 0.037725 0.245745 0.055423 0.04336 0.270516 0.066479 0.044226 0.356553 0.068849 -0.005021 0.236254 0.087154 0.016741 0.245176 0.080721 -0.004463 0.277957 0.098785 0.043395 0.3263 0.073526 0.04341 0.251508 0.07495 0.022423 0.294056 0.090253 0.04939 0.370845 0.063003 0.046708 0.370821 0.062684 0.018738 0.327279 0.087314 0.014598 0.297237 0.113985 0.034343 0.372706 0.086576 0.010719 0.346554 0.112838 -0.013892 0.295542 0.101544 -0.012534 0.34325 0.09729 0.005552 0.368812 0.090164 -0.004137 0.359835 0.092839 0.024481 0.289299 0.095297 0.028564 0.310689 0.097574</float_array>
          <technique_common>
            <accessor source="#Leg2-mesh-positions-array" count="142" stride="3">
              <param name="X" type="float"/>
              <param name="Y" type="float"/>
              <param name="Z" type="float"/>
            </accessor>
          </technique_common>
        </source>
        <source id="Leg2-mesh-normals">
          <float_array id="Leg2-mesh-normals-array" count="1137">-0.72396 -0.460065 -0.514026 -0.96618 -0.176293 -0.188192 0.822311 -0.433308 -0.368848 -0.006696 -0.467512 -0.883961 -0.136379 -0.195771 -0.97112 0.84788 0.518316 0.111573 0.996781 -0.080069 0.004091 0.331847 0.374239 0.865923 -0.780307 -0.137954 -0.609991 -0.794453 -0.270589 -0.543716 -0.539825 0.469581 0.698629 0.244509 -0.531945 -0.810709 0.807923 -0.342314 -0.479667 0.650374 -0.406589 -0.641638 0.993149 -0.099187 -0.061777 -0.772789 -0.355646 -0.525655 -0.909622 -0.266796 -0.318445 0.809838 0.200713 -0.55125 0.999129 0.041053 -0.00749 0.977101 0.130798 0.167828 -0.853884 -0.298236 -0.42654 0.588344 0.413984 0.6946 0.537179 -0.471809 -0.699167 0.935263 -0.19145 -0.297709 0.879548 -0.32537 -0.347174 -0.966728 -0.041525 0.252412 -0.772568 0.18547 0.60724 -0.607786 0.458766 0.648175 -0.904198 0.156362 0.397463 -0.302058 -0.035414 -0.952631 0.977319 0.054514 -0.204637 0.996575 -0.08196 0.01103 -0.016291 -0.038292 -0.999134 0.032077 0.249455 0.967855 -0.609317 0.169974 0.774495 0.931417 -0.072533 0.356652 0.685811 -0.27054 -0.675626 0.853714 0.184341 0.487022 -0.904336 0.156451 0.397114 -0.833993 0.263094 0.485013 -0.930999 -0.021203 0.364406 0.94479 -0.11472 -0.306939 0.995654 0.085468 0.036991 0.772853 -0.04147 -0.633229 -0.412047 -0.045986 -0.910002 -0.267802 -0.105513 -0.957679 -0.99245 0.061714 0.105989 -0.915796 -0.135521 -0.378089 -0.868138 -0.199276 -0.45456 0.920471 0.104415 0.376604 0.794216 0.188327 0.577714 0.294828 0.194881 0.935467 0.304173 0.196316 0.932169 -0.831237 0.288861 0.474978 0.041758 0.146842 0.988278 0.075876 0.173507 0.981905 -0.817729 0.003306 -0.575594 0.908446 0.021266 -0.417461 0.211536 0.025149 0.977047 0.569264 -0.081534 -0.818102 0.926318 0.143581 -0.34831 0.848798 0.057711 -0.525559 0.728177 -0.125757 -0.673753 0.043036 0.113542 0.992601 -0.018267 0.061572 0.997936 0.801918 -0.067347 -0.593627 -0.737682 0.0279 0.674572 -0.630464 0.012644 0.776116 -0.638141 -0.060263 0.767557 -0.99486 -0.02644 -0.097745 -0.97217 -0.234278 -0.000567 -0.973313 -0.2285 -0.021226 -0.957094 -0.286473 0.043644 0.595483 0.204258 -0.776967 0.491192 0.143375 -0.85917 0.058615 0.913511 -0.402569 -0.681836 -0.122529 0.72117 0.880074 -0.167985 -0.444129 0.421813 0.21786 0.88012 0.781966 -0.167124 -0.600499 0.746787 -0.090276 -0.658908 -0.508848 0.153667 0.84703 0.813777 0.226321 0.5353 -0.168321 -0.08561 0.982008 -0.918333 -0.109885 -0.380251 -0.778806 -0.162273 -0.605911 -0.815269 -0.224185 -0.533926 -0.65745 -0.27863 -0.700089 0.873049 0.052038 0.484848 0.778505 0.171687 0.603699 0.499617 -0.453141 -0.738273 0.746769 0.129303 0.652393 0.738092 0.138231 0.660388 -0.614247 -0.22475 -0.756431 0.189424 0.072362 -0.979225 -0.015387 -0.999299 0.034136 -0.508928 -0.814276 -0.279189 0.021126 -0.999227 0.03316 -0.699661 -0.707117 -0.102273 0.278928 -0.800791 0.530032 -0.949482 -0.119686 -0.290103 -0.263314 -0.963423 0.049825 -0.971231 0.213013 -0.106467 -0.935228 0.352821 -0.029409 -0.946946 -0.110369 -0.301847 0.155726 0.221864 0.962562 -0.750618 0.466479 0.467941 -0.275067 -0.19487 0.941469 0.17175 -0.820716 0.544909 0.787075 0.093708 0.609697 0.931514 -0.226011 0.284957 0.981246 0.035673 -0.18943 0.498293 0.698831 0.513166 -0.903437 0.331042 0.27242 0.926084 0.162419 0.34057 -0.097357 -0.20988 0.972868 -0.208023 0.962197 0.175795 0.873264 0.275308 0.402015 0.830124 0.49666 -0.253424 0.793858 0.197487 -0.575141 -0.607072 0.386497 0.694323 -0.851819 0.350984 0.388862 -0.666654 -0.684317 -0.295436 0.200612 0.954216 0.22187 0.004432 0.971007 0.239009 0.686518 -0.717904 -0.115361 0.95863 0.058872 0.278501 0.693896 0.719593 0.026364 0.927564 0.065248 0.367923 0.064175 0.727374 0.683234 0.994285 0.071978 0.078848 0.743284 0.657064 -0.125682 0.876701 0.411958 0.248366 0.918728 -0.100586 -0.381865 -0.663729 0.177795 0.726535 -0.995454 0.019779 0.093172 0.505208 -0.563904 -0.653282 -0.928211 -0.154082 -0.338649 0.863891 -0.136204 -0.484913 -0.31601 0.044007 -0.947735 -0.804234 0.138167 -0.578029 -0.817896 0.141728 0.557637 0.953244 -0.01028 -0.302027 0.694084 0.063207 -0.717114 0.697493 -0.213718 -0.68398 0.7286 -0.061888 -0.682138 -0.889171 -0.437967 0.132517 -0.327423 -0.150716 0.93278 -0.7991 -0.045464 0.599477 -0.820748 -0.138469 -0.554256 0.382406 -0.278908 0.880895 0.187744 0.405518 0.894599 0.540224 0.219676 0.812342 -0.666329 -0.1211 0.735758 -0.494713 -0.435627 0.75199 0.75158 0.546867 -0.368869 -0.315795 -0.543673 0.77762 0.962181 0.223208 0.156162 0.945133 0.298649 0.13241 -0.138746 0.024586 -0.990023 0.205848 -0.866604 0.454559 0.072375 0.665236 -0.743117 0.980328 -0.15807 -0.118198 -0.959857 0.250778 0.125635 -0.906769 0.41231 -0.08815 -0.840785 -0.070433 0.536768 0.851264 0.068468 -0.520252 0.862243 0.042136 -0.50474 -0.961709 0.27081 -0.042165 0.908402 -0.364527 0.204756 0.967393 -0.168442 0.189151 0.681754 -0.223761 0.696522 0.865459 -0.018676 0.500631 -0.862879 0.232748 -0.448628 -0.597661 -0.492366 0.632754 -0.588894 0.317276 -0.74333 -0.626207 0.081766 -0.775357 0.665593 -0.152289 0.730612 0.908421 0.153531 0.388843 -0.822025 0.000646 -0.569451 -0.997728 -0.059857 -0.030916 -0.733421 0.002883 -0.679768 -0.800897 -0.33577 0.495805 -0.801256 -0.335223 0.495595 0.1164 -0.828888 -0.54717 0.954341 -0.152781 -0.256693 0.808133 -0.584733 -0.070771 -0.957188 0.148446 0.248505 0.905391 -0.035174 -0.42312 0.121301 -0.250978 -0.960363 -0.163273 0.246005 -0.955418 0.140844 -0.228029 -0.963413 0.071528 -0.514029 -0.854785 0.640686 -0.482424 -0.597318 0.566213 -0.516457 -0.642398 -0.288963 0.392996 0.872957 -0.215472 0.409108 0.88668 -0.567166 -0.043787 0.822438 0.390768 0.202254 -0.897994 -0.36722 -0.167467 0.914934 0.717072 -0.376579 0.586511 0.226975 -0.105623 -0.968156 -0.258423 -0.142354 0.955486 -0.365757 0.661898 -0.654303 -0.519064 -0.298126 0.801058 0.523145 0.248394 -0.815242 -0.593542 0.175887 -0.785348 0.618896 -0.683853 0.386411 0.55301 -0.301903 0.776553 -0.20926 0.234686 -0.94928 0.962944 -0.105657 0.248145 0.989908 -0.136932 0.036493 0.866925 -0.122613 0.483122 0.172975 -0.641301 -0.747537 -0.460112 -0.371975 -0.806183 -0.370619 -0.35333 -0.858952 -0.963466 -0.065129 -0.25979 -0.953975 -0.24684 -0.170302 -0.22423 -0.351036 -0.909117 -0.580101 0.048432 -0.813104 0.341251 -0.888391 0.307099 0.750728 -0.140382 0.645523 -0.629032 -0.147994 0.763162 -0.740333 -0.157282 0.653582 0.617743 0.089715 -0.781246 -0.553753 -0.081245 0.828708 -0.566707 -0.268332 0.779 0.560003 0.05267 -0.826815 0.124478 -0.342632 0.931187 -0.669296 -0.152139 0.727253 -0.910919 -0.056373 0.408717 -0.018923 0.124219 0.992074 -0.759153 -0.116332 0.640432 0.708844 -0.023084 -0.704987 0.246494 0.931431 -0.267725 0.557505 0.049522 -0.828696 -0.535214 -0.224137 0.814438 -0.775647 -0.131333 0.617352 -0.754365 -0.131735 0.643102 0.883147 -0.08984 0.460414 -0.002824 0.520805 0.853671 -0.61076 0.039817 0.790814 0.462002 -0.225996 0.857601 -0.633417 -0.302727 0.712137 -0.720505 -0.093366 0.687135 0.676471 -0.3322 0.65729 -0.602266 0.025995 0.797872 -0.352253 0.597488 -0.720365 0.701296 -0.120251 0.702655 0.701542 -0.120312 0.702399 0.692273 -0.088453 0.716194 0.545084 -0.039971 0.837428 0.859717 -0.346122 0.375616 -0.876054 0.145427 -0.459762 -0.652887 0.135375 -0.74526 -0.640825 0.040676 -0.766609 -0.415653 0.09841 -0.904184 -0.988594 -0.113282 0.099239 0.900835 0.139375 -0.411182 -0.698331 0.479059 -0.531824 -0.59961 -0.286399 0.74729 -0.613138 -0.27962 0.738833 -0.983696 0.032076 -0.176953 -0.678137 0.121762 0.724778 0.977269 -0.017167 -0.211309 0.853657 -0.239759 -0.46237 -0.993344 0.025954 0.112224 0.3423 0.032414 -0.939031 -0.959866 0.147495 -0.238543 0.533566 -0.184897 -0.8253 -0.888613 0.114711 0.444081 0.541231 -0.173191 -0.822845 0.926793 0.044909 -0.372878 -0.864206 -0.404009 0.299875 0.897923 -0.212854 0.385262 -0.548149 0.357622 -0.756068 -0.749936 0.14244 -0.645992 0.358042 -0.233355 0.904075 0.434498 -0.096668 0.89547 -0.458936 0.100975 -0.882713 0.42965 -0.091918 0.898305 -0.969011 0.002955 0.246999 -0.410233 0.029243 -0.911512 -0.591632 0.060305 -0.80395 -0.246089 0.340802 -0.907356 -0.531941 0.159922 -0.831543 -0.465859 -0.007516 -0.884827 0.881254 -0.059793 0.468845 0.999983 0.000089 -0.005768 0.609032 0.01522 0.793 -0.278529 -0.443721 0.851783 0.805631 -0.156708 0.571316 -0.910529 0.025036 -0.412686 -0.814123 0.057772 -0.577812 -0.116682 0.243178 0.962938 0.883347 0.047823 0.466274 -0.695599 0.164557 -0.699331 0.099849 -0.597996 -0.795255 -0.837217 0.081255 -0.540801 0.818853 -0.199065 0.538381 -0.769698 -0.075273 -0.633956 0.625302 0.200765 -0.754116 0.67854 0.139552 -0.721185 0.689406 -0.00653 -0.724346 -0.570196 0.508066 -0.645558 -0.557491 -0.272718 0.78411 -0.684766 0.12596 0.717795 0.728778 -0.101275 -0.677219 0.601576 -0.210854 0.770485 -0.501249 0.21555 0.838026 0.268117 0.077979 0.960225 -0.441085 -0.238727 0.865132 -0.678525 0.090357 0.728999 -0.607218 -0.272045 0.746511 -0.257879 0.016311 0.96604 0.594597 0.077393 -0.80029 -0.553786 -0.019796 0.832424 0.7991 0.056551 -0.598533 -0.523386 0.090445 0.847282 0.307464 -0.388751 -0.868527 0.233142 0.490079 -0.839921 0.622706 -0.197004 -0.75725 -0.171699 -0.10654 -0.979372 0.502002 0.342874 0.793997 -0.040495 -0.208233 -0.977241 0.788533 0.531151 0.309992 -0.06887 0.737198 0.672158 0.357959 -0.218613 0.907785 0.284813 -0.185635 0.940437 0.928448 -0.172102 0.329189 0.776507 -0.316245 0.545001 0.672545 -0.335823 0.659474 0.439353 0.071701 0.895448 0.269669 0.036025 0.962279 0.992593 -0.047241 -0.111929 0.295381 0.281473 0.912975 0.482101 -0.105705 0.869716 -0.336038 0.650778 0.680857 0.946609 0.131051 0.294544 0.94649 0.077261 -0.31335 -0.081998 0.296836 0.951401 0.042645 0.33117 0.942607 0.857618 -0.038123 0.512873 -0.628379 -0.247338 -0.737539 -0.74874 -0.148863 -0.645932 0.580859 -0.798147 -0.159887 0.887333 -0.212938 0.409021 -0.818406 -0.545523 -0.1806 -0.40277 0.447899 -0.798225 -0.553303 -0.024163 0.83263 0.874919 -0.045683 0.482109 0.967031 -0.201221 0.156082 0.653675 0.312061 0.68944 0.488688 0.095624 0.867202 0.50465 0.101368 0.857352 0.127402 0.941963 -0.310603 0.167439 -0.443168 -0.880662 0.076817 -0.612482 -0.786743 -0.043312 -0.211772 -0.976359 0.316931 0.936417 0.150593 -0.614247 -0.22475 -0.756431 -0.188471 -0.198151 0.961881 0.517998 0.077485 0.851865 0.403039 -0.158415 -0.901368 -0.073773 0.137373 0.987768 0.33262 -0.420626 0.84406 -0.929791 0.005026 0.368055 -0.839519 0.368985 -0.398821 0.685552 -0.039834 -0.726933 0.136686 -0.06821 -0.988263 -0.280883 0.115513 0.952765 0.964351 -0.25687 0.063605 -0.867452 0.419041 0.2682 -0.397896 0.283274 0.872602 0.716812 0.074417 -0.693284 -0.160161 -0.146507 -0.976158 0.279057 0.376987 0.883181 0.628918 -0.734818 0.253977 0.343046 -0.707574 -0.617785</float_array>
          <technique_common>
            <accessor source="#Leg2-mesh-normals-array" count="379" stride="3">
              <param name="X" type="float"/>
              <param name="Y" type="float"/>
              <param name="Z" type="float"/>
            </accessor>
          </technique_common>
        </source>
        <source id="Leg2-mesh-map-0">
          <float_array id="Leg2-mesh-map-0-array" count="2274">0.404608 0.487515 0.396271 0.471213 0.405526 0.471213 0.030788 0.078903 0.049614 0.062987 0.048312 0.124397 0.412963 0.055844 0.390646 0.032781 0.403699 0.026159 0.390646 0.032781 0.412963 0.055844 0.398672 0.061612 0.494072 0.126314 0.483592 0.12911 0.483592 0.114191 0.178409 0.080745 0.177776 0.106039 0.151165 0.07996 0.151165 0.07996 0.177776 0.106039 0.153631 0.125422 0.359457 0.024732 0.367348 0.072069 0.357586 0.066659 0.030788 0.078903 0.048312 0.124397 0.020856 0.097945 0.030788 0.078903 0.020856 0.097945 0.026356 0.072397 0.294161 0.24315 0.281254 0.214701 0.274635 0.226083 0.241462 0.22079 0.257941 0.271894 0.245595 0.270286 0.294161 0.24315 0.314038 0.276667 0.335502 0.315617 0.294161 0.24315 0.335502 0.315617 0.274635 0.226083 0.274635 0.226083 0.335502 0.315617 0.305158 0.32714 0.020856 0.097945 0.00634 0.186073 0.000097 0.172797 0.00634 0.186073 0.020856 0.097945 0.048312 0.124397 0.448446 0.450317 0.442525 0.461553 0.441255 0.441142 0.196187 0.025596 0.196622 0.002253 0.263944 0.099406 0.263818 0.310027 0.259296 0.228192 0.26268 0.281283 0.095423 0.371534 0.102754 0.404721 0.10227 0.365196 0.102754 0.338747 0.107608 0.27821 0.109096 0.339511 0.288821 0.06245 0.341978 0.014317 0.33479 0.00911 0.341978 0.014317 0.288821 0.06245 0.346281 0.045037 0.346281 0.045037 0.288821 0.06245 0.279538 0.102789 0.196622 0.002253 0.183574 0.009528 0.196187 0.025596 0.458796 0.019607 0.464375 0.005311 0.465237 0.028517 0.349171 0.089454 0.353289 0.081656 0.364052 0.085509 0.349171 0.089454 0.354421 0.090652 0.351375 0.103144 0.202138 0.43029 0.1852 0.402033 0.204822 0.395682 0.261619 0.433747 0.268077 0.445836 0.266879 0.421252 0.305158 0.32714 0.268077 0.261592 0.274635 0.226083 0.000097 0.172797 0.00634 0.186073 0.007853 0.187591 0.186224 0.350845 0.196747 0.347474 0.193461 0.383461 0.279844 0.09452 0.288821 0.06245 0.283276 0.102281 0.243071 0.306309 0.245595 0.270286 0.253244 0.28769 0.257941 0.271894 0.253244 0.28769 0.245595 0.270286 0.142328 0.223272 0.142111 0.18631 0.134384 0.182856 0.045227 0.185915 0.048312 0.124397 0.057724 0.140603 0.045227 0.185915 0.057724 0.140603 0.071184 0.158491 0.045227 0.185915 0.071184 0.158491 0.064818 0.189289 0.134134 0.310446 0.133358 0.25529 0.149451 0.294149 0.227797 0.080411 0.196187 0.025596 0.263944 0.099406 0.395883 0.382564 0.410509 0.387647 0.397015 0.409145 0.11384 0.49738 0.11384 0.48474 0.122229 0.488854 0.483099 0.46237 0.478026 0.477197 0.478026 0.457383 0.279538 0.102789 0.346281 0.045037 0.314727 0.116436 0.375517 0.06528 0.377078 0.002246 0.37746 0.037184 0.314727 0.116436 0.34252 0.087977 0.328419 0.114413 0.116631 0.322643 0.116199 0.286622 0.121906 0.242661 0.153631 0.125422 0.142111 0.18631 0.131911 0.183131 0.367348 0.072069 0.358026 0.134101 0.358892 0.102916 0.367348 0.072069 0.358892 0.102916 0.364052 0.085509 0.466835 0.168244 0.469583 0.172394 0.473194 0.16237 0.12544 0.379828 0.138905 0.349836 0.160268 0.350574 0.12544 0.379828 0.160268 0.350574 0.170172 0.391505 0.478173 0.283487 0.479107 0.300828 0.477124 0.303954 0.478173 0.283487 0.479107 0.300828 0.47904 0.287328 0.306117 0.4734 0.309317 0.452042 0.31062 0.462767 0.183281 0.407542 0.183574 0.427297 0.178712 0.413523 0.097534 0.466556 0.100811 0.452538 0.094803 0.463345 0.094803 0.463345 0.100811 0.452538 0.095851 0.454075 0.095851 0.454075 0.100811 0.452538 0.094803 0.442036 0.387432 0.409147 0.390251 0.385355 0.351746 0.40772 0.351746 0.40772 0.390251 0.385355 0.364845 0.359206 0.466835 0.168244 0.466835 0.152302 0.473194 0.16237 0.124847 0.48474 0.122229 0.49725 0.126363 0.490532 0.124847 0.48474 0.126363 0.490532 0.132189 0.49725 0.28128 0.499775 0.283555 0.489876 0.275626 0.489876 0.00634 0.186073 0.048312 0.124397 0.045227 0.185915 0.00634 0.186073 0.052834 0.240354 0.011543 0.224314 0.045684 0.200216 0.052834 0.240354 0.00634 0.186073 0.045684 0.200216 0.00634 0.186073 0.045227 0.185915 0.133969 0.319251 0.125604 0.315126 0.129392 0.308635 0.491053 0.421132 0.491053 0.43428 0.495093 0.429615 0.400331 0.129174 0.392166 0.124319 0.400331 0.120982 0.05868 0.20427 0.072571 0.210554 0.082022 0.233905 0.435764 0.074997 0.442668 0.08094 0.43812 0.106992 0.435764 0.074997 0.423865 0.092625 0.43812 0.106992 0.127319 0.286476 0.133358 0.25529 0.134134 0.310446 0.489216 0.030414 0.489216 0.016738 0.497483 0.022099 0.318341 0.441889 0.3219 0.417518 0.324219 0.451433 0.131911 0.183131 0.142111 0.18631 0.13628 0.209267 0.310469 0.441427 0.324219 0.451433 0.318341 0.441889 0.142328 0.223272 0.13372 0.187878 0.13048 0.206501 0.13048 0.206501 0.13372 0.187878 0.125666 0.189752 0.266223 0.218916 0.267442 0.215812 0.267442 0.236411 0.200326 0.376876 0.206134 0.346083 0.210791 0.377032 0.36612 0.159121 0.358026 0.134101 0.372131 0.162313 0.452517 0.15834 0.456262 0.145007 0.452517 0.129174 0.390309 0.356914 0.390309 0.340621 0.393196 0.34639 0.474024 0.4614 0.467807 0.478483 0.475424 0.465686 0.318532 0.489444 0.31472 0.485144 0.324219 0.487348 0.46603 0.345102 0.461736 0.335598 0.46603 0.329488 0.034306 0.004463 0.040047 0.031558 0.036844 0.023983 0.013782 0.354322 0.003733 0.297412 0.039639 0.332234 0.424229 0.468695 0.421814 0.485808 0.40753 0.468695 0.013782 0.354322 0.039639 0.332234 0.069088 0.344666 0.061636 0.326017 0.039639 0.332234 0.066481 0.313554 0.039639 0.332234 0.061636 0.326017 0.06725 0.338369 0.150469 0.320873 0.162158 0.285666 0.173597 0.295672 0.46705 0.462452 0.451274 0.482319 0.46705 0.482753 0.091405 0.011405 0.109017 0.022894 0.049614 0.062987 0.091405 0.011405 0.049614 0.062987 0.040047 0.031558 0.179707 0.281114 0.162158 0.285666 0.155833 0.252868 0.076917 0.320592 0.095887 0.287909 0.096755 0.333171 0.448172 0.129524 0.448301 0.159069 0.452152 0.149181 0.01927 0.304728 0.039639 0.332234 0.003733 0.297412 0.125604 0.324992 0.136462 0.334804 0.125604 0.336265 0.380104 0.300941 0.385824 0.283087 0.393077 0.299707 0.451274 0.496898 0.451332 0.482753 0.465009 0.496898 0.211884 0.286514 0.230057 0.289662 0.224056 0.267742 0.22199 0.250417 0.230057 0.289662 0.22053 0.231962 0.22053 0.231962 0.241913 0.269781 0.230057 0.289662 0.450102 0.088916 0.457532 0.071314 0.462804 0.092293 0.150469 0.327719 0.163974 0.320873 0.163974 0.336267 0.125359 0.446033 0.118411 0.452138 0.132319 0.466197 0.171941 0.064064 0.178409 0.080745 0.146201 0.067735 0.171941 0.064064 0.146201 0.067735 0.132853 0.037264 0.132853 0.037264 0.146201 0.067735 0.115039 0.03763 0.260373 0.352703 0.243359 0.378437 0.245531 0.36048 0.372739 0 0.359457 0.024732 0.36271 0.00706 0.203997 0.307766 0.201838 0.283003 0.189904 0.289316 0.393077 0.299707 0.393605 0.323174 0.387483 0.331398 0.393077 0.299707 0.387483 0.331398 0.380104 0.300941 0.405526 0.448634 0.405526 0.471213 0.397745 0.460694 0.201496 0.242887 0.201838 0.283003 0.185439 0.252016 0.478137 0.340927 0.478137 0.357233 0.4728 0.34749 0.205938 0.21698 0.201496 0.242887 0.185439 0.252016 0.360617 0.30284 0.349157 0.333748 0.362062 0.337475 0.356062 0.244544 0.377574 0.224819 0.373235 0.269067 0.356062 0.244544 0.373235 0.269067 0.368078 0.283087 0.268077 0.435199 0.279908 0.441926 0.274689 0.419598 0.132853 0.037264 0.115039 0.03763 0.128687 0.005653 0.252093 0.321501 0.260373 0.352703 0.245531 0.36048 0.144997 0.399589 0.137999 0.436793 0.13114 0.421054 0.327282 0.421455 0.334582 0.442284 0.324217 0.45006 0.404938 0.091777 0.403768 0.066303 0.395274 0.101396 0.376695 0.316473 0.360617 0.30284 0.362062 0.337475 0.441315 0.238399 0.43324 0.245674 0.434987 0.209001 0.441315 0.238399 0.434987 0.209001 0.444809 0.214174 0.049614 0.062987 0.071934 0.051802 0.048312 0.124397 0.029293 0.418661 0.020957 0.409423 0.02303 0.44536 0.364052 0.085509 0.367348 0.072069 0.349171 0.089454 0.410509 0.387647 0.395883 0.382564 0.400428 0.364761 0.040282 0.431053 0.03217 0.408848 0.04238 0.405089 0.260953 0.475495 0.255051 0.482021 0.256205 0.463221 0.065087 0.097515 0.07675 0.11119 0.07288 0.122185 0.065087 0.097515 0.07288 0.122185 0.068459 0.114221 0.461736 0.348666 0.45598 0.333096 0.461736 0.319854 0.341939 0.476143 0.349157 0.488114 0.340125 0.487322 0.358892 0.102916 0.351375 0.103144 0.354421 0.090652 0.358892 0.102916 0.354421 0.090652 0.364052 0.085509 0.456254 0.11943 0.449509 0.101124 0.460041 0.096695 0.473453 0.195507 0.480427 0.201624 0.472378 0.208753 0.480427 0.201624 0.472378 0.208753 0.482894 0.204814 0.460313 0.434486 0.452974 0.451103 0.457913 0.454232 0.263944 0.099406 0.234071 0.147845 0.226347 0.103991 0.263944 0.099406 0.226347 0.103991 0.227797 0.080411 0.12544 0.379828 0.122225 0.387876 0.170172 0.391505 0.35523 0.372767 0.364845 0.359206 0.351746 0.40772 0.444809 0.209001 0.450501 0.22177 0.444809 0.241376 0.278061 0.140835 0.302591 0.172785 0.31798 0.136139 0.31798 0.136139 0.278061 0.140835 0.279538 0.102789 0.31798 0.136139 0.279538 0.102789 0.314727 0.116436 0.045684 0.200216 0.086188 0.25665 0.052834 0.240354 0.045684 0.200216 0.086188 0.25665 0.082022 0.233905 0.226347 0.103991 0.234071 0.147845 0.210595 0.165344 0.301113 0.347663 0.335502 0.315617 0.305158 0.32714 0.301113 0.347663 0.335502 0.315617 0.342245 0.357036 0.301113 0.347663 0.342245 0.357036 0.307116 0.379984 0.123819 0.233584 0.142328 0.223272 0.115518 0.233532 0.278052 0.398554 0.301113 0.347663 0.307116 0.379984 0.314727 0.116436 0.328419 0.114413 0.328636 0.124753 0.314727 0.116436 0.328636 0.124753 0.325219 0.140225 0.383231 0.265169 0.395103 0.247111 0.401502 0.257726 0.401502 0.257726 0.395103 0.247111 0.400106 0.232444 0.219562 0.495972 0.21621 0.484582 0.21481 0.493997 0.307116 0.379984 0.292958 0.398427 0.278052 0.398554 0.321331 0.186475 0.302591 0.172785 0.31798 0.136139 0.32955 0.188767 0.31798 0.136139 0.332022 0.15703 0.405993 0.209001 0.400106 0.232444 0.391381 0.216014 0.149451 0.294149 0.126527 0.296638 0.133969 0.319251 0.045227 0.185915 0.06829 0.185356 0.05868 0.20427 0.370767 0.472206 0.378976 0.487788 0.372946 0.485891 0.489026 0.353787 0.496473 0.343921 0.489026 0.339715 0.38457 0.475368 0.394053 0.471165 0.385485 0.485614 0.42486 0.120324 0.437631 0.110898 0.438134 0.128918 0.182975 0.436662 0.182317 0.455576 0.178686 0.452609 0.397745 0.448634 0.384283 0.471165 0.378976 0.448634 0.467836 0.209001 0.468876 0.225517 0.473656 0.218321 0.267474 0.469106 0.267474 0.445836 0.263434 0.451794 0.436557 0.382094 0.444561 0.38863 0.429633 0.394667 0.4265 0.462601 0.431438 0.457896 0.429678 0.447717 0.28702 0.481242 0.287589 0.488215 0.295329 0.474218 0.353235 0.165086 0.358026 0.134101 0.360253 0.164487 0.360253 0.164487 0.358026 0.134101 0.36612 0.159121 0.145483 0.400971 0.154667 0.399589 0.147828 0.411168 0.154667 0.399589 0.147828 0.411168 0.160372 0.409267 0.295329 0.474218 0.295329 0.489659 0.287589 0.488215 0.16501 0.48651 0.165617 0.497002 0.158458 0.497368 0.400331 0.129072 0.400331 0.120982 0.404629 0.126102 0.26148 0.485881 0.26148 0.497319 0.268746 0.494453 0.200326 0.386289 0.200326 0.377032 0.203345 0.38107 0.456442 0.306334 0.447215 0.313455 0.466067 0.294406 0.466067 0.294406 0.447215 0.313455 0.451848 0.294111 0.466067 0.294406 0.451848 0.294111 0.450257 0.284476 0.466067 0.294406 0.450257 0.284476 0.466073 0.289065 0.383231 0.22518 0.400106 0.232444 0.391381 0.216014 0.486517 0.167477 0.491213 0.171967 0.491213 0.164874 0.47873 0.239253 0.484196 0.229425 0.481129 0.248794 0.47873 0.239253 0.481129 0.248794 0.473656 0.242287 0.328636 0.124753 0.338151 0.111045 0.328419 0.114413 0.469942 0.491986 0.482169 0.478887 0.467807 0.478483 0.490415 0.299323 0.493362 0.286033 0.493675 0.299502 0.385485 0.485614 0.378976 0.474639 0.38457 0.475368 0.325219 0.140225 0.328636 0.124753 0.340683 0.12336 0.142328 0.223272 0.121843 0.215695 0.123819 0.233584 0.193995 0.449411 0.204032 0.438554 0.190368 0.436699 0.430796 0.357297 0.436557 0.382094 0.429633 0.394667 0.487889 0.196535 0.494703 0.196527 0.494729 0.204976 0.389376 0.159973 0.372829 0.13788 0.377808 0.188602 0.482343 0.33962 0.484037 0.32251 0.478217 0.319854 0.482343 0.33962 0.478217 0.319854 0.478217 0.337499 0.210595 0.165344 0.204062 0.118593 0.208398 0.13054 0.073255 0.208768 0.089416 0.220488 0.082022 0.233905 0.082022 0.233905 0.104785 0.25095 0.10692 0.261011 0.366822 0.45972 0.378976 0.460712 0.375045 0.470677 0.378976 0.460712 0.366822 0.45972 0.373139 0.450396 0.089416 0.220488 0.104894 0.229769 0.082022 0.233905 0.146512 0.497579 0.154954 0.490557 0.146512 0.486101 0.43661 0.178779 0.434674 0.197512 0.426461 0.181862 0.464786 0.249139 0.469785 0.254036 0.464786 0.272955 0.433929 0.145234 0.44239 0.150973 0.440304 0.13312 0.38314 0.498413 0.382886 0.487788 0.372947 0.498413 0.105058 0.356631 0.112713 0.344223 0.109315 0.376924 0.449021 0.034519 0.44591 0.007975 0.450869 0.006172 0.348584 0.429374 0.3376 0.431072 0.346712 0.450098 0.105058 0.356631 0.102754 0.396965 0.109315 0.376924 0.420502 0.164824 0.417738 0.170827 0.411395 0.129174 0.486682 0.310441 0.491635 0.302817 0.491635 0.317958 0.429263 0.196603 0.43661 0.178779 0.436002 0.184993 0.45493 0.201364 0.45493 0.208785 0.457898 0.207282 0.104894 0.229769 0.111557 0.244302 0.082022 0.233905 0.082022 0.233905 0.111557 0.244302 0.10903 0.257842 0.082022 0.233905 0.10903 0.257842 0.09867 0.259087 0.429263 0.196603 0.436002 0.184993 0.434674 0.197512 0.341719 0.45015 0.334113 0.468353 0.331228 0.461773 0.26836 0.378777 0.280927 0.365105 0.278052 0.398554 0.165783 0.431225 0.146454 0.430175 0.160372 0.409267 0.433665 0.179002 0.449752 0.182599 0.447454 0.208489 0.433665 0.179002 0.447454 0.208489 0.434674 0.197512 0.440873 0.06494 0.435419 0.048344 0.440569 0.04559 0.478138 0.210193 0.483145 0.209666 0.483145 0.229425 0.478138 0.210193 0.483145 0.229425 0.473656 0.217562 0.426461 0.15964 0.420502 0.164824 0.411395 0.129174 0.426461 0.15964 0.411395 0.129174 0.4192 0.130413 0.086188 0.25665 0.082022 0.233905 0.10692 0.261011 0.195837 0.166117 0.210595 0.165344 0.193133 0.179406 0.419714 0.029188 0.419316 0.004095 0.42953 0.015176 0.477678 0.147028 0.475763 0.130148 0.483197 0.137451 0.489972 0.0137 0.489972 0 0.496105 0.002623 0.184774 0.171073 0.19033 0.210675 0.193133 0.179406 0.483592 0.116953 0.483592 0.096695 0.477766 0.104905 0.19033 0.210675 0.193133 0.179406 0.210595 0.165344 0.424224 0.033662 0.42953 0.015176 0.434206 0.032299 0.419714 0.029188 0.42953 0.015176 0.419316 0.045082 0.291311 0.427702 0.283209 0.417518 0.293061 0.446923 0.210595 0.165344 0.190613 0.215791 0.19033 0.210675 0.017861 0.47464 0.011142 0.487479 0.011142 0.470724 0.486682 0.302817 0.486682 0.319555 0.479107 0.310497 0.424224 0.033662 0.429355 0.041397 0.434206 0.032299 0.474629 0.191746 0.472378 0.181959 0.481631 0.18108 0.472378 0.181959 0.481631 0.18108 0.483011 0.1725 0.278052 0.398554 0.286751 0.41009 0.282118 0.417518 0.394672 0.131505 0.39572 0.159366 0.378331 0.129901 0.378331 0.129901 0.389376 0.159973 0.372829 0.13788 0.456487 0.030648 0.451064 0.007461 0.456487 0 0.411176 0.416721 0.405831 0.409145 0.405878 0.441652 0.089347 0.436081 0.093534 0.424461 0.084736 0.409355 0.084736 0.409355 0.089347 0.436081 0.076716 0.432851 0.007892 0.409604 0.014614 0.392915 0.013596 0.405695 0.014614 0.392915 0.007892 0.409604 0 0.404345 0.223214 0.443691 0.213974 0.46419 0.209427 0.448808 0.209427 0.448808 0.213974 0.46419 0.204802 0.464272 0.085878 0.388255 0.076716 0.409355 0.07715 0.361138 0.076716 0.432851 0.094725 0.448612 0.089347 0.436081 0.432558 0.065057 0.429482 0.055775 0.433248 0.051296 0.465548 0.11136 0.460041 0.123337 0.460041 0.096695 0.432253 0.211493 0.426393 0.238027 0.420312 0.224931 0.062079 0.475408 0.069437 0.466896 0.069437 0.485425 0.442783 0.076028 0.442726 0.10104 0.449509 0.087862 0.411395 0.182801 0.408399 0.154377 0.398011 0.160834 0.093392 0.355644 0.085878 0.388255 0.07715 0.361138 0.471821 0.295334 0.466073 0.306385 0.466098 0.283087 0.426393 0.238027 0.432253 0.245804 0.421973 0.256035 0.219633 0.433123 0.223214 0.443691 0.209427 0.448808 0.0438 0.405089 0.029293 0.404086 0.057773 0.386844 0.36599 0.206297 0.365441 0.198989 0.370252 0.195863 0.413526 0.436315 0.425281 0.415802 0.413626 0.443051 0.034034 0.380181 0.032201 0.404695 0.057773 0.386844 0.473737 0.149525 0.481295 0.164513 0.473737 0.169968 0.029293 0.392832 0.017877 0.409423 0.017923 0.378073 0.029293 0.392832 0.017923 0.378073 0.022735 0.367051 0.253795 0.462992 0.253589 0.46944 0.243812 0.467023 0.487809 0.193469 0.485311 0.207826 0.483011 0.190186 0.45598 0.348666 0.45598 0.35642 0.4593 0.350717 0.055434 0.364488 0.051123 0.357426 0.045873 0.370528 0.045873 0.370528 0.055434 0.364488 0.033014 0.382262 0.033014 0.382262 0.055434 0.364488 0.057594 0.384235 0.48933 0.457383 0.483099 0.466881 0.487388 0.473139 0.467562 0.248136 0.464265 0.239803 0.467562 0.233646 0.473638 0.428157 0.469482 0.433441 0.469482 0.426498 0.4987 0.249139 0.493606 0.253555 0.4987 0.261885 0.408011 0.268152 0.412574 0.257298 0.408498 0.282381 0.051123 0.357426 0.030663 0.362648 0.045873 0.370528 0.034034 0.380181 0.030663 0.362648 0.045873 0.370528 0.224884 0.428191 0.207647 0.421389 0.224438 0.424227 0.207647 0.421389 0.224438 0.424227 0.220223 0.417484 0.220223 0.417484 0.207647 0.421389 0.211025 0.40699 0.03632 0.362574 0.029524 0.369373 0.035507 0.375901 0.03632 0.362574 0.035507 0.375901 0.051189 0.365687 0.051189 0.365687 0.035507 0.375901 0.033014 0.382262 0.02547 0.357471 0.029293 0.392832 0.022735 0.367051 0.227715 0.435481 0.240685 0.46334 0.227079 0.461765 0.414046 0.181707 0.425287 0.177489 0.416738 0.176847 0.365441 0.169357 0.370667 0.173665 0.370252 0.195863 0.461911 0.241218 0.456497 0.246464 0.452058 0.238262 0.409729 0.209001 0.420312 0.224931 0.408011 0.219802 0.469405 0.382295 0.466345 0.37107 0.461756 0.372254 0.489083 0.440775 0.483483 0.452038 0.483483 0.434486 0.470482 0.021308 0.474669 0.033052 0.470482 0.034472 0.434674 0.197512 0.447454 0.208489 0.439763 0.208489 0.069437 0.466896 0.073249 0.474607 0.069437 0.484414 0.279115 0.455873 0.285083 0.456376 0.279401 0.469274 0.426393 0.238027 0.408011 0.219802 0.420312 0.224931 0.21933 0.339492 0.219408 0.355703 0.216714 0.357237 0.484037 0.337255 0.489066 0.320681 0.484037 0.319854 0.469405 0.357297 0.461756 0.372254 0.466345 0.37107 0.491053 0.421132 0.491053 0.434385 0.487062 0.427648 0.220223 0.417484 0.227737 0.397916 0.211025 0.40699 0.211025 0.40699 0.227737 0.397916 0.207205 0.39635 0.207205 0.39635 0.227737 0.397916 0.204802 0.385932 0.229074 0.390903 0.227737 0.397916 0.204802 0.385932 0.411176 0.466333 0.411176 0.441778 0.405841 0.443389 0.053848 0.391593 0.057594 0.384235 0.040964 0.394591 0.07145 0.378362 0.069258 0.366114 0.07145 0.357426 0.17586 0.470057 0.180118 0.475158 0.170241 0.472216 0.438099 0.283087 0.43607 0.298025 0.431104 0.310248 0.057773 0.386844 0.034034 0.380181 0.045873 0.370528 0.477319 0.258743 0.484822 0.249139 0.484477 0.264399 0.472343 0.095844 0.478702 0.087688 0.472343 0.08643 0.033014 0.382262 0.057594 0.384235 0.040964 0.394591 0.389566 0.208974 0.389566 0.192331 0.38465 0.200986 0.489166 0.228886 0.496651 0.224521 0.496651 0.232848 0.474782 0.109592 0.469573 0.118808 0.469573 0.096695 0.033014 0.382262 0.035507 0.375901 0.030663 0.362648 0.211025 0.40699 0.204802 0.413871 0.207205 0.39635 0.094851 0.442036 0.100364 0.4161 0.094851 0.404721 0.31472 0.485144 0.323881 0.474049 0.324219 0.487348 0.46603 0.345102 0.461736 0.335598 0.465418 0.319854 0.160372 0.409267 0.147828 0.411168 0.15452 0.408746 0.442726 0.128842 0.448007 0.117842 0.442726 0.10104 0.469573 0.129072 0.472757 0.123567 0.469573 0.118808 0.436002 0.184993 0.434674 0.197512 0.426461 0.181862 0.476758 0.42487 0.476758 0.434357 0.473943 0.431697 0.436002 0.184993 0.433665 0.179002 0.43661 0.178779 0.43607 0.298025 0.441369 0.311249 0.431104 0.310248 0.040282 0.431053 0.03217 0.408848 0.033268 0.444044 0.18004 0.353612 0.182847 0.377969 0.18004 0.385602 0.261481 0.46579 0.263434 0.451794 0.267474 0.469106 0.469128 0.330461 0.467427 0.319854 0.467757 0.341958 0.448885 0.335186 0.443538 0.336421 0.441369 0.35617 0.467836 0.233646 0.464265 0.226848 0.467836 0.209001 0.173245 0.3464 0.173245 0.320873 0.175446 0.327449 0.468767 0.0899 0.464103 0.070782 0.468767 0.06528 0.295329 0.432003 0.310469 0.451863 0.310469 0.417518 0.48933 0.457383 0.497022 0.466093 0.48933 0.47106 0.112153 0.309525 0.112153 0.323929 0.113152 0.318637</float_array>
          <technique_common>
            <accessor source="#Leg2-mesh-map-0-array" count="1137" stride="2">
              <param name="S" type="float"/>
              <param name="T" type="float"/>
            </accessor>
          </technique_common>
        </source>
        <vertices id="Leg2-mesh-vertices">
          <input semantic="POSITION" source="#Leg2-mesh-positions"/>
        </vertices>
        <polylist material="Material_-1-material" count="6">
          <input semantic="VERTEX" source="#Leg2-mesh-vertices" offset="0"/>
          <input semantic="NORMAL" source="#Leg2-mesh-normals" offset="1"/>
          <input semantic="TEXCOORD" source="#Leg2-mesh-map-0" offset="2" set="0"/>
          <vcount>3 3 3 3 3 3 3 3 3 3 3 3 3 3 3 3 3 3 3 3 3 3 3 3 3 3 3 3 3 3 3 3 3 3 3 3 3 3 3 3 3 3 3 3 3 3 3 3 3 3 3 3 3 3 3 3 3 3 3 3 3 3 3 3 3 3 3 3 3 3 3 3 3 3 3 3 3 3 3 3 3 3 3 3 3 3 3 3 3 3 3 3 3 3 3 3 3 3 3 3 3 3 3 3 3 3 3 3 3 3 3 3 3 3 3 3 3 3 3 3 3 3 3 3 3 3 3 3 3 3 3 3 3 3 3 3 3 3 3 3 3 3 3 3 3 3 3 3 3 3 3 3 3 3 3 3 3 3 3 3 3 3 3 3 3 3 3 3 3 3 3 3 3 3 3 3 3 3 3 3 3 3 3 3 3 3 3 3 3 3 3 3 3 3 3 3 3 3 3 3 3 3 3 3 3 3 3 3 3 3 3 3 3 3 3 3 3 3 3 3 3 3 3 3 3 3 3 3 3 3 3 3 3 3 3 3 3 3 3 3 3 3 3 3 3 3 3 3 3 3 3 3 3 3 3 3 3 3 3 3 3 3 3 3 3 3 3 3 3 3 3 3 3 3 3 3 3 3 3 3 3 3 3 3 3 3 3 3 3 3 3 3 3 3 3 3 3 3 3 3 3 3 3 3 3 3 3 3 3 3 3 3 3 3 3 3 3 3 3 3 3 3 3 3 3 3 3 3 3 3 3 3 3 3 3 3 3 3 3 3 3 3 3 3 3 3 3 3 3 3 3 3 3 3 3 3 3 3 3 3 3 3 3 3 3 3 3 3 3 3 3 3 3 3 3 3 3 3 3</vcount>
          <p>0 0 0 1 0 1 2 0 2 0 1 3 2 1 4 3 1 5 1 2 6 4 2 7 5 2 8 4 3 9 1 3 10 6 3 11 4 4 12 6 4 13 7 4 14 6 5 15 1 5 16 8 5 17 8 6 18 1 6 19 9 6 20 8 7 21 9 7 22 10 7 23 0 8 24 3 8 25 11 8 26 0 9 27 11 9 28 12 9 29 11 10 30 12 10 31 1 10 32 11 11 33 13 11 34 14 11 35 11 12 36 14 12 37 15 12 38 11 13 39 15 13 40 1 13 41 1 14 42 15 14 43 16 14 44 11 15 45 17 15 46 13 15 47 17 16 48 11 16 49 3 16 50 1 17 51 0 17 52 18 17 53 19 18 54 0 18 55 20 18 56 20 19 57 0 19 58 17 19 59 0 20 60 17 20 61 12 20 62 17 21 63 12 21 64 14 21 65 14 22 66 1 22 67 12 22 68 1 23 69 14 23 70 21 23 71 21 24 72 14 24 73 15 24 74 0 25 75 18 25 76 19 25 77 3 26 78 8 26 79 22 26 80 3 27 81 10 27 82 23 27 83 3 28 84 24 28 85 25 28 86 1 29 87 18 29 88 21 29 89 18 30 90 19 30 91 8 30 92 16 31 93 9 31 94 1 31 95 13 32 96 17 32 97 26 32 98 17 33 99 14 33 100 26 33 101 26 34 102 14 34 103 27 34 104 27 35 105 14 35 106 28 35 107 13 36 108 28 36 109 14 36 110 16 37 111 29 37 112 30 37 113 31 38 114 3 38 115 25 38 116 31 39 117 25 39 118 32 39 119 31 40 120 32 40 121 33 40 122 34 41 123 19 41 124 31 41 125 31 42 126 19 42 127 20 42 128 22 43 129 19 43 130 25 43 131 18 44 132 25 44 133 29 44 134 18 45 135 29 45 136 21 45 137 15 46 138 21 46 139 35 46 140 35 47 141 21 47 142 30 47 143 35 48 144 30 48 145 36 48 146 16 49 147 29 49 148 9 49 149 9 50 150 29 50 151 32 50 152 9 51 153 32 51 154 22 51 155 9 52 156 22 52 157 23 52 158 38 53 159 37 53 160 28 53 161 20 54 162 17 54 163 15 54 164 20 55 165 15 55 166 39 55 167 26 56 168 38 56 169 37 56 170 26 57 171 38 57 172 40 57 173 26 58 174 37 58 175 41 58 176 13 59 177 26 59 178 28 59 179 26 60 180 28 60 181 40 60 182 40 61 183 28 61 184 41 61 185 41 62 186 28 62 187 37 62 188 17 63 189 15 63 190 42 63 191 42 64 192 15 64 193 43 64 194 38 65 195 27 65 196 28 65 197 38 66 198 27 66 199 41 66 200 38 67 201 41 67 202 40 67 203 41 68 204 27 68 205 26 68 206 17 69 207 3 69 208 31 69 209 17 70 210 44 70 211 42 70 212 45 71 213 44 71 214 17 71 215 45 72 216 17 72 217 31 72 218 46 73 219 47 73 220 45 73 221 45 74 222 46 74 223 34 74 224 34 75 225 45 75 226 48 75 227 45 76 228 47 76 229 49 76 230 25 77 231 19 77 232 50 77 233 25 78 234 29 78 235 50 78 236 50 79 237 19 79 238 34 79 239 51 80 240 52 80 241 53 80 242 54 81 243 22 81 244 32 81 245 32 82 246 29 82 247 36 82 248 25 83 249 32 83 250 54 83 251 16 84 252 30 84 253 55 84 254 55 85 255 30 85 256 32 85 257 30 86 258 32 86 259 36 86 260 36 87 261 29 87 262 50 87 263 56 88 264 32 88 265 55 88 266 30 89 267 29 89 268 23 89 269 29 90 270 23 90 271 10 90 272 10 91 273 29 91 274 24 91 275 29 92 276 24 92 277 21 92 278 57 93 279 58 93 280 59 93 281 5 94 282 60 94 283 4 94 284 4 95 285 61 95 286 62 95 287 63 96 288 60 96 289 4 96 290 4 97 291 62 97 292 63 97 293 64 98 294 62 98 295 65 98 296 62 99 297 64 99 298 63 99 299 60 100 300 63 100 301 66 100 302 66 101 303 60 101 304 64 101 305 64 102 306 67 102 307 2 102 308 64 103 309 2 103 310 60 103 311 66 104 312 63 104 313 68 104 314 66 105 315 68 105 316 64 105 317 68 106 318 64 106 319 63 106 320 69 107 321 62 107 322 61 107 323 62 108 324 69 108 325 70 108 326 67 109 327 65 109 328 71 109 329 71 110 330 65 110 331 62 110 332 62 111 333 71 111 334 72 111 335 72 112 336 71 112 337 73 112 338 73 113 339 74 113 340 71 113 341 75 114 342 7 114 343 6 114 344 7 115 345 75 115 346 4 115 347 61 116 348 75 116 349 4 116 350 75 117 351 6 117 352 8 117 353 75 118 354 8 118 355 61 118 356 61 119 357 8 119 358 76 119 359 76 120 360 8 120 361 69 120 362 77 121 363 8 121 364 70 121 365 8 122 366 70 122 367 71 122 368 71 123 369 8 123 370 2 123 371 71 124 372 2 124 373 67 124 374 72 125 375 62 125 376 70 125 377 72 126 378 70 126 379 74 126 380 74 127 381 70 127 382 71 127 383 73 128 384 72 128 385 74 128 386 78 129 387 69 129 388 70 129 389 77 130 390 78 130 391 69 130 392 77 131 393 69 131 394 8 131 395 61 132 396 69 132 397 79 132 398 61 133 399 76 133 400 79 133 401 79 134 402 76 134 403 69 134 404 80 135 405 67 135 406 64 135 407 80 136 408 64 136 409 65 136 410 65 137 411 80 137 412 67 137 413 77 138 414 78 138 415 70 138 416 5 139 417 60 139 418 2 139 419 5 140 420 2 140 421 1 140 422 2 141 423 8 141 424 3 141 425 10 142 426 8 142 427 18 142 428 23 143 429 9 143 430 3 143 431 19 144 432 22 144 433 8 144 434 22 145 435 18 145 436 3 145 437 3 146 438 18 146 439 10 146 440 10 147 441 81 147 442 82 147 443 10 148 444 82 148 445 24 148 446 30 149 447 21 149 448 23 149 449 81 150 450 10 150 451 9 150 452 22 151 453 25 151 454 24 151 455 22 152 456 24 152 457 23 152 458 82 153 459 24 153 460 81 153 461 81 154 462 24 154 463 9 154 464 24 155 465 9 155 466 3 155 467 44 156 468 42 156 469 20 156 470 20 157 471 44 157 472 46 157 473 20 158 474 46 158 475 31 158 476 20 159 477 42 159 478 39 159 479 39 160 480 43 160 481 42 160 482 83 161 483 43 161 484 39 161 485 39 162 486 83 162 487 84 162 488 84 163 489 39 163 490 15 163 491 84 164 492 15 164 493 35 164 494 45 165 495 85 165 496 44 165 497 45 166 498 85 166 499 49 166 500 46 167 501 44 167 502 85 167 503 86 168 504 15 168 505 16 168 506 86 169 507 15 169 508 43 169 509 86 170 510 43 170 511 83 170 512 87 171 513 16 171 514 86 171 515 88 172 516 86 172 517 83 172 518 35 173 519 36 173 520 16 173 521 35 174 522 16 174 523 89 174 524 35 175 525 89 175 526 84 175 527 84 176 528 89 176 529 86 176 530 89 177 531 86 177 532 87 177 533 83 178 534 90 178 535 88 178 536 90 179 537 83 179 538 84 179 539 90 180 540 84 180 541 86 180 542 90 181 543 86 181 544 91 181 545 31 182 546 92 182 547 46 182 548 31 183 549 92 183 550 45 183 551 92 184 552 46 184 553 34 184 554 34 185 555 92 185 556 33 185 557 92 186 558 33 186 559 93 186 560 33 187 561 34 187 562 31 187 563 50 188 564 34 188 565 48 188 566 50 189 567 48 189 568 94 189 569 94 190 570 50 190 571 92 190 572 48 191 573 94 191 574 56 191 575 50 192 576 33 192 577 89 192 578 45 193 579 48 193 580 92 193 581 92 194 582 48 194 583 95 194 584 33 195 585 32 195 586 50 195 587 50 196 588 32 196 589 56 196 590 96 197 591 47 197 592 91 197 593 47 198 594 91 198 595 95 198 596 95 199 597 47 199 598 48 199 599 95 200 600 92 200 601 87 200 602 93 201 603 33 201 604 48 201 605 93 202 606 47 202 607 48 202 608 87 203 609 93 203 610 95 203 611 47 204 612 46 204 613 93 204 614 93 205 615 46 205 616 97 205 617 93 206 618 97 206 619 86 206 620 93 207 621 86 207 622 95 207 623 97 208 624 86 208 625 91 208 626 56 209 627 50 209 628 92 209 629 55 210 630 36 210 631 89 210 632 55 211 633 89 211 634 94 211 635 16 212 636 55 212 637 36 212 638 33 213 639 89 213 640 56 213 641 89 214 642 56 214 643 93 214 644 93 215 645 56 215 646 92 215 647 89 216 648 16 216 649 94 216 650 16 217 651 94 217 652 87 217 653 87 218 654 94 218 655 92 218 656 36 219 657 50 219 658 89 219 659 94 220 660 56 220 661 55 220 662 90 221 663 98 221 664 97 221 665 97 222 666 98 222 667 99 222 668 97 223 669 99 223 670 85 223 671 85 224 672 97 224 673 46 224 674 47 225 675 100 225 676 49 225 677 49 226 678 101 226 679 102 226 680 91 227 681 100 227 682 96 227 683 100 228 684 91 228 685 103 228 686 100 229 687 103 229 688 49 229 689 98 230 690 103 230 691 104 230 692 104 231 693 98 231 694 105 231 695 96 232 696 106 232 697 85 232 698 106 233 699 85 233 700 98 233 701 98 234 702 85 234 703 101 234 704 100 235 705 96 235 706 85 235 707 47 236 708 100 236 709 106 236 710 100 237 711 106 237 712 99 237 713 100 238 714 99 238 715 85 238 716 103 239 717 91 239 718 107 239 719 105 240 720 104 240 721 106 240 722 106 241 723 104 241 724 108 241 725 106 242 726 105 242 727 103 242 728 103 243 729 106 243 730 49 243 731 49 244 732 106 244 733 99 244 734 49 245 735 99 245 736 101 245 737 106 246 738 108 246 739 98 246 740 87 247 741 89 247 742 93 247 743 103 248 744 95 248 745 88 248 746 86 249 747 88 249 748 95 249 749 103 250 750 88 250 751 109 250 752 103 251 753 109 251 754 98 251 755 91 252 756 90 252 757 110 252 758 110 253 759 90 253 760 95 253 761 110 254 762 95 254 763 103 254 764 110 255 765 103 255 766 107 255 767 110 256 768 107 256 769 109 256 770 85 257 771 49 257 772 102 257 773 101 258 774 85 258 775 111 258 776 85 259 777 102 259 778 112 259 779 101 260 780 113 260 781 102 260 782 113 261 783 101 261 784 114 261 785 112 262 786 115 262 787 111 262 788 115 263 789 112 263 790 113 263 791 115 264 792 111 264 793 85 264 794 116 265 795 112 265 796 117 265 797 85 266 798 112 266 799 118 266 800 112 267 801 118 267 802 116 267 803 85 268 804 118 268 805 115 268 806 115 269 807 117 269 808 113 269 809 113 270 810 117 270 811 111 270 812 116 271 813 115 271 814 117 271 815 116 272 816 115 272 817 119 272 818 115 273 819 119 273 820 118 273 821 88 274 822 90 274 823 120 274 824 120 275 825 90 275 826 107 275 827 107 276 828 90 276 829 98 276 830 88 277 831 121 277 832 109 277 833 121 278 834 109 278 835 110 278 836 121 279 837 110 279 838 91 279 839 91 280 840 121 280 841 107 280 842 122 281 843 123 281 844 88 281 845 123 282 846 122 282 847 124 282 848 123 283 849 125 283 850 126 283 851 126 284 852 125 284 853 114 284 854 120 285 855 88 285 856 123 285 857 107 286 858 120 286 859 121 286 860 127 287 861 122 287 862 120 287 863 122 288 864 127 288 865 128 288 866 128 289 867 127 289 868 129 289 869 128 290 870 129 290 871 88 290 872 129 291 873 88 291 874 121 291 875 130 292 876 120 292 877 127 292 878 130 293 879 120 293 880 123 293 881 127 294 882 130 294 883 131 294 884 127 295 885 131 295 886 123 295 887 132 296 888 123 296 889 126 296 890 131 297 891 130 297 892 133 297 893 130 298 894 123 298 895 134 298 896 134 299 897 135 299 898 130 299 899 135 300 900 130 300 901 133 300 902 126 301 903 114 301 904 101 301 905 126 302 906 101 302 907 111 302 908 126 303 909 111 303 910 117 303 911 111 304 912 102 304 913 112 304 914 113 305 915 114 305 916 124 305 917 116 306 918 113 306 919 136 306 920 113 307 921 116 307 922 137 307 923 137 308 924 113 308 925 138 308 926 138 309 927 113 309 928 133 309 929 138 310 930 137 310 931 136 310 932 113 311 933 124 311 934 133 311 935 136 312 936 112 312 937 113 312 938 136 313 939 112 313 940 124 313 941 112 314 942 124 314 943 117 314 944 116 315 945 118 315 946 137 315 947 135 316 948 118 316 949 137 316 950 116 317 951 119 317 952 136 317 953 119 318 954 136 318 955 137 318 956 137 319 957 119 319 958 139 319 959 117 320 960 119 320 961 139 320 962 117 321 963 139 321 964 136 321 965 136 322 966 139 322 967 138 322 968 118 323 969 126 323 970 117 323 971 126 324 972 118 324 973 132 324 974 117 325 975 118 325 976 119 325 977 118 326 978 135 326 979 134 326 980 124 327 981 125 327 982 129 327 983 124 328 984 129 328 985 136 328 986 125 329 987 129 329 988 133 329 989 133 330 990 125 330 991 140 330 992 140 331 993 125 331 994 122 331 995 98 332 996 109 332 997 107 332 998 124 333 999 125 333 1000 123 333 1001 122 334 1002 128 334 1003 88 334 1004 127 335 1005 136 335 1006 129 335 1007 136 336 1008 127 336 1009 132 336 1010 132 337 1011 136 337 1012 133 337 1013 132 338 1014 133 338 1015 129 338 1016 129 339 1017 132 339 1018 140 339 1019 137 340 1020 133 340 1021 139 340 1022 139 341 1023 133 341 1024 134 341 1025 134 342 1026 133 342 1027 123 342 1028 141 343 1029 133 343 1030 123 343 1031 123 344 1032 141 344 1033 131 344 1034 141 345 1035 133 345 1036 127 345 1037 127 346 1038 141 346 1039 140 346 1040 129 347 1041 122 347 1042 140 347 1043 129 348 1044 122 348 1045 121 348 1046 133 349 1047 135 349 1048 137 349 1049 133 350 1050 140 350 1051 131 350 1052 140 351 1053 131 351 1054 141 351 1055 138 352 1056 133 352 1057 127 352 1058 127 353 1059 138 353 1060 132 353 1061 138 354 1062 132 354 1063 123 354 1064 138 355 1065 123 355 1066 118 355 1067 138 356 1068 139 356 1069 118 356 1070 139 357 1071 118 357 1072 134 357 1073 118 358 1074 132 358 1075 140 358 1076 24 359 1077 23 359 1078 21 359 1079 57 360 1080 58 360 1081 59 360 1082 95 361 1083 91 361 1084 97 361 1085 97 362 1086 95 362 1087 90 362 1088 101 363 1089 99 363 1090 98 363 1091 108 364 1092 98 364 1093 105 364 1094 108 365 1095 105 365 1096 103 365 1097 108 366 1098 103 366 1099 104 366 1100 122 367 1101 120 367 1102 121 367 1103 22 368 1104 18 368 1105 54 368 1106 18 369 1107 54 369 1108 25 369 1109 33 370 1110 56 370 1111 48 370 1112 96 371 1113 106 371 1114 47 371 1115 113 372 1116 111 372 1117 102 372 1118 117 373 1119 136 373 1120 133 373 1121 117 374 1122 133 374 1123 124 374 1124 118 375 1125 123 375 1126 127 375 1127 127 376 1128 118 376 1129 140 376 1130 122 377 1131 124 377 1132 114 377 1133 114 378 1134 122 378 1135 125 378 1136</p>
        </polylist>
      </mesh>
    </geometry>
  </library_geometries>
  <library_visual_scenes>
    <visual_scene id="Scene" name="Scene">
    <node id="100aa9a1-a2fb-2934-2d7d-c04c800f3b2d" name="Body" type="NODE">
      <scale sid="scale">1 1 1</scale>
      <translate sid="location">0 0 0</translate>
      <rotate sid="rotationZ">0 0 1 0</rotate>
      <rotate sid="rotationY">0 1 0 0</rotate>
      <rotate sid="rotationX">1 0 0 0</rotate>
          <node id="Head" name="Head" type="NODE">
            <scale sid="scale">1 1 1</scale>
            <translate sid="location">0 0.5 -0.3125</translate>
            <rotate sid="rotationX">1 0 0 0</rotate>
            <rotate sid="rotationY">0 1 0 87.5</rotate>
            <rotate sid="rotationZ">0 0 1 0</rotate>
            <instance_geometry url="#Head-mesh" name="Head">
              <bind_material>
                <technique_common>
                </technique_common>
              </bind_material>
            </instance_geometry>
          </node>
          <node id="Body" name="Body" type="NODE">
            <scale sid="scale">1 1 1</scale>
            <translate sid="location">0 0.5 0</translate>
            <rotate sid="rotationX">1 0 0 137.5</rotate>
            <rotate sid="rotationY">0 1 0 -2.840790717156513e-15</rotate>
            <rotate sid="rotationZ">0 0 1 -180</rotate>
            <instance_geometry url="#Body-mesh" name="Body">
              <bind_material>
                <technique_common>
                </technique_common>
              </bind_material>
            </instance_geometry>
          </node>
          <node id="Hand1" name="Hand1" type="NODE">
            <scale sid="scale">1 1 1</scale>
            <translate sid="location">-0.1875 0.375 -0.1875</translate>
            <rotate sid="rotationX">1 0 0 0</rotate>
            <rotate sid="rotationY">0 1 0 -180</rotate>
            <rotate sid="rotationZ">0 0 1 0</rotate>
            <instance_geometry url="#Hand1-mesh" name="Hand1">
              <bind_material>
                <technique_common>
                </technique_common>
              </bind_material>
            </instance_geometry>
          </node>
          <node id="Hand2" name="Hand2" type="NODE">
            <scale sid="scale">1 1 1</scale>
            <translate sid="location">0.1875 0.375 -0.1875</translate>
            <rotate sid="rotationX">1 0 0 0</rotate>
            <rotate sid="rotationY">0 1 0 -180</rotate>
            <rotate sid="rotationZ">0 0 1 0</rotate>
            <instance_geometry url="#Hand2-mesh" name="Hand2">
              <bind_material>
                <technique_common>
                </technique_common>
              </bind_material>
            </instance_geometry>
          </node>
          <node id="Leg1" name="Leg1" type="NODE">
            <scale sid="scale">1 1 1</scale>
            <translate sid="location">-0.1875 0.375 0.1875</translate>
            <rotate sid="rotationX">1 0 0 0</rotate>
            <rotate sid="rotationY">0 1 0 -180</rotate>
            <rotate sid="rotationZ">0 0 1 0</rotate>
            <instance_geometry url="#Leg1-mesh" name="Leg1">
              <bind_material>
                <technique_common>
                </technique_common>
              </bind_material>
            </instance_geometry>
          </node>
          <node id="Leg2" name="Leg2" type="NODE">
            <scale sid="scale">1 1 1</scale>
            <translate sid="location">0.1875 0.375 0.1875</translate>
            <rotate sid="rotationX">1 0 0 0</rotate>
            <rotate sid="rotationY">0 1 0 -180</rotate>
            <rotate sid="rotationZ">0 0 1 0</rotate>
            <instance_geometry url="#Leg2-mesh" name="Leg2">
              <bind_material>
                <technique_common>
                </technique_common>
              </bind_material>
            </instance_geometry>
          </node>
        </node>
    </visual_scene>
  </library_visual_scenes>
  <scene>
    <instance_visual_scene url="#Scene"/>
  </scene>
</COLLADA>
