<?xml version="1.0" encoding="utf-8"?>
<COLLADA xmlns="http://www.collada.org/2005/11/COLLADASchema" version="1.4.1" xmlns:xsi="http://www.w3.org/2001/XMLSchema-instance">
  <asset>
    <contributor>
      <author>Blockbench user</author>
      <authoring_tool>Blockbench</authoring_tool>
    </contributor>
    <created>2026-04-02T06:38:32.821Z</created>
    <modified>2026-04-02T06:38:32.830Z</modified>
    <unit name="meter" meter="1.0"/>
    <up_axis>Y_UP</up_axis>
  </asset>
  <library_effects>
  </library_effects>
  <library_images>
  </library_images>
  <library_materials>
  </library_materials>
  <library_geometries>
    <geometry id="MysteryBox-mesh" name="MysteryBox">
      <mesh>
        <source id="MysteryBox-mesh-positions">
          <float_array id="MysteryBox-mesh-positions-array" count="6387">-0.430725 -0.224457 -0.414093 0.305573 0.088043 0.301361 -0.295319 0.06649 0.295959 0.410828 -0.378693 0.132477 -0.481995 -0.375885 -0.427734 -0.469086 -0.375885 -0.440979 -0.472839 -0.387787 -0.426758 -0.28479 -0.37616 -0.458313 -0.288361 -0.288605 -0.440674 -0.44751 -0.288086 -0.425537 -0.292297 -0.220413 -0.427216 -0.430725 -0.224457 -0.414093 -0.29837 -0.387878 -0.443207 -0.282166 -0.374786 -0.406586 -0.399109 -0.387817 -0.281158 -0.472961 -0.387756 -0.275055 -0.469513 -0.375458 -0.259827 -0.292175 -0.387848 -0.353638 -0.283875 -0.376648 -0.365906 -0.131638 -0.387878 -0.353424 -0.292664 -0.387878 -0.072792 -0.005359 -0.387848 0.102257 -0.188995 -0.3815 -0.360596 -0.015844 -0.377197 -0.365143 -0.20668 -0.376526 -0.365967 -0.472839 -0.387787 -0.426758 -0.472961 -0.387756 -0.275055 -0.481995 -0.375885 -0.427734 -0.480377 -0.377625 -0.276794 -0.469513 -0.375458 -0.259827 -0.444397 -0.220276 -0.301727 -0.463928 -0.299255 -0.413086 -0.44751 -0.288086 -0.425537 -0.469086 -0.375885 -0.440979 -0.446381 -0.22261 -0.394745 -0.430725 -0.224457 -0.414093 -0.431305 -0.212372 -0.395782 -0.431122 -0.210587 -0.294769 -0.391785 -0.211227 -0.316132 -0.388916 -0.211044 -0.295593 -0.391846 -0.211548 -0.371704 -0.385529 -0.211426 -0.381134 -0.29541 -0.20932 -0.411072 -0.383911 -0.179581 -0.311829 -0.382996 -0.163696 -0.304047 -0.390106 -0.221497 -0.283752 -0.432251 -0.223373 -0.279999 -0.444397 -0.220276 -0.301727 -0.469513 -0.375458 -0.259827 -0.431122 -0.210587 -0.294769 -0.388916 -0.211044 -0.295593 -0.390106 -0.221497 -0.283752 -0.399445 -0.294769 -0.274933 -0.432251 -0.223373 -0.279999 -0.412659 -0.311035 -0.272644 -0.390106 -0.221497 -0.283752 -0.399689 -0.296234 -0.188431 -0.469513 -0.375458 -0.259827 -0.412628 -0.375275 -0.265289 -0.399109 -0.387817 -0.281158 -0.412659 -0.311768 -0.148956 -0.292297 -0.220413 -0.427216 -0.431305 -0.212372 -0.395782 -0.29541 -0.20932 -0.411072 -0.282227 -0.222168 -0.407928 -0.283661 -0.338745 -0.42981 -0.288361 -0.288605 -0.440674 -0.28479 -0.37616 -0.458313 -0.282166 -0.374786 -0.406586 -0.283905 -0.321045 -0.365906 -0.283875 -0.376648 -0.365906 -0.284912 -0.224487 -0.345123 -0.284027 -0.313538 -0.359344 -0.284698 -0.305847 -0.344696 -0.299683 -0.210373 -0.344696 -0.317719 -0.210587 -0.344696 -0.318573 -0.209717 -0.360077 -0.317719 0.011009 -0.344788 -0.318573 0.058559 -0.359711 -0.318085 0.005874 -0.372101 -0.322632 -0.209808 -0.372467 -0.324554 -0.029085 -0.372681 -0.32486 -0.210037 -0.382263 -0.385529 -0.211426 -0.381134 -0.324921 -0.058949 -0.382416 -0.385681 0.103981 -0.381104 -0.385529 -0.211426 -0.381134 -0.391846 -0.211548 -0.371704 -0.38623 -0.209473 -0.373352 -0.386078 0.05867 -0.373352 -0.391907 -0.088203 -0.371277 -0.391937 0.033211 -0.371765 -0.391907 -0.088203 -0.371277 -0.391846 -0.211548 -0.371704 -0.391907 0.015205 -0.31604 -0.391937 0.033211 -0.371765 -0.391907 0.015205 -0.31604 -0.391846 -0.211548 -0.371704 -0.391785 -0.211227 -0.316132 -0.382996 -0.163696 -0.304047 -0.390106 -0.221497 -0.283752 -0.382446 -0.156189 -0.302673 -0.364197 -0.010887 -0.235458 -0.383911 -0.179581 -0.311829 -0.364319 -0.009329 -0.300751 -0.38266 0.05933 -0.300964 -0.386078 0.05867 -0.373352 -0.38623 -0.209473 -0.373352 -0.391937 0.033211 -0.371765 -0.385529 -0.211426 -0.381134 -0.386078 0.05867 -0.373352 -0.385681 0.103981 -0.381104 -0.391907 0.015205 -0.31604 -0.391785 -0.211227 -0.316132 -0.383911 -0.179581 -0.311829 -0.383972 0.193909 -0.311829 -0.38266 0.05933 -0.300964 -0.412628 -0.375275 -0.265289 -0.412628 -0.375458 -0.011222 -0.412659 -0.311768 -0.148956 -0.399109 -0.387817 -0.281158 -0.399231 -0.387817 -0.015481 -0.412628 -0.375458 -0.011222 -0.399109 -0.387817 -0.281158 -0.292664 -0.387878 -0.072792 -0.412659 -0.311035 -0.272644 -0.412659 -0.311768 -0.148956 -0.399689 -0.296234 -0.188431 -0.402466 -0.30127 -0.070267 -0.399689 -0.296234 -0.188431 -0.390106 -0.221497 -0.283752 -0.399445 -0.294769 -0.274933 -0.388702 -0.215134 -0.156433 -0.392975 -0.241165 -0.152344 -0.402466 -0.30127 -0.070267 -0.39563 -0.244064 0.012513 -0.394226 -0.235428 -0.114922 -0.400482 -0.233673 0.106979 -0.399261 -0.234146 -0.152924 -0.400818 -0.232773 -0.041374 -0.401825 -0.230545 -0.128647 -0.411957 -0.216156 -0.128632 -0.4328 -0.06987 -0.128647 -0.399261 -0.234146 -0.152924 -0.405762 -0.226334 -0.146271 -0.399261 -0.202652 -0.158234 -0.401825 -0.230545 -0.128647 -0.389526 -0.069618 -0.15741 -0.395172 -0.103775 -0.169006 -0.39035 -0.137863 -0.163361 -0.393005 -0.195389 -0.152069 -0.392975 -0.241165 -0.152344 -0.387482 -0.091751 -0.150482 -0.388702 -0.215134 -0.156433 -0.376556 -0.113754 -0.154587 -0.378418 -0.006358 -0.14946 -0.390106 -0.221497 -0.283752 -0.35614 0.052624 -0.154404 -0.364197 -0.010887 -0.235458 -0.412659 -0.313202 0.114311 -0.412659 -0.311768 -0.148956 -0.412628 -0.375458 -0.011222 -0.402466 -0.30127 -0.070267 -0.436249 -0.216003 0.10421 -0.436371 -0.215225 -0.128754 -0.411957 -0.216156 -0.128632 -0.4328 -0.06987 -0.128647 -0.39035 -0.137863 -0.163361 -0.395172 -0.103775 -0.169006 -0.38562 -0.061188 -0.161469 -0.387482 -0.091751 -0.150482 -0.378418 -0.006358 -0.14946 -0.389526 -0.069618 -0.15741 -0.384064 -0.012665 -0.164261 -0.385529 0.032532 -0.146454 -0.405762 -0.226334 -0.146271 -0.387756 -0.060905 -0.12851 -0.401825 -0.230545 -0.128647 -0.4328 -0.06987 -0.128647 -0.432953 0.112709 -0.128647 -0.436371 -0.215225 -0.128754 -0.435608 -0.199982 -0.119354 -0.435883 -0.058384 -0.127213 -0.4328 -0.06987 -0.128647 -0.435364 -0.015753 -0.112602 -0.435577 -0.164047 -0.086617 -0.43573 0.058479 -0.085579 -0.440735 -0.159409 -0.078438 -0.440765 0.047501 -0.078873 -0.435608 -0.199982 -0.119354 -0.436371 -0.215225 -0.128754 -0.435608 -0.200928 0.091331 -0.435577 -0.164047 -0.086617 -0.435608 -0.200928 0.091331 -0.436371 -0.215225 -0.128754 -0.436249 -0.216003 0.10421 -0.436646 -0.206009 0.101967 -0.435211 -0.182877 0.104324 -0.435638 -0.125809 0.095177 -0.435608 -0.163849 0.062691 -0.435577 -0.164047 -0.086617 -0.440826 -0.15947 0.054588 -0.440735 -0.159409 -0.078438 -0.435608 -0.163849 0.062691 -0.435516 -0.04274 0.063301 -0.435638 -0.125809 0.095177 -0.440765 0.046177 0.054764 -0.440765 0.047501 -0.078873 -0.435242 0.062038 0.064507 -0.435791 -0.009954 0.099197 -0.436646 -0.206009 0.101967 -0.435211 -0.182877 0.104324 -0.436279 0.114609 0.104332 -0.440735 -0.159409 -0.078438 -0.435577 -0.164047 -0.086617 -0.435608 -0.163849 0.062691 -0.440735 -0.159409 -0.078438 -0.440826 -0.15947 0.054588 -0.440765 0.047501 -0.078873 -0.283905 -0.321045 -0.365906 -0.284027 -0.313538 -0.359344 -0.140381 -0.313416 -0.359131 -0.115463 -0.321167 -0.365906 0.026007 -0.313324 -0.3591 0.012609 -0.306732 -0.346497 -0.284698 -0.305847 -0.344696 -0.120888 -0.30481 -0.344604 -0.317719 -0.210587 -0.344696 -0.283905 -0.321045 -0.365906 -0.20668 -0.376526 -0.365967 -0.283875 -0.376648 -0.365906 -0.115463 -0.321167 -0.365906 0.057339 -0.375031 -0.365967 0.057339 -0.375031 -0.365967 -0.015844 -0.377197 -0.365143 -0.20668 -0.376526 -0.365967 0.130692 -0.377167 -0.365234 0.273804 -0.37677 -0.365875 0.039932 -0.387848 -0.353577 -0.131638 -0.387878 -0.353424 0.284729 -0.387909 -0.353882 0.087128 -0.387848 -0.242111 0.341858 -0.387848 -0.356964 -0.134506 -0.233856 -0.349152 -0.117958 -0.217239 -0.359711 -0.039974 -0.216751 -0.361725 -0.117859 -0.21666 -0.410736 -0.137283 -0.234512 -0.344696 -0.135223 -0.231476 -0.346375 -0.13475 -0.076286 -0.348846 -0.118073 0.003399 -0.35965 -0.11792 -0.022528 -0.410736 -0.076797 -0.048195 -0.410858 -0.076797 -0.166412 -0.410828 -0.134506 -0.233856 -0.349152 0.134354 -0.233658 -0.349274 -0.137283 -0.234512 -0.344696 0.136246 -0.234467 -0.344757 -0.039974 -0.216751 -0.361725 0.134674 -0.069305 -0.34903 0.136185 0.1371 -0.344696 0.117744 -0.217392 -0.360138 0.117775 0.113075 -0.359955 0.11779 -0.025448 -0.410645 0.117722 -0.216705 -0.410736 -0.117859 -0.21666 -0.410736 0.077034 -0.166336 -0.410797 -0.076797 -0.166412 -0.410828 0.057339 -0.375031 -0.365967 -0.115463 -0.321167 -0.365906 0.051617 -0.321136 -0.365906 0.026007 -0.313324 -0.3591 0.273804 -0.37677 -0.365875 -0.140381 -0.313416 -0.359131 0.012609 -0.306732 -0.346497 0.026007 -0.313324 -0.3591 -0.137283 -0.234512 -0.344696 -0.317719 -0.210587 -0.344696 -0.137344 -0.058899 -0.344757 -0.135223 -0.231476 -0.346375 -0.221054 0.066193 -0.344666 -0.317719 0.011009 -0.344788 -0.120888 -0.30481 -0.344604 0.002237 -0.273529 -0.344635 -0.13475 -0.076286 -0.348846 -0.135223 -0.231476 -0.346375 -0.13623 0.136932 -0.344757 -0.137344 -0.058899 -0.344757 -0.019247 -0.053963 -0.417999 -0.07386 -0.162079 -0.417999 -0.073845 -0.044041 -0.417938 -0.076797 -0.166412 -0.410828 -0.076797 -0.048195 -0.410858 0.077034 -0.166336 -0.410797 0.073486 -0.161972 -0.417908 0.073433 0.048008 -0.417938 0.077667 0.059895 -0.410767 0.087128 -0.387848 -0.242111 -0.005359 -0.387848 0.102257 -0.131638 -0.387878 -0.353424 -0.324615 0.195999 -0.372772 -0.324554 -0.029085 -0.372681 -0.324921 -0.058949 -0.382416 -0.318146 0.196213 -0.372131 -0.318085 0.005874 -0.372101 -0.32489 0.194855 -0.382385 -0.385681 0.103981 -0.381104 -0.385895 0.193985 -0.381165 -0.302856 0.196091 -0.390259 -0.318573 0.058559 -0.359711 -0.318695 0.196289 -0.344849 -0.305237 0.19635 -0.344696 -0.317719 0.011009 -0.344788 -0.317719 0.011009 -0.344788 -0.294861 0.065674 -0.344727 -0.221054 0.066193 -0.344666 -0.318695 0.196289 -0.344849 -0.305237 0.19635 -0.344696 -0.293579 0.199097 -0.345489 -0.292847 0.212036 -0.353577 -0.293304 0.099068 -0.353607 -0.286041 0.10202 -0.359283 -0.28125 0.223557 -0.359375 -0.293762 0.089279 -0.349274 -0.294373 0.068817 -0.348999 -0.23587 0.22258 -0.359161 -0.223709 0.070854 -0.348846 -0.236008 0.102242 -0.359253 -0.276154 0.235489 -0.367035 -0.226517 0.101425 -0.352844 -0.227325 0.188843 -0.354004 -0.227234 0.198776 -0.344635 -0.0784 0.235535 -0.366974 -0.207016 0.35141 -0.367218 -0.276184 0.354431 -0.367187 -0.233673 0.360138 -0.360657 -0.277985 0.360901 -0.350494 0.007545 0.198807 -0.344635 -0.137375 0.137573 -0.344666 -0.137344 -0.058899 -0.344757 -0.13623 0.136932 -0.344757 -0.346405 0.131134 -0.213089 -0.364319 -0.009329 -0.300751 -0.364197 -0.010887 -0.235458 -0.350677 0.098305 -0.301208 -0.35614 0.052624 -0.154404 -0.38266 0.05933 -0.300964 -0.364319 -0.009329 -0.300751 -0.350677 0.098305 -0.301208 -0.345947 0.213821 -0.301422 -0.38205 0.210144 -0.301056 -0.338745 0.202637 -0.289337 -0.347137 0.130585 -0.284668 -0.346405 0.131134 -0.213089 -0.386078 0.05867 -0.373352 -0.391937 0.033211 -0.371765 -0.391907 0.20224 -0.371765 -0.391907 0.015205 -0.31604 -0.385895 0.193985 -0.381165 -0.385681 0.103981 -0.381104 -0.391754 0.203079 -0.315216 -0.383972 0.193909 -0.311829 -0.38205 0.210144 -0.301056 -0.38266 0.05933 -0.300964 -0.404755 0.230972 -0.288269 -0.413879 0.232376 -0.300659 -0.415924 0.232468 -0.396881 -0.413971 0.354218 -0.301361 -0.404785 0.360809 -0.28833 -0.407837 0.230957 -0.408417 -0.415985 0.354462 -0.396851 -0.409454 0.36087 -0.401184 -0.407745 0.354919 -0.40863 -0.282471 0.355804 -0.421753 -0.279755 0.360901 -0.415741 -0.302856 0.196091 -0.390259 -0.282135 0.233292 -0.421661 -0.27478 0.355927 -0.414215 -0.276184 0.354431 -0.367187 -0.277985 0.360901 -0.350494 -0.276154 0.235489 -0.367035 -0.274963 0.228989 -0.415314 -0.28125 0.223557 -0.359375 -0.292847 0.212036 -0.353577 -0.305237 0.19635 -0.344696 -0.347137 0.130585 -0.284668 -0.358429 0.136185 -0.218765 -0.3591 0.138809 -0.281525 -0.358521 0.231262 -0.218918 -0.338745 0.202637 -0.289337 -0.35907 0.231598 -0.28064 -0.360657 0.234955 -0.234528 -0.351868 0.221985 -0.213028 -0.36087 0.233063 -0.29071 -0.345947 0.213821 -0.301422 -0.36084 0.235428 -0.290833 -0.404755 0.230972 -0.288269 -0.38205 0.210144 -0.301056 -0.360687 0.276398 -0.1866 -0.404785 0.360809 -0.28833 -0.360748 0.35025 -0.290588 -0.360474 0.350159 -0.073715 -0.35025 0.36087 -0.131546 -0.350281 0.360962 -0.294525 -0.409454 0.36087 -0.401184 -0.279755 0.360901 -0.415741 -0.277985 0.360901 -0.350494 -0.274414 0.360962 -0.291199 -0.358429 0.136185 -0.218765 -0.347137 0.130585 -0.284668 -0.346405 0.131134 -0.213089 -0.35202 0.137451 -0.213104 -0.358521 0.231262 -0.218918 -0.351868 0.221985 -0.213028 -0.337158 0.200409 -0.213074 -0.346527 0.129105 -0.154343 -0.337158 0.200577 -0.00475 -0.360504 0.234848 -0.090942 -0.360657 0.234955 -0.234528 -0.360687 0.276398 -0.1866 -0.360474 0.350159 -0.073715 -0.346436 0.131699 0.074806 -0.35614 0.052624 -0.154404 -0.371429 0.133667 -0.02857 -0.368774 0.132874 -0.146561 -0.372253 0.133148 -0.130722 -0.377838 0.120674 -0.068321 -0.378418 -0.006358 -0.14946 -0.379395 0.117508 -0.145386 -0.382446 0.114578 -0.128571 -0.375366 0.084358 -0.128525 -0.385529 0.032532 -0.146454 -0.375549 0.09095 -0.155319 -0.384064 -0.012665 -0.164261 -0.387756 -0.060905 -0.12851 -0.432953 0.112709 -0.128647 -0.375366 0.084358 -0.128525 -0.382446 0.114578 -0.128571 -0.436218 0.114616 -0.126877 -0.435883 0.052425 -0.127213 -0.436005 0.114441 -0.037941 -0.435059 0.062454 -0.091026 -0.435455 0.100197 0.094002 -0.382111 0.114624 0.104004 -0.377838 0.120674 -0.068321 -0.385529 0.032532 -0.146454 -0.387756 -0.060905 -0.12851 -0.375366 0.084358 -0.128525 -0.435883 0.052425 -0.127213 -0.435883 -0.058384 -0.127213 -0.435364 -0.015753 -0.112602 -0.4328 -0.06987 -0.128647 -0.432953 0.112709 -0.128647 -0.435883 0.052425 -0.127213 -0.435364 -0.015753 -0.112602 -0.435059 0.062454 -0.091026 -0.436218 0.114616 -0.126877 -0.43573 0.058479 -0.085579 -0.440765 0.047501 -0.078873 -0.440765 0.046177 0.054764 -0.377838 0.120674 -0.068321 -0.382111 0.114624 0.104004 -0.374695 0.124023 0.11734 -0.436279 0.114609 0.104332 -0.386291 -0.02256 0.104309 -0.372925 0.084709 0.110703 -0.389038 0.051388 0.124329 -0.37149 0.134521 0.090973 -0.371429 0.133667 -0.02857 -0.346436 0.131699 0.074806 -0.382172 0.141434 0.124489 -0.381042 0.040081 0.127594 -0.364685 0.134094 0.127548 -0.346008 0.133972 0.13382 -0.359283 0.13324 0.135223 -0.377045 0.129272 0.127655 -0.373322 0.069016 0.12793 -0.382202 0.006181 0.13118 -0.364746 0.003446 0.139053 -0.347626 0.128037 0.136826 -0.360504 0.234848 -0.090942 -0.337158 0.200577 -0.00475 -0.360138 0.234818 0.13884 -0.346436 0.131699 0.074806 -0.346008 0.133972 0.13382 -0.336487 0.19989 0.138275 -0.359283 0.13324 0.135223 -0.358185 0.204086 0.138687 -0.365723 0.238083 0.14563 -0.365814 0.138 0.145447 -0.365082 0.237488 0.212662 -0.360443 0.240906 0.210251 -0.360352 0.350647 0.243622 -0.360321 0.232178 0.243683 -0.359772 0.233093 0.217361 -0.336761 0.202866 0.268219 -0.364716 0.136551 0.213562 -0.336792 0.201233 0.21785 -0.347382 0.131088 0.217468 -0.347626 0.128037 0.136826 -0.361328 0.036194 0.268066 -0.364746 0.003446 0.139053 -0.370056 -0.032303 0.134583 -0.274414 0.360962 -0.291199 -0.35025 0.36087 -0.131546 -0.350189 0.36087 0.15303 -0.35025 0.36087 -0.131546 -0.360474 0.350159 -0.073715 -0.359253 0.351898 0.025166 -0.274414 0.360962 -0.291199 -0.350189 0.36087 0.15303 -0.273346 0.360992 -0.007749 -0.265686 0.351318 -0.283203 -0.265625 0.35144 -0.016148 -0.35025 0.36087 -0.131546 -0.359253 0.351898 0.025166 -0.350189 0.36087 0.15303 -0.357666 0.35257 0.127975 -0.360107 0.346039 0.110558 -0.360352 0.350647 0.243622 -0.360138 0.234818 0.13884 -0.351105 0.360901 0.247757 -0.273437 0.361023 0.245712 -0.273346 0.360992 -0.007749 -0.266205 0.352722 0.235916 -0.134735 0.13385 -0.34903 -0.118073 0.003399 -0.35965 -0.13475 -0.076286 -0.348846 -0.13623 0.136932 -0.344757 -0.117882 0.115089 -0.361786 0.016678 0.115013 -0.362915 -0.118004 0.114883 -0.410675 -0.11792 -0.022528 -0.410736 -0.076653 0.059807 -0.410828 -0.028072 0.113083 -0.410767 -0.076797 -0.048195 -0.410858 -0.073845 -0.044041 -0.417938 -0.076797 -0.048195 -0.410858 -0.076653 0.059807 -0.410828 -0.073715 0.048203 -0.417877 -0.019247 -0.053963 -0.417999 0.073433 0.048008 -0.417938 0.077667 0.059895 -0.410767 -0.028072 0.113083 -0.410767 0.073486 -0.161972 -0.417908 -0.118004 0.114883 -0.410675 0.117714 0.114952 -0.409027 -0.028072 0.113083 -0.410767 0.016678 0.115013 -0.362915 0.115211 0.112869 -0.410797 0.077667 0.059895 -0.410767 0.077034 -0.166336 -0.410797 0.11779 -0.025448 -0.410645 0.117775 0.113075 -0.359955 0.113762 0.115021 -0.362854 0.134918 0.134094 -0.348877 -0.134735 0.13385 -0.34903 0.134674 -0.069305 -0.34903 -0.13623 0.136932 -0.344757 0.136185 0.1371 -0.344696 -0.233673 0.360138 -0.360657 -0.277985 0.360901 -0.350494 -0.012504 0.359802 -0.360962 -0.006937 0.360809 -0.334167 -0.274414 0.360962 -0.291199 0.04628 0.351227 -0.367279 -0.207016 0.35141 -0.367218 -0.0784 0.235535 -0.366974 -0.067963 0.310791 -0.251709 -0.159073 0.310883 -0.251373 -0.116463 0.310822 -0.238647 -0.027088 0.311127 -0.208481 -0.159348 0.348877 -0.253387 -0.033005 0.346405 -0.253662 -0.055225 0.315521 -0.212906 -0.02153 0.316772 -0.183151 -0.157013 0.349304 -0.256561 0.027 0.349335 -0.256195 -0.163834 0.349365 -0.27182 -0.10733 0.315033 -0.186279 -0.09417 0.31369 -0.172989 -0.117119 0.314606 -0.235565 -0.096901 0.314667 -0.164963 -0.067841 0.316803 -0.155258 -0.171585 0.311035 -0.227692 -0.188248 0.31485 -0.18277 -0.218735 0.310699 -0.206619 -0.218994 0.310883 -0.159027 -0.218384 0.314789 -0.124001 -0.174362 0.315491 -0.088806 -0.147614 0.312927 -0.070335 -0.163223 0.31427 -0.050529 -0.15921 0.314941 0.022953 -0.175201 0.311035 -0.05759 -0.17662 0.313782 -0.009326 -0.219131 0.310577 -0.117668 -0.219772 0.310577 0.06852 -0.220993 0.347321 -0.014204 -0.220276 0.346832 -0.20549 -0.224899 0.349213 -0.220184 -0.226807 0.349335 0.00601 -0.207199 0.342072 -0.216309 -0.238052 0.349335 -0.190811 -0.240601 0.347839 -0.219177 -0.201309 0.349884 -0.236465 -0.220245 0.347626 -0.256622 -0.264008 0.347656 -0.280396 -0.163803 0.347656 -0.280273 -0.045288 0.347565 -0.279297 -0.265686 0.351318 -0.283203 0.136185 0.1371 -0.344696 -0.13623 0.136932 -0.344757 0.007545 0.198807 -0.344635 0.158508 0.198898 -0.344635 0.228149 0.065689 -0.344635 0.237946 0.097153 -0.344727 0.238235 0.198792 -0.344635 0.238541 0.215988 -0.355133 -0.0784 0.235535 -0.366974 0.286072 0.235535 -0.367035 -0.027088 0.311127 -0.208481 -0.02153 0.316772 -0.183151 0.035339 0.311005 -0.206421 -0.067963 0.310791 -0.251709 0.181778 0.310913 -0.252502 0.090271 0.312592 -0.246262 0.173203 0.310974 -0.197464 0.138763 0.314758 -0.223572 0.025187 0.315887 -0.184967 0.085182 0.31424 -0.173309 -0.09417 0.31369 -0.172989 0.160629 0.314362 -0.107101 0.142426 0.314911 -0.155441 0.09922 0.316803 -0.153732 -0.067841 0.316803 -0.155258 0.147522 0.316834 -0.090164 -0.264008 0.347656 -0.280396 -0.24202 0.34787 -0.108421 -0.240601 0.347839 -0.219177 -0.264221 0.347656 -0.000924 -0.240601 0.347839 -0.219177 -0.24202 0.34787 -0.108421 -0.238052 0.349335 -0.190811 -0.238602 0.349365 0.141068 -0.020348 0.351074 -0.282989 -0.265686 0.351318 -0.283203 -0.163803 0.347656 -0.280273 -0.045288 0.347565 -0.279297 -0.274414 0.360962 -0.291199 -0.265686 0.351318 -0.283203 -0.020348 0.351074 -0.282989 0.076653 0.360931 -0.291321 -0.006937 0.360809 -0.334167 0.1884 0.349335 -0.271881 -0.045288 0.347565 -0.279297 -0.163834 0.349365 -0.27182 0.027 0.349335 -0.256195 -0.265686 0.351318 -0.283203 -0.265625 0.35144 -0.016148 -0.264008 0.347656 -0.280396 -0.264221 0.347656 -0.000924 -0.096901 0.314667 -0.164963 -0.147614 0.312927 -0.070335 -0.137466 0.314453 -0.11615 -0.13707 0.314636 0.078278 -0.067841 0.316803 -0.155258 -0.132584 0.316864 -0.087944 -0.131989 0.316895 0.063904 -0.238052 0.349335 -0.190811 -0.238602 0.349365 0.141068 -0.226807 0.349335 0.00601 -0.21489 0.349121 0.14238 -0.163223 0.31427 -0.050529 -0.17662 0.313782 -0.009326 -0.15921 0.314941 0.022953 -0.199341 0.315491 0.051228 0.09922 0.316803 -0.153732 -0.067841 0.316803 -0.155258 0.015521 0.316925 0.066505 0.147522 0.316834 -0.090164 0.150208 0.315643 0.077919 0.161133 0.313019 -0.014413 0.160629 0.314362 -0.107101 0.173782 0.315308 -0.069534 0.200043 0.314911 -0.072884 0.172455 0.315033 0.006605 0.193024 0.314087 -0.044937 0.225113 0.31485 -0.116745 0.234985 0.310822 -0.129288 0.201477 0.311005 -0.007074 0.233643 0.311096 0.075645 0.197952 0.315308 0.008916 0.225082 0.315277 0.084984 0.218826 0.311096 0.116684 0.233337 0.310791 0.14595 0.174271 0.311096 0.146469 0.16185 0.315247 0.154663 0.129715 0.315033 0.120201 0.113525 0.316864 0.10614 -0.006711 0.316772 0.122368 0.025328 0.314545 0.139053 0.092323 0.315155 0.150452 0.040836 0.315369 0.170929 0.10849 0.314117 0.186691 0.045444 0.311188 0.185257 0.128815 0.310822 0.190308 -0.014578 0.311005 0.200134 0.179047 0.310883 0.200302 0.015581 0.34903 0.202423 0.17923 0.348755 0.20256 0.042255 0.349457 0.221649 0.189819 0.349457 0.2202 0.015444 0.349487 -0.089264 -0.004883 0.33548 -0.072235 -0.032989 0.34903 -0.073593 -0.0208 0.37915 -0.083221 -0.03558 0.336182 -0.044518 0.003045 0.328369 -0.013484 -0.050976 0.350586 -0.026543 -0.049789 0.380737 -0.040417 -0.009747 0.382263 -0.075043 -0.033253 0.384735 -0.017143 0.000301 0.387238 -0.067039 -0.067841 0.316803 -0.155258 -0.132584 0.316864 -0.087944 0.015521 0.316925 0.066505 -0.037296 0.341339 0.003483 -0.050976 0.350586 -0.026543 -0.03558 0.336182 -0.044518 0.003045 0.328369 -0.013484 -0.002459 0.340729 0.029074 -0.018034 0.366119 0.021475 -0.037483 0.381409 0.005311 -0.049789 0.380737 -0.040417 -0.006245 0.373352 0.026363 -0.033253 0.384735 -0.017143 0.032448 0.380127 0.01922 0.027784 0.38739 -0.003356 0.000301 0.387238 -0.067039 -0.033253 0.384735 -0.017143 0.038513 0.388092 -0.037971 0.027784 0.38739 -0.003356 0.028091 0.380768 -0.066986 -0.009747 0.382263 -0.075043 0.049397 0.381073 -0.024002 0.032448 0.380127 0.01922 0.025627 0.381653 -0.086121 -0.0208 0.37915 -0.083221 0.015444 0.349487 -0.089264 0.058983 0.381683 -0.061382 0.055149 0.349548 -0.067238 0.030695 0.337097 -0.072594 -0.004883 0.33548 -0.072235 0.036251 0.331604 -0.034042 0.003045 0.328369 -0.013484 0.0672 0.349609 -0.029821 0.061028 0.38205 -0.00358 0.050545 0.337311 -0.006564 -0.002459 0.340729 0.029074 0.050648 0.348114 0.008055 0.025246 0.367737 0.050709 -0.006245 0.373352 0.026363 0.019104 0.350922 0.082558 -0.004178 0.35199 0.080544 -0.412659 -0.313202 0.114311 -0.405457 -0.305328 0.116425 -0.402466 -0.30127 -0.070267 -0.39563 -0.244064 0.012513 -0.397797 -0.24646 0.134583 -0.400482 -0.233673 0.106979 -0.403198 -0.233231 0.130157 -0.404633 -0.222488 0.11264 -0.414856 -0.232498 0.129272 -0.400696 -0.263092 0.195084 -0.408203 -0.30835 0.266876 -0.412659 -0.313629 0.266479 -0.402771 -0.267426 0.27243 -0.399231 -0.387817 -0.015481 -0.399567 -0.387787 0.266266 -0.412628 -0.375458 -0.011222 -0.292664 -0.387878 -0.072792 -0.412598 -0.376526 0.258911 -0.412659 -0.313202 0.114311 -0.412659 -0.313629 0.266479 -0.405457 -0.305328 0.116425 -0.488251 -0.374542 0.255676 -0.491547 -0.387756 0.267944 -0.500183 -0.376068 0.268921 -0.495575 -0.375275 0.451691 -0.399567 -0.387787 0.266266 -0.412598 -0.376526 0.258911 -0.412659 -0.313629 0.266479 -0.412659 -0.313629 0.266479 -0.488251 -0.374542 0.255676 -0.462585 -0.25882 0.270599 -0.408203 -0.30835 0.266876 -0.402771 -0.267426 0.27243 -0.483673 -0.294922 0.280396 -0.500183 -0.376068 0.268921 -0.487915 -0.334076 0.442719 -0.47525 -0.269958 0.427307 -0.464478 -0.200806 0.291962 -0.46106 -0.195847 0.406036 -0.451355 -0.200928 0.278168 -0.39389 -0.202408 0.279724 -0.446442 -0.18927 0.29248 -0.393402 -0.190338 0.293335 -0.393341 -0.19722 0.274017 -0.393341 -0.189285 0.33371 -0.391754 -0.190002 0.335724 -0.4487 -0.187897 0.401215 -0.451965 -0.198791 0.41748 -0.386108 -0.190002 0.345428 -0.387512 -0.190063 0.335785 -0.386475 -0.005826 0.33783 -0.400696 -0.263092 0.195084 -0.402771 -0.267426 0.27243 -0.39389 -0.202408 0.279724 -0.393341 -0.19722 0.274017 -0.384491 -0.136688 0.192856 -0.397797 -0.24646 0.134583 -0.386871 -0.145264 0.270264 -0.388733 -0.016506 0.272736 -0.387238 -0.040287 0.26825 -0.386902 0.198013 0.268127 -0.382935 -0.115524 0.267944 -0.361328 0.036194 0.268066 -0.370056 -0.032303 0.134583 -0.380768 -0.112579 0.135132 -0.414856 -0.232498 0.129272 -0.404236 -0.144211 0.127731 -0.404633 -0.222488 0.11264 -0.387329 -0.078186 0.132736 -0.40152 -0.1436 0.124603 -0.397522 -0.17778 0.104424 -0.382202 0.006181 0.13118 -0.364746 0.003446 0.139053 -0.373322 0.069016 0.12793 -0.390808 -0.042664 0.12677 -0.381042 0.040081 0.127594 -0.389038 0.051388 0.124329 -0.387177 -0.055706 0.117172 -0.372925 0.084709 0.110703 -0.386291 -0.02256 0.104309 -0.435211 -0.182877 0.104324 -0.436279 0.114609 0.104332 -0.408203 -0.216232 0.104233 -0.436249 -0.216003 0.10421 -0.411957 -0.216156 -0.128632 -0.435211 -0.182877 0.104324 -0.397522 -0.17778 0.104424 -0.404633 -0.222488 0.11264 -0.400818 -0.232773 -0.041374 -0.400482 -0.233673 0.106979 -0.411957 -0.216156 -0.128632 -0.400818 -0.232773 -0.041374 -0.408203 -0.216232 0.104233 -0.500183 -0.376068 0.268921 -0.495575 -0.375275 0.451691 -0.487915 -0.334076 0.442719 -0.487091 -0.377777 0.462585 -0.487122 -0.387756 0.453827 -0.491547 -0.387756 0.267944 -0.475494 -0.311218 0.445679 -0.47525 -0.269958 0.427307 -0.298981 -0.291138 0.441162 -0.451965 -0.198791 0.41748 -0.46106 -0.195847 0.406036 -0.298676 -0.387665 0.454376 -0.399567 -0.387787 0.266266 -0.30368 -0.387848 0.308411 -0.300201 -0.37619 0.4646 -0.287842 -0.377808 0.453125 -0.289307 -0.376404 0.321136 -0.288086 -0.289978 0.42868 -0.289337 -0.321045 0.321228 -0.299164 -0.20517 0.41861 -0.4487 -0.187897 0.401215 -0.289612 -0.306 0.295959 -0.28833 -0.201096 0.403564 -0.298614 -0.191528 0.398926 -0.289612 -0.202499 0.296021 -0.322113 -0.191483 0.345276 -0.386108 -0.190002 0.345428 -0.321899 0.053993 0.345215 -0.321381 -0.102409 0.336731 -0.300079 -0.19249 0.296021 -0.314758 -0.191574 0.335144 -0.314728 0.015755 0.33432 -0.314636 -0.119133 0.296875 -0.314606 -0.191849 0.295929 -0.16539 -0.117599 0.295959 -0.221527 0.075821 0.295959 -0.135391 -0.092339 0.296082 -0.135605 -0.234131 0.29599 -0.009504 -0.23407 0.29599 0.135422 -0.233917 0.29599 0.266632 -0.305969 0.296021 -0.135117 -0.233856 0.305267 -0.135178 -0.060875 0.305328 -0.117935 -0.216766 0.318634 -0.117531 0.115158 0.320496 -0.386108 -0.190002 0.345428 -0.386291 0.092072 0.345245 -0.386475 -0.005826 0.33783 -0.322113 0.197495 0.345215 -0.321899 0.053993 0.345215 -0.393341 -0.19722 0.274017 -0.39325 0.024853 0.274017 -0.388733 -0.016506 0.272736 -0.393311 0.204895 0.305359 -0.393341 -0.189285 0.33371 -0.391754 -0.190002 0.335724 -0.391663 0.193985 0.335663 -0.387512 -0.190063 0.335785 -0.39325 0.191315 0.33374 -0.393341 -0.19722 0.274017 -0.005359 -0.387848 0.102257 -0.30368 -0.387848 0.308411 -0.399567 -0.387787 0.266266 -0.292664 -0.387878 -0.072792 0.012441 -0.387848 0.308807 -0.004949 -0.376343 0.321167 -0.289307 -0.376404 0.321136 -0.007312 -0.321014 0.321198 -0.289337 -0.321045 0.321228 -0.289612 -0.306 0.295959 0.266632 -0.305969 0.296021 -0.313202 0.103523 0.295929 -0.314606 -0.191849 0.295929 -0.300079 -0.19249 0.296021 -0.295319 0.06649 0.295959 -0.314636 -0.119133 0.296875 -0.314728 0.100021 0.296844 -0.314728 0.015755 0.33432 -0.009504 -0.23407 0.29599 -0.135117 -0.233856 0.305267 -0.135605 -0.234131 0.29599 0.135269 -0.233749 0.305237 0.11776 -0.216751 0.319 -0.117935 -0.216766 0.318634 -0.117928 -0.21666 0.365723 -0.117981 0.114861 0.365753 0.117729 -0.216629 0.365692 -0.079117 -0.166138 0.365875 0.077988 -0.166245 0.365814 -0.079117 -0.166138 0.365875 0.069305 -0.161865 0.372864 -0.070648 -0.161072 0.372925 -0.070747 0.050766 0.372833 0.077988 -0.166245 0.365814 0.069298 0.050621 0.372955 -0.435059 0.062454 -0.091026 -0.440765 0.046177 0.054764 -0.435242 0.062038 0.064507 -0.435455 0.100197 0.094002 -0.435791 -0.009954 0.099197 -0.436279 0.114609 0.104332 -0.436005 0.114441 -0.037941 -0.382111 0.114624 0.104004 -0.387238 -0.040287 0.26825 -0.386902 0.198013 0.268127 -0.361328 0.036194 0.268066 -0.387512 -0.190063 0.335785 -0.387512 0.103607 0.335785 -0.391663 0.193985 0.335663 -0.386475 -0.005826 0.33783 -0.393311 0.204895 0.305359 -0.393341 -0.19722 0.274017 -0.39325 0.191315 0.33374 -0.321381 -0.102409 0.336731 -0.321472 0.093498 0.336609 -0.321899 0.053993 0.345215 -0.314728 0.015755 0.33432 -0.388733 -0.016506 0.272736 -0.39325 0.024853 0.274017 -0.393188 0.200104 0.274292 -0.386902 0.198013 0.268127 -0.393158 0.199905 0.265015 -0.336761 0.202866 0.268219 -0.393311 0.204895 0.305359 -0.360321 0.232178 0.243683 -0.420349 0.230148 0.255951 -0.411041 0.230621 0.238556 -0.411102 0.355591 0.23851 -0.360352 0.350647 0.243622 -0.351105 0.360901 0.247757 -0.414001 0.360931 0.245483 -0.420227 0.35437 0.254822 -0.407166 0.352112 0.360565 -0.39325 0.024853 0.274017 -0.393311 0.204895 0.305359 -0.393188 0.200104 0.274292 -0.386902 0.198013 0.268127 -0.336761 0.202866 0.268219 -0.361328 0.036194 0.268066 -0.386414 0.198334 0.337036 -0.387512 0.103607 0.335785 -0.386475 -0.005826 0.33783 -0.391663 0.193985 0.335663 -0.386291 0.092072 0.345245 -0.392883 0.206802 0.333282 -0.39325 0.191315 0.33374 -0.393311 0.204895 0.305359 -0.386261 0.197693 0.345337 -0.407227 0.227951 0.360474 -0.420349 0.230148 0.255951 -0.407166 0.352112 0.360565 -0.377014 0.19191 0.345703 -0.322113 0.197495 0.345215 -0.397644 0.2341 0.37558 -0.367004 0.238449 0.373047 -0.282166 0.232117 0.365204 -0.30777 0.196518 0.341309 -0.398132 0.353363 0.375732 -0.399048 0.360687 0.370605 -0.414001 0.360931 0.245483 -0.351105 0.360901 0.247757 -0.28244 0.360962 0.357513 -0.273437 0.361023 0.245712 -0.282593 0.354553 0.365387 -0.27536 0.354218 0.354553 -0.287537 0.360992 0.308289 -0.275269 0.232422 0.354736 -0.292969 0.214172 0.307617 -0.281555 0.228088 0.312073 -0.280121 0.235764 0.316834 -0.280609 0.350403 0.316803 -0.173203 0.350586 0.316589 -0.294312 0.211792 0.29599 -0.313202 0.103523 0.295929 -0.295319 0.06649 0.295959 -0.306366 0.198395 0.295959 -0.314697 0.193863 0.296631 -0.314728 0.100021 0.296844 -0.314728 0.015755 0.33432 -0.314667 0.195374 0.334351 -0.321472 0.093498 0.336609 -0.322113 0.197495 0.345215 -0.321899 0.053993 0.345215 -0.30777 0.196518 0.341309 -0.292969 0.214172 0.307617 -0.294739 0.094627 0.305634 -0.287354 0.102043 0.312012 -0.281555 0.228088 0.312073 -0.29425 0.088341 0.3013 -0.234161 0.102203 0.312134 -0.2341 0.228851 0.31192 -0.280121 0.235764 0.316834 -0.228012 0.223465 0.3078 -0.22731 0.09639 0.306854 -0.222275 0.08815 0.301209 -0.221527 0.075821 0.295959 -0.223267 0.068436 0.300812 -0.294312 0.068558 0.300873 -0.360474 0.350159 -0.073715 -0.360504 0.234848 -0.090942 -0.360138 0.234818 0.13884 -0.360107 0.346039 0.110558 -0.359253 0.351898 0.025166 -0.273437 0.361023 0.245712 -0.28244 0.360962 0.357513 -0.287537 0.360992 0.308289 -0.111725 0.360962 0.308105 -0.135178 0.13562 0.305756 -0.135391 -0.092339 0.296082 -0.135178 -0.060875 0.305328 -0.117531 0.115158 0.320496 -0.135529 0.135834 0.295959 -0.221527 0.075821 0.295959 -0.226654 0.206818 0.295959 -0.22731 0.09639 0.306854 -0.219772 0.310577 0.06852 -0.17662 0.313782 -0.009326 -0.175201 0.311035 -0.05759 -0.199341 0.315491 0.051228 -0.19989 0.315308 0.086479 -0.15921 0.314941 0.022953 -0.13707 0.314636 0.078278 -0.147614 0.312927 -0.070335 -0.188187 0.315216 0.112015 -0.219849 0.310577 0.134766 -0.137466 0.314453 -0.11615 -0.131989 0.316895 0.063904 -0.111595 0.315033 0.10778 -0.061081 0.316772 0.116852 -0.135727 0.314545 0.173447 -0.138519 0.311096 0.175751 -0.091507 0.314819 0.133347 -0.097977 0.314423 0.18103 -0.006711 0.316772 0.122368 0.015521 0.316925 0.066505 0.025328 0.314545 0.139053 -0.045425 0.314697 0.168137 -0.052593 0.311005 0.184158 0.015204 0.312317 0.155151 0.040836 0.315369 0.170929 0.045444 0.311188 0.185257 -0.014578 0.311005 0.200134 -0.149567 0.310913 0.199951 -0.149307 0.348145 0.20192 0.015581 0.34903 0.202423 -0.153183 0.348969 0.198868 -0.21489 0.349121 0.14238 -0.221344 0.3479 0.13533 -0.226807 0.349335 0.00601 -0.220993 0.347321 -0.014204 -0.226654 0.206818 0.295959 -0.135529 0.135834 0.295959 0.030931 0.209427 0.295868 0.135437 0.135727 0.295959 0.135025 0.13559 0.305847 -0.135178 0.13562 0.305756 -0.117531 0.115158 0.320496 0.117249 0.115082 0.32019 -0.042736 0.114998 0.364594 0.117699 0.114929 0.364624 0.114029 0.112854 0.365784 -0.117981 0.114861 0.365753 -0.078514 0.062492 0.365845 0.077965 0.062698 0.365784 0.069298 0.050621 0.372955 -0.22731 0.09639 0.306854 -0.226654 0.206818 0.295959 -0.228012 0.223465 0.3078 -0.227142 0.222321 0.302246 0.030931 0.209427 0.295868 0.016455 0.224472 0.308502 -0.280121 0.235764 0.316834 -0.078514 0.062492 0.365845 -0.117981 0.114861 0.365753 -0.079117 -0.166138 0.365875 -0.070747 0.050766 0.372833 0.069298 0.050621 0.372955 -0.070648 -0.161072 0.372925 -0.117935 -0.216766 0.318634 -0.117981 0.114861 0.365753 -0.117531 0.115158 0.320496 -0.042736 0.114998 0.364594 0.030106 0.351135 0.316254 -0.173203 0.350586 0.316589 -0.280121 0.235764 0.316834 -0.111725 0.360962 0.308105 -0.287537 0.360992 0.308289 0.157227 0.360931 0.307709 0.135071 0.360992 0.245514 -0.273437 0.361023 0.245712 -0.107521 0.353363 0.236328 -0.264221 0.347656 -0.000924 -0.242645 0.347748 0.16304 -0.24202 0.34787 -0.108421 -0.238602 0.349365 0.141068 -0.264008 0.347778 0.23317 -0.21489 0.349121 0.14238 -0.194977 0.347595 0.190552 -0.187668 0.347748 0.232361 -0.15567 0.347656 0.225632 -0.162338 0.349365 0.219971 -0.153183 0.348969 0.198868 -0.149307 0.348145 0.20192 0.015581 0.34903 0.202423 -0.265625 0.35144 -0.016148 -0.273346 0.360992 -0.007749 -0.266205 0.352722 0.235916 -0.264221 0.347656 -0.000924 0.015521 0.316925 0.066505 -0.132584 0.316864 -0.087944 -0.061081 0.316772 0.116852 -0.131989 0.316895 0.063904 -0.018034 0.366119 0.021475 -0.002459 0.340729 0.029074 -0.004178 0.35199 0.080544 0.050648 0.348114 0.008055 -0.006245 0.373352 0.026363 -0.018034 0.366119 0.021475 0.007435 0.358887 0.133148 -0.004178 0.35199 0.080544 0.025246 0.367737 0.050709 0.019104 0.350922 0.082558 -0.264008 0.347778 0.23317 -0.264221 0.347656 -0.000924 -0.266205 0.352722 0.235916 -0.266205 0.352722 0.235916 -0.273437 0.361023 0.245712 -0.107521 0.353363 0.236328 -0.264008 0.347778 0.23317 0.14389 0.348633 0.23407 0.042255 0.349457 0.221649 -0.162338 0.349365 0.219971 -0.15567 0.347656 0.225632 0.015581 0.34903 0.202423 0.189987 0.347656 0.22496 -0.264008 0.347778 0.23317 0.14389 0.348633 0.23407 -0.187668 0.347748 0.232361 0.187881 0.347626 0.232422 -0.15567 0.347656 0.225632 -0.187668 0.347748 0.232361 0.187881 0.347626 0.232422 -0.120888 -0.30481 -0.344604 0.219818 -0.304779 -0.344574 0.012609 -0.306732 -0.346497 0.002237 -0.273529 -0.344635 0.284302 -0.313721 -0.359497 0.051617 -0.321136 -0.365906 0.026007 -0.313324 -0.3591 0.220459 -0.30719 -0.347748 0.012609 -0.306732 -0.346497 0.219818 -0.304779 -0.344574 0.28299 -0.320984 -0.365845 0.273804 -0.37677 -0.365875 0.051617 -0.321136 -0.365906 0.284302 -0.313721 -0.359497 0.220459 -0.30719 -0.347748 0.286194 -0.305511 -0.344604 0.284302 -0.313721 -0.359497 0.219818 -0.304779 -0.344574 0.294403 -0.253143 -0.344635 0.285767 -0.278503 -0.425964 0.28299 -0.320984 -0.365845 0.295319 -0.222794 -0.415741 0.312958 -0.219727 -0.42923 0.308716 -0.212112 -0.415375 0.305634 -0.286499 -0.444092 0.268768 -0.376587 -0.44165 0.273804 -0.37677 -0.365875 0.296509 -0.376801 -0.464783 0.279846 -0.38797 -0.4422 0.284729 -0.387909 -0.353882 0.305023 -0.387878 -0.454132 0.341858 -0.387848 -0.356964 0.482605 -0.376434 -0.458801 0.305023 -0.387878 -0.454132 0.296509 -0.376801 -0.464783 0.305634 -0.286499 -0.444092 0.482605 -0.376434 -0.458801 0.296509 -0.376801 -0.464783 0.444641 -0.221207 -0.42511 0.312958 -0.219727 -0.42923 0.446625 -0.212692 -0.412994 0.308716 -0.212112 -0.415375 0.284729 -0.387909 -0.353882 0.279846 -0.38797 -0.4422 0.341858 -0.387848 -0.356964 0.299133 -0.225128 -0.344666 0.295319 -0.222794 -0.415741 0.294403 -0.253143 -0.344635 0.308716 -0.212112 -0.415375 0.318176 -0.211533 -0.358185 0.318695 -0.209091 -0.344788 0.322021 -0.212219 -0.372437 0.337341 -0.212387 -0.382416 0.402405 -0.212463 -0.382324 0.210754 -0.129349 -0.344666 0.294403 -0.253143 -0.344635 0.136246 -0.234467 -0.344757 0.299133 -0.225128 -0.344666 0.136185 0.1371 -0.344696 0.228149 0.065689 -0.344635 0.30722 0.065369 -0.344666 0.317474 -0.076424 -0.344696 0.317505 0.100594 -0.344696 0.318817 0.017981 -0.346375 0.304779 0.069038 -0.349304 0.30542 0.089027 -0.349426 0.236786 0.069122 -0.348938 0.237946 0.097153 -0.344727 0.238754 0.089081 -0.349243 0.337341 -0.212387 -0.382416 0.322021 -0.212219 -0.372437 0.336151 -0.212372 -0.372925 0.336121 0.012027 -0.372681 0.320038 -0.015475 -0.372589 0.321381 -0.084869 -0.368256 0.318695 0.047741 -0.369049 0.318665 -0.124763 -0.364197 0.318817 0.017981 -0.346375 0.318695 -0.209091 -0.344788 0.317474 -0.076424 -0.344696 0.322021 -0.212219 -0.372437 0.318176 -0.211533 -0.358185 0.321777 -0.211014 -0.364807 0.321381 -0.084869 -0.368256 0.318665 -0.124763 -0.364197 0.318695 -0.209091 -0.344788 0.276581 -0.387817 0.013272 0.087128 -0.387848 -0.242111 0.341858 -0.387848 -0.356964 -0.005359 -0.387848 0.102257 0.395538 -0.387817 -0.238297 0.391052 -0.387817 -0.032955 0.219818 -0.304779 -0.344574 0.002237 -0.273529 -0.344635 0.294403 -0.253143 -0.344635 0.002237 -0.273529 -0.344635 0.136246 -0.234467 -0.344757 0.294403 -0.253143 -0.344635 -0.137283 -0.234512 -0.344696 0.210754 -0.129349 -0.344666 0.136185 0.1371 -0.344696 0.228149 0.065689 -0.344635 0.317474 -0.076424 -0.344696 0.210754 -0.129349 -0.344666 0.228149 0.065689 -0.344635 0.210754 -0.129349 -0.344666 0.318695 -0.209091 -0.344788 0.299133 -0.225128 -0.344666 0.318695 -0.209091 -0.344788 0.210754 -0.129349 -0.344666 0.317474 -0.076424 -0.344696 0.48703 -0.387787 -0.448395 0.305023 -0.387878 -0.454132 0.482605 -0.376434 -0.458801 0.494202 -0.376648 -0.44931 0.444641 -0.221207 -0.42511 0.45343 -0.218811 -0.416199 0.446625 -0.212692 -0.412994 0.458771 -0.220779 -0.291107 0.497772 -0.37677 -0.35791 0.492828 -0.387909 -0.271881 0.500488 -0.376648 -0.277435 0.486389 -0.375946 -0.259613 0.477509 -0.291473 -0.28595 0.471863 -0.310181 -0.266907 0.446625 -0.222046 -0.277222 0.448975 -0.212784 -0.284119 0.48703 -0.387787 -0.448395 0.341858 -0.387848 -0.356964 0.305023 -0.387878 -0.454132 0.408447 -0.387848 -0.279846 0.395538 -0.387817 -0.238297 0.341858 -0.387848 -0.356964 0.399475 -0.384705 -0.28241 0.48703 -0.387787 -0.448395 0.492828 -0.387909 -0.271881 0.410828 -0.378357 -0.269287 0.486389 -0.375946 -0.259613 0.471863 -0.310181 -0.266907 0.410706 -0.320557 -0.27417 0.446625 -0.212692 -0.412994 0.308716 -0.212112 -0.415375 0.402405 -0.212463 -0.382324 0.408783 -0.212387 -0.370514 0.40274 -0.212463 -0.37323 0.448975 -0.212784 -0.284119 0.408478 -0.212357 -0.316803 0.402863 -0.212433 -0.314819 0.399658 -0.212448 -0.294769 0.446625 -0.222046 -0.277222 0.391724 -0.228958 -0.284149 0.471863 -0.310181 -0.266907 0.410706 -0.320557 -0.27417 0.395935 -0.30835 -0.276916 0.402313 0.039745 -0.382385 0.402405 -0.212463 -0.382324 0.337341 -0.212387 -0.382416 0.458771 -0.220779 -0.291107 0.446625 -0.212692 -0.412994 0.448975 -0.212784 -0.284119 0.399658 -0.212448 -0.294769 0.390747 -0.204895 -0.306213 0.391724 -0.228958 -0.284149 0.395935 -0.30835 -0.276916 0.400208 -0.199356 -0.306213 0.379669 0.026112 -0.306213 0.400269 0.171906 -0.306091 0.399658 -0.212448 -0.294769 0.402863 -0.212433 -0.314819 0.402405 -0.206635 -0.307281 0.402496 0.099442 -0.307281 0.400208 -0.199356 -0.306213 0.408783 -0.212387 -0.370514 0.40274 -0.212463 -0.37323 0.408752 -0.065834 -0.371307 0.408752 -0.065834 -0.371307 0.40274 -0.212463 -0.37323 0.405579 0.189133 -0.372589 0.402649 0.032444 -0.373596 0.402405 -0.212463 -0.382324 0.402313 0.039745 -0.382385 0.336121 0.012027 -0.372681 0.336761 0.195251 -0.382416 0.337341 -0.212387 -0.382416 0.402313 0.039745 -0.382385 0.337341 -0.212387 -0.382416 0.336761 0.195251 -0.382416 0.408752 -0.065834 -0.371307 0.408569 -0.015947 -0.317627 0.408783 -0.212387 -0.370514 0.408478 -0.212357 -0.316803 0.379669 0.026112 -0.306213 0.380554 -0.035973 -0.217178 0.390747 -0.204895 -0.306213 0.408478 -0.212357 -0.316803 0.406494 0.194275 -0.315643 0.402863 -0.212433 -0.314819 0.406494 0.194275 -0.315643 0.408478 -0.212357 -0.316803 0.408569 -0.015947 -0.317627 0.402863 -0.212433 -0.314819 0.402557 0.195053 -0.314087 0.402496 0.099442 -0.307281 0.406494 0.194275 -0.315643 0.399475 -0.384705 -0.28241 0.397491 -0.384674 -0.155502 0.395538 -0.387817 -0.238297 0.391052 -0.387817 -0.032955 0.410828 -0.378357 -0.269287 0.406616 -0.379639 -0.130493 0.410797 -0.378113 -0.024866 0.394836 -0.308014 -0.152283 0.40448 -0.314819 -0.275208 0.395935 -0.30835 -0.276916 0.410706 -0.320557 -0.27417 0.390747 -0.204895 -0.306213 0.394836 -0.308014 -0.152283 0.405518 -0.315643 0.038078 0.40448 -0.314819 -0.275208 0.393494 -0.307343 0.044582 0.38974 -0.238098 0.022987 0.391449 -0.2435 -0.158203 0.394348 -0.238739 -0.131393 0.394012 -0.232651 0.003006 0.397186 -0.223434 -0.052391 0.400604 -0.220444 -0.132126 0.39328 -0.239426 -0.156967 0.391998 -0.198502 -0.149368 0.391632 -0.127014 -0.142807 0.387573 -0.068085 -0.151718 0.381775 -0.070366 -0.154022 0.391449 -0.2435 -0.158203 0.394836 -0.308014 -0.152283 0.390747 -0.204895 -0.306213 0.380554 -0.035973 -0.217178 0.410828 -0.378357 -0.269287 0.410858 -0.356018 -0.161972 0.410797 -0.378113 -0.024866 0.410736 -0.32074 -0.100006 0.410706 -0.320557 -0.27417 0.40448 -0.314819 -0.275208 0.405518 -0.315643 0.038078 0.410706 -0.320557 -0.27417 0.410858 -0.356018 -0.161972 0.410828 -0.378357 -0.269287 0.397491 -0.384674 -0.155502 0.39563 -0.383026 -0.036007 0.391052 -0.387817 -0.032955 0.404785 -0.378784 0.090065 0.407196 -0.378845 -0.031292 0.406616 -0.379639 -0.130493 0.410797 -0.378113 -0.024866 0.410828 -0.378693 0.132477 0.400604 -0.220444 -0.132126 0.405792 -0.058502 -0.128601 0.407257 -0.216171 -0.128525 0.394714 0.016907 -0.131912 0.452393 -0.215851 -0.128525 0.45224 -0.068161 -0.128479 0.452026 -0.166626 -0.086708 0.381775 -0.070366 -0.154022 0.391449 -0.2435 -0.158203 0.380554 -0.035973 -0.217178 0.387238 -0.005977 -0.145813 0.391632 -0.127014 -0.142807 0.387573 -0.068085 -0.151718 0.394714 0.016907 -0.131912 0.381775 -0.070366 -0.154022 0.375427 0.028976 -0.146484 0.37793 0.003582 -0.189407 0.380554 -0.035973 -0.217178 0.391632 -0.127014 -0.142807 0.394714 0.016907 -0.131912 0.400604 -0.220444 -0.132126 0.400604 -0.220444 -0.132126 0.407257 -0.216171 -0.128525 0.397186 -0.223434 -0.052391 0.395691 -0.22287 0.114281 0.452301 -0.215988 0.104301 0.452393 -0.215851 -0.128525 0.452026 -0.166626 -0.086708 0.407257 -0.216171 -0.128525 0.459625 -0.159821 -0.077682 0.452026 -0.166626 -0.086708 0.454987 -0.040783 -0.081001 0.459656 -0.159729 0.055241 0.451996 -0.038151 -0.08886 0.452118 0.069031 -0.088196 0.459595 0.046261 -0.077568 0.459625 -0.040974 -0.003203 0.452026 -0.166626 -0.086708 0.452209 -0.16597 0.062012 0.452301 -0.215988 0.104301 0.45224 -0.213989 0.090446 0.459656 -0.159729 0.055241 0.45224 -0.10154 0.064186 0.454987 -0.071594 0.058483 0.451996 -0.038151 -0.08886 0.452026 -0.166626 -0.086708 0.45224 -0.068161 -0.128479 0.452209 0.11454 -0.128433 0.298981 0.102463 -0.360046 0.245377 0.102936 -0.360077 0.303009 0.213852 -0.35965 0.238754 0.089081 -0.349243 0.30542 0.089027 -0.349426 0.305756 0.099281 -0.354156 0.306122 0.197723 -0.344696 0.30722 0.065369 -0.344666 0.317505 0.100594 -0.344696 0.238388 0.098373 -0.354279 0.237946 0.097153 -0.344727 0.238235 0.198792 -0.344635 0.238541 0.215988 -0.355133 0.245178 0.224045 -0.359985 0.286072 0.235535 -0.367035 0.31543 0.195999 -0.389496 0.317047 0.195526 -0.344666 0.318726 0.195251 -0.372467 0.318665 0.195374 -0.346497 0.318817 0.017981 -0.346375 0.210281 0.35144 -0.367218 0.286072 0.235535 -0.367035 -0.0784 0.235535 -0.366974 0.286133 0.355652 -0.367218 0.04628 0.351227 -0.367279 0.288605 0.360474 -0.360657 0.125137 0.359741 -0.361145 -0.012504 0.359802 -0.360962 0.286682 0.359344 -0.349426 0.289978 0.36087 -0.332275 0.116898 0.359528 -0.349609 -0.006937 0.360809 -0.334167 0.283173 0.234253 -0.421967 0.31543 0.195999 -0.389496 0.286072 0.235535 -0.367035 0.283417 0.355682 -0.41861 0.336182 0.195877 -0.372986 0.318726 0.195251 -0.372467 0.336761 0.195251 -0.382416 0.402313 0.195572 -0.38205 0.427277 0.231308 -0.406158 0.352966 0.288177 -0.414276 0.294464 0.355591 -0.421143 0.427368 0.354187 -0.406189 0.421783 0.214386 -0.393677 0.434875 0.355225 -0.395996 0.429047 0.360992 -0.398315 0.434937 0.231567 -0.395813 0.434296 0.360931 -0.280396 0.441834 0.354889 -0.285797 0.441711 0.234329 -0.28598 0.408661 0.195892 -0.35025 0.408661 0.196381 -0.371307 0.408569 -0.015947 -0.317627 0.4086 0.19548 -0.317596 0.430756 0.2211 -0.289917 0.412537 0.198349 -0.307007 0.433777 0.232483 -0.280487 0.402557 0.195053 -0.314087 0.406494 0.194275 -0.315643 0.402496 0.099442 -0.307281 0.400269 0.171906 -0.306091 0.372559 0.200684 -0.306 0.378387 0.086487 -0.306183 0.373413 0.231354 -0.288025 0.376953 0.137207 -0.290497 0.373901 0.142487 -0.284943 0.381989 0.13829 -0.278381 0.381866 0.231918 -0.279694 0.381958 0.232147 -0.217484 0.38208 0.136032 -0.21788 0.376221 0.23172 -0.212814 0.373962 0.235214 -0.207413 0.364441 0.214874 -0.212463 0.374146 0.277191 -0.287872 0.374084 0.350037 -0.28775 0.283173 0.234253 -0.421967 0.283417 0.355682 -0.41861 0.294464 0.355591 -0.421143 0.286255 0.36087 -0.419037 0.286133 0.355652 -0.367218 0.286072 0.235535 -0.367035 0.288605 0.360474 -0.360657 0.235855 0.310822 -0.199738 0.181778 0.310913 -0.252502 0.173203 0.310974 -0.197464 -0.033005 0.346405 -0.253662 -0.067963 0.310791 -0.251709 0.182419 0.348785 -0.254242 0.207306 0.349152 -0.229019 0.237579 0.348999 -0.200287 0.236557 0.34668 -0.085831 0.234985 0.310822 -0.129288 0.220642 0.311188 -0.148453 0.225113 0.31485 -0.116745 0.18158 0.315063 -0.179214 0.138763 0.314758 -0.223572 0.200043 0.314911 -0.072884 0.142426 0.314911 -0.155441 0.160629 0.314362 -0.107101 0.076653 0.360931 -0.291321 -0.020348 0.351074 -0.282989 0.146698 0.351898 -0.283691 0.289978 0.360931 -0.291595 0.072578 0.347656 -0.279846 -0.045288 0.347565 -0.279297 0.1884 0.349335 -0.271881 0.190628 0.347656 -0.279297 0.278931 0.347656 -0.280121 0.278046 0.347473 -0.213638 0.289948 0.360992 -0.105194 0.207306 0.349152 -0.229019 0.182419 0.348785 -0.254242 0.253296 0.347961 -0.226395 0.257446 0.347382 -0.118576 0.237579 0.348999 -0.200287 0.252502 0.349365 -0.130936 0.027 0.349335 -0.256195 -0.033005 0.346405 -0.253662 0.182419 0.348785 -0.254242 0.1884 0.349335 -0.271881 0.116898 0.359528 -0.349609 -0.006937 0.360809 -0.334167 0.289978 0.36087 -0.332275 0.076653 0.360931 -0.291321 0.289978 0.360931 -0.291595 0.294464 0.355591 -0.421143 0.286255 0.36087 -0.419037 0.429047 0.360992 -0.398315 0.427368 0.354187 -0.406189 0.288605 0.360474 -0.360657 0.289978 0.36087 -0.332275 0.364685 0.360901 -0.289398 0.434296 0.360931 -0.280396 0.289978 0.360931 -0.291595 0.374084 0.350037 -0.28775 0.289948 0.360992 -0.105194 0.364777 0.360931 0.014646 0.239929 0.349213 0.004409 0.237579 0.348999 -0.200287 0.236557 0.34668 -0.085831 0.252502 0.349365 -0.130936 0.235397 0.347687 0.081543 0.234985 0.310822 -0.129288 0.233643 0.311096 0.075645 0.233337 0.310791 0.14595 0.235336 0.349121 0.145676 0.251617 0.349365 0.103523 0.256287 0.347321 0.134949 0.257446 0.347382 -0.118576 0.278503 0.347534 0.015686 0.278046 0.347473 -0.213638 0.278076 0.347656 0.169388 0.289948 0.360992 -0.105194 0.290619 0.360992 0.077057 0.364777 0.360931 0.014646 0.408752 -0.065834 -0.371307 0.405579 0.189133 -0.372589 0.408661 0.196381 -0.371307 0.402313 0.195572 -0.38205 0.421783 0.214386 -0.393677 0.402649 0.032444 -0.373596 0.402313 0.039745 -0.382385 0.336761 0.195251 -0.382416 0.408661 0.196381 -0.371307 0.408569 -0.015947 -0.317627 0.408752 -0.065834 -0.371307 0.400269 0.171906 -0.306091 0.400208 -0.199356 -0.306213 0.402496 0.099442 -0.307281 0.318817 0.12587 -0.372559 0.320038 -0.015475 -0.372589 0.318695 0.047741 -0.369049 0.336121 0.012027 -0.372681 0.318695 0.047741 -0.369049 0.318817 0.017981 -0.346375 0.318665 0.195374 -0.346497 0.318695 0.047741 -0.369049 0.318665 0.195374 -0.346497 0.318817 0.12587 -0.372559 0.318726 0.195251 -0.372467 0.336121 0.012027 -0.372681 0.336182 0.195877 -0.372986 0.336761 0.195251 -0.382416 0.376953 0.137207 -0.290497 0.374725 0.129959 -0.284607 0.379669 0.026112 -0.306213 0.378387 0.086487 -0.306183 0.400269 0.171906 -0.306091 0.372559 0.200684 -0.306 0.373901 0.142487 -0.284943 0.380554 -0.035973 -0.217178 0.381989 0.13829 -0.278381 0.38208 0.136032 -0.21788 0.381866 0.231918 -0.279694 0.372528 0.129684 -0.200104 0.37793 0.003582 -0.189407 0.373077 0.128738 -0.211533 0.376221 0.23172 -0.212814 0.381958 0.232147 -0.217484 0.369446 0.147751 -0.212357 0.364441 0.214874 -0.212463 0.370636 0.118301 -0.191528 0.375427 0.028976 -0.146484 0.363739 0.213593 -0.168686 0.373962 0.235214 -0.207413 0.368195 0.13739 -0.146896 0.384979 0.130402 -0.142776 0.387238 -0.005977 -0.145813 0.394714 0.016907 -0.131912 0.379395 0.130859 -0.112709 0.377716 0.131058 -0.050861 0.391235 0.130737 -0.131897 0.405792 -0.058502 -0.128601 0.397858 0.117302 -0.129898 0.405884 0.114639 -0.128479 0.397644 0.117516 0.000038 0.4086 0.19548 -0.317596 0.406494 0.194275 -0.315643 0.408569 -0.015947 -0.317627 0.452209 0.11454 -0.128433 0.452118 0.069031 -0.088196 0.451996 -0.038151 -0.08886 0.452362 0.101372 -0.071198 0.459595 0.046261 -0.077568 0.459595 0.046413 -0.037659 0.459625 -0.040974 -0.003203 0.459595 0.046429 0.055504 0.455383 0.051357 0.057953 0.455444 0.051258 -0.078621 0.452118 0.069031 -0.088196 0.452271 0.068321 0.065018 0.452515 0.099876 0.087639 0.452362 0.101372 -0.071198 0.452728 0.11451 0.104324 0.452942 -0.021891 0.104294 0.452209 0.11454 -0.128433 0.405884 0.114639 -0.128479 0.404694 0.114777 0.104195 0.404236 -0.006804 0.104324 0.397644 0.117516 0.000038 0.38974 0.125885 0.112114 0.382599 0.129684 0.014644 0.397858 0.117302 -0.129898 0.379395 0.130859 -0.112709 0.377716 0.131058 -0.050861 0.377594 0.131485 0.11834 0.384247 0.131897 0.127029 0.36673 0.140594 0.127304 0.374542 0.012242 0.130524 0.45224 -0.068161 -0.128479 0.405792 -0.058502 -0.128601 0.405884 0.114639 -0.128479 0.405884 0.114639 -0.128479 0.452209 0.11454 -0.128433 0.45224 -0.068161 -0.128479 0.459595 0.046261 -0.077568 0.454987 -0.040783 -0.081001 0.452118 0.069031 -0.088196 0.455444 0.051258 -0.078621 0.459595 0.046413 -0.037659 0.36673 0.140594 0.127304 0.377716 0.131058 -0.050861 0.368195 0.13739 -0.146896 0.363739 0.213593 -0.168686 0.36673 0.140594 0.127304 0.368195 0.13739 -0.146896 0.374084 0.350037 -0.28775 0.373962 0.235413 0.083626 0.373962 0.235214 -0.207413 -0.005359 -0.387848 0.102257 0.276581 -0.387817 0.013272 0.012441 -0.387848 0.308807 0.263855 -0.387787 0.308502 0.251892 -0.376373 0.321075 -0.004949 -0.376343 0.321167 0.262726 -0.321106 0.321228 -0.007312 -0.321014 0.321198 0.266632 -0.305969 0.296021 0.257141 -0.387848 0.429901 0.449524 -0.387787 0.42926 0.453949 -0.387817 0.244095 0.396515 -0.387848 0.244461 0.391052 -0.387817 -0.032955 0.404785 -0.378784 0.090065 0.410828 -0.376373 0.235046 0.46225 -0.377106 0.236969 0.285065 -0.209885 0.296051 0.135422 -0.233917 0.29599 0.266632 -0.305969 0.296021 0.262726 -0.321106 0.321228 0.135437 -0.009572 0.295929 0.135223 -0.004091 0.305328 0.135269 -0.233749 0.305237 -0.009504 -0.23407 0.29599 0.11776 -0.216751 0.319 0.117737 0.00328 0.319122 0.117729 -0.216629 0.365692 0.117638 0.031933 0.365723 0.077988 -0.166245 0.365814 0.077965 0.062698 0.365784 0.069298 0.050621 0.372955 0.226334 0.067558 0.295929 0.135437 -0.009572 0.295929 0.285065 -0.209885 0.296051 0.226334 0.067558 0.295929 0.285065 -0.209885 0.296051 0.319519 -0.205505 0.296021 0.31958 -0.201385 0.33432 0.290192 -0.20192 0.357788 0.324493 -0.20079 0.335938 0.280518 -0.211823 0.384888 0.327972 -0.199249 0.344635 0.325317 0.00224 0.337891 0.262726 -0.321106 0.321228 0.408661 -0.188034 0.384338 0.292389 -0.198654 0.384003 0.387146 -0.194153 0.34491 0.387421 -0.08744 0.34491 0.325989 0.031006 0.344635 0.388672 -0.193832 0.336273 0.410278 -0.196335 0.401581 0.420715 -0.193085 0.39209 0.28476 -0.211243 0.4039 0.309357 -0.20723 0.403259 0.270966 -0.254822 0.409576 0.279572 -0.245087 0.413513 0.430847 -0.301819 0.423645 0.284241 -0.309357 0.424957 0.264465 -0.329315 0.430817 0.264099 -0.294891 0.408203 0.255493 -0.376556 0.439056 0.247314 -0.376251 0.427429 0.251892 -0.376373 0.321075 0.257141 -0.387848 0.429901 0.263855 -0.387787 0.308502 0.445496 -0.37616 0.438538 0.449524 -0.387787 0.42926 0.456726 -0.376862 0.429749 0.438568 -0.287384 0.412262 0.426453 -0.207855 0.281952 0.46225 -0.377106 0.236969 0.453949 -0.387817 0.244095 0.443298 -0.290436 0.262573 0.434052 -0.294739 0.251404 0.419525 -0.220993 0.267059 0.410828 -0.376373 0.235046 0.410584 -0.31955 0.246246 0.410828 -0.378693 0.132477 0.391998 -0.306305 0.248489 0.393494 -0.307343 0.044582 0.387024 -0.214737 0.267548 0.389343 -0.239777 0.127274 0.388824 -0.208557 0.277069 0.381012 -0.113663 0.269775 0.319519 0.103104 0.29599 0.226334 0.067558 0.295929 0.319519 -0.205505 0.296021 0.31958 -0.201385 0.33432 0.319489 0.199417 0.334473 0.324585 0.194656 0.335815 0.324493 -0.20079 0.335938 0.325317 0.00224 0.337891 0.407196 -0.378845 -0.031292 0.410828 -0.378693 0.132477 0.404785 -0.378784 0.090065 0.410736 -0.32074 -0.100006 0.410828 -0.378693 0.132477 0.410797 -0.378113 -0.024866 0.394012 -0.232651 0.003006 0.389343 -0.239777 0.127274 0.38974 -0.238098 0.022987 0.393494 -0.307343 0.044582 0.391998 -0.306305 0.248489 0.395691 -0.22287 0.114281 0.397186 -0.223434 -0.052391 0.410736 -0.32074 -0.100006 0.410584 -0.31955 0.246246 0.410828 -0.378693 0.132477 0.405518 -0.315643 0.038078 0.393494 -0.307343 0.044582 0.452301 -0.215988 0.104301 0.405518 -0.216095 0.104263 0.407257 -0.216171 -0.128525 0.395691 -0.22287 0.114281 0.459625 -0.040974 -0.003203 0.459656 -0.159729 0.055241 0.459625 -0.159821 -0.077682 0.459595 0.046429 0.055504 0.454987 -0.071594 0.058483 0.455383 0.051357 0.057953 0.452271 0.068321 0.065018 0.452942 -0.021891 0.104294 0.452301 -0.215988 0.104301 0.45224 -0.213989 0.090446 0.405518 -0.216095 0.104263 0.452515 0.099876 0.087639 0.452271 0.068321 0.065018 0.45224 -0.10154 0.064186 0.454987 -0.071594 0.058483 0.404236 -0.006804 0.104324 0.394226 -0.053059 0.110695 0.38974 0.125885 0.112114 0.395691 -0.22287 0.114281 0.388916 -0.052773 0.124413 0.395691 -0.22287 0.114281 0.388916 -0.052773 0.124413 0.389343 -0.239777 0.127274 0.374542 0.012242 0.130524 0.384247 0.131897 0.127029 0.387024 -0.214737 0.267548 0.381012 -0.113663 0.269775 0.372833 0.027422 0.269836 0.392792 -0.19426 0.334534 0.388672 -0.193832 0.336273 0.387146 -0.194153 0.34491 0.392761 -0.061207 0.334564 0.408661 -0.188034 0.384338 0.392731 -0.20047 0.279663 0.420715 -0.193085 0.39209 0.406769 -0.198441 0.289307 0.388824 -0.208557 0.277069 0.426453 -0.207855 0.281952 0.419525 -0.220993 0.267059 0.388824 -0.208557 0.277069 0.381012 -0.113663 0.269775 0.387573 -0.054707 0.270081 0.372833 0.027422 0.269836 0.362396 0.199265 0.269928 0.388641 -0.061359 0.277313 0.392731 -0.20047 0.279663 0.388641 -0.061359 0.277313 0.392822 -0.023251 0.279419 0.392731 -0.20047 0.279663 0.392761 -0.061207 0.334564 0.388611 0.139755 0.276733 0.387756 0.113586 0.270081 0.387573 -0.054707 0.270081 0.325989 0.031006 0.344635 0.325317 0.00224 0.337891 0.327972 -0.199249 0.344635 0.325592 0.199112 0.344604 0.325989 0.031006 0.344635 0.387421 -0.08744 0.34491 0.386322 0.19487 0.34491 0.388733 0.195694 0.336182 0.388672 -0.193832 0.336273 0.392731 0.15506 0.334595 0.392761 -0.061207 0.334564 0.392822 -0.023251 0.279419 0.117249 0.115082 0.32019 0.117737 0.00328 0.319122 0.135223 -0.004091 0.305328 0.117699 0.114929 0.364624 0.135025 0.13559 0.305847 0.117638 0.031933 0.365723 0.114029 0.112854 0.365784 0.077965 0.062698 0.365784 0.135437 0.135727 0.295959 0.135437 -0.009572 0.295929 0.226334 0.067558 0.295929 0.238022 0.207993 0.295959 0.030931 0.209427 0.295868 0.077881 0.22229 0.300629 0.237808 0.100128 0.29599 0.238251 0.222153 0.300842 0.238327 0.095139 0.306396 0.23555 0.08828 0.30127 0.233337 0.068924 0.300873 0.306458 0.066124 0.296051 0.305389 0.094856 0.306244 0.245087 0.102188 0.312073 0.245682 0.228867 0.311554 0.298615 0.102028 0.312073 0.306396 0.216293 0.303802 0.295898 0.228226 0.311615 0.115738 0.224915 0.308777 0.016455 0.224472 0.308502 0.072693 0.235748 0.316284 0.288635 0.235489 0.315918 0.174271 0.311096 0.146469 0.201752 0.310913 0.175659 0.233337 0.310791 0.14595 0.179047 0.310883 0.200302 0.17923 0.348755 0.20256 0.203445 0.349121 0.179108 0.235336 0.349121 0.145676 0.189819 0.349457 0.2202 0.253204 0.347595 0.174103 0.251617 0.349365 0.103523 0.256287 0.347321 0.134949 0.278076 0.347656 0.169388 0.189987 0.347656 0.22496 0.042255 0.349457 0.221649 0.187881 0.347626 0.232422 0.277618 0.347656 0.232895 0.14389 0.348633 0.23407 0.154068 0.353149 0.236191 0.291016 0.360992 0.246017 0.290619 0.360992 0.077057 0.135071 0.360992 0.245514 0.077881 0.22229 0.300629 0.016455 0.224472 0.308502 -0.227142 0.222321 0.302246 0.030931 0.209427 0.295868 -0.280121 0.235764 0.316834 0.016455 0.224472 0.308502 0.072693 0.235748 0.316284 0.030106 0.351135 0.316254 0.030106 0.351135 0.316254 0.072693 0.235748 0.316284 0.235321 0.312653 0.315979 0.288635 0.235489 0.315918 0.290497 0.352051 0.315613 0.157227 0.360931 0.307709 0.297272 0.360962 0.307709 0.291016 0.360992 0.246017 0.135071 0.360992 0.245514 0.295898 0.228226 0.311615 0.288635 0.235489 0.315918 0.245682 0.228867 0.311554 0.290833 0.232513 0.317017 0.290771 0.310303 0.315826 0.235321 0.312653 0.315979 0.290497 0.352051 0.315613 0.290283 0.354279 0.351471 0.297272 0.360962 0.307709 0.290161 0.232346 0.354614 0.302979 0.219131 0.357544 0.297119 0.360931 0.356781 0.417389 0.360992 0.360443 0.291016 0.360992 0.246017 0.299988 0.354004 0.367279 0.417358 0.353638 0.370911 0.30127 0.234467 0.367554 0.417114 0.234695 0.371002 0.325592 0.199112 0.344604 0.401031 0.200836 0.348663 0.386322 0.19487 0.34491 0.319489 0.199417 0.334473 0.324585 0.194656 0.335815 0.306396 0.216293 0.303802 0.319305 0.196869 0.29599 0.305969 0.191711 0.296143 0.154068 0.353149 0.236191 0.14389 0.348633 0.23407 -0.107521 0.353363 0.236328 0.135071 0.360992 0.245514 -0.15567 0.347656 0.225632 0.187881 0.347626 0.232422 0.189987 0.347656 0.22496 0.362366 0.210953 0.179489 0.372833 0.027422 0.269836 0.374542 0.012242 0.130524 0.36673 0.140594 0.127304 0.38974 0.125885 0.112114 0.384247 0.131897 0.127029 0.388916 -0.052773 0.124413 0.452728 0.11451 0.104324 0.404236 -0.006804 0.104324 0.452942 -0.021891 0.104294 0.373962 0.235413 0.083626 0.363739 0.213593 -0.168686 0.373962 0.235214 -0.207413 0.373962 0.235413 0.083626 0.362366 0.210953 0.179489 0.363739 0.213593 -0.168686 0.36673 0.140594 0.127304 0.364777 0.360931 0.014646 0.364838 0.360779 0.247437 0.374023 0.350281 0.111359 0.291016 0.360992 0.246017 0.290619 0.360992 0.077057 0.373901 0.233582 0.246292 0.361908 0.21048 0.260498 0.362366 0.210953 0.179489 0.362396 0.199265 0.269928 0.372833 0.027422 0.269836 0.373962 0.235413 0.083626 0.374023 0.350281 0.111359 0.399475 0.198608 0.269897 0.387756 0.113586 0.270081 0.42276 0.226944 0.247192 0.374023 0.350433 0.246643 0.364838 0.360779 0.247437 0.387329 0.197739 0.272064 0.388611 0.139755 0.276733 0.392792 0.194992 0.278931 0.392883 0.19133 0.314972 0.421021 0.355164 0.247025 0.420685 0.360992 0.253784 0.426086 0.231339 0.360077 0.42746 0.353882 0.25473 0.427429 0.231583 0.255005 0.417389 0.360992 0.360443 0.291016 0.360992 0.246017 0.426086 0.351593 0.359955 0.417358 0.353638 0.370911 0.417114 0.234695 0.371002 0.401031 0.200836 0.348663 0.388733 0.195694 0.336182 0.392731 0.15506 0.334595 0.386322 0.19487 0.34491 0.319519 0.103104 0.29599 0.306458 0.066124 0.296051 0.226334 0.067558 0.295929 0.319305 0.196869 0.29599 0.319489 0.199417 0.334473 0.305969 0.191711 0.296143 0.305389 0.094856 0.306244 0.306396 0.216293 0.303802 0.392731 0.15506 0.334595 0.392822 -0.023251 0.279419 0.392883 0.19133 0.314972 0.392792 0.194992 0.278931 0.388611 0.139755 0.276733 0.387756 0.113586 0.270081 0.387573 -0.054707 0.270081 0.362396 0.199265 0.269928 0.386322 0.19487 0.34491 0.325592 0.199112 0.344604 0.325989 0.031006 0.344635 0.325317 0.00224 0.337891 0.325592 0.199112 0.344604 0.324585 0.194656 0.335815 0.364777 0.360931 0.014646 0.374023 0.350281 0.111359 0.374084 0.350037 -0.28775 0.373962 0.235413 0.083626</float_array>
          <technique_common>
            <accessor source="#MysteryBox-mesh-positions-array" count="2129" stride="3">
              <param name="X" type="float"/>
              <param name="Y" type="float"/>
              <param name="Z" type="float"/>
            </accessor>
          </technique_common>
        </source>
        <source id="MysteryBox-mesh-normals">
          <float_array id="MysteryBox-mesh-normals-array" count="6000">-0.611864 -0.519597 -0.596357 -0.062281 -0.75723 -0.650172 -0.091595 0.193075 -0.976899 -0.092248 0.194426 -0.97657 -0.092395 0.18766 -0.977879 -0.098267 0.201211 -0.974606 -0.061267 -0.761216 -0.645597 0.645278 -0.763846 -0.012461 -0.00052 -1 0.000054 -0.00081 -1 0.000201 0.050637 -0.782546 0.62053 0.690499 -0.721771 -0.047513 -0.000052 -1 0.000344 0.806972 -0.59055 0.006877 -0.00019 -1 0.00014 -0.00027 -1 -0.000155 0.000079 -1 0.000045 0.000747 -0.744258 -0.667892 -0.000034 -0.738514 -0.674239 0.000919 -0.743572 -0.668655 0.00062 -0.732665 -0.680589 0.000357 -0.733097 -0.680124 -0.792604 -0.609737 -0.000515 -0.807095 -0.590418 0.001844 -0.728164 -0.4432 0.52283 -0.826626 0.267476 0.495122 -0.973787 0.227088 0.013052 -0.974373 0.22464 0.011573 -0.695625 0.289673 -0.657416 -0.686159 0.28624 -0.668769 -0.699981 0.313778 -0.641537 -0.975455 0.219669 0.015289 -0.726613 0.30261 -0.616815 -0.51427 0.708208 -0.483702 -0.56222 0.826941 -0.008765 -0.584951 0.81096 -0.013272 0.006686 0.999821 -0.017683 0.010642 0.999889 -0.010401 -0.017372 0.999833 -0.005746 -0.020425 0.999791 -0.000741 -0.021986 0.99975 0.004138 -0.965889 0.222234 0.132927 -0.98936 0.105898 -0.099763 -0.991949 0.126107 0.011613 -0.824146 0.268097 0.498907 -0.668103 0.587069 0.457152 0.020983 0.755089 0.655286 0.025734 0.748164 0.663015 0.054513 0.095573 0.993929 0.08339 0.108605 0.990581 -0.775545 0.631235 0.008501 0.102889 0.105974 0.989032 0.094614 0.11328 0.989048 0.065071 -0.75516 0.652303 -1 -0.000475 -0.000003 -0.076501 0.831048 -0.550914 -0.08299 0.813794 -0.575197 0.700727 0.643851 -0.307307 0.88673 0.074719 -0.45621 0.99348 0.074403 -0.086382 0.989939 0.065626 -0.125358 0.998666 0.008637 -0.050899 0.997917 -0.000169 -0.064516 0.999129 0.000767 0.041711 0.999118 0.000548 0.041998 0.999084 0.001216 0.042766 0.68993 0.721695 0.056153 0.999925 0.008524 0.00885 0.999015 0.002856 0.044289 -0.034009 -0.005338 -0.999407 0.690631 0.721044 0.055892 0 0 -1 0.011825 -0.998298 -0.057108 0.99846 -0.000023 -0.055471 0.998379 0.000078 -0.056919 0.999215 -0.000054 0.039608 0.055468 0.998134 -0.025546 0.950171 -0.019504 -0.311119 0.005015 0.999856 0.016182 0.090418 -0.000215 -0.995904 -0.038584 0.999149 -0.01457 0.975002 0.01011 -0.221965 -0.022853 0.999738 0.001526 0.999251 0.000365 -0.038708 -0.018585 -0.001017 -0.999827 -0.021361 0.000086 -0.999772 -0.400448 0.879577 -0.256875 -0.995944 0.000567 -0.089973 -0.282683 0.003183 -0.959208 -0.413348 -0.003766 -0.910565 -0.999999 -0.000498 0.000933 -1 -0.000249 0.000467 -0.999999 -0.00054 0.001101 -0.991676 0.089495 -0.092567 -0.99276 0.119617 0.010963 -0.995355 0.082045 -0.050369 -0.992464 0.122441 0.004778 -0.986515 -0.002276 0.163656 -0.041449 -0.007964 0.999109 -0.262018 0.000149 -0.965063 -0.998546 -0.000478 -0.0539 -0.477669 -0.000613 0.87854 -0.467481 -0.000076 0.884003 -0.993021 -0.000162 0.117934 -1 -0.00048 0 -0.680467 -0.732779 -0.000528 -0.678125 -0.734946 -0.000312 -0.000573 -1 0 -0.762789 0.646637 0.003829 -0.75463 0.656071 0.010222 -0.991986 0.126346 -0.00066 -0.991164 0.132571 0.004303 -0.986756 0.153899 -0.051268 -0.99104 0.132391 -0.01765 -0.990352 0.137916 -0.013524 -0.99474 -0.100873 -0.017794 -0.974873 -0.221271 -0.025735 -0.745852 -0.661703 0.07651 -0.417076 -0.90886 -0.004572 -0.299879 -0.953947 0.00756 -0.829332 -0.558736 -0.004693 -0.817631 -0.575718 -0.005261 -0.002074 -0.0004 -0.999998 -0.77058 -0.105963 -0.628473 -0.762071 -0.647307 0.015548 -0.928196 0.070186 -0.365411 -0.961594 0.068721 0.265733 0.29412 -0.115532 -0.94876 -0.758707 0.108306 0.642366 0.778921 -0.155216 -0.60761 0.098522 0.006036 -0.995117 0.998043 -0.052678 -0.033697 -0.703425 0.003796 -0.710759 -0.297207 0.030453 -0.954327 -0.513276 0.077061 -0.854757 -0.277995 0.040996 -0.959707 -0.992898 0.118865 0.005007 -0.315714 0.039785 -0.94802 -0.992592 0.121467 0.002805 -0.99255 0.121792 0.003226 -1 -0.000485 -0.000003 -0.731232 0.682119 0.003716 -0.038081 -0.999269 -0.003318 0.005023 0.000611 -0.999987 0.683461 -0.02416 -0.729587 0.998104 -0.061524 -0.002034 0.98735 -0.103359 -0.120237 0.90719 -0.261773 0.329365 0.940038 -0.049571 -0.337448 -0.700865 -0.018553 -0.713053 -0.968275 0.063808 -0.241605 -0.937932 0.07307 -0.339035 -0.959266 0.07517 0.27232 -0.968564 0.080135 0.235504 0.002936 0.000566 -0.999996 0.003048 0.000003 -0.999995 -0.997019 0.002346 0.077122 -0.390195 0.010261 -0.920675 -0.999373 0.000027 0.035409 -0.999999 0.001345 -0.000544 -0.99993 -0.000631 -0.011819 -0.845373 0.001911 -0.534173 -0.798583 -0.001383 -0.601882 -0.998757 0.04985 0.000224 -1 0.000846 0.000004 -0.999073 0.043041 0.000667 -0.989278 -0.068247 -0.129121 -0.954316 0.028864 0.297402 -0.995468 0.004458 -0.094989 -1 -0.000381 -0.000493 -1 -0.000158 -0.000204 -0.642101 -0.76662 -0.000794 -0.841227 -0.002089 0.540679 -0.999998 0.000765 -0.001835 -0.852761 -0.000193 0.522301 -1 0.000297 0.000003 -0.867491 -0.003449 0.497442 -0.999945 0.002738 -0.010152 -0.999977 -0.001086 -0.006659 -0.99331 0.002698 -0.115451 -0.895527 0.010188 0.44489 -0.999962 -0.00359 -0.007997 -0.667974 -0.744184 0.000852 -1 -0.000149 -0.000688 0.000561 0.658076 -0.752951 0.000478 0.658955 -0.752183 -0.000224 0.657677 -0.7533 -0.000057 0.884228 -0.467055 -0.00018 0.885395 -0.46484 -0.003213 0.579169 -0.815201 0.000558 0.000193 -1 -0.000791 0 -1 0.000001 0.001101 -0.999999 -0.000006 0.001113 -0.999999 0.00241 -0.425538 -0.904937 -0.000517 -0.340155 -0.940369 -0.002933 -0.412979 -0.910736 -0.000269 -0.736269 -0.676689 -0.001011 -0.733381 -0.679818 -0.00047 -0.736751 -0.676164 -0.001031 -0.733194 -0.680018 0.000178 -1 -0.000075 -0.000249 -1 0.000106 0.001214 -0.999996 0.002692 -0.018737 -0.522871 -0.852206 0.005968 -0.999918 -0.011351 -0.828535 0.301128 -0.472071 -0.968446 -0.001018 -0.24922 -0.538475 0.000798 -0.842641 -0.543498 -0.00005 -0.839411 -0.999998 -0.000518 -0.00195 -0.999996 -0.000314 -0.002827 -0.002969 -0.000001 -0.999996 -0.001914 -0.000258 -0.999998 0.000664 -0.98939 -0.145284 0.000125 -0.984336 -0.176301 0.000071 -0.592523 -0.805553 0.922259 -0.001224 -0.386571 0.941119 0.00021 -0.338075 0.547525 0.000176 -0.836789 0.006157 -0.551055 -0.834446 0.546066 0.000414 -0.837742 1 -0.000093 0.000554 -0.003926 -0.9999 -0.013568 1 -0.000359 -0.000457 -0.000194 -0.999999 -0.001559 0.002092 0.000478 -0.999998 0 -0.001822 -0.999998 0.000199 -0.001051 -0.999999 0 0.001133 -0.999999 -0.00012 0.656611 -0.754229 0.000432 0.001179 -0.999999 -0.000402 0.88595 -0.463781 -0.000046 -0.000348 -1 -0.63124 -0.000489 -0.775588 -0.00061 0.000323 -1 0.001499 -0.000413 -0.999999 -0.000178 -0.001344 -0.999999 0.000078 -0.001284 -0.999999 -0.961819 -0.001428 -0.273681 -0.46227 0.002629 -0.886736 -0.001024 0.000517 -0.999999 -0.925457 0.000316 -0.378853 -0.922938 -0.000099 -0.384948 0.000527 -0.855978 -0.517013 0.000622 -0.000314 -1 0.000943 -0.852076 -0.523418 0.000818 -0.000145 -1 0.894208 -0.002443 -0.447644 0.000123 -1 0.000033 0.999263 0.000255 -0.038373 0.098587 -0.000378 -0.995128 0.089966 -0.000131 -0.995945 0.999592 -0.000117 -0.028546 -0.021134 0.992837 -0.117591 -0.021263 0.000123 -0.999774 -0.019996 -0.000725 -0.9998 0.011685 -0.992329 -0.123072 -0.0832 0.993564 -0.076864 0.999278 0.000326 0.037992 -0.004783 -0.999985 0.0027 0.999796 -0.001286 0.020134 0.004468 -0.999972 0.005927 0.999167 0.005253 -0.040474 0.000821 0.000773 -0.999999 0.003415 -0.000311 -0.999994 0.011332 0.001133 -0.999935 -0.066717 -0.005064 -0.997759 0.067764 -0.531536 -0.844321 -0.996479 0.00406 -0.08375 -0.990004 0.008706 -0.14077 -0.616454 0.002711 -0.787386 -0.461003 0.017506 -0.887226 -0.998926 0.046319 -0.000896 -0.492943 -0.332836 -0.803883 -0.995277 0.028442 -0.092821 0.004687 -0.000938 -0.999989 0.024527 -0.806583 -0.590612 0.002548 -0.013498 -0.999906 0.005298 -0.666001 -0.745932 0.003216 -0.618981 -0.785399 -0.084583 -0.34328 -0.935417 0.000607 0.00076 -1 -0.007607 -0.537895 -0.842978 0.555282 -0.0575 -0.829672 0.848516 0.008736 -0.529098 0.51692 0.000061 -0.856034 0.559256 -0.005823 -0.828974 0.999773 0.008993 -0.019304 0.951603 0.206181 -0.227904 0.905376 0.042297 -0.422499 0.000384 -0.519841 -0.854263 0.000491 -0.520789 -0.853685 0.000309 -0.001764 -0.999998 -0.000497 -0.001283 -0.999999 0.028248 0.654347 -0.755667 -0.068176 0.927751 -0.366921 0.000068 -0.519539 -0.854447 -0.000189 0.000221 -1 0 0.000499 -1 -0.000397 0.000466 -1 -0.034149 0.081316 -0.996103 -0.079491 0.000452 -0.996835 -0.992326 0.123557 0.004804 -0.992063 0.125738 0.001256 -0.99227 0.124086 0.001401 0.002898 0.003886 0.999988 0.005662 0.001617 0.999983 0.010085 0.000566 0.999949 -0.84367 0.035538 0.535684 -0.993304 0.114937 -0.011718 -0.994506 0.10426 0.009376 -0.261606 0.000047 -0.965175 -1 0.000181 0.000606 -0.997871 -0.002413 -0.065176 -0.853395 -0.028895 -0.520464 -0.999996 0.0008 0.002686 -0.402768 -0.003687 0.915295 -0.685313 -0.344556 0.641582 -0.985485 0.004091 0.169714 -0.335513 -0.730735 0.594523 -0.795281 -0.606139 0.011142 -0.631669 -0.670442 0.389233 -0.793352 -0.608177 0.026693 -0.789352 -0.613727 0.01619 -0.80505 0.002812 0.5932 -0.999774 -0.000629 0.021244 -0.817358 0.000079 0.576131 -0.652563 -0.660719 -0.370962 -0.596583 0.802418 0.014635 -0.999778 -0.000506 0.021087 -0.818841 -0.000266 -0.57402 -0.690259 0.722983 0.02895 -0.750849 0.421076 -0.508843 -0.819424 -0.000383 -0.573188 -0.071722 0.771077 -0.63269 -0.104169 -0.001637 -0.994558 -0.070477 0.776381 -0.626311 -0.070034 -0.618477 -0.782676 -0.104766 -0.00103 -0.994496 -0.070807 -0.6201 -0.781321 0.628573 0.429721 -0.648256 0.699974 0.001384 -0.714167 0.699723 0.713085 0.043562 0.944049 0.32881 -0.02561 0.999554 0.000295 0.029847 0.664621 0.005508 -0.74716 0.999689 -0.001657 0.024868 0.196535 -0.694079 -0.692552 0.932898 -0.353163 0.070548 0.77183 -0.635335 0.025045 0.72562 -0.681074 0.098052 0.796173 -0.603391 0.04503 -0.571322 -0.820241 -0.02819 -0.999943 -0.000946 0.010658 -0.273535 -0.03044 -0.96138 -0.99996 0.000244 0.008901 -0.382613 0.008938 -0.923866 -0.874864 -0.484342 0.005152 -0.802843 -0.595386 -0.030973 -0.808616 -0.585328 0.059433 -0.805679 -0.588799 -0.064784 -0.907154 -0.420799 -0.000585 -0.983596 0.021934 0.179046 0.070817 -0.442695 0.893871 0.0574 -0.476139 0.877495 0.053063 0.050788 0.997299 -0.999985 -0.004454 0.003214 0.058226 0.000483 0.998303 -0.999999 0.000795 0.001151 0.050697 -0.002164 0.998712 -0.999999 0.000957 0.001267 -0.720145 0.693823 0.001205 0.108735 0.247574 0.962748 -0.715113 0.699008 0.000527 -0.002725 0.999996 0.000654 -0.000312 1 -0.000685 0.000827 1 -0.000022 0.001279 0.999999 0.000561 -0.002994 0.999995 -0.000849 -0.391685 -0.920033 0.011068 -0.530453 -0.469809 0.70562 -0.662097 0.000565 0.749418 -0.662464 0.00052 0.749093 -0.002578 0.000124 0.999997 0.001784 -0.000906 0.999998 -0.991206 0.132306 0.002511 -0.826251 -0.563301 0.000454 -0.991489 0.130188 -0.000105 -0.82725 -0.561834 0.000675 -0.828188 -0.560451 0.000463 -0.999998 -0.001964 0.001061 -0.999998 -0.00002 0.001906 -0.991217 0.132238 -0.001101 -0.992191 0.124709 0.002246 0.124792 0.992119 -0.011281 -0.323633 0.041433 -0.945275 0.149684 0.988714 -0.006229 0.174194 0.984483 0.021191 -0.902928 0.429762 0.005101 -0.320991 0.041934 -0.946153 -0.910147 0.414284 0.001361 -0.814576 0.548595 -0.188438 -0.729763 0.68357 -0.013346 0.951521 0.223247 0.211586 -0.935486 0.063158 0.347674 0.896407 -0.052924 -0.440061 -0.459072 0.252155 -0.851863 -0.855398 0.068201 -0.513462 0.939904 -0.048064 -0.338039 -0.931798 0.106514 -0.346998 0.001985 -0.000274 -0.999998 0.001553 -0.001151 -0.999998 -0.02323 0.658387 -0.752321 -0.475562 0.002181 -0.87968 0.000771 0.999998 0.001971 -0.999785 -0.020605 0.002361 -0.999794 -0.020216 0.00198 -0.00289 0.999996 -0.000193 -0.80264 0.596463 0.001041 -0.949252 0.080998 0.303909 -0.99937 0 0.035487 -0.421903 0 -0.906641 -0.433688 -0.000362 -0.901063 -0.999721 -0.002576 0.023478 -0.99969 -0.005527 0.024295 -0.994525 0.03138 -0.099677 -0.784735 0.542764 0.299331 -0.933304 0.35907 0.003557 -0.786577 0.617489 0.002178 0.006056 0.00204 0.99998 -0.548884 0.018587 0.835692 -0.824786 -0.130041 0.550288 -0.73541 0.080486 -0.672825 -0.948818 0.315654 0.010369 -0.892315 0.451397 -0.003682 0.107462 0.994184 -0.007052 -0.627921 0.049264 -0.776717 -0.924648 -0.301637 -0.232466 -0.347656 0.024843 0.937293 0.106703 0.994257 -0.00824 0.395584 0.916273 -0.062902 0.019502 0.999063 -0.038631 -0.039972 0.989583 0.138304 -0.077593 0.220431 0.972311 -0.488279 0.021289 0.872428 0.006702 0.004972 0.999965 -0.049115 0.001518 0.998792 -0.80694 0.110488 0.580207 -0.447779 0.10919 0.887452 -0.628961 0.049365 0.775868 -0.121004 0.034366 0.992057 -0.827914 -0.560853 0.001245 -0.990749 0.135693 0.001945 -0.989765 0.142606 0.005331 -0.828012 -0.560709 0.001195 -0.109314 0.082744 -0.990557 -0.018248 0.003805 -0.999826 -0.009492 0.048977 -0.998755 -0.782378 -0.046641 -0.621055 -0.833533 0.039866 -0.55103 -0.672655 0.001969 -0.739954 -0.507285 -0.861774 -0.002801 -0.999954 0.000897 0.009568 -0.614952 0.785487 -0.069596 -0.999988 0.002191 -0.00446 -0.999994 -0.000256 0.003585 -0.993882 -0.1077 -0.024488 -0.10501 0.664432 0.739934 -0.762941 -0.645329 -0.038368 -0.999865 -0.003484 0.016053 -0.660757 0.004297 0.750588 -0.596647 -0.802469 -0.007454 -0.811036 -0.584673 0.019443 -0.304435 -0.952341 0.019143 -0.227744 -0.026644 0.973356 -0.023799 -0.001844 0.999715 -0.988783 0.149298 -0.00424 -0.411408 -0.910751 0.035711 -0.989311 0.145819 0.00079 -0.990693 0.136096 -0.002151 -0.989932 0.141332 -0.007796 -0.988368 0.149968 -0.025248 -0.001207 0.999999 0 -0.731356 0.68199 -0.002969 -0.0018 0.999998 -0.000101 0.742605 0.669724 -0.00287 0.777507 0.628874 -0.000465 -0.704584 0.70962 0.000151 -0.753929 0.656914 0.007347 -0.947113 0.320655 0.012525 -0.922777 0.385042 -0.015027 -0.734292 0.678809 -0.005767 -0.999998 -0.00019 -0.001828 -0.741133 0.671318 -0.007379 -0.001581 0.999999 -0.000337 -0.001842 0.999998 -0.000121 0.754061 0.656804 0.000193 -0.541329 -0.000693 -0.84081 -0.943908 -0.000219 -0.330209 -0.613358 -0.014056 -0.78968 -0.006646 0.558181 -0.829693 0.000532 0.999991 -0.004215 -0.999995 0.001755 0.00249 -0.999996 -0.00061 -0.002678 -0.003101 0.000442 -0.999995 -0.000977 0.002037 -0.999997 -0.00279 0.000286 -0.999996 -0.923239 0.001348 -0.384224 -0.922166 0.001553 -0.386792 -0.000998 0.000663 -0.999999 -0.000413 0.000974 -0.999999 0.000043 0.519206 -0.854649 0.000328 0.51651 -0.856281 0.000395 0.000785 -1 0.861003 0.000145 -0.5086 0.006397 0.366807 -0.930275 -0.000278 0.999998 -0.001932 0.000802 0.647006 -0.762484 -0.000214 -0.000425 -1 -0.001007 0.000138 -0.999999 0.0071 -0.000971 -0.999974 0.572011 0.00976 -0.820188 0.999999 0.000557 -0.001222 -0.000078 0.999999 -0.001494 0.415837 0.908794 0.034241 0.000461 0.590751 -0.806854 0.573537 -0.036468 -0.818367 -0.000081 0.592932 -0.805253 0.542758 -0.000021 -0.839889 -0.000403 0.810918 -0.58516 0.957239 -0.000932 -0.289297 -0.00037 0.811981 -0.583684 0.001419 0.997636 -0.068708 0.002633 0.99927 -0.038105 0.000401 0.999999 -0.001053 -0.000213 0.592154 -0.805825 0.000242 0.601366 -0.798973 -0.000243 -0.002376 -0.999997 0.00101 0.999998 0.001415 -0.001165 0.999977 -0.006663 0.003732 0.052964 0.998589 0.003181 0.051645 0.99866 0.215967 0.731053 -0.64724 0.187986 0.949083 -0.252792 0.019668 0.988854 0.147583 -0.001585 0.672404 0.740183 -0.000174 0.999992 0.004077 -0.109629 0.99256 0.052974 -0.01954 0.999611 -0.019907 -0.024653 0.991897 0.124627 0.256765 0.636735 -0.727077 -0.012528 0.999902 -0.00618 0.164748 0.984277 -0.063695 0.088551 0.995726 -0.026219 -0.029258 0.991012 -0.130536 -0.152485 0.608119 -0.779063 0.002899 0.999984 -0.004911 0.002301 0.999996 -0.001524 -0.081427 0.990106 -0.114281 -0.013088 0.999825 -0.013358 0.599319 0.046697 0.799147 -0.258974 0.949585 -0.176697 -0.008861 0.999953 -0.003896 0.001638 0.999997 0.001879 -0.206521 0.972804 -0.104891 -0.004023 0.999881 -0.01491 0.060495 0.996878 0.050746 0.091984 0.995748 0.004988 0.069431 0.997503 -0.012906 -0.326658 0.936848 0.124938 -0.125113 0.982653 0.136895 -0.226013 0.972151 -0.061967 -0.566616 0.715382 0.408871 0.985116 -0.171882 0.002003 -0.010371 0.999946 -0.000036 0.999156 0.040937 0.003439 0.999175 0.04044 0.003616 0.99918 0.040333 0.003643 0.999085 0.042448 0.005282 0.459118 0.888375 -0.000546 0.334534 0.942381 0.002312 0.638118 0.003157 0.769932 0.367319 0.929437 0.034989 0.610608 0.019989 0.79168 0.00823 0.999966 -0.00047 -0.089869 0.994964 -0.044378 0.183408 0.897354 0.401394 0.261074 0.871924 0.414232 0.031562 0.999325 0.018791 -0.090491 0.994385 -0.054864 -0.063958 0.996619 -0.051573 0.002931 0.999987 -0.004112 -0.17137 0.96555 -0.19582 -0.033946 0.996239 -0.079725 -0.000002 0.999999 0.001287 0.00239 0.980169 -0.198148 -0.000967 0.608151 0.793821 0.000223 0.001454 -0.999999 -0.000001 0.000988 -1 0.001117 0.000584 -0.999999 -0.003488 -0.001824 -0.999992 0.000001 0.000901 -1 -0.000698 -0.521043 -0.85353 0.000318 -0.524499 -0.851411 -0.000151 -0.519912 -0.85422 -0.000143 -0.51982 -0.854276 0.009149 0.975579 -0.219456 0.002283 0.999948 -0.009924 -0.0005 0.999993 -0.003576 0.023179 0.997159 0.071677 0.01846 0.999828 0.001768 -0.251094 0.85433 0.455051 -0.267136 0.904555 -0.332292 0.010041 0.976033 -0.21739 -0.013012 0.997637 -0.067461 0.020347 0.999126 0.036522 0.021077 0.99924 0.032783 -0.002456 0.961689 0.27413 -0.005516 0.999975 0.004442 0.042101 0.999103 -0.004501 -0.003266 0.991829 -0.127532 0.27712 0.906875 -0.317463 0.0016 0.984528 -0.17522 0.094177 0.992946 -0.072036 -0.006872 0.999976 -0.000364 -0.009657 0.999953 -0.000007 -0.454948 0.890497 -0.006074 -0.358766 0.933427 -0.00068 -0.00006 0.623676 0.781683 -0.004957 0.741346 0.671105 -0.000035 0.638247 0.769832 0.000322 0.643668 0.765305 0.000086 0.999995 -0.003016 0.000044 0.972365 -0.233466 0.000087 1 0.000893 0.90918 0.416403 -0.000398 0.936623 0.350337 0.000716 0.04736 0.99792 0.043726 -0.151448 0.988465 -0.000622 -0.058527 0.997304 -0.044274 -0.074115 0.994634 -0.072186 -0.450068 0.892993 0.001584 0.001564 0.999999 -0.000089 0.010258 0.999947 0.00067 -0.055179 0.998458 -0.006109 -0.008419 0.999472 -0.031367 0.000005 1 -0.000552 0.000065 1 -0.00053 0.008928 0.999936 0.006938 0.255587 0.966782 0.002762 0.201621 0.979376 0.013093 -0.114321 0.99333 0.015011 0.011382 0.99951 -0.029156 -0.176015 0.984387 0.000482 -0.101977 0.993969 -0.04032 0.019477 0.99922 0.034353 0.057452 0.998338 0.004603 0.749554 0.505193 0.427725 0.201107 0.978098 0.053674 0.108617 0.992474 0.056543 0.000591 0.999999 -0.001336 0.618174 0.78252 -0.074313 0.397722 0.904206 -0.155656 -0.008788 0.999722 -0.021857 -0.011169 0.999928 0.004385 0.329679 0.936789 -0.117206 0.005535 0.999961 -0.006831 0.611928 0.759431 0.220927 0.012168 0.999916 0.004393 0.005235 0.999956 0.007831 0.179572 0.970082 0.163383 0.555618 0.021858 0.83115 0.003374 0.999865 0.016069 -0.003607 0.999989 -0.002835 0.070513 0.996328 0.048557 0.011869 0.999543 -0.027808 -0.000415 0.999997 0.002566 0.013627 0.994211 0.106577 0.056026 0.996296 0.065232 -0.014483 0.999395 0.031614 -0.000998 0.999986 -0.005268 -0.005136 0.999714 -0.023343 0.013191 0.999654 0.022737 -0.003134 0.999544 0.030017 -0.051048 0.95418 0.294848 0.116247 0.966755 0.227754 -0.045939 0.596175 0.801539 0.581272 0.542901 0.60612 0.00293 0.999705 0.024124 -0.002041 0.999989 0.004149 0.000638 0.999956 -0.009316 0.000903 0.05937 -0.998236 0.000938 0.059519 -0.998227 0.001698 0.999697 -0.024572 -0.000388 0.999218 -0.039528 -0.244659 -0.585001 -0.77325 -0.301436 -0.177471 -0.936825 -0.381835 -0.832321 -0.4018 -0.116355 -0.987764 -0.103848 -0.81325 -0.50202 -0.29428 -0.928138 -0.124843 -0.350676 -0.815773 0.151738 -0.558113 -0.165117 0.97511 -0.147977 -0.114393 0.989469 -0.088686 -0.324147 0.930365 -0.171318 0.000266 1 -0.000651 -0.644503 -0.762333 0.058861 -0.26893 -0.958622 0.093383 -0.199779 -0.94758 0.249361 -0.588972 -0.122207 0.79886 -0.912408 -0.022903 0.40864 -0.655965 -0.03746 0.753861 -0.954582 0.154725 0.254625 -0.496779 0.247481 0.831844 -0.334308 0.93938 0.076176 -0.073008 0.890485 0.449116 -0.010621 0.989437 0.144576 -0.114366 0.938575 0.325572 -0.039991 0.998931 0.023207 -0.044887 0.998972 0.006344 0.216048 0.925455 -0.311217 0.170435 0.7266 -0.665585 0.400718 0.905043 0.142553 0.800899 0.445484 -0.40013 0.439494 0.877585 0.191546 0.030467 0.998642 0.042265 -0.068739 0.959733 -0.272374 -0.068243 0.118411 -0.990617 -0.038856 0.997934 0.051161 -0.031134 0.99948 0.008335 0.484054 -0.067995 -0.872392 0.593974 0.075089 -0.800972 0.420562 -0.500475 -0.756738 0.029687 -0.789046 -0.613617 0.043442 -0.988172 -0.147065 0.478286 -0.857167 -0.191069 0.020591 -0.99221 -0.122865 0.950297 -0.05762 -0.305966 0.512673 -0.842826 -0.163741 -0.077427 0.996992 -0.003578 0.976014 0.214728 -0.035886 -0.072295 0.997362 -0.006519 0.167355 -0.979017 0.116269 0.509829 -0.855818 -0.087462 0.135589 -0.946619 0.292451 0.908875 -0.143771 0.391505 0.327491 -0.760972 0.560063 0.817275 -0.466168 0.338747 0.618442 0.078894 0.78186 0.862915 0.370848 0.343291 -0.099854 0.933473 0.344466 0.866259 0.353074 0.353459 -0.047341 -0.998724 0.017593 -0.738242 0.67453 0.002839 -0.990486 0.137012 -0.012888 -0.990928 0.133556 -0.014968 -0.967744 -0.250963 -0.022103 -0.909265 -0.404314 -0.098831 -0.948533 -0.298607 -0.10545 -0.013965 -0.852899 -0.521889 -0.05372 0.296958 0.953378 -0.991136 0.13239 -0.0111 -0.990032 0.140016 -0.015262 -0.764186 0.644995 -0.000998 -0.990784 0.134101 -0.019069 -0.678197 -0.73488 -0.000728 -0.000515 -1 0.000108 -0.652903 -0.757436 -0.002921 -1 -0.000712 0.00011 -1 -0.00097 -0.000003 -0.738118 0.674669 0.001894 -0.647403 -0.425541 -0.632285 -0.803141 -0.595352 0.022834 -0.013628 -0.678495 -0.734478 0.022437 -0.528354 -0.848728 0.045539 0.119388 -0.991803 0.047105 0.117472 -0.991958 -0.08397 0.144948 -0.98587 0.047291 0.117638 -0.99193 -0.719098 0.243418 -0.650881 -0.734922 0.239256 -0.634544 -0.980288 0.196374 0.02175 -0.979763 0.198906 0.022374 -0.980118 0.197111 0.0227 -0.701205 0.226109 -0.676155 -0.980813 0.193819 0.020962 0.047675 0.120384 -0.991582 -0.704997 0.224703 -0.672672 0.029683 0.107427 -0.99377 -0.470649 0.756293 -0.454434 0.037219 0.747014 -0.663766 0.025778 0.770746 -0.636621 -0.996877 0.073346 -0.029279 -0.999898 -0.014148 0.001881 -0.43695 -0.899163 0.024108 -0.538237 0.842511 -0.021819 0.020329 0.999719 -0.012204 -0.546374 0.837302 -0.020029 0.026667 0.999604 -0.008953 -0.336554 0.812229 0.476462 0.022147 0.999672 -0.012885 0.014509 0.999859 -0.008441 -0.989566 0.003975 0.144026 -0.990338 0.137385 -0.018873 -0.994147 0.108008 0.002495 -0.991822 0.126913 -0.013498 -0.991831 0.126929 -0.012634 -0.992343 0.122344 -0.016962 -0.549642 0.008091 -0.835361 -0.961473 -0.008626 -0.274764 -0.946808 0.001169 -0.321798 -0.397122 -0.018991 -0.917569 -0.991386 0.129981 -0.016087 -0.016288 0.003124 -0.999862 -0.989982 0.140991 -0.007618 -0.9916 0.128394 -0.015635 -0.991939 0.126215 -0.011265 -0.991185 0.132199 -0.008717 -0.273923 0.030897 0.961255 -0.37424 0.06117 0.925312 -0.872835 0.096644 -0.47835 -0.190103 0.032081 0.98124 -0.30953 0.007182 0.950863 -0.761103 0.126504 -0.636175 -0.755736 0.239715 -0.609425 -0.938296 0.087751 -0.334515 -0.182695 0.029232 0.982735 -0.417307 -0.051484 0.907306 -0.395498 0.103105 0.912661 -0.684656 0.055014 0.726787 -0.679247 0.056376 0.731741 -0.806685 0.089389 0.584182 -0.340266 0.0308 0.939825 -0.875844 0.103067 -0.47146 -0.931564 0.008096 -0.363487 -0.917202 0.117489 -0.380706 -0.688174 0.03646 -0.724629 -0.971158 0.108356 0.212395 -0.990566 0.071755 0.116747 -0.002758 0.000937 0.999996 0.000391 -0.000024 1 -0.008161 -0.999967 -0.000196 -0.000844 -0.003428 0.999994 -0.002037 -0.004394 0.999988 -0.824465 0.226445 0.518633 -0.874582 -0.48476 0.010708 -0.937531 -0.347902 0.00001 -0.86243 -0.50599 0.013736 -0.98192 0.187778 0.023942 -0.727836 0.272379 0.629337 -0.757797 -0.4291 0.491545 -0.829384 -0.558331 0.019744 -0.68976 0.288826 0.663936 -0.697961 0.294742 0.652669 -0.003272 0.246728 0.969079 -0.657072 0.309872 0.687194 -0.002926 0.243854 0.969808 -0.7009 0.317515 0.638689 0.000486 -1 -0.000012 -0.000317 -1 0.000819 -0.001206 -0.999998 0.001296 -0.002499 -0.659637 0.75158 -0.001853 -0.665363 0.746518 -0.012646 0.26581 0.963942 0.671422 -0.740746 -0.022093 0.545635 -0.51586 0.660433 0.681513 0.185307 0.707956 0.631028 -0.77561 -0.015253 0.999938 -0.00031 -0.011101 0.731866 0.184602 0.655968 0.99993 0.000571 -0.011809 0.003444 0.253755 0.967262 0.733846 0.173838 0.656696 0.030405 0.827632 0.560446 0.999935 -0.000876 -0.01139 0.776354 0.173369 0.605985 0.028562 0.821208 0.569913 0.445336 0.730048 0.518368 0.999929 -0.000619 -0.011909 0.685272 0.728072 -0.017671 0.999934 0.000007 -0.011497 0.024041 0.999664 -0.009677 0.023092 0.999663 -0.011824 0.00239 0.000247 0.999997 0.99706 -0.000849 0.076616 0.02405 0.999664 -0.009681 0.691032 0.722634 -0.016587 0.808479 0.049609 0.58643 0.040892 -0.998414 0.038706 0.28079 0.003773 0.959762 0.999996 -0.000136 0.002933 0.999992 0.000369 0.003888 0.044117 0.999003 -0.006825 0.000287 0.0003 1 0.000325 0.00023 1 0 0 1 0.000894 -0.00059 0.999999 -0.00327 -0.000949 0.999994 -0.000286 0.000189 1 -0.00353 -0.00064 0.999994 0 -0.000425 1 0 -0.000426 1 -0.00011 0.000224 1 -0.998619 0.001471 0.052515 -0.999704 -0.000361 0.024326 -0.613731 -0.000495 0.789515 -0.631022 -0.003582 0.775756 -0.999456 -0.000627 0.032961 -0.00059 0.000649 1 0.003308 0.000005 0.999995 -0.272052 0.000112 -0.962283 -0.999991 0.000412 -0.004316 -0.785443 0.000286 0.618934 -0.014383 0.000162 0.999897 -0.771316 0.000135 0.636452 -1 0.000241 -0.000032 -0.000389 -1 -0.000563 -0.000049 -1 0.000255 0 -1 0 -0.000854 -0.732555 0.680707 0.000088 -0.743609 0.668614 -0.000107 -0.000556 1 0.000108 -0.001654 0.999999 -0.000038 0.859228 0.511593 -0.000103 0.858904 0.512136 -0.006301 0.00003 0.99998 -0.001173 0.000257 0.999999 0.929245 -0.004416 0.369438 0.513928 0.000334 0.857833 0.999999 0.000418 0.00094 0.000484 -0.999563 0.029567 0.000398 -0.999596 0.028407 0.000336 -0.629069 0.777349 -0.001185 -0.615341 0.78826 0.000061 -0.999997 0.002268 -1 -0.000161 0.000162 0.00013 -0.999997 0.002614 -0.003811 -0.000093 0.999993 0.00013 -0.00232 0.999997 0.000386 -0.003317 0.999994 -0.004334 -0.809585 0.586986 -0.639787 0.000033 0.768552 -0.000373 -0.849646 0.527353 0.000434 -0.000431 1 0.630241 -0.000312 0.7764 -0.94433 0.329 -0.000232 -0.999988 -0.004678 -0.00119 -0.999941 0.00255 -0.010541 -0.996907 -0.000668 -0.078585 -0.998443 -0.05575 -0.001862 -0.000289 0.999999 -0.00118 -0.005578 -0.000504 -0.999984 -0.029399 0 0.999568 -0.891749 0 0.45253 -0.999998 -0.000088 0.002108 0.998654 0.000499 0.051869 0.329026 0.000742 0.944321 -0.259382 0.001604 -0.965774 -0.701688 -0.009314 -0.712424 -0.298276 -0.954282 0.019422 0.076295 -0.776583 -0.625379 -0.999983 -0.004814 -0.003187 0.076766 -0.602976 -0.794057 -0.752872 -0.653531 0.077979 0.097904 -0.61618 -0.781496 -0.637678 -0.681143 -0.359736 0.10058 -0.000315 -0.994929 0.100168 -0.000487 -0.99497 0.122764 0.273965 -0.953872 0.02215 0.798143 -0.60206 -0.872709 -0.000605 -0.48824 -0.881666 -0.003423 -0.471862 -0.867768 0.148272 -0.474335 -0.99245 0.00209 0.122633 -0.649934 0.753855 0.09638 -0.999992 0.000354 -0.003984 0.001762 0.000656 -0.999998 -0.834244 0.002392 0.551391 -0.245366 -0.009959 0.969379 -0.999805 0.000376 0.019729 -0.355949 0.137755 0.924296 -0.795127 0.036692 0.605331 -0.999618 0.02404 0.013653 -0.787078 -0.615966 -0.033089 -0.999831 0.000273 0.018399 -0.793076 -0.606761 0.05358 -0.818275 -0.574624 0.015292 -0.755514 -0.650083 0.081187 -0.99221 0.000396 0.124578 -0.040106 -0.000854 0.999195 -0.414297 -0.62026 0.66606 0.009449 -0.005463 0.99994 -0.844437 0.00002 0.535655 -0.493351 -0.650306 0.577674 0.060014 -0.515226 0.85495 0.143783 -0.524119 0.83942 0.038421 -0.532508 0.845552 0.164266 -0.628479 0.760283 0.08252 -0.000937 0.996589 -0.784043 0.015689 0.620508 -0.985452 -0.004252 0.1699 -0.775578 0.624227 0.093909 0.000417 0.999998 0.001901 -0.002259 0.999997 0.000857 0.08965 0.57865 0.810634 -0.001561 0.999999 0.00042 0.089175 0.000879 0.996016 0.048533 0.774187 0.631093 0.091967 -0.001168 0.995761 0.70656 0.542063 0.454907 0.67276 0.736618 -0.069197 0.835004 0.002091 0.550239 0.83171 0.00146 0.555209 0.609789 -0.694687 0.381532 0.745235 -0.666444 -0.021828 0.780215 -0.623376 -0.051649 0.985735 -0.100445 -0.135049 0.881262 0.442063 -0.167207 0.990464 0.000537 -0.137774 0.991943 0.004191 -0.126618 0.000481 0.626802 0.779179 0.001988 0.000275 0.999998 -0.002111 -0.000195 0.999998 -0.002364 -0.000151 0.999997 0.083759 -0.006356 0.996466 0.511468 0.00179 0.8593 1 -0.000327 -0.000735 1 -0.00034 -0.000796 0.479707 -0.876741 0.034724 0.31858 -0.000269 0.947896 0.820263 -0.04215 0.570432 0.998408 0.001486 0.056389 -0.01804 -0.983565 0.179651 0.19731 -0.979736 -0.03444 0.763392 -0.645928 -0.003101 0.742351 -0.668064 0.051038 -0.993612 0.012851 0.112117 -0.999185 0.006917 0.03977 -0.651931 -0.00293 0.758273 -0.381626 0.017108 0.924158 -0.955668 0.113156 -0.271837 -0.129118 -0.569574 0.811735 -0.002294 -0.000379 0.999997 0.000047 -0.615897 0.787827 0.003188 0.001685 0.999993 0.011227 -0.528592 0.848802 -0.007726 -0.613011 0.790036 0.558556 -0.00309 0.829461 0.610946 0.001041 0.791672 0.337894 -0.382681 0.859874 -0.000624 -0.614091 0.789235 0.401226 -0.338102 0.851296 0.96317 -0.053759 0.263465 0.001218 -0.020181 0.999796 -0.070724 0.559317 0.825932 0.000822 -0.021594 0.999766 -0.00125 -0.921624 0.388083 -0.979523 -0.001326 0.20133 -0.999999 0.000027 0.001594 -0.999998 0.000784 0.002005 -0.967966 0.250969 0.007535 0.000402 1 0.000578 0.000174 1 0.000527 -0.999729 -0.000051 0.023269 -0.642202 -0.001667 0.766534 -0.999359 -0.000582 0.03579 -0.000373 0.000535 1 0 0 1 0.908975 0.035575 0.41533 -0.183304 0.981148 -0.061223 -0.356582 0.920501 -0.159772 -0.232671 0.972554 0.001426 0.017537 0.999831 0.005466 0.010841 0.999941 0.001178 0.051606 0.998553 -0.015144 -0.374686 0.910488 0.174991 0.010525 0.999944 -0.001239 -0.145076 0.98942 -0.000167 -0.406214 0.913778 -0.000032 -0.138014 0.984749 0.105928 -0.045744 0.996929 0.063558 0.011867 0.999929 0.000794 -0.016962 0.999855 0.001201 -0.520668 0.723959 0.452536 -0.063596 0.991484 0.113648 0.000798 0.99997 0.007729 -0.041768 0.998279 0.04116 -0.150874 0.630744 0.761183 0.001521 0.999962 0.008526 -0.010069 0.995012 0.099245 -0.000266 0.999997 0.002626 -0.004556 0.990009 0.140931 -0.003295 0.999964 0.007873 0.00233 0.999997 0.000422 0.091179 0.361454 -0.927921 0.055758 0.96719 0.24786 0.078008 0.979706 0.184636 0.094102 0.960092 0.263378 -0.145528 0.988318 0.045257 -0.325608 0.874347 0.359856 0.004998 0.99946 0.032466 -0.009588 0.999694 0.022815 0.000311 0.99997 0.007708 -0.00068 0.999998 0.001619 -0.008285 0.999959 0.003783 0.001319 0.052786 -0.998605 0.002738 0.05792 -0.998317 0.623058 0.036966 -0.781302 0.679262 0.043693 -0.732594 0.674143 0.058709 -0.736264 0.733543 0.039653 -0.678486 -0.206389 0.978274 0.019568 0.999198 0.040016 0.001151 0.318257 0.948 -0.002929 0.99927 0.038145 0.002197 0.000351 0.00045 1 0 0.001243 0.999999 0.000394 0.999903 0.013904 0.000106 0.999762 0.021798 -0.000209 0.584377 0.811482 0.001252 0.572406 0.81997 0.000329 0.999995 0.003075 0.000427 0.999994 0.00343 0.000043 0.487764 0.872976 0.007098 0.829278 0.558792 -0.000117 0.00166 0.999999 0.00039 -0.000281 1 -0.000337 0.510755 0.859726 0.994202 0.004692 0.107429 0.986265 -0.034443 0.161539 0.004135 -0.375675 0.926742 0.003453 -0.979313 0.202322 0.000122 -0.591634 0.806207 -0.002135 0.000139 0.999998 -0.667331 0.001859 0.744759 -0.000219 0.511838 0.859082 -0.000871 0.000432 1 -0.99995 0.001274 -0.009937 -0.001724 0.999977 0.006557 0.00165 0.00059 0.999998 -0.000438 0.634545 0.772886 0.000918 0.629723 0.776819 0.001196 0.648477 0.761233 0.000115 1 0.00094 0.000075 1 0.000784 -0.000251 0.772511 -0.635001 -0.007528 0.999972 0.000432 -0.373467 0.927643 -0.000444 -0.000282 1 -0.000521 0.006142 0.997199 0.074535 0.002936 0.999996 0.000459 -0.019786 0.999011 0.039823 0.00036 0.999993 -0.003713 0.002019 0.99999 -0.004003 0.660533 0.124895 -0.740336 -0.130334 0.987806 0.085165 0.014085 0.99982 -0.012685 0.166874 0.984505 0.053888 -0.005136 0.997452 -0.07116 0.777099 0.629377 -0.001413 0.937066 0.349151 0.00038 -0.001381 0.999999 0.000929 0.001877 0.999998 -0.000208 -0.860248 -0.503337 0.08139 0.217687 -0.951921 0.215541 -0.567844 0.802875 0.181505 -0.974829 -0.036368 0.219969 0.080782 0.989035 0.123628 0.057642 0.988147 -0.14228 -0.974825 -0.053792 -0.216383 0.913596 0.406622 -0.001046 -0.001399 0.762425 -0.647075 0.000308 0.485747 -0.874099 0.000958 0.471828 -0.88169 -0.002824 0.956399 0.29205 -0.000268 0.999761 -0.021845 0.000869 0.894279 0.447509 -0.001634 0.981533 -0.191284 0.000362 0.857555 -0.514392 0.000327 0.999927 -0.012049 0.000001 0.701463 -0.712706 0.00009 -0.001329 -0.999999 -0.00015 0.656555 -0.754278 0.000602 0.875436 -0.483333 -0.000843 0.885757 -0.464149 -0.001889 0.796125 -0.60513 0.000263 0.000504 -1 -0.000235 0.658081 -0.752948 0.000727 0.875722 -0.482816 0.008518 0.797109 -0.603776 -0.000465 -0.00051 -1 -0.989361 0.13644 0.050488 -0.986351 0.154653 0.056518 -0.98956 0.135228 0.049841 -0.985754 0.1589 0.05513 -0.615546 0.243114 -0.749666 -0.520502 0.670964 -0.528095 -0.601504 0.235863 -0.763257 -0.984827 0.159883 0.067481 -0.605037 0.226907 -0.76318 -0.984579 0.162086 0.065819 -0.621574 0.234098 -0.747559 -0.71479 -0.697837 0.045813 -0.554151 -0.507451 -0.659856 -0.735086 -0.676726 0.041108 -0.27232 -0.767392 -0.580476 0.003209 -0.999994 -0.000902 0.024811 -0.682881 -0.730109 0.030903 0.220269 -0.97495 0.030272 0.219074 -0.975238 0.032948 0.213698 -0.976344 0.027245 0.815758 -0.577752 0.011955 0.877857 -0.478774 0.001102 -0.999999 0.00063 -0.984356 0.166267 0.058293 -0.623289 0.779758 0.059065 -0.540462 0.837469 0.080913 -0.63018 0.767808 -0.115516 0.087047 0.995903 -0.024497 0.010463 0.999945 -0.000755 0.001162 0.999973 0.007323 0.000807 0.000299 -1 -0.000998 -0.000921 -0.999999 0.000997 0.000164 -0.999999 -0.000385 0.000187 -1 -0.002968 0.000001 -0.999996 -0.784566 0.000135 -0.620045 -0.003421 -0.785125 -0.619327 0.874181 -0.030987 -0.48461 -0.004347 -0.777401 -0.62899 -0.005393 -0.005934 -0.999968 -0.487885 0.1494 -0.860028 -0.002758 -0.015016 -0.999883 -0.941417 0.087868 -0.325597 0.01079 0.999942 -0.000254 -0.992229 0 -0.124428 -0.034525 0.001083 -0.999403 -0.004292 -0.000819 -0.99999 -0.988848 -0.009855 0.148599 -0.999666 -0.02034 -0.015958 -0.734892 -0.018939 -0.677919 -0.999983 0.000341 0.005831 -0.999992 0.000566 0.00403 -0.61915 -0.005155 -0.785256 -0.414194 0.8969 -0.154965 -0.9995 -0.004 -0.031352 -0.722193 -0.021172 -0.691367 -0.877232 -0.028268 -0.479234 -0.999274 0.008201 0.037202 0.00004 -1 0.00009 0.000118 -1 0.000032 0.000278 -1 0.000131 0 -1 0 0.000092 -0.001315 -0.999999 0.000287 -0.004108 -0.999992 -0.000223 -0.002361 -0.999997 0.000734 0.000091 -1 -0.00038 0.00019 -1 -0.003553 -0.003278 -0.999988 -0.000625 0.000684 -1 0.023712 -0.670496 -0.741534 0.568859 -0.424165 -0.704616 0.606058 0.307447 -0.733601 0.633102 0.312138 -0.708344 0.382609 0.725278 -0.572348 0.664172 0.747395 -0.016595 0.965633 0.257236 -0.037178 0.839076 -0.542981 -0.033504 0.965575 0.257424 -0.037377 0.818432 -0.573955 -0.027282 0.820345 -0.57124 -0.02682 0.761469 -0.216639 0.610927 0.965778 0.257265 -0.032986 0.761359 0.264579 0.591888 0.966737 0.254123 -0.028991 0.841209 0.239568 0.484742 0.801206 0.290648 0.523061 0.720097 0.238405 0.651631 0.704165 0.300417 0.643351 0.000499 -1 0.000125 -0.000626 -1 0.00054 -0.305116 -0.947655 -0.094099 0.000272 -1 -0.000235 -0.00066 -1 -0.00067 -0.409333 -0.63076 0.659233 -0.064631 -0.731203 0.679091 -0.062961 -0.735148 0.674977 -0.129119 0.081088 0.988308 -0.131428 0.083172 0.987831 0.004228 0.99999 -0.001367 0.000506 0.999977 -0.006733 -0.012839 0.999917 0.000474 0.008684 0.999962 0.000552 0.010958 0.99994 -0.000506 -0.006237 0.999764 0.020796 0.006421 0.999978 0.001787 -0.162371 0.615492 0.771236 -0.173789 0.590481 0.788118 -0.13437 0.077145 0.987924 -0.131008 0.080501 0.988108 -0.114559 0.0841 0.98985 0.001407 -0.000241 -0.999999 0.627606 0.778455 -0.01089 -0.364288 0.621317 0.693728 -0.998409 -0.054335 -0.015068 0.363941 -0.621608 -0.69365 0 0 1 -0.003603 -0.000328 0.999993 -0.979606 0.126064 -0.156462 0.998147 -0.000299 0.060845 0.921677 0.232686 0.310434 0.43684 -0.000131 0.899539 0.410027 -0.004853 -0.91206 0.32137 -0.00076 -0.946954 0.383633 -0.001237 -0.923485 0.999319 0.000318 -0.036887 0.999282 0.000354 -0.037874 -0.995739 -0.001416 -0.092207 0.000467 0.000001 -1 0.999995 0.000226 0.003201 0.999984 -0.000442 0.005682 0.998577 0.047887 0.023465 0.333101 -0.001064 0.942891 0.796779 0.002164 0.604266 0.999819 0.000715 0.019006 0.36742 -0.001397 0.930054 0.693187 -0.720674 0.011008 0.641128 -0.767306 0.014007 0.481193 -0.87658 0.007732 0.470239 -0.882518 0.006119 0.320765 -0.947158 0.000986 0.603233 0.797559 0.003169 0.327355 0.187735 -0.926064 0.998582 0.052529 0.008661 0.57853 0.815661 0.000229 0.568516 0.822672 0.001072 0.998398 0.056186 0.006618 0.998556 0.05315 0.007834 0.782257 -0.622416 0.025934 0.832496 -0.553366 0.027147 0.967996 -0.250586 0.013769 0.946173 -0.322406 0.028466 0.914852 -0.40286 -0.027393 0.945382 -0.324507 -0.030772 0.933294 0.093607 -0.3467 0.23369 0.184577 -0.954631 0.914155 0.041691 -0.403214 0.966878 0.028236 -0.253671 0.977189 0.029366 -0.210329 0.354511 0.042366 -0.934091 0.998538 0.053271 0.009159 0.998431 0.055159 0.009652 0.999998 -0.001975 0.000127 0.999998 0.002087 0.000782 0.999993 0.003761 -0.000171 0.677621 0.735411 0.000654 0.693246 0.720701 -0.000401 0.999998 0.002052 -0.000711 0.729468 -0.683699 0.020793 0.713695 -0.699885 -0.028279 0.337352 -0.941351 0.007175 0.333326 -0.942636 0.018193 0.474152 -0.880432 0.004271 0.187708 -0.982202 0.006759 0.205551 -0.97864 -0.003646 0.474042 0.003978 -0.880493 0.344534 0.009395 -0.938727 0.000003 -0.000484 -1 0.002693 0.000313 -0.999996 0.999971 0.001031 0.007544 0.998398 0.055523 0.010939 0.967956 0.028949 -0.249445 0.86706 0.019117 -0.497837 0.336651 0.090931 -0.937229 0.326462 0.092238 -0.940699 0.997838 0.062134 0.021414 0.998259 0.057716 0.012136 0.850438 0.021577 -0.525632 0.543484 -0.83938 -0.008186 0.625226 -0.7804 0.008253 0.999975 0.007102 0.000397 0.007099 -0.999975 -0.000587 0.760622 0.011543 -0.649092 0.666907 -0.74514 0.00036 0.933944 -0.005763 -0.357373 0.934729 0.001136 -0.35536 0.590923 0.000536 -0.806728 1 0.000148 -0.000236 0.999999 0.000787 -0.001235 0.999987 -0.002158 -0.004717 0.643722 -0.765255 0.002584 0.999998 -0.000414 -0.001772 0.66902 0.008101 0.7432 0.926145 -0.01316 0.376937 0.999982 0.000336 0.005907 0.999982 0.000166 0.006037 0.0006 0.00354 -0.999994 -0.004973 -0.614497 -0.788904 -0.002651 -0.6209 -0.783885 0.501082 -0.375977 -0.77946 0.650367 -0.020816 -0.759335 0.99861 -0.008711 0.051987 0.981914 0.014489 -0.188772 0.947509 0.007791 -0.319634 -0.002117 -0.000248 -0.999998 -0.375236 -0.452998 -0.808697 -0.996098 -0.06904 -0.054968 -0.998942 0.002891 -0.045907 -0.999628 0.001099 -0.027259 -0.63835 -0.000464 -0.769746 -0.586086 -0.005126 -0.810233 0.00594 0.000766 -0.999982 -0.003536 -0.513784 -0.857912 -0.058493 -0.362503 -0.930145 -0.79315 -0.608095 0.033664 -0.802507 -0.596213 0.022663 -0.13629 -0.687565 -0.713217 0.00286 0.000335 -0.999996 -0.207225 -0.978289 -0.002846 -0.088896 -0.996031 0.004473 -0.749609 -0.003402 -0.661872 -0.813359 -0.0011 -0.581761 -0.000167 -0.001689 -0.999999 0.000085 -0.001524 -0.999999 0.000376 -0.003043 -0.999995 -0.045141 0.813027 -0.580473 -0.000464 0.587359 -0.809326 -0.000225 0.58896 -0.808162 -0.000813 0.589482 -0.807781 -0.004755 0.995053 0.099232 -0.462406 0.886612 0.009981 0.00117 0.996045 -0.088841 0.001058 0.999814 0.01927 0.000468 0.999822 0.01885 0.005516 0.999236 -0.038703 -0.786152 -0.615504 0.055853 -0.998611 0.000551 0.052692 0.034273 -0.998138 -0.050459 -0.055732 -0.996476 0.062683 0.005531 -0.992578 -0.121485 0.064427 -0.61365 -0.786945 0.075769 -0.593492 -0.801265 0.109057 0.000613 -0.994035 0.112354 -0.003708 -0.993661 0.111764 -0.004227 -0.993726 0.108346 -0.000328 -0.994113 0.130849 -0.615651 -0.77708 0.805213 -0.000747 -0.592985 0.686592 0.471221 -0.553663 0.666987 -0.57023 -0.479548 0.803689 -0.000484 -0.595049 0.709279 0.704236 -0.031208 0.998013 0.000399 -0.063014 0.609203 0.792194 -0.036052 0.998104 -0.000917 -0.061544 0.791578 -0.61015 -0.033485 0.581515 -0.001824 0.813534 0.781543 -0.623167 -0.029217 0.799756 -0.600164 -0.013917 1 -0.000434 -0.00001 0.999998 -0.000145 0.001867 0.772661 -0.634568 -0.017832 0.604455 -0.79659 -0.00892 0.793263 -0.60778 -0.036569 0.539826 -0.617344 0.572254 0.569661 -0.002887 0.821874 0.108383 -0.651091 0.751221 0.400915 0.52081 0.753673 0.180834 -0.964197 0.193968 0.590279 -0.057685 -0.805136 0.102637 -0.013181 0.994632 0.026479 0.022317 0.9994 0.00173 -0.001515 0.999997 -0.007782 -0.505455 0.862818 -0.090762 -0.575161 0.81299 0.992423 0.040363 -0.11605 0.884525 0.021023 0.466018 0.622415 -0.023714 -0.782328 0.702224 -0.009062 -0.711899 0.999998 0.001276 -0.001476 0.077139 -0.997014 0.003555 0.887006 0.455422 0.076229 0.019695 -0.998668 0.047691 0.673905 -0.459187 0.57879 0.999854 -0.015956 -0.006049 -0.123887 -0.001324 0.992295 0.999996 0.000833 0.002711 -0.123065 -0.00021 0.992399 -0.120933 -0.001765 0.992659 -0.223183 0.027386 -0.974392 -0.222959 0.041765 -0.973933 -0.874736 0.482362 0.046516 -0.998606 0.000588 0.052777 -0.90995 0.412838 0.039432 0.002409 0.999997 -0.000734 0.003148 0.051678 0.998659 0.002182 0.045845 0.998946 -0.711451 0.044252 0.701341 -0.698098 0.026638 0.715506 -0.687701 0.041488 0.724808 -0.998955 0.045002 -0.008011 -0.9982 0.058686 -0.012323 0.02511 0.999685 0.00031 0.0022 0.999977 -0.006488 0.214169 0.966447 -0.141818 0.369587 0.856007 -0.361466 0.207102 0.968103 -0.141013 0.367731 0.857065 -0.360851 0.003793 0.999993 0.000776 -0.005091 0.999985 -0.001966 -0.017875 0.99983 0.004539 0.002444 0.999942 0.010443 0.000026 0.645367 0.763873 0.000979 0.649666 0.760219 -0.000218 0.673699 0.739006 0.002699 0.71568 0.698423 -0.001619 0.983 -0.183601 -0.00331 0.702744 0.711436 0.001026 0.975395 -0.22046 0.000535 0.653682 0.75677 0.006176 0.749613 0.661848 -0.772241 0.635273 -0.00853 0.000026 0.999996 0.002755 -0.749227 0.662314 -0.00034 0.294613 0.947287 -0.125902 -0.034414 0.999218 0.019448 0.058034 0.995532 -0.07449 0.028076 0.998844 -0.039021 0.017298 0.999839 0.004711 0.027195 0.999357 -0.023346 0.394295 0.918927 -0.010236 0.042131 0.999009 -0.014341 -0.006128 0.722886 0.69094 0.003128 0.999477 0.032187 0.000307 0.996773 -0.080277 -0.00019 0.999997 -0.002479 -0.000002 0.999999 -0.0015 0.121767 0.525242 -0.842196 0.082322 0.745242 -0.661693 -0.001852 0.999975 0.00687 -0.007346 0.99988 -0.013621 -0.000665 1 0.000447 -0.000508 1 0.00054 0.000453 0.999999 -0.0015 -0.128178 0.03942 0.990967 0.000418 1 -0.000327 0.756272 0.654258 -0.000293 0.000977 1 -0.000101 -0.722101 0.691747 0.007568 -0.020795 0.999783 -0.000805 -0.445635 0.895175 -0.008474 -0.998593 0.052536 -0.007235 -0.998779 0.048963 -0.00661 -0.998812 0.048564 -0.004125 -0.998642 0.052064 -0.002115 -0.589073 0.807865 -0.018628 -0.01454 0.999894 0.000175 -0.012648 0.99992 -0.000048 0.392742 0.919647 0.001482 0.368264 0.929719 0.001908 -0.008532 0.999964 0.000202 -0.005621 0.999984 -0.000255 -0.014087 0.9999 -0.000833 -0.755863 0.654728 0.001335 -0.737315 0.675544 -0.002586 -0.749435 0.662072 0.002761 0.00082 1 -0.000003 0.383698 0.000134 -0.923459 0.837257 -0.272187 -0.474252 0.574481 -0.76855 -0.281606 0.941872 -0.015454 -0.335616 0.999274 0.000082 -0.038099 0.005576 0.002154 -0.999982 0.999995 0.000349 0.003086 0.461885 -0.000368 0.88694 -0.975375 -0.008376 -0.220394 -0.005973 0.000164 -0.999982 -0.999991 -0.000857 0.004258 -0.999959 0.00116 -0.008949 -0.999996 -0.001316 -0.002344 0.001641 0.001322 -0.999998 -0.029648 -0.001649 -0.999559 -0.998114 0.000229 -0.061388 0.944253 -0.023372 0.328391 0.999515 0.021208 0.022821 -0.002041 -0.000549 0.999998 0.995979 0.050955 -0.073689 0.901073 0.070732 0.42786 0.998855 0.043332 0.020286 0.636511 0.021205 -0.770976 0.76281 -0.646129 -0.025272 0.999998 0.001283 -0.001465 0.998614 0.045691 0.026115 0.998527 0.045303 0.029841 0.630026 -0.776573 0.001235 0.968329 0.248323 0.025986 0.580325 -0.007578 0.81435 0.631319 -0.002399 0.77552 -0.138093 0.01654 0.990281 0.9815 0.188845 0.031542 0.024858 0.003444 0.999685 0.952339 0.066054 0.297805 0.17845 0.572959 0.799921 0.997753 0.063813 0.020415 0.997065 0.074372 0.018164 0.997374 0.064118 0.033665 0.905478 -0.424389 0.002093 0.997479 0.065869 0.026391 0.997437 0.066642 0.026059 0.243283 0.012545 -0.969874 0.12797 0.024195 -0.991483 0.862256 0.02554 -0.505828 0.372252 0.926499 0.055036 0.480235 0.87708 0.01022 0.866234 0.026542 -0.498933 -0.020537 0.999608 -0.019033 0.354029 0.010946 -0.93517 0.763052 0.445745 0.468042 0.22782 0.000566 -0.973703 0.150227 -0.072646 -0.985979 0.31504 0.949078 -0.001042 0.680108 -0.000204 0.733112 0.999999 -0.001145 0.00098 0.999977 -0.005484 -0.003928 1 0.000349 -0.000001 1 0.000349 0 0.760226 0.649658 -0.000106 0.759978 0.649948 -0.000132 0.982902 0.184129 0.000306 0.983568 0.180539 -0.000143 0.999975 -0.007 -0.001028 0.999975 -0.007009 -0.001027 0.99991 -0.013358 -0.001086 0.999898 0.001569 -0.014178 0.999996 0.001901 -0.002229 0.002141 0.999998 0.000126 0.005561 0.999984 -0.000562 -0.002694 0.001077 0.999996 0.34646 0.938064 0.001219 0.467538 -0.000817 0.883973 0.589822 0.807317 -0.018691 0.620046 0.784425 -0.01485 0.628726 0.777627 -0.000245 0.58742 0.809249 -0.007314 0.231279 0.972882 0.003156 0.420614 0.907228 0.004548 0.29793 0.954585 -0.002195 0.288624 0.920157 -0.26459 0.641795 0.766874 -0.001473 0.41133 0.839634 -0.354714 0.028988 0.026829 0.99922 0.002774 0.000704 -0.999996 0.000989 0.000251 -0.999999 0.798601 -0.018551 -0.601575 0.395501 0.491894 0.775641 0.76953 0.638606 -0.002442 0.596336 0.802711 -0.006195 0.998206 0.059691 0.004635 0.999999 -0.001063 0.000001 0.000105 -1 -0.000009 0.000243 -1 0.000114 0.000996 -0.739955 0.672655 0.000156 -0.731847 0.681469 0.000356 -0.002831 0.999996 -0.000113 -0.000556 1 0.000232 0.857294 0.514827 0.000316 -1 -0.000485 -0.000106 -1 0.000162 -0.000419 -1 0.000085 0.000545 -0.999998 0.002081 -0.000044 -1 -0.000109 0.624577 -0.780865 -0.012385 -0.004612 -0.63085 -0.775892 0.620311 -0.784251 -0.012812 0.022754 -0.565899 -0.82416 -0.142071 -0.989603 0.022377 -0.000368 -0.000247 1 -0.981342 0.18827 -0.039019 -0.000452 0.000272 1 0.999741 -0.000062 0.022757 0.999864 0.000193 0.016495 0.001053 -0.999834 0.018167 0.617873 -0.00019 0.786278 0.619237 -0.000371 0.785204 1 0.000104 0.000653 0.999998 0.000368 0.001902 0.002917 -0.000122 0.999996 0.001642 0.000133 0.999999 0.637375 0.000166 0.770554 -0.000316 0.000373 1 0.000808 0.000611 0.999999 0.125472 -0.986428 0.10591 -0.112145 0.986663 -0.117982 -0.09032 0.991789 -0.090535 -0.746808 0.664616 -0.023728 -0.11445 0.985049 -0.128764 -0.928489 0.000196 0.37136 -0.981341 0.186654 -0.046158 -0.098183 0.991895 -0.080649 -0.743275 0.668656 -0.02099 -0.090018 0.9892 -0.115673 -0.084817 0.990587 -0.107443 -0.004643 0.000012 0.999989 -0.004546 -0.000039 0.99999 0.984761 -0.002535 0.173892 -0.083001 0.894851 0.438581 0.104783 0.899871 0.423383 -0.730364 0.668011 0.142582 -0.087129 0.87925 0.468325 -0.127337 0.859528 0.494971 -0.927002 0.319093 0.197095 -0.980694 0.188968 -0.050311 -0.019995 0.276012 0.960946 -0.654635 0.297715 0.694852 -0.005704 0.203671 0.979023 0.598871 0.274168 0.752453 0.105561 0.181754 0.977662 -0.001954 0.208282 0.978067 -0.631333 0.263097 0.729519 0.106186 0.181786 0.977588 -0.955336 0.155088 0.251556 -0.984801 0.169982 -0.035684 0.145647 0.143083 0.978935 -0.897429 0.235507 0.373037 -0.001838 0.206091 0.978531 -0.980431 0.192231 -0.042459 -0.778679 0.291887 0.555393 -0.980418 0.192303 -0.04242 -0.759173 -0.650105 -0.03193 -0.71408 -0.500824 0.489147 -0.711279 -0.701789 -0.039689 0.003436 -0.629496 0.776996 0.002266 0.196855 0.98043 0.002803 -0.623098 0.782139 0.603924 0.269281 0.750175 0.550521 -0.395765 0.735049 0.60344 0.26915 0.750612 0.59775 0.274308 0.753293 0.981218 0.191213 0.02547 0.834152 -0.550986 0.024599 0.978574 0.204014 0.027781 0.79642 -0.604442 0.019132 0.980687 0.193706 0.027041 0.978187 0.206001 0.026711 0.676539 0.296219 -0.674203 0.654758 0.342258 -0.673908 0.75583 0.275027 -0.594206 0.039353 0.185541 -0.981848 0.011122 0.193413 -0.981054 0.999991 0.004316 -0.000098 0.016099 0.188875 -0.981869 0.580361 0.814359 0.000112 0.026235 0.212534 -0.976802 0.01163 0.204357 -0.978827 0.998581 0.052771 0.007091 0.148763 0.816395 -0.558004 0.972417 0.062791 -0.22464 -0.000693 0.000099 1 -0.999999 0 0.001594 -1 -0.000228 -0.000221 -0.25515 -0.000426 0.966901 -0.312725 0.000366 0.949844 -0.933088 0.000327 0.359649 0.010199 -0.999948 0.000705 1 0.000814 -0.000191 0.773743 -0.633458 -0.007252 0.998443 0.055588 0.004693 0.998585 0.052706 0.007055 0.940003 -0.340801 0.015777 0.961751 -0.273759 0.009556 0.999994 0.003302 0.000429 0.667359 0.744733 -0.002266 0.568707 0.822539 0.001595 0.002283 -0.999997 0.000345 0.570736 -0.821121 0.004534 1 0.000144 -0.00023 1 0.000296 0.000079 0.558966 -0.000893 0.82919 0.504531 0.002095 0.863391 0.914044 -0.0012 0.405613 0.999983 -0.003302 -0.004882 -0.000815 0.000042 1 0.999412 -0.001181 -0.034273 0.999955 -0.00096 -0.009453 1 -0.000176 -0.000754 0.905504 -0.00224 0.424332 0.000537 -0.000288 1 0.527078 0.00298 0.849812 0.516499 0.006158 0.856266 0.706565 0.021031 0.707336 0.932516 0.020519 0.360545 0.932564 0.015661 0.360665 0.893852 0.0089 0.448273 0.446823 0.014706 0.894502 0.377517 -0.003577 0.925996 0.998266 0.05855 0.006054 0.998219 0.059217 0.007163 0.998306 0.057869 0.005941 0.127705 0.990038 0.059295 0.388961 -0.000122 0.921254 -0.131355 0.987968 -0.081643 0.999999 0.00023 -0.001138 0.512774 0.816458 -0.265441 0.066296 -0.991478 0.112143 0.090139 0.993869 -0.064019 0.567158 -0.00979 -0.823551 0.398124 0.911696 -0.101528 0.065967 0.719406 -0.69145 0.091849 0.725153 -0.682435 0.38984 -0.038623 -0.920072 0.028015 0.002057 -0.999605 0.029509 0.002325 -0.999562 0.989464 0.001471 -0.144771 0.55022 0.002069 -0.835017 0.460409 -0.001461 -0.887706 1 -0.000516 0.000752 0.467739 -0.002477 -0.883863 0.991958 -0.000214 -0.126564 0.989126 -0.001076 -0.147064 -0.990804 -0.008536 0.135038 -0.994052 -0.002326 0.108877 -0.004505 -0.000018 0.99999 0.963805 0.003751 0.26658 0.989455 -0.000121 0.14484 0.370349 0.00016 0.928893 0.387673 -0.000075 0.921797 0.999999 0.000141 0.001204 0.618075 -0.004811 0.786104 0.999939 0.004464 -0.010114 0.629339 -0.001993 0.777129 0.999996 -0.000702 0.00256 0.2949 0.012431 0.955447 0.000988 -0.00071 0.999999 0.999132 0.001264 0.041648 0.999742 -0.000005 0.022724 0.000178 -0.00021 1 0.000163 -0.000231 1 -0.000438 0.000621 1 -0.002759 -0.338224 0.941061 -0.006156 0.000295 0.999981 -0.001538 -0.325968 0.945379 -0.99871 0.001992 0.050744 -0.99907 0.001285 0.043105 -0.892912 0.313975 0.322689 -0.951086 0.257395 0.170829 -0.582445 0.049949 0.811334 -0.017574 -0.957084 0.289276 0.055104 -0.232985 0.970918 -0.001376 -0.020335 0.999792 -0.998481 -0.047197 0.028411 -0.00303 -0.582581 0.812767 -0.000697 -0.598535 0.801097 -0.000865 -0.626656 0.779296 -0.828383 0.023975 0.559649 -0.646819 0.006162 0.762618 -0.001891 -0.631791 0.775137 0.000012 0.004095 0.999992 0.658034 0.00968 0.752926 0.608558 0.015975 0.793349 -0.001169 0.003602 0.999993 0.014714 -0.851789 0.523678 -0.001229 -0.950162 0.311754 0.003455 -0.95641 0.292005 0.00026 -0.568872 0.822426 -0.000217 -0.570154 0.821538 0.000747 -0.553627 0.832765 0.005179 0.999986 0.001397 0.002702 0.999989 0.003728 -0.734749 0.043916 -0.676916 -0.681795 0.095682 -0.725259 -0.693283 0.095207 -0.714349 -0.723199 0.032771 -0.689861 -0.033907 0.999237 -0.019407 -0.013126 0.999835 -0.012521 0.046881 0.998609 0.024135 0.047121 0.998601 0.023984 0.302228 0.953082 0.017106 -0.003841 0.999966 -0.007317 0.268353 0.904125 0.332484 0.003474 0.935375 0.353641 0.005506 0.999969 0.005644 -0.000335 1 -0.000899 -0.002458 0.999997 -0.000018 0.002219 0.878544 -0.477656 -0.004748 0.433804 -0.900995 -0.702984 0.711187 -0.005067 0.011744 0.695308 -0.718616 -0.722555 0.691312 0.001697 0.002071 0.767309 -0.641275 0.001373 -0.96087 0.276997 0.004905 -0.36279 0.931858 0.001252 -0.572215 0.820102 0.001557 0.000839 0.999998 0.001491 0.000815 0.999999 0.001696 0.000381 0.999998 0.00244 0.005877 0.99998 -0.000476 0.660843 0.750524 -0.000145 0.66363 0.748061 -0.000218 1 0.000517 -0.000003 1 0.000982 -0.007618 -0.515317 0.856966 0.75002 0.629177 0.203977 -0.432537 0.013454 0.901516 0.0028 0.001144 0.999995 0.002969 0.005137 0.999982 -0.999963 -0.006607 -0.005547 -0.812561 0.581435 -0.040964 -0.99984 -0.001058 -0.017859 -0.999895 0.000628 -0.014472 -0.671705 -0.739576 -0.042896 -0.715945 -0.697976 -0.015901 -0.696756 0.717306 -0.001721 -0.000526 1 0.00062 -0.000493 1 0.000545 -0.773973 0.410342 0.482271 -0.017291 0.832351 0.55398 -0.852024 0.014343 0.523306 -0.015232 0.818148 0.574806 -0.758197 -0.006632 0.651992 -0.628707 -0.472978 0.617268 -0.030924 0.000833 0.999521 -0.029759 0.001978 0.999555 -0.023801 -0.548302 0.835942 -0.021377 -0.559623 0.828472 -0.032938 -0.539454 0.84137 -0.036946 -0.465318 0.884372 -0.532191 -0.792927 0.296714 -0.681088 -0.618645 0.39166 -0.770833 -0.636996 -0.007303 -0.760706 -0.648307 -0.03201 -0.824406 -0.564489 0.041302 0.125738 -0.297129 0.946522 -0.000128 0.425298 -0.905053 0.000287 0.765524 -0.643407 0.000008 0.999992 0.004093 0.998197 0.059754 0.005734 0.998149 0.060793 0.001507 0.940672 0.018983 0.338785 0.000558 -0.000223 1 0.904238 -0.427029 0.000291 0.904082 -0.427358 0.000326 0.998268 0.058668 0.004382 0.75407 0.656794 0.000233 0.002881 0.999996 0.000655 0.000821 1 -0.000002 0.888108 -0.45963 0.002335 0.998807 0.048469 0.005927 0.998133 0.060618 0.007497 0.896397 -0.443227 -0.004653 1 -0.00062 0.000368 -0.012022 -0.643818 -0.765084 -0.000859 -0.002035 -0.999998 -0.052465 -0.503188 -0.862583 -0.001865 -0.624375 -0.781123 0.999999 -0.001045 0.000001 0.018828 0.002983 -0.999818 0.747746 0.663985 -0.000749 -0.177123 0.022294 -0.983936 0.986845 0.008815 -0.161426 0.775524 -0.033622 -0.630422 0.000204 -0.928421 -0.371531 0.371612 -0.923537 -0.094783 0.000364 0.076792 -0.997047 0.008237 -0.001197 -0.999965 0.070913 0.757155 -0.649375 0.773344 -0.633984 0.001892 0.765089 -0.643875 0.007918 0.768097 0.009582 -0.640262 0.671115 0.577601 -0.464738 0.858735 -0.001365 -0.512418 0.698621 -0.715455 0.007266 -0.003812 0.999993 -0.000118 0.722324 0.691194 0.022321 0.002956 0.99999 -0.003265 0.999915 -0.00022 0.013045 0.734393 0.678288 0.024339 0.999918 0.000013 0.012779 0.675165 0.602648 0.425403 0.7822 0.000632 0.623027 0.772636 -0.001097 0.634848 0.493981 -0.629991 0.599244 0.774303 -0.632755 -0.008728 0.167402 -0.958682 0.230012 0.980747 0.089717 0.173456 0.372465 -0.92792 0.015284 -0.001485 0.002175 0.999997 0.004643 0.000011 0.999989 -0.999985 -0.002278 0.004909 0.011705 -0.000683 0.999931 0.995602 0.003803 0.093611 0.999586 -0.00884 -0.027384 0.999984 -0.001204 0.005551 0.999997 0.000134 -0.002527 0.484657 -0.001889 -0.874702 0.005995 -0.000007 -0.999982 -0.005013 0.00017 0.999987 -0.99335 -0.00254 0.115109 0.756395 0.654115 -0.000284 1 -0.000568 0.000153</float_array>
          <technique_common>
            <accessor source="#MysteryBox-mesh-normals-array" count="2000" stride="3">
              <param name="X" type="float"/>
              <param name="Y" type="float"/>
              <param name="Z" type="float"/>
            </accessor>
          </technique_common>
        </source>
        <source id="MysteryBox-mesh-map-0">
          <float_array id="MysteryBox-mesh-map-0-array" count="12000">0.333984 0.616943 0.332275 0.619873 0.330078 0.614746 0.330078 0.614746 0.332275 0.619873 0.27832 0.623535 0.27832 0.623535 0.332275 0.619873 0.282471 0.648682 0.282471 0.648682 0.332275 0.619873 0.33252 0.644531 0.282471 0.648682 0.33252 0.644531 0.284912 0.667969 0.284912 0.667969 0.33252 0.644531 0.331787 0.661865 0.330078 0.614746 0.27832 0.623535 0.280762 0.61792 0.280762 0.61792 0.27832 0.623535 0.272461 0.610596 0.330078 0.614746 0.280762 0.61792 0.311279 0.575195 0.330078 0.614746 0.311279 0.575195 0.331787 0.58252 0.331787 0.58252 0.311279 0.575195 0.329834 0.576172 0.280762 0.61792 0.272461 0.610596 0.275879 0.59082 0.280762 0.61792 0.275879 0.59082 0.311279 0.575195 0.275879 0.59082 0.272461 0.610596 0.270752 0.598633 0.311279 0.575195 0.275879 0.59082 0.236816 0.567871 0.311279 0.575195 0.236816 0.567871 0.313232 0.508301 0.313232 0.508301 0.236816 0.567871 0.259766 0.43457 0.236816 0.567871 0.275879 0.59082 0.249268 0.578613 0.249268 0.578613 0.275879 0.59082 0.270752 0.598633 0.236816 0.567871 0.249268 0.578613 0.205811 0.561035 0.249268 0.578613 0.270752 0.598633 0.252197 0.58374 0.249268 0.578613 0.252197 0.58374 0.205811 0.561035 0.874268 0.612305 0.82959 0.61499 0.873291 0.60791 0.873291 0.60791 0.82959 0.61499 0.830566 0.611328 0.830566 0.611328 0.82959 0.61499 0.825195 0.61084 0.830566 0.611328 0.825195 0.61084 0.833252 0.564941 0.873291 0.60791 0.830566 0.611328 0.866455 0.585693 0.866455 0.585693 0.830566 0.611328 0.833252 0.564941 0.873291 0.60791 0.866455 0.585693 0.87085 0.581543 0.873291 0.60791 0.87085 0.581543 0.878174 0.607422 0.87085 0.581543 0.866455 0.585693 0.861084 0.563232 0.861084 0.563232 0.866455 0.585693 0.833252 0.564941 0.87085 0.581543 0.861084 0.563232 0.866943 0.561279 0.866943 0.561279 0.861084 0.563232 0.862305 0.557617 0.862305 0.557617 0.861084 0.563232 0.833252 0.564941 0.862305 0.557617 0.833252 0.564941 0.831055 0.560059 0.862305 0.557617 0.831055 0.560059 0.836426 0.546143 0.836426 0.546143 0.831055 0.560059 0.831055 0.545898 0.862305 0.557617 0.836426 0.546143 0.856445 0.547119 0.862305 0.557617 0.856445 0.547119 0.859619 0.545654 0.862305 0.557617 0.859619 0.545654 0.873291 0.523926 0.836426 0.546143 0.831055 0.545898 0.830811 0.538818 0.830811 0.538818 0.831055 0.545898 0.827637 0.538086 0.827637 0.538086 0.831055 0.545898 0.82666 0.547363 0.97583 0.271484 0.968262 0.271484 0.981201 0.224609 0.968262 0.271484 0.97583 0.271484 0.97168 0.275635 0.97168 0.275635 0.97583 0.271484 0.97998 0.285156 0.97998 0.285156 0.97583 0.271484 0.983154 0.281738 0.927246 0.773682 0.939453 0.794922 0.921875 0.769775 0.939453 0.794922 0.927246 0.773682 0.949707 0.786865 0.927246 0.773682 0.921875 0.769775 0.935059 0.772217 0.921875 0.769775 0.939453 0.794922 0.89209 0.788818 0.921875 0.769775 0.89209 0.788818 0.897217 0.770996 0.897217 0.770996 0.89209 0.788818 0.890869 0.769043 0.921875 0.769775 0.897217 0.770996 0.906738 0.72583 0.365234 0.677734 0.400391 0.720947 0.395508 0.721191 0.365234 0.677734 0.395508 0.721191 0.357422 0.68042 0.365234 0.677734 0.357422 0.68042 0.363037 0.672363 0.365234 0.677734 0.363037 0.672363 0.389404 0.641357 0.365234 0.677734 0.389404 0.641357 0.382813 0.658936 0.382813 0.658936 0.389404 0.641357 0.402832 0.633057 0.402832 0.633057 0.389404 0.641357 0.390625 0.624023 0.390625 0.624023 0.389404 0.641357 0.363037 0.672363 0.390625 0.624023 0.363037 0.672363 0.372314 0.63501 0.390625 0.624023 0.372314 0.63501 0.384766 0.618408 0.372314 0.63501 0.363037 0.672363 0.354248 0.6604 0.354248 0.6604 0.363037 0.672363 0.357422 0.68042 0.372314 0.63501 0.354248 0.6604 0.369873 0.635742 0.369873 0.635742 0.354248 0.6604 0.365479 0.634521 0.354248 0.6604 0.365479 0.634521 0.347168 0.667725 0.347168 0.667725 0.354248 0.6604 0.357422 0.68042 0.347168 0.667725 0.365479 0.634521 0.341553 0.670166 0.347168 0.667725 0.341553 0.670166 0.340332 0.675781 0.341553 0.670166 0.340332 0.675781 0.268555 0.677246 0.268555 0.677246 0.340332 0.675781 0.253174 0.686768 0.253174 0.686768 0.340332 0.675781 0.27002 0.690674 0.340332 0.675781 0.347168 0.667725 0.338623 0.680664 0.340332 0.675781 0.338623 0.680664 0.27002 0.690674 0.338623 0.680664 0.347168 0.667725 0.357422 0.68042 0.27002 0.690674 0.338623 0.680664 0.281738 0.692383 0.338623 0.680664 0.357422 0.68042 0.3396 0.682861 0.338623 0.680664 0.3396 0.682861 0.281738 0.692383 0.3396 0.682861 0.357422 0.68042 0.3396 0.694092 0.281738 0.692383 0.3396 0.682861 0.291504 0.693848 0.291504 0.693848 0.3396 0.682861 0.3396 0.694092 0.291504 0.693848 0.3396 0.694092 0.251953 0.716553 0.665527 0.383545 0.665283 0.380371 0.668457 0.382324 0.665527 0.383545 0.668457 0.382324 0.675293 0.455566 0.668457 0.382324 0.665283 0.380371 0.671143 0.349365 0.668457 0.382324 0.671143 0.349365 0.674805 0.316162 0.619385 0.043213 0.584473 0.031738 0.654053 0.037109 0.619385 0.043213 0.654053 0.037109 0.653809 0.054688 0.0271 0.409912 0.0271 0.476807 0.011719 0.4729 0.123779 0.074707 0.139648 0.078857 0.121094 0.075439 0.121094 0.075439 0.139648 0.078857 0.084961 0.099854 0.123779 0.074707 0.121094 0.075439 0.127197 0.072266 0.121094 0.075439 0.084961 0.099854 0.081055 0.080811 0.127197 0.072266 0.121094 0.075439 0.062744 0.070313 0.062744 0.070313 0.121094 0.075439 0.081055 0.080811 0.908936 0.496338 0.908936 0.57666 0.907227 0.503906 0.006592 0.517334 0.006592 0.598145 0.003662 0.611816 0.249756 0.072754 0.213623 0.075439 0.21875 0.07251 0.249756 0.072754 0.21875 0.07251 0.275391 0.049561 0.275391 0.049561 0.21875 0.07251 0.250488 0.046387 0.916992 0.315186 0.910156 0.240479 0.932617 0.279297 0.910156 0.240479 0.916992 0.315186 0.911133 0.320557 0.55127 0.113281 0.552734 0.118652 0.471924 0.115967 0.55127 0.113281 0.471924 0.115967 0.532959 0.082031 0.984863 0.678955 0.982666 0.64209 0.989502 0.653564 0.989502 0.653564 0.982666 0.64209 0.986084 0.618408 0.785889 0.810303 0.789063 0.779053 0.803711 0.791504 0.789063 0.779053 0.785889 0.810303 0.760742 0.81665 0.760742 0.81665 0.785889 0.810303 0.764404 0.822266 0.764404 0.822266 0.785889 0.810303 0.786377 0.847656 0.764404 0.822266 0.786377 0.847656 0.767334 0.865967 0.764404 0.822266 0.767334 0.865967 0.761719 0.829834 0.761719 0.829834 0.767334 0.865967 0.76709 0.907227 0.764404 0.822266 0.761719 0.829834 0.758301 0.820313 0.761719 0.829834 0.76709 0.907227 0.758545 0.85376 0.761719 0.829834 0.758545 0.85376 0.758301 0.820313 0.758301 0.820313 0.758545 0.85376 0.756348 0.827148 0.756348 0.827148 0.758545 0.85376 0.747803 0.827881 0.756348 0.827148 0.747803 0.827881 0.695557 0.812988 0.909424 0.931152 0.907715 0.929199 0.907471 0.917725 0.907715 0.929199 0.909424 0.931152 0.905273 0.93457 0.907471 0.917725 0.907715 0.929199 0.884033 0.898438 0.907471 0.917725 0.884033 0.898438 0.895996 0.898926 0.907471 0.917725 0.895996 0.898926 0.903809 0.903809 0.907471 0.917725 0.909424 0.931152 0.911133 0.916748 0.911133 0.916748 0.907471 0.917725 0.903809 0.903809 0.909424 0.931152 0.911133 0.916748 0.910156 0.933838 0.911133 0.916748 0.903809 0.903809 0.912109 0.89209 0.910156 0.933838 0.911133 0.916748 0.913086 0.924561 0.911133 0.916748 0.912109 0.89209 0.917236 0.896729 0.911133 0.916748 0.917236 0.896729 0.913086 0.924561 0.917236 0.896729 0.912109 0.89209 0.919922 0.870117 0.913086 0.924561 0.917236 0.896729 0.949219 0.937744 0.917236 0.896729 0.919922 0.870117 0.934814 0.854736 0.949219 0.937744 0.917236 0.896729 0.951904 0.878418 0.951904 0.878418 0.917236 0.896729 0.934814 0.854736 0.314941 0.088379 0.390869 0.068359 0.355713 0.096924 0.390869 0.068359 0.314941 0.088379 0.366943 0.069824 0.645508 0.261719 0.715088 0.26123 0.715088 0.268555 0.715088 0.268555 0.715088 0.26123 0.758545 0.260742 0.849609 0.664795 0.856934 0.668213 0.861084 0.676514 0.849609 0.664795 0.861084 0.676514 0.85498 0.67334 0.85498 0.67334 0.861084 0.676514 0.854492 0.689697 0.856934 0.668213 0.861084 0.676514 0.864746 0.677002 0.854492 0.689697 0.861084 0.676514 0.857666 0.688965 0.857666 0.688965 0.861084 0.676514 0.864746 0.677002 0.857666 0.688965 0.864746 0.677002 0.85791 0.703613 0.85791 0.703613 0.864746 0.677002 0.892822 0.664551 0.85791 0.703613 0.892822 0.664551 0.880615 0.697021 0.880615 0.697021 0.892822 0.664551 0.902832 0.670654 0.880615 0.697021 0.902832 0.670654 0.901855 0.706787 0.880615 0.697021 0.901855 0.706787 0.896484 0.746826 0.987549 0.220947 0.983887 0.218262 0.985107 0.185059 0.987549 0.220947 0.985107 0.185059 0.986816 0.187744 0.985107 0.185059 0.983887 0.218262 0.977539 0.177979 0.977539 0.177979 0.983887 0.218262 0.967773 0.213623 0.977539 0.177979 0.967773 0.213623 0.965576 0.162842 0.965576 0.162842 0.967773 0.213623 0.963379 0.213379 0.965576 0.162842 0.963379 0.213379 0.962158 0.165283 0.976318 0.335205 0.980469 0.332031 0.980225 0.398193 0.976318 0.335205 0.980225 0.398193 0.966064 0.345703 0.509766 0.976318 0.437256 0.999756 0.505127 0.9729 0.509766 0.976318 0.505127 0.9729 0.506348 0.97168 0.506348 0.97168 0.505127 0.9729 0.506836 0.962891 0.509766 0.976318 0.506348 0.97168 0.519531 0.956299 0.509766 0.976318 0.519531 0.956299 0.522705 0.974121 0.509766 0.976318 0.522705 0.974121 0.561768 0.999268 0.842773 0.139404 0.811035 0.14917 0.842285 0.13623 0.842773 0.139404 0.842285 0.13623 0.869873 0.137695 0.869873 0.137695 0.842285 0.13623 0.854736 0.123047 0.842773 0.139404 0.869873 0.137695 0.890137 0.145752 0.842773 0.139404 0.890137 0.145752 0.886719 0.18457 0.890137 0.145752 0.869873 0.137695 0.89502 0.145264 0.89502 0.145264 0.869873 0.137695 0.878906 0.127441 0.878906 0.127441 0.869873 0.137695 0.854736 0.123047 0.878906 0.127441 0.854736 0.123047 0.841309 0.111084 0.878906 0.127441 0.841309 0.111084 0.844482 0.110596 0.878906 0.127441 0.844482 0.110596 0.906006 0.116943 1 0.887207 0.997803 0.889648 0.997803 0.844727 0.974609 0.75415 0.962402 0.791992 0.916016 0.734619 0.938965 0.62207 0.937012 0.62207 0.927002 0.588623 0.938965 0.62207 0.927002 0.588623 0.931396 0.584473 0.931396 0.584473 0.927002 0.588623 0.944336 0.554199 0.927002 0.588623 0.937012 0.62207 0.882568 0.597656 0.882568 0.597656 0.937012 0.62207 0.93457 0.628174 0.882568 0.597656 0.93457 0.628174 0.900391 0.620605 0.900391 0.620605 0.93457 0.628174 0.937012 0.649658 0.02417 0.616455 0.008301 0.637939 0.00708 0.616211 0.008301 0.637939 0.02417 0.616455 0.022949 0.664307 0.008301 0.637939 0.022949 0.664307 0.003906 0.71167 0.512695 0.548828 0.516846 0.529053 0.540771 0.480469 0.516846 0.529053 0.512695 0.548828 0.507813 0.567871 0.507813 0.567871 0.512695 0.548828 0.500732 0.610107 0.516846 0.529053 0.507813 0.567871 0.502441 0.553223 0.502441 0.553223 0.507813 0.567871 0.500732 0.610107 0.516846 0.529053 0.502441 0.553223 0.499756 0.497559 0.502441 0.553223 0.500732 0.610107 0.49707 0.612793 0.499756 0.497559 0.502441 0.553223 0.4729 0.561035 0.4729 0.561035 0.502441 0.553223 0.49707 0.612793 0.4729 0.561035 0.49707 0.612793 0.49585 0.635742 0.937988 0.335938 0.943359 0.331055 0.947754 0.350098 0.947754 0.350098 0.943359 0.331055 0.959961 0.33374 0.937256 0.336182 0.9375 0.335449 0.937988 0.335938 0.937988 0.335938 0.9375 0.335449 0.931885 0.296387 0.937988 0.335938 0.931885 0.296387 0.943359 0.331055 0.943359 0.331055 0.931885 0.296387 0.941895 0.283691 0.943359 0.331055 0.941895 0.283691 0.959961 0.33374 0.959961 0.33374 0.941895 0.283691 0.968506 0.284668 0.959961 0.33374 0.968506 0.284668 0.980225 0.293701 0.959961 0.33374 0.980225 0.293701 0.975098 0.327881 0.277344 0.313965 0.213135 0.308838 0.279297 0.311768 0.279297 0.311768 0.213135 0.308838 0.210938 0.307129 0.213135 0.308838 0.277344 0.313965 0.252197 0.318848 0.210938 0.307129 0.213135 0.308838 0.178467 0.299561 0.210938 0.307129 0.178467 0.299561 0.134033 0.265137 0.178467 0.299561 0.213135 0.308838 0.20874 0.317383 0.20874 0.317383 0.213135 0.308838 0.252197 0.318848 0.178467 0.299561 0.20874 0.317383 0.138184 0.313965 0.138184 0.313965 0.20874 0.317383 0.166748 0.340332 0.20874 0.317383 0.252197 0.318848 0.215576 0.330322 0.20874 0.317383 0.215576 0.330322 0.166748 0.340332 0.215576 0.330322 0.252197 0.318848 0.259277 0.344482 0.166748 0.340332 0.215576 0.330322 0.208496 0.342285 0.215576 0.330322 0.259277 0.344482 0.243652 0.361816 0.215576 0.330322 0.243652 0.361816 0.208496 0.342285 0.824463 0.501709 0.821533 0.552734 0.810303 0.50708 0.810303 0.50708 0.821533 0.552734 0.809082 0.514648 0.824463 0.501709 0.810303 0.50708 0.810303 0.442383 0.004395 0.923584 0.008057 0.966553 0.00415 0.970459 0.118652 0.872559 0.158447 0.837646 0.158203 0.90332 0.118652 0.872559 0.158203 0.90332 0.118896 0.874023 0.158203 0.90332 0.158447 0.837646 0.203125 0.904541 0.203125 0.904541 0.158447 0.837646 0.213379 0.867676 0.158447 0.837646 0.118652 0.872559 0.10376 0.861572 0.10376 0.861572 0.118652 0.872559 0.078369 0.873779 0.689941 0.223145 0.645508 0.223145 0.750732 0.220703 0.750732 0.220703 0.645508 0.223145 0.694824 0.221436 0.739258 0.788818 0.771973 0.782959 0.752686 0.802979 0.752686 0.802979 0.771973 0.782959 0.775391 0.783691 0.752686 0.802979 0.775391 0.783691 0.754395 0.804199 0.775391 0.783691 0.771973 0.782959 0.743652 0.74707 0.771973 0.782959 0.739258 0.788818 0.741455 0.748535 0.771973 0.782959 0.741455 0.748535 0.743652 0.74707 0.741455 0.748535 0.739258 0.788818 0.699463 0.798096 0.743652 0.74707 0.741455 0.748535 0.742432 0.682129 0.436035 0.842285 0.349121 0.791992 0.482178 0.790771 0.90332 0.843018 0.864014 0.890381 0.849609 0.89209 0.864014 0.890381 0.90332 0.843018 0.906738 0.844971 0.864014 0.890381 0.906738 0.844971 0.875732 0.88623 0.90332 0.843018 0.849609 0.89209 0.901367 0.838867 0.901367 0.838867 0.90332 0.843018 0.906738 0.844971 0.901367 0.838867 0.849609 0.89209 0.865723 0.83252 0.901367 0.838867 0.865723 0.83252 0.890381 0.823242 0.901367 0.838867 0.890381 0.823242 0.909668 0.836426 0.909668 0.836426 0.901367 0.838867 0.906738 0.844971 0.875732 0.88623 0.906738 0.844971 0.893555 0.881104 0.906738 0.844971 0.909668 0.836426 0.913086 0.847412 0.906738 0.844971 0.913086 0.847412 0.893555 0.881104 0.913086 0.847412 0.909668 0.836426 0.91748 0.841797 0.893555 0.881104 0.913086 0.847412 0.89917 0.893555 0.687988 0.982178 0.670166 0.978271 0.668457 0.947021 0.670166 0.978271 0.687988 0.982178 0.628662 0.997803 0.670166 0.978271 0.628662 0.997803 0.628906 0.994873 0.670166 0.978271 0.628906 0.994873 0.628906 0.991699 0.628906 0.991699 0.628906 0.994873 0.621338 0.98999 0.628906 0.991699 0.621338 0.98999 0.659668 0.979736 0.628906 0.991699 0.659668 0.979736 0.670166 0.978271 0.659668 0.979736 0.621338 0.98999 0.657471 0.977051 0.657471 0.977051 0.621338 0.98999 0.616211 0.983154 0.659668 0.979736 0.670166 0.978271 0.662598 0.977783 0.662598 0.977783 0.659668 0.979736 0.657471 0.977051 0.670166 0.978271 0.662598 0.977783 0.668213 0.976074 0.657471 0.977051 0.616211 0.983154 0.616699 0.965576 0.670166 0.978271 0.668213 0.976074 0.666748 0.950195 0.666748 0.950195 0.668213 0.976074 0.662598 0.977783 0.670166 0.978271 0.666748 0.950195 0.668457 0.947021 0.662598 0.977783 0.657471 0.977051 0.656494 0.957031 0.662598 0.977783 0.656494 0.957031 0.666748 0.950195 0.656494 0.957031 0.657471 0.977051 0.616699 0.965576 0.616699 0.965576 0.616211 0.983154 0.612305 0.97998 0.666748 0.950195 0.656494 0.957031 0.656494 0.952393 0.666748 0.950195 0.656494 0.952393 0.668457 0.947021 0.656494 0.957031 0.616699 0.965576 0.627441 0.957764 0.656494 0.957031 0.627441 0.957764 0.656494 0.952393 0.656494 0.952393 0.627441 0.957764 0.623535 0.953613 0.623535 0.953613 0.627441 0.957764 0.616699 0.965576 0.656494 0.952393 0.623535 0.953613 0.668457 0.947021 0.616699 0.965576 0.612305 0.97998 0.583984 0.921143 0.616699 0.965576 0.583984 0.921143 0.623535 0.953613 0.583984 0.921143 0.612305 0.97998 0.563721 0.980713 0.563721 0.980713 0.612305 0.97998 0.574463 0.997803 0.563721 0.980713 0.574463 0.997803 0.563965 0.988281 0.563965 0.988281 0.574463 0.997803 0.568848 0.999756 0.623535 0.953613 0.583984 0.921143 0.571533 0.876465 0.639893 0.921387 0.668457 0.947021 0.623535 0.953613 0.639893 0.921387 0.623535 0.953613 0.571533 0.876465 0.668457 0.947021 0.639893 0.921387 0.688232 0.893799 0.639893 0.921387 0.571533 0.876465 0.640137 0.921143 0.639893 0.921387 0.640137 0.921143 0.688232 0.893799 0.927002 0.542236 0.969727 0.491699 0.978271 0.516113 0.969727 0.491699 0.927002 0.542236 0.928711 0.504883 0.927002 0.542236 0.978271 0.516113 0.964111 0.554688 0.94873 0.141357 0.957764 0.163086 0.93457 0.130615 0.94873 0.141357 0.93457 0.130615 0.940918 0.088623 0.94873 0.141357 0.940918 0.088623 0.955811 0.087891 0.940918 0.088623 0.93457 0.130615 0.936279 0.092285 0.936279 0.092285 0.93457 0.130615 0.928223 0.120361 0.928223 0.120361 0.93457 0.130615 0.900635 0.125732 0.232422 0.856201 0.2229 0.86084 0.261719 0.821045 0.261719 0.821045 0.2229 0.86084 0.203369 0.854248 0.265137 0.825439 0.245361 0.846924 0.232422 0.856201 0.265137 0.825439 0.232422 0.856201 0.261719 0.821045 0.261719 0.821045 0.203369 0.854248 0.243652 0.810547 0.243652 0.810547 0.203369 0.854248 0.236816 0.811035 0.243652 0.810547 0.236816 0.811035 0.239258 0.806396 0.239258 0.806396 0.236816 0.811035 0.205811 0.803467 0.243652 0.810547 0.239258 0.806396 0.240723 0.794434 0.261719 0.821045 0.243652 0.810547 0.24585 0.795166 0.24585 0.795166 0.243652 0.810547 0.240723 0.794434 0.265137 0.825439 0.261719 0.821045 0.273682 0.805908 0.273682 0.805908 0.261719 0.821045 0.24585 0.795166 0.24585 0.795166 0.240723 0.794434 0.269043 0.748535 0.24585 0.795166 0.269043 0.748535 0.273682 0.805908 0.269043 0.748535 0.240723 0.794434 0.267578 0.739746 0.265137 0.825439 0.273682 0.805908 0.277344 0.808838 0.269043 0.748535 0.267578 0.739746 0.298584 0.767334 0.269043 0.748535 0.298584 0.767334 0.273682 0.805908 0.273682 0.805908 0.298584 0.767334 0.277344 0.808838 0.298584 0.767334 0.267578 0.739746 0.303467 0.766113 0.298584 0.767334 0.303467 0.766113 0.302979 0.770264 0.298584 0.767334 0.302979 0.770264 0.277344 0.808838 0.302979 0.770264 0.303467 0.766113 0.342529 0.801025 0.302979 0.770264 0.342529 0.801025 0.277344 0.808838 0.342529 0.801025 0.303467 0.766113 0.345947 0.800049 0.295654 0.842773 0.265137 0.825439 0.277344 0.808838 0.277344 0.808838 0.342529 0.801025 0.313477 0.83667 0.277344 0.808838 0.313477 0.83667 0.295654 0.842773 0.342529 0.801025 0.345947 0.800049 0.346436 0.803467 0.342529 0.801025 0.346436 0.803467 0.313477 0.83667 0.346436 0.803467 0.345947 0.800049 0.360352 0.811523 0.360352 0.811523 0.345947 0.800049 0.368164 0.810303 0.346436 0.803467 0.360352 0.811523 0.318848 0.851318 0.313477 0.83667 0.346436 0.803467 0.314697 0.839111 0.314697 0.839111 0.346436 0.803467 0.318848 0.851318 0.313477 0.83667 0.314697 0.839111 0.295654 0.842773 0.314697 0.839111 0.318848 0.851318 0.313232 0.851807 0.314697 0.839111 0.313232 0.851807 0.295654 0.842773 0.295654 0.842773 0.313232 0.851807 0.308594 0.852539 0.295654 0.842773 0.308594 0.852539 0.305908 0.855713 0.67041 0.76123 0.700195 0.773682 0.675049 0.768311 0.675049 0.768311 0.700195 0.773682 0.690674 0.808594 0.67041 0.76123 0.675049 0.768311 0.666992 0.792969 0.675049 0.768311 0.690674 0.808594 0.672119 0.805664 0.675049 0.768311 0.672119 0.805664 0.666992 0.792969 0.672119 0.805664 0.690674 0.808594 0.688965 0.8125 0.690674 0.808594 0.688965 0.8125 0.693359 0.805908 0.666992 0.792969 0.672119 0.805664 0.664307 0.805908 0.666992 0.792969 0.664307 0.805908 0.662109 0.794189 0.672119 0.805664 0.688965 0.8125 0.664551 0.807617 0.672119 0.805664 0.664551 0.807617 0.664307 0.805908 0.662109 0.794189 0.664307 0.805908 0.648193 0.796631 0.662109 0.794189 0.648193 0.796631 0.654053 0.791016 0.648193 0.796631 0.664307 0.805908 0.664551 0.807617 0.664551 0.807617 0.688965 0.8125 0.695313 0.833008 0.648193 0.796631 0.664551 0.807617 0.636475 0.845947 0.664551 0.807617 0.695313 0.833008 0.651123 0.851807 0.664551 0.807617 0.651123 0.851807 0.636475 0.845947 0.651123 0.851807 0.695313 0.833008 0.721436 0.88916 0.651123 0.851807 0.721436 0.88916 0.701416 0.885986 0.636475 0.845947 0.651123 0.851807 0.645508 0.85791 0.645508 0.85791 0.651123 0.851807 0.701416 0.885986 0.636475 0.845947 0.645508 0.85791 0.60376 0.859131 0.60376 0.859131 0.645508 0.85791 0.601318 0.888184 0.601318 0.888184 0.645508 0.85791 0.624512 0.880371 0.624512 0.880371 0.645508 0.85791 0.701416 0.885986 0.624512 0.880371 0.701416 0.885986 0.641357 0.892578 0.759033 0.446045 0.776855 0.442383 0.758301 0.45166 0.759033 0.446045 0.758301 0.45166 0.757324 0.446777 0.759033 0.446045 0.757324 0.446777 0.743896 0.419678 0.743896 0.419678 0.757324 0.446777 0.74292 0.424561 0.757324 0.446777 0.758301 0.45166 0.74292 0.436279 0.757324 0.446777 0.74292 0.436279 0.74292 0.424561 0.74292 0.436279 0.758301 0.45166 0.740479 0.471436 0.74292 0.424561 0.74292 0.436279 0.679443 0.463135 0.679443 0.463135 0.74292 0.436279 0.740479 0.471436 0.74292 0.424561 0.679443 0.463135 0.690674 0.432861 0.74292 0.424561 0.690674 0.432861 0.742676 0.414307 0.742676 0.414307 0.690674 0.432861 0.716797 0.403564 0.716797 0.403564 0.690674 0.432861 0.675049 0.391846 0.679443 0.463135 0.740479 0.471436 0.668213 0.516602 0.772217 0.479492 0.740479 0.471436 0.758301 0.45166 0.668213 0.516602 0.740479 0.471436 0.710449 0.508301 0.740479 0.471436 0.772217 0.479492 0.745605 0.480469 0.710449 0.508301 0.740479 0.471436 0.739502 0.485107 0.739502 0.485107 0.740479 0.471436 0.745605 0.480469 0.710449 0.508301 0.739502 0.485107 0.725586 0.502686 0.745605 0.480469 0.772217 0.479492 0.786377 0.502441 0.725586 0.502686 0.739502 0.485107 0.747559 0.487793 0.747559 0.487793 0.739502 0.485107 0.745605 0.480469 0.725586 0.502686 0.747559 0.487793 0.743652 0.492432 0.747559 0.487793 0.743652 0.492432 0.751465 0.502197 0.751465 0.502197 0.747559 0.487793 0.769531 0.512207 0.745605 0.480469 0.786377 0.502441 0.757324 0.492188 0.745605 0.480469 0.757324 0.492188 0.747559 0.487793 0.747559 0.487793 0.757324 0.492188 0.769531 0.512207 0.757324 0.492188 0.786377 0.502441 0.787109 0.510254 0.757324 0.492188 0.787109 0.510254 0.769531 0.512207 0.2229 0.816895 0.158447 0.818115 0.172119 0.805176 0.172119 0.805176 0.158447 0.818115 0.165283 0.797363 0.165283 0.797363 0.158447 0.818115 0.156982 0.819336 0.156982 0.819336 0.158447 0.818115 0.168213 0.824951 0.165283 0.797363 0.156982 0.819336 0.118408 0.812744 0.118408 0.812744 0.156982 0.819336 0.139404 0.829102 0.118408 0.812744 0.139404 0.829102 0.089355 0.861084 0.165283 0.797363 0.118408 0.812744 0.093262 0.747314 0.165283 0.797363 0.093262 0.747314 0.148926 0.780762 0.948486 0.063477 0.976563 0.068359 0.932861 0.069336 0.145508 0.00415 0.178467 0.00415 0.165771 0.008545 0.178467 0.00415 0.145508 0.00415 0.181885 0.003174 0.181885 0.003174 0.145508 0.00415 0.127441 0.003174 0.451416 0.22168 0.428711 0.197021 0.464844 0.218262 0.451416 0.22168 0.464844 0.218262 0.454102 0.251709 0.464844 0.218262 0.428711 0.197021 0.465576 0.215576 0.465576 0.215576 0.464844 0.218262 0.470215 0.21167 0.464844 0.218262 0.470215 0.21167 0.532227 0.197266 0.687988 0.196533 0.626465 0.192627 0.627197 0.188965 0.62793 0.208008 0.595947 0.22583 0.626465 0.192627 0.626465 0.192627 0.595947 0.22583 0.614502 0.194092 0.626465 0.192627 0.614502 0.194092 0.627197 0.188965 0.627197 0.188965 0.614502 0.194092 0.600586 0.18042 0.687988 0.196533 0.627197 0.188965 0.638916 0.185791 0.687988 0.196533 0.638916 0.185791 0.677002 0.187744 0.677002 0.187744 0.638916 0.185791 0.644775 0.181152 0.627197 0.188965 0.600586 0.18042 0.621826 0.180664 0.627197 0.188965 0.621826 0.180664 0.638916 0.185791 0.621826 0.180664 0.600586 0.18042 0.603027 0.172852 0.644775 0.181152 0.638916 0.185791 0.626709 0.176025 0.626709 0.176025 0.638916 0.185791 0.621826 0.180664 0.644775 0.181152 0.626709 0.176025 0.630615 0.171143 0.630615 0.171143 0.626709 0.176025 0.62793 0.172607 0.626709 0.176025 0.621826 0.180664 0.62085 0.17749 0.62085 0.17749 0.621826 0.180664 0.603027 0.172852 0.626709 0.176025 0.62085 0.17749 0.609619 0.169434 0.609619 0.169434 0.62085 0.17749 0.603027 0.172852 0.626709 0.176025 0.609619 0.169434 0.62793 0.172607 0.609619 0.169434 0.603027 0.172852 0.596191 0.173584 0.62793 0.172607 0.609619 0.169434 0.595703 0.148926 0.62793 0.172607 0.595703 0.148926 0.627197 0.168457 0.435059 0.942871 0.406494 0.933105 0.383057 0.891602 0.374756 0.93335 0.362549 0.917969 0.406494 0.933105 0.406494 0.933105 0.362549 0.917969 0.376953 0.905029 0.406494 0.933105 0.376953 0.905029 0.383057 0.891602 0.376953 0.905029 0.362549 0.917969 0.358887 0.915039 0.383057 0.891602 0.376953 0.905029 0.374756 0.899658 0.374756 0.899658 0.376953 0.905029 0.358887 0.915039 0.383057 0.891602 0.374756 0.899658 0.380371 0.890869 0.374756 0.899658 0.358887 0.915039 0.358887 0.910156 0.374756 0.899658 0.358887 0.910156 0.380371 0.890869 0.380371 0.890869 0.383057 0.891602 0.369141 0.875 0.369141 0.875 0.380371 0.890869 0.358887 0.910156 0.383057 0.891602 0.369141 0.875 0.37085 0.874268 0.383057 0.891602 0.37085 0.874268 0.390137 0.84668 0.390137 0.84668 0.37085 0.874268 0.363037 0.867188 0.363037 0.867188 0.37085 0.874268 0.366211 0.873535 0.366211 0.873535 0.37085 0.874268 0.369141 0.875 0.363037 0.867188 0.366211 0.873535 0.345703 0.862549 0.369141 0.875 0.358887 0.910156 0.347656 0.894531 0.369141 0.875 0.347656 0.894531 0.366211 0.873535 0.347656 0.894531 0.358887 0.910156 0.358887 0.915039 0.345703 0.862549 0.366211 0.873535 0.354248 0.876221 0.347656 0.894531 0.358887 0.915039 0.340332 0.893555 0.347656 0.894531 0.340332 0.893555 0.366211 0.873535 0.366211 0.873535 0.340332 0.893555 0.354248 0.876221 0.354248 0.876221 0.340332 0.893555 0.345703 0.862549 0.340332 0.893555 0.358887 0.915039 0.355225 0.91626 0.345703 0.862549 0.340332 0.893555 0.306885 0.89502 0.340332 0.893555 0.355225 0.91626 0.318359 0.929688 0.306885 0.89502 0.340332 0.893555 0.307373 0.934326 0.307373 0.934326 0.340332 0.893555 0.318359 0.929688 0.395996 0.732666 0.340576 0.747559 0.25 0.730957 0.096924 0.003174 0.077881 0.006592 0.045898 0.003418 0.494873 0.748779 0.348389 0.752686 0.402588 0.737061 0.494873 0.748779 0.402588 0.737061 0.489746 0.742432 0.489746 0.742432 0.402588 0.737061 0.405273 0.730713 0.441406 0.308594 0.494141 0.303467 0.541016 0.304443 0.541016 0.304443 0.494141 0.303467 0.530762 0.302246 0.530762 0.302246 0.494141 0.303467 0.524658 0.301514 0.530762 0.302246 0.524658 0.301514 0.559326 0.273926 0.530762 0.302246 0.559326 0.273926 0.541016 0.304443 0.559326 0.273926 0.524658 0.301514 0.53125 0.260986 0.541016 0.304443 0.559326 0.273926 0.563477 0.272705 0.541016 0.304443 0.563477 0.272705 0.572998 0.28418 0.541016 0.304443 0.572998 0.28418 0.581055 0.358154 0.581055 0.358154 0.572998 0.28418 0.578369 0.287842 0.804932 0.709961 0.794189 0.67041 0.804932 0.63916 0.804932 0.709961 0.804932 0.63916 0.806396 0.710938 0.794189 0.67041 0.804932 0.709961 0.796631 0.709717 0.796631 0.709717 0.804932 0.709961 0.807861 0.750732 0.796631 0.709717 0.807861 0.750732 0.780518 0.709961 0.796631 0.709717 0.780518 0.709961 0.794189 0.67041 0.794189 0.67041 0.780518 0.709961 0.763184 0.664551 0.763184 0.664551 0.780518 0.709961 0.756592 0.698486 0.756592 0.698486 0.780518 0.709961 0.747314 0.715576 0.763184 0.664551 0.756592 0.698486 0.746582 0.660156 0.842285 0.356445 0.843994 0.354736 0.854004 0.38501 0.842285 0.356445 0.854004 0.38501 0.849854 0.382568 0.842285 0.356445 0.849854 0.382568 0.825195 0.360596 0.825195 0.360596 0.849854 0.382568 0.812744 0.403809 0.849854 0.382568 0.854004 0.38501 0.817139 0.40625 0.849854 0.382568 0.817139 0.40625 0.812744 0.403809 0.817139 0.40625 0.854004 0.38501 0.855713 0.407471 0.812744 0.403809 0.817139 0.40625 0.760254 0.435547 0.691406 0.546387 0.722168 0.5979 0.702393 0.566406 0.722168 0.5979 0.691406 0.546387 0.73999 0.569336 0.702393 0.566406 0.722168 0.5979 0.720459 0.598389 0.702393 0.566406 0.720459 0.598389 0.699219 0.597168 0.699219 0.597168 0.720459 0.598389 0.645508 0.635498 0.645508 0.635498 0.720459 0.598389 0.691406 0.625732 0.691406 0.625732 0.720459 0.598389 0.722168 0.5979 0.691406 0.625732 0.722168 0.5979 0.729248 0.604736 0.722168 0.5979 0.73999 0.569336 0.731934 0.599121 0.722168 0.5979 0.731934 0.599121 0.729248 0.604736 0.731934 0.599121 0.73999 0.569336 0.736572 0.604004 0.731934 0.599121 0.736572 0.604004 0.729248 0.604736 0.736572 0.604004 0.73999 0.569336 0.765381 0.53418 0.729248 0.604736 0.736572 0.604004 0.770508 0.655518 0.736572 0.604004 0.765381 0.53418 0.767822 0.533691 0.770508 0.655518 0.736572 0.604004 0.738281 0.604248 0.738281 0.604248 0.736572 0.604004 0.767822 0.533691 0.865967 0.483398 0.874023 0.497803 0.824951 0.430664 0.824951 0.430664 0.874023 0.497803 0.812012 0.432861 0.812012 0.432861 0.874023 0.497803 0.854248 0.504639 0.865967 0.483398 0.824951 0.430664 0.82373 0.411621 0.865967 0.483398 0.82373 0.411621 0.865234 0.472656 0.865234 0.472656 0.82373 0.411621 0.875732 0.420166 0.652588 0.476807 0.627441 0.471924 0.642822 0.469482 0.652588 0.476807 0.642822 0.469482 0.669189 0.469971 0.627441 0.471924 0.652588 0.476807 0.624756 0.48291 0.624756 0.48291 0.652588 0.476807 0.654785 0.497803 0.669189 0.469971 0.642822 0.469482 0.661133 0.467285 0.669189 0.469971 0.661133 0.467285 0.672363 0.461182 0.624756 0.48291 0.654785 0.497803 0.625 0.484619 0.625 0.484619 0.654785 0.497803 0.663086 0.509766 0.625 0.484619 0.663086 0.509766 0.615234 0.486328 0.625 0.484619 0.615234 0.486328 0.624756 0.48291 0.672363 0.461182 0.661133 0.467285 0.651855 0.453125 0.672363 0.461182 0.651855 0.453125 0.655029 0.447754 0.642822 0.467773 0.661133 0.467285 0.642822 0.469482 0.661133 0.467285 0.642822 0.467773 0.651855 0.453125 0.655029 0.447754 0.651855 0.453125 0.654297 0.444824 0.651855 0.453125 0.654297 0.444824 0.642822 0.467773 0.655029 0.447754 0.654297 0.444824 0.660889 0.445313 0.642822 0.467773 0.642822 0.469482 0.624756 0.464111 0.624756 0.464111 0.642822 0.469482 0.627441 0.471924 0.654297 0.444824 0.642822 0.467773 0.621826 0.448975 0.621826 0.448975 0.642822 0.467773 0.624756 0.464111 0.624756 0.464111 0.627441 0.471924 0.610596 0.456055 0.610596 0.456055 0.627441 0.471924 0.624756 0.48291 0.621826 0.448975 0.624756 0.464111 0.613037 0.438721 0.613037 0.438721 0.624756 0.464111 0.610596 0.456055 0.654297 0.444824 0.621826 0.448975 0.61499 0.428711 0.61499 0.428711 0.621826 0.448975 0.613037 0.438721 0.654297 0.444824 0.61499 0.428711 0.631104 0.418213 0.654297 0.444824 0.631104 0.418213 0.641357 0.413818 0.641357 0.413818 0.631104 0.418213 0.63501 0.407715 0.641357 0.413818 0.63501 0.407715 0.641846 0.391602 0.63501 0.407715 0.631104 0.418213 0.629395 0.408691 0.629395 0.408691 0.631104 0.418213 0.61499 0.428711 0.63501 0.407715 0.629395 0.408691 0.634277 0.39917 0.629395 0.408691 0.61499 0.428711 0.612549 0.426025 0.61499 0.428711 0.612549 0.426025 0.613037 0.438721 0.629395 0.408691 0.612549 0.426025 0.612793 0.374268 0.612793 0.374268 0.612549 0.426025 0.592041 0.401367 0.592041 0.401367 0.612549 0.426025 0.613037 0.438721 0.592041 0.401367 0.613037 0.438721 0.601074 0.454346 0.601074 0.454346 0.613037 0.438721 0.610596 0.456055 0.592041 0.401367 0.601074 0.454346 0.600098 0.458984 0.592041 0.401367 0.600098 0.458984 0.587646 0.397949 0.601074 0.454346 0.610596 0.456055 0.607178 0.463867 0.601074 0.454346 0.607178 0.463867 0.600098 0.458984 0.607178 0.463867 0.610596 0.456055 0.624756 0.48291 0.587646 0.397949 0.600098 0.458984 0.592529 0.457031 0.592529 0.457031 0.600098 0.458984 0.595459 0.463135 0.607178 0.463867 0.624756 0.48291 0.60791 0.470703 0.607178 0.463867 0.60791 0.470703 0.600098 0.458984 0.60791 0.470703 0.624756 0.48291 0.615234 0.486328 0.595459 0.463135 0.600098 0.458984 0.60083 0.473877 0.60083 0.473877 0.600098 0.458984 0.60791 0.470703 0.595459 0.463135 0.60083 0.473877 0.586426 0.478271 0.60791 0.470703 0.615234 0.486328 0.612793 0.486328 0.60791 0.470703 0.612793 0.486328 0.60083 0.473877 0.60083 0.473877 0.612793 0.486328 0.586426 0.478271 0.612793 0.486328 0.615234 0.486328 0.601563 0.514404 0.586426 0.478271 0.612793 0.486328 0.585693 0.479492 0.796387 0.234375 0.728516 0.253662 0.759521 0.220703 0.796387 0.234375 0.759521 0.220703 0.802734 0.21875 0.796387 0.234375 0.802734 0.21875 0.827637 0.248779 0.827637 0.248779 0.802734 0.21875 0.833008 0.241211 0.833008 0.241211 0.802734 0.21875 0.824707 0.214355 0.824707 0.214355 0.802734 0.21875 0.82373 0.209229 0.82373 0.209229 0.802734 0.21875 0.759521 0.220703 0.82373 0.209229 0.759521 0.220703 0.741943 0.19873 0.82373 0.209229 0.741943 0.19873 0.834473 0.197998 0.603027 0.057373 0.599121 0.06543 0.581543 0.057617 0.603027 0.057373 0.581543 0.057617 0.612549 0.047607 0.612549 0.047607 0.581543 0.057617 0.551514 0.031738 0.581543 0.057617 0.551514 0.031738 0.564209 0.050537 0.551514 0.031738 0.564209 0.050537 0.537598 0.053955 0.564209 0.050537 0.537598 0.053955 0.547852 0.055908 0.564209 0.050537 0.581543 0.057617 0.584473 0.064941 0.584473 0.064941 0.581543 0.057617 0.599121 0.06543 0.564209 0.050537 0.584473 0.064941 0.547852 0.055908 0.584473 0.064941 0.599121 0.06543 0.570801 0.072021 0.584473 0.064941 0.570801 0.072021 0.547852 0.055908 0.570801 0.072021 0.599121 0.06543 0.619385 0.071045 0.547852 0.055908 0.570801 0.072021 0.54834 0.094238 0.54834 0.094238 0.547852 0.055908 0.545166 0.078125 0.570801 0.072021 0.619385 0.071045 0.567627 0.079102 0.570801 0.072021 0.567627 0.079102 0.54834 0.094238 0.567627 0.079102 0.619385 0.071045 0.612549 0.07666 0.54834 0.094238 0.567627 0.079102 0.550781 0.096924 0.094971 0.104492 0.148438 0.112549 0.11377 0.113037 0.148438 0.112549 0.094971 0.104492 0.182129 0.105957 0.373047 0.991211 0.337158 0.992188 0.36377 0.990234 0.36377 0.990234 0.337158 0.992188 0.256348 0.992188 0.921387 0.502441 0.923828 0.582275 0.921387 0.549072 0.921387 0.502441 0.921387 0.549072 0.919922 0.510742 0.136475 0.072021 0.135498 0.067139 0.181641 0.039795 0.136475 0.072021 0.181641 0.039795 0.201416 0.03833 0.136475 0.072021 0.201416 0.03833 0.200439 0.075684 0.70874 0.24707 0.637451 0.247803 0.601318 0.244629 0.70874 0.24707 0.601318 0.244629 0.659668 0.241211 0.813232 0.619385 0.88501 0.619385 0.813965 0.62085 0.813965 0.62085 0.88501 0.619385 0.88916 0.62085 0.682861 0.333008 0.707031 0.305908 0.682861 0.315918 0.682861 0.315918 0.682861 0.333008 0.676514 0.387451 0.707031 0.305908 0.682861 0.315918 0.710693 0.296143 0.710693 0.296143 0.682861 0.315918 0.677734 0.307617 0.677734 0.307617 0.682861 0.315918 0.640625 0.265137 0.023926 0.722656 0.0271 0.818359 0.022461 0.779541 0.022461 0.779541 0.0271 0.818359 0.020264 0.818848 0.931885 0.006836 0.932373 0.019531 0.924805 0.0271 0.924805 0.0271 0.932373 0.019531 0.933594 0.038086 0.606689 0.785889 0.55127 0.786377 0.583252 0.717529 0.606689 0.785889 0.583252 0.717529 0.624268 0.765869 0.624268 0.765869 0.583252 0.717529 0.628174 0.715576 0.624268 0.765869 0.628174 0.715576 0.63208 0.743408 0.624268 0.765869 0.63208 0.743408 0.63208 0.77002 0.63208 0.77002 0.63208 0.743408 0.638916 0.758301 0.63208 0.77002 0.638916 0.758301 0.64624 0.762207 0.638916 0.758301 0.63208 0.743408 0.637695 0.736816 0.637695 0.736816 0.63208 0.743408 0.628174 0.715576 0.64624 0.762207 0.638916 0.758301 0.645508 0.751221 0.645508 0.751221 0.638916 0.758301 0.637695 0.736816 0.659668 0.77002 0.64624 0.762207 0.664551 0.771973 0.664551 0.771973 0.64624 0.762207 0.649414 0.741211 0.649414 0.741211 0.64624 0.762207 0.645508 0.751221 0.664551 0.771973 0.649414 0.741211 0.65332 0.714355 0.649414 0.741211 0.645508 0.751221 0.64624 0.734863 0.649414 0.741211 0.64624 0.734863 0.65332 0.714355 0.64624 0.734863 0.645508 0.751221 0.637695 0.736816 0.64624 0.734863 0.637695 0.736816 0.64917 0.712158 0.64624 0.734863 0.64917 0.712158 0.65332 0.714355 0.64917 0.712158 0.637695 0.736816 0.628174 0.715576 0.65332 0.714355 0.64917 0.712158 0.648193 0.701172 0.65332 0.714355 0.648193 0.701172 0.653564 0.694336 0.653564 0.694336 0.648193 0.701172 0.636963 0.688232 0.648193 0.701172 0.64917 0.712158 0.632568 0.687988 0.648193 0.701172 0.632568 0.687988 0.636963 0.688232 0.64917 0.712158 0.628174 0.715576 0.621582 0.700684 0.64917 0.712158 0.621582 0.700684 0.632568 0.687988 0.621582 0.700684 0.628174 0.715576 0.615967 0.705322 0.615967 0.705322 0.628174 0.715576 0.583252 0.717529 0.615967 0.705322 0.583252 0.717529 0.577881 0.699463 0.615967 0.705322 0.577881 0.699463 0.5896 0.692627 0.621582 0.700684 0.615967 0.705322 0.611084 0.690918 0.611084 0.690918 0.615967 0.705322 0.5896 0.692627 0.621582 0.700684 0.611084 0.690918 0.632568 0.687988 0.611084 0.690918 0.5896 0.692627 0.595459 0.683594 0.611084 0.690918 0.595459 0.683594 0.61499 0.678955 0.611084 0.690918 0.61499 0.678955 0.632568 0.687988 0.61499 0.678955 0.595459 0.683594 0.598145 0.675537 0.632568 0.687988 0.61499 0.678955 0.62085 0.677734 0.62085 0.677734 0.61499 0.678955 0.598145 0.675537 0.632568 0.687988 0.62085 0.677734 0.636963 0.688232 0.62085 0.677734 0.598145 0.675537 0.586182 0.665039 0.636963 0.688232 0.62085 0.677734 0.636719 0.675537 0.636719 0.675537 0.62085 0.677734 0.586182 0.665039 0.636719 0.675537 0.586182 0.665039 0.5979 0.649658 0.636719 0.675537 0.5979 0.649658 0.636963 0.659668 0.636963 0.659668 0.5979 0.649658 0.602051 0.645996 0.636963 0.659668 0.602051 0.645996 0.639893 0.652832 0.971436 0.422607 0.980469 0.426025 0.980713 0.436279 0.971436 0.422607 0.980713 0.436279 0.969727 0.437744 0.980713 0.436279 0.980469 0.426025 0.990723 0.43457 0.990723 0.43457 0.980469 0.426025 0.999023 0.42041 0.980713 0.436279 0.990723 0.43457 0.99585 0.441895 0.980713 0.436279 0.99585 0.441895 0.97876 0.451904 0.980713 0.436279 0.97876 0.451904 0.969727 0.437744 0.969727 0.437744 0.97876 0.451904 0.966064 0.44043 0.966064 0.44043 0.97876 0.451904 0.973145 0.459473 0.966064 0.44043 0.973145 0.459473 0.962402 0.443115 0.92334 0.080811 0.919678 0.111084 0.850586 0.105225 0.710449 0.016602 0.709961 0.006592 0.718018 0.005615 0.710449 0.016602 0.718018 0.005615 0.721191 0.020996 0.710449 0.016602 0.721191 0.020996 0.710693 0.02832 0.710449 0.016602 0.710693 0.02832 0.702393 0.023682 0.709961 0.006592 0.710449 0.016602 0.700195 0.015137 0.700195 0.015137 0.710449 0.016602 0.702393 0.023682 0.709961 0.006592 0.700195 0.015137 0.699951 0.002441 0.700195 0.015137 0.702393 0.023682 0.698975 0.025879 0.699951 0.002441 0.700195 0.015137 0.695801 0.009766 0.700195 0.015137 0.698975 0.025879 0.6875 0.029053 0.700195 0.015137 0.6875 0.029053 0.695801 0.009766 0.695801 0.009766 0.6875 0.029053 0.682861 0.021973 0.13623 0.047363 0.12915 0.06665 0.120117 0.050537 0.120117 0.050537 0.12915 0.06665 0.108887 0.05957 0.13623 0.047363 0.120117 0.050537 0.128662 0.043213 0.13623 0.047363 0.128662 0.043213 0.13916 0.042236 0.120117 0.050537 0.108887 0.05957 0.113281 0.050293 0.120117 0.050537 0.113281 0.050293 0.128662 0.043213 0.113281 0.050293 0.108887 0.05957 0.098877 0.056641 0.13916 0.042236 0.128662 0.043213 0.130615 0.036133 0.13916 0.042236 0.130615 0.036133 0.141602 0.036133 0.141602 0.036133 0.130615 0.036133 0.129395 0.02124 0.130615 0.036133 0.128662 0.043213 0.120605 0.040039 0.120605 0.040039 0.128662 0.043213 0.113281 0.050293 0.129395 0.02124 0.130615 0.036133 0.118896 0.028809 0.118896 0.028809 0.130615 0.036133 0.120605 0.040039 0.129395 0.02124 0.118896 0.028809 0.119385 0.022461 0.129395 0.02124 0.119385 0.022461 0.119629 0.013916 0.119629 0.013916 0.119385 0.022461 0.103027 0.025146 0.103027 0.025146 0.119385 0.022461 0.118896 0.028809 0.119629 0.013916 0.103027 0.025146 0.095703 0.018066 0.118896 0.028809 0.120605 0.040039 0.106445 0.035889 0.118896 0.028809 0.106445 0.035889 0.103027 0.025146 0.105225 0.04834 0.120605 0.040039 0.113281 0.050293 0.120605 0.040039 0.105225 0.04834 0.106445 0.035889 0.105225 0.04834 0.113281 0.050293 0.098877 0.056641 0.095703 0.018066 0.103027 0.025146 0.095947 0.033936 0.095947 0.033936 0.103027 0.025146 0.106445 0.035889 0.095703 0.018066 0.095947 0.033936 0.08374 0.02417 0.106445 0.035889 0.105225 0.04834 0.09082 0.039551 0.08374 0.02417 0.095947 0.033936 0.09082 0.039551 0.09082 0.039551 0.095947 0.033936 0.106445 0.035889 0.09082 0.039551 0.105225 0.04834 0.098877 0.056641 0.09082 0.039551 0.098877 0.056641 0.088867 0.059082 0.088867 0.059082 0.098877 0.056641 0.092041 0.066406 0.09082 0.039551 0.088867 0.059082 0.078613 0.0625 0.09082 0.039551 0.078613 0.0625 0.071777 0.060059 0.026611 0.351563 0.029053 0.351074 0.023682 0.402344 0.023682 0.402344 0.029053 0.351074 0.043213 0.380615 0.043213 0.380615 0.029053 0.351074 0.046143 0.346191 0.043213 0.380615 0.046143 0.346191 0.050781 0.354248 0.050781 0.354248 0.046143 0.346191 0.050537 0.349121 0.050781 0.354248 0.050537 0.349121 0.054199 0.353271 0.054199 0.353271 0.050537 0.349121 0.053711 0.348633 0.050537 0.349121 0.053711 0.348633 0.046143 0.346191 0.046143 0.346191 0.029053 0.351074 0.041992 0.329102 0.041992 0.329102 0.029053 0.351074 0.030273 0.308594 0.030273 0.308594 0.029053 0.351074 0.027344 0.308594 0.041992 0.329102 0.030273 0.308594 0.04126 0.307373 0.839844 0.966309 0.816406 0.894531 0.844727 0.962646 0.816406 0.894531 0.839844 0.966309 0.816162 0.989258 0.844727 0.962646 0.816406 0.894531 0.823242 0.894043 0.844727 0.962646 0.823242 0.894043 0.852539 0.924805 0.852539 0.924805 0.823242 0.894043 0.839844 0.88501 0.852539 0.924805 0.839844 0.88501 0.855957 0.92334 0.922852 0.472656 0.918945 0.468506 0.923096 0.468018 0.923096 0.468018 0.918945 0.468506 0.923828 0.418457 0.918945 0.468506 0.922852 0.472656 0.907471 0.491455 0.907471 0.491455 0.922852 0.472656 0.91333 0.491943 0.91333 0.491943 0.922852 0.472656 0.928467 0.498779 0.212402 0.91748 0.243896 0.925293 0.216553 0.939697 0.210449 0.917725 0.212402 0.91748 0.202148 0.926514 0.202148 0.926514 0.212402 0.91748 0.216553 0.939697 0.216553 0.939697 0.243896 0.925293 0.229492 0.940918 0.229492 0.940918 0.243896 0.925293 0.248779 0.929199 0.229492 0.940918 0.248779 0.929199 0.24707 0.984619 0.229492 0.940918 0.24707 0.984619 0.226807 0.983398 0.229492 0.940918 0.226807 0.983398 0.206299 0.950928 0.229492 0.940918 0.206299 0.950928 0.216553 0.939697 0.206299 0.950928 0.226807 0.983398 0.203613 0.983887 0.202148 0.926514 0.216553 0.939697 0.202637 0.946289 0.202637 0.946289 0.216553 0.939697 0.206299 0.950928 0.202148 0.926514 0.202637 0.946289 0.188721 0.94043 0.202637 0.946289 0.206299 0.950928 0.200684 0.950928 0.188721 0.94043 0.202637 0.946289 0.186768 0.948486 0.186768 0.948486 0.202637 0.946289 0.200684 0.950928 0.188721 0.94043 0.186768 0.948486 0.1875 0.94043 0.186768 0.948486 0.1875 0.94043 0.181885 0.959229 0.181885 0.959229 0.186768 0.948486 0.181641 0.960205 0.200684 0.950928 0.206299 0.950928 0.199219 0.981689 0.200684 0.950928 0.199219 0.981689 0.186768 0.948486 0.199219 0.981689 0.206299 0.950928 0.203613 0.983887 0.186768 0.948486 0.199219 0.981689 0.181641 0.960205 0.199219 0.981689 0.203613 0.983887 0.201904 0.986084 0.181641 0.960205 0.199219 0.981689 0.180664 0.963135 0.181641 0.960205 0.180664 0.963135 0.180664 0.960449 0.180664 0.960449 0.180664 0.963135 0.131348 0.970215 0.235352 0.373047 0.254639 0.386719 0.233887 0.399902 0.235352 0.373047 0.233887 0.399902 0.230713 0.399902 0.235352 0.373047 0.230713 0.399902 0.205811 0.393311 0.235352 0.373047 0.205811 0.393311 0.227051 0.362061 0.205811 0.393311 0.230713 0.399902 0.219971 0.413574 0.219971 0.413574 0.230713 0.399902 0.209229 0.445068 0.219971 0.413574 0.209229 0.445068 0.207031 0.438721 0.207031 0.438721 0.209229 0.445068 0.223145 0.503906 0.219971 0.413574 0.207031 0.438721 0.2146 0.418457 0.219971 0.413574 0.2146 0.418457 0.205811 0.393311 0.2146 0.418457 0.207031 0.438721 0.191406 0.446777 0.2146 0.418457 0.191406 0.446777 0.176758 0.394531 0.2146 0.418457 0.176758 0.394531 0.205811 0.393311 0.192871 0.380859 0.227051 0.362061 0.205811 0.393311 0.192871 0.380859 0.205811 0.393311 0.176758 0.394531 0.227051 0.362061 0.192871 0.380859 0.220703 0.357666 0.220703 0.357666 0.192871 0.380859 0.196777 0.369873 0.220703 0.357666 0.196777 0.369873 0.214844 0.354248 0.192871 0.380859 0.176758 0.394531 0.18335 0.382813 0.192871 0.380859 0.18335 0.382813 0.196777 0.369873 0.214844 0.354248 0.196777 0.369873 0.194824 0.369141 0.194824 0.369141 0.196777 0.369873 0.18335 0.382813 0.214844 0.354248 0.194824 0.369141 0.200928 0.361084 0.18335 0.382813 0.176758 0.394531 0.163818 0.395996 0.163818 0.395996 0.176758 0.394531 0.16626 0.398193 0.163818 0.395996 0.16626 0.398193 0.151367 0.394287 0.18335 0.382813 0.163818 0.395996 0.173584 0.38501 0.18335 0.382813 0.173584 0.38501 0.194824 0.369141 0.173584 0.38501 0.163818 0.395996 0.15625 0.39502 0.173584 0.38501 0.15625 0.39502 0.153564 0.394531 0.194824 0.369141 0.173584 0.38501 0.174316 0.37915 0.174316 0.37915 0.173584 0.38501 0.153564 0.394531 0.194824 0.369141 0.174316 0.37915 0.200928 0.361084 0.174316 0.37915 0.153564 0.394531 0.140625 0.388672 0.174316 0.37915 0.140625 0.388672 0.166016 0.377686 0.174316 0.37915 0.166016 0.377686 0.200928 0.361084 0.200928 0.361084 0.166016 0.377686 0.199463 0.347412 0.199463 0.347412 0.166016 0.377686 0.134277 0.352539 0.14502 0.698242 0.142822 0.688477 0.213623 0.638428 0.142822 0.688477 0.14502 0.698242 0.127686 0.68042 0.127686 0.68042 0.14502 0.698242 0.124512 0.682129 0.124512 0.682129 0.14502 0.698242 0.143066 0.698975 0.143066 0.698975 0.14502 0.698242 0.135498 0.752441 0.143066 0.698975 0.135498 0.752441 0.138916 0.699463 0.954834 0.840088 0.929932 0.830566 0.896729 0.801758 0.407471 0.450928 0.414307 0.489014 0.400391 0.489258 0.400391 0.489258 0.414307 0.489014 0.409668 0.492188 0.409668 0.492188 0.414307 0.489014 0.415527 0.493164 0.415527 0.493164 0.414307 0.489014 0.452637 0.510742 0.400391 0.489258 0.409668 0.492188 0.393066 0.495117 0.400391 0.489258 0.393066 0.495117 0.381592 0.497559 0.393066 0.495117 0.409668 0.492188 0.39209 0.530762 0.381592 0.497559 0.393066 0.495117 0.368652 0.512451 0.368652 0.512451 0.393066 0.495117 0.39209 0.530762 0.381592 0.497559 0.368652 0.512451 0.368164 0.510498 0.415527 0.493164 0.452637 0.510742 0.414307 0.524902 0.414307 0.524902 0.452637 0.510742 0.439941 0.533691 0.414307 0.524902 0.439941 0.533691 0.419434 0.550293 0.411377 0.524902 0.409668 0.492188 0.415527 0.493164 0.411377 0.524902 0.415527 0.493164 0.414307 0.524902 0.409668 0.492188 0.411377 0.524902 0.39209 0.530762 0.414307 0.524902 0.419434 0.550293 0.410645 0.52832 0.414307 0.524902 0.410645 0.52832 0.411377 0.524902 0.411377 0.524902 0.410645 0.52832 0.39209 0.530762 0.410645 0.52832 0.419434 0.550293 0.415039 0.552246 0.410645 0.52832 0.415039 0.552246 0.392334 0.535156 0.410645 0.52832 0.392334 0.535156 0.39209 0.530762 0.392334 0.535156 0.415039 0.552246 0.404541 0.559082 0.373779 0.537598 0.368652 0.512451 0.39209 0.530762 0.373779 0.537598 0.39209 0.530762 0.392334 0.535156 0.368652 0.512451 0.373779 0.537598 0.362305 0.516357 0.392334 0.535156 0.404541 0.559082 0.398926 0.564697 0.373779 0.537598 0.392334 0.535156 0.373047 0.541748 0.362305 0.516357 0.373779 0.537598 0.369629 0.542725 0.369629 0.542725 0.373779 0.537598 0.373047 0.541748 0.373047 0.541748 0.392334 0.535156 0.372803 0.564453 0.373047 0.541748 0.372803 0.564453 0.369629 0.542725 0.372803 0.564453 0.392334 0.535156 0.398926 0.564697 0.362305 0.516357 0.369629 0.542725 0.361328 0.54834 0.362305 0.516357 0.361328 0.54834 0.357666 0.535645 0.357666 0.535645 0.361328 0.54834 0.316895 0.537842 0.316895 0.537842 0.361328 0.54834 0.346436 0.546631 0.361328 0.54834 0.369629 0.542725 0.366211 0.561035 0.366211 0.561035 0.369629 0.542725 0.372803 0.564453 0.346436 0.546631 0.361328 0.54834 0.361816 0.552002 0.361816 0.552002 0.361328 0.54834 0.366211 0.561035 0.346436 0.546631 0.361816 0.552002 0.327393 0.542725 0.327393 0.542725 0.361816 0.552002 0.349609 0.556152 0.349609 0.556152 0.361816 0.552002 0.363281 0.560547 0.363281 0.560547 0.361816 0.552002 0.366211 0.561035 0.366211 0.561035 0.372803 0.564453 0.374512 0.594727 0.366211 0.561035 0.374512 0.594727 0.342041 0.596924 0.342041 0.596924 0.374512 0.594727 0.343994 0.612061 0.374512 0.594727 0.372803 0.564453 0.398926 0.564697 0.343994 0.612061 0.374512 0.594727 0.370117 0.605469 0.374512 0.594727 0.398926 0.564697 0.396484 0.602783 0.374512 0.594727 0.396484 0.602783 0.370117 0.605469 0.396484 0.602783 0.398926 0.564697 0.407715 0.624512 0.407715 0.624512 0.398926 0.564697 0.420166 0.649902 0.420166 0.649902 0.398926 0.564697 0.446533 0.672119 0.370117 0.605469 0.396484 0.602783 0.396484 0.604248 0.370117 0.605469 0.396484 0.604248 0.366211 0.609131 0.366211 0.609131 0.396484 0.604248 0.394531 0.60791 0.366211 0.609131 0.394531 0.60791 0.347656 0.627441 0.931641 0.421387 0.93042 0.481201 0.927734 0.459961 0.93042 0.481201 0.931641 0.421387 0.961914 0.488037 0.961914 0.488037 0.931641 0.421387 0.961426 0.455811 0.77417 0.522461 0.712158 0.517578 0.723877 0.51709 0.712158 0.517578 0.77417 0.522461 0.661377 0.522217 0.076416 0.957275 0.076172 0.956787 0.182861 0.935547 0.182861 0.935547 0.076172 0.956787 0.075684 0.955078 0.076416 0.957275 0.182861 0.935547 0.182129 0.936279 0.076416 0.957275 0.182129 0.936279 0.077148 0.974121 0.598633 0.351074 0.651855 0.305664 0.669434 0.317383 0.598633 0.351074 0.669434 0.317383 0.655518 0.385742 0.651855 0.305664 0.598633 0.351074 0.592285 0.308105 0.651855 0.305664 0.592285 0.308105 0.595215 0.302979 0.651855 0.305664 0.595215 0.302979 0.649658 0.30127 0.649658 0.30127 0.595215 0.302979 0.598877 0.282959 0.649658 0.30127 0.598877 0.282959 0.6521 0.293945 0.6521 0.293945 0.598877 0.282959 0.652832 0.290039 0.652832 0.290039 0.598877 0.282959 0.553223 0.260986 0.108154 0.984619 0.025146 0.988525 0.024658 0.984375 0.108154 0.984619 0.024658 0.984375 0.097412 0.97998 0.025146 0.988525 0.108154 0.984619 0.045654 0.987793 0.045654 0.987793 0.108154 0.984619 0.107178 0.985107 0.045654 0.987793 0.107178 0.985107 0.083984 0.996582 0.239746 0.161377 0.261719 0.159912 0.262207 0.160645 0.261719 0.159912 0.239746 0.161377 0.217529 0.151611 0.261719 0.159912 0.217529 0.151611 0.218018 0.143066 0.261719 0.159912 0.218018 0.143066 0.262939 0.151855 0.262939 0.151855 0.218018 0.143066 0.260986 0.141846 0.262939 0.151855 0.260986 0.141846 0.310547 0.122314 0.260986 0.141846 0.218018 0.143066 0.227295 0.128662 0.310547 0.122314 0.260986 0.141846 0.265625 0.130859 0.260986 0.141846 0.227295 0.128662 0.237061 0.120117 0.260986 0.141846 0.237061 0.120117 0.265625 0.130859 0.168701 0.131836 0.195068 0.120605 0.169189 0.133545 0.168701 0.131836 0.169189 0.133545 0.125488 0.130615 0.195068 0.120605 0.168701 0.131836 0.196289 0.118164 0.169189 0.133545 0.195068 0.120605 0.214355 0.158447 0.214355 0.158447 0.195068 0.120605 0.196289 0.118164 0.004883 0.186768 0.018799 0.130371 0.025635 0.128906 0.004883 0.186768 0.025635 0.128906 0.043457 0.123291 0.043457 0.123291 0.025635 0.128906 0.003906 0.104492 0.043457 0.123291 0.003906 0.104492 0.044678 0.119873 0.043457 0.123291 0.044678 0.119873 0.091553 0.110107 0.091553 0.110107 0.044678 0.119873 0.056152 0.105469 0.754883 0.052002 0.682861 0.052002 0.731689 0.044189 0.494629 0.24292 0.577148 0.239258 0.602539 0.239258 0.577148 0.239258 0.494629 0.24292 0.546387 0.23999 0.487305 0.248535 0.596924 0.248535 0.490479 0.256348 0.241699 0.003906 0.186523 0.00708 0.19751 0.003906 0.186523 0.00708 0.241699 0.003906 0.208496 0.007813 0.099609 0.55542 0.102051 0.566895 0.10498 0.620117 0.099609 0.55542 0.10498 0.620117 0.102783 0.619873 0.102783 0.619873 0.10498 0.620117 0.102295 0.623047 0.102783 0.619873 0.102295 0.623047 0.085449 0.624512 0.102295 0.623047 0.10498 0.620117 0.110107 0.618408 0.085449 0.624512 0.102295 0.623047 0.087402 0.634521 0.102295 0.623047 0.110107 0.618408 0.111816 0.634277 0.087402 0.634521 0.102295 0.623047 0.10498 0.634766 0.10498 0.634766 0.102295 0.623047 0.111816 0.634277 0.087402 0.634521 0.10498 0.634766 0.104004 0.671387 0.087402 0.634521 0.104004 0.671387 0.087402 0.671631 0.087402 0.671631 0.104004 0.671387 0.086182 0.675781 0.086182 0.675781 0.104004 0.671387 0.106201 0.674316 0.104004 0.671387 0.10498 0.634766 0.109619 0.671143 0.109619 0.671143 0.10498 0.634766 0.111816 0.634277 0.104004 0.671387 0.109619 0.671143 0.106201 0.674316 0.109619 0.671143 0.111816 0.634277 0.140625 0.676025 0.109619 0.671143 0.140625 0.676025 0.106201 0.674316 0.917969 0.942383 0.967773 0.942383 0.965088 0.950439 0.852539 0.030518 0.852539 0.016602 0.896973 0.027832 0.735596 0.895264 0.736084 0.875 0.741211 0.854492 0.736084 0.875 0.735596 0.895264 0.733887 0.898682 0.735596 0.895264 0.741211 0.854492 0.745117 0.881592 0.733887 0.898682 0.735596 0.895264 0.733643 0.900879 0.733887 0.898682 0.733643 0.900879 0.733643 0.898193 0.733643 0.898193 0.733643 0.900879 0.727295 0.895508 0.733643 0.900879 0.735596 0.895264 0.736328 0.900879 0.736328 0.900879 0.735596 0.895264 0.745117 0.881592 0.727295 0.895508 0.733643 0.900879 0.724365 0.910889 0.724365 0.910889 0.733643 0.900879 0.736328 0.900879 0.727295 0.895508 0.724365 0.910889 0.706543 0.893799 0.706543 0.893799 0.724365 0.910889 0.704346 0.938721 0.736328 0.900879 0.745117 0.881592 0.738037 0.90332 0.736328 0.900879 0.738037 0.90332 0.724365 0.910889 0.738037 0.90332 0.745117 0.881592 0.75293 0.913086 0.704346 0.938721 0.724365 0.910889 0.72583 0.916504 0.72583 0.916504 0.724365 0.910889 0.738037 0.90332 0.738037 0.90332 0.75293 0.913086 0.734619 0.918701 0.738037 0.90332 0.734619 0.918701 0.72583 0.916504 0.734619 0.918701 0.75293 0.913086 0.755615 0.928467 0.755615 0.928467 0.75293 0.913086 0.757324 0.915527 0.72583 0.916504 0.734619 0.918701 0.710205 0.941406 0.704346 0.938721 0.72583 0.916504 0.707764 0.942871 0.707764 0.942871 0.72583 0.916504 0.710205 0.941406 0.704346 0.938721 0.707764 0.942871 0.68457 0.963379 0.68457 0.963379 0.707764 0.942871 0.703613 0.977539 0.703613 0.977539 0.707764 0.942871 0.737793 0.961426 0.737793 0.961426 0.707764 0.942871 0.710205 0.941406 0.703613 0.977539 0.737793 0.961426 0.7229 0.988037 0.738281 0.958008 0.710205 0.941406 0.734619 0.918701 0.710205 0.941406 0.738281 0.958008 0.737793 0.961426 0.738281 0.958008 0.734619 0.918701 0.755615 0.928467 0.737793 0.961426 0.738281 0.958008 0.741699 0.959473 0.737793 0.961426 0.741699 0.959473 0.751953 0.968506 0.738281 0.958008 0.755615 0.928467 0.758789 0.929932 0.738281 0.958008 0.758789 0.929932 0.741699 0.959473 0.758789 0.929932 0.755615 0.928467 0.757324 0.915527 0.758789 0.929932 0.757324 0.915527 0.76709 0.92334 0.758789 0.929932 0.76709 0.92334 0.768066 0.928711 0.758789 0.929932 0.768066 0.928711 0.76709 0.931396 0.751953 0.968506 0.741699 0.959473 0.752441 0.963867 0.752441 0.963867 0.741699 0.959473 0.758789 0.929932 0.752441 0.963867 0.758789 0.929932 0.76709 0.931396 0.751953 0.968506 0.752441 0.963867 0.777344 0.972412 0.777344 0.972412 0.752441 0.963867 0.76709 0.931396 0.028076 0.073486 0.044922 0.062988 0.056396 0.068359 0.044922 0.062988 0.028076 0.073486 0.022461 0.071289 0.044922 0.062988 0.022461 0.071289 0.022461 0.069824 0.044922 0.062988 0.022461 0.069824 0.044434 0.0625 0.044434 0.0625 0.022461 0.069824 0.042969 0.032715 0.042969 0.032715 0.022461 0.069824 0.012695 0.067383 0.012695 0.067383 0.022461 0.069824 0.022461 0.071289 0.042969 0.032715 0.012695 0.067383 0.018066 0.043701 0.018066 0.043701 0.012695 0.067383 0.008789 0.066406 0.018066 0.043701 0.008789 0.066406 0.012695 0.033936 0.008789 0.066406 0.012695 0.067383 0.010742 0.069336 0.010742 0.069336 0.012695 0.067383 0.022461 0.071289 0.010742 0.069336 0.022461 0.071289 0.023193 0.079102 0.023193 0.079102 0.022461 0.071289 0.028076 0.073486 0.023193 0.079102 0.028076 0.073486 0.04834 0.073975 0.04834 0.073975 0.028076 0.073486 0.056396 0.068359 0.023193 0.079102 0.04834 0.073975 0.046631 0.077637 0.023193 0.079102 0.046631 0.077637 0.019531 0.085938 0.056396 0.068359 0.04834 0.073975 0.050293 0.074219 0.04834 0.073975 0.050293 0.074219 0.046631 0.077637 0.019531 0.085938 0.046631 0.077637 0.052246 0.093262 0.052246 0.093262 0.046631 0.077637 0.050293 0.074219 0.019531 0.085938 0.052246 0.093262 0.021973 0.097412 0.019531 0.085938 0.021973 0.097412 0.016602 0.087646 0.021973 0.097412 0.016602 0.087646 0.021484 0.100098 0.021484 0.100098 0.021973 0.097412 0.057129 0.096436 0.057129 0.096436 0.021973 0.097412 0.052246 0.093262 0.057129 0.096436 0.052246 0.093262 0.057129 0.091553 0.057129 0.091553 0.052246 0.093262 0.050293 0.074219 0.057129 0.091553 0.057129 0.096436 0.064453 0.09082 0.064453 0.09082 0.057129 0.091553 0.059814 0.085449 0.059814 0.085449 0.057129 0.091553 0.050293 0.074219 0.059814 0.085449 0.064453 0.09082 0.056396 0.068359 0.059814 0.085449 0.050293 0.074219 0.054688 0.071533 0.059814 0.085449 0.054688 0.071533 0.056396 0.068359 0.056396 0.068359 0.054688 0.071533 0.050293 0.074219 0.908203 0.664795 0.942871 0.659668 0.942871 0.729248 0.908203 0.664795 0.942871 0.729248 0.909424 0.720703 0.908203 0.664795 0.909424 0.720703 0.907471 0.694824 0.967529 0.130371 0.993164 0.11377 0.977295 0.121094 0.993164 0.11377 0.977295 0.121094 0.967285 0.074219 0.783936 0.081299 0.734619 0.11499 0.740479 0.106689 0.783936 0.081299 0.740479 0.106689 0.776123 0.079834 0.734619 0.11499 0.783936 0.081299 0.785889 0.085693 0.734619 0.11499 0.785889 0.085693 0.789063 0.112793 0.789063 0.112793 0.785889 0.085693 0.814941 0.091309 0.789063 0.112793 0.814941 0.091309 0.795166 0.114258 0.123535 0.221191 0.125244 0.207275 0.134033 0.201416 0.125244 0.207275 0.123535 0.221191 0.118408 0.216553 0.118408 0.216553 0.123535 0.221191 0.116455 0.226807 0.118408 0.216553 0.116455 0.226807 0.102295 0.217041 0.102295 0.217041 0.116455 0.226807 0.093018 0.22876 0.102295 0.217041 0.093018 0.22876 0.101563 0.200195 0.116455 0.226807 0.123535 0.221191 0.113525 0.234619 0.116455 0.226807 0.113525 0.234619 0.093018 0.22876 0.113525 0.234619 0.123535 0.221191 0.125488 0.239502 0.059082 0.198975 0.093018 0.22876 0.089844 0.229248 0.089844 0.229248 0.093018 0.22876 0.091553 0.243164 0.089844 0.229248 0.091553 0.243164 0.081055 0.253906 0.093018 0.22876 0.113525 0.234619 0.105225 0.256592 0.093018 0.22876 0.105225 0.256592 0.091553 0.243164 0.105225 0.256592 0.113525 0.234619 0.106689 0.257324 0.106689 0.257324 0.113525 0.234619 0.125488 0.239502 0.091553 0.243164 0.105225 0.256592 0.089111 0.253906 0.091553 0.243164 0.089111 0.253906 0.081055 0.253906 0.105225 0.256592 0.106689 0.257324 0.098633 0.264893 0.105225 0.256592 0.098633 0.264893 0.089111 0.253906 0.081055 0.253906 0.089111 0.253906 0.073975 0.267822 0.081055 0.253906 0.073975 0.267822 0.062256 0.267822 0.073975 0.267822 0.089111 0.253906 0.070068 0.280762 0.089111 0.253906 0.098633 0.264893 0.086182 0.272461 0.089111 0.253906 0.086182 0.272461 0.070068 0.280762 0.106689 0.257324 0.098633 0.264893 0.091309 0.275146 0.098633 0.264893 0.091309 0.275146 0.086182 0.272461 0.070068 0.280762 0.086182 0.272461 0.074219 0.2854 0.074219 0.2854 0.086182 0.272461 0.091309 0.275146 0.070068 0.280762 0.074219 0.2854 0.070068 0.293945 0.070068 0.293945 0.074219 0.2854 0.073486 0.298584 0.073486 0.298584 0.074219 0.2854 0.087891 0.288086 0.087891 0.288086 0.074219 0.2854 0.091309 0.275146 0.114258 0.262695 0.091309 0.275146 0.106689 0.257324 0.091309 0.275146 0.114258 0.262695 0.087891 0.288086 0.114258 0.262695 0.106689 0.257324 0.125488 0.239502 0.087891 0.288086 0.114258 0.262695 0.124756 0.271729 0.087891 0.288086 0.124756 0.271729 0.090576 0.302979 0.124756 0.271729 0.114258 0.262695 0.125732 0.270508 0.125732 0.270508 0.114258 0.262695 0.125488 0.239502 0.125732 0.270508 0.125488 0.239502 0.136963 0.244385 0.136963 0.244385 0.125488 0.239502 0.135986 0.239502 0.135986 0.239502 0.136963 0.244385 0.149414 0.214111 0.135986 0.239502 0.125488 0.239502 0.123535 0.221191 0.149414 0.214111 0.135986 0.239502 0.147705 0.210693 0.147705 0.210693 0.135986 0.239502 0.123535 0.221191 0.81665 0.774902 0.827393 0.806641 0.791504 0.845215 0.791504 0.845215 0.827393 0.806641 0.801514 0.880859 0.801514 0.880859 0.827393 0.806641 0.804443 0.881836 0.804443 0.881836 0.827393 0.806641 0.829834 0.807861 0.804443 0.881836 0.829834 0.807861 0.835205 0.814941 0.804443 0.881836 0.835205 0.814941 0.812988 0.87915 0.812988 0.87915 0.835205 0.814941 0.840088 0.8396 0.812988 0.87915 0.840088 0.8396 0.824951 0.883545 0.824951 0.883545 0.840088 0.8396 0.825928 0.882813 0.825928 0.882813 0.840088 0.8396 0.847412 0.819092 0.825928 0.882813 0.847412 0.819092 0.85791 0.834961 0.825928 0.882813 0.85791 0.834961 0.843018 0.877686 0.843018 0.877686 0.85791 0.834961 0.847656 0.876709 0.026367 0.162842 0.053711 0.190186 0.052979 0.19458 0.052979 0.19458 0.053711 0.190186 0.054688 0.194336 0.054688 0.194336 0.053711 0.190186 0.119385 0.166504 0.052979 0.19458 0.054688 0.194336 0.031494 0.255615 0.052979 0.19458 0.031494 0.255615 0.047363 0.187988 0.818848 0.074219 0.803223 0.065186 0.880371 0.066406 0.818848 0.074219 0.880371 0.066406 0.822266 0.07666 0.818848 0.074219 0.822266 0.07666 0.818848 0.114746 0.818848 0.114746 0.822266 0.07666 0.879639 0.081787 0.78418 0.981201 0.771973 0.890869 0.78418 0.890869 0.78418 0.890869 0.771973 0.890869 0.772461 0.870361 0.061035 0.9375 0.061523 0.899414 0.0896 0.882324 0.061523 0.899414 0.061035 0.9375 0.050293 0.908447 0.061523 0.899414 0.050293 0.908447 0.074463 0.879639 0.050293 0.908447 0.061035 0.9375 0.059814 0.967773 0.050293 0.908447 0.059814 0.967773 0.028076 0.975342 0.050293 0.908447 0.028076 0.975342 0.00415 0.877197 0.00415 0.877197 0.028076 0.975342 0.008301 0.918213 0.103271 0.402588 0.094482 0.364746 0.121338 0.424072 0.121338 0.424072 0.094482 0.364746 0.098633 0.368408 0.094482 0.364746 0.103271 0.402588 0.075439 0.356689 0.098633 0.368408 0.094482 0.364746 0.102051 0.357178 0.094482 0.364746 0.075439 0.356689 0.09375 0.349121 0.094482 0.364746 0.09375 0.349121 0.102051 0.357178 0.09375 0.349121 0.075439 0.356689 0.085938 0.341309 0.09375 0.349121 0.085938 0.341309 0.094727 0.335938 0.094727 0.335938 0.09375 0.349121 0.095703 0.337646 0.09375 0.349121 0.095703 0.337646 0.102051 0.357178 0.102051 0.357178 0.095703 0.337646 0.103027 0.337402 0.103027 0.337402 0.095703 0.337646 0.103027 0.336182 0.103027 0.336182 0.095703 0.337646 0.11792 0.294434 0.70459 0.057129 0.702393 0.060791 0.631836 0.060791 0.70459 0.057129 0.631836 0.060791 0.700195 0.056152 0.947754 0.718018 0.948242 0.656006 0.973877 0.713379 0.973877 0.713379 0.948242 0.656006 0.978271 0.688232 0.535645 0.009277 0.536133 0.018066 0.520996 0.019775 0.520996 0.019775 0.536133 0.018066 0.543701 0.032959 0 0.331543 0.012939 0.327881 0.01416 0.347412 0.01416 0.347412 0.012939 0.327881 0.023926 0.34082 0 0.331543 0.01416 0.347412 0.000977 0.364014 0.023926 0.34082 0.01416 0.347412 0.019287 0.356445 0.019287 0.356445 0.01416 0.347412 0.000977 0.364014 0.709717 0.056152 0.780518 0.056152 0.708984 0.057861 0.221924 0.998047 0.219727 0.994629 0.265869 0.996826 0.221924 0.998047 0.265869 0.996826 0.222412 0.999756 0.222412 0.999756 0.265869 0.996826 0.335938 0.997559 0.046875 0.581299 0.048584 0.640625 0.046875 0.638672 0.048584 0.640625 0.046875 0.581299 0.052734 0.588867 0.046875 0.581299 0.046875 0.638672 0.044922 0.538574 0.569092 0.94751 0.45752 0.947754 0.54834 0.947266 0.54834 0.947266 0.45752 0.947754 0.445557 0.947266 0.366943 0.241455 0.376221 0.243164 0.267822 0.246582 0.016357 0.798096 0.014404 0.702148 0.016357 0.760498 0.014404 0.702148 0.016357 0.798096 0.006836 0.763672 0.460205 0.055908 0.463379 0.012207 0.472412 0.010986 0.460205 0.055908 0.472412 0.010986 0.474365 0.047852 0.474365 0.047852 0.472412 0.010986 0.476074 0.007813 0.474365 0.047852 0.476074 0.007813 0.47583 0.047607 0.973389 0.825684 0.965088 0.839355 0.913086 0.801514 0.973389 0.825684 0.913086 0.801514 0.974609 0.823486 0.915771 0.994385 0.9021 0.986084 0.904053 0.980957 0.9021 0.986084 0.915771 0.994385 0.915527 0.99585 0.9021 0.986084 0.915527 0.99585 0.893799 0.999756 0.904053 0.980957 0.9021 0.986084 0.880127 0.97998 0.880127 0.97998 0.9021 0.986084 0.893799 0.999756 0.904053 0.980957 0.880127 0.97998 0.902588 0.978271 0.880127 0.97998 0.893799 0.999756 0.870605 0.993652 0.880127 0.97998 0.870605 0.993652 0.86499 0.991699 0.86499 0.991699 0.870605 0.993652 0.865967 0.99585 0.880127 0.97998 0.86499 0.991699 0.873779 0.975098 0.902588 0.978271 0.880127 0.97998 0.890869 0.954102 0.890869 0.954102 0.880127 0.97998 0.873779 0.975098 0.902588 0.978271 0.890869 0.954102 0.909424 0.962891 0.890869 0.954102 0.873779 0.975098 0.882324 0.949219 0.909424 0.962891 0.890869 0.954102 0.891846 0.949463 0.891846 0.949463 0.890869 0.954102 0.882324 0.949219 0.909424 0.962891 0.891846 0.949463 0.912842 0.960449 0.891846 0.949463 0.882324 0.949219 0.88501 0.945068 0.891846 0.949463 0.88501 0.945068 0.890381 0.919678 0.983643 0.790039 0.97876 0.735352 0.983398 0.732666 0.287842 0.033936 0.338135 0.063721 0.279297 0.062988 0.338135 0.063721 0.287842 0.033936 0.329102 0.013672 0.329102 0.013672 0.287842 0.033936 0.288086 0.012695 0.329102 0.013672 0.288086 0.012695 0.330078 0.008545 0.330078 0.008545 0.288086 0.012695 0.286621 0.008057 0.560303 0.026855 0.568848 0.000977 0.577148 0.032471 0.767334 0.007568 0.763428 0.028076 0.759033 0.005371 0.763428 0.028076 0.767334 0.007568 0.769287 0.027832 0.769287 0.027832 0.767334 0.007568 0.774414 0.010986 0.774414 0.010986 0.767334 0.007568 0.773438 0.00708 0.769287 0.027832 0.774414 0.010986 0.776367 0.015869 0.769287 0.027832 0.776367 0.015869 0.779785 0.02002 0.769287 0.027832 0.779785 0.02002 0.797119 0.027832 0.117432 0.91626 0.077148 0.92041 0.10083 0.884521 0.077148 0.92041 0.117432 0.91626 0.082275 0.927734 0.117432 0.91626 0.10083 0.884521 0.191895 0.926025 0.24707 0.01001 0.269287 0.008789 0.274658 0.044189 0.274658 0.044189 0.269287 0.008789 0.277832 0.001221 0.274658 0.044189 0.277832 0.001221 0.278076 0.021729 0.269287 0.008789 0.24707 0.01001 0.265625 0.006836 0.269287 0.008789 0.265625 0.006836 0.264404 0.000977 0.265625 0.006836 0.24707 0.01001 0.25 0.007568 0.265625 0.006836 0.25 0.007568 0.264404 0.000977 0.25 0.007568 0.24707 0.01001 0.246338 0.002197 0.264404 0.000977 0.25 0.007568 0.248291 0.003418 0.248291 0.003418 0.25 0.007568 0.246338 0.002197 0.391846 0.009766 0.391602 0.018555 0.390381 0.013428 0.391846 0.009766 0.390381 0.013428 0.342285 0.018799 0.342285 0.018799 0.390381 0.013428 0.391602 0.018555 0.342285 0.018799 0.391602 0.018555 0.353271 0.026367 0.353271 0.026367 0.391602 0.018555 0.366699 0.029541 0.353271 0.026367 0.366699 0.029541 0.340332 0.024414 0.340332 0.024414 0.366699 0.029541 0.373291 0.037109 0.340332 0.024414 0.373291 0.037109 0.341064 0.040527 0.341064 0.040527 0.373291 0.037109 0.376953 0.064697 0.341064 0.040527 0.376953 0.064697 0.355713 0.051758 0.050781 0.486572 0.05127 0.491455 0.050293 0.489258 0.050781 0.486572 0.050293 0.489258 0.014893 0.487305 0.014893 0.487305 0.050293 0.489258 0.026123 0.490967 0.026123 0.490967 0.050293 0.489258 0.05127 0.491455 0.026123 0.490967 0.05127 0.491455 0.051025 0.494873 0.349609 0.358154 0.317871 0.262451 0.414551 0.260742 0.317871 0.262451 0.349609 0.358154 0.256104 0.362305 0.349609 0.358154 0.414551 0.260742 0.424316 0.308838 0.349609 0.358154 0.424316 0.308838 0.389404 0.368164 0.891846 0.191895 0.902588 0.130859 0.905762 0.213379 0.334229 0.954834 0.297119 0.966553 0.25293 0.961426 0.297119 0.966553 0.334229 0.954834 0.373291 0.965088 0.198486 0.100098 0.121582 0.100098 0.147705 0.080811 0.490234 0.042725 0.490234 0.009277 0.537109 0.038086 0.456787 0.041016 0.444092 0.001709 0.451904 0.001221 0.016602 0.230225 0.003662 0.190918 0.039795 0.196777 0.804688 0.614746 0.824463 0.663086 0.800293 0.61792 0.804688 0.614746 0.800293 0.61792 0.801025 0.613281 0.801025 0.613281 0.800293 0.61792 0.751221 0.600586 0.801025 0.613281 0.751221 0.600586 0.753174 0.596191 0.753174 0.596191 0.751221 0.600586 0.750488 0.595215 0.753174 0.596191 0.750488 0.595215 0.768066 0.559082 0.753174 0.596191 0.768066 0.559082 0.801025 0.613281 0.804688 0.614746 0.801025 0.613281 0.808105 0.586914 0.808105 0.586914 0.801025 0.613281 0.768066 0.559082 0.804688 0.614746 0.808105 0.586914 0.820557 0.5625 0.820557 0.5625 0.808105 0.586914 0.815674 0.563965 0.820557 0.5625 0.815674 0.563965 0.816406 0.557617 0.815674 0.563965 0.808105 0.586914 0.790039 0.559082 0.815674 0.563965 0.790039 0.559082 0.816406 0.557617 0.790039 0.559082 0.808105 0.586914 0.768066 0.559082 0.816406 0.557617 0.790039 0.559082 0.797607 0.55249 0.797607 0.55249 0.790039 0.559082 0.768066 0.553223 0.768066 0.553223 0.790039 0.559082 0.768066 0.559082 0.768066 0.553223 0.768066 0.559082 0.766357 0.55542 0.916992 0.403564 0.969727 0.403564 0.963379 0.435059 0.715576 0.095947 0.719727 0.108643 0.692383 0.114746 0.715576 0.095947 0.719727 0.108643 0.719971 0.098145 0.715576 0.095947 0.692383 0.114746 0.667725 0.068359 0.715576 0.095947 0.667725 0.068359 0.722656 0.068359 0.719971 0.098145 0.715576 0.095947 0.720947 0.094482 0.715576 0.095947 0.722656 0.068359 0.727295 0.072021 0.715576 0.095947 0.727295 0.072021 0.720947 0.094482 0.720947 0.094482 0.727295 0.072021 0.74707 0.07959 0.720947 0.094482 0.74707 0.07959 0.741455 0.097656 0.867676 0.972412 0.83667 0.984131 0.854736 0.96167 0.867676 0.972412 0.854736 0.96167 0.855225 0.957764 0.855225 0.957764 0.854736 0.96167 0.854492 0.959229 0.867676 0.972412 0.855225 0.957764 0.875244 0.939697 0.875244 0.939697 0.855225 0.957764 0.859131 0.942627 0.875244 0.939697 0.859131 0.942627 0.858154 0.940918 0.875244 0.939697 0.858154 0.940918 0.859863 0.935303 0.875244 0.939697 0.859863 0.935303 0.875732 0.936035 0.875732 0.936035 0.859863 0.935303 0.860107 0.929199 0.875732 0.936035 0.860107 0.929199 0.884277 0.909668 0.884277 0.909668 0.860107 0.929199 0.865234 0.902832 0.865234 0.902832 0.860107 0.929199 0.860596 0.905762 0.162598 0.080078 0.23999 0.080078 0.23999 0.100098 0.481934 0.047852 0.485107 0.01001 0.48584 0.049805 0.467285 0.537354 0.46167 0.541016 0.465332 0.530762 0.465332 0.530762 0.46167 0.541016 0.457275 0.506348 0.467285 0.537354 0.46167 0.541016 0.46582 0.542969 0.46167 0.541016 0.46582 0.542969 0.459473 0.615723 0.459473 0.615723 0.46582 0.542969 0.463867 0.663086 0.187256 0.104492 0.186279 0.109863 0.189209 0.106934 0.189209 0.106934 0.187256 0.104492 0.273438 0.107422 0.186279 0.109863 0.189209 0.106934 0.190918 0.10791 0.190918 0.10791 0.189209 0.106934 0.273438 0.107422 0.999756 0.938965 0.997559 0.938965 1 0.893799 0.956543 0.870605 0.991211 0.876709 0.956787 0.921875 0.956787 0.921875 0.991211 0.876709 0.986084 0.916016 0.986084 0.916016 0.991211 0.876709 0.991943 0.876465 0.986084 0.916016 0.991943 0.876465 0.989746 0.917725 0.315186 0.942627 0.259033 0.9375 0.384033 0.941895 0.145508 0.976807 0.215332 0.995605 0.102051 0.994873 0.923828 1 0.916016 0.979004 0.963867 0.997803 0.963867 0.997803 0.916016 0.979004 0.966797 0.978516 0.807373 0.060791 0.826416 0.033447 0.878418 0.061035 0.727539 0.613525 0.727539 0.73877 0.725586 0.613525 0.732178 0.618408 0.732178 0.743896 0.731689 0.68335 0.760742 0.996338 0.647461 0.998779 0.674072 0.996338 0.647461 0.998779 0.760742 0.996338 0.647705 1 0.01709 0.316895 0.031738 0.28125 0.022705 0.304688 0.022705 0.304688 0.031738 0.28125 0.057373 0.26123 0.031738 0.28125 0.01709 0.316895 0.016602 0.312988 0.031738 0.28125 0.016602 0.312988 0.016602 0.277832 0.016602 0.277832 0.016602 0.312988 0.007813 0.250977 0.991211 0.180908 0.96582 0.152344 0.96875 0.150391 0.96875 0.150391 0.96582 0.152344 0.963135 0.153564 0.991211 0.180908 0.96875 0.150391 0.989258 0.124023 0.075684 0.728271 0.131592 0.71582 0.045898 0.747803 0.131592 0.71582 0.075684 0.728271 0.133057 0.711914 0.133057 0.711914 0.075684 0.728271 0.121826 0.695557 0.121826 0.695557 0.075684 0.728271 0.067871 0.693848 0.121826 0.695557 0.067871 0.693848 0.077393 0.690918 0.121826 0.695557 0.077393 0.690918 0.117188 0.69043 0.117188 0.69043 0.077393 0.690918 0.102539 0.685791 0.102539 0.685791 0.077393 0.690918 0.072754 0.68457 0.077393 0.690918 0.067871 0.693848 0.068359 0.692383 0.077393 0.690918 0.068359 0.692383 0.072754 0.68457 0.072754 0.68457 0.068359 0.692383 0.064941 0.680664 0.064941 0.680664 0.068359 0.692383 0.067871 0.693848 0.072754 0.68457 0.064941 0.680664 0.058838 0.661133 0.058838 0.661133 0.064941 0.680664 0.046875 0.64502 0.046875 0.64502 0.064941 0.680664 0.067871 0.693848 0.046875 0.64502 0.067871 0.693848 0.044922 0.64624 0.837646 0.173584 0.840576 0.153564 0.879395 0.195313 0.837646 0.173584 0.879395 0.195313 0.841309 0.23999 0.645996 0.080078 0.61499 0.097168 0.580078 0.083984 0.580078 0.083984 0.61499 0.097168 0.595703 0.101074 0.595703 0.101074 0.61499 0.097168 0.634521 0.127197 0.595703 0.101074 0.634521 0.127197 0.633545 0.128662 0.595703 0.101074 0.633545 0.128662 0.557129 0.099609 0.970703 0.46875 0.999756 0.48999 0.966309 0.486084 0.179199 0.424316 0.114502 0.431885 0.115234 0.429932 0.115234 0.429932 0.114502 0.431885 0.075439 0.378418 0.075439 0.378418 0.114502 0.431885 0.112793 0.435547 0.112793 0.435547 0.114502 0.431885 0.179199 0.424316 0.112793 0.435547 0.179199 0.424316 0.164795 0.428467 0.112793 0.435547 0.164795 0.428467 0.111816 0.438721 0.112793 0.435547 0.111816 0.438721 0.075195 0.510254 0.882813 0.041504 0.932373 0.046631 0.883545 0.042969 0.932373 0.046631 0.882813 0.041504 0.953125 0.044678 0.883545 0.042969 0.932373 0.046631 0.882813 0.058105 0.882813 0.058105 0.932373 0.046631 0.92627 0.071777 0.882813 0.058105 0.92627 0.071777 0.891846 0.075684 0.941406 0.971436 0.896729 0.942139 0.960693 0.960449 0.830566 0.007568 0.86377 0 0.848389 0.008301 0.86377 0 0.830566 0.007568 0.823242 0.001953 0.830566 0.007568 0.848389 0.008301 0.8479 0.01001 0.830566 0.007568 0.8479 0.01001 0.819824 0.013184 0.819824 0.013184 0.8479 0.01001 0.834473 0.030273 0.834473 0.030273 0.8479 0.01001 0.84375 0.03125 0.323486 0.07251 0.275879 0.068359 0.354248 0.068115 0.909912 0.388916 0.912598 0.390137 0.909424 0.415283 0.909424 0.415283 0.912598 0.390137 0.911133 0.470215 0.32251 0.098633 0.246826 0.084473 0.263428 0.071045 0.246826 0.084473 0.32251 0.098633 0.244141 0.099121 0.419678 0.256836 0.418945 0.255127 0.458496 0.260254 0.418945 0.255127 0.419678 0.256836 0.380371 0.241211 0.458496 0.260254 0.418945 0.255127 0.45874 0.256348 0.458496 0.260254 0.45874 0.256348 0.48999 0.239502 0.419678 0.256836 0.458496 0.260254 0.47168 0.291504 0.419678 0.256836 0.47168 0.291504 0.431152 0.304688 0.929688 0.844727 0.970947 0.848877 0.975586 0.86792 0.970947 0.848877 0.975586 0.86792 0.976563 0.864502 0.970947 0.848877 0.929688 0.844727 0.968506 0.845459 0.976563 0.864502 0.970947 0.848877 0.984619 0.835693 0.970947 0.848877 0.968506 0.845459 0.987549 0.828125 0.970947 0.848877 0.987549 0.828125 0.984619 0.835693 0.501709 0.135742 0.459229 0.134766 0.492188 0.12207 0.501709 0.135742 0.492188 0.12207 0.55249 0.124512 0.96582 0.601318 0.948975 0.593262 0.980225 0.571289 0.948975 0.593262 0.96582 0.601318 0.939453 0.599121 0.939453 0.599121 0.96582 0.601318 0.969727 0.609619 0.969727 0.609619 0.96582 0.601318 0.96875 0.603271 0.96875 0.603271 0.96582 0.601318 0.980225 0.571289 0.969727 0.609619 0.96875 0.603271 0.984131 0.580322 0.984131 0.580322 0.96875 0.603271 0.980225 0.571289 0.969727 0.609619 0.984131 0.580322 0.97168 0.615723 0.97168 0.615723 0.984131 0.580322 0.989258 0.604736 0.948975 0.593262 0.939453 0.599121 0.944824 0.592773 0.944824 0.592773 0.939453 0.599121 0.940674 0.594238 0.944824 0.592773 0.940674 0.594238 0.952393 0.559326 0.944824 0.592773 0.952393 0.559326 0.958984 0.560059 0.948975 0.593262 0.944824 0.592773 0.962402 0.562744 0.962402 0.562744 0.944824 0.592773 0.958984 0.560059 0.948975 0.593262 0.962402 0.562744 0.980225 0.571289 0.958984 0.560059 0.962402 0.562744 0.977295 0.560059 0.962402 0.562744 0.977295 0.560059 0.980225 0.571289 0.980225 0.571289 0.977295 0.560059 0.99292 0.56543 0.980225 0.571289 0.99292 0.56543 0.987549 0.577637 0.980225 0.571289 0.987549 0.577637 0.984131 0.580322 0.984131 0.580322 0.987549 0.577637 0.989258 0.604736 0.987549 0.577637 0.99292 0.56543 0.992188 0.570801 0.987549 0.577637 0.992188 0.570801 0.988525 0.577148 0.987549 0.577637 0.988525 0.577148 0.989258 0.604736 0.989258 0.604736 0.988525 0.577148 0.993408 0.629639 0.194092 0.262939 0.168213 0.230225 0.272949 0.228516 0.168213 0.230225 0.194092 0.262939 0.169922 0.266113 0.194092 0.262939 0.272949 0.228516 0.240234 0.272461 0.169922 0.266113 0.194092 0.262939 0.169922 0.267578 0.194092 0.262939 0.240234 0.272461 0.213867 0.270508 0.194092 0.262939 0.213867 0.270508 0.169922 0.267578 0.213867 0.270508 0.240234 0.272461 0.259033 0.286133 0.169922 0.267578 0.213867 0.270508 0.169434 0.270752 0.169922 0.267578 0.169434 0.270752 0.166992 0.275391 0.166992 0.275391 0.169434 0.270752 0.218506 0.274902 0.218506 0.274902 0.169434 0.270752 0.213867 0.270508 0.218506 0.274902 0.213867 0.270508 0.259033 0.286133 0.218506 0.274902 0.259033 0.286133 0.248047 0.296875 0.278564 0.40918 0.293945 0.431641 0.272217 0.425049 0.278564 0.40918 0.272217 0.425049 0.235352 0.404785 0.296387 0.439209 0.290527 0.435303 0.293945 0.431641 0.296387 0.439209 0.293945 0.431641 0.300537 0.435791 0.300537 0.435791 0.293945 0.431641 0.323242 0.435059 0.323242 0.435059 0.293945 0.431641 0.278564 0.40918 0.323242 0.435059 0.278564 0.40918 0.332031 0.419434 0.332031 0.419434 0.278564 0.40918 0.306641 0.393799 0.306641 0.393799 0.278564 0.40918 0.286377 0.366455 0.306641 0.393799 0.286377 0.366455 0.33374 0.36792 0.306641 0.393799 0.33374 0.36792 0.332031 0.419434 0.323242 0.435059 0.332031 0.419434 0.331055 0.428955 0.332031 0.419434 0.33374 0.36792 0.339111 0.368164 0.339111 0.368164 0.33374 0.36792 0.337646 0.364502 0.331055 0.428955 0.332031 0.419434 0.336426 0.419678 0.336426 0.419678 0.332031 0.419434 0.339111 0.368164 0.339111 0.368164 0.337646 0.364502 0.387939 0.373291 0.336426 0.419678 0.339111 0.368164 0.383545 0.376221 0.383545 0.376221 0.339111 0.368164 0.387939 0.373291 0.336426 0.419678 0.383545 0.376221 0.373779 0.42749 0.336426 0.419678 0.373779 0.42749 0.331055 0.428955 0.373779 0.42749 0.383545 0.376221 0.387939 0.373291 0.331055 0.428955 0.373779 0.42749 0.353027 0.442871 0.331055 0.428955 0.353027 0.442871 0.344482 0.439941 0.344482 0.439941 0.353027 0.442871 0.359619 0.494873 0.359619 0.494873 0.353027 0.442871 0.364014 0.446289 0.353027 0.442871 0.373779 0.42749 0.371826 0.434326 0.364014 0.446289 0.353027 0.442871 0.370117 0.445068 0.370117 0.445068 0.353027 0.442871 0.371826 0.434326 0.371826 0.434326 0.373779 0.42749 0.376709 0.428467 0.376709 0.428467 0.373779 0.42749 0.387939 0.373291 0.371826 0.434326 0.376709 0.428467 0.370117 0.445068 0.365967 0.447754 0.364502 0.447021 0.364014 0.446289 0.365967 0.447754 0.364014 0.446289 0.370117 0.445068 0.365967 0.447754 0.370117 0.445068 0.378906 0.467285 0.378906 0.467285 0.370117 0.445068 0.376709 0.452393 0.376709 0.452393 0.370117 0.445068 0.384766 0.446777 0.376709 0.452393 0.384766 0.446777 0.388184 0.468018 0.384766 0.446777 0.370117 0.445068 0.391602 0.438965 0.391602 0.438965 0.370117 0.445068 0.376709 0.428467 0.384766 0.446777 0.391602 0.438965 0.395508 0.458008 0.395508 0.458008 0.391602 0.438965 0.397217 0.457031 0.397217 0.457031 0.391602 0.438965 0.400391 0.457764 0.400391 0.457764 0.391602 0.438965 0.39502 0.440186 0.416748 0.436523 0.428223 0.45166 0.39502 0.440186 0.39502 0.440186 0.416748 0.436523 0.416504 0.43457 0.416504 0.43457 0.39502 0.440186 0.416748 0.433105 0.39502 0.440186 0.416748 0.433105 0.391602 0.438965 0.416504 0.43457 0.416748 0.433105 0.42334 0.435791 0.416748 0.433105 0.391602 0.438965 0.398438 0.414063 0.398438 0.414063 0.391602 0.438965 0.376709 0.428467 0.416748 0.433105 0.398438 0.414063 0.410889 0.383789 0.398438 0.414063 0.376709 0.428467 0.387939 0.373291 0.398438 0.414063 0.387939 0.373291 0.410889 0.383789 0.925293 0.837402 0.893799 0.816406 0.896729 0.814941 0.896729 0.814941 0.893799 0.816406 0.894775 0.813965 0.894775 0.813965 0.893799 0.816406 0.887451 0.800781 0.887451 0.800781 0.893799 0.816406 0.853516 0.813477 0.894775 0.813965 0.887451 0.800781 0.888672 0.796631 0.215576 0.750732 0.226318 0.728271 0.233887 0.746338 0.214355 0.661133 0.2229 0.650146 0.226318 0.728271 0.214355 0.661133 0.226318 0.728271 0.212891 0.726807 0.212891 0.726807 0.226318 0.728271 0.205078 0.737549 0.205078 0.737549 0.226318 0.728271 0.215576 0.750732 0.205078 0.737549 0.215576 0.750732 0.202881 0.75 0.202881 0.75 0.215576 0.750732 0.204102 0.786133 0.204102 0.786133 0.215576 0.750732 0.220459 0.771484 0.220459 0.771484 0.215576 0.750732 0.223877 0.764648 0.223877 0.764648 0.215576 0.750732 0.233887 0.746338 0.220459 0.771484 0.223877 0.764648 0.224854 0.773926 0.223877 0.764648 0.233887 0.746338 0.233643 0.757324 0.223877 0.764648 0.233643 0.757324 0.224854 0.773926 0.233643 0.757324 0.233887 0.746338 0.241455 0.744629 0.224854 0.773926 0.233643 0.757324 0.23877 0.783447 0.233643 0.757324 0.241455 0.744629 0.248779 0.761475 0.23877 0.783447 0.233643 0.757324 0.245117 0.770996 0.245117 0.770996 0.233643 0.757324 0.248779 0.761475 0.187744 0.68042 0.209717 0.651367 0.179688 0.700439 0.187744 0.68042 0.179688 0.700439 0.151123 0.725342 0.179688 0.700439 0.209717 0.651367 0.19458 0.679932 0.19458 0.679932 0.209717 0.651367 0.215576 0.64624 0.19458 0.679932 0.215576 0.64624 0.177246 0.713623 0.179688 0.700439 0.19458 0.679932 0.174805 0.714111 0.174805 0.714111 0.19458 0.679932 0.177246 0.713623 0.151123 0.725342 0.179688 0.700439 0.157227 0.724365 0.157227 0.724365 0.179688 0.700439 0.174805 0.714111 0.151123 0.725342 0.157227 0.724365 0.156494 0.742188 0.156494 0.742188 0.157227 0.724365 0.174805 0.714111 0.151123 0.725342 0.156494 0.742188 0.137207 0.765869 0.174805 0.714111 0.177246 0.713623 0.181152 0.729736 0.181152 0.729736 0.177246 0.713623 0.181396 0.71875 0.156494 0.742188 0.174805 0.714111 0.163574 0.736572 0.163574 0.736572 0.174805 0.714111 0.181152 0.729736 0.156494 0.742188 0.163574 0.736572 0.180176 0.772217 0.163574 0.736572 0.181152 0.729736 0.174072 0.742676 0.180176 0.772217 0.163574 0.736572 0.180664 0.768066 0.180664 0.768066 0.163574 0.736572 0.174072 0.742676 0.021973 0.507813 0.003662 0.50708 0.069336 0.506104 0.021973 0.507813 0.069336 0.506104 0.071289 0.511475 0.675781 0.136719 0.638428 0.130127 0.729004 0.134033 0.729004 0.134033 0.638428 0.130127 0.664551 0.118164 0.729004 0.134033 0.664551 0.118164 0.729492 0.121582 0.488525 0.664551 0.487549 0.661621 0.53833 0.668457 0.488525 0.664551 0.53833 0.668457 0.537598 0.672119 0.53833 0.668457 0.487549 0.661621 0.498047 0.643066 0.53833 0.668457 0.498047 0.643066 0.503662 0.634521 0.53833 0.668457 0.503662 0.634521 0.5354 0.624512 0.53833 0.668457 0.5354 0.624512 0.55957 0.64209 0.5354 0.624512 0.503662 0.634521 0.507568 0.620605 0.55957 0.64209 0.5354 0.624512 0.540527 0.624756 0.5354 0.624512 0.507568 0.620605 0.520264 0.557861 0.540527 0.624756 0.5354 0.624512 0.550781 0.52002 0.550781 0.52002 0.5354 0.624512 0.520264 0.557861 0.878906 0.364258 0.900391 0.400146 0.879883 0.383545 0.900391 0.400146 0.878906 0.364258 0.902588 0.385498 0.878906 0.364258 0.879883 0.383545 0.866699 0.354248 0.866699 0.354248 0.879883 0.383545 0.865479 0.39624 0.866699 0.354248 0.865479 0.39624 0.851318 0.357666 0.866699 0.354248 0.851318 0.357666 0.85498 0.338623 0.866699 0.354248 0.85498 0.338623 0.864746 0.336914 0.866699 0.354248 0.864746 0.336914 0.878906 0.364258 0.878906 0.364258 0.864746 0.336914 0.875732 0.3396 0.878906 0.364258 0.875732 0.3396 0.902588 0.385498 0.902588 0.385498 0.875732 0.3396 0.87793 0.330322 0.902588 0.385498 0.87793 0.330322 0.906006 0.381836 0.906006 0.381836 0.87793 0.330322 0.905518 0.347412 0.906006 0.381836 0.905518 0.347412 0.932373 0.38916 0.905518 0.347412 0.87793 0.330322 0.879639 0.319336 0.932373 0.38916 0.905518 0.347412 0.931152 0.364502 0.905518 0.347412 0.879639 0.319336 0.906738 0.32959 0.905518 0.347412 0.906738 0.32959 0.931152 0.364502 0.931152 0.364502 0.906738 0.32959 0.929688 0.319336 0.466553 0.857666 0.383789 0.838623 0.384033 0.83667 0.384033 0.83667 0.383789 0.838623 0.379639 0.834961 0.384033 0.83667 0.379639 0.834961 0.381104 0.822021 0.379639 0.834961 0.383789 0.838623 0.333252 0.861084 0.379639 0.834961 0.333252 0.861084 0.33252 0.856201 0.379639 0.834961 0.33252 0.856201 0.368896 0.81543 0.731201 0.032959 0.672363 0.048584 0.658203 0.033936 0.059326 0.272949 0.059326 0.376465 0.058838 0.293213 0.018799 0.997803 0.058105 0.999512 0.040527 0.999756 0.058105 0.999512 0.018799 0.997803 0.050781 0.994629 0.030762 0.015625 0.022705 0.008789 0.072021 0.01123 0.95752 0.972656 0.986572 0.943359 0.983887 0.965332 0.983887 0.965332 0.986572 0.943359 0.991211 0.945801 0.983887 0.965332 0.991211 0.945801 0.996826 0.999756 0.996826 0.999756 0.991211 0.945801 0.996582 0.944092 0.996826 0.999756 0.996582 0.944092 1 0.943848 0.814453 0.263428 0.814697 0.265869 0.780762 0.276367 0.814453 0.263428 0.780762 0.276367 0.792725 0.265625 0.792725 0.265625 0.780762 0.276367 0.791016 0.242432 0.814453 0.263428 0.792725 0.265625 0.814209 0.250488 0.814697 0.265869 0.814453 0.263428 0.815186 0.262939 0.780762 0.276367 0.814697 0.265869 0.785889 0.301758 0.814697 0.265869 0.815186 0.262939 0.818604 0.266602 0.814697 0.265869 0.818604 0.266602 0.829346 0.280273 0.829346 0.280273 0.818604 0.266602 0.830566 0.253662 0.785889 0.301758 0.814697 0.265869 0.82666 0.28833 0.785889 0.301758 0.82666 0.28833 0.800781 0.309814 0.814697 0.265869 0.829346 0.280273 0.827148 0.284668 0.827148 0.284668 0.814697 0.265869 0.82666 0.28833 0.827148 0.284668 0.829346 0.280273 0.854004 0.275635 0.854004 0.275635 0.829346 0.280273 0.854248 0.274414 0.827148 0.284668 0.854004 0.275635 0.832031 0.28418 0.827148 0.284668 0.832031 0.28418 0.82666 0.28833 0.832031 0.28418 0.854004 0.275635 0.851563 0.280273 0.825439 0.292236 0.800781 0.309814 0.82666 0.28833 0.825439 0.292236 0.82666 0.28833 0.832031 0.28418 0.800781 0.309814 0.825439 0.292236 0.80835 0.318115 0.832031 0.28418 0.851563 0.280273 0.853027 0.289795 0.832031 0.28418 0.853027 0.289795 0.825439 0.292236 0.853027 0.289795 0.851563 0.280273 0.858154 0.281006 0.825439 0.292236 0.853027 0.289795 0.833008 0.302246 0.825439 0.292236 0.833008 0.302246 0.80835 0.318115 0.80835 0.318115 0.833008 0.302246 0.828369 0.311279 0.80835 0.318115 0.828369 0.311279 0.807373 0.32666 0.807373 0.32666 0.828369 0.311279 0.813232 0.330811 0.828369 0.311279 0.833008 0.302246 0.838135 0.309082 0.838135 0.309082 0.833008 0.302246 0.850586 0.31665 0.813232 0.330811 0.828369 0.311279 0.830811 0.313477 0.830811 0.313477 0.828369 0.311279 0.838135 0.309082 0.813232 0.330811 0.830811 0.313477 0.807861 0.350098 0.830811 0.313477 0.838135 0.309082 0.838867 0.313965 0.807861 0.350098 0.830811 0.313477 0.839111 0.315918 0.830811 0.313477 0.839111 0.315918 0.838867 0.313965 0.839111 0.315918 0.838867 0.313965 0.858887 0.332275 0.991455 0.559082 0.990723 0.558594 0.988525 0.5 0.972656 0.799561 0.95752 0.807129 0.928955 0.799316 0.95752 0.807129 0.972656 0.799561 0.965088 0.813965 0.760742 0.284424 0.759033 0.296631 0.731201 0.276855 0.731201 0.276855 0.759033 0.296631 0.725098 0.311523 0.725098 0.311523 0.759033 0.296631 0.725586 0.313965 0.725586 0.313965 0.759033 0.296631 0.773682 0.296143 0.725586 0.313965 0.773682 0.296143 0.777588 0.302002 0.725586 0.313965 0.777588 0.302002 0.725342 0.320801 0.725342 0.320801 0.777588 0.302002 0.727051 0.337158 0.727051 0.337158 0.777588 0.302002 0.779053 0.320068 0.727051 0.337158 0.779053 0.320068 0.725586 0.344727 0.727051 0.337158 0.725586 0.344727 0.703125 0.329346 0.725586 0.344727 0.779053 0.320068 0.799316 0.325195 0.725586 0.344727 0.799316 0.325195 0.804932 0.36084 0.725586 0.344727 0.804932 0.36084 0.728516 0.363525 0.725586 0.344727 0.728516 0.363525 0.696045 0.359131 0.728516 0.363525 0.804932 0.36084 0.760986 0.370361 0.696045 0.359131 0.728516 0.363525 0.724854 0.370361 0.724854 0.370361 0.728516 0.363525 0.760986 0.370361 0.724854 0.370361 0.760986 0.370361 0.753662 0.380615 0.753662 0.380615 0.760986 0.370361 0.791748 0.406738 0.753662 0.380615 0.791748 0.406738 0.784424 0.413086 0.753662 0.380615 0.784424 0.413086 0.767578 0.398926 0.724854 0.370361 0.753662 0.380615 0.720703 0.372314 0.720703 0.372314 0.753662 0.380615 0.767578 0.398926 0.724854 0.370361 0.720703 0.372314 0.716797 0.370361 0.720703 0.372314 0.767578 0.398926 0.718506 0.37793 0.720703 0.372314 0.718506 0.37793 0.716797 0.370361 0.716797 0.370361 0.718506 0.37793 0.681641 0.387451 0.993164 0.730957 0.97998 0.724609 0.992188 0.672852 0.079102 0.015137 0.079102 0.028076 0.02832 0.028076 0.007324 0.026855 0.002686 0.050781 0.004639 0.02002 0.007324 0.026855 0.004639 0.02002 0.007568 0.024902 0.007324 0.026855 0.007568 0.024902 0.018311 0.029053 0.737061 0.200195 0.669434 0.206299 0.632813 0.202148 0.003906 0.873047 0.003906 0.775635 0.025879 0.860352 0.083496 0.849121 0.083496 0.740723 0.107422 0.818115 0.464111 0.507568 0.43457 0.411865 0.539307 0.472168 0.539307 0.472168 0.43457 0.411865 0.516113 0.38916 0.539307 0.472168 0.516113 0.38916 0.526855 0.39209 0.539307 0.472168 0.526855 0.39209 0.545654 0.476318 0.545654 0.476318 0.526855 0.39209 0.547607 0.391357 0.545654 0.476318 0.547607 0.391357 0.559814 0.480713 0.559814 0.480713 0.547607 0.391357 0.554688 0.391357 0.556885 0.365479 0.516113 0.38916 0.546143 0.322998 0.546143 0.322998 0.516113 0.38916 0.494873 0.339844 0.484375 0.351318 0.516113 0.38916 0.43457 0.411865 0.516113 0.38916 0.484375 0.351318 0.494873 0.339844 0.484375 0.351318 0.43457 0.411865 0.404053 0.358398 0.484375 0.351318 0.404053 0.358398 0.440186 0.345459 0.494873 0.339844 0.484375 0.351318 0.487305 0.341064 0.487305 0.341064 0.484375 0.351318 0.440186 0.345459 0.494873 0.339844 0.487305 0.341064 0.490479 0.330078 0.487305 0.341064 0.440186 0.345459 0.454102 0.342529 0.524658 0.751221 0.524414 0.699707 0.554199 0.744141 0.524658 0.751221 0.554199 0.744141 0.560791 0.752686 0.524414 0.699707 0.524658 0.751221 0.451172 0.718018 0.524414 0.699707 0.451172 0.718018 0.448975 0.714844 0.524414 0.699707 0.448975 0.714844 0.523438 0.696777 0.524414 0.699707 0.523438 0.696777 0.559814 0.659912 0.523438 0.696777 0.448975 0.714844 0.514893 0.692383 0.514893 0.692383 0.448975 0.714844 0.443604 0.707764 0.514893 0.692383 0.443604 0.707764 0.50708 0.682129 0.50708 0.682129 0.443604 0.707764 0.427979 0.69751 0.50708 0.682129 0.427979 0.69751 0.488281 0.669922 0.488281 0.669922 0.427979 0.69751 0.413086 0.69165 0.488281 0.669922 0.413086 0.69165 0.412842 0.685059 0.077148 0.158203 0.093262 0.124023 0.166504 0.153076 0.252686 0.679688 0.211914 0.623779 0.217773 0.616455 0.211914 0.623779 0.217773 0.616455 0.214844 0.606689 0.214844 0.606689 0.211914 0.623779 0.204834 0.611328 0.214844 0.606689 0.204834 0.611328 0.215332 0.605225 0.204834 0.611328 0.211914 0.623779 0.192871 0.616211 0.215332 0.605225 0.204834 0.611328 0.215332 0.601563 0.215332 0.605225 0.215332 0.601563 0.26123 0.636719 0.192871 0.616211 0.211914 0.623779 0.175049 0.657715 0.215332 0.601563 0.204834 0.611328 0.20459 0.570313 0.204834 0.611328 0.192871 0.616211 0.196777 0.609375 0.204834 0.611328 0.196777 0.609375 0.20459 0.570313 0.215332 0.601563 0.20459 0.570313 0.214355 0.583008 0.215332 0.601563 0.214355 0.583008 0.240723 0.599121 0.215332 0.601563 0.240723 0.599121 0.27124 0.626221 0.240723 0.599121 0.214355 0.583008 0.216064 0.581787 0.20459 0.570313 0.196777 0.609375 0.19751 0.570557 0.20459 0.570313 0.19751 0.570557 0.201416 0.565674 0.188965 0.612549 0.196777 0.609375 0.192871 0.616211 0.19751 0.570557 0.196777 0.609375 0.190186 0.604492 0.190186 0.604492 0.196777 0.609375 0.188965 0.612549 0.188965 0.612549 0.192871 0.616211 0.174805 0.622314 0.174805 0.622314 0.192871 0.616211 0.175049 0.657715 0.190186 0.604492 0.188965 0.612549 0.17749 0.617676 0.17749 0.617676 0.188965 0.612549 0.174805 0.622314 0.19751 0.570557 0.190186 0.604492 0.156738 0.565918 0.19751 0.570557 0.156738 0.565918 0.201416 0.565674 0.190186 0.604492 0.17749 0.617676 0.155762 0.616699 0.190186 0.604492 0.155762 0.616699 0.156738 0.565918 0.17749 0.617676 0.174805 0.622314 0.148193 0.625732 0.17749 0.617676 0.148193 0.625732 0.155762 0.616699 0.148193 0.625732 0.174805 0.622314 0.163086 0.630615 0.163086 0.630615 0.174805 0.622314 0.175049 0.657715 0.155762 0.616699 0.148193 0.625732 0.129395 0.628906 0.129395 0.628906 0.148193 0.625732 0.163086 0.630615 0.155762 0.616699 0.129395 0.628906 0.156738 0.565918 0.163086 0.630615 0.175049 0.657715 0.13208 0.633789 0.163086 0.630615 0.13208 0.633789 0.129395 0.628906 0.13208 0.633789 0.175049 0.657715 0.151611 0.667236 0.13208 0.633789 0.151611 0.667236 0.123047 0.630615 0.13208 0.633789 0.123047 0.630615 0.129395 0.628906 0.123047 0.630615 0.151611 0.667236 0.14624 0.672363 0.129395 0.628906 0.123047 0.630615 0.127441 0.567139 0.129395 0.628906 0.127441 0.567139 0.156738 0.565918 0.127441 0.567139 0.123047 0.630615 0.121582 0.564209 0.156738 0.565918 0.127441 0.567139 0.12793 0.562744 0.12793 0.562744 0.127441 0.567139 0.121582 0.564209 0.156738 0.565918 0.12793 0.562744 0.163574 0.560059 0.156738 0.565918 0.163574 0.560059 0.201416 0.565674 0.201416 0.565674 0.163574 0.560059 0.199219 0.525879 0.12793 0.562744 0.121582 0.564209 0.143555 0.499268 0.12793 0.562744 0.143555 0.499268 0.163574 0.560059 0.143555 0.499268 0.121582 0.564209 0.134766 0.5 0.199219 0.525879 0.163574 0.560059 0.172363 0.510254 0.172363 0.510254 0.163574 0.560059 0.143555 0.499268 0.199219 0.525879 0.172363 0.510254 0.172363 0.505371 0.172363 0.505371 0.172363 0.510254 0.143555 0.499268 0.199219 0.525879 0.172363 0.505371 0.197998 0.518555 0.172363 0.505371 0.143555 0.499268 0.152832 0.484131 0.172363 0.505371 0.152832 0.484131 0.169922 0.49292 0.169922 0.49292 0.152832 0.484131 0.155273 0.458008 0.172363 0.505371 0.169922 0.49292 0.175049 0.490967 0.175049 0.490967 0.169922 0.49292 0.163086 0.43457 0.197998 0.518555 0.172363 0.505371 0.19873 0.508545 0.19873 0.508545 0.172363 0.505371 0.175049 0.490967 0.19873 0.508545 0.175049 0.490967 0.202637 0.466309 0.197998 0.518555 0.19873 0.508545 0.201904 0.509521 0.201904 0.509521 0.19873 0.508545 0.210938 0.48877 0.509277 0.912598 0.497559 0.941895 0.412109 0.910645 0.509277 0.912598 0.412109 0.910645 0.413574 0.898438 0.509277 0.912598 0.413574 0.898438 0.539795 0.901123 0.539795 0.901123 0.413574 0.898438 0.53833 0.899414 0.53833 0.899414 0.413574 0.898438 0.413818 0.896973 0.53833 0.899414 0.413818 0.896973 0.477783 0.897461 0.143799 0.009521 0.092041 0.009521 0.105469 0.008057 0.448242 0.077881 0.527344 0.077881 0.476807 0.090332 0.824707 0.718506 0.829102 0.67627 0.827148 0.711426 0.827148 0.711426 0.829102 0.67627 0.85083 0.698486 0.85083 0.698486 0.829102 0.67627 0.835693 0.631348 0.829102 0.67627 0.824707 0.718506 0.819092 0.682861 0.819092 0.682861 0.824707 0.718506 0.818359 0.736816 0.798584 0.985352 0.790771 0.876221 0.811768 0.910645 0.790771 0.876221 0.798584 0.985352 0.793213 0.941895 0.790771 0.876221 0.793213 0.941895 0.788574 0.940186 0.531982 0.043701 0.532715 0.058105 0.461182 0.061523 0.461182 0.061523 0.532715 0.058105 0.536133 0.0625 0.961914 0.045654 0.99292 0.00293 0.993164 0.058838 0.99292 0.00293 0.961914 0.045654 0.943604 0.02417 0.99292 0.00293 0.943604 0.02417 0.971924 0.009521 0.971924 0.009521 0.943604 0.02417 0.942139 0.023193 0.971924 0.009521 0.942139 0.023193 0.937744 0.021729 0.841797 0.761475 0.871338 0.800293 0.860107 0.801025 0.871338 0.800293 0.841797 0.761475 0.882813 0.791016 0.841797 0.761475 0.860107 0.801025 0.822998 0.740479 0.822998 0.740479 0.860107 0.801025 0.816895 0.76001 0.816895 0.76001 0.860107 0.801025 0.836426 0.793213 0.816895 0.76001 0.836426 0.793213 0.830078 0.790283 0.882813 0.791016 0.841797 0.761475 0.867432 0.73999 0.882813 0.791016 0.867432 0.73999 0.875244 0.749512 0.875244 0.749512 0.867432 0.73999 0.870117 0.708008 0.882813 0.791016 0.875244 0.749512 0.886475 0.791992 0.875244 0.749512 0.870117 0.708008 0.881104 0.747803 0.875244 0.749512 0.881104 0.747803 0.886475 0.791992 0.246582 0.223877 0.193115 0.224121 0.251465 0.218506 0.251465 0.218506 0.193115 0.224121 0.17749 0.218262 0.17749 0.218262 0.193115 0.224121 0.155029 0.222656 0.251465 0.218506 0.17749 0.218262 0.242432 0.170654 0.242432 0.170654 0.17749 0.218262 0.211182 0.165527 0.211182 0.165527 0.17749 0.218262 0.17627 0.166748 0.228027 0.033203 0.227051 0.032959 0.225098 0.030273 0.227051 0.032959 0.228027 0.033203 0.208008 0.071777 0.228027 0.033203 0.225098 0.030273 0.220215 0.014404 0.208008 0.071777 0.228027 0.033203 0.244141 0.040771 0.228027 0.033203 0.220215 0.014404 0.222656 0.010742 0.228027 0.033203 0.244141 0.040771 0.243408 0.035645 0.243408 0.035645 0.228027 0.033203 0.222656 0.010742 0.244141 0.040771 0.243408 0.035645 0.247559 0.041016 0.243408 0.035645 0.222656 0.010742 0.251221 0.032959 0.247559 0.041016 0.243408 0.035645 0.256348 0.036133 0.256348 0.036133 0.243408 0.035645 0.251221 0.032959 0.744141 0.212646 0.719482 0.216553 0.70459 0.211426 0.70459 0.211426 0.719482 0.216553 0.68335 0.213379 0.70459 0.211426 0.68335 0.213379 0.639404 0.211182 0.744141 0.212646 0.70459 0.211426 0.706543 0.207764 0.744141 0.212646 0.706543 0.207764 0.742432 0.210449 0.424561 0.088867 0.41626 0.084717 0.456543 0.100098 0.456543 0.100098 0.41626 0.084717 0.434326 0.069092 0.41626 0.084717 0.424561 0.088867 0.377686 0.087402 0.377686 0.087402 0.424561 0.088867 0.381592 0.095703 0.381592 0.095703 0.424561 0.088867 0.423828 0.092529 0.249756 0.910645 0.240967 0.913086 0.177246 0.913086 0.240967 0.913086 0.249756 0.910645 0.302734 0.908936 0.455322 0.057617 0.413086 0.066895 0.441406 0.013428 0.441406 0.013428 0.413086 0.066895 0.436035 0.011963 0.436035 0.011963 0.413086 0.066895 0.395508 0.081543 0.436035 0.011963 0.395508 0.081543 0.425537 0.014648 0.425537 0.014648 0.395508 0.081543 0.405762 0.052979 0.425537 0.014648 0.405762 0.052979 0.382813 0.032471 0.576172 0.802246 0.61792 0.825195 0.612549 0.832031 0.61792 0.825195 0.576172 0.802246 0.591309 0.792969 0.576172 0.802246 0.612549 0.832031 0.563477 0.806885 0.61792 0.825195 0.591309 0.792969 0.623535 0.809326 0.623535 0.809326 0.591309 0.792969 0.593018 0.791992 0.623535 0.809326 0.593018 0.791992 0.620117 0.790283 0.563477 0.806885 0.612549 0.832031 0.560303 0.809082 0.560303 0.809082 0.612549 0.832031 0.611328 0.83667 0.560303 0.809082 0.611328 0.83667 0.567871 0.865234 0.560303 0.809082 0.567871 0.865234 0.515869 0.83252 0.560303 0.809082 0.515869 0.83252 0.528564 0.766357 0.528564 0.766357 0.515869 0.83252 0.513428 0.775146 0.515869 0.83252 0.567871 0.865234 0.552002 0.86084 0.513428 0.775146 0.515869 0.83252 0.509521 0.830078 0.515869 0.83252 0.552002 0.86084 0.549561 0.865723 0.515869 0.83252 0.549561 0.865723 0.509521 0.830078 0.552002 0.86084 0.567871 0.865234 0.554199 0.866211 0.552002 0.86084 0.554199 0.866211 0.549561 0.865723 0.554199 0.866211 0.567871 0.865234 0.564453 0.869385 0.564453 0.869385 0.567871 0.865234 0.565186 0.891602 0.564453 0.869385 0.565186 0.891602 0.550781 0.890625 0.564453 0.869385 0.550781 0.890625 0.554199 0.866211 0.550781 0.890625 0.565186 0.891602 0.544189 0.892578 0.550781 0.890625 0.544189 0.892578 0.554199 0.866211 0.554199 0.866211 0.544189 0.892578 0.549561 0.865723 0.549561 0.865723 0.544189 0.892578 0.546143 0.866455 0.500488 0.833984 0.509521 0.830078 0.549561 0.865723 0.500488 0.833984 0.549561 0.865723 0.546143 0.866455 0.546143 0.866455 0.544189 0.892578 0.535645 0.885254 0.546143 0.866455 0.535645 0.885254 0.500488 0.833984 0.535645 0.885254 0.544189 0.892578 0.489258 0.873291 0.535645 0.885254 0.489258 0.873291 0.491943 0.862793 0.535645 0.885254 0.491943 0.862793 0.500488 0.833984 0.509521 0.830078 0.500488 0.833984 0.507813 0.790283 0.509521 0.830078 0.507813 0.790283 0.513428 0.775146 0.513428 0.775146 0.507813 0.790283 0.504639 0.750488 0.504639 0.750488 0.507813 0.790283 0.499512 0.779785 0.499512 0.779785 0.507813 0.790283 0.500488 0.833984 0.499512 0.779785 0.500488 0.833984 0.494141 0.848389 0.104492 0.437256 0.086914 0.438721 0.086426 0.421387 0.086914 0.438721 0.104492 0.437256 0.083984 0.45166 0.086914 0.438721 0.083984 0.45166 0.065918 0.451416 0.086426 0.421387 0.086914 0.438721 0.068604 0.438477 0.068604 0.438477 0.086914 0.438721 0.065918 0.451416 0.086426 0.421387 0.068604 0.438477 0.07251 0.419922 0.068604 0.438477 0.065918 0.451416 0.05542 0.451904 0.068604 0.438477 0.05542 0.451904 0.07251 0.419922 0.07251 0.419922 0.05542 0.451904 0.062256 0.422852 0.07251 0.419922 0.062256 0.422852 0.073975 0.387451 0.073975 0.387451 0.062256 0.422852 0.066895 0.401367 0.066895 0.401367 0.062256 0.422852 0.056885 0.414063 0.062256 0.422852 0.05542 0.451904 0.052246 0.452148 0.052246 0.452148 0.05542 0.451904 0.057861 0.501709 0.062256 0.422852 0.052246 0.452148 0.047852 0.455566 0.062256 0.422852 0.047852 0.455566 0.042725 0.432861 0.062256 0.422852 0.042725 0.432861 0.056885 0.414063 0.042725 0.432861 0.047852 0.455566 0.046387 0.465088 0.042725 0.432861 0.046387 0.465088 0.039551 0.4646 0.056885 0.414063 0.042725 0.432861 0.031982 0.420654 0.031982 0.420654 0.042725 0.432861 0.039551 0.4646 0.056885 0.414063 0.031982 0.420654 0.052734 0.376465 0.031982 0.420654 0.039551 0.4646 0.031494 0.472656 0.765137 0.994873 0.782959 0.993652 0.853027 0.999756 0.765137 0.994873 0.853027 0.999756 0.77832 0.999512 0.737793 0.193359 0.81665 0.159668 0.833252 0.157715 0.737793 0.193359 0.833252 0.157715 0.833252 0.193359 0.281006 0.147949 0.346191 0.148926 0.335205 0.209717 0.335205 0.209717 0.346191 0.148926 0.366211 0.217041 0.281006 0.147949 0.335205 0.209717 0.31543 0.229248 0.281006 0.147949 0.31543 0.229248 0.292236 0.191895 0.292236 0.191895 0.31543 0.229248 0.3125 0.232666 0.292236 0.191895 0.3125 0.232666 0.291748 0.23999 0.292236 0.191895 0.291748 0.23999 0.256348 0.200928 0.375 0.184082 0.378418 0.186523 0.367188 0.196777 0.375 0.184082 0.378418 0.186523 0.378418 0.184814 0.378418 0.186523 0.378418 0.184814 0.4104 0.187256 0.378418 0.186523 0.4104 0.187256 0.410645 0.204346 0.410645 0.204346 0.4104 0.187256 0.429199 0.188477 0.429199 0.188477 0.4104 0.187256 0.428711 0.173828 0.429199 0.188477 0.428711 0.173828 0.437256 0.187744 0.4104 0.187256 0.378418 0.184814 0.387939 0.173096 0.4104 0.187256 0.387939 0.173096 0.428711 0.173828 0.378662 0.165771 0.378418 0.184814 0.375 0.184082 0.378418 0.184814 0.378662 0.165771 0.387939 0.173096 0.437256 0.187744 0.428711 0.173828 0.431396 0.168701 0.437256 0.187744 0.431396 0.168701 0.454346 0.126709 0.437256 0.187744 0.454346 0.126709 0.45459 0.199219 0.431396 0.168701 0.428711 0.173828 0.428711 0.166504 0.431396 0.168701 0.428711 0.166504 0.454346 0.126709 0.428711 0.166504 0.428711 0.173828 0.387939 0.173096 0.454346 0.126709 0.428711 0.166504 0.44751 0.124756 0.428711 0.166504 0.387939 0.173096 0.385254 0.165771 0.385254 0.165771 0.387939 0.173096 0.378662 0.165771 0.44751 0.124756 0.428711 0.166504 0.383057 0.118408 0.383057 0.118408 0.428711 0.166504 0.385254 0.165771 0.383057 0.118408 0.385254 0.165771 0.378662 0.165771 0.383057 0.118408 0.378662 0.165771 0.365723 0.158936 0.383057 0.118408 0.365723 0.158936 0.364746 0.123535 0.364746 0.123535 0.365723 0.158936 0.361084 0.129883 0.365723 0.158936 0.378662 0.165771 0.366943 0.165771 0.365723 0.158936 0.366943 0.165771 0.365234 0.163818 0.366943 0.165771 0.378662 0.165771 0.375 0.184082 0.366943 0.165771 0.375 0.184082 0.369873 0.181152 0.366943 0.165771 0.369873 0.181152 0.362549 0.177979 0.362549 0.177979 0.369873 0.181152 0.361816 0.182373 0.365723 0.106201 0.368896 0.104492 0.448975 0.104492 0.365723 0.106201 0.448975 0.104492 0.371826 0.109863 0.812256 0.768311 0.812256 0.658691 0.814697 0.657959 0.952393 0.170654 0.955078 0.248535 0.904297 0.232178 0.952393 0.170654 0.904297 0.232178 0.92334 0.187012 0.92041 0.031738 0.922607 0.037842 0.852295 0.035645 0.610107 0.028564 0.64917 0.015625 0.652832 0.031494 0.606201 0.147705 0.686523 0.140869 0.69873 0.148438 0.712891 0.732666 0.709473 0.770508 0.686035 0.639893 0.686035 0.639893 0.709473 0.770508 0.679443 0.756104 0.824463 0.125 0.734131 0.122314 0.787109 0.118408 0.734131 0.122314 0.824463 0.125 0.733887 0.151123 0.733887 0.151123 0.824463 0.125 0.799316 0.153076 0.599609 0.55542 0.58667 0.552246 0.595947 0.527832 0.595947 0.527832 0.58667 0.552246 0.581299 0.551758 0.595947 0.527832 0.581299 0.551758 0.54541 0.501709 0.599609 0.55542 0.595947 0.527832 0.626709 0.501221 0.599609 0.55542 0.626709 0.501221 0.671875 0.539551 0.581299 0.551758 0.58667 0.552246 0.577881 0.568604 0.581299 0.551758 0.577881 0.568604 0.553467 0.557617 0.58667 0.552246 0.599609 0.55542 0.59375 0.573242 0.58667 0.552246 0.59375 0.573242 0.577881 0.568604 0.599609 0.55542 0.671875 0.539551 0.6521 0.579834 0.599609 0.55542 0.6521 0.579834 0.59375 0.573242 0.6521 0.579834 0.671875 0.539551 0.66333 0.582764 0.577881 0.568604 0.553467 0.557617 0.57251 0.569824 0.553467 0.557617 0.57251 0.569824 0.555908 0.563965 0.555908 0.563965 0.57251 0.569824 0.572021 0.57251 0.572021 0.57251 0.57251 0.569824 0.577881 0.568604 0.572021 0.57251 0.577881 0.568604 0.563232 0.584961 0.6521 0.579834 0.66333 0.582764 0.638916 0.594238 0.6521 0.579834 0.638916 0.594238 0.59375 0.573242 0.638916 0.594238 0.66333 0.582764 0.640625 0.595947 0.570068 0.614746 0.577881 0.568604 0.59375 0.573242 0.577881 0.568604 0.570068 0.614746 0.563232 0.584961 0.59375 0.573242 0.638916 0.594238 0.637207 0.598633 0.637207 0.598633 0.638916 0.594238 0.640625 0.595947 0.59375 0.573242 0.637207 0.598633 0.593994 0.577881 0.59375 0.573242 0.593994 0.577881 0.570068 0.614746 0.640625 0.595947 0.66333 0.582764 0.630859 0.640381 0.640625 0.595947 0.630859 0.640381 0.637207 0.598633 0.630859 0.640381 0.66333 0.582764 0.675293 0.597168 0.593994 0.577881 0.637207 0.598633 0.62207 0.636963 0.62207 0.636963 0.637207 0.598633 0.630859 0.640381 0.593994 0.577881 0.62207 0.636963 0.570068 0.614746 0.62207 0.636963 0.630859 0.640381 0.622803 0.643311 0.62207 0.636963 0.622803 0.643311 0.570068 0.614746 0.570068 0.614746 0.622803 0.643311 0.566895 0.619873 0.570068 0.614746 0.566895 0.619873 0.558594 0.603271 0.570068 0.614746 0.558594 0.603271 0.563232 0.584961 0.563232 0.584961 0.558594 0.603271 0.558594 0.595215 0.563232 0.584961 0.558594 0.595215 0.549316 0.593018 0.558594 0.595215 0.558594 0.603271 0.55542 0.598389 0.895264 0.641846 0.883301 0.650635 0.919678 0.657715 0.895264 0.641846 0.883301 0.650635 0.849854 0.647705 0.849854 0.647705 0.883301 0.650635 0.8479 0.6604 0.895264 0.641846 0.849854 0.647705 0.849609 0.63501 0.895264 0.641846 0.849609 0.63501 0.886719 0.631592 0.886719 0.631592 0.849609 0.63501 0.842529 0.626221 0.572266 0.118164 0.648926 0.138672 0.557129 0.127197 0.557129 0.127197 0.648926 0.138672 0.556152 0.142578 0.556152 0.142578 0.648926 0.138672 0.57959 0.143555 0.329346 0.249023 0.400879 0.255371 0.292236 0.256836 0.809814 0.033936 0.801758 0.058838 0.735596 0.031738 0.361328 0.108154 0.277588 0.108154 0.279541 0.104492 0.408447 0.994141 0.377441 0.996826 0.500977 0.967529 0.500977 0.967529 0.377441 0.996826 0.377686 0.958984</float_array>
          <technique_common>
            <accessor source="#MysteryBox-mesh-map-0-array" count="6000" stride="2">
              <param name="S" type="float"/>
              <param name="T" type="float"/>
            </accessor>
          </technique_common>
        </source>
        <vertices id="MysteryBox-mesh-vertices">
          <input semantic="POSITION" source="#MysteryBox-mesh-positions"/>
        </vertices>
        <polylist material="Material_-1-material" count="6">
          <input semantic="VERTEX" source="#MysteryBox-mesh-vertices" offset="0"/>
          <input semantic="NORMAL" source="#MysteryBox-mesh-normals" offset="1"/>
          <input semantic="TEXCOORD" source="#MysteryBox-mesh-map-0" offset="2" set="0"/>
          <vcount>3 3 3 3 3 3 3 3 3 3 3 3 3 3 3 3 3 3 3 3 3 3 3 3 3 3 3 3 3 3 3 3 3 3 3 3 3 3 3 3 3 3 3 3 3 3 3 3 3 3 3 3 3 3 3 3 3 3 3 3 3 3 3 3 3 3 3 3 3 3 3 3 3 3 3 3 3 3 3 3 3 3 3 3 3 3 3 3 3 3 3 3 3 3 3 3 3 3 3 3 3 3 3 3 3 3 3 3 3 3 3 3 3 3 3 3 3 3 3 3 3 3 3 3 3 3 3 3 3 3 3 3 3 3 3 3 3 3 3 3 3 3 3 3 3 3 3 3 3 3 3 3 3 3 3 3 3 3 3 3 3 3 3 3 3 3 3 3 3 3 3 3 3 3 3 3 3 3 3 3 3 3 3 3 3 3 3 3 3 3 3 3 3 3 3 3 3 3 3 3 3 3 3 3 3 3 3 3 3 3 3 3 3 3 3 3 3 3 3 3 3 3 3 3 3 3 3 3 3 3 3 3 3 3 3 3 3 3 3 3 3 3 3 3 3 3 3 3 3 3 3 3 3 3 3 3 3 3 3 3 3 3 3 3 3 3 3 3 3 3 3 3 3 3 3 3 3 3 3 3 3 3 3 3 3 3 3 3 3 3 3 3 3 3 3 3 3 3 3 3 3 3 3 3 3 3 3 3 3 3 3 3 3 3 3 3 3 3 3 3 3 3 3 3 3 3 3 3 3 3 3 3 3 3 3 3 3 3 3 3 3 3 3 3 3 3 3 3 3 3 3 3 3 3 3 3 3 3 3 3 3 3 3 3 3 3 3 3 3 3 3 3 3 3 3 3 3 3 3 3 3 3 3 3 3 3 3 3 3 3 3 3 3 3 3 3 3 3 3 3 3 3 3 3 3 3 3 3 3 3 3 3 3 3 3 3 3 3 3 3 3 3 3 3 3 3 3 3 3 3 3 3 3 3 3 3 3 3 3 3 3 3 3 3 3 3 3 3 3 3 3 3 3 3 3 3 3 3 3 3 3 3 3 3 3 3 3 3 3 3 3 3 3 3 3 3 3 3 3 3 3 3 3 3 3 3 3 3 3 3 3 3 3 3 3 3 3 3 3 3 3 3 3 3 3 3 3 3 3 3 3 3 3 3 3 3 3 3 3 3 3 3 3 3 3 3 3 3 3 3 3 3 3 3 3 3 3 3 3 3 3 3 3 3 3 3 3 3 3 3 3 3 3 3 3 3 3 3 3 3 3 3 3 3 3 3 3 3 3 3 3 3 3 3 3 3 3 3 3 3 3 3 3 3 3 3 3 3 3 3 3 3 3 3 3 3 3 3 3 3 3 3 3 3 3 3 3 3 3 3 3 3 3 3 3 3 3 3 3 3 3 3 3 3 3 3 3 3 3 3 3 3 3 3 3 3 3 3 3 3 3 3 3 3 3 3 3 3 3 3 3 3 3 3 3 3 3 3 3 3 3 3 3 3 3 3 3 3 3 3 3 3 3 3 3 3 3 3 3 3 3 3 3 3 3 3 3 3 3 3 3 3 3 3 3 3 3 3 3 3 3 3 3 3 3 3 3 3 3 3 3 3 3 3 3 3 3 3 3 3 3 3 3 3 3 3 3 3 3 3 3 3 3 3 3 3 3 3 3 3 3 3 3 3 3 3 3 3 3 3 3 3 3 3 3 3 3 3 3 3 3 3 3 3 3 3 3 3 3 3 3 3 3 3 3 3 3 3 3 3 3 3 3 3 3 3 3 3 3 3 3 3 3 3 3 3 3 3 3 3 3 3 3 3 3 3 3 3 3 3 3 3 3 3 3 3 3 3 3 3 3 3 3 3 3 3 3 3 3 3 3 3 3 3 3 3 3 3 3 3 3 3 3 3 3 3 3 3 3 3 3 3 3 3 3 3 3 3 3 3 3 3 3 3 3 3 3 3 3 3 3 3 3 3 3 3 3 3 3 3 3 3 3 3 3 3 3 3 3 3 3 3 3 3 3 3 3 3 3 3 3 3 3 3 3 3 3 3 3 3 3 3 3 3 3 3 3 3 3 3 3 3 3 3 3 3 3 3 3 3 3 3 3 3 3 3 3 3 3 3 3 3 3 3 3 3 3 3 3 3 3 3 3 3 3 3 3 3 3 3 3 3 3 3 3 3 3 3 3 3 3 3 3 3 3 3 3 3 3 3 3 3 3 3 3 3 3 3 3 3 3 3 3 3 3 3 3 3 3 3 3 3 3 3 3 3 3 3 3 3 3 3 3 3 3 3 3 3 3 3 3 3 3 3 3 3 3 3 3 3 3 3 3 3 3 3 3 3 3 3 3 3 3 3 3 3 3 3 3 3 3 3 3 3 3 3 3 3 3 3 3 3 3 3 3 3 3 3 3 3 3 3 3 3 3 3 3 3 3 3 3 3 3 3 3 3 3 3 3 3 3 3 3 3 3 3 3 3 3 3 3 3 3 3 3 3 3 3 3 3 3 3 3 3 3 3 3 3 3 3 3 3 3 3 3 3 3 3 3 3 3 3 3 3 3 3 3 3 3 3 3 3 3 3 3 3 3 3 3 3 3 3 3 3 3 3 3 3 3 3 3 3 3 3 3 3 3 3 3 3 3 3 3 3 3 3 3 3 3 3 3 3 3 3 3 3 3 3 3 3 3 3 3 3 3 3 3 3 3 3 3 3 3 3 3 3 3 3 3 3 3 3 3 3 3 3 3 3 3 3 3 3 3 3 3 3 3 3 3 3 3 3 3 3 3 3 3 3 3 3 3 3 3 3 3 3 3 3 3 3 3 3 3 3 3 3 3 3 3 3 3 3 3 3 3 3 3 3 3 3 3 3 3 3 3 3 3 3 3 3 3 3 3 3 3 3 3 3 3 3 3 3 3 3 3 3 3 3 3 3 3 3 3 3 3 3 3 3 3 3 3 3 3 3 3 3 3 3 3 3 3 3 3 3 3 3 3 3 3 3 3 3 3 3 3 3 3 3 3 3 3 3 3 3 3 3 3 3 3 3 3 3 3 3 3 3 3 3 3 3 3 3 3 3 3 3 3 3 3 3 3 3 3 3 3 3 3 3 3 3 3 3 3 3 3 3 3 3 3 3 3 3 3 3 3 3 3 3 3 3 3 3 3 3 3 3 3 3 3 3 3 3 3 3 3 3 3 3 3 3 3 3 3 3 3 3 3 3 3 3 3 3 3 3 3 3 3 3 3 3 3 3 3 3 3 3 3 3 3 3 3 3 3 3 3 3 3 3 3 3 3 3 3 3 3 3 3 3 3 3 3 3 3 3 3 3 3 3 3 3 3 3 3 3 3 3 3 3 3 3 3 3 3 3 3 3 3 3 3 3 3 3 3 3 3 3 3 3 3 3 3 3 3 3 3 3 3 3 3 3 3 3 3 3 3 3 3 3 3 3 3 3 3 3 3 3 3 3 3 3 3 3 3 3 3 3 3 3 3 3 3 3 3 3 3 3 3 3 3 3 3 3 3 3 3 3 3 3 3 3 3 3 3 3 3 3 3 3 3 3 3 3 3 3 3 3 3 3 3 3 3 3 3 3 3 3 3 3 3 3 3 3 3 3 3 3 3 3 3 3 3 3 3 3 3 3 3 3 3 3 3 3 3 3 3 3 3 3 3 3 3 3 3 3 3 3 3 3 3 3 3 3 3 3 3 3 3 3 3 3 3 3 3 3 3 3 3 3 3 3 3 3 3 3 3 3 3 3 3 3 3 3 3 3 3 3 3 3 3 3 3 3 3 3 3 3 3 3 3 3 3 3 3 3 3 3 3 3 3 3 3 3 3 3 3 3 3 3 3 3 3 3 3 3 3 3 3 3 3 3 3 3 3 3 3 3 3 3 3 3 3 3 3 3 3 3 3 3 3 3 3 3 3 3 3 3 3 3 3 3 3 3 3 3 3 3 3 3 3 3 3 3 3 3 3 3 3 3 3 3 3 3 3 3 3 3 3 3 3 3 3 3 3 3 3 3 3 3 3 3 3 3 3 3 3 3 3 3 3 3 3 3 3 3 3 3 3 3 3 3 3 3 3 3 3 3 3 3 3 3 3 3 3 3 3 3 3 3 3 3 3 3 3 3 3 3 3 3 3 3 3 3 3 3 3 3 3 3 3 3 3 3 3 3 3 3 3 3 3 3 3 3 3 3 3 3 3 3 3 3 3 3 3 3 3 3 3 3 3 3 3 3 3 3 3 3 3 3 3 3 3 3 3 3 3 3 3 3 3 3 3 3 3 3 3 3 3 3 3 3 3 3 3 3 3 3 3 3 3 3 3 3 3 3 3 3 3 3 3 3 3 3 3 3 3 3 3 3 3 3 3 3 3 3 3 3 3 3 3 3 3 3 3 3 3 3 3 3 3 3 3 3 3 3 3 3 3 3 3 3 3 3 3 3 3 3 3 3 3 3 3 3 3 3 3 3 3 3 3 3 3 3 3 3 3 3 3 3 3 3</vcount>
          <p>4 0 0 5 0 1 6 0 2 6 1 3 5 1 4 7 1 5 7 2 6 5 2 7 8 2 8 8 3 9 5 3 10 9 3 11 8 4 12 9 4 13 10 4 14 10 5 15 9 5 16 11 5 17 6 6 18 7 6 19 12 6 20 12 7 21 7 7 22 13 7 23 6 8 24 12 8 25 14 8 26 6 9 27 14 9 28 15 9 29 15 10 30 14 10 31 16 10 32 12 11 33 13 11 34 17 11 35 12 12 36 17 12 37 14 12 38 17 13 39 13 13 40 18 13 41 14 14 42 17 14 43 19 14 44 14 15 45 19 15 46 20 15 47 20 16 48 19 16 49 21 16 50 19 17 51 17 17 52 22 17 53 22 18 54 17 18 55 18 18 56 19 19 57 22 19 58 23 19 59 22 20 60 18 20 61 24 20 62 22 21 63 24 21 64 23 21 65 25 22 66 26 22 67 27 22 68 27 23 69 26 23 70 28 23 71 28 24 72 26 24 73 29 24 74 28 25 75 29 25 76 30 25 77 27 26 78 28 26 79 31 26 80 31 27 81 28 27 82 30 27 83 27 28 84 31 28 85 32 28 86 27 29 87 32 29 88 33 29 89 32 30 90 31 30 91 34 30 92 34 31 93 31 31 94 30 31 95 32 32 96 34 32 97 35 32 98 35 33 99 34 33 100 36 33 101 36 34 102 34 34 103 30 34 104 36 35 105 30 35 106 37 35 107 36 36 108 37 36 109 38 36 110 38 37 111 37 37 112 39 37 113 36 38 114 38 38 115 40 38 116 36 39 117 40 39 118 41 39 119 36 40 120 41 40 121 42 40 122 38 41 123 39 41 124 43 41 125 43 42 126 39 42 127 44 42 128 44 43 129 39 43 130 45 43 131 46 44 132 47 44 133 48 44 134 47 45 135 46 45 136 49 45 137 49 46 138 46 46 139 50 46 140 50 47 141 46 47 142 51 47 143 52 48 144 53 48 145 54 48 146 53 49 147 52 49 148 55 49 149 52 50 150 54 50 151 56 50 152 54 51 153 53 51 154 57 51 155 54 52 156 57 52 157 58 52 158 58 53 159 57 53 160 59 53 161 54 54 162 58 54 163 60 54 164 61 55 165 0 55 166 62 55 167 61 56 168 62 56 169 63 56 170 61 57 171 63 57 172 64 57 173 61 58 174 64 58 175 65 58 176 61 59 177 65 59 178 66 59 179 66 60 180 65 60 181 67 60 182 67 61 183 65 61 184 68 61 185 68 62 186 65 62 187 64 62 188 68 63 189 64 63 190 69 63 191 68 64 192 69 64 193 70 64 194 69 65 195 64 65 196 71 65 197 71 66 198 64 66 199 63 66 200 69 67 201 71 67 202 72 67 203 72 68 204 71 68 205 73 68 206 71 69 207 73 69 208 74 69 209 74 70 210 71 70 211 63 70 212 74 71 213 73 71 214 75 71 215 74 72 216 75 72 217 76 72 218 75 73 219 76 73 220 77 73 221 77 74 222 76 74 223 78 74 224 78 75 225 76 75 226 79 75 227 76 76 228 74 76 229 80 76 230 76 77 231 80 77 232 79 77 233 80 78 234 74 78 235 63 78 236 79 79 237 80 79 238 81 79 239 80 80 240 63 80 241 82 80 242 80 81 243 82 81 244 81 81 245 82 82 246 63 82 247 83 82 248 81 83 249 82 83 250 84 83 251 84 84 252 82 84 253 83 84 254 84 85 255 83 85 256 85 85 257 86 86 258 87 86 259 88 86 260 86 87 261 88 87 262 89 87 263 88 88 264 87 88 265 90 88 266 88 89 267 90 89 268 91 89 269 92 90 270 93 90 271 94 90 272 92 91 273 94 91 274 95 91 275 96 92 276 97 92 277 98 92 278 99 93 279 100 93 280 101 93 281 101 94 282 100 94 283 102 94 284 99 95 285 101 95 286 103 95 287 101 96 288 102 96 289 104 96 290 103 97 291 101 97 292 105 97 293 105 98 294 101 98 295 104 98 296 106 99 297 107 99 298 108 99 299 109 100 300 110 100 301 111 100 302 112 101 303 113 101 304 114 101 305 112 102 306 114 102 307 115 102 308 115 103 309 114 103 310 116 103 311 117 104 312 118 104 313 119 104 314 118 105 315 117 105 316 120 105 317 121 106 318 122 106 319 123 106 320 121 107 321 123 107 322 124 107 323 125 108 324 126 108 325 127 108 326 127 109 327 126 109 328 128 109 329 129 110 330 130 110 331 131 110 332 130 111 333 129 111 334 132 111 335 132 112 336 129 112 337 133 112 338 133 113 339 129 113 340 134 113 341 133 114 342 134 114 343 135 114 344 133 115 345 135 115 346 136 115 347 136 116 348 135 116 349 137 116 350 133 117 351 136 117 352 138 117 353 136 118 354 137 118 355 139 118 356 136 119 357 139 119 358 138 119 359 138 120 360 139 120 361 140 120 362 140 121 363 139 121 364 141 121 365 140 122 366 141 122 367 142 122 368 143 123 369 144 123 370 145 123 371 144 124 372 143 124 373 146 124 374 145 125 375 144 125 376 147 125 377 145 126 378 147 126 379 148 126 380 145 127 381 148 127 382 149 127 383 145 128 384 143 128 385 150 128 386 150 129 387 145 129 388 149 129 389 143 130 390 150 130 391 151 130 392 150 131 393 149 131 394 152 131 395 151 132 396 150 132 397 153 132 398 150 133 399 152 133 400 154 133 401 150 134 402 154 134 403 153 134 404 154 135 405 152 135 406 155 135 407 153 136 408 154 136 409 156 136 410 154 137 411 155 137 412 157 137 413 156 138 414 154 138 415 158 138 416 158 139 417 154 139 418 157 139 419 159 140 420 160 140 421 161 140 422 160 141 423 159 141 424 162 141 425 163 142 426 164 142 427 165 142 428 165 143 429 164 143 430 166 143 431 167 144 432 168 144 433 169 144 434 167 145 435 169 145 436 170 145 437 170 146 438 169 146 439 171 146 440 168 147 441 169 147 442 172 147 443 171 148 444 169 148 445 173 148 446 173 149 447 169 149 448 172 149 449 173 150 450 172 150 451 174 150 452 174 151 453 172 151 454 175 151 455 174 152 456 175 152 457 176 152 458 176 153 459 175 153 460 177 153 461 176 154 462 177 154 463 178 154 464 176 155 465 178 155 466 179 155 467 180 156 468 181 156 469 182 156 470 180 157 471 182 157 472 183 157 473 182 158 474 181 158 475 184 158 476 184 159 477 181 159 478 185 159 479 184 160 480 185 160 481 186 160 482 186 161 483 185 161 484 187 161 485 186 162 486 187 162 487 188 162 488 189 163 489 190 163 490 191 163 491 189 164 492 191 164 493 192 164 494 193 165 495 194 165 496 195 165 497 193 166 498 195 166 499 196 166 500 196 167 501 195 167 502 197 167 503 193 168 504 196 168 505 198 168 506 193 169 507 198 169 508 199 169 509 193 170 510 199 170 511 200 170 512 201 171 513 202 171 514 203 171 515 201 172 516 203 172 517 204 172 518 204 173 519 203 173 520 205 173 521 201 174 522 204 174 523 206 174 524 201 175 525 206 175 526 207 175 527 206 176 528 204 176 529 208 176 530 208 177 531 204 177 532 209 177 533 209 178 534 204 178 535 205 178 536 209 179 537 205 179 538 210 179 539 209 180 540 210 180 541 211 180 542 209 181 543 211 181 544 212 181 545 213 182 546 214 182 547 215 182 548 216 183 549 217 183 550 218 183 551 219 184 552 220 184 553 221 184 554 219 185 555 221 185 556 222 185 557 222 186 558 221 186 559 223 186 560 221 187 561 220 187 562 224 187 563 224 188 564 220 188 565 225 188 566 224 189 567 225 189 568 226 189 569 226 190 570 225 190 571 227 190 572 228 191 573 229 191 574 230 191 575 229 192 576 228 192 577 231 192 578 229 193 579 231 193 580 232 193 581 233 194 582 234 194 583 235 194 584 234 195 585 233 195 586 236 195 587 236 196 588 233 196 589 237 196 590 234 197 591 236 197 592 238 197 593 238 198 594 236 198 595 237 198 596 234 199 597 238 199 598 239 199 599 238 200 600 237 200 601 240 200 602 239 201 603 238 201 604 241 201 605 241 202 606 238 202 607 240 202 608 241 203 609 240 203 610 242 203 611 243 204 612 244 204 613 245 204 614 245 205 615 244 205 616 246 205 617 247 206 618 248 206 619 243 206 620 243 207 621 248 207 622 249 207 623 243 208 624 249 208 625 244 208 626 244 209 627 249 209 628 250 209 629 244 210 630 250 210 631 246 210 632 246 211 633 250 211 634 251 211 635 246 212 636 251 212 637 252 212 638 246 213 639 252 213 640 253 213 641 254 214 642 255 214 643 256 214 644 256 215 645 255 215 646 257 215 647 255 216 648 254 216 649 258 216 650 257 217 651 255 217 652 259 217 653 257 218 654 259 218 655 260 218 656 259 219 657 255 219 658 261 219 659 261 220 660 255 220 661 258 220 662 259 221 663 261 221 664 262 221 665 262 222 666 261 222 667 263 222 668 261 223 669 258 223 670 264 223 671 261 224 672 264 224 673 263 224 674 264 225 675 258 225 676 265 225 677 263 226 678 264 226 679 266 226 680 264 227 681 265 227 682 267 227 683 264 228 684 267 228 685 266 228 686 268 229 687 269 229 688 270 229 689 270 230 690 269 230 691 271 230 692 268 231 693 270 231 694 272 231 695 273 232 696 274 232 697 275 232 698 276 233 699 277 233 700 278 233 701 276 234 702 278 234 703 279 234 704 278 235 705 277 235 706 280 235 707 280 236 708 277 236 709 281 236 710 277 237 711 276 237 712 282 237 713 282 238 714 276 238 715 283 238 716 284 239 717 285 239 718 286 239 719 286 240 720 285 240 721 287 240 722 288 241 723 289 241 724 290 241 725 290 242 726 289 242 727 291 242 728 290 243 729 291 243 730 292 243 731 291 244 732 289 244 733 293 244 734 289 245 735 288 245 736 294 245 737 289 246 738 294 246 739 293 246 740 294 247 741 288 247 742 295 247 743 293 248 744 294 248 745 296 248 746 297 249 747 298 249 748 299 249 749 300 250 750 301 250 751 302 250 752 301 251 753 300 251 754 303 251 755 301 252 756 303 252 757 304 252 758 300 253 759 302 253 760 305 253 761 305 254 762 300 254 763 303 254 764 305 255 765 302 255 766 306 255 767 305 256 768 306 256 769 307 256 770 305 257 771 307 257 772 308 257 773 308 258 774 305 258 775 303 258 776 304 259 777 303 259 778 309 259 779 303 260 780 308 260 781 310 260 782 303 261 783 310 261 784 309 261 785 310 262 786 308 262 787 311 262 788 309 263 789 310 263 790 312 263 791 313 264 792 314 264 793 315 264 794 314 265 795 313 265 796 316 265 797 314 266 798 316 266 799 317 266 800 314 267 801 317 267 802 318 267 803 318 268 804 317 268 805 319 268 806 318 269 807 319 269 808 320 269 809 318 270 810 320 270 811 314 270 812 320 271 813 319 271 814 321 271 815 321 272 816 319 272 817 322 272 818 320 273 819 314 273 820 323 273 821 323 274 822 320 274 823 321 274 824 314 275 825 323 275 826 324 275 827 321 276 828 322 276 829 325 276 830 314 277 831 324 277 832 326 277 833 326 278 834 324 278 835 323 278 836 314 279 837 326 279 838 315 279 839 323 280 840 321 280 841 327 280 842 323 281 843 327 281 844 326 281 845 327 282 846 321 282 847 325 282 848 325 283 849 322 283 850 328 283 851 326 284 852 327 284 853 329 284 854 326 285 855 329 285 856 315 285 857 327 286 858 325 286 859 330 286 860 327 287 861 330 287 862 329 287 863 329 288 864 330 288 865 331 288 866 331 289 867 330 289 868 325 289 869 329 290 870 331 290 871 315 290 872 325 291 873 328 291 874 332 291 875 325 292 876 332 292 877 331 292 878 332 293 879 328 293 880 333 293 881 333 294 882 328 294 883 334 294 884 333 295 885 334 295 886 335 295 887 335 296 888 334 296 889 336 296 890 331 297 891 332 297 892 337 297 893 338 298 894 315 298 895 331 298 896 338 299 897 331 299 898 337 299 899 315 300 900 338 300 901 339 300 902 338 301 903 337 301 904 340 301 905 338 302 906 340 302 907 339 302 908 341 303 909 342 303 910 343 303 911 342 304 912 341 304 913 344 304 914 341 305 915 343 305 916 345 305 917 346 306 918 347 306 919 348 306 920 346 307 921 348 307 922 349 307 923 346 308 924 349 308 925 350 308 926 349 309 927 348 309 928 351 309 929 351 310 930 348 310 931 352 310 932 352 311 933 348 311 934 353 311 935 354 312 936 355 312 937 356 312 938 356 313 939 355 313 940 357 313 941 358 314 942 359 314 943 354 314 944 358 315 945 354 315 946 356 315 947 356 316 948 357 316 949 360 316 950 360 317 951 357 317 952 361 317 953 360 318 954 361 318 955 362 318 956 362 319 957 361 319 958 363 319 959 360 320 960 362 320 961 364 320 962 356 321 963 360 321 964 365 321 965 365 322 966 360 322 967 364 322 968 358 323 969 356 323 970 366 323 971 366 324 972 356 324 973 365 324 974 365 325 975 364 325 976 367 325 977 365 326 978 367 326 979 366 326 980 367 327 981 364 327 982 368 327 983 358 328 984 366 328 985 369 328 986 367 329 987 368 329 988 370 329 989 367 330 990 370 330 991 366 330 992 366 331 993 370 331 994 369 331 995 370 332 996 368 332 997 371 332 998 370 333 999 371 333 1000 372 333 1001 370 334 1002 372 334 1003 369 334 1004 372 335 1005 371 335 1006 373 335 1007 372 336 1008 373 336 1009 369 336 1010 373 337 1011 371 337 1012 374 337 1013 375 338 1014 358 338 1015 369 338 1016 369 339 1017 373 339 1018 376 339 1019 369 340 1020 376 340 1021 375 340 1022 373 341 1023 374 341 1024 377 341 1025 373 342 1026 377 342 1027 376 342 1028 377 343 1029 374 343 1030 378 343 1031 378 344 1032 374 344 1033 379 344 1034 377 345 1035 378 345 1036 380 345 1037 376 346 1038 377 346 1039 381 346 1040 381 347 1041 377 347 1042 380 347 1043 376 348 1044 381 348 1045 375 348 1046 381 349 1047 380 349 1048 382 349 1049 381 350 1050 382 350 1051 375 350 1052 375 351 1053 382 351 1054 383 351 1055 375 352 1056 383 352 1057 384 352 1058 385 353 1059 386 353 1060 387 353 1061 387 354 1062 386 354 1063 388 354 1064 385 355 1065 387 355 1066 389 355 1067 387 356 1068 388 356 1069 390 356 1070 387 357 1071 390 357 1072 389 357 1073 390 358 1074 388 358 1075 391 358 1076 388 359 1077 391 359 1078 392 359 1079 389 360 1080 390 360 1081 393 360 1082 389 361 1083 393 361 1084 394 361 1085 390 362 1086 391 362 1087 395 362 1088 390 363 1089 395 363 1090 393 363 1091 394 364 1092 393 364 1093 396 364 1094 394 365 1095 396 365 1096 397 365 1097 396 366 1098 393 366 1099 395 366 1100 395 367 1101 391 367 1102 398 367 1103 396 368 1104 395 368 1105 399 368 1106 395 369 1107 398 369 1108 400 369 1109 395 370 1110 400 370 1111 399 370 1112 400 371 1113 398 371 1114 401 371 1115 400 372 1116 401 372 1117 402 372 1118 399 373 1119 400 373 1120 403 373 1121 403 374 1122 400 374 1123 402 374 1124 399 375 1125 403 375 1126 404 375 1127 404 376 1128 403 376 1129 405 376 1130 405 377 1131 403 377 1132 406 377 1133 406 378 1134 403 378 1135 402 378 1136 406 379 1137 402 379 1138 407 379 1139 408 380 1140 409 380 1141 410 380 1142 408 381 1143 410 381 1144 411 381 1145 408 382 1146 411 382 1147 412 382 1148 412 383 1149 411 383 1150 413 383 1151 411 384 1152 410 384 1153 414 384 1154 411 385 1155 414 385 1156 413 385 1157 414 386 1158 410 386 1159 415 386 1160 413 387 1161 414 387 1162 416 387 1163 416 388 1164 414 388 1165 415 388 1166 413 389 1167 416 389 1168 417 389 1169 413 390 1170 417 390 1171 418 390 1172 418 391 1173 417 391 1174 419 391 1175 419 392 1176 417 392 1177 420 392 1178 416 393 1179 415 393 1180 421 393 1181 422 394 1182 415 394 1183 410 394 1184 421 395 1185 415 395 1186 423 395 1187 415 396 1188 422 396 1189 424 396 1190 423 397 1191 415 397 1192 425 397 1193 425 398 1194 415 398 1195 424 398 1196 423 399 1197 425 399 1198 426 399 1199 424 400 1200 422 400 1201 427 400 1202 426 401 1203 425 401 1204 428 401 1205 428 402 1206 425 402 1207 424 402 1208 426 403 1209 428 403 1210 429 403 1211 428 404 1212 429 404 1213 430 404 1214 430 405 1215 428 405 1216 431 405 1217 424 406 1218 427 406 1219 432 406 1220 424 407 1221 432 407 1222 428 407 1223 428 408 1224 432 408 1225 431 408 1226 432 409 1227 427 409 1228 433 409 1229 432 410 1230 433 410 1231 431 410 1232 434 411 1233 435 411 1234 436 411 1235 436 412 1236 435 412 1237 437 412 1238 437 413 1239 435 413 1240 438 413 1241 438 414 1242 435 414 1243 439 414 1244 437 415 1245 438 415 1246 440 415 1247 440 416 1248 438 416 1249 441 416 1250 440 417 1251 441 417 1252 442 417 1253 437 418 1254 440 418 1255 443 418 1256 437 419 1257 443 419 1258 444 419 1259 445 420 1260 446 420 1261 447 420 1262 448 421 1263 449 421 1264 450 421 1265 449 422 1266 448 422 1267 451 422 1268 451 423 1269 448 423 1270 452 423 1271 453 424 1272 454 424 1273 455 424 1274 453 425 1275 455 425 1276 456 425 1277 455 426 1278 454 426 1279 457 426 1280 457 427 1281 455 427 1282 458 427 1283 455 428 1284 458 428 1285 459 428 1286 460 429 1287 461 429 1288 462 429 1289 463 430 1290 464 430 1291 461 430 1292 461 431 1293 464 431 1294 465 431 1295 461 432 1296 465 432 1297 462 432 1298 462 433 1299 465 433 1300 466 433 1301 460 434 1302 462 434 1303 467 434 1304 460 435 1305 467 435 1306 468 435 1307 468 436 1308 467 436 1309 469 436 1310 462 437 1311 466 437 1312 470 437 1313 462 438 1314 470 438 1315 467 438 1316 470 439 1317 466 439 1318 471 439 1319 469 440 1320 467 440 1321 472 440 1322 472 441 1323 467 441 1324 470 441 1325 469 442 1326 472 442 1327 473 442 1328 473 443 1329 472 443 1330 474 443 1331 472 444 1332 470 444 1333 475 444 1334 475 445 1335 470 445 1336 471 445 1337 472 446 1338 475 446 1339 476 446 1340 476 447 1341 475 447 1342 471 447 1343 472 448 1344 476 448 1345 474 448 1346 476 449 1347 471 449 1348 477 449 1349 474 450 1350 476 450 1351 478 450 1352 474 451 1353 478 451 1354 479 451 1355 480 452 1356 481 452 1357 482 452 1358 483 453 1359 484 453 1360 481 453 1361 481 454 1362 484 454 1363 485 454 1364 481 455 1365 485 455 1366 482 455 1367 485 456 1368 484 456 1369 486 456 1370 482 457 1371 485 457 1372 487 457 1373 487 458 1374 485 458 1375 486 458 1376 482 459 1377 487 459 1378 488 459 1379 487 460 1380 486 460 1381 489 460 1382 487 461 1383 489 461 1384 488 461 1385 488 462 1386 482 462 1387 490 462 1388 490 463 1389 488 463 1390 489 463 1391 482 464 1392 490 464 1393 491 464 1394 482 465 1395 491 465 1396 492 465 1397 492 466 1398 491 466 1399 493 466 1400 493 467 1401 491 467 1402 494 467 1403 494 468 1404 491 468 1405 490 468 1406 493 469 1407 494 469 1408 495 469 1409 490 470 1410 489 470 1411 496 470 1412 490 471 1413 496 471 1414 494 471 1415 496 472 1416 489 472 1417 486 472 1418 495 473 1419 494 473 1420 497 473 1421 496 474 1422 486 474 1423 498 474 1424 496 475 1425 498 475 1426 494 475 1427 494 476 1428 498 476 1429 497 476 1430 497 477 1431 498 477 1432 495 477 1433 498 478 1434 486 478 1435 499 478 1436 495 479 1437 498 479 1438 500 479 1439 498 480 1440 499 480 1441 501 480 1442 500 481 1443 498 481 1444 502 481 1445 502 482 1446 498 482 1447 501 482 1448 503 483 1449 504 483 1450 505 483 1451 506 484 1452 507 484 1453 508 484 1454 509 485 1455 510 485 1456 511 485 1457 509 486 1458 511 486 1459 512 486 1460 512 487 1461 511 487 1462 513 487 1463 514 488 1464 515 488 1465 516 488 1466 516 489 1467 515 489 1468 517 489 1469 517 490 1470 515 490 1471 518 490 1472 517 491 1473 518 491 1474 519 491 1475 517 492 1476 519 492 1477 516 492 1478 519 493 1479 518 493 1480 520 493 1481 516 494 1482 519 494 1483 521 494 1484 516 495 1485 521 495 1486 522 495 1487 516 496 1488 522 496 1489 523 496 1490 523 497 1491 522 497 1492 524 497 1493 525 498 1494 526 498 1495 527 498 1496 525 499 1497 527 499 1498 528 499 1499 526 500 1500 525 500 1501 529 500 1502 529 501 1503 525 501 1504 530 501 1505 529 502 1506 530 502 1507 531 502 1508 529 503 1509 531 503 1510 526 503 1511 526 504 1512 531 504 1513 532 504 1514 532 505 1515 531 505 1516 533 505 1517 533 506 1518 531 506 1519 534 506 1520 532 507 1521 533 507 1522 535 507 1523 536 508 1524 537 508 1525 538 508 1526 536 509 1527 538 509 1528 539 509 1529 536 510 1530 539 510 1531 540 510 1532 540 511 1533 539 511 1534 541 511 1535 539 512 1536 538 512 1537 542 512 1538 539 513 1539 542 513 1540 541 513 1541 542 514 1542 538 514 1543 543 514 1544 541 515 1545 542 515 1546 544 515 1547 545 516 1548 546 516 1549 547 516 1550 546 517 1551 545 517 1552 548 517 1553 547 518 1554 546 518 1555 549 518 1556 547 519 1557 549 519 1558 550 519 1559 550 520 1560 549 520 1561 551 520 1562 551 521 1563 549 521 1564 552 521 1565 552 522 1566 549 522 1567 546 522 1568 552 523 1569 546 523 1570 553 523 1571 546 524 1572 548 524 1573 554 524 1574 546 525 1575 554 525 1576 553 525 1577 554 526 1578 548 526 1579 555 526 1580 554 527 1581 555 527 1582 553 527 1583 555 528 1584 548 528 1585 556 528 1586 553 529 1587 555 529 1588 557 529 1589 555 530 1590 556 530 1591 558 530 1592 557 531 1593 555 531 1594 559 531 1595 559 532 1596 555 532 1597 558 532 1598 560 533 1599 561 533 1600 562 533 1601 562 534 1602 561 534 1603 563 534 1604 563 535 1605 561 535 1606 564 535 1607 560 536 1608 562 536 1609 565 536 1610 560 537 1611 565 537 1612 566 537 1613 566 538 1614 565 538 1615 567 538 1616 568 539 1617 569 539 1618 570 539 1619 568 540 1620 570 540 1621 571 540 1622 569 541 1623 568 541 1624 572 541 1625 572 542 1626 568 542 1627 573 542 1628 571 543 1629 570 543 1630 574 543 1631 571 544 1632 574 544 1633 575 544 1634 572 545 1635 573 545 1636 576 545 1637 576 546 1638 573 546 1639 577 546 1640 576 547 1641 577 547 1642 578 547 1643 576 548 1644 578 548 1645 572 548 1646 575 549 1647 574 549 1648 579 549 1649 575 550 1650 579 550 1651 580 550 1652 581 551 1653 574 551 1654 570 551 1655 574 552 1656 581 552 1657 579 552 1658 580 553 1659 579 553 1660 582 553 1661 579 554 1662 582 554 1663 581 554 1664 580 555 1665 582 555 1666 583 555 1667 581 556 1668 570 556 1669 584 556 1670 584 557 1671 570 557 1672 569 557 1673 582 558 1674 581 558 1675 585 558 1676 585 559 1677 581 559 1678 584 559 1679 584 560 1680 569 560 1681 586 560 1682 586 561 1683 569 561 1684 572 561 1685 585 562 1686 584 562 1687 587 562 1688 587 563 1689 584 563 1690 586 563 1691 582 564 1692 585 564 1693 588 564 1694 588 565 1695 585 565 1696 587 565 1697 582 566 1698 588 566 1699 589 566 1700 582 567 1701 589 567 1702 590 567 1703 590 568 1704 589 568 1705 591 568 1706 590 569 1707 591 569 1708 592 569 1709 591 570 1710 589 570 1711 593 570 1712 593 571 1713 589 571 1714 588 571 1715 591 572 1716 593 572 1717 594 572 1718 593 573 1719 588 573 1720 595 573 1721 588 574 1722 595 574 1723 587 574 1724 593 575 1725 595 575 1726 596 575 1727 596 576 1728 595 576 1729 597 576 1730 597 577 1731 595 577 1732 587 577 1733 597 578 1734 587 578 1735 598 578 1736 598 579 1737 587 579 1738 586 579 1739 597 580 1740 598 580 1741 599 580 1742 597 581 1743 599 581 1744 600 581 1745 598 582 1746 586 582 1747 601 582 1748 598 583 1749 601 583 1750 599 583 1751 601 584 1752 586 584 1753 572 584 1754 600 585 1755 599 585 1756 602 585 1757 602 586 1758 599 586 1759 603 586 1760 601 587 1761 572 587 1762 604 587 1763 601 588 1764 604 588 1765 599 588 1766 604 589 1767 572 589 1768 578 589 1769 603 590 1770 599 590 1771 605 590 1772 605 591 1773 599 591 1774 604 591 1775 603 592 1776 605 592 1777 606 592 1778 604 593 1779 578 593 1780 607 593 1781 604 594 1782 607 594 1783 605 594 1784 605 595 1785 607 595 1786 606 595 1787 607 596 1788 578 596 1789 608 596 1790 606 597 1791 607 597 1792 609 597 1793 610 598 1794 611 598 1795 612 598 1796 610 599 1797 612 599 1798 613 599 1799 610 600 1800 613 600 1801 614 600 1802 614 601 1803 613 601 1804 615 601 1805 615 602 1806 613 602 1807 616 602 1808 616 603 1809 613 603 1810 617 603 1811 617 604 1812 613 604 1813 612 604 1814 617 605 1815 612 605 1816 618 605 1817 617 606 1818 618 606 1819 619 606 1820 620 607 1821 621 607 1822 622 607 1823 620 608 1824 622 608 1825 623 608 1826 623 609 1827 622 609 1828 624 609 1829 622 610 1830 624 610 1831 625 610 1832 624 611 1833 625 611 1834 626 611 1835 625 612 1836 626 612 1837 627 612 1838 625 613 1839 622 613 1840 628 613 1841 628 614 1842 622 614 1843 621 614 1844 625 615 1845 628 615 1846 627 615 1847 628 616 1848 621 616 1849 629 616 1850 628 617 1851 629 617 1852 627 617 1853 629 618 1854 621 618 1855 630 618 1856 627 619 1857 629 619 1858 631 619 1859 631 620 1860 627 620 1861 632 620 1862 629 621 1863 630 621 1864 633 621 1865 629 622 1866 633 622 1867 631 622 1868 633 623 1869 630 623 1870 634 623 1871 631 624 1872 633 624 1873 635 624 1874 636 625 1875 637 625 1876 638 625 1877 637 626 1878 636 626 1879 639 626 1880 640 627 1881 641 627 1882 642 627 1883 642 628 1884 641 628 1885 643 628 1886 644 629 1887 645 629 1888 646 629 1889 644 630 1890 646 630 1891 647 630 1892 648 631 1893 649 631 1894 650 631 1895 648 632 1896 650 632 1897 651 632 1898 648 633 1899 651 633 1900 652 633 1901 653 634 1902 654 634 1903 655 634 1904 653 635 1905 655 635 1906 656 635 1907 657 636 1908 658 636 1909 659 636 1910 659 637 1911 658 637 1912 660 637 1913 662 638 1914 661 638 1915 663 638 1916 663 639 1917 662 639 1918 664 639 1919 661 640 1920 663 640 1921 665 640 1922 665 641 1923 663 641 1924 666 641 1925 666 642 1926 663 642 1927 667 642 1928 668 643 1929 669 643 1930 670 643 1931 670 644 1932 669 644 1933 671 644 1934 672 645 1935 673 645 1936 674 645 1937 674 646 1938 673 646 1939 675 646 1940 676 647 1941 677 647 1942 678 647 1943 676 648 1944 678 648 1945 679 648 1946 679 649 1947 678 649 1948 680 649 1949 679 650 1950 680 650 1951 681 650 1952 679 651 1953 681 651 1954 682 651 1955 682 652 1956 681 652 1957 683 652 1958 682 653 1959 683 653 1960 684 653 1961 683 654 1962 681 654 1963 685 654 1964 685 655 1965 681 655 1966 680 655 1967 684 656 1968 683 656 1969 686 656 1970 686 657 1971 683 657 1972 685 657 1973 687 658 1974 684 658 1975 688 658 1976 688 659 1977 684 659 1978 689 659 1979 689 660 1980 684 660 1981 686 660 1982 688 661 1983 689 661 1984 690 661 1985 689 662 1986 686 662 1987 691 662 1988 689 663 1989 691 663 1990 690 663 1991 691 664 1992 686 664 1993 685 664 1994 691 665 1995 685 665 1996 692 665 1997 691 666 1998 692 666 1999 690 666 2000 692 667 2001 685 667 2002 680 667 2003 690 668 2004 692 668 2005 693 668 2006 690 669 2007 693 669 2008 694 669 2009 694 670 2010 693 670 2011 695 670 2012 693 671 2013 692 671 2014 696 671 2015 693 672 2016 696 672 2017 695 672 2018 692 673 2019 680 673 2020 697 673 2021 692 674 2022 697 674 2023 696 674 2024 697 675 2025 680 675 2026 698 675 2027 698 676 2028 680 676 2029 678 676 2030 698 677 2031 678 677 2032 699 677 2033 698 678 2034 699 678 2035 700 678 2036 697 679 2037 698 679 2038 701 679 2039 701 680 2040 698 680 2041 700 680 2042 697 681 2043 701 681 2044 696 681 2045 701 682 2046 700 682 2047 702 682 2048 701 683 2049 702 683 2050 703 683 2051 701 684 2052 703 684 2053 696 684 2054 703 685 2055 702 685 2056 704 685 2057 696 686 2058 703 686 2059 705 686 2060 705 687 2061 703 687 2062 704 687 2063 696 688 2064 705 688 2065 695 688 2066 705 689 2067 704 689 2068 706 689 2069 695 690 2070 705 690 2071 707 690 2072 707 691 2073 705 691 2074 706 691 2075 707 692 2076 706 692 2077 708 692 2078 707 693 2079 708 693 2080 709 693 2081 709 694 2082 708 694 2083 710 694 2084 709 695 2085 710 695 2086 711 695 2087 712 696 2088 713 696 2089 714 696 2090 712 697 2091 714 697 2092 715 697 2093 714 698 2094 713 698 2095 716 698 2096 716 699 2097 713 699 2098 717 699 2099 714 700 2100 716 700 2101 718 700 2102 714 701 2103 718 701 2104 719 701 2105 714 702 2106 719 702 2107 715 702 2108 715 703 2109 719 703 2110 720 703 2111 720 704 2112 719 704 2113 721 704 2114 720 705 2115 721 705 2116 722 705 2117 723 706 2118 724 706 2119 725 706 2120 726 707 2121 727 707 2122 728 707 2123 726 708 2124 728 708 2125 729 708 2126 726 709 2127 729 709 2128 730 709 2129 726 710 2130 730 710 2131 731 710 2132 727 711 2133 726 711 2134 732 711 2135 732 712 2136 726 712 2137 731 712 2138 727 713 2139 732 713 2140 733 713 2141 732 714 2142 731 714 2143 734 714 2144 733 715 2145 732 715 2146 735 715 2147 732 716 2148 734 716 2149 736 716 2150 732 717 2151 736 717 2152 735 717 2153 735 718 2154 736 718 2155 737 718 2156 738 719 2157 739 719 2158 740 719 2159 740 720 2160 739 720 2161 741 720 2162 738 721 2163 740 721 2164 742 721 2165 738 722 2166 742 722 2167 743 722 2168 740 723 2169 741 723 2170 744 723 2171 740 724 2172 744 724 2173 742 724 2174 744 725 2175 741 725 2176 745 725 2177 743 726 2178 742 726 2179 746 726 2180 743 727 2181 746 727 2182 747 727 2183 747 728 2184 746 728 2185 748 728 2186 746 729 2187 742 729 2188 749 729 2189 749 730 2190 742 730 2191 744 730 2192 748 731 2193 746 731 2194 750 731 2195 750 732 2196 746 732 2197 749 732 2198 748 733 2199 750 733 2200 751 733 2201 748 734 2202 751 734 2203 752 734 2204 752 735 2205 751 735 2206 753 735 2207 753 736 2208 751 736 2209 750 736 2210 752 737 2211 753 737 2212 754 737 2213 750 738 2214 749 738 2215 755 738 2216 750 739 2217 755 739 2218 753 739 2219 756 740 2220 749 740 2221 744 740 2222 749 741 2223 756 741 2224 755 741 2225 756 742 2226 744 742 2227 745 742 2228 754 743 2229 753 743 2230 757 743 2231 757 744 2232 753 744 2233 755 744 2234 754 745 2235 757 745 2236 758 745 2237 755 746 2238 756 746 2239 759 746 2240 758 747 2241 757 747 2242 759 747 2243 759 748 2244 757 748 2245 755 748 2246 759 749 2247 756 749 2248 745 749 2249 759 750 2250 745 750 2251 760 750 2252 760 751 2253 745 751 2254 761 751 2255 759 752 2256 760 752 2257 762 752 2258 759 753 2259 762 753 2260 763 753 2261 764 754 2262 765 754 2263 766 754 2264 766 755 2265 765 755 2266 767 755 2267 767 756 2268 765 756 2269 768 756 2270 767 757 2271 768 757 2272 769 757 2273 769 758 2274 768 758 2275 770 758 2276 769 759 2277 770 759 2278 771 759 2279 771 760 2280 770 760 2281 772 760 2282 770 761 2283 772 761 2284 768 761 2285 768 762 2286 765 762 2287 773 762 2288 773 763 2289 765 763 2290 774 763 2291 774 764 2292 765 764 2293 775 764 2294 773 765 2295 774 765 2296 776 765 2297 777 766 2298 778 766 2299 779 766 2300 778 767 2301 777 767 2302 780 767 2303 779 768 2304 778 768 2305 781 768 2306 779 769 2307 781 769 2308 782 769 2309 782 770 2310 781 770 2311 783 770 2312 782 771 2313 783 771 2314 784 771 2315 785 772 2316 786 772 2317 787 772 2318 787 773 2319 786 773 2320 788 773 2321 786 774 2322 785 774 2323 789 774 2324 789 775 2325 785 775 2326 790 775 2327 790 776 2328 785 776 2329 791 776 2330 792 777 2331 793 777 2332 794 777 2333 795 778 2334 792 778 2335 796 778 2336 796 779 2337 792 779 2338 794 779 2339 794 780 2340 793 780 2341 797 780 2342 797 781 2343 793 781 2344 798 781 2345 797 782 2346 798 782 2347 799 782 2348 797 783 2349 799 783 2350 800 783 2351 797 784 2352 800 784 2353 801 784 2354 797 785 2355 801 785 2356 794 785 2357 801 786 2358 800 786 2359 802 786 2360 796 787 2361 794 787 2362 803 787 2363 803 788 2364 794 788 2365 801 788 2366 796 789 2367 803 789 2368 804 789 2369 803 790 2370 801 790 2371 805 790 2372 804 791 2373 803 791 2374 806 791 2375 806 792 2376 803 792 2377 805 792 2378 804 793 2379 806 793 2380 807 793 2381 806 794 2382 807 794 2383 808 794 2384 808 795 2385 806 795 2386 809 795 2387 805 796 2388 801 796 2389 810 796 2390 805 797 2391 810 797 2392 806 797 2393 810 798 2394 801 798 2395 802 798 2396 806 799 2397 810 799 2398 809 799 2399 810 800 2400 802 800 2401 811 800 2402 809 801 2403 810 801 2404 812 801 2405 809 802 2406 812 802 2407 813 802 2408 813 803 2409 812 803 2410 814 803 2411 815 804 2412 816 804 2413 817 804 2414 815 805 2415 817 805 2416 818 805 2417 815 806 2418 818 806 2419 819 806 2420 815 807 2421 819 807 2422 820 807 2423 819 808 2424 818 808 2425 821 808 2426 821 809 2427 818 809 2428 822 809 2429 821 810 2430 822 810 2431 823 810 2432 823 811 2433 822 811 2434 824 811 2435 821 812 2436 823 812 2437 825 812 2438 821 813 2439 825 813 2440 819 813 2441 825 814 2442 823 814 2443 826 814 2444 825 815 2445 826 815 2446 827 815 2447 825 816 2448 827 816 2449 819 816 2450 828 817 2451 820 817 2452 819 817 2453 828 818 2454 819 818 2455 827 818 2456 820 819 2457 828 819 2458 829 819 2459 829 820 2460 828 820 2461 830 820 2462 829 821 2463 830 821 2464 831 821 2465 828 822 2466 827 822 2467 832 822 2468 828 823 2469 832 823 2470 830 823 2471 831 824 2472 830 824 2473 833 824 2474 833 825 2475 830 825 2476 832 825 2477 831 826 2478 833 826 2479 834 826 2480 832 827 2481 827 827 2482 835 827 2483 835 828 2484 827 828 2485 836 828 2486 835 829 2487 836 829 2488 837 829 2489 832 830 2490 835 830 2491 838 830 2492 832 831 2493 838 831 2494 833 831 2495 838 832 2496 835 832 2497 839 832 2498 838 833 2499 839 833 2500 840 833 2501 833 834 2502 838 834 2503 841 834 2504 841 835 2505 838 835 2506 840 835 2507 833 836 2508 841 836 2509 834 836 2510 841 837 2511 840 837 2512 842 837 2513 841 838 2514 842 838 2515 843 838 2516 841 839 2517 843 839 2518 834 839 2519 834 840 2520 843 840 2521 844 840 2522 844 841 2523 843 841 2524 845 841 2525 846 842 2526 847 842 2527 848 842 2528 847 843 2529 846 843 2530 849 843 2531 849 844 2532 846 844 2533 850 844 2534 850 845 2535 846 845 2536 851 845 2537 851 846 2538 846 846 2539 852 846 2540 851 847 2541 852 847 2542 853 847 2543 854 848 2544 855 848 2545 856 848 2546 857 849 2547 858 849 2548 859 849 2549 859 850 2550 858 850 2551 860 850 2552 860 851 2553 858 851 2554 861 851 2555 861 852 2556 858 852 2557 862 852 2558 859 853 2559 860 853 2560 863 853 2561 859 854 2562 863 854 2563 864 854 2564 863 855 2565 860 855 2566 865 855 2567 864 856 2568 863 856 2569 866 856 2570 866 857 2571 863 857 2572 865 857 2573 864 858 2574 866 858 2575 867 858 2576 861 859 2577 862 859 2578 868 859 2579 868 860 2580 862 860 2581 869 860 2582 868 861 2583 869 861 2584 870 861 2585 871 862 2586 860 862 2587 861 862 2588 871 863 2589 861 863 2590 868 863 2591 860 864 2592 871 864 2593 865 864 2594 868 865 2595 870 865 2596 872 865 2597 868 866 2598 872 866 2599 871 866 2600 871 867 2601 872 867 2602 865 867 2603 872 868 2604 870 868 2605 873 868 2606 872 869 2607 873 869 2608 874 869 2609 872 870 2610 874 870 2611 865 870 2612 874 871 2613 873 871 2614 875 871 2615 876 872 2616 866 872 2617 865 872 2618 876 873 2619 865 873 2620 874 873 2621 866 874 2622 876 874 2623 877 874 2624 874 875 2625 875 875 2626 878 875 2627 876 876 2628 874 876 2629 879 876 2630 877 877 2631 876 877 2632 880 877 2633 880 878 2634 876 878 2635 879 878 2636 879 879 2637 874 879 2638 881 879 2639 879 880 2640 881 880 2641 880 880 2642 881 881 2643 874 881 2644 878 881 2645 877 882 2646 880 882 2647 882 882 2648 877 883 2649 882 883 2650 883 883 2651 883 884 2652 882 884 2653 884 884 2654 884 885 2655 882 885 2656 885 885 2657 882 886 2658 880 886 2659 886 886 2660 886 887 2661 880 887 2662 881 887 2663 885 888 2664 882 888 2665 887 888 2666 887 889 2667 882 889 2668 886 889 2669 885 890 2670 887 890 2671 888 890 2672 888 891 2673 887 891 2674 889 891 2675 889 892 2676 887 892 2677 890 892 2678 890 893 2679 887 893 2680 886 893 2681 886 894 2682 881 894 2683 891 894 2684 886 895 2685 891 895 2686 2 895 2687 2 896 2688 891 896 2689 892 896 2690 891 897 2691 881 897 2692 878 897 2693 892 898 2694 891 898 2695 893 898 2696 891 899 2697 878 899 2698 894 899 2699 891 900 2700 894 900 2701 893 900 2702 894 901 2703 878 901 2704 895 901 2705 895 902 2706 878 902 2707 896 902 2708 896 903 2709 878 903 2710 897 903 2711 893 904 2712 894 904 2713 898 904 2714 893 905 2715 898 905 2716 899 905 2717 899 906 2718 898 906 2719 900 906 2720 899 907 2721 900 907 2722 901 907 2723 902 908 2724 903 908 2725 904 908 2726 903 909 2727 902 909 2728 905 909 2729 905 910 2730 902 910 2731 906 910 2732 907 911 2733 908 911 2734 909 911 2735 908 912 2736 907 912 2737 910 912 2738 911 913 2739 912 913 2740 913 913 2741 913 914 2742 912 914 2743 914 914 2744 911 915 2745 913 915 2746 915 915 2747 911 916 2748 915 916 2749 916 916 2750 917 917 2751 918 917 2752 919 917 2753 917 918 2754 919 918 2755 920 918 2756 918 919 2757 917 919 2758 921 919 2759 918 920 2760 921 920 2761 922 920 2762 918 921 2763 922 921 2764 923 921 2765 923 922 2766 922 922 2767 924 922 2768 923 923 2769 924 923 2770 925 923 2771 925 924 2772 924 924 2773 926 924 2774 926 925 2775 924 925 2776 927 925 2777 928 926 2778 929 926 2779 930 926 2780 928 927 2781 930 927 2782 931 927 2783 929 928 2784 928 928 2785 932 928 2786 932 929 2787 928 929 2788 933 929 2789 932 930 2790 933 930 2791 934 930 2792 935 931 2793 936 931 2794 937 931 2795 936 932 2796 935 932 2797 938 932 2798 936 933 2799 938 933 2800 939 933 2801 936 934 2802 939 934 2803 940 934 2804 940 935 2805 939 935 2806 941 935 2807 940 936 2808 941 936 2809 942 936 2810 941 937 2811 939 937 2812 943 937 2813 942 938 2814 941 938 2815 944 938 2816 941 939 2817 943 939 2818 945 939 2819 941 940 2820 945 940 2821 944 940 2822 946 941 2823 947 941 2824 948 941 2825 946 942 2826 948 942 2827 949 942 2828 947 943 2829 946 943 2830 950 943 2831 948 944 2832 947 944 2833 951 944 2834 951 945 2835 947 945 2836 950 945 2837 952 946 2838 953 946 2839 954 946 2840 952 947 2841 954 947 2842 955 947 2843 955 948 2844 954 948 2845 956 948 2846 955 949 2847 956 949 2848 957 949 2849 955 950 2850 957 950 2851 958 950 2852 958 951 2853 957 951 2854 959 951 2855 960 952 2856 961 952 2857 962 952 2858 963 953 2859 964 953 2860 965 953 2861 964 954 2862 963 954 2863 966 954 2864 967 955 2865 968 955 2866 969 955 2867 970 956 2868 971 956 2869 972 956 2870 971 957 2871 970 957 2872 973 957 2873 974 958 2874 975 958 2875 976 958 2876 974 959 2877 976 959 2878 977 959 2879 977 960 2880 976 960 2881 978 960 2882 977 961 2883 978 961 2884 979 961 2885 978 962 2886 976 962 2887 980 962 2888 979 963 2889 978 963 2890 981 963 2891 978 964 2892 980 964 2893 982 964 2894 981 965 2895 978 965 2896 983 965 2897 983 966 2898 978 966 2899 982 966 2900 981 967 2901 983 967 2902 984 967 2903 981 968 2904 984 968 2905 985 968 2906 985 969 2907 984 969 2908 986 969 2909 986 970 2910 984 970 2911 987 970 2912 984 971 2913 983 971 2914 988 971 2915 988 972 2916 983 972 2917 982 972 2918 984 973 2919 988 973 2920 987 973 2921 988 974 2922 982 974 2923 989 974 2924 988 975 2925 989 975 2926 987 975 2927 990 976 2928 991 976 2929 992 976 2930 993 977 2931 994 977 2932 995 977 2933 996 978 2934 997 978 2935 998 978 2936 997 979 2937 996 979 2938 999 979 2939 996 980 2940 998 980 2941 1000 980 2942 999 981 2943 996 981 2944 1001 981 2945 999 982 2946 1001 982 2947 1002 982 2948 1002 983 2949 1001 983 2950 1003 983 2951 1001 984 2952 996 984 2953 1004 984 2954 1004 985 2955 996 985 2956 1000 985 2957 1003 986 2958 1001 986 2959 1005 986 2960 1005 987 2961 1001 987 2962 1004 987 2963 1003 988 2964 1005 988 2965 1006 988 2966 1006 989 2967 1005 989 2968 1007 989 2969 1004 990 2970 1000 990 2971 1008 990 2972 1004 991 2973 1008 991 2974 1005 991 2975 1008 992 2976 1000 992 2977 1009 992 2978 1007 993 2979 1005 993 2980 1010 993 2981 1010 994 2982 1005 994 2983 1008 994 2984 1008 995 2985 1009 995 2986 1011 995 2987 1008 996 2988 1011 996 2989 1010 996 2990 1011 997 2991 1009 997 2992 1012 997 2993 1012 998 2994 1009 998 2995 1013 998 2996 1010 999 2997 1011 999 2998 1014 999 2999 1007 1000 3000 1010 1000 3001 1015 1000 3002 1015 1001 3003 1010 1001 3004 1014 1001 3005 1007 1002 3006 1015 1002 3007 1016 1002 3008 1016 1003 3009 1015 1003 3010 1017 1003 3011 1017 1004 3012 1015 1004 3013 1018 1004 3014 1018 1005 3015 1015 1005 3016 1014 1005 3017 1017 1006 3018 1018 1006 3019 1019 1006 3020 1020 1007 3021 1014 1007 3022 1011 1007 3023 1014 1008 3024 1020 1008 3025 1018 1008 3026 1020 1009 3027 1011 1009 3028 1012 1009 3029 1018 1010 3030 1020 1010 3031 1021 1010 3032 1018 1011 3033 1021 1011 3034 1022 1011 3035 1020 1012 3036 1012 1012 3037 1023 1012 3038 1020 1013 3039 1023 1013 3040 1021 1013 3041 1023 1014 3042 1012 1014 3043 1013 1014 3044 1023 1015 3045 1013 1015 3046 1024 1015 3047 1023 1016 3048 1024 1016 3049 1025 1016 3050 1023 1017 3051 1025 1017 3052 1026 1017 3053 1022 1018 3054 1021 1018 3055 1027 1018 3056 1027 1019 3057 1021 1019 3058 1023 1019 3059 1027 1020 3060 1023 1020 3061 1026 1020 3062 1022 1021 3063 1027 1021 3064 1028 1021 3065 1028 1022 3066 1027 1022 3067 1026 1022 3068 1029 1023 3069 1030 1023 3070 1031 1023 3071 1030 1024 3072 1029 1024 3073 1032 1024 3074 1030 1025 3075 1032 1025 3076 1033 1025 3077 1030 1026 3078 1033 1026 3079 1034 1026 3080 1034 1027 3081 1033 1027 3082 1035 1027 3083 1035 1028 3084 1033 1028 3085 1036 1028 3086 1036 1029 3087 1033 1029 3088 1032 1029 3089 1035 1030 3090 1036 1030 3091 1037 1030 3092 1037 1031 3093 1036 1031 3094 1038 1031 3095 1037 1032 3096 1038 1032 3097 1039 1032 3098 1038 1033 3099 1036 1033 3100 1040 1033 3101 1040 1034 3102 1036 1034 3103 1032 1034 3104 1040 1035 3105 1032 1035 3106 1041 1035 3107 1041 1036 3108 1032 1036 3109 1029 1036 3110 1041 1037 3111 1029 1037 3112 1042 1037 3113 1042 1038 3114 1029 1038 3115 1031 1038 3116 1041 1039 3117 1042 1039 3118 1043 1039 3119 1041 1040 3120 1043 1040 3121 1044 1040 3122 1031 1041 3123 1042 1041 3124 1045 1041 3125 1042 1042 3126 1045 1042 3127 1043 1042 3128 1044 1043 3129 1043 1043 3130 1046 1043 3131 1046 1044 3132 1043 1044 3133 1045 1044 3134 1044 1045 3135 1046 1045 3136 1047 1045 3137 1044 1046 3138 1047 1046 3139 1048 1046 3140 1047 1047 3141 1048 1047 3142 1049 1047 3143 1049 1048 3144 1047 1048 3145 1050 1048 3146 1050 1049 3147 1047 1049 3148 1046 1049 3149 1050 1050 3150 1046 1050 3151 1051 1050 3152 1051 1051 3153 1046 1051 3154 1045 1051 3155 1051 1052 3156 1050 1052 3157 1052 1052 3158 1052 1053 3159 1051 1053 3160 1053 1053 3161 1053 1054 3162 1051 1054 3163 1045 1054 3164 1053 1055 3165 1052 1055 3166 1031 1055 3167 1053 1056 3168 1045 1056 3169 1054 1056 3170 1053 1057 3171 1054 1057 3172 1031 1057 3173 1031 1058 3174 1054 1058 3175 1045 1058 3176 1055 1059 3177 1056 1059 3178 1057 1059 3179 1055 1060 3180 1057 1060 3181 1058 1060 3182 1055 1061 3183 1058 1061 3184 1059 1061 3185 1061 1062 3186 1060 1062 3187 1062 1062 3188 1060 1063 3189 1062 1063 3190 1063 1063 3191 1064 1064 3192 1065 1064 3193 1066 1064 3194 1064 1065 3195 1066 1065 3196 1067 1065 3197 1065 1066 3198 1064 1066 3199 1068 1066 3200 1065 1067 3201 1068 1067 3202 1069 1067 3203 1069 1068 3204 1068 1068 3205 1070 1068 3206 1069 1069 3207 1070 1069 3208 1071 1069 3209 1072 1070 3210 1073 1070 3211 1074 1070 3212 1073 1071 3213 1072 1071 3214 1075 1071 3215 1075 1072 3216 1072 1072 3217 1076 1072 3218 1075 1073 3219 1076 1073 3220 1077 1073 3221 1077 1074 3222 1076 1074 3223 1078 1074 3224 1077 1075 3225 1078 1075 3226 1079 1075 3227 1076 1076 3228 1072 1076 3229 1080 1076 3230 1076 1077 3231 1080 1077 3232 1078 1077 3233 1080 1078 3234 1072 1078 3235 1081 1078 3236 1082 1079 3237 1078 1079 3238 1083 1079 3239 1083 1080 3240 1078 1080 3241 1084 1080 3242 1083 1081 3243 1084 1081 3244 1085 1081 3245 1078 1082 3246 1080 1082 3247 1086 1082 3248 1078 1083 3249 1086 1083 3250 1084 1083 3251 1086 1084 3252 1080 1084 3253 1087 1084 3254 1087 1085 3255 1080 1085 3256 1081 1085 3257 1084 1086 3258 1086 1086 3259 1088 1086 3260 1084 1087 3261 1088 1087 3262 1085 1087 3263 1086 1088 3264 1087 1088 3265 1089 1088 3266 1086 1089 3267 1089 1089 3268 1088 1089 3269 1085 1090 3270 1088 1090 3271 1090 1090 3272 1085 1091 3273 1090 1091 3274 1091 1091 3275 1090 1092 3276 1088 1092 3277 1092 1092 3278 1088 1093 3279 1089 1093 3280 1093 1093 3281 1088 1094 3282 1093 1094 3283 1092 1094 3284 1087 1095 3285 1089 1095 3286 1094 1095 3287 1089 1096 3288 1094 1096 3289 1093 1096 3290 1092 1097 3291 1093 1097 3292 1095 1097 3293 1095 1098 3294 1093 1098 3295 1094 1098 3296 1092 1099 3297 1095 1099 3298 1096 1099 3299 1096 1100 3300 1095 1100 3301 1097 1100 3302 1097 1101 3303 1095 1101 3304 1098 1101 3305 1098 1102 3306 1095 1102 3307 1094 1102 3308 1099 1103 3309 1094 1103 3310 1087 1103 3311 1094 1104 3312 1099 1104 3313 1098 1104 3314 1099 1105 3315 1087 1105 3316 1081 1105 3317 1098 1106 3318 1099 1106 3319 1100 1106 3320 1098 1107 3321 1100 1107 3322 1101 1107 3323 1100 1108 3324 1099 1108 3325 1102 1108 3326 1102 1109 3327 1099 1109 3328 1081 1109 3329 1102 1110 3330 1081 1110 3331 1103 1110 3332 1103 1111 3333 1081 1111 3334 1104 1111 3335 1104 1112 3336 1103 1112 3337 1105 1112 3338 1104 1113 3339 1081 1113 3340 1072 1113 3341 1105 1114 3342 1104 1114 3343 1106 1114 3344 1106 1115 3345 1104 1115 3346 1072 1115 3347 1107 1116 3348 1108 1116 3349 1109 1116 3350 1109 1117 3351 1108 1117 3352 1110 1117 3353 1110 1118 3354 1108 1118 3355 1111 1118 3356 1111 1119 3357 1108 1119 3358 1112 1119 3359 1111 1120 3360 1112 1120 3361 1113 1120 3362 1111 1121 3363 1113 1121 3364 1114 1121 3365 1114 1122 3366 1113 1122 3367 1115 1122 3368 1114 1123 3369 1115 1123 3370 1116 1123 3371 1116 1124 3372 1115 1124 3373 1117 1124 3374 1117 1125 3375 1115 1125 3376 1118 1125 3377 1117 1126 3378 1118 1126 3379 1119 1126 3380 1117 1127 3381 1119 1127 3382 1120 1127 3383 1120 1128 3384 1119 1128 3385 1121 1128 3386 1122 1129 3387 1123 1129 3388 1124 1129 3389 1124 1130 3390 1123 1130 3391 1125 1130 3392 1125 1131 3393 1123 1131 3394 1126 1131 3395 1124 1132 3396 1125 1132 3397 1127 1132 3398 1124 1133 3399 1127 1133 3400 1128 1133 3401 1129 1134 3402 1130 1134 3403 1131 1134 3404 1129 1135 3405 1131 1135 3406 1132 1135 3407 1129 1136 3408 1132 1136 3409 1133 1136 3410 1133 1137 3411 1132 1137 3412 1134 1137 3413 1135 1138 3414 1136 1138 3415 1137 1138 3416 1137 1139 3417 1136 1139 3418 1138 1139 3419 1139 1140 3420 1140 1140 3421 1141 1140 3422 1140 1141 3423 1139 1141 3424 1142 1141 3425 1140 1142 3426 1142 1142 3427 1143 1142 3428 1142 1143 3429 1139 1143 3430 1144 1143 3431 1142 1144 3432 1144 1144 3433 1145 1144 3434 1142 1145 3435 1145 1145 3436 1146 1145 3437 1146 1146 3438 1145 1146 3439 1147 1146 3440 1148 1147 3441 1149 1147 3442 1150 1147 3443 1150 1148 3444 1149 1148 3445 1151 1148 3446 1149 1149 3447 1148 1149 3448 1152 1149 3449 1151 1150 3450 1149 1150 3451 1153 1150 3452 1149 1151 3453 1152 1151 3454 1154 1151 3455 1149 1152 3456 1154 1152 3457 1153 1152 3458 1154 1153 3459 1152 1153 3460 1155 1153 3461 1154 1154 3462 1155 1154 3463 1156 1154 3464 1156 1155 3465 1154 1155 3466 1157 1155 3467 1154 1156 3468 1157 1156 3469 1153 1156 3470 1153 1157 3471 1157 1157 3472 1158 1157 3473 1158 1158 3474 1157 1158 3475 1159 1158 3476 1159 1159 3477 1157 1159 3478 1160 1159 3479 1161 1160 3480 1162 1160 3481 1163 1160 3482 1161 1161 3483 1163 1161 3484 1164 1161 3485 1165 1162 3486 1166 1162 3487 1167 1162 3488 1167 1163 3489 1166 1163 3490 1168 1163 3491 1169 1164 3492 1170 1164 3493 1171 1164 3494 1171 1165 3495 1170 1165 3496 1172 1165 3497 1173 1166 3498 1174 1166 3499 1175 1166 3500 1175 1167 3501 1174 1167 3502 1176 1167 3503 1173 1168 3504 1175 1168 3505 1177 1168 3506 1176 1169 3507 1175 1169 3508 1178 1169 3509 1178 1170 3510 1175 1170 3511 1177 1170 3512 1179 1171 3513 1180 1171 3514 1181 1171 3515 1182 1172 3516 1183 1172 3517 1184 1172 3518 1182 1173 3519 1184 1173 3520 1185 1173 3521 1185 1174 3522 1184 1174 3523 1186 1174 3524 1187 1175 3525 1188 1175 3526 1189 1175 3527 1188 1176 3528 1187 1176 3529 1190 1176 3530 1187 1177 3531 1189 1177 3532 1191 1177 3533 1192 1178 3534 1193 1178 3535 1194 1178 3536 1194 1179 3537 1193 1179 3538 1195 1179 3539 1196 1180 3540 1197 1180 3541 1198 1180 3542 1199 1181 3543 1200 1181 3544 1201 1181 3545 1200 1182 3546 1199 1182 3547 1202 1182 3548 1203 1183 3549 1204 1183 3550 1205 1183 3551 1203 1184 3552 1205 1184 3553 1206 1184 3554 1206 1185 3555 1205 1185 3556 1207 1185 3557 1206 1186 3558 1207 1186 3559 1208 1186 3560 1209 1187 3561 1210 1187 3562 1211 1187 3563 1209 1188 3564 1211 1188 3565 1212 1188 3566 1213 1189 3567 1214 1189 3568 1215 1189 3569 1214 1190 3570 1213 1190 3571 1216 1190 3572 1214 1191 3573 1216 1191 3574 1217 1191 3575 1215 1192 3576 1214 1192 3577 1218 1192 3578 1218 1193 3579 1214 1193 3580 1217 1193 3581 1215 1194 3582 1218 1194 3583 1219 1194 3584 1218 1195 3585 1217 1195 3586 1220 1195 3587 1218 1196 3588 1220 1196 3589 1221 1196 3590 1221 1197 3591 1220 1197 3592 1222 1197 3593 1218 1198 3594 1221 1198 3595 1223 1198 3596 1219 1199 3597 1218 1199 3598 1224 1199 3599 1224 1200 3600 1218 1200 3601 1223 1200 3602 1219 1201 3603 1224 1201 3604 1225 1201 3605 1224 1202 3606 1223 1202 3607 1226 1202 3608 1225 1203 3609 1224 1203 3610 1227 1203 3611 1227 1204 3612 1224 1204 3613 1226 1204 3614 1225 1205 3615 1227 1205 3616 1228 1205 3617 1227 1206 3618 1226 1206 3619 1229 1206 3620 1227 1207 3621 1229 1207 3622 1230 1207 3623 1231 1208 3624 1232 1208 3625 1233 1208 3626 1234 1209 3627 1235 1209 3628 1236 1209 3629 1235 1210 3630 1234 1210 3631 1237 1210 3632 1237 1211 3633 1234 1211 3634 1238 1211 3635 1237 1212 3636 1238 1212 3637 1239 1212 3638 1239 1213 3639 1238 1213 3640 1240 1213 3641 1241 1214 3642 1242 1214 3643 1243 1214 3644 1244 1215 3645 1245 1215 3646 1246 1215 3647 1245 1216 3648 1244 1216 3649 1247 1216 3650 1247 1217 3651 1244 1217 3652 1248 1217 3653 1248 1218 3654 1244 1218 3655 1249 1218 3656 1247 1219 3657 1248 1219 3658 1250 1219 3659 1247 1220 3660 1250 1220 3661 1251 1220 3662 1247 1221 3663 1251 1221 3664 1252 1221 3665 1253 1222 3666 1254 1222 3667 1255 1222 3668 1254 1223 3669 1253 1223 3670 1256 1223 3671 1253 1224 3672 1255 1224 3673 1257 1224 3674 1258 1225 3675 1259 1225 3676 1260 1225 3677 1260 1226 3678 1259 1226 3679 1261 1226 3680 1260 1227 3681 1261 1227 3682 1262 1227 3683 1259 1228 3684 1258 1228 3685 1263 1228 3686 1259 1229 3687 1263 1229 3688 1264 1229 3689 1263 1230 3690 1258 1230 3691 1265 1230 3692 1263 1231 3693 1265 1231 3694 1264 1231 3695 1265 1232 3696 1258 1232 3697 1266 1232 3698 1264 1233 3699 1265 1233 3700 1267 1233 3701 1267 1234 3702 1265 1234 3703 1266 1234 3704 1268 1235 3705 1269 1235 3706 1270 1235 3707 1268 1236 3708 1270 1236 3709 1271 1236 3710 1271 1237 3711 1270 1237 3712 1269 1237 3713 1271 1238 3714 1269 1238 3715 1272 1238 3716 1272 1239 3717 1269 1239 3718 1273 1239 3719 1272 1240 3720 1273 1240 3721 1274 1240 3722 1274 1241 3723 1273 1241 3724 1275 1241 3725 1274 1242 3726 1275 1242 3727 1276 1242 3728 1276 1243 3729 1275 1243 3730 1277 1243 3731 1276 1244 3732 1277 1244 3733 1278 1244 3734 1279 1245 3735 1280 1245 3736 1281 1245 3737 1279 1246 3738 1281 1246 3739 1282 1246 3740 1282 1247 3741 1281 1247 3742 1283 1247 3743 1283 1248 3744 1281 1248 3745 1280 1248 3746 1283 1249 3747 1280 1249 3748 1284 1249 3749 1285 1250 3750 1286 1250 3751 1287 1250 3752 1286 1251 3753 1285 1251 3754 1288 1251 3755 1285 1252 3756 1287 1252 3757 1289 1252 3758 1285 1253 3759 1289 1253 3760 1290 1253 3761 1291 1254 3762 1292 1254 3763 1293 1254 3764 1294 1255 3765 1295 1255 3766 1296 1255 3767 1295 1256 3768 1294 1256 3769 1297 1256 3770 1298 1257 3771 1299 1257 3772 1300 1257 3773 1301 1258 3774 1302 1258 3775 1303 1258 3776 1304 1259 3777 1305 1259 3778 1306 1259 3779 1307 1260 3780 1308 1260 3781 1309 1260 3782 1310 1261 3783 1311 1261 3784 1312 1261 3785 1310 1262 3786 1312 1262 3787 1313 1262 3788 1313 1263 3789 1312 1263 3790 1314 1263 3791 1313 1264 3792 1314 1264 3793 1315 1264 3794 1315 1265 3795 1314 1265 3796 1316 1265 3797 1315 1266 3798 1316 1266 3799 1317 1266 3800 1315 1267 3801 1317 1267 3802 1313 1267 3803 1310 1268 3804 1313 1268 3805 1318 1268 3806 1318 1269 3807 1313 1269 3808 1317 1269 3809 1310 1270 3810 1318 1270 3811 1319 1270 3812 1319 1271 3813 1318 1271 3814 1320 1271 3815 1319 1272 3816 1320 1272 3817 1321 1272 3818 1320 1273 3819 1318 1273 3820 1322 1273 3821 1320 1274 3822 1322 1274 3823 1321 1274 3824 1322 1275 3825 1318 1275 3826 1317 1275 3827 1321 1276 3828 1322 1276 3829 1323 1276 3830 1323 1277 3831 1322 1277 3832 1324 1277 3833 1324 1278 3834 1322 1278 3835 1317 1278 3836 1324 1279 3837 1317 1279 3838 1325 1279 3839 1326 1280 3840 1327 1280 3841 1328 1280 3842 1329 1281 3843 1330 1281 3844 1331 1281 3845 1329 1282 3846 1330 1282 3847 1332 1282 3848 1329 1283 3849 1331 1283 3850 1333 1283 3851 1329 1284 3852 1333 1284 3853 1334 1284 3854 1332 1285 3855 1329 1285 3856 1335 1285 3857 1329 1286 3858 1334 1286 3859 1336 1286 3860 1329 1287 3861 1336 1287 3862 1335 1287 3863 1335 1288 3864 1336 1288 3865 1337 1288 3866 1335 1289 3867 1337 1289 3868 1338 1289 3869 1339 1290 3870 1340 1290 3871 1341 1290 3872 1339 1291 3873 1341 1291 3874 1342 1291 3875 1342 1292 3876 1341 1292 3877 1343 1292 3878 1339 1293 3879 1342 1293 3880 1344 1293 3881 1344 1294 3882 1342 1294 3883 1345 1294 3884 1344 1295 3885 1345 1295 3886 1346 1295 3887 1344 1296 3888 1346 1296 3889 1347 1296 3890 1344 1297 3891 1347 1297 3892 1348 1297 3893 1348 1298 3894 1347 1298 3895 1349 1298 3896 1348 1299 3897 1349 1299 3898 1350 1299 3899 1350 1300 3900 1349 1300 3901 1351 1300 3902 1351 1301 3903 1349 1301 3904 1352 1301 3905 1353 1302 3906 1354 1302 3907 1355 1302 3908 1356 1303 3909 1357 1303 3910 1358 1303 3911 1359 1304 3912 1360 1304 3913 1361 1304 3914 1361 1305 3915 1360 1305 3916 1362 1305 3917 1359 1306 3918 1360 1306 3919 1363 1306 3920 1360 1307 3921 1363 1307 3922 1364 1307 3923 1364 1308 3924 1363 1308 3925 1365 1308 3926 1367 1309 3927 1366 1309 3928 1368 1309 3929 1368 1310 3930 1367 1310 3931 1369 1310 3932 1366 1311 3933 1368 1311 3934 1370 1311 3935 1370 1312 3936 1368 1312 3937 1369 1312 3938 1371 1313 3939 1372 1313 3940 1373 1313 3941 1374 1314 3942 1375 1314 3943 1376 1314 3944 1376 1315 3945 1375 1315 3946 1377 1315 3947 1377 1316 3948 1375 1316 3949 1378 1316 3950 1377 1317 3951 1378 1317 3952 1379 1317 3953 1380 1318 3954 1381 1318 3955 1382 1318 3956 1383 1319 3957 1384 1319 3958 1385 1319 3959 1386 1320 3960 1387 1320 3961 1388 1320 3962 1388 1321 3963 1387 1321 3964 1389 1321 3965 1390 1322 3966 1391 1322 3967 1392 1322 3968 1393 1323 3969 1394 1323 3970 1395 1323 3971 1396 1324 3972 1397 1324 3973 1398 1324 3974 1399 1325 3975 1400 1325 3976 1401 1325 3977 1400 1326 3978 1399 1326 3979 1402 1326 3980 1403 1327 3981 1404 1327 3982 1405 1327 3983 1405 1328 3984 1404 1328 3985 1406 1328 3986 1404 1329 3987 1403 1329 3988 1407 1329 3989 1404 1330 3990 1407 1330 3991 1408 1330 3992 1408 1331 3993 1407 1331 3994 1409 1331 3995 1410 1332 3996 1411 1332 3997 1412 1332 3998 1412 1333 3999 1411 1333 4000 1413 1333 4001 1410 1334 4002 1412 1334 4003 1414 1334 4004 1415 1335 4005 1416 1335 4006 1417 1335 4007 1416 1336 4008 1415 1336 4009 1418 1336 4010 1418 1337 4011 1415 1337 4012 1419 1337 4013 1419 1338 4014 1415 1338 4015 1420 1338 4016 1419 1339 4017 1420 1339 4018 1421 1339 4019 1419 1340 4020 1421 1340 4021 1422 1340 4022 1422 1341 4023 1421 1341 4024 1423 1341 4025 1423 1342 4026 1421 1342 4027 1424 1342 4028 1421 1343 4029 1420 1343 4030 1425 1343 4031 1421 1344 4032 1425 1344 4033 1424 1344 4034 1424 1345 4035 1425 1345 4036 1426 1345 4037 1426 1346 4038 1425 1346 4039 1420 1346 4040 1424 1347 4041 1426 1347 4042 1427 1347 4043 1427 1348 4044 1426 1348 4045 1428 1348 4046 1428 1349 4047 1426 1349 4048 1420 1349 4049 1428 1350 4050 1420 1350 4051 1429 1350 4052 1430 1351 4053 1431 1351 4054 1432 1351 4055 1430 1352 4056 1432 1352 4057 1433 1352 4058 1434 1353 4059 1435 1353 4060 1436 1353 4061 1436 1354 4062 1435 1354 4063 1437 1354 4064 1437 1355 4065 1435 1355 4066 1438 1355 4067 1437 1356 4068 1438 1356 4069 1439 1356 4070 1437 1357 4071 1439 1357 4072 1440 1357 4073 1441 1358 4074 1442 1358 4075 1443 1358 4076 1444 1359 4077 1445 1359 4078 1446 1359 4079 1446 1360 4080 1445 1360 4081 1447 1360 4082 1447 1361 4083 1445 1361 4084 1448 1361 4085 1448 1362 4086 1445 1362 4087 1444 1362 4088 1448 1363 4089 1444 1363 4090 1449 1363 4091 1448 1364 4092 1449 1364 4093 1450 1364 4094 1448 1365 4095 1450 1365 4096 1451 1365 4097 1452 1366 4098 1453 1366 4099 1454 1366 4100 1453 1367 4101 1452 1367 4102 1455 1367 4103 1454 1368 4104 1453 1368 4105 1456 1368 4106 1456 1369 4107 1453 1369 4108 1457 1369 4109 1456 1370 4110 1457 1370 4111 1458 1370 4112 1459 1371 4113 1460 1371 4114 1461 1371 4115 1462 1372 4116 1463 1372 4117 1464 1372 4118 1463 1373 4119 1462 1373 4120 1465 1373 4121 1462 1374 4122 1464 1374 4123 1466 1374 4124 1462 1375 4125 1466 1375 4126 1467 1375 4127 1467 1376 4128 1466 1376 4129 1468 1376 4130 1468 1377 4131 1466 1377 4132 1469 1377 4133 1470 1378 4134 1471 1378 4135 1472 1378 4136 1473 1379 4137 1474 1379 4138 1475 1379 4139 1475 1380 4140 1474 1380 4141 1476 1380 4142 1477 1381 4143 1478 1381 4144 1479 1381 4145 1478 1382 4146 1477 1382 4147 1480 1382 4148 1481 1383 4149 1482 1383 4150 1483 1383 4151 1482 1384 4152 1481 1384 4153 1484 1384 4154 1483 1385 4155 1482 1385 4156 1485 1385 4157 1483 1386 4158 1485 1386 4159 1486 1386 4160 1481 1387 4161 1483 1387 4162 1487 1387 4163 1481 1388 4164 1487 1388 4165 1488 1388 4166 1489 1389 4167 1490 1389 4168 1491 1389 4169 1490 1390 4170 1491 1390 4171 1492 1390 4172 1490 1391 4173 1489 1391 4174 1493 1391 4175 1492 1392 4176 1490 1392 4177 1494 1392 4178 1490 1393 4179 1493 1393 4180 1495 1393 4181 1490 1394 4182 1495 1394 4183 1494 1394 4184 1496 1395 4185 1497 1395 4186 1498 1395 4187 1496 1396 4188 1498 1396 4189 1499 1396 4190 1500 1397 4191 1501 1397 4192 1502 1397 4193 1501 1398 4194 1500 1398 4195 1503 1398 4196 1503 1399 4197 1500 1399 4198 1504 1399 4199 1504 1400 4200 1500 1400 4201 1505 1400 4202 1505 1401 4203 1500 1401 4204 1502 1401 4205 1504 1402 4206 1505 1402 4207 1506 1402 4208 1506 1403 4209 1505 1403 4210 1502 1403 4211 1504 1404 4212 1506 1404 4213 1507 1404 4214 1507 1405 4215 1506 1405 4216 1508 1405 4217 1501 1406 4218 1503 1406 4219 1509 1406 4220 1509 1407 4221 1503 1407 4222 1510 1407 4223 1509 1408 4224 1510 1408 4225 1511 1408 4226 1509 1409 4227 1511 1409 4228 1512 1409 4229 1501 1410 4230 1509 1410 4231 1513 1410 4232 1513 1411 4233 1509 1411 4234 1512 1411 4235 1501 1412 4236 1513 1412 4237 1502 1412 4238 1512 1413 4239 1513 1413 4240 1514 1413 4241 1513 1414 4242 1514 1414 4243 1502 1414 4244 1502 1415 4245 1514 1415 4246 1515 1415 4247 1502 1416 4248 1515 1416 4249 1516 1416 4250 1502 1417 4251 1516 1417 4252 1506 1417 4253 1506 1418 4254 1516 1418 4255 1508 1418 4256 1516 1419 4257 1515 1419 4258 1517 1419 4259 1516 1420 4260 1517 1420 4261 1518 1420 4262 1516 1421 4263 1518 1421 4264 1508 1421 4265 1508 1422 4266 1518 1422 4267 1519 1422 4268 1520 1423 4269 1521 1423 4270 1522 1423 4271 1521 1424 4272 1520 1424 4273 1523 1424 4274 1520 1425 4275 1522 1425 4276 1524 1425 4277 1523 1426 4278 1520 1426 4279 1525 1426 4280 1520 1427 4281 1524 1427 4282 1526 1427 4283 1520 1428 4284 1526 1428 4285 1525 1428 4286 1526 1429 4287 1524 1429 4288 1527 1429 4289 1525 1430 4290 1526 1430 4291 1528 1430 4292 1525 1431 4293 1528 1431 4294 1529 1431 4295 1529 1432 4296 1528 1432 4297 1530 1432 4298 1530 1433 4299 1528 1433 4300 1526 1433 4301 1530 1434 4302 1526 1434 4303 1527 1434 4304 1530 1435 4305 1527 1435 4306 1531 1435 4307 1532 1436 4308 1533 1436 4309 1534 1436 4310 1532 1437 4311 1534 1437 4312 1535 1437 4313 1536 1438 4314 1537 1438 4315 1533 1438 4316 1536 1439 4317 1533 1439 4318 1538 1439 4319 1538 1440 4320 1533 1440 4321 1539 1440 4322 1539 1441 4323 1533 1441 4324 1532 1441 4325 1539 1442 4326 1532 1442 4327 1540 1442 4328 1540 1443 4329 1532 1443 4330 1541 1443 4331 1541 1444 4332 1532 1444 4333 1542 1444 4334 1541 1445 4335 1542 1445 4336 1543 1445 4337 1541 1446 4338 1543 1446 4339 1540 1446 4340 1539 1447 4341 1540 1447 4342 1544 1447 4343 1540 1448 4344 1543 1448 4345 1545 1448 4346 1545 1449 4347 1543 1449 4348 1546 1449 4349 1544 1450 4350 1540 1450 4351 1547 1450 4352 1547 1451 4353 1540 1451 4354 1545 1451 4355 1545 1452 4356 1546 1452 4357 1548 1452 4358 1547 1453 4359 1545 1453 4360 1549 1453 4361 1549 1454 4362 1545 1454 4363 1548 1454 4364 1547 1455 4365 1549 1455 4366 1550 1455 4367 1547 1456 4368 1550 1456 4369 1544 1456 4370 1550 1457 4371 1549 1457 4372 1548 1457 4373 1544 1458 4374 1550 1458 4375 1551 1458 4376 1544 1459 4377 1551 1459 4378 1552 1459 4379 1552 1460 4380 1551 1460 4381 1553 1460 4382 1553 1461 4383 1551 1461 4384 1554 1461 4385 1551 1462 4386 1550 1462 4387 1555 1462 4388 1554 1463 4389 1551 1463 4390 1556 1463 4391 1556 1464 4392 1551 1464 4393 1555 1464 4394 1555 1465 4395 1550 1465 4396 1557 1465 4397 1557 1466 4398 1550 1466 4399 1548 1466 4400 1555 1467 4401 1557 1467 4402 1556 1467 4403 1558 1468 4404 1559 1468 4405 1554 1468 4406 1558 1469 4407 1554 1469 4408 1556 1469 4409 1558 1470 4410 1556 1470 4411 1560 1470 4412 1560 1471 4413 1556 1471 4414 1561 1471 4415 1561 1472 4416 1556 1472 4417 1562 1472 4418 1561 1473 4419 1562 1473 4420 1563 1473 4421 1562 1474 4422 1556 1474 4423 1564 1474 4424 1564 1475 4425 1556 1475 4426 1557 1475 4427 1562 1476 4428 1564 1476 4429 1565 1476 4430 1565 1477 4431 1564 1477 4432 1566 1477 4433 1566 1478 4434 1564 1478 4435 1567 1478 4436 1567 1479 4437 1564 1479 4438 1568 1479 4439 1569 1480 4440 1570 1480 4441 1568 1480 4442 1568 1481 4443 1569 1481 4444 1571 1481 4445 1571 1482 4446 1568 1482 4447 1572 1482 4448 1568 1483 4449 1572 1483 4450 1564 1483 4451 1571 1484 4452 1572 1484 4453 1573 1484 4454 1572 1485 4455 1564 1485 4456 1574 1485 4457 1574 1486 4458 1564 1486 4459 1557 1486 4460 1572 1487 4461 1574 1487 4462 1575 1487 4463 1574 1488 4464 1557 1488 4465 1548 1488 4466 1574 1489 4467 1548 1489 4468 1575 1489 4469 1576 1490 4470 1577 1490 4471 1578 1490 4472 1578 1491 4473 1577 1491 4474 1579 1491 4475 1579 1492 4476 1577 1492 4477 1580 1492 4478 1580 1493 4479 1577 1493 4480 1581 1493 4481 1579 1494 4482 1580 1494 4483 1582 1494 4484 1583 1495 4485 1584 1495 4486 1585 1495 4487 1586 1496 4488 1587 1496 4489 1584 1496 4490 1586 1497 4491 1584 1497 4492 1588 1497 4493 1588 1498 4494 1584 1498 4495 1589 1498 4496 1589 1499 4497 1584 1499 4498 1583 1499 4499 1589 1500 4500 1583 1500 4501 1590 1500 4502 1590 1501 4503 1583 1501 4504 1591 1501 4505 1591 1502 4506 1583 1502 4507 1592 1502 4508 1592 1503 4509 1583 1503 4510 1593 1503 4511 1593 1504 4512 1583 1504 4513 1585 1504 4514 1592 1505 4515 1593 1505 4516 1594 1505 4517 1593 1506 4518 1585 1506 4519 1595 1506 4520 1593 1507 4521 1595 1507 4522 1594 1507 4523 1595 1508 4524 1585 1508 4525 1596 1508 4526 1594 1509 4527 1595 1509 4528 1597 1509 4529 1595 1510 4530 1596 1510 4531 1598 1510 4532 1597 1511 4533 1595 1511 4534 1599 1511 4535 1599 1512 4536 1595 1512 4537 1598 1512 4538 1600 1513 4539 1601 1513 4540 1602 1513 4541 1600 1514 4542 1602 1514 4543 1603 1514 4544 1602 1515 4545 1601 1515 4546 1604 1515 4547 1604 1516 4548 1601 1516 4549 1605 1516 4550 1604 1517 4551 1605 1517 4552 1606 1517 4553 1602 1518 4554 1604 1518 4555 1607 1518 4556 1607 1519 4557 1604 1519 4558 1606 1519 4559 1603 1520 4560 1602 1520 4561 1608 1520 4562 1608 1521 4563 1602 1521 4564 1607 1521 4565 1603 1522 4566 1608 1522 4567 1609 1522 4568 1609 1523 4569 1608 1523 4570 1607 1523 4571 1603 1524 4572 1609 1524 4573 1610 1524 4574 1607 1525 4575 1606 1525 4576 1611 1525 4577 1611 1526 4578 1606 1526 4579 1612 1526 4580 1609 1527 4581 1607 1527 4582 1613 1527 4583 1613 1528 4584 1607 1528 4585 1611 1528 4586 1609 1529 4587 1613 1529 4588 1614 1529 4589 1613 1530 4590 1611 1530 4591 1615 1530 4592 1614 1531 4593 1613 1531 4594 1616 1531 4595 1616 1532 4596 1613 1532 4597 1615 1532 4598 1617 1533 4599 1618 1533 4600 1619 1533 4601 1617 1534 4602 1619 1534 4603 1620 1534 4604 1621 1535 4605 1622 1535 4606 1623 1535 4607 1623 1536 4608 1622 1536 4609 1624 1536 4610 1623 1537 4611 1624 1537 4612 1625 1537 4613 1626 1538 4614 1627 1538 4615 1628 1538 4616 1626 1539 4617 1628 1539 4618 1629 1539 4619 1628 1540 4620 1627 1540 4621 1630 1540 4622 1628 1541 4623 1630 1541 4624 1631 1541 4625 1628 1542 4626 1631 1542 4627 1632 1542 4628 1628 1543 4629 1632 1543 4630 1633 1543 4631 1632 1544 4632 1631 1544 4633 1634 1544 4634 1633 1545 4635 1632 1545 4636 1635 1545 4637 1632 1546 4638 1634 1546 4639 1636 1546 4640 1635 1547 4641 1632 1547 4642 1637 1547 4643 1637 1548 4644 1632 1548 4645 1636 1548 4646 1638 1549 4647 1639 1549 4648 1640 1549 4649 1639 1550 4650 1638 1550 4651 1641 1550 4652 1638 1551 4653 1640 1551 4654 1642 1551 4655 1642 1552 4656 1640 1552 4657 1643 1552 4658 1642 1553 4659 1643 1553 4660 1644 1553 4661 1642 1554 4662 1644 1554 4663 1645 1554 4664 1642 1555 4665 1645 1555 4666 1646 1555 4667 1642 1556 4668 1646 1556 4669 1638 1556 4670 1638 1557 4671 1646 1557 4672 1647 1557 4673 1638 1558 4674 1647 1558 4675 1641 1558 4676 1641 1559 4677 1647 1559 4678 1648 1559 4679 1641 1560 4680 1648 1560 4681 1649 1560 4682 1649 1561 4683 1648 1561 4684 1650 1561 4685 1649 1562 4686 1650 1562 4687 1651 1562 4688 1650 1563 4689 1648 1563 4690 1652 1563 4691 1651 1564 4692 1650 1564 4693 1653 1564 4694 1650 1565 4695 1652 1565 4696 1654 1565 4697 1650 1566 4698 1654 1566 4699 1653 1566 4700 1653 1567 4701 1654 1567 4702 1655 1567 4703 1656 1568 4704 1657 1568 4705 1658 1568 4706 1658 1569 4707 1657 1569 4708 1659 1569 4709 1658 1570 4710 1659 1570 4711 1660 1570 4712 1659 1571 4713 1657 1571 4714 1661 1571 4715 1659 1572 4716 1661 1572 4717 1662 1572 4718 1659 1573 4719 1662 1573 4720 1663 1573 4721 1664 1574 4722 1665 1574 4723 1666 1574 4724 1667 1575 4725 1668 1575 4726 1669 1575 4727 1670 1576 4728 1671 1576 4729 1672 1576 4730 1671 1577 4731 1670 1577 4732 1673 1577 4733 1674 1578 4734 1675 1578 4735 1676 1578 4736 1677 1579 4737 1678 1579 4738 1679 1579 4739 1679 1580 4740 1678 1580 4741 1680 1580 4742 1679 1581 4743 1680 1581 4744 1681 1581 4745 1681 1582 4746 1680 1582 4747 1682 1582 4748 1681 1583 4749 1682 1583 4750 1683 1583 4751 1684 1584 4752 1685 1584 4753 1686 1584 4754 1684 1585 4755 1686 1585 4756 1687 1585 4757 1687 1586 4758 1686 1586 4759 1688 1586 4760 1684 1587 4761 1687 1587 4762 1689 1587 4763 1685 1588 4764 1684 1588 4765 1690 1588 4766 1686 1589 4767 1685 1589 4768 1691 1589 4769 1685 1590 4770 1690 1590 4771 1692 1590 4772 1685 1591 4773 1692 1591 4774 1693 1591 4775 1693 1592 4776 1692 1592 4777 1694 1592 4778 1691 1593 4779 1685 1593 4780 1695 1593 4781 1691 1594 4782 1695 1594 4783 1696 1594 4784 1685 1595 4785 1693 1595 4786 1697 1595 4787 1697 1596 4788 1685 1596 4789 1695 1596 4790 1697 1597 4791 1693 1597 4792 1698 1597 4793 1698 1598 4794 1693 1598 4795 1699 1598 4796 1697 1599 4797 1698 1599 4798 1700 1599 4799 1697 1600 4800 1700 1600 4801 1695 1600 4802 1700 1601 4803 1698 1601 4804 1701 1601 4805 1702 1602 4806 1696 1602 4807 1695 1602 4808 1702 1603 4809 1695 1603 4810 1700 1603 4811 1696 1604 4812 1702 1604 4813 1703 1604 4814 1700 1605 4815 1701 1605 4816 1704 1605 4817 1700 1606 4818 1704 1606 4819 1702 1606 4820 1704 1607 4821 1701 1607 4822 1705 1607 4823 1702 1608 4824 1704 1608 4825 1706 1608 4826 1702 1609 4827 1706 1609 4828 1703 1609 4829 1703 1610 4830 1706 1610 4831 1707 1610 4832 1703 1611 4833 1707 1611 4834 1708 1611 4835 1708 1612 4836 1707 1612 4837 1709 1612 4838 1707 1613 4839 1706 1613 4840 1710 1613 4841 1710 1614 4842 1706 1614 4843 1711 1614 4844 1709 1615 4845 1707 1615 4846 1712 1615 4847 1712 1616 4848 1707 1616 4849 1710 1616 4850 1709 1617 4851 1712 1617 4852 1713 1617 4853 1712 1618 4854 1710 1618 4855 1714 1618 4856 1713 1619 4857 1712 1619 4858 1715 1619 4859 1712 1620 4860 1715 1620 4861 1714 1620 4862 1715 1621 4863 1714 1621 4864 1716 1621 4865 1717 1622 4866 1718 1622 4867 1719 1622 4868 1720 1623 4869 1721 1623 4870 1722 1623 4871 1721 1624 4872 1720 1624 4873 1723 1624 4874 1724 1625 4875 1725 1625 4876 1726 1625 4877 1726 1626 4878 1725 1626 4879 1727 1626 4880 1727 1627 4881 1725 1627 4882 1728 1627 4883 1728 1628 4884 1725 1628 4885 1729 1628 4886 1728 1629 4887 1729 1629 4888 1730 1629 4889 1728 1630 4890 1730 1630 4891 1731 1630 4892 1731 1631 4893 1730 1631 4894 1732 1631 4895 1732 1632 4896 1730 1632 4897 1733 1632 4898 1732 1633 4899 1733 1633 4900 1734 1633 4901 1732 1634 4902 1734 1634 4903 1735 1634 4904 1734 1635 4905 1733 1635 4906 1736 1635 4907 1734 1636 4908 1736 1636 4909 1737 1636 4910 1734 1637 4911 1737 1637 4912 1738 1637 4913 1734 1638 4914 1738 1638 4915 1739 1638 4916 1738 1639 4917 1737 1639 4918 1740 1639 4919 1739 1640 4920 1738 1640 4921 1741 1640 4922 1741 1641 4923 1738 1641 4924 1740 1641 4925 1741 1642 4926 1740 1642 4927 1742 1642 4928 1742 1643 4929 1740 1643 4930 1743 1643 4931 1742 1644 4932 1743 1644 4933 1744 1644 4934 1742 1645 4935 1744 1645 4936 1745 1645 4937 1741 1646 4938 1742 1646 4939 1746 1646 4940 1746 1647 4941 1742 1647 4942 1745 1647 4943 1741 1648 4944 1746 1648 4945 1747 1648 4946 1746 1649 4947 1745 1649 4948 1748 1649 4949 1746 1650 4950 1748 1650 4951 1747 1650 4952 1747 1651 4953 1748 1651 4954 1749 1651 4955 1750 1652 4956 1751 1652 4957 1752 1652 4958 1753 1653 4959 1754 1653 4960 1755 1653 4961 1756 1654 4962 1757 1654 4963 1758 1654 4964 1756 1655 4965 1758 1655 4966 1759 1655 4967 1756 1656 4968 1759 1656 4969 1760 1656 4970 1761 1657 4971 1762 1657 4972 1763 1657 4973 1764 1658 4974 1765 1658 4975 1766 1658 4976 1767 1659 4977 1768 1659 4978 1769 1659 4979 1770 1660 4980 1771 1660 4981 1772 1660 4982 1772 1661 4983 1771 1661 4984 1773 1661 4985 1772 1662 4986 1773 1662 4987 1774 1662 4988 1772 1663 4989 1774 1663 4990 1775 1663 4991 1775 1664 4992 1774 1664 4993 1776 1664 4994 1775 1665 4995 1776 1665 4996 1777 1665 4997 1777 1666 4998 1776 1666 4999 1778 1666 5000 1779 1667 5001 1773 1667 5002 1780 1667 5003 1780 1668 5004 1773 1668 5005 1781 1668 5006 1782 1669 5007 1773 1669 5008 1771 1669 5009 1773 1670 5010 1782 1670 5011 1781 1670 5012 1782 1671 5013 1771 1671 5014 1783 1671 5015 1782 1672 5016 1783 1672 5017 1784 1672 5018 1781 1673 5019 1782 1673 5020 1785 1673 5021 1785 1674 5022 1782 1674 5023 1784 1674 5024 1781 1675 5025 1785 1675 5026 1786 1675 5027 1785 1676 5028 1784 1676 5029 3 1676 5030 1787 1677 5031 1788 1677 5032 1789 1677 5033 1787 1678 5034 1789 1678 5035 1790 1678 5036 1788 1679 5037 1787 1679 5038 1791 1679 5039 1788 1680 5040 1791 1680 5041 1792 1680 5042 1788 1681 5043 1792 1681 5044 1793 1681 5045 1788 1682 5046 1793 1682 5047 1794 1682 5048 1793 1683 5049 1792 1683 5050 1795 1683 5051 1795 1684 5052 1792 1684 5053 1796 1684 5054 1795 1685 5055 1796 1685 5056 1797 1685 5057 1797 1686 5058 1796 1686 5059 1798 1686 5060 1797 1687 5061 1798 1687 5062 1799 1687 5063 1799 1688 5064 1798 1688 5065 1800 1688 5066 1799 1689 5067 1800 1689 5068 1801 1689 5069 1802 1690 5070 1803 1690 5071 1804 1690 5072 1805 1691 5073 1806 1691 5074 1807 1691 5075 1806 1692 5076 1807 1692 5077 1808 1692 5078 1808 1693 5079 1806 1693 5080 1809 1693 5081 1808 1694 5082 1809 1694 5083 1810 1694 5084 1809 1695 5085 1806 1695 5086 1811 1695 5087 1810 1696 5088 1809 1696 5089 1812 1696 5090 1810 1697 5091 1812 1697 5092 1813 1697 5093 1811 1698 5094 1806 1698 5095 1814 1698 5096 1812 1699 5097 1809 1699 5098 1815 1699 5099 1809 1700 5100 1811 1700 5101 1816 1700 5102 1809 1701 5103 1816 1701 5104 1815 1701 5105 1812 1702 5106 1815 1702 5107 1817 1702 5108 1812 1703 5109 1817 1703 5110 1818 1703 5111 1812 1704 5112 1818 1704 5113 1819 1704 5114 1818 1705 5115 1817 1705 5116 1820 1705 5117 1815 1706 5118 1816 1706 5119 1821 1706 5120 1815 1707 5121 1821 1707 5122 1822 1707 5123 1823 1708 5124 1816 1708 5125 1811 1708 5126 1821 1709 5127 1816 1709 5128 1824 1709 5129 1824 1710 5130 1816 1710 5131 1823 1710 5132 1823 1711 5133 1811 1711 5134 1825 1711 5135 1825 1712 5136 1811 1712 5137 1814 1712 5138 1824 1713 5139 1823 1713 5140 1826 1713 5141 1826 1714 5142 1823 1714 5143 1825 1714 5144 1821 1715 5145 1824 1715 5146 1827 1715 5147 1821 1716 5148 1827 1716 5149 1822 1716 5150 1824 1717 5151 1826 1717 5152 1828 1717 5153 1824 1718 5154 1828 1718 5155 1827 1718 5156 1826 1719 5157 1825 1719 5158 1829 1719 5159 1826 1720 5160 1829 1720 5161 1828 1720 5162 1829 1721 5163 1825 1721 5164 1830 1721 5165 1830 1722 5166 1825 1722 5167 1814 1722 5168 1828 1723 5169 1829 1723 5170 1831 1723 5171 1831 1724 5172 1829 1724 5173 1830 1724 5174 1828 1725 5175 1831 1725 5176 1827 1725 5177 1830 1726 5178 1814 1726 5179 1832 1726 5180 1830 1727 5181 1832 1727 5182 1831 1727 5183 1832 1728 5184 1814 1728 5185 1833 1728 5186 1832 1729 5187 1833 1729 5188 1834 1729 5189 1832 1730 5190 1834 1730 5191 1831 1730 5192 1834 1731 5193 1833 1731 5194 1835 1731 5195 1831 1732 5196 1834 1732 5197 1836 1732 5198 1831 1733 5199 1836 1733 5200 1827 1733 5201 1836 1734 5202 1834 1734 5203 1837 1734 5204 1827 1735 5205 1836 1735 5206 1838 1735 5207 1838 1736 5208 1836 1736 5209 1837 1736 5210 1827 1737 5211 1838 1737 5212 1839 1737 5213 1827 1738 5214 1839 1738 5215 1822 1738 5216 1822 1739 5217 1839 1739 5218 1840 1739 5219 1838 1740 5220 1837 1740 5221 1841 1740 5222 1838 1741 5223 1841 1741 5224 1839 1741 5225 1841 1742 5226 1837 1742 5227 1842 1742 5228 1840 1743 5229 1839 1743 5230 1843 1743 5231 1843 1744 5232 1839 1744 5233 1841 1744 5234 1840 1745 5235 1843 1745 5236 1844 1745 5237 1844 1746 5238 1843 1746 5239 1841 1746 5240 1840 1747 5241 1844 1747 5242 1845 1747 5243 1844 1748 5244 1841 1748 5245 1846 1748 5246 1844 1749 5247 1846 1749 5248 1847 1749 5249 1847 1750 5250 1846 1750 5251 1848 1750 5252 1844 1751 5253 1847 1751 5254 1849 1751 5255 1849 1752 5256 1847 1752 5257 1850 1752 5258 1845 1753 5259 1844 1753 5260 1851 1753 5261 1851 1754 5262 1844 1754 5263 1849 1754 5264 1851 1755 5265 1849 1755 5266 1852 1755 5267 1845 1756 5268 1851 1756 5269 1853 1756 5270 1853 1757 5271 1851 1757 5272 1854 1757 5273 1855 1758 5274 1856 1758 5275 1857 1758 5276 1855 1759 5277 1857 1759 5278 1858 1759 5279 1855 1760 5280 1858 1760 5281 1859 1760 5282 1859 1761 5283 1858 1761 5284 1860 1761 5285 1860 1762 5286 1858 1762 5287 1861 1762 5288 1860 1763 5289 1861 1763 5290 1862 1763 5291 1863 1764 5292 1864 1764 5293 1865 1764 5294 1866 1765 5295 1867 1765 5296 1868 1765 5297 1869 1766 5298 1870 1766 5299 1871 1766 5300 1871 1767 5301 1870 1767 5302 1872 1767 5303 1872 1768 5304 1870 1768 5305 1873 1768 5306 1870 1769 5307 1869 1769 5308 1874 1769 5309 1874 1770 5310 1869 1770 5311 1875 1770 5312 1876 1771 5313 1877 1771 5314 1878 1771 5315 1877 1772 5316 1876 1772 5317 1879 1772 5318 1877 1773 5319 1879 1773 5320 1880 1773 5321 1881 1774 5322 1882 1774 5323 1883 1774 5324 1883 1775 5325 1882 1775 5326 1884 1775 5327 1885 1776 5328 1886 1776 5329 1887 1776 5330 1886 1777 5331 1885 1777 5332 1888 1777 5333 1886 1778 5334 1888 1778 5335 1889 1778 5336 1889 1779 5337 1888 1779 5338 1890 1779 5339 1889 1780 5340 1890 1780 5341 1891 1780 5342 1892 1781 5343 1893 1781 5344 1894 1781 5345 1893 1782 5346 1892 1782 5347 1895 1782 5348 1892 1783 5349 1894 1783 5350 1896 1783 5351 1896 1784 5352 1894 1784 5353 1897 1784 5354 1897 1785 5355 1894 1785 5356 1898 1785 5357 1897 1786 5358 1898 1786 5359 1899 1786 5360 1895 1787 5361 1892 1787 5362 1900 1787 5363 1895 1788 5364 1900 1788 5365 1901 1788 5366 1901 1789 5367 1900 1789 5368 1902 1789 5369 1895 1790 5370 1901 1790 5371 1903 1790 5372 1901 1791 5373 1902 1791 5374 1904 1791 5375 1901 1792 5376 1904 1792 5377 1903 1792 5378 1905 1793 5379 1906 1793 5380 1907 1793 5381 1907 1794 5382 1906 1794 5383 1908 1794 5384 1908 1795 5385 1906 1795 5386 1909 1795 5387 1907 1796 5388 1908 1796 5389 1910 1796 5390 1910 1797 5391 1908 1797 5392 1911 1797 5393 1911 1798 5394 1908 1798 5395 1912 1798 5396 1913 1799 5397 1914 1799 5398 1915 1799 5399 1914 1800 5400 1913 1800 5401 1916 1800 5402 1913 1801 5403 1915 1801 5404 1917 1801 5405 1916 1802 5406 1913 1802 5407 1918 1802 5408 1913 1803 5409 1917 1803 5410 1919 1803 5411 1913 1804 5412 1918 1804 5413 1920 1804 5414 1920 1805 5415 1913 1805 5416 1919 1805 5417 1918 1806 5418 1920 1806 5419 1921 1806 5420 1920 1807 5421 1919 1807 5422 1922 1807 5423 1921 1808 5424 1920 1808 5425 1923 1808 5426 1923 1809 5427 1920 1809 5428 1922 1809 5429 1924 1810 5430 1925 1810 5431 1926 1810 5432 1926 1811 5433 1925 1811 5434 1927 1811 5435 1926 1812 5436 1927 1812 5437 1928 1812 5438 1924 1813 5439 1926 1813 5440 1929 1813 5441 1924 1814 5442 1929 1814 5443 1930 1814 5444 1931 1815 5445 1932 1815 5446 1933 1815 5447 1933 1816 5448 1932 1816 5449 1934 1816 5450 1932 1817 5451 1931 1817 5452 1935 1817 5453 1935 1818 5454 1931 1818 5455 1936 1818 5456 1936 1819 5457 1931 1819 5458 1937 1819 5459 1938 1820 5460 1939 1820 5461 1940 1820 5462 1939 1821 5463 1938 1821 5464 1941 1821 5465 1942 1822 5466 1943 1822 5467 1944 1822 5468 1944 1823 5469 1943 1823 5470 1945 1823 5471 1945 1824 5472 1943 1824 5473 1946 1824 5474 1945 1825 5475 1946 1825 5476 1947 1825 5477 1947 1826 5478 1946 1826 5479 1948 1826 5480 1947 1827 5481 1948 1827 5482 1949 1827 5483 1950 1828 5484 1951 1828 5485 1952 1828 5486 1951 1829 5487 1950 1829 5488 1953 1829 5489 1950 1830 5490 1952 1830 5491 1954 1830 5492 1951 1831 5493 1953 1831 5494 1955 1831 5495 1955 1832 5496 1953 1832 5497 1956 1832 5498 1955 1833 5499 1956 1833 5500 1957 1833 5501 1954 1834 5502 1952 1834 5503 1958 1834 5504 1958 1835 5505 1952 1835 5506 1959 1835 5507 1958 1836 5508 1959 1836 5509 1960 1836 5510 1958 1837 5511 1960 1837 5512 1961 1837 5513 1958 1838 5514 1961 1838 5515 1962 1838 5516 1962 1839 5517 1961 1839 5518 1963 1839 5519 1961 1840 5520 1960 1840 5521 1964 1840 5522 1963 1841 5523 1961 1841 5524 1965 1841 5525 1961 1842 5526 1964 1842 5527 1966 1842 5528 1961 1843 5529 1966 1843 5530 1965 1843 5531 1964 1844 5532 1960 1844 5533 1967 1844 5534 1964 1845 5535 1967 1845 5536 1966 1845 5537 1967 1846 5538 1960 1846 5539 1968 1846 5540 1968 1847 5541 1960 1847 5542 1969 1847 5543 1968 1848 5544 1969 1848 5545 1 1848 5546 1968 1849 5547 1 1849 5548 1967 1849 5549 1 1850 5550 1969 1850 5551 1970 1850 5552 1 1851 5553 1970 1851 5554 1967 1851 5555 1967 1852 5556 1970 1852 5557 1966 1852 5558 1966 1853 5559 1970 1853 5560 1971 1853 5561 1972 1854 5562 1965 1854 5563 1966 1854 5564 1972 1855 5565 1966 1855 5566 1971 1855 5567 1971 1856 5568 1970 1856 5569 1973 1856 5570 1971 1857 5571 1973 1857 5572 1972 1857 5573 1973 1858 5574 1970 1858 5575 1974 1858 5576 1973 1859 5577 1974 1859 5578 1975 1859 5579 1973 1860 5580 1975 1860 5581 1972 1860 5582 1965 1861 5583 1972 1861 5584 1976 1861 5585 1965 1862 5586 1976 1862 5587 1963 1862 5588 1963 1863 5589 1976 1863 5590 1977 1863 5591 1977 1864 5592 1976 1864 5593 1978 1864 5594 1978 1865 5595 1976 1865 5596 1972 1865 5597 1978 1866 5598 1972 1866 5599 1979 1866 5600 1980 1867 5601 1981 1867 5602 1982 1867 5603 1981 1868 5604 1980 1868 5605 1983 1868 5606 1981 1869 5607 1983 1869 5608 1984 1869 5609 1982 1870 5610 1981 1870 5611 1985 1870 5612 1985 1871 5613 1981 1871 5614 1984 1871 5615 1982 1872 5616 1985 1872 5617 1986 1872 5618 1985 1873 5619 1984 1873 5620 1987 1873 5621 1985 1874 5622 1987 1874 5623 1986 1874 5624 1986 1875 5625 1987 1875 5626 1988 1875 5627 1986 1876 5628 1988 1876 5629 1989 1876 5630 1989 1877 5631 1988 1877 5632 1990 1877 5633 1990 1878 5634 1988 1878 5635 1991 1878 5636 1988 1879 5637 1987 1879 5638 1992 1879 5639 1992 1880 5640 1987 1880 5641 1993 1880 5642 1988 1881 5643 1992 1881 5644 1994 1881 5645 1988 1882 5646 1994 1882 5647 1995 1882 5648 1988 1883 5649 1995 1883 5650 1991 1883 5651 1995 1884 5652 1994 1884 5653 1996 1884 5654 1995 1885 5655 1996 1885 5656 1997 1885 5657 1991 1886 5658 1995 1886 5659 1998 1886 5660 1998 1887 5661 1995 1887 5662 1997 1887 5663 1991 1888 5664 1998 1888 5665 1999 1888 5666 1998 1889 5667 1997 1889 5668 2000 1889 5669 2001 1890 5670 2002 1890 5671 2003 1890 5672 2001 1891 5673 2003 1891 5674 2004 1891 5675 2005 1892 5676 2006 1892 5677 2007 1892 5678 2005 1893 5679 2007 1893 5680 2008 1893 5681 2009 1894 5682 2010 1894 5683 2011 1894 5684 2011 1895 5685 2010 1895 5686 2012 1895 5687 2009 1896 5688 2011 1896 5689 2013 1896 5690 2009 1897 5691 2013 1897 5692 2014 1897 5693 2014 1898 5694 2013 1898 5695 2015 1898 5696 2014 1899 5697 2015 1899 5698 2016 1899 5699 2014 1900 5700 2016 1900 5701 2017 1900 5702 2018 1901 5703 2019 1901 5704 2020 1901 5705 2018 1902 5706 2019 1902 5707 2021 1902 5708 2019 1903 5709 2021 1903 5710 2022 1903 5711 2019 1904 5712 2022 1904 5713 2023 1904 5714 2023 1905 5715 2022 1905 5716 2024 1905 5717 2024 1906 5718 2022 1906 5719 2025 1906 5720 2024 1907 5721 2025 1907 5722 2026 1907 5723 2022 1908 5724 2021 1908 5725 2027 1908 5726 2022 1909 5727 2027 1909 5728 2025 1909 5729 2028 1910 5730 2021 1910 5731 2018 1910 5732 2021 1911 5733 2028 1911 5734 2027 1911 5735 2026 1912 5736 2025 1912 5737 2029 1912 5738 2026 1913 5739 2029 1913 5740 2030 1913 5741 2026 1914 5742 2030 1914 5743 2031 1914 5744 2029 1915 5745 2025 1915 5746 2032 1915 5747 2029 1916 5748 2032 1916 5749 2030 1916 5750 2032 1917 5751 2025 1917 5752 2027 1917 5753 2030 1918 5754 2032 1918 5755 2033 1918 5756 2032 1919 5757 2027 1919 5758 2034 1919 5759 2034 1920 5760 2027 1920 5761 2028 1920 5762 2033 1921 5763 2032 1921 5764 2035 1921 5765 2035 1922 5766 2032 1922 5767 2034 1922 5768 2035 1923 5769 2034 1923 5770 2028 1923 5771 2035 1924 5772 2028 1924 5773 2036 1924 5774 2035 1925 5775 2036 1925 5776 2037 1925 5777 2037 1926 5778 2036 1926 5779 2038 1926 5780 2036 1927 5781 2028 1927 5782 2039 1927 5783 2036 1928 5784 2039 1928 5785 2040 1928 5786 2039 1929 5787 2028 1929 5788 2018 1929 5789 2039 1930 5790 2018 1930 5791 2041 1930 5792 2039 1931 5793 2041 1931 5794 2042 1931 5795 2042 1932 5796 2041 1932 5797 2043 1932 5798 2044 1933 5799 2045 1933 5800 2046 1933 5801 2044 1934 5802 2046 1934 5803 2047 1934 5804 2048 1935 5805 2049 1935 5806 2050 1935 5807 2051 1936 5808 2052 1936 5809 2053 1936 5810 2051 1937 5811 2053 1937 5812 2054 1937 5813 2055 1938 5814 2056 1938 5815 2057 1938 5816 2058 1939 5817 2059 1939 5818 2060 1939 5819 2061 1940 5820 2062 1940 5821 2063 1940 5822 2064 1941 5823 2065 1941 5824 2066 1941 5825 2066 1942 5826 2065 1942 5827 2067 1942 5828 2068 1943 5829 2069 1943 5830 2070 1943 5831 2069 1944 5832 2068 1944 5833 2071 1944 5834 2071 1945 5835 2068 1945 5836 2072 1945 5837 2073 1946 5838 2074 1946 5839 2075 1946 5840 2075 1947 5841 2074 1947 5842 2076 1947 5843 2075 1948 5844 2076 1948 5845 2077 1948 5846 2073 1949 5847 2075 1949 5848 2078 1949 5849 2073 1950 5850 2078 1950 5851 2079 1950 5852 2076 1951 5853 2074 1951 5854 2080 1951 5855 2076 1952 5856 2080 1952 5857 2081 1952 5858 2074 1953 5859 2073 1953 5860 2082 1953 5861 2074 1954 5862 2082 1954 5863 2080 1954 5864 2073 1955 5865 2079 1955 5866 2083 1955 5867 2073 1956 5868 2083 1956 5869 2082 1956 5870 2083 1957 5871 2079 1957 5872 2084 1957 5873 2080 1958 5874 2081 1958 5875 2085 1958 5876 2081 1959 5877 2085 1959 5878 2086 1959 5879 2086 1960 5880 2085 1960 5881 2087 1960 5882 2087 1961 5883 2085 1961 5884 2080 1961 5885 2087 1962 5886 2080 1962 5887 2088 1962 5888 2083 1963 5889 2084 1963 5890 2089 1963 5891 2083 1964 5892 2089 1964 5893 2082 1964 5894 2089 1965 5895 2084 1965 5896 2090 1965 5897 2091 1966 5898 2080 1966 5899 2082 1966 5900 2080 1967 5901 2091 1967 5902 2088 1967 5903 2082 1968 5904 2089 1968 5905 2092 1968 5906 2092 1969 5907 2089 1969 5908 2090 1969 5909 2082 1970 5910 2092 1970 5911 2093 1970 5912 2082 1971 5913 2093 1971 5914 2091 1971 5915 2090 1972 5916 2084 1972 5917 2094 1972 5918 2090 1973 5919 2094 1973 5920 2092 1973 5921 2094 1974 5922 2084 1974 5923 2095 1974 5924 2093 1975 5925 2092 1975 5926 2096 1975 5927 2096 1976 5928 2092 1976 5929 2094 1976 5930 2093 1977 5931 2096 1977 5932 2091 1977 5933 2096 1978 5934 2094 1978 5935 2097 1978 5936 2096 1979 5937 2097 1979 5938 2091 1979 5939 2091 1980 5940 2097 1980 5941 2098 1980 5942 2091 1981 5943 2098 1981 5944 2099 1981 5945 2091 1982 5946 2099 1982 5947 2088 1982 5948 2088 1983 5949 2099 1983 5950 2100 1983 5951 2088 1984 5952 2100 1984 5953 2101 1984 5954 2100 1985 5955 2099 1985 5956 2102 1985 5957 2104 1986 5958 2103 1986 5959 2105 1986 5960 2104 1987 5961 2103 1987 5962 2106 1987 5963 2106 1988 5964 2103 1988 5965 2107 1988 5966 2104 1989 5967 2106 1989 5968 2108 1989 5969 2104 1990 5970 2108 1990 5971 2109 1990 5972 2109 1991 5973 2108 1991 5974 2110 1991 5975 2111 1992 5976 2112 1992 5977 2113 1992 5978 2113 1993 5979 2112 1993 5980 2114 1993 5981 2114 1994 5982 2112 1994 5983 2115 1994 5984 2116 1995 5985 2117 1995 5986 2118 1995 5987 2119 1996 5988 2120 1996 5989 2121 1996 5990 2122 1997 5991 2123 1997 5992 2124 1997 5993 2125 1998 5994 2126 1998 5995 2127 1998 5996 2127 1999 5997 2126 1999 5998 2128 1999 5999</p>
        </polylist>
      </mesh>
    </geometry>
  </library_geometries>
  <library_visual_scenes>
    <visual_scene id="Scene" name="Scene">
      <node id="MysteryBox" name="MysteryBox" type="NODE">
        <scale sid="scale">1 1 1</scale>
        <translate sid="location">0 -0.1 0</translate>
        <rotate sid="rotationX">1 0 0 0</rotate>
        <rotate sid="rotationY">0 1 0 0</rotate>
        <rotate sid="rotationZ">0 0 1 0</rotate>
        <instance_geometry url="#MysteryBox-mesh" name="MysteryBox">
          <bind_material>
            <technique_common>
            </technique_common>
          </bind_material>
        </instance_geometry>
      </node>
    </visual_scene>
  </library_visual_scenes>
  <scene>
    <instance_visual_scene url="#Scene"/>
  </scene>
</COLLADA>
