<?xml version="1.0" encoding="utf-8"?>
<COLLADA xmlns="http://www.collada.org/2005/11/COLLADASchema" version="1.4.1" xmlns:xsi="http://www.w3.org/2001/XMLSchema-instance">
  <asset>
    <contributor>
      <author>Blockbench user</author>
      <authoring_tool>Blockbench</authoring_tool>
    </contributor>
    <created>2026-05-29T14:23:34.630Z</created>
    <modified>2026-05-29T14:23:34.630Z</modified>
    <unit name="meter" meter="1.0"/>
    <up_axis>Y_UP</up_axis>
  </asset>
  <library_effects>
  </library_effects>
  <library_images>
  </library_images>
  <library_materials>
  </library_materials>
  <library_geometries>
    <geometry id="YellowLichen-mesh" name="YellowLichen">
      <mesh>
        <source id="YellowLichen-mesh-positions">
          <float_array id="YellowLichen-mesh-positions-array" count="13494">0.040447 -0.114838 -0.446869 -0.187454 -0.297241 -0.245773 -0.170166 -0.315063 -0.2547 -0.125381 -0.289459 -0.218643 -0.194855 -0.254639 -0.282257 -0.136642 -0.264038 -0.236115 -0.213989 -0.27536 -0.2995 -0.194855 -0.254639 -0.282257 -0.213989 -0.27536 -0.2995 -0.136276 -0.253418 -0.221497 -0.270782 -0.099693 -0.227844 -0.300415 -0.159027 -0.27005 -0.286469 -0.175995 -0.274841 -0.135406 -0.169617 -0.409393 -0.139923 -0.140686 -0.408966 -0.125443 -0.101662 -0.342651 -0.125443 -0.101662 -0.342651 -0.139923 -0.140686 -0.408966 -0.136871 -0.105438 -0.384186 -0.125443 -0.101662 -0.342651 -0.102112 -0.076096 -0.345032 -0.1082 -0.05555 -0.286346 -0.125443 -0.101662 -0.342651 -0.144089 -0.117004 -0.367432 -0.135406 -0.169617 -0.409393 -0.144089 -0.117004 -0.367432 -0.13591 -0.074837 -0.305634 -0.136871 -0.105438 -0.384186 -0.136871 -0.105438 -0.384186 -0.13591 -0.074837 -0.305634 -0.120201 -0.079483 -0.335999 -0.102112 -0.076096 -0.345032 -0.121773 -0.060215 -0.341187 -0.102882 -0.096268 -0.416565 -0.102882 -0.096268 -0.416565 -0.121773 -0.060215 -0.341187 -0.136642 -0.041729 -0.317108 -0.102882 -0.096268 -0.416565 -0.136642 -0.041729 -0.317108 -0.110588 -0.084442 -0.41217 -0.136642 -0.264038 -0.236115 -0.136276 -0.253418 -0.221497 -0.213989 -0.27536 -0.2995 -0.124603 -0.24762 -0.23291 -0.136642 -0.264038 -0.236115 -0.194855 -0.254639 -0.282257 -0.124603 -0.24762 -0.23291 -0.194855 -0.254639 -0.282257 -0.136276 -0.253418 -0.221497 -0.136276 -0.253418 -0.221497 -0.187454 -0.297241 -0.245773 -0.125381 -0.289459 -0.218643 -0.204346 -0.062187 -0.386505 -0.237427 -0.108521 -0.407898 -0.249664 -0.117126 -0.389771 -0.237427 -0.108521 -0.407898 -0.204346 -0.062187 -0.386505 -0.170853 -0.059956 -0.38913 -0.237427 -0.108521 -0.407898 -0.170853 -0.059956 -0.38913 -0.199219 -0.073822 -0.389282 -0.170853 -0.059956 -0.38913 -0.183533 -0.049919 -0.360107 -0.209274 -0.070824 -0.433746 -0.209274 -0.070824 -0.433746 -0.183533 -0.049919 -0.360107 -0.167221 -0.050381 -0.393066 -0.143265 -0.06218 -0.455078 -0.173218 -0.070778 -0.463348 -0.167221 -0.050381 -0.393066 -0.167221 -0.050381 -0.393066 -0.173218 -0.070778 -0.463348 -0.170853 -0.059956 -0.38913 -0.143265 -0.06218 -0.455078 -0.167221 -0.050381 -0.393066 -0.146896 -0.067482 -0.396179 -0.146896 -0.067482 -0.396179 -0.140762 -0.053535 -0.343475 -0.120201 -0.079483 -0.335999 -0.143265 -0.06218 -0.455078 -0.170853 -0.059956 -0.38913 -0.173218 -0.070778 -0.463348 -0.170853 -0.059956 -0.38913 -0.143265 -0.06218 -0.455078 -0.146896 -0.067482 -0.396179 -0.158539 -0.066811 -0.332428 -0.199219 -0.073822 -0.389282 -0.170853 -0.059956 -0.38913 -0.144974 -0.060452 -0.345184 -0.146896 -0.067482 -0.396179 -0.120201 -0.079483 -0.335999 -0.181702 -0.049564 -0.357513 -0.158539 -0.066811 -0.332428 -0.128784 -0.03714 -0.210297 -0.128784 -0.03714 -0.210297 -0.158539 -0.066811 -0.332428 -0.13591 -0.074837 -0.305634 -0.181702 -0.049564 -0.357513 -0.128784 -0.03714 -0.210297 -0.137146 -0.037731 -0.287994 -0.128784 -0.03714 -0.210297 -0.13591 -0.074837 -0.305634 -0.124786 -0.064392 -0.248001 -0.124786 -0.064392 -0.248001 -0.13591 -0.074837 -0.305634 -0.125443 -0.101662 -0.342651 -0.117386 -0.050884 -0.195557 -0.124786 -0.064392 -0.248001 -0.084114 -0.056625 -0.208145 -0.124786 -0.064392 -0.248001 -0.125443 -0.101662 -0.342651 -0.1082 -0.05555 -0.286346 -0.124786 -0.064392 -0.248001 -0.1082 -0.05555 -0.286346 -0.084114 -0.056625 -0.208145 0.006065 -0.358765 -0.353912 0.00086 -0.327606 -0.380524 0.000806 -0.313354 -0.33728 0.00086 -0.327606 -0.380524 -0.005075 -0.363007 -0.352966 -0.00642 -0.324463 -0.331726 -0.005075 -0.363007 -0.352966 -0.006732 -0.328949 -0.290375 -0.00642 -0.324463 -0.331726 -0.006732 -0.328949 -0.290375 0.006065 -0.358765 -0.353912 0.00505 -0.322662 -0.283203 0.00505 -0.322662 -0.283203 0.006065 -0.358765 -0.353912 0.000806 -0.313354 -0.33728 -0.006732 -0.328949 -0.290375 0.002419 -0.300049 -0.226883 -0.015601 -0.269073 -0.206787 -0.00642 -0.324463 -0.331726 -0.006732 -0.328949 -0.290375 0.003454 -0.271057 -0.218124 0.003454 -0.271057 -0.218124 -0.006732 -0.328949 -0.290375 -0.015601 -0.269073 -0.206787 -0.00642 -0.324463 -0.331726 0.003454 -0.271057 -0.218124 0.00505 -0.322662 -0.283203 0.00505 -0.322662 -0.283203 0.003454 -0.271057 -0.218124 0.002419 -0.300049 -0.226883 0.004498 -0.215393 -0.210815 -0.015601 -0.269073 -0.206787 -0.018589 -0.199448 -0.203476 0.002433 -0.254303 -0.402008 -0.0066 -0.291809 -0.377472 -0.005284 -0.249756 -0.324615 0.002433 -0.254303 -0.402008 -0.005284 -0.249756 -0.324615 -0.009515 -0.235458 -0.368744 0.005129 -0.22023 -0.299225 0.001928 -0.267731 -0.34552 0.008702 -0.23407 -0.365906 -0.005284 -0.249756 -0.324615 -0.009471 -0.214645 -0.294067 -0.009515 -0.235458 -0.368744 -0.009515 -0.235458 -0.368744 -0.009471 -0.214645 -0.294067 -0.004593 -0.205215 -0.348206 -0.009515 -0.235458 -0.368744 -0.004593 -0.205215 -0.348206 -0.060776 -0.266541 -0.415588 -0.027676 -0.352875 -0.228485 -0.076706 -0.403381 -0.23558 -0.081276 -0.378204 -0.23671 -0.124603 -0.24762 -0.23291 -0.083076 -0.235641 -0.211136 -0.098755 -0.28479 -0.226837 -0.098755 -0.28479 -0.226837 -0.067039 -0.247879 -0.193039 -0.125381 -0.289459 -0.218643 -0.008606 -0.223862 -0.193176 -0.015601 -0.269073 -0.206787 -0.008773 -0.327972 -0.211594 -0.067039 -0.247879 -0.193039 -0.028397 -0.234695 -0.170868 -0.124832 -0.280579 -0.180206 -0.124832 -0.280579 -0.180206 -0.028397 -0.234695 -0.170868 -0.044769 -0.220413 -0.156403 -0.125381 -0.289459 -0.218643 -0.067039 -0.247879 -0.193039 -0.106689 -0.248016 -0.191727 -0.00809 -0.169754 -0.365753 -0.042847 -0.142776 -0.418793 -0.028919 -0.156555 -0.430634 -0.028919 -0.156555 -0.430634 -0.042847 -0.142776 -0.418793 -0.005174 -0.161118 -0.366302 -0.028919 -0.156555 -0.430634 0.00156 -0.147522 -0.403625 -0.00809 -0.169754 -0.365753 -0.013132 -0.155746 -0.356903 -0.042847 -0.142776 -0.418793 -0.00809 -0.169754 -0.365753 -0.042847 -0.142776 -0.418793 -0.013132 -0.155746 -0.356903 -0.025114 -0.125214 -0.408173 -0.042847 -0.142776 -0.418793 -0.025114 -0.125214 -0.408173 -0.082993 -0.131332 -0.47406 -0.082993 -0.131332 -0.47406 -0.025114 -0.125214 -0.408173 -0.038517 -0.114754 -0.452667 0.001268 -0.122154 -0.395599 -0.013132 -0.155746 -0.356903 0.004362 -0.175171 -0.32254 0.001268 -0.122154 -0.395599 0.004362 -0.175171 -0.32254 0.0208 -0.141312 -0.388336 0.0208 -0.141312 -0.388336 0.004362 -0.175171 -0.32254 0.006705 -0.165909 -0.374786 -0.00809 -0.169754 -0.365753 -0.004593 -0.205215 -0.348206 -0.009471 -0.214645 -0.294067 -0.00809 -0.169754 -0.365753 -0.009471 -0.214645 -0.294067 -0.002162 -0.190002 -0.267914 -0.00809 -0.169754 -0.365753 -0.002162 -0.190002 -0.267914 -0.013132 -0.155746 -0.356903 -0.013132 -0.155746 -0.356903 -0.002162 -0.190002 -0.267914 0.004362 -0.175171 -0.32254 0.004362 -0.175171 -0.32254 0.00866 -0.192551 -0.294952 0.006705 -0.165909 -0.374786 0.006705 -0.165909 -0.374786 0.00866 -0.192551 -0.294952 0.004991 -0.201324 -0.326477 0.004991 -0.201324 -0.326477 0.00866 -0.192551 -0.294952 0.008702 -0.23407 -0.365906 0.008702 -0.23407 -0.365906 0.00866 -0.192551 -0.294952 0.005129 -0.22023 -0.299225 -0.009471 -0.214645 -0.294067 0.005129 -0.22023 -0.299225 0.004498 -0.215393 -0.210815 0.004498 -0.215393 -0.210815 0.005129 -0.22023 -0.299225 0.00866 -0.192551 -0.294952 0.004498 -0.215393 -0.210815 0.00866 -0.192551 -0.294952 0.0159 -0.202133 -0.205292 0.0159 -0.202133 -0.205292 0.00866 -0.192551 -0.294952 -0.002162 -0.190002 -0.267914 0.002419 -0.300049 -0.226883 0.017002 -0.274872 -0.203995 0.034924 -0.34436 -0.216888 0.005871 -0.166626 -0.17691 0.0159 -0.202133 -0.205292 -0.002162 -0.190002 -0.267914 0.005871 -0.166626 -0.17691 -0.002162 -0.190002 -0.267914 -0.018906 -0.180252 -0.173035 -0.009471 -0.214645 -0.294067 -0.018589 -0.199448 -0.203476 -0.002162 -0.190002 -0.267914 -0.002162 -0.190002 -0.267914 -0.018589 -0.199448 -0.203476 -0.018906 -0.180252 -0.173035 -0.018589 -0.199448 -0.203476 -0.009471 -0.214645 -0.294067 0.004498 -0.215393 -0.210815 -0.038517 -0.114754 -0.452667 -0.025087 -0.130447 -0.416321 -0.082993 -0.131332 -0.47406 -0.082993 -0.131332 -0.47406 -0.025087 -0.130447 -0.416321 -0.042847 -0.142776 -0.418793 -0.110588 -0.084442 -0.41217 -0.121155 -0.059765 -0.341278 -0.102112 -0.076096 -0.345032 -0.121155 -0.059765 -0.341278 -0.110588 -0.084442 -0.41217 -0.136642 -0.041729 -0.317108 -0.121155 -0.059765 -0.341278 -0.137146 -0.037731 -0.287994 -0.1082 -0.05555 -0.286346 -0.1082 -0.05555 -0.286346 -0.137146 -0.037731 -0.287994 -0.107635 -0.021612 -0.222153 -0.1082 -0.05555 -0.286346 -0.107635 -0.021612 -0.222153 -0.084114 -0.056625 -0.208145 -0.084114 -0.056625 -0.208145 -0.089584 -0.01039 -0.200211 -0.044369 -0.056049 -0.171234 -0.044369 -0.056049 -0.171234 -0.089584 -0.01039 -0.200211 -0.083359 -0.009486 -0.170273 0.001298 -0.076797 -0.449005 -0.006032 -0.1222 -0.411499 -0.001832 -0.081062 -0.380981 -0.231247 -0.134933 -0.081757 -0.228302 -0.117859 -0.048801 -0.238663 -0.081047 -0.082924 -0.228302 -0.117859 -0.048801 -0.231094 -0.137466 -0.082893 -0.143234 -0.121742 -0.009582 -0.228302 -0.117859 -0.048801 -0.143234 -0.121742 -0.009582 -0.142181 -0.121117 -0.008058 -0.231247 -0.134933 -0.081757 -0.238663 -0.081047 -0.082924 -0.246597 -0.061161 -0.112656 -0.270782 -0.099693 -0.227844 -0.274689 -0.069405 -0.219818 -0.286469 -0.175995 -0.274841 -0.286469 -0.175995 -0.274841 -0.274689 -0.069405 -0.219818 -0.236618 -0.097115 -0.225403 -0.245926 -0.054157 -0.205719 -0.275726 -0.068932 -0.219849 -0.347687 -0.050735 -0.229904 -0.245926 -0.054157 -0.205719 -0.347687 -0.050735 -0.229904 -0.291077 -0.057667 -0.200836 -0.246399 -0.060356 -0.096275 -0.324951 -0.051281 -0.066521 -0.246597 -0.061161 -0.112656 -0.246597 -0.061161 -0.112656 -0.324951 -0.051281 -0.066521 -0.321655 -0.054977 -0.086205 -0.238663 -0.081047 -0.082924 -0.231827 -0.045929 -0.12262 -0.260315 -0.064171 -0.043362 -0.260315 -0.064171 -0.043362 -0.231827 -0.045929 -0.12262 -0.246399 -0.060356 -0.096275 -0.171082 -0.294434 -0.185089 -0.232193 -0.335449 -0.18158 -0.213989 -0.292419 -0.179504 -0.161133 -0.315308 -0.176712 -0.124832 -0.280579 -0.180206 -0.096176 -0.238739 -0.171921 -0.161133 -0.315308 -0.176712 -0.096176 -0.238739 -0.171921 -0.175705 -0.324493 -0.162933 -0.175705 -0.324493 -0.162933 -0.096176 -0.238739 -0.171921 -0.164993 -0.280212 -0.176147 -0.192047 -0.121445 -0.050182 -0.149292 -0.12915 -0.037292 -0.141312 -0.142517 0.0011 -0.192047 -0.121445 -0.050182 -0.141312 -0.142517 0.0011 -0.228302 -0.117859 -0.048801 -0.228302 -0.117859 -0.048801 -0.141312 -0.142517 0.0011 -0.146652 -0.139557 0.025757 -0.228302 -0.117859 -0.048801 -0.146652 -0.139557 0.025757 -0.142181 -0.121117 -0.008058 -0.249161 -0.069939 -0.197983 -0.21965 -0.091835 -0.207108 -0.215225 -0.0606 -0.164459 -0.215225 -0.0606 -0.164459 -0.208649 -0.066788 -0.201096 -0.170776 -0.044044 -0.168427 -0.208649 -0.066788 -0.201096 -0.236618 -0.097115 -0.225403 -0.245926 -0.054157 -0.205719 -0.245926 -0.054157 -0.205719 -0.236618 -0.097115 -0.225403 -0.275726 -0.068932 -0.219849 -0.275726 -0.068932 -0.219849 -0.236618 -0.097115 -0.225403 -0.316864 -0.085022 -0.248688 -0.316864 -0.085022 -0.248688 -0.236618 -0.097115 -0.225403 -0.274689 -0.069405 -0.219818 -0.208649 -0.066788 -0.201096 -0.251038 -0.037579 -0.19371 -0.160843 -0.032013 -0.191071 -0.251038 -0.037579 -0.19371 -0.241302 -0.016827 -0.209137 -0.160843 -0.032013 -0.191071 -0.241302 -0.016827 -0.209137 -0.272339 0.008808 -0.202774 -0.214752 -0.000845 -0.177521 -0.241302 -0.016827 -0.209137 -0.214752 -0.000845 -0.177521 -0.160843 -0.032013 -0.191071 -0.215225 -0.0606 -0.164459 -0.232925 -0.092186 -0.10305 -0.246597 -0.061161 -0.112656 -0.232925 -0.092186 -0.10305 -0.215225 -0.0606 -0.164459 -0.170776 -0.044044 -0.168427 -0.232925 -0.092186 -0.10305 -0.170776 -0.044044 -0.168427 -0.218475 -0.045757 -0.129227 -0.192047 -0.121445 -0.050182 -0.231094 -0.137466 -0.082893 -0.232925 -0.092186 -0.10305 -0.192047 -0.121445 -0.050182 -0.232925 -0.092186 -0.10305 -0.228302 -0.117859 -0.048801 -0.231094 -0.137466 -0.082893 -0.192047 -0.121445 -0.050182 -0.143234 -0.121742 -0.009582 -0.081276 -0.378204 -0.23671 -0.062737 -0.383942 -0.215179 -0.02376 -0.320496 -0.211136 -0.081276 -0.378204 -0.23671 -0.02376 -0.320496 -0.211136 -0.027676 -0.352875 -0.228485 -0.02376 -0.320496 -0.211136 -0.062737 -0.383942 -0.215179 -0.009601 -0.328827 -0.212189 -0.02376 -0.320496 -0.211136 0.006613 -0.340027 -0.205048 -0.00508 -0.274811 -0.193665 -0.00508 -0.274811 -0.193665 0.006613 -0.340027 -0.205048 0.00501 -0.247635 -0.182755 0.006613 -0.340027 -0.205048 0.034924 -0.34436 -0.216888 0.017002 -0.274872 -0.203995 0.006613 -0.340027 -0.205048 0.017002 -0.274872 -0.203995 0.00501 -0.247635 -0.182755 -0.008773 -0.327972 -0.211594 -0.00508 -0.274811 -0.193665 -0.008606 -0.223862 -0.193176 -0.096176 -0.238739 -0.171921 -0.106689 -0.248016 -0.191727 -0.164993 -0.280212 -0.176147 -0.092865 -0.229568 -0.197891 -0.096176 -0.238739 -0.171921 -0.018906 -0.180252 -0.173035 -0.092865 -0.229568 -0.197891 -0.018906 -0.180252 -0.173035 -0.034309 -0.225418 -0.199142 -0.018906 -0.180252 -0.173035 -0.096176 -0.238739 -0.171921 -0.044769 -0.220413 -0.156403 -0.044769 -0.220413 -0.156403 -0.096176 -0.238739 -0.171921 -0.124832 -0.280579 -0.180206 -0.028397 -0.234695 -0.170868 0.014589 -0.226929 -0.167725 -0.014913 -0.202408 -0.135925 -0.006426 -0.308655 -0.102341 -0.006701 -0.314972 -0.046345 -0.00727 -0.253662 -0.096848 -0.00727 -0.253662 -0.096848 -0.006701 -0.314972 -0.046345 -0.004075 -0.334198 0.009057 -0.00727 -0.253662 -0.096848 -0.004075 -0.334198 0.009057 -0.003722 -0.265869 -0.050163 -0.00727 -0.253662 -0.096848 -0.003722 -0.265869 -0.050163 0.004086 -0.194321 -0.116272 -0.00727 -0.253662 -0.096848 0.004086 -0.194321 -0.116272 -0.014913 -0.202408 -0.135925 -0.00727 -0.253662 -0.096848 -0.014913 -0.202408 -0.135925 0.007264 -0.204895 -0.138611 0.005044 -0.260895 -0.096397 0.007264 -0.204895 -0.138611 0.004086 -0.194321 -0.116272 0.005044 -0.260895 -0.096397 0.004086 -0.194321 -0.116272 -0.003722 -0.265869 -0.050163 0.00558 -0.310516 -0.079063 -0.001192 -0.362854 -0.049294 -0.006426 -0.308655 -0.102341 -0.006426 -0.308655 -0.102341 -0.001192 -0.362854 -0.049294 -0.006701 -0.314972 -0.046345 -0.003722 -0.265869 -0.050163 -0.004075 -0.334198 0.009057 0.001871 -0.2948 0.029743 0.001871 -0.2948 0.029743 -0.004075 -0.334198 0.009057 0.005219 -0.303802 -0.029472 -0.018906 -0.180252 -0.173035 -0.044769 -0.220413 -0.156403 -0.01475 -0.166046 -0.128311 -0.018906 -0.180252 -0.173035 -0.01475 -0.166046 -0.128311 -0.018883 -0.106888 -0.118332 -0.018906 -0.180252 -0.173035 -0.018883 -0.106888 -0.118332 0.005871 -0.166626 -0.17691 0.005871 -0.166626 -0.17691 -0.018883 -0.106888 -0.118332 -0.000815 -0.088257 -0.133255 -0.018883 -0.106888 -0.118332 -0.01475 -0.166046 -0.128311 -0.023096 -0.105453 -0.070808 -0.023096 -0.105453 -0.070808 -0.01475 -0.166046 -0.128311 -0.01054 -0.146255 -0.053143 -0.041725 -0.090118 -0.128265 -0.084114 -0.056625 -0.208145 -0.044369 -0.056049 -0.171234 -0.084114 -0.056625 -0.208145 -0.041725 -0.090118 -0.128265 -0.117386 -0.050884 -0.195557 -0.000815 -0.088257 -0.133255 -0.018883 -0.106888 -0.118332 -0.044369 -0.056049 -0.171234 -0.044369 -0.056049 -0.171234 -0.018883 -0.106888 -0.118332 -0.041725 -0.090118 -0.128265 -0.117386 -0.050884 -0.195557 -0.041725 -0.090118 -0.128265 -0.080566 -0.053879 -0.149536 -0.080566 -0.053879 -0.149536 -0.041725 -0.090118 -0.128265 -0.035286 -0.076218 -0.104568 -0.101173 -0.023396 -0.163696 -0.080566 -0.053879 -0.149536 -0.027246 -0.043129 -0.126831 -0.027246 -0.043129 -0.126831 -0.080566 -0.053879 -0.149536 -0.035286 -0.076218 -0.104568 -0.101173 -0.023396 -0.163696 -0.027246 -0.043129 -0.126831 -0.083359 -0.009486 -0.170273 -0.083359 -0.009486 -0.170273 -0.027246 -0.043129 -0.126831 -0.044369 -0.056049 -0.171234 -0.044369 -0.056049 -0.171234 -0.027246 -0.043129 -0.126831 -0.000815 -0.088257 -0.133255 -0.035286 -0.076218 -0.104568 -0.023096 -0.105453 -0.070808 -0.003445 -0.069862 -0.06588 -0.035286 -0.076218 -0.104568 -0.003445 -0.069862 -0.06588 -0.027246 -0.043129 -0.126831 -0.027246 -0.043129 -0.126831 -0.003445 -0.069862 -0.06588 -0.003235 0.002163 -0.139053 -0.027246 -0.043129 -0.126831 -0.003235 0.002163 -0.139053 -0.014426 -0.001001 -0.175644 -0.003445 -0.069862 -0.06588 -0.023096 -0.105453 -0.070808 -0.021654 -0.133835 -0.03124 -0.003445 -0.069862 -0.06588 -0.021654 -0.133835 -0.03124 -0.00488 -0.099579 -0.028379 -0.021654 -0.133835 -0.03124 -0.01054 -0.146255 -0.053143 -0.028515 -0.180008 0.030006 -0.066498 -0.061008 -0.177948 -0.042152 -0.082298 -0.14502 -0.000815 -0.088257 -0.133255 -0.066498 -0.061008 -0.177948 -0.000815 -0.088257 -0.133255 0.001428 -0.0672 -0.127472 -0.01054 -0.146255 -0.053143 0.00929 -0.148987 -0.052723 -0.005915 -0.177414 0.016184 -0.01054 -0.146255 -0.053143 -0.005915 -0.177414 0.016184 -0.028515 -0.180008 0.030006 -0.005915 -0.177414 0.016184 0.00929 -0.148987 -0.052723 0.02017 -0.180481 0.025013 0.02017 -0.180481 0.025013 0.00929 -0.148987 -0.052723 0.020473 -0.118256 -0.043888 0.020473 -0.118256 -0.043888 0.00929 -0.148987 -0.052723 0.02236 -0.102898 -0.102028 -0.021654 -0.133835 -0.03124 -0.028515 -0.180008 0.030006 -0.043095 -0.154602 0.063423 -0.043095 -0.154602 0.063423 -0.028515 -0.180008 0.030006 -0.058304 -0.196655 0.081856 -0.021654 -0.133835 -0.03124 -0.043095 -0.154602 0.063423 -0.00488 -0.099579 -0.028379 -0.00488 -0.099579 -0.028379 -0.043095 -0.154602 0.063423 -0.018942 -0.149933 0.079857 -0.00488 -0.099579 -0.028379 -0.018942 -0.149933 0.079857 0.015598 -0.12883 0.03371 0.015598 -0.12883 0.03371 -0.018942 -0.149933 0.079857 0.00906 -0.16713 0.094765 -0.337952 -0.015474 -0.338257 -0.327301 0.006679 -0.27417 -0.339783 0.011973 -0.343658 -0.327301 0.006679 -0.27417 -0.337952 -0.015474 -0.338257 -0.312317 0.02413 -0.24852 -0.339783 0.011973 -0.343658 -0.319031 -0.000378 -0.285858 -0.337952 -0.015474 -0.338257 -0.337952 -0.015474 -0.338257 -0.319031 -0.000378 -0.285858 -0.312317 0.02413 -0.24852 -0.345551 0.003028 -0.272522 -0.360596 -0.001539 -0.29837 -0.294556 -0.015678 -0.226318 -0.360596 -0.001539 -0.29837 -0.327301 0.006679 -0.27417 -0.294556 -0.015678 -0.226318 -0.228119 -0.058983 -0.394501 -0.181702 -0.049564 -0.357513 -0.223206 -0.042816 -0.411438 -0.223206 -0.042816 -0.411438 -0.181702 -0.049564 -0.357513 -0.228546 -0.059196 -0.393372 -0.185669 -0.029211 -0.378204 -0.181702 -0.049564 -0.357513 -0.137146 -0.037731 -0.287994 -0.136642 -0.041729 -0.317108 -0.185669 -0.029211 -0.378204 -0.137146 -0.037731 -0.287994 -0.353882 0.091362 -0.299164 -0.31308 0.02503 -0.247498 -0.318542 0.040707 -0.238831 -0.180542 0.086594 -0.305481 -0.198547 0.129074 -0.357819 -0.169235 0.113167 -0.313202 -0.150482 0.057941 -0.276886 -0.169235 0.113167 -0.313202 -0.132263 0.056499 -0.262329 -0.132263 0.056499 -0.262329 -0.169235 0.113167 -0.313202 -0.129517 0.052063 -0.226212 -0.132263 0.056499 -0.262329 -0.129517 0.052063 -0.226212 -0.089584 -0.01039 -0.200211 -0.132263 0.056499 -0.262329 -0.089584 -0.01039 -0.200211 -0.138245 0.024733 -0.228668 -0.089584 -0.01039 -0.200211 -0.129517 0.052063 -0.226212 -0.083359 -0.009486 -0.170273 -0.138245 0.024733 -0.228668 -0.089584 -0.01039 -0.200211 -0.107635 -0.021612 -0.222153 -0.22583 0.131516 -0.33667 -0.19426 0.099472 -0.295227 -0.169235 0.113167 -0.313202 -0.169235 0.113167 -0.313202 -0.167572 0.08033 -0.276306 -0.129517 0.052063 -0.226212 -0.167572 0.08033 -0.276306 -0.150482 0.057941 -0.276886 -0.138245 0.024733 -0.228668 -0.167572 0.08033 -0.276306 -0.138245 0.024733 -0.228668 -0.129517 0.052063 -0.226212 -0.150635 0.079636 -0.284149 -0.17334 0.088058 -0.294861 -0.113617 0.011328 -0.221298 -0.150635 0.079636 -0.284149 -0.113617 0.011328 -0.221298 -0.146255 0.066551 -0.252319 -0.194885 0.140686 -0.350891 -0.22583 0.131516 -0.33667 -0.169235 0.113167 -0.313202 -0.22583 0.131516 -0.33667 -0.194885 0.140686 -0.350891 -0.175049 0.089821 -0.296661 -0.001087 -0.060692 -0.424347 -0.000701 -0.036118 -0.49469 0.002813 -0.068237 -0.484955 -0.078163 0.09626 -0.378906 -0.065376 0.114342 -0.407074 -0.055302 0.081314 -0.315155 -0.081017 0.118858 -0.451355 -0.078163 0.09626 -0.378906 -0.067848 0.114128 -0.378174 -0.088692 0.129715 -0.417023 -0.067848 0.114128 -0.378174 -0.139954 0.106735 -0.459686 -0.065376 0.114342 -0.407074 -0.069771 0.105888 -0.349976 -0.055302 0.081314 -0.315155 -0.067848 0.114128 -0.378174 -0.065376 0.114342 -0.407074 -0.11869 0.11998 -0.465607 -0.11869 0.11998 -0.465607 -0.065376 0.114342 -0.407074 -0.088692 0.129715 -0.417023 -0.17334 0.088058 -0.294861 -0.132385 0.032833 -0.223236 -0.113617 0.011328 -0.221298 -0.146255 0.066551 -0.252319 -0.132385 0.032833 -0.223236 -0.17334 0.088058 -0.294861 -0.016005 0.033058 -0.221069 -0.034412 0.061092 -0.263062 -0.030254 0.092476 -0.21608 -0.016005 0.033058 -0.221069 -0.030254 0.092476 -0.21608 -0.009965 0.038837 -0.196991 -0.000238 -0.000975 -0.182205 0.016644 0.053921 -0.208588 0.014136 0.033279 -0.228394 -0.034412 0.061092 -0.263062 -0.016005 0.033058 -0.221069 -0.038567 0.0952 -0.235107 -0.038567 0.0952 -0.235107 -0.019428 0.072495 -0.206512 -0.084129 0.161163 -0.240326 -0.11869 0.11998 -0.465607 -0.139954 0.106735 -0.459686 -0.067848 0.114128 -0.378174 -0.004041 0.212921 -0.380829 -0.00235 0.197708 -0.382843 -0.006476 0.194336 -0.312408 -0.00235 0.197708 -0.382843 -0.004041 0.212921 -0.380829 0.003095 0.194275 -0.31131 -0.000851 0.226013 -0.351257 -0.006476 0.194336 -0.312408 -0.002424 0.263672 -0.277283 -0.000851 0.226013 -0.351257 -0.002424 0.263672 -0.277283 0.001369 0.263458 -0.307007 -0.08596 0.162918 -0.241364 -0.07457 0.143799 -0.246017 -0.133072 0.216339 -0.270294 -0.133072 0.216339 -0.270294 -0.07457 0.143799 -0.246017 -0.141174 0.2099 -0.272552 -0.068199 0.144241 -0.243393 -0.038567 0.0952 -0.235107 -0.019377 0.123962 -0.214066 -0.011037 0.100998 -0.226471 -0.038567 0.0952 -0.235107 -0.061745 0.156799 -0.246719 -0.061745 0.156799 -0.246719 -0.038567 0.0952 -0.235107 -0.084129 0.161163 -0.240326 -0.061745 0.156799 -0.246719 -0.084129 0.161163 -0.240326 -0.019377 0.123962 -0.214066 -0.061745 0.156799 -0.246719 -0.019377 0.123962 -0.214066 -0.011037 0.100998 -0.226471 0.006825 0.166702 -0.246155 0.001565 0.105156 -0.225769 -0.00526 0.178879 -0.256622 -0.00526 0.178879 -0.256622 0.001565 0.105156 -0.225769 -0.00726 0.14418 -0.18985 0.0122 0.095619 -0.207336 0.001565 0.105156 -0.225769 0.006225 0.176102 -0.166275 0.006225 0.176102 -0.166275 0.001565 0.105156 -0.225769 0.006825 0.166702 -0.246155 0.0122 0.095619 -0.207336 0.006225 0.176102 -0.166275 -0.005528 0.083237 -0.20694 -0.005528 0.083237 -0.20694 0.006225 0.176102 -0.166275 -0.00726 0.14418 -0.18985 0.006225 0.176102 -0.166275 0.006825 0.166702 -0.246155 0.0026 0.180328 -0.2341 0.0026 0.180328 -0.2341 0.006825 0.166702 -0.246155 0.003095 0.194275 -0.31131 -0.133072 0.216339 -0.270294 -0.130615 0.206482 -0.252136 -0.08596 0.162918 -0.241364 -0.141174 0.2099 -0.272552 -0.07457 0.143799 -0.246017 -0.130615 0.206482 -0.252136 -0.130615 0.206482 -0.252136 -0.07457 0.143799 -0.246017 -0.08596 0.162918 -0.241364 0.001369 0.263458 -0.307007 -0.002424 0.263672 -0.277283 -0.006476 0.194336 -0.312408 0.001369 0.263458 -0.307007 -0.006476 0.194336 -0.312408 -0.00526 0.178879 -0.256622 0.001369 0.263458 -0.307007 -0.00526 0.178879 -0.256622 0.003095 0.194275 -0.31131 0.001369 0.263458 -0.307007 0.003095 0.194275 -0.31131 -0.000851 0.226013 -0.351257 -0.272339 0.008808 -0.202774 -0.306549 -0.008387 -0.214066 -0.251038 -0.037579 -0.19371 -0.321655 -0.054977 -0.086205 -0.231827 -0.045929 -0.12262 -0.246597 -0.061161 -0.112656 -0.273773 0.043221 -0.169495 -0.242035 0.00041 -0.158493 -0.282166 0.048737 -0.134354 -0.260529 0.053265 -0.171036 -0.248016 0.030043 -0.156616 -0.175705 -0.000332 -0.186798 -0.175705 -0.000332 -0.186798 -0.248016 0.030043 -0.156616 -0.177811 -0.005211 -0.16925 -0.231827 -0.045929 -0.12262 -0.324951 -0.051281 -0.066521 -0.246399 -0.060356 -0.096275 -0.324951 -0.051281 -0.066521 -0.231827 -0.045929 -0.12262 -0.321655 -0.054977 -0.086205 -0.251038 -0.037579 -0.19371 -0.215225 -0.0606 -0.164459 -0.231049 -0.00811 -0.176544 -0.251038 -0.037579 -0.19371 -0.231049 -0.00811 -0.176544 -0.272339 0.008808 -0.202774 -0.235001 -0.014138 -0.150864 -0.215225 -0.0606 -0.164459 -0.231827 -0.045929 -0.12262 -0.248016 0.030043 -0.156616 -0.235001 -0.014138 -0.150864 -0.177811 -0.005211 -0.16925 -0.177811 -0.005211 -0.16925 -0.235001 -0.014138 -0.150864 -0.218475 -0.045757 -0.129227 -0.177811 -0.005211 -0.16925 -0.218475 -0.045757 -0.129227 -0.170776 -0.044044 -0.168427 -0.260529 0.053265 -0.171036 -0.175705 -0.000332 -0.186798 -0.214752 -0.000845 -0.177521 -0.260529 0.053265 -0.171036 -0.214752 -0.000845 -0.177521 -0.273773 0.043221 -0.169495 -0.273773 0.043221 -0.169495 -0.214752 -0.000845 -0.177521 -0.242035 0.00041 -0.158493 -0.260529 0.053265 -0.171036 -0.282227 0.063759 -0.178299 -0.278717 0.123528 -0.173401 -0.278717 0.123528 -0.173401 -0.282227 0.063759 -0.178299 -0.273773 0.043221 -0.169495 -0.260529 0.053265 -0.171036 -0.278717 0.123528 -0.173401 -0.27124 0.159378 -0.166702 -0.278717 0.123528 -0.173401 -0.273773 0.043221 -0.169495 -0.258881 0.044739 -0.167374 -0.258881 0.044739 -0.167374 -0.285583 0.073257 -0.165695 -0.278717 0.123528 -0.173401 -0.27124 0.159378 -0.166702 -0.285583 0.073257 -0.165695 -0.260529 0.053265 -0.171036 -0.285583 0.073257 -0.165695 -0.27124 0.159378 -0.166702 -0.290375 0.153976 -0.161118 -0.285583 0.073257 -0.165695 -0.290375 0.153976 -0.161118 -0.278717 0.123528 -0.173401 -0.170776 -0.044044 -0.168427 -0.113831 -0.03521 -0.166504 -0.177811 -0.005211 -0.16925 -0.177811 -0.005211 -0.16925 -0.113831 -0.03521 -0.166504 -0.130676 -0.003113 -0.185577 -0.130676 -0.003113 -0.185577 -0.083359 -0.009486 -0.170273 -0.129517 0.052063 -0.226212 -0.170776 -0.044044 -0.168427 -0.117386 -0.050884 -0.195557 -0.113831 -0.03521 -0.166504 -0.128784 -0.03714 -0.210297 -0.107635 -0.021612 -0.222153 -0.137146 -0.037731 -0.287994 -0.107635 -0.021612 -0.222153 -0.130676 -0.003113 -0.185577 -0.138245 0.024733 -0.228668 0.014136 0.033279 -0.228394 -0.016005 0.033058 -0.221069 -0.000238 -0.000975 -0.182205 0.002641 -0.009385 -0.180786 -0.016005 0.033058 -0.221069 0.014136 0.033279 -0.228394 -0.016005 0.033058 -0.221069 -0.014426 -0.001001 -0.175644 -0.019428 0.072495 -0.206512 -0.019428 0.072495 -0.206512 -0.014426 -0.001001 -0.175644 -0.00272 0.057816 -0.190933 -0.00272 0.057816 -0.190933 -0.014426 -0.001001 -0.175644 -0.003235 0.002163 -0.139053 -0.00272 0.057816 -0.190933 -0.003235 0.002163 -0.139053 0.012206 0.023428 -0.187866 0.001428 -0.0672 -0.127472 -0.042152 -0.082298 -0.14502 -0.066498 -0.061008 -0.177948 -0.042152 -0.082298 -0.14502 0.001428 -0.0672 -0.127472 0.009777 -0.130066 -0.134399 -0.042152 -0.082298 -0.14502 0.009777 -0.130066 -0.134399 -0.000815 -0.088257 -0.133255 0.002641 -0.009385 -0.180786 -0.000815 -0.088257 -0.133255 -0.027246 -0.043129 -0.126831 0.002641 -0.009385 -0.180786 -0.027246 -0.043129 -0.126831 -0.014426 -0.001001 -0.175644 -0.000815 -0.088257 -0.133255 0.002641 -0.009385 -0.180786 0.018589 -0.04837 -0.139679 0.018589 -0.04837 -0.139679 0.002641 -0.009385 -0.180786 0.012206 0.023428 -0.187866 0.003052 -0.028122 -0.016983 -0.006992 -0.013105 0.018488 0.000737 -0.010086 -0.061325 -0.006992 -0.013105 0.018488 -0.00728 0.02566 -0.033123 0.000737 -0.010086 -0.061325 0.000737 -0.010086 -0.061325 0.005725 0.022148 -0.029428 0.003052 -0.028122 -0.016983 -0.00728 0.02566 -0.033123 -0.006992 -0.013105 0.018488 -0.006937 0.074066 -0.048195 -0.006937 0.074066 -0.048195 -0.006992 -0.013105 0.018488 0.0064 -0.024553 0.03474 -0.006937 0.074066 -0.048195 0.0064 -0.024553 0.03474 0.002895 0.08371 -0.038952 0.002895 0.08371 -0.038952 0.0064 -0.024553 0.03474 0.005725 0.022148 -0.029428 -0.019377 0.123962 -0.214066 -0.030254 0.092476 -0.21608 -0.068199 0.144241 -0.243393 -0.004668 0.136154 -0.113976 -0.001264 0.100594 -0.114807 -0.00728 0.02566 -0.033123 -0.00728 0.02566 -0.033123 -0.001264 0.100594 -0.114807 0.005725 0.022148 -0.029428 -0.004668 0.136154 -0.113976 -0.00728 0.02566 -0.033123 -0.006937 0.074066 -0.048195 -0.004668 0.136154 -0.113976 -0.006937 0.074066 -0.048195 0.004282 0.085831 -0.076126 0.004282 0.085831 -0.076126 0.002895 0.08371 -0.038952 0.005725 0.022148 -0.029428 -0.019377 0.123962 -0.214066 -0.084129 0.161163 -0.240326 -0.019428 0.072495 -0.206512 -0.00643 0.161835 -0.154526 -0.004668 0.136154 -0.113976 -0.007347 0.206757 -0.150833 -0.00726 0.14418 -0.18985 -0.00643 0.161835 -0.154526 -0.007347 0.206757 -0.150833 -0.00726 0.14418 -0.18985 -0.007347 0.206757 -0.150833 -0.003555 0.233582 -0.235306 -0.00726 0.14418 -0.18985 -0.003555 0.233582 -0.235306 -0.00526 0.178879 -0.256622 -0.007347 0.206757 -0.150833 -0.004668 0.136154 -0.113976 0.006225 0.176102 -0.166275 0.005608 0.213562 -0.145035 0.006225 0.176102 -0.166275 0.003914 0.200378 -0.217026 -0.007347 0.206757 -0.150833 0.003914 0.200378 -0.217026 -0.003555 0.233582 -0.235306 -0.208496 0.21254 -0.043961 -0.200867 0.196854 -0.038605 -0.12999 0.186493 0.024048 -0.12999 0.186493 0.024048 -0.200867 0.196854 -0.038605 -0.140884 0.15831 0.031712 -0.140884 0.15831 0.031712 -0.200867 0.196854 -0.038605 -0.148178 0.184448 -0.002425 -0.12999 0.186493 0.024048 -0.148178 0.184448 -0.002425 -0.208496 0.21254 -0.043961 -0.148178 0.184448 -0.002425 -0.121742 0.199615 -0.002003 -0.136703 0.135574 0.034805 -0.199982 0.332794 0.012512 -0.18277 0.32193 0.00597 -0.139038 0.270447 0.040066 -0.155258 0.335083 0.034019 -0.110321 0.282227 0.055813 -0.18277 0.32193 0.00597 -0.18277 0.32193 0.00597 -0.110321 0.282227 0.055813 -0.139038 0.270447 0.040066 -0.110321 0.282227 0.055813 -0.153503 0.323792 0.047016 -0.094818 0.233566 0.074249 -0.153503 0.323792 0.047016 -0.199982 0.332794 0.012512 -0.139282 0.274231 0.050911 -0.153503 0.323792 0.047016 -0.139282 0.274231 0.050911 -0.094818 0.233566 0.074249 -0.139282 0.274231 0.050911 -0.199982 0.332794 0.012512 -0.139038 0.270447 0.040066 -0.094818 0.233566 0.074249 -0.139038 0.270447 0.040066 -0.061798 0.214157 0.077202 -0.136703 0.135574 0.034805 -0.12999 0.186493 0.024048 -0.141678 0.10878 0.069931 -0.141678 0.10878 0.069931 -0.12999 0.186493 0.024048 -0.140884 0.15831 0.031712 -0.005343 0.266235 0.015928 0.001487 0.309814 -0.02401 0.005511 0.249039 0.045486 -0.00091 0.329132 -0.013177 -0.005343 0.266235 0.015928 -0.006093 0.33963 0.007661 0.001487 0.309814 -0.02401 -0.00091 0.329132 -0.013177 0.00805 0.279297 0.049187 0.00805 0.279297 0.049187 -0.00091 0.329132 -0.013177 -0.006093 0.33963 0.007661 0.001928 -0.267731 -0.34552 0.002222 -0.282196 -0.414032 0.002433 -0.254303 -0.402008 0.008702 -0.23407 -0.365906 0.002433 -0.254303 -0.402008 0.053413 -0.262848 -0.410004 0.053413 -0.262848 -0.410004 -0.000039 -0.222336 -0.376984 0.008702 -0.23407 -0.365906 -0.000039 -0.222336 -0.376984 0.053413 -0.262848 -0.410004 0.002433 -0.254303 -0.402008 0.090561 -0.388458 -0.233078 0.033775 -0.351593 -0.23381 0.034924 -0.34436 -0.216888 0.133759 -0.250549 -0.238571 0.122879 -0.304626 -0.259125 0.070351 -0.235321 -0.206161 0.070351 -0.235321 -0.206161 0.122879 -0.304626 -0.259125 0.096504 -0.271515 -0.216537 0.096504 -0.271515 -0.216537 0.122879 -0.304626 -0.259125 0.125381 -0.356995 -0.261444 0.125381 -0.356995 -0.261444 0.153717 -0.350433 -0.256012 0.096504 -0.271515 -0.216537 0.096504 -0.271515 -0.216537 0.153717 -0.350433 -0.256012 0.124313 -0.286163 -0.222076 0.057671 -0.193298 -0.462006 0.081467 -0.170731 -0.460754 0.022291 -0.133514 -0.417114 0.0208 -0.141312 -0.388336 0.03936 -0.157654 -0.430725 0.0208 -0.141312 -0.388336 0.040447 -0.114838 -0.446869 0.001268 -0.122154 -0.395599 0.040447 -0.114838 -0.446869 0.03936 -0.157654 -0.430725 0.081467 -0.170731 -0.460754 0.040447 -0.114838 -0.446869 0.081467 -0.170731 -0.460754 0.022291 -0.133514 -0.417114 0.001007 -0.120308 -0.397156 0.001298 -0.076797 -0.449005 -0.001832 -0.081062 -0.380981 0.107468 -0.089935 -0.352753 0.131454 -0.130646 -0.403381 0.142044 -0.141495 -0.389893 0.107468 -0.089935 -0.352753 0.142044 -0.141495 -0.389893 0.129623 -0.087616 -0.321381 0.15062 -0.119255 -0.394226 0.131454 -0.130646 -0.403381 0.107468 -0.089935 -0.352753 0.15062 -0.119255 -0.394226 0.107468 -0.089935 -0.352753 0.129623 -0.087616 -0.321381 0.15062 -0.119255 -0.394226 0.129623 -0.087616 -0.321381 0.142044 -0.141495 -0.389893 0.105255 -0.087845 -0.351074 0.129349 -0.085526 -0.317261 0.113853 -0.06572 -0.279633 0.132965 -0.059757 -0.253296 0.129349 -0.085526 -0.317261 0.150497 -0.064972 -0.330872 0.150497 -0.064972 -0.330872 0.154404 -0.060482 -0.370819 0.205399 -0.079231 -0.393768 0.099785 -0.085838 -0.398956 0.105255 -0.087845 -0.351074 0.114311 -0.055374 -0.30957 0.114311 -0.055374 -0.30957 0.105255 -0.087845 -0.351074 0.113853 -0.06572 -0.279633 0.111801 -0.041603 -0.265625 0.113853 -0.06572 -0.279633 0.090874 -0.057888 -0.209442 0.114311 -0.055374 -0.30957 0.126328 -0.068283 -0.342651 0.099785 -0.085838 -0.398956 0.126328 -0.068283 -0.342651 0.114311 -0.055374 -0.30957 0.150146 -0.055111 -0.393677 0.150146 -0.055111 -0.393677 0.114311 -0.055374 -0.30957 0.147598 -0.038853 -0.343872 0.147598 -0.038853 -0.343872 0.114311 -0.055374 -0.30957 0.111801 -0.041603 -0.265625 0.147598 -0.038853 -0.343872 0.111801 -0.041603 -0.265625 0.146103 -0.044415 -0.291809 0.146103 -0.044415 -0.291809 0.111801 -0.041603 -0.265625 0.107529 -0.016811 -0.217209 0.147598 -0.038853 -0.343872 0.146103 -0.044415 -0.291809 0.182571 -0.046387 -0.353577 0.182571 -0.046387 -0.353577 0.146103 -0.044415 -0.291809 0.150497 -0.064972 -0.330872 0.132965 -0.059757 -0.253296 0.090874 -0.057888 -0.209442 0.113853 -0.06572 -0.279633 0.150497 -0.064972 -0.330872 0.146103 -0.044415 -0.291809 0.132965 -0.059757 -0.253296 0.132965 -0.059757 -0.253296 0.146103 -0.044415 -0.291809 0.107529 -0.016811 -0.217209 0.132965 -0.059757 -0.253296 0.107529 -0.016811 -0.217209 0.116936 -0.050564 -0.19136 0.132965 -0.059757 -0.253296 0.116936 -0.050564 -0.19136 0.090874 -0.057888 -0.209442 0.090874 -0.057888 -0.209442 0.116936 -0.050564 -0.19136 0.065498 -0.075424 -0.156906 0.090874 -0.057888 -0.209442 0.107529 -0.016811 -0.217209 0.111801 -0.041603 -0.265625 0.107529 -0.016811 -0.217209 0.061237 -0.054512 -0.184784 0.073639 -0.01084 -0.179413 0.124313 -0.286163 -0.222076 0.153717 -0.350433 -0.256012 0.122879 -0.304626 -0.259125 0.124313 -0.286163 -0.222076 0.122879 -0.304626 -0.259125 0.168747 -0.307678 -0.248276 0.136368 -0.266296 -0.223297 0.188049 -0.296631 -0.253693 0.169189 -0.301758 -0.267975 0.136368 -0.266296 -0.223297 0.169189 -0.301758 -0.267975 0.122879 -0.304626 -0.259125 0.136139 -0.250183 -0.239807 0.197433 -0.259125 -0.29483 0.176224 -0.255219 -0.263397 0.161179 -0.075928 -0.475372 0.148941 -0.075439 -0.434814 0.150146 -0.055111 -0.393677 0.161179 -0.075928 -0.475372 0.150146 -0.055111 -0.393677 0.166626 -0.072334 -0.424683 0.150146 -0.055111 -0.393677 0.148941 -0.075439 -0.434814 0.126328 -0.068283 -0.342651 0.126328 -0.068283 -0.342651 0.148941 -0.075439 -0.434814 0.154404 -0.060482 -0.370819 0.183945 -0.052097 -0.399231 0.218353 -0.088684 -0.432831 0.154404 -0.060482 -0.370819 0.154404 -0.060482 -0.370819 0.218353 -0.088684 -0.432831 0.205399 -0.079231 -0.393768 0.242279 -0.055985 -0.43869 0.191116 -0.049797 -0.380646 0.238266 -0.037479 -0.422028 0.205399 -0.079231 -0.393768 0.183945 -0.052097 -0.399231 0.150497 -0.064972 -0.330872 0.150497 -0.064972 -0.330872 0.183945 -0.052097 -0.399231 0.154266 -0.049728 -0.370087 0.324249 -0.090462 -0.252014 0.352356 -0.114014 -0.245819 0.266022 -0.074577 -0.216721 0.324249 -0.090462 -0.252014 0.266022 -0.074577 -0.216721 0.319153 -0.067116 -0.250031 0.288635 -0.061897 -0.203445 0.266022 -0.074577 -0.216721 0.228745 -0.038712 -0.19429 0.352356 -0.114014 -0.245819 0.279083 -0.07399 -0.211472 0.266022 -0.074577 -0.216721 0.279083 -0.07399 -0.211472 0.352356 -0.114014 -0.245819 0.308197 -0.071205 -0.227951 0.235718 -0.009523 -0.179382 0.228745 -0.038712 -0.19429 0.322998 -0.006235 -0.222534 0.369141 -0.0728 -0.306122 0.308197 -0.071205 -0.227951 0.319153 -0.067116 -0.250031 0.294983 -0.059322 -0.220901 0.308197 -0.071205 -0.227951 0.375977 -0.059418 -0.284515 0.375977 -0.059418 -0.284515 0.369141 -0.0728 -0.306122 0.319153 -0.067116 -0.250031 0.375977 -0.059418 -0.284515 0.319153 -0.067116 -0.250031 0.294983 -0.059322 -0.220901 0.308197 -0.071205 -0.227951 0.369141 -0.0728 -0.306122 0.375977 -0.059418 -0.284515 0.026834 -0.404938 -0.207397 0.039089 -0.39151 -0.22554 0.006613 -0.340027 -0.205048 0.133759 -0.250549 -0.238571 0.070351 -0.235321 -0.206161 0.072487 -0.217224 -0.196457 0.133759 -0.250549 -0.238571 0.072487 -0.217224 -0.196457 0.136368 -0.266296 -0.223297 0.023968 -0.192566 -0.183746 0.070351 -0.235321 -0.206161 0.024893 -0.232117 -0.198105 0.024893 -0.232117 -0.198105 0.070351 -0.235321 -0.206161 0.096504 -0.271515 -0.216537 0.024893 -0.232117 -0.198105 0.096504 -0.271515 -0.216537 0.08255 -0.257263 -0.187866 0.024893 -0.232117 -0.198105 0.08255 -0.257263 -0.187866 0.014589 -0.226929 -0.167725 0.014589 -0.226929 -0.167725 0.08255 -0.257263 -0.187866 0.13414 -0.28891 -0.177277 0.014589 -0.226929 -0.167725 0.13414 -0.28891 -0.177277 0.064728 -0.221481 -0.167007 0.014589 -0.226929 -0.167725 0.064728 -0.221481 -0.167007 0.023285 -0.193268 -0.139282 0.064728 -0.221481 -0.167007 0.13414 -0.28891 -0.177277 0.161514 -0.294861 -0.169739 0.023285 -0.193268 -0.139282 0.064728 -0.221481 -0.167007 0.023968 -0.192566 -0.183746 0.064728 -0.221481 -0.167007 0.161514 -0.294861 -0.169739 0.179626 -0.281067 -0.178909 0.064728 -0.221481 -0.167007 0.179626 -0.281067 -0.178909 0.10865 -0.248062 -0.189117 0.072487 -0.217224 -0.196457 0.10865 -0.248062 -0.189117 0.136368 -0.266296 -0.223297 0.00558 -0.310516 -0.079063 0.005044 -0.260895 -0.096397 0.005219 -0.303802 -0.029472 0.005219 -0.303802 -0.029472 0.005044 -0.260895 -0.096397 -0.003722 -0.265869 -0.050163 0.005219 -0.303802 -0.029472 -0.003722 -0.265869 -0.050163 0.001871 -0.2948 0.029743 0.009777 -0.130066 -0.134399 0.023285 -0.193268 -0.139282 0.023968 -0.192566 -0.183746 0.009777 -0.130066 -0.134399 0.023968 -0.192566 -0.183746 0.005871 -0.166626 -0.17691 0.009777 -0.130066 -0.134399 0.005871 -0.166626 -0.17691 -0.000815 -0.088257 -0.133255 0.023285 -0.193268 -0.139282 0.009777 -0.130066 -0.134399 0.013631 -0.144379 -0.104919 0.013631 -0.144379 -0.104919 0.02236 -0.102898 -0.102028 0.00929 -0.148987 -0.052723 -0.000815 -0.088257 -0.133255 0.020227 -0.095085 -0.13382 0.062435 -0.058601 -0.176331 -0.000815 -0.088257 -0.133255 0.062435 -0.058601 -0.176331 0.001428 -0.0672 -0.127472 0.065498 -0.075424 -0.156906 0.020227 -0.095085 -0.13382 0.061237 -0.054512 -0.184784 0.061237 -0.054512 -0.184784 0.020227 -0.095085 -0.13382 -0.000815 -0.088257 -0.133255 0.020227 -0.095085 -0.13382 0.065498 -0.075424 -0.156906 0.02236 -0.102898 -0.102028 0.02236 -0.102898 -0.102028 0.065498 -0.075424 -0.156906 0.095367 -0.038303 -0.158661 0.02236 -0.102898 -0.102028 0.095367 -0.038303 -0.158661 0.02985 -0.065346 -0.107429 0.02236 -0.102898 -0.102028 0.02985 -0.065346 -0.107429 0.020473 -0.118256 -0.043888 0.062435 -0.058601 -0.176331 0.020227 -0.095085 -0.13382 0.001428 -0.0672 -0.127472 0.073639 -0.01084 -0.179413 0.061237 -0.054512 -0.184784 -0.000815 -0.088257 -0.133255 0.073639 -0.01084 -0.179413 -0.000815 -0.088257 -0.133255 0.018589 -0.04837 -0.139679 0.065498 -0.075424 -0.156906 0.116936 -0.050564 -0.19136 0.095367 -0.038303 -0.158661 0.185333 -0.045956 -0.16275 0.158432 -0.043934 -0.184448 0.218933 -0.08506 -0.193726 0.12011 -0.03204 -0.163239 0.185333 -0.045956 -0.16275 0.185608 -0.017336 -0.160507 0.020473 -0.118256 -0.043888 0.015598 -0.12883 0.03371 0.032898 -0.156921 0.028645 0.032898 -0.156921 0.028645 0.015598 -0.12883 0.03371 0.045265 -0.181 0.110031 0.020473 -0.118256 -0.043888 0.032898 -0.156921 0.028645 0.02017 -0.180481 0.025013 -0.005915 -0.177414 0.016184 0.002355 -0.198685 0.058254 -0.03455 -0.220978 0.070557 -0.005915 -0.177414 0.016184 -0.03455 -0.220978 0.070557 -0.028515 -0.180008 0.030006 -0.028515 -0.180008 0.030006 -0.03455 -0.220978 0.070557 -0.058304 -0.196655 0.081856 -0.058304 -0.196655 0.081856 -0.03455 -0.220978 0.070557 -0.062874 -0.26532 0.108528 -0.058304 -0.196655 0.081856 -0.062874 -0.26532 0.108528 -0.068069 -0.207336 0.106796 -0.068069 -0.207336 0.106796 -0.062874 -0.26532 0.108528 -0.090691 -0.237045 0.087677 -0.068069 -0.207336 0.106796 -0.090691 -0.237045 0.087677 -0.098656 -0.159027 0.09861 0.02985 -0.065346 -0.107429 -0.003445 -0.069862 -0.06588 0.020473 -0.118256 -0.043888 -0.003445 -0.069862 -0.06588 0.024055 -0.047714 -0.118111 -0.003235 0.002163 -0.139053 -0.003235 0.002163 -0.139053 0.024055 -0.047714 -0.118111 0.012206 0.023428 -0.187866 0.020473 -0.118256 -0.043888 -0.00488 -0.099579 -0.028379 0.015598 -0.12883 0.03371 0.171341 -0.350952 -0.174606 0.13414 -0.28891 -0.177277 0.17334 -0.294312 -0.18187 0.13414 -0.28891 -0.177277 0.171341 -0.350952 -0.174606 0.161514 -0.294861 -0.169739 0.17334 -0.294312 -0.18187 0.22789 -0.299774 -0.176163 0.235245 -0.325958 -0.18634 0.179626 -0.281067 -0.178909 0.13414 -0.28891 -0.177277 0.08255 -0.257263 -0.187866 0.179626 -0.281067 -0.178909 0.08255 -0.257263 -0.187866 0.10865 -0.248062 -0.189117 0.134415 -0.126389 0.011097 0.118248 -0.175034 0.058071 0.1119 -0.164886 0.074532 0.153412 -0.137024 0.012082 0.203644 -0.116692 -0.043816 0.134415 -0.126389 0.011097 0.134415 -0.126389 0.011097 0.203644 -0.116692 -0.043816 0.168167 -0.12323 -0.035145 0.158432 -0.043934 -0.184448 0.122879 -0.017479 -0.197128 0.190979 -0.018927 -0.193756 0.192596 -0.047874 -0.189941 0.190979 -0.018927 -0.193756 0.266022 -0.074577 -0.216721 0.224701 -0.105453 -0.22525 0.192596 -0.047874 -0.189941 0.27005 -0.104042 -0.239929 0.224701 -0.105453 -0.22525 0.27005 -0.104042 -0.239929 0.266022 -0.074577 -0.216721 0.266022 -0.074577 -0.216721 0.27005 -0.104042 -0.239929 0.192596 -0.047874 -0.189941 0.221924 -0.059361 -0.168655 0.233444 -0.065453 -0.123894 0.185333 -0.045956 -0.16275 0.185333 -0.045956 -0.16275 0.233444 -0.065453 -0.123894 0.223221 -0.080521 -0.105751 0.185333 -0.045956 -0.16275 0.223221 -0.080521 -0.105751 0.216019 -0.05164 -0.124489 0.266022 -0.074577 -0.216721 0.221924 -0.059361 -0.168655 0.218933 -0.08506 -0.193726 0.266022 -0.074577 -0.216721 0.218933 -0.08506 -0.193726 0.224701 -0.105453 -0.22525 0.223221 -0.080521 -0.105751 0.227921 -0.119072 -0.056011 0.236237 -0.062622 -0.08345 0.236237 -0.062622 -0.08345 0.227921 -0.119072 -0.056011 0.237656 -0.119286 -0.092499 0.236237 -0.062622 -0.08345 0.237656 -0.119286 -0.092499 0.233444 -0.065453 -0.123894 0.236237 -0.062622 -0.08345 0.233444 -0.065453 -0.123894 0.263336 -0.069801 -0.039551 0.263336 -0.069801 -0.039551 0.233444 -0.065453 -0.123894 0.247833 -0.056984 -0.097786 0.420929 -0.078987 -0.209366 0.351105 -0.063896 -0.202805 0.313873 -0.075089 -0.215805 0.351105 -0.063896 -0.202805 0.420929 -0.078987 -0.209366 0.424713 -0.057495 -0.196487 0.293549 -0.058781 -0.219406 0.351105 -0.063896 -0.202805 0.348145 -0.052422 -0.231354 0.348145 -0.052422 -0.231354 0.351105 -0.063896 -0.202805 0.424713 -0.057495 -0.196487 0.313873 -0.075089 -0.215805 0.424713 -0.057495 -0.196487 0.420929 -0.078987 -0.209366 0.424713 -0.057495 -0.196487 0.313873 -0.075089 -0.215805 0.348145 -0.052422 -0.231354 0.233444 -0.065453 -0.123894 0.223495 -0.046604 -0.126434 0.318115 -0.062996 -0.076714 0.318115 -0.062996 -0.076714 0.223495 -0.046604 -0.126434 0.312592 -0.045643 -0.080002 0.318115 -0.062996 -0.076714 0.312592 -0.045643 -0.080002 0.247833 -0.056984 -0.097786 0.247833 -0.056984 -0.097786 0.312592 -0.045643 -0.080002 0.223495 -0.046604 -0.126434 0.233444 -0.065453 -0.123894 0.318115 -0.062996 -0.076714 0.247833 -0.056984 -0.097786 0.088425 0.113571 -0.353485 0.055431 0.089455 -0.309967 0.066887 0.092583 -0.361542 0.066887 0.092583 -0.361542 0.055431 0.089455 -0.309967 0.036503 0.063988 -0.275146 0.162354 0.068115 -0.283936 0.122879 -0.017479 -0.197128 0.124374 0.034939 -0.240448 0.124374 0.034939 -0.240448 0.122879 -0.017479 -0.197128 0.107529 -0.016811 -0.217209 0.122879 -0.017479 -0.197128 0.162354 0.068115 -0.283936 0.148941 0.05304 -0.234985 0.122879 -0.017479 -0.197128 0.148941 0.05304 -0.234985 0.130127 -0.005797 -0.184982 0.190979 -0.018927 -0.193756 0.130127 -0.005797 -0.184982 0.219574 0.004705 -0.161087 0.219574 0.004705 -0.161087 0.130127 -0.005797 -0.184982 0.185669 0.000254 -0.183014 0.10968 0.006483 -0.183243 0.130127 -0.005797 -0.184982 0.148941 0.05304 -0.234985 0.10968 0.006483 -0.183243 0.148941 0.05304 -0.234985 0.116867 0.052509 -0.228455 0.10968 0.006483 -0.183243 0.116867 0.052509 -0.228455 0.073639 -0.01084 -0.179413 0.120018 0.047535 -0.229721 0.162491 0.083435 -0.281464 0.121193 0.028969 -0.20285 0.121193 0.028969 -0.20285 0.162491 0.083435 -0.281464 0.13887 0.034508 -0.24408 0.032631 0.098015 -0.235062 0.032158 0.055519 -0.267731 0.016644 0.053921 -0.208588 0.162354 0.068115 -0.283936 0.124374 0.034939 -0.240448 0.176788 0.103973 -0.319733 0.124374 0.034939 -0.240448 0.116867 0.052509 -0.228455 0.150101 0.08905 -0.283936 0.150101 0.08905 -0.283936 0.116867 0.052509 -0.228455 0.148941 0.05304 -0.234985 0.116867 0.052509 -0.228455 0.107529 -0.016811 -0.217209 0.073639 -0.01084 -0.179413 0.175125 0.092041 -0.290222 0.150101 0.08905 -0.283936 0.148941 0.05304 -0.234985 0.150101 0.08905 -0.283936 0.184265 0.106705 -0.30365 0.188156 0.145584 -0.35022 0.000197 0.174026 -0.447815 0.029345 0.127045 -0.466949 -0.017122 0.131012 -0.441986 0.020996 0.124908 -0.409149 0.029345 0.127045 -0.466949 0.000197 0.174026 -0.447815 0.052799 0.133362 -0.225052 0.032631 0.098015 -0.235062 0.016644 0.053921 -0.208588 0.052799 0.133362 -0.225052 0.016644 0.053921 -0.208588 0.0122 0.095619 -0.207336 0.032688 0.089691 -0.21669 0.0122 0.095619 -0.207336 0.012206 0.023428 -0.187866 0.079552 0.160217 -0.263367 0.127075 0.200241 -0.265167 0.069977 0.135773 -0.23645 0.069977 0.135773 -0.23645 0.127075 0.200241 -0.265167 0.117744 0.202759 -0.24913 0.069977 0.135773 -0.23645 0.117744 0.202759 -0.24913 0.086449 0.186401 -0.248611 0.177185 -0.026533 -0.381836 0.232651 0.004887 -0.43219 0.189804 -0.0032 -0.422455 0.177185 -0.026533 -0.381836 0.198685 -0.014641 -0.436981 0.232651 0.004887 -0.43219 0.197266 -0.016539 -0.434418 0.175049 -0.02812 -0.378357 0.188156 -0.049885 -0.378082 0.344788 0.005162 -0.341461 0.319061 0.008099 -0.292053 0.3013 0.013936 -0.225189 0.3013 0.013936 -0.225189 0.305542 -0.006323 -0.240616 0.385162 0.006218 -0.22644 0.335083 -0.015711 -0.343994 0.334869 -0.001511 -0.268127 0.319061 0.008099 -0.292053 0.334869 -0.001511 -0.268127 0.335083 -0.015711 -0.343994 0.305908 -0.006422 -0.241287 0.305908 -0.006422 -0.241287 0.335083 -0.015711 -0.343994 0.3013 0.013936 -0.225189 0.298065 0.018055 -0.249283 0.305542 -0.006323 -0.240616 0.228745 -0.038712 -0.19429 0.298065 0.018055 -0.249283 0.228745 -0.038712 -0.19429 0.190979 -0.018927 -0.193756 0.190979 -0.018927 -0.193756 0.228745 -0.038712 -0.19429 0.266022 -0.074577 -0.216721 0.298065 0.018055 -0.249283 0.190979 -0.018927 -0.193756 0.235962 -0.000456 -0.20224 0.235962 -0.000456 -0.20224 0.302246 0.043594 -0.243317 0.298065 0.018055 -0.249283 0.302246 0.043594 -0.243317 0.235962 -0.000456 -0.20224 0.316498 0.025852 -0.222122 0.316498 0.025852 -0.222122 0.235962 -0.000456 -0.20224 0.235718 -0.009523 -0.179382 0.316498 0.025852 -0.222122 0.235718 -0.009523 -0.179382 0.322998 -0.006235 -0.222534 0.197021 0.139191 -0.348877 0.210205 0.154419 -0.411041 0.176788 0.103973 -0.319733 0.188156 0.145584 -0.35022 0.18988 0.13147 -0.358368 0.150101 0.08905 -0.283936 0.18988 0.13147 -0.358368 0.176788 0.103973 -0.319733 0.150101 0.08905 -0.283936 0.150101 0.08905 -0.283936 0.176788 0.103973 -0.319733 0.124374 0.034939 -0.240448 0.185577 0.106903 -0.303772 0.162491 0.083435 -0.281464 0.197021 0.139191 -0.348877 0.197021 0.139191 -0.348877 0.162491 0.083435 -0.281464 0.18988 0.13147 -0.358368 0.330719 0.084534 -0.29248 0.324463 0.039742 -0.244583 0.298065 0.018055 -0.249283 0.330719 0.084534 -0.29248 0.298065 0.018055 -0.249283 0.302246 0.043594 -0.243317 0.324463 0.039742 -0.244583 0.330719 0.084534 -0.29248 0.35907 0.092323 -0.29599 0.127792 -0.006545 -0.184464 0.121193 0.028969 -0.20285 0.13887 0.034508 -0.24408 0.073639 -0.01084 -0.179413 0.018589 -0.04837 -0.139679 0.10968 0.006483 -0.183243 0.10968 0.006483 -0.183243 0.018589 -0.04837 -0.139679 0.024055 -0.047714 -0.118111 0.10968 0.006483 -0.183243 0.024055 -0.047714 -0.118111 0.02985 -0.065346 -0.107429 0.10968 0.006483 -0.183243 0.02985 -0.065346 -0.107429 0.095367 -0.038303 -0.158661 0.10968 0.006483 -0.183243 0.12011 -0.03204 -0.163239 0.185608 -0.017336 -0.160507 0.012206 0.023428 -0.187866 0.024055 -0.047714 -0.118111 0.018589 -0.04837 -0.139679 0.006439 -0.046902 0.019917 0.001531 -0.032555 0.080238 0.017649 -0.072662 0.085754 0.017649 -0.072662 0.085754 0.001531 -0.032555 0.080238 0.030846 -0.010376 0.099281 0.017649 -0.072662 0.085754 0.030846 -0.010376 0.099281 0.0886 0.038712 0.088814 0.017649 -0.072662 0.085754 0.0886 0.038712 0.088814 0.050705 -0.062176 0.089935 0.017649 -0.072662 0.085754 -0.007318 -0.071983 0.050266 0.006439 -0.046902 0.019917 0.005725 0.022148 -0.029428 0.0064 -0.024553 0.03474 0.003052 -0.028122 -0.016983 0.014136 0.033279 -0.228394 0.032158 0.055519 -0.267731 0.032688 0.089691 -0.21669 0.012206 0.023428 -0.187866 0.014136 0.033279 -0.228394 0.032688 0.089691 -0.21669 0.005725 0.022148 -0.029428 -0.001264 0.100594 -0.114807 0.004282 0.085831 -0.076126 0.004282 0.085831 -0.076126 -0.001264 0.100594 -0.114807 0.003313 0.140564 -0.152939 0.004282 0.085831 -0.076126 0.003313 0.140564 -0.152939 -0.004668 0.136154 -0.113976 0.10968 0.006483 -0.183243 0.185608 -0.017336 -0.160507 0.185669 0.000254 -0.183014 0.259033 0.026535 -0.166183 0.235718 -0.009523 -0.179382 0.185669 0.000254 -0.183014 0.259033 0.026535 -0.166183 0.185669 0.000254 -0.183014 0.279236 0.073502 -0.166382 0.279236 0.073502 -0.166382 0.185669 0.000254 -0.183014 0.219574 0.004705 -0.161087 0.305542 -0.006323 -0.240616 0.322998 -0.006235 -0.222534 0.385162 0.006218 -0.22644 0.385162 0.006218 -0.22644 0.322998 -0.006235 -0.222534 0.3013 0.013936 -0.225189 0.228745 -0.038712 -0.19429 0.305542 -0.006323 -0.240616 0.322998 -0.006235 -0.222534 0.327484 0.076653 -0.184128 0.288513 0.066856 -0.168747 0.259033 0.026535 -0.166183 0.327484 0.076653 -0.184128 0.259033 0.026535 -0.166183 0.279236 0.073502 -0.166382 0.259033 0.026535 -0.166183 0.288513 0.066856 -0.168747 0.304474 0.065987 -0.115456 0.259033 0.026535 -0.166183 0.304474 0.065987 -0.115456 0.265259 0.026417 -0.144333 0.363831 0.09436 -0.174713 0.288513 0.066856 -0.168747 0.327484 0.076653 -0.184128 0.219574 0.004705 -0.161087 0.270569 0.047283 -0.142914 0.279236 0.073502 -0.166382 0.288513 0.066856 -0.168747 0.270569 0.047283 -0.142914 0.304474 0.065987 -0.115456 0.304535 0.078003 -0.095139 0.270569 0.047283 -0.142914 0.265259 0.026417 -0.144333 0.304474 0.065987 -0.115456 0.304535 0.078003 -0.095139 0.265259 0.026417 -0.144333 0.356171 0.10331 -0.186752 0.288513 0.066856 -0.168747 0.363831 0.09436 -0.174713 0.288513 0.066856 -0.168747 0.356171 0.10331 -0.186752 0.279236 0.073502 -0.166382 0.279236 0.073502 -0.166382 0.356171 0.10331 -0.186752 0.327484 0.076653 -0.184128 0.201279 0.338501 0.00136 0.15593 0.308044 0.026957 0.156357 0.333252 0.039242 -0.356598 -0.26001 0.104805 -0.386627 -0.216248 0.105927 -0.333466 -0.19165 0.10511 -0.356598 -0.26001 0.104805 -0.333466 -0.19165 0.10511 -0.330475 -0.255463 0.110611 -0.360809 -0.240616 0.117241 -0.330475 -0.255463 0.110611 -0.334656 -0.185806 0.11834 -0.334656 -0.185806 0.11834 -0.386627 -0.216248 0.105927 -0.360809 -0.240616 0.117241 -0.332886 -0.182068 0.118736 -0.26712 -0.190689 0.109062 -0.246002 -0.15918 0.119186 -0.166763 -0.34021 0.105835 -0.218643 -0.350525 0.11277 -0.135757 -0.317352 0.116615 -0.141464 -0.355011 0.105545 -0.166763 -0.34021 0.105835 -0.114136 -0.274078 0.094818 -0.183243 -0.3685 0.113647 -0.168411 -0.386017 0.112564 -0.135757 -0.317352 0.116615 -0.183243 -0.3685 0.113647 -0.135757 -0.317352 0.116615 -0.218643 -0.350525 0.11277 -0.24617 -0.271576 0.111794 -0.264648 -0.191757 0.108673 -0.264862 -0.253357 0.106812 -0.264648 -0.191757 0.108673 -0.24617 -0.271576 0.111794 -0.239944 -0.189331 0.116852 -0.239944 -0.189331 0.116852 -0.24617 -0.271576 0.111794 -0.264862 -0.253357 0.106812 -0.096443 -0.315613 0.118752 -0.137085 -0.365997 0.119392 -0.113297 -0.377136 0.111816 -0.093437 -0.33197 0.105827 -0.113297 -0.377136 0.111816 -0.141464 -0.355011 0.105545 -0.114136 -0.274078 0.094818 -0.082321 -0.280914 0.107857 -0.141464 -0.355011 0.105545 -0.090691 -0.237045 0.087677 -0.114136 -0.274078 0.094818 -0.111496 -0.256653 0.05373 -0.137085 -0.365997 0.119392 -0.135757 -0.317352 0.116615 -0.168411 -0.386017 0.112564 -0.096443 -0.315613 0.118752 -0.09668 -0.280731 0.134155 -0.137085 -0.365997 0.119392 -0.137085 -0.365997 0.119392 -0.09668 -0.280731 0.134155 -0.135757 -0.317352 0.116615 -0.114136 -0.274078 0.094818 -0.166763 -0.34021 0.105835 -0.135757 -0.317352 0.116615 -0.114136 -0.274078 0.094818 -0.135757 -0.317352 0.116615 -0.113464 -0.234299 0.097084 -0.114136 -0.274078 0.094818 -0.115211 -0.233383 0.069862 -0.138626 -0.280762 0.039417 -0.113464 -0.234299 0.097084 -0.135757 -0.317352 0.116615 -0.105675 -0.22226 0.132446 -0.105675 -0.22226 0.132446 -0.135757 -0.317352 0.116615 -0.09668 -0.280731 0.134155 -0.093277 -0.255463 0.149506 -0.09668 -0.280731 0.134155 -0.112885 -0.305328 0.193802 -0.093277 -0.255463 0.149506 -0.112885 -0.305328 0.193802 -0.083885 -0.27774 0.192123 -0.068069 -0.207336 0.106796 -0.114868 -0.195099 0.142181 -0.075256 -0.23407 0.151566 -0.05724 -0.194305 0.107895 -0.075256 -0.23407 0.151566 -0.014567 -0.172318 0.101967 -0.075256 -0.23407 0.151566 -0.083885 -0.27774 0.192123 -0.043266 -0.234589 0.15683 -0.075256 -0.23407 0.151566 -0.043266 -0.234589 0.15683 -0.014567 -0.172318 0.101967 -0.043266 -0.234589 0.15683 -0.083885 -0.27774 0.192123 -0.061184 -0.282623 0.192535 -0.043266 -0.234589 0.15683 -0.061184 -0.282623 0.192535 -0.021961 -0.241531 0.141418 -0.043266 -0.234589 0.15683 -0.021961 -0.241531 0.141418 -0.000877 -0.187027 0.095535 -0.043266 -0.234589 0.15683 -0.000877 -0.187027 0.095535 -0.014567 -0.172318 0.101967 -0.128922 -0.169937 0.086418 -0.113464 -0.234299 0.097084 -0.135376 -0.17131 0.112061 -0.135376 -0.17131 0.112061 -0.113464 -0.234299 0.097084 -0.105675 -0.22226 0.132446 -0.128922 -0.169937 0.086418 -0.135376 -0.17131 0.112061 -0.190796 -0.124603 0.071732 -0.128922 -0.169937 0.086418 -0.190796 -0.124603 0.071732 -0.120651 -0.158951 0.071846 -0.190796 -0.124603 0.071732 -0.135376 -0.17131 0.112061 -0.190948 -0.147934 0.101303 -0.190796 -0.124603 0.071732 -0.190948 -0.147934 0.101303 -0.24614 -0.091278 0.048046 -0.24614 -0.091278 0.048046 -0.190948 -0.147934 0.101303 -0.197281 -0.123718 0.095726 -0.11937 -0.178726 0.059902 -0.113464 -0.234299 0.097084 -0.128922 -0.169937 0.086418 -0.113464 -0.234299 0.097084 -0.11937 -0.178726 0.059902 -0.098656 -0.159027 0.09861 -0.113464 -0.234299 0.097084 -0.098656 -0.159027 0.09861 -0.090691 -0.237045 0.087677 -0.384735 -0.152512 0.105019 -0.402039 -0.109596 0.105629 -0.341278 -0.131058 0.10675 -0.341278 -0.131058 0.10675 -0.402039 -0.109596 0.105629 -0.365967 -0.094429 0.11161 -0.341278 -0.131058 0.10675 -0.365967 -0.094429 0.11161 -0.277161 -0.126297 0.105583 -0.341278 -0.131058 0.10675 -0.277161 -0.126297 0.105583 -0.259399 -0.132828 0.118973 -0.341278 -0.131058 0.10675 -0.259399 -0.132828 0.118973 -0.341888 -0.127655 0.117493 -0.365967 -0.094429 0.11161 -0.341888 -0.127655 0.117493 -0.277161 -0.126297 0.105583 -0.277161 -0.126297 0.105583 -0.341888 -0.127655 0.117493 -0.259399 -0.132828 0.118973 -0.246002 -0.15918 0.119186 -0.331757 -0.187637 0.105003 -0.332886 -0.182068 0.118736 -0.331757 -0.187637 0.105003 -0.246002 -0.15918 0.119186 -0.26712 -0.190689 0.109062 -0.264862 -0.253357 0.106812 -0.190948 -0.147934 0.101303 -0.239944 -0.189331 0.116852 -0.239944 -0.189331 0.116852 -0.190948 -0.147934 0.101303 -0.202148 -0.136169 0.12365 -0.190948 -0.147934 0.101303 -0.264862 -0.253357 0.106812 -0.264648 -0.191757 0.108673 -0.190948 -0.147934 0.101303 -0.264648 -0.191757 0.108673 -0.242493 -0.129227 0.101234 -0.255157 -0.133148 0.119637 -0.241394 -0.157211 0.119774 -0.198608 -0.105171 0.124512 -0.23851 -0.103561 0.116615 -0.198608 -0.105171 0.124512 -0.250427 -0.052776 0.112122 -0.23851 -0.103561 0.116615 -0.250427 -0.052776 0.112122 -0.282745 -0.049046 0.11702 -0.250427 -0.052776 0.112122 -0.198608 -0.105171 0.124512 -0.200897 -0.088638 0.103401 -0.250427 -0.052776 0.112122 -0.200897 -0.088638 0.103401 -0.279022 -0.083344 0.107491 -0.250427 -0.052776 0.112122 -0.279022 -0.083344 0.107491 -0.306458 -0.050457 0.107552 -0.242493 -0.129227 0.101234 -0.279022 -0.083344 0.107491 -0.200897 -0.088638 0.103401 -0.197281 -0.123718 0.095726 -0.200897 -0.088638 0.103401 -0.125839 -0.126114 0.110023 -0.190796 -0.124603 0.071732 -0.197281 -0.123718 0.095726 -0.24614 -0.091278 0.048046 -0.190796 -0.124603 0.071732 -0.197281 -0.123718 0.095726 -0.125839 -0.126114 0.110023 -0.190796 -0.124603 0.071732 -0.125839 -0.126114 0.110023 -0.120651 -0.158951 0.071846 -0.112885 -0.151138 0.12262 -0.165848 -0.129211 0.150314 -0.117813 -0.169403 0.148987 -0.141312 -0.142517 0.0011 -0.11937 -0.178726 0.059902 -0.146652 -0.139557 0.025757 -0.146652 -0.139557 0.025757 -0.11937 -0.178726 0.059902 -0.128922 -0.169937 0.086418 -0.11937 -0.178726 0.059902 -0.141312 -0.142517 0.0011 -0.120651 -0.158951 0.071846 -0.135376 -0.17131 0.112061 -0.202148 -0.136169 0.12365 -0.190948 -0.147934 0.101303 -0.202148 -0.136169 0.12365 -0.135376 -0.17131 0.112061 -0.165848 -0.129211 0.150314 -0.165848 -0.129211 0.150314 -0.135376 -0.17131 0.112061 -0.132553 -0.168854 0.146378 -0.132553 -0.168854 0.146378 -0.114868 -0.195099 0.142181 -0.140488 -0.140656 0.242111 -0.140488 -0.140656 0.242111 -0.114868 -0.195099 0.142181 -0.117813 -0.169403 0.148987 -0.112885 -0.151138 0.12262 -0.114868 -0.195099 0.142181 -0.079437 -0.186447 0.11853 -0.112885 -0.151138 0.12262 -0.079437 -0.186447 0.11853 -0.058418 -0.116112 0.122612 -0.198608 -0.105171 0.124512 -0.167938 -0.128723 0.131943 -0.125839 -0.126114 0.110023 -0.198608 -0.105171 0.124512 -0.125839 -0.126114 0.110023 -0.200897 -0.088638 0.103401 -0.063492 -0.368805 0.117783 -0.010097 -0.370544 0.116142 -0.096443 -0.315613 0.118752 -0.010097 -0.370544 0.116142 -0.025005 -0.342224 0.1157 -0.096443 -0.315613 0.118752 -0.031765 -0.339172 0.106369 -0.025005 -0.342224 0.1157 0.075386 -0.328949 0.105789 -0.093437 -0.33197 0.105827 -0.141464 -0.355011 0.105545 -0.082321 -0.280914 0.107857 -0.09668 -0.280731 0.134155 -0.062874 -0.26532 0.108528 -0.075172 -0.335052 0.161423 -0.075172 -0.335052 0.161423 -0.062874 -0.26532 0.108528 -0.007381 -0.214493 0.075409 -0.007381 -0.214493 0.075409 -0.062874 -0.26532 0.108528 -0.03455 -0.220978 0.070557 -0.075172 -0.335052 0.161423 -0.007381 -0.214493 0.075409 -0.036823 -0.285339 0.158737 -0.075172 -0.335052 0.161423 -0.036823 -0.285339 0.158737 -0.055592 -0.318756 0.199692 -0.007381 -0.214493 0.075409 -0.000598 -0.202042 0.090538 -0.036823 -0.285339 0.158737 -0.055592 -0.318756 0.199692 -0.036823 -0.285339 0.158737 -0.007571 -0.309875 0.180405 -0.007571 -0.309875 0.180405 -0.027784 -0.270874 0.163574 0.028433 -0.271606 0.163788 -0.021961 -0.241531 0.141418 -0.036823 -0.285339 0.158737 -0.000598 -0.202042 0.090538 -0.039742 -0.264008 0.115685 -0.019867 -0.240128 0.133118 -0.007381 -0.214493 0.075409 -0.039742 -0.264008 0.115685 -0.007381 -0.214493 0.075409 -0.03455 -0.220978 0.070557 -0.062706 -0.237457 0.097046 -0.03455 -0.220978 0.070557 -0.042408 -0.166931 0.055 -0.062706 -0.237457 0.097046 -0.042408 -0.166931 0.055 -0.052586 -0.195374 0.110962 -0.062706 -0.237457 0.097046 -0.052586 -0.195374 0.110962 -0.035408 -0.224899 0.138367 -0.062706 -0.237457 0.097046 -0.035408 -0.224899 0.138367 -0.039742 -0.264008 0.115685 -0.039742 -0.264008 0.115685 -0.035408 -0.224899 0.138367 -0.044273 -0.286011 0.149307 -0.019867 -0.240128 0.133118 -0.002161 -0.187943 0.095406 -0.007381 -0.214493 0.075409 -0.023155 -0.195419 0.117546 -0.019867 -0.240128 0.133118 -0.040703 -0.270416 0.164429 -0.023155 -0.195419 0.117546 -0.040703 -0.270416 0.164429 -0.043289 -0.234726 0.157608 -0.05724 -0.194305 0.107895 -0.070656 -0.162033 0.101242 -0.029846 -0.132217 0.090225 -0.029846 -0.132217 0.090225 -0.070656 -0.162033 0.101242 -0.048641 -0.04306 0.087906 -0.048641 -0.04306 0.087906 -0.070656 -0.162033 0.101242 -0.072021 -0.08905 0.107895 -0.070656 -0.162033 0.101242 -0.098656 -0.159027 0.09861 -0.072021 -0.08905 0.107895 -0.072021 -0.08905 0.107895 -0.098656 -0.159027 0.09861 -0.058418 -0.116112 0.122612 -0.058418 -0.116112 0.122612 -0.098656 -0.159027 0.09861 -0.112885 -0.151138 0.12262 -0.017948 -0.077354 0.081345 0.013749 -0.109329 0.090477 -0.037895 -0.121323 0.098373 -0.037895 -0.121323 0.098373 -0.017778 -0.116325 0.124321 -0.013488 -0.17041 0.100777 -0.037895 -0.121323 0.098373 -0.010484 -0.174393 0.120132 -0.025318 -0.101837 0.129974 -0.025318 -0.101837 0.129974 -0.010484 -0.174393 0.120132 -0.012944 -0.113998 0.148727 -0.016832 -0.115562 0.128342 -0.010484 -0.174393 0.120132 0.023788 -0.122093 0.123627 -0.017948 -0.077354 0.081345 -0.029846 -0.132217 0.090225 -0.048641 -0.04306 0.087906 -0.11615 0.050377 0.090179 -0.02622 -0.041927 0.089569 -0.048641 -0.04306 0.087906 0.001531 -0.032555 0.080238 -0.02622 -0.041927 0.089569 -0.019499 0.046455 0.100243 -0.017948 -0.077354 0.081345 0.001531 -0.032555 0.080238 0.0064 -0.024553 0.03474 -0.017948 -0.077354 0.081345 0.0064 -0.024553 0.03474 -0.006992 -0.013105 0.018488 -0.017948 -0.077354 0.081345 -0.006992 -0.013105 0.018488 -0.007318 -0.071983 0.050266 -0.007318 -0.071983 0.050266 -0.006992 -0.013105 0.018488 -0.006322 -0.03746 -0.005396 -0.058418 -0.116112 0.122612 -0.079437 -0.186447 0.11853 -0.05724 -0.194305 0.107895 -0.058418 -0.116112 0.122612 -0.05724 -0.194305 0.107895 -0.037895 -0.121323 0.098373 -0.037895 -0.121323 0.098373 -0.05724 -0.194305 0.107895 -0.029591 -0.164062 0.090782 -0.072021 -0.08905 0.107895 -0.058418 -0.116112 0.122612 -0.049488 -0.046486 0.127182 -0.049488 -0.046486 0.127182 -0.058418 -0.116112 0.122612 -0.025318 -0.101837 0.129974 -0.072021 -0.08905 0.107895 -0.049488 -0.046486 0.127182 -0.088821 -0.021648 0.108482 -0.072021 -0.08905 0.107895 -0.088821 -0.021648 0.108482 -0.048641 -0.04306 0.087906 -0.088821 -0.021648 0.108482 -0.049488 -0.046486 0.127182 -0.102409 0.044456 0.136917 -0.102409 0.044456 0.136917 -0.049488 -0.046486 0.127182 -0.024525 -0.038788 0.126266 -0.024525 -0.038788 0.126266 -0.049488 -0.046486 0.127182 -0.025318 -0.101837 0.129974 -0.024525 -0.038788 0.126266 0.004032 -0.069916 0.138611 -0.003801 0.058918 0.125961 -0.010484 -0.174393 0.120132 -0.017778 -0.116325 0.124321 0.035824 -0.128082 0.113045 -0.159286 -0.426392 0.227798 -0.177826 -0.463928 0.241028 -0.221329 -0.442841 0.234818 -0.221329 -0.442841 0.234818 -0.177826 -0.463928 0.241028 -0.15239 -0.413025 0.232513 -0.159286 -0.426392 0.227798 -0.221329 -0.442841 0.234818 -0.176254 -0.398804 0.236313 -0.221329 -0.442841 0.234818 -0.15239 -0.413025 0.232513 -0.170792 -0.395325 0.241699 -0.176254 -0.398804 0.236313 -0.221329 -0.442841 0.234818 -0.206573 -0.420624 0.272369 -0.221329 -0.442841 0.234818 -0.170792 -0.395325 0.241699 -0.192261 -0.420959 0.281311 -0.135574 -0.374176 0.207642 -0.159286 -0.426392 0.227798 -0.176254 -0.398804 0.236313 -0.132736 -0.426453 0.239746 -0.159286 -0.426392 0.227798 -0.098251 -0.377563 0.198181 -0.098251 -0.377563 0.198181 -0.159286 -0.426392 0.227798 -0.135574 -0.374176 0.207642 -0.132736 -0.426453 0.239746 -0.098251 -0.377563 0.198181 -0.085686 -0.378662 0.229431 -0.085686 -0.378662 0.229431 -0.098251 -0.377563 0.198181 -0.075172 -0.335052 0.161423 -0.098251 -0.377563 0.198181 -0.135574 -0.374176 0.207642 -0.114281 -0.312439 0.166351 -0.098251 -0.377563 0.198181 -0.114281 -0.312439 0.166351 -0.075172 -0.335052 0.161423 -0.114281 -0.312439 0.166351 -0.09668 -0.280731 0.134155 -0.075172 -0.335052 0.161423 -0.085686 -0.378662 0.229431 -0.075172 -0.335052 0.161423 -0.055592 -0.318756 0.199692 -0.080872 -0.344025 0.239532 -0.085686 -0.378662 0.229431 -0.055592 -0.318756 0.199692 -0.080872 -0.344025 0.239532 -0.055592 -0.318756 0.199692 -0.061184 -0.282623 0.192535 -0.105576 -0.394287 0.254059 -0.080872 -0.344025 0.239532 -0.128021 -0.391632 0.277496 -0.128021 -0.391632 0.277496 -0.080872 -0.344025 0.239532 -0.121544 -0.348358 0.257538 -0.15239 -0.413025 0.232513 -0.177826 -0.463928 0.241028 -0.127548 -0.418518 0.241104 -0.127548 -0.418518 0.241104 -0.177826 -0.463928 0.241028 -0.13942 -0.412354 0.272186 -0.13942 -0.412354 0.272186 -0.177826 -0.463928 0.241028 -0.1828 -0.438202 0.294342 -0.136108 -0.341553 0.198349 -0.135574 -0.374176 0.207642 -0.176254 -0.398804 0.236313 -0.136108 -0.341553 0.198349 -0.176254 -0.398804 0.236313 -0.151657 -0.363434 0.23616 -0.136108 -0.341553 0.198349 -0.151657 -0.363434 0.23616 -0.112885 -0.305328 0.193802 -0.151657 -0.363434 0.23616 -0.176254 -0.398804 0.236313 -0.206573 -0.420624 0.272369 -0.151657 -0.363434 0.23616 -0.206573 -0.420624 0.272369 -0.157257 -0.390656 0.270752 -0.151657 -0.363434 0.23616 -0.170792 -0.395325 0.241699 -0.113861 -0.336975 0.184769 -0.113861 -0.336975 0.184769 -0.170792 -0.395325 0.241699 -0.15239 -0.413025 0.232513 -0.087311 -0.289581 0.201767 -0.13591 -0.355103 0.249985 -0.151657 -0.363434 0.23616 -0.13591 -0.355103 0.249985 -0.087311 -0.289581 0.201767 -0.095963 -0.353241 0.250183 -0.087311 -0.289581 0.201767 -0.151657 -0.363434 0.23616 -0.113861 -0.336975 0.184769 -0.112885 -0.305328 0.193802 -0.151657 -0.363434 0.23616 -0.13591 -0.355103 0.249985 -0.112885 -0.305328 0.193802 -0.13591 -0.355103 0.249985 -0.121544 -0.348358 0.257538 -0.147598 -0.432007 0.272705 -0.177826 -0.463928 0.241028 -0.132736 -0.426453 0.239746 -0.177826 -0.463928 0.241028 -0.147598 -0.432007 0.272705 -0.1828 -0.438202 0.294342 -0.1828 -0.438202 0.294342 -0.147598 -0.432007 0.272705 -0.128021 -0.391632 0.277496 -0.154755 -0.389709 0.271881 -0.1828 -0.438202 0.294342 -0.128021 -0.391632 0.277496 -0.095963 -0.353241 0.250183 -0.13942 -0.412354 0.272186 -0.156067 -0.390472 0.272095 -0.13942 -0.412354 0.272186 -0.095963 -0.353241 0.250183 -0.127548 -0.418518 0.241104 -0.156067 -0.390472 0.272095 -0.105576 -0.394287 0.254059 -0.095963 -0.353241 0.250183 -0.095963 -0.353241 0.250183 -0.128021 -0.391632 0.277496 -0.13591 -0.355103 0.249985 -0.13591 -0.355103 0.249985 -0.128021 -0.391632 0.277496 -0.192322 -0.421417 0.2836 -0.13591 -0.355103 0.249985 -0.192322 -0.421417 0.2836 -0.1828 -0.438202 0.294342 -0.089851 -0.350311 0.185425 -0.15239 -0.413025 0.232513 -0.082077 -0.366455 0.209518 -0.15239 -0.413025 0.232513 -0.089851 -0.350311 0.185425 -0.113861 -0.336975 0.184769 -0.082077 -0.366455 0.209518 -0.15239 -0.413025 0.232513 -0.127548 -0.418518 0.241104 -0.082077 -0.366455 0.209518 -0.127548 -0.418518 0.241104 -0.095963 -0.353241 0.250183 -0.056286 -0.318634 0.179382 -0.082077 -0.366455 0.209518 -0.095963 -0.353241 0.250183 -0.113861 -0.336975 0.184769 -0.056286 -0.318634 0.179382 -0.087311 -0.289581 0.201767 -0.087311 -0.289581 0.201767 -0.056286 -0.318634 0.179382 -0.095963 -0.353241 0.250183 0.001452 -0.385529 0.185532 0.003043 -0.342499 0.207214 -0.00186 -0.356476 0.248215 0.001452 -0.385529 0.185532 -0.00186 -0.356476 0.248215 -0.003396 -0.348389 0.199005 -0.003396 -0.348389 0.199005 -0.00186 -0.356476 0.248215 -0.000469 -0.317566 0.217224 -0.00186 -0.356476 0.248215 0.003043 -0.342499 0.207214 0.035412 -0.308533 0.190628 0.003372 -0.341034 0.208908 -0.00186 -0.356476 0.248215 0.035412 -0.308533 0.190628 -0.00287 -0.291687 0.194626 0.003372 -0.341034 0.208908 0.035412 -0.308533 0.190628 -0.121544 -0.348358 0.257538 -0.080872 -0.344025 0.239532 -0.061184 -0.282623 0.192535 -0.121544 -0.348358 0.257538 -0.061184 -0.282623 0.192535 -0.083885 -0.27774 0.192123 -0.282684 -0.090965 0.175385 -0.21846 -0.125916 0.14743 -0.286987 -0.08799 0.193283 -0.21846 -0.125916 0.14743 -0.282684 -0.090965 0.175385 -0.228394 -0.102379 0.152237 -0.228394 -0.102379 0.152237 -0.286987 -0.08799 0.193283 -0.21846 -0.125916 0.14743 -0.007714 -0.309662 0.180771 -0.027784 -0.270874 0.163574 -0.051094 -0.304871 0.190491 -0.027784 -0.270874 0.163574 -0.007714 -0.309662 0.180771 0.028433 -0.271606 0.163788 -0.012944 -0.113998 0.148727 -0.009368 -0.126099 0.172882 -0.018635 -0.063126 0.210861 -0.012944 -0.113998 0.148727 -0.018635 -0.063126 0.210861 -0.010651 -0.072243 0.149124 -0.018635 -0.063126 0.210861 -0.009368 -0.126099 0.172882 -0.010574 -0.092163 0.216721 -0.010651 -0.072243 0.149124 -0.018635 -0.063126 0.210861 0.001308 -0.037285 0.197083 -0.018635 -0.063126 0.210861 -0.010574 -0.092163 0.216721 -0.033707 -0.057255 0.267273 -0.033707 -0.057255 0.267273 -0.010574 -0.092163 0.216721 -0.033436 -0.07576 0.288574 -0.018635 -0.063126 0.210861 -0.019171 -0.043358 0.267273 0.001308 -0.037285 0.197083 0.001308 -0.037285 0.197083 -0.019171 -0.043358 0.267273 0.00661 -0.018681 0.261963 0.00661 -0.018681 0.261963 -0.019171 -0.043358 0.267273 -0.006495 0.047031 0.277679 -0.140488 -0.140656 0.242111 -0.148911 -0.133011 0.227875 -0.132553 -0.168854 0.146378 -0.132553 -0.168854 0.146378 -0.148911 -0.133011 0.227875 -0.117813 -0.169403 0.148987 -0.083885 -0.27774 0.192123 -0.112885 -0.305328 0.193802 -0.121544 -0.348358 0.257538 -0.148911 -0.133011 0.227875 -0.140488 -0.140656 0.242111 -0.117813 -0.169403 0.148987 -0.03698 -0.268219 0.186905 -0.055592 -0.318756 0.199692 -0.007571 -0.309875 0.180405 -0.010574 -0.092163 0.216721 -0.001324 -0.092606 0.254974 -0.033436 -0.07576 0.288574 -0.033436 -0.07576 0.288574 -0.001324 -0.092606 0.254974 -0.011913 -0.102348 0.325378 -0.011913 -0.102348 0.325378 -0.001324 -0.092606 0.254974 0.006098 -0.11364 0.329315 -0.023129 -0.059174 0.305847 -0.001377 -0.101982 0.341675 0.026394 -0.052757 0.303162 -0.001057 -0.185318 0.403564 -0.007552 -0.132584 0.413727 -0.007835 -0.135193 0.359161 -0.001057 -0.185318 0.403564 0.004699 -0.136566 0.372925 0.007574 -0.127579 0.416595 0.004699 -0.136566 0.372925 -0.001377 -0.101982 0.341675 0.007574 -0.127579 0.416595 0.007574 -0.127579 0.416595 -0.001377 -0.101982 0.341675 -0.005525 -0.11599 0.409302 -0.001377 -0.101982 0.341675 -0.007835 -0.135193 0.359161 -0.005525 -0.11599 0.409302 0.020618 -0.358368 0.118034 0.071831 -0.327606 0.117035 -0.025005 -0.342224 0.1157 -0.025005 -0.342224 0.1157 0.071831 -0.327606 0.117035 0.075386 -0.328949 0.105789 0.075386 -0.328949 0.105789 0.014446 -0.368347 0.105431 -0.031765 -0.339172 0.106369 0.121994 -0.335114 0.105843 0.075386 -0.328949 0.105789 0.104507 -0.292511 0.102325 0.078979 -0.27417 0.118614 0.071831 -0.327606 0.117035 0.114204 -0.337006 0.115059 0.078979 -0.27417 0.118614 0.114204 -0.337006 0.115059 0.121758 -0.29541 0.121307 0.121101 -0.313538 0.102715 0.121758 -0.29541 0.121307 0.182022 -0.345184 0.113777 0.121758 -0.29541 0.121307 0.115105 -0.264069 0.085922 0.113495 -0.221161 0.088852 0.121758 -0.29541 0.121307 0.113495 -0.221161 0.088852 0.120743 -0.199356 0.114479 0.113495 -0.221161 0.088852 0.115105 -0.264069 0.085922 0.119377 -0.266541 0.033173 0.043293 -0.227249 0.076347 0.03389 -0.267578 0.114105 0.002355 -0.198685 0.058254 0.043293 -0.227249 0.076347 0.002355 -0.198685 0.058254 0.02017 -0.180481 0.025013 0.043293 -0.227249 0.076347 0.02017 -0.180481 0.025013 0.032898 -0.156921 0.028645 0.043293 -0.227249 0.076347 0.032898 -0.156921 0.028645 0.070152 -0.216263 0.115273 0.070152 -0.216263 0.115273 0.032898 -0.156921 0.028645 0.045265 -0.181 0.110031 0.054195 -0.275574 0.116806 0.043293 -0.227249 0.076347 0.07003 -0.232498 0.101295 0.03389 -0.267578 0.114105 0.054195 -0.275574 0.116806 0.043404 -0.316071 0.16539 0.043404 -0.316071 0.16539 0.054195 -0.275574 0.116806 0.078217 -0.288727 0.129089 0.043404 -0.316071 0.16539 0.078217 -0.288727 0.129089 0.066002 -0.334503 0.166992 0.002355 -0.198685 0.058254 0.03389 -0.267578 0.114105 -0.000598 -0.202042 0.090538 -0.000598 -0.202042 0.090538 0.03389 -0.267578 0.114105 0.036198 -0.281708 0.146774 -0.000598 -0.202042 0.090538 0.036198 -0.281708 0.146774 0.031731 -0.270294 0.163193 0.119377 -0.266541 0.033173 0.099373 -0.250397 0.078659 0.113495 -0.221161 0.088852 0.048199 -0.277466 0.17836 0.007019 -0.308594 0.179291 0.036198 -0.281708 0.146774 0.045094 -0.214981 0.139175 0.036198 -0.281708 0.146774 0.042057 -0.290314 0.170578 0.040665 -0.281952 0.138794 0.072052 -0.312317 0.151535 0.064728 -0.243195 0.109642 0.064728 -0.243195 0.109642 0.072052 -0.312317 0.151535 0.054195 -0.275574 0.116806 0.082481 -0.281219 0.139618 0.064728 -0.243195 0.109642 0.040665 -0.281952 0.138794 0.047657 -0.25528 0.130219 0.082481 -0.281219 0.139618 0.048199 -0.277466 0.17836 0.080841 -0.263397 0.167999 0.082481 -0.281219 0.139618 0.109848 -0.315796 0.18251 0.048199 -0.277466 0.17836 0.080841 -0.263397 0.167999 0.072983 -0.309082 0.211411 0.078217 -0.288727 0.129089 0.102592 -0.24971 0.133438 0.104187 -0.29364 0.163681 0.104187 -0.29364 0.163681 0.102592 -0.24971 0.133438 0.086876 -0.272308 0.185852 0.086876 -0.272308 0.185852 0.102592 -0.24971 0.133438 0.089096 -0.209259 0.13324 0.086876 -0.272308 0.185852 0.089096 -0.209259 0.13324 0.056568 -0.22818 0.155441 0.086876 -0.272308 0.185852 0.056568 -0.22818 0.155441 0.073936 -0.287476 0.204941 0.073936 -0.287476 0.204941 0.056568 -0.22818 0.155441 0.044147 -0.266632 0.180374 0.056568 -0.22818 0.155441 0.070152 -0.216263 0.115273 0.045265 -0.181 0.110031 0.044147 -0.266632 0.180374 0.056568 -0.22818 0.155441 0.017469 -0.190964 0.114922 0.017469 -0.190964 0.114922 0.056568 -0.22818 0.155441 0.045265 -0.181 0.110031 0.044147 -0.266632 0.180374 0.017469 -0.190964 0.114922 0.031731 -0.270294 0.163193 0.031731 -0.270294 0.163193 0.017469 -0.190964 0.114922 -0.000598 -0.202042 0.090538 0.00906 -0.16713 0.094765 0.045265 -0.181 0.110031 0.015598 -0.12883 0.03371 0.078979 -0.27417 0.118614 0.121758 -0.29541 0.121307 0.102592 -0.24971 0.133438 0.102592 -0.24971 0.133438 0.121758 -0.29541 0.121307 0.120743 -0.199356 0.114479 0.043442 -0.194061 0.067818 0.022491 -0.217957 0.072014 0.054195 -0.275574 0.116806 0.043442 -0.194061 0.067818 0.054195 -0.275574 0.116806 0.064728 -0.243195 0.109642 0.043442 -0.194061 0.067818 0.064728 -0.243195 0.109642 0.05555 -0.201218 0.112694 0.054195 -0.275574 0.116806 0.022491 -0.217957 0.072014 0.040665 -0.281952 0.138794 0.040665 -0.281952 0.138794 0.022491 -0.217957 0.072014 0.003628 -0.190414 0.088211 0.021469 -0.217194 0.128616 0.040665 -0.281952 0.138794 0.003628 -0.190414 0.088211 0.040665 -0.281952 0.138794 0.021469 -0.217194 0.128616 0.042057 -0.290314 0.170578 0.042057 -0.290314 0.170578 0.021469 -0.217194 0.128616 0.045094 -0.214981 0.139175 0.021469 -0.217194 0.128616 0.003628 -0.190414 0.088211 0.030336 -0.164093 0.086212 0.021469 -0.217194 0.128616 0.030336 -0.164093 0.086212 0.045094 -0.214981 0.139175 0.076813 -0.164719 0.114738 0.089096 -0.209259 0.13324 0.110924 -0.149078 0.121086 0.116661 -0.139511 0.102127 0.094154 -0.201996 0.087494 0.077507 -0.190933 0.102509 0.116661 -0.139511 0.102127 0.077507 -0.190933 0.102509 0.063728 -0.155548 0.100891 0.116661 -0.139511 0.102127 0.063728 -0.155548 0.100891 0.069298 -0.101006 0.107941 0.069298 -0.101006 0.107941 0.063728 -0.155548 0.100891 0.050705 -0.062176 0.089935 0.116661 -0.139511 0.102127 0.069298 -0.101006 0.107941 0.056084 -0.133362 0.12204 0.050705 -0.062176 0.089935 0.063728 -0.155548 0.100891 0.034103 -0.138138 0.093475 0.050705 -0.062176 0.089935 0.034103 -0.138138 0.093475 0.013749 -0.109329 0.090477 0.156128 -0.103943 0.114609 0.110924 -0.149078 0.121086 0.154007 -0.136795 0.149338 0.144974 -0.128876 0.092354 0.156128 -0.103943 0.114609 0.209564 -0.080643 0.105263 0.114792 -0.163284 0.075485 0.144974 -0.128876 0.092354 0.202179 -0.109245 0.070625 0.114792 -0.163284 0.075485 0.202179 -0.109245 0.070625 0.190048 -0.130173 0.07502 0.202179 -0.109245 0.070625 0.144974 -0.128876 0.092354 0.200958 -0.110611 0.096573 0.190048 -0.130173 0.07502 0.202179 -0.109245 0.070625 0.262695 -0.08918 0.042885 0.262695 -0.08918 0.042885 0.202179 -0.109245 0.070625 0.200958 -0.110611 0.096573 0.110924 -0.149078 0.121086 0.089096 -0.209259 0.13324 0.123291 -0.170959 0.14801 0.154007 -0.136795 0.149338 0.123291 -0.170959 0.14801 0.186234 -0.111015 0.173416 0.182022 -0.345184 0.113777 0.151169 -0.354797 0.10659 0.121101 -0.313538 0.102715 0.151169 -0.354797 0.10659 0.108849 -0.38739 0.11322 0.121994 -0.335114 0.105843 0.121994 -0.335114 0.105843 0.108849 -0.38739 0.11322 0.147202 -0.361969 0.115524 0.114204 -0.337006 0.115059 0.147202 -0.361969 0.115524 0.121758 -0.29541 0.121307 0.121758 -0.29541 0.121307 0.147202 -0.361969 0.115524 0.182022 -0.345184 0.113777 0.243988 -0.215332 0.117867 0.280975 -0.193634 0.111855 0.232986 -0.164108 0.120224 0.239288 -0.195801 0.105209 0.243988 -0.215332 0.117867 0.191925 -0.145615 0.120438 0.191925 -0.145615 0.120438 0.243988 -0.215332 0.117867 0.232986 -0.164108 0.120224 0.191925 -0.145615 0.120438 0.232986 -0.164108 0.120224 0.20845 -0.102333 0.1222 0.239288 -0.195801 0.105209 0.191925 -0.145615 0.120438 0.192017 -0.145035 0.098724 0.36261 -0.206299 0.102997 0.280975 -0.193634 0.111855 0.237305 -0.163727 0.103409 0.280975 -0.193634 0.111855 0.36261 -0.206299 0.102997 0.367798 -0.206375 0.118965 0.313599 -0.211609 0.109612 0.356781 -0.242081 0.108688 0.328217 -0.275818 0.111824 0.356781 -0.242081 0.108688 0.313599 -0.211609 0.109612 0.36261 -0.206299 0.102997 0.350067 -0.229675 0.117661 0.313599 -0.211609 0.109612 0.328217 -0.275818 0.111824 0.303101 -0.18161 0.118568 0.350067 -0.229675 0.117661 0.367798 -0.206375 0.118965 0.118248 -0.175034 0.058071 0.153412 -0.137024 0.012082 0.1119 -0.164886 0.074532 0.1119 -0.164886 0.074532 0.153412 -0.137024 0.012082 0.134415 -0.126389 0.011097 0.168015 -0.150284 0.111694 0.120743 -0.199356 0.114479 0.125916 -0.17189 0.075897 0.168015 -0.150284 0.111694 0.114792 -0.163284 0.075485 0.190048 -0.130173 0.07502 0.120743 -0.199356 0.114479 0.155396 -0.147598 0.127014 0.123291 -0.170959 0.14801 0.123291 -0.170959 0.14801 0.155396 -0.147598 0.127014 0.186234 -0.111015 0.173416 0.156128 -0.103943 0.114609 0.155396 -0.147598 0.127014 0.196198 -0.127731 0.141373 0.156128 -0.103943 0.114609 0.196198 -0.127731 0.141373 0.20845 -0.102333 0.1222 0.20845 -0.102333 0.1222 0.196198 -0.127731 0.141373 0.261292 -0.0886 0.169937 0.261292 -0.0886 0.169937 0.196198 -0.127731 0.141373 0.257385 -0.104706 0.171173 0.257385 -0.104706 0.171173 0.196198 -0.127731 0.141373 0.191925 -0.145615 0.120438 0.257385 -0.104706 0.171173 0.191925 -0.145615 0.120438 0.20845 -0.102333 0.1222 0.200958 -0.110611 0.096573 0.190048 -0.130173 0.07502 0.262695 -0.08918 0.042885 0.192017 -0.145035 0.098724 0.200958 -0.110611 0.096573 0.237305 -0.163727 0.103409 0.237305 -0.163727 0.103409 0.200958 -0.110611 0.096573 0.252197 -0.13739 0.105446 0.209564 -0.080643 0.105263 0.200958 -0.110611 0.096573 0.144974 -0.128876 0.092354 0.230347 -0.103195 0.104874 0.209564 -0.080643 0.105263 0.304688 -0.063423 0.107956 0.232986 -0.164108 0.120224 0.257294 -0.126114 0.11879 0.20845 -0.102333 0.1222 0.237305 -0.163727 0.103409 0.232986 -0.164108 0.120224 0.303101 -0.18161 0.118568 0.237305 -0.163727 0.103409 0.303101 -0.18161 0.118568 0.36261 -0.206299 0.102997 0.303101 -0.18161 0.118568 0.280975 -0.193634 0.111855 0.367798 -0.206375 0.118965 0.252197 -0.13739 0.105446 0.330292 -0.12471 0.105339 0.327942 -0.127075 0.117584 0.252197 -0.13739 0.105446 0.327942 -0.127075 0.117584 0.257294 -0.126114 0.11879 0.330292 -0.12471 0.105339 0.252197 -0.13739 0.105446 0.230347 -0.103195 0.104874 0.330292 -0.12471 0.105339 0.230347 -0.103195 0.104874 0.257294 -0.126114 0.11879 0.330292 -0.12471 0.105339 0.257294 -0.126114 0.11879 0.395569 -0.153885 0.112869 0.395569 -0.153885 0.112869 0.257294 -0.126114 0.11879 0.327942 -0.127075 0.117584 0.260742 -0.07563 0.116234 0.230347 -0.103195 0.104874 0.304688 -0.063423 0.107956 0.294525 -0.037827 0.105194 0.304688 -0.063423 0.107956 0.209564 -0.080643 0.105263 0.283813 -0.029066 0.110535 0.294525 -0.037827 0.105194 0.209564 -0.080643 0.105263 0.260742 -0.07563 0.116234 0.283813 -0.029066 0.110535 0.20845 -0.102333 0.1222 0.20845 -0.102333 0.1222 0.283813 -0.029066 0.110535 0.209564 -0.080643 0.105263 0.378662 -0.194946 0.108757 0.327942 -0.127075 0.117584 0.330292 -0.12471 0.105339 0.378662 -0.194946 0.108757 0.330292 -0.12471 0.105339 0.395569 -0.153885 0.112869 0.395569 -0.153885 0.112869 0.327942 -0.127075 0.117584 0.378662 -0.194946 0.108757 0.404755 -0.103783 0.116379 0.383423 -0.070709 0.118774 0.3284 -0.125504 0.11821 0.404755 -0.103783 0.116379 0.3284 -0.125504 0.11821 0.401459 -0.138229 0.110085 0.401459 -0.138229 0.110085 0.332245 -0.123604 0.104958 0.39212 -0.088654 0.104645 0.332245 -0.123604 0.104958 0.401459 -0.138229 0.110085 0.3284 -0.125504 0.11821 0.332245 -0.123604 0.104958 0.3284 -0.125504 0.11821 0.383423 -0.070709 0.118774 0.383423 -0.070709 0.118774 0.39212 -0.088654 0.104645 0.332245 -0.123604 0.104958 0.072052 -0.312317 0.151535 0.060207 -0.334656 0.189117 0.098389 -0.375336 0.200409 0.072052 -0.312317 0.151535 0.098389 -0.375336 0.200409 0.112411 -0.359222 0.192276 0.072052 -0.312317 0.151535 0.112411 -0.359222 0.192276 0.109848 -0.315796 0.18251 0.098389 -0.375336 0.200409 0.060207 -0.334656 0.189117 0.075287 -0.362244 0.23407 0.075287 -0.362244 0.23407 0.060207 -0.334656 0.189117 0.095955 -0.392517 0.227859 0.095955 -0.392517 0.227859 0.060207 -0.334656 0.189117 0.066002 -0.334503 0.166992 0.095955 -0.392517 0.227859 0.066002 -0.334503 0.166992 0.098389 -0.375336 0.200409 0.112282 -0.358704 0.188904 0.066002 -0.334503 0.166992 0.078217 -0.288727 0.129089 0.098389 -0.375336 0.200409 0.112282 -0.358704 0.188904 0.155472 -0.428009 0.226151 0.098389 -0.375336 0.200409 0.155472 -0.428009 0.226151 0.112411 -0.359222 0.192276 0.155472 -0.428009 0.226151 0.112282 -0.358704 0.188904 0.141464 -0.35965 0.212845 -0.0046 -0.340393 0.181213 0.035412 -0.308533 0.190628 -0.00287 -0.291687 0.194626 0.112282 -0.358704 0.188904 0.078217 -0.288727 0.129089 0.104187 -0.29364 0.163681 0.112282 -0.358704 0.188904 0.104187 -0.29364 0.163681 0.141464 -0.35965 0.212845 0.141464 -0.35965 0.212845 0.104187 -0.29364 0.163681 0.136047 -0.342255 0.23378 0.136047 -0.342255 0.23378 0.104187 -0.29364 0.163681 0.086876 -0.272308 0.185852 0.136047 -0.342255 0.23378 0.086876 -0.272308 0.185852 0.099434 -0.318146 0.236404 0.14328 -0.366394 0.261017 0.099434 -0.318146 0.236404 0.100136 -0.355774 0.256897 0.100136 -0.355774 0.256897 0.099434 -0.318146 0.236404 0.110703 -0.406097 0.242706 0.110703 -0.406097 0.242706 0.099434 -0.318146 0.236404 0.075287 -0.362244 0.23407 0.075287 -0.362244 0.23407 0.099434 -0.318146 0.236404 0.073936 -0.287476 0.204941 0.075287 -0.362244 0.23407 0.073936 -0.287476 0.204941 0.037346 -0.30835 0.191223 0.075287 -0.362244 0.23407 0.037346 -0.30835 0.191223 0.072983 -0.309082 0.211411 0.075287 -0.362244 0.23407 0.095955 -0.392517 0.227859 0.130692 -0.425629 0.26474 0.130692 -0.425629 0.26474 0.095955 -0.392517 0.227859 0.155472 -0.428009 0.226151 0.142319 -0.401581 0.222824 0.098389 -0.375336 0.200409 0.110703 -0.406097 0.242706 0.142319 -0.401581 0.222824 0.110703 -0.406097 0.242706 0.191299 -0.465668 0.235672 0.191299 -0.465668 0.235672 0.110703 -0.406097 0.242706 0.175461 -0.440735 0.292786 0.175461 -0.440735 0.292786 0.110703 -0.406097 0.242706 0.100136 -0.355774 0.256897 0.072983 -0.309082 0.211411 0.100136 -0.355774 0.256897 0.075287 -0.362244 0.23407 0.100136 -0.355774 0.256897 0.072983 -0.309082 0.211411 0.110168 -0.320648 0.2258 0.110168 -0.320648 0.2258 0.072983 -0.309082 0.211411 0.080841 -0.263397 0.167999 0.100136 -0.355774 0.256897 0.110168 -0.320648 0.2258 0.147858 -0.372375 0.25296 0.110168 -0.320648 0.2258 0.080841 -0.263397 0.167999 0.109848 -0.315796 0.18251 0.110168 -0.320648 0.2258 0.109848 -0.315796 0.18251 0.147858 -0.372375 0.25296 0.147858 -0.372375 0.25296 0.109848 -0.315796 0.18251 0.149277 -0.369965 0.231827 0.149277 -0.369965 0.231827 0.109848 -0.315796 0.18251 0.112411 -0.359222 0.192276 0.147858 -0.372375 0.25296 0.149277 -0.369965 0.231827 0.197845 -0.425964 0.243073 0.149277 -0.369965 0.231827 0.112411 -0.359222 0.192276 0.142319 -0.401581 0.222824 0.149277 -0.369965 0.231827 0.142319 -0.401581 0.222824 0.197845 -0.425964 0.243073 0.142319 -0.401581 0.222824 0.112411 -0.359222 0.192276 0.155472 -0.428009 0.226151 0.197845 -0.425964 0.243073 0.142319 -0.401581 0.222824 0.191299 -0.465668 0.235672 0.098389 -0.375336 0.200409 0.075287 -0.362244 0.23407 0.110703 -0.406097 0.242706 0.100136 -0.355774 0.256897 0.075287 -0.362244 0.23407 0.130692 -0.425629 0.26474 0.100136 -0.355774 0.256897 0.130692 -0.425629 0.26474 0.137726 -0.390991 0.28006 0.14328 -0.366394 0.261017 0.137726 -0.390991 0.28006 0.189331 -0.420532 0.280426 0.189331 -0.420532 0.280426 0.137726 -0.390991 0.28006 0.175461 -0.440735 0.292786 0.175461 -0.440735 0.292786 0.137726 -0.390991 0.28006 0.130692 -0.425629 0.26474 0.175461 -0.440735 0.292786 0.130692 -0.425629 0.26474 0.191299 -0.465668 0.235672 0.191299 -0.465668 0.235672 0.130692 -0.425629 0.26474 0.155472 -0.428009 0.226151 0.189331 -0.420532 0.280426 0.175461 -0.440735 0.292786 0.100136 -0.355774 0.256897 0.189331 -0.420532 0.280426 0.100136 -0.355774 0.256897 0.147858 -0.372375 0.25296 0.189331 -0.420532 0.280426 0.147858 -0.372375 0.25296 0.197845 -0.425964 0.243073 0.14328 -0.366394 0.261017 0.189331 -0.420532 0.280426 0.179886 -0.405792 0.239609 0.179886 -0.405792 0.239609 0.191299 -0.465668 0.235672 0.155472 -0.428009 0.226151 0.179886 -0.405792 0.239609 0.155472 -0.428009 0.226151 0.141464 -0.35965 0.212845 -0.002311 -0.1315 0.197952 0.009869 -0.096985 0.181427 -0.003641 -0.133286 0.251526 0.009869 -0.096985 0.181427 0.014738 -0.097801 0.134369 0.001308 -0.037285 0.197083 0.001308 -0.037285 0.197083 0.014738 -0.097801 0.134369 0.004032 -0.069916 0.138611 0.009869 -0.096985 0.181427 0.001308 -0.037285 0.197083 0.029881 -0.052212 0.267548 0.009869 -0.096985 0.181427 0.029881 -0.052212 0.267548 0.000896 -0.103226 0.20163 0.029881 -0.052212 0.267548 0.001308 -0.037285 0.197083 0.019209 -0.042801 0.27597 0.019209 -0.042801 0.27597 0.001308 -0.037285 0.197083 0.00661 -0.018681 0.261963 0.154007 -0.136795 0.149338 0.155396 -0.147598 0.127014 0.224167 -0.128265 0.202774 0.224167 -0.128265 0.202774 0.155396 -0.147598 0.127014 0.186234 -0.111015 0.173416 0.154007 -0.136795 0.149338 0.224167 -0.128265 0.202774 0.230408 -0.138626 0.239716 0.20845 -0.102333 0.1222 0.261292 -0.0886 0.169937 0.257385 -0.104706 0.171173 0.031731 -0.270294 0.163193 0.035412 -0.308533 0.190628 0.003043 -0.342499 0.207214 0.186234 -0.111015 0.173416 0.154007 -0.136795 0.149338 0.230408 -0.138626 0.239716 0.224167 -0.128265 0.202774 0.186234 -0.111015 0.173416 0.230408 -0.138626 0.239716 0.084732 -0.072121 0.472198 0.128418 -0.110054 0.473083 0.084381 -0.060204 0.43335 -0.306702 0.030106 0.103485 -0.320343 0.016794 0.115509 -0.360901 0.063911 0.106796 -0.252991 0.077019 0.044895 -0.281036 0.065063 0.048515 -0.324127 0.046978 0.014979 -0.207321 0.102684 0.094467 -0.214157 0.104065 0.072182 -0.281036 0.065063 0.048515 -0.207321 0.102684 0.094467 -0.281036 0.065063 0.048515 -0.203094 0.083588 0.091904 -0.203094 0.083588 0.091904 -0.281036 0.065063 0.048515 -0.252991 0.077019 0.044895 -0.203094 0.083588 0.091904 -0.252991 0.077019 0.044895 -0.182434 0.098442 0.080864 -0.182434 0.098442 0.080864 -0.252991 0.077019 0.044895 -0.214157 0.104065 0.072182 -0.415955 0.05555 0.106453 -0.350983 0.093781 0.116142 -0.426361 0.069351 0.109665 -0.415955 0.05555 0.106453 -0.426361 0.069351 0.109665 -0.348999 0.101196 0.104424 -0.415955 0.05555 0.106453 -0.348999 0.101196 0.104424 -0.350983 0.093781 0.116142 -0.350983 0.093781 0.116142 -0.294678 0.117012 0.10334 -0.25531 0.102592 0.116035 -0.294678 0.117012 0.10334 -0.348999 0.101196 0.104424 -0.391052 0.113853 0.104439 -0.431122 0.091331 0.112686 -0.368164 0.105736 0.11824 -0.426361 0.069351 0.109665 -0.426361 0.069351 0.109665 -0.368164 0.105736 0.11824 -0.348999 0.101196 0.104424 -0.402435 0.119064 0.117035 -0.368164 0.105736 0.11824 -0.264709 0.134964 0.115166 -0.264709 0.134964 0.115166 -0.368164 0.105736 0.11824 -0.243088 0.132599 0.11985 -0.243088 0.132599 0.11985 -0.368164 0.105736 0.11824 -0.350983 0.093781 0.116142 -0.243088 0.132599 0.11985 -0.350983 0.093781 0.116142 -0.25531 0.102592 0.116035 -0.197647 0.077515 0.124809 -0.25531 0.102592 0.116035 -0.266418 0.050335 0.117584 -0.294678 0.117012 0.10334 -0.391052 0.113853 0.104439 -0.402435 0.119064 0.117035 -0.294678 0.117012 0.10334 -0.402435 0.119064 0.117035 -0.264709 0.134964 0.115166 -0.249359 0.13382 0.10215 -0.264709 0.134964 0.115166 -0.307312 0.188812 0.10495 -0.294678 0.117012 0.10334 -0.249359 0.13382 0.10215 -0.238373 0.070854 0.103455 -0.238373 0.070854 0.103455 -0.249359 0.13382 0.10215 -0.207321 0.102684 0.094467 -0.207321 0.102684 0.094467 -0.249359 0.13382 0.10215 -0.233475 0.166733 0.102226 -0.218475 0.057919 0.107605 -0.266418 0.050335 0.117584 -0.304413 0.028875 0.102913 -0.218475 0.057919 0.107605 -0.304413 0.028875 0.102913 -0.238373 0.070854 0.103455 -0.218475 0.057919 0.107605 -0.203094 0.083588 0.091904 -0.143799 0.047802 0.103897 -0.218475 0.057919 0.107605 -0.143799 0.047802 0.103897 -0.197647 0.077515 0.124809 -0.143799 0.047802 0.103897 -0.203094 0.083588 0.091904 -0.182434 0.098442 0.080864 -0.152374 0.115967 0.073479 -0.182434 0.098442 0.080864 -0.208115 0.144241 0.052277 -0.182434 0.098442 0.080864 -0.141678 0.10878 0.069931 -0.143799 0.047802 0.103897 -0.143799 0.047802 0.103897 -0.141678 0.10878 0.069931 -0.11615 0.050377 0.090179 -0.143799 0.047802 0.103897 -0.11615 0.050377 0.090179 -0.088821 -0.021648 0.108482 -0.143799 0.047802 0.103897 -0.088821 -0.021648 0.108482 -0.137634 0.066528 0.132553 -0.143799 0.047802 0.103897 -0.137634 0.066528 0.132553 -0.197647 0.077515 0.124809 -0.195801 0.098587 0.130478 -0.162552 0.092522 0.133316 -0.209793 0.154877 0.188446 -0.209793 0.154877 0.188446 -0.162552 0.092522 0.133316 -0.164856 0.117302 0.139374 -0.209793 0.154877 0.188446 -0.164856 0.117302 0.139374 -0.218765 0.178177 0.188095 -0.218765 0.178177 0.188095 -0.164856 0.117302 0.139374 -0.18251 0.123718 0.126617 -0.26825 0.087669 0.160782 -0.233871 0.096542 0.135559 -0.197647 0.077515 0.124809 -0.26825 0.087669 0.160782 -0.197647 0.077515 0.124809 -0.195801 0.098587 0.130478 -0.26825 0.087669 0.160782 -0.195801 0.098587 0.130478 -0.274628 0.103355 0.16243 -0.274628 0.103355 0.16243 -0.195801 0.098587 0.130478 -0.216721 0.114548 0.124657 -0.102409 0.044456 0.136917 -0.137634 0.066528 0.132553 -0.088821 -0.021648 0.108482 -0.137634 0.066528 0.132553 -0.102409 0.044456 0.136917 -0.131149 0.067307 0.181702 -0.137634 0.066528 0.132553 -0.131149 0.067307 0.181702 -0.153519 0.092987 0.222366 -0.131149 0.067307 0.181702 -0.102409 0.044456 0.136917 -0.111374 0.07431 0.131226 -0.131149 0.067307 0.181702 -0.111374 0.07431 0.131226 -0.153519 0.092987 0.222366 -0.11615 0.050377 0.090179 -0.048641 -0.04306 0.087906 -0.088821 -0.021648 0.108482 -0.059029 0.039177 0.108414 -0.02622 -0.041927 0.089569 -0.122009 0.084442 0.092026 -0.122009 0.084442 0.092026 -0.02622 -0.041927 0.089569 -0.11615 0.050377 0.090179 -0.102409 0.044456 0.136917 -0.024525 -0.038788 0.126266 -0.059029 0.039177 0.108414 -0.111374 0.07431 0.131226 -0.059029 0.039177 0.108414 -0.107544 0.079094 0.107002 -0.111374 0.07431 0.131226 -0.107544 0.079094 0.107002 -0.164856 0.117302 0.139374 -0.107544 0.079094 0.107002 -0.059029 0.039177 0.108414 -0.122009 0.084442 0.092026 -0.164856 0.117302 0.139374 -0.107544 0.079094 0.107002 -0.152176 0.118073 0.095543 -0.059029 0.039177 0.108414 -0.033104 0.00025 0.108734 -0.02622 -0.041927 0.089569 -0.033104 0.00025 0.108734 -0.059029 0.039177 0.108414 -0.024525 -0.038788 0.126266 -0.02622 -0.041927 0.089569 -0.033104 0.00025 0.108734 -0.019499 0.046455 0.100243 -0.033104 0.00025 0.108734 -0.024525 -0.038788 0.126266 -0.003801 0.058918 0.125961 -0.019499 0.046455 0.100243 -0.013859 0.08139 0.122131 -0.029385 0.122627 0.107964 -0.209564 0.16478 0.112701 -0.164856 0.117302 0.139374 -0.152176 0.118073 0.095543 -0.209564 0.16478 0.112701 -0.152176 0.118073 0.095543 -0.233475 0.166733 0.102226 -0.18251 0.123718 0.126617 -0.209564 0.16478 0.112701 -0.247482 0.180847 0.118454 -0.18251 0.123718 0.126617 -0.247482 0.180847 0.118454 -0.243088 0.132599 0.11985 0.007833 0.061623 0.094162 0.001531 -0.032555 0.080238 -0.019499 0.046455 0.100243 0.007833 0.061623 0.094162 -0.019499 0.046455 0.100243 -0.017841 0.138535 0.088638 -0.017841 0.138535 0.088638 -0.019499 0.046455 0.100243 -0.029385 0.122627 0.107964 0.007833 0.061623 0.094162 -0.017841 0.138535 0.088638 0.024038 0.150269 0.088257 0.024038 0.150269 0.088257 -0.017841 0.138535 0.088638 -0.00913 0.208939 0.068962 -0.013859 0.08139 0.122131 -0.032139 0.166458 0.129822 -0.029385 0.122627 0.107964 -0.032139 0.166458 0.129822 -0.013859 0.08139 0.122131 0.016342 0.158539 0.129578 -0.029385 0.122627 0.107964 -0.059685 0.183197 0.1231 -0.093002 0.20845 0.107933 -0.059685 0.183197 0.1231 -0.032139 0.166458 0.129822 -0.091125 0.211823 0.169861 -0.137634 0.066528 0.132553 -0.153519 0.092987 0.222366 -0.111374 0.07431 0.131226 -0.18251 0.123718 0.126617 -0.195801 0.098587 0.130478 -0.209793 0.154877 0.188446 -0.18251 0.123718 0.126617 -0.209793 0.154877 0.188446 -0.218765 0.178177 0.188095 -0.006495 0.047031 0.277679 -0.019171 -0.043358 0.267273 -0.001825 -0.007359 0.291046 -0.001825 -0.007359 0.291046 -0.015492 -0.035896 0.310028 -0.010819 0.01548 0.375153 -0.001825 -0.007359 0.291046 -0.010819 0.01548 0.375153 0.006761 -0.006883 0.326324 -0.010819 0.01548 0.375153 -0.015492 -0.035896 0.310028 0.002214 -0.024059 0.327087 -0.010819 0.01548 0.375153 0.002214 -0.024059 0.327087 -0.005311 0.011831 0.411743 -0.149506 -0.057381 0.340027 -0.170441 -0.031849 0.35907 -0.104507 -0.052696 0.31369 -0.104507 -0.052696 0.31369 -0.170441 -0.031849 0.35907 -0.120537 -0.045567 0.336914 -0.058552 -0.048103 0.310333 -0.117393 -0.057373 0.339233 -0.023129 -0.059174 0.305847 -0.023129 -0.059174 0.305847 -0.117393 -0.057373 0.339233 -0.033436 -0.07576 0.288574 -0.033436 -0.07576 0.288574 -0.117393 -0.057373 0.339233 -0.104507 -0.052696 0.31369 -0.033436 -0.07576 0.288574 -0.104507 -0.052696 0.31369 -0.033707 -0.057255 0.267273 -0.033707 -0.057255 0.267273 -0.104507 -0.052696 0.31369 -0.058552 -0.048103 0.310333 -0.054687 -0.028442 0.391449 -0.023129 -0.059174 0.305847 -0.015492 -0.035896 0.310028 -0.054687 -0.028442 0.391449 -0.015492 -0.035896 0.310028 -0.019171 -0.043358 0.267273 -0.054687 -0.028442 0.391449 -0.019171 -0.043358 0.267273 -0.058552 -0.048103 0.310333 -0.054687 -0.028442 0.391449 -0.058552 -0.048103 0.310333 -0.068329 -0.03434 0.38562 -0.023129 -0.059174 0.305847 -0.054687 -0.028442 0.391449 -0.046837 -0.054199 0.361786 -0.023129 -0.059174 0.305847 -0.046837 -0.054199 0.361786 -0.058552 -0.048103 0.310333 -0.058552 -0.048103 0.310333 -0.046837 -0.054199 0.361786 -0.068329 -0.03434 0.38562 -0.068329 -0.03434 0.38562 -0.046837 -0.054199 0.361786 -0.075226 -0.05722 0.428772 -0.084129 -0.004578 0.475555 -0.05888 -0.015439 0.43222 -0.111435 -0.008029 0.457214 -0.111435 -0.008029 0.457214 -0.05888 -0.015439 0.43222 -0.068329 -0.03434 0.38562 -0.111435 -0.008029 0.457214 -0.068329 -0.03434 0.38562 -0.076485 -0.040245 0.42392 0.006761 -0.006883 0.326324 0.026394 -0.052757 0.303162 0.019209 -0.042801 0.27597 0.019209 -0.042801 0.27597 0.026394 -0.052757 0.303162 0.054893 -0.02673 0.388916 0.019209 -0.042801 0.27597 0.054893 -0.02673 0.388916 0.044994 -0.048649 0.307678 0.044994 -0.048649 0.307678 0.054893 -0.02673 0.388916 0.08445 -0.01363 0.431488 0.044994 -0.048649 0.307678 0.08445 -0.01363 0.431488 0.06974 -0.04908 0.379852 0.06974 -0.04908 0.379852 0.08445 -0.01363 0.431488 0.118279 0.000273 0.466949 0.06974 -0.04908 0.379852 0.118279 0.000273 0.466949 0.122597 -0.015191 0.482544 -0.001825 -0.007359 0.291046 0.003899 0.061726 0.318237 -0.006495 0.047031 0.277679 -0.00334 0.090797 0.325562 0.003899 0.061726 0.318237 0.003186 0.081909 0.26059 0.003186 0.081909 0.26059 0.003899 0.061726 0.318237 -0.001825 -0.007359 0.291046 0.003186 0.081909 0.26059 -0.001825 -0.007359 0.291046 0.00661 -0.018681 0.261963 -0.119614 -0.014091 0.485443 -0.111435 -0.008029 0.457214 -0.076485 -0.040245 0.42392 -0.084129 -0.004578 0.475555 -0.119614 -0.014091 0.485443 -0.076485 -0.040245 0.42392 -0.076309 -0.058285 0.431396 -0.093719 -0.109894 0.472534 -0.122215 -0.097168 0.462006 -0.08152 -0.062031 0.464172 -0.076309 -0.058285 0.431396 -0.122215 -0.097168 0.462006 -0.010819 0.01548 0.375153 -0.001968 0.066391 0.429291 0.006761 -0.006883 0.326324 -0.001968 0.066391 0.429291 -0.010819 0.01548 0.375153 -0.005106 0.039181 0.428284 0.006761 -0.006883 0.326324 -0.001968 0.066391 0.429291 0.008772 0.015257 0.417297 -0.007717 0.038864 0.474731 0.008162 0.049095 0.490906 0.008772 0.015257 0.417297 0.003339 0.042339 0.456299 0.008772 0.015257 0.417297 -0.001968 0.066391 0.429291 -0.005311 0.011831 0.411743 -0.000635 0.015989 0.48584 -0.007717 0.038864 0.474731 -0.439514 0.149216 0.106956 -0.402435 0.119064 0.117035 -0.418304 0.182297 0.116104 -0.391052 0.113853 0.104439 -0.381775 0.18222 0.105194 -0.368164 0.105736 0.11824 -0.368164 0.105736 0.11824 -0.381775 0.18222 0.105194 -0.350983 0.093781 0.116142 -0.350983 0.093781 0.116142 -0.381775 0.18222 0.105194 -0.402435 0.119064 0.117035 -0.402435 0.119064 0.117035 -0.381775 0.18222 0.105194 -0.418304 0.182297 0.116104 -0.350983 0.093781 0.116142 -0.402435 0.119064 0.117035 -0.426361 0.069351 0.109665 -0.382599 0.192581 0.119392 -0.379883 0.183609 0.104668 -0.307312 0.188812 0.10495 -0.382599 0.192581 0.119392 -0.307312 0.188812 0.10495 -0.32074 0.205566 0.118324 -0.307312 0.188812 0.10495 -0.379883 0.183609 0.104668 -0.366852 0.217667 0.114334 -0.307312 0.188812 0.10495 -0.366852 0.217667 0.114334 -0.342072 0.232391 0.110558 -0.233475 0.166733 0.102226 -0.298889 0.247513 0.103973 -0.251312 0.228302 0.104736 -0.298889 0.247513 0.103973 -0.233475 0.166733 0.102226 -0.247482 0.180847 0.118454 -0.298889 0.247513 0.103973 -0.247482 0.180847 0.118454 -0.29541 0.250702 0.119682 -0.29541 0.250702 0.119682 -0.247482 0.180847 0.118454 -0.24678 0.206741 0.120605 -0.29541 0.250702 0.119682 -0.24678 0.206741 0.120605 -0.257172 0.257935 0.120712 -0.257172 0.257935 0.120712 -0.251312 0.228302 0.104736 -0.244125 0.317749 0.118309 -0.249359 0.13382 0.10215 -0.307312 0.188812 0.10495 -0.243088 0.132599 0.11985 -0.243088 0.132599 0.11985 -0.307312 0.188812 0.10495 -0.32074 0.205566 0.118324 -0.243088 0.132599 0.11985 -0.32074 0.205566 0.118324 -0.264709 0.134964 0.115166 -0.257019 0.190674 0.025564 -0.241898 0.189819 0.040146 -0.290131 0.241089 0.006165 -0.152176 0.118073 0.095543 -0.194733 0.143784 0.070793 -0.207321 0.102684 0.094467 -0.152176 0.118073 0.095543 -0.207321 0.102684 0.094467 -0.233475 0.166733 0.102226 -0.29541 0.250702 0.119682 -0.361023 0.270447 0.118179 -0.363708 0.281921 0.104111 -0.29541 0.250702 0.119682 -0.363708 0.281921 0.104111 -0.298889 0.247513 0.103973 -0.298889 0.247513 0.103973 -0.363708 0.281921 0.104111 -0.321991 0.283569 0.114677 -0.298889 0.247513 0.103973 -0.321991 0.283569 0.114677 -0.251312 0.228302 0.104736 -0.251312 0.228302 0.104736 -0.321991 0.283569 0.114677 -0.265137 0.267853 0.104309 -0.265137 0.267853 0.104309 -0.321991 0.283569 0.114677 -0.302094 0.310699 0.104378 -0.30603 0.305389 0.120064 -0.29541 0.250702 0.119682 -0.257172 0.257935 0.120712 -0.30603 0.305389 0.120064 -0.257172 0.257935 0.120712 -0.302094 0.310699 0.104378 -0.26236 0.332306 0.118858 -0.302704 0.334106 0.103836 -0.265137 0.267853 0.104309 -0.265137 0.267853 0.104309 -0.257172 0.257935 0.120712 -0.26236 0.332306 0.118858 -0.265137 0.267853 0.104309 -0.243988 0.320007 0.104637 -0.251312 0.228302 0.104736 -0.243988 0.320007 0.104637 -0.265137 0.267853 0.104309 -0.302704 0.334106 0.103836 -0.244125 0.317749 0.118309 -0.251312 0.228302 0.104736 -0.243988 0.320007 0.104637 -0.244125 0.317749 0.118309 -0.26236 0.332306 0.118858 -0.257172 0.257935 0.120712 -0.244125 0.317749 0.118309 -0.243988 0.320007 0.104637 -0.169205 0.285858 0.103409 -0.244125 0.317749 0.118309 -0.169205 0.285858 0.103409 -0.182846 0.287811 0.114914 -0.244125 0.317749 0.118309 -0.182846 0.287811 0.114914 -0.239334 0.343689 0.112511 -0.239334 0.343689 0.112511 -0.182846 0.287811 0.114914 -0.179962 0.322083 0.116997 -0.243988 0.320007 0.104637 -0.239334 0.343689 0.112511 -0.169205 0.285858 0.103409 -0.169205 0.285858 0.103409 -0.239334 0.343689 0.112511 -0.199692 0.36438 0.104019 -0.169205 0.285858 0.103409 -0.199692 0.36438 0.104019 -0.179962 0.322083 0.116997 -0.140976 0.284363 0.10466 -0.179962 0.322083 0.116997 -0.12484 0.258911 0.119019 -0.12484 0.258911 0.119019 -0.179962 0.322083 0.116997 -0.182846 0.287811 0.114914 -0.12484 0.258911 0.119019 -0.182846 0.287811 0.114914 -0.093002 0.20845 0.107933 -0.179962 0.322083 0.116997 -0.209045 0.386597 0.118912 -0.239334 0.343689 0.112511 -0.199692 0.36438 0.104019 -0.255188 0.365723 0.111076 -0.241684 0.396912 0.103951 -0.094818 0.233566 0.074249 -0.061798 0.214157 0.077202 -0.051849 0.169128 0.094955 -0.051849 0.169128 0.094955 -0.061798 0.214157 0.077202 -0.017841 0.138535 0.088638 -0.051849 0.169128 0.094955 -0.029385 0.122627 0.107964 -0.093002 0.20845 0.107933 -0.072655 0.213181 0.099342 -0.093002 0.20845 0.107933 -0.182846 0.287811 0.114914 -0.072655 0.213181 0.099342 -0.094818 0.233566 0.074249 -0.051849 0.169128 0.094955 -0.094818 0.233566 0.074249 -0.072655 0.213181 0.099342 -0.110321 0.282227 0.055813 -0.061798 0.214157 0.077202 -0.139038 0.270447 0.040066 -0.110321 0.282227 0.055813 -0.061798 0.214157 0.077202 -0.110321 0.282227 0.055813 -0.044376 0.204178 0.100899 -0.044376 0.204178 0.100899 -0.110321 0.282227 0.055813 -0.072655 0.213181 0.099342 -0.044376 0.204178 0.100899 -0.072655 0.213181 0.099342 -0.140976 0.284363 0.10466 -0.140976 0.284363 0.10466 -0.072655 0.213181 0.099342 -0.182846 0.287811 0.114914 -0.044376 0.204178 0.100899 -0.140976 0.284363 0.10466 -0.12484 0.258911 0.119019 -0.044376 0.204178 0.100899 -0.12484 0.258911 0.119019 -0.029182 0.19693 0.11248 -0.029182 0.19693 0.11248 -0.12484 0.258911 0.119019 -0.059685 0.183197 0.1231 -0.059685 0.183197 0.1231 -0.12484 0.258911 0.119019 -0.093002 0.20845 0.107933 -0.019167 0.181274 0.083687 -0.017841 0.138535 0.088638 -0.061798 0.214157 0.077202 0.00805 0.279297 0.049187 -0.011838 0.209885 0.096237 0.011513 0.206924 0.097244 -0.011838 0.209885 0.096237 0.00805 0.279297 0.049187 -0.006093 0.33963 0.007661 -0.011838 0.209885 0.096237 -0.006093 0.33963 0.007661 -0.00913 0.208939 0.068962 -0.00913 0.208939 0.068962 -0.006093 0.33963 0.007661 -0.005343 0.266235 0.015928 -0.00913 0.208939 0.068962 -0.005343 0.266235 0.015928 0.005511 0.249039 0.045486 -0.011838 0.209885 0.096237 -0.029182 0.19693 0.11248 -0.045567 0.287354 0.105438 -0.011838 0.209885 0.096237 -0.045567 0.287354 0.105438 -0.031666 0.30423 0.102989 -0.011838 0.209885 0.096237 -0.031666 0.30423 0.102989 -0.000953 0.245621 0.103493 -0.045567 0.287354 0.105438 -0.029182 0.19693 0.11248 -0.003049 0.210022 0.123238 -0.045567 0.287354 0.105438 -0.003049 0.210022 0.123238 -0.028704 0.271667 0.11824 -0.028704 0.271667 0.11824 -0.003049 0.210022 0.123238 0.022402 0.290863 0.116287 -0.059685 0.183197 0.1231 -0.079468 0.234924 0.138412 -0.029182 0.19693 0.11248 -0.092346 0.227875 0.149704 -0.059685 0.183197 0.1231 -0.091125 0.211823 0.169861 -0.136032 0.255463 0.232605 -0.136032 0.255463 0.232605 -0.091125 0.211823 0.169861 -0.070328 0.21727 0.146362 -0.070328 0.21727 0.146362 -0.092346 0.227875 0.149704 -0.136032 0.255463 0.232605 -0.092346 0.227875 0.149704 -0.070328 0.21727 0.146362 -0.117203 0.292755 0.169998 -0.117203 0.292755 0.169998 -0.070328 0.21727 0.146362 -0.079468 0.234924 0.138412 -0.092346 0.227875 0.149704 -0.117203 0.292755 0.169998 -0.133606 0.28653 0.179321 -0.133606 0.28653 0.179321 -0.117203 0.292755 0.169998 -0.182587 0.330688 0.20462 -0.070328 0.21727 0.146362 -0.001415 0.175491 0.130219 -0.029182 0.19693 0.11248 -0.001415 0.175491 0.130219 -0.070328 0.21727 0.146362 -0.032139 0.166458 0.129822 -0.032139 0.166458 0.129822 -0.070328 0.21727 0.146362 -0.091125 0.211823 0.169861 -0.183304 0.340424 0.189407 -0.079468 0.234924 0.138412 -0.133606 0.28653 0.179321 -0.133606 0.28653 0.179321 -0.079468 0.234924 0.138412 -0.092346 0.227875 0.149704 -0.183304 0.340424 0.189407 -0.133606 0.28653 0.179321 -0.182587 0.330688 0.20462 -0.079468 0.234924 0.138412 -0.183304 0.340424 0.189407 -0.117203 0.292755 0.169998 -0.117203 0.292755 0.169998 -0.183304 0.340424 0.189407 -0.182587 0.330688 0.20462 -0.110977 0.371704 0.116928 -0.028704 0.271667 0.11824 -0.034409 0.305573 0.115555 -0.028704 0.271667 0.11824 -0.110977 0.371704 0.116928 -0.045567 0.287354 0.105438 0.001478 0.244247 0.112289 -0.028704 0.271667 0.11824 0.022402 0.290863 0.116287 -0.031666 0.30423 0.102989 -0.045567 0.287354 0.105438 -0.160339 0.401459 0.10656 -0.031666 0.30423 0.102989 -0.160339 0.401459 0.10656 -0.093994 0.380127 0.109497 -0.031666 0.30423 0.102989 -0.093994 0.380127 0.109497 -0.034409 0.305573 0.115555 -0.034409 0.305573 0.115555 -0.093994 0.380127 0.109497 -0.110977 0.371704 0.116928 -0.110977 0.371704 0.116928 -0.160339 0.401459 0.10656 -0.045567 0.287354 0.105438 -0.04298 0.434692 0.118233 -0.091499 0.463806 0.120033 -0.06237 0.4104 0.116051 -0.023727 0.402649 0.106422 -0.051048 0.406494 0.107216 -0.088707 0.464203 0.104492 -0.023727 0.402649 0.106422 -0.088707 0.464203 0.104492 -0.04298 0.434692 0.118233 -0.167526 0.401367 0.116875 -0.110977 0.371704 0.116928 -0.093994 0.380127 0.109497 0.007833 0.061623 0.094162 0.030846 -0.010376 0.099281 0.001531 -0.032555 0.080238 0.030846 -0.010376 0.099281 0.007833 0.061623 0.094162 0.021206 0.071938 0.107933 0.021206 0.071938 0.107933 0.007833 0.061623 0.094162 0.024038 0.150269 0.088257 0.021206 0.071938 0.107933 0.024038 0.150269 0.088257 0.038158 0.140427 0.114799 0.030846 -0.010376 0.099281 0.021206 0.071938 0.107933 0.028221 -0.02248 0.123405 0.030846 -0.010376 0.099281 0.028221 -0.02248 0.123405 0.082466 0.046577 0.124413 0.082466 0.046577 0.124413 0.028221 -0.02248 0.123405 0.097229 0.02737 0.12883 0.030846 -0.010376 0.099281 0.082466 0.046577 0.124413 0.0886 0.038712 0.088814 0.082466 0.046577 0.124413 0.097229 0.02737 0.12883 0.123932 0.084061 0.176239 0.0886 0.038712 0.088814 0.082466 0.046577 0.124413 0.124023 0.091911 0.093254 0.082466 0.046577 0.124413 0.123932 0.084061 0.176239 0.126663 0.09433 0.120834 0.082466 0.046577 0.124413 0.126663 0.09433 0.120834 0.124023 0.091911 0.093254 0.094269 -0.006453 0.10479 0.069298 -0.101006 0.107941 0.050705 -0.062176 0.089935 0.069298 -0.101006 0.107941 0.094269 -0.006453 0.10479 0.061417 -0.035194 0.126144 0.069298 -0.101006 0.107941 0.061417 -0.035194 0.126144 0.056084 -0.133362 0.12204 0.056084 -0.133362 0.12204 0.061417 -0.035194 0.126144 0.014738 -0.097801 0.134369 0.014738 -0.097801 0.134369 0.061417 -0.035194 0.126144 0.028221 -0.02248 0.123405 0.028221 -0.02248 0.123405 0.061417 -0.035194 0.126144 0.097229 0.02737 0.12883 0.014738 -0.097801 0.134369 0.028221 -0.02248 0.123405 0.004032 -0.069916 0.138611 0.004032 -0.069916 0.138611 0.028221 -0.02248 0.123405 -0.003801 0.058918 0.125961 0.0886 0.038712 0.088814 0.094269 -0.006453 0.10479 0.050705 -0.062176 0.089935 0.094269 -0.006453 0.10479 0.0886 0.038712 0.088814 0.152527 0.064224 0.096329 0.152527 0.064224 0.096329 0.0886 0.038712 0.088814 0.124023 0.091911 0.093254 0.094269 -0.006453 0.10479 0.152527 0.064224 0.096329 0.114944 0.027672 0.117027 0.114944 0.027672 0.117027 0.152527 0.064224 0.096329 0.173416 0.059746 0.114944 0.094269 -0.006453 0.10479 0.097229 0.02737 0.12883 0.061417 -0.035194 0.126144 -0.013859 0.08139 0.122131 -0.003801 0.058918 0.125961 0.038158 0.140427 0.114799 -0.013859 0.08139 0.122131 0.038158 0.140427 0.114799 0.016342 0.158539 0.129578 0.038158 0.140427 0.114799 -0.003801 0.058918 0.125961 0.021206 0.071938 0.107933 0.021206 0.071938 0.107933 -0.003801 0.058918 0.125961 0.028221 -0.02248 0.123405 0.145447 0.111908 0.071709 0.124023 0.091911 0.093254 0.168503 0.138382 0.111183 0.168503 0.138382 0.111183 0.124023 0.091911 0.093254 0.126663 0.09433 0.120834 0.145447 0.111908 0.071709 0.168503 0.138382 0.111183 0.218872 0.165451 0.101433 0.178162 0.121979 0.125534 0.143982 0.106705 0.132675 0.202698 0.174332 0.177734 0.246902 0.199493 0.121094 0.253204 0.253754 0.118263 0.218872 0.165451 0.101433 0.246902 0.199493 0.121094 0.218872 0.165451 0.101433 0.178162 0.121979 0.125534 0.246902 0.199493 0.121094 0.178162 0.121979 0.125534 0.239365 0.15303 0.119202 0.178162 0.121979 0.125534 0.202698 0.174332 0.177734 0.188843 0.112801 0.133347 0.239365 0.15303 0.119202 0.178162 0.121979 0.125534 0.21698 0.106934 0.123413 0.15126 0.082726 0.132492 0.114944 0.027672 0.117027 0.173416 0.059746 0.114944 0.114944 0.027672 0.117027 0.15126 0.082726 0.132492 0.130356 0.065323 0.15062 0.130356 0.065323 0.15062 0.15126 0.082726 0.132492 0.157166 0.078987 0.218948 0.130356 0.065323 0.15062 0.157166 0.078987 0.218948 0.123932 0.084061 0.176239 0.130356 0.065323 0.15062 0.123932 0.084061 0.176239 0.097229 0.02737 0.12883 0.200394 0.090607 0.134628 0.173416 0.059746 0.114944 0.250671 0.058392 0.118027 0.250671 0.058392 0.118027 0.173416 0.059746 0.114944 0.269775 0.040337 0.104942 0.200394 0.090607 0.134628 0.250671 0.058392 0.118027 0.21698 0.106934 0.123413 0.247574 0.098289 0.116966 0.249939 0.105888 0.101418 0.325012 0.112152 0.103935 0.247574 0.098289 0.116966 0.325012 0.112152 0.103935 0.362244 0.106438 0.11911 0.247574 0.098289 0.116966 0.362244 0.106438 0.11911 0.267883 0.125534 0.120041 0.267883 0.125534 0.120041 0.362244 0.106438 0.11911 0.325165 0.126205 0.105843 0.177124 0.106064 0.075935 0.152527 0.064224 0.096329 0.145447 0.111908 0.071709 0.152527 0.064224 0.096329 0.177124 0.106064 0.075935 0.200928 0.079842 0.092072 0.251831 0.077538 0.050453 0.200928 0.079842 0.092072 0.177124 0.106064 0.075935 0.200928 0.079842 0.092072 0.251831 0.077538 0.050453 0.269958 0.066254 0.057995 0.251831 0.077538 0.050453 0.177124 0.106064 0.075935 0.204483 0.106125 0.094406 0.173645 0.120224 0.089218 0.177124 0.106064 0.075935 0.23027 0.157562 0.046528 0.15126 0.082726 0.132492 0.188843 0.112801 0.133347 0.197906 0.154877 0.18396 0.197906 0.154877 0.18396 0.188843 0.112801 0.133347 0.202698 0.174332 0.177734 0.197906 0.154877 0.18396 0.202698 0.174332 0.177734 0.143982 0.106705 0.132675 0.197906 0.154877 0.18396 0.143982 0.106705 0.132675 0.15126 0.082726 0.132492 0.15126 0.082726 0.132492 0.123932 0.084061 0.176239 0.157166 0.078987 0.218948 0.173645 0.120224 0.089218 0.145447 0.111908 0.071709 0.218872 0.165451 0.101433 0.173645 0.120224 0.089218 0.218872 0.165451 0.101433 0.204483 0.106125 0.094406 0.173416 0.059746 0.114944 0.200928 0.079842 0.092072 0.269775 0.040337 0.104942 0.269775 0.040337 0.104942 0.200928 0.079842 0.092072 0.250671 0.058392 0.118027 0.250671 0.058392 0.118027 0.200928 0.079842 0.092072 0.249939 0.105888 0.101418 0.249939 0.105888 0.101418 0.204483 0.106125 0.094406 0.218872 0.165451 0.101433 0.204483 0.106125 0.094406 0.200928 0.079842 0.092072 0.269958 0.066254 0.057995 0.204483 0.106125 0.094406 0.269958 0.066254 0.057995 0.251831 0.077538 0.050453 0.269012 0.14035 0.107536 0.325165 0.126205 0.105843 0.249939 0.105888 0.101418 0.249939 0.105888 0.101418 0.325165 0.126205 0.105843 0.325012 0.112152 0.103935 0.325012 0.112152 0.103935 0.325165 0.126205 0.105843 0.399231 0.120651 0.114754 0.325012 0.112152 0.103935 0.399231 0.120651 0.114754 0.433319 0.142487 0.105072 0.325012 0.112152 0.103935 0.433319 0.142487 0.105072 0.435486 0.102188 0.104713 0.433319 0.142487 0.105072 0.413757 0.174088 0.104218 0.35437 0.195175 0.104103 0.433319 0.142487 0.105072 0.35437 0.195175 0.104103 0.397369 0.22699 0.120239 0.318634 0.039204 0.015505 0.254547 0.076706 0.048363 0.32486 0.053036 0.015428 0.254547 0.076706 0.048363 0.318634 0.039204 0.015505 0.27359 0.064713 0.056499 0.27359 0.064713 0.056499 0.32486 0.053036 0.015428 0.254547 0.076706 0.048363 0.325012 0.112152 0.103935 0.408722 0.062881 0.119736 0.362244 0.106438 0.11911 0.362244 0.106438 0.11911 0.399231 0.120651 0.114754 0.325165 0.126205 0.105843 0.399231 0.120651 0.114754 0.428619 0.11187 0.115318 0.421936 0.170776 0.118408 0.325012 0.112152 0.103935 0.416351 0.053444 0.103096 0.408722 0.062881 0.119736 0.395691 0.094231 0.113731 0.416351 0.053444 0.103096 0.325012 0.112152 0.103935 0.395691 0.094231 0.113731 0.325012 0.112152 0.103935 0.435486 0.102188 0.104713 0.029881 -0.052212 0.267548 0.036118 -0.070518 0.276733 0.000896 -0.103226 0.20163 0.000896 -0.103226 0.20163 0.036118 -0.070518 0.276733 -0.001324 -0.092606 0.254974 -0.001324 -0.092606 0.254974 0.030891 -0.071304 0.296234 0.006098 -0.11364 0.329315 0.006098 -0.11364 0.329315 0.026394 -0.052757 0.303162 -0.001377 -0.101982 0.341675 0.00661 -0.018681 0.261963 -0.006495 0.047031 0.277679 0.003186 0.081909 0.26059 0.003186 0.081909 0.26059 -0.006495 0.047031 0.277679 -0.00334 0.090797 0.325562 0.21698 0.106934 0.123413 0.271393 0.086159 0.161819 0.200394 0.090607 0.134628 0.271393 0.086159 0.161819 0.21698 0.106934 0.123413 0.296753 0.110352 0.152924 0.271393 0.086159 0.161819 0.296753 0.110352 0.152924 0.352142 0.114357 0.168472 0.296753 0.110352 0.152924 0.21698 0.106934 0.123413 0.236099 0.103844 0.143646 0.270874 0.10276 0.164261 0.271393 0.086159 0.161819 0.349579 0.111488 0.187561 0.349579 0.111488 0.187561 0.271393 0.086159 0.161819 0.352142 0.114357 0.168472 0.270874 0.10276 0.164261 0.349579 0.111488 0.187561 0.296753 0.110352 0.152924 0.036118 -0.070518 0.276733 0.103424 -0.047836 0.315918 0.123428 -0.063713 0.327667 0.103424 -0.047836 0.315918 0.036118 -0.070518 0.276733 0.029881 -0.052212 0.267548 0.103424 -0.047836 0.315918 0.029881 -0.052212 0.267548 0.044994 -0.048649 0.307678 0.036118 -0.070518 0.276733 0.123428 -0.063713 0.327667 0.030891 -0.071304 0.296234 0.030891 -0.071304 0.296234 0.123428 -0.063713 0.327667 0.130875 -0.056297 0.355621 0.030891 -0.071304 0.296234 0.130875 -0.056297 0.355621 0.044994 -0.048649 0.307678 0.044994 -0.048649 0.307678 0.130875 -0.056297 0.355621 0.103424 -0.047836 0.315918 0.026394 -0.052757 0.303162 0.044994 -0.048649 0.307678 0.06974 -0.04908 0.379852 0.026394 -0.052757 0.303162 0.06974 -0.04908 0.379852 0.065109 -0.042336 0.434357 0.084381 -0.060204 0.43335 0.06974 -0.04908 0.379852 0.064461 -0.031445 0.448151 0.166367 -0.039692 0.351807 0.103424 -0.047836 0.315918 0.130875 -0.056297 0.355621 0.006761 -0.006883 0.326324 0.008772 0.015257 0.417297 0.002214 -0.024059 0.327087 0.002214 -0.024059 0.327087 0.008772 0.015257 0.417297 -0.005311 0.011831 0.411743 -0.005311 0.011831 0.411743 0.008772 0.015257 0.417297 -0.000635 0.015989 0.48584 -0.000635 0.015989 0.48584 0.008772 0.015257 0.417297 0.008162 0.049095 0.490906 0.065109 -0.042336 0.434357 0.054893 -0.02673 0.388916 0.026394 -0.052757 0.303162 0.054893 -0.02673 0.388916 0.065109 -0.042336 0.434357 0.071198 -0.008224 0.449829 0.084732 -0.072121 0.472198 0.065109 -0.042336 0.434357 0.089439 -0.104683 0.472412 0.089439 -0.104683 0.472412 0.065109 -0.042336 0.434357 0.084381 -0.060204 0.43335 0.122597 -0.015191 0.482544 0.064461 -0.031445 0.448151 0.06974 -0.04908 0.379852 0.064461 -0.031445 0.448151 0.122597 -0.015191 0.482544 0.105782 0.0059 0.483093 0.128418 -0.110054 0.473083 0.089439 -0.104683 0.472412 0.084381 -0.060204 0.43335 0.065056 0.192383 0.100258 0.038158 0.140427 0.114799 0.024038 0.150269 0.088257 0.038158 0.140427 0.114799 0.065056 0.192383 0.100258 0.13382 0.255096 0.117348 0.005511 0.249039 0.045486 0.020388 0.18454 0.090935 -0.00913 0.208939 0.068962 0.00805 0.279297 0.049187 0.005511 0.249039 0.045486 0.001487 0.309814 -0.02401 0.005511 0.249039 0.045486 0.00805 0.279297 0.049187 0.011513 0.206924 0.097244 0.005511 0.249039 0.045486 0.011513 0.206924 0.097244 0.020388 0.18454 0.090935 0.058754 0.210678 0.100952 0.02949 0.203491 0.110985 0.108643 0.258148 0.116272 0.108643 0.258148 0.116272 0.02949 0.203491 0.110985 0.057911 0.210999 0.122894 0.062775 0.213516 0.076691 0.024038 0.150269 0.088257 0.020388 0.18454 0.090935 0.024038 0.150269 0.088257 0.062775 0.213516 0.076691 0.110756 0.24472 0.066368 0.024038 0.150269 0.088257 0.110756 0.24472 0.066368 0.065056 0.192383 0.100258 0.065056 0.192383 0.100258 0.110756 0.24472 0.066368 0.093849 0.250702 0.078384 0.011513 0.206924 0.097244 -0.000953 0.245621 0.103493 0.030117 0.297791 0.103439 0.00579 0.359863 0.107452 0.022402 0.290863 0.116287 0.023613 0.380707 0.117447 0.00579 0.359863 0.107452 0.025026 0.429749 0.117294 0.021694 0.362366 0.103714 0.030117 0.297791 0.103439 0.021694 0.362366 0.103714 0.023613 0.380707 0.117447 0.04356 0.274811 0.107109 0.011513 0.206924 0.097244 0.030117 0.297791 0.103439 0.011513 0.206924 0.097244 0.04356 0.274811 0.107109 0.02949 0.203491 0.110985 0.114258 0.209488 -0.007743 0.134079 0.149521 0.020538 0.135406 0.135208 0.055622 0.114258 0.209488 -0.007743 0.135406 0.135208 0.055622 0.131897 0.199585 0.011244 0.131897 0.199585 0.011244 0.135406 0.135208 0.055622 0.134079 0.149521 0.020538 0.15593 0.308044 0.026957 0.110756 0.24472 0.066368 0.062775 0.213516 0.076691 0.15593 0.308044 0.026957 0.062775 0.213516 0.076691 0.093849 0.250702 0.078384 0.110756 0.24472 0.066368 0.15593 0.308044 0.026957 0.178055 0.307373 0.023584 0.110756 0.24472 0.066368 0.178055 0.307373 0.023584 0.156357 0.333252 0.039242 0.110756 0.24472 0.066368 0.156357 0.333252 0.039242 0.093849 0.250702 0.078384 0.093849 0.250702 0.078384 0.156357 0.333252 0.039242 0.15593 0.308044 0.026957 0.058552 0.183807 0.122185 0.038158 0.140427 0.114799 0.13382 0.255096 0.117348 0.016342 0.158539 0.129578 0.058552 0.183807 0.122185 0.089325 0.210159 0.158218 0.058552 0.183807 0.122185 0.13382 0.255096 0.117348 0.108643 0.258148 0.116272 0.057911 0.210999 0.122894 0.058552 0.183807 0.122185 0.108643 0.258148 0.116272 -0.001415 0.175491 0.130219 0.016342 0.158539 0.129578 0.059563 0.208481 0.14003 0.059563 0.208481 0.14003 0.016342 0.158539 0.129578 0.089325 0.210159 0.158218 -0.001415 0.175491 0.130219 0.059563 0.208481 0.14003 0.057911 0.210999 0.122894 0.022402 0.290863 0.116287 -0.003049 0.210022 0.123238 0.057503 0.315643 0.116943 0.057503 0.315643 0.116943 -0.003049 0.210022 0.123238 0.04356 0.274811 0.107109 0.04356 0.274811 0.107109 -0.003049 0.210022 0.123238 0.02949 0.203491 0.110985 0.057503 0.315643 0.116943 0.059425 0.30246 0.104012 0.138153 0.385529 0.108437 0.057503 0.315643 0.116943 0.138153 0.385529 0.108437 0.101189 0.375854 0.116364 0.057911 0.210999 0.122894 0.077721 0.226257 0.149048 0.128128 0.289429 0.165146 0.059563 0.208481 0.14003 0.089325 0.210159 0.158218 0.136093 0.240234 0.231277 0.136093 0.240234 0.231277 0.089325 0.210159 0.158218 0.133423 0.25589 0.224869 0.059563 0.208481 0.14003 0.136093 0.240234 0.231277 0.077721 0.226257 0.149048 0.077721 0.226257 0.149048 0.136093 0.240234 0.231277 0.133423 0.25589 0.224869 0.089325 0.210159 0.158218 0.077721 0.226257 0.149048 0.133423 0.25589 0.224869 0.077721 0.226257 0.149048 0.089325 0.210159 0.158218 0.144363 0.316895 0.191879 0.057911 0.210999 0.122894 0.128128 0.289429 0.165146 0.089325 0.210159 0.158218 0.089325 0.210159 0.158218 0.128128 0.289429 0.165146 0.144363 0.316895 0.191879 0.13382 0.255096 0.117348 0.065056 0.192383 0.100258 0.184311 0.287628 0.103645 0.184311 0.287628 0.103645 0.065056 0.192383 0.100258 0.058754 0.210678 0.100952 0.184311 0.287628 0.103645 0.058754 0.210678 0.100952 0.162064 0.308502 0.10907 0.184311 0.287628 0.103645 0.162064 0.308502 0.10907 0.194 0.376923 0.110344 0.184311 0.287628 0.103645 0.194 0.376923 0.110344 0.208603 0.357422 0.113388 0.184311 0.287628 0.103645 0.208633 0.316772 0.105927 0.256378 0.325928 0.104332 0.13382 0.255096 0.117348 0.184311 0.287628 0.103645 0.202789 0.306213 0.117157 0.184311 0.287628 0.103645 0.256378 0.325928 0.104332 0.251099 0.325714 0.116356 0.170334 0.316895 0.197525 0.077721 0.226257 0.149048 0.128128 0.289429 0.165146 0.170334 0.316895 0.197525 0.128128 0.289429 0.165146 0.185867 0.345032 0.191849 0.077721 0.226257 0.149048 0.170334 0.316895 0.197525 0.144363 0.316895 0.191879 0.038132 0.313324 0.106262 0.030117 0.297791 0.103439 0.023613 0.380707 0.117447 0.038132 0.313324 0.106262 0.023613 0.380707 0.117447 0.022402 0.290863 0.116287 0.108665 0.372131 0.100426 0.059425 0.30246 0.104012 0.038132 0.313324 0.106262 0.059425 0.30246 0.104012 0.108665 0.372131 0.100426 0.138153 0.385529 0.108437 0.138153 0.385529 0.108437 0.108665 0.372131 0.100426 0.190216 0.42688 0.104523 0.190216 0.42688 0.104523 0.108665 0.372131 0.100426 0.101189 0.375854 0.116364 0.101189 0.375854 0.116364 0.108665 0.372131 0.100426 0.038132 0.313324 0.106262 0.101189 0.375854 0.116364 0.038132 0.313324 0.106262 0.057503 0.315643 0.116943 0.190399 0.329346 0.117455 0.108643 0.258148 0.116272 0.13382 0.255096 0.117348 0.190399 0.329346 0.117455 0.13382 0.255096 0.117348 0.202789 0.306213 0.117157 0.108643 0.258148 0.116272 0.190399 0.329346 0.117455 0.162064 0.308502 0.10907 0.108643 0.258148 0.116272 0.162064 0.308502 0.10907 0.058754 0.210678 0.100952 0.162064 0.308502 0.10907 0.190399 0.329346 0.117455 0.194 0.376923 0.110344 0.185867 0.345032 0.191849 0.128128 0.289429 0.165146 0.144363 0.316895 0.191879 0.023613 0.380707 0.117447 0.053055 0.403259 0.106026 0.092812 0.455048 0.118622 0.053055 0.403259 0.106026 0.021694 0.362366 0.103714 0.016294 0.44101 0.107361 0.016294 0.44101 0.107361 0.021694 0.362366 0.103714 0.025026 0.429749 0.117294 0.044941 0.44516 0.110085 0.087326 0.434326 0.106239 0.053055 0.403259 0.106026 0.025026 0.429749 0.117294 0.023613 0.380707 0.117447 0.092812 0.455048 0.118622 0.101189 0.375854 0.116364 0.138153 0.385529 0.108437 0.184143 0.412354 0.118774 0.235886 0.195282 0.031742 0.196487 0.137543 0.053722 0.173645 0.120224 0.089218 0.235886 0.195282 0.031742 0.173645 0.120224 0.089218 0.23027 0.157562 0.046528 0.218872 0.165451 0.101433 0.253204 0.253754 0.118263 0.261475 0.236008 0.102104 0.275604 0.216248 0.106339 0.241776 0.146713 0.104004 0.218872 0.165451 0.101433 0.275604 0.216248 0.106339 0.218872 0.165451 0.101433 0.261475 0.236008 0.102104 0.261475 0.236008 0.102104 0.253204 0.253754 0.118263 0.256378 0.325928 0.104332 0.256378 0.325928 0.104332 0.253204 0.253754 0.118263 0.251099 0.325714 0.116356 0.273041 0.280579 0.114372 0.261475 0.236008 0.102104 0.256378 0.325928 0.104332 0.299194 0.328156 0.10154 0.273041 0.280579 0.114372 0.256378 0.325928 0.104332 0.204514 0.177917 0.180161 0.221863 0.179886 0.19249 0.285034 0.233337 0.210022 0.204514 0.177917 0.180161 0.285034 0.233337 0.210022 0.293549 0.224609 0.195908 0.204514 0.177917 0.180161 0.293549 0.224609 0.195908 0.230392 0.184631 0.183731 0.284027 0.175507 0.104858 0.256897 0.148026 0.116798 0.324097 0.220047 0.11602 0.284027 0.175507 0.104858 0.324097 0.220047 0.11602 0.351715 0.246964 0.105232 0.284027 0.175507 0.104858 0.351715 0.246964 0.105232 0.35437 0.195175 0.104103 0.275604 0.216248 0.106339 0.239365 0.15303 0.119202 0.241776 0.146713 0.104004 0.246902 0.199493 0.121094 0.275604 0.216248 0.106339 0.313934 0.270782 0.11821 0.246902 0.199493 0.121094 0.313934 0.270782 0.11821 0.253204 0.253754 0.118263 0.313934 0.270782 0.11821 0.30545 0.321167 0.120834 0.273102 0.280121 0.115189 0.273102 0.280121 0.115189 0.30545 0.321167 0.120834 0.251099 0.325714 0.116356 0.256897 0.148026 0.116798 0.312408 0.187881 0.115051 0.324097 0.220047 0.11602 0.397369 0.22699 0.120239 0.362885 0.196579 0.120148 0.421936 0.170776 0.118408 0.397369 0.22699 0.120239 0.421936 0.170776 0.118408 0.433319 0.142487 0.105072 0.190216 0.42688 0.104523 0.194016 0.380463 0.110352 0.101189 0.375854 0.116364 0.293549 0.224609 0.195908 0.221863 0.179886 0.19249 0.230392 0.184631 0.183731 0.221863 0.179886 0.19249 0.293549 0.224609 0.195908 0.285034 0.233337 0.210022 -0.286469 -0.175995 -0.274841 -0.282928 -0.124107 -0.260254 -0.236618 -0.097115 -0.225403 -0.060776 -0.266541 -0.415588 -0.004593 -0.205215 -0.348206 -0.000039 -0.222336 -0.376984 -0.060776 -0.266541 -0.415588 -0.000039 -0.222336 -0.376984 -0.024052 -0.242584 -0.413086 -0.120651 -0.158951 0.071846 -0.146652 -0.139557 0.025757 -0.142181 -0.121117 -0.008058 -0.120651 -0.158951 0.071846 -0.142181 -0.121117 -0.008058 -0.141312 -0.142517 0.0011 -0.317078 0.039055 -0.237503 -0.303131 0.001767 -0.225616 -0.360474 -0.004743 -0.222275 -0.317078 0.039055 -0.237503 -0.360474 -0.004743 -0.222275 -0.304047 0.0023 -0.227234 -0.317078 0.039055 -0.237503 -0.288391 0.020618 -0.232773 -0.327301 0.006679 -0.27417 -0.000701 -0.036118 -0.49469 -0.001087 -0.060692 -0.424347 0.001554 -0.074577 -0.452759 -0.290131 0.241089 0.006165 -0.257019 0.190674 0.025564 -0.208115 0.144241 0.052277 -0.290131 0.241089 0.006165 -0.208115 0.144241 0.052277 -0.151398 0.115715 0.074142 -0.208115 0.144241 0.052277 -0.152374 0.115967 0.073479 -0.136703 0.135574 0.034805 -0.208115 0.144241 0.052277 -0.136703 0.135574 0.034805 -0.141678 0.10878 0.069931 -0.151398 0.115715 0.074142 -0.194733 0.143784 0.070793 -0.241898 0.189819 0.040146 -0.151398 0.115715 0.074142 -0.241898 0.189819 0.040146 -0.290131 0.241089 0.006165 0.08181 -0.396088 -0.219208 0.034924 -0.34436 -0.216888 0.039089 -0.39151 -0.22554 0.136139 -0.250183 -0.239807 0.176224 -0.255219 -0.263397 0.238083 -0.271545 -0.29541 0.136139 -0.250183 -0.239807 0.238083 -0.271545 -0.29541 0.197433 -0.259125 -0.29483 0.088425 0.113571 -0.353485 0.066887 0.092583 -0.361542 0.036503 0.063988 -0.275146 0.088425 0.113571 -0.353485 0.036503 0.063988 -0.275146 0.055431 0.089455 -0.309967 0.176788 0.103973 -0.319733 0.18988 0.13147 -0.358368 0.162491 0.083435 -0.281464 0.302246 0.043594 -0.243317 0.324463 0.039742 -0.244583 0.35907 0.092323 -0.29599 0.330719 0.084534 -0.29248 0.302246 0.043594 -0.243317 0.35907 0.092323 -0.29599 -0.014567 -0.172318 0.101967 -0.029846 -0.132217 0.090225 -0.05724 -0.194305 0.107895 -0.324127 0.046978 0.014979 -0.281036 0.065063 0.048515 -0.214157 0.104065 0.072182 -0.324127 0.046978 0.014979 -0.214157 0.104065 0.072182 -0.252991 0.077019 0.044895 0.101189 0.375854 0.116364 0.184143 0.412354 0.118774 0.194016 0.380463 0.110352 0.194 0.376923 0.110344 0.190399 0.329346 0.117455 0.250366 0.379181 0.112061 0.188156 0.145584 -0.35022 0.210205 0.154419 -0.411041 0.176788 0.103973 -0.319733 0.3013 0.013936 -0.225189 0.335083 -0.015711 -0.343994 0.344788 0.005162 -0.341461 -0.1828 -0.438202 0.294342 -0.154755 -0.389709 0.271881 -0.13591 -0.355103 0.249985 -0.0046 -0.340393 0.181213 0.031731 -0.270294 0.163193 0.003043 -0.342499 0.207214 -0.342072 0.232391 0.110558 -0.32074 0.205566 0.118324 -0.264709 0.134964 0.115166 -0.342072 0.232391 0.110558 -0.264709 0.134964 0.115166 -0.307312 0.188812 0.10495</float_array>
          <technique_common>
            <accessor source="#YellowLichen-mesh-positions-array" count="4498" stride="3">
              <param name="X" type="float"/>
              <param name="Y" type="float"/>
              <param name="Z" type="float"/>
            </accessor>
          </technique_common>
        </source>
        <source id="YellowLichen-mesh-normals">
          <float_array id="YellowLichen-mesh-normals-array" count="4500">-0.24933 -0.616086 0.747176 0.626446 0.067678 -0.776521 -0.717979 0.088493 0.690417 -0.273678 -0.463003 0.843047 0.943322 0.151629 -0.295215 0.955824 0.109124 -0.272932 0.719336 -0.628988 0.294838 -0.403712 -0.610256 0.681619 -0.91667 0.376052 -0.13528 -0.384865 0.861601 -0.330943 -0.584974 -0.77894 0.22596 -0.604824 -0.766745 0.215152 -0.83448 -0.55072 0.018736 -0.346048 -0.7549 0.557114 0.571581 -0.267746 -0.775633 -0.250447 0.94221 0.222524 -0.395117 -0.046805 0.917438 -0.748745 0.629898 -0.206424 -0.100159 0.47514 -0.874191 0.343064 -0.70858 0.616622 -0.074985 -0.952088 0.29649 -0.300398 0.939985 -0.161833 -0.200339 0.945346 -0.257264 -0.937602 0.347092 -0.020733 0.649685 0.752521 0.107805 0.793307 0.55937 -0.240351 0.239479 -0.961802 0.132615 -0.325988 -0.93956 -0.104684 0.431168 -0.879825 -0.200004 -0.633775 -0.762678 0.129042 -0.764489 -0.558494 0.321932 -0.633741 -0.701988 0.324939 -0.291567 0.956247 0.024101 -0.847942 -0.468223 0.248517 -0.727349 -0.636814 0.255795 -0.068709 -0.963721 0.257916 0.798471 -0.562037 0.215773 0.279628 -0.954963 -0.099262 0.990646 0.129966 -0.041582 -0.987432 0.048441 -0.150438 -0.999522 -0.029002 -0.010673 0.192783 -0.872798 0.448396 0.989407 0.134552 -0.054494 -0.665942 -0.638116 0.386431 -0.986887 0.161103 0.010046 -0.264851 0.770395 -0.579953 0.920095 0.31758 -0.229276 0.996002 -0.056489 0.069209 -0.281698 0.033514 -0.958918 -0.980287 0.165784 -0.107483 -0.888765 -0.454161 -0.061933 0.985491 -0.147779 0.083484 -0.986772 -0.156014 0.044062 -0.979103 0.196046 -0.054064 -0.432783 -0.457212 0.776953 0.158779 -0.015453 -0.987193 0.424949 0.149648 -0.892762 0.306583 -0.772559 0.556022 -0.624009 -0.135151 0.769641 0.435804 -0.866191 -0.244518 0.197539 -0.576541 0.792829 0.029459 -0.553759 0.832156 -0.672802 -0.736864 0.066093 0.614832 0.769592 -0.172364 0.523713 -0.78619 -0.32807 -0.824559 -0.48298 0.294673 -0.748587 0.477925 0.45957 -0.716452 0.363202 0.595634 -0.465791 0.819832 0.333037 -0.266237 0.774748 0.573484 0.510153 0.706237 0.49089 0.85337 -0.518539 -0.053645 -0.981368 -0.153773 -0.115201 -0.977636 0.186199 0.097769 -0.943151 -0.332163 -0.011598 0.405959 0.868546 0.284298 0.908437 0.402698 0.11214 0.986228 -0.14812 -0.073581 0.914814 0.348817 -0.203573 0.986988 -0.138526 0.081644 -0.341727 -0.938526 0.04891 0.991584 -0.128689 0.014116 0.777789 -0.615239 -0.128554 0.384892 0.920505 0.067303 0.624756 0.295253 -0.722845 0.898652 0.399186 -0.181864 -0.495329 0.850925 -0.174859 -0.885834 0.434767 -0.162097 -0.935519 0.294356 -0.195344 -0.547947 -0.832238 0.084466 0.501917 -0.711028 -0.492461 0.533501 -0.663242 -0.524868 0.621192 0.764226 -0.173433 0.619642 0.765343 -0.174053 0.522663 0.831758 -0.187087 0.495044 0.766323 -0.409488 0.846815 0.467106 -0.254394 0.664885 0.202072 -0.719093 0.752981 0.634143 -0.175734 -0.990934 0.129007 -0.0375 -0.979054 -0.131366 0.155553 -0.266755 -0.82584 0.49682 -0.277812 -0.805933 0.522773 -0.976195 -0.130591 0.173173 -0.6977 -0.26622 0.665088 0.186802 0.434248 -0.881212 0.22481 0.397406 -0.889679 -0.040806 0.951074 0.306255 -0.095909 -0.994133 0.050011 -0.016932 -0.98319 0.181799 0.889924 0.254564 0.378461 -0.839114 0.511972 -0.183773 -0.123804 0.099988 -0.987256 0.549696 -0.507837 0.663277 0.708206 -0.621735 0.334499 -0.256309 0.332811 0.907492 -0.075999 -0.946469 -0.313722 -0.105106 -0.952077 -0.28723 -0.298679 -0.953057 0.049728 -0.180958 0.873305 0.452319 -0.365815 -0.732353 0.574316 0.357675 -0.908145 0.217581 0.257992 0.44811 -0.855943 0.195121 0.44319 -0.874935 0.30673 0.575099 -0.758405 -0.306772 -0.574423 0.7589 0.012105 0.261584 -0.965105 0.06091 -0.613734 -0.787159 0.395617 0.641996 -0.656756 0.276992 0.74363 -0.608515 -0.751156 -0.473439 -0.460022 0.295473 -0.881527 -0.368247 0.612053 0.235196 0.755032 0.681196 -0.274565 -0.678665 0.105167 0.902315 0.418052 0.639473 0.011014 -0.768735 -0.65681 0.361315 0.661855 -0.092373 0.478928 -0.872981 0.026975 -0.080076 0.996424 -0.32516 -0.218875 0.919981 -0.371392 -0.223865 0.901084 0.375019 -0.07473 0.924 0.779344 -0.134161 0.612065 -0.918829 -0.067319 0.388873 -0.50582 0.852651 -0.130895 -0.58934 0.782442 0.201152 -0.054702 0.513617 -0.856274 -0.416291 0.563575 0.713502 -0.292575 0.011032 0.956179 0.087088 -0.748195 0.657739 -0.99987 -0.014688 -0.006578 -0.997228 0.041584 0.061706 -0.990906 0.091015 0.099105 -0.964521 0.228092 0.132943 -0.742753 0.332394 0.581233 -0.162395 -0.613459 -0.77285 0.99182 0.049402 0.117699 0.978524 0.071761 0.193238 0.816499 -0.361641 -0.450051 -0.993414 -0.113213 -0.017662 -0.990065 0.094977 0.103682 0.97777 -0.191912 0.084471 -0.853266 0.514634 -0.084193 -0.988716 -0.089346 0.120239 -0.413533 0.544334 -0.729857 -0.761536 0.264606 -0.591647 -0.994736 -0.054886 -0.086535 -0.9623 -0.244878 0.118374 0.520256 -0.653317 -0.55001 -0.257136 -0.932276 -0.254445 0.116759 -0.687399 -0.716833 -0.302378 -0.755871 -0.580712 -0.712727 -0.446242 0.541192 -0.723723 -0.491146 0.484768 -0.411686 0.140002 0.900508 -0.41593 0.575054 0.704497 -0.209038 0.623808 0.753105 0.686156 0.583526 -0.434382 0.748889 0.500459 -0.434402 -0.753227 0.337727 0.564438 -0.705005 0.50578 0.497146 -0.703769 0.507313 0.497335 -0.838292 0.501898 0.21299 -0.844418 0.420238 0.332201 -0.869965 0.402151 0.285369 -0.91149 -0.272848 -0.307799 -0.041635 0.824721 0.564005 -0.598399 -0.152268 0.786596 -0.116694 -0.908767 -0.400656 -0.139471 -0.906642 -0.398181 0.019001 -0.925728 -0.377712 0.932376 -0.27031 -0.240016 0.943293 -0.327233 -0.055835 -0.944634 -0.20231 -0.258334 -0.876738 0.112073 -0.467728 -0.889778 0.444376 -0.10404 -0.398346 0.850346 0.343849 0.0116 0.906046 0.42302 0.216396 0.816449 0.535336 -0.984177 -0.031335 0.174393 0.616608 -0.770061 0.163712 0.940908 -0.003875 -0.338641 -0.817801 -0.402555 0.41128 -0.651911 -0.584765 0.482764 0.586084 -0.502317 -0.635754 -0.534762 0.683316 0.4971 0.51695 -0.704635 -0.486058 -0.821508 0.319784 0.472083 0.382488 0.916239 -0.119199 -0.894098 -0.410535 0.179024 0.661301 -0.45472 -0.596582 0.580775 -0.300343 -0.756633 0.835917 0.548842 0.003849 0.842083 0.539344 0.002214 -0.109734 -0.713072 -0.692449 0.861161 0.470155 -0.193278 0.64145 0.326026 -0.694442 0.004162 0.792631 0.609688 -0.31938 0.700682 0.637998 -0.780028 -0.590024 -0.208396 -0.733782 0.175336 0.65637 -0.12455 0.634435 0.762876 -0.826197 -0.551892 -0.113197 0.024347 0.815204 0.578662 -0.08558 -0.742124 -0.664777 -0.991206 -0.123133 -0.048457 0.420377 -0.838263 -0.347273 -0.854348 0.485613 0.185121 0.678258 -0.479919 -0.556456 0.740637 0.654058 0.153835 0.088892 0.995929 0.014965 -0.615113 -0.608233 0.501685 0.7473 0.659506 0.081203 0.781449 -0.190929 -0.594041 0.937391 0.24555 -0.246987 0.92452 0.246157 -0.290981 -0.963622 0.236503 -0.124494 -0.932528 -0.289962 0.215206 -0.822068 -0.559436 0.105997 -0.438452 0.843088 0.311387 -0.992783 -0.102012 -0.063045 0.99041 0.119318 -0.069655 -0.993355 0.09265 -0.068283 -0.970565 0.205659 -0.125329 0.790226 0.540905 -0.288035 0.314401 -0.063427 -0.947169 -0.565495 -0.206801 0.798404 0.310608 -0.06193 -0.948519 -0.31457 -0.288816 -0.90423 0.294673 0.837611 0.459973 0.737135 0.508259 -0.445314 0.417369 -0.317676 -0.851402 -0.986289 -0.132484 -0.098393 0.888542 0.259134 -0.378606 0.996685 -0.079597 0.016857 0.308361 -0.414048 0.856433 -0.696511 -0.212028 0.685504 0.946705 0.320643 -0.030615 0.96593 0.253527 0.05199 0.626415 0.717458 0.304727 -0.730272 -0.62631 0.272836 -0.642914 -0.519934 0.562432 0.984482 -0.121625 0.126501 -0.992735 0.108633 0.051738 0.987781 0.014987 0.155128 0.996747 0.029523 -0.074998 -0.328448 0.033611 0.943924 -0.339903 -0.26136 -0.903414 -0.788298 -0.608257 -0.092783 0.509207 0.635055 0.580873 0.470629 0.833885 0.288347 0.3075 0.752613 0.582252 -0.18222 0.960382 -0.210862 -0.638384 -0.015264 0.769566 -0.561804 -0.097468 0.821509 -0.914759 -0.315507 -0.252333 0.270973 0.202362 0.941076 0.154045 0.611564 0.776054 0.626758 0.129834 0.768322 -0.229488 -0.07787 -0.970191 -0.125245 0.012939 -0.992041 -0.497161 -0.542574 -0.677085 0.341523 0.056829 -0.938154 -0.735494 -0.012328 0.677419 0.425305 0.07975 -0.901529 -0.144801 0.039177 0.988685 -0.192496 -0.122941 -0.973566 0.192664 -0.020616 0.981048 0.289608 -0.037049 0.956428 -0.731131 -0.004709 -0.682221 -0.036014 0.014679 0.999243 0.241716 0.58632 0.773176 -0.176822 0.586057 0.790741 0.12096 -0.879729 0.459831 -0.570643 0.819343 0.055177 -0.799273 -0.558935 -0.220803 0.144516 0.772734 0.618059 -0.159971 -0.715609 -0.679936 -0.996689 -0.077783 -0.023691 -0.488814 0.309331 0.815705 -0.930928 0.253599 0.262793 0.814373 0.391668 0.428244 0.46866 -0.542445 -0.697217 0.325501 0.146167 -0.934176 -0.285499 -0.098425 0.953311 -0.719696 -0.334954 -0.608148 -0.485273 -0.594848 -0.640832 0.642198 -0.416103 -0.64377 0.721624 -0.340418 -0.602805 -0.922223 -0.372574 -0.103406 -0.984813 -0.141417 -0.100722 0.993984 -0.073062 -0.0816 -0.999832 0.011523 0.014235 -0.405967 0.55542 0.72574 -0.796737 0.322209 0.511265 0.99842 0.049904 0.025821 0.478056 -0.109405 -0.871489 -0.983686 -0.090507 -0.155469 -0.006779 -0.736633 -0.676259 -0.999213 -0.00516 -0.039333 0.710667 0.499223 0.49571 0.997832 0.052103 0.040212 -0.302732 0.138682 0.942932 -0.99932 -0.022782 0.028993 -0.999112 -0.023282 0.03513 -0.999039 0.022188 -0.037796 -0.999301 0.035602 -0.011436 0.907139 0.221287 0.357953 0.99901 0.033218 -0.029587 0.94855 0.287005 0.133717 -0.666424 -0.070716 0.742212 -0.568462 0.413205 0.711416 0.252312 -0.741513 -0.621689 0.618166 0.627655 -0.473201 0.315061 -0.527193 -0.78918 -0.591181 -0.729704 -0.343565 0.635533 0.2374 -0.734669 0.515609 -0.123542 -0.847871 0.206925 0.403595 0.891231 -0.606219 -0.112076 0.787361 -0.521555 -0.082924 0.849179 -0.74369 -0.636234 0.205258 -0.46325 -0.833793 -0.300314 0.991529 -0.120491 0.048504 -0.726267 0.427201 0.538549 0.569742 -0.601999 -0.559456 -0.973843 -0.035238 -0.224474 0.989705 0.13985 -0.030438 0.953412 0.287146 0.092481 0.999926 -0.010341 0.006483 -0.067152 -0.865355 0.496641 0.671761 0.707543 0.219362 -0.02046 0.615299 -0.788028 0.509821 0.778012 -0.367125 -0.341844 0.39319 -0.853548 -0.8172 -0.573174 -0.06046 -0.856248 -0.018052 -0.516249 -0.056906 -0.479321 0.875793 -0.08979 -0.496851 0.863178 0.353353 -0.418959 0.83643 0.925438 0.112878 0.361695 0.510257 0.706279 0.490723 0.61308 0.265045 0.744233 -0.688108 -0.346634 -0.637458 0.997443 0.051889 0.049141 -0.781638 -0.611766 0.121596 -0.559981 -0.697549 0.447043 -0.127308 0.742644 -0.657475 0.325435 0.897969 -0.296217 0.887786 -0.269643 0.372999 -0.357854 -0.878944 0.315275 0.747745 -0.629465 0.211306 -0.396831 -0.907036 -0.14075 -0.985237 0.124256 0.117765 -0.977757 0.202404 0.054993 -0.941484 0.105766 -0.320034 0.088181 0.938387 -0.334148 -0.910361 0.145418 -0.387423 -0.635955 0.723439 -0.268697 -0.633258 0.727473 -0.264137 0.163896 0.980388 0.109441 -0.279666 0.844341 -0.457028 0.238373 0.964932 0.109929 0.656441 -0.63463 0.407836 0.107244 -0.983623 0.144859 0.94491 -0.233636 0.229258 0.898257 0.205692 0.388361 0.904801 0.387462 0.176656 0.146752 -0.972231 0.182294 0.355049 -0.924729 -0.137176 -0.913479 0.323789 -0.246407 -0.69278 0.278541 -0.665184 0.802773 0.520696 -0.290569 -0.163848 -0.880374 0.44508 0.17554 0.829828 -0.52969 -0.175076 0.704489 -0.687781 -0.08654 -0.994116 0.065147 -0.798711 0.548412 -0.247598 0.599875 0.790962 -0.120538 -0.810354 0.534388 -0.240326 0.420403 -0.890823 0.172323 -0.694335 0.007863 -0.719609 -0.288381 -0.948121 0.133799 -0.658153 0.419941 -0.624888 0.660214 0.610177 0.437952 0.423042 0.830079 0.363323 -0.493434 -0.717993 -0.490927 -0.526377 -0.042756 -0.849176 0.116908 0.611111 -0.782864 -0.185287 -0.812965 0.552048 0.478758 0.131548 0.868036 0.400922 -0.490855 0.773513 -0.537224 -0.740538 -0.403726 0.603335 0.2154 0.767847 -0.360252 0.839798 -0.406151 -0.430106 0.716904 -0.548688 0.446507 -0.817051 0.364773 0.733871 0.205181 0.64756 -0.306156 0.477716 -0.823442 0.651384 0.581124 0.487846 -0.141499 0.334889 -0.931573 -0.161059 0.162684 -0.973444 -0.423068 -0.876481 0.22977 -0.402633 -0.915149 0.019725 -0.459348 -0.842743 -0.280684 0.001995 -0.148553 0.988902 0.06018 -0.653269 0.75473 -0.327429 -0.462542 0.82392 0.572511 0.819609 0.02173 0.246581 0.290826 0.924456 0.436324 0.879403 -0.19045 0.633017 0.767107 0.1041 0.999903 0.012746 0.005543 0.91982 0.331382 0.210041 0.970849 0.238972 0.018571 0.978039 0.207618 0.018297 0.611804 0.571064 -0.54734 0.924776 0.242321 -0.293376 0.977196 0.210813 -0.025394 0.975758 -0.209698 0.06264 0.221503 0.620396 0.752359 0.624977 -0.267961 0.733213 0.038242 -0.796548 -0.603365 -0.233462 -0.660451 -0.713652 0.277402 -0.928519 -0.246781 0.751217 -0.590523 0.294883 0.618609 -0.010381 0.78563 0.9799 -0.198419 -0.02062 -0.590409 -0.221344 -0.776159 -0.698781 0.279424 -0.658504 -0.660942 0.205287 -0.721812 0.636316 -0.483597 0.601028 -0.442513 -0.758795 0.477925 -0.024078 -0.077882 0.996672 0.854789 0.504329 0.122427 0.853198 0.521011 0.024493 0.843477 -0.400496 -0.35798 0.332585 -0.81368 -0.476772 -0.350063 -0.632395 -0.691037 -0.710902 -0.439061 -0.549404 -0.61285 -0.250348 -0.749494 -0.912798 -0.093665 -0.397526 0.620205 0.032163 -0.78378 0.496319 0.169971 -0.851338 0.617274 0.557401 0.555227 0.605759 0.566172 0.559021 0.681445 0.567108 0.462624 0.642205 0.753082 0.142969 -0.132007 -0.121494 -0.983775 -0.289899 -0.133034 0.947766 0.134441 0.39158 -0.91027 0.016268 -0.293333 -0.955872 0.033813 -0.228233 -0.973019 -0.937554 -0.023536 -0.347042 0.369853 0.715536 0.592635 -0.199262 0.976779 -0.078725 0.037236 -0.390791 -0.919726 -0.384253 -0.14169 -0.91229 -0.296137 0.373866 -0.878935 0.268449 -0.573144 0.774236 -0.064909 0.611977 -0.788207 -0.34909 -0.936335 -0.03759 0.145965 -0.79991 -0.582098 -0.744006 0.223093 0.629829 0.445103 -0.651306 0.61456 0.42679 -0.721711 0.544963 -0.909759 0.282075 0.304584 0.966037 -0.016981 0.257844 0.996787 0.03636 -0.071366 -0.39024 -0.916198 0.091066 0.839384 -0.43926 -0.320134 -0.069198 -0.649423 0.757272 -0.029433 -0.509962 0.859693 -0.025841 0.92662 0.37511 -0.112482 0.917881 0.380581 0.070132 0.503623 -0.861072 0.226765 -0.760358 -0.608633 0.47921 0.136065 -0.86709 0.462232 -0.020853 -0.886514 -0.278704 0.092425 0.955919 -0.285629 0.797405 0.531565 -0.196175 -0.89585 0.398708 0.673569 -0.731594 0.105238 0.888404 -0.425823 0.171502 -0.318946 -0.598346 -0.735021 0.693319 -0.47072 -0.545648 0.950066 -0.253242 0.182327 0.900813 -0.409867 -0.143335 0.076683 0.774772 -0.627573 0.106954 -0.9936 0.036344 0.380261 0.525326 0.761205 0.134757 0.683586 0.717322 -0.263918 0.69658 0.667176 0.00274 -0.822658 -0.568529 -0.915027 0.158225 -0.371067 -0.949439 0.197921 -0.243707 -0.308373 -0.607027 -0.73241 -0.854653 -0.010843 -0.519087 0.10708 0.799666 0.59082 -0.745124 -0.007809 -0.666881 0.052802 0.803789 0.592567 -0.028257 0.768497 0.639229 -0.467568 0.068842 -0.881272 0.866047 0.479136 0.142797 -0.873921 0.440382 0.205731 -0.389079 -0.013819 -0.921101 0.458656 0.231428 0.857948 0.571746 -0.698258 -0.430747 0.746014 -0.436836 0.502631 -0.125343 0.27009 0.954642 -0.054682 0.87306 0.484537 0.497661 -0.867344 0.006978 0.780105 0.474939 0.40727 -0.107911 0.987501 -0.114877 -0.04445 -0.611102 0.790302 -0.657497 -0.740929 0.136826 -0.320202 0.931016 -0.175157 0.961985 0.0018 0.273097 -0.340409 -0.405941 -0.848135 -0.265304 -0.483902 -0.833938 0.380533 0.741286 -0.552892 -0.402285 0.898108 -0.177675 -0.631262 0.27293 -0.72596 -0.076038 0.738817 0.669603 -0.20866 0.909836 0.358692 0.439513 0.077547 0.894882 -0.891407 0.446129 -0.079759 -0.903046 0.126636 -0.410454 -0.463906 -0.639912 -0.61262 -0.764253 -0.142193 -0.629046 0.345287 -0.802391 -0.486771 0.788132 -0.60753 -0.098771 0.600337 -0.621743 -0.503022 -0.912841 0.228489 -0.3384 0.118444 -0.732915 -0.66993 -0.836273 -0.366535 -0.407799 -0.390277 0.875177 0.285918 -0.479775 0.872226 0.095064 0.246915 0.560168 0.790725 0.517592 0.278621 0.808993 -0.133369 0.428059 0.893856 0.967031 -0.076952 -0.242752 0.928415 0.371326 -0.012787 0.498716 0.081734 -0.862903 -0.391887 0.273781 -0.878333 0.145695 -0.0657 -0.987146 0.527956 -0.756532 -0.385904 0.995908 -0.067765 -0.059791 0.911616 -0.345875 0.222096 0.951328 -0.306787 -0.029265 0.976772 -0.111874 -0.182756 0.897031 -0.35451 -0.263926 0.915904 0.332269 0.225204 0.062606 0.78629 0.614678 0.122145 0.270561 -0.954923 0.261556 -0.116555 -0.958125 -0.515498 0.500579 0.695473 -0.183088 0.967923 0.172056 -0.029596 -0.161671 -0.986401 0.251728 -0.937959 -0.238467 0.4083 -0.24257 0.880029 -0.349886 0.146595 -0.925251 0.775891 -0.582652 -0.241888 0.768766 -0.599659 -0.222279 0.347328 -0.882099 0.318221 -0.663362 0.608775 0.435135 -0.587075 0.787238 0.188677 -0.853097 0.183889 0.488272 0.443708 -0.771942 0.455223 -0.208931 0.716513 0.66555 0.252822 0.008627 0.967474 -0.347189 0.285679 -0.893223 -0.627505 0.349681 -0.695673 -0.02065 0.011451 -0.999721 0.228471 -0.072979 -0.970812 0.166038 -0.098895 0.981148 -0.298322 0.12338 0.946457 0.089665 -0.358641 0.929159 -0.226159 0.649259 -0.726164 -0.073694 -0.10654 -0.991574 0.002149 -0.059916 0.998201 -0.036832 -0.023774 0.999039 -0.282825 -0.027994 0.958763 -0.311013 -0.034871 0.949766 0.290699 0.036799 -0.956107 0.225879 -0.170001 0.959207 0.086481 -0.168233 -0.981946 0.325906 -0.231537 -0.916611 0.814753 -0.550756 -0.181231 -0.250221 0.061988 0.966202 0.45549 -0.35704 0.815507 -0.45731 0.063122 0.887064 -0.613208 0.577733 0.538702 -0.756841 0.049895 -0.651691 -0.903963 0.205922 0.374762 -0.952534 0.28241 0.113677 -0.384075 -0.032115 0.922743 -0.959008 0.22984 -0.165762 -0.593262 0.652314 0.471726 0.548653 0.6761 0.491801 -0.314623 0.762873 0.564834 -0.106983 0.687872 0.717905 -0.107524 0.684672 0.720877 0.107152 0.56708 0.816663 0.62142 0.304728 0.721788 0.621228 0.34994 0.701155 0.654505 0.307061 0.690896 -0.931638 -0.264956 -0.248693 -0.868586 -0.378266 0.320115 -0.552505 -0.813256 -0.182626 -0.321709 -0.65926 -0.679617 -0.20551 -0.767806 -0.606827 -0.202758 -0.768264 -0.607174 -0.70548 -0.02133 0.708409 -0.931872 -0.26488 -0.247896 0.902228 -0.169462 -0.39657 -0.370706 0.091667 -0.924215 0.027362 0.025245 -0.999307 0.083923 0.186444 -0.978875 -0.026537 0.113884 -0.99314 0.055311 -0.866544 -0.496026 -0.065067 -0.952354 0.297972 0.167423 0.288242 0.942808 0.050994 0.922606 0.382357 -0.233589 0.894214 -0.38186 0.072756 0.260564 -0.962711 0.525989 -0.327773 0.784793 0.62358 -0.518191 0.585342 -0.117342 0.030405 -0.992626 -0.036844 -0.105165 -0.993772 -0.069191 -0.033886 0.997028 -0.192347 0.041619 0.980444 0.162743 0.124793 0.978745 0.571077 0.675203 0.466874 -0.038853 0.185115 -0.981948 0.084041 0.071955 -0.993861 -0.045288 0.099475 -0.994009 0.1984 0.228961 -0.953003 -0.482174 -0.870554 -0.098208 0.038772 0.9989 -0.026364 0.358977 0.731171 -0.580107 0.547554 0.636462 0.543232 -0.776889 -0.622653 -0.093519 -0.784522 -0.615082 -0.078736 0.951844 0.201336 -0.231205 -0.416233 -0.873809 0.251411 -0.291908 -0.750286 0.593179 -0.755911 -0.645637 0.1084 -0.817782 -0.566913 0.099205 0.973888 0.053159 0.220719 0.462123 0.343046 0.817778 0.046203 -0.071628 0.996361 0.323047 0.640505 0.696703 0.330184 0.760187 0.559548 0.030733 0.000831 0.999527 0.060203 0.047272 0.997066 -0.086439 0.926705 0.365713 -0.014715 0.042912 -0.99897 -0.347681 -0.526946 -0.77553 0.091753 -0.612015 -0.785506 0.284945 -0.721962 -0.630537 0.761973 -0.600846 -0.241622 0.780358 -0.609523 -0.139722 0.900758 -0.431586 -0.04868 -0.129229 -0.738477 -0.661779 -0.001684 -0.396951 -0.917838 0.947666 -0.23688 0.214048 -0.797449 0.596279 0.092342 -0.284522 0.709955 0.644214 0.552477 0.303748 0.776213 0.967259 -0.24894 0.04939 0.837044 -0.020498 -0.546751 0.769546 0.254434 -0.585715 0.989758 -0.135585 0.044677 -0.961387 0.259034 -0.092934 -0.63939 -0.294413 -0.710282 -0.805421 -0.167044 -0.568676 -0.088579 -0.236299 -0.967635 -0.211971 -0.070043 -0.974763 -0.705308 0.051254 -0.707045 0.103003 0.092208 -0.990398 -0.603278 0.125105 0.787658 -0.464493 0.722174 -0.512554 -0.066164 -0.334123 -0.940204 0.715818 0.325679 -0.617687 -0.843166 -0.2378 0.482206 -0.874419 -0.236262 0.423759 0.094086 -0.127623 0.98735 -0.301569 -0.08827 -0.94935 0.070012 0.074789 -0.994739 -0.357385 0.138717 -0.923598 -0.916951 0.398007 -0.028129 -0.223097 0.700867 0.677505 -0.920375 -0.181769 -0.346222 -0.999745 -0.006191 -0.021731 0.37777 -0.165757 0.910941 0.746327 -0.112227 0.65605 0.556569 -0.039254 0.829873 -0.694159 0.041866 0.718603 -0.201133 -0.038449 0.978809 -0.491487 -0.130009 0.861126 -0.501563 -0.117544 -0.857098 -0.591701 -0.418107 0.689258 0.058826 -0.072349 0.995643 0.018577 0.058465 0.998117 -0.328086 0.07253 0.941859 -0.195965 0.046038 -0.97953 -0.021441 -0.322886 -0.946195 -0.0487 0.188404 0.980883 -0.162023 0.198663 -0.966582 0.16637 -0.312404 0.935267 -0.688444 0.709738 -0.149392 0.688711 -0.719159 -0.09213 -0.543246 -0.07607 -0.83612 0.279631 -0.728715 -0.625124 -0.259011 -0.243221 -0.93475 0.651089 -0.702847 -0.286512 0.701458 -0.644291 -0.304707 -0.256498 -0.47465 -0.841972 -0.377339 -0.479964 -0.791991 -0.401982 -0.532914 -0.744589 0.830384 -0.518467 -0.204094 0.881345 -0.241008 0.406381 0.744317 0.238728 0.6237 0.70604 -0.146795 0.692791 0.34796 0.349195 0.87005 -0.256985 0.282979 0.924057 -0.621348 0.688579 -0.37388 -0.610101 0.689814 -0.389788 -0.451349 -0.251284 -0.856236 -0.820985 0.570904 -0.007227 -0.843362 0.536099 -0.03657 -0.776514 0.538598 -0.327015 -0.433443 0.740966 0.512929 0.819668 -0.425113 0.383958 0.583844 0.198447 0.787238 0.641775 -0.70246 -0.307692 0.032264 -0.607818 -0.793421 0.78418 -0.545434 0.295912 -0.653046 0.67951 0.334361 -0.555648 0.722135 0.41204 0.633792 -0.757153 0.158199 0.405103 -0.808053 0.427717 0.534429 -0.350411 0.769154 -0.146368 0.484206 0.862625 -0.234878 -0.182692 -0.954702 -0.804132 0.444062 -0.395197 0.337041 0.009959 0.941437 0.031797 -0.596906 -0.801681 0.185549 -0.565272 -0.803766 -0.080695 0.504419 0.85968 -0.298826 0.745407 0.595879 0.218829 0.436893 0.87249 -0.139747 0.599957 0.787732 -0.794926 0.442388 -0.415193 -0.89217 0.240035 -0.382643 0.220636 -0.436446 0.872258 -0.738873 -0.34142 -0.580947 0.992476 -0.082344 0.090612 -0.991114 -0.132698 0.009129 -0.996675 0.069504 0.042532 0.672288 -0.721535 -0.165577 -0.635816 0.743446 0.207425 0.227608 0.297177 0.927297 0.299709 0.517406 0.801539 0.123463 0.63813 0.759965 -0.465919 -0.884136 0.034968 -0.387714 0.024542 -0.921453 0.585279 0.082284 0.806646 0.241676 0.49506 0.834571 0.001818 0.40609 0.913831 -0.982361 -0.178385 0.056084 -0.989128 0.055625 -0.136134 -0.959487 -0.234967 0.155485 -0.823293 0.536387 -0.185684 -0.928522 -0.301475 -0.216704 -0.931238 -0.28088 -0.232169 -0.823958 0.53228 -0.194349 -0.699587 0.699979 -0.143553 -0.338921 0.154375 -0.928063 -0.770972 -0.625401 0.120312 0.102054 0.917988 -0.383253 -0.627349 0.682285 0.375394 0.710854 0.701985 -0.04362 0.353897 0.10482 0.929392 -0.392323 -0.915958 0.084276 -0.609718 -0.76751 -0.197918 -0.490952 -0.849889 -0.191454 -0.039469 0.62944 0.776046 -0.992178 -0.124339 0.011105 0.989525 -0.139701 -0.03639 0.991607 0.097177 -0.085277 0.584995 0.786308 0.198747 -0.983571 0.17902 -0.023243 -0.024891 0.07383 0.99696 -0.145093 0.975998 -0.162408 -0.007365 0.020491 -0.999763 -0.010295 -0.086469 -0.996201 0.038869 -0.034714 0.998641 -0.12419 -0.125313 0.984314 0.444174 0.633618 -0.633433 0.988425 0.046934 -0.144265 0.964128 -0.008674 -0.265296 0.996346 0.031973 0.079201 -0.134268 -0.660402 -0.73881 -0.283345 -0.769024 -0.57299 0.7345 -0.303223 -0.607096 0.830616 -0.223248 -0.510135 0.812665 0.580724 0.048318 0.558118 -0.455017 -0.693876 -0.200627 -0.730146 -0.653173 -0.082416 -0.756449 -0.648839 -0.377403 -0.528775 -0.76024 -0.85735 -0.497993 -0.130207 -0.849325 -0.503714 -0.15786 -0.91535 -0.401534 0.030092 -0.704651 0.511738 -0.491519 0.596899 -0.793252 -0.120259 -0.943832 0.158827 0.28975 0.167853 0.523901 0.835077 0.622038 -0.356571 -0.697084 -0.026292 0.611274 0.790982 -0.493062 -0.79222 -0.359551 -0.878281 -0.426149 0.216842 0.071347 -0.693505 -0.71691 0.71307 -0.379812 -0.5893 0.870235 0.300391 0.390457 0.87354 0.293359 0.388417 0.153241 0.629942 0.761374 0.259769 0.662553 0.702527 -0.235693 0.581179 0.778896 0.715448 0.565846 0.409821 -0.248207 0.582198 0.774234 -0.113556 0.674721 0.729285 -0.814665 0.187478 0.548792 -0.827476 0.175742 0.53329 0.095159 0.838657 0.536283 -0.224882 -0.33699 0.914257 0.634359 0.061481 0.77059 -0.347211 0.448998 0.823313 -0.597644 0.353611 0.71957 -0.949409 -0.223616 0.220496 0.515349 0.684465 0.515678 0.859894 0.464687 0.211302 0.936963 0.237442 -0.256362 0.956735 0.288954 0.034107 0.40816 -0.365221 -0.836672 0.52744 -0.582193 -0.618756 0.368592 -0.616881 -0.695412 -0.303113 0.293065 0.906772 -0.481181 0.360455 -0.799085 0.033237 -0.032717 -0.998912 -0.016173 0.12979 -0.99141 0.714193 0.017511 -0.69973 0.325273 0.262959 0.908323 0.193066 -0.087737 -0.977255 0.061899 -0.059957 -0.99628 -0.544634 0.625619 0.558547 -0.408315 0.702722 -0.582633 -0.4525 0.679842 -0.577112 0.110833 -0.265363 -0.957757 -0.312366 0.949307 0.035268 -0.432825 0.062039 -0.899341 -0.299573 0.953391 0.036085 -0.688293 0.37505 0.62096 -0.718902 0.635383 0.281901 0.208589 0.060312 -0.976142 -0.058924 -0.124956 -0.990411 -0.178283 0.181318 0.967129 -0.110701 -0.127953 0.985583 0.077374 -0.056907 0.995377 0.165988 -0.009732 0.98608 -0.696091 -0.500851 -0.514398 -0.017165 -0.049646 0.998619 -0.011201 -0.036413 0.999274 -0.730319 -0.682773 -0.021312 -0.168639 -0.488079 -0.856352 -0.148546 -0.987947 0.043541 -0.0543 -0.046732 -0.997431 -0.117867 -0.137237 -0.983501 -0.223677 -0.017343 0.974509 -0.021325 -0.039707 0.998984 0.854738 -0.224492 0.468003 0.376896 0.726451 0.574646 0.656191 -0.653522 -0.377256 0.388352 -0.886201 -0.252645 0.698008 -0.571747 0.431151 0.646624 -0.746155 0.158527 -0.428641 0.253607 0.867151 -0.129883 0.636541 0.760228 -0.597054 0.646527 0.474899 -0.485344 0.18332 0.854889 -0.033373 -0.756554 0.65308 0.682378 -0.232315 -0.693102 0.575351 -0.729154 0.370548 0.069725 -0.080257 -0.994333 0.162652 -0.015668 -0.986559 -0.020352 0.283826 -0.95866 0.021568 0.037113 -0.999078 0.067101 -0.005263 0.997732 0.243199 0.9663 0.084376 0.30936 0.91313 -0.265498 -0.121914 -0.303356 0.945046 0.158047 -0.974719 -0.157934 0.000616 -0.763916 0.645315 0.001222 -0.01595 -0.999872 0.130303 0.622012 0.77209 0.143119 0.535112 0.832569 -0.015048 0.13625 -0.99056 0.309555 -0.633564 0.709065 0.044412 -0.089724 -0.994976 -0.175589 0.346948 -0.921301 0.068639 0.087624 0.993786 -0.442508 0.565926 0.69564 -0.789557 -0.556356 -0.258974 0.133882 0.044024 -0.990019 0.02564 -0.110064 0.993594 0.037604 -0.048045 0.998137 0.076486 -0.186299 0.979511 0.052663 -0.099113 -0.993682 -0.189162 -0.962811 -0.192906 -0.701395 0.70538 -0.102397 -0.295298 0.4986 -0.814983 0.526818 0.64735 0.550818 -0.170678 0.558319 0.81188 -0.620308 0.137054 0.772291 0.686388 0.699472 0.199023 -0.830154 -0.554121 -0.061592 -0.76551 -0.609997 -0.204691 -0.422992 -0.750749 -0.507399 0.027228 -0.641821 -0.766371 -0.090221 -0.514505 -0.852728 0.007346 0.445478 0.895263 0.633725 -0.020657 -0.773282 -0.015898 -0.264935 0.964135 0.782542 -0.137996 -0.607112 0.614872 -0.21738 -0.758075 0.899543 0.420883 -0.11696 0.800477 0.597243 0.050375 0.497864 0.700419 0.511414 0.033995 0.478491 0.877434 -0.964704 -0.1396 -0.223288 -0.181132 0.047178 0.982327 -0.590892 0.283575 0.755269 -0.483739 0.310116 0.818428 0.459899 -0.331233 -0.82388 -0.784633 -0.580388 0.217946 -0.498916 -0.823659 -0.269573 0.217556 0.818405 0.531868 0.418758 0.475188 0.773846 0.572905 0.797472 -0.189258 0.681385 0.327636 -0.654499 0.689152 -0.258643 -0.676885 0.075406 -0.672969 -0.735817 0.062299 -0.693111 -0.718134 -0.26922 -0.594145 -0.757966 -0.868034 -0.494086 -0.048957 -0.790767 -0.608929 -0.062402 -0.744672 -0.655659 -0.1248 -0.711096 0.11404 0.693785 -0.736912 -0.664281 -0.125263 -0.735333 -0.030945 0.676999 -0.401956 -0.167853 0.900142 -0.867669 -0.393607 0.303685 -0.382129 -0.108065 0.917769 0.728101 0.637577 0.251724 -0.635733 -0.194202 0.74708 -0.64168 -0.197473 0.741114 0.303301 0.539573 0.785411 0.219725 0.394896 0.892064 -0.571425 -0.232102 0.787149 -0.446917 -0.858667 0.250911 -0.628364 -0.689085 -0.360999 -0.105802 -0.465073 -0.878927 -0.283635 -0.64762 -0.707205 -0.735856 -0.673532 -0.069784 0.74844 0.659995 0.065148 0.382836 0.133084 -0.91418 0.522282 -0.058573 -0.850759 0.944804 -0.327396 0.012548 0.988245 0.115409 0.100259 0.911666 0.375441 -0.167061 0.919698 0.217578 -0.326827 0.766269 -0.625453 0.147107 0.619859 0.779974 -0.086115 0.910935 0.370837 -0.18077 -0.208792 -0.885326 0.415455 0.665657 0.303575 -0.681721 0.341711 -0.888296 -0.306862 0.684808 -0.21942 -0.694905 0.176409 -0.562544 -0.807728 -0.718987 0.324955 0.614379 0.257269 0.940867 0.220415 0.636903 0.73864 0.220828 -0.321051 -0.432185 -0.842699 0.3914 -0.920197 -0.006666 -0.548085 0.807471 0.218157 -0.435853 -0.213827 0.874248 0.352587 -0.902273 -0.248164 0.425775 -0.840751 -0.334445 0.308047 0.419283 -0.853996 -0.008212 -0.23253 0.972555 -0.122695 0.136266 -0.983045 0.508692 -0.763823 -0.39725 0.052136 -0.575937 -0.81583 -0.01031 -0.033049 -0.999401 0.053424 0.147325 -0.987644 -0.321777 0.671906 -0.667084 0.002403 0.0962 0.995359 -0.124234 0.528099 0.840046 0.018758 -0.146609 0.989017 0.013209 -0.131396 0.991242 -0.126259 0.056192 0.990405 -0.03455 0.912085 -0.408542 -0.08453 0.642698 -0.761442 -0.560061 -0.55908 -0.61136 -0.017441 -0.023754 -0.999566 -0.221453 -0.058808 -0.973396 -0.131911 0.065955 -0.989065 0.240786 -0.80102 0.548078 0.105399 -0.153133 -0.982569 -0.107305 -0.471211 -0.875469 -0.046928 -0.630399 0.774852 -0.116171 -0.483301 -0.867712 0.077029 -0.496492 -0.864617 -0.111417 -0.480631 -0.869816 -0.364904 -0.443348 -0.818711 -0.386955 -0.362299 -0.847942 -0.698705 -0.52071 0.490584 -0.218555 -0.794675 0.566326 -0.188961 -0.726897 0.660238 0.689163 -0.110968 0.716059 0.80786 0.318551 0.49587 0.53703 0.763192 -0.359356 -0.457875 -0.43305 -0.776414 0.405906 -0.270407 0.872995 0.377992 0.056615 0.924076 0.31567 0.661767 0.680013 -0.371521 -0.430253 0.822712 -0.536551 -0.839667 0.084091 -0.66674 -0.738596 0.099669 0.861758 0.331916 0.383672 0.905769 0.186165 0.380691 -0.577579 -0.399987 -0.711626 0.477762 0.377568 -0.793212 0.059089 0.064156 -0.996189 0.535739 0.406559 0.740063 0.611691 0.752124 0.245244 0.629821 0.737045 0.245133 0.606182 0.725212 -0.326514 0.61714 0.763081 0.191951 0.618641 0.406475 -0.672355 0.635111 0.42827 0.642821 -0.805627 0.131039 -0.577749 -0.709954 0.152732 0.687487 -0.8632 -0.160546 0.478655 0.653846 0.729172 0.201974 0.344283 0.666086 -0.661664 0.330304 0.490853 0.806202 -0.108265 0.018901 0.993942 -0.297696 0.159089 -0.941312 -0.151161 -0.12092 -0.981085 -0.837274 -0.053506 -0.54416 0.010048 -0.068293 -0.997615 0.068712 -0.276403 -0.958582 -0.912693 -0.226854 0.339894 -0.010042 -0.092172 0.995692 -0.635458 -0.470826 0.611978 -0.539426 -0.829443 0.145063 -0.284176 0.904906 -0.316842 -0.786971 0.336768 -0.516976 -0.908591 -0.353228 -0.222919 -0.846004 0.05761 0.530056 -0.928631 0.320769 -0.186419 0.586064 0.795617 -0.153372 -0.07672 -0.780106 0.620926 -0.905333 -0.413938 0.095014 -0.510216 0.204681 -0.835336 0.193301 0.967408 -0.163574 0.279929 0.588303 0.758643 0.202429 -0.763912 0.612749 -0.399962 -0.844408 -0.356379 -0.430153 -0.684206 -0.588923 -0.115247 0.956029 -0.269677 0.831033 -0.350232 0.432113 -0.142862 0.977015 -0.158216 -0.336642 0.918681 -0.206634 -0.311068 0.92693 -0.209852 0.899094 -0.183613 0.397388 -0.303048 -0.951969 -0.043786 -0.643368 -0.763504 0.056028 -0.81729 -0.444711 -0.366428 0.029355 0.973479 -0.226887 -0.043964 0.928855 -0.367825 -0.775224 -0.578264 -0.254241 0.900676 0.426732 -0.081741 -0.952931 0.096905 0.287285 0.527041 0.802159 -0.280657 -0.063906 0.965431 -0.252702 0.943133 0.078983 -0.322895 0.32332 0.73464 -0.596463 0.898134 -0.161597 -0.408951 -0.966695 -0.020321 0.255123 0.972014 0.225218 0.066829 0.997003 -0.068333 -0.036258 0.963493 0.036415 0.265246 -0.791523 -0.50877 -0.338593 0.356963 -0.743038 0.566102 0.009158 -0.625174 -0.780432 -0.652904 0.757244 -0.017255 -0.585965 0.635935 -0.502227 -0.992061 0.112318 0.05657 0.972144 0.221896 -0.07549 -0.156582 0.896891 -0.413605 0.978255 0.207267 -0.007644 -0.962301 -0.261327 0.075395 -0.309714 -0.063763 0.948689 0.500249 -0.058339 -0.863914 -0.259266 -0.207049 -0.943352 0.092779 0.154077 0.983693 0.285285 0.085649 0.954608 -0.044486 -0.12552 0.991093 0.058723 -0.847636 0.527319 0.130235 -0.552707 0.823137 -0.016251 0.278755 -0.960225 -0.153431 0.004772 -0.988148 0.036729 0.051328 -0.998006 -0.772366 -0.622746 -0.125052 -0.787964 -0.545644 0.28528 -0.091165 -0.080003 0.992617 -0.02555 -0.007272 0.999647 0.802935 -0.151972 0.576368 0.671211 0.716932 -0.188373 0.670981 0.709557 -0.215208 -0.229741 -0.224688 0.946961 -0.687918 -0.181405 0.702753 -0.164026 0.529616 0.832227 -0.012749 0.115122 -0.99327 -0.220011 -0.776092 -0.590997 -0.450691 -0.850105 0.272394 0.21022 0.399577 -0.89227 0.166996 0.377404 -0.910867 -0.200338 -0.080573 -0.976408 -0.227883 -0.195029 -0.953957 -0.024699 -0.011769 0.999626 0.640209 0.664417 0.385594 -0.349972 -0.191895 0.916895 -0.910561 -0.0533 0.409924 0.022633 -0.002889 -0.99974 0.013808 0.000691 -0.999904 0.996821 -0.079616 -0.003138 0.052881 0.028572 0.998192 -0.412596 -0.898061 -0.152485 -0.425135 -0.829001 -0.363341 0.146574 0.189928 0.970795 -0.094221 -0.052492 0.994166 0.117911 0.29235 -0.949014 -0.178227 -0.061565 -0.982061 0.907584 0.354134 -0.225568 0.709295 0.629098 0.318019 -0.09639 -0.052297 0.993969 -0.238184 -0.34936 0.90621 -0.102468 -0.075634 0.991857 -0.128355 -0.167744 -0.977439 -0.148586 -0.390961 -0.908335 -0.509862 -0.41068 -0.755898 -0.644981 -0.478314 -0.595999 -0.317502 -0.279741 -0.906056 -0.821372 -0.425728 0.379611 -0.742414 0.017215 0.66972 0.463513 0.052471 -0.884535 0.800715 0.444647 -0.401428 0.141185 0.581933 0.800888 0.110948 0.179511 -0.97748 -0.247453 -0.166198 -0.954539 0.557277 0.646942 0.520488 0.527476 0.832133 -0.17124 0.22065 0.240831 0.945153 -0.649707 -0.529705 0.545245 0.063754 -0.112896 -0.991559 0.034356 0.553993 0.831812 -0.016532 0.564252 0.825437 -0.994924 -0.022853 -0.098004 -0.99541 -0.020697 -0.093432 0.626646 -0.551266 -0.550836 -0.602991 -0.169958 -0.779433 -0.205058 0.026924 -0.978379 0.24565 0.120463 -0.961844 -0.381839 0.002789 0.924224 -0.721433 -0.247818 0.646623 0.006695 0.083565 0.99648 -0.376829 0.12747 -0.91747 -0.846375 -0.440414 -0.299474 -0.846388 -0.440398 -0.299461 0.757327 -0.138306 0.638222 0.423052 0.902785 -0.077496 0.001305 -0.298075 0.954542 0.859674 0.497432 0.116284 0.513113 -0.070977 0.855381 0.483635 0.035404 0.874554 0.538644 0.827736 0.157209 0.065252 -0.264198 0.962259 0.681065 0.293502 0.670826 -0.740543 -0.653833 -0.155234 -0.638618 -0.06192 -0.767028 -0.720501 -0.599021 -0.34936 0.155402 0.549692 -0.820785 0.609921 0.680235 0.406543 0.10006 0.095284 0.990408 -0.75195 -0.615327 0.236524 -0.083775 0.122415 -0.988937 -0.084152 -0.074878 -0.993636 0.095859 0.162921 -0.981971 0.773053 0.626115 0.101832 0.26232 0.284572 0.922067 -0.431491 -0.441746 0.78656 -0.011314 -0.080496 0.996691 -0.03916 -0.072591 -0.996593 0.547692 0.55864 -0.62286 0.201969 0.386649 0.899839 0.49062 0.095226 -0.866155 0.648561 0.154296 -0.74536 0.769966 -0.181503 -0.611726 0.846141 -0.158421 -0.50887 0.982753 0.09865 0.156412 -0.769053 0.600919 0.217838 -0.154563 0.107087 0.982162 -0.65159 0.709275 -0.268997 -0.619831 -0.310679 0.720616 -0.794005 0.550259 -0.2584 -0.72753 0.680122 0.090194 -0.733462 0.679648 0.010603 0.494874 -0.159162 -0.854264 0.622146 -0.138628 0.77053 0.801418 -0.068381 0.594183 0.242668 -0.053683 0.968623 -0.024758 0.148332 0.988628 -0.080891 0.003519 0.996717 0.466978 0.044952 0.883126 0.360707 0.112832 0.925829 0.551069 -0.215953 -0.806032 0.228281 -0.299086 -0.926518 0.113985 0.007022 -0.993458 0.745191 -0.573521 0.340241 0.372081 -0.716621 -0.589924 0.727116 -0.438865 0.52792 -0.034369 0.15294 0.987638 0.398779 -0.241496 0.884678 0.645561 -0.232716 0.727388 0.51384 0.175779 0.839684 -0.71053 0.701478 -0.055452 -0.724086 0.689653 0.008829 -0.495762 0.827013 -0.265084 -0.436102 0.729614 -0.526762 -0.660532 0.115416 0.741874 -0.74821 0.659239 -0.074739 0.133781 -0.061981 0.989071 0.716157 0.295032 -0.632515 0.075456 0.054323 0.995668 0.259146 -0.41582 0.871744 0.752111 -0.582642 0.307988 0.598565 -0.797521 -0.075368 -0.590591 -0.714728 0.374655 0.394612 -0.691696 0.604845 -0.043214 -0.510124 0.859015 -0.042193 -0.615173 0.787262 0.415186 0.189432 0.889796 0.089401 -0.900146 -0.426316 0.070708 -0.86384 -0.498779 -0.011212 -0.103878 0.994527 0.155154 0.734456 0.660682 0.034936 -0.454397 -0.890114 0.075129 -0.472247 -0.878259 -0.453388 -0.728012 -0.514235 -0.361317 -0.844566 -0.395169 0.230238 0.91029 -0.344038 0.703994 -0.386155 0.596051 0.542319 -0.691261 0.477544 0.972245 -0.233134 0.019703 -0.790959 0.354403 0.49878 -0.586127 -0.183933 0.789065 0.105771 0.993748 0.035746 0.566418 -0.367153 -0.737814 0.195832 0.068368 -0.978251 -0.201553 -0.602786 -0.772027 0.515235 0.788525 -0.3358 0.33301 -0.30667 -0.89166 0.152364 0.079723 -0.985104 0.416836 -0.136213 0.898718 0.524864 0.851104 0.011842 0.012598 0.16804 -0.9857 0.022026 0.134222 -0.990707 0.128159 0.132013 -0.982928 -0.18223 0.622104 0.761432 0.007884 0.009321 -0.999925 0.009831 0.03311 0.999403 0.175792 0.245878 -0.953227 -0.373049 0.162801 -0.913417 -0.520034 -0.853184 -0.040508 0.422127 0.861562 0.281993 -0.397416 -0.412303 0.819797 -0.072111 0.459047 0.885481 -0.036028 -0.056424 0.997757 -0.525425 -0.820674 0.224552 0.214478 0.346742 -0.91311 -0.051016 -0.62638 -0.777847 0.889405 0.076918 -0.450601 0.41215 -0.890143 0.194366 0.736776 -0.627752 -0.251177 0.83603 -0.043747 0.546936 -0.83629 -0.035933 -0.547108 -0.970081 0.20762 -0.125848 0.219222 -0.693873 -0.685917 0.301935 -0.591434 -0.74769 0.260957 -0.562126 -0.784803 -0.144862 0.948493 0.281736 -0.265559 -0.148388 0.952607 0.335194 -0.937262 -0.095837 -0.17622 0.955294 0.237403 0.504115 -0.003939 -0.863628 0.545135 -0.220168 -0.808921 -0.001458 0.996129 -0.087891 0.087388 -0.996034 -0.016718 -0.008578 -0.965963 0.258539 -0.492103 -0.128584 0.860988 -0.047236 0.96979 0.239326 0.234808 -0.968204 -0.08629 -0.115051 -0.986985 0.112354 0.795398 0.598886 -0.093153 -0.347449 0.838883 0.418993 0.966359 -0.253997 0.040454 0.067323 -0.916422 0.39451 0.22096 -0.974432 0.040737 0.95253 -0.273541 0.133647 -0.950405 0.157959 0.267915 -0.968702 0.064124 0.239802 -0.91837 -0.130312 0.373651 -0.567323 -0.578884 -0.585695 0.116356 -0.959452 0.256735 -0.404703 -0.344717 0.846986 -0.078514 -0.662861 -0.744614 0.67333 -0.500806 -0.543894 0.602425 -0.488535 -0.631204 0.164837 -0.542437 -0.823766 0.99069 -0.068751 -0.117498 0.984329 -0.062417 -0.164924 0.932456 0.325512 0.156742 -0.386098 0.624788 -0.678652 -0.440945 0.571632 0.691957 -0.341004 0.037073 -0.93933 -0.157338 -0.083583 -0.984001 0.725241 -0.684019 -0.078382 0.583162 0.016703 0.812184 -0.173443 0.102293 -0.979517 -0.484867 -0.004752 0.874575 -0.254223 0.203142 -0.945571 0.946161 0.124683 -0.298721 0.277222 0.008744 -0.960766 0.580437 -0.157925 -0.798845 -0.926745 -0.35882 -0.111317 -0.512028 0.468423 0.720005 0.998984 0.039515 -0.021679 0.257283 -0.636222 -0.727342 -0.748043 0.634037 -0.196032 -0.148149 -0.444234 -0.883577 0.558232 -0.033525 0.829007 0.569037 -0.041462 0.821266 -0.756687 0.296741 -0.582555 0.357104 -0.317429 0.878474 0.527491 -0.834409 0.159732 -0.030422 0.099602 0.994562 0.149725 -0.022265 0.988477 -0.088531 -0.130065 0.987545 -0.512767 0.273433 0.813821 -0.490042 0.854405 0.172773 -0.100855 0.116698 0.988033 0.730593 -0.385246 0.563754 0.349187 -0.017978 0.93688 0.541454 -0.547161 0.638313 0.249326 -0.171719 0.953073 -0.785075 0.557853 0.269178 -0.263233 -0.821073 0.506505 0.852589 -0.066748 -0.518301 -0.731622 0.529513 0.429354 -0.819288 0.091938 0.565963 0.755452 0.186814 -0.628007 -0.581475 0.043637 0.812393 0.711172 -0.292247 -0.639395 0.896921 -0.430062 -0.102861 0.571843 -0.729351 0.375557 -0.001491 0.037408 -0.999299 -0.081895 0.168007 -0.982378 -0.15486 0.090604 -0.983773 0.260034 0.044145 -0.96459 -0.057081 0.125165 -0.990493 0.572448 -0.771339 0.2781 0.459676 -0.868302 0.186411 0.708491 -0.421005 -0.566389 0.708362 -0.492971 -0.505176 -0.203156 -0.29224 0.934518 0.02121 0.168156 -0.985532 0.555734 -0.01822 0.83116 -0.096517 0.016994 -0.995186 0.378633 -0.312437 -0.871218 0.457595 -0.635037 -0.622363 -0.493887 0.766405 -0.41073 -0.596995 0.672647 -0.437198 -0.483326 0.358366 0.79873 -0.039228 0.028456 0.998825 0.008803 -0.008147 0.999928 -0.620469 0.706846 0.339687 -0.686883 0.726619 -0.01469 -0.389447 0.164908 0.906166 -0.500262 0.737422 -0.453813 0.645182 -0.607869 0.462856 0.012143 0.047151 -0.998814 -0.793001 -0.082438 0.603617 -0.068991 0.082943 -0.994163 -0.020966 0.003715 0.999773 0.320076 -0.764429 0.559643 -0.835069 0.448545 -0.318538 0.464621 0.262359 0.845751 -0.598891 0.368381 -0.711073 0.09944 -0.014973 -0.994931 0.166603 -0.091253 -0.981792 -0.906989 -0.041021 -0.419151 -0.914737 -0.037431 -0.402313 0.620032 0.054533 -0.782679 -0.051159 -0.233765 -0.970946 -0.556321 0.422853 0.715334 -0.275434 0.734414 -0.6203 0.098357 0.14451 -0.984603 -0.728481 0.678703 -0.093156 -0.718532 0.681363 -0.139487 -0.01659 0.020945 -0.999643 0.850418 -0.424181 0.311222 0.612963 -0.553551 0.563789 -0.014189 0.053733 0.998455 -0.088792 -0.066718 0.993813 -0.087555 -0.067699 0.993857 0.071548 -0.055998 0.995864 0.018809 -0.024338 0.999527 0.913069 0.401382 -0.072098 -0.057709 -0.129038 -0.989959 0.526733 -0.848357 0.053318 0.38359 -0.663904 0.641942 0.512115 0.199902 -0.835331 -0.257944 0.811851 -0.523797 -0.537649 0.835808 -0.111172 0.156614 -0.875662 -0.456824 -0.950344 0.088988 0.298207 -0.020133 -0.310488 -0.950364 0.048601 0.284719 0.957378 0.483349 0.584975 -0.65129 0.993736 0.103694 0.04168 -0.432292 0.062221 0.899584 -0.23906 0.244918 0.939609 0.225811 0.828918 0.511765 -0.24086 -0.754926 -0.609978 -0.463728 -0.768546 -0.440787 -0.397784 -0.73668 -0.546873 -0.164 -0.192037 0.967588 -0.50232 -0.394824 -0.769278 0.290174 0.941715 0.170212 -0.696466 0.717551 -0.007444 -0.47097 -0.570229 -0.673072 0.887375 0.176158 0.426068 0.153563 0.637255 0.755198 -0.148033 0.800459 0.58082 -0.009601 0.277626 0.960641 -0.557406 0.774762 0.2984 -0.009752 0.717099 -0.696904 -0.074367 0.233067 -0.969613 -0.036114 0.15039 0.987967 -0.940471 0.007984 -0.339779 0.834571 -0.429835 0.344578 -0.819315 0.549554 0.163439 0.820474 -0.497592 -0.281469 0.783219 0.621734 -0.003794 0.782673 0.622231 0.01588</float_array>
          <technique_common>
            <accessor source="#YellowLichen-mesh-normals-array" count="1500" stride="3">
              <param name="X" type="float"/>
              <param name="Y" type="float"/>
              <param name="Z" type="float"/>
            </accessor>
          </technique_common>
        </source>
        <source id="YellowLichen-mesh-map-0">
          <float_array id="YellowLichen-mesh-map-0-array" count="9000">0.038818 0.256836 0.043945 0.265137 0.031006 0.289307 0.94873 0.336426 0.916016 0.338135 0.958252 0.325684 0.94873 0.336426 0.958252 0.325684 0.947021 0.373535 0.949951 0.631348 0.97876 0.643311 0.97876 0.65332 0.781738 0.555176 0.772217 0.539063 0.769775 0.48291 0.769775 0.48291 0.772217 0.539063 0.76123 0.504639 0.769775 0.48291 0.756104 0.481689 0.775635 0.450684 0.770508 0.569092 0.758057 0.566895 0.749268 0.537109 0.758057 0.566895 0.778809 0.586914 0.754639 0.576416 0.754639 0.576416 0.778809 0.586914 0.769531 0.597412 0.761719 0.602295 0.771973 0.611084 0.744385 0.632813 0.744385 0.632813 0.771973 0.611084 0.781982 0.61084 0.744385 0.632813 0.781982 0.61084 0.748291 0.638428 0.367432 0.859131 0.361816 0.864014 0.364746 0.817627 0.897217 0.953613 0.904053 0.947754 0.93042 0.960938 0.897217 0.953613 0.93042 0.960938 0.897217 0.961182 0.762207 0.961426 0.784668 0.977051 0.758301 0.976807 0.881836 0.168945 0.900146 0.193604 0.897461 0.200684 0.900146 0.193604 0.881836 0.168945 0.892334 0.155518 0.900146 0.193604 0.892334 0.155518 0.900635 0.169434 0.892334 0.155518 0.880859 0.154297 0.901367 0.126953 0.901367 0.126953 0.880859 0.154297 0.881836 0.13623 0.883789 0.719482 0.901123 0.716553 0.889893 0.749756 0.889893 0.749756 0.901123 0.716553 0.89502 0.75 0.883789 0.719482 0.889893 0.749756 0.879395 0.74585 0.879395 0.74585 0.874268 0.773926 0.856445 0.772461 0.029297 0.845459 0.041504 0.81958 0.043213 0.850098 0.041504 0.81958 0.029297 0.845459 0.029053 0.820557 0.834961 0.625488 0.843994 0.650391 0.834961 0.647461 0.826172 0.635498 0.824707 0.652588 0.815918 0.632324 0.848145 0.635254 0.834961 0.625488 0.850342 0.570068 0.850342 0.570068 0.834961 0.625488 0.824219 0.610352 0.848145 0.635254 0.850342 0.570068 0.86084 0.600586 0.850342 0.570068 0.824219 0.610352 0.832275 0.585449 0.832275 0.585449 0.824219 0.610352 0.807129 0.609131 0.840088 0.563965 0.832275 0.585449 0.828613 0.5625 0.832275 0.585449 0.807129 0.609131 0.807129 0.585205 0.832275 0.585449 0.807129 0.585205 0.828613 0.5625 0.035889 0.751465 0.043457 0.767334 0.031982 0.782227 0.043457 0.767334 0.053955 0.749268 0.053955 0.783447 0.48877 0.728027 0.46582 0.742188 0.473389 0.725098 0.46582 0.742188 0.490234 0.733643 0.467285 0.750977 0.467285 0.750977 0.490234 0.733643 0.486816 0.752686 0.46582 0.742188 0.445068 0.756348 0.429199 0.749512 0.473389 0.725098 0.46582 0.742188 0.431396 0.741699 0.431396 0.741699 0.46582 0.742188 0.429199 0.749512 0.473389 0.725098 0.431396 0.741699 0.452393 0.715576 0.452393 0.715576 0.431396 0.741699 0.431885 0.725342 0.410645 0.745117 0.429199 0.749512 0.404785 0.753906 0.133789 0.470703 0.123779 0.443115 0.151611 0.447266 0.133789 0.470703 0.151611 0.447266 0.1521 0.469971 0.166504 0.437744 0.140869 0.442383 0.143066 0.425781 0.151611 0.447266 0.169922 0.441162 0.1521 0.469971 0.1521 0.469971 0.169922 0.441162 0.164307 0.465332 0.1521 0.469971 0.164307 0.465332 0.16333 0.497559 0.929688 0.318848 0.940674 0.289063 0.955322 0.283936 0.342285 0.655273 0.315918 0.660889 0.328857 0.643311 0.328857 0.643311 0.300293 0.657227 0.323486 0.631104 0.291748 0.68335 0.291992 0.700195 0.280518 0.724854 0.300293 0.657227 0.291504 0.67334 0.284668 0.628174 0.284668 0.628174 0.291504 0.67334 0.280518 0.669189 0.323486 0.631104 0.300293 0.657227 0.297852 0.638428 0.527344 0.779541 0.516357 0.750488 0.529297 0.758301 0.529297 0.758301 0.516357 0.750488 0.543213 0.74585 0.529297 0.758301 0.545654 0.769287 0.527344 0.779541 0.519287 0.7854 0.516357 0.750488 0.527344 0.779541 0.516357 0.750488 0.519287 0.7854 0.50708 0.762695 0.516357 0.750488 0.50708 0.762695 0.501953 0.724365 0.501953 0.724365 0.50708 0.762695 0.492676 0.749512 0.501221 0.778564 0.519287 0.7854 0.523193 0.807373 0.501221 0.778564 0.523193 0.807373 0.49585 0.791016 0.49585 0.791016 0.523193 0.807373 0.501221 0.806396 0.174805 0.686523 0.163086 0.697266 0.142822 0.685059 0.174805 0.686523 0.142822 0.685059 0.143311 0.668457 0.174805 0.686523 0.143311 0.668457 0.175537 0.678223 0.175537 0.678223 0.143311 0.668457 0.166748 0.66333 0.166748 0.66333 0.151123 0.6604 0.184082 0.650879 0.184082 0.650879 0.151123 0.6604 0.154053 0.646729 0.154053 0.646729 0.151123 0.6604 0.143066 0.630859 0.143066 0.630859 0.151123 0.6604 0.142822 0.655273 0.650391 0.274414 0.64624 0.273926 0.664307 0.235596 0.664307 0.235596 0.64624 0.273926 0.640137 0.265381 0.664307 0.235596 0.640137 0.265381 0.655029 0.230469 0.655029 0.230469 0.640137 0.265381 0.637207 0.251709 0.702881 0.223877 0.686523 0.219238 0.721436 0.211426 0.63916 0.212646 0.655029 0.230469 0.637207 0.251709 0.63916 0.212646 0.637207 0.251709 0.626465 0.211182 0.94751 0.466553 0.933594 0.436523 0.954102 0.45166 0.954102 0.45166 0.933594 0.436523 0.933105 0.422852 0.933594 0.436523 0.94751 0.466553 0.924072 0.445313 0.759277 0.835205 0.777344 0.837158 0.742432 0.852051 0.742432 0.852051 0.777344 0.837158 0.775635 0.845703 0.469727 0.260498 0.497314 0.246826 0.49707 0.258545 0.497314 0.246826 0.469727 0.260498 0.505371 0.235107 0.497314 0.246826 0.518066 0.236084 0.521729 0.253662 0.521729 0.253662 0.518066 0.236084 0.547363 0.239014 0.521729 0.253662 0.547363 0.239014 0.554199 0.258545 0.554199 0.258545 0.559814 0.238037 0.575684 0.261475 0.575684 0.261475 0.559814 0.238037 0.571777 0.235596 0.037842 0.893555 0.02002 0.875244 0.039307 0.864502 0.704834 0.721191 0.688721 0.706787 0.713379 0.696289 0.688721 0.706787 0.70459 0.722168 0.647461 0.730713 0.688721 0.706787 0.647461 0.730713 0.646484 0.730225 0.704834 0.721191 0.713379 0.696289 0.738281 0.708008 0.091797 0.089844 0.086182 0.103516 0.078857 0.05835 0.078857 0.05835 0.086182 0.103516 0.064453 0.104004 0.932129 0.936035 0.920166 0.941162 0.894287 0.932861 0.932129 0.936035 0.894287 0.932861 0.917236 0.928955 0.959961 0.872314 0.990723 0.872314 0.957764 0.87793 0.957764 0.87793 0.990723 0.872314 0.986816 0.878662 0.031006 0.568115 0.014648 0.561279 0.038574 0.553955 0.038574 0.553955 0.014648 0.561279 0.020264 0.553711 0.392822 0.94043 0.382568 0.912109 0.397949 0.923584 0.552246 0.915283 0.567139 0.925293 0.575684 0.941406 0.552246 0.915283 0.575684 0.941406 0.543457 0.917725 0.543457 0.917725 0.575684 0.941406 0.545654 0.938232 0.538086 0.054688 0.516846 0.071045 0.499268 0.069824 0.538086 0.054688 0.499268 0.069824 0.541992 0.032715 0.541992 0.032715 0.499268 0.069824 0.486816 0.061768 0.541992 0.032715 0.486816 0.061768 0.486572 0.036377 0.284424 0.686035 0.267578 0.686768 0.270752 0.666016 0.270752 0.666016 0.257813 0.679688 0.254639 0.655273 0.257813 0.679688 0.268799 0.69873 0.247559 0.696045 0.247559 0.696045 0.268799 0.69873 0.252197 0.712158 0.252197 0.712158 0.268799 0.69873 0.257813 0.736084 0.257813 0.736084 0.268799 0.69873 0.275635 0.718262 0.14624 0.035156 0.12915 0.026611 0.156982 0.015381 0.12915 0.026611 0.128662 0.016113 0.156982 0.015381 0.128662 0.016113 0.118408 0.005615 0.138428 0.002686 0.128662 0.016113 0.138428 0.002686 0.156982 0.015381 0.890381 0.499756 0.919678 0.520264 0.902832 0.526123 0.919678 0.520264 0.890381 0.499756 0.9021 0.474609 0.919678 0.520264 0.9021 0.474609 0.931396 0.49292 0.135254 0.190186 0.112793 0.174072 0.127441 0.156738 0.135254 0.190186 0.127441 0.156738 0.151367 0.174072 0.112793 0.174072 0.135254 0.190186 0.143311 0.220703 0.933105 0.641113 0.948975 0.639893 0.952393 0.668701 0.933105 0.641113 0.952393 0.668701 0.935547 0.665283 0.952393 0.668701 0.948975 0.639893 0.958252 0.666016 0.818604 0.179932 0.837158 0.178711 0.814697 0.203613 0.814697 0.203613 0.837158 0.178711 0.818115 0.2146 0.837158 0.178711 0.852295 0.179688 0.832031 0.208008 0.837158 0.178711 0.832031 0.208008 0.818115 0.2146 0.937012 0.941162 0.961426 0.93457 0.97583 0.943604 0.548096 0.137451 0.550293 0.148438 0.534912 0.17627 0.558838 0.143311 0.548096 0.137451 0.59082 0.117676 0.558838 0.143311 0.59082 0.117676 0.587158 0.136475 0.59082 0.117676 0.548096 0.137451 0.564941 0.12085 0.564941 0.12085 0.548096 0.137451 0.527344 0.129395 0.072021 0.540527 0.056152 0.529785 0.074951 0.519287 0.383789 0.158203 0.365234 0.14502 0.400146 0.145752 0.400146 0.145752 0.365234 0.14502 0.340332 0.132568 0.400146 0.145752 0.340332 0.132568 0.384277 0.13501 0.400146 0.145752 0.384277 0.13501 0.423096 0.127197 0.400146 0.145752 0.423096 0.127197 0.428711 0.131348 0.400146 0.145752 0.428711 0.131348 0.429443 0.136963 0.4021 0.155273 0.429443 0.136963 0.432617 0.148438 0.4021 0.155273 0.432617 0.148438 0.409912 0.179932 0.382813 0.890625 0.375732 0.866211 0.394043 0.89209 0.050537 0.172119 0.031982 0.146729 0.052002 0.148926 0.722168 0.774902 0.678223 0.806152 0.671631 0.780273 0.671631 0.780273 0.678223 0.806152 0.648438 0.807373 0.606445 0.183838 0.623047 0.205322 0.587158 0.205078 0.606445 0.183838 0.587158 0.205078 0.551758 0.180908 0.606445 0.183838 0.551758 0.180908 0.606445 0.1604 0.606445 0.1604 0.551758 0.180908 0.550293 0.160889 0.551758 0.180908 0.587158 0.205078 0.523682 0.189209 0.523682 0.189209 0.587158 0.205078 0.529053 0.206543 0.419922 0.526855 0.386719 0.577148 0.389893 0.547119 0.386719 0.577148 0.419922 0.526855 0.407471 0.588867 0.393311 0.51709 0.409912 0.512695 0.389893 0.547119 0.389893 0.547119 0.409912 0.512695 0.419922 0.526855 0.407471 0.588867 0.419922 0.526855 0.427979 0.556152 0.427979 0.556152 0.419922 0.526855 0.435059 0.519775 0.431152 0.578125 0.427979 0.556152 0.459961 0.533203 0.459961 0.533203 0.427979 0.556152 0.435059 0.519775 0.431152 0.578125 0.459961 0.533203 0.446045 0.578125 0.446045 0.578125 0.459961 0.533203 0.469727 0.5625 0.469727 0.5625 0.459961 0.533203 0.481934 0.542236 0.435059 0.519775 0.433105 0.487305 0.446777 0.494629 0.435059 0.519775 0.446777 0.494629 0.459961 0.533203 0.459961 0.533203 0.446777 0.494629 0.486816 0.529785 0.459961 0.533203 0.486816 0.529785 0.493164 0.544434 0.446777 0.494629 0.433105 0.487305 0.427002 0.459961 0.446777 0.494629 0.427002 0.459961 0.441406 0.46582 0.427002 0.459961 0.417236 0.465332 0.406494 0.418701 0.964111 0.282959 0.969971 0.304688 0.95459 0.320801 0.964111 0.282959 0.95459 0.320801 0.941895 0.315674 0.419189 0.268799 0.408203 0.262451 0.467529 0.240234 0.419189 0.268799 0.467529 0.240234 0.483398 0.24292 0.467529 0.240234 0.408203 0.262451 0.467285 0.230957 0.467285 0.230957 0.408203 0.262451 0.39917 0.24292 0.39917 0.24292 0.408203 0.262451 0.365723 0.226318 0.114014 0.808594 0.111084 0.780273 0.126465 0.773926 0.126465 0.773926 0.111084 0.780273 0.11792 0.758057 0.114014 0.808594 0.126465 0.773926 0.125977 0.816162 0.125977 0.816162 0.126465 0.773926 0.137451 0.772949 0.125977 0.816162 0.137451 0.772949 0.142334 0.795166 0.142334 0.795166 0.137451 0.772949 0.150391 0.769531 0.865234 0.928711 0.887207 0.940186 0.861572 0.938232 0.887207 0.940186 0.865234 0.928711 0.899658 0.94165 0.245361 0.931396 0.222656 0.929688 0.242188 0.921875 0.242188 0.921875 0.222656 0.929688 0.206543 0.930176 0.923096 0.399658 0.91333 0.394775 0.948975 0.398438 0.957031 0.947754 0.944336 0.95459 0.924072 0.949219 0.452148 0.936035 0.465088 0.916016 0.46167 0.942139 0.46167 0.942139 0.465088 0.916016 0.47168 0.938965 0.352539 0.923828 0.340332 0.91626 0.377197 0.915771 0.359131 0.93042 0.352539 0.923828 0.377197 0.915771 0.981689 0.109131 0.981689 0.143066 0.975586 0.139893 0.770508 0.313965 0.774414 0.291748 0.778809 0.309326 0.773682 0.330322 0.778809 0.309326 0.780029 0.336426 0.780029 0.336426 0.778809 0.309326 0.791748 0.344238 0.780029 0.336426 0.791748 0.344238 0.779785 0.369385 0.780029 0.336426 0.779785 0.369385 0.768066 0.349854 0.779785 0.369385 0.791748 0.344238 0.787109 0.376465 0.768066 0.349854 0.779785 0.369385 0.767334 0.368164 0.133301 0.539307 0.126465 0.518555 0.137451 0.519287 0.137451 0.519287 0.129395 0.503418 0.136475 0.479736 0.129395 0.503418 0.12085 0.496582 0.128662 0.475342 0.129395 0.503418 0.128662 0.475342 0.136475 0.479736 0.194092 0.026367 0.207764 0.031006 0.156738 0.028809 0.194092 0.026367 0.156738 0.028809 0.182861 0.016846 0.220459 0.856201 0.220459 0.869141 0.201172 0.856201 0.220459 0.869141 0.220459 0.856201 0.247559 0.862793 0.048096 0.703369 0.048096 0.736084 0.036133 0.727295 0.391602 0.217773 0.410889 0.222656 0.355225 0.220215 0.409668 0.212158 0.391602 0.217773 0.400879 0.200439 0.421631 0.206543 0.400879 0.200439 0.455322 0.204102 0.166992 0.178467 0.161865 0.157227 0.169678 0.140869 0.161865 0.167969 0.166992 0.178467 0.16748 0.206787 0.16748 0.206787 0.166992 0.178467 0.17041 0.1875 0.121094 0.532715 0.126221 0.568848 0.120117 0.595215 0.135498 0.554199 0.126221 0.568848 0.121094 0.532715 0.047852 0.321777 0.052734 0.30542 0.064453 0.316162 0.047852 0.321777 0.064453 0.316162 0.052246 0.329346 0.043701 0.339111 0.059082 0.337158 0.057129 0.345947 0.335938 0.930664 0.322754 0.938232 0.326904 0.92041 0.326904 0.92041 0.316162 0.927734 0.325928 0.898193 0.88501 0.268799 0.888184 0.277588 0.848633 0.27417 0.945068 0.710449 0.947266 0.70459 0.958252 0.720703 0.947266 0.70459 0.945068 0.710449 0.927002 0.711426 0.942383 0.719727 0.958252 0.720703 0.954102 0.744873 0.942383 0.719727 0.954102 0.744873 0.946045 0.73877 0.989258 0.97168 0.99292 0.977051 0.970459 0.972168 0.970459 0.972168 0.99292 0.977051 0.969482 0.977051 0.983398 0.213867 0.988281 0.196777 0.998779 0.203369 0.052246 0.487549 0.039795 0.487305 0.056641 0.470459 0.056641 0.470459 0.039795 0.487305 0.05957 0.45459 0.056641 0.470459 0.05957 0.45459 0.062988 0.494629 0.056641 0.470459 0.062988 0.494629 0.052246 0.487549 0.893555 0.867188 0.875488 0.859375 0.89624 0.863037 0.89624 0.863037 0.875488 0.859375 0.882813 0.846436 0.868652 0.859375 0.875488 0.859375 0.869873 0.888672 0.869873 0.888672 0.875488 0.859375 0.893555 0.867188 0.868652 0.859375 0.869873 0.888672 0.861816 0.860352 0.861816 0.860352 0.869873 0.888672 0.862061 0.882568 0.869873 0.888672 0.893555 0.867188 0.892334 0.874756 0.892334 0.874756 0.893555 0.867188 0.911377 0.868408 0.009277 0.124512 0.013672 0.12915 0.009033 0.148193 0.993652 0.988525 0.96875 0.98877 0.989258 0.982666 0.989258 0.982666 0.96875 0.98877 0.972412 0.982666 0.82666 0.951904 0.825439 0.943115 0.848145 0.948975 0.82666 0.951904 0.848145 0.948975 0.849365 0.969238 0.82666 0.951904 0.849365 0.969238 0.830322 0.971924 0.82666 0.951904 0.830322 0.971924 0.817627 0.966553 0.892578 0.996094 0.888184 0.982178 0.910645 0.990479 0.69751 0.003174 0.662354 0.008301 0.668457 0.002197 0.400146 0.853027 0.371826 0.841797 0.39624 0.842041 0.397949 0.831787 0.387695 0.830566 0.378418 0.790771 0.378418 0.790771 0.387695 0.830566 0.374023 0.793701 0.074951 0.590332 0.065918 0.628906 0.065674 0.598145 0.065918 0.628906 0.074951 0.590332 0.07251 0.625488 0.844238 0.825195 0.855469 0.808105 0.856934 0.828857 0.844238 0.825195 0.856934 0.828857 0.84375 0.839355 0.868164 0.824463 0.855469 0.808105 0.873047 0.807861 0.872803 0.840088 0.868164 0.824463 0.892578 0.826904 0.892578 0.826904 0.868164 0.824463 0.877686 0.811279 0.892578 0.826904 0.877686 0.811279 0.900879 0.8125 0.055908 0.001221 0.092773 0.002686 0.080322 0.01001 0.055908 0.001221 0.080322 0.01001 0.053711 0.006592 0.053711 0.006592 0.080322 0.01001 0.070557 0.01709 0.265869 0.053467 0.27002 0.062744 0.258789 0.095703 0.258789 0.095703 0.27002 0.062744 0.277344 0.054443 0.265869 0.053467 0.258789 0.095703 0.251953 0.108398 0.258789 0.095703 0.277344 0.054443 0.278076 0.064453 0.278076 0.064453 0.286133 0.069092 0.258789 0.095703 0.190186 0.735352 0.19751 0.788818 0.191406 0.806152 0.19751 0.788818 0.190186 0.735352 0.198975 0.755371 0.19751 0.788818 0.198975 0.755371 0.207031 0.755859 0.281738 0.842529 0.302002 0.836426 0.290283 0.859131 0.290283 0.859131 0.302002 0.836426 0.306885 0.852295 0.306885 0.852295 0.312744 0.833496 0.33667 0.856689 0.00415 0.462402 0.016846 0.483154 0.00293 0.486816 0.774902 0.851563 0.77417 0.862061 0.747559 0.859131 0.77417 0.862061 0.789795 0.85498 0.790771 0.873779 0.161377 0.000977 0.170166 0.004639 0.161865 0.019287 0.051025 0.417969 0.0354 0.426025 0.031738 0.417725 0.0354 0.426025 0.052246 0.424316 0.0354 0.439453 0.0354 0.439453 0.052246 0.424316 0.044922 0.44165 0.044922 0.44165 0.052246 0.424316 0.063232 0.428223 0.044922 0.44165 0.063232 0.428223 0.05542 0.444824 0.093506 0.350342 0.105957 0.373047 0.093262 0.392334 0.105957 0.373047 0.093506 0.350342 0.125 0.34375 0.105957 0.373047 0.125 0.34375 0.129639 0.367432 0.923096 0.058105 0.90625 0.015625 0.934326 0.024902 0.923096 0.058105 0.934326 0.024902 0.934082 0.056396 0.90625 0.015625 0.923096 0.058105 0.898193 0.040771 0.898193 0.040771 0.923096 0.058105 0.922119 0.074951 0.797852 0.900635 0.816406 0.911621 0.773193 0.908447 0.956299 0.178711 0.94165 0.189697 0.933594 0.178467 0.933594 0.178467 0.934326 0.187256 0.920898 0.178467 0.94165 0.189697 0.956299 0.178711 0.938721 0.206299 0.938721 0.206299 0.956299 0.178711 0.964111 0.179199 0.938721 0.206299 0.964111 0.179199 0.941895 0.210938 0.941895 0.210938 0.964111 0.179199 0.962646 0.205078 0.022217 0.056152 0.03125 0.051514 0.030273 0.072998 0.791748 0.920166 0.789551 0.933594 0.759521 0.9375 0.759521 0.9375 0.789551 0.933594 0.758789 0.941162 0.791748 0.920166 0.759521 0.9375 0.765137 0.92334 0.791748 0.920166 0.765137 0.92334 0.772461 0.918457 0.772461 0.918457 0.763184 0.919189 0.758301 0.903076 0.089111 0.761475 0.079834 0.783203 0.07959 0.746826 0.610352 0.828369 0.599121 0.812744 0.621094 0.818604 0.62207 0.835449 0.610352 0.828369 0.621094 0.818604 0.62207 0.835449 0.621094 0.818604 0.653076 0.827637 0.62207 0.835449 0.653076 0.827637 0.650146 0.841309 0.673828 0.059326 0.698486 0.075684 0.678223 0.076904 0.671875 0.064453 0.678223 0.076904 0.650146 0.067871 0.673828 0.059326 0.650146 0.067871 0.638428 0.063232 0.053223 0.666504 0.048096 0.665527 0.036621 0.64209 0.036621 0.64209 0.048096 0.665527 0.026855 0.647705 0.026855 0.647705 0.048096 0.665527 0.030518 0.661377 0.369629 0.965332 0.36084 0.969238 0.338867 0.9646 0.91626 0.973389 0.910889 0.96582 0.934082 0.966064 0.051758 0.956055 0.057617 0.952881 0.079834 0.960205 0.329346 0.064209 0.311523 0.050049 0.337646 0.054199 0.337646 0.054199 0.311523 0.050049 0.319092 0.040771 0.311523 0.050049 0.323242 0.064209 0.294678 0.053711 0.323242 0.064209 0.33252 0.077637 0.308594 0.067627 0.323242 0.064209 0.308594 0.067627 0.294678 0.053711 0.308594 0.067627 0.33252 0.077637 0.306885 0.071533 0.294678 0.053711 0.306885 0.071533 0.283691 0.052002 0.195557 0.916016 0.211914 0.922119 0.181885 0.921143 0.181885 0.921143 0.211914 0.922119 0.202148 0.925293 0.830566 0.022461 0.812256 0.022461 0.840332 0.016846 0.810059 0.028809 0.830566 0.022461 0.812256 0.036133 0.812256 0.022461 0.810059 0.028809 0.788086 0.017578 0.788086 0.017578 0.810059 0.028809 0.812256 0.036133 0.064453 0.657471 0.088135 0.673096 0.074707 0.679932 0.05835 0.674072 0.074707 0.679932 0.068359 0.700195 0.271973 0.024902 0.301758 0.015137 0.300537 0.023926 0.301758 0.015137 0.271973 0.024902 0.286621 0.008057 0.846924 0.975586 0.82666 0.982666 0.823975 0.977539 0.633057 0.055664 0.618408 0.038574 0.664795 0.032227 0.664795 0.032227 0.618408 0.038574 0.647461 0.026367 0.647461 0.026367 0.618408 0.038574 0.615967 0.025879 0.615967 0.025879 0.60083 0.014404 0.647461 0.026367 0.647461 0.026367 0.60083 0.014404 0.642578 0.019043 0.079102 0.965332 0.075684 0.976318 0.050537 0.962402 0.962891 0.488037 0.964111 0.504883 0.946533 0.503662 0.962891 0.488037 0.946533 0.503662 0.953857 0.482422 0.946533 0.503662 0.964111 0.504883 0.961914 0.522461 0.946533 0.503662 0.961914 0.522461 0.935547 0.511963 0.87085 0.954102 0.854248 0.977295 0.853516 0.948486 0.940674 0.820801 0.970947 0.822021 0.968994 0.833008 0.940674 0.820801 0.968994 0.833008 0.930908 0.835205 0.063477 0.70874 0.074219 0.706055 0.071045 0.736328 0.063477 0.70874 0.071045 0.736328 0.052734 0.741699 0.063477 0.70874 0.052734 0.741699 0.05249 0.703857 0.778076 0.126221 0.782227 0.108154 0.802979 0.102539 0.804443 0.087158 0.782227 0.108154 0.77002 0.097656 0.77002 0.097656 0.754883 0.106201 0.732666 0.09082 0.882324 0.448486 0.888672 0.468994 0.877441 0.489746 0.877441 0.489746 0.888672 0.468994 0.88501 0.501953 0.875488 0.51001 0.88501 0.501953 0.887939 0.534424 0.241211 0.264893 0.250977 0.252441 0.279053 0.256348 0.250977 0.252441 0.241211 0.264893 0.244629 0.22998 0.244629 0.22998 0.241211 0.264893 0.22998 0.244873 0.22998 0.244873 0.241211 0.264893 0.227295 0.279541 0.22998 0.244873 0.227295 0.279541 0.216797 0.262451 0.216797 0.262451 0.227295 0.279541 0.216309 0.299316 0.22998 0.244873 0.216797 0.262451 0.217041 0.236572 0.217041 0.236572 0.216797 0.262451 0.20459 0.249756 0.806396 0.379395 0.799072 0.407959 0.794922 0.376953 0.800293 0.342285 0.808105 0.358643 0.806396 0.379395 0.806396 0.379395 0.808105 0.358643 0.823975 0.387695 0.806396 0.379395 0.823975 0.387695 0.81543 0.405273 0.806396 0.379395 0.81543 0.405273 0.799072 0.407959 0.799072 0.407959 0.81543 0.405273 0.831299 0.431152 0.799072 0.407959 0.787109 0.425537 0.77417 0.423584 0.787109 0.425537 0.814697 0.424805 0.80249 0.439941 0.924805 0.539063 0.943604 0.520752 0.939209 0.539063 0.924805 0.539063 0.939209 0.539063 0.935791 0.554443 0.509521 0.925293 0.488525 0.921875 0.490723 0.91333 0.509521 0.925293 0.490723 0.91333 0.506104 0.906982 0.0625 0.045654 0.068115 0.07373 0.0625 0.061768 0.090088 0.172852 0.087891 0.189453 0.068359 0.195313 0.090088 0.172852 0.068359 0.195313 0.068848 0.180664 0.068359 0.195313 0.087891 0.189453 0.067627 0.219482 0.067627 0.219482 0.087891 0.189453 0.087158 0.214844 0.469482 0.838623 0.472656 0.863281 0.437988 0.876221 0.437988 0.876221 0.472656 0.863281 0.494385 0.876709 0.628906 0.983887 0.602783 0.97168 0.627686 0.971924 0.099609 0.536377 0.084473 0.529541 0.098877 0.501709 0.098877 0.501709 0.084473 0.529541 0.082764 0.510986 0.115723 0.21875 0.110107 0.231934 0.104736 0.195557 0.115723 0.21875 0.104736 0.195557 0.121582 0.211182 0.11499 0.189697 0.104736 0.195557 0.094482 0.177246 0.540039 0.215332 0.506348 0.210693 0.50415 0.206055 0.506348 0.210693 0.540039 0.215332 0.516357 0.218262 0.470459 0.201172 0.479004 0.213623 0.439941 0.221924 0.30957 0.931396 0.270996 0.931396 0.280273 0.928711 0.844727 0.924561 0.850342 0.919678 0.884766 0.924316 0.108398 0.880371 0.112549 0.889648 0.083496 0.887451 0.108398 0.880371 0.083496 0.887451 0.068604 0.884766 0.148193 0.931641 0.109375 0.931641 0.114502 0.922607 0.035156 0.60376 0.025146 0.606934 0.018066 0.581299 0.102783 0.797607 0.113525 0.823975 0.107666 0.82373 0.102783 0.797607 0.107666 0.82373 0.096436 0.793945 0.098145 0.845215 0.113525 0.823975 0.110107 0.842285 0.110107 0.842285 0.113525 0.823975 0.13501 0.824707 0.110107 0.842285 0.13501 0.824707 0.135254 0.838379 0.110107 0.842285 0.135254 0.838379 0.112061 0.853027 0.925537 0.389404 0.906006 0.375732 0.900879 0.359619 0.925537 0.389404 0.900879 0.359619 0.928223 0.37207 0.925537 0.389404 0.928223 0.37207 0.936768 0.390625 0.928223 0.37207 0.900879 0.359619 0.900146 0.348877 0.936768 0.390625 0.928223 0.37207 0.943359 0.381348 0.928223 0.37207 0.900146 0.348877 0.905762 0.340088 0.928223 0.37207 0.905762 0.340088 0.931396 0.354004 0.939209 0.365234 0.931396 0.354004 0.942871 0.343262 0.415039 0.019043 0.436523 0.015869 0.41748 0.038818 0.41748 0.038818 0.436523 0.015869 0.436523 0.036621 0.41748 0.038818 0.436523 0.036621 0.414551 0.061035 0.246582 0.168701 0.21167 0.163818 0.211182 0.138916 0.246582 0.168701 0.211182 0.138916 0.232666 0.13916 0.246582 0.168701 0.232666 0.13916 0.266357 0.159912 0.21167 0.163818 0.246582 0.168701 0.236328 0.185791 0.236328 0.185791 0.252686 0.195557 0.22998 0.214844 0.751953 0.983154 0.745117 0.987793 0.726563 0.974609 0.751953 0.983154 0.726563 0.974609 0.752197 0.975342 0.482178 0.029785 0.472656 0.015869 0.493408 0.025879 0.493408 0.025879 0.472656 0.015869 0.476563 0.009766 0.472656 0.015869 0.482178 0.029785 0.461914 0.017334 0.461914 0.017334 0.482178 0.029785 0.480225 0.047119 0.461914 0.017334 0.480225 0.047119 0.456299 0.031006 0.461914 0.017334 0.456299 0.031006 0.445068 0.009766 0.044189 0.328369 0.026367 0.344971 0.018066 0.336426 0.266602 0.046875 0.27832 0.029785 0.317871 0.033203 0.266602 0.046875 0.317871 0.033203 0.301758 0.045654 0.329102 0.791748 0.353516 0.777344 0.348877 0.79126 0.389893 0.772705 0.371582 0.772949 0.389893 0.747314 0.359863 0.787354 0.389893 0.772705 0.390137 0.785156 0.433594 0.853027 0.443115 0.826416 0.454102 0.831543 0.454102 0.831543 0.443115 0.826416 0.471191 0.805664 0.433594 0.853027 0.454102 0.831543 0.462402 0.836426 0.317871 0.553467 0.297607 0.538574 0.306885 0.512695 0.317871 0.553467 0.306885 0.512695 0.326172 0.53833 0.326172 0.53833 0.306885 0.512695 0.323242 0.5 0.323242 0.5 0.306885 0.512695 0.291504 0.47583 0.323242 0.5 0.291504 0.47583 0.329346 0.483887 0.329346 0.483887 0.291504 0.47583 0.314453 0.461426 0.329346 0.483887 0.314453 0.461426 0.355713 0.459717 0.346191 0.487793 0.361572 0.511475 0.337891 0.53125 0.361572 0.511475 0.354004 0.479248 0.380615 0.460938 0.380615 0.460938 0.354004 0.479248 0.374512 0.431396 0.337891 0.53125 0.358643 0.536377 0.347168 0.571289 0.092285 0.649658 0.115723 0.661133 0.09668 0.669922 0.115723 0.661133 0.092285 0.649658 0.112793 0.649414 0.09668 0.669922 0.098877 0.687256 0.092529 0.696289 0.0625 0.947754 0.077637 0.942871 0.096924 0.95166 0.0625 0.947754 0.096924 0.95166 0.088379 0.956299 0.022949 0.327881 0.02124 0.305664 0.029541 0.303467 0.972412 0.429932 0.987061 0.409668 0.978516 0.435059 0.978516 0.435059 0.987061 0.409668 0.992188 0.422119 0.65918 0.147461 0.679932 0.157715 0.64209 0.162354 0.638672 0.147705 0.64209 0.162354 0.599121 0.1521 0.60791 0.118896 0.638672 0.147705 0.609375 0.13916 0.60791 0.118896 0.609375 0.13916 0.599121 0.1521 0.599121 0.1521 0.609375 0.13916 0.638672 0.147705 0.221191 0.474365 0.239014 0.46875 0.232422 0.490479 0.232422 0.490479 0.239014 0.46875 0.252197 0.472168 0.232422 0.490479 0.252197 0.472168 0.25415 0.486084 0.193115 0.476807 0.221191 0.474365 0.206787 0.483887 0.193115 0.476807 0.206787 0.483887 0.190186 0.490234 0.981934 0.572754 0.981445 0.549805 0.992432 0.56958 0.05542 0.38501 0.057617 0.4104 0.047363 0.403076 0.05542 0.38501 0.047363 0.403076 0.041016 0.384033 0.05542 0.38501 0.041016 0.384033 0.067871 0.375977 0.067871 0.375977 0.041016 0.384033 0.048096 0.376709 0.924805 0.724365 0.930908 0.749512 0.923828 0.762695 0.930908 0.749512 0.924805 0.724365 0.936035 0.723389 0.931396 0.770752 0.930908 0.749512 0.943359 0.753174 0.943359 0.753174 0.930908 0.749512 0.936035 0.723389 0.654053 0.854248 0.685791 0.875488 0.675537 0.883789 0.685791 0.875488 0.654053 0.854248 0.669678 0.849854 0.064453 0.440918 0.07373 0.439697 0.068359 0.495605 0.068359 0.495605 0.07373 0.439697 0.075684 0.477783 0.068359 0.495605 0.075684 0.477783 0.092529 0.465576 0.092529 0.465576 0.075684 0.477783 0.07373 0.439697 0.820068 0.941406 0.782471 0.941406 0.810303 0.93457 0.078369 0.732178 0.079102 0.704834 0.091064 0.72583 0.091064 0.72583 0.079102 0.704834 0.080322 0.683594 0.849609 0.418945 0.86084 0.371826 0.863037 0.400146 0.863037 0.400146 0.86084 0.371826 0.869385 0.379395 0.86084 0.371826 0.849609 0.418945 0.841797 0.394775 0.86084 0.371826 0.841797 0.394775 0.85498 0.366943 0.87085 0.348389 0.85498 0.366943 0.868896 0.331543 0.868896 0.331543 0.85498 0.366943 0.860596 0.344482 0.843018 0.366211 0.85498 0.366943 0.841797 0.394775 0.843018 0.366211 0.841797 0.394775 0.828857 0.388916 0.843018 0.366211 0.828857 0.388916 0.827881 0.361572 0.120117 0.270996 0.122559 0.240723 0.131104 0.283203 0.131104 0.283203 0.122559 0.240723 0.14502 0.262939 0.658203 0.965576 0.671143 0.984863 0.644287 0.985107 0.915527 0.627686 0.910156 0.657471 0.911133 0.604248 0.383301 0.114502 0.385986 0.104492 0.416748 0.118408 0.416748 0.118408 0.385986 0.104492 0.398926 0.097168 0.385986 0.104492 0.356689 0.117676 0.345215 0.097412 0.481689 0.075195 0.473389 0.085205 0.453125 0.068848 0.473389 0.085205 0.490234 0.077881 0.511963 0.0896 0.074707 0.995117 0.057373 0.989014 0.071533 0.980957 0.030518 0.445313 0.005859 0.455078 0.005859 0.428467 0.817139 0.474609 0.839355 0.438721 0.859619 0.441406 0.817139 0.474609 0.859619 0.441406 0.842041 0.470459 0.83252 0.486328 0.842041 0.470459 0.859863 0.507568 0.253906 0.969727 0.229004 0.973145 0.255371 0.952393 0.255371 0.952393 0.229004 0.973145 0.226074 0.963867 0.255371 0.952393 0.226074 0.963867 0.23291 0.95166 0.374512 0.910889 0.338135 0.911621 0.35498 0.901123 0.064453 0.799805 0.091064 0.804443 0.093506 0.822266 0.239746 0.898682 0.214844 0.890625 0.219482 0.879395 0.882813 0.575195 0.883789 0.596924 0.872559 0.624268 0.872559 0.624268 0.881348 0.622803 0.888672 0.658447 0.943359 0.278076 0.916016 0.265869 0.927002 0.261963 0.916016 0.265869 0.943359 0.278076 0.902344 0.272705 0.902344 0.272705 0.943359 0.278076 0.894287 0.279297 0.316895 0.828125 0.318359 0.818359 0.351563 0.820801 0.316895 0.828125 0.351563 0.820801 0.35791 0.838135 0.35791 0.838135 0.351563 0.820801 0.360352 0.803711 0.316895 0.828125 0.35791 0.838135 0.339111 0.842041 0.905762 0.447266 0.924316 0.419922 0.928467 0.428955 0.924316 0.419922 0.905762 0.447266 0.913086 0.415771 0.913086 0.415771 0.905762 0.447266 0.893066 0.445068 0.913086 0.415771 0.893066 0.445068 0.9021 0.409668 0.838379 0.79834 0.866943 0.80127 0.818848 0.807373 0.188477 0.641357 0.195801 0.641846 0.189453 0.684326 0.337891 0.124756 0.360107 0.122803 0.380371 0.129395 0.380371 0.129395 0.360107 0.122803 0.413086 0.123291 0.199219 0.901123 0.215576 0.908691 0.173584 0.901367 0.173584 0.901367 0.215576 0.908691 0.172607 0.907959 0.025879 0.934082 0.044922 0.948486 0.038086 0.960693 0.025879 0.934082 0.038086 0.960693 0.026855 0.958984 0.967285 0.236084 0.991943 0.243164 0.99292 0.254639 0.411377 0.976563 0.424561 0.96582 0.439941 0.976807 0.222656 0.05127 0.250977 0.054443 0.213623 0.063721 0.213623 0.063721 0.250977 0.054443 0.252441 0.064941 0.213623 0.063721 0.252441 0.064941 0.25415 0.075684 0.213623 0.063721 0.25415 0.075684 0.224365 0.081787 0.213623 0.063721 0.21582 0.07959 0.195557 0.080811 0.947266 0.117676 0.947266 0.16333 0.939941 0.156494 0.182373 0.256104 0.180664 0.236328 0.19458 0.236572 0.19458 0.236572 0.180664 0.236328 0.178711 0.223145 0.19458 0.236572 0.178711 0.223145 0.175537 0.198486 0.19458 0.236572 0.175537 0.198486 0.197266 0.225586 0.19458 0.236572 0.19458 0.250732 0.182373 0.256104 0.962158 0.450684 0.936768 0.416016 0.964111 0.422852 0.989746 0.913574 0.969238 0.905273 0.989258 0.88623 0.035889 0.513428 0.041504 0.495361 0.068115 0.502197 0.657715 0.898926 0.631836 0.911377 0.638672 0.901855 0.638672 0.901855 0.631836 0.911377 0.616699 0.908447 0.638672 0.901855 0.616699 0.908447 0.622803 0.898438 0.949951 0.068359 0.950928 0.098145 0.939697 0.094238 0.905762 0.108643 0.923096 0.104492 0.932129 0.121338 0.905762 0.108643 0.932129 0.121338 0.888184 0.119629 0.593994 0.863281 0.640869 0.863281 0.628174 0.873047 0.717285 0.95874 0.710449 0.96582 0.688965 0.958984 0.688965 0.958984 0.710449 0.96582 0.712158 0.977051 0.107666 0.894043 0.074951 0.911621 0.068604 0.904053 0.057129 0.059082 0.053711 0.075195 0.034912 0.078369 0.057129 0.059082 0.034912 0.078369 0.036377 0.059814 0.034912 0.078369 0.053711 0.075195 0.056641 0.093994 0.034912 0.078369 0.056641 0.093994 0.034668 0.086914 0.968506 0.817383 0.993896 0.798828 0.983887 0.812256 0.858154 0.929443 0.83374 0.938477 0.823486 0.928955 0.028076 0.453613 0.040283 0.459961 0.028809 0.474121 0.031006 0.482666 0.040283 0.459961 0.049072 0.458496 0.984619 0.300781 0.993896 0.300537 0.967529 0.318115 0.972168 0.325684 0.957764 0.352783 0.966309 0.32251 0.957764 0.352783 0.972168 0.325684 0.960205 0.356445 0.960205 0.356445 0.972168 0.325684 0.9729 0.34082 0.982178 0.233643 0.995361 0.220215 1 0.228516 0.98877 0.725098 0.979248 0.708252 1 0.702637 0.98877 0.725098 1 0.702637 0.999756 0.72583 0.059326 0.35498 0.050537 0.370361 0.04126 0.345215 0.370117 0.982422 0.39209 0.976318 0.391113 0.990234 0.810059 0.945801 0.788574 0.956055 0.778076 0.946533 0.734375 0.047607 0.703857 0.038574 0.756836 0.039795 0.210693 0.304443 0.193359 0.304443 0.199951 0.254883 0.277832 0.869385 0.283203 0.882568 0.238037 0.881348 0.277832 0.869385 0.238037 0.881348 0.277344 0.845703 0.968018 0.377197 0.947754 0.381592 0.97583 0.361084 0.947754 0.381592 0.968018 0.377197 0.976074 0.409424 0.976074 0.409424 0.968018 0.377197 0.97583 0.361084 0.052979 0.211426 0.074951 0.242432 0.059326 0.247314 0.043213 0.221924 0.059326 0.247314 0.039795 0.252197 0.855469 0.558105 0.87793 0.554688 0.870361 0.606934 0.866211 0.53125 0.855469 0.558105 0.842041 0.533447 0.392822 0.856934 0.398193 0.885742 0.371582 0.848633 0.186035 0.045166 0.206787 0.035645 0.172852 0.081787 0.172852 0.081787 0.206787 0.035645 0.19873 0.068604 0.599121 0.479004 0.613037 0.515137 0.601074 0.505127 0.599121 0.479004 0.601074 0.505127 0.573242 0.467773 0.599121 0.479004 0.589355 0.460205 0.62793 0.458252 0.573242 0.467773 0.601074 0.505127 0.548096 0.477295 0.548096 0.477295 0.601074 0.505127 0.553711 0.509033 0.538818 0.501221 0.553711 0.509033 0.538818 0.553223 0.538818 0.501221 0.538818 0.553223 0.525146 0.532715 0.503418 0.460938 0.537842 0.463379 0.524414 0.489746 0.494629 0.458984 0.524414 0.489746 0.467285 0.45459 0.524414 0.489746 0.525146 0.532715 0.506836 0.494873 0.524414 0.489746 0.506836 0.494873 0.467285 0.45459 0.506836 0.494873 0.525146 0.532715 0.511963 0.53833 0.506836 0.494873 0.511963 0.53833 0.492432 0.497803 0.506836 0.494873 0.492432 0.497803 0.454346 0.467041 0.506836 0.494873 0.454346 0.467041 0.467285 0.45459 0.587158 0.736572 0.566162 0.722656 0.590088 0.728027 0.590088 0.728027 0.566162 0.722656 0.572998 0.70874 0.587158 0.736572 0.590088 0.728027 0.614746 0.741699 0.587158 0.736572 0.614746 0.741699 0.588379 0.74292 0.614746 0.741699 0.590088 0.728027 0.614502 0.730469 0.614746 0.741699 0.614502 0.730469 0.643066 0.751465 0.643066 0.751465 0.614502 0.730469 0.624268 0.730225 0.575684 0.746582 0.566162 0.722656 0.587158 0.736572 0.566162 0.722656 0.575684 0.746582 0.557129 0.750244 0.566162 0.722656 0.557129 0.750244 0.557373 0.720947 0.118652 0.438721 0.106689 0.446045 0.103271 0.426514 0.103271 0.426514 0.106689 0.446045 0.091797 0.447754 0.103271 0.426514 0.091797 0.447754 0.091309 0.403564 0.103271 0.426514 0.091309 0.403564 0.093262 0.396973 0.103271 0.426514 0.093262 0.396973 0.106201 0.423584 0.34668 0.053711 0.354248 0.038086 0.379395 0.03833 0.379395 0.03833 0.354248 0.038086 0.38623 0.033447 0.043213 0.372559 0.02002 0.354492 0.025879 0.349121 0.02002 0.354492 0.043213 0.372559 0.030029 0.373779 0.968994 0.578125 0.947754 0.544678 0.969238 0.553711 0.969238 0.553711 0.947754 0.544678 0.954834 0.538574 0.947754 0.544678 0.968994 0.578125 0.94751 0.573242 0.154541 0.955811 0.123291 0.956543 0.141602 0.940674 0.223633 0.518555 0.223633 0.505859 0.245361 0.527588 0.228027 0.531738 0.245361 0.527588 0.246582 0.553467 0.228027 0.531738 0.246582 0.553467 0.226074 0.559814 0.246582 0.553467 0.245361 0.527588 0.255615 0.532227 0.246582 0.553467 0.255615 0.532227 0.258301 0.563721 0.246582 0.553467 0.258301 0.563721 0.237793 0.572266 0.571777 0.779785 0.591064 0.792969 0.560791 0.798096 0.553955 0.786865 0.560791 0.798096 0.52832 0.799316 0.038818 0.977783 0.037598 0.96875 0.064209 0.977539 0.162598 0.610352 0.165283 0.617432 0.136719 0.627441 0.162598 0.610352 0.136719 0.627441 0.13501 0.612549 0.125244 0.628418 0.126221 0.652832 0.113037 0.632324 0.018555 0.515381 0.025635 0.491699 0.029297 0.511963 0.029297 0.511963 0.025635 0.491699 0.0354 0.488281 0.025635 0.491699 0.018555 0.515381 0.01709 0.489258 0.299316 0.157959 0.328613 0.146484 0.327881 0.154053 0.328613 0.146484 0.299316 0.157959 0.313232 0.140625 0.313232 0.140625 0.299316 0.157959 0.290771 0.149658 0.290771 0.149658 0.284912 0.162354 0.255859 0.119141 0.255859 0.119141 0.284912 0.162354 0.273193 0.160645 0.269531 0.174072 0.284912 0.162354 0.27832 0.181885 0.269531 0.174072 0.27832 0.181885 0.257324 0.201904 0.529053 0.961914 0.541504 0.953369 0.555908 0.962646 0.529053 0.961914 0.555908 0.962646 0.527832 0.972168 0.295166 0.391846 0.274414 0.371338 0.327393 0.388428 0.274414 0.371338 0.291016 0.355957 0.327393 0.388428 0.297852 0.350342 0.291016 0.355957 0.281494 0.289795 0.321045 0.749512 0.346436 0.765869 0.291748 0.754639 0.760742 0.249023 0.755859 0.273438 0.724854 0.227295 0.724854 0.227295 0.755859 0.273438 0.734619 0.312012 0.734619 0.312012 0.755859 0.273438 0.751709 0.307861 0.724854 0.227295 0.734619 0.312012 0.702637 0.262451 0.724854 0.227295 0.702637 0.262451 0.702148 0.230469 0.734619 0.312012 0.720703 0.317139 0.702637 0.262451 0.702148 0.230469 0.702637 0.262451 0.682861 0.243164 0.682861 0.243164 0.686279 0.270264 0.66333 0.257324 0.694336 0.287842 0.702637 0.262451 0.720703 0.317139 0.463135 0.168457 0.452393 0.150146 0.490479 0.140137 0.463135 0.168457 0.490479 0.140137 0.499268 0.15625 0.484131 0.179688 0.499268 0.15625 0.53125 0.171387 0.484131 0.179688 0.53125 0.171387 0.502197 0.20166 0.092529 0.053467 0.118408 0.040527 0.118652 0.067139 0.092529 0.053467 0.118652 0.067139 0.093994 0.077881 0.093994 0.077881 0.118652 0.067139 0.101563 0.098877 0.879883 0.230957 0.866699 0.202148 0.886963 0.194336 0.855957 0.218262 0.879883 0.230957 0.886475 0.259277 0.855957 0.218262 0.886475 0.259277 0.861084 0.252686 0.924805 0.25293 0.913086 0.243652 0.925537 0.229736 0.925537 0.229736 0.913086 0.243652 0.905518 0.202148 0.905518 0.202148 0.913086 0.243652 0.898193 0.2229 0.913086 0.243652 0.9021 0.247314 0.898193 0.2229 0.898193 0.2229 0.9021 0.247314 0.88623 0.22998 0.88623 0.22998 0.9021 0.247314 0.892578 0.250977 0.202148 0.691406 0.216309 0.691162 0.211182 0.708008 0.211182 0.708008 0.22168 0.702148 0.231689 0.723145 0.211182 0.708008 0.227783 0.727783 0.201172 0.72583 0.201172 0.72583 0.227783 0.727783 0.202148 0.737305 0.207031 0.744873 0.227783 0.727783 0.217773 0.755615 0.218262 0.125244 0.228271 0.134033 0.202881 0.13208 0.181885 0.166016 0.203613 0.124512 0.202881 0.13208 0.207275 0.114502 0.203613 0.124512 0.181641 0.094238 0.218262 0.125244 0.207275 0.114502 0.222168 0.105225 0.218262 0.125244 0.222168 0.105225 0.230957 0.101563 0.218262 0.125244 0.230957 0.101563 0.231445 0.121094 0.231445 0.121094 0.230957 0.101563 0.243408 0.101563 0.053711 0.62793 0.073975 0.642334 0.068115 0.651123 0.053711 0.62793 0.068115 0.651123 0.044922 0.638916 0.044922 0.638916 0.068115 0.651123 0.05249 0.652588 0.500977 0.838379 0.48877 0.843994 0.501709 0.820801 0.501709 0.820801 0.48877 0.843994 0.483643 0.833496 0.500977 0.838379 0.501709 0.820801 0.519043 0.827393 0.500977 0.838379 0.519043 0.827393 0.519287 0.84375 0.519043 0.827393 0.501709 0.820801 0.534912 0.819336 0.534912 0.819336 0.501709 0.820801 0.496582 0.813232 0.496582 0.813232 0.501709 0.820801 0.483643 0.833496 0.496582 0.813232 0.482666 0.817627 0.483643 0.781982 0.355713 0.956299 0.376221 0.927734 0.39502 0.955322 0.169678 0.297607 0.191895 0.316406 0.165283 0.328857 0.165283 0.328857 0.191895 0.316406 0.192871 0.355469 0.169678 0.297607 0.165283 0.328857 0.141846 0.303223 0.165283 0.328857 0.192871 0.355469 0.174805 0.365723 0.141846 0.303223 0.165283 0.328857 0.142334 0.339111 0.165283 0.328857 0.174805 0.365723 0.142822 0.350586 0.499268 0.711914 0.533203 0.72168 0.522217 0.734863 0.539307 0.702148 0.533203 0.72168 0.501221 0.687256 0.501221 0.687256 0.533203 0.72168 0.499268 0.711914 0.539307 0.702148 0.501221 0.687256 0.515869 0.672363 0.515869 0.672363 0.501221 0.687256 0.469238 0.669434 0.501221 0.687256 0.499268 0.711914 0.459961 0.695068 0.501221 0.687256 0.459961 0.695068 0.469238 0.669434 0.459961 0.695068 0.435303 0.685547 0.469238 0.669434 0.515869 0.672363 0.469238 0.669434 0.482178 0.644043 0.515137 0.650146 0.515869 0.672363 0.482178 0.644043 0.515137 0.650146 0.482178 0.644043 0.478516 0.624268 0.537109 0.675537 0.515137 0.650146 0.551758 0.663818 0.551758 0.663818 0.515137 0.650146 0.537598 0.641113 0.325684 0.878906 0.314941 0.911621 0.311523 0.871094 0.311523 0.871094 0.314941 0.911621 0.291748 0.875732 0.291748 0.875732 0.314941 0.911621 0.279785 0.906494 0.703369 0.426514 0.705322 0.405762 0.744873 0.403564 0.703369 0.426514 0.744873 0.403564 0.738525 0.432861 0.703369 0.426514 0.738525 0.432861 0.677979 0.432617 0.738525 0.432861 0.744873 0.403564 0.776123 0.375 0.738525 0.432861 0.776123 0.375 0.763672 0.411377 0.738525 0.432861 0.766113 0.424316 0.744873 0.481689 0.744873 0.481689 0.766113 0.424316 0.777344 0.436279 0.890137 0.339111 0.911865 0.286621 0.925293 0.287598 0.911865 0.286621 0.890137 0.339111 0.888428 0.290771 0.890137 0.339111 0.925293 0.287598 0.922852 0.329102 0.087646 0.155273 0.064453 0.112305 0.077637 0.109375 0.087646 0.155273 0.077637 0.109375 0.088135 0.108887 0.561768 0.079102 0.591553 0.089844 0.559082 0.099609 0.591553 0.089844 0.561768 0.079102 0.581787 0.061035 0.581787 0.061035 0.561768 0.079102 0.54248 0.05957 0.212402 0.085693 0.247559 0.093262 0.204102 0.099854 0.713623 0.666992 0.652344 0.664063 0.672363 0.655029 0.652344 0.664063 0.713623 0.666992 0.658691 0.682373 0.672363 0.655029 0.677002 0.633545 0.713623 0.666992 0.713623 0.666992 0.693359 0.619141 0.720459 0.640625 0.720459 0.640625 0.693359 0.619141 0.708984 0.580811 0.720459 0.640625 0.708984 0.580811 0.721436 0.571533 0.110107 0.164795 0.092285 0.110352 0.121338 0.150146 0.092285 0.110352 0.110107 0.164795 0.092773 0.16626 0.121338 0.150146 0.092285 0.110352 0.112549 0.106934 0.121338 0.150146 0.112549 0.106934 0.142334 0.136719 0.444336 0.783447 0.419434 0.803467 0.402588 0.759033 0.478516 0.789551 0.444336 0.783447 0.472168 0.762695 0.472168 0.762695 0.444336 0.783447 0.402588 0.759033 0.244629 0.443359 0.215088 0.425293 0.258789 0.419189 0.244629 0.443359 0.258789 0.419189 0.263672 0.44458 0.263672 0.44458 0.258789 0.419189 0.291016 0.437744 0.258789 0.419189 0.215088 0.425293 0.226074 0.386719 0.27002 0.407959 0.258789 0.419189 0.226074 0.386719 0.330078 0.022949 0.349365 0.000732 0.354492 0.029297 0.72876 0.844238 0.729248 0.817383 0.770264 0.792725 0.72876 0.844238 0.770264 0.792725 0.776855 0.805176 0.378174 0.96582 0.403809 0.972168 0.373047 0.971191 0.403809 0.972168 0.378174 0.96582 0.398682 0.9646 0.031006 0.703369 0.031006 0.679443 0.039307 0.708252 0.243652 0.782471 0.282959 0.797363 0.261719 0.806396 0.282959 0.797363 0.243652 0.782471 0.2771 0.769775 0.828125 0.784668 0.825195 0.790283 0.801758 0.783936 0.828125 0.784668 0.801758 0.783936 0.81958 0.773682 0.801758 0.783936 0.825195 0.790283 0.804932 0.794678 0.81958 0.773682 0.801758 0.783936 0.800293 0.77124 0.801758 0.783936 0.804932 0.794678 0.784668 0.791504 0.784668 0.791504 0.804932 0.794678 0.782227 0.802246 0.801758 0.783936 0.782715 0.7854 0.800293 0.77124 0.800293 0.77124 0.782715 0.7854 0.778564 0.773438 0.778564 0.773438 0.782715 0.7854 0.758301 0.768066 0.26416 0.941406 0.26001 0.947266 0.230957 0.940674 0.230957 0.940674 0.26001 0.947266 0.229248 0.946777 0.593018 0.076172 0.611328 0.060547 0.654785 0.07666 0.04541 0.210449 0.039551 0.213623 0.039795 0.176514 0.112061 0.686523 0.138428 0.669922 0.138428 0.700439 0.155762 0.530762 0.162842 0.54126 0.156006 0.555664 0.156006 0.555664 0.162842 0.54126 0.170166 0.563477 0.170166 0.563477 0.162842 0.54126 0.177002 0.561768 0.154297 0.563965 0.171143 0.569092 0.150879 0.580078 0.042725 0.547119 0.025146 0.549316 0.030029 0.532471 0.042725 0.547119 0.035889 0.53125 0.050049 0.530762 0.035889 0.53125 0.031006 0.518066 0.050049 0.530762 0.050049 0.530762 0.031006 0.518066 0.05127 0.52417 0.514404 0.907959 0.521484 0.898438 0.535156 0.906738 0.838379 0.720459 0.824951 0.687988 0.856689 0.706543 0.856689 0.706543 0.824951 0.687988 0.826416 0.679688 0.800049 0.73584 0.841797 0.730225 0.86084 0.756836 0.770508 0.738037 0.800049 0.73584 0.772949 0.756104 0.235107 0.356934 0.218994 0.383057 0.197021 0.365723 0.235107 0.356934 0.197021 0.365723 0.208984 0.343262 0.754639 0.181152 0.762451 0.192871 0.718994 0.194092 0.762451 0.192871 0.785645 0.180908 0.806152 0.19751 0.762451 0.192871 0.806152 0.19751 0.811279 0.218018 0.806152 0.19751 0.785645 0.180908 0.80957 0.1604 0.35083 0.707275 0.381348 0.720459 0.327637 0.728027 0.35083 0.707275 0.327637 0.728027 0.309082 0.717041 0.35083 0.707275 0.309082 0.717041 0.302734 0.703369 0.35083 0.707275 0.302734 0.703369 0.359863 0.681641 0.359863 0.681641 0.302734 0.703369 0.339355 0.666992 0.388428 0.712402 0.35083 0.707275 0.366455 0.692383 0.381348 0.720459 0.388428 0.712402 0.414307 0.734863 0.414307 0.734863 0.388428 0.712402 0.406738 0.711426 0.414307 0.734863 0.406738 0.711426 0.426758 0.728516 0.378174 0.178223 0.330078 0.186035 0.364502 0.165283 0.364502 0.165283 0.330078 0.186035 0.312256 0.17749 0.364502 0.165283 0.312256 0.17749 0.310059 0.164551 0.260254 0.053223 0.246582 0.029297 0.260254 0.018311 0.268311 0.216309 0.269043 0.206787 0.289795 0.220215 0.257568 0.247559 0.289795 0.220215 0.298584 0.236816 0.315674 0.252686 0.327148 0.221436 0.350342 0.281006 0.350342 0.281006 0.327148 0.221436 0.358643 0.252197 0.831787 0.31665 0.861084 0.332275 0.844971 0.340088 0.855957 0.312012 0.831787 0.31665 0.839355 0.283691 0.818115 0.298828 0.831787 0.31665 0.79126 0.32666 0.839355 0.283691 0.818115 0.298828 0.808838 0.272217 0.546143 0.63916 0.56958 0.634277 0.557373 0.659912 0.557373 0.659912 0.56958 0.634277 0.577881 0.665283 0.577881 0.665283 0.56958 0.634277 0.593262 0.628418 0.577881 0.665283 0.593262 0.628418 0.607666 0.651123 0.577881 0.665283 0.607666 0.651123 0.57959 0.683105 0.57959 0.683105 0.607666 0.651123 0.60498 0.677979 0.607666 0.651123 0.607666 0.625488 0.630859 0.622559 0.60498 0.677979 0.607666 0.651123 0.642334 0.637939 0.642334 0.637939 0.607666 0.651123 0.630859 0.622559 0.60498 0.677979 0.642334 0.637939 0.617676 0.682373 0.617676 0.682373 0.642334 0.637939 0.65625 0.648438 0.652344 0.622803 0.630859 0.622559 0.672852 0.592529 0.765625 0.125 0.76416 0.151123 0.744385 0.128662 0.744385 0.128662 0.76416 0.151123 0.712158 0.134033 0.642578 0.130615 0.64502 0.108154 0.688232 0.108643 0.642578 0.130615 0.688232 0.108643 0.681396 0.126709 0.642578 0.130615 0.681396 0.126709 0.666016 0.142578 0.688232 0.108643 0.64502 0.108154 0.690186 0.093018 0.690186 0.093018 0.64502 0.108154 0.630615 0.093506 0.221191 0.642578 0.206787 0.674561 0.206299 0.60498 0.206787 0.674561 0.221191 0.642578 0.220947 0.685059 0.220947 0.685059 0.221191 0.642578 0.244629 0.64624 0.221191 0.642578 0.206299 0.60498 0.229492 0.611328 0.221191 0.642578 0.229492 0.611328 0.244629 0.64624 0.178223 0.800293 0.148438 0.796631 0.177734 0.77417 0.672119 0.377686 0.69043 0.398438 0.677734 0.40625 0.672119 0.377686 0.677734 0.40625 0.65625 0.404541 0.672119 0.377686 0.65625 0.404541 0.646973 0.397217 0.646973 0.397217 0.65625 0.404541 0.628662 0.409424 0.672119 0.377686 0.646973 0.397217 0.647461 0.387451 0.628662 0.409424 0.65625 0.404541 0.64917 0.413574 0.628662 0.409424 0.64917 0.413574 0.635986 0.425781 0.6604 0.35083 0.663086 0.373047 0.650635 0.354004 0.675293 0.362793 0.6604 0.35083 0.654541 0.328857 0.687744 0.378418 0.675293 0.362793 0.695557 0.344482 0.687744 0.378418 0.695557 0.344482 0.700195 0.35083 0.695557 0.344482 0.675293 0.362793 0.684326 0.343262 0.700195 0.35083 0.695557 0.344482 0.708496 0.32251 0.708496 0.32251 0.695557 0.344482 0.684326 0.343262 0.195313 0.016357 0.17749 0.001709 0.196533 0.003418 0.212158 0.008057 0.196533 0.003418 0.22876 0.003418 0.811768 0.711914 0.778809 0.655029 0.811768 0.614502 0.778809 0.655029 0.719482 0.664795 0.795654 0.625244 0.244873 0.852783 0.203613 0.850342 0.22998 0.827148 0.253906 0.852783 0.22998 0.827148 0.282959 0.833984 0.282959 0.833984 0.22998 0.827148 0.236816 0.795898 0.961426 0.689941 0.960205 0.704102 0.942627 0.694092 0.609863 0.044678 0.611572 0.053711 0.586182 0.044189 0.586182 0.044189 0.611572 0.053711 0.593994 0.05835 0.586182 0.044189 0.593994 0.05835 0.573975 0.052002 0.609863 0.044678 0.586182 0.044189 0.588867 0.036621 0.930176 0.699219 0.923096 0.671143 0.928467 0.653076 0.923096 0.671143 0.930176 0.699219 0.924316 0.701904 0.052734 0.602539 0.047119 0.62085 0.032715 0.614014 0.047119 0.62085 0.052734 0.602539 0.060791 0.61792 0.024414 0.169434 0.026855 0.153809 0.041016 0.17041 0.014893 0.149658 0.024414 0.169434 0.01416 0.173584 0.36377 0.983398 0.341064 0.981445 0.365479 0.973877 0.365479 0.973877 0.341064 0.981445 0.339844 0.973633 0.824463 0.134521 0.799561 0.136475 0.800537 0.120361 0.824463 0.134521 0.797852 0.115723 0.822998 0.120117 0.799561 0.136475 0.827393 0.145752 0.812744 0.153076 0.812744 0.153076 0.827393 0.145752 0.818848 0.175049 0.840576 0.154053 0.827393 0.145752 0.8479 0.132324 0.840576 0.154053 0.8479 0.132324 0.859375 0.138672 0.859375 0.138672 0.8479 0.132324 0.88501 0.124268 0.88501 0.124268 0.8479 0.132324 0.879395 0.121826 0.879395 0.121826 0.8479 0.132324 0.837646 0.12793 0.879395 0.121826 0.837646 0.12793 0.853516 0.11499 0.916992 0.185059 0.906006 0.188721 0.905273 0.158691 0.909912 0.197266 0.916992 0.185059 0.926025 0.204834 0.926025 0.204834 0.916992 0.185059 0.934326 0.197266 0.424561 0.087646 0.416504 0.092285 0.393555 0.082275 0.428711 0.095703 0.424561 0.087646 0.46167 0.083252 0.5271 0.106689 0.540527 0.09668 0.550781 0.113525 0.523926 0.100342 0.5271 0.106689 0.500732 0.109375 0.523926 0.100342 0.500732 0.109375 0.477051 0.108887 0.728027 0.008545 0.72168 0.001709 0.752686 0.006592 0.199463 0.557617 0.195557 0.581299 0.191406 0.579102 0.199463 0.557617 0.191406 0.579102 0.193848 0.557129 0.195557 0.581299 0.199463 0.557617 0.214355 0.554443 0.195557 0.581299 0.214355 0.554443 0.217041 0.56958 0.195557 0.581299 0.217041 0.56958 0.192627 0.608887 0.192627 0.608887 0.217041 0.56958 0.210449 0.591797 0.946533 0.859619 0.951172 0.841553 0.953369 0.88623 0.948242 0.882813 0.953369 0.88623 0.909912 0.887695 0.942627 0.878906 0.948242 0.882813 0.909912 0.887695 0.946533 0.859619 0.942627 0.878906 0.918457 0.866943 0.918457 0.866943 0.942627 0.878906 0.909912 0.887695 0.50415 0.977783 0.475098 0.978271 0.47583 0.971436 0.50415 0.977783 0.47583 0.971436 0.499023 0.963379 0.561523 0.983887 0.536621 0.97583 0.566406 0.96875 0.028076 0.639404 0.013916 0.642578 0.01416 0.615234 0.028076 0.639404 0.01416 0.615234 0.036377 0.62915 0.618408 0.939941 0.624512 0.962646 0.604248 0.95459 0.624512 0.962646 0.618408 0.939941 0.631104 0.967041 0.624512 0.962646 0.631104 0.967041 0.597656 0.966064 0.597656 0.966064 0.604248 0.95459 0.624512 0.962646 0.327637 0.410645 0.352051 0.383057 0.369141 0.427734 0.327637 0.410645 0.369141 0.427734 0.359619 0.446289 0.327637 0.410645 0.359619 0.446289 0.328857 0.454834 0.369141 0.427734 0.352051 0.383057 0.390625 0.408936 0.390625 0.408936 0.352051 0.383057 0.42334 0.38208 0.42334 0.38208 0.352051 0.383057 0.356934 0.354004 0.42334 0.38208 0.356934 0.354004 0.406738 0.351074 0.399902 0.338623 0.356934 0.354004 0.319336 0.318848 0.406738 0.351074 0.399902 0.338623 0.472412 0.322754 0.406738 0.351074 0.472412 0.322754 0.422119 0.364258 0.472412 0.322754 0.399902 0.338623 0.421631 0.317627 0.02002 0.788818 0.042236 0.807617 0.019775 0.818115 0.651367 0.441895 0.721191 0.4375 0.702393 0.463623 0.651367 0.441895 0.702393 0.463623 0.632568 0.468018 0.632568 0.468018 0.702393 0.463623 0.638916 0.48999 0.638916 0.48999 0.702393 0.463623 0.70874 0.494141 0.638916 0.48999 0.70874 0.494141 0.661377 0.515625 0.611816 0.49585 0.661377 0.515625 0.628906 0.526855 0.628906 0.526855 0.661377 0.515625 0.62085 0.568604 0.62085 0.568604 0.661377 0.515625 0.661621 0.555176 0.661621 0.555176 0.661377 0.515625 0.701416 0.51416 0.661621 0.555176 0.701416 0.51416 0.717773 0.544678 0.661621 0.555176 0.717773 0.544678 0.702881 0.572266 0.468018 0.65625 0.454834 0.634766 0.474609 0.608398 0.474609 0.608398 0.454834 0.634766 0.419189 0.599121 0.40918 0.619385 0.434814 0.645996 0.393555 0.640381 0.40918 0.619385 0.393555 0.640381 0.366699 0.560547 0.366699 0.560547 0.393555 0.640381 0.328125 0.600586 0.328125 0.600586 0.393555 0.640381 0.369141 0.68335 0.610107 0.567139 0.560303 0.548828 0.582764 0.534668 0.560303 0.548828 0.610107 0.567139 0.577393 0.581543 0.577393 0.581543 0.610107 0.567139 0.62793 0.615967 0.560303 0.548828 0.577393 0.581543 0.525879 0.567871 0.577393 0.581543 0.62793 0.615967 0.580078 0.615967 0.577393 0.581543 0.580078 0.615967 0.525879 0.567871 0.525879 0.567871 0.580078 0.615967 0.522705 0.587891 0.522705 0.587891 0.580078 0.615967 0.535645 0.623779 0.525879 0.567871 0.522705 0.587891 0.4729 0.569092 0.522705 0.587891 0.535645 0.623779 0.503906 0.60498 0.522705 0.587891 0.503906 0.60498 0.4729 0.569092 0.503906 0.60498 0.535645 0.623779 0.491943 0.616211 0.4729 0.569092 0.503906 0.60498 0.448242 0.585938 0.962158 0.89209 0.951904 0.924316 0.919922 0.892578 0.168457 0.749023 0.144287 0.764893 0.143799 0.698486 0.168457 0.749023 0.143799 0.698486 0.17334 0.705078 0.598145 0.377686 0.57959 0.399414 0.535645 0.374268 0.535645 0.374268 0.57959 0.399414 0.530518 0.397705 0.530518 0.397705 0.57959 0.399414 0.566162 0.428955 0.530518 0.397705 0.566162 0.428955 0.524658 0.450195 0.524658 0.450195 0.566162 0.428955 0.562012 0.465576 0.535645 0.374268 0.530518 0.397705 0.450195 0.349854 0.535645 0.374268 0.450195 0.349854 0.48877 0.341553 0.535645 0.374268 0.48877 0.341553 0.542725 0.34375 0.598145 0.377686 0.535645 0.374268 0.566162 0.350098 0.566162 0.350098 0.548828 0.317627 0.57666 0.320313 0.566162 0.350098 0.57666 0.320313 0.619141 0.342041 0.581299 0.953613 0.593506 0.955811 0.579834 0.971924 0.085449 0.237549 0.093262 0.224121 0.101318 0.249268 0.101318 0.249268 0.093262 0.224121 0.104736 0.229004 0.085449 0.237549 0.101318 0.249268 0.086182 0.267578 0.085449 0.237549 0.086182 0.267578 0.079346 0.241455 0.086182 0.267578 0.101318 0.249268 0.091064 0.27124 0.091064 0.27124 0.101318 0.249268 0.102539 0.27002 0.929688 0.255371 0.93335 0.243164 0.955811 0.267578 0.955811 0.267578 0.93335 0.243164 0.955078 0.250488 0.929688 0.255371 0.955811 0.267578 0.959229 0.279297 0.019531 0.760254 0.012451 0.782471 0.008057 0.779297 0.057373 0.145752 0.069336 0.168457 0.054688 0.190918 0.4646 0.901123 0.478516 0.910889 0.436035 0.911621 0.031982 0.859863 0.016113 0.855713 0.043213 0.854492 0.011963 0.695068 0.01709 0.677734 0.023438 0.701172 0.578369 0.873779 0.582031 0.864014 0.606201 0.876953 0.155762 0.125488 0.15918 0.13916 0.144043 0.15625 0.188721 0.115723 0.189941 0.126221 0.15918 0.13916 0.188721 0.115723 0.15918 0.13916 0.181396 0.111084 0.181396 0.111084 0.15918 0.13916 0.155762 0.125488 0.181396 0.111084 0.155762 0.125488 0.177002 0.099365 0.177002 0.099365 0.155762 0.125488 0.160156 0.104248 0.270752 0.549316 0.265625 0.567627 0.259521 0.515137 0.270752 0.549316 0.259521 0.515137 0.29126 0.574463 0.270752 0.549316 0.29126 0.574463 0.265625 0.567627 0.265625 0.567627 0.279053 0.601074 0.258057 0.623779 0.279053 0.601074 0.29126 0.574463 0.313721 0.571777 0.967041 0.031738 0.967041 0.05957 0.956543 0.032227 0.956543 0.032227 0.967041 0.05957 0.958984 0.067871 0.885986 0.356201 0.877686 0.342529 0.882324 0.295654 0.882324 0.295654 0.877686 0.342529 0.877441 0.286621 0.875977 0.69043 0.865234 0.751953 0.861084 0.741943 0.875977 0.69043 0.861084 0.741943 0.862305 0.693115 0.863525 0.665771 0.862305 0.693115 0.835938 0.674805 0.333252 0.291748 0.386719 0.276367 0.392822 0.279785 0.333252 0.291748 0.392822 0.279785 0.318359 0.304443 0.3125 0.292236 0.318359 0.304443 0.302979 0.345947 0.333252 0.291748 0.3125 0.292236 0.297119 0.267822 0.297119 0.267822 0.3125 0.292236 0.282227 0.278076 0.282227 0.278076 0.3125 0.292236 0.29541 0.298828 0.79248 0.895752 0.770996 0.901611 0.751465 0.894043 0.753906 0.910645 0.714844 0.897949 0.750244 0.900391 0.621826 0.281494 0.639404 0.282471 0.630371 0.318848 0.621826 0.281494 0.630371 0.318848 0.608398 0.293701 0.630371 0.318848 0.639404 0.282471 0.651611 0.287598 0.665771 0.296143 0.651611 0.287598 0.674072 0.273682 0.651611 0.287598 0.664551 0.304199 0.630371 0.318848 0.630371 0.318848 0.664551 0.304199 0.642822 0.327637 0.630371 0.318848 0.642822 0.327637 0.641357 0.359863 0.630371 0.318848 0.641357 0.359863 0.616211 0.322998 0.630371 0.318848 0.616211 0.322998 0.608398 0.293701 0.5979 0.294434 0.601563 0.308105 0.558105 0.29541 0.558105 0.29541 0.601563 0.308105 0.589355 0.310303 0.558105 0.29541 0.589355 0.310303 0.54541 0.296387 0.54541 0.296387 0.589355 0.310303 0.578857 0.313721 0.913086 0.901367 0.901855 0.914063 0.882568 0.915039 0.913086 0.901367 0.882568 0.915039 0.880615 0.904297 0.913086 0.901367 0.880615 0.904297 0.912842 0.89209 0.912842 0.89209 0.880615 0.904297 0.881836 0.891113 0.895752 0.074707 0.905762 0.064453 0.905273 0.095703 0.905762 0.064453 0.895752 0.074707 0.892578 0.056641 0.905762 0.064453 0.892578 0.056641 0.889648 0.040527 0.892578 0.056641 0.895752 0.074707 0.884277 0.071533 0.892578 0.056641 0.884277 0.071533 0.889648 0.040527 0.05957 0.874756 0.047852 0.838623 0.061035 0.848633 0.707031 0.85498 0.682861 0.858643 0.715088 0.834717 0.715088 0.834717 0.682861 0.858643 0.702637 0.830811 0.168701 0.21875 0.17041 0.25415 0.156982 0.230957 0.161865 0.210449 0.156982 0.230957 0.152832 0.211914 0.161865 0.210449 0.152832 0.211914 0.158936 0.188721 0.152832 0.211914 0.156982 0.230957 0.145996 0.20874 0.158936 0.188721 0.152832 0.211914 0.143799 0.19458 0.107422 0.467285 0.108154 0.480225 0.093262 0.480225 0.108154 0.480225 0.107422 0.467285 0.121582 0.473633 0.093262 0.480225 0.108154 0.480225 0.10376 0.496338 0.108154 0.480225 0.121582 0.473633 0.112305 0.502197 0.10376 0.496338 0.109131 0.51123 0.104492 0.526611 0.848633 0.064941 0.867676 0.041504 0.879883 0.057861 0.848633 0.064941 0.879883 0.057861 0.848145 0.077148 0.85791 0.044189 0.848633 0.064941 0.830322 0.065674 0.85791 0.044189 0.830322 0.065674 0.830811 0.044189 0.584229 0.112793 0.555176 0.110596 0.579102 0.100342 0.584229 0.112793 0.579102 0.100342 0.607666 0.101074 0.607666 0.101074 0.579102 0.100342 0.601318 0.093262 0.584229 0.112793 0.607666 0.101074 0.611816 0.113281 0.611816 0.113281 0.607666 0.101074 0.630127 0.102539 0.90625 0.130859 0.925781 0.151123 0.909424 0.146484 0.925781 0.151123 0.90625 0.130859 0.929199 0.135498 0.909424 0.146484 0.92627 0.162109 0.919434 0.174072 0.92627 0.162109 0.925781 0.151123 0.943115 0.17041 0.977539 0.10083 0.985596 0.070557 0.98584 0.104492 0.666992 0.055176 0.661621 0.043457 0.697021 0.044434 0.666992 0.055176 0.697021 0.044434 0.705566 0.053223 0.79248 0.055664 0.782471 0.077637 0.776367 0.062744 0.776367 0.062744 0.770996 0.073975 0.749756 0.058105 0.776367 0.062744 0.749756 0.058105 0.766602 0.05542 0.749756 0.058105 0.770996 0.073975 0.762207 0.075928 0.749756 0.058105 0.762207 0.075928 0.739014 0.05957 0.989258 0.281494 1 0.281006 0.985352 0.294922 0.985352 0.294922 1 0.281006 0.994385 0.294678 0.076172 0.863281 0.085205 0.845703 0.082031 0.874268 0.082031 0.874268 0.085205 0.845703 0.091797 0.873047 0.091797 0.873047 0.085205 0.845703 0.094482 0.849121 0.091797 0.873047 0.094482 0.849121 0.10083 0.873047 0.10083 0.873047 0.094482 0.849121 0.10498 0.856689 0.300537 0.099854 0.330322 0.091553 0.32959 0.098389 0.300537 0.099854 0.32959 0.098389 0.340088 0.111816 0.300537 0.099854 0.340088 0.111816 0.316162 0.122314 0.300537 0.099854 0.316162 0.122314 0.29834 0.105225 0.330322 0.091553 0.300537 0.099854 0.312012 0.090088 0.330322 0.091553 0.312012 0.090088 0.327148 0.083496 0.327148 0.083496 0.312012 0.090088 0.299805 0.076416 0.299805 0.076416 0.312012 0.090088 0.294922 0.086426 0.271973 0.093262 0.286133 0.095703 0.271973 0.103271 0.271973 0.103271 0.286133 0.095703 0.29834 0.105225 0.271973 0.103271 0.29834 0.105225 0.287598 0.11084 0.511719 0.137939 0.495605 0.134766 0.503174 0.123291 0.503174 0.123291 0.495605 0.134766 0.473389 0.13501 0.503174 0.123291 0.473389 0.13501 0.489258 0.118408 0.489258 0.118408 0.473389 0.13501 0.455811 0.13208 0.489258 0.118408 0.455811 0.13208 0.470459 0.11792 0.470459 0.11792 0.455811 0.13208 0.443359 0.125 0.470459 0.11792 0.443359 0.125 0.435303 0.118896 0.975098 0.590332 0.970703 0.613525 0.960693 0.601807 0.968506 0.623779 0.970703 0.613525 0.990723 0.616455 0.990723 0.616455 0.970703 0.613525 0.975098 0.590332 0.990723 0.616455 0.975098 0.590332 0.984619 0.583496 0.079834 0.377686 0.072266 0.378174 0.088867 0.345215 0.088135 0.391602 0.079834 0.377686 0.088867 0.345215 0.996826 0.781494 0.979736 0.791748 0.976563 0.781006 0.329834 0.993652 0.319336 0.993408 0.332764 0.976807 0.424316 0.06543 0.443359 0.046143 0.426025 0.081543 0.443359 0.046143 0.424316 0.06543 0.435547 0.047852 0.426025 0.081543 0.443359 0.046143 0.451172 0.062012 0.46167 0.048096 0.469727 0.049805 0.451172 0.062012 0.45459 0.047607 0.451172 0.062012 0.443359 0.046143 0.019287 0.608643 0.005371 0.5896 0.013428 0.587646 0.622559 0.929199 0.605713 0.915283 0.634766 0.916016 0.384277 0.053711 0.386963 0.083252 0.371094 0.053223 0.371094 0.053223 0.386963 0.083252 0.361084 0.054688 0.361084 0.054688 0.386963 0.083252 0.357422 0.08252 0.357422 0.08252 0.386963 0.083252 0.382324 0.098877 0.361084 0.054688 0.357422 0.08252 0.336914 0.077148 0.072754 0.418213 0.064697 0.421631 0.061279 0.388184 0.072754 0.418213 0.061279 0.388184 0.074951 0.391602 0.66748 0.884277 0.636963 0.893555 0.63916 0.876709 0.66748 0.884277 0.63916 0.876709 0.649414 0.867432 0.657471 0.812256 0.682129 0.844238 0.659424 0.842041 0.682129 0.844238 0.657471 0.812256 0.668457 0.812988 0.682129 0.844238 0.668457 0.812988 0.687988 0.8396 0.687988 0.8396 0.668457 0.812988 0.678955 0.813232 0.687988 0.8396 0.678955 0.813232 0.697021 0.824707 0.697021 0.824707 0.688721 0.811768 0.721191 0.821777 0.05835 0.77832 0.061035 0.747559 0.064453 0.780762 0.064453 0.780762 0.061035 0.747559 0.07373 0.742188 0.064453 0.780762 0.07373 0.742188 0.075195 0.7771 0.7146 0.0625 0.719727 0.070557 0.686279 0.05957 0.852295 0.036133 0.846191 0.012695 0.868896 0.015869 0.852295 0.036133 0.868896 0.015869 0.893799 0.03418 0.984619 0.001465 0.984863 0.02832 0.975586 0.029297 0.984619 0.001465 0.975586 0.029297 0.97583 0.000732 0.291748 0.793701 0.309082 0.770264 0.312256 0.791016 0.291748 0.793701 0.312256 0.791016 0.280518 0.814941 0.280518 0.814941 0.312256 0.791016 0.299805 0.813721 0.299805 0.813721 0.312256 0.791016 0.322754 0.805664 0.097412 0.304199 0.077393 0.290039 0.088867 0.276123 0.097412 0.304199 0.088867 0.276123 0.105957 0.301758 0.461426 0.946777 0.461426 0.966064 0.431641 0.948975 0.890625 0.946045 0.892578 0.955078 0.86084 0.943848 0.171143 0.045898 0.14624 0.041748 0.187256 0.035645 0.14624 0.041748 0.171143 0.045898 0.145752 0.068848 0.560303 0.898193 0.601318 0.898193 0.560303 0.904541 0.937256 0.584961 0.932617 0.575439 0.964844 0.584961 0.019775 0.824219 0.024414 0.822998 0.024414 0.8479 0.019775 0.824219 0.024414 0.8479 0.019043 0.844727 0.019775 0.824219 0.019043 0.844727 0.01001 0.823242 0.01001 0.823242 0.019043 0.844727 0.008057 0.84375 0.011963 0.250977 0.019531 0.248047 0.012207 0.275146 0.012207 0.275146 0.019531 0.248047 0.031494 0.259033 0.012207 0.275146 0.031494 0.259033 0.025635 0.274902 0.958984 0.003906 0.969727 0.017822 0.948975 0.005859 0.948975 0.005859 0.969727 0.017822 0.958496 0.022949 0.948975 0.005859 0.958496 0.022949 0.931885 0.000977 0.777588 0.981445 0.761963 0.999023 0.756592 0.982178 0.050293 0.992432 0.032715 0.99292 0.037354 0.982422 0.398438 0.161865 0.392578 0.173828 0.376953 0.190674 0.376953 0.190674 0.392578 0.173828 0.390869 0.205322 0.376953 0.190674 0.387695 0.20874 0.357178 0.193604 0.361084 0.187744 0.357178 0.193604 0.312012 0.193848 0.62207 0.78125 0.613281 0.769531 0.630371 0.769775 0.613281 0.769531 0.62207 0.78125 0.599854 0.765869 0.610352 0.789307 0.589844 0.762451 0.599854 0.765869 0.610352 0.789307 0.599854 0.765869 0.619629 0.789307 0.619629 0.789307 0.599854 0.765869 0.62207 0.78125 0.619629 0.789307 0.62207 0.78125 0.657715 0.77124 0.657715 0.77124 0.62207 0.78125 0.668701 0.76123 0.619629 0.789307 0.657715 0.77124 0.655029 0.782471 0.619629 0.789307 0.655029 0.782471 0.621094 0.796387 0.621094 0.796387 0.655029 0.782471 0.630127 0.804443 0.630127 0.804443 0.655029 0.782471 0.645508 0.800781 0.844727 0.097656 0.835938 0.107422 0.828613 0.091309 0.87793 0.083252 0.851074 0.090576 0.852051 0.08374 0.851074 0.090576 0.87793 0.083252 0.898926 0.096436 0.851074 0.090576 0.898926 0.096436 0.854248 0.096924 0.854248 0.096924 0.898926 0.096436 0.875977 0.111816 0.854248 0.096924 0.875977 0.111816 0.865967 0.112549 0.251221 0.924072 0.24585 0.91626 0.273926 0.910156 0.251221 0.924072 0.273926 0.910156 0.280273 0.916504 0.251221 0.924072 0.280273 0.916504 0.26123 0.930176 0.273926 0.910156 0.24585 0.91626 0.247314 0.905273 0.273926 0.910156 0.247314 0.905273 0.268311 0.901855 0.268311 0.901855 0.247314 0.905273 0.266357 0.887207 0.155273 0.240967 0.147949 0.254395 0.145752 0.229248 0.151611 0.260986 0.155273 0.240967 0.158936 0.265137 0.151611 0.260986 0.158936 0.265137 0.144287 0.297119 0.144287 0.297119 0.158936 0.265137 0.17041 0.262451 0.296875 0.13916 0.298096 0.127441 0.327637 0.127197 0.298096 0.127441 0.296875 0.13916 0.278809 0.12085 0.278809 0.12085 0.296875 0.13916 0.290527 0.140381 0.298096 0.127441 0.278809 0.12085 0.27832 0.115967 0.27832 0.115967 0.278809 0.12085 0.26001 0.105957 0.039307 0.104492 0.030029 0.127441 0.024902 0.114258 0.030029 0.127441 0.039307 0.104492 0.042236 0.124268 0.042236 0.124268 0.039307 0.104492 0.047119 0.099121 0.854248 0.895752 0.824219 0.889893 0.846436 0.87915 0.846436 0.87915 0.824219 0.889893 0.822998 0.884277 0.854248 0.895752 0.846436 0.87915 0.869873 0.897949 0.824219 0.889893 0.854248 0.895752 0.839355 0.908447 0.839355 0.908447 0.854248 0.895752 0.869873 0.897949 0.449463 0.899902 0.407715 0.90918 0.416016 0.901367 0.407715 0.90918 0.449463 0.899902 0.416016 0.911621 0.975342 0.796875 0.96167 0.799805 0.966797 0.782959 0.800293 0.867188 0.798096 0.857666 0.843994 0.856689 0.800293 0.867188 0.843994 0.856689 0.828857 0.871094 0.800293 0.867188 0.828857 0.871094 0.801025 0.871094 0.801025 0.871094 0.828857 0.871094 0.829346 0.877686 0.112793 0.312012 0.094482 0.317383 0.138428 0.287842 0.785156 0.993896 0.797363 0.981445 0.810547 0.993408 0.020996 0.733398 0.029785 0.731445 0.04834 0.744873 0.020996 0.733398 0.04834 0.744873 0.029785 0.74292 0.636475 0.960693 0.640137 0.981445 0.635254 0.986084 0.190674 0.952393 0.21582 0.940674 0.225586 0.952148 0.92041 0.773438 0.910645 0.749512 0.916748 0.745117 0.916748 0.745117 0.910645 0.749512 0.90918 0.71875 0.916748 0.745117 0.90918 0.71875 0.919678 0.721191 0.263916 0.295166 0.259766 0.265869 0.274658 0.292969 0.263916 0.295166 0.274658 0.292969 0.270996 0.324219 0.270996 0.324219 0.274658 0.292969 0.280762 0.322754 0.263916 0.295166 0.270996 0.324219 0.256836 0.321777 0.270996 0.324219 0.280762 0.322754 0.28418 0.347656 0.256836 0.321777 0.270996 0.324219 0.255859 0.344971 0.270996 0.324219 0.28418 0.347656 0.265869 0.34668 0.270996 0.324219 0.265869 0.34668 0.255859 0.344971 0.123047 0.082764 0.131348 0.104492 0.119141 0.104736 0.131348 0.104492 0.123047 0.082764 0.136719 0.081787 0.131348 0.104492 0.136719 0.081787 0.140869 0.115479 0.140869 0.115479 0.136719 0.081787 0.153809 0.101318 0.153809 0.101318 0.136719 0.081787 0.147461 0.076416 0.147461 0.076416 0.136719 0.081787 0.128174 0.066406 0.153809 0.101318 0.147461 0.076416 0.158447 0.092773 0.158447 0.092773 0.147461 0.076416 0.168213 0.05957 0.09668 0.726807 0.110352 0.73877 0.095703 0.761719 0.110352 0.73877 0.09668 0.726807 0.105957 0.703613 0.105957 0.703613 0.09668 0.726807 0.092529 0.702148 0.110352 0.73877 0.105957 0.703613 0.115967 0.724121 0.115967 0.724121 0.105957 0.703613 0.111572 0.698486 0.110352 0.73877 0.12207 0.72876 0.128418 0.746582 0.097412 0.572021 0.104248 0.565674 0.110596 0.592773 0.097412 0.572021 0.110596 0.592773 0.100098 0.5979 0.110596 0.592773 0.104248 0.565674 0.115479 0.570801 0.115479 0.570801 0.104248 0.565674 0.114502 0.541748 0.683594 0.163818 0.694824 0.169434 0.670654 0.177979 0.670654 0.177979 0.694824 0.169434 0.692139 0.179443 0.683594 0.163818 0.670654 0.177979 0.649902 0.169922 0.668457 0.189209 0.68335 0.185547 0.677002 0.216797 0.630615 0.172363 0.611572 0.161377 0.649902 0.169922 0.630615 0.172363 0.649902 0.169922 0.668457 0.189209 0.630615 0.172363 0.668457 0.189209 0.641357 0.188721 0.668457 0.189209 0.677002 0.216797 0.665771 0.194824 0.641357 0.188721 0.668457 0.189209 0.657715 0.197998 0.517578 0.277588 0.53125 0.304443 0.507813 0.296387 0.53125 0.304443 0.517578 0.277588 0.531738 0.285645 0.531738 0.285645 0.517578 0.277588 0.546875 0.268555 0.531738 0.285645 0.546875 0.268555 0.54126 0.283203 0.531738 0.285645 0.54126 0.283203 0.539307 0.303711 0.49585 0.282959 0.507813 0.296387 0.479004 0.30127 0.479004 0.30127 0.507813 0.296387 0.476318 0.312988 0.49585 0.282959 0.479004 0.30127 0.48584 0.280029 0.47168 0.285645 0.468506 0.289551 0.445313 0.284912 0.47168 0.285645 0.445313 0.284912 0.431396 0.270264 0.47168 0.285645 0.431396 0.270264 0.465088 0.275391 0.465088 0.275391 0.431396 0.270264 0.444824 0.268066 0.981445 0.845947 0.998535 0.837158 0.989258 0.854736 0.998535 0.837158 0.981445 0.845947 0.980713 0.831787 0.156982 0.41626 0.143311 0.399658 0.151611 0.385742 0.143311 0.399658 0.156982 0.41626 0.155029 0.425049 0.156982 0.41626 0.151611 0.385742 0.166016 0.391357 0.158447 0.381348 0.151611 0.385742 0.143066 0.357422 0.724365 0.794189 0.735352 0.776611 0.756104 0.786133 0.756104 0.786133 0.735352 0.776611 0.768799 0.783936 0.756104 0.786133 0.768799 0.783936 0.733643 0.806885 0.756104 0.786133 0.733643 0.806885 0.724365 0.794189 0.724365 0.794189 0.709229 0.806885 0.688965 0.807617 0.343506 0.866211 0.333252 0.87207 0.354492 0.844482 0.343506 0.866211 0.354492 0.844482 0.356689 0.862305 0.112305 0.618408 0.097656 0.624023 0.080322 0.598389 0.080322 0.598389 0.097656 0.624023 0.078613 0.609375 0.078613 0.609375 0.097656 0.624023 0.078857 0.627686 0.078857 0.627686 0.093018 0.634033 0.078613 0.652344 0.007324 0.726807 0.00708 0.716553 0.032471 0.717285 0.007324 0.726807 0.032471 0.717285 0.030518 0.726807 0.58667 0.688232 0.608154 0.693848 0.580322 0.698486 0.580322 0.698486 0.608154 0.693848 0.608643 0.701172 0.608643 0.701172 0.608154 0.693848 0.636475 0.693115 0.608643 0.701172 0.636475 0.693115 0.649902 0.705811 0.608643 0.701172 0.649902 0.705811 0.644531 0.723145 0.649902 0.705811 0.657227 0.694824 0.681152 0.688477 0.649902 0.705811 0.681152 0.688477 0.684814 0.702148 0.112793 0.975342 0.136475 0.98291 0.111084 0.982666 0.136475 0.98291 0.112793 0.975342 0.133789 0.974609 0.19873 0.96875 0.220215 0.97583 0.192627 0.975098 0.932373 0.589355 0.959473 0.592773 0.937744 0.599121 0.937744 0.599121 0.94165 0.61377 0.927002 0.594971 0.94165 0.61377 0.953613 0.616943 0.939697 0.632568 0.394775 0.809814 0.430664 0.825684 0.431641 0.833984 0.440918 0.814209 0.430664 0.825684 0.394775 0.809814 0.440918 0.814209 0.394775 0.809814 0.458496 0.806885 0.155273 0.835449 0.1604 0.839111 0.136719 0.855469 0.136719 0.855469 0.1604 0.839111 0.155029 0.853271 0.155029 0.853271 0.167725 0.839844 0.179199 0.856689 0.179199 0.856689 0.172852 0.836182 0.185303 0.85498 0.128662 0.894287 0.150635 0.897949 0.156982 0.909424 0.156982 0.909424 0.150635 0.897949 0.171387 0.894287 0.076904 0.039551 0.098389 0.029541 0.081543 0.048828 0.098389 0.029541 0.076904 0.039551 0.093506 0.017334 0.098389 0.029541 0.093506 0.017334 0.103027 0.001953 0.093506 0.017334 0.076904 0.039551 0.075195 0.029297 0.05835 0.933594 0.039795 0.936523 0.046143 0.908447 0.046143 0.908447 0.039795 0.936523 0.040283 0.898926 0.05835 0.933594 0.046143 0.908447 0.059082 0.905518 0.70874 0.935059 0.7229 0.914795 0.731689 0.918213 0.7229 0.914795 0.70874 0.935059 0.702881 0.932129 0.7229 0.914795 0.702881 0.932129 0.707764 0.917725 0.70874 0.935059 0.731689 0.918213 0.713623 0.940186 0.713623 0.940186 0.731689 0.918213 0.740967 0.922607 0.713623 0.940186 0.740967 0.922607 0.72168 0.944336 0.72168 0.944336 0.740967 0.922607 0.739258 0.939697 0.818604 0.111572 0.813477 0.109131 0.809814 0.084473 0.818604 0.111572 0.809814 0.084473 0.817383 0.067383 0.80835 0.066162 0.809814 0.084473 0.796875 0.06543 0.631104 0.011963 0.614746 0.000488 0.629395 0 0.536377 0.840576 0.564209 0.835693 0.537109 0.846924 0.537109 0.846924 0.564209 0.835693 0.564941 0.843262 0.564941 0.843262 0.564209 0.835693 0.584473 0.832764 0.584473 0.832764 0.564209 0.835693 0.585449 0.82373 0.367432 0.744141 0.348633 0.744385 0.3125 0.732666 0.348633 0.744385 0.367432 0.744141 0.365234 0.756836 0.385498 0.742188 0.367432 0.744141 0.394043 0.732178 0.394043 0.732178 0.367432 0.744141 0.372559 0.736816 0.396973 0.006592 0.385254 0.026123 0.362061 0.021484 0.385254 0.026123 0.396973 0.006592 0.402832 0.013672 0.993652 0.930664 0.985596 0.94043 0.96875 0.931396 0.92041 0.586182 0.910156 0.568604 0.92041 0.565674 0.910156 0.568604 0.92041 0.586182 0.919922 0.618652 0.301025 0.442139 0.277344 0.465576 0.283936 0.450439 0.310547 0.440674 0.301025 0.442139 0.321777 0.411621 0.301025 0.442139 0.310547 0.440674 0.289551 0.466309 0.301025 0.442139 0.289551 0.466309 0.277344 0.465576 0.282471 0.484863 0.285156 0.474609 0.287598 0.514648 0.287598 0.514648 0.285156 0.474609 0.288818 0.487549 0.053467 0.565674 0.047363 0.590088 0.042725 0.580566 0.047363 0.590088 0.053467 0.565674 0.067627 0.557617 0.047363 0.590088 0.067627 0.557617 0.065674 0.583984 0.065674 0.583984 0.067627 0.557617 0.073975 0.566895 0.190674 0.163574 0.199707 0.172363 0.201416 0.191895 0.213135 0.208252 0.209717 0.186523 0.223633 0.212402 0.213135 0.208252 0.228516 0.226807 0.20874 0.212158 0.201416 0.191895 0.20874 0.212158 0.201416 0.219482 0.979004 0.057617 0.984619 0.033936 0.986084 0.063965 0.984619 0.033936 0.979004 0.057617 0.976318 0.033936 0.793457 0.005127 0.775391 0.020508 0.762451 0.019531 0.793457 0.005127 0.762451 0.019531 0.78418 0.003662 0.033691 0.036133 0.024658 0.008789 0.035645 0.017578 0.905518 0.856689 0.923584 0.839355 0.942139 0.842041 0.905518 0.856689 0.942139 0.842041 0.935547 0.856934 0.923584 0.839355 0.905518 0.856689 0.898682 0.855957 0.923584 0.839355 0.898682 0.855957 0.894043 0.844238 0.923584 0.839355 0.894043 0.844238 0.92041 0.827637 0.92041 0.827637 0.894043 0.844238 0.892334 0.835449 0.131836 0.87085 0.124268 0.854492 0.161377 0.881836 0.118408 0.86084 0.131836 0.87085 0.116943 0.886719 0.131836 0.87085 0.161377 0.881836 0.153809 0.885498 0.131592 0.878418 0.131836 0.87085 0.153809 0.885498 0.983643 0.49707 0.99292 0.498535 0.986328 0.519043 0.986328 0.519043 0.99292 0.498535 0.991943 0.528564 0.983643 0.49707 0.986328 0.519043 0.978027 0.518555 0.165527 0.603516 0.169922 0.57666 0.17749 0.611572 0.17749 0.611572 0.169922 0.57666 0.181641 0.598389 0.181641 0.598389 0.169922 0.57666 0.184082 0.577881 0.17749 0.611572 0.182617 0.608643 0.184082 0.643311 0.17749 0.611572 0.184082 0.643311 0.176025 0.634277 0.092041 0.789551 0.080811 0.794922 0.053467 0.789063 0.066406 0.837891 0.046875 0.832275 0.057373 0.814453 0.057373 0.814453 0.046875 0.832275 0.049561 0.796143 0.066406 0.837891 0.057373 0.814453 0.077881 0.820313 0.077881 0.820313 0.057373 0.814453 0.049561 0.796143 0.477539 0.093262 0.479492 0.100586 0.446289 0.095215 0.479492 0.100586 0.477539 0.093262 0.52002 0.095215 0.509521 0.02002 0.546387 0.009766 0.523193 0.02832 0.523193 0.02832 0.546387 0.009766 0.560791 0.009521 0.753662 0.155518 0.789551 0.157471 0.731689 0.160889 0.731689 0.160889 0.789551 0.157471 0.786377 0.161621 0.731689 0.160889 0.786377 0.161621 0.734863 0.169922 0.731689 0.160889 0.734863 0.169922 0.713135 0.190186 0.731689 0.160889 0.713135 0.190186 0.710693 0.181152 0.731689 0.160889 0.719482 0.163818 0.705078 0.14917 0.753662 0.155518 0.731689 0.160889 0.722656 0.149414 0.731689 0.160889 0.705078 0.14917 0.707031 0.144531 0.151611 0.605957 0.10498 0.603027 0.132813 0.599121 0.151611 0.605957 0.132813 0.599121 0.161377 0.600342 0.545898 0.876709 0.498535 0.876709 0.505371 0.870361 0.315918 0.949951 0.31958 0.955811 0.291504 0.955322 0.315918 0.949951 0.291504 0.955322 0.316162 0.940918 0.912842 0.796143 0.920166 0.820313 0.912598 0.823486 0.920166 0.820313 0.912842 0.796143 0.917725 0.787109 0.917725 0.787109 0.912842 0.796143 0.911133 0.768799 0.911133 0.768799 0.912842 0.796143 0.905273 0.797852 0.905273 0.797852 0.912842 0.796143 0.912598 0.823486 0.905273 0.797852 0.912598 0.823486 0.905273 0.820068 0.185059 0.530762 0.180664 0.496338 0.188965 0.500977 0.185059 0.530762 0.188965 0.500977 0.193848 0.528564 0.180664 0.496338 0.185059 0.530762 0.178223 0.520508 0.180664 0.496338 0.178223 0.520508 0.174561 0.474609 0.178223 0.520508 0.185059 0.530762 0.171387 0.542725 0.018066 0.042236 0.017822 0.013672 0.02417 0.026367 0.6604 0.94751 0.672363 0.938232 0.69458 0.946289 0.672363 0.938232 0.656006 0.932373 0.683105 0.915771 0.683105 0.915771 0.656006 0.932373 0.678467 0.913818 0.687256 0.925293 0.685547 0.938232 0.672363 0.938232 0.10791 0.952393 0.094971 0.941406 0.129639 0.940674 0.518311 0.929688 0.506836 0.936523 0.48877 0.936768 0.688965 0.911865 0.7146 0.904297 0.730225 0.910156 0.47168 0.898193 0.513184 0.898193 0.484863 0.905518 0.257324 0.284668 0.251709 0.317627 0.244629 0.310303 0.23999 0.301514 0.251465 0.276855 0.257324 0.284668 0.23999 0.301514 0.257324 0.284668 0.244629 0.310303 0.244629 0.310303 0.251709 0.317627 0.237061 0.34375 0.237061 0.34375 0.251709 0.317627 0.243164 0.342041 0.234375 0.324219 0.244629 0.310303 0.237061 0.34375 0.223633 0.337646 0.234375 0.324219 0.237061 0.34375 0.937744 0.980225 0.942627 0.97168 0.965088 0.973145 0.937744 0.980225 0.965088 0.973145 0.965088 0.982422 0.937744 0.980225 0.965088 0.982422 0.944824 0.984863 0.908936 0.682373 0.91748 0.668457 0.918701 0.69751 0.908936 0.682373 0.918701 0.69751 0.912109 0.708984 0.908936 0.682373 0.912109 0.708984 0.89624 0.70166 0.199463 0.424805 0.182373 0.402832 0.189941 0.399658 0.187012 0.418945 0.199463 0.424805 0.196533 0.444336 0.187012 0.418945 0.196533 0.444336 0.175293 0.438721 0.196533 0.444336 0.192627 0.460693 0.181641 0.448242 0.181641 0.448242 0.192627 0.460693 0.174561 0.469971 0.796631 0.587158 0.804443 0.557617 0.812988 0.550537 0.81665 0.519775 0.807617 0.532959 0.793457 0.505615 0.81665 0.519775 0.793457 0.505615 0.786377 0.491455 0.05835 0.891602 0.042725 0.889404 0.047607 0.858398 0.984619 0.347656 0.978516 0.323242 0.985107 0.324463 0.978516 0.323242 0.984619 0.347656 0.977295 0.348877 0.414307 0.830566 0.426025 0.851074 0.415039 0.876709 0.756592 0.868408 0.79834 0.882568 0.784912 0.888672 0.756592 0.868408 0.784912 0.888672 0.764893 0.884766 0.003906 0.930664 0.019775 0.936768 0.021484 0.949951 0.003906 0.930664 0.021484 0.949951 0.011963 0.951416 0.35791 0.016113 0.35791 0.000977 0.378418 0.005615 0.301514 0.976807 0.324707 0.976807 0.30835 0.989746 0.477051 0.997803 0.466797 0.990479 0.486572 0.982422 0.403809 0.961182 0.405762 0.929932 0.415283 0.940186 0.888672 0.448242 0.880371 0.422607 0.880859 0.391602 0.888672 0.448242 0.880859 0.391602 0.888428 0.364014 0.987061 0.480713 0.958496 0.474609 0.967285 0.455078 0.987061 0.480713 0.967285 0.455078 0.986328 0.446533 0.766846 0.74707 0.744873 0.754883 0.712158 0.752441 0.766846 0.74707 0.712158 0.752441 0.677246 0.748779 0.234863 0.979736 0.258545 0.974365 0.247803 0.987305 0.536621 0.002441 0.526611 0.009277 0.508789 0.013184 0.536621 0.002441 0.508789 0.013184 0.509766 0.000977 0.954834 0.751465 0.97876 0.742432 0.97876 0.776611 0.954834 0.751465 0.97876 0.776611 0.966064 0.766602 0.59082 0.90918 0.612061 0.909912 0.571045 0.911621 0.425781 0.946289 0.422119 0.938232 0.444824 0.916016 0.529785 0.94043 0.52832 0.913086 0.539063 0.947266 0.884766 0.976318 0.88623 0.959961 0.901611 0.979248 0.958252 0.232422 0.936035 0.234619 0.920898 0.209229 0.958252 0.232422 0.920898 0.209229 0.937256 0.216064 0.480469 0.932129 0.480469 0.962891 0.46875 0.96167 0.032471 0.912109 0.035156 0.928223 0.013184 0.913086 0.126709 0.402588 0.136475 0.375244 0.136719 0.423828 0.82251 0.001709 0.87207 0.001709 0.870361 0.010498 0.123291 0.437988 0.120361 0.4021 0.121338 0.375 0.942139 0.791748 0.92627 0.828369 0.923096 0.784668 0.266846 0.949463 0.274902 0.940918 0.302002 0.940918 0.266846 0.949463 0.302002 0.940918 0.282227 0.953125</float_array>
          <technique_common>
            <accessor source="#YellowLichen-mesh-map-0-array" count="4500" stride="2">
              <param name="S" type="float"/>
              <param name="T" type="float"/>
            </accessor>
          </technique_common>
        </source>
        <vertices id="YellowLichen-mesh-vertices">
          <input semantic="POSITION" source="#YellowLichen-mesh-positions"/>
        </vertices>
        <polylist material="Material_-1-material" count="6">
          <input semantic="VERTEX" source="#YellowLichen-mesh-vertices" offset="0"/>
          <input semantic="NORMAL" source="#YellowLichen-mesh-normals" offset="1"/>
          <input semantic="TEXCOORD" source="#YellowLichen-mesh-map-0" offset="2" set="0"/>
          <vcount>3 3 3 3 3 3 3 3 3 3 3 3 3 3 3 3 3 3 3 3 3 3 3 3 3 3 3 3 3 3 3 3 3 3 3 3 3 3 3 3 3 3 3 3 3 3 3 3 3 3 3 3 3 3 3 3 3 3 3 3 3 3 3 3 3 3 3 3 3 3 3 3 3 3 3 3 3 3 3 3 3 3 3 3 3 3 3 3 3 3 3 3 3 3 3 3 3 3 3 3 3 3 3 3 3 3 3 3 3 3 3 3 3 3 3 3 3 3 3 3 3 3 3 3 3 3 3 3 3 3 3 3 3 3 3 3 3 3 3 3 3 3 3 3 3 3 3 3 3 3 3 3 3 3 3 3 3 3 3 3 3 3 3 3 3 3 3 3 3 3 3 3 3 3 3 3 3 3 3 3 3 3 3 3 3 3 3 3 3 3 3 3 3 3 3 3 3 3 3 3 3 3 3 3 3 3 3 3 3 3 3 3 3 3 3 3 3 3 3 3 3 3 3 3 3 3 3 3 3 3 3 3 3 3 3 3 3 3 3 3 3 3 3 3 3 3 3 3 3 3 3 3 3 3 3 3 3 3 3 3 3 3 3 3 3 3 3 3 3 3 3 3 3 3 3 3 3 3 3 3 3 3 3 3 3 3 3 3 3 3 3 3 3 3 3 3 3 3 3 3 3 3 3 3 3 3 3 3 3 3 3 3 3 3 3 3 3 3 3 3 3 3 3 3 3 3 3 3 3 3 3 3 3 3 3 3 3 3 3 3 3 3 3 3 3 3 3 3 3 3 3 3 3 3 3 3 3 3 3 3 3 3 3 3 3 3 3 3 3 3 3 3 3 3 3 3 3 3 3 3 3 3 3 3 3 3 3 3 3 3 3 3 3 3 3 3 3 3 3 3 3 3 3 3 3 3 3 3 3 3 3 3 3 3 3 3 3 3 3 3 3 3 3 3 3 3 3 3 3 3 3 3 3 3 3 3 3 3 3 3 3 3 3 3 3 3 3 3 3 3 3 3 3 3 3 3 3 3 3 3 3 3 3 3 3 3 3 3 3 3 3 3 3 3 3 3 3 3 3 3 3 3 3 3 3 3 3 3 3 3 3 3 3 3 3 3 3 3 3 3 3 3 3 3 3 3 3 3 3 3 3 3 3 3 3 3 3 3 3 3 3 3 3 3 3 3 3 3 3 3 3 3 3 3 3 3 3 3 3 3 3 3 3 3 3 3 3 3 3 3 3 3 3 3 3 3 3 3 3 3 3 3 3 3 3 3 3 3 3 3 3 3 3 3 3 3 3 3 3 3 3 3 3 3 3 3 3 3 3 3 3 3 3 3 3 3 3 3 3 3 3 3 3 3 3 3 3 3 3 3 3 3 3 3 3 3 3 3 3 3 3 3 3 3 3 3 3 3 3 3 3 3 3 3 3 3 3 3 3 3 3 3 3 3 3 3 3 3 3 3 3 3 3 3 3 3 3 3 3 3 3 3 3 3 3 3 3 3 3 3 3 3 3 3 3 3 3 3 3 3 3 3 3 3 3 3 3 3 3 3 3 3 3 3 3 3 3 3 3 3 3 3 3 3 3 3 3 3 3 3 3 3 3 3 3 3 3 3 3 3 3 3 3 3 3 3 3 3 3 3 3 3 3 3 3 3 3 3 3 3 3 3 3 3 3 3 3 3 3 3 3 3 3 3 3 3 3 3 3 3 3 3 3 3 3 3 3 3 3 3 3 3 3 3 3 3 3 3 3 3 3 3 3 3 3 3 3 3 3 3 3 3 3 3 3 3 3 3 3 3 3 3 3 3 3 3 3 3 3 3 3 3 3 3 3 3 3 3 3 3 3 3 3 3 3 3 3 3 3 3 3 3 3 3 3 3 3 3 3 3 3 3 3 3 3 3 3 3 3 3 3 3 3 3 3 3 3 3 3 3 3 3 3 3 3 3 3 3 3 3 3 3 3 3 3 3 3 3 3 3 3 3 3 3 3 3 3 3 3 3 3 3 3 3 3 3 3 3 3 3 3 3 3 3 3 3 3 3 3 3 3 3 3 3 3 3 3 3 3 3 3 3 3 3 3 3 3 3 3 3 3 3 3 3 3 3 3 3 3 3 3 3 3 3 3 3 3 3 3 3 3 3 3 3 3 3 3 3 3 3 3 3 3 3 3 3 3 3 3 3 3 3 3 3 3 3 3 3 3 3 3 3 3 3 3 3 3 3 3 3 3 3 3 3 3 3 3 3 3 3 3 3 3 3 3 3 3 3 3 3 3 3 3 3 3 3 3 3 3 3 3 3 3 3 3 3 3 3 3 3 3 3 3 3 3 3 3 3 3 3 3 3 3 3 3 3 3 3 3 3 3 3 3 3 3 3 3 3 3 3 3 3 3 3 3 3 3 3 3 3 3 3 3 3 3 3 3 3 3 3 3 3 3 3 3 3 3 3 3 3 3 3 3 3 3 3 3 3 3 3 3 3 3 3 3 3 3 3 3 3 3 3 3 3 3 3 3 3 3 3 3 3 3 3 3 3 3 3 3 3 3 3 3 3 3 3 3 3 3 3 3 3 3 3 3 3 3 3 3 3 3 3 3 3 3 3 3 3 3 3 3 3 3 3 3 3 3 3 3 3 3 3 3 3 3 3 3 3 3 3 3 3 3 3 3 3 3 3 3 3 3 3 3 3 3 3 3 3 3 3 3 3 3 3 3 3 3 3 3 3 3 3 3 3 3 3 3 3 3 3 3 3 3 3 3 3 3 3 3 3 3 3 3 3 3 3 3 3 3 3 3 3 3 3 3 3 3 3 3 3 3 3 3 3 3 3 3 3 3 3 3 3 3 3 3 3 3 3 3 3 3 3 3 3 3 3 3 3 3 3 3 3 3 3 3 3 3 3 3 3 3 3 3 3 3 3 3 3 3 3 3 3 3 3 3 3 3 3 3 3 3 3 3 3 3 3 3 3 3 3 3 3 3 3 3 3 3 3 3 3 3 3 3 3 3 3 3 3 3 3 3 3 3 3 3 3 3 3 3 3 3 3 3 3 3 3 3 3 3 3 3 3 3 3 3 3 3 3 3 3 3 3 3 3 3 3 3 3 3 3 3 3 3 3 3 3 3 3 3 3 3 3 3 3 3 3 3 3 3 3 3 3 3 3 3 3 3 3 3 3 3 3 3 3 3 3 3 3 3 3 3 3 3 3 3 3 3 3 3 3 3 3 3 3 3 3 3 3 3 3 3 3 3 3 3 3 3 3 3 3 3 3 3 3 3 3 3 3 3 3 3 3 3 3 3 3 3 3 3 3 3 3 3 3 3 3 3 3 3 3 3 3 3 3 3 3 3 3 3 3 3 3 3 3 3 3 3 3 3 3</vcount>
          <p>1 0 0 2 0 1 3 0 2 4 1 3 5 1 4 6 1 5 7 2 6 8 2 7 9 2 8 10 3 9 11 3 10 12 3 11 13 4 12 14 4 13 15 4 14 16 5 15 17 5 16 18 5 17 19 6 18 20 6 19 21 6 20 22 7 21 23 7 22 24 7 23 25 8 24 26 8 25 27 8 26 28 9 27 29 9 28 30 9 29 31 10 30 32 10 31 33 10 32 34 11 33 35 11 34 36 11 35 37 12 36 38 12 37 39 12 38 40 13 39 41 13 40 42 13 41 43 14 42 44 14 43 45 14 44 46 15 45 47 15 46 48 15 47 49 16 48 50 16 49 51 16 50 52 17 51 53 17 52 54 17 53 55 18 54 56 18 55 57 18 56 58 19 57 59 19 58 60 19 59 61 20 60 62 20 61 63 20 62 64 21 63 65 21 64 66 21 65 67 22 66 68 22 67 69 22 68 70 23 69 71 23 70 72 23 71 73 24 72 74 24 73 75 24 74 76 25 75 77 25 76 78 25 77 79 26 78 80 26 79 81 26 80 82 27 81 83 27 82 84 27 83 85 28 84 86 28 85 87 28 86 88 29 87 89 29 88 90 29 89 91 30 90 92 30 91 93 30 92 94 31 93 95 31 94 96 31 95 97 32 96 98 32 97 99 32 98 100 33 99 101 33 100 102 33 101 103 34 102 104 34 103 105 34 104 106 35 105 107 35 106 108 35 107 109 36 108 110 36 109 111 36 110 112 37 111 113 37 112 114 37 113 115 38 114 116 38 115 117 38 116 118 39 117 119 39 118 120 39 119 121 40 120 122 40 121 123 40 122 124 41 123 125 41 124 126 41 125 127 42 126 128 42 127 129 42 128 130 43 129 131 43 130 132 43 131 133 44 132 134 44 133 135 44 134 136 45 135 137 45 136 138 45 137 139 46 138 140 46 139 141 46 140 142 47 141 143 47 142 144 47 143 145 48 144 146 48 145 147 48 146 148 49 147 149 49 148 150 49 149 151 50 150 152 50 151 153 50 152 154 51 153 155 51 154 156 51 155 157 52 156 158 52 157 159 52 158 160 53 159 161 53 160 162 53 161 163 54 162 164 54 163 165 54 164 166 55 165 167 55 166 168 55 167 169 56 168 170 56 169 171 56 170 172 57 171 173 57 172 174 57 173 175 58 174 176 58 175 177 58 176 178 59 177 179 59 178 180 59 179 181 60 180 182 60 181 183 60 182 184 61 183 185 61 184 186 61 185 187 62 186 188 62 187 189 62 188 190 63 189 191 63 190 192 63 191 193 64 192 194 64 193 195 64 194 196 65 195 197 65 196 198 65 197 199 66 198 200 66 199 201 66 200 202 67 201 203 67 202 204 67 203 205 68 204 206 68 205 207 68 206 208 69 207 209 69 208 210 69 209 211 70 210 212 70 211 213 70 212 214 71 213 215 71 214 216 71 215 217 72 216 218 72 217 219 72 218 220 73 219 221 73 220 222 73 221 223 74 222 224 74 223 225 74 224 226 75 225 227 75 226 228 75 227 229 76 228 230 76 229 231 76 230 232 77 231 233 77 232 234 77 233 235 78 234 236 78 235 237 78 236 238 79 237 239 79 238 240 79 239 241 80 240 242 80 241 243 80 242 244 81 243 245 81 244 246 81 245 247 82 246 248 82 247 249 82 248 250 83 249 251 83 250 252 83 251 253 84 252 254 84 253 255 84 254 256 85 255 257 85 256 258 85 257 259 86 258 260 86 259 261 86 260 262 87 261 263 87 262 264 87 263 265 88 264 266 88 265 267 88 266 268 89 267 269 89 268 270 89 269 271 90 270 272 90 271 273 90 272 274 91 273 275 91 274 276 91 275 277 92 276 278 92 277 279 92 278 280 93 279 281 93 280 282 93 281 283 94 282 284 94 283 285 94 284 286 95 285 287 95 286 288 95 287 289 96 288 290 96 289 291 96 290 292 97 291 293 97 292 294 97 293 295 98 294 296 98 295 297 98 296 298 99 297 299 99 298 300 99 299 301 100 300 302 100 301 303 100 302 304 101 303 305 101 304 306 101 305 307 102 306 308 102 307 309 102 308 310 103 309 311 103 310 312 103 311 313 104 312 314 104 313 315 104 314 316 105 315 317 105 316 318 105 317 319 106 318 320 106 319 321 106 320 322 107 321 323 107 322 324 107 323 325 108 324 326 108 325 327 108 326 328 109 327 329 109 328 330 109 329 331 110 330 332 110 331 333 110 332 334 111 333 335 111 334 336 111 335 337 112 336 338 112 337 339 112 338 340 113 339 341 113 340 342 113 341 343 114 342 344 114 343 345 114 344 346 115 345 347 115 346 348 115 347 349 116 348 350 116 349 351 116 350 352 117 351 353 117 352 354 117 353 355 118 354 356 118 355 357 118 356 358 119 357 359 119 358 360 119 359 361 120 360 362 120 361 363 120 362 364 121 363 365 121 364 366 121 365 367 122 366 368 122 367 369 122 368 370 123 369 371 123 370 372 123 371 373 124 372 374 124 373 375 124 374 376 125 375 377 125 376 378 125 377 379 126 378 380 126 379 381 126 380 382 127 381 383 127 382 384 127 383 385 128 384 386 128 385 387 128 386 388 129 387 389 129 388 390 129 389 391 130 390 392 130 391 393 130 392 394 131 393 395 131 394 396 131 395 397 132 396 398 132 397 399 132 398 400 133 399 401 133 400 402 133 401 403 134 402 404 134 403 405 134 404 406 135 405 407 135 406 408 135 407 409 136 408 410 136 409 411 136 410 412 137 411 413 137 412 414 137 413 415 138 414 416 138 415 417 138 416 418 139 417 419 139 418 420 139 419 421 140 420 422 140 421 423 140 422 424 141 423 425 141 424 426 141 425 427 142 426 428 142 427 429 142 428 430 143 429 431 143 430 432 143 431 433 144 432 434 144 433 435 144 434 436 145 435 437 145 436 438 145 437 439 146 438 440 146 439 441 146 440 442 147 441 443 147 442 444 147 443 445 148 444 446 148 445 447 148 446 448 149 447 449 149 448 450 149 449 451 150 450 452 150 451 453 150 452 454 151 453 455 151 454 456 151 455 457 152 456 458 152 457 459 152 458 460 153 459 461 153 460 462 153 461 463 154 462 464 154 463 465 154 464 466 155 465 467 155 466 468 155 467 469 156 468 470 156 469 471 156 470 472 157 471 473 157 472 474 157 473 475 158 474 476 158 475 477 158 476 478 159 477 479 159 478 480 159 479 481 160 480 482 160 481 483 160 482 484 161 483 485 161 484 486 161 485 487 162 486 488 162 487 489 162 488 490 163 489 491 163 490 492 163 491 493 164 492 494 164 493 495 164 494 496 165 495 497 165 496 498 165 497 499 166 498 500 166 499 501 166 500 502 167 501 503 167 502 504 167 503 505 168 504 506 168 505 507 168 506 508 169 507 509 169 508 510 169 509 511 170 510 512 170 511 513 170 512 514 171 513 515 171 514 516 171 515 517 172 516 518 172 517 519 172 518 520 173 519 521 173 520 522 173 521 523 174 522 524 174 523 525 174 524 526 175 525 527 175 526 528 175 527 529 176 528 530 176 529 531 176 530 532 177 531 533 177 532 534 177 533 535 178 534 536 178 535 537 178 536 538 179 537 539 179 538 540 179 539 541 180 540 542 180 541 543 180 542 544 181 543 545 181 544 546 181 545 547 182 546 548 182 547 549 182 548 550 183 549 551 183 550 552 183 551 553 184 552 554 184 553 555 184 554 556 185 555 557 185 556 558 185 557 559 186 558 560 186 559 561 186 560 562 187 561 563 187 562 564 187 563 565 188 564 566 188 565 567 188 566 568 189 567 569 189 568 570 189 569 571 190 570 572 190 571 573 190 572 574 191 573 575 191 574 576 191 575 577 192 576 578 192 577 579 192 578 580 193 579 581 193 580 582 193 581 583 194 582 584 194 583 585 194 584 586 195 585 587 195 586 588 195 587 589 196 588 590 196 589 591 196 590 592 197 591 593 197 592 594 197 593 595 198 594 596 198 595 597 198 596 598 199 597 599 199 598 600 199 599 601 200 600 602 200 601 603 200 602 604 201 603 605 201 604 606 201 605 607 202 606 608 202 607 609 202 608 610 203 609 611 203 610 612 203 611 613 204 612 614 204 613 615 204 614 616 205 615 617 205 616 618 205 617 619 206 618 620 206 619 621 206 620 622 207 621 623 207 622 624 207 623 625 208 624 626 208 625 627 208 626 628 209 627 629 209 628 630 209 629 631 210 630 632 210 631 633 210 632 634 211 633 635 211 634 636 211 635 637 212 636 638 212 637 639 212 638 640 213 639 641 213 640 642 213 641 643 214 642 644 214 643 645 214 644 646 215 645 647 215 646 648 215 647 649 216 648 650 216 649 651 216 650 652 217 651 653 217 652 654 217 653 655 218 654 656 218 655 657 218 656 658 219 657 659 219 658 660 219 659 661 220 660 662 220 661 663 220 662 664 221 663 665 221 664 666 221 665 667 222 666 668 222 667 669 222 668 670 223 669 671 223 670 672 223 671 673 224 672 674 224 673 675 224 674 676 225 675 677 225 676 678 225 677 679 226 678 680 226 679 681 226 680 682 227 681 683 227 682 684 227 683 685 228 684 686 228 685 687 228 686 688 229 687 689 229 688 690 229 689 691 230 690 692 230 691 693 230 692 694 231 693 695 231 694 696 231 695 697 232 696 698 232 697 699 232 698 700 233 699 701 233 700 702 233 701 703 234 702 704 234 703 705 234 704 706 235 705 707 235 706 708 235 707 709 236 708 710 236 709 711 236 710 712 237 711 713 237 712 714 237 713 715 238 714 716 238 715 717 238 716 718 239 717 719 239 718 720 239 719 721 240 720 722 240 721 723 240 722 724 241 723 725 241 724 726 241 725 727 242 726 728 242 727 729 242 728 730 243 729 731 243 730 732 243 731 733 244 732 734 244 733 735 244 734 736 245 735 737 245 736 738 245 737 739 246 738 740 246 739 741 246 740 742 247 741 743 247 742 744 247 743 745 248 744 746 248 745 747 248 746 748 249 747 749 249 748 750 249 749 751 250 750 752 250 751 753 250 752 754 251 753 755 251 754 756 251 755 757 252 756 758 252 757 759 252 758 760 253 759 761 253 760 762 253 761 763 254 762 764 254 763 765 254 764 766 255 765 767 255 766 768 255 767 769 256 768 770 256 769 771 256 770 772 257 771 773 257 772 774 257 773 775 258 774 776 258 775 777 258 776 778 259 777 779 259 778 780 259 779 781 260 780 782 260 781 783 260 782 784 261 783 785 261 784 786 261 785 787 262 786 788 262 787 789 262 788 790 263 789 791 263 790 792 263 791 793 264 792 794 264 793 795 264 794 796 265 795 797 265 796 798 265 797 799 266 798 800 266 799 801 266 800 802 267 801 803 267 802 804 267 803 805 268 804 806 268 805 807 268 806 808 269 807 809 269 808 810 269 809 811 270 810 812 270 811 813 270 812 814 271 813 815 271 814 816 271 815 817 272 816 818 272 817 819 272 818 820 273 819 821 273 820 822 273 821 823 274 822 824 274 823 825 274 824 826 275 825 827 275 826 828 275 827 829 276 828 830 276 829 831 276 830 832 277 831 833 277 832 834 277 833 835 278 834 836 278 835 837 278 836 838 279 837 839 279 838 840 279 839 841 280 840 842 280 841 843 280 842 844 281 843 845 281 844 846 281 845 847 282 846 848 282 847 849 282 848 850 283 849 851 283 850 852 283 851 853 284 852 854 284 853 855 284 854 856 285 855 857 285 856 858 285 857 859 286 858 860 286 859 861 286 860 862 287 861 863 287 862 864 287 863 865 288 864 866 288 865 867 288 866 868 289 867 869 289 868 870 289 869 871 290 870 872 290 871 873 290 872 874 291 873 875 291 874 876 291 875 877 292 876 878 292 877 879 292 878 880 293 879 881 293 880 882 293 881 883 294 882 884 294 883 885 294 884 886 295 885 887 295 886 888 295 887 889 296 888 890 296 889 891 296 890 892 297 891 893 297 892 894 297 893 895 298 894 896 298 895 897 298 896 898 299 897 899 299 898 900 299 899 901 300 900 902 300 901 903 300 902 904 301 903 905 301 904 906 301 905 907 302 906 908 302 907 909 302 908 910 303 909 911 303 910 912 303 911 913 304 912 914 304 913 915 304 914 916 305 915 917 305 916 918 305 917 919 306 918 920 306 919 921 306 920 922 307 921 923 307 922 924 307 923 925 308 924 926 308 925 927 308 926 928 309 927 929 309 928 930 309 929 931 310 930 932 310 931 933 310 932 934 311 933 935 311 934 936 311 935 937 312 936 938 312 937 939 312 938 940 313 939 941 313 940 942 313 941 943 314 942 944 314 943 945 314 944 946 315 945 947 315 946 948 315 947 949 316 948 950 316 949 951 316 950 952 317 951 953 317 952 954 317 953 955 318 954 956 318 955 957 318 956 958 319 957 959 319 958 960 319 959 961 320 960 962 320 961 963 320 962 964 321 963 965 321 964 966 321 965 967 322 966 968 322 967 969 322 968 970 323 969 971 323 970 972 323 971 973 324 972 974 324 973 975 324 974 976 325 975 977 325 976 978 325 977 979 326 978 980 326 979 981 326 980 982 327 981 983 327 982 984 327 983 985 328 984 986 328 985 987 328 986 988 329 987 989 329 988 990 329 989 991 330 990 992 330 991 993 330 992 994 331 993 995 331 994 996 331 995 997 332 996 998 332 997 999 332 998 1000 333 999 1001 333 1000 1002 333 1001 1003 334 1002 1004 334 1003 1005 334 1004 1006 335 1005 1007 335 1006 1008 335 1007 1009 336 1008 1010 336 1009 1011 336 1010 1012 337 1011 1013 337 1012 1014 337 1013 1015 338 1014 1016 338 1015 1017 338 1016 1018 339 1017 1019 339 1018 1020 339 1019 1021 340 1020 1022 340 1021 1023 340 1022 1024 341 1023 1025 341 1024 1026 341 1025 1027 342 1026 1028 342 1027 1029 342 1028 1030 343 1029 1031 343 1030 1032 343 1031 1033 344 1032 1034 344 1033 1035 344 1034 1036 345 1035 1037 345 1036 1038 345 1037 1039 346 1038 1040 346 1039 1041 346 1040 1042 347 1041 1043 347 1042 1044 347 1043 1045 348 1044 1046 348 1045 1047 348 1046 1048 349 1047 1049 349 1048 1050 349 1049 1051 350 1050 1052 350 1051 1053 350 1052 1054 351 1053 1055 351 1054 1056 351 1055 1057 352 1056 1058 352 1057 1059 352 1058 1060 353 1059 1061 353 1060 1062 353 1061 1063 354 1062 1064 354 1063 1065 354 1064 1066 355 1065 1067 355 1066 1068 355 1067 1069 356 1068 1070 356 1069 1071 356 1070 1072 357 1071 1073 357 1072 1074 357 1073 1075 358 1074 1076 358 1075 1077 358 1076 1078 359 1077 1079 359 1078 1080 359 1079 1081 360 1080 1082 360 1081 0 360 1082 1083 361 1083 1084 361 1084 1085 361 1085 1086 362 1086 1087 362 1087 1088 362 1088 1089 363 1089 1090 363 1090 1091 363 1091 1092 364 1092 1093 364 1093 1094 364 1094 1095 365 1095 1096 365 1096 1097 365 1097 1098 366 1098 1099 366 1099 1100 366 1100 1101 367 1101 1102 367 1102 1103 367 1103 1104 368 1104 1105 368 1105 1106 368 1106 1107 369 1107 1108 369 1108 1109 369 1109 1110 370 1110 1111 370 1111 1112 370 1112 1113 371 1113 1114 371 1114 1115 371 1115 1116 372 1116 1117 372 1117 1118 372 1118 1119 373 1119 1120 373 1120 1121 373 1121 1122 374 1122 1123 374 1123 1124 374 1124 1125 375 1125 1126 375 1126 1127 375 1127 1128 376 1128 1129 376 1129 1130 376 1130 1131 377 1131 1132 377 1132 1133 377 1133 1134 378 1134 1135 378 1135 1136 378 1136 1137 379 1137 1138 379 1138 1139 379 1139 1140 380 1140 1141 380 1141 1142 380 1142 1143 381 1143 1144 381 1144 1145 381 1145 1146 382 1146 1147 382 1147 1148 382 1148 1149 383 1149 1150 383 1150 1151 383 1151 1152 384 1152 1153 384 1153 1154 384 1154 1155 385 1155 1156 385 1156 1157 385 1157 1158 386 1158 1159 386 1159 1160 386 1160 1161 387 1161 1162 387 1162 1163 387 1163 1164 388 1164 1165 388 1165 1166 388 1166 1167 389 1167 1168 389 1168 1169 389 1169 1170 390 1170 1171 390 1171 1172 390 1172 1173 391 1173 1174 391 1174 1175 391 1175 1176 392 1176 1177 392 1177 1178 392 1178 1179 393 1179 1180 393 1180 1181 393 1181 1182 394 1182 1183 394 1183 1184 394 1184 1185 395 1185 1186 395 1186 1187 395 1187 1188 396 1188 1189 396 1189 1190 396 1190 1191 397 1191 1192 397 1192 1193 397 1193 1194 398 1194 1195 398 1195 1196 398 1196 1197 399 1197 1198 399 1198 1199 399 1199 1200 400 1200 1201 400 1201 1202 400 1202 1203 401 1203 1204 401 1204 1205 401 1205 1206 402 1206 1207 402 1207 1208 402 1208 1209 403 1209 1210 403 1210 1211 403 1211 1212 404 1212 1213 404 1213 1214 404 1214 1215 405 1215 1216 405 1216 1217 405 1217 1218 406 1218 1219 406 1219 1220 406 1220 1221 407 1221 1222 407 1222 1223 407 1223 1224 408 1224 1225 408 1225 1226 408 1226 1227 409 1227 1228 409 1228 1229 409 1229 1230 410 1230 1231 410 1231 1232 410 1232 1233 411 1233 1234 411 1234 1235 411 1235 1236 412 1236 1237 412 1237 1238 412 1238 1239 413 1239 1240 413 1240 1241 413 1241 1242 414 1242 1243 414 1243 1244 414 1244 1245 415 1245 1246 415 1246 1247 415 1247 1248 416 1248 1249 416 1249 1250 416 1250 1251 417 1251 1252 417 1252 1253 417 1253 1254 418 1254 1255 418 1255 1256 418 1256 1257 419 1257 1258 419 1258 1259 419 1259 1260 420 1260 1261 420 1261 1262 420 1262 1263 421 1263 1264 421 1264 1265 421 1265 1266 422 1266 1267 422 1267 1268 422 1268 1269 423 1269 1270 423 1270 1271 423 1271 1272 424 1272 1273 424 1273 1274 424 1274 1275 425 1275 1276 425 1276 1277 425 1277 1278 426 1278 1279 426 1279 1280 426 1280 1281 427 1281 1282 427 1282 1283 427 1283 1284 428 1284 1285 428 1285 1286 428 1286 1287 429 1287 1288 429 1288 1289 429 1289 1290 430 1290 1291 430 1291 1292 430 1292 1293 431 1293 1294 431 1294 1295 431 1295 1296 432 1296 1297 432 1297 1298 432 1298 1299 433 1299 1300 433 1300 1301 433 1301 1302 434 1302 1303 434 1303 1304 434 1304 1305 435 1305 1306 435 1306 1307 435 1307 1308 436 1308 1309 436 1309 1310 436 1310 1311 437 1311 1312 437 1312 1313 437 1313 1314 438 1314 1315 438 1315 1316 438 1316 1317 439 1317 1318 439 1318 1319 439 1319 1320 440 1320 1321 440 1321 1322 440 1322 1323 441 1323 1324 441 1324 1325 441 1325 1326 442 1326 1327 442 1327 1328 442 1328 1329 443 1329 1330 443 1330 1331 443 1331 1332 444 1332 1333 444 1333 1334 444 1334 1335 445 1335 1336 445 1336 1337 445 1337 1338 446 1338 1339 446 1339 1340 446 1340 1341 447 1341 1342 447 1342 1343 447 1343 1344 448 1344 1345 448 1345 1346 448 1346 1347 449 1347 1348 449 1348 1349 449 1349 1350 450 1350 1351 450 1351 1352 450 1352 1353 451 1353 1354 451 1354 1355 451 1355 1356 452 1356 1357 452 1357 1358 452 1358 1359 453 1359 1360 453 1360 1361 453 1361 1362 454 1362 1363 454 1363 1364 454 1364 1365 455 1365 1366 455 1366 1367 455 1367 1368 456 1368 1369 456 1369 1370 456 1370 1371 457 1371 1372 457 1372 1373 457 1373 1374 458 1374 1375 458 1375 1376 458 1376 1377 459 1377 1378 459 1378 1379 459 1379 1380 460 1380 1381 460 1381 1382 460 1382 1383 461 1383 1384 461 1384 1385 461 1385 1386 462 1386 1387 462 1387 1388 462 1388 1389 463 1389 1390 463 1390 1391 463 1391 1392 464 1392 1393 464 1393 1394 464 1394 1395 465 1395 1396 465 1396 1397 465 1397 1398 466 1398 1399 466 1399 1400 466 1400 1401 467 1401 1402 467 1402 1403 467 1403 1404 468 1404 1405 468 1405 1406 468 1406 1407 469 1407 1408 469 1408 1409 469 1409 1410 470 1410 1411 470 1411 1412 470 1412 1413 471 1413 1414 471 1414 1415 471 1415 1416 472 1416 1417 472 1417 1418 472 1418 1419 473 1419 1420 473 1420 1421 473 1421 1422 474 1422 1423 474 1423 1424 474 1424 1425 475 1425 1426 475 1426 1427 475 1427 1428 476 1428 1429 476 1429 1430 476 1430 1431 477 1431 1432 477 1432 1433 477 1433 1434 478 1434 1435 478 1435 1436 478 1436 1437 479 1437 1438 479 1438 1439 479 1439 1440 480 1440 1441 480 1441 1442 480 1442 1443 481 1443 1444 481 1444 1445 481 1445 1446 482 1446 1447 482 1447 1448 482 1448 1449 483 1449 1450 483 1450 1451 483 1451 1452 484 1452 1453 484 1453 1454 484 1454 1455 485 1455 1456 485 1456 1457 485 1457 1458 486 1458 1459 486 1459 1460 486 1460 1461 487 1461 1462 487 1462 1463 487 1463 1464 488 1464 1465 488 1465 1466 488 1466 1467 489 1467 1468 489 1468 1469 489 1469 1470 490 1470 1471 490 1471 1472 490 1472 1473 491 1473 1474 491 1474 1475 491 1475 1476 492 1476 1477 492 1477 1478 492 1478 1479 493 1479 1480 493 1480 1481 493 1481 1482 494 1482 1483 494 1483 1484 494 1484 1485 495 1485 1486 495 1486 1487 495 1487 1488 496 1488 1489 496 1489 1490 496 1490 1491 497 1491 1492 497 1492 1493 497 1493 1494 498 1494 1495 498 1495 1496 498 1496 1497 499 1497 1498 499 1498 1499 499 1499 1500 500 1500 1501 500 1501 1502 500 1502 1503 501 1503 1504 501 1504 1505 501 1505 1506 502 1506 1507 502 1507 1508 502 1508 1509 503 1509 1510 503 1510 1511 503 1511 1512 504 1512 1513 504 1513 1514 504 1514 1515 505 1515 1516 505 1516 1517 505 1517 1518 506 1518 1519 506 1519 1520 506 1520 1521 507 1521 1522 507 1522 1523 507 1523 1524 508 1524 1525 508 1525 1526 508 1526 1527 509 1527 1528 509 1528 1529 509 1529 1530 510 1530 1531 510 1531 1532 510 1532 1533 511 1533 1534 511 1534 1535 511 1535 1536 512 1536 1537 512 1537 1538 512 1538 1539 513 1539 1540 513 1540 1541 513 1541 1542 514 1542 1543 514 1543 1544 514 1544 1545 515 1545 1546 515 1546 1547 515 1547 1548 516 1548 1549 516 1549 1550 516 1550 1551 517 1551 1552 517 1552 1553 517 1553 1554 518 1554 1555 518 1555 1556 518 1556 1557 519 1557 1558 519 1558 1559 519 1559 1560 520 1560 1561 520 1561 1562 520 1562 1563 521 1563 1564 521 1564 1565 521 1565 1566 522 1566 1567 522 1567 1568 522 1568 1569 523 1569 1570 523 1570 1571 523 1571 1572 524 1572 1573 524 1573 1574 524 1574 1575 525 1575 1576 525 1576 1577 525 1577 1578 526 1578 1579 526 1579 1580 526 1580 1581 527 1581 1582 527 1582 1583 527 1583 1584 528 1584 1585 528 1585 1586 528 1586 1587 529 1587 1588 529 1588 1589 529 1589 1590 530 1590 1591 530 1591 1592 530 1592 1593 531 1593 1594 531 1594 1595 531 1595 1596 532 1596 1597 532 1597 1598 532 1598 1599 533 1599 1600 533 1600 1601 533 1601 1602 534 1602 1603 534 1603 1604 534 1604 1605 535 1605 1606 535 1606 1607 535 1607 1608 536 1608 1609 536 1609 1610 536 1610 1611 537 1611 1612 537 1612 1613 537 1613 1614 538 1614 1615 538 1615 1616 538 1616 1617 539 1617 1618 539 1618 1619 539 1619 1620 540 1620 1621 540 1621 1622 540 1622 1623 541 1623 1624 541 1624 1625 541 1625 1626 542 1626 1627 542 1627 1628 542 1628 1629 543 1629 1630 543 1630 1631 543 1631 1632 544 1632 1633 544 1633 1634 544 1634 1635 545 1635 1636 545 1636 1637 545 1637 1638 546 1638 1639 546 1639 1640 546 1640 1641 547 1641 1642 547 1642 1643 547 1643 1644 548 1644 1645 548 1645 1646 548 1646 1647 549 1647 1648 549 1648 1649 549 1649 1650 550 1650 1651 550 1651 1652 550 1652 1653 551 1653 1654 551 1654 1655 551 1655 1656 552 1656 1657 552 1657 1658 552 1658 1659 553 1659 1660 553 1660 1661 553 1661 1662 554 1662 1663 554 1663 1664 554 1664 1665 555 1665 1666 555 1666 1667 555 1667 1668 556 1668 1669 556 1669 1670 556 1670 1671 557 1671 1672 557 1672 1673 557 1673 1674 558 1674 1675 558 1675 1676 558 1676 1677 559 1677 1678 559 1678 1679 559 1679 1680 560 1680 1681 560 1681 1682 560 1682 1683 561 1683 1684 561 1684 1685 561 1685 1686 562 1686 1687 562 1687 1688 562 1688 1689 563 1689 1690 563 1690 1691 563 1691 1692 564 1692 1693 564 1693 1694 564 1694 1695 565 1695 1696 565 1696 1697 565 1697 1698 566 1698 1699 566 1699 1700 566 1700 1701 567 1701 1702 567 1702 1703 567 1703 1704 568 1704 1705 568 1705 1706 568 1706 1707 569 1707 1708 569 1708 1709 569 1709 1710 570 1710 1711 570 1711 1712 570 1712 1713 571 1713 1714 571 1714 1715 571 1715 1716 572 1716 1717 572 1717 1718 572 1718 1719 573 1719 1720 573 1720 1721 573 1721 1722 574 1722 1723 574 1723 1724 574 1724 1725 575 1725 1726 575 1726 1727 575 1727 1728 576 1728 1729 576 1729 1730 576 1730 1731 577 1731 1732 577 1732 1733 577 1733 1734 578 1734 1735 578 1735 1736 578 1736 1737 579 1737 1738 579 1738 1739 579 1739 1740 580 1740 1741 580 1741 1742 580 1742 1743 581 1743 1744 581 1744 1745 581 1745 1746 582 1746 1747 582 1747 1748 582 1748 1749 583 1749 1750 583 1750 1751 583 1751 1752 584 1752 1753 584 1753 1754 584 1754 1755 585 1755 1756 585 1756 1757 585 1757 1758 586 1758 1759 586 1759 1760 586 1760 1761 587 1761 1762 587 1762 1763 587 1763 1764 588 1764 1765 588 1765 1766 588 1766 1767 589 1767 1768 589 1768 1769 589 1769 1770 590 1770 1771 590 1771 1772 590 1772 1773 591 1773 1774 591 1774 1775 591 1775 1776 592 1776 1777 592 1777 1778 592 1778 1779 593 1779 1780 593 1780 1781 593 1781 1782 594 1782 1783 594 1783 1784 594 1784 1785 595 1785 1786 595 1786 1787 595 1787 1788 596 1788 1789 596 1789 1790 596 1790 1791 597 1791 1792 597 1792 1793 597 1793 1794 598 1794 1795 598 1795 1796 598 1796 1797 599 1797 1798 599 1798 1799 599 1799 1800 600 1800 1801 600 1801 1802 600 1802 1803 601 1803 1804 601 1804 1805 601 1805 1806 602 1806 1807 602 1807 1808 602 1808 1809 603 1809 1810 603 1810 1811 603 1811 1812 604 1812 1813 604 1813 1814 604 1814 1815 605 1815 1816 605 1816 1817 605 1817 1818 606 1818 1819 606 1819 1820 606 1820 1821 607 1821 1822 607 1822 1823 607 1823 1824 608 1824 1825 608 1825 1826 608 1826 1827 609 1827 1828 609 1828 1829 609 1829 1830 610 1830 1831 610 1831 1832 610 1832 1833 611 1833 1834 611 1834 1835 611 1835 1836 612 1836 1837 612 1837 1838 612 1838 1839 613 1839 1840 613 1840 1841 613 1841 1842 614 1842 1843 614 1843 1844 614 1844 1845 615 1845 1846 615 1846 1847 615 1847 1848 616 1848 1849 616 1849 1850 616 1850 1851 617 1851 1852 617 1852 1853 617 1853 1854 618 1854 1855 618 1855 1856 618 1856 1857 619 1857 1858 619 1858 1859 619 1859 1860 620 1860 1861 620 1861 1862 620 1862 1863 621 1863 1864 621 1864 1865 621 1865 1866 622 1866 1867 622 1867 1868 622 1868 1869 623 1869 1870 623 1870 1871 623 1871 1872 624 1872 1873 624 1873 1874 624 1874 1875 625 1875 1876 625 1876 1877 625 1877 1878 626 1878 1879 626 1879 1880 626 1880 1881 627 1881 1882 627 1882 1883 627 1883 1884 628 1884 1885 628 1885 1886 628 1886 1887 629 1887 1888 629 1888 1889 629 1889 1890 630 1890 1891 630 1891 1892 630 1892 1893 631 1893 1894 631 1894 1895 631 1895 1896 632 1896 1897 632 1897 1898 632 1898 1899 633 1899 1900 633 1900 1901 633 1901 1902 634 1902 1903 634 1903 1904 634 1904 1905 635 1905 1906 635 1906 1907 635 1907 1908 636 1908 1909 636 1909 1910 636 1910 1911 637 1911 1912 637 1912 1913 637 1913 1914 638 1914 1915 638 1915 1916 638 1916 1917 639 1917 1918 639 1918 1919 639 1919 1920 640 1920 1921 640 1921 1922 640 1922 1923 641 1923 1924 641 1924 1925 641 1925 1926 642 1926 1927 642 1927 1928 642 1928 1929 643 1929 1930 643 1930 1931 643 1931 1932 644 1932 1933 644 1933 1934 644 1934 1935 645 1935 1936 645 1936 1937 645 1937 1938 646 1938 1939 646 1939 1940 646 1940 1941 647 1941 1942 647 1942 1943 647 1943 1944 648 1944 1945 648 1945 1946 648 1946 1947 649 1947 1948 649 1948 1949 649 1949 1950 650 1950 1951 650 1951 1952 650 1952 1953 651 1953 1954 651 1954 1955 651 1955 1956 652 1956 1957 652 1957 1958 652 1958 1959 653 1959 1960 653 1960 1961 653 1961 1962 654 1962 1963 654 1963 1964 654 1964 1965 655 1965 1966 655 1966 1967 655 1967 1968 656 1968 1969 656 1969 1970 656 1970 1971 657 1971 1972 657 1972 1973 657 1973 1974 658 1974 1975 658 1975 1976 658 1976 1977 659 1977 1978 659 1978 1979 659 1979 1980 660 1980 1981 660 1981 1982 660 1982 1983 661 1983 1984 661 1984 1985 661 1985 1986 662 1986 1987 662 1987 1988 662 1988 1989 663 1989 1990 663 1990 1991 663 1991 1992 664 1992 1993 664 1993 1994 664 1994 1995 665 1995 1996 665 1996 1997 665 1997 1998 666 1998 1999 666 1999 2000 666 2000 2001 667 2001 2002 667 2002 2003 667 2003 2004 668 2004 2005 668 2005 2006 668 2006 2007 669 2007 2008 669 2008 2009 669 2009 2010 670 2010 2011 670 2011 2012 670 2012 2013 671 2013 2014 671 2014 2015 671 2015 2016 672 2016 2017 672 2017 2018 672 2018 2019 673 2019 2020 673 2020 2021 673 2021 2022 674 2022 2023 674 2023 2024 674 2024 2025 675 2025 2026 675 2026 2027 675 2027 2028 676 2028 2029 676 2029 2030 676 2030 2031 677 2031 2032 677 2032 2033 677 2033 2034 678 2034 2035 678 2035 2036 678 2036 2037 679 2037 2038 679 2038 2039 679 2039 2040 680 2040 2041 680 2041 2042 680 2042 2043 681 2043 2044 681 2044 2045 681 2045 2046 682 2046 2047 682 2047 2048 682 2048 2049 683 2049 2050 683 2050 2051 683 2051 2052 684 2052 2053 684 2053 2054 684 2054 2055 685 2055 2056 685 2056 2057 685 2057 2058 686 2058 2059 686 2059 2060 686 2060 2061 687 2061 2062 687 2062 2063 687 2063 2064 688 2064 2065 688 2065 2066 688 2066 2067 689 2067 2068 689 2068 2069 689 2069 2070 690 2070 2071 690 2071 2072 690 2072 2073 691 2073 2074 691 2074 2075 691 2075 2076 692 2076 2077 692 2077 2078 692 2078 2079 693 2079 2080 693 2080 2081 693 2081 2082 694 2082 2083 694 2083 2084 694 2084 2085 695 2085 2086 695 2086 2087 695 2087 2088 696 2088 2089 696 2089 2090 696 2090 2091 697 2091 2092 697 2092 2093 697 2093 2094 698 2094 2095 698 2095 2096 698 2096 2097 699 2097 2098 699 2098 2099 699 2099 2100 700 2100 2101 700 2101 2102 700 2102 2103 701 2103 2104 701 2104 2105 701 2105 2106 702 2106 2107 702 2107 2108 702 2108 2109 703 2109 2110 703 2110 2111 703 2111 2112 704 2112 2113 704 2113 2114 704 2114 2115 705 2115 2116 705 2116 2117 705 2117 2118 706 2118 2119 706 2119 2120 706 2120 2121 707 2121 2122 707 2122 2123 707 2123 2124 708 2124 2125 708 2125 2126 708 2126 2127 709 2127 2128 709 2128 2129 709 2129 2130 710 2130 2131 710 2131 2132 710 2132 2133 711 2133 2134 711 2134 2135 711 2135 2136 712 2136 2137 712 2137 2138 712 2138 2139 713 2139 2140 713 2140 2141 713 2141 2142 714 2142 2143 714 2143 2144 714 2144 2145 715 2145 2146 715 2146 2147 715 2147 2148 716 2148 2149 716 2149 2150 716 2150 2151 717 2151 2152 717 2152 2153 717 2153 2154 718 2154 2155 718 2155 2156 718 2156 2157 719 2157 2158 719 2158 2159 719 2159 2160 720 2160 2161 720 2161 2162 720 2162 2163 721 2163 2164 721 2164 2165 721 2165 2166 722 2166 2167 722 2167 2168 722 2168 2169 723 2169 2170 723 2170 2171 723 2171 2172 724 2172 2173 724 2173 2174 724 2174 2175 725 2175 2176 725 2176 2177 725 2177 2178 726 2178 2179 726 2179 2180 726 2180 2181 727 2181 2182 727 2182 2183 727 2183 2184 728 2184 2185 728 2185 2186 728 2186 2187 729 2187 2188 729 2188 2189 729 2189 2190 730 2190 2191 730 2191 2192 730 2192 2193 731 2193 2194 731 2194 2195 731 2195 2196 732 2196 2197 732 2197 2198 732 2198 2199 733 2199 2200 733 2200 2201 733 2201 2202 734 2202 2203 734 2203 2204 734 2204 2205 735 2205 2206 735 2206 2207 735 2207 2208 736 2208 2209 736 2209 2210 736 2210 2211 737 2211 2212 737 2212 2213 737 2213 2214 738 2214 2215 738 2215 2216 738 2216 2217 739 2217 2218 739 2218 2219 739 2219 2220 740 2220 2221 740 2221 2222 740 2222 2223 741 2223 2224 741 2224 2225 741 2225 2226 742 2226 2227 742 2227 2228 742 2228 2229 743 2229 2230 743 2230 2231 743 2231 2232 744 2232 2233 744 2233 2234 744 2234 2235 745 2235 2236 745 2236 2237 745 2237 2238 746 2238 2239 746 2239 2240 746 2240 2241 747 2241 2242 747 2242 2243 747 2243 2244 748 2244 2245 748 2245 2246 748 2246 2247 749 2247 2248 749 2248 2249 749 2249 2250 750 2250 2251 750 2251 2252 750 2252 2253 751 2253 2254 751 2254 2255 751 2255 2256 752 2256 2257 752 2257 2258 752 2258 2259 753 2259 2260 753 2260 2261 753 2261 2262 754 2262 2263 754 2263 2264 754 2264 2265 755 2265 2266 755 2266 2267 755 2267 2268 756 2268 2269 756 2269 2270 756 2270 2271 757 2271 2272 757 2272 2273 757 2273 2274 758 2274 2275 758 2275 2276 758 2276 2277 759 2277 2278 759 2278 2279 759 2279 2280 760 2280 2281 760 2281 2282 760 2282 2283 761 2283 2284 761 2284 2285 761 2285 2286 762 2286 2287 762 2287 2288 762 2288 2289 763 2289 2290 763 2290 2291 763 2291 2292 764 2292 2293 764 2293 2294 764 2294 2295 765 2295 2296 765 2296 2297 765 2297 2298 766 2298 2299 766 2299 2300 766 2300 2301 767 2301 2302 767 2302 2303 767 2303 2304 768 2304 2305 768 2305 2306 768 2306 2307 769 2307 2308 769 2308 2309 769 2309 2310 770 2310 2311 770 2311 2312 770 2312 2313 771 2313 2314 771 2314 2315 771 2315 2316 772 2316 2317 772 2317 2318 772 2318 2319 773 2319 2320 773 2320 2321 773 2321 2322 774 2322 2323 774 2323 2324 774 2324 2325 775 2325 2326 775 2326 2327 775 2327 2328 776 2328 2329 776 2329 2330 776 2330 2331 777 2331 2332 777 2332 2333 777 2333 2334 778 2334 2335 778 2335 2336 778 2336 2337 779 2337 2338 779 2338 2339 779 2339 2340 780 2340 2341 780 2341 2342 780 2342 2343 781 2343 2344 781 2344 2345 781 2345 2346 782 2346 2347 782 2347 2348 782 2348 2349 783 2349 2350 783 2350 2351 783 2351 2352 784 2352 2353 784 2353 2354 784 2354 2355 785 2355 2356 785 2356 2357 785 2357 2358 786 2358 2359 786 2359 2360 786 2360 2361 787 2361 2362 787 2362 2363 787 2363 2364 788 2364 2365 788 2365 2366 788 2366 2367 789 2367 2368 789 2368 2369 789 2369 2370 790 2370 2371 790 2371 2372 790 2372 2373 791 2373 2374 791 2374 2375 791 2375 2376 792 2376 2377 792 2377 2378 792 2378 2379 793 2379 2380 793 2380 2381 793 2381 2382 794 2382 2383 794 2383 2384 794 2384 2385 795 2385 2386 795 2386 2387 795 2387 2388 796 2388 2389 796 2389 2390 796 2390 2391 797 2391 2392 797 2392 2393 797 2393 2394 798 2394 2395 798 2395 2396 798 2396 2397 799 2397 2398 799 2398 2399 799 2399 2400 800 2400 2401 800 2401 2402 800 2402 2403 801 2403 2404 801 2404 2405 801 2405 2406 802 2406 2407 802 2407 2408 802 2408 2409 803 2409 2410 803 2410 2411 803 2411 2412 804 2412 2413 804 2413 2414 804 2414 2415 805 2415 2416 805 2416 2417 805 2417 2418 806 2418 2419 806 2419 2420 806 2420 2421 807 2421 2422 807 2422 2423 807 2423 2424 808 2424 2425 808 2425 2426 808 2426 2427 809 2427 2428 809 2428 2429 809 2429 2430 810 2430 2431 810 2431 2432 810 2432 2433 811 2433 2434 811 2434 2435 811 2435 2436 812 2436 2437 812 2437 2438 812 2438 2439 813 2439 2440 813 2440 2441 813 2441 2442 814 2442 2443 814 2443 2444 814 2444 2445 815 2445 2446 815 2446 2447 815 2447 2448 816 2448 2449 816 2449 2450 816 2450 2451 817 2451 2452 817 2452 2453 817 2453 2454 818 2454 2455 818 2455 2456 818 2456 2457 819 2457 2458 819 2458 2459 819 2459 2460 820 2460 2461 820 2461 2462 820 2462 2463 821 2463 2464 821 2464 2465 821 2465 2466 822 2466 2467 822 2467 2468 822 2468 2469 823 2469 2470 823 2470 2471 823 2471 2472 824 2472 2473 824 2473 2474 824 2474 2475 825 2475 2476 825 2476 2477 825 2477 2478 826 2478 2479 826 2479 2480 826 2480 2481 827 2481 2482 827 2482 2483 827 2483 2484 828 2484 2485 828 2485 2486 828 2486 2487 829 2487 2488 829 2488 2489 829 2489 2490 830 2490 2491 830 2491 2492 830 2492 2493 831 2493 2494 831 2494 2495 831 2495 2496 832 2496 2497 832 2497 2498 832 2498 2499 833 2499 2500 833 2500 2501 833 2501 2502 834 2502 2503 834 2503 2504 834 2504 2505 835 2505 2506 835 2506 2507 835 2507 2508 836 2508 2509 836 2509 2510 836 2510 2511 837 2511 2512 837 2512 2513 837 2513 2514 838 2514 2515 838 2515 2516 838 2516 2517 839 2517 2518 839 2518 2519 839 2519 2520 840 2520 2521 840 2521 2522 840 2522 2523 841 2523 2524 841 2524 2525 841 2525 2526 842 2526 2527 842 2527 2528 842 2528 2529 843 2529 2530 843 2530 2531 843 2531 2532 844 2532 2533 844 2533 2534 844 2534 2535 845 2535 2536 845 2536 2537 845 2537 2538 846 2538 2539 846 2539 2540 846 2540 2541 847 2541 2542 847 2542 2543 847 2543 2544 848 2544 2545 848 2545 2546 848 2546 2547 849 2547 2548 849 2548 2549 849 2549 2550 850 2550 2551 850 2551 2552 850 2552 2553 851 2553 2554 851 2554 2555 851 2555 2556 852 2556 2557 852 2557 2558 852 2558 2559 853 2559 2560 853 2560 2561 853 2561 2562 854 2562 2563 854 2563 2564 854 2564 2565 855 2565 2566 855 2566 2567 855 2567 2568 856 2568 2569 856 2569 2570 856 2570 2571 857 2571 2572 857 2572 2573 857 2573 2574 858 2574 2575 858 2575 2576 858 2576 2577 859 2577 2578 859 2578 2579 859 2579 2580 860 2580 2581 860 2581 2582 860 2582 2583 861 2583 2584 861 2584 2585 861 2585 2586 862 2586 2587 862 2587 2588 862 2588 2589 863 2589 2590 863 2590 2591 863 2591 2592 864 2592 2593 864 2593 2594 864 2594 2595 865 2595 2596 865 2596 2597 865 2597 2598 866 2598 2599 866 2599 2600 866 2600 2601 867 2601 2602 867 2602 2603 867 2603 2604 868 2604 2605 868 2605 2606 868 2606 2607 869 2607 2608 869 2608 2609 869 2609 2610 870 2610 2611 870 2611 2612 870 2612 2613 871 2613 2614 871 2614 2615 871 2615 2616 872 2616 2617 872 2617 2618 872 2618 2619 873 2619 2620 873 2620 2621 873 2621 2622 874 2622 2623 874 2623 2624 874 2624 2625 875 2625 2626 875 2626 2627 875 2627 2628 876 2628 2629 876 2629 2630 876 2630 2631 877 2631 2632 877 2632 2633 877 2633 2634 878 2634 2635 878 2635 2636 878 2636 2637 879 2637 2638 879 2638 2639 879 2639 2640 880 2640 2641 880 2641 2642 880 2642 2643 881 2643 2644 881 2644 2645 881 2645 2646 882 2646 2647 882 2647 2648 882 2648 2649 883 2649 2650 883 2650 2651 883 2651 2652 884 2652 2653 884 2653 2654 884 2654 2655 885 2655 2656 885 2656 2657 885 2657 2658 886 2658 2659 886 2659 2660 886 2660 2661 887 2661 2662 887 2662 2663 887 2663 2664 888 2664 2665 888 2665 2666 888 2666 2667 889 2667 2668 889 2668 2669 889 2669 2670 890 2670 2671 890 2671 2672 890 2672 2673 891 2673 2674 891 2674 2675 891 2675 2676 892 2676 2677 892 2677 2678 892 2678 2679 893 2679 2680 893 2680 2681 893 2681 2682 894 2682 2683 894 2683 2684 894 2684 2685 895 2685 2686 895 2686 2687 895 2687 2688 896 2688 2689 896 2689 2690 896 2690 2691 897 2691 2692 897 2692 2693 897 2693 2694 898 2694 2695 898 2695 2696 898 2696 2697 899 2697 2698 899 2698 2699 899 2699 2700 900 2700 2701 900 2701 2702 900 2702 2703 901 2703 2704 901 2704 2705 901 2705 2706 902 2706 2707 902 2707 2708 902 2708 2709 903 2709 2710 903 2710 2711 903 2711 2712 904 2712 2713 904 2713 2714 904 2714 2715 905 2715 2716 905 2716 2717 905 2717 2718 906 2718 2719 906 2719 2720 906 2720 2721 907 2721 2722 907 2722 2723 907 2723 2724 908 2724 2725 908 2725 2726 908 2726 2727 909 2727 2728 909 2728 2729 909 2729 2730 910 2730 2731 910 2731 2732 910 2732 2733 911 2733 2734 911 2734 2735 911 2735 2736 912 2736 2737 912 2737 2738 912 2738 2739 913 2739 2740 913 2740 2741 913 2741 2742 914 2742 2743 914 2743 2744 914 2744 2745 915 2745 2746 915 2746 2747 915 2747 2748 916 2748 2749 916 2749 2750 916 2750 2751 917 2751 2752 917 2752 2753 917 2753 2754 918 2754 2755 918 2755 2756 918 2756 2757 919 2757 2758 919 2758 2759 919 2759 2760 920 2760 2761 920 2761 2762 920 2762 2763 921 2763 2764 921 2764 2765 921 2765 2766 922 2766 2767 922 2767 2768 922 2768 2769 923 2769 2770 923 2770 2771 923 2771 2772 924 2772 2773 924 2773 2774 924 2774 2775 925 2775 2776 925 2776 2777 925 2777 2778 926 2778 2779 926 2779 2780 926 2780 2781 927 2781 2782 927 2782 2783 927 2783 2784 928 2784 2785 928 2785 2786 928 2786 2787 929 2787 2788 929 2788 2789 929 2789 2790 930 2790 2791 930 2791 2792 930 2792 2793 931 2793 2794 931 2794 2795 931 2795 2796 932 2796 2797 932 2797 2798 932 2798 2799 933 2799 2800 933 2800 2801 933 2801 2802 934 2802 2803 934 2803 2804 934 2804 2805 935 2805 2806 935 2806 2807 935 2807 2808 936 2808 2809 936 2809 2810 936 2810 2811 937 2811 2812 937 2812 2813 937 2813 2814 938 2814 2815 938 2815 2816 938 2816 2817 939 2817 2818 939 2818 2819 939 2819 2820 940 2820 2821 940 2821 2822 940 2822 2823 941 2823 2824 941 2824 2825 941 2825 2826 942 2826 2827 942 2827 2828 942 2828 2829 943 2829 2830 943 2830 2831 943 2831 2832 944 2832 2833 944 2833 2834 944 2834 2835 945 2835 2836 945 2836 2837 945 2837 2838 946 2838 2839 946 2839 2840 946 2840 2841 947 2841 2842 947 2842 2843 947 2843 2844 948 2844 2845 948 2845 2846 948 2846 2847 949 2847 2848 949 2848 2849 949 2849 2850 950 2850 2851 950 2851 2852 950 2852 2853 951 2853 2854 951 2854 2855 951 2855 2856 952 2856 2857 952 2857 2858 952 2858 2859 953 2859 2860 953 2860 2861 953 2861 2862 954 2862 2863 954 2863 2864 954 2864 2865 955 2865 2866 955 2866 2867 955 2867 2868 956 2868 2869 956 2869 2870 956 2870 2871 957 2871 2872 957 2872 2873 957 2873 2874 958 2874 2875 958 2875 2876 958 2876 2877 959 2877 2878 959 2878 2879 959 2879 2880 960 2880 2881 960 2881 2882 960 2882 2883 961 2883 2884 961 2884 2885 961 2885 2886 962 2886 2887 962 2887 2888 962 2888 2889 963 2889 2890 963 2890 2891 963 2891 2892 964 2892 2893 964 2893 2894 964 2894 2895 965 2895 2896 965 2896 2897 965 2897 2898 966 2898 2899 966 2899 2900 966 2900 2901 967 2901 2902 967 2902 2903 967 2903 2904 968 2904 2905 968 2905 2906 968 2906 2907 969 2907 2908 969 2908 2909 969 2909 2910 970 2910 2911 970 2911 2912 970 2912 2913 971 2913 2914 971 2914 2915 971 2915 2916 972 2916 2917 972 2917 2918 972 2918 2919 973 2919 2920 973 2920 2921 973 2921 2922 974 2922 2923 974 2923 2924 974 2924 2925 975 2925 2926 975 2926 2927 975 2927 2928 976 2928 2929 976 2929 2930 976 2930 2931 977 2931 2932 977 2932 2933 977 2933 2934 978 2934 2935 978 2935 2936 978 2936 2937 979 2937 2938 979 2938 2939 979 2939 2940 980 2940 2941 980 2941 2942 980 2942 2943 981 2943 2944 981 2944 2945 981 2945 2946 982 2946 2947 982 2947 2948 982 2948 2949 983 2949 2950 983 2950 2951 983 2951 2952 984 2952 2953 984 2953 2954 984 2954 2955 985 2955 2956 985 2956 2957 985 2957 2958 986 2958 2959 986 2959 2960 986 2960 2961 987 2961 2962 987 2962 2963 987 2963 2964 988 2964 2965 988 2965 2966 988 2966 2967 989 2967 2968 989 2968 2969 989 2969 2970 990 2970 2971 990 2971 2972 990 2972 2973 991 2973 2974 991 2974 2975 991 2975 2976 992 2976 2977 992 2977 2978 992 2978 2979 993 2979 2980 993 2980 2981 993 2981 2982 994 2982 2983 994 2983 2984 994 2984 2985 995 2985 2986 995 2986 2987 995 2987 2988 996 2988 2989 996 2989 2990 996 2990 2991 997 2991 2992 997 2992 2993 997 2993 2994 998 2994 2995 998 2995 2996 998 2996 2997 999 2997 2998 999 2998 2999 999 2999 3000 1000 3000 3001 1000 3001 3002 1000 3002 3003 1001 3003 3004 1001 3004 3005 1001 3005 3006 1002 3006 3007 1002 3007 3008 1002 3008 3009 1003 3009 3010 1003 3010 3011 1003 3011 3012 1004 3012 3013 1004 3013 3014 1004 3014 3015 1005 3015 3016 1005 3016 3017 1005 3017 3018 1006 3018 3019 1006 3019 3020 1006 3020 3021 1007 3021 3022 1007 3022 3023 1007 3023 3024 1008 3024 3025 1008 3025 3026 1008 3026 3027 1009 3027 3028 1009 3028 3029 1009 3029 3030 1010 3030 3031 1010 3031 3032 1010 3032 3033 1011 3033 3034 1011 3034 3035 1011 3035 3036 1012 3036 3037 1012 3037 3038 1012 3038 3039 1013 3039 3040 1013 3040 3041 1013 3041 3042 1014 3042 3043 1014 3043 3044 1014 3044 3045 1015 3045 3046 1015 3046 3047 1015 3047 3048 1016 3048 3049 1016 3049 3050 1016 3050 3051 1017 3051 3052 1017 3052 3053 1017 3053 3054 1018 3054 3055 1018 3055 3056 1018 3056 3057 1019 3057 3058 1019 3058 3059 1019 3059 3060 1020 3060 3061 1020 3061 3062 1020 3062 3063 1021 3063 3064 1021 3064 3065 1021 3065 3066 1022 3066 3067 1022 3067 3068 1022 3068 3069 1023 3069 3070 1023 3070 3071 1023 3071 3072 1024 3072 3073 1024 3073 3074 1024 3074 3075 1025 3075 3076 1025 3076 3077 1025 3077 3078 1026 3078 3079 1026 3079 3080 1026 3080 3081 1027 3081 3082 1027 3082 3083 1027 3083 3084 1028 3084 3085 1028 3085 3086 1028 3086 3087 1029 3087 3088 1029 3088 3089 1029 3089 3090 1030 3090 3091 1030 3091 3092 1030 3092 3093 1031 3093 3094 1031 3094 3095 1031 3095 3096 1032 3096 3097 1032 3097 3098 1032 3098 3099 1033 3099 3100 1033 3100 3101 1033 3101 3102 1034 3102 3103 1034 3103 3104 1034 3104 3105 1035 3105 3106 1035 3106 3107 1035 3107 3108 1036 3108 3109 1036 3109 3110 1036 3110 3111 1037 3111 3112 1037 3112 3113 1037 3113 3114 1038 3114 3115 1038 3115 3116 1038 3116 3117 1039 3117 3118 1039 3118 3119 1039 3119 3120 1040 3120 3121 1040 3121 3122 1040 3122 3123 1041 3123 3124 1041 3124 3125 1041 3125 3126 1042 3126 3127 1042 3127 3128 1042 3128 3129 1043 3129 3130 1043 3130 3131 1043 3131 3132 1044 3132 3133 1044 3133 3134 1044 3134 3135 1045 3135 3136 1045 3136 3137 1045 3137 3138 1046 3138 3139 1046 3139 3140 1046 3140 3141 1047 3141 3142 1047 3142 3143 1047 3143 3144 1048 3144 3145 1048 3145 3146 1048 3146 3147 1049 3147 3148 1049 3148 3149 1049 3149 3150 1050 3150 3151 1050 3151 3152 1050 3152 3153 1051 3153 3154 1051 3154 3155 1051 3155 3156 1052 3156 3157 1052 3157 3158 1052 3158 3159 1053 3159 3160 1053 3160 3161 1053 3161 3162 1054 3162 3163 1054 3163 3164 1054 3164 3165 1055 3165 3166 1055 3166 3167 1055 3167 3168 1056 3168 3169 1056 3169 3170 1056 3170 3171 1057 3171 3172 1057 3172 3173 1057 3173 3174 1058 3174 3175 1058 3175 3176 1058 3176 3177 1059 3177 3178 1059 3178 3179 1059 3179 3180 1060 3180 3181 1060 3181 3182 1060 3182 3183 1061 3183 3184 1061 3184 3185 1061 3185 3186 1062 3186 3187 1062 3187 3188 1062 3188 3189 1063 3189 3190 1063 3190 3191 1063 3191 3192 1064 3192 3193 1064 3193 3194 1064 3194 3195 1065 3195 3196 1065 3196 3197 1065 3197 3198 1066 3198 3199 1066 3199 3200 1066 3200 3201 1067 3201 3202 1067 3202 3203 1067 3203 3204 1068 3204 3205 1068 3205 3206 1068 3206 3207 1069 3207 3208 1069 3208 3209 1069 3209 3210 1070 3210 3211 1070 3211 3212 1070 3212 3213 1071 3213 3214 1071 3214 3215 1071 3215 3216 1072 3216 3217 1072 3217 3218 1072 3218 3219 1073 3219 3220 1073 3220 3221 1073 3221 3222 1074 3222 3223 1074 3223 3224 1074 3224 3225 1075 3225 3226 1075 3226 3227 1075 3227 3228 1076 3228 3229 1076 3229 3230 1076 3230 3231 1077 3231 3232 1077 3232 3233 1077 3233 3234 1078 3234 3235 1078 3235 3236 1078 3236 3237 1079 3237 3238 1079 3238 3239 1079 3239 3240 1080 3240 3241 1080 3241 3242 1080 3242 3243 1081 3243 3244 1081 3244 3245 1081 3245 3246 1082 3246 3247 1082 3247 3248 1082 3248 3249 1083 3249 3250 1083 3250 3251 1083 3251 3252 1084 3252 3253 1084 3253 3254 1084 3254 3255 1085 3255 3256 1085 3256 3257 1085 3257 3258 1086 3258 3259 1086 3259 3260 1086 3260 3261 1087 3261 3262 1087 3262 3263 1087 3263 3264 1088 3264 3265 1088 3265 3266 1088 3266 3267 1089 3267 3268 1089 3268 3269 1089 3269 3270 1090 3270 3271 1090 3271 3272 1090 3272 3273 1091 3273 3274 1091 3274 3275 1091 3275 3276 1092 3276 3277 1092 3277 3278 1092 3278 3279 1093 3279 3280 1093 3280 3281 1093 3281 3282 1094 3282 3283 1094 3283 3284 1094 3284 3285 1095 3285 3286 1095 3286 3287 1095 3287 3288 1096 3288 3289 1096 3289 3290 1096 3290 3291 1097 3291 3292 1097 3292 3293 1097 3293 3294 1098 3294 3295 1098 3295 3296 1098 3296 3297 1099 3297 3298 1099 3298 3299 1099 3299 3300 1100 3300 3301 1100 3301 3302 1100 3302 3303 1101 3303 3304 1101 3304 3305 1101 3305 3306 1102 3306 3307 1102 3307 3308 1102 3308 3309 1103 3309 3310 1103 3310 3311 1103 3311 3312 1104 3312 3313 1104 3313 3314 1104 3314 3315 1105 3315 3316 1105 3316 3317 1105 3317 3318 1106 3318 3319 1106 3319 3320 1106 3320 3321 1107 3321 3322 1107 3322 3323 1107 3323 3324 1108 3324 3325 1108 3325 3326 1108 3326 3327 1109 3327 3328 1109 3328 3329 1109 3329 3330 1110 3330 3331 1110 3331 3332 1110 3332 3333 1111 3333 3334 1111 3334 3335 1111 3335 3336 1112 3336 3337 1112 3337 3338 1112 3338 3339 1113 3339 3340 1113 3340 3341 1113 3341 3342 1114 3342 3343 1114 3343 3344 1114 3344 3345 1115 3345 3346 1115 3346 3347 1115 3347 3348 1116 3348 3349 1116 3349 3350 1116 3350 3351 1117 3351 3352 1117 3352 3353 1117 3353 3354 1118 3354 3355 1118 3355 3356 1118 3356 3357 1119 3357 3358 1119 3358 3359 1119 3359 3360 1120 3360 3361 1120 3361 3362 1120 3362 3363 1121 3363 3364 1121 3364 3365 1121 3365 3366 1122 3366 3367 1122 3367 3368 1122 3368 3369 1123 3369 3370 1123 3370 3371 1123 3371 3372 1124 3372 3373 1124 3373 3374 1124 3374 3375 1125 3375 3376 1125 3376 3377 1125 3377 3378 1126 3378 3379 1126 3379 3380 1126 3380 3381 1127 3381 3382 1127 3382 3383 1127 3383 3384 1128 3384 3385 1128 3385 3386 1128 3386 3387 1129 3387 3388 1129 3388 3389 1129 3389 3390 1130 3390 3391 1130 3391 3392 1130 3392 3393 1131 3393 3394 1131 3394 3395 1131 3395 3396 1132 3396 3397 1132 3397 3398 1132 3398 3399 1133 3399 3400 1133 3400 3401 1133 3401 3402 1134 3402 3403 1134 3403 3404 1134 3404 3405 1135 3405 3406 1135 3406 3407 1135 3407 3408 1136 3408 3409 1136 3409 3410 1136 3410 3411 1137 3411 3412 1137 3412 3413 1137 3413 3414 1138 3414 3415 1138 3415 3416 1138 3416 3417 1139 3417 3418 1139 3418 3419 1139 3419 3420 1140 3420 3421 1140 3421 3422 1140 3422 3423 1141 3423 3424 1141 3424 3425 1141 3425 3426 1142 3426 3427 1142 3427 3428 1142 3428 3429 1143 3429 3430 1143 3430 3431 1143 3431 3432 1144 3432 3433 1144 3433 3434 1144 3434 3435 1145 3435 3436 1145 3436 3437 1145 3437 3438 1146 3438 3439 1146 3439 3440 1146 3440 3441 1147 3441 3442 1147 3442 3443 1147 3443 3444 1148 3444 3445 1148 3445 3446 1148 3446 3447 1149 3447 3448 1149 3448 3449 1149 3449 3450 1150 3450 3451 1150 3451 3452 1150 3452 3453 1151 3453 3454 1151 3454 3455 1151 3455 3456 1152 3456 3457 1152 3457 3458 1152 3458 3459 1153 3459 3460 1153 3460 3461 1153 3461 3462 1154 3462 3463 1154 3463 3464 1154 3464 3465 1155 3465 3466 1155 3466 3467 1155 3467 3468 1156 3468 3469 1156 3469 3470 1156 3470 3471 1157 3471 3472 1157 3472 3473 1157 3473 3474 1158 3474 3475 1158 3475 3476 1158 3476 3477 1159 3477 3478 1159 3478 3479 1159 3479 3480 1160 3480 3481 1160 3481 3482 1160 3482 3483 1161 3483 3484 1161 3484 3485 1161 3485 3486 1162 3486 3487 1162 3487 3488 1162 3488 3489 1163 3489 3490 1163 3490 3491 1163 3491 3492 1164 3492 3493 1164 3493 3494 1164 3494 3495 1165 3495 3496 1165 3496 3497 1165 3497 3498 1166 3498 3499 1166 3499 3500 1166 3500 3501 1167 3501 3502 1167 3502 3503 1167 3503 3504 1168 3504 3505 1168 3505 3506 1168 3506 3507 1169 3507 3508 1169 3508 3509 1169 3509 3510 1170 3510 3511 1170 3511 3512 1170 3512 3513 1171 3513 3514 1171 3514 3515 1171 3515 3516 1172 3516 3517 1172 3517 3518 1172 3518 3519 1173 3519 3520 1173 3520 3521 1173 3521 3522 1174 3522 3523 1174 3523 3524 1174 3524 3525 1175 3525 3526 1175 3526 3527 1175 3527 3528 1176 3528 3529 1176 3529 3530 1176 3530 3531 1177 3531 3532 1177 3532 3533 1177 3533 3534 1178 3534 3535 1178 3535 3536 1178 3536 3537 1179 3537 3538 1179 3538 3539 1179 3539 3540 1180 3540 3541 1180 3541 3542 1180 3542 3543 1181 3543 3544 1181 3544 3545 1181 3545 3546 1182 3546 3547 1182 3547 3548 1182 3548 3549 1183 3549 3550 1183 3550 3551 1183 3551 3552 1184 3552 3553 1184 3553 3554 1184 3554 3555 1185 3555 3556 1185 3556 3557 1185 3557 3558 1186 3558 3559 1186 3559 3560 1186 3560 3561 1187 3561 3562 1187 3562 3563 1187 3563 3564 1188 3564 3565 1188 3565 3566 1188 3566 3567 1189 3567 3568 1189 3568 3569 1189 3569 3570 1190 3570 3571 1190 3571 3572 1190 3572 3573 1191 3573 3574 1191 3574 3575 1191 3575 3576 1192 3576 3577 1192 3577 3578 1192 3578 3579 1193 3579 3580 1193 3580 3581 1193 3581 3582 1194 3582 3583 1194 3583 3584 1194 3584 3585 1195 3585 3586 1195 3586 3587 1195 3587 3588 1196 3588 3589 1196 3589 3590 1196 3590 3591 1197 3591 3592 1197 3592 3593 1197 3593 3594 1198 3594 3595 1198 3595 3596 1198 3596 3597 1199 3597 3598 1199 3598 3599 1199 3599 3600 1200 3600 3601 1200 3601 3602 1200 3602 3603 1201 3603 3604 1201 3604 3605 1201 3605 3606 1202 3606 3607 1202 3607 3608 1202 3608 3609 1203 3609 3610 1203 3610 3611 1203 3611 3612 1204 3612 3613 1204 3613 3614 1204 3614 3615 1205 3615 3616 1205 3616 3617 1205 3617 3618 1206 3618 3619 1206 3619 3620 1206 3620 3621 1207 3621 3622 1207 3622 3623 1207 3623 3624 1208 3624 3625 1208 3625 3626 1208 3626 3627 1209 3627 3628 1209 3628 3629 1209 3629 3630 1210 3630 3631 1210 3631 3632 1210 3632 3633 1211 3633 3634 1211 3634 3635 1211 3635 3636 1212 3636 3637 1212 3637 3638 1212 3638 3636 1213 3639 3638 1213 3640 3639 1213 3641 3640 1214 3642 3641 1214 3643 3642 1214 3644 3643 1215 3645 3644 1215 3646 3645 1215 3647 3646 1216 3648 3647 1216 3649 3648 1216 3650 3649 1217 3651 3650 1217 3652 3651 1217 3653 3652 1218 3654 3653 1218 3655 3654 1218 3656 3655 1219 3657 3656 1219 3658 3657 1219 3659 3658 1220 3660 3659 1220 3661 3660 1220 3662 3661 1221 3663 3662 1221 3664 3663 1221 3665 3664 1222 3666 3665 1222 3667 3666 1222 3668 3667 1223 3669 3668 1223 3670 3669 1223 3671 3670 1224 3672 3671 1224 3673 3672 1224 3674 3673 1225 3675 3674 1225 3676 3675 1225 3677 3676 1226 3678 3677 1226 3679 3678 1226 3680 3679 1227 3681 3680 1227 3682 3681 1227 3683 3682 1228 3684 3683 1228 3685 3684 1228 3686 3685 1229 3687 3686 1229 3688 3687 1229 3689 3688 1230 3690 3689 1230 3691 3690 1230 3692 3691 1231 3693 3692 1231 3694 3693 1231 3695 3694 1232 3696 3695 1232 3697 3696 1232 3698 3697 1233 3699 3698 1233 3700 3699 1233 3701 3700 1234 3702 3701 1234 3703 3702 1234 3704 3703 1235 3705 3704 1235 3706 3705 1235 3707 3706 1236 3708 3707 1236 3709 3708 1236 3710 3709 1237 3711 3710 1237 3712 3711 1237 3713 3712 1238 3714 3713 1238 3715 3714 1238 3716 3715 1239 3717 3716 1239 3718 3717 1239 3719 3718 1240 3720 3719 1240 3721 3720 1240 3722 3721 1241 3723 3722 1241 3724 3723 1241 3725 3724 1242 3726 3725 1242 3727 3726 1242 3728 3727 1243 3729 3728 1243 3730 3729 1243 3731 3730 1244 3732 3731 1244 3733 3732 1244 3734 3733 1245 3735 3734 1245 3736 3735 1245 3737 3736 1246 3738 3737 1246 3739 3738 1246 3740 3739 1247 3741 3740 1247 3742 3741 1247 3743 3742 1248 3744 3743 1248 3745 3744 1248 3746 3745 1249 3747 3746 1249 3748 3747 1249 3749 3748 1250 3750 3749 1250 3751 3750 1250 3752 3751 1251 3753 3752 1251 3754 3753 1251 3755 3754 1252 3756 3755 1252 3757 3756 1252 3758 3757 1253 3759 3758 1253 3760 3759 1253 3761 3760 1254 3762 3761 1254 3763 3762 1254 3764 3763 1255 3765 3764 1255 3766 3765 1255 3767 3766 1256 3768 3767 1256 3769 3768 1256 3770 3769 1257 3771 3770 1257 3772 3771 1257 3773 3772 1258 3774 3773 1258 3775 3774 1258 3776 3775 1259 3777 3776 1259 3778 3777 1259 3779 3778 1260 3780 3779 1260 3781 3780 1260 3782 3781 1261 3783 3782 1261 3784 3783 1261 3785 3784 1262 3786 3785 1262 3787 3786 1262 3788 3787 1263 3789 3788 1263 3790 3789 1263 3791 3790 1264 3792 3791 1264 3793 3792 1264 3794 3793 1265 3795 3794 1265 3796 3795 1265 3797 3796 1266 3798 3797 1266 3799 3798 1266 3800 3799 1267 3801 3800 1267 3802 3801 1267 3803 3802 1268 3804 3803 1268 3805 3804 1268 3806 3805 1269 3807 3806 1269 3808 3807 1269 3809 3808 1270 3810 3809 1270 3811 3810 1270 3812 3811 1271 3813 3812 1271 3814 3813 1271 3815 3814 1272 3816 3815 1272 3817 3816 1272 3818 3817 1273 3819 3818 1273 3820 3819 1273 3821 3820 1274 3822 3821 1274 3823 3822 1274 3824 3823 1275 3825 3824 1275 3826 3825 1275 3827 3826 1276 3828 3827 1276 3829 3828 1276 3830 3829 1277 3831 3830 1277 3832 3831 1277 3833 3832 1278 3834 3833 1278 3835 3834 1278 3836 3835 1279 3837 3836 1279 3838 3837 1279 3839 3838 1280 3840 3839 1280 3841 3840 1280 3842 3841 1281 3843 3842 1281 3844 3843 1281 3845 3844 1282 3846 3845 1282 3847 3846 1282 3848 3847 1283 3849 3848 1283 3850 3849 1283 3851 3850 1284 3852 3851 1284 3853 3852 1284 3854 3853 1285 3855 3854 1285 3856 3855 1285 3857 3856 1286 3858 3857 1286 3859 3858 1286 3860 3859 1287 3861 3860 1287 3862 3861 1287 3863 3862 1288 3864 3863 1288 3865 3864 1288 3866 3865 1289 3867 3866 1289 3868 3867 1289 3869 3868 1290 3870 3869 1290 3871 3870 1290 3872 3871 1291 3873 3872 1291 3874 3873 1291 3875 3874 1292 3876 3875 1292 3877 3876 1292 3878 3877 1293 3879 3878 1293 3880 3879 1293 3881 3880 1294 3882 3881 1294 3883 3882 1294 3884 3883 1295 3885 3884 1295 3886 3885 1295 3887 3886 1296 3888 3887 1296 3889 3888 1296 3890 3889 1297 3891 3890 1297 3892 3891 1297 3893 3892 1298 3894 3893 1298 3895 3894 1298 3896 3895 1299 3897 3896 1299 3898 3897 1299 3899 3898 1300 3900 3899 1300 3901 3900 1300 3902 3901 1301 3903 3902 1301 3904 3903 1301 3905 3904 1302 3906 3905 1302 3907 3906 1302 3908 3907 1303 3909 3908 1303 3910 3909 1303 3911 3910 1304 3912 3911 1304 3913 3912 1304 3914 3913 1305 3915 3914 1305 3916 3915 1305 3917 3916 1306 3918 3917 1306 3919 3918 1306 3920 3919 1307 3921 3920 1307 3922 3921 1307 3923 3922 1308 3924 3923 1308 3925 3924 1308 3926 3925 1309 3927 3926 1309 3928 3927 1309 3929 3928 1310 3930 3929 1310 3931 3930 1310 3932 3931 1311 3933 3932 1311 3934 3933 1311 3935 3934 1312 3936 3935 1312 3937 3936 1312 3938 3937 1313 3939 3938 1313 3940 3939 1313 3941 3940 1314 3942 3941 1314 3943 3942 1314 3944 3943 1315 3945 3944 1315 3946 3945 1315 3947 3946 1316 3948 3947 1316 3949 3948 1316 3950 3949 1317 3951 3950 1317 3952 3951 1317 3953 3952 1318 3954 3953 1318 3955 3954 1318 3956 3955 1319 3957 3956 1319 3958 3957 1319 3959 3958 1320 3960 3959 1320 3961 3960 1320 3962 3961 1321 3963 3962 1321 3964 3963 1321 3965 3964 1322 3966 3965 1322 3967 3966 1322 3968 3967 1323 3969 3968 1323 3970 3969 1323 3971 3970 1324 3972 3971 1324 3973 3972 1324 3974 3973 1325 3975 3974 1325 3976 3975 1325 3977 3976 1326 3978 3977 1326 3979 3978 1326 3980 3979 1327 3981 3980 1327 3982 3981 1327 3983 3982 1328 3984 3983 1328 3985 3984 1328 3986 3985 1329 3987 3986 1329 3988 3987 1329 3989 3988 1330 3990 3989 1330 3991 3990 1330 3992 3991 1331 3993 3992 1331 3994 3993 1331 3995 3994 1332 3996 3995 1332 3997 3996 1332 3998 3997 1333 3999 3998 1333 4000 3999 1333 4001 4000 1334 4002 4001 1334 4003 4002 1334 4004 4003 1335 4005 4004 1335 4006 4005 1335 4007 4006 1336 4008 4007 1336 4009 4008 1336 4010 4009 1337 4011 4010 1337 4012 4011 1337 4013 4012 1338 4014 4013 1338 4015 4014 1338 4016 4015 1339 4017 4016 1339 4018 4017 1339 4019 4018 1340 4020 4019 1340 4021 4020 1340 4022 4021 1341 4023 4022 1341 4024 4023 1341 4025 4024 1342 4026 4025 1342 4027 4026 1342 4028 4027 1343 4029 4028 1343 4030 4029 1343 4031 4030 1344 4032 4031 1344 4033 4032 1344 4034 4033 1345 4035 4034 1345 4036 4035 1345 4037 4036 1346 4038 4037 1346 4039 4038 1346 4040 4039 1347 4041 4040 1347 4042 4041 1347 4043 4042 1348 4044 4043 1348 4045 4044 1348 4046 4045 1349 4047 4046 1349 4048 4047 1349 4049 4048 1350 4050 4049 1350 4051 4050 1350 4052 4051 1351 4053 4052 1351 4054 4053 1351 4055 4054 1352 4056 4055 1352 4057 4056 1352 4058 4057 1353 4059 4058 1353 4060 4059 1353 4061 4060 1354 4062 4061 1354 4063 4062 1354 4064 4063 1355 4065 4064 1355 4066 4065 1355 4067 4066 1356 4068 4067 1356 4069 4068 1356 4070 4069 1357 4071 4070 1357 4072 4071 1357 4073 4072 1358 4074 4073 1358 4075 4074 1358 4076 4075 1359 4077 4076 1359 4078 4077 1359 4079 4078 1360 4080 4079 1360 4081 4080 1360 4082 4081 1361 4083 4082 1361 4084 4083 1361 4085 4084 1362 4086 4085 1362 4087 4086 1362 4088 4087 1363 4089 4088 1363 4090 4089 1363 4091 4090 1364 4092 4091 1364 4093 4092 1364 4094 4093 1365 4095 4094 1365 4096 4095 1365 4097 4096 1366 4098 4097 1366 4099 4098 1366 4100 4099 1367 4101 4100 1367 4102 4101 1367 4103 4102 1368 4104 4103 1368 4105 4104 1368 4106 4105 1369 4107 4106 1369 4108 4107 1369 4109 4108 1370 4110 4109 1370 4111 4110 1370 4112 4111 1371 4113 4112 1371 4114 4113 1371 4115 4114 1372 4116 4115 1372 4117 4116 1372 4118 4117 1373 4119 4118 1373 4120 4119 1373 4121 4120 1374 4122 4121 1374 4123 4122 1374 4124 4123 1375 4125 4124 1375 4126 4125 1375 4127 4126 1376 4128 4127 1376 4129 4128 1376 4130 4129 1377 4131 4130 1377 4132 4131 1377 4133 4132 1378 4134 4133 1378 4135 4134 1378 4136 4135 1379 4137 4136 1379 4138 4137 1379 4139 4138 1380 4140 4139 1380 4141 4140 1380 4142 4141 1381 4143 4142 1381 4144 4143 1381 4145 4144 1382 4146 4145 1382 4147 4146 1382 4148 4147 1383 4149 4148 1383 4150 4149 1383 4151 4150 1384 4152 4151 1384 4153 4152 1384 4154 4153 1385 4155 4154 1385 4156 4155 1385 4157 4156 1386 4158 4157 1386 4159 4158 1386 4160 4159 1387 4161 4160 1387 4162 4161 1387 4163 4162 1388 4164 4163 1388 4165 4164 1388 4166 4165 1389 4167 4166 1389 4168 4167 1389 4169 4168 1390 4170 4169 1390 4171 4170 1390 4172 4171 1391 4173 4172 1391 4174 4173 1391 4175 4174 1392 4176 4175 1392 4177 4176 1392 4178 4177 1393 4179 4178 1393 4180 4179 1393 4181 4180 1394 4182 4181 1394 4183 4182 1394 4184 4183 1395 4185 4184 1395 4186 4185 1395 4187 4186 1396 4188 4187 1396 4189 4188 1396 4190 4189 1397 4191 4190 1397 4192 4191 1397 4193 4192 1398 4194 4193 1398 4195 4194 1398 4196 4195 1399 4197 4196 1399 4198 4197 1399 4199 4198 1400 4200 4199 1400 4201 4200 1400 4202 4201 1401 4203 4202 1401 4204 4203 1401 4205 4204 1402 4206 4205 1402 4207 4206 1402 4208 4207 1403 4209 4208 1403 4210 4209 1403 4211 4210 1404 4212 4211 1404 4213 4212 1404 4214 4213 1405 4215 4214 1405 4216 4215 1405 4217 4216 1406 4218 4217 1406 4219 4218 1406 4220 4219 1407 4221 4220 1407 4222 4221 1407 4223 4222 1408 4224 4223 1408 4225 4224 1408 4226 4225 1409 4227 4226 1409 4228 4227 1409 4229 4228 1410 4230 4229 1410 4231 4230 1410 4232 4231 1411 4233 4232 1411 4234 4233 1411 4235 4234 1412 4236 4235 1412 4237 4236 1412 4238 4237 1413 4239 4238 1413 4240 4239 1413 4241 4240 1414 4242 4241 1414 4243 4242 1414 4244 4243 1415 4245 4244 1415 4246 4245 1415 4247 4246 1416 4248 4247 1416 4249 4248 1416 4250 4249 1417 4251 4250 1417 4252 4251 1417 4253 4252 1418 4254 4253 1418 4255 4254 1418 4256 4255 1419 4257 4256 1419 4258 4257 1419 4259 4258 1420 4260 4259 1420 4261 4260 1420 4262 4261 1421 4263 4262 1421 4264 4263 1421 4265 4264 1422 4266 4265 1422 4267 4266 1422 4268 4267 1423 4269 4268 1423 4270 4269 1423 4271 4270 1424 4272 4271 1424 4273 4272 1424 4274 4273 1425 4275 4274 1425 4276 4275 1425 4277 4276 1426 4278 4277 1426 4279 4278 1426 4280 4279 1427 4281 4280 1427 4282 4281 1427 4283 4282 1428 4284 4283 1428 4285 4284 1428 4286 4285 1429 4287 4286 1429 4288 4287 1429 4289 4288 1430 4290 4289 1430 4291 4290 1430 4292 4291 1431 4293 4292 1431 4294 4293 1431 4295 4294 1432 4296 4295 1432 4297 4296 1432 4298 4297 1433 4299 4298 1433 4300 4299 1433 4301 4300 1434 4302 4301 1434 4303 4302 1434 4304 4303 1435 4305 4304 1435 4306 4305 1435 4307 4306 1436 4308 4307 1436 4309 4308 1436 4310 4309 1437 4311 4310 1437 4312 4311 1437 4313 4312 1438 4314 4313 1438 4315 4314 1438 4316 4315 1439 4317 4316 1439 4318 4317 1439 4319 4318 1440 4320 4319 1440 4321 4320 1440 4322 4321 1441 4323 4322 1441 4324 4323 1441 4325 4324 1442 4326 4325 1442 4327 4326 1442 4328 4327 1443 4329 4328 1443 4330 4329 1443 4331 4330 1444 4332 4331 1444 4333 4332 1444 4334 4333 1445 4335 4334 1445 4336 4335 1445 4337 4336 1446 4338 4337 1446 4339 4338 1446 4340 4339 1447 4341 4340 1447 4342 4341 1447 4343 4342 1448 4344 4343 1448 4345 4344 1448 4346 4345 1449 4347 4346 1449 4348 4347 1449 4349 4348 1450 4350 4349 1450 4351 4350 1450 4352 4351 1451 4353 4352 1451 4354 4353 1451 4355 4354 1452 4356 4355 1452 4357 4356 1452 4358 4357 1453 4359 4358 1453 4360 4359 1453 4361 4360 1454 4362 4361 1454 4363 4362 1454 4364 4363 1455 4365 4364 1455 4366 4365 1455 4367 4366 1456 4368 4367 1456 4369 4368 1456 4370 4369 1457 4371 4370 1457 4372 4371 1457 4373 4372 1458 4374 4373 1458 4375 4374 1458 4376 4375 1459 4377 4376 1459 4378 4377 1459 4379 4378 1460 4380 4379 1460 4381 4380 1460 4382 4381 1461 4383 4382 1461 4384 4383 1461 4385 4384 1462 4386 4385 1462 4387 4386 1462 4388 4387 1463 4389 4388 1463 4390 4389 1463 4391 4390 1464 4392 4391 1464 4393 4392 1464 4394 4393 1465 4395 4394 1465 4396 4395 1465 4397 4396 1466 4398 4397 1466 4399 4398 1466 4400 4399 1467 4401 4400 1467 4402 4401 1467 4403 4402 1468 4404 4403 1468 4405 4404 1468 4406 4405 1469 4407 4406 1469 4408 4407 1469 4409 4408 1470 4410 4409 1470 4411 4410 1470 4412 4411 1471 4413 4412 1471 4414 4413 1471 4415 4414 1472 4416 4415 1472 4417 4416 1472 4418 4417 1473 4419 4418 1473 4420 4419 1473 4421 4420 1474 4422 4421 1474 4423 4422 1474 4424 4423 1475 4425 4424 1475 4426 4425 1475 4427 4426 1476 4428 4427 1476 4429 4428 1476 4430 4429 1477 4431 4430 1477 4432 4431 1477 4433 4432 1478 4434 4433 1478 4435 4434 1478 4436 4435 1479 4437 4436 1479 4438 4437 1479 4439 4438 1480 4440 4439 1480 4441 4440 1480 4442 4441 1481 4443 4442 1481 4444 4443 1481 4445 4444 1482 4446 4445 1482 4447 4446 1482 4448 4447 1483 4449 4448 1483 4450 4449 1483 4451 4450 1484 4452 4451 1484 4453 4452 1484 4454 4453 1485 4455 4454 1485 4456 4455 1485 4457 4456 1486 4458 4457 1486 4459 4458 1486 4460 4459 1487 4461 4460 1487 4462 4461 1487 4463 4462 1488 4464 4463 1488 4465 4464 1488 4466 4465 1489 4467 4466 1489 4468 4467 1489 4469 4468 1490 4470 4469 1490 4471 4470 1490 4472 4471 1491 4473 4472 1491 4474 4473 1491 4475 4474 1492 4476 4475 1492 4477 4476 1492 4478 4477 1493 4479 4478 1493 4480 4479 1493 4481 4480 1494 4482 4481 1494 4483 4482 1494 4484 4483 1495 4485 4484 1495 4486 4485 1495 4487 4486 1496 4488 4487 1496 4489 4488 1496 4490 4489 1497 4491 4490 1497 4492 4491 1497 4493 4492 1498 4494 4493 1498 4495 4494 1498 4496 4495 1499 4497 4496 1499 4498 4497 1499 4499</p>
        </polylist>
      </mesh>
    </geometry>
  </library_geometries>
  <library_visual_scenes>
    <visual_scene id="Scene" name="Scene">
      <node id="YellowLichen" name="YellowLichen" type="NODE">
        <scale sid="scale">1 1 1</scale>
        <translate sid="location">0 0 0</translate>
        <rotate sid="rotationX">1 0 0 0</rotate>
        <rotate sid="rotationY">0 1 0 90</rotate>
        <rotate sid="rotationZ">0 0 1 0</rotate>
        <instance_geometry url="#YellowLichen-mesh" name="YellowLichen">
          <bind_material>
            <technique_common>
            </technique_common>
          </bind_material>
        </instance_geometry>
      </node>
    </visual_scene>
  </library_visual_scenes>
  <scene>
    <instance_visual_scene url="#Scene"/>
  </scene>
</COLLADA>
